# Format: McCode with text headers
# URL: http://www.mccode.org
# Creator:  3.6.14, git
# Instrument: FullInstrument_v5_working.instr
# Ncount: 12500000
# Trace: no
# Gravitation: no
# Seed: 1780316192336954
# Directory: FullInstrument_v5_working_20260601_135958/4
# Nodes: 8
# Param: SourceE=3.2
# Param: DeltaSourceE=0.2
# Param: EI=3.2
# Param: A3=0
# Param: A4=-45
# Param: SAMPLE=0
# Param: RV_mono_Bool=1
# Param: RH_mono_Bool=1
# Param: Lv=1.872
# Param: Lh=1.34
# Param: monoShieldingWidth=0.062
# Param: monoShieldingHeight=0.14
# Param: monoShieldingDistance=0.235
# Param: MonoShielding=1
# Param: Be_filter=1
# Param: sampleHeight=0.01
# Param: sampleRadius=0.01
# Param: sampleThickness=0.0025
# Param: samplePosY=0
# Param: sampleFluxDiagnosticXWidth=0.08
# Param: sampleFluxDiagnosticYHeight=0.08
# Date: Mon Jun  1 14:20:52 2026 (1780316452)
# type: array_2d(100, 100)
# Source: PSI_CAMEA (FullInstrument_v5_working.instr)
# component: SlitMonitor
# position: 1.48641 0 36.9683
# title: PSD monitor
# Ncount: 100000000
# filename: SlitMonitor.dat
# statistics: X0=0.00686539; dX=0.83622; Y0=0.000915094; dY=0.84507;
# signal: Min=0; Max=7938.28; Mean=3405.97;
# values: 3.40597e+07 20944.9 3.0932e+06
# xvar: X 
# yvar: Y 
# xlabel: X position [cm]
# ylabel: Y position [cm]
# zvar: I
# zlabel: Signal per bin
# xylimits: -2 2 -2 2
# variables: I I_err N
# Data [SlitMonitor/SlitMonitor.dat] I:
0 0 0 0 0 0 0 0 0 0 0 0 0 0 0 0 0 0 0 0 0 0 0 0 0 0 0 0 0 0 0 0 0 0 0 0 0 0 0 0 0 0 0 0 0 0 0 0 0 0 0 0 0 0 0 0 0 0 0 0 0 0 0 0 0 0 0 0 0 0 0 0 0 0 0 0 0 0 0 0 0 0 0 0 0 0 0 0 0 0 0 0 0 0 0 0 0 0 0 0 
0 0 0 0 0 0 0 0 0 0 0 0 0 0 0 0 0 0 0 0 0 0 0 0 0 0 0 0 0 0 0 0 0 0 0 0 0 0 0 0 0 0 0 0 0 0 0 0 0 0 0 0 0 0 0 0 0 0 0 0 0 0 0 0 0 0 0 0 0 0 0 0 0 0 0 0 0 0 0 0 0 0 0 0 0 0 0 0 0 0 0 0 0 0 0 0 0 0 0 0 
0 0 0 0 0 0 0 0 0 0 0 0 0 0 0 0 0 0 0 0 0 0 0 0 0 0 0 0 0 0 0 0 0 0 0 0 0 0 0 0 0 0 0 0 0 0 0 0 0 0 0 0 0 0 0 0 0 0 0 0 0 0 0 0 0 0 0 0 0 0 0 0 0 0 0 0 0 0 0 0 0 0 0 0 0 0 0 0 0 0 0 0 0 0 0 0 0 0 0 0 
0 0 0 0 0 0 0 0 0 0 0 0 0 0 0 0 0 0 0 0 0 0 0 0 0 0 0 0 0 0 0 0 0 0 0 0 0 0 0 0 0 0 0 0 0 0 0 0 0 0 0 0 0 0 0 0 0 0 0 0 0 0 0 0 0 0 0 0 0 0 0 0 0 0 0 0 0 0 0 0 0 0 0 0 0 0 0 0 0 0 0 0 0 0 0 0 0 0 0 0 
0 0 0 0 0 0 0 0 0 0 0 0 0 0 0 0 0 0 0 0 0 0 0 0 0 0 0 0 0 0 0 0 0 0 0 0 0 0 0 0 0 0 0 0 0 0 0 0 0 0 0 0 0 0 0 0 0 0 0 0 0 0 0 0 0 0 0 0 0 0 0 0 0 0 0 0 0 0 0 0 0 0 0 0 0 0 0 0 0 0 0 0 0 0 0 0 0 0 0 0 
0 0 0 0 0 0 0 0 0 0 0 0 0 0 0 0 0 0 0 0 0 0 0 0 0 0 0 0 0 0 0 0 0 0 0 0 0 0 0 0 0 0 0 0 0 0 0 0 0 0 0 0 0 0 0 0 0 0 0 0 0 0 0 0 0 0 0 0 0 0 0 0 0 0 0 0 0 0 0 0 0 0 0 0 0 0 0 0 0 0 0 0 0 0 0 0 0 0 0 0 
0 0 0 0 0 0 0 0 0 0 0 0 0 0 0 0 0 0 0 0 0 0 0 0 0 0 0 0 0 0 0 0 0 0 0 0 0 0 0 0 0 0 0 0 0 0 0 0 0 0 0 0 0 0 0 0 0 0 0 0 0 0 0 0 0 0 0 0 0 0 0 0 0 0 0 0 0 0 0 0 0 0 0 0 0 0 0 0 0 0 0 0 0 0 0 0 0 0 0 0 
0 0 0 0 0 0 0 0 0 0 0 0 0 0 0 0 0 0 0 0 0 0 0 0 0 0 0 0 0 0 0 0 0 0 0 0 0 0 0 0 0 0 0 0 0 0 0 0 0 0 0 0 0 0 0 0 0 0 0 0 0 0 0 0 0 0 0 0 0 0 0 0 0 0 0 0 0 0 0 0 0 0 0 0 0 0 0 0 0 0 0 0 0 0 0 0 0 0 0 0 
0 0 0 0 0 0 0 0 0 0 0 0 0 0 0 0 0 0 0 0 0 0 0 0 0 0 0 0 0 0 0 0 0 0 0 0 0 0 0 0 0 0 0 0 0 0 0 0 0 0 0 0 0 0 0 0 0 0 0 0 0 0 0 0 0 0 0 0 0 0 0 0 0 0 0 0 0 0 0 0 0 0 0 0 0 0 0 0 0 0 0 0 0 0 0 0 0 0 0 0 
0 0 0 0 0 0 0 0 0 0 0 0 0 0 0 0 0 0 0 0 0 0 0 0 0 0 0 0 0 0 0 0 0 0 0 0 0 0 0 0 0 0 0 0 0 0 0 0 0 0 0 0 0 0 0 0 0 0 0 0 0 0 0 0 0 0 0 0 0 0 0 0 0 0 0 0 0 0 0 0 0 0 0 0 0 0 0 0 0 0 0 0 0 0 0 0 0 0 0 0 
0 0 0 0 0 0 0 0 0 0 0 0 0 0 0 0 0 0 0 0 0 0 0 0 0 0 0 0 0 0 0 0 0 0 0 0 0 0 0 0 0 0 0 0 0 0 0 0 0 0 0 0 0 0 0 0 0 0 0 0 0 0 0 0 0 0 0 0 0 0 0 0 0 0 0 0 0 0 0 0 0 0 0 0 0 0 0 0 0 0 0 0 0 0 0 0 0 0 0 0 
0 0 0 0 0 0 0 0 0 0 0 0 0 0 0 0 0 0 0 0 0 0 0 0 0 0 0 0 0 0 0 0 0 0 0 0 0 0 0 0 0 0 0 0 0 0 0 0 0 0 0 0 0 0 0 0 0 0 0 0 0 0 0 0 0 0 0 0 0 0 0 0 0 0 0 0 0 0 0 0 0 0 0 0 0 0 0 0 0 0 0 0 0 0 0 0 0 0 0 0 
0 0 0 0 0 0 0 0 0 0 0 0 986.8783462 2073.505726 2271.893563 2501.122594 2148.095613 2335.823247 2404.434218 2281.496675 2249.014272 2812.825724 2263.457652 2631.16321 2466.561033 2983.905272 2753.396878 2525.57629 2646.464434 2687.496313 2631.0996 2457.442276 2542.600664 2738.952719 2572.162209 3124.124522 2815.606335 2703.202927 2852.667626 2977.899829 2530.885007 2941.120917 3038.914514 2956.817136 3111.673997 2611.755473 2967.332196 3328.595474 2884.085123 2722.813495 2990.718948 2798.599372 3027.293542 2486.695774 2930.221844 3007.117471 2993.520536 2926.385269 3313.394428 3161.267645 2975.479796 2929.003668 2789.792363 2811.916063 2740.462535 2985.246723 2872.210711 2621.977395 2972.998784 3006.318329 2686.485459 2883.797726 2816.285374 2572.028521 2634.27732 2457.670909 2415.090766 2748.536921 2424.282792 2413.065273 2696.133982 2685.64437 2295.995855 2348.429582 2361.148549 2278.927654 2561.65287 1189.413868 0 0 0 0 0 0 0 0 0 0 0 0 
0 0 0 0 0 0 0 0 0 0 0 0 2785.825089 4262.856349 4540.026108 4356.052717 5003.798908 4894.194938 4728.960979 5112.461747 4904.875363 5184.024153 5197.277284 4951.481766 5495.833469 5317.387258 5424.518268 5274.451547 4894.300953 5513.987182 5121.754494 5640.391379 5973.501428 5217.693332 5763.469379 5630.295067 5813.836385 5771.600558 5736.64446 5499.554271 5806.014776 5324.18488 5367.012473 5816.784693 5999.626268 5992.54725 6419.127948 5978.084937 6147.665394 5759.049637 5983.062763 6312.610318 5892.482307 5724.57014 6127.353034 5730.532581 5892.519974 5643.654423 5811.959464 5338.792252 5943.595399 5835.252546 5814.604861 5611.092383 5959.650907 5716.191286 5426.420782 5794.842939 5412.072628 5483.830633 5712.077889 6182.921846 5494.937923 5335.418825 5172.129417 5890.004542 4784.553182 5073.465906 4945.904267 4829.686955 4993.129826 4882.69296 4858.283392 4773.678524 4869.054469 4709.17155 4941.388249 2106.530937 0 0 0 0 0 0 0 0 0 0 0 0 
0 0 0 0 0 0 0 0 0 0 0 0 1955.884501 4462.474573 4748.970128 4448.89207 5063.267166 4954.007459 4270.096269 4964.206576 5050.698993 4758.920222 5180.132963 4972.249691 5340.47774 4785.827419 5644.709761 5393.721164 5193.280991 6230.335967 5794.423246 5383.270911 5440.525001 5315.460486 5759.105443 6004.043115 5929.730062 5325.992478 5689.854695 5937.930282 6012.253937 5968.595717 5756.586562 5441.729068 5523.868635 6216.271094 5601.189171 6014.885547 5791.36671 5582.197468 6100.717428 6163.417035 5456.850306 5561.966395 5960.27844 5878.891851 5979.711398 5747.06792 5471.919802 6430.136358 5862.366703 6389.28058 5131.224252 6294.957879 6020.748438 4930.118251 5995.234301 5519.626498 5303.068953 5781.837425 5949.632404 5145.328852 5586.606119 5081.123724 5473.934404 4991.44458 5278.968309 5126.723295 5066.848503 4814.234102 5250.566048 4956.928456 4856.756776 5048.276824 4925.335468 4280.985028 4619.717694 2565.213512 0 0 0 0 0 0 0 0 0 0 0 0 
0 0 0 0 0 0 0 0 0 0 0 0 2427.332552 4790.793056 4356.797118 4960.756105 4958.390547 4973.454533 5347.724747 4833.155328 4872.884672 5656.231798 4560.940932 5021.017315 5374.003404 5419.272323 5390.965766 5414.868037 5416.293641 5682.817465 5505.938112 5193.185458 5521.980521 5871.752599 5657.35384 5427.172598 5754.303141 5859.716765 5763.842479 6058.450946 5626.302729 6206.685629 5696.8045 6309.30098 6007.173076 5316.188735 5635.843196 6196.605266 6080.898339 5736.089529 6098.369992 5655.82448 6125.11338 6258.471308 5660.483205 5930.569061 5695.137408 5937.427894 6226.882794 5613.186707 5682.31462 6146.609428 6176.002097 5843.392017 5524.795696 5639.122124 5801.085956 5189.94463 5926.968973 5373.723745 5887.364304 5345.065282 5671.201236 5645.304787 5221.478983 5447.569528 5337.005485 5799.037354 5081.066919 4966.183106 4877.572803 5170.911964 4772.475008 5170.41444 5037.555831 4682.403917 4991.027317 2450.075582 0 0 0 0 0 0 0 0 0 0 0 0 
0 0 0 0 0 0 0 0 0 0 0 0 2183.586346 4754.989398 4768.62872 5151.870167 4881.87682 4816.464666 4851.704849 4949.838383 4542.554267 5300.313629 5099.829512 4696.454267 5664.336918 6095.650463 5633.508423 5397.754579 5474.939899 5469.939699 5320.459987 5678.633276 5750.507873 5526.132526 5879.45037 5839.902042 5294.454987 6061.861448 6849.175873 5505.880727 5650.933298 5887.512035 6076.464468 5933.24066 5579.676304 6079.103145 5679.793317 6007.561236 6106.696795 6201.25733 6135.522846 6127.254788 5981.621583 5532.503861 6277.934317 5822.554355 6232.08413 5911.170902 5470.568274 5999.621163 6190.796762 6092.83202 5862.027308 6512.379086 6312.468376 5703.738346 5801.809248 6116.456785 5463.43146 5625.562039 5864.740566 5362.924137 5437.239484 6085.565536 5511.827108 4953.113289 5031.180813 5400.297011 4944.857712 4826.437907 5185.52822 5143.003141 4610.820955 4744.189786 4898.304495 4325.436358 4792.348187 1894.215377 0 0 0 0 0 0 0 0 0 0 0 0 
0 0 0 0 0 0 0 0 0 0 0 0 1996.59296 4981.282077 4911.171479 5122.88042 4964.002547 5373.652526 5417.51037 4840.947165 5095.329614 5522.097438 5489.448129 5098.546117 5754.77205 5618.895347 5852.38847 5016.72447 6053.143655 5741.813056 5899.098889 5581.73308 5968.644961 5747.228874 6343.44244 5820.02635 5762.454822 5760.888292 5865.503832 5238.643151 5817.019309 6330.301395 6229.287835 5783.842208 6946.016266 6301.482394 5752.556823 5879.800929 5558.520724 6087.233652 6240.208502 5739.583755 5774.268243 6230.545431 6121.302158 6201.553358 6026.843859 5932.272911 6401.161324 5493.258098 5955.114854 5950.013784 6143.158623 6107.269813 5893.857566 5740.266486 5844.486271 5910.237002 5645.291254 5546.672291 5421.149212 5651.967571 5520.915254 5433.622849 5449.825258 5295.519594 5674.448532 5072.049738 5991.393193 5528.895498 5023.641519 5782.212185 5589.892703 5434.233991 5159.206143 4800.896132 4436.579392 2540.685466 0 0 0 0 0 0 0 0 0 0 0 0 
0 0 0 0 0 0 0 0 0 0 0 0 2361.253887 4708.877938 5022.435572 4951.062162 4842.131241 4821.860857 5325.950666 5048.696244 4980.621429 5481.138885 5108.504396 5085.237809 5111.996506 5447.513323 5740.794522 5088.203384 5765.205559 5704.612415 5451.438303 5758.665051 6001.109735 6345.899277 5549.208984 6118.375972 5834.587612 5447.599998 5613.578793 5855.154396 6522.61866 6172.27265 6299.080062 6246.79121 5531.556667 6001.484925 5670.443253 6255.203656 6313.039224 6464.814126 6060.482183 5813.644961 6036.952547 6174.182515 5845.360812 5853.478838 6075.248243 5942.789546 5811.823147 5926.650719 6292.991423 6292.357739 6252.159029 5405.412712 6009.777393 5741.818555 6662.094706 5437.649038 6059.839918 5818.939919 5910.438112 5513.708804 5906.211072 5768.753749 5423.286638 5057.187961 4810.899197 5440.242344 5584.787659 5606.066577 5169.991899 4919.236254 4905.560242 5323.6957 4972.360526 4558.027147 4482.449059 2398.381518 0 0 0 0 0 0 0 0 0 0 0 0 
0 0 0 0 0 0 0 0 0 0 0 0 2427.068956 5253.696896 4936.560871 4733.359012 4552.055776 4846.427822 5146.555425 5298.406591 5087.196646 5304.856779 5104.436138 5489.514402 5191.331511 4819.841505 5718.952335 5680.474555 4976.562349 5714.200653 5831.213928 5668.224646 5823.886241 6078.562823 5527.832488 5783.310728 5182.907987 6200.208315 5580.498653 6079.995607 5577.598981 6091.59404 6156.348896 6763.96505 5860.902416 6044.695758 5729.957656 5921.888342 6733.019935 6418.226368 6346.326089 5475.836883 6295.358524 6331.140312 6607.763425 6018.927856 6390.260815 6272.581796 5359.051345 6649.656416 5951.872991 6058.193453 5566.524115 6121.296367 6338.768147 6359.776424 5846.256688 5658.495908 5978.544383 5767.787391 5833.954446 5483.376743 5524.43605 5732.98556 5777.097096 5310.044007 5267.333965 5450.1415 5170.380908 5051.219418 5319.160959 5169.672317 5276.741946 5214.060016 5203.464197 4311.011554 4116.025884 2321.86176 0 0 0 0 0 0 0 0 0 0 0 0 
0 0 0 0 0 0 0 0 0 0 0 0 2432.102076 5050.256283 5246.790523 5037.594478 5091.721698 5321.257377 5298.510526 5221.964962 5471.444747 5284.89112 5171.202965 5841.144379 5340.954497 5889.488867 5982.938257 5384.523372 5413.321959 5428.506316 5333.959553 5911.374767 6289.964512 5465.510133 5940.113781 6232.299524 6302.441061 6252.951402 6020.569188 6130.775382 5884.515291 6210.736523 5997.260095 6286.183844 6373.470648 5954.749553 6194.803187 6281.440182 6614.745047 7071.688105 6197.914456 6216.779222 5984.660675 5746.598042 6043.060792 5936.495712 5879.239451 6296.819361 5809.2287 5711.436335 5592.956176 5843.678483 6119.105301 5963.868311 6177.159187 6501.260298 5760.664752 6182.39819 6326.990816 5319.292792 5885.864549 5655.964042 5663.099198 5767.639554 5474.093481 5316.019866 5384.674564 5948.510281 5446.748372 5390.207379 5299.399818 5360.265324 5124.216449 4999.664875 4927.654307 4898.56066 5047.994335 2655.823897 0 0 0 0 0 0 0 0 0 0 0 0 
0 0 0 0 0 0 0 0 0 0 0 0 2600.966099 4562.177954 5278.814555 4754.659006 5132.847736 4864.518571 5184.131228 5172.572969 4849.497957 5596.030782 5443.055491 5444.732993 5338.378478 5615.678733 5599.095507 5747.004155 5448.815395 6347.25006 6012.595577 5429.910521 6197.657428 5773.824762 5586.936304 6084.807059 6145.509056 5942.255404 6198.976785 5641.571183 6271.893771 6512.19678 6694.343779 6231.813121 6511.521413 6473.334734 6076.356889 6125.305119 6086.756622 6190.746283 6513.794142 6142.563617 6326.130151 5939.713177 6219.941551 6327.778877 5978.866209 6544.76887 6158.704567 5961.982734 6015.205679 6168.881047 6197.356699 5788.655274 5881.92769 6016.779245 5695.072177 6477.373185 5839.954618 6104.876734 5887.350727 5786.280824 5827.288255 5608.536945 5576.945507 5766.498563 5223.003575 5169.149013 5861.373327 4638.716243 5448.669353 5529.120638 4967.150716 5271.057361 4890.738686 4901.360329 5289.302298 2511.541481 0 0 0 0 0 0 0 0 0 0 0 0 
0 0 0 0 0 0 0 0 0 0 0 0 2510.543587 4859.975698 5103.374019 4499.959486 4999.628492 4667.123078 5296.580106 5408.422039 5254.393648 5558.423355 5583.06065 5723.498382 5500.798236 5318.175636 5760.051247 5953.87983 6310.45149 6157.343736 5907.405887 5943.763839 5943.055962 6142.324492 6642.112054 6298.91087 5784.695683 6060.069295 6158.359434 6426.292239 6629.02776 6653.893004 6558.913333 6360.078384 6537.460731 6428.363778 6247.927101 6446.229109 6065.020861 5750.138984 6409.247817 6229.160835 6757.487989 6060.715793 6746.346883 6532.389857 6515.536472 6534.851327 6194.539804 6147.731599 6095.427229 6158.728848 6477.556012 6281.025185 6253.778087 5938.189101 6378.699529 5586.121743 6165.621403 6220.551264 5930.060012 5776.585898 5662.990676 5808.301338 5180.740998 6055.643139 5341.559057 5224.806107 5124.38902 5449.878725 5103.753103 5749.861449 5359.447962 5036.495755 5239.817733 5138.440128 4824.987667 2409.425232 0 0 0 0 0 0 0 0 0 0 0 0 
0 0 0 0 0 0 0 0 0 0 0 0 2291.422942 4916.72933 5170.550882 4879.470847 5208.010792 5157.306217 4898.323778 5302.576065 5497.589395 5665.008382 6016.17728 5269.729067 5500.784056 5796.791741 5768.588222 5854.892742 6030.299363 5815.178657 5897.748984 5623.401894 5673.414387 6128.895225 6288.027748 6091.426048 6014.910807 5901.006043 6403.496269 6406.145642 5983.183771 6316.824494 6322.608496 6893.946928 6510.337472 6294.014928 6421.084054 6272.720971 6764.073698 6174.799858 6250.542098 6421.960223 5971.591819 5805.225635 6635.707478 6621.807805 6099.311057 6321.729008 6380.287885 6337.732462 5966.047861 6940.106698 5964.965017 5620.45784 6298.053829 5712.240303 5845.765015 6073.864717 5916.075747 6074.941887 5742.957583 6264.233838 6013.842276 5412.830732 5528.223803 5979.441127 6064.846571 5625.603879 5715.922558 5801.545245 5665.390223 5652.764727 5955.774511 5628.809099 5307.014161 5060.765324 4773.171163 2535.523668 0 0 0 0 0 0 0 0 0 0 0 0 
0 0 0 0 0 0 0 0 0 0 0 0 2551.463518 4692.199681 4681.016391 5201.495751 4958.213737 4981.948963 5239.371887 5366.990056 5060.683901 5638.546271 5462.155303 5291.339998 5373.988343 5859.561465 5690.354006 5975.714648 6096.386632 5739.272576 5922.76997 5687.165878 5998.939549 6416.247722 6177.37681 5809.98074 5960.290852 6458.04775 6239.758805 6787.095275 6033.233941 6624.328606 6043.425992 6667.488608 5969.136242 6301.958556 6097.06025 5976.726322 6364.971698 6190.830921 6182.655822 6590.334401 6226.559339 6731.120611 6814.286315 6633.513043 6740.523735 6165.702096 7090.347248 6855.506518 6325.657473 6545.365079 6361.259245 6081.884524 6200.365807 6119.037639 6413.945844 5835.054798 5989.417501 5934.777421 5730.089679 5759.389058 6185.226652 5227.110043 5600.936693 5240.042319 5246.381798 5416.380357 5425.089813 5735.053141 5343.726107 5102.656912 5692.421572 5467.037813 5159.663331 5337.797666 4681.758311 2381.301217 0 0 0 0 0 0 0 0 0 0 0 0 
0 0 0 0 0 0 0 0 0 0 0 0 2422.58004 5450.241796 5009.739889 5176.782145 5149.50438 5345.313 5086.519202 5025.965552 5603.212763 5482.351719 5387.458861 4948.728888 5454.3445 5728.28684 5521.515449 5523.936603 6234.899585 6393.643677 6138.755342 5622.432885 6436.987319 5944.936088 6242.110042 6223.422058 6596.390445 6225.764465 6527.435448 6622.386106 6228.222462 6441.634332 7102.197179 6597.45858 6505.346793 6371.207335 6339.459584 6111.211317 6524.547423 6927.574832 6800.708066 6586.908472 6710.553994 6283.931453 6623.600612 6508.779031 6205.237472 6250.579118 6027.629005 5783.199247 6324.830648 6687.327412 6561.382702 5969.759956 6109.894191 6124.296457 6413.128903 6241.050686 5661.40828 5553.926016 6681.112309 5933.276583 6018.135753 5496.970997 5834.4546 5999.86281 6220.733808 5381.698116 5536.169211 5434.797918 5255.650893 5503.791167 5612.370157 4954.40955 5327.540853 5282.185821 4683.361858 2822.055303 0 0 0 0 0 0 0 0 0 0 0 0 
0 0 0 0 0 0 0 0 0 0 0 0 2282.461905 5210.69107 5401.187947 5384.590045 5199.201181 5114.289282 5308.235782 4985.866805 5594.507168 5559.24669 5752.05176 5657.008849 5921.223082 5978.942586 5902.530216 5326.025271 6212.913485 5675.39736 5944.698839 5583.903649 5957.042126 5701.768841 6399.449125 6121.846732 6000.846646 6620.490627 6112.302212 5995.931646 6264.212467 6823.45443 5701.486556 6482.659162 6098.636668 6331.652376 6602.562721 6400.706771 6103.919897 6995.30652 6439.397782 6570.90509 6834.853948 6437.38956 6160.501107 7137.883503 6301.530874 6833.87397 6815.405767 6133.118025 6286.796017 6670.638498 6560.417449 5976.903436 6466.15517 6475.568139 5628.227088 6114.569728 5877.934308 5742.058253 6247.264623 5547.965745 5960.441412 6076.759884 5369.795552 6227.458655 5853.051754 5811.624259 5853.449747 5348.564749 5516.089975 5498.328339 5293.00952 5236.263712 5124.0238 5299.934537 5465.259228 2623.950211 0 0 0 0 0 0 0 0 0 0 0 0 
0 0 0 0 0 0 0 0 0 0 0 0 2396.297469 4644.945478 5166.077214 5547.918346 4907.179229 5200.176862 5335.681963 5812.300261 5835.616204 5858.415312 5469.87447 5960.981909 5566.464798 5706.197216 5750.189361 5926.547514 5838.242796 6387.909792 6005.07667 6098.266669 6118.783738 6288.470668 6621.926325 5778.894921 6660.367817 6579.405007 6561.507648 6424.814521 6333.366366 6700.693359 6279.963844 5962.28323 6589.946666 6050.738635 6677.138533 6805.38136 6624.375212 6967.122808 7206.124753 6292.47771 6085.779161 6488.737403 6872.598622 6252.650744 6360.348059 6236.811731 6641.397282 6543.426873 6299.133524 6184.186569 6640.945851 6445.799582 5899.736778 5752.374078 6094.01502 5753.601264 6127.167337 6585.621205 5959.738711 6208.757913 6069.019502 5193.041188 6176.925193 5643.144571 6102.939559 5708.815239 5659.295486 5832.963225 5752.611901 5185.441393 5430.334089 5203.881297 5799.182009 5241.39638 4907.79624 2669.084805 0 0 0 0 0 0 0 0 0 0 0 0 
0 0 0 0 0 0 0 0 0 0 0 0 2257.838055 5039.403573 4495.411587 4734.673386 5162.030457 5497.100178 5898.339806 5390.195258 5086.071028 5323.714302 5962.989132 5397.966193 5264.294592 5733.262369 5824.800057 5661.528999 5624.933853 5935.504563 5976.665894 6275.553379 6132.248208 6318.728361 5814.061773 6476.678349 6380.926058 6316.639412 6481.674207 6589.846114 6535.15483 6677.153048 6473.776209 6635.135929 6817.176986 6634.561581 6263.498856 6918.983712 6481.998828 6320.883814 6762.104835 6690.959704 6414.104947 5716.451744 6373.693154 6083.422755 6429.79863 6406.952233 6577.666017 6482.685862 6127.028897 5923.230315 6570.532838 6195.083757 6391.182367 5836.847272 5788.390939 6650.487865 6586.866567 6368.244133 6519.985482 6352.873151 5784.535399 5856.365547 5991.189155 6028.294749 5422.141383 5932.880796 5887.12472 5673.200551 5202.094572 5130.44867 5264.519178 5352.23221 5479.358632 5074.267292 4893.646843 2400.543865 0 0 0 0 0 0 0 0 0 0 0 0 
0 0 0 0 0 0 0 0 0 0 0 0 2819.505465 4927.799301 4988.509399 5028.864596 5380.262476 5476.09685 5280.988574 5368.406037 5565.740182 5662.87796 5970.702117 5799.45073 5553.15036 5643.109988 5970.150236 5965.241436 5681.529941 6126.687911 5572.107171 5904.791956 6337.687708 6190.713185 5878.329754 6027.796238 6428.148039 6323.362434 6991.281272 7021.481727 6470.806679 5704.558989 7062.980295 6253.231976 6407.633121 6266.505178 6784.551055 6045.762947 6532.711592 6989.944547 6703.300198 7104.697988 6569.769037 6668.362075 6812.440911 6611.407408 7288.790374 6803.406152 6569.128013 6758.71955 6335.109236 6161.058442 6381.022875 6645.68167 6304.36927 6234.040244 6811.012719 6134.128567 6637.179398 6323.80759 6774.947436 6208.534186 5858.382355 6003.308889 5553.066725 5861.470264 6033.275385 5807.480886 5633.419403 5659.569213 5234.190434 5848.140508 5728.88192 5091.957379 5294.68802 5085.251583 4825.956862 2634.765644 0 0 0 0 0 0 0 0 0 0 0 0 
0 0 0 0 0 0 0 0 0 0 0 0 2533.355506 5097.210082 5243.338229 5213.339099 4750.665296 5216.88455 5287.091347 5420.297676 5657.491016 5412.370661 5394.201722 6228.379528 5632.520031 5853.921967 5986.401434 6172.739847 5993.158983 6049.524158 5786.503496 6295.176464 6113.688853 6325.230506 6093.730645 6174.845782 6904.906692 6513.515527 6387.009962 6823.292592 6827.187699 6575.096828 6853.054903 6403.459934 6350.85675 6425.81865 7450.123425 6391.17257 6626.163234 5777.088261 6751.633083 6516.365496 6724.987063 6499.181066 7041.263425 6725.30055 6835.842819 6447.308843 6182.113973 6681.560727 6655.487299 6516.513554 6635.757318 5930.997019 6399.472088 6070.189257 6535.0926 5759.418662 6218.316091 6563.404612 6505.546697 6238.427255 5789.17195 5977.14517 5570.421266 5794.099077 5793.056362 5587.161049 5848.189319 6190.254407 5821.841066 5797.22585 5421.362953 5565.046742 5322.796414 5109.151524 5169.2898 2464.275419 0 0 0 0 0 0 0 0 0 0 0 0 
0 0 0 0 0 0 0 0 0 0 0 0 1973.70566 5332.067315 4973.316925 5372.123464 5726.706324 5221.803741 5373.037767 5740.496547 5913.538412 5992.558003 5578.244719 5568.583525 5328.512333 5337.685705 5422.758118 5892.32664 6745.893407 5905.089733 6311.59466 5775.366761 5737.220238 6001.415194 6432.808895 6585.15601 6533.451866 6228.197955 6415.270879 5867.435015 6231.377553 7021.499447 6382.839256 6701.969213 6744.74006 6604.737998 6978.668479 6389.530094 6557.328335 6623.760178 6498.681485 6292.082523 6855.2073 6542.176636 6208.078419 6279.897708 6926.254244 6322.326039 6864.55101 7008.047722 6470.318832 6372.426615 6668.224329 6967.388476 6867.622816 5971.657429 6670.414495 6110.118757 6015.620833 6510.287149 5939.883071 6194.538962 5946.755498 6192.438499 6008.233754 5700.663615 5857.722152 6103.635588 6222.34921 5980.747973 5803.568417 5569.55834 5607.651009 5306.962159 5109.46034 5829.149213 5507.209005 2576.1283 0 0 0 0 0 0 0 0 0 0 0 0 
0 0 0 0 0 0 0 0 0 0 0 0 2345.504976 5540.138683 4684.73729 5191.880904 5130.248879 5856.664815 5239.061141 5962.58757 5536.562091 5426.845852 5481.515168 6272.701898 5334.378238 5782.46798 5575.68311 6217.670719 6357.375926 6226.60982 6307.946907 5609.259146 6516.099503 6437.793921 5871.458182 6639.837161 6389.430763 6489.072027 6360.555578 6851.999321 6518.481096 6410.829467 6339.66756 7517.575655 5858.926606 7041.019819 6018.223017 6348.121356 6714.9415 7102.897208 6854.399893 6663.890536 6830.314008 6585.16327 6699.770079 6492.365248 6747.363541 6617.821887 6245.371571 6673.482011 6167.889569 6189.713724 6908.501491 6275.630794 6471.454415 6608.306784 6478.479755 6402.000179 6597.72385 5997.886251 6451.485748 6273.264406 5922.433509 5571.278797 6020.992157 5810.090112 5524.393459 5824.203686 6231.47993 5804.543464 5783.870194 5985.95477 6089.578638 5467.771684 5105.68662 5133.865473 4962.854272 2675.472457 0 0 0 0 0 0 0 0 0 0 0 0 
0 0 0 0 0 0 0 0 0 0 0 0 2791.445754 5182.947604 5399.233554 5152.966125 5488.142844 5451.183534 4993.179483 5023.619523 5839.281118 5843.316586 5620.169723 5875.614567 5840.770428 5807.417767 6664.436549 6064.375587 6280.949809 6088.534079 6054.594323 6449.345932 6502.076347 6090.37914 6888.104495 6236.820983 5845.691543 6819.023768 6207.716579 6215.732539 6138.157271 6794.58799 6192.951076 6997.340386 6524.914292 6652.033092 6262.085338 6553.168046 6849.757497 7067.637903 7564.211678 6378.076324 7273.800959 6720.349777 6562.921826 6505.000326 6437.138437 6581.177195 6352.62743 6563.503268 6792.011824 6830.143653 6381.156658 6259.426398 6262.382064 6468.568892 6451.565134 6692.679491 6457.178317 6199.820169 6189.081527 6369.127068 6593.35576 6328.049759 6012.369913 5926.893268 6428.97452 5841.331726 5484.77009 5478.334641 5677.528211 5981.460289 5931.880814 6065.982522 4812.146406 5579.895689 5141.602017 2629.423975 0 0 0 0 0 0 0 0 0 0 0 0 
0 0 0 0 0 0 0 0 0 0 0 0 2837.118307 5105.976332 5305.747137 5413.708594 5635.634689 5236.656409 5324.794307 5645.286335 5845.295888 6341.873553 5220.113358 6401.465842 5691.018915 5816.049289 5667.941671 6444.759245 6370.975471 6521.365316 6370.408802 6576.507628 6437.122684 6442.401648 6583.008041 6611.649358 6669.321127 6567.352364 6724.776377 6246.169197 6997.168275 7104.595633 6681.220311 6337.527293 6935.399986 6848.285694 6986.429794 7098.963432 6565.562621 6896.239074 6715.6327 6397.463674 6210.646414 6518.135661 6324.16489 6897.25684 6299.725586 6708.58872 6786.559996 6858.454004 6859.542468 6756.262328 6726.738246 6421.492596 6716.38464 6280.267761 5999.030144 6145.495278 6639.026049 6547.129617 6793.792605 6553.401253 6802.354504 6690.720133 6307.543814 6540.02319 5588.455806 6145.195906 5831.116634 5936.508092 5774.707661 6016.754916 5527.28448 6074.534278 5588.248433 5780.859323 5678.463972 2805.635781 0 0 0 0 0 0 0 0 0 0 0 0 
0 0 0 0 0 0 0 0 0 0 0 0 2520.714562 5711.451314 5137.692824 5339.115131 5356.051815 5413.762134 5438.696137 5499.793985 5694.976322 6024.213621 6371.481655 5841.280468 6027.215708 5656.272542 5910.88318 6382.18926 5970.276493 6167.485412 5715.951234 6150.944144 6239.328645 6376.912606 6387.928589 5732.026643 6711.028841 6240.708183 7140.309054 6481.342172 6512.865125 6953.651684 6653.578006 6918.028132 6628.291437 6802.711812 6909.363118 6397.519856 6685.064052 6219.829079 7022.638575 6594.639935 7023.563015 6750.25368 6795.149822 6798.523422 6738.920248 6697.914627 7151.938117 6862.413119 6671.042139 6866.570909 7013.358575 7016.845662 6903.558041 6621.000341 6957.728229 5936.755576 6193.933993 6227.124244 6580.868655 6639.520438 6718.233536 5945.5802 5399.605791 6092.535421 5875.239269 5771.690347 6470.093837 6018.275423 5749.87971 5855.938448 5436.132374 5874.53423 5401.714598 5057.186015 6057.055539 2633.300974 0 0 0 0 0 0 0 0 0 0 0 0 
0 0 0 0 0 0 0 0 0 0 0 0 2869.405373 5337.865549 5767.986014 5203.721961 5372.433884 5229.145047 5570.90547 5597.804563 5460.841232 5805.290931 5901.717884 5835.24398 5960.42199 6048.926414 5817.250635 5985.242718 6085.95331 6832.740606 6255.538411 6426.763532 5928.860381 6184.090283 6588.202144 6408.758764 6396.411765 6738.67417 6488.801374 6685.088274 6582.549469 6514.458424 7351.794141 6485.402265 6979.634717 6818.80226 7129.694518 6861.968964 6524.747586 7228.62124 6356.767923 7204.879263 7081.710312 6678.686081 6262.252 6784.512015 7120.079404 6830.750147 6304.86191 7042.991332 6885.297344 6797.853387 6405.7718 6874.091226 6745.944617 6652.690616 6610.927206 6478.965359 5827.752982 6806.273106 6859.187214 5805.557421 6348.133555 7072.421084 6572.970471 6103.610035 6151.8822 5985.522725 6226.213765 6056.658053 5891.235609 5374.167433 5422.477896 5490.978336 5592.95108 5800.861911 5411.380623 2578.354408 0 0 0 0 0 0 0 0 0 0 0 0 
0 0 0 0 0 0 0 0 0 0 0 0 2496.756456 5187.109614 5095.730264 5555.939896 5456.963101 5717.802247 5326.040964 5706.117289 5790.38318 5504.29782 5656.501101 6169.064365 5655.179808 5933.200991 6063.444368 5920.744068 5882.616874 6233.516615 6766.009218 6475.971798 6637.794354 6344.828213 6707.258848 6788.171609 6820.40813 6665.927269 6684.997469 6539.247092 7101.242021 6798.481033 6811.093841 6809.909518 6771.775693 6499.222994 7322.291927 6615.122623 6723.848393 6760.892019 6506.267107 7029.144109 6644.041027 6707.856897 6757.111742 6758.504528 6805.321225 6439.299455 7281.103971 6882.846139 6587.810723 6785.864771 6737.617068 6777.586497 6783.055998 6520.974599 5984.936087 6696.155584 6916.140702 6020.877643 6032.716261 6539.099726 6257.584774 6300.92055 6378.728173 6249.519194 5819.747278 5856.185622 5617.915815 5870.79153 6260.29889 5716.981438 6083.486748 5796.306193 5877.05978 5264.27631 5123.564287 2458.066152 0 0 0 0 0 0 0 0 0 0 0 0 
0 0 0 0 0 0 0 0 0 0 0 0 2627.928208 5352.628757 5294.589277 5583.87696 5361.869581 5631.397216 5549.610032 6112.496588 5508.560901 5985.204443 5398.052748 6343.569184 5984.825409 6214.411459 6241.406639 6387.486917 6724.332258 5648.14218 6455.563548 6324.871409 6315.27923 7201.334217 5985.755812 6966.34315 6859.541826 6443.501254 6695.048947 6220.784791 6248.552667 6912.073605 6226.37263 6941.303211 6781.230766 6894.969119 6667.291711 6584.691881 6978.961277 7233.722117 7297.516435 6290.872797 6753.966529 7312.100886 7186.321015 6469.879567 6754.931947 7309.969915 6334.108219 6259.980044 6721.451164 6751.534591 6857.339081 6666.855731 6854.47038 6456.350517 6526.424719 7122.290898 6392.609051 6697.620355 6499.347972 6358.666372 6185.463369 6522.293649 6135.007084 5889.665642 6045.078905 5926.264712 6289.549499 6294.80557 6264.851565 6206.342358 5260.196587 5992.33911 5504.780437 5344.462164 5891.194568 2671.085921 0 0 0 0 0 0 0 0 0 0 0 0 
0 0 0 0 0 0 0 0 0 0 0 0 2159.035537 5884.891944 5043.082083 5269.179049 5248.988604 5719.153949 6091.884205 5544.593173 6433.860137 5578.731575 6386.920712 5797.037342 6375.736909 5800.2058 5625.176459 6799.293408 6340.640419 6408.649442 6518.563883 6447.495544 6309.612166 6864.535521 6519.162528 6665.378577 6303.342191 6746.929083 6523.026102 6990.567961 6401.889727 6920.305452 6661.998422 6750.112194 7324.788311 6179.628652 6983.294542 6864.039945 6656.382394 6955.223363 7029.986386 7002.497322 6937.879755 6826.287836 7258.991609 6560.779787 7048.90329 6991.518454 6370.238266 6627.634506 6618.6075 6566.042825 6921.890955 6249.400677 6548.121167 7217.796186 6789.393173 6507.079307 6486.043733 6616.23156 6515.747849 5899.86984 6485.535072 6155.980382 6551.020649 5883.320155 5984.682414 6227.471075 6148.008299 5739.840528 6259.116328 6238.464265 5455.429963 5801.432132 5976.327811 5448.722308 5576.314823 2665.744287 0 0 0 0 0 0 0 0 0 0 0 0 
0 0 0 0 0 0 0 0 0 0 0 0 2368.221211 5166.715165 5111.339282 5298.969564 6081.601447 5775.451476 5086.765472 5563.934361 6283.815757 5424.061141 5900.10915 5844.041325 5991.99701 5589.462835 5968.783822 5940.975899 6608.344064 5529.943747 6011.768547 6898.677203 5884.831492 6949.13033 6364.923018 6687.738666 6901.11433 6489.560057 7163.500747 6312.638736 7230.927647 7264.374909 6810.892379 7076.187332 6699.211508 6889.266038 6864.875391 6973.004298 7051.160533 6425.031297 7055.703082 6263.003728 6762.261156 7446.886074 6481.006346 6631.360486 6691.574019 7077.208339 7038.845944 6809.428739 6500.479427 6960.425582 6913.422051 6643.223704 5751.352261 6681.691524 6807.824934 6498.5107 6853.248671 6143.093906 6304.113529 6599.503829 6108.965597 6594.676659 6291.652633 6462.354029 6224.345196 5920.683756 6069.509855 6079.860204 5552.640847 6054.21594 5478.916563 5721.724402 5470.201652 5540.812562 5365.759691 2423.283616 0 0 0 0 0 0 0 0 0 0 0 0 
0 0 0 0 0 0 0 0 0 0 0 0 2722.738123 5539.260444 5378.717071 5486.638028 5204.797918 5519.093688 5864.621258 5476.235438 5829.525257 5778.21702 6790.671943 5682.841622 6279.361866 5791.586493 6253.230552 5785.783509 6382.246301 5944.386936 6583.184007 6186.970112 6476.028518 6428.742065 6677.598909 6584.547563 6393.21929 6468.617981 6208.77067 6736.400888 7056.628338 6379.241942 6907.27001 6223.197427 6830.985423 7178.530609 6603.767602 6821.575928 7192.907761 6744.265705 7109.999966 7076.875617 7017.872302 7581.037907 6618.288266 7001.360347 7056.585933 6885.86763 7197.355906 6895.456464 7377.340244 7379.277434 6846.882583 6487.256294 6483.732718 6626.873375 6413.728281 6359.766765 6519.334567 7099.980877 6658.692309 6692.879835 6408.715955 6711.436055 5919.630673 6247.79275 6137.755213 5842.105777 5761.070776 6087.33045 5880.921699 5545.616387 6044.504065 5664.232423 5278.525056 5651.60156 5360.296755 2800.854953 0 0 0 0 0 0 0 0 0 0 0 0 
0 0 0 0 0 0 0 0 0 0 0 0 2914.625438 5426.258937 5211.709308 5045.88342 6162.838691 5494.374742 5659.558994 5571.817185 5610.829247 5844.365508 5778.648239 5759.695412 5960.356207 5721.162591 5664.255713 6166.242151 6026.581096 6270.746647 5902.0091 6289.898618 6487.286686 6281.257572 7065.064698 7049.210165 6640.476806 6270.026876 6815.622892 6875.495897 6781.024717 7034.897422 6157.930569 7118.821559 6444.587541 6841.772749 6990.174143 6986.612769 6910.145883 7032.185239 7251.306699 6748.916544 7051.806854 7077.305654 6917.20994 7073.065042 6497.848331 6482.290399 7156.986536 6053.445656 7325.35248 7281.660078 7050.970699 7025.138234 6646.521438 6924.857442 6225.812266 6739.643389 6359.392188 6384.153526 6089.893789 6654.168478 6426.293917 6571.185184 6547.001824 6287.138133 6212.285066 6099.187973 6090.103962 5696.086471 5837.05703 6173.918244 6148.389983 6109.550289 5801.446996 5223.256513 5141.418991 2684.983109 0 0 0 0 0 0 0 0 0 0 0 0 
0 0 0 0 0 0 0 0 0 0 0 0 2713.313107 5934.440362 5412.100982 5603.108414 5512.37156 5797.178826 5920.690251 5815.013173 5573.060361 5493.405256 6294.8274 6051.996701 6354.777526 6349.322317 6088.869186 6396.528605 6390.710028 5959.005667 6611.812789 6336.563596 6680.327474 6955.478646 6329.609134 6780.018777 7110.927141 6722.13193 6552.525597 7462.322393 6811.351638 6865.552626 6616.203198 7174.636105 7938.281474 7296.482211 6719.374654 7270.272213 6554.282078 7015.585663 7006.278022 7160.991602 7145.085295 7044.031055 7203.851257 6993.876759 6900.274532 7310.571894 6746.469077 7132.625012 6165.006333 6942.808894 6877.365431 6796.064017 7347.510435 6971.930525 6180.646986 6561.953131 6322.520943 6507.645475 6150.53259 6256.942036 6627.78615 6246.054657 6239.930971 6508.740592 6141.317154 5972.358173 5709.998357 5913.740565 6245.530206 6264.405499 5605.516421 5760.826204 5461.755417 5638.561517 5781.519438 2707.210854 0 0 0 0 0 0 0 0 0 0 0 0 
0 0 0 0 0 0 0 0 0 0 0 0 2806.141434 5251.01826 5911.617006 5197.827861 5559.160356 5250.919499 5917.038861 5467.038458 5515.279702 5737.743383 5390.28814 6185.281556 6256.487953 6411.697504 6738.980692 6614.61852 6227.606271 6186.296318 6326.416652 6442.533949 6685.592449 6600.555478 6711.654972 6939.91239 6735.665461 6532.685713 6895.71042 6922.228715 6757.168974 6478.973666 6777.823268 7177.487882 7274.64011 7119.980456 7364.549664 6729.013302 7111.744735 7283.749753 7375.749926 6648.000684 7094.404863 7278.808732 7283.479052 6933.690936 7263.929845 6396.469716 6956.924951 6927.991007 6654.885567 6971.947412 7069.365218 6862.378886 6715.744673 7061.121027 7049.377759 6271.085659 6327.912928 6668.845703 6489.676532 7014.173625 6433.497989 6432.263249 6391.407544 6176.224219 6037.191787 5506.554123 6580.579739 6179.694858 5970.59976 5800.517408 5915.788788 5622.685669 5884.501284 5479.187619 5082.865302 2846.405043 0 0 0 0 0 0 0 0 0 0 0 0 
0 0 0 0 0 0 0 0 0 0 0 0 2863.751043 5697.584477 5059.0816 6249.796662 5179.178998 5505.336605 5536.507077 5743.203583 5473.522373 5503.641416 5797.728485 6291.442752 6698.332982 6441.52926 5975.484331 6202.553656 6213.729152 7247.370094 6388.819473 6715.13754 7068.316182 6484.30658 6505.920594 6718.226524 6188.954902 6591.994812 7255.908869 6627.032211 6466.571439 7121.159447 7275.31983 6994.133951 6470.895099 6391.584065 7020.280813 6497.333224 6731.441738 7185.865105 7205.420561 6897.487641 6753.645452 6802.467009 7214.297216 6986.600207 6887.383766 6863.76144 7236.085681 6940.730321 7025.452944 6490.597984 6031.593264 6437.480175 6686.614182 6787.9073 6306.518994 6583.083905 6428.381545 6428.235364 6875.208248 6673.356455 6835.848893 6541.403378 6323.586294 6135.075696 6206.870927 6299.090287 5964.244425 5679.799662 6088.868452 5935.596644 5709.951052 5648.781436 5428.826715 5956.822553 5637.586612 2643.328196 0 0 0 0 0 0 0 0 0 0 0 0 
0 0 0 0 0 0 0 0 0 0 0 0 2957.400407 5088.248456 5644.591009 5479.881531 5079.20422 5601.572746 5318.750906 6139.336251 6106.861361 5530.645484 5949.630436 6144.513682 6520.750907 5705.855887 5916.294827 6321.683579 6813.936884 6553.236698 6037.993649 6861.239509 6573.192824 6245.161274 6380.924157 6872.3112 6448.465784 6882.319707 6843.203707 6500.88069 7233.210118 6207.969196 6675.357129 7021.227693 6991.030489 7192.62042 7249.951295 7408.010352 6782.084225 7382.465315 6684.122322 6667.312687 7116.509041 6493.463515 6782.127596 6862.799794 6805.615031 7070.252492 6756.172724 7220.86224 6885.8933 6515.555382 6590.937124 6720.485943 7218.632432 6626.743456 6925.58496 6801.006665 6551.868969 6550.02911 6877.28652 5775.607405 6301.526195 6705.752784 5712.130276 6408.823473 6437.067362 6238.190798 5736.876582 6064.933686 5850.0679 6013.592647 5584.374595 5580.88485 5322.182803 5690.621372 5973.262275 2692.712612 0 0 0 0 0 0 0 0 0 0 0 0 
0 0 0 0 0 0 0 0 0 0 0 0 2878.18972 5334.044921 5682.443138 5351.535092 5273.056941 5970.788577 6085.134388 6404.508338 5764.517033 5573.091327 6079.544805 6813.926383 5831.178299 6691.013525 5959.443193 6790.748831 6440.751491 6712.164699 6430.376982 6408.367057 6250.36159 6697.995178 5987.52654 6186.330538 6032.179926 6734.005913 6599.430662 7064.093055 7289.127936 6594.396695 7517.363426 6865.90289 6863.526045 6751.913568 6722.761064 6998.946344 7416.086596 6989.725274 7440.443932 7433.662343 6578.799696 6798.674776 7725.253895 7087.701636 7208.756733 7668.961892 6677.037453 6882.208148 6655.882219 6474.802315 6838.780979 7044.04659 6363.372329 7236.852993 6552.724118 7157.725935 6631.743419 6911.657399 6434.18953 6150.616246 5837.171907 5774.992562 6157.5351 6298.110914 6676.837772 6629.19884 5575.243168 6248.625725 6093.980689 5443.460016 5891.260465 5025.335842 5792.04719 5717.414347 4747.344528 2720.40381 0 0 0 0 0 0 0 0 0 0 0 0 
0 0 0 0 0 0 0 0 0 0 0 0 2929.09637 4947.927343 5465.332843 5671.927434 5730.942287 6056.19502 5945.057468 5570.3198 6056.835358 5845.595919 6595.686792 5817.356998 6029.181866 6212.593287 5988.717797 5782.670387 6251.407467 6411.635613 5787.431558 6572.916249 6616.996429 6171.745937 5999.264253 6787.065223 7015.096899 6874.236235 6256.669443 6988.483516 6451.32669 6466.407611 7215.743291 6801.768693 7147.398776 6869.233053 6962.98978 6591.006326 6922.403027 6968.553376 6694.843558 7048.777368 7217.952523 6800.349199 7314.182243 6651.86506 6848.684287 6793.314155 6716.608868 6104.536069 7076.719135 6741.030847 7086.162937 6867.966116 6895.003123 6481.690159 6761.295293 6749.773635 6400.237095 6522.74361 6098.336517 6473.816518 6585.078287 6092.820479 6596.165644 7022.282894 7262.651012 6194.802676 5723.949035 5998.151782 6208.246581 6006.776558 5923.245715 6222.427733 5648.900868 5631.532797 5284.846135 2849.255886 0 0 0 0 0 0 0 0 0 0 0 0 
0 0 0 0 0 0 0 0 0 0 0 0 2750.235857 5387.937777 5433.435203 5730.631304 5403.547159 5523.772192 5835.774102 5977.415911 5805.716383 5754.057421 6169.693924 6129.658022 6201.238667 5797.786058 6492.081653 5598.991158 6298.939781 6670.218452 6176.879631 6325.30717 6195.434272 6708.405294 6374.419967 6744.923492 6668.241449 6522.37406 7200.336282 6513.638977 6774.012316 6735.316739 6524.932815 6821.906712 7132.371677 6611.940472 6875.018994 7285.700293 7274.872596 6452.480771 6842.550819 6985.713272 7480.099659 7074.460385 7079.757526 7747.021422 7170.874661 6563.056209 6495.584114 7231.231162 7177.602567 6807.556235 6735.931515 6833.084429 7166.67654 6918.287103 7327.920607 6573.486206 6102.279457 6400.434339 6526.089066 6421.899309 6102.069287 6639.349892 5705.624765 6045.087878 6107.825556 6307.433491 6195.644459 6151.70236 5519.750613 6027.14296 5258.001229 5100.05552 5644.793046 5626.474078 5817.11605 2817.423606 0 0 0 0 0 0 0 0 0 0 0 0 
0 0 0 0 0 0 0 0 0 0 0 0 2967.501704 5860.662654 5344.62386 5377.467937 5187.44727 5723.624784 5172.257823 6405.314964 6341.180089 6086.430394 5832.13653 6379.978479 6310.048088 6242.848008 6425.325079 6739.397614 6366.26354 6070.995025 6447.839495 6089.864157 6556.528407 7118.704558 6925.765054 6822.978485 6758.493125 6478.483349 7189.844105 6642.376965 6395.026679 7278.701173 7421.346543 6912.888345 6706.235714 7192.337323 6971.224722 6900.742681 7013.402257 7086.400323 7404.939648 7022.211314 7161.031495 7121.334704 6966.798653 6965.714264 6729.026348 7191.969019 6816.512613 6851.758197 6942.780286 6829.234175 7115.213658 6597.180356 6891.135974 6205.091598 6697.093927 6402.607351 7138.707858 6824.994899 6712.095633 6724.578033 6822.415221 6618.012512 5868.058368 6092.197343 6096.405629 6311.206905 6398.763182 6209.629744 5453.968815 5973.778063 5488.144098 5625.482398 5428.598058 5866.365072 5082.243312 2600.702037 0 0 0 0 0 0 0 0 0 0 0 0 
0 0 0 0 0 0 0 0 0 0 0 0 2441.398614 4996.397478 5149.324302 5410.281909 5670.553911 5864.728252 5635.068602 5886.305293 5875.097932 5873.773466 5814.990375 6112.451554 6474.330175 6583.182849 6133.582832 6351.472329 6231.864924 6576.131391 6881.397751 6339.162175 6909.681177 6590.469391 6498.354374 7192.356054 7370.832117 6517.851229 6677.57125 7871.049859 6663.314418 6581.022186 7171.09913 6386.305663 6564.133703 6726.030182 6922.949466 6515.653721 6671.937868 7402.046138 7247.927109 6910.081495 7252.791603 7048.061984 6892.391694 6571.548979 7548.83965 6646.035067 6795.528445 7317.19402 7138.022003 7652.957865 7275.083412 6756.995417 7209.129593 6983.941124 6987.454779 6800.428774 6717.334578 6382.083448 6335.404315 6618.917347 6597.727202 6209.063591 5526.476011 6409.483881 6199.575814 6195.353472 6001.097949 5620.961935 6376.597637 6239.603557 5776.502751 5843.58156 5463.316583 5598.799714 5609.493601 2695.357725 0 0 0 0 0 0 0 0 0 0 0 0 
0 0 0 0 0 0 0 0 0 0 0 0 2565.303481 5187.65573 5064.176744 5269.437977 5609.858007 6380.310272 5562.297138 6015.861288 5637.202384 5891.430106 5735.839584 5956.118546 5949.445934 6440.764278 6457.831666 6358.405171 6661.170064 6525.203031 6830.18163 6949.321529 6926.869709 6658.658225 6758.32379 6745.494938 6752.685484 6938.148604 6625.790766 7097.526955 6710.148716 7008.536539 6732.012103 6511.776191 6639.584782 7268.532531 6851.407715 7331.048216 7198.353329 6572.564441 6875.599705 7184.421223 6187.949751 7033.491017 7205.33059 6943.326107 7158.476159 7181.696642 6746.897647 6893.712931 6834.336399 6568.956557 7722.153562 6488.004232 6379.772589 6978.571282 6402.890134 6010.977757 6491.816184 6558.704763 6941.88255 6488.188713 6468.939329 6190.592828 5949.278996 6171.240303 5977.533484 5901.281394 6243.114936 6250.034796 5898.942264 5671.991729 6014.633484 6281.694237 5356.631847 5494.833819 5557.761802 2665.181656 0 0 0 0 0 0 0 0 0 0 0 0 
0 0 0 0 0 0 0 0 0 0 0 0 2803.264131 5321.822849 5474.957163 6357.734724 5131.311056 5532.082409 5282.976446 5905.424869 5780.809397 6098.764845 5755.68447 5682.042138 6030.656337 6473.722096 6246.694578 6332.008655 6064.075909 5965.859369 6173.607822 6442.446562 6435.038941 7000.545362 6592.231312 6585.945575 6462.319809 6469.037028 7085.753022 7199.430285 6951.927083 6627.466321 7215.765912 6506.268593 6912.266013 7187.472758 7612.29645 7108.710374 7055.696845 6856.454591 6426.343882 7205.085669 6600.099925 6570.24839 7154.269571 7209.098871 6773.158689 6925.532804 6768.096766 6622.969065 6911.58574 6961.301395 6454.744732 7495.221614 7182.127933 7126.049463 6858.079898 6678.345212 6472.215658 6192.859516 6830.946049 6724.20913 6332.676677 6208.185458 6368.66634 6253.689246 6152.89764 5955.165481 6089.858245 5799.296272 5730.408034 5257.845449 6019.806044 5797.920965 5880.863405 5672.943697 5555.559157 2782.119379 0 0 0 0 0 0 0 0 0 0 0 0 
0 0 0 0 0 0 0 0 0 0 0 0 2539.427412 4894.25793 5384.089444 5801.553205 5727.178307 5774.467343 5474.253404 5964.871488 5403.78669 6199.139963 5459.114703 5777.92894 6142.574595 6447.858287 6319.187871 6113.674723 6247.006359 6291.203262 6546.00216 6427.398385 6733.448921 6430.516488 6941.090943 6567.204859 6689.724192 6898.796038 7064.207335 6424.869836 6790.801663 7028.914428 7406.923305 7251.933761 6999.002775 7299.876816 6743.334045 6608.339401 6745.923074 6643.584954 7438.137866 6994.056512 7206.027146 7289.253273 6690.292014 6562.288208 6830.67853 7029.523065 6762.18252 6876.748457 6803.037853 6902.079076 6323.505212 6564.561189 6546.357787 7023.476932 6600.845717 6937.477936 5966.037793 6250.115312 6271.336905 6377.80818 6651.373741 6437.533498 6489.213092 5607.880355 6454.548877 6239.80052 6314.19902 6094.97615 5924.763573 6247.787467 5579.453601 6270.589299 5903.863852 5600.644638 5093.902346 2864.444177 0 0 0 0 0 0 0 0 0 0 0 0 
0 0 0 0 0 0 0 0 0 0 0 0 2800.37259 5030.085793 5217.696455 5725.715568 5165.067991 5195.984007 5519.801981 5819.168132 5679.481428 5783.664238 6373.42481 6210.417371 6000.251443 6136.060947 6621.71921 6152.181034 6269.723993 6327.431007 6409.731482 6294.022181 6651.393317 6976.727208 6339.457435 6470.04895 6589.245786 6584.33778 6450.903713 6607.229347 6843.512572 6871.169831 6495.749274 7280.68498 6643.260075 6808.603631 6800.3138 7020.968273 6807.863541 7082.559318 6641.503066 7140.973785 6489.366725 6781.795364 6844.050585 7300.998041 7275.284468 6423.212217 7182.864259 6867.495294 6783.387324 6535.965723 7183.452745 6939.02114 6885.309188 6441.928734 6487.255889 6834.424414 6138.846092 6468.631462 6129.844368 6545.491078 6221.41828 6273.500626 6538.719113 6662.754573 6477.417253 5696.734302 6269.837005 5534.86198 5863.835871 5743.019106 5750.119912 6609.501787 5885.052645 6047.246996 5189.585544 2670.642761 0 0 0 0 0 0 0 0 0 0 0 0 
0 0 0 0 0 0 0 0 0 0 0 0 2645.122562 5437.033943 5303.076371 5497.929743 5975.040082 5653.872977 6015.644722 5656.884828 5361.815274 5929.057766 5551.502987 5866.040473 5954.162968 6013.954665 5784.665212 6346.539921 6477.8431 6218.665287 6257.487356 6857.284284 6329.451775 6256.226427 6772.683971 6685.232404 7022.922624 6139.40808 6636.276515 5969.793463 6384.90443 6578.032971 6586.689965 6990.615498 6534.876022 6959.349268 6910.432485 7156.4266 7086.70013 7115.931287 6760.368862 6819.049382 7322.552185 7004.653948 7106.799241 6638.63786 7307.82663 6623.782408 7162.239952 6675.842737 6601.691846 6572.868548 7216.870399 7047.48195 6661.313235 6478.99857 6397.42973 6841.842528 6976.136651 6192.714532 6488.759947 6298.016281 7120.760473 6332.785837 6275.709253 6917.895939 6706.141108 6324.224351 6223.758501 5921.925126 5812.615105 6211.48801 5839.163753 5958.741557 5991.766012 5618.4214 5816.369111 3101.58667 0 0 0 0 0 0 0 0 0 0 0 0 
0 0 0 0 0 0 0 0 0 0 0 0 2479.118036 5290.290485 5910.30181 5548.071029 6142.465768 5303.853244 5504.902699 5693.817081 5771.44614 6367.082387 6026.360049 5751.336094 6425.524679 6649.834944 6280.107552 6483.631264 5917.06667 6709.712125 6707.423846 6702.814435 6527.14969 6082.406659 7022.041531 6611.262392 6618.596925 6445.987042 6738.599444 6475.636342 6638.70111 6794.773438 6748.055362 6771.647473 7074.261023 6971.885617 6914.586921 7104.027238 6762.006385 7423.893324 6971.42623 6725.527149 7029.470781 6817.790005 6487.07468 6953.655917 7172.014104 7046.41052 7472.218075 7108.98839 6547.357121 7278.736743 7228.4203 6972.378838 6971.820355 6683.559517 6492.757901 6541.991231 6278.969412 6706.122296 6525.890004 6674.876334 5905.086241 6182.978934 6450.697043 5943.980558 6475.013725 6072.0841 5639.392035 5748.109863 6031.47978 5607.719824 5911.188195 5571.575931 5279.710281 4872.754617 5889.605076 2724.777401 0 0 0 0 0 0 0 0 0 0 0 0 
0 0 0 0 0 0 0 0 0 0 0 0 2661.933588 5280.240733 5142.929968 5733.374615 5254.390356 5905.696738 5284.674774 6065.503011 6011.262516 5665.49763 5759.544257 6799.274033 5965.402491 5730.010266 5996.354357 5939.908531 5915.338648 6958.904445 6769.906277 6095.076173 6437.748724 6594.19437 6406.427006 6833.129375 6585.649986 6871.255345 6410.851991 7142.620031 6498.571813 7358.758318 7428.587656 6927.567063 6422.336362 6764.223045 7446.707253 6734.375031 6880.876664 6590.25063 6532.167341 7079.769141 6847.235156 6530.288278 6872.966976 6896.585055 6479.1678 6440.846785 6894.632764 6386.799051 6992.638066 7361.84633 6895.038126 6725.814152 6438.494402 6048.101893 6348.979114 6650.082078 6955.735481 6209.525379 6436.658153 6267.211499 5898.628939 6189.382749 6569.603933 6197.058342 6327.166636 6188.835101 6082.861187 6133.876438 6218.462436 6372.206256 5557.394587 5852.037975 5452.247303 5762.048435 5463.374635 2412.935639 0 0 0 0 0 0 0 0 0 0 0 0 
0 0 0 0 0 0 0 0 0 0 0 0 2426.694861 5511.168955 5278.053864 5175.748827 5915.739302 5780.941245 5463.668663 5940.333045 6283.371355 5775.359587 5665.167401 5954.150346 6463.975336 6530.505345 6072.529484 6470.688307 6055.584761 6607.349198 6164.146762 6178.346422 6359.420693 6411.462275 6302.260039 6628.093551 6521.282921 6882.091887 6454.124034 6488.944933 6723.16274 7310.612686 6951.845486 6806.387718 6258.342654 7065.228712 7147.33157 7229.637081 7144.132302 6726.328919 7186.003106 6574.271762 6841.151132 6801.469565 7104.985684 6648.8528 7605.664207 6945.528036 7017.607026 7242.882406 7011.068865 6621.036085 6905.948393 6081.925074 6839.445224 6489.920301 5961.433203 6564.664205 6573.342849 6156.749735 6470.904493 6427.276234 5937.183225 6591.268679 5970.097359 6385.346794 6168.804815 5880.844773 5886.857994 5928.146994 6074.384449 5971.587987 5706.744979 5058.807677 5601.459646 5519.024877 5631.563527 2925.801948 0 0 0 0 0 0 0 0 0 0 0 0 
0 0 0 0 0 0 0 0 0 0 0 0 2689.174132 5814.615132 5331.958461 5511.902755 5573.99917 5486.975148 5973.835918 5991.554371 5865.700665 5536.842363 6672.257055 6818.932054 6363.479704 5930.221566 5891.793621 5847.532605 6357.733232 6401.648732 6458.671691 5996.769757 6576.284124 7103.327935 6864.93227 6446.657279 6509.047459 6393.144394 6777.266057 6842.801038 7078.394316 6016.398673 6726.334532 7296.488308 6726.620348 7134.132581 7112.919936 7218.255521 6719.077322 6886.895306 7372.659789 6595.406915 7102.081719 6973.648525 6576.058723 7323.195216 6745.686783 6662.308121 6481.681703 7228.216434 6808.185243 6482.590728 6289.982624 6460.980863 6286.717458 6643.720874 6093.885225 5943.806367 6593.834418 6281.502552 6928.772837 6220.757932 6752.069194 6368.277289 5840.098581 5659.48755 6159.389057 5963.848017 5991.927778 5583.944624 5435.640646 5776.33042 5940.571151 5881.764603 5475.748969 5469.919431 5365.853007 2450.892836 0 0 0 0 0 0 0 0 0 0 0 0 
0 0 0 0 0 0 0 0 0 0 0 0 2827.196562 5442.932522 5278.539564 5682.059843 5513.145922 5568.345511 5887.352205 5606.833632 5409.714647 6319.56563 5792.937086 5513.827734 6096.094676 6157.27571 6110.377544 5612.059231 6034.301411 6434.367229 6203.235858 6256.724873 6697.485265 6595.449232 6993.521739 6463.994199 6666.496941 6931.151479 6559.050766 6901.72203 6530.688524 6858.913426 7321.890525 6636.364516 6600.280596 6970.873929 6882.211738 6833.026818 6916.808342 7050.241642 7047.991774 6668.841031 7001.336535 6824.575425 7321.765723 6993.215845 7091.39403 6743.565459 6649.399162 6708.296351 6272.719779 7075.754548 6533.69394 6525.799722 6720.483526 6376.540613 6913.570728 6760.807257 6613.494886 6068.366616 6772.202727 6031.66715 6241.857209 6589.729448 6285.081906 5822.896144 6488.558915 5852.806797 5741.891761 6167.950054 5923.426114 6059.501136 5600.89449 5709.98215 5771.892762 5279.535066 5314.463543 2218.38198 0 0 0 0 0 0 0 0 0 0 0 0 
0 0 0 0 0 0 0 0 0 0 0 0 3109.805585 5830.485016 5077.684101 5435.733659 6113.612061 5158.363752 6551.878494 5852.264838 5899.997561 5398.870027 5950.43086 5420.873082 5433.281984 5686.010892 6116.891913 7059.717248 6074.630646 5991.381753 5895.691636 6335.768999 6293.763563 6738.867982 6684.474474 6539.056332 6218.158346 6649.448937 6749.93003 6818.10009 6744.413878 6999.210477 6931.125819 6515.417102 6910.328585 6614.806221 6351.847344 6743.232115 6768.064685 6484.560044 7446.587112 6529.509266 6278.796037 6830.862201 6544.935696 6598.554174 6828.178215 7038.585408 7004.407349 6598.807398 7296.473146 6640.380377 6556.201518 6342.485851 6155.800386 7018.356607 6882.503623 6830.965477 6443.483314 6224.167014 6838.966526 6152.142885 6222.808472 6402.200896 6324.329445 6078.906605 6529.158711 5539.487934 6086.102581 5836.944742 5858.654505 5701.341093 6054.600167 5337.025968 5984.295227 5671.372392 5308.703627 2524.492161 0 0 0 0 0 0 0 0 0 0 0 0 
0 0 0 0 0 0 0 0 0 0 0 0 2461.880333 5134.75492 4966.553066 5614.377438 5470.951427 5762.483538 5620.950176 5744.364639 5690.758915 5774.394892 5889.604898 5846.361615 6024.440119 6328.648839 6056.563551 6363.366993 6487.593224 6597.287746 6393.995155 6462.054705 6965.384478 5899.54001 6275.3764 7365.4234 6217.079611 6472.178628 6814.712274 7169.724529 6769.693992 6585.438861 7142.361169 7177.864124 6470.726462 7126.204251 7127.070248 6441.007647 6966.721917 6462.688445 7095.526471 6744.566005 6777.341366 7397.321749 6908.053811 7220.313952 6451.547442 7026.558886 6782.612632 6985.27565 7019.709757 7130.969593 6762.960615 6317.316982 6217.409549 6247.884686 6176.650575 6700.005742 6958.857443 6716.664293 6159.616762 6526.612955 6187.11476 5956.682003 6407.052789 6182.192729 6389.173063 5769.390731 5684.021525 6089.439049 5640.822172 5542.935949 6036.671534 5676.454854 5941.062532 5068.576458 5446.602175 2803.627941 0 0 0 0 0 0 0 0 0 0 0 0 
0 0 0 0 0 0 0 0 0 0 0 0 2579.174155 4961.114318 5498.863913 5124.423124 5515.967916 5266.638446 5038.157272 6101.051692 5937.598898 6030.667441 6066.333783 5617.259025 5978.906196 6248.457995 6264.43189 6101.338184 6245.354537 6091.774585 6105.671659 6210.539674 6446.267746 6490.124084 6814.536647 6816.32345 6565.444909 6547.004931 6919.166508 6121.901635 6471.611024 7122.963629 6158.197836 7041.824014 6175.600242 6651.933026 6423.793918 6645.505685 6917.406391 6858.946079 6533.686343 6797.577582 6547.781583 6707.663538 7332.603605 7001.057186 7010.103429 6864.422598 7097.262897 6215.118072 6921.935785 6650.850955 7103.648033 6989.757494 6357.584392 6610.993102 6138.514812 6817.590743 6289.926936 6442.555401 6294.433976 6353.010056 6169.033062 6337.919664 6280.209284 5677.149067 6279.840882 5825.931547 5740.461357 5704.972653 5455.994334 5897.156781 5752.585043 5510.696931 5737.916518 5595.272565 5497.04995 2928.848581 0 0 0 0 0 0 0 0 0 0 0 0 
0 0 0 0 0 0 0 0 0 0 0 0 2733.540647 5242.436899 4831.654558 5728.029075 5443.400553 5173.423188 5333.849651 5557.716518 5474.943974 5602.504118 5670.134938 6143.798238 5814.435305 5899.441296 5885.08579 5938.707778 6596.422371 5701.378271 6480.446308 6108.303687 6536.106275 6408.485004 6696.627157 6317.65375 6955.891271 7212.293452 7212.308194 6762.602392 6794.479087 6555.230463 6666.577681 6674.870599 5998.720862 6064.539245 6792.146425 6626.185789 6579.308963 6653.964461 6753.577007 6628.881642 6472.564081 6948.482515 6774.228438 6710.730974 7066.134043 6976.914872 6443.065228 6995.330331 6808.657277 6749.154651 6655.982983 6828.077768 6486.93234 6298.75733 7281.155718 6126.151216 6640.01634 6177.594986 6352.572066 6225.882851 6697.57957 6331.186463 5859.012954 6508.317862 6054.923167 5957.813604 5748.154678 6430.924137 5873.653324 5633.132041 5577.265848 5924.170974 5488.637416 5387.831515 5286.223289 2798.285029 0 0 0 0 0 0 0 0 0 0 0 0 
0 0 0 0 0 0 0 0 0 0 0 0 2548.549642 4888.196622 5264.143322 5344.870635 5382.74895 5448.092681 5573.444085 5587.52013 5804.396133 5865.275665 5509.710235 6200.639597 5430.609836 6215.086613 5530.908561 6110.824538 6422.499627 6189.866583 5960.058467 6640.191795 6244.73951 6537.171711 5989.943067 6375.703548 6971.141482 6574.403561 6751.700465 6939.715046 6410.465125 6390.804306 6896.405377 6732.263545 6947.45742 6761.339834 6552.361254 6705.148006 7115.867331 6668.248309 6840.82637 7374.714591 6545.964161 6946.098834 6803.095115 6259.027223 7029.059603 6770.53032 6424.643398 6570.408923 6240.703357 6442.109588 6448.81339 6420.371444 6940.169282 6553.147646 6299.154124 6354.206842 6427.986871 6604.798615 6391.135695 6154.446958 5884.954108 6635.306366 6241.666177 5809.482356 6474.429716 5430.391807 5729.578048 6156.717612 5744.618828 5280.553366 5416.503228 5358.986177 5798.327298 5162.336976 5337.568123 2533.355399 0 0 0 0 0 0 0 0 0 0 0 0 
0 0 0 0 0 0 0 0 0 0 0 0 2731.006457 4817.424089 5549.692171 5102.431633 5206.240878 5569.786928 5241.079595 5218.775926 5577.053818 5265.45673 5888.683224 5399.338598 5838.498854 6144.961386 5997.631872 6292.09072 6047.331727 6683.143947 6221.562091 5927.635948 6404.531728 7054.037294 6135.475685 6125.205453 6071.635645 6324.657524 6421.841265 6958.595331 6759.8641 6828.10287 6695.007975 6296.982851 6275.575461 6699.772772 7035.535857 7058.428168 6824.114163 6762.233434 6321.539787 6337.371078 6872.9357 6206.047049 6680.297888 7366.644586 6163.855785 6765.095496 6198.011924 7045.483972 6729.598168 6500.749332 6058.164992 6576.602718 6352.455654 6157.245022 6054.227519 6393.683287 6581.795367 6225.051072 6156.517755 5999.984795 6186.014173 6504.567266 6076.783146 6358.315159 6131.424533 5594.699247 5591.786437 5555.914521 5830.826317 5578.349386 5355.723946 5708.814694 5127.685765 5406.434074 5394.296022 2604.00254 0 0 0 0 0 0 0 0 0 0 0 0 
0 0 0 0 0 0 0 0 0 0 0 0 2595.905697 5147.868131 5528.801464 5057.831938 5409.964685 5463.54079 6087.735353 5504.408774 4921.075211 6018.847221 6216.305654 5511.470771 6097.994864 6240.739163 5676.193523 5932.66356 6263.580606 6334.776152 5788.128799 6702.396309 6481.909396 6008.873608 6023.53681 6350.092574 6465.123009 6625.982817 6654.529109 6722.791124 6178.177142 6467.533901 6471.419699 6306.259976 6794.971661 6586.617504 6956.478096 6442.051701 6961.351822 6451.364336 6519.501301 6909.064821 6891.02792 6889.335238 7109.375444 6256.960274 6662.449452 6527.175356 6596.442744 6676.560551 6715.679027 6886.186379 6109.823296 5939.250265 6187.535491 6183.496822 6531.359627 6074.581703 6588.667767 6318.391755 6072.806765 5985.881107 6133.905813 6072.358369 5907.080303 5907.055477 6454.107166 6007.182349 6268.129398 5732.273711 5846.326782 5601.712038 5356.255174 5483.734102 5254.059088 5669.939356 5169.807762 2747.564579 0 0 0 0 0 0 0 0 0 0 0 0 
0 0 0 0 0 0 0 0 0 0 0 0 2318.963035 4883.612869 5258.321879 5296.387888 5258.421034 5599.706579 5406.662445 5806.008347 5844.161901 5435.537602 5242.675484 5808.359978 5835.246737 6100.838734 5938.21445 5823.107993 6682.054484 6057.839847 6050.495975 6011.470968 6210.970432 6245.223426 6667.025438 5978.668955 5703.648736 6586.583925 6211.480377 6415.974375 6497.865023 6808.598761 6431.964312 6840.122814 6638.198688 6664.669845 6968.545609 7118.252099 6249.37337 6441.96418 6861.456319 6436.436836 6798.172742 6739.305421 7101.508805 6621.670898 6718.339523 6294.051017 6781.70643 6231.670419 6680.563525 6538.33479 6078.662777 6788.507011 6240.476222 5984.895858 5763.131881 6603.758125 6284.310836 6364.059341 6062.511224 6508.281594 5995.243374 6224.247692 6244.381056 5786.549659 5444.829281 5855.970862 5656.961018 6005.415246 5395.625118 5433.822303 5192.321803 5193.700757 5138.300891 5764.065961 5099.27371 2624.741724 0 0 0 0 0 0 0 0 0 0 0 0 
0 0 0 0 0 0 0 0 0 0 0 0 2290.042887 4708.71136 5230.485322 5106.789909 5372.004847 5523.457657 5206.943665 5543.044246 5642.948305 5684.73908 5583.100577 6005.099466 5814.586657 5628.884712 5882.259774 6013.930721 5961.874688 6109.647458 6205.794982 6277.378253 6200.102272 6698.007939 6306.353567 5935.949269 6780.584268 6820.977346 6576.178968 6384.821719 6339.247314 6553.273122 6130.762307 6924.706727 6853.576111 7148.632085 6888.539299 6742.522833 6484.316229 7068.644361 6082.068561 6968.667299 6445.04906 7075.518723 6599.873044 6297.529758 6609.975994 6369.190728 6419.737717 6285.292772 6710.319421 6708.401591 6183.700184 6836.502186 6411.528577 6160.543742 5965.640474 6378.269823 6069.89595 6289.70476 6271.442388 5988.119325 6359.472558 6245.710038 5841.123743 5924.403677 5716.66348 6252.837398 5426.501531 5316.275012 5973.096733 5554.411089 5310.821369 5738.56136 4945.540475 5521.778249 5424.031173 2402.721187 0 0 0 0 0 0 0 0 0 0 0 0 
0 0 0 0 0 0 0 0 0 0 0 0 2401.082527 5107.63725 5176.505104 5115.293457 4561.965352 5335.386518 5469.101172 5488.276233 5511.516641 5708.674196 5912.351462 5552.097507 6925.731512 5767.398447 5938.59667 6266.170118 5739.572119 6819.129703 5939.331303 6440.466511 6272.98618 6050.545237 6740.972009 6098.550626 6646.921349 6720.455794 6642.548393 6461.181494 6399.997199 6575.851145 6541.2226 6178.434967 6726.876708 6329.060257 6838.439635 6652.043933 6143.941716 6706.634832 6325.118653 6393.270336 6362.507223 6289.978849 6523.982789 6607.472951 6465.054536 6503.610371 6756.633166 6407.447757 6928.967468 6603.004562 6995.511496 6336.5102 6447.568273 6081.589418 6346.148696 5776.680413 6306.803926 5981.773605 6288.376698 6264.125317 6013.32392 5614.673226 6208.881482 5962.508871 6178.043501 5759.054175 5739.2502 5822.230916 5785.864215 5727.828967 5442.833102 5487.860955 5381.75246 5004.754504 4773.343486 2512.818663 0 0 0 0 0 0 0 0 0 0 0 0 
0 0 0 0 0 0 0 0 0 0 0 0 2421.504924 5204.584946 5267.99262 5129.675284 5169.612997 4893.341433 5140.920482 5463.074777 5455.602872 5227.991041 5785.400324 5636.614173 6182.850907 5981.678983 5880.50394 5464.082936 5777.484158 5884.064893 6311.843393 5861.587696 6307.746481 5639.385424 6070.33377 6586.85304 6393.610416 6765.224905 6450.255233 6664.235405 7135.880665 6814.015638 6919.799047 6649.013088 6935.415604 6613.778055 6509.177544 6962.302942 6151.920836 6415.877868 6873.072677 6827.666292 6151.009547 6382.484822 6592.926488 7025.842312 6395.58578 6583.343935 6566.224083 6688.463245 6628.027222 6282.191399 6410.132023 6793.333161 5998.202708 6180.086313 6232.318157 5661.561193 6254.710582 6681.199007 6060.164357 5797.445486 6336.999681 6137.277538 6292.762555 6239.059782 6124.629236 5533.35 5688.009885 5668.448852 5812.46157 5658.175459 5824.304301 5665.068237 5673.910282 5538.910899 5570.578849 2685.613613 0 0 0 0 0 0 0 0 0 0 0 0 
0 0 0 0 0 0 0 0 0 0 0 0 2481.795869 5271.139683 5585.42729 5564.862358 5511.25017 5471.886822 5412.448053 5601.740384 5385.458425 5939.646025 5995.489939 5723.558953 5972.972069 5975.228594 6026.277856 6125.109584 6143.367744 5968.61407 6018.078834 6070.015849 5958.51797 5998.025295 5962.113642 6279.940255 5590.187107 5788.367461 6065.581204 6059.177584 5979.424097 5923.326929 6615.058632 6389.084254 6613.345469 6724.946965 6570.941949 6407.44284 6816.856545 6444.651744 6302.663544 6381.904795 6192.381574 6573.571059 6609.225535 6259.493255 6066.200742 6655.578841 6228.285692 6585.305496 6287.282267 6570.337526 6017.250378 6296.148207 5713.385872 6273.01961 6496.923955 6132.114249 6096.520244 5957.541649 6646.098431 5966.295058 6253.130987 5816.960959 6336.694731 5706.671042 5800.012028 5861.416138 5963.397193 4920.86078 4897.419116 5732.246119 5316.206015 5017.389178 5166.089831 5313.067034 4724.660603 2726.24783 0 0 0 0 0 0 0 0 0 0 0 0 
0 0 0 0 0 0 0 0 0 0 0 0 2462.770088 5153.419049 5157.509825 5171.277861 5145.209129 5747.326241 5660.080409 5457.821409 5211.521592 5037.545143 5866.391629 5518.785586 5903.676696 5797.788847 6096.417623 5896.632049 6143.303774 6310.336699 5700.356327 6333.828716 5903.869494 6327.772724 5695.922593 5971.972419 6240.467859 6186.380489 6354.652031 6580.306016 6408.0748 6334.132122 6864.916137 6221.064622 7036.718681 6541.783568 6108.230568 6698.350938 6743.274116 6262.238178 6277.6548 6218.775665 6699.679638 6693.208478 6557.073694 6371.804553 6755.968093 6299.255283 6018.81213 6290.955923 6786.36773 6372.782424 6588.07322 6147.482315 6448.254029 6317.460692 6407.54502 6582.176743 6195.608673 6312.424803 6141.023015 6418.170002 6108.936159 5666.056973 5874.308939 6157.384773 5722.03852 5740.631405 5587.206254 5941.464716 5339.019715 5450.35023 5008.19454 5158.351815 5155.968898 4851.427887 5078.665485 2542.969589 0 0 0 0 0 0 0 0 0 0 0 0 
0 0 0 0 0 0 0 0 0 0 0 0 2393.964782 5338.884658 4343.655271 5261.526517 4980.342869 4908.880247 4895.238837 5280.0117 5368.613545 5674.46642 5485.485494 5106.052661 5387.579211 5733.993226 5844.188845 5531.642307 5330.613116 5826.914461 6124.46611 6003.605007 6201.703006 5853.53747 5542.063629 5408.545891 6192.113546 6216.745331 6520.174879 6498.399218 6571.623271 6422.418191 6663.526856 6594.423758 6588.102659 6130.192653 6423.54347 6260.406098 6022.736213 5967.570099 6098.216575 6416.251518 6491.865599 6757.957474 6672.462088 6761.465579 6300.211499 6672.555849 6335.173731 6196.637983 6130.346281 5938.192284 6469.221658 6703.59626 6254.865853 6052.005475 6431.352212 6227.472983 5962.957025 5849.838671 6345.188423 6693.476214 5689.386021 6057.278194 5894.776298 5842.207723 5733.515457 5500.43354 4971.08895 5807.508203 5535.024279 6146.398203 5305.540201 5267.35628 5004.459015 4666.636312 5041.320742 2466.170116 0 0 0 0 0 0 0 0 0 0 0 0 
0 0 0 0 0 0 0 0 0 0 0 0 2698.221139 4807.89518 5201.780154 5125.416526 5285.411724 5240.597915 5241.119025 5489.525883 5119.175311 5536.415601 5670.277614 5722.523449 5503.157311 5921.988748 5849.962811 5836.776311 5640.808554 6477.310851 6074.523505 5732.620342 5934.287111 5815.330984 6332.15084 5961.005638 6433.245362 6155.973846 6103.463601 5846.758156 6694.848935 5967.745677 5951.514878 6582.104583 5953.420975 6287.293613 5959.145635 6397.655654 6209.335054 6250.183809 6373.256493 6604.200175 6075.464869 6126.997801 6912.851274 6488.138518 6289.02773 6388.131858 6515.06406 5867.382052 6329.848475 6609.463602 6546.44729 6422.388661 6382.913579 6317.963402 6139.977652 6247.604297 6367.054435 5940.089366 6082.460972 6198.612723 6152.557432 5532.834927 5581.379194 5661.234772 5358.781423 5633.846603 5682.281427 5320.560618 5160.905666 5740.840671 5188.304119 5045.352706 5410.692054 4820.70941 4899.801865 2537.887787 0 0 0 0 0 0 0 0 0 0 0 0 
0 0 0 0 0 0 0 0 0 0 0 0 2800.083463 4733.539761 4738.765825 4972.226998 4881.532884 5176.468805 5134.538706 5362.856121 5288.794795 5162.719648 5539.192087 5550.501361 5656.204132 5276.615142 5394.084014 5793.502177 5454.682576 5919.923906 6306.091159 5598.382188 5819.034362 6208.335874 5844.633137 6265.037088 5789.955871 5570.092856 6341.497489 6250.894992 5977.579994 6448.828766 5680.34942 6509.68027 6005.307149 6111.941677 6494.26575 6646.99521 6214.723779 6527.15383 6190.526741 6704.022152 6126.682214 6399.414802 6430.5556 6222.868322 6031.108969 6225.229028 6454.378634 6028.828467 6553.459461 6206.995062 6279.042698 6179.404865 5930.700536 5915.249069 5846.507605 5621.004025 6014.1428 5585.059631 5839.480653 5817.985425 5883.448624 5494.986416 5821.944078 5656.763151 6039.57218 5645.332911 5131.19475 5036.423656 5724.006359 5188.969456 5767.089406 5605.178438 5046.584103 5243.008103 5092.461906 2420.599078 0 0 0 0 0 0 0 0 0 0 0 0 
0 0 0 0 0 0 0 0 0 0 0 0 2174.195035 5052.556788 4847.500215 5225.987808 5146.301899 5559.378171 4966.959592 5123.699157 5656.466288 5434.181587 5362.324682 5675.329376 5967.534956 5232.916553 5658.621541 5872.848732 5775.18675 6237.757302 6189.564353 5678.315398 5600.869914 5722.052115 5512.972711 6262.51063 6311.455594 5794.090006 6442.14891 5968.168032 6184.972096 6179.320829 6498.453545 6607.967315 5582.730098 6974.379373 6285.956745 6048.977389 6179.972522 5689.369319 5912.329217 6093.266187 6330.085815 6204.318844 6241.690207 6114.413783 6526.050841 6740.120777 5970.324878 6055.535586 6462.201042 5913.565652 5970.031706 6563.067592 5837.425631 6153.976296 6481.869397 5986.693311 6193.444198 6130.402649 6180.982524 5794.303124 5588.226021 5492.582847 5378.000749 4959.920331 5485.429456 5483.680367 5396.512744 5272.703125 5625.964819 5020.158247 5128.149313 5657.276774 5622.235121 4880.546412 4802.845604 2305.582588 0 0 0 0 0 0 0 0 0 0 0 0 
0 0 0 0 0 0 0 0 0 0 0 0 2455.324546 4400.355248 4767.168684 4993.523847 4619.89279 5616.603222 5169.812052 5365.388267 5410.246335 5015.302647 5239.957219 5551.876357 5590.641376 5333.20804 5462.273748 5647.171988 5296.194816 5885.989532 5842.776624 6419.085113 5443.82408 6588.454345 6502.349291 6052.283825 6035.591214 6434.061816 6697.620439 5674.990628 5729.422882 5639.673614 6010.654602 6146.319201 5862.144945 6179.259319 5694.169176 5846.677031 6314.330571 6419.635624 5814.797997 5982.077177 6211.653526 6164.645716 6468.563987 6269.003591 6073.647777 6177.295387 5965.999158 6237.091035 6184.158548 6156.032669 5746.289517 5717.389783 5471.975741 5765.377899 5664.17474 6078.010878 6252.778881 5877.697103 6020.275508 5186.062557 5673.966797 5879.682143 5513.119482 5682.863285 5651.53215 5633.228402 5022.201389 5301.257321 5285.38596 4983.710545 4928.401943 5364.974315 5552.294023 4831.552356 4693.109279 2659.539971 0 0 0 0 0 0 0 0 0 0 0 0 
0 0 0 0 0 0 0 0 0 0 0 0 2396.535516 5120.60314 5316.632304 4950.33784 5032.269009 5234.237625 5365.78116 5430.470268 5318.976618 4796.79509 5289.900926 5569.301953 5404.945352 5789.966043 5202.322362 5517.52622 5230.941625 5686.520464 5779.202573 6333.505899 5516.885932 5902.355109 5683.682332 5970.032367 5974.340428 6180.524812 6114.991547 6115.053057 6359.588495 6576.260626 6236.610482 6316.70409 6132.302257 5998.237915 6141.667858 6017.803553 5777.401111 6577.186726 6378.325909 6284.528899 6185.181168 6299.771707 6071.262086 6258.996231 6146.107298 5412.210094 6249.498059 5946.543856 6591.058397 6195.911025 5893.453791 5923.180165 5571.482537 5685.473695 6005.636471 5948.112592 5855.865948 6078.983775 5630.69701 6017.741611 5932.434199 5883.64161 5380.922505 5340.332648 5487.937612 5495.249268 5384.032661 5210.687782 5087.115664 5038.146833 5258.745769 5010.089499 5130.056899 4959.03533 4738.213875 2422.086348 0 0 0 0 0 0 0 0 0 0 0 0 
0 0 0 0 0 0 0 0 0 0 0 0 2476.184561 4820.527898 4765.347975 4917.931687 5145.227198 4793.028031 5212.657143 5036.769395 5091.436557 5308.766854 5361.27509 5111.033005 5396.734911 5356.499226 5149.52521 5597.319248 5582.316097 5819.39589 5843.073499 5922.607314 5943.871154 5584.262128 5800.589374 5807.125675 5452.652801 6086.483127 5885.556944 6021.776253 6048.352661 6289.67403 5859.641576 6347.507883 6332.405679 6247.093983 6469.750463 5679.971345 6230.737404 6225.573767 6264.773119 5947.640235 6211.326749 6163.81747 6131.766382 5756.893411 5844.986146 5821.574111 6221.039086 5885.144323 5705.956378 5775.01584 6098.0475 5910.937902 6221.622983 5919.570918 6018.573294 5465.395981 6077.03003 6141.0703 5643.395918 5770.445412 6026.946783 5103.965466 5225.092585 5221.129629 5154.987833 6006.172094 5456.091194 5081.982931 5342.786886 5483.442609 5037.278523 5279.963241 4992.540788 5021.032473 4685.615492 2321.786486 0 0 0 0 0 0 0 0 0 0 0 0 
0 0 0 0 0 0 0 0 0 0 0 0 2094.769013 4713.258274 4598.497188 5497.450223 4380.024075 4990.248784 5047.76022 4853.196397 4672.955007 5336.229474 5939.674192 5592.550624 5320.13422 5302.653878 5212.93736 5422.036287 5414.497808 5426.658579 6089.940358 5524.720594 6390.890289 5630.581285 5357.320046 6085.532889 6229.170433 5825.445471 5586.558444 6023.786679 6185.157619 6119.219432 6244.490598 5761.390628 5849.902084 6161.867577 5715.371382 6341.94658 6294.41603 6011.646859 5913.862174 5704.051223 6050.528917 5951.431206 5605.866329 5838.306339 5802.741264 6263.374108 5956.762019 6155.337584 5812.430685 6061.138972 6114.228549 6026.802796 6607.431645 5346.486145 5951.792794 5553.946476 6031.666004 5977.652767 6147.537547 5485.558995 5760.466565 5485.241079 5136.834551 5031.918447 5399.17849 5431.294795 5229.880767 5275.450454 5066.78771 5457.568715 5677.736387 4865.885937 5112.809069 5103.800637 4572.110982 2126.296131 0 0 0 0 0 0 0 0 0 0 0 0 
0 0 0 0 0 0 0 0 0 0 0 0 2170.067884 4753.111254 4341.057742 4506.339876 4968.206339 4789.976067 5351.455616 5401.650723 5337.522954 4788.891797 4930.529461 5286.040321 5005.904007 5598.727476 5571.620483 5612.187685 5691.009864 5240.321912 5464.350928 5524.16047 6449.400173 5796.477849 5788.804557 5874.017803 5986.130941 5972.516814 6266.458245 5424.037383 5764.062069 5319.424409 5804.430785 5929.042309 5875.581923 6353.068266 6250.767196 5885.984833 6098.943217 5990.358266 6283.523914 5954.821258 6064.292732 6223.286541 5962.089054 5971.797827 6143.000825 6196.992695 6112.84762 6045.288318 5717.949337 6088.813056 5938.86927 6348.630093 6084.593405 5563.705048 5824.128142 5667.304756 5352.745326 5209.858747 5642.349624 5722.412084 5523.425184 5231.483019 5445.134526 5362.338886 5374.479344 5242.03612 5338.714657 4876.787188 5870.290826 4950.830907 4989.904936 5008.155278 4979.864504 4952.344961 5140.592376 2477.456239 0 0 0 0 0 0 0 0 0 0 0 0 
0 0 0 0 0 0 0 0 0 0 0 0 2405.136416 5251.143222 5388.052192 4876.726453 4335.949078 4748.451385 4840.728633 4882.023768 5323.817471 5046.512535 5165.010124 4951.303047 5640.981542 5389.377523 5130.966238 5638.050306 5631.020842 5313.438451 5390.089882 5705.720106 5827.198073 5478.513571 5732.375434 6249.846375 5228.259068 5793.200479 6103.938361 5308.874538 6172.504799 6027.768221 5562.429401 5930.067283 6111.713615 5956.676045 6378.527327 5876.890589 6014.294442 6565.858117 6099.499986 6039.124725 6009.728361 5911.900003 5778.169209 5962.027944 6389.805783 6175.010724 5712.693382 5700.120378 5749.745024 5923.872109 5685.781315 5756.151796 5724.018148 5923.444753 5695.677767 5559.851493 5755.047594 5268.24047 5351.823966 5952.323838 5789.461795 5992.718662 5214.751391 4906.787663 5246.063588 4932.961737 5062.333735 4915.744429 5232.821897 5213.656024 4839.315273 5165.158752 4931.193383 4707.48204 4907.375956 2546.328046 0 0 0 0 0 0 0 0 0 0 0 0 
0 0 0 0 0 0 0 0 0 0 0 0 2243.003066 4512.389236 4253.538754 4422.734362 4378.990913 4577.669836 4819.600858 4968.272044 4728.535559 5355.798488 4986.250399 5425.226754 5575.374961 5073.966284 5675.80445 5510.539991 5412.492053 5246.945547 5684.285294 5274.270331 5580.454813 5926.749052 5486.519001 5329.452477 5832.485604 5597.16801 5542.742891 5394.907047 5482.870851 5872.883739 6104.48527 5777.673632 5487.444921 5720.661854 6020.712673 6071.68122 6195.391741 5814.626029 5709.047814 5886.136363 5392.769501 6231.682971 6024.277977 5678.098791 5838.668327 5870.404365 5325.88304 5858.964941 5541.983703 5424.067425 5859.914433 6157.399458 5738.652506 5531.70084 5498.060875 5288.200633 5502.804241 5183.541553 5446.070745 5257.916569 5121.261341 5092.184227 5409.097388 5097.031946 5335.651568 5517.825965 5110.755252 4559.230155 4869.448839 5187.687325 5212.179079 4708.798958 4412.151297 4692.185385 4826.937577 2251.806614 0 0 0 0 0 0 0 0 0 0 0 0 
0 0 0 0 0 0 0 0 0 0 0 0 2564.548997 4726.246986 4260.877931 4751.9338 4832.551666 4808.728904 5005.702131 4611.754579 4638.326697 4915.785915 4810.723948 4858.975444 5169.290518 5267.902026 5028.660156 5574.188358 5382.088478 5233.258747 5472.606709 5595.208383 5716.30773 5249.995416 5625.462646 5305.29727 5967.971877 5438.919993 5941.218925 5614.323327 5845.68542 6040.741622 5891.008125 5791.27786 6095.511892 6819.689019 5925.324549 6046.110333 6113.839825 5539.163535 6063.572399 5845.438148 5735.365434 5761.610376 6051.248179 5452.427216 5712.781135 5527.332396 6187.725739 6114.252328 5427.320178 6155.264684 5652.144811 5508.076505 5459.724512 5779.773789 6038.476338 5493.494098 6094.817283 5654.363894 5658.464378 5369.503561 5896.07742 4992.674593 5799.984654 4708.369146 5830.384037 5189.254317 5346.310964 5117.729956 5422.996982 4905.395363 5351.012121 4941.540547 5176.248442 4942.836173 4502.528915 2210.523761 0 0 0 0 0 0 0 0 0 0 0 0 
0 0 0 0 0 0 0 0 0 0 0 0 874.0381842 2360.957218 2397.829426 2213.493688 2420.427383 2415.142047 2280.80018 2501.284354 2420.468996 2602.10191 2443.977305 2890.432592 2565.506221 2658.26788 2676.908444 2739.770586 2547.040146 2526.846971 3044.169733 2504.648171 2526.257669 2718.112651 2660.93588 2789.558815 2772.564355 2463.272584 2743.269847 2612.267567 2671.836451 2979.517588 2703.101329 2824.978626 3202.236336 2959.807179 2755.023367 2800.974509 3054.200707 2707.312292 2746.11815 3035.709379 3139.379582 2796.882381 2930.901321 2895.474815 2733.234137 3036.29018 2470.88148 2611.056537 2630.745793 2810.898988 3148.109326 2908.592985 2870.570387 2494.262703 2869.758228 2898.11489 2882.540035 2993.442332 2551.415892 2429.179994 2824.270374 2714.974438 2294.127072 2656.059183 2546.459742 2750.47848 2541.545564 2447.400788 2373.75308 2391.778895 2603.929665 2121.543547 2303.246717 2299.056555 2160.375132 817.6654942 0 0 0 0 0 0 0 0 0 0 0 0 
0 0 0 0 0 0 0 0 0 0 0 0 0 0 0 0 0 0 0 0 0 0 0 0 0 0 0 0 0 0 0 0 0 0 0 0 0 0 0 0 0 0 0 0 0 0 0 0 0 0 0 0 0 0 0 0 0 0 0 0 0 0 0 0 0 0 0 0 0 0 0 0 0 0 0 0 0 0 0 0 0 0 0 0 0 0 0 0 0 0 0 0 0 0 0 0 0 0 0 0 
0 0 0 0 0 0 0 0 0 0 0 0 0 0 0 0 0 0 0 0 0 0 0 0 0 0 0 0 0 0 0 0 0 0 0 0 0 0 0 0 0 0 0 0 0 0 0 0 0 0 0 0 0 0 0 0 0 0 0 0 0 0 0 0 0 0 0 0 0 0 0 0 0 0 0 0 0 0 0 0 0 0 0 0 0 0 0 0 0 0 0 0 0 0 0 0 0 0 0 0 
0 0 0 0 0 0 0 0 0 0 0 0 0 0 0 0 0 0 0 0 0 0 0 0 0 0 0 0 0 0 0 0 0 0 0 0 0 0 0 0 0 0 0 0 0 0 0 0 0 0 0 0 0 0 0 0 0 0 0 0 0 0 0 0 0 0 0 0 0 0 0 0 0 0 0 0 0 0 0 0 0 0 0 0 0 0 0 0 0 0 0 0 0 0 0 0 0 0 0 0 
0 0 0 0 0 0 0 0 0 0 0 0 0 0 0 0 0 0 0 0 0 0 0 0 0 0 0 0 0 0 0 0 0 0 0 0 0 0 0 0 0 0 0 0 0 0 0 0 0 0 0 0 0 0 0 0 0 0 0 0 0 0 0 0 0 0 0 0 0 0 0 0 0 0 0 0 0 0 0 0 0 0 0 0 0 0 0 0 0 0 0 0 0 0 0 0 0 0 0 0 
0 0 0 0 0 0 0 0 0 0 0 0 0 0 0 0 0 0 0 0 0 0 0 0 0 0 0 0 0 0 0 0 0 0 0 0 0 0 0 0 0 0 0 0 0 0 0 0 0 0 0 0 0 0 0 0 0 0 0 0 0 0 0 0 0 0 0 0 0 0 0 0 0 0 0 0 0 0 0 0 0 0 0 0 0 0 0 0 0 0 0 0 0 0 0 0 0 0 0 0 
0 0 0 0 0 0 0 0 0 0 0 0 0 0 0 0 0 0 0 0 0 0 0 0 0 0 0 0 0 0 0 0 0 0 0 0 0 0 0 0 0 0 0 0 0 0 0 0 0 0 0 0 0 0 0 0 0 0 0 0 0 0 0 0 0 0 0 0 0 0 0 0 0 0 0 0 0 0 0 0 0 0 0 0 0 0 0 0 0 0 0 0 0 0 0 0 0 0 0 0 
0 0 0 0 0 0 0 0 0 0 0 0 0 0 0 0 0 0 0 0 0 0 0 0 0 0 0 0 0 0 0 0 0 0 0 0 0 0 0 0 0 0 0 0 0 0 0 0 0 0 0 0 0 0 0 0 0 0 0 0 0 0 0 0 0 0 0 0 0 0 0 0 0 0 0 0 0 0 0 0 0 0 0 0 0 0 0 0 0 0 0 0 0 0 0 0 0 0 0 0 
0 0 0 0 0 0 0 0 0 0 0 0 0 0 0 0 0 0 0 0 0 0 0 0 0 0 0 0 0 0 0 0 0 0 0 0 0 0 0 0 0 0 0 0 0 0 0 0 0 0 0 0 0 0 0 0 0 0 0 0 0 0 0 0 0 0 0 0 0 0 0 0 0 0 0 0 0 0 0 0 0 0 0 0 0 0 0 0 0 0 0 0 0 0 0 0 0 0 0 0 
0 0 0 0 0 0 0 0 0 0 0 0 0 0 0 0 0 0 0 0 0 0 0 0 0 0 0 0 0 0 0 0 0 0 0 0 0 0 0 0 0 0 0 0 0 0 0 0 0 0 0 0 0 0 0 0 0 0 0 0 0 0 0 0 0 0 0 0 0 0 0 0 0 0 0 0 0 0 0 0 0 0 0 0 0 0 0 0 0 0 0 0 0 0 0 0 0 0 0 0 
0 0 0 0 0 0 0 0 0 0 0 0 0 0 0 0 0 0 0 0 0 0 0 0 0 0 0 0 0 0 0 0 0 0 0 0 0 0 0 0 0 0 0 0 0 0 0 0 0 0 0 0 0 0 0 0 0 0 0 0 0 0 0 0 0 0 0 0 0 0 0 0 0 0 0 0 0 0 0 0 0 0 0 0 0 0 0 0 0 0 0 0 0 0 0 0 0 0 0 0 
0 0 0 0 0 0 0 0 0 0 0 0 0 0 0 0 0 0 0 0 0 0 0 0 0 0 0 0 0 0 0 0 0 0 0 0 0 0 0 0 0 0 0 0 0 0 0 0 0 0 0 0 0 0 0 0 0 0 0 0 0 0 0 0 0 0 0 0 0 0 0 0 0 0 0 0 0 0 0 0 0 0 0 0 0 0 0 0 0 0 0 0 0 0 0 0 0 0 0 0 
0 0 0 0 0 0 0 0 0 0 0 0 0 0 0 0 0 0 0 0 0 0 0 0 0 0 0 0 0 0 0 0 0 0 0 0 0 0 0 0 0 0 0 0 0 0 0 0 0 0 0 0 0 0 0 0 0 0 0 0 0 0 0 0 0 0 0 0 0 0 0 0 0 0 0 0 0 0 0 0 0 0 0 0 0 0 0 0 0 0 0 0 0 0 0 0 0 0 0 0 
# Errors [SlitMonitor/SlitMonitor.dat] I_err:
0 0 0 0 0 0 0 0 0 0 0 0 0 0 0 0 0 0 0 0 0 0 0 0 0 0 0 0 0 0 0 0 0 0 0 0 0 0 0 0 0 0 0 0 0 0 0 0 0 0 0 0 0 0 0 0 0 0 0 0 0 0 0 0 0 0 0 0 0 0 0 0 0 0 0 0 0 0 0 0 0 0 0 0 0 0 0 0 0 0 0 0 0 0 0 0 0 0 0 0 
0 0 0 0 0 0 0 0 0 0 0 0 0 0 0 0 0 0 0 0 0 0 0 0 0 0 0 0 0 0 0 0 0 0 0 0 0 0 0 0 0 0 0 0 0 0 0 0 0 0 0 0 0 0 0 0 0 0 0 0 0 0 0 0 0 0 0 0 0 0 0 0 0 0 0 0 0 0 0 0 0 0 0 0 0 0 0 0 0 0 0 0 0 0 0 0 0 0 0 0 
0 0 0 0 0 0 0 0 0 0 0 0 0 0 0 0 0 0 0 0 0 0 0 0 0 0 0 0 0 0 0 0 0 0 0 0 0 0 0 0 0 0 0 0 0 0 0 0 0 0 0 0 0 0 0 0 0 0 0 0 0 0 0 0 0 0 0 0 0 0 0 0 0 0 0 0 0 0 0 0 0 0 0 0 0 0 0 0 0 0 0 0 0 0 0 0 0 0 0 0 
0 0 0 0 0 0 0 0 0 0 0 0 0 0 0 0 0 0 0 0 0 0 0 0 0 0 0 0 0 0 0 0 0 0 0 0 0 0 0 0 0 0 0 0 0 0 0 0 0 0 0 0 0 0 0 0 0 0 0 0 0 0 0 0 0 0 0 0 0 0 0 0 0 0 0 0 0 0 0 0 0 0 0 0 0 0 0 0 0 0 0 0 0 0 0 0 0 0 0 0 
0 0 0 0 0 0 0 0 0 0 0 0 0 0 0 0 0 0 0 0 0 0 0 0 0 0 0 0 0 0 0 0 0 0 0 0 0 0 0 0 0 0 0 0 0 0 0 0 0 0 0 0 0 0 0 0 0 0 0 0 0 0 0 0 0 0 0 0 0 0 0 0 0 0 0 0 0 0 0 0 0 0 0 0 0 0 0 0 0 0 0 0 0 0 0 0 0 0 0 0 
0 0 0 0 0 0 0 0 0 0 0 0 0 0 0 0 0 0 0 0 0 0 0 0 0 0 0 0 0 0 0 0 0 0 0 0 0 0 0 0 0 0 0 0 0 0 0 0 0 0 0 0 0 0 0 0 0 0 0 0 0 0 0 0 0 0 0 0 0 0 0 0 0 0 0 0 0 0 0 0 0 0 0 0 0 0 0 0 0 0 0 0 0 0 0 0 0 0 0 0 
0 0 0 0 0 0 0 0 0 0 0 0 0 0 0 0 0 0 0 0 0 0 0 0 0 0 0 0 0 0 0 0 0 0 0 0 0 0 0 0 0 0 0 0 0 0 0 0 0 0 0 0 0 0 0 0 0 0 0 0 0 0 0 0 0 0 0 0 0 0 0 0 0 0 0 0 0 0 0 0 0 0 0 0 0 0 0 0 0 0 0 0 0 0 0 0 0 0 0 0 
0 0 0 0 0 0 0 0 0 0 0 0 0 0 0 0 0 0 0 0 0 0 0 0 0 0 0 0 0 0 0 0 0 0 0 0 0 0 0 0 0 0 0 0 0 0 0 0 0 0 0 0 0 0 0 0 0 0 0 0 0 0 0 0 0 0 0 0 0 0 0 0 0 0 0 0 0 0 0 0 0 0 0 0 0 0 0 0 0 0 0 0 0 0 0 0 0 0 0 0 
0 0 0 0 0 0 0 0 0 0 0 0 0 0 0 0 0 0 0 0 0 0 0 0 0 0 0 0 0 0 0 0 0 0 0 0 0 0 0 0 0 0 0 0 0 0 0 0 0 0 0 0 0 0 0 0 0 0 0 0 0 0 0 0 0 0 0 0 0 0 0 0 0 0 0 0 0 0 0 0 0 0 0 0 0 0 0 0 0 0 0 0 0 0 0 0 0 0 0 0 
0 0 0 0 0 0 0 0 0 0 0 0 0 0 0 0 0 0 0 0 0 0 0 0 0 0 0 0 0 0 0 0 0 0 0 0 0 0 0 0 0 0 0 0 0 0 0 0 0 0 0 0 0 0 0 0 0 0 0 0 0 0 0 0 0 0 0 0 0 0 0 0 0 0 0 0 0 0 0 0 0 0 0 0 0 0 0 0 0 0 0 0 0 0 0 0 0 0 0 0 
0 0 0 0 0 0 0 0 0 0 0 0 0 0 0 0 0 0 0 0 0 0 0 0 0 0 0 0 0 0 0 0 0 0 0 0 0 0 0 0 0 0 0 0 0 0 0 0 0 0 0 0 0 0 0 0 0 0 0 0 0 0 0 0 0 0 0 0 0 0 0 0 0 0 0 0 0 0 0 0 0 0 0 0 0 0 0 0 0 0 0 0 0 0 0 0 0 0 0 0 
0 0 0 0 0 0 0 0 0 0 0 0 0 0 0 0 0 0 0 0 0 0 0 0 0 0 0 0 0 0 0 0 0 0 0 0 0 0 0 0 0 0 0 0 0 0 0 0 0 0 0 0 0 0 0 0 0 0 0 0 0 0 0 0 0 0 0 0 0 0 0 0 0 0 0 0 0 0 0 0 0 0 0 0 0 0 0 0 0 0 0 0 0 0 0 0 0 0 0 0 
0 0 0 0 0 0 0 0 0 0 0 0 109.3920056 163.387442 171.8776387 180.6647023 165.8191906 173.1707226 172.6361432 170.0955548 168.7515226 190.4182486 171.8083792 181.6938886 178.1124218 196.5792871 187.0814386 179.5332118 185.0245688 185.3062391 184.9785902 176.7628644 178.591297 186.9515909 181.6781389 201.7161228 188.8020783 184.0354922 191.9628113 196.2536596 176.9477393 192.6855955 196.1246955 193.3308227 200.3543487 182.4738514 193.4410052 208.1505748 191.8699803 185.412244 195.8674525 188.5602781 196.9386133 179.3572266 192.6556218 195.5200795 194.5156538 193.6383843 207.8757234 204.1030118 194.3631011 191.8316763 189.1408248 188.2709198 186.5023784 194.6336885 190.4324163 181.4681365 194.4229678 196.1805692 184.9912958 191.9462259 189.4031333 179.0828217 182.2956855 178.3135479 175.0996379 186.366674 174.5772854 174.4856384 183.395147 184.9898355 171.2047727 172.5208125 171.7997236 169.6971426 179.6449325 124.6473997 0 0 0 0 0 0 0 0 0 0 0 0 
0 0 0 0 0 0 0 0 0 0 0 0 190.4909105 232.8096483 241.3800646 236.6062041 251.3849228 250.7100819 245.4579695 254.590447 249.5452811 259.3788967 257.1353255 250.3066174 265.072338 260.7604224 262.4830407 259.4780462 247.3366218 266.3617676 256.0258216 269.8651336 278.2264574 260.3818582 269.9286508 268.4908674 273.8585666 272.9454598 270.7182285 264.6596847 272.8192742 260.2666993 259.9683935 273.1687918 278.0132943 276.0117862 285.325913 278.5783422 278.3225879 270.6468301 275.0553171 286.0134341 275.8647347 269.9658604 279.8485705 270.15042 275.163022 269.8555108 272.7003421 261.9485504 276.6163865 274.7344954 271.8049371 266.0612431 275.6350638 268.894784 260.6226627 271.5080103 262.5095075 266.0666013 271.5549153 282.2336116 263.5835504 259.9025633 255.3055292 273.9393391 247.4639626 252.4528661 249.9445285 246.0800999 252.4700915 247.0072426 248.1389009 245.4833791 248.8762975 243.2765029 251.0730372 162.2404438 0 0 0 0 0 0 0 0 0 0 0 0 
0 0 0 0 0 0 0 0 0 0 0 0 159.9174856 240.8974117 246.269196 238.7244743 252.6184608 252.8632575 231.9600037 253.5933825 254.8456753 247.6171088 257.4052679 250.986413 261.4740941 248.7209218 270.1499926 263.0027153 258.7890025 285.3826501 271.8006879 261.8597132 263.0545287 259.0274848 272.237918 278.6987196 275.6580682 259.7776313 269.4660689 276.1766222 277.738897 274.1957212 271.8856229 263.1530943 265.8291462 282.1196263 267.1689325 278.8544991 268.6263191 265.1225701 278.4674471 282.3981934 260.9896402 267.8667367 271.5541701 274.633772 274.1683761 270.2745873 261.5183436 286.6041972 273.0835304 287.1829326 255.3926283 284.4290107 277.4036327 251.5705091 277.0712025 263.2580473 260.6207156 272.7075757 275.3730937 254.660289 266.9548306 253.3789314 264.5033657 251.5323933 255.1981332 254.5140243 253.9616112 247.2110713 258.779308 251.6082373 249.2565385 255.638728 249.0200428 233.1573244 241.8983292 180.4138221 0 0 0 0 0 0 0 0 0 0 0 0 
0 0 0 0 0 0 0 0 0 0 0 0 179.5241698 247.6154588 238.1657215 251.6865014 249.5236778 252.843568 264.4144155 250.5707261 250.7493826 271.5543785 241.5066407 251.9103997 261.2000207 263.4100043 260.1611169 263.4981163 262.9505017 266.9672484 267.2681325 259.7820767 266.1071997 275.0308768 270.020646 262.9589921 272.2566836 273.6194745 271.6766439 277.6208383 268.5218914 284.0590972 268.738591 285.5897554 277.5966891 260.1573037 269.0479979 281.7082061 278.7706637 269.5630211 276.1070602 269.2741306 279.5742176 283.5472115 267.2481698 274.9709688 269.8867136 275.6298912 279.2045086 266.3416391 269.4664434 280.5873797 280.3575786 271.5614091 263.4058154 266.2908431 271.9585465 257.2876664 274.6559245 261.1134007 274.8216111 259.0102647 270.1205891 268.5500224 257.6992856 263.7505795 259.1795252 272.2547447 253.5102784 249.9270466 247.9581036 256.4940635 247.4302773 255.8017506 252.0504242 242.9982283 252.2896903 176.1116648 0 0 0 0 0 0 0 0 0 0 0 0 
0 0 0 0 0 0 0 0 0 0 0 0 167.595952 244.351036 247.1920841 258.387786 247.102104 248.0491221 249.888037 251.7917012 243.5418829 260.3099999 255.2393635 245.4263654 268.6430276 282.2786206 269.979004 264.5933425 264.977331 263.6898665 259.6201011 271.5810491 271.2598836 264.4243045 276.4942312 273.0744849 260.3142357 278.9446606 297.9687461 263.044259 268.0615473 273.3546433 276.4333196 276.1749649 267.4172455 277.5624706 268.8780374 276.3984832 280.2286981 280.3108391 280.4467133 279.4696752 276.5475216 263.7669898 282.9331211 273.48036 281.0160151 274.1688519 262.7191886 275.5009228 282.2487937 278.9634333 272.8661267 290.5630095 284.0377012 269.8799902 271.9355655 279.8188352 260.5730995 266.8218316 273.9264043 261.2013343 263.4178387 279.0691965 264.2010958 247.9820679 254.0019161 261.4665867 251.2858541 246.4431583 256.8740622 255.2988557 240.7176596 245.6460439 247.3718827 233.449569 246.6423358 154.1165585 0 0 0 0 0 0 0 0 0 0 0 0 
0 0 0 0 0 0 0 0 0 0 0 0 158.6024044 252.8695175 251.3915312 255.1576944 253.6904905 263.0950586 263.7316645 249.1668149 255.5073029 268.2822801 265.1023933 256.3160808 272.780248 268.0208243 274.8999486 252.5300254 279.9463147 272.1270013 276.3670927 267.7239885 276.1414215 273.6331108 282.957439 272.4096761 272.1719076 269.1217794 275.1292482 259.0941658 273.0381817 283.6912382 284.386173 271.8758165 299.2839338 284.9517423 272.0144894 273.6655735 267.2018339 280.0025229 282.7944451 271.2586506 271.5755979 283.5496565 281.3421567 280.7126582 277.2892246 274.1762979 285.9659653 262.9647326 273.274774 277.8066004 277.2934695 281.5076626 273.9686162 270.728098 274.4307966 275.9948346 267.3018643 265.4320167 262.5604814 270.5153658 265.5629277 265.097557 265.1545414 260.3444324 270.4701381 254.4029382 277.0394336 264.5587039 252.3141244 269.8412982 265.8893664 261.3339369 256.074544 247.1176574 235.6207611 180.1431576 0 0 0 0 0 0 0 0 0 0 0 0 
0 0 0 0 0 0 0 0 0 0 0 0 173.1859782 244.94061 255.2364586 252.2659916 248.4480255 245.2532832 265.1977898 254.5359737 252.611482 265.3950278 255.5961255 253.8567671 254.9763553 264.4934616 268.9181416 252.7931837 272.9130111 272.8028407 261.6985424 271.6971842 277.5735765 283.7531594 263.2803839 280.5007092 273.8907009 264.5256742 268.4861761 275.4052983 290.6399946 282.856391 286.3704163 283.4801291 264.0232166 277.3646071 268.7380079 283.0076212 283.4428861 288.2722377 278.8797509 271.5358456 279.3922696 281.0335093 272.5142696 273.8811793 278.0998687 275.3578134 272.0846953 274.3288307 284.6975116 284.8086912 283.7977129 263.6747296 277.2612153 270.9535067 292.8170374 263.4191698 279.1665707 270.7307017 274.1355559 265.5041045 273.4428302 272.2064565 262.311241 255.5749771 244.5269601 263.4395314 265.1342613 266.1563788 256.4013655 250.2625438 249.5310919 261.4316158 249.4014499 241.2165749 238.6327626 171.3645558 0 0 0 0 0 0 0 0 0 0 0 0 
0 0 0 0 0 0 0 0 0 0 0 0 176.0498836 259.988274 252.4978884 247.1630442 241.0116389 247.2095279 255.375432 262.6295853 256.0031523 258.7253274 254.7536374 265.9367261 257.3842321 245.525381 271.0067473 269.2035388 250.7435294 270.9742871 274.6991795 270.0434723 273.1789526 280.9087061 266.7805401 272.6700589 254.6571993 283.4597754 268.0069841 279.658884 265.6437163 278.9803267 280.189073 295.0893987 271.6396017 276.9633427 271.6448583 275.4373887 294.0504285 288.2013427 284.5484618 264.8184666 284.4933276 283.8542109 292.0708539 279.2705214 285.9087214 284.2237354 262.5987308 292.1379878 275.1504609 279.0598442 262.8560972 280.0419433 286.5577062 286.355698 274.2719775 270.1275995 275.87412 272.7166816 275.3843404 263.9261673 264.1459011 269.564817 270.7816125 261.4932872 260.9773806 264.2984972 256.604715 252.454808 262.2114802 256.3080283 261.060218 257.2448506 256.3011273 234.8053747 229.0272651 172.3799711 0 0 0 0 0 0 0 0 0 0 0 0 
0 0 0 0 0 0 0 0 0 0 0 0 175.5960296 255.334036 260.8970867 254.4924977 256.1941402 262.2349499 260.4256185 258.5550698 265.2252422 260.8162233 258.4244525 274.094677 260.9812462 276.219862 281.8012971 263.1949064 263.4660004 263.5223116 259.8185524 276.1617896 282.6865558 266.0015135 275.1478165 282.2795643 283.7535884 283.0829527 276.7103721 281.8952704 274.0912601 281.3328214 278.3994819 283.9883589 287.5240588 275.9121066 281.7579154 282.6880693 288.797242 302.8519981 282.4258213 279.8065188 276.810626 270.8182365 277.5142025 273.9970373 271.2209032 284.9698173 271.4129496 270.2157815 267.5828032 274.014577 281.4516003 276.795042 281.2151165 289.6097278 270.2908725 278.7477915 283.1326916 259.342019 273.8251674 267.844208 267.0131864 270.5915234 265.0653743 258.8593682 259.3763335 277.254288 262.6308336 263.1585925 257.5388893 262.4404314 254.5429533 251.6738751 251.0036453 248.7538498 252.7222296 183.963327 0 0 0 0 0 0 0 0 0 0 0 0 
0 0 0 0 0 0 0 0 0 0 0 0 183.1415976 242.6360265 261.1421783 248.1274338 257.4014474 248.7626841 257.8850505 257.9288678 249.1594592 269.7757625 266.207824 265.6991228 261.8011399 267.5668105 268.2616545 270.2374757 264.2059636 286.1400879 278.5722736 264.4855558 283.0453746 272.6190137 266.4138742 280.4497752 282.2485944 277.0136371 283.3408163 269.4685152 283.4762694 288.7046515 293.0062294 283.5621604 289.6548135 287.7583069 279.1673494 279.4793647 277.4441263 284.0381082 287.8149076 276.8866448 284.7123047 276.9397923 281.8054641 284.9879167 278.8612685 291.0235477 282.3575669 278.9178409 279.9922125 278.1752945 282.9605128 270.9530346 273.1467545 277.5127065 267.7849164 290.2656093 272.1275935 280.7624729 273.1738627 271.6215475 274.78861 266.2634479 264.865448 272.5397516 255.7962332 257.1829424 272.4863433 240.9009652 264.9969278 264.1899756 251.7347219 257.3642354 248.5531676 249.4127348 257.055671 180.1387944 0 0 0 0 0 0 0 0 0 0 0 0 
0 0 0 0 0 0 0 0 0 0 0 0 180.7919916 250.0621161 258.9472022 241.8613547 253.5538001 242.8213845 263.0148297 264.1703254 260.8496247 269.2045221 267.6961852 271.0556872 268.5198474 263.2878306 271.5691177 276.7569922 284.5250564 284.219998 273.5678825 277.1676447 274.5406089 280.1531682 294.8509902 286.2126763 273.0938461 279.6416046 280.9142541 284.7413869 291.7176236 293.0735747 291.505091 285.5638324 288.2880834 287.5623019 284.7055609 290.4057045 278.3932125 272.9340791 288.3382113 281.5206603 296.2217273 278.9710188 293.2598455 288.2723532 289.2072841 287.9099023 281.7995478 281.8016869 279.6389712 277.6894168 289.7035331 283.2061323 283.4767208 274.6731365 284.8448005 265.4146399 282.9935972 281.852885 276.0566306 272.4053726 270.6236319 273.4283116 256.2556699 277.870555 261.8362939 258.2770448 254.7238867 263.3094864 253.9442165 269.1448072 259.6363846 254.9538418 258.5023914 255.3816422 247.3139013 176.3240835 0 0 0 0 0 0 0 0 0 0 0 0 
0 0 0 0 0 0 0 0 0 0 0 0 172.8671852 250.900606 261.8783579 252.5295639 258.7890139 256.8361849 250.1118777 263.7232704 268.4901831 270.4513857 282.4937325 261.2095821 265.8322324 272.3269271 275.4571587 275.2625672 276.7674541 272.3377494 274.6954285 268.7078694 269.3995253 280.5355424 283.6608297 280.8710409 278.7152212 277.1158482 285.2084175 286.7604087 276.6511107 282.7987148 285.7483307 298.752602 291.4652685 285.4299697 288.9224829 284.1908014 295.4666577 280.8178628 283.2462665 287.8304754 276.7904625 272.8570812 290.7671115 291.8989299 280.4523249 286.0222995 287.1560616 286.0252616 272.0854359 297.681886 276.6275242 268.8956461 286.3905418 270.6430535 274.6073942 277.9937992 275.2767939 278.383623 270.4794468 283.3562019 276.2354682 263.7718126 265.2892076 276.7038056 280.5528843 268.237946 271.0177454 273.5363942 268.7129071 268.9544105 276.7755655 266.5102276 259.8341545 253.8760964 245.3734911 179.4324749 0 0 0 0 0 0 0 0 0 0 0 0 
0 0 0 0 0 0 0 0 0 0 0 0 178.6127169 244.9124982 244.9712781 259.1315123 252.8593978 254.2596234 258.7833435 263.268931 253.184181 270.1342293 268.3238869 263.6105288 260.7377711 277.1568309 269.9038734 276.2372462 282.8460382 272.9312997 275.8429259 268.8799372 278.6708363 288.025382 280.9190121 274.4912375 276.0725652 288.5937383 283.7659811 297.848953 280.718449 291.0420648 277.4279617 293.9054982 277.4105419 283.4333665 279.0642837 277.7775976 282.5356203 282.2960765 281.3245921 292.1123071 282.9855089 294.3039924 297.9162391 292.6953473 294.3461467 279.2459512 302.1355581 295.8998703 284.0401784 289.2501915 286.2857142 281.520987 282.8486937 281.631648 286.4603003 271.1044479 276.9444211 276.0053747 270.972135 270.3134698 283.1494086 258.0266379 267.176631 259.9328627 257.9133894 261.4368604 263.0238944 268.7063287 259.1451289 257.2519417 269.5383749 264.6344346 256.8824268 260.619847 245.7260712 174.5224258 0 0 0 0 0 0 0 0 0 0 0 0 
0 0 0 0 0 0 0 0 0 0 0 0 175.3001468 264.2248723 252.5789542 257.9845033 258.8407381 263.2713789 258.2297246 254.3356607 268.9743028 266.5339767 262.8821337 253.5540522 267.5447963 272.1950583 266.8645151 265.6314275 282.9318228 289.4152895 283.3199612 268.7471609 287.5034771 278.6587201 283.3167465 282.0294331 292.3089517 284.4605005 289.2719419 290.4345276 280.0872917 289.159474 301.9388701 292.6413772 287.0401816 285.7361844 286.4594373 279.3711655 290.7074316 299.1611182 296.8133058 291.1505043 295.767271 281.6245272 291.8139108 290.5125878 282.7035009 283.9588148 277.7155694 272.8697956 284.8719975 293.2524975 290.2900047 275.8207101 278.1857594 279.1560276 287.2053871 285.2922605 270.1133814 266.1336318 292.0318062 276.3247565 276.347008 263.3262007 273.2049385 275.8180874 283.0795531 261.0772211 266.820026 264.1368159 257.5723343 263.3889069 268.9317289 251.4130489 260.5165898 259.0350131 245.2721878 189.87828 0 0 0 0 0 0 0 0 0 0 0 0 
0 0 0 0 0 0 0 0 0 0 0 0 171.830219 261.3493924 263.3533456 266.5188396 258.4630707 256.2440333 262.0044514 252.3020886 269.1991628 267.886621 271.3163277 269.2199481 276.6941828 276.6292938 279.7773089 262.0904208 284.0288625 268.0627483 279.0911901 269.8506588 277.1387445 271.2341198 283.9950504 280.8008584 279.9459114 293.875044 280.2462724 279.7798758 281.7627603 298.1110836 270.3905045 287.7730399 279.4322188 284.5220571 292.254562 287.8842247 280.4788508 300.5306678 289.605616 290.2662761 296.0095642 286.4507126 281.7169755 303.8282429 285.8111212 298.4775766 296.6168692 281.5284245 283.6439103 293.6443814 288.866438 277.2130294 288.1481137 288.3555905 270.1140549 280.2475067 272.1193979 271.10633 280.9300325 264.4167427 277.5981262 279.0243776 261.4200981 281.9475796 274.7789893 272.4355382 275.4193415 262.4639591 263.7668062 263.4624604 260.3626131 258.6701371 254.0162362 260.8830537 265.7649942 183.3039929 0 0 0 0 0 0 0 0 0 0 0 0 
0 0 0 0 0 0 0 0 0 0 0 0 174.9629376 243.8902693 259.577093 270.303999 250.518529 259.1028902 264.0049449 273.3600128 274.7961585 274.5625172 267.4592254 275.2135313 268.2602734 268.8030085 272.6637891 277.0799702 275.5349882 288.6583896 279.2074767 279.5382025 281.3937309 285.2698626 289.2206951 270.3454313 292.0737358 292.9729643 291.8395418 287.0561646 285.7877204 292.8656472 284.2177187 276.604662 290.5063772 277.9376013 293.2487648 297.5443296 293.5396102 300.4231873 304.7209219 286.2501639 279.7659086 287.7670622 296.9411104 283.5729876 287.5216565 284.537616 291.5382794 290.7729239 284.7696934 281.3234 293.4820823 288.0639049 276.2776948 269.2532985 281.2383678 271.1075725 282.3154904 289.175656 278.5015338 282.4477356 276.9344554 256.190865 281.5283165 267.7887396 281.3195363 271.3683024 266.7156382 274.5558185 272.4758298 258.480013 263.1180115 255.8970086 271.9353466 260.9139662 249.017775 185.4145074 0 0 0 0 0 0 0 0 0 0 0 0 
0 0 0 0 0 0 0 0 0 0 0 0 171.5020106 256.4008412 237.8887473 247.858563 258.7071571 266.1427707 275.550199 265.8936785 256.4351537 261.8190764 280.1240347 263.7457296 259.4631921 272.424325 274.1491477 270.2485572 268.9035235 278.2737434 279.2761857 286.3417941 282.6517462 285.6699761 274.4452293 288.1991366 288.3503048 285.906562 288.8459177 290.8738996 292.4289201 295.3135328 286.5093273 293.8562991 299.0121659 291.8509176 285.5111194 301.2621434 288.8461317 286.1900703 294.6452621 293.5523445 287.5914414 271.3498761 284.0749622 280.0290157 287.4650992 288.5704081 290.9203745 289.0433197 278.5316593 274.782626 289.9049245 282.4704342 289.1017745 275.9566997 271.6001266 295.9012029 290.5765402 285.4593194 289.2066695 286.3087816 272.9224033 273.4619547 276.8369557 279.766028 262.1418341 278.732502 276.4025933 269.2237083 256.7959068 256.6372091 258.8227299 262.1385002 265.5560113 253.5161711 249.7151818 175.5175208 0 0 0 0 0 0 0 0 0 0 0 0 
0 0 0 0 0 0 0 0 0 0 0 0 193.0291461 252.3150354 253.6049795 253.720626 264.0889188 266.6447659 261.117782 263.0028882 268.2742047 270.5276229 277.947307 273.5980126 269.4846706 270.7553426 278.9773487 280.1093583 270.4555847 282.6785837 267.3860094 275.8289118 285.5162591 283.1717561 275.320876 277.1261425 286.4866244 286.9742234 301.5576863 302.6450223 289.2370436 271.4004005 302.0178074 285.5737007 285.4201207 283.0419797 296.154973 277.7175372 291.9497014 299.1869997 294.1847861 304.8858998 289.7596894 294.2557612 295.535634 290.4803543 308.5946746 296.8277982 292.2498004 297.1192594 285.2613246 279.1387975 285.53653 293.1202633 283.3443684 283.1555961 295.0943867 281.883007 290.1642548 282.2397921 296.1439565 283.1176575 274.6315299 278.5885549 266.3249601 273.2283663 279.5434847 273.7615317 269.0061785 269.8376363 259.5709505 274.3398398 271.1099672 254.2116228 260.802548 254.2173133 246.3166913 183.282583 0 0 0 0 0 0 0 0 0 0 0 0 
0 0 0 0 0 0 0 0 0 0 0 0 179.490446 254.5544163 262.0543908 257.548803 248.0586182 261.3512856 261.7137153 265.0039913 270.06004 265.4987913 263.3407968 285.7547034 269.3115618 274.4019087 277.7615035 283.0573086 278.1871961 279.4151155 270.9320798 289.9220333 282.3035401 285.3376316 279.2264918 280.3850123 298.9235727 291.1874573 287.2997609 297.2548616 297.7035183 290.5473882 299.7373613 287.2022652 289.0554415 289.1956982 310.7487742 287.8470848 291.7256569 271.9580973 294.8002543 290.0836563 295.4316663 291.2067727 301.3264532 293.7172623 298.6135938 288.0025245 282.6306776 292.9674541 291.3127744 288.1907346 294.2419502 275.5472956 286.4122526 278.6867618 288.4355315 270.0183211 283.212817 290.4715154 290.2874538 285.1144931 273.2816818 275.712785 266.429341 272.5982223 271.3228285 265.3465921 273.0210449 284.3350257 274.2219779 274.5662905 263.6577152 266.4215499 262.848661 256.5317383 256.2917665 178.063354 0 0 0 0 0 0 0 0 0 0 0 0 
0 0 0 0 0 0 0 0 0 0 0 0 159.8030796 261.6000167 252.9276633 264.8200119 273.0875867 259.1199593 262.860463 271.7637959 278.0614796 277.7926738 267.3122403 268.326256 262.7437818 262.8678463 262.2045778 275.275443 295.5399349 273.956004 286.1585743 273.0449673 272.1124758 280.1630315 288.6568586 291.1274334 292.1228833 285.0157569 289.3349788 275.3879153 283.5088401 302.1942836 284.7641437 293.7783611 294.3902967 292.5401427 300.7145757 287.5563227 290.7504424 292.0627731 290.3869514 287.7261311 297.7729502 291.3617041 281.8517477 282.1563714 297.0026971 285.3671954 297.3869624 301.4829691 287.2889466 287.1457142 292.525294 298.0452316 297.7651204 278.849722 295.0177303 280.8028234 278.6750822 288.0280341 276.5325467 281.7183201 272.890966 282.4917901 277.0145123 270.6158087 274.0376274 277.8940499 281.4184288 276.053483 270.6970268 266.6380814 268.6235422 259.7573686 255.1453212 274.0080122 263.6813779 180.483451 0 0 0 0 0 0 0 0 0 0 0 0 
0 0 0 0 0 0 0 0 0 0 0 0 172.3197817 269.3401736 243.0806199 259.0605594 255.5885942 276.8376066 260.1451332 277.8129447 265.1000919 265.3825323 266.2638784 288.8384094 262.4607159 271.7664706 264.8371772 284.2237091 285.3651512 284.0440088 285.4294685 269.0327449 291.0543666 290.2184312 274.5075456 294.1205088 286.3926288 291.9880451 285.539336 297.3131506 290.8796804 286.7441387 287.4481464 312.7930235 273.1287809 300.8266666 276.8767072 286.0164449 295.5889773 302.2751183 297.8170643 293.8089607 297.8926692 290.0811323 293.2023774 287.3423747 295.1965158 291.2622378 282.8966118 292.6476881 279.8023131 279.8126997 296.4639821 282.6067386 288.601414 292.7579132 290.2412982 290.378451 291.569719 277.554484 288.0040255 282.7905427 275.4317688 266.9697868 278.8983987 272.1841661 264.9486228 271.9756509 284.901337 273.0045805 272.4731237 277.1194945 281.1374021 264.2918033 253.1616408 256.084201 249.5856268 183.3624872 0 0 0 0 0 0 0 0 0 0 0 0 
0 0 0 0 0 0 0 0 0 0 0 0 191.6090075 261.3543177 264.3443258 259.3391494 266.9027242 266.0751373 255.2190595 253.5837517 275.258408 275.4279931 270.0235742 275.906609 276.0333558 276.9025426 293.3765275 281.0939715 283.7831208 279.6351693 278.1093475 290.5066927 290.1804598 280.3308083 298.866128 282.5504477 273.7084149 295.5945324 283.4997463 283.023459 280.0017952 295.9070753 281.6708825 299.7268994 290.0949528 294.2505599 282.2108586 291.9812541 298.1127615 303.0852396 312.6392542 287.8290325 307.5581188 294.0644796 290.0803436 289.9151367 288.4060032 292.3928283 286.0074592 290.4333361 299.6238736 299.3116653 288.6628527 282.8920826 284.6010789 288.1123509 288.4431182 293.1317856 287.29154 283.3686622 281.2026132 287.8170742 292.8967225 286.4958075 279.965814 276.8969239 289.4238108 274.6467296 262.7815685 264.6620299 266.5040739 278.1969737 278.1294781 278.9545377 246.7825272 267.6335058 255.7921714 182.5381793 0 0 0 0 0 0 0 0 0 0 0 0 
0 0 0 0 0 0 0 0 0 0 0 0 191.1802206 258.9016909 259.412378 266.4541152 271.3123746 259.8530981 260.3078846 270.7327888 276.0282133 290.1394607 261.0824848 290.0510105 272.7076974 274.666636 268.2436108 289.9470406 289.4744457 291.223861 286.6987063 290.9837834 290.4209226 287.8183544 292.9827759 292.6091008 294.1578138 294.232959 293.1138029 283.1191908 300.949385 302.4771865 293.2937163 284.1224471 300.796361 294.858265 300.9075934 304.3384352 291.1576018 298.8213766 295.3351337 286.9115719 281.9585812 292.097723 285.7856431 299.1718418 284.126866 295.8965441 296.931013 297.8231452 300.2310208 296.5888932 294.4098366 288.0472201 293.8697198 283.3680078 279.1793954 280.5621062 291.7503887 288.7025473 298.4910185 289.0081285 295.9564983 294.5975785 284.7871039 289.6300791 268.3262241 281.6409294 275.6361725 274.1882909 272.2756612 278.4721904 264.977614 280.85977 267.0413557 273.3230866 270.6000593 188.5736864 0 0 0 0 0 0 0 0 0 0 0 0 
0 0 0 0 0 0 0 0 0 0 0 0 178.8716464 273.6660941 257.2312869 262.6672097 263.4964798 265.3381588 264.9035224 268.963955 272.1526074 281.3169509 288.8391827 276.4114559 280.113718 267.364135 276.588286 289.0422576 277.2528864 281.9780258 272.7762284 280.8050886 284.6304588 288.657903 286.8679947 269.8155154 294.9472919 282.0856695 305.7111413 289.0027085 290.4440463 302.5010393 293.4175692 298.9822777 293.6579519 296.4184655 300.7884772 288.3143051 293.904265 282.9107918 300.6372327 292.6988975 300.8628151 294.5300276 296.1781741 296.6593782 297.2158966 293.3120589 304.8796792 297.6202491 294.0602507 297.4294142 303.0975831 302.7397479 298.4137411 294.5789115 298.6778108 275.5860005 282.2151178 284.2703007 290.3758086 289.4704703 293.2698713 277.1177349 262.4714265 279.7410753 273.8367492 272.4864748 287.2306005 279.2951062 270.0927312 274.5640243 264.928516 276.1537678 264.3989529 252.4372235 278.4670738 185.5075631 0 0 0 0 0 0 0 0 0 0 0 0 
0 0 0 0 0 0 0 0 0 0 0 0 193.28569 263.2836341 273.8040899 257.6420055 265.7638135 258.9367691 266.8138813 270.1506049 266.4916394 273.5193216 275.9559768 273.7312121 276.5361167 278.1918037 275.8883818 276.7398582 280.428283 298.2217946 284.7656842 288.8719208 276.6262625 282.6255774 290.6197019 287.1879483 286.8339692 295.7802551 290.2697284 294.7286089 292.6155335 290.1580583 310.9291709 288.5583155 300.3929865 298.161164 304.1694473 297.8973755 288.8693222 306.4659844 285.927222 305.5556304 300.8585829 291.6855863 282.7125856 295.0653685 304.067812 298.0884942 283.2070631 304.4737848 299.1744006 297.7623393 285.7505981 298.8731286 296.3059972 294.1311075 291.7651626 287.2684434 272.7681639 294.7590011 297.7051495 274.7169506 286.5477952 302.0643661 292.7541447 280.0008039 282.0470173 275.9047741 283.0658194 277.2331902 275.6438742 262.3803298 264.028639 265.9994588 267.1143943 272.9610264 263.2855459 182.672837 0 0 0 0 0 0 0 0 0 0 0 0 
0 0 0 0 0 0 0 0 0 0 0 0 180.4629223 258.4453429 255.0695915 268.3725895 265.4723229 273.3619681 262.7293427 274.1509965 272.3154406 265.109094 270.6077797 284.8955471 271.4648503 275.9033523 282.3572832 276.2012154 275.9028634 283.7269316 296.8294297 288.7478155 293.8692907 287.1363338 294.6354687 298.6561085 299.6748631 294.7572309 295.1476286 290.3981539 305.5794715 298.5837416 298.4324306 298.6569142 295.7757116 289.2265439 309.1643713 290.0876317 293.6525641 295.6884116 289.0420584 302.2763065 292.4706154 293.3177635 294.7237614 296.6056657 294.6618534 288.934311 306.3509928 297.8128182 290.148886 295.3961242 295.077709 294.5850552 295.8895041 291.1467532 277.2879236 293.7127329 300.1362284 280.2647319 275.708102 289.1596549 285.9650669 284.4125598 284.7482604 284.7266371 271.8221917 275.0865623 268.3952688 273.831659 282.5930792 270.2912447 279.7989956 273.8974413 275.1786376 259.0884888 254.5302894 177.0494889 0 0 0 0 0 0 0 0 0 0 0 0 
0 0 0 0 0 0 0 0 0 0 0 0 187.2030602 263.336376 262.8689176 269.8563977 262.8619446 270.5344842 269.0877831 282.6393158 267.877397 280.7867861 263.695246 286.6018758 281.9175057 285.6204905 284.0993938 288.3708222 298.1713331 267.7292564 289.4496295 286.1105139 288.194223 308.5593337 277.4105903 302.7330109 298.8632042 289.2704775 292.7961785 283.9703423 284.3832766 301.7635894 282.9612555 300.5940154 296.3872722 296.656512 294.762168 290.5309964 299.5877714 308.9675029 307.7156277 283.8111605 295.069186 306.7815717 305.5073135 288.6347919 296.1750869 308.6646284 282.1848467 283.8660306 297.1551283 294.7786368 296.7298394 293.9380524 297.6194679 289.8916656 290.0961575 303.6353188 286.380815 294.8959496 290.783381 287.6583457 284.3524321 289.5945712 281.6595979 274.2484704 277.0923639 277.9819802 285.5448411 284.2861703 285.2149647 282.6867784 257.8735854 277.909407 265.4937905 261.2160004 275.3720991 183.1041984 0 0 0 0 0 0 0 0 0 0 0 0 
0 0 0 0 0 0 0 0 0 0 0 0 167.0009782 275.5411865 254.8575854 259.8844993 259.2001117 268.7213401 281.0417799 268.05268 288.9568979 269.465304 287.9753103 271.674258 286.3903621 276.2412205 270.4698374 297.8852686 284.5040813 287.8325339 290.5142122 288.2395634 288.0915729 299.5654624 288.6406745 294.6920926 284.6320829 296.206176 290.4386618 301.7447927 290.0413431 299.9777302 292.137747 295.8132071 310.5020229 283.8239096 300.5346435 301.1298818 294.6455322 299.7920204 299.8450289 301.0306664 301.0154734 296.3461933 305.9123288 290.4662199 302.9188572 301.2192394 287.2575036 293.5149879 291.9096887 290.9820131 299.6347994 282.0587311 290.065903 306.7980348 293.5035808 292.6701074 289.0361618 294.2637479 291.3010101 274.2246043 287.8886046 279.9662992 292.4039779 272.9779872 277.5446901 281.9215815 282.697464 271.5047615 286.3743282 285.6631599 262.9908484 274.0518659 277.0038574 263.8273885 266.9140056 187.6013965 0 0 0 0 0 0 0 0 0 0 0 0 
0 0 0 0 0 0 0 0 0 0 0 0 176.6647701 259.9183102 257.7098969 262.2153672 282.6992578 275.9028323 254.3149259 269.3551631 286.4934306 265.6071838 277.1414443 275.7798675 279.3972614 268.5055865 280.9326852 277.2387734 294.0712725 265.4632762 278.935507 299.6629712 274.5196965 299.9202807 286.822776 295.8882723 298.8917669 291.3041496 305.2707579 284.2549537 304.6596597 306.9027123 296.5471618 302.8549351 295.7282104 299.4228421 298.3827506 300.0730835 303.3572258 288.9893567 303.3667716 285.642042 297.0284254 312.37043 288.9283444 293.4668316 292.5073794 303.5808255 302.3610688 298.0485989 290.3687919 300.8013915 296.0219286 294.2582814 271.5772533 293.1123174 296.4901814 289.1373372 299.5198721 281.8713327 282.7130034 291.6114251 279.1173209 291.2226998 284.4396673 289.102795 282.3953295 277.0382255 281.4914899 279.6698102 268.209807 280.3970662 264.0311728 271.5585157 264.9980285 266.6849286 261.4114051 176.84458 0 0 0 0 0 0 0 0 0 0 0 0 
0 0 0 0 0 0 0 0 0 0 0 0 188.7275667 270.594789 262.9637432 268.2884003 259.0965255 269.134671 276.225497 265.0089352 271.9568102 275.0429443 299.5182686 272.0156572 287.4470855 273.4139577 284.1212718 274.4274062 289.6661557 277.9001605 292.1526561 284.1778795 290.5913035 291.2980089 295.1034982 291.8033505 290.5187952 290.7963911 282.7691377 294.3561304 304.1183737 288.3201731 299.5855925 282.2677233 298.4490635 306.5021825 292.4881762 297.885158 306.2101844 297.7037928 305.0658856 302.3226297 301.6799727 315.1609217 292.9795172 301.5256737 302.2580935 297.8879365 306.8961404 299.0482443 309.1073718 310.3024149 295.841462 289.3800173 287.9149007 292.9462307 288.6753353 288.1146766 292.182157 304.1964775 293.3709008 296.5898394 284.5902648 294.5729801 275.6920157 283.6886989 280.9533619 271.297564 273.4168604 279.1581208 276.7390369 266.8160301 277.0292813 270.0528805 258.516664 266.9104573 261.0947579 189.9582522 0 0 0 0 0 0 0 0 0 0 0 0 
0 0 0 0 0 0 0 0 0 0 0 0 195.6346453 267.5893204 262.2466964 254.2767725 280.6479691 267.2917818 268.7962786 266.1179414 268.2770996 276.463771 275.578226 273.1205903 278.7154065 271.6101993 268.8514944 284.3628995 278.8923037 286.3148349 277.1229165 286.3938765 290.1693768 285.3954065 303.6859222 303.9768506 293.9493366 284.9895823 296.5046464 297.7490197 295.9038516 302.3493398 281.5199586 305.9320872 289.3793051 297.9389372 301.2284543 300.9534644 297.4091353 302.9746384 306.9913503 294.3800177 302.8331659 304.2564059 299.5073699 302.2384228 290.4233856 288.8892767 302.8050569 278.4760627 309.2702924 306.6023708 302.7079473 303.8310697 292.2772209 300.3535859 283.1977367 296.5890024 283.1402794 286.7942037 279.6218687 293.9436421 288.8422239 292.5822768 290.3921826 283.7445488 283.1829103 278.6307156 280.6817917 269.703973 273.7117518 281.5447773 280.7614316 280.22664 273.1475741 258.0894103 256.6273222 183.6206868 0 0 0 0 0 0 0 0 0 0 0 0 
0 0 0 0 0 0 0 0 0 0 0 0 186.6367877 278.4340527 264.6152489 270.6694972 268.9857004 274.8463979 276.5750962 273.3744841 269.4637628 266.6264925 286.1461995 277.5872727 284.0387952 287.2594027 282.4438006 288.2997428 290.4273835 277.3127091 292.5023085 286.970729 295.5192882 299.0365696 285.195954 297.5704984 305.5049171 295.8997369 291.4250295 311.9893477 298.5669181 298.6700193 295.0918078 306.4604569 322.8725149 307.7190824 295.8767433 306.3588005 292.258 300.5096316 301.935205 304.5615451 303.8550158 301.3234435 306.0640822 302.1492601 299.9200636 307.1687571 295.1954406 305.3393814 283.3065005 300.4358935 298.7859271 296.0020356 309.2708337 299.1756899 281.6537689 290.6461191 284.4152478 289.1708016 282.275412 283.1554345 292.460043 283.9027696 283.5082533 290.2581921 278.9081779 277.2772198 268.6262056 276.1967618 283.6507721 281.70074 267.759401 273.52533 264.5567662 270.1048617 271.8219755 185.5092176 0 0 0 0 0 0 0 0 0 0 0 0 
0 0 0 0 0 0 0 0 0 0 0 0 189.2508509 262.0523131 276.9182985 259.4390409 270.5333645 259.6068756 275.5935601 266.55016 267.3915152 273.1126719 263.1250059 283.374816 285.2264874 288.0933883 299.0038754 296.9108219 285.5749331 282.0826424 285.3218522 289.6629243 294.5431389 295.4167664 298.7457581 300.4673042 293.6792253 290.6069043 299.24042 299.7383921 295.3515915 288.9890408 297.1347048 308.443969 307.7113844 303.6399169 310.0675723 293.3834539 303.4759672 308.1715686 308.84732 292.924632 305.3325115 307.5721741 306.3650253 298.6890312 305.7704333 287.2217755 302.0385554 298.9857928 292.0919476 299.5213016 302.3288108 298.4195618 296.2160379 303.0389992 301.7423625 282.8110665 284.5707929 294.4593812 288.2547831 301.4776307 286.7002854 289.7196363 285.3207261 280.9398748 279.204646 264.9813524 291.4327983 280.5650751 275.7274546 274.2483836 277.1991015 267.679076 273.7789336 265.4181202 253.9967914 191.5146217 0 0 0 0 0 0 0 0 0 0 0 0 
0 0 0 0 0 0 0 0 0 0 0 0 197.4761133 272.9478483 256.010588 284.8826024 256.8706983 267.4229172 267.8560676 273.2007117 266.2795465 264.1109368 274.4911681 285.59455 295.7426439 289.6481293 277.9500568 281.5093629 283.8711536 308.1280388 287.8417839 295.3636356 303.9232695 291.54757 293.4697107 295.3904453 282.0935092 292.4205021 306.9371641 292.4792624 289.1030784 306.3857288 307.3236229 302.4616679 290.6659168 288.9258266 300.5962474 289.1302578 298.5332348 305.9483513 303.7021177 299.3031969 294.7735408 298.0015699 306.1218519 300.0642971 297.2753205 297.9814898 307.3349438 299.1470288 300.2989641 290.2643336 281.2230988 288.4593693 293.8194586 297.1161098 285.8205205 289.3182117 286.767095 286.4460581 298.2949545 292.0007891 297.0534541 291.0392508 286.2129538 281.7656846 283.0234291 284.5860799 276.2201819 269.3758918 278.6786455 276.178361 269.9366339 270.0508351 265.0409138 276.5803295 269.1499822 185.7083356 0 0 0 0 0 0 0 0 0 0 0 0 
0 0 0 0 0 0 0 0 0 0 0 0 197.0890951 255.9357485 270.3106595 266.3015695 257.5234769 271.7616288 263.5105774 284.9214219 283.9279085 267.8207576 278.9232634 285.812291 291.924128 271.4498408 275.7960587 287.8972561 299.2536203 292.1465419 279.5488937 298.6772699 293.2817917 284.1993146 288.1657484 300.3111896 288.1780773 299.3521442 298.8846631 289.973888 305.1904079 282.179054 294.4826237 301.0180441 299.6822217 307.4042083 308.3980285 308.6871003 295.8635969 310.9341717 294.6878258 292.8122202 303.9939 289.7445508 296.5448466 297.7038551 297.1918253 303.2921028 297.6859994 306.0624745 299.7215024 290.6639557 292.0091804 295.8704482 305.2255817 292.5757185 300.3022583 295.0904682 292.8010704 291.9336842 299.646236 272.7564691 283.884587 295.3522787 271.0904462 287.8858135 289.646392 282.900356 270.8865443 278.9464534 272.6869454 276.9585346 268.1179568 267.962759 263.1114278 269.6370634 277.7719759 185.478147 0 0 0 0 0 0 0 0 0 0 0 0 
0 0 0 0 0 0 0 0 0 0 0 0 195.1471446 262.6559757 271.9027415 264.4036894 262.2485403 278.6412969 283.0611619 291.6715086 272.5172958 267.1816436 280.2279584 299.1256782 272.4464016 294.4222153 279.4143947 296.2358834 289.373669 296.0929222 287.9384728 288.5729915 286.126209 295.0498461 278.2486104 284.5549969 279.3583383 296.8406538 293.0401038 301.5695656 308.4527877 292.8160868 314.0678595 297.8646671 298.5733795 294.5461545 294.798716 302.9787096 310.3739826 300.6575677 311.3536962 310.6049371 293.8429254 296.1319977 317.2037511 302.7854716 305.82242 316.3433956 294.8114032 296.3630643 292.7651678 288.2390844 297.3968813 303.9922387 287.0501191 306.0714194 288.0502806 303.2673504 296.3328188 300.6269881 286.9802005 281.8982832 272.5787644 272.6015922 282.4677558 283.9649858 293.6838982 292.1522889 267.9505026 283.5582039 279.956582 264.1173426 275.4531274 252.6713234 273.5123936 271.7231363 245.4110025 186.7109742 0 0 0 0 0 0 0 0 0 0 0 0 
0 0 0 0 0 0 0 0 0 0 0 0 193.9699029 251.6531699 265.4637468 272.0982452 273.5534834 281.5010326 278.098856 267.1639197 278.9045634 274.7202053 295.40132 274.7495673 278.6835449 282.1487977 279.8044035 273.8420417 286.869649 287.5048045 273.4969827 291.7404313 293.3007405 283.8202266 278.488881 295.3134044 302.1054083 300.2841568 285.4385783 299.6174727 291.3528618 289.9353286 304.4442051 294.8524572 305.6639958 300.0963159 301.2086732 291.9510327 299.670018 298.1318978 289.7727524 303.1696543 306.2218929 296.7215551 309.5664126 292.5201345 297.9048708 295.3574687 295.5267187 278.7902246 303.3567249 292.6663 302.0120697 297.8289079 297.8154574 290.3849195 296.8941729 295.4105944 287.8660808 289.3687492 280.8907449 290.3967048 291.869349 279.9159304 293.4077271 302.4684692 305.503268 283.5929348 272.967503 276.6598229 283.8099584 277.4697502 274.9211718 282.540475 268.3806413 266.8174857 257.3846708 191.7760667 0 0 0 0 0 0 0 0 0 0 0 0 
0 0 0 0 0 0 0 0 0 0 0 0 189.4487153 263.8673007 264.7266489 273.738142 268.4192854 266.8280387 275.4336988 279.7542245 275.0372962 271.3782386 280.4478435 283.5024193 284.2748529 273.5584127 291.3593197 268.7964298 286.713126 293.6810932 283.1866669 287.9635981 280.9175048 295.3752966 287.0039278 297.7411458 294.3484468 291.2484269 303.9546906 292.3737712 296.7273011 295.9018934 290.5107669 298.5479488 304.37788 295.4675961 296.3226375 308.4094995 306.2700284 291.3039468 298.4041229 301.5177742 310.9959644 304.5707236 302.1329875 316.4276279 305.3711457 289.7286958 290.336683 307.7301811 305.3092167 294.7237387 295.8995514 295.86045 306.3858161 299.1451253 309.2832282 293.5541429 279.6102788 289.8330338 292.7979013 287.8753856 280.8990354 293.6680017 271.727469 278.7633489 282.1476305 284.3947675 282.1242331 279.8405045 266.1260624 277.7672963 259.5466282 256.0910078 268.2140479 268.0189845 274.1869063 190.1905125 0 0 0 0 0 0 0 0 0 0 0 0 
0 0 0 0 0 0 0 0 0 0 0 0 198.282825 274.2851195 261.3289406 265.2628873 258.9294054 273.2888266 258.0196007 289.2830348 287.0085556 282.3400865 274.2281078 287.7089445 286.4095697 283.969695 288.9626144 296.4183269 285.9982629 282.2603461 288.8572661 282.4623685 291.2301858 306.2762303 300.6394236 296.7881538 296.5069153 289.8818277 308.9429189 294.8921867 286.8361727 308.9166158 311.0972958 298.3261693 296.746005 305.7083606 301.3310108 301.6352952 301.5269347 305.3046391 311.3752213 302.1767449 306.2819349 304.5667924 302.0653479 300.5167919 294.7294481 305.97854 295.6108316 298.5161074 298.6614024 298.9654411 302.5574081 291.8858686 302.2180713 284.0004939 295.8254839 287.459724 305.2654726 296.8125931 295.1001467 294.6903323 297.8613839 293.9981615 274.7768881 281.665752 278.0539 285.8734603 288.2830178 281.444116 263.1526231 277.4328199 263.2093943 269.5295343 262.4878032 275.2279712 255.5921231 183.5948746 0 0 0 0 0 0 0 0 0 0 0 0 
0 0 0 0 0 0 0 0 0 0 0 0 178.5413947 257.1265319 258.6053046 265.4021382 272.2393853 275.7080438 269.860716 278.8959322 274.3046359 277.2812338 272.0579584 281.454918 291.49551 292.4733798 282.9255452 287.8477593 286.5488109 291.029656 299.238603 286.6679985 297.8350629 292.0850768 288.7740881 305.4353086 312.2059242 289.2898075 294.5977966 318.9170658 294.3781097 291.9978075 307.1033239 286.1567812 290.180659 294.6405157 300.2999954 289.300706 294.3978622 309.3701735 306.4185528 299.3383293 307.4112262 304.1861508 299.5779217 291.6965606 314.7580467 293.5230401 298.2569529 308.9839283 305.8555306 315.0452958 306.8896695 297.0101541 307.5589788 300.9322793 298.6539926 297.1661712 293.7837885 287.7063671 284.9342923 292.282641 292.3056804 281.7004403 266.0907781 288.5892493 280.6753829 280.2390584 278.7399246 269.9193268 285.962763 283.2727679 272.5234812 275.5004769 262.6865508 269.7169538 267.8961211 184.6707302 0 0 0 0 0 0 0 0 0 0 0 0 
0 0 0 0 0 0 0 0 0 0 0 0 182.4257337 256.9117152 258.6513764 261.3406448 269.0958267 289.7905445 268.0356318 278.2816758 269.5857612 277.8876446 273.5600231 276.2930444 278.1550921 289.5188213 289.7513891 285.6932561 294.4583116 292.7004947 298.9629527 298.3866383 298.5956741 295.6699389 297.1715002 294.6459773 297.353139 298.8391437 293.3926571 305.0059277 295.5802595 303.6242623 296.1323317 289.3003779 292.196031 306.7338618 298.1367606 309.933709 305.3896584 291.763056 296.6151958 304.9279037 282.0585572 301.3548474 304.9104831 300.6046121 305.4088952 305.2008808 295.0945874 299.9699238 296.5878693 295.275961 318.9895275 291.9541147 284.9577284 299.3209059 287.0733704 277.7544181 289.9178125 289.5364021 298.8268408 290.1706096 289.9383325 280.0255131 277.0923391 280.5745543 276.0921783 278.0848239 282.626455 286.111607 275.3286888 267.6885426 279.1701473 285.0146779 262.1405847 266.0356459 266.4468611 186.22817 0 0 0 0 0 0 0 0 0 0 0 0 
0 0 0 0 0 0 0 0 0 0 0 0 188.8107549 261.1220871 267.5638976 286.9281654 258.1453033 269.4675819 259.1061673 276.3276171 272.7666772 280.8212058 274.3606626 273.0028717 278.2491832 292.3370451 283.9697642 285.0884304 281.0981657 279.659963 282.7451541 290.4593116 291.2272243 300.0026687 291.6038159 293.3406723 289.0125479 289.2231559 302.8719104 303.10303 300.6922931 292.1700147 306.8401941 291.396945 298.3577595 304.5268218 315.8828246 303.9260585 301.5696609 298.0885908 288.9984353 304.9064847 292.6612223 290.5010382 305.1642324 304.5224848 296.7814818 300.3753315 294.3481598 294.6669765 299.5305663 302.8423396 287.626335 311.4653184 305.1999063 304.855321 299.2230992 292.9322986 288.0954259 281.3857937 299.8230647 293.9917819 283.7876238 281.9598533 285.2427452 286.0328047 284.1433968 278.8357686 277.4855433 273.5194793 269.0825129 258.8771427 278.8558106 271.8298709 277.7664205 270.5325925 263.8183172 189.1820958 0 0 0 0 0 0 0 0 0 0 0 0 
0 0 0 0 0 0 0 0 0 0 0 0 181.9853339 250.0483747 265.4894167 273.2841897 273.2759694 275.3972055 266.5145976 280.759839 261.0190919 282.6909405 268.0292049 271.6018853 281.0578913 289.3648684 288.4275243 282.1517029 284.4171313 285.0436073 291.5844833 288.8222754 297.6658647 291.0560392 299.9350195 292.7849372 293.5812173 299.2355366 303.1386897 288.7607108 297.9628265 303.4991608 312.130767 305.393899 301.1690683 307.5160409 297.9380504 293.7815427 296.7050249 292.9695578 311.9888592 302.2357041 306.9499455 308.1122255 293.7240838 291.8765308 296.3939748 300.7868278 295.8409973 299.7757549 299.9235001 298.9331824 284.3668186 293.2942704 292.1199468 300.9934135 292.3993798 300.467764 278.1632399 284.17276 284.3073751 285.5847762 293.9375364 289.7232655 291.9923986 267.1086408 288.8254896 282.1805376 284.2096448 280.7548804 275.4411435 285.8370081 268.6434316 284.0623279 277.4905941 268.8797978 253.9452639 192.6872758 0 0 0 0 0 0 0 0 0 0 0 0 
0 0 0 0 0 0 0 0 0 0 0 0 188.1500347 256.0029579 262.5152256 271.8647849 260.0497089 259.5234327 269.0671849 275.3480494 272.3437905 273.2818158 288.3823668 283.6601304 277.9878907 281.5873001 291.7620663 282.0781106 285.7103179 286.7220347 289.6616389 284.1376007 294.949844 301.3473943 285.1705067 289.3672899 292.7186117 293.5962221 287.394945 291.3684655 299.9854728 298.1711445 288.8598797 307.9825208 295.0108038 297.4566319 298.1577319 300.4452101 296.2742806 303.2319723 291.7268624 304.8788786 291.429341 295.8646575 296.0561166 307.3555446 310.6936405 286.9481876 304.3985961 299.9139797 295.5569253 290.6267614 306.9715014 297.3215248 296.848786 290.2615628 290.7862688 296.3648658 281.9273912 289.5085694 278.9390284 290.640588 283.4446454 281.7252733 292.3337629 293.7526596 287.3005045 268.4787321 283.6946628 265.658362 275.3984232 272.2287697 271.0463816 293.3486116 273.7788598 277.9499124 257.0316046 186.0426452 0 0 0 0 0 0 0 0 0 0 0 0 
0 0 0 0 0 0 0 0 0 0 0 0 182.9172214 266.9425702 261.853494 263.7927884 280.9458328 271.800419 281.3454321 271.9980015 263.3528532 277.862307 268.2574612 276.1105971 278.978149 281.1824491 270.7706923 288.9599858 290.3271339 284.6917362 284.7989482 298.7326964 286.1512749 284.7303139 298.1944392 294.3975598 302.9947171 281.4460794 292.0314539 277.9953415 288.10657 292.4719122 294.040143 301.1304278 290.1198157 299.432579 298.1085722 302.8796386 304.4973485 303.817465 294.1728003 295.4776265 307.6891904 302.7100581 304.097944 291.9912234 305.7086814 292.4168542 305.6158169 294.8422089 291.1868436 291.6267515 306.6773335 301.974286 294.5376671 288.3755884 284.9015686 297.2102362 303.2264476 280.5400195 289.8797348 284.3813643 304.9675395 285.0181396 283.1314924 299.235209 293.5756117 285.3069818 283.7824796 273.4713042 273.7547049 284.1429009 275.3944179 277.1450747 276.921172 267.2222564 272.8225191 199.8382819 0 0 0 0 0 0 0 0 0 0 0 0 
0 0 0 0 0 0 0 0 0 0 0 0 179.1738591 262.7706125 280.1584966 269.662696 283.3598135 262.8228853 269.4085782 274.506758 273.8111034 286.3974621 280.2159128 272.5329172 287.621562 294.2600812 286.1963194 291.7795684 276.7304841 296.2694902 296.8979846 295.0666456 290.4037682 281.6524768 303.0585944 291.7601962 292.9282599 288.2519396 293.9070878 289.548135 292.8714975 297.9591039 295.7162135 296.5655438 301.5118938 301.4255121 298.5607129 303.5642604 293.7741463 310.3705752 299.4307119 293.8548521 301.5070856 295.2701257 288.3641222 297.9250004 307.2165233 304.0637074 310.6702818 305.2802859 291.1683464 306.4487944 305.9013533 299.8986003 301.7324351 295.8392444 289.0365181 287.8799988 284.0117073 294.1144881 290.1799669 294.1267891 275.4378724 285.3756601 287.3273942 275.0461685 287.3645012 279.8299924 268.5258868 272.050392 278.1840711 268.9329406 275.9400153 268.747514 261.0518573 252.0222525 276.593995 186.368713 0 0 0 0 0 0 0 0 0 0 0 0 
0 0 0 0 0 0 0 0 0 0 0 0 186.1791368 261.3470848 259.6011355 273.536401 263.668699 277.6090202 258.6159849 279.9323569 281.22243 271.4179425 273.8313856 297.1863339 276.5820307 271.7512899 280.8462551 278.0577459 277.7985046 301.9370585 297.6640332 280.2441642 287.4431071 291.7397435 287.3125207 299.5238006 290.3763283 296.7998495 286.6548657 305.4389549 289.1475445 309.4851723 311.8352509 299.6670943 288.451659 295.2690638 312.1837873 293.7634447 298.4647468 290.9030426 289.9766086 304.2342965 297.9807012 290.7103784 300.045181 299.189991 290.2011069 287.5587507 299.4781898 285.2046171 301.306327 309.4335784 300.5208665 295.4940973 288.4163626 279.7589983 285.891786 292.5204818 297.012052 282.9698648 289.6902318 283.370359 275.592518 283.2229877 290.8840726 281.1151346 287.2382865 280.9400436 279.8175452 283.1014353 283.7635558 285.8087343 265.6068647 275.1526822 262.2133582 273.1622998 263.74004 175.5462429 0 0 0 0 0 0 0 0 0 0 0 0 
0 0 0 0 0 0 0 0 0 0 0 0 175.4369734 267.2159931 261.9796528 260.060063 277.8942751 272.5346811 265.9869011 279.0978663 285.8720791 274.3916718 270.336446 278.2068243 290.906843 292.2664705 279.6364499 291.6841586 279.757973 293.2676447 285.8488392 283.1027271 288.0401964 288.4017918 285.5944967 291.7825538 290.6394653 299.2774102 289.8467724 291.2841206 297.6615817 309.6935822 300.9438989 296.3552211 283.16764 302.1379812 305.2116056 306.3180936 305.8047939 295.7649554 306.0216308 289.4767757 297.3714841 297.8402245 303.5952137 292.8079723 315.260168 298.412063 301.5729911 304.5447065 300.2132704 292.9521739 295.7572769 280.2389152 297.113346 287.7590789 274.2369916 290.4121055 291.7775217 280.4156763 289.729934 288.9618452 276.488047 291.9567549 277.2362574 285.2710713 283.069721 274.528269 272.5872864 274.5596323 280.1661562 279.2946099 270.9045911 255.5524836 265.2590076 268.0879849 268.3190226 194.2391089 0 0 0 0 0 0 0 0 0 0 0 0 
0 0 0 0 0 0 0 0 0 0 0 0 187.7738237 277.9966066 262.3056212 267.1741723 271.222366 264.5540809 281.5107597 280.618634 273.8308024 268.6557606 295.0427048 297.6854267 285.650876 276.4924554 276.4277088 276.4541306 285.603676 287.0524034 290.1076732 275.7457192 291.8363261 304.4498562 299.7494457 289.8375339 292.362443 288.0872913 300.5242017 297.4634219 304.3289661 279.0306374 296.5730287 308.427022 295.4146586 303.2290437 305.7647125 306.4044053 296.539371 298.1622773 310.2668505 294.2493814 306.0456553 299.6196129 290.8939101 308.7883013 295.6784144 295.4009237 286.9800811 305.8347042 297.5655566 289.0978472 285.5177195 287.2293081 283.1271603 292.7163642 280.583892 276.6855738 289.7512702 282.4300574 299.7333743 283.2319042 296.1824176 287.0694489 271.7130508 268.5914925 281.3777773 276.9341362 277.4787976 267.1725161 266.4888175 276.2245134 275.7940129 275.5582916 266.3140668 264.8367793 263.2132795 177.361554 0 0 0 0 0 0 0 0 0 0 0 0 
0 0 0 0 0 0 0 0 0 0 0 0 191.5137965 265.5603366 261.8211883 270.8585965 268.0479933 269.612314 278.8047921 270.6864601 264.5467292 285.9610221 274.2917112 266.6777557 280.3989642 282.9940328 280.9071585 266.75235 281.2081773 288.7149139 282.9834638 285.2299945 294.6990362 291.7520845 300.2192656 290.1230959 292.5582121 299.2849601 290.9269749 299.7644663 291.6375157 297.9396398 308.491715 291.4773742 292.2017036 299.6274987 299.2162696 298.4354082 300.2225944 302.1923783 301.0692732 295.2966156 301.2750292 297.6488308 307.9397662 301.3223179 304.1172515 296.0295732 292.0399814 297.2207784 285.1678715 303.7445421 292.2841675 289.352719 294.2495509 286.8013441 299.7760855 295.2212895 293.7208499 278.1694136 294.7575735 279.2683761 283.3308349 291.4979551 284.8177261 274.9091297 288.2931575 274.5344327 271.5815479 284.0850853 275.8353407 279.1220214 269.5767073 269.8326381 272.8116959 260.7396643 262.2153107 167.917944 0 0 0 0 0 0 0 0 0 0 0 0 
0 0 0 0 0 0 0 0 0 0 0 0 202.5840469 276.8179541 256.2362931 267.0654738 282.4651546 258.1007871 292.3259508 277.8407325 275.0504156 265.7685394 279.0906796 264.8933791 265.3692759 270.3024213 284.0160814 304.7758538 282.2257396 278.5146318 276.9912031 285.6047953 286.817175 295.3303415 293.8651253 290.5110949 284.0478633 294.8533152 297.5132506 300.0069447 295.7343409 300.0620657 303.1455952 288.7425897 299.5532122 290.7582444 285.9641154 295.8843162 295.1550363 287.03734 312.4078324 291.7066454 285.1814702 298.2515266 290.2143105 290.8362655 297.0256442 303.3297914 302.7042595 293.0636776 307.3978795 294.4795339 290.253892 285.2367918 282.1538782 301.4919014 297.589 299.0728652 288.506451 283.7207532 297.7936573 281.323318 282.9894976 286.8619546 286.9578693 279.5142881 289.3822893 267.4278301 279.5411904 271.8580021 272.802248 269.1958613 280.5951008 259.7297279 280.1770947 269.0403774 261.5093042 178.6714759 0 0 0 0 0 0 0 0 0 0 0 0 
0 0 0 0 0 0 0 0 0 0 0 0 177.9813607 258.5960755 251.2097503 271.1803098 266.6980876 274.1320789 273.2648249 275.0836638 270.683823 271.542113 278.0654822 272.6876487 278.5735572 286.2385708 280.9102764 287.7447735 291.1010837 291.6522487 288.4964437 288.277268 300.5597988 276.8286591 285.8638413 308.7687191 282.9615241 290.0900206 297.5338795 305.0627745 297.0363135 292.6395304 302.6477522 305.4202736 290.8244347 303.4770589 304.092889 289.5288521 300.9865254 288.6495388 302.8908475 295.3532039 294.6738855 310.440224 299.4019506 306.6476149 289.9872501 301.24676 295.9677051 301.9487244 298.4584659 303.2340671 295.0658037 285.9094028 285.012441 284.4770616 281.7174139 295.8294191 297.7468232 295.1207326 280.39745 289.8521796 282.8824621 276.9821023 286.6263484 285.1971461 285.8563336 272.911004 270.0032873 281.4756274 269.8190735 266.8172892 279.929344 270.4822709 276.28559 252.3496649 263.7197546 188.9276177 0 0 0 0 0 0 0 0 0 0 0 0 
0 0 0 0 0 0 0 0 0 0 0 0 182.1333922 256.5196938 266.602722 257.2924048 267.7816933 261.2873596 253.844302 281.2419427 278.6019674 278.673858 280.0076825 269.5757486 280.8547479 284.7120882 284.8910045 281.4162106 284.7628847 280.2617519 281.1834016 283.4599218 288.4152248 291.4514987 297.8342183 297.5299224 294.6588657 290.7598132 299.1080229 282.8228271 287.8947632 303.6121048 280.0131242 302.9116076 283.219617 293.6885641 289.3156163 292.7728415 300.8519873 297.9379891 290.5437499 293.8018059 288.5436987 295.0592951 305.9126661 302.2611153 300.2588562 298.4999546 302.5605065 282.6617059 298.423524 294.5292791 303.9742135 300.183249 286.1429759 291.494179 281.387571 297.7817715 284.7887002 286.749025 284.8924184 287.4504081 282.3320989 287.8591064 284.5068145 270.8414764 285.7787982 273.382176 270.685469 272.7244089 266.0993953 275.8046001 271.6511538 264.0465399 272.5858515 265.0428903 267.1129498 194.3428155 0 0 0 0 0 0 0 0 0 0 0 0 
0 0 0 0 0 0 0 0 0 0 0 0 187.6359673 260.7814507 247.8371168 274.4667595 267.3878937 257.5813745 262.6436971 267.7744448 268.2772482 267.5784384 272.185327 281.8358238 276.3455018 275.4548979 276.6960535 276.8509268 293.0593199 271.0695689 291.2324625 282.0888827 290.5885653 286.5695327 295.8554411 283.3627563 301.4882003 305.0483672 307.3788312 296.4127848 298.0581257 292.6649886 293.0032876 293.4132082 276.8625499 280.4788766 296.9653831 294.8273941 291.3097093 294.5649025 296.1825234 293.1665789 288.3576644 300.6258113 297.3422266 296.0083608 300.9742196 300.0941972 287.0025725 301.2650837 295.5623447 295.4725985 291.287831 296.9811469 288.9941543 284.7812037 307.3615244 280.1491245 290.7375927 281.7921267 286.0243778 283.4489747 292.9908694 288.3963233 272.8697749 288.1048835 279.0025076 276.5277324 270.2874431 289.787261 271.9297305 266.7603047 268.0324633 277.1798499 264.1707762 263.6097443 258.6225099 192.1577558 0 0 0 0 0 0 0 0 0 0 0 0 
0 0 0 0 0 0 0 0 0 0 0 0 181.4614496 248.9853184 262.0033564 261.7212249 264.2050941 265.2234663 269.9947267 267.0815074 275.2918116 275.1050819 267.9581291 284.024828 263.9129664 285.0552487 268.0355371 284.6085502 288.7548096 283.9342745 276.0773049 290.5466272 283.8289192 291.0080882 278.1265217 288.1425276 300.9203752 290.27467 295.0943622 299.7527828 290.3250727 289.9444088 300.0999846 296.0663565 299.0800255 294.3554435 292.9519868 296.0362151 303.2389339 293.751609 296.7074622 306.8128863 289.559465 300.066044 296.5125617 284.8055327 300.0668643 296.0121649 287.3780017 290.6767782 283.9615918 288.8847183 286.9724155 289.4315064 298.9848453 292.164823 285.8016786 286.6321894 288.3704757 293.501568 288.0686136 280.8405161 275.6742323 292.2652196 282.9269204 272.4233849 290.2847483 263.6701051 269.5341555 282.4353805 274.726683 257.6730962 262.5227011 261.7897821 271.1081996 257.2178882 258.8290333 182.5591987 0 0 0 0 0 0 0 0 0 0 0 0 
0 0 0 0 0 0 0 0 0 0 0 0 188.2017542 247.5732158 269.1687437 256.7295032 258.2202118 268.5985854 262.0024295 259.7781726 266.5406012 259.2350043 275.785824 265.2984127 274.7290543 280.8273965 279.3098838 284.9076527 279.1124483 295.9390525 282.8280444 275.9922055 288.2527539 304.3305823 282.9384054 281.934485 279.8952936 286.2733407 288.9394265 300.1107955 294.3826839 298.3219623 294.627289 285.4263957 285.284139 294.9480688 302.8853868 301.5834583 296.9427888 295.9680415 284.3916142 287.0414051 299.1248905 279.3277686 295.623804 308.5817587 280.9075728 295.6628081 282.0504244 302.5874049 297.4906124 288.3608892 279.4466277 289.701844 285.2652256 281.6906329 277.8907213 284.9895864 290.8229494 284.4891162 279.9923075 276.1015571 282.1129452 291.2646799 279.7455794 286.7283639 280.662043 269.6176337 268.2277197 265.5341808 273.7440817 267.6866531 260.5539545 269.8297976 255.022159 265.8959008 262.73242 181.9645897 0 0 0 0 0 0 0 0 0 0 0 0 
0 0 0 0 0 0 0 0 0 0 0 0 182.47967 259.6062821 268.7593232 255.3485124 262.8091217 263.2239886 280.8662754 265.7719964 251.07098 281.0137418 284.9580526 268.3209831 280.7656831 284.3130701 273.3603443 277.9134092 282.713168 285.5330134 273.7810398 294.7011178 289.9133622 275.7627449 279.8359307 287.362654 290.2617535 291.617559 292.1573652 296.1577809 281.0962521 289.5018489 288.5884786 286.6444227 297.5244185 290.1034009 301.0237516 289.1157608 300.6023548 289.0830259 288.8495705 298.5845191 299.0510803 297.9802028 303.8154371 281.5113504 293.9983396 291.0403702 293.0549829 292.9846587 294.908944 297.8152257 279.8941276 275.9609802 282.259406 281.5317236 291.1914619 278.0433112 290.8495121 285.9780839 278.1215179 278.3227228 280.3958427 276.1591528 276.7930551 273.217143 287.4489034 277.4762625 285.2121153 272.0566192 273.1328449 267.9692564 262.3083293 264.5864632 258.576509 268.9343667 256.0354241 188.2971872 0 0 0 0 0 0 0 0 0 0 0 0 
0 0 0 0 0 0 0 0 0 0 0 0 169.9008018 250.8376886 260.1497928 263.2552897 261.555259 269.2980895 263.8884776 270.6108551 273.5303817 265.7247013 260.4177836 274.7922914 273.7327593 280.5768391 279.340931 275.3169932 293.8667823 278.594883 279.0843204 280.7390641 283.8875668 283.4169194 294.4983692 277.1777829 272.0260973 291.5031177 284.452879 289.9567279 288.5065858 296.6817095 288.7736385 297.5974977 293.210023 292.8686813 301.0819001 304.032731 282.5057364 286.0301037 298.0407876 289.8244723 296.334591 295.708039 304.2715576 290.8843049 292.2156405 284.6045262 297.5876768 284.196909 295.7340895 288.7142011 280.9965473 295.997467 282.0665004 278.7887592 270.6421502 290.121159 284.7751432 287.1344067 279.6946702 289.5354471 276.1472998 282.5255862 282.9412783 271.0157244 263.804078 271.8780151 268.4300648 278.8104273 262.0932079 263.5053754 257.9798777 258.8191615 256.6944026 274.8989653 254.542234 184.6066673 0 0 0 0 0 0 0 0 0 0 0 0 
0 0 0 0 0 0 0 0 0 0 0 0 171.7560224 245.2881017 258.9578806 256.5238989 263.9432636 268.6689359 257.7614252 266.6473134 268.199298 270.2730779 268.4683613 277.8246445 275.5765261 271.3393056 275.7378716 278.0752597 278.5280098 282.7733528 283.2193667 284.8099159 283.1812782 296.6337386 285.1939955 277.8942475 296.1870392 298.482143 291.0010631 289.3319457 286.2969079 290.8466123 281.1885862 299.724588 299.1927204 303.8281118 299.7776311 294.4501282 289.50958 302.0328648 281.1905044 299.5386187 286.3119554 303.791133 292.2752184 283.6515587 292.3646884 284.3648603 288.6806738 285.9268738 293.5699261 295.3008363 283.6395135 298.5245706 287.1749918 281.1390117 278.5177796 288.7908672 279.4097561 284.8805833 282.1649023 278.2881262 288.247217 282.1124512 274.0285184 274.6733275 271.4387764 284.1806654 261.7613766 262.6511468 276.6553305 268.1463664 263.2206374 270.3400279 251.8032372 264.7478855 264.6142802 174.4526716 0 0 0 0 0 0 0 0 0 0 0 0 
0 0 0 0 0 0 0 0 0 0 0 0 175.172412 257.3045512 259.9814935 257.6297741 240.2760954 263.9750023 266.9187873 265.9813949 266.6458077 271.4321246 278.4601824 267.3376062 301.1717409 273.6191343 276.4682991 284.1482077 271.7656212 298.7462283 276.1199792 289.0218022 285.0761858 278.5955274 295.1307771 278.4083031 292.0145511 293.8236913 293.383026 285.7498081 286.6901896 291.0994542 289.969152 281.2661274 294.8888217 286.7208347 298.1931827 293.552246 282.5954391 296.1029175 287.6365525 286.9322161 287.0035876 284.2601106 291.3709271 293.2786928 286.3094799 289.42867 296.2505605 287.5986728 298.8871561 291.732097 300.5923538 287.1429396 288.0842526 281.3742802 286.5989627 273.4287499 283.0431344 276.0762632 284.6182221 284.1050562 276.2997397 270.1029994 281.080035 277.4157891 283.2839389 271.7106639 273.9903571 274.7987807 272.4391172 271.7933694 265.6997981 265.1336756 262.9936668 253.0617573 246.5547687 180.4589076 0 0 0 0 0 0 0 0 0 0 0 0 
0 0 0 0 0 0 0 0 0 0 0 0 174.4199883 259.1325067 261.8436981 255.753171 259.0366742 252.4702274 259.4156188 265.1092016 266.2119864 259.6376309 274.5348614 270.4850688 284.0706334 277.6811764 276.3870984 265.4302547 273.1943391 276.872349 285.6981742 274.4727367 286.1923863 268.7846967 278.9207979 292.1179116 286.7646973 298.4127723 291.187164 292.5142744 303.680177 296.7586943 298.2570905 294.8904311 299.9114769 292.0831519 290.2390013 298.9984568 279.6196153 285.5212147 297.1020133 296.436415 282.4335862 287.8057213 292.3360562 299.516135 286.4196217 290.770478 292.1422798 293.6152436 290.8819082 283.1785182 287.2662478 293.6881706 278.4996851 281.2593465 282.6643236 270.4270097 279.8885289 296.0859425 278.1617378 269.4270477 284.9778046 279.9634116 285.0401014 282.3885288 282.060699 266.496761 267.0954688 270.6449668 273.5608888 266.5682067 270.426124 269.410449 268.4567411 265.2183745 266.672123 185.9472051 0 0 0 0 0 0 0 0 0 0 0 0 
0 0 0 0 0 0 0 0 0 0 0 0 178.390315 260.7130149 268.9934689 271.5572408 266.1586509 267.1270075 265.5512694 269.0580747 262.4349576 276.5901338 278.1586142 271.9128268 278.7629689 278.2993389 278.4426925 282.5460457 280.35794 276.0987394 280.1701682 278.780767 277.319269 277.628489 276.4858705 285.3698996 266.9863777 272.6927716 279.1338452 279.4816129 277.9588224 276.3744907 293.7848157 287.9807916 291.6093191 295.4791277 294.1365989 287.350901 295.4220341 286.8325863 283.8706305 287.5319463 283.5482177 291.3433986 291.5514738 284.0992613 277.2218447 292.5698784 283.7102816 292.7368954 284.2871287 290.9137682 277.8312543 284.992203 271.7177992 284.4271638 288.5066292 281.1270919 280.4269388 276.7612869 292.2322761 277.3143426 283.4808334 273.3177943 287.8667865 267.6226978 273.4017852 273.2611222 275.741957 251.3161134 248.835773 271.8325544 258.9629403 252.5594868 257.7276808 261.714166 244.2798374 185.7950924 0 0 0 0 0 0 0 0 0 0 0 0 
0 0 0 0 0 0 0 0 0 0 0 0 178.2091915 256.8803889 259.230144 258.8989621 257.5048496 272.973829 270.216329 265.8007441 258.3107558 253.337611 273.5069964 267.9790629 276.2275849 273.6013374 279.9865793 277.3976291 278.4885911 286.4822234 272.6910418 284.582326 276.2796806 286.875623 268.4382833 277.9288484 284.1828366 280.3008818 285.8759682 291.0345554 288.8558678 288.0506036 298.6987568 281.60711 300.5987088 290.4186262 280.9988157 294.6746642 293.9819378 282.6060023 282.6639707 283.309149 291.9530901 295.9023317 291.9223403 284.025087 294.196815 284.7255119 278.3763146 283.4535327 297.7153672 285.1029591 290.8807031 278.9140336 285.153316 285.628867 288.0375336 290.8648351 282.0397485 283.1334312 278.3214741 287.9422246 280.3099912 267.8969425 275.6064835 280.2287235 272.5065107 270.4281194 268.0651645 275.7620235 261.2820827 265.0376778 251.2217055 256.1094943 257.3213114 248.7794177 251.8523045 180.098601 0 0 0 0 0 0 0 0 0 0 0 0 
0 0 0 0 0 0 0 0 0 0 0 0 180.930046 264.4982345 236.7481038 259.6789527 251.2299815 252.4590146 248.1635517 261.8312077 262.6463346 270.2420841 264.9897454 257.8916797 262.5696622 272.5410239 276.9098229 267.4626282 261.7143783 275.4381914 279.3150594 279.112366 283.1059424 275.3170687 267.9840036 262.9710657 283.6448957 281.404555 291.0281944 289.9371664 291.6811082 286.9570886 294.2585438 292.16866 291.7008085 281.1773422 286.6265638 284.6735898 277.5656605 274.1811919 277.3683883 288.6002855 288.6077921 295.9350047 293.0519771 294.7036691 284.881017 293.2377224 286.9086153 283.6868576 279.2697805 275.8502219 287.6458677 294.4780891 282.2715352 278.4137145 287.2209186 284.3054775 275.7338053 273.6755174 286.3651325 294.7125551 269.8372097 278.1481878 274.4838458 272.0857978 270.8957824 264.0553722 251.4763692 271.6256207 263.7846563 279.244155 260.9436766 259.2170058 252.1890066 245.8782774 252.6151229 177.040164 0 0 0 0 0 0 0 0 0 0 0 0 
0 0 0 0 0 0 0 0 0 0 0 0 187.1074865 249.9842371 258.9676402 259.3629602 258.943969 261.5104806 260.6611102 266.163892 257.0538916 267.5024395 269.5198263 270.8310495 264.7694301 277.691686 275.0379478 273.2827513 269.0692331 288.5588443 282.0913949 269.8303892 278.3906945 270.5885771 287.0925977 276.0426942 287.1965233 283.8859492 281.2315256 273.7679605 295.2411222 274.6864097 276.1314096 292.8707608 274.2293931 284.8128444 275.11422 287.2538083 285.2646416 283.2854139 285.6209097 291.7967356 279.2326013 279.4780512 298.8876405 287.9960268 282.9804436 285.605319 292.6052306 272.5591928 284.5808951 289.3658906 291.6654643 286.3673583 286.3252628 282.6592431 281.3291914 281.7845197 286.6850159 275.9253404 279.0724867 281.4962504 279.8950771 265.3748408 269.3103586 271.8955899 262.3522296 267.6466144 268.7726938 263.5450669 257.1333333 270.8413347 255.6212821 254.2876377 261.7312275 247.7363397 249.4590238 179.3480574 0 0 0 0 0 0 0 0 0 0 0 0 
0 0 0 0 0 0 0 0 0 0 0 0 190.7650607 245.8778947 249.1778467 252.3925032 246.7895164 258.2857171 257.8617167 262.9810635 259.1539761 256.0693882 266.1152357 267.2022013 269.0654355 260.2363873 265.0421154 271.7011703 264.5069672 276.5524459 286.6973142 270.2971937 273.3554802 283.2750149 274.6235354 285.2241461 271.9937558 268.5091496 285.0127041 283.8953136 276.3825095 288.3457684 270.1489517 289.7791646 279.015984 280.8774145 288.4423597 294.6517258 282.9989 289.438454 282.3021067 293.9647492 279.2761135 287.7747815 287.2233286 280.7615483 278.4323271 281.5589642 287.7352351 278.5003745 290.9595287 280.9439348 282.8365842 281.783293 276.3877312 273.8465728 272.3884985 266.5003515 279.2313252 268.4774547 271.7479476 272.9413598 274.0763556 266.0324015 274.1934229 266.5630253 276.2819948 267.2463813 256.4193297 252.6143651 270.4871009 256.0760202 271.1568316 267.3457958 253.76615 260.0797578 255.3334662 176.184816 0 0 0 0 0 0 0 0 0 0 0 0 
0 0 0 0 0 0 0 0 0 0 0 0 166.8042256 257.1405183 248.45175 258.9179447 257.6667671 268.1482725 250.9032307 256.3025496 271.2309948 263.1965884 263.6122246 270.1328372 274.90765 258.4292544 269.7345116 276.2801935 273.3962349 282.9605772 282.4840228 271.1976356 266.5828236 271.5369284 268.190717 285.5334829 283.246811 271.1180803 287.3158858 275.7964812 283.2783435 281.61699 289.5907483 292.5399469 265.0212508 301.8532185 283.9364968 277.9503116 281.9205652 270.1308864 274.6505445 277.3929252 284.0262933 279.6090694 282.2411009 281.5217212 289.3213944 295.7875659 275.7341487 277.0891949 287.8309012 276.1380478 275.9684458 287.1723156 271.9602699 281.4965998 289.006377 277.973375 281.3644876 279.1140978 280.8648145 272.5204436 265.244833 261.2289712 259.2986608 251.0161808 265.5897124 264.5948889 260.4650736 259.2425854 266.0751341 253.7397099 256.049485 269.1273557 269.2442322 247.9939888 246.8143365 170.5050275 0 0 0 0 0 0 0 0 0 0 0 0 
0 0 0 0 0 0 0 0 0 0 0 0 176.155413 239.1920606 246.527176 253.2561866 242.3689031 270.3355637 258.788333 261.546463 264.8995735 254.0300142 260.9324851 268.2309354 269.2757488 261.4418536 265.1978099 267.7383579 260.2275804 275.3037279 271.7149305 287.9082323 262.6106823 290.2205346 289.8584111 279.7868758 278.4066826 289.1270847 293.3494896 270.2432866 273.1048384 266.4547107 277.5012106 279.8530882 273.2144432 279.2620889 268.1827833 273.0023307 286.1168064 286.0951132 272.9261445 278.7910867 281.7222043 281.0057919 289.6399597 282.1387596 278.2850419 281.422668 273.4697744 282.3932451 279.992475 283.4361009 271.6230917 270.5485755 261.468788 269.8563345 269.4647733 280.0709539 281.3317521 273.1890708 276.7327194 254.1535054 270.059953 275.8659705 266.5022748 268.9987774 268.8927336 266.7528192 251.0406206 261.2533964 258.996415 252.7697837 251.6409184 262.2467066 266.3546374 246.1112783 243.6256993 186.526144 0 0 0 0 0 0 0 0 0 0 0 0 
0 0 0 0 0 0 0 0 0 0 0 0 177.1362356 256.239421 260.7927759 251.7051201 254.2626773 261.5464377 263.0996597 262.9113631 262.5441823 246.906618 261.3371375 267.4355818 259.7764441 271.9423716 257.2295834 263.7461298 259.6851705 272.5715919 271.9155122 284.8446632 264.5532051 277.1379573 271.327594 277.446967 278.448728 283.1471097 280.8180396 280.8024875 287.1998666 292.9168418 284.1896509 283.8570614 281.8264422 278.2993361 279.6602871 276.3712717 271.505971 291.5439065 286.1939719 283.0167541 281.0853889 285.3013892 277.4152819 283.7108899 280.0346611 263.6001527 283.8612723 276.2813095 291.489548 279.9023126 272.8707993 275.126786 265.2831435 268.6145714 274.171051 274.3133646 275.0427543 278.7276471 268.049469 279.1433789 273.0920597 274.7649422 262.6063281 262.5261338 263.8687223 265.5753353 262.5775392 256.9751486 255.0724113 251.8177233 258.6227038 252.8244806 256.2108483 250.2674781 244.1743923 173.3538578 0 0 0 0 0 0 0 0 0 0 0 0 
0 0 0 0 0 0 0 0 0 0 0 0 179.3514984 249.9612152 247.0757112 251.8998303 256.8068566 249.0652295 259.0142391 253.8390021 256.0359266 261.6383269 262.188722 256.1134805 262.2253671 262.0863477 254.1227232 266.9562394 268.8586667 274.9199664 273.7958682 276.5028313 276.0620232 265.6072132 273.8571298 274.6631326 262.6584294 278.8159369 275.6326939 276.3082379 278.6155211 284.6392516 271.8826739 287.054219 285.1614404 283.8563147 288.2688572 268.7404062 280.9833086 282.2321625 282.2749542 274.2563694 280.444694 283.900905 280.0818019 271.008753 274.1153067 272.7032923 284.4040833 274.078514 271.2582314 272.923623 279.5512211 274.187285 282.4388145 274.7597874 275.1250162 261.4220302 276.1482313 279.9301751 269.3961608 273.0504191 275.1548466 252.3428699 256.7246927 258.3351584 254.0478868 277.7796126 261.7904533 253.5568046 261.9598523 263.7321799 252.3522532 258.8233764 252.9951343 254.9964097 243.2171324 172.9029073 0 0 0 0 0 0 0 0 0 0 0 0 
0 0 0 0 0 0 0 0 0 0 0 0 162.8536617 245.7183371 243.4009258 265.60396 237.186573 254.3362846 256.7091887 248.2267152 244.9296796 260.9551625 275.2781966 266.421264 261.1397349 260.9293716 256.0129027 263.0785176 264.0274597 264.9972397 278.8810795 267.5872032 286.302111 266.8500128 259.5050451 277.7067455 284.7061133 272.4267273 266.0074346 279.002217 283.876728 282.1581624 283.0105367 268.8578409 272.0136267 282.8729538 270.9026233 284.9741846 284.1942062 277.3082958 273.7614121 268.1855079 277.6305172 276.6197351 266.6054346 273.4157348 271.5887133 283.6654187 278.2238654 278.7772029 271.6049747 277.8486442 278.6785149 277.4046961 290.5654778 262.1513639 275.6094915 265.3341756 276.8786092 277.4429779 279.3578105 263.1736319 271.814202 263.4034698 254.9758758 251.7270799 262.1649365 262.4476815 255.2415146 258.4604151 254.3593729 262.8763629 269.3862782 247.3808538 253.9328379 254.7023289 241.3691078 161.4520999 0 0 0 0 0 0 0 0 0 0 0 0 
0 0 0 0 0 0 0 0 0 0 0 0 166.2145727 247.0748223 233.7848062 239.2620459 252.5495739 245.3831209 264.3627584 264.1992541 264.3965945 246.5278841 250.33798 260.4639276 255.1906792 269.0801926 267.046188 268.5620022 269.7241902 260.2518287 264.2479149 265.9137936 288.5151089 272.9077983 272.558476 272.8685174 277.4933296 276.8150434 283.5976514 262.3888805 270.4068972 262.8887517 273.7173968 275.4049403 274.4359699 284.0038557 281.2845955 272.1759858 278.9539733 277.4360397 282.7199851 275.6439262 278.7156629 282.2848302 275.3178422 275.4673331 280.5719893 280.626198 278.7629627 276.2660184 269.1062553 275.302028 274.2574732 281.357351 277.2766715 264.656249 272.6504299 268.8056629 262.168505 254.9214337 268.2348411 270.1671857 264.8005629 258.703673 264.0984773 261.8818002 259.7016872 258.4253343 260.5554225 249.495511 273.7104834 252.5858699 250.7218264 252.7066925 251.2323489 249.9365988 256.3959429 178.9846771 0 0 0 0 0 0 0 0 0 0 0 0 
0 0 0 0 0 0 0 0 0 0 0 0 175.2994503 259.4994035 263.9295006 251.0605328 233.9353061 247.0820734 249.7469791 248.8532575 261.4910709 255.4403414 254.0403066 251.1996521 269.5848055 263.5145976 255.4391155 266.915299 268.9806457 260.7717985 262.6669294 269.4352748 271.1392098 264.902475 271.4683545 281.2008323 259.5309098 271.7809037 281.0550656 260.6711097 279.3496033 277.8142869 264.0988381 275.5504976 280.8062707 276.6547112 285.970567 274.0080751 275.1676543 291.0707322 279.05804 277.3199527 275.5438448 276.0357539 269.9022584 276.675149 285.7943144 279.5035942 270.2754464 269.771114 272.1433205 272.5243107 268.0455238 270.0455164 269.7449809 276.0506553 269.9999016 264.6698744 273.1672598 258.5093297 258.3516485 276.8632933 272.6370352 275.4563901 257.6432147 247.8569709 256.3709276 248.6893331 251.4615646 248.1344752 258.1310284 256.0695979 249.2613945 256.4230687 249.7579811 243.4457749 247.2669694 180.8078529 0 0 0 0 0 0 0 0 0 0 0 0 
0 0 0 0 0 0 0 0 0 0 0 0 169.1956344 241.9804815 234.6365829 235.3935897 233.6683711 241.8107837 250.0485034 252.5698186 244.4129435 261.7263556 253.1412924 264.0979851 266.7903548 253.3210603 269.721345 266.0961092 266.2814725 258.3020806 270.8964535 260.1131756 266.8440111 275.6198355 264.9237016 261.2023531 273.3092238 269.5631095 266.75184 263.7440438 263.7501788 272.9068824 281.982392 270.5431438 260.2133985 269.284949 276.8537196 278.091296 280.1495507 272.6884415 268.8768828 275.4457803 262.285953 282.7532459 277.3620228 267.3692936 274.3340191 274.1932328 260.5949023 271.5647978 263.6507781 261.9870686 273.9572376 282.4472061 270.5790858 264.2266262 263.2857727 258.2213841 264.3958243 258.411876 261.5450043 259.8099277 255.0849268 252.8256631 263.1574432 254.2332673 260.6692068 263.2974369 254.0564316 238.6011334 248.0487734 256.2970898 258.7640253 242.6938646 234.7795426 243.9129429 244.0638018 168.3454274 0 0 0 0 0 0 0 0 0 0 0 0 
0 0 0 0 0 0 0 0 0 0 0 0 183.8966001 247.7238557 233.070261 247.5796495 249.1358065 249.5086097 254.2909317 243.3004927 242.7760722 249.4283234 248.7974274 245.8859016 259.0204272 258.9411454 254.9841313 269.0873746 258.9910702 256.815277 262.7811109 268.1568545 271.3130886 256.7800462 268.3407449 260.6843442 277.7827446 263.2759964 275.4138366 267.9668353 274.019544 276.3342157 271.8322544 271.0832102 280.0799348 296.2845699 275.8405918 277.0491906 280.330081 263.8944083 279.1500865 273.0454512 270.8675288 273.1685418 280.1477874 263.0446126 267.8391264 263.3074626 283.1505626 280.3728804 262.8809769 278.288625 269.902578 264.8730419 262.3371358 270.9016655 276.524364 264.51416 282.5867763 268.9789419 270.1328685 260.9816272 275.5124656 250.0839633 272.7934114 245.1782502 276.1443273 255.065393 260.2861872 255.9436644 262.9450315 247.8271548 260.6960264 249.9355258 256.6025112 249.1527043 237.5272691 169.5859062 0 0 0 0 0 0 0 0 0 0 0 0 
0 0 0 0 0 0 0 0 0 0 0 0 103.7135898 171.7458316 175.7718249 169.6837474 176.1836505 174.1645578 172.6528687 180.1010442 175.7415989 184.1105615 176.9259283 192.3615843 184.6787699 184.4604081 185.0994001 185.6293454 181.5887064 178.723758 200.1879635 179.3126008 179.9201612 186.3177282 185.7022214 188.3202208 187.1724861 176.2540663 187.8711225 180.5562408 182.5542489 197.1898059 187.3787285 189.0328422 202.2428034 196.5699284 188.3075516 188.1180372 196.1217656 186.0346792 187.0820061 196.3930129 200.7289427 187.3591825 193.9591006 191.3513007 188.3475493 195.0671761 174.5039275 180.537692 182.3015404 189.0995626 200.3630382 191.0502438 190.7451934 178.8585841 191.3839378 192.8909724 191.6152532 194.6317417 178.8318576 174.4745258 189.4459909 186.4700592 168.3686618 183.1061667 179.472966 184.8569149 180.9407851 173.9293188 171.7009024 175.7511343 184.552257 161.8641334 169.1225145 171.343634 162.2943949 101.4967698 0 0 0 0 0 0 0 0 0 0 0 0 
0 0 0 0 0 0 0 0 0 0 0 0 0 0 0 0 0 0 0 0 0 0 0 0 0 0 0 0 0 0 0 0 0 0 0 0 0 0 0 0 0 0 0 0 0 0 0 0 0 0 0 0 0 0 0 0 0 0 0 0 0 0 0 0 0 0 0 0 0 0 0 0 0 0 0 0 0 0 0 0 0 0 0 0 0 0 0 0 0 0 0 0 0 0 0 0 0 0 0 0 
0 0 0 0 0 0 0 0 0 0 0 0 0 0 0 0 0 0 0 0 0 0 0 0 0 0 0 0 0 0 0 0 0 0 0 0 0 0 0 0 0 0 0 0 0 0 0 0 0 0 0 0 0 0 0 0 0 0 0 0 0 0 0 0 0 0 0 0 0 0 0 0 0 0 0 0 0 0 0 0 0 0 0 0 0 0 0 0 0 0 0 0 0 0 0 0 0 0 0 0 
0 0 0 0 0 0 0 0 0 0 0 0 0 0 0 0 0 0 0 0 0 0 0 0 0 0 0 0 0 0 0 0 0 0 0 0 0 0 0 0 0 0 0 0 0 0 0 0 0 0 0 0 0 0 0 0 0 0 0 0 0 0 0 0 0 0 0 0 0 0 0 0 0 0 0 0 0 0 0 0 0 0 0 0 0 0 0 0 0 0 0 0 0 0 0 0 0 0 0 0 
0 0 0 0 0 0 0 0 0 0 0 0 0 0 0 0 0 0 0 0 0 0 0 0 0 0 0 0 0 0 0 0 0 0 0 0 0 0 0 0 0 0 0 0 0 0 0 0 0 0 0 0 0 0 0 0 0 0 0 0 0 0 0 0 0 0 0 0 0 0 0 0 0 0 0 0 0 0 0 0 0 0 0 0 0 0 0 0 0 0 0 0 0 0 0 0 0 0 0 0 
0 0 0 0 0 0 0 0 0 0 0 0 0 0 0 0 0 0 0 0 0 0 0 0 0 0 0 0 0 0 0 0 0 0 0 0 0 0 0 0 0 0 0 0 0 0 0 0 0 0 0 0 0 0 0 0 0 0 0 0 0 0 0 0 0 0 0 0 0 0 0 0 0 0 0 0 0 0 0 0 0 0 0 0 0 0 0 0 0 0 0 0 0 0 0 0 0 0 0 0 
0 0 0 0 0 0 0 0 0 0 0 0 0 0 0 0 0 0 0 0 0 0 0 0 0 0 0 0 0 0 0 0 0 0 0 0 0 0 0 0 0 0 0 0 0 0 0 0 0 0 0 0 0 0 0 0 0 0 0 0 0 0 0 0 0 0 0 0 0 0 0 0 0 0 0 0 0 0 0 0 0 0 0 0 0 0 0 0 0 0 0 0 0 0 0 0 0 0 0 0 
0 0 0 0 0 0 0 0 0 0 0 0 0 0 0 0 0 0 0 0 0 0 0 0 0 0 0 0 0 0 0 0 0 0 0 0 0 0 0 0 0 0 0 0 0 0 0 0 0 0 0 0 0 0 0 0 0 0 0 0 0 0 0 0 0 0 0 0 0 0 0 0 0 0 0 0 0 0 0 0 0 0 0 0 0 0 0 0 0 0 0 0 0 0 0 0 0 0 0 0 
0 0 0 0 0 0 0 0 0 0 0 0 0 0 0 0 0 0 0 0 0 0 0 0 0 0 0 0 0 0 0 0 0 0 0 0 0 0 0 0 0 0 0 0 0 0 0 0 0 0 0 0 0 0 0 0 0 0 0 0 0 0 0 0 0 0 0 0 0 0 0 0 0 0 0 0 0 0 0 0 0 0 0 0 0 0 0 0 0 0 0 0 0 0 0 0 0 0 0 0 
0 0 0 0 0 0 0 0 0 0 0 0 0 0 0 0 0 0 0 0 0 0 0 0 0 0 0 0 0 0 0 0 0 0 0 0 0 0 0 0 0 0 0 0 0 0 0 0 0 0 0 0 0 0 0 0 0 0 0 0 0 0 0 0 0 0 0 0 0 0 0 0 0 0 0 0 0 0 0 0 0 0 0 0 0 0 0 0 0 0 0 0 0 0 0 0 0 0 0 0 
0 0 0 0 0 0 0 0 0 0 0 0 0 0 0 0 0 0 0 0 0 0 0 0 0 0 0 0 0 0 0 0 0 0 0 0 0 0 0 0 0 0 0 0 0 0 0 0 0 0 0 0 0 0 0 0 0 0 0 0 0 0 0 0 0 0 0 0 0 0 0 0 0 0 0 0 0 0 0 0 0 0 0 0 0 0 0 0 0 0 0 0 0 0 0 0 0 0 0 0 
0 0 0 0 0 0 0 0 0 0 0 0 0 0 0 0 0 0 0 0 0 0 0 0 0 0 0 0 0 0 0 0 0 0 0 0 0 0 0 0 0 0 0 0 0 0 0 0 0 0 0 0 0 0 0 0 0 0 0 0 0 0 0 0 0 0 0 0 0 0 0 0 0 0 0 0 0 0 0 0 0 0 0 0 0 0 0 0 0 0 0 0 0 0 0 0 0 0 0 0 
0 0 0 0 0 0 0 0 0 0 0 0 0 0 0 0 0 0 0 0 0 0 0 0 0 0 0 0 0 0 0 0 0 0 0 0 0 0 0 0 0 0 0 0 0 0 0 0 0 0 0 0 0 0 0 0 0 0 0 0 0 0 0 0 0 0 0 0 0 0 0 0 0 0 0 0 0 0 0 0 0 0 0 0 0 0 0 0 0 0 0 0 0 0 0 0 0 0 0 0 
# Events [SlitMonitor/SlitMonitor.dat] N:
0 0 0 0 0 0 0 0 0 0 0 0 0 0 0 0 0 0 0 0 0 0 0 0 0 0 0 0 0 0 0 0 0 0 0 0 0 0 0 0 0 0 0 0 0 0 0 0 0 0 0 0 0 0 0 0 0 0 0 0 0 0 0 0 0 0 0 0 0 0 0 0 0 0 0 0 0 0 0 0 0 0 0 0 0 0 0 0 0 0 0 0 0 0 0 0 0 0 0 0 
0 0 0 0 0 0 0 0 0 0 0 0 0 0 0 0 0 0 0 0 0 0 0 0 0 0 0 0 0 0 0 0 0 0 0 0 0 0 0 0 0 0 0 0 0 0 0 0 0 0 0 0 0 0 0 0 0 0 0 0 0 0 0 0 0 0 0 0 0 0 0 0 0 0 0 0 0 0 0 0 0 0 0 0 0 0 0 0 0 0 0 0 0 0 0 0 0 0 0 0 
0 0 0 0 0 0 0 0 0 0 0 0 0 0 0 0 0 0 0 0 0 0 0 0 0 0 0 0 0 0 0 0 0 0 0 0 0 0 0 0 0 0 0 0 0 0 0 0 0 0 0 0 0 0 0 0 0 0 0 0 0 0 0 0 0 0 0 0 0 0 0 0 0 0 0 0 0 0 0 0 0 0 0 0 0 0 0 0 0 0 0 0 0 0 0 0 0 0 0 0 
0 0 0 0 0 0 0 0 0 0 0 0 0 0 0 0 0 0 0 0 0 0 0 0 0 0 0 0 0 0 0 0 0 0 0 0 0 0 0 0 0 0 0 0 0 0 0 0 0 0 0 0 0 0 0 0 0 0 0 0 0 0 0 0 0 0 0 0 0 0 0 0 0 0 0 0 0 0 0 0 0 0 0 0 0 0 0 0 0 0 0 0 0 0 0 0 0 0 0 0 
0 0 0 0 0 0 0 0 0 0 0 0 0 0 0 0 0 0 0 0 0 0 0 0 0 0 0 0 0 0 0 0 0 0 0 0 0 0 0 0 0 0 0 0 0 0 0 0 0 0 0 0 0 0 0 0 0 0 0 0 0 0 0 0 0 0 0 0 0 0 0 0 0 0 0 0 0 0 0 0 0 0 0 0 0 0 0 0 0 0 0 0 0 0 0 0 0 0 0 0 
0 0 0 0 0 0 0 0 0 0 0 0 0 0 0 0 0 0 0 0 0 0 0 0 0 0 0 0 0 0 0 0 0 0 0 0 0 0 0 0 0 0 0 0 0 0 0 0 0 0 0 0 0 0 0 0 0 0 0 0 0 0 0 0 0 0 0 0 0 0 0 0 0 0 0 0 0 0 0 0 0 0 0 0 0 0 0 0 0 0 0 0 0 0 0 0 0 0 0 0 
0 0 0 0 0 0 0 0 0 0 0 0 0 0 0 0 0 0 0 0 0 0 0 0 0 0 0 0 0 0 0 0 0 0 0 0 0 0 0 0 0 0 0 0 0 0 0 0 0 0 0 0 0 0 0 0 0 0 0 0 0 0 0 0 0 0 0 0 0 0 0 0 0 0 0 0 0 0 0 0 0 0 0 0 0 0 0 0 0 0 0 0 0 0 0 0 0 0 0 0 
0 0 0 0 0 0 0 0 0 0 0 0 0 0 0 0 0 0 0 0 0 0 0 0 0 0 0 0 0 0 0 0 0 0 0 0 0 0 0 0 0 0 0 0 0 0 0 0 0 0 0 0 0 0 0 0 0 0 0 0 0 0 0 0 0 0 0 0 0 0 0 0 0 0 0 0 0 0 0 0 0 0 0 0 0 0 0 0 0 0 0 0 0 0 0 0 0 0 0 0 
0 0 0 0 0 0 0 0 0 0 0 0 0 0 0 0 0 0 0 0 0 0 0 0 0 0 0 0 0 0 0 0 0 0 0 0 0 0 0 0 0 0 0 0 0 0 0 0 0 0 0 0 0 0 0 0 0 0 0 0 0 0 0 0 0 0 0 0 0 0 0 0 0 0 0 0 0 0 0 0 0 0 0 0 0 0 0 0 0 0 0 0 0 0 0 0 0 0 0 0 
0 0 0 0 0 0 0 0 0 0 0 0 0 0 0 0 0 0 0 0 0 0 0 0 0 0 0 0 0 0 0 0 0 0 0 0 0 0 0 0 0 0 0 0 0 0 0 0 0 0 0 0 0 0 0 0 0 0 0 0 0 0 0 0 0 0 0 0 0 0 0 0 0 0 0 0 0 0 0 0 0 0 0 0 0 0 0 0 0 0 0 0 0 0 0 0 0 0 0 0 
0 0 0 0 0 0 0 0 0 0 0 0 0 0 0 0 0 0 0 0 0 0 0 0 0 0 0 0 0 0 0 0 0 0 0 0 0 0 0 0 0 0 0 0 0 0 0 0 0 0 0 0 0 0 0 0 0 0 0 0 0 0 0 0 0 0 0 0 0 0 0 0 0 0 0 0 0 0 0 0 0 0 0 0 0 0 0 0 0 0 0 0 0 0 0 0 0 0 0 0 
0 0 0 0 0 0 0 0 0 0 0 0 0 0 0 0 0 0 0 0 0 0 0 0 0 0 0 0 0 0 0 0 0 0 0 0 0 0 0 0 0 0 0 0 0 0 0 0 0 0 0 0 0 0 0 0 0 0 0 0 0 0 0 0 0 0 0 0 0 0 0 0 0 0 0 0 0 0 0 0 0 0 0 0 0 0 0 0 0 0 0 0 0 0 0 0 0 0 0 0 
0 0 0 0 0 0 0 0 0 0 0 0 110 194 216 232 206 228 237 219 220 260 214 251 226 277 254 235 242 247 246 237 247 263 238 283 255 263 262 269 245 275 277 268 277 239 283 296 268 264 268 256 281 228 276 287 279 271 293 274 267 271 259 262 254 281 267 241 270 275 248 258 254 235 233 221 213 248 221 221 251 240 210 214 224 203 235 103 0 0 0 0 0 0 0 0 0 0 0 0 
0 0 0 0 0 0 0 0 0 0 0 0 253 405 438 415 489 454 447 494 466 488 504 464 517 489 506 495 463 519 486 519 540 474 543 524 531 531 535 511 532 495 507 553 557 545 602 533 582 531 558 570 534 528 568 521 534 503 534 495 533 528 541 525 546 521 517 524 498 497 501 549 493 495 482 533 444 477 453 441 457 451 438 445 444 441 443 194 0 0 0 0 0 0 0 0 0 0 0 0 
0 0 0 0 0 0 0 0 0 0 0 0 186 412 441 432 481 474 410 451 468 436 489 473 500 448 524 509 479 564 533 508 501 507 526 553 544 507 533 540 551 569 526 510 507 587 530 547 554 532 562 558 516 499 562 539 560 528 512 581 545 561 473 563 548 455 540 524 485 509 536 472 506 477 501 460 491 456 469 438 483 436 437 449 453 393 424 229 0 0 0 0 0 0 0 0 0 0 0 0 
0 0 0 0 0 0 0 0 0 0 0 0 215 448 398 470 480 477 485 456 471 510 440 478 513 511 514 507 509 542 494 485 513 543 525 515 538 539 542 569 517 549 548 570 553 492 516 575 551 539 571 523 569 564 529 552 528 552 580 517 519 554 560 541 521 526 523 474 534 501 527 503 509 516 483 493 490 518 461 463 449 472 436 475 452 435 447 221 0 0 0 0 0 0 0 0 0 0 0 0 
0 0 0 0 0 0 0 0 0 0 0 0 200 474 447 479 474 449 444 470 410 512 476 447 531 561 508 507 521 501 512 521 546 528 527 542 497 568 629 514 527 538 564 545 512 567 520 558 556 567 553 557 546 516 578 536 575 535 504 552 568 565 541 579 580 526 519 557 511 523 524 486 491 549 516 470 458 495 449 438 473 469 427 437 456 394 431 187 0 0 0 0 0 0 0 0 0 0 0 0 
0 0 0 0 0 0 0 0 0 0 0 0 198 465 450 491 468 502 503 468 485 505 517 479 530 524 530 484 552 532 545 528 556 523 602 547 528 544 530 495 528 595 564 540 617 580 527 541 517 546 571 525 548 561 550 565 564 546 580 524 556 530 570 542 543 530 524 532 516 520 493 508 493 479 481 484 508 462 536 496 448 533 507 505 470 438 412 224 0 0 0 0 0 0 0 0 0 0 0 0 
0 0 0 0 0 0 0 0 0 0 0 0 220 448 467 460 471 476 475 480 470 520 485 485 480 498 542 492 535 510 522 532 557 600 535 561 543 488 518 529 592 560 563 578 522 551 530 568 578 582 558 530 541 571 533 537 560 540 536 546 563 562 572 487 552 533 615 490 546 545 532 509 540 517 495 456 456 493 514 513 467 449 448 481 462 423 410 232 0 0 0 0 0 0 0 0 0 0 0 0 
0 0 0 0 0 0 0 0 0 0 0 0 229 489 457 452 440 470 495 483 476 497 479 516 488 466 528 531 472 541 537 514 540 542 521 537 506 560 508 558 528 566 564 617 557 562 527 543 608 574 586 499 565 575 595 537 586 559 492 599 544 553 537 562 563 572 523 511 533 516 517 502 512 520 541 487 468 497 485 465 482 467 470 484 488 389 381 206 0 0 0 0 0 0 0 0 0 0 0 0 
0 0 0 0 0 0 0 0 0 0 0 0 237 468 481 467 469 508 497 487 512 505 473 557 508 539 522 494 500 521 502 544 590 493 550 577 590 579 557 549 552 579 552 572 573 558 570 573 615 644 551 579 551 532 564 549 551 567 537 525 511 541 544 532 548 581 523 570 580 496 532 516 525 523 487 501 504 529 509 486 488 490 470 448 450 458 458 240 0 0 0 0 0 0 0 0 0 0 0 0 
0 0 0 0 0 0 0 0 0 0 0 0 246 440 497 442 483 458 484 495 453 528 495 498 504 538 521 536 500 583 543 490 563 540 530 568 559 551 565 530 590 595 614 567 580 596 552 571 562 553 605 578 582 536 570 564 540 589 561 531 548 575 557 547 540 546 530 579 528 538 539 523 520 517 513 511 502 471 527 433 485 507 453 480 442 447 484 225 0 0 0 0 0 0 0 0 0 0 0 0 
0 0 0 0 0 0 0 0 0 0 0 0 232 448 472 424 475 460 494 512 478 509 523 545 505 493 528 547 577 559 567 540 569 574 588 566 532 551 563 595 596 613 595 591 600 585 573 567 568 517 585 584 609 557 603 592 574 597 563 555 562 581 563 577 569 544 581 526 547 558 535 520 504 529 471 545 481 477 478 499 468 523 489 447 477 472 438 211 0 0 0 0 0 0 0 0 0 0 0 0 
0 0 0 0 0 0 0 0 0 0 0 0 223 459 472 443 489 499 464 486 491 520 527 485 516 549 528 535 566 540 549 523 536 566 576 554 554 530 590 570 552 596 570 614 573 560 590 576 620 577 580 591 554 529 600 598 549 578 579 570 557 648 540 502 563 511 522 566 542 545 530 559 542 491 511 542 536 508 506 506 513 521 528 512 486 455 425 232 0 0 0 0 0 0 0 0 0 0 0 0 
0 0 0 0 0 0 0 0 0 0 0 0 248 439 443 481 450 473 499 507 498 527 500 461 518 532 528 557 545 515 545 531 555 596 573 524 548 591 571 605 544 616 564 592 555 584 567 557 590 564 563 594 564 615 604 604 593 572 630 611 579 586 570 551 556 548 576 542 541 543 520 522 545 487 507 472 481 495 490 537 501 449 506 499 459 486 411 210 0 0 0 0 0 0 0 0 0 0 0 0 
0 0 0 0 0 0 0 0 0 0 0 0 226 513 480 474 469 504 465 465 512 505 493 458 493 535 519 530 583 576 549 516 595 546 582 573 599 560 592 625 590 585 650 585 604 588 581 568 573 622 602 594 599 589 609 576 561 559 555 532 578 599 599 544 567 563 577 556 515 506 596 530 561 497 525 546 544 492 496 482 496 515 501 459 488 481 419 251 0 0 0 0 0 0 0 0 0 0 0 0 
0 0 0 0 0 0 0 0 0 0 0 0 213 481 500 485 482 479 489 486 514 512 528 532 543 553 524 499 568 540 538 505 549 533 605 560 545 583 559 542 584 613 526 585 556 582 597 577 553 644 573 586 610 589 554 632 559 600 612 545 561 593 596 535 575 583 500 542 540 510 578 514 526 549 498 562 517 523 524 474 511 500 468 465 466 479 480 234 0 0 0 0 0 0 0 0 0 0 0 0 
0 0 0 0 0 0 0 0 0 0 0 0 232 441 481 499 459 480 487 538 537 539 495 552 520 547 534 547 536 575 556 560 554 565 613 563 614 584 594 585 573 627 577 560 602 556 602 607 595 627 648 565 552 594 623 559 571 573 621 580 555 550 594 581 523 538 535 516 546 597 533 553 552 473 552 515 541 510 520 505 504 473 482 479 514 467 447 232 0 0 0 0 0 0 0 0 0 0 0 0 
0 0 0 0 0 0 0 0 0 0 0 0 215 474 441 437 483 520 558 482 479 492 539 508 490 526 543 515 520 542 535 564 558 570 530 607 586 570 606 606 585 593 600 597 615 597 563 613 596 577 622 600 582 518 590 558 592 587 586 588 561 540 603 556 560 505 532 568 597 571 584 561 515 539 536 524 489 522 514 510 477 467 480 471 485 454 445 211 0 0 0 0 0 0 0 0 0 0 0 0 
0 0 0 0 0 0 0 0 0 0 0 0 252 454 458 474 505 498 493 498 521 528 552 533 511 523 536 533 529 563 508 544 578 573 541 574 602 574 619 628 586 529 645 552 604 586 609 571 575 630 598 634 603 600 622 605 648 610 593 586 582 582 584 605 581 544 607 555 612 580 602 553 530 543 506 531 532 509 508 501 464 521 512 462 472 473 441 236 0 0 0 0 0 0 0 0 0 0 0 0 
0 0 0 0 0 0 0 0 0 0 0 0 248 480 483 490 449 480 486 513 530 498 499 568 537 544 546 556 552 552 537 558 547 578 567 572 625 591 588 628 609 594 617 578 573 568 670 585 612 538 622 592 602 575 636 601 622 587 552 607 613 595 591 534 588 557 606 526 555 598 575 543 513 545 509 521 531 515 524 543 509 507 493 499 470 459 473 214 0 0 0 0 0 0 0 0 0 0 0 0 
0 0 0 0 0 0 0 0 0 0 0 0 182 492 462 494 536 476 502 537 550 559 519 514 490 502 504 540 602 555 571 526 526 551 580 600 583 562 572 545 564 635 593 598 605 592 636 564 587 605 584 562 614 598 568 579 630 577 610 612 592 582 600 638 614 531 585 554 534 594 523 557 553 555 546 505 523 550 566 538 534 502 498 478 456 508 495 236 0 0 0 0 0 0 0 0 0 0 0 0 
0 0 0 0 0 0 0 0 0 0 0 0 232 500 451 492 481 525 485 530 532 502 504 560 492 536 539 559 594 577 573 511 595 581 545 601 590 590 586 623 587 591 560 669 542 641 557 582 609 630 607 598 609 591 610 600 609 602 576 604 570 572 622 576 582 593 577 566 588 539 562 567 544 511 545 527 511 521 552 525 509 539 528 484 469 463 448 246 0 0 0 0 0 0 0 0 0 0 0 0 
0 0 0 0 0 0 0 0 0 0 0 0 251 474 505 479 499 504 462 485 534 528 514 536 528 516 612 549 578 570 570 585 596 555 631 581 536 627 569 568 573 629 564 631 605 606 574 593 620 632 674 575 640 611 593 592 578 578 581 591 582 604 561 575 566 581 568 592 587 553 563 575 585 550 523 523 546 518 516 493 518 530 525 541 432 500 459 243 0 0 0 0 0 0 0 0 0 0 0 0 
0 0 0 0 0 0 0 0 0 0 0 0 267 475 506 494 524 490 507 514 530 557 478 577 514 540 535 581 582 577 578 594 581 594 597 604 598 587 632 568 637 626 618 594 610 639 633 644 603 626 595 585 564 577 576 600 576 597 601 613 596 602 599 572 600 571 543 552 597 574 590 586 609 578 559 587 501 548 517 543 503 532 503 537 509 515 512 253 0 0 0 0 0 0 0 0 0 0 0 0 
0 0 0 0 0 0 0 0 0 0 0 0 235 517 487 499 503 502 516 503 522 549 569 535 548 536 533 580 551 572 522 565 554 578 590 537 609 577 631 595 581 641 604 626 600 623 610 568 603 564 630 585 630 616 605 615 590 607 626 618 585 613 621 606 613 578 636 549 562 539 592 602 607 527 487 550 529 521 573 532 523 516 488 517 475 464 540 227 0 0 0 0 0 0 0 0 0 0 0 0 
0 0 0 0 0 0 0 0 0 0 0 0 263 489 528 498 503 492 516 513 506 540 542 559 550 567 539 563 560 626 583 579 551 573 608 595 587 607 585 607 600 595 647 594 633 613 633 613 597 656 579 649 643 605 573 619 634 602 577 629 606 600 594 608 598 585 589 578 533 621 600 514 567 633 568 547 530 540 561 544 511 476 495 482 502 519 492 230 0 0 0 0 0 0 0 0 0 0 0 0 
0 0 0 0 0 0 0 0 0 0 0 0 239 495 486 515 515 522 508 510 530 518 533 549 532 553 552 539 542 569 611 585 593 574 603 598 615 604 594 592 626 610 614 612 606 598 640 609 610 604 592 624 599 593 612 602 602 570 653 627 598 615 608 632 604 572 544 594 609 532 558 590 540 571 572 555 532 513 495 536 555 525 536 514 520 467 457 224 0 0 0 0 0 0 0 0 0 0 0 0 
0 0 0 0 0 0 0 0 0 0 0 0 231 499 487 512 499 525 508 549 504 541 505 581 531 570 576 570 588 528 587 569 569 643 545 622 620 585 632 566 563 620 561 623 600 617 598 602 628 630 666 576 618 651 633 581 602 638 589 564 593 603 627 593 608 586 582 621 573 591 575 558 534 579 543 541 547 514 556 564 551 548 483 533 490 479 517 246 0 0 0 0 0 0 0 0 0 0 0 0 
0 0 0 0 0 0 0 0 0 0 0 0 205 544 483 497 495 542 550 508 581 508 592 539 594 524 525 603 588 590 597 590 567 616 601 604 589 602 580 620 573 623 618 600 639 555 637 595 596 639 641 630 617 618 658 587 617 615 580 586 606 588 619 555 591 637 629 563 580 569 579 541 581 570 568 541 529 554 533 519 540 527 497 511 523 497 510 230 0 0 0 0 0 0 0 0 0 0 0 0 
0 0 0 0 0 0 0 0 0 0 0 0 215 461 470 487 553 525 491 504 573 500 536 531 548 528 536 546 585 529 557 623 560 639 584 586 628 579 634 580 661 652 625 638 590 624 608 628 631 570 633 570 600 644 581 588 608 613 609 599 581 629 618 570 521 600 605 584 595 541 584 580 554 587 569 574 550 531 536 543 493 533 489 513 494 497 486 213 0 0 0 0 0 0 0 0 0 0 0 0 
0 0 0 0 0 0 0 0 0 0 0 0 245 502 501 494 484 499 529 515 556 531 591 511 578 539 566 531 578 533 597 566 595 585 600 598 566 581 571 613 635 563 620 565 605 639 596 617 650 594 630 625 623 668 593 641 637 634 626 614 654 650 634 571 583 585 559 572 568 630 586 576 584 590 531 547 536 541 500 544 512 496 540 501 484 515 491 245 0 0 0 0 0 0 0 0 0 0 0 0 
0 0 0 0 0 0 0 0 0 0 0 0 260 494 473 471 584 506 531 519 517 532 532 529 553 535 539 561 569 564 542 576 596 578 624 627 609 574 614 630 607 627 568 618 589 614 620 621 630 614 646 607 637 630 620 634 564 589 648 548 647 641 622 610 601 610 552 596 595 579 546 579 568 586 585 563 550 552 541 525 515 554 549 539 515 469 459 249 0 0 0 0 0 0 0 0 0 0 0 0 
0 0 0 0 0 0 0 0 0 0 0 0 254 545 507 520 503 530 552 540 511 504 567 567 601 579 540 581 570 561 610 573 596 629 586 605 629 604 592 677 607 617 580 633 702 665 608 645 578 639 626 638 645 635 652 611 619 659 602 628 543 616 619 589 652 622 564 594 573 574 549 567 582 560 557 580 554 531 525 529 547 580 498 509 486 498 516 253 0 0 0 0 0 0 0 0 0 0 0 0 
0 0 0 0 0 0 0 0 0 0 0 0 265 485 547 485 508 495 549 498 519 523 500 554 568 592 590 584 573 574 578 586 607 581 583 632 612 602 624 627 615 585 618 633 640 633 656 617 639 641 658 602 609 647 651 620 646 577 617 609 608 618 632 616 599 621 622 564 569 588 584 625 583 564 566 554 531 500 574 559 529 502 516 504 518 482 469 256 0 0 0 0 0 0 0 0 0 0 0 0 
0 0 0 0 0 0 0 0 0 0 0 0 248 520 472 572 492 499 514 525 510 523 534 567 604 590 551 572 581 643 582 621 640 580 582 609 584 597 654 604 598 630 641 623 581 577 641 579 599 651 657 621 610 597 646 628 624 615 639 628 636 570 546 577 600 599 563 598 593 574 614 593 606 573 566 541 550 560 548 508 546 524 521 511 471 534 496 237 0 0 0 0 0 0 0 0 0 0 0 0 
0 0 0 0 0 0 0 0 0 0 0 0 268 480 520 512 462 495 480 542 555 497 542 541 584 533 539 572 617 581 562 619 584 566 559 611 597 617 617 599 656 562 603 630 634 643 640 659 609 650 613 603 637 579 600 616 609 631 605 655 609 586 594 603 648 578 605 604 573 578 597 533 568 595 522 568 551 568 522 549 533 544 497 500 483 512 522 240 0 0 0 0 0 0 0 0 0 0 0 0 
0 0 0 0 0 0 0 0 0 0 0 0 262 504 533 488 487 546 540 565 548 525 559 610 554 602 536 612 573 597 575 591 566 606 544 550 558 592 606 653 645 586 669 613 617 623 620 621 652 627 655 667 577 610 674 628 638 672 590 632 601 583 616 627 565 646 596 638 571 619 583 545 534 515 552 563 583 581 494 561 539 495 529 462 504 504 427 242 0 0 0 0 0 0 0 0 0 0 0 0 
0 0 0 0 0 0 0 0 0 0 0 0 272 457 517 529 531 537 537 515 562 548 580 528 563 579 550 530 568 588 539 606 593 553 550 624 630 607 557 640 575 576 668 610 633 612 628 598 620 641 627 627 639 607 623 599 612 610 599 566 639 610 633 613 614 567 600 604 568 590 543 572 581 546 572 604 642 548 519 546 543 529 537 556 515 507 495 249 0 0 0 0 0 0 0 0 0 0 0 0 
0 0 0 0 0 0 0 0 0 0 0 0 262 493 507 516 483 505 531 543 541 539 590 559 560 536 578 517 570 611 562 577 569 600 590 587 602 597 658 579 606 606 597 612 632 583 637 661 656 570 602 610 673 622 637 692 632 594 591 633 642 601 600 622 628 616 632 569 540 557 564 583 545 584 512 548 538 561 542 552 496 535 482 452 501 509 505 250 0 0 0 0 0 0 0 0 0 0 0 0 
0 0 0 0 0 0 0 0 0 0 0 0 264 555 499 497 484 530 492 573 569 563 533 581 572 573 578 594 586 545 603 544 601 625 638 618 609 595 624 595 574 646 661 636 592 634 617 598 625 634 638 628 624 633 612 624 612 628 622 593 620 604 643 588 594 556 584 564 618 606 591 595 596 582 526 524 549 566 567 548 500 525 503 502 499 526 460 233 0 0 0 0 0 0 0 0 0 0 0 0 
0 0 0 0 0 0 0 0 0 0 0 0 231 440 472 501 510 543 527 524 545 541 553 570 590 603 547 577 564 606 622 574 630 602 598 664 646 586 612 716 605 591 643 588 612 601 619 599 591 664 664 627 652 621 614 585 650 601 588 649 615 668 649 593 635 614 627 602 593 563 563 590 580 562 503 566 562 572 523 502 571 546 517 514 501 498 507 244 0 0 0 0 0 0 0 0 0 0 0 0 
0 0 0 0 0 0 0 0 0 0 0 0 237 488 452 485 522 563 519 551 525 528 548 534 534 584 577 584 600 577 614 634 644 589 603 626 607 635 594 631 589 620 613 591 604 655 620 643 644 587 625 660 565 631 636 635 637 645 611 603 611 563 671 579 590 634 567 537 582 596 627 569 565 559 524 550 543 513 550 539 524 510 528 552 489 487 488 238 0 0 0 0 0 0 0 0 0 0 0 0 
0 0 0 0 0 0 0 0 0 0 0 0 266 512 506 576 487 499 485 557 530 561 526 514 561 579 583 587 555 544 558 578 563 645 604 593 607 584 645 656 626 606 651 584 626 651 668 631 632 629 580 650 596 602 624 645 604 631 614 579 619 603 586 657 638 613 601 588 577 552 604 595 573 554 578 539 534 512 563 516 527 470 532 512 519 491 499 251 0 0 0 0 0 0 0 0 0 0 0 0 
0 0 0 0 0 0 0 0 0 0 0 0 243 471 479 537 523 529 514 547 519 573 500 534 565 598 565 548 575 587 590 580 591 580 629 606 607 615 639 592 603 624 664 664 623 653 596 600 602 598 655 613 640 658 611 592 609 631 612 606 587 616 561 581 580 634 588 610 533 559 566 577 586 554 567 512 571 573 568 541 525 536 486 558 508 489 458 245 0 0 0 0 0 0 0 0 0 0 0 0 
0 0 0 0 0 0 0 0 0 0 0 0 268 472 477 529 484 469 504 537 534 538 580 568 566 546 600 565 571 575 582 582 587 629 594 600 604 585 590 590 615 624 603 659 590 615 610 647 618 634 611 650 575 621 630 656 619 586 646 590 605 589 642 630 620 565 576 616 547 576 567 577 561 570 565 583 584 529 559 501 520 520 512 573 524 542 470 240 0 0 0 0 0 0 0 0 0 0 0 0 
0 0 0 0 0 0 0 0 0 0 0 0 243 491 477 524 543 503 525 505 495 545 518 538 532 533 544 573 594 583 576 630 582 562 605 603 621 579 603 548 580 581 603 627 594 633 622 640 634 637 612 630 657 616 626 618 660 594 630 593 595 583 631 631 587 588 585 607 606 558 568 564 618 567 560 609 600 562 564 557 516 555 518 525 534 519 510 267 0 0 0 0 0 0 0 0 0 0 0 0 
0 0 0 0 0 0 0 0 0 0 0 0 225 478 531 517 554 498 492 501 528 573 545 529 595 609 589 584 543 596 598 603 599 546 628 598 606 591 626 587 600 617 607 613 641 623 619 646 626 666 635 628 654 618 593 636 631 626 672 635 584 650 645 628 607 582 578 595 575 595 582 590 529 538 586 540 582 545 502 514 536 505 520 494 464 426 515 248 0 0 0 0 0 0 0 0 0 0 0 0 
0 0 0 0 0 0 0 0 0 0 0 0 251 482 470 518 477 546 512 563 551 525 518 622 558 536 540 545 550 622 608 563 594 597 577 613 616 621 591 635 587 659 661 608 573 617 656 613 627 601 581 634 612 577 612 602 578 581 606 585 630 650 598 596 569 545 574 599 623 558 565 575 537 554 587 560 550 569 561 528 546 568 498 520 496 500 498 215 0 0 0 0 0 0 0 0 0 0 0 0 
0 0 0 0 0 0 0 0 0 0 0 0 239 501 498 472 545 542 500 541 572 520 516 542 582 592 571 574 554 605 554 568 576 596 568 614 588 620 582 580 601 653 613 611 573 639 630 649 651 602 629 605 625 610 631 600 665 627 621 654 623 587 634 557 624 589 541 590 589 540 577 567 535 580 539 577 546 535 544 531 535 525 511 447 503 486 500 252 0 0 0 0 0 0 0 0 0 0 0 0 
0 0 0 0 0 0 0 0 0 0 0 0 246 529 506 517 499 522 543 564 538 509 608 615 591 553 538 529 589 585 588 565 606 641 615 580 565 575 593 620 631 559 602 654 595 646 621 644 591 631 648 580 625 635 597 649 590 582 584 642 609 572 566 582 572 600 541 534 600 575 605 547 578 558 531 510 557 541 533 497 476 492 525 522 471 487 475 214 0 0 0 0 0 0 0 0 0 0 0 0 
0 0 0 0 0 0 0 0 0 0 0 0 264 493 477 524 509 498 520 504 511 572 534 523 553 571 565 534 545 583 574 582 605 607 639 600 610 633 605 613 588 619 648 608 594 635 621 598 620 638 635 600 622 616 646 623 624 597 605 582 557 613 575 591 603 590 611 609 588 546 602 542 562 580 552 517 577 525 499 545 520 545 493 518 511 462 470 202 0 0 0 0 0 0 0 0 0 0 0 0 
0 0 0 0 0 0 0 0 0 0 0 0 281 523 481 492 550 481 595 532 559 496 538 497 518 519 550 627 547 556 555 575 572 613 606 605 559 606 592 605 623 641 611 604 615 609 580 601 618 606 651 586 569 601 588 590 618 600 617 579 646 584 600 583 559 611 614 591 583 544 614 554 564 578 554 547 576 492 543 528 531 516 525 487 521 508 472 231 0 0 0 0 0 0 0 0 0 0 0 0 
0 0 0 0 0 0 0 0 0 0 0 0 240 463 475 509 503 527 508 514 522 543 527 555 571 584 558 588 584 592 582 604 617 553 578 666 567 580 603 634 616 595 657 637 575 635 649 571 633 576 636 610 616 649 618 640 570 631 602 609 640 648 619 570 553 560 558 575 614 594 556 582 557 528 574 532 575 506 504 533 508 492 531 508 530 469 479 245 0 0 0 0 0 0 0 0 0 0 0 0 
0 0 0 0 0 0 0 0 0 0 0 0 238 463 508 488 512 499 483 561 550 556 559 515 532 584 566 561 567 565 563 569 583 583 620 611 591 595 621 562 593 645 579 632 554 602 575 602 608 610 585 641 610 596 668 623 635 602 649 563 626 591 621 623 576 594 542 603 566 573 562 575 549 559 557 506 549 515 522 497 486 526 517 505 496 508 490 256 0 0 0 0 0 0 0 0 0 0 0 0 
0 0 0 0 0 0 0 0 0 0 0 0 251 490 456 519 498 468 488 522 501 542 524 558 534 540 541 551 591 534 586 549 599 587 600 585 613 650 647 602 627 594 607 617 570 546 602 593 599 593 611 613 585 628 611 607 636 627 589 620 630 609 598 609 580 562 647 556 598 555 572 547 603 555 529 587 553 527 537 557 531 524 490 518 503 473 470 239 0 0 0 0 0 0 0 0 0 0 0 0 
0 0 0 0 0 0 0 0 0 0 0 0 233 459 490 503 499 509 502 532 524 540 515 560 492 569 493 543 576 559 546 614 587 600 545 580 622 613 617 621 572 567 615 601 626 611 586 599 635 601 623 662 594 617 610 572 639 598 591 591 557 574 587 570 610 580 558 560 568 586 566 563 521 594 558 526 568 482 507 537 495 485 491 478 523 449 490 217 0 0 0 0 0 0 0 0 0 0 0 0 
0 0 0 0 0 0 0 0 0 0 0 0 258 460 515 477 492 517 475 479 532 512 541 485 547 580 559 576 564 608 575 559 576 630 553 563 558 570 566 625 621 617 596 577 576 607 625 649 614 614 574 569 616 562 591 658 563 610 572 613 596 584 543 594 570 551 555 582 577 549 561 547 555 567 545 556 543 504 498 508 527 506 489 510 457 469 478 238 0 0 0 0 0 0 0 0 0 0 0 0 
0 0 0 0 0 0 0 0 0 0 0 0 237 472 511 471 510 527 560 503 460 540 565 514 561 566 511 551 573 601 541 600 595 564 542 581 569 614 607 607 562 585 586 572 611 598 620 578 621 576 604 619 622 614 625 580 590 585 592 593 596 611 556 539 558 553 578 564 589 551 541 521 551 560 519 543 572 535 563 500 524 501 478 495 482 507 472 242 0 0 0 0 0 0 0 0 0 0 0 0 
0 0 0 0 0 0 0 0 0 0 0 0 227 465 489 476 491 517 495 547 543 509 494 530 542 567 540 528 619 566 550 544 562 573 599 555 523 596 560 563 591 636 579 623 601 593 626 643 563 606 621 564 607 613 622 602 612 561 607 552 598 600 535 602 573 534 522 601 566 569 546 574 549 566 564 527 498 534 509 527 488 495 466 453 473 494 459 225 0 0 0 0 0 0 0 0 0 0 0 0 
0 0 0 0 0 0 0 0 0 0 0 0 207 456 494 472 492 501 487 521 511 522 520 568 528 514 542 563 552 550 566 572 568 604 577 537 601 601 595 575 585 599 564 629 605 639 617 605 594 619 544 642 594 635 597 570 602 579 574 554 609 593 555 607 580 556 526 555 553 574 566 534 553 564 523 526 503 541 488 473 536 485 462 516 442 503 478 219 0 0 0 0 0 0 0 0 0 0 0 0 
0 0 0 0 0 0 0 0 0 0 0 0 229 469 478 469 427 488 494 520 514 531 535 535 622 530 550 583 534 605 559 602 558 570 609 563 612 620 603 608 588 599 595 575 606 568 613 597 559 597 568 568 581 557 585 577 598 574 605 570 614 597 620 569 597 539 557 523 575 543 555 559 537 499 549 530 540 521 500 515 516 505 488 481 479 455 425 223 0 0 0 0 0 0 0 0 0 0 0 0 
0 0 0 0 0 0 0 0 0 0 0 0 245 485 490 481 477 443 484 512 510 496 531 524 573 547 530 501 536 539 575 546 569 517 554 596 582 607 576 602 648 620 623 598 618 601 586 624 572 590 622 608 557 573 592 647 580 608 592 592 601 570 579 614 534 560 560 521 577 588 544 536 552 552 558 550 539 501 518 501 521 527 531 503 511 515 503 247 0 0 0 0 0 0 0 0 0 0 0 0 
0 0 0 0 0 0 0 0 0 0 0 0 231 498 516 496 517 513 492 509 509 545 540 541 545 552 555 559 576 555 541 575 545 550 562 569 514 543 561 557 535 535 587 576 605 598 576 581 632 588 580 586 577 600 600 568 553 594 560 585 564 582 540 566 513 552 575 549 541 544 599 531 563 512 553 528 507 528 549 440 456 512 485 471 465 465 434 248 0 0 0 0 0 0 0 0 0 0 0 0 
0 0 0 0 0 0 0 0 0 0 0 0 232 483 482 471 476 529 517 517 493 473 535 503 533 529 557 524 587 574 515 597 536 570 536 545 579 585 584 600 571 556 624 579 637 597 554 586 612 580 575 562 615 596 591 593 619 573 539 571 603 592 582 564 585 555 574 584 558 572 556 566 550 532 520 549 511 525 502 529 473 495 462 472 461 441 467 234 0 0 0 0 0 0 0 0 0 0 0 0 
0 0 0 0 0 0 0 0 0 0 0 0 205 485 405 512 479 460 477 493 501 527 516 470 500 526 530 514 492 530 565 547 578 533 510 502 558 579 588 589 593 601 596 592 600 562 584 562 553 557 582 575 600 598 601 608 577 598 562 552 554 547 576 587 562 546 579 544 540 523 564 584 506 542 529 530 511 511 460 521 506 556 474 478 455 411 461 224 0 0 0 0 0 0 0 0 0 0 0 0 
0 0 0 0 0 0 0 0 0 0 0 0 251 450 486 468 508 490 474 508 471 514 525 522 515 543 545 555 529 595 548 537 527 559 556 557 584 557 550 541 605 559 557 580 554 560 552 579 550 577 590 605 560 567 614 588 577 592 556 539 580 601 591 577 571 576 548 566 565 523 554 561 552 507 498 503 481 506 512 463 471 520 474 460 492 437 437 231 0 0 0 0 0 0 0 0 0 0 0 0 
0 0 0 0 0 0 0 0 0 0 0 0 256 459 434 454 472 480 479 498 517 500 510 514 539 499 486 536 502 537 573 517 536 572 538 552 540 523 594 572 557 588 526 581 536 556 603 593 571 598 550 609 555 576 589 561 547 573 591 557 589 566 573 558 528 536 537 525 535 505 529 526 530 493 512 521 550 520 457 456 518 478 516 507 456 463 452 213 0 0 0 0 0 0 0 0 0 0 0 0 
0 0 0 0 0 0 0 0 0 0 0 0 213 454 466 495 468 524 477 473 519 526 498 528 571 503 517 517 540 580 563 516 528 532 510 567 583 549 583 553 551 558 584 592 537 628 582 553 555 518 534 576 591 589 575 550 594 597 553 557 578 532 548 599 537 544 580 537 563 566 557 521 519 514 499 442 495 495 505 477 517 458 458 498 501 452 434 216 0 0 0 0 0 0 0 0 0 0 0 0 
0 0 0 0 0 0 0 0 0 0 0 0 242 398 452 473 443 509 481 504 500 480 490 501 508 497 513 546 499 547 553 583 522 607 590 545 551 587 609 521 526 544 545 576 553 583 521 550 570 595 540 549 579 550 578 575 557 554 558 559 567 558 522 515 513 525 514 549 572 544 545 492 509 518 499 514 514 513 465 479 483 444 443 480 495 437 427 228 0 0 0 0 0 0 0 0 0 0 0 0 
0 0 0 0 0 0 0 0 0 0 0 0 223 474 504 472 474 470 486 521 483 454 493 515 523 539 494 520 498 510 535 583 515 539 515 554 542 556 563 558 571 583 565 577 562 555 570 566 537 594 584 578 563 562 557 578 563 501 563 538 589 564 550 530 529 524 551 548 524 553 524 532 558 524 481 477 503 484 481 484 448 465 473 446 451 448 441 228 0 0 0 0 0 0 0 0 0 0 0 0 
0 0 0 0 0 0 0 0 0 0 0 0 237 439 446 468 478 456 482 473 485 497 492 474 514 491 500 521 516 530 540 554 546 526 531 529 516 553 538 564 555 575 560 568 578 574 596 526 576 579 579 559 580 540 564 531 529 542 550 528 516 526 551 537 560 545 556 516 560 568 500 511 555 484 485 470 475 536 506 469 470 503 459 481 454 440 434 211 0 0 0 0 0 0 0 0 0 0 0 0 
0 0 0 0 0 0 0 0 0 0 0 0 208 444 448 503 417 470 461 468 447 496 554 515 511 497 490 517 514 502 562 506 581 534 522 554 555 537 525 546 566 553 579 533 539 559 527 578 578 558 548 522 558 547 521 524 534 576 524 562 541 555 559 544 591 480 532 509 546 535 549 497 513 498 483 468 490 496 478 481 456 495 514 448 471 459 408 204 0 0 0 0 0 0 0 0 0 0 0 0 
0 0 0 0 0 0 0 0 0 0 0 0 218 444 416 438 449 460 481 512 482 460 469 505 472 510 526 524 529 484 513 518 578 536 537 556 567 543 568 494 547 504 534 552 540 600 582 551 556 546 581 557 559 566 546 558 558 562 554 554 529 574 546 605 563 506 535 505 484 483 511 519 511 476 493 478 516 481 485 434 521 441 454 458 453 456 455 225 0 0 0 0 0 0 0 0 0 0 0 0 
0 0 0 0 0 0 0 0 0 0 0 0 226 504 491 449 428 444 448 457 507 466 495 467 511 506 489 525 515 517 512 539 542 527 526 579 482 543 556 492 568 558 527 550 550 554 580 547 568 600 565 549 542 537 536 531 581 549 527 519 514 560 535 527 519 540 505 511 502 483 492 525 511 544 470 461 490 464 471 460 474 478 429 470 447 428 458 230 0 0 0 0 0 0 0 0 0 0 0 0 
0 0 0 0 0 0 0 0 0 0 0 0 214 419 398 427 439 433 463 475 446 499 467 505 518 487 531 521 492 492 529 487 525 540 509 492 538 506 516 496 505 555 541 539 533 534 559 561 566 546 521 539 503 561 541 517 528 538 499 542 527 513 523 548 527 514 521 493 518 473 510 467 466 473 484 462 482 506 470 422 448 473 464 443 413 434 452 208 0 0 0 0 0 0 0 0 0 0 0 0 
0 0 0 0 0 0 0 0 0 0 0 0 227 439 407 443 458 445 457 442 445 471 453 465 485 488 468 511 509 506 522 516 529 491 526 493 544 511 550 517 547 558 553 533 555 628 544 564 571 518 547 524 535 511 539 503 527 521 549 548 505 572 527 507 517 534 551 505 542 513 505 488 535 466 517 418 503 478 480 458 490 452 471 452 461 450 412 198 0 0 0 0 0 0 0 0 0 0 0 0 
0 0 0 0 0 0 0 0 0 0 0 0 89 220 226 206 230 234 203 227 227 247 230 261 227 242 244 260 234 243 272 229 236 259 249 261 253 233 263 255 260 270 244 276 298 272 251 255 289 246 248 279 289 261 271 269 249 282 240 240 246 258 289 279 265 231 262 265 265 268 236 233 261 246 215 239 236 256 234 237 225 213 228 203 209 202 203 76 0 0 0 0 0 0 0 0 0 0 0 0 
0 0 0 0 0 0 0 0 0 0 0 0 0 0 0 0 0 0 0 0 0 0 0 0 0 0 0 0 0 0 0 0 0 0 0 0 0 0 0 0 0 0 0 0 0 0 0 0 0 0 0 0 0 0 0 0 0 0 0 0 0 0 0 0 0 0 0 0 0 0 0 0 0 0 0 0 0 0 0 0 0 0 0 0 0 0 0 0 0 0 0 0 0 0 0 0 0 0 0 0 
0 0 0 0 0 0 0 0 0 0 0 0 0 0 0 0 0 0 0 0 0 0 0 0 0 0 0 0 0 0 0 0 0 0 0 0 0 0 0 0 0 0 0 0 0 0 0 0 0 0 0 0 0 0 0 0 0 0 0 0 0 0 0 0 0 0 0 0 0 0 0 0 0 0 0 0 0 0 0 0 0 0 0 0 0 0 0 0 0 0 0 0 0 0 0 0 0 0 0 0 
0 0 0 0 0 0 0 0 0 0 0 0 0 0 0 0 0 0 0 0 0 0 0 0 0 0 0 0 0 0 0 0 0 0 0 0 0 0 0 0 0 0 0 0 0 0 0 0 0 0 0 0 0 0 0 0 0 0 0 0 0 0 0 0 0 0 0 0 0 0 0 0 0 0 0 0 0 0 0 0 0 0 0 0 0 0 0 0 0 0 0 0 0 0 0 0 0 0 0 0 
0 0 0 0 0 0 0 0 0 0 0 0 0 0 0 0 0 0 0 0 0 0 0 0 0 0 0 0 0 0 0 0 0 0 0 0 0 0 0 0 0 0 0 0 0 0 0 0 0 0 0 0 0 0 0 0 0 0 0 0 0 0 0 0 0 0 0 0 0 0 0 0 0 0 0 0 0 0 0 0 0 0 0 0 0 0 0 0 0 0 0 0 0 0 0 0 0 0 0 0 
0 0 0 0 0 0 0 0 0 0 0 0 0 0 0 0 0 0 0 0 0 0 0 0 0 0 0 0 0 0 0 0 0 0 0 0 0 0 0 0 0 0 0 0 0 0 0 0 0 0 0 0 0 0 0 0 0 0 0 0 0 0 0 0 0 0 0 0 0 0 0 0 0 0 0 0 0 0 0 0 0 0 0 0 0 0 0 0 0 0 0 0 0 0 0 0 0 0 0 0 
0 0 0 0 0 0 0 0 0 0 0 0 0 0 0 0 0 0 0 0 0 0 0 0 0 0 0 0 0 0 0 0 0 0 0 0 0 0 0 0 0 0 0 0 0 0 0 0 0 0 0 0 0 0 0 0 0 0 0 0 0 0 0 0 0 0 0 0 0 0 0 0 0 0 0 0 0 0 0 0 0 0 0 0 0 0 0 0 0 0 0 0 0 0 0 0 0 0 0 0 
0 0 0 0 0 0 0 0 0 0 0 0 0 0 0 0 0 0 0 0 0 0 0 0 0 0 0 0 0 0 0 0 0 0 0 0 0 0 0 0 0 0 0 0 0 0 0 0 0 0 0 0 0 0 0 0 0 0 0 0 0 0 0 0 0 0 0 0 0 0 0 0 0 0 0 0 0 0 0 0 0 0 0 0 0 0 0 0 0 0 0 0 0 0 0 0 0 0 0 0 
0 0 0 0 0 0 0 0 0 0 0 0 0 0 0 0 0 0 0 0 0 0 0 0 0 0 0 0 0 0 0 0 0 0 0 0 0 0 0 0 0 0 0 0 0 0 0 0 0 0 0 0 0 0 0 0 0 0 0 0 0 0 0 0 0 0 0 0 0 0 0 0 0 0 0 0 0 0 0 0 0 0 0 0 0 0 0 0 0 0 0 0 0 0 0 0 0 0 0 0 
0 0 0 0 0 0 0 0 0 0 0 0 0 0 0 0 0 0 0 0 0 0 0 0 0 0 0 0 0 0 0 0 0 0 0 0 0 0 0 0 0 0 0 0 0 0 0 0 0 0 0 0 0 0 0 0 0 0 0 0 0 0 0 0 0 0 0 0 0 0 0 0 0 0 0 0 0 0 0 0 0 0 0 0 0 0 0 0 0 0 0 0 0 0 0 0 0 0 0 0 
0 0 0 0 0 0 0 0 0 0 0 0 0 0 0 0 0 0 0 0 0 0 0 0 0 0 0 0 0 0 0 0 0 0 0 0 0 0 0 0 0 0 0 0 0 0 0 0 0 0 0 0 0 0 0 0 0 0 0 0 0 0 0 0 0 0 0 0 0 0 0 0 0 0 0 0 0 0 0 0 0 0 0 0 0 0 0 0 0 0 0 0 0 0 0 0 0 0 0 0 
0 0 0 0 0 0 0 0 0 0 0 0 0 0 0 0 0 0 0 0 0 0 0 0 0 0 0 0 0 0 0 0 0 0 0 0 0 0 0 0 0 0 0 0 0 0 0 0 0 0 0 0 0 0 0 0 0 0 0 0 0 0 0 0 0 0 0 0 0 0 0 0 0 0 0 0 0 0 0 0 0 0 0 0 0 0 0 0 0 0 0 0 0 0 0 0 0 0 0 0 
0 0 0 0 0 0 0 0 0 0 0 0 0 0 0 0 0 0 0 0 0 0 0 0 0 0 0 0 0 0 0 0 0 0 0 0 0 0 0 0 0 0 0 0 0 0 0 0 0 0 0 0 0 0 0 0 0 0 0 0 0 0 0 0 0 0 0 0 0 0 0 0 0 0 0 0 0 0 0 0 0 0 0 0 0 0 0 0 0 0 0 0 0 0 0 0 0 0 0 0 
