# Format: McCode with text headers
# URL: http://www.mccode.org
# Creator:  3.6.14, git
# Instrument: FullInstrument_v5_working.instr
# Ncount: 6250000
# Trace: no
# Gravitation: no
# Seed: 1780138281246860
# Directory: FullInstrument_v5_working_20260530_123908/7
# Nodes: 8
# Param: SourceE=5
# Param: DeltaSourceE=0.5
# Param: EI=5
# Param: A3=0
# Param: A4=-45
# Param: SAMPLE=0
# Param: RV_mono_Bool=1
# Param: RH_mono_Bool=1
# Param: Lv=1.872
# Param: Lh=1.34
# Param: monoShieldingWidth=0.062
# Param: monoShieldingHeight=0.14
# Param: monoShieldingDistance=0.235
# Param: MonoShielding=1
# Param: Be_filter=1
# Param: sampleHeight=0.03
# Param: sampleRadius=0.015
# Param: sampleThickness=0.003625
# Param: samplePosY=0
# Param: sampleFluxDiagnosticXWidth=0.08
# Param: sampleFluxDiagnosticYHeight=0.08
# Date: Sat May 30 12:53:03 2026 (1780138383)
# type: array_2d(100, 100)
# Source: PSI_CAMEA (FullInstrument_v5_working.instr)
# component: EndOfInsertPSD
# position: 0 0 6.176
# title: PSD monitor
# Ncount: 50000000
# filename: EndOfInsertPSD.dat
# statistics: X0=0.00121435; dX=2.17494; Y0=-0.00148608; dY=4.47794;
# signal: Min=0; Max=794540; Mean=174812;
# values: 1.74812e+09 330082 3.82078e+07
# xvar: X 
# yvar: Y 
# xlabel: X position [cm]
# ylabel: Y position [cm]
# zvar: I
# zlabel: Signal per bin
# xylimits: -10 10 -10 10
# variables: I I_err N
# Data [EndOfInsertPSD/EndOfInsertPSD.dat] I:
0 0 0 0 0 0 0 0 0 0 0 0 0 0 0 0 0 0 0 0 0 0 0 0 0 0 0 0 0 0 0 0 0 0 0 0 0 0 0 0 0 0 0 0 0 0 0 0 0 0 0 0 0 0 0 0 0 0 0 0 0 0 0 0 0 0 0 0 0 0 0 0 0 0 0 0 0 0 0 0 0 0 0 0 0 0 0 0 0 0 0 0 0 0 0 0 0 0 0 0 
0 0 0 0 0 0 0 0 0 0 0 0 0 0 0 0 0 0 0 0 0 0 0 0 0 0 0 0 0 0 0 0 0 0 0 0 0 0 0 0 0 0 0 0 0 0 0 0 0 0 0 0 0 0 0 0 0 0 0 0 0 0 0 0 0 0 0 0 0 0 0 0 0 0 0 0 0 0 0 0 0 0 0 0 0 0 0 0 0 0 0 0 0 0 0 0 0 0 0 0 
0 0 0 0 0 0 0 0 0 0 0 0 0 0 0 0 0 0 0 0 0 0 0 0 0 0 0 0 0 0 0 0 0 0 0 0 0 0 0 0 0 0 0 0 0 0 0 0 0 0 0 0 0 0 0 0 0 0 0 0 0 0 0 0 0 0 0 0 0 0 0 0 0 0 0 0 0 0 0 0 0 0 0 0 0 0 0 0 0 0 0 0 0 0 0 0 0 0 0 0 
0 0 0 0 0 0 0 0 0 0 0 0 0 0 0 0 0 0 0 0 0 0 0 0 0 0 0 0 0 0 0 0 0 0 0 0 0 0 0 0 0 0 0 0 0 0 0 0 0 0 0 0 0 0 0 0 0 0 0 0 0 0 0 0 0 0 0 0 0 0 0 0 0 0 0 0 0 0 0 0 0 0 0 0 0 0 0 0 0 0 0 0 0 0 0 0 0 0 0 0 
0 0 0 0 0 0 0 0 0 0 0 0 0 0 0 0 0 0 0 0 0 0 0 0 0 0 0 0 0 0 0 0 0 0 0 0 0 0 0 0 0 0 0 0 0 0 0 0 0 0 0 0 0 0 0 0 0 0 0 0 0 0 0 0 0 0 0 0 0 0 0 0 0 0 0 0 0 0 0 0 0 0 0 0 0 0 0 0 0 0 0 0 0 0 0 0 0 0 0 0 
0 0 0 0 0 0 0 0 0 0 0 0 0 0 0 0 0 0 0 0 0 0 0 0 0 0 0 0 0 0 0 0 0 0 0 0 0 0 0 0 0 0 0 0 0 0 0 0 0 0 0 0 0 0 0 0 0 0 0 0 0 0 0 0 0 0 0 0 0 0 0 0 0 0 0 0 0 0 0 0 0 0 0 0 0 0 0 0 0 0 0 0 0 0 0 0 0 0 0 0 
0 0 0 0 0 0 0 0 0 0 0 0 0 0 0 0 0 0 0 0 0 0 0 0 0 0 0 0 0 0 0 0 0 0 0 0 0 0 0 0 0 0 0 0 0 0 0 0 0 0 0 0 0 0 0 0 0 0 0 0 0 0 0 0 0 0 0 0 0 0 0 0 0 0 0 0 0 0 0 0 0 0 0 0 0 0 0 0 0 0 0 0 0 0 0 0 0 0 0 0 
0 0 0 0 0 0 0 0 0 0 0 0 0 0 0 0 0 0 0 0 0 0 0 0 0 0 0 0 0 0 0 0 0 0 0 0 0 0 0 0 0 0 0 0 0 0 0 0 0 0 0 0 0 0 0 0 0 0 0 0 0 0 0 0 0 0 0 0 0 0 0 0 0 0 0 0 0 0 0 0 0 0 0 0 0 0 0 0 0 0 0 0 0 0 0 0 0 0 0 0 
0 0 0 0 0 0 0 0 0 0 0 0 0 0 0 0 0 0 0 0 0 0 0 0 0 0 0 0 0 0 0 0 0 0 0 0 0 0 0 0 0 0 0 0 0 0 0 0 0 0 0 0 0 0 0 0 0 0 0 0 0 0 0 0 0 0 0 0 0 0 0 0 0 0 0 0 0 0 0 0 0 0 0 0 0 0 0 0 0 0 0 0 0 0 0 0 0 0 0 0 
0 0 0 0 0 0 0 0 0 0 0 0 0 0 0 0 0 0 0 0 0 0 0 0 0 0 0 0 0 0 0 0 0 0 0 0 0 0 0 0 0 0 0 0 0 0 0 0 0 0 0 0 0 0 0 0 0 0 0 0 0 0 0 0 0 0 0 0 0 0 0 0 0 0 0 0 0 0 0 0 0 0 0 0 0 0 0 0 0 0 0 0 0 0 0 0 0 0 0 0 
0 0 0 0 0 0 0 0 0 0 0 0 0 0 0 0 0 0 0 0 0 0 0 0 0 0 0 0 0 0 0 0 0 0 0 0 0 0 0 0 0 0 0 0 0 0 0 0 0 0 0 0 0 0 0 0 0 0 0 0 0 0 0 0 0 0 0 0 0 0 0 0 0 0 0 0 0 0 0 0 0 0 0 0 0 0 0 0 0 0 0 0 0 0 0 0 0 0 0 0 
0 0 0 0 0 0 0 0 0 0 0 0 0 0 0 0 0 0 0 0 0 0 0 0 0 0 0 0 0 0 0 0 0 0 0 0 0 0 0 0 0 0 0 0 0 0 0 0 0 0 0 0 0 0 0 0 0 0 0 0 0 0 0 0 0 0 0 0 0 0 0 0 0 0 0 0 0 0 0 0 0 0 0 0 0 0 0 0 0 0 0 0 0 0 0 0 0 0 0 0 
0 0 0 0 0 0 0 0 0 0 0 0 0 0 0 0 0 0 0 0 0 0 0 0 0 0 0 0 0 0 0 215430.5143 422862.2694 409041.5543 402187.8361 407032.6252 400074.3459 398108.6874 392645.806 388477.5082 379756.1788 392875.4326 382600.8218 375118.0978 374713.7169 376547.7857 377122.2902 372343.3822 374372.6338 370762.1401 371768.9136 380884.8757 373132.5504 376053.8268 379542.1683 378432.074 374130.0155 386093.7568 392036.8749 383651.0339 393367.9385 393986.974 402590.4745 394988.305 406780.5237 412470.6374 408294.5992 429686.9519 212475.3367 0 0 0 0 0 0 0 0 0 0 0 0 0 0 0 0 0 0 0 0 0 0 0 0 0 0 0 0 0 0 0 
0 0 0 0 0 0 0 0 0 0 0 0 0 0 0 0 0 0 0 0 0 0 0 0 0 0 0 0 0 0 0 388668.6583 780318.4094 769739.0327 759634.5731 757036.9317 749333.4496 741770.1037 754958.9563 728120.8302 722557.556 716512.7962 713070.8964 709297.4576 701716.0015 698244.1997 696857.5938 699194.7644 688359.536 696715.5806 688333.0894 692019.1853 708855.9479 697786.5511 699810.6447 706276.0533 706663.9141 712310.7485 721869.2936 725614.0859 742930.8315 740277.7767 738202.648 767059.8804 755531.4488 755090.0289 769635.973 769289.5371 395976.4667 0 0 0 0 0 0 0 0 0 0 0 0 0 0 0 0 0 0 0 0 0 0 0 0 0 0 0 0 0 0 0 
0 0 0 0 0 0 0 0 0 0 0 0 0 0 0 0 0 0 0 0 0 0 0 0 0 0 0 0 0 0 0 394919.4263 763518.3264 752711.3387 755887.7464 754690.9696 742698.9862 743939.4321 734388.8759 727270.3111 729647.9191 717552.0169 707793.5948 717079.4357 685132.7225 687147.547 691818.9611 693135.6992 676399.5817 702278.4389 693902.7927 694450.3719 683393.4517 684299.4043 690641.2128 695818.0528 703155.9368 702472.5582 711734.4801 724411.7259 728055.2404 749977.5171 734256.3441 741406.7243 749659.1381 758472.0599 756561.788 769703.8828 389780.3688 0 0 0 0 0 0 0 0 0 0 0 0 0 0 0 0 0 0 0 0 0 0 0 0 0 0 0 0 0 0 0 
0 0 0 0 0 0 0 0 0 0 0 0 0 0 0 0 0 0 0 0 0 0 0 0 0 0 0 0 0 0 0 376620.6725 765438.1369 752289.2403 749902.3941 735452.488 733295.3905 735850.5663 716933.427 718618.256 712311.5139 707513.1998 699387.6132 702275.188 692790.7199 695545.3301 685360.987 681081.4265 673905.8293 677866.8865 675661.3682 682925.8174 697947.0443 671456.2821 687009.6267 675252.007 686474.8022 705285.6529 720370.7573 711853.1212 724952.9657 726773.3379 735247.1797 744816.9985 728248.9771 743048.4431 746329.3936 768000.9017 388748.9678 0 0 0 0 0 0 0 0 0 0 0 0 0 0 0 0 0 0 0 0 0 0 0 0 0 0 0 0 0 0 0 
0 0 0 0 0 0 0 0 0 0 0 0 0 0 0 0 0 0 0 0 0 0 0 0 0 0 0 0 0 0 0 391046.1163 752667.5656 739731.788 730173.2204 731427.4514 713372.0369 713320.7195 708537.8346 691296.9231 698897.6377 684630.9004 684917.2756 681823.2185 671666.7727 663386.6007 674497.0919 680496.2325 664155.7601 668055.0582 678220.4073 681632.0203 660906.0656 681781.1054 680725.5015 678148.8387 679680.558 685744.954 693474.0645 692455.6501 703451.0963 716796.4613 719622.9862 735559.4705 737176.9819 733187.6038 740681.9933 764636.8438 391904.5758 0 0 0 0 0 0 0 0 0 0 0 0 0 0 0 0 0 0 0 0 0 0 0 0 0 0 0 0 0 0 0 
0 0 0 0 0 0 0 0 0 0 0 0 0 0 0 0 0 0 0 0 0 0 0 0 0 0 0 0 0 0 0 380459.0267 740567.0268 729279.6256 729053.698 731194.2431 720616.08 705083.1453 709772.1601 702282.32 682291.534 689553.0056 674615.5302 668328.3111 666124.4197 672435.9221 667564.9225 670708.9135 674717.5006 671489.5953 662255.3685 661276.3101 669133.0143 657806.5319 670477.6284 684119.1347 675425.2863 691300.5394 690165.9958 690672.4999 701325.7794 702478.4542 718053.7395 724563.3728 730013.4209 733733.0734 733236.2462 749478.9938 385893.5548 0 0 0 0 0 0 0 0 0 0 0 0 0 0 0 0 0 0 0 0 0 0 0 0 0 0 0 0 0 0 0 
0 0 0 0 0 0 0 0 0 0 0 0 0 0 0 0 0 0 0 0 0 0 0 0 0 0 0 0 0 0 0 374077.8993 746583.4741 716110.876 732636.6483 724865.2773 713280.6764 699085.071 694155.4236 685913.3182 678638.2074 694827.2575 676685.9411 672141.8888 658485.7524 666182.7259 661449.8222 656325.5055 663336.9957 656183.6462 645776.8454 642785.8476 662470.0571 667160.4694 661842.824 665563.6883 680833.2195 671775.0155 678743.0395 683638.7249 690036.4967 708283.9982 705241.7557 701868.1341 713770.2164 713355.8733 713553.9196 746763.0549 362603.8809 0 0 0 0 0 0 0 0 0 0 0 0 0 0 0 0 0 0 0 0 0 0 0 0 0 0 0 0 0 0 0 
0 0 0 0 0 0 0 0 0 0 0 0 0 0 0 0 0 0 0 0 0 0 0 0 0 0 0 0 0 0 0 363764.1689 736439.5591 708655.7346 704838.0395 701234.0478 697429.7359 698332.3923 686526.4358 675461.9132 676020.6019 677052.6206 655364.6998 666271.9883 658313.5348 647085.4758 645780.0251 644620.7193 638912.5302 640092.0944 647131.0107 642366.7037 638069.5364 652142.1132 653377.1145 660910.5078 649348.7692 657420.4603 674682.0459 667699.1494 684977.3644 698002.9888 696476.2487 701632.9279 713317.8143 704388.8428 696117.4379 737171.6372 370158.1075 0 0 0 0 0 0 0 0 0 0 0 0 0 0 0 0 0 0 0 0 0 0 0 0 0 0 0 0 0 0 0 
0 0 0 0 0 0 0 0 0 0 0 0 0 0 0 0 0 0 0 0 0 0 0 0 0 0 0 0 0 0 0 359050.3301 725518.0324 703630.6655 702438.2822 698312.556 694760.3606 687984.0683 689978.8837 670460.4728 668404.0665 665595.485 654441.8852 652132.6516 646388.5828 634066.3506 654412.8043 640820.2094 628360.7024 638980.054 632147.6966 635998.88 641178.0868 643599.4384 645320.8664 651268.777 657795.6538 657133.9186 661087.7798 666332.3524 665755.2146 678596.848 701022.9459 699512.2012 709238.6637 693708.5966 700639.6295 725726.8881 371000.4004 0 0 0 0 0 0 0 0 0 0 0 0 0 0 0 0 0 0 0 0 0 0 0 0 0 0 0 0 0 0 0 
0 0 0 0 0 0 0 0 0 0 0 0 0 0 0 0 0 0 0 0 0 0 0 0 0 0 0 0 0 0 0 360748.614 710956.4308 693286.7854 699310.0803 697982.6418 684769.7734 672654.5686 673704.8709 667813.5977 653239.8163 658462.2168 641495.4959 635058.4461 636629.8112 623870.4294 641759.1843 637355.699 621176.369 629889.0096 632567.8379 629638.1467 626072.0896 636253.7223 640650.8703 644527.8405 631753.4641 659492.7053 650033.7153 667260.2206 663795.525 666691.5905 685060.4881 675211.9511 678589.0921 691669.234 685139.5629 729133.845 358325.5782 0 0 0 0 0 0 0 0 0 0 0 0 0 0 0 0 0 0 0 0 0 0 0 0 0 0 0 0 0 0 0 
0 0 0 0 0 0 0 0 0 0 0 0 0 0 0 0 0 0 0 0 0 0 0 0 0 0 0 0 0 0 0 358979.005 697566.9848 675718.4854 686987.0715 665768.3364 671262.8003 666784.0177 662144.2696 656490.9969 637160.3561 650987.6616 636323.762 642566.8905 631471.282 620791.3347 634380.2377 632812.8871 635373.9421 618740.8368 620522.3691 615974.6328 617601.0861 622756.2176 640309.7163 629068.6721 645204.9317 641481.8539 651803.0401 642552.3642 663217.0412 666384.8704 677088.7064 669709.6831 690423.4619 675644.3591 693577.1431 706492.9102 362694.6557 0 0 0 0 0 0 0 0 0 0 0 0 0 0 0 0 0 0 0 0 0 0 0 0 0 0 0 0 0 0 0 
0 0 0 0 0 0 0 0 0 0 0 0 0 0 0 0 0 0 0 0 0 0 0 0 0 0 0 0 0 0 0 364502.6601 701500.3588 669263.2986 674330.0955 686199.4564 664597.3257 667882.429 647214.2394 640042.0994 636037.6631 646032.7726 628071.8236 625622.4623 628360.5593 621530.8486 619375.6008 609754.5257 615117.9179 617221.5736 615826.0425 626527.6831 621969.7081 620561.7194 619326.716 622177.4673 629086.227 626918.3091 640432.8372 637041.3521 657515.9104 651402.9907 655413.8015 662750.9668 662877.986 680841.9762 676142.1931 704735.7883 355302.1848 0 0 0 0 0 0 0 0 0 0 0 0 0 0 0 0 0 0 0 0 0 0 0 0 0 0 0 0 0 0 0 
0 0 0 0 0 0 0 0 0 0 0 0 0 0 0 0 0 0 0 0 0 0 0 0 0 0 0 0 0 0 0 349247.1755 686694.0077 668008.4906 678812.3962 667654.5911 672366.6299 654207.7616 647655.5889 643866.15 641330.6424 630686.7917 629407.3243 620965.9287 623686.3611 618820.9437 627273.2885 615100.1662 612630.2533 611563.6486 592824.0733 615154.4948 602684.1416 607227.9025 614887.1605 615565.5458 625859.4628 631733.2429 627150.403 644538.656 653928.6248 649692.2712 652371.2134 653470.4 662298.8894 671100.7127 683151.8447 706087.8933 339247.5559 0 0 0 0 0 0 0 0 0 0 0 0 0 0 0 0 0 0 0 0 0 0 0 0 0 0 0 0 0 0 0 
0 0 0 0 0 0 0 0 0 0 0 0 0 0 0 0 0 0 0 0 0 0 0 0 0 0 0 0 0 0 0 339653.1262 686272.7542 671547.8991 658548.6181 667156.7423 656032.2402 651017.0799 639169.4767 642447.5277 629830.0117 632203.1201 626210.9378 620841.708 610210.5302 614770.6698 622700.1133 611523.9815 608451.6989 602653.3421 606530.6013 608550.5675 614858.1255 623921.4569 614383.3147 620603.152 619517.815 628030.5133 626768.056 633979.0466 639403.4123 645594.402 640718.4464 665765.4501 660652.7508 656309.99 668478.7698 687709.049 344890.4175 0 0 0 0 0 0 0 0 0 0 0 0 0 0 0 0 0 0 0 0 0 0 0 0 0 0 0 0 0 0 0 
0 0 0 0 0 0 0 0 0 0 0 0 0 0 0 0 0 0 0 0 0 0 0 0 0 0 0 0 0 0 0 349646.6359 672210.8914 657800.1287 661940.6532 645546.4293 653603.4967 660823.8056 640174.1026 639024.9137 631353.772 640772.6752 625938.6539 622698.6659 613495.8379 609340.674 609726.9947 616487.2273 603299.1791 610814.7125 602895.655 593049.6788 594451.598 605631.0063 606869.2709 615614.4401 606818.6875 622628.8588 627217.6465 634062.7317 637296.5582 635974.4519 641496.1001 643316.0869 664824.7999 648708.5237 663449.6911 684459.6754 346278.5122 0 0 0 0 0 0 0 0 0 0 0 0 0 0 0 0 0 0 0 0 0 0 0 0 0 0 0 0 0 0 0 
0 0 0 0 0 0 0 0 0 0 0 0 0 0 0 0 0 0 0 0 0 0 0 0 0 0 0 0 0 0 0 339830.3052 675963.3185 649547.7048 668483.077 657657.8362 652525.8378 648542.2154 633595.4749 627738.6989 614546.6393 622276.1162 622054.9803 605272.9585 608513.4972 599892.2887 597302.0996 603508.1781 599876.2887 604656.8625 606057.3606 605045.2705 604582.3966 613458.6357 611363.4173 613699.1263 615791.0291 610862.0499 617973.2397 623393.4344 640359.0598 647428.8012 639331.1389 659420.7158 661241.2596 663644.0017 657327.0889 668607.6106 349372.8566 0 0 0 0 0 0 0 0 0 0 0 0 0 0 0 0 0 0 0 0 0 0 0 0 0 0 0 0 0 0 0 
0 0 0 0 0 0 0 0 0 0 0 0 0 0 0 0 0 0 0 0 0 0 0 0 0 0 0 0 0 0 0 338568.9654 670896.2041 653175.7179 663587.1166 644887.0044 646796.9262 637213.6503 648119.7722 628684.8047 636757.7047 620348.0473 607495.1012 613226.2721 616004.6387 600732.7471 592863.0042 588293.8358 599229.7834 598514.3345 596387.6891 592801.6419 590165.4945 597673.3673 604082.2041 613562.248 602714.6101 627480.4592 621811.8507 634198.5402 628922.4284 648036.6764 636251.0949 657123.5699 637477.7034 651583.9356 681553.2233 670943.8417 345464.0645 0 0 0 0 0 0 0 0 0 0 0 0 0 0 0 0 0 0 0 0 0 0 0 0 0 0 0 0 0 0 0 
0 0 0 0 0 0 0 0 0 0 0 0 0 0 0 0 0 0 0 0 0 0 0 0 0 0 0 0 0 0 0 335554.6827 670460.4715 646450.1707 653968.1775 651549.4975 646788.2406 639050.1128 629067.108 634021.882 625630.3768 622157.6042 624309.9431 610953.1969 597126.9727 608312.1718 604169.2654 599436.4908 595338.947 597038.3831 593505.3071 607787.7802 589381.8889 601114.3301 606861.9028 605460.9753 615559.2752 620532.7329 622661.2723 621344.7546 625295.6965 641184.0926 644813.5683 649400.3639 653977.3583 659070.7903 673754.9661 687954.2268 343943.8366 0 0 0 0 0 0 0 0 0 0 0 0 0 0 0 0 0 0 0 0 0 0 0 0 0 0 0 0 0 0 0 
0 0 0 0 0 0 0 0 0 0 0 0 0 0 0 0 0 0 0 0 0 0 0 0 0 0 0 0 0 0 0 340521.1781 666581.8704 651663.7132 646320.1638 642388.0474 645162.2388 638825.4204 628396.4067 636188.5285 616864.8079 612410.9878 611044.2684 605239.7029 603828.2231 594499.5451 602934.6897 594976.2973 594737.4308 597825.1673 601905.328 600172.9546 597107.3986 592914.7951 596987.3427 602788.5362 613843.357 611436.4748 617100.8953 621279.2799 632680.6343 636439.8134 640812.6363 630723.0953 655727.3539 663193.7901 650924.5959 679655.8918 341880.932 0 0 0 0 0 0 0 0 0 0 0 0 0 0 0 0 0 0 0 0 0 0 0 0 0 0 0 0 0 0 0 
0 0 0 0 0 0 0 0 0 0 0 0 0 0 0 0 0 0 0 0 0 0 0 0 0 0 0 0 0 0 0 344930.1146 663429.316 651471.4748 644132.1593 650037.6173 652503.2289 641233.0304 627578.9289 631032.0338 618291.8568 619140.0258 612460.7868 610311.4998 596438.8128 604953.8851 584858.8489 608888.5644 597942.3095 590260.8387 597414.1897 603294.2518 587483.2822 600033.8237 610790.2679 607012.1208 610032.9085 616813.5062 618572.8516 627403.8215 631119.9577 634172.2058 637961.8937 635445.737 650534.5321 652063.9002 647948.879 671305.2967 335475.0612 0 0 0 0 0 0 0 0 0 0 0 0 0 0 0 0 0 0 0 0 0 0 0 0 0 0 0 0 0 0 0 
0 0 0 0 0 0 0 0 0 0 0 0 0 0 0 0 0 0 0 0 0 0 0 0 0 0 0 0 0 0 0 335531.2935 672262.9196 646397.7512 640223.1878 640103.6608 642183.5909 638352.5753 626641.1236 640719.7097 620842.9699 614508.796 597321.8814 596417.1196 597325.5258 592066.2074 594873.8766 588500.486 596870.9069 597129.7263 593762.5821 596503.6173 596243.8621 598934.4958 589020.695 601270.358 606407.6944 615540.0999 609084.1655 619181.4566 622233.8229 644567.4325 640380.7131 647456.1109 642746.6829 646917.1084 654786.7347 667123.5472 340830.3121 0 0 0 0 0 0 0 0 0 0 0 0 0 0 0 0 0 0 0 0 0 0 0 0 0 0 0 0 0 0 0 
0 0 0 0 0 0 0 0 0 0 0 0 0 0 0 0 0 0 0 0 0 0 0 0 0 0 0 0 0 0 0 335171.6022 659254.1745 646885.165 643737.7058 643131.5999 637784.036 630007.5121 621597.4731 630983.7366 614114.8414 609763.8291 602892.4587 600234.998 596693.7248 589960.8606 597237.8444 596065.0636 584429.3918 583845.6944 585322.1153 593123.1982 590996.6037 582663.9316 600112.4289 600052.7403 601800.5923 607485.3848 612843.0715 617064.1317 606725.2258 632233.2716 632769.6598 631720.6309 634008.8319 635252.4457 642789.3643 670039.4197 347467.1561 0 0 0 0 0 0 0 0 0 0 0 0 0 0 0 0 0 0 0 0 0 0 0 0 0 0 0 0 0 0 0 
0 0 0 0 0 0 0 0 0 0 0 0 0 0 0 0 0 0 0 0 0 0 0 0 0 0 0 0 0 0 0 333418.2573 660280.214 640974.6294 650371.3949 637423.5189 643434.7278 636964.5533 622810.1838 605765.0256 618882.8639 605716.9559 596651.6348 592537.7668 586207.8511 588905.4004 594271.052 588010.3676 580999.2403 593523.2998 591810.1917 588086.4337 590159.0983 594414.5526 579300.2015 588909.6909 593811.7595 597231.072 618234.8319 610193.838 624197.4001 616927.6384 625850.0954 635726.949 638852.442 648644.5772 646095.6864 670832.0464 335785.2057 0 0 0 0 0 0 0 0 0 0 0 0 0 0 0 0 0 0 0 0 0 0 0 0 0 0 0 0 0 0 0 
0 0 0 0 0 0 0 0 0 0 0 0 0 0 0 0 0 0 0 0 0 0 0 0 0 0 0 0 0 0 0 326677.2984 653980.3604 640086.0681 633443.2727 622218.5997 631575.6449 624730.7518 613275.6238 595526.4409 604941.5598 594116.6721 596802.7881 579161.4595 582614.1487 591439.1476 586268.0946 591007.678 585420.4815 589423.7354 577660.7805 584925.8168 587006.3227 586166.23 580330.1402 584799.0981 599014.3813 599146.167 599568.2781 600584.5866 612546.8605 608271.899 617366.5811 625698.5691 625790.5112 631805.0004 646726.9791 656490.9271 334512.5104 0 0 0 0 0 0 0 0 0 0 0 0 0 0 0 0 0 0 0 0 0 0 0 0 0 0 0 0 0 0 0 
0 0 0 0 0 0 0 0 0 0 0 0 0 0 0 0 0 0 0 0 0 0 0 0 0 0 0 0 0 0 0 325403.5699 649009.4646 639500.2142 621740.9491 624151.7246 622649.5228 614663.5694 602948.766 605849.4658 595524.5445 604636.3929 605370.8405 594091.5209 580008.9342 578840.7201 573494.761 584485.2453 578359.3207 576999.1211 570954.0727 567115.9653 578902.7269 570575.7204 580290.9552 580169.1086 587446.836 582255.5336 599993.5104 603720.1925 601012.4074 624104.2178 620212.8482 623847.0447 623211.2628 624512.4869 640514.4442 651992.8296 335216.0721 0 0 0 0 0 0 0 0 0 0 0 0 0 0 0 0 0 0 0 0 0 0 0 0 0 0 0 0 0 0 0 
0 0 0 0 0 0 0 0 0 0 0 0 0 0 0 0 0 0 0 0 0 0 0 0 0 0 0 0 0 0 0 324562.8573 635167.3913 623271.871 623223.4223 638372.402 612007.6155 611453.4423 610427.1153 605437.7353 600948.391 600111.2327 584321.4231 580866.2103 591196.2958 571473.0409 570715.8414 580676.1578 565685.0841 567715.2136 567562.3395 570081.1697 569025.8066 567387.2489 586039.3204 573927.438 567726.9959 591105.8432 583939.5245 599776.7443 598870.3947 613538.9391 620210.5034 611788.8893 634551.1214 634064.7624 617639.4475 638089.7941 324524.6655 0 0 0 0 0 0 0 0 0 0 0 0 0 0 0 0 0 0 0 0 0 0 0 0 0 0 0 0 0 0 0 
0 0 0 0 0 0 0 0 0 0 0 0 0 0 0 0 0 0 0 0 0 0 0 0 0 0 0 0 0 0 0 319280.2691 648132.3794 629077.4149 619564.8981 613520.6282 607051.4043 621189.5272 595170.6725 603578.2354 604489.5073 583983.8909 587814.1565 566151.0682 589960.609 574311.5054 574175.4546 571242.0454 569115.8345 557770.729 578433.3819 568359.5404 572995.0744 579169.5031 570191.5175 593162.7134 580764.8368 599164.7206 593097.8108 586322.8351 590524.932 604020.5338 611495.3244 604691.6225 606361.7808 613631.5126 619700.0444 650296.8561 333571.2241 0 0 0 0 0 0 0 0 0 0 0 0 0 0 0 0 0 0 0 0 0 0 0 0 0 0 0 0 0 0 0 
0 0 0 0 0 0 0 0 0 0 0 0 0 0 0 0 0 0 0 0 0 0 0 0 0 0 0 0 0 0 0 326422.695 639997.5281 626211.2143 615931.8386 624241.6932 621475.7936 614643.9361 608102.4534 600987.9245 593647.3097 585647.5473 581781.957 577606.0353 575181.0254 575724.1634 578332.9059 578443.8914 566702.4239 571954.209 566795.4074 576119.6945 570966.7811 576133.9705 568017.8099 575983.0357 580548.3912 583438.6955 584504.1216 595962.851 586080.5382 598292.1799 615763.2963 618586.3783 623793.3462 625184.6713 630544.9654 640146.6812 326288.9069 0 0 0 0 0 0 0 0 0 0 0 0 0 0 0 0 0 0 0 0 0 0 0 0 0 0 0 0 0 0 0 
0 0 0 0 0 0 0 0 0 0 0 0 0 0 0 0 0 0 0 0 0 0 0 0 0 0 0 0 0 0 0 330249.6167 642849.8615 620064.6724 618456.2218 602691.5431 615870.6576 610354.2461 595076.073 607813.3943 591172.6238 592611.3614 577970.3928 580998.6147 582151.8145 571231.7484 574216.2776 571429.3677 566271.8037 570995.8894 573896.0041 571717.2716 575013.3489 578761.5191 575493.2786 580584.524 577177.4769 586423.2214 590635.1199 580959.2484 594337.1669 608579.815 617632.8318 616985.7556 616782.5225 617991.8062 630109.5562 643858.9537 317797.363 0 0 0 0 0 0 0 0 0 0 0 0 0 0 0 0 0 0 0 0 0 0 0 0 0 0 0 0 0 0 0 
0 0 0 0 0 0 0 0 0 0 0 0 0 0 0 0 0 0 0 0 0 0 0 0 0 0 0 0 0 0 0 334290.6525 642572.5427 622878.4459 614483.5873 624953.4336 616724.6739 604489.9452 604095.2208 597219.1775 587663.6056 591993.4603 594187.9483 577084.9153 573703.558 569052.4812 559935.6679 578735.0566 567150.6464 560411.438 568695.504 575658.6359 576397.5721 567003.6381 555337.3435 586267.851 582449.3134 581376.8698 585781.826 590696.3061 597776.2415 606592.6575 602338.07 621522.6364 629030.3458 624975.0824 625145.042 643378.1541 325686.798 0 0 0 0 0 0 0 0 0 0 0 0 0 0 0 0 0 0 0 0 0 0 0 0 0 0 0 0 0 0 0 
0 0 0 0 0 0 0 0 0 0 0 0 0 0 0 0 0 0 0 0 0 0 0 0 0 0 0 0 0 0 0 326676.2045 634041.9047 615154.8002 625992.947 626737.3863 628679.9729 600584.6437 608073.0748 587683.0866 595113.41 597250.8616 584191.5079 572944.703 577874.7691 577606.8315 565777.885 563393.0053 557366.2392 571779.8417 562795.6358 571128.8714 577394.7675 576998.2391 562744.3787 565986.4505 582439.6061 580228.6377 593871.3096 588219.756 592328.3518 606131.4817 616516.5216 625768.6016 624828.441 617882.0776 623541.7907 634258.0226 320193.9624 0 0 0 0 0 0 0 0 0 0 0 0 0 0 0 0 0 0 0 0 0 0 0 0 0 0 0 0 0 0 0 
0 0 0 0 0 0 0 0 0 0 0 0 0 0 0 0 0 0 0 0 0 0 0 0 0 0 0 0 0 0 0 317431.0124 644857.0924 607589.8509 611113.8457 613292.6296 614873.2847 607015.2694 606561.4173 584372.8594 592378.2761 575083.5014 576241.9392 584462.6768 570792.9054 568256.7235 559479.3559 565319.2806 564162.6052 561214.4629 564981.2497 559537.0295 559217.6575 568469.4426 570532.4787 565652.0882 574621.9152 581239.7764 577788.4959 591220.3303 590568.812 586732.758 599953.6089 601590.4268 596970.2062 610674.982 622051.9296 640004.2228 317839.9699 0 0 0 0 0 0 0 0 0 0 0 0 0 0 0 0 0 0 0 0 0 0 0 0 0 0 0 0 0 0 0 
0 0 0 0 0 0 0 0 0 0 0 0 0 0 0 0 0 0 0 0 0 0 0 0 0 0 0 0 0 0 0 323130.1457 627171.8107 614268.2299 601741.9083 607651.3465 595432.2906 582891.3996 587390.0219 576307.2456 576696.9524 564330.1849 580669.393 567478.8395 559348.0882 553670.7873 557557.8579 554984.5617 554239.5834 545672.2375 549999.1954 557345.8279 547295.5608 555660.2342 564229.0375 559033.6585 567626.8316 581108.5461 580549.6284 580382.5407 586036.1243 575912.523 598590.1908 595978.682 598157.314 595856.1898 608926.1282 625572.8946 321229.4098 0 0 0 0 0 0 0 0 0 0 0 0 0 0 0 0 0 0 0 0 0 0 0 0 0 0 0 0 0 0 0 
0 0 0 0 0 0 0 0 0 0 0 0 0 0 0 0 0 0 0 0 0 0 0 0 0 0 0 0 0 0 0 312053.5277 620261.64 607129.3489 603876.5613 597942.2342 600258.1352 578716.738 580380.0871 579450.4458 567986.3433 561586.4012 558990.8916 552151.3861 563423.84 556099.9011 544005.1228 545065.7198 545874.062 544787.3927 545617.1111 543118.8053 547138.7168 548236.0632 551423.1999 548068.0556 543986.8998 563382.6946 565860.958 566406.7049 576358.1236 581758.8026 582061.7037 597064.3315 588629.4132 601358.2378 600135.0954 614420.1344 308657.837 0 0 0 0 0 0 0 0 0 0 0 0 0 0 0 0 0 0 0 0 0 0 0 0 0 0 0 0 0 0 0 
0 0 0 0 0 0 0 0 0 0 0 0 0 0 0 0 0 0 0 0 0 0 0 0 0 0 0 0 0 0 0 309598.6168 610809.4376 577422.5164 589803.3732 585442.1648 582824.7275 578949.3152 567206.1156 578499.0062 553200.7474 562735.862 559365.87 551797.8162 552251.6421 540270.9741 541452.1839 533969.1555 544422.8756 539223.4911 537745.278 538728.0308 535021.5239 544550.2196 541770.437 543621.5122 559774.7836 559055.1556 562943.1598 558529.3268 567592.5358 560354.7338 566954.7025 584721.1778 581752.1858 578024.264 587656.7955 598581.2329 303658.1986 0 0 0 0 0 0 0 0 0 0 0 0 0 0 0 0 0 0 0 0 0 0 0 0 0 0 0 0 0 0 0 
0 0 0 0 0 0 0 0 0 0 0 0 0 0 0 0 0 0 0 0 0 0 0 0 0 0 0 0 0 0 0 304577.5216 609053.2561 589408.3723 575455.1966 580875.8174 579308.1165 565973.6634 558179.9556 567923.8167 553340.5742 551107.2442 547081.0616 557816.4514 536041.5588 545667.6246 541117.2047 533823.7288 521661.128 536853.733 532174.1752 525418.4065 537983.1242 532205.9137 535091.1569 534094.0526 550400.6626 544755.9648 554643.9184 563926.9188 558992.2836 562112.2926 580295.2734 581333.2071 592468.0182 575689.1766 578287.9089 594342.0675 299729.0399 0 0 0 0 0 0 0 0 0 0 0 0 0 0 0 0 0 0 0 0 0 0 0 0 0 0 0 0 0 0 0 
0 0 0 0 0 0 0 0 0 0 0 0 0 0 0 0 0 0 0 0 0 0 0 0 0 0 0 0 0 0 0 308310.7344 596408.2304 576869.7306 585655.5297 572312.9672 557577.7043 555253.5613 564793.1475 555407.1207 551252.4356 548109.5635 537916.5399 543341.9932 541745.7167 541181.1095 530471.4231 533922.3692 527627.3363 522085.8661 524655.4697 529779.8087 529984.9259 518178.965 536141.1866 538162.1478 528135.2068 544130.4931 546206.7401 548426.7526 555285.0917 564505.5107 580983.1978 573284.906 565869.7153 576831.089 577321.4006 589225.803 300783.9557 0 0 0 0 0 0 0 0 0 0 0 0 0 0 0 0 0 0 0 0 0 0 0 0 0 0 0 0 0 0 0 
0 0 0 0 0 0 0 0 0 0 0 0 0 0 0 0 0 0 0 0 0 0 0 0 0 0 0 0 0 0 0 294930.1456 585279.9327 588490.4747 574989.1948 573356.4567 571596.6038 564486.333 553605.0279 559852.7897 543465.3088 549971.6164 545984.861 537960.7777 534278.3276 532599.1508 529984.0725 521410.5377 522482.4961 528828.439 518534.6275 524214.601 521550.1581 531342.5178 532307.6787 528886.5889 530673.3612 536875.9616 545586.3093 550690.6622 561416.3001 553654.1138 562962.2148 576225.5473 580920.3379 568992.516 580291.4604 590776.9519 296443.5164 0 0 0 0 0 0 0 0 0 0 0 0 0 0 0 0 0 0 0 0 0 0 0 0 0 0 0 0 0 0 0 
0 0 0 0 0 0 0 0 0 0 0 0 0 0 0 0 0 0 0 0 0 0 0 0 0 0 0 0 0 0 0 300517.617 594713.0797 576838.3972 581526.7662 572896.0512 572450.4089 558964.1698 559587.3447 543360.8589 554654.9453 542295.7522 536933.525 542353.1505 531971.5144 530730.0496 515184.9205 529085.4301 519452.7978 536248.2577 531193.6268 532064.9654 528771.2733 529436.4373 523522.197 537107.5832 532601.7144 538824.4103 548304.7909 554660.2367 539758.4997 561160.261 565865.0491 565051.4601 579221.8402 582711.9395 580219.8926 584615.988 303856.1507 0 0 0 0 0 0 0 0 0 0 0 0 0 0 0 0 0 0 0 0 0 0 0 0 0 0 0 0 0 0 0 
0 0 0 0 0 0 0 0 0 0 0 0 0 0 0 0 0 0 0 0 0 0 0 0 0 0 0 0 0 0 0 296369.9278 607953.7492 574801.5121 578298.9721 563315.2976 576412.7612 569904.126 562444.6408 563099.6269 552440.3531 560081.3824 545040.575 536165.4088 544805.9175 541500.8801 522852.053 533287.69 527263.7308 540438.798 534896.8985 535892.8768 525011.818 531343.9356 536219.1731 538912.6125 538658.265 541168.3497 551212.5347 554720.8956 557523.1599 555127.9974 564343.0655 577710.1642 573985.0593 576247.7703 591581.2167 600277.0766 300944.7557 0 0 0 0 0 0 0 0 0 0 0 0 0 0 0 0 0 0 0 0 0 0 0 0 0 0 0 0 0 0 0 
0 0 0 0 0 0 0 0 0 0 0 0 0 0 0 0 0 0 0 0 0 0 0 0 0 0 0 0 0 0 0 312433.6128 601256.1228 590533.5674 573291.8928 574384.3491 579049.9329 573297.3448 561409.7461 563587.9697 556563.5158 546239.9034 541710.4279 545913.3043 543575.4728 538129.9868 533905.7034 528170.2296 537248.1193 531571.6369 524476.3838 530917.7238 547780.5631 536802.7494 533997.944 527812.4391 541561.9824 537992.2317 548799.1252 549731.6043 561592.0545 562927.4912 571490.7428 571643.3274 593056.7844 581120.5592 580934.7829 611421.1165 300235.0084 0 0 0 0 0 0 0 0 0 0 0 0 0 0 0 0 0 0 0 0 0 0 0 0 0 0 0 0 0 0 0 
0 0 0 0 0 0 0 0 0 0 0 0 0 0 0 0 0 0 0 0 0 0 0 0 0 0 0 0 0 0 0 312670.3842 604143.341 592664.2817 587149.8805 588570.9438 573829.0778 579352.3626 576841.0808 576689.8186 562988.9235 559867.053 556834.3359 541481.0032 547724.2608 551345.815 536718.4205 543026.4324 535719.5064 540494.3965 543275.2039 538795.8957 538182.6115 547561.2005 540204.8954 546551.5761 549799.9187 561972.6627 558108.6006 572883.0829 570188.4201 575239.0075 576983.4558 582921.0312 581695.5425 594424.8129 585501.9577 600206.4627 307523.2782 0 0 0 0 0 0 0 0 0 0 0 0 0 0 0 0 0 0 0 0 0 0 0 0 0 0 0 0 0 0 0 
0 0 0 0 0 0 0 0 0 0 0 0 0 0 0 0 0 0 0 0 0 0 0 0 0 0 0 0 0 0 0 312492.7573 614548.8279 604539.6655 597821.0377 596326.7158 589784.4085 586295.5572 582052.2341 572261.0924 577183.8135 563863.7668 556206.5472 550275.1722 558031.8852 557858.3013 553121.9164 561063.5263 548432.4065 534235.6186 552220.5117 550862.6814 545593.0023 545472.3846 552729.5825 555982.1063 556560.9828 565553.6014 562038.6046 568019.217 569312.7266 582252.4779 578148.2195 597788.9275 599745.1916 607158.7955 599688.2702 606123.7825 309965.0403 0 0 0 0 0 0 0 0 0 0 0 0 0 0 0 0 0 0 0 0 0 0 0 0 0 0 0 0 0 0 0 
0 0 0 0 0 0 0 0 0 0 0 0 0 0 0 0 0 0 0 0 0 0 0 0 0 0 0 0 0 0 0 325295.6617 625202.5349 609200.034 609832.4597 602869.0291 592387.3168 591494.0801 595754.6601 582076.4025 568010.4934 574699.553 563503.3594 560591.0346 553180.4862 560393.3421 555297.9374 553824.7234 558063.6058 550058.1773 550603.183 542016.6868 559377.863 553382.3996 561968.0519 565690.2853 565728.1845 566835.4045 578431.695 578337.652 577691.0336 584173.8484 598087.1684 597860.7771 593572.299 589039.0027 614820.4345 620371.8847 316732.3134 0 0 0 0 0 0 0 0 0 0 0 0 0 0 0 0 0 0 0 0 0 0 0 0 0 0 0 0 0 0 0 
0 0 0 0 0 0 0 0 0 0 0 0 0 0 0 0 0 0 0 0 0 0 0 0 0 0 0 0 0 0 0 322938.5886 639004.4929 625958.955 614001.2605 600978.4259 604072.3959 605407.727 592601.1189 593099.0985 592482.9965 574649.811 572380.3407 559710.7102 568610.5852 568383.5256 554814.8888 562786.5728 575035.5759 547491.6063 562678.1196 556912.3536 559159.3565 568440.3214 567846.488 574412.872 574974.9026 584906.4191 580397.4702 576395.8463 595217.5098 591172.2208 605031.1177 615600.1211 613348.8566 622273.7173 616718.712 641405.5045 319708.5471 0 0 0 0 0 0 0 0 0 0 0 0 0 0 0 0 0 0 0 0 0 0 0 0 0 0 0 0 0 0 0 
0 0 0 0 0 0 0 0 0 0 0 0 0 0 0 0 0 0 0 0 0 0 0 0 0 0 0 0 0 0 0 326222.9253 637356.7115 619236.7637 611604.8837 621318.2466 619303.3472 602397.0798 618305.9494 587471.6643 593069.5574 600673.6805 580580.7451 574327.0099 581875.0787 579051.4513 571101.6921 569409.5468 569452.3241 564454.0272 569964.9315 565029.4465 561065.9405 566228.4215 566137.0096 566345.3296 588653.819 583062.3425 588473.7078 590485.1302 593194.3667 592233.5504 599888.6595 627156.6123 613436.0561 625266.7892 629025.4235 646986.2974 322687.3378 0 0 0 0 0 0 0 0 0 0 0 0 0 0 0 0 0 0 0 0 0 0 0 0 0 0 0 0 0 0 0 
0 0 0 0 0 0 0 0 0 0 0 0 0 0 0 0 0 0 0 0 0 0 0 0 0 0 0 0 0 0 0 329708.0757 653305.6957 626798.4252 614792.7639 611057.4122 602793.654 612397.3302 610389.8587 587882.3196 589625.9665 584492.435 577189.8099 577689.7225 579329.7735 578295.5694 573536.3284 576264.7409 569346.2079 567131.2624 571331.7048 567665.3617 568086.3939 564769.0485 564969.3035 582478.0787 577609.2432 580316.2266 591722.9828 588615.2466 608128.1729 614544.6719 610739.653 614537.6816 615791.9141 621648.1223 628452.3774 637902.2061 332511.8496 0 0 0 0 0 0 0 0 0 0 0 0 0 0 0 0 0 0 0 0 0 0 0 0 0 0 0 0 0 0 0 
0 0 0 0 0 0 0 0 0 0 0 0 0 0 0 0 0 0 0 0 0 0 0 0 0 0 0 0 0 0 0 327399.2812 641261.0916 630423.6594 622126.0373 625571.6897 611360.4599 610468.7952 602595.7929 600455.9787 605501.5058 599373.2287 580765.111 577932.5631 583338.5566 567510.6893 578840.59 569869.3265 573746.0276 564705.2391 573635.3617 571981.4352 565207.1259 573944.9602 574404.8684 585045.9261 579836.4328 579424.8671 595545.2412 583641.8607 594098.448 609765.9259 613805.475 620853.1823 612993.3992 635498.4312 623001.191 640147.0427 324614.3512 0 0 0 0 0 0 0 0 0 0 0 0 0 0 0 0 0 0 0 0 0 0 0 0 0 0 0 0 0 0 0 
0 0 0 0 0 0 0 0 0 0 0 0 0 0 0 0 0 0 0 0 0 0 0 0 0 0 0 0 0 0 0 328837.4625 638147.0263 630265.4389 626241.4889 616367.424 616108.9017 596676.6534 603391.8399 595310.2181 590106.0133 588065.8658 590991.2589 583516.5861 580923.3868 580659.352 568154.7648 570659.1055 562925.4169 573314.8071 567162.7114 577861.2142 571339.4402 565387.649 570623.3126 568118.0695 587429.5246 589699.6179 579790.0452 584845.2156 596256.7116 606638.612 618918.8499 614553.0835 618472.0366 632317.4636 633031.832 633857.3669 328546.3999 0 0 0 0 0 0 0 0 0 0 0 0 0 0 0 0 0 0 0 0 0 0 0 0 0 0 0 0 0 0 0 
0 0 0 0 0 0 0 0 0 0 0 0 0 0 0 0 0 0 0 0 0 0 0 0 0 0 0 0 0 0 0 317072.3931 654063.9842 614416.2486 623226.1123 615027.5934 616766.9125 612285.0441 588427.4562 605207.2148 596170.1627 595747.6645 580613.173 576929.9746 572774.0811 568642.9104 571754.879 579215.9256 567638.5906 576552.6562 570266.421 567716.2077 565474.0257 571419.0898 577580.0024 583874.5264 576672.8156 585890.891 588218.2581 592360.7328 594447.5652 605157.7239 609511.108 613768.7396 623442.3061 613348.2336 621200.719 640763.1839 326969.3057 0 0 0 0 0 0 0 0 0 0 0 0 0 0 0 0 0 0 0 0 0 0 0 0 0 0 0 0 0 0 0 
0 0 0 0 0 0 0 0 0 0 0 0 0 0 0 0 0 0 0 0 0 0 0 0 0 0 0 0 0 0 0 325148.7296 639910.183 625521.4337 626433.5539 619461.7296 599095.097 612257.5395 606462.6738 606523.8018 595862.8411 599465.6076 582495.5694 583093.646 577030.9016 578255.9916 575477.7326 571186.7758 572121.3732 566295.9774 564292.6153 565487.3288 572188.6726 571079.3153 583895.6136 581156.3315 595339.512 574785.0264 581187.861 588308.2752 598046.5637 619293.2106 608686.4725 607105.776 617380.6217 627320.2166 616432.504 641667.4766 326084.2849 0 0 0 0 0 0 0 0 0 0 0 0 0 0 0 0 0 0 0 0 0 0 0 0 0 0 0 0 0 0 0 
0 0 0 0 0 0 0 0 0 0 0 0 0 0 0 0 0 0 0 0 0 0 0 0 0 0 0 0 0 0 0 327815.6244 646875.8889 629127.8799 633023.5793 621457.3372 621953.7945 620545.4515 600891.5903 607916.4677 595354.8583 596826.9826 584591.7078 596935.0232 587271.5807 580743.6719 583661.9311 582650.2187 568875.3749 570478.3129 565590.3188 576678.5757 567748.6358 580230.6624 585091.8536 583243.3015 583448.4238 595401.7108 590922.6445 610423.1948 614727.1914 613689.3696 624685.9794 626465.6496 619947.4366 618606.9257 627977.3667 656293.2655 320779.2214 0 0 0 0 0 0 0 0 0 0 0 0 0 0 0 0 0 0 0 0 0 0 0 0 0 0 0 0 0 0 0 
0 0 0 0 0 0 0 0 0 0 0 0 0 0 0 0 0 0 0 0 0 0 0 0 0 0 0 0 0 0 0 330942.1392 662037.1239 632504.5165 636361.8938 628321.1091 628159.303 618173.6331 610221.9314 612611.0539 609248.4053 598506.8255 587516.9162 597561.748 583715.8542 580673.2626 600598.2163 587463.0292 586866.6896 591590.2542 585305.3484 576617.6838 589118.7212 577823.1381 583548.4559 580068.4345 589905.6852 594238.1794 594780.1948 606085.8922 616329.1317 616352.2039 623058.084 629950.124 617785.2731 633153.148 636248.4267 657767.1347 331157.2224 0 0 0 0 0 0 0 0 0 0 0 0 0 0 0 0 0 0 0 0 0 0 0 0 0 0 0 0 0 0 0 
0 0 0 0 0 0 0 0 0 0 0 0 0 0 0 0 0 0 0 0 0 0 0 0 0 0 0 0 0 0 0 335519.5562 648973.2016 645229.9033 643008.5932 627440.9788 621403.7468 633593.0838 617713.7759 609128.4945 607229.271 604476.204 604126.7126 599176.9227 606038.7404 595362.264 592545.9496 585593.0719 596826.648 573956.5309 587990.0099 586412.7276 579445.0581 590545.7324 587478.0803 601095.246 598363.0942 589843.2163 595792.2665 609759.0685 624855.4082 632033.4514 630824.4182 643012.0912 650983.7018 639069.8865 644329.3023 657339.2986 340086.7491 0 0 0 0 0 0 0 0 0 0 0 0 0 0 0 0 0 0 0 0 0 0 0 0 0 0 0 0 0 0 0 
0 0 0 0 0 0 0 0 0 0 0 0 0 0 0 0 0 0 0 0 0 0 0 0 0 0 0 0 0 0 0 334980.0245 664416.4518 639845.2979 642969.5109 634809.0605 634597.2225 634364.867 618316.0016 609866.5073 614918.7328 596894.0228 611214.5429 599370.718 593814.6572 590675.6135 596944.0473 591699.6662 587948.3444 604924.2752 590967.7001 595371.6235 588021.3013 597659.5586 597196.7713 591366.8109 604066.939 604257.978 602985.1635 611369.8839 625251.7514 630807.9619 632033.4271 635633.064 639772.1221 646188.9635 637566.4823 672497.0819 336096.3069 0 0 0 0 0 0 0 0 0 0 0 0 0 0 0 0 0 0 0 0 0 0 0 0 0 0 0 0 0 0 0 
0 0 0 0 0 0 0 0 0 0 0 0 0 0 0 0 0 0 0 0 0 0 0 0 0 0 0 0 0 0 0 336595.4206 662756.4987 648201.1052 641890.6222 643205.0243 647567.9132 634913.1512 635219.3084 611050.1631 608372.3523 611553.3582 612111.444 600578.8476 592654.7498 600091.8707 590659.4929 598813.8767 596359.48 587644.5796 592523.7313 586961.9966 597958.1373 597730.6501 601199.2643 614454.068 604856.2881 606779.7955 600082.7774 604764.7681 616487.1096 636802.411 631931.7844 652844.1103 638145.8607 655770.657 657413.4564 660865.1422 339821.5764 0 0 0 0 0 0 0 0 0 0 0 0 0 0 0 0 0 0 0 0 0 0 0 0 0 0 0 0 0 0 0 
0 0 0 0 0 0 0 0 0 0 0 0 0 0 0 0 0 0 0 0 0 0 0 0 0 0 0 0 0 0 0 349041.6894 669664.5842 653801.522 648569.0115 642798.4935 651816.3865 634263.365 639976.534 624099.1871 612215.4494 607979.9901 611973.7484 601595.5801 594541.4111 592463.5666 598633.7284 603747.6539 595702.0557 595939.0871 598886.1667 604993.9962 601200.7438 592395.7545 602328.6719 600970.6255 608731.2985 618396.5442 630055.4672 611394.4852 615213.9342 636640.0937 635545.5961 630925.1144 646539.8668 659123.6594 650979.841 662172.1075 331053.7179 0 0 0 0 0 0 0 0 0 0 0 0 0 0 0 0 0 0 0 0 0 0 0 0 0 0 0 0 0 0 0 
0 0 0 0 0 0 0 0 0 0 0 0 0 0 0 0 0 0 0 0 0 0 0 0 0 0 0 0 0 0 0 341065.4409 676776.5858 642942.4102 644587.8139 662003.2507 637086.2918 627370.8211 628222.7105 623700.5506 620383.5043 628074.0045 617114.1904 604743.5838 595747.8175 595848.5623 608220.0704 595213.0851 587640.4094 608574.7128 604181.3643 598283.9272 595294.6841 604165.3868 608047.3891 602182.1342 603681.8015 617518.3002 615821.5347 616253.0965 630945.5099 635161.2992 636639.1022 645194.9624 646353.3042 645865.2125 654397.8722 673876.4726 341035.4037 0 0 0 0 0 0 0 0 0 0 0 0 0 0 0 0 0 0 0 0 0 0 0 0 0 0 0 0 0 0 0 
0 0 0 0 0 0 0 0 0 0 0 0 0 0 0 0 0 0 0 0 0 0 0 0 0 0 0 0 0 0 0 346895.1378 674197.3317 662475.0683 654390.508 647498.0205 643377.0115 651568.0665 636509.3216 626359.2464 628288.3586 624936.8557 612306.7023 606270.7363 606826.2243 608832.1583 603714.1117 600672.5786 601549.3241 606418.6437 609964.7467 602657.6654 590381.1905 600786.0086 610559.6598 603573.3742 614197.414 593979.7884 628188.3274 620902.004 638833.3735 620418.6684 644028.6321 641329.1214 642782.0758 652091.9556 656346.1366 677696.5281 334463.1451 0 0 0 0 0 0 0 0 0 0 0 0 0 0 0 0 0 0 0 0 0 0 0 0 0 0 0 0 0 0 0 
0 0 0 0 0 0 0 0 0 0 0 0 0 0 0 0 0 0 0 0 0 0 0 0 0 0 0 0 0 0 0 340517.3646 672302.1092 653035.0171 660535.9499 641598.4121 651343.8081 646673.1114 630660.4811 635762.8109 631591.9495 612686.5583 619702.8401 610484.1529 600807.1983 602639.2607 603760.8214 610368.4084 596034.6603 590684.9188 587971.6386 612732.8405 603303.5905 606973.2311 609574.0508 608940.7347 609592.1452 622418.0142 607126.045 620866.2148 625146.1987 638444.8681 639837.7226 651397.2819 653533.9344 651976.2828 654347.7346 680315.2031 346789.102 0 0 0 0 0 0 0 0 0 0 0 0 0 0 0 0 0 0 0 0 0 0 0 0 0 0 0 0 0 0 0 
0 0 0 0 0 0 0 0 0 0 0 0 0 0 0 0 0 0 0 0 0 0 0 0 0 0 0 0 0 0 0 343466.5774 679592.8362 657785.4438 652332.6166 646281.5118 663867.701 643283.1126 641364.6405 627590.4496 618488.354 619326.1499 626297.508 618169.459 601286.6152 614771.5845 614026.3318 598088.8198 599263.5712 582795.7022 599383.1923 610069.6177 602685.3476 604445.4302 614858.6968 607770.3065 617626.8921 612697.4328 623580.5092 632654.872 630579.9733 638666.5266 639309.6917 660048.2806 661616.1864 667318.3859 669424.6024 675813.8332 337859.5947 0 0 0 0 0 0 0 0 0 0 0 0 0 0 0 0 0 0 0 0 0 0 0 0 0 0 0 0 0 0 0 
0 0 0 0 0 0 0 0 0 0 0 0 0 0 0 0 0 0 0 0 0 0 0 0 0 0 0 0 0 0 0 347125.7793 682301.5613 660189.9295 654468.581 656903.33 646777.8136 643195.9243 628931.4247 631946.3532 624272.7429 613531.5799 610398.8675 609296.2374 608749.6491 609805.3715 611190.0205 609070.3434 597951.8757 597340.8374 595202.5635 610782.4189 610655.7285 602781.6364 601307.6301 610676.4213 615212.1498 622581.1676 629061.1749 631189.6349 646880.2452 646169.7224 652915.5932 665251.8085 659699.4074 656444.6074 676021.7559 688792.5265 337779.5044 0 0 0 0 0 0 0 0 0 0 0 0 0 0 0 0 0 0 0 0 0 0 0 0 0 0 0 0 0 0 0 
0 0 0 0 0 0 0 0 0 0 0 0 0 0 0 0 0 0 0 0 0 0 0 0 0 0 0 0 0 0 0 352797.6068 675810.9883 657715.1785 647688.6113 660610.3586 652472.6847 651327.2078 654844.8698 630549.4545 635252.0714 626295.8455 624426.3671 612636.1331 615879.0855 613510.3836 618208.0273 603131.7427 598743.7761 617306.3474 611625.6189 608526.3934 614754.7232 611205.4174 605192.7075 611621.4318 618493.0245 615049.5912 619909.2812 627134.5554 633952.3245 647122.697 659402.4599 658340.2162 662584.5503 664722.7289 671889.6879 682965.8354 349980.8539 0 0 0 0 0 0 0 0 0 0 0 0 0 0 0 0 0 0 0 0 0 0 0 0 0 0 0 0 0 0 0 
0 0 0 0 0 0 0 0 0 0 0 0 0 0 0 0 0 0 0 0 0 0 0 0 0 0 0 0 0 0 0 350344.4107 694551.6702 654708.3303 668370.4206 660941.785 664079.3477 649122.2512 638556.9119 645884.8818 628301.2532 617466.6315 623425.5017 626345.6026 623362.4716 624303.5582 619422.1991 611589.6117 610456.2694 619489.5572 615806.6866 621627.1621 613100.0996 619845.0246 618720.8597 626936.6319 629095.5761 627978.1524 634639.5325 630613.7245 651129.4821 648983.5316 653255.1333 654694.9024 662746.9049 665969.2698 665044.0302 691539.8101 345380.4786 0 0 0 0 0 0 0 0 0 0 0 0 0 0 0 0 0 0 0 0 0 0 0 0 0 0 0 0 0 0 0 
0 0 0 0 0 0 0 0 0 0 0 0 0 0 0 0 0 0 0 0 0 0 0 0 0 0 0 0 0 0 0 350675.1838 704385.8313 674892.1891 665543.0905 676644.3666 674336.497 662150.2551 662679.0433 640422.667 632635.0444 634708.9038 639844.1118 624540.414 627089.0396 621813.4533 617074.4737 614834.0429 619993.1182 623136.1634 621297.6559 609529.7299 620337.7207 622010.383 614646.8113 610603.6471 636826.2764 631768.8813 648936.4838 652637.2293 652356.4609 654603.3517 660909.9162 676022.511 671221.2947 666388.2703 672886.1449 693568.6415 353906.8591 0 0 0 0 0 0 0 0 0 0 0 0 0 0 0 0 0 0 0 0 0 0 0 0 0 0 0 0 0 0 0 
0 0 0 0 0 0 0 0 0 0 0 0 0 0 0 0 0 0 0 0 0 0 0 0 0 0 0 0 0 0 0 355688.806 691651.9111 688231.6585 679894.4329 675662.276 663646.3528 673517.5778 657627.432 657138.063 642361.4396 638185.595 635219.7549 633681.236 635080.6597 632632.2865 620159.5657 625090.3051 629017.5458 613176.3983 625104.2458 623561.7398 627441.9748 623346.5996 630522.5484 644298.973 633583.6486 645647.4292 646147.5695 651187.4684 650028.4896 664310.5957 668367.4258 661541.5212 678451.3111 683547.6481 677712.4514 703546.2145 360858.0129 0 0 0 0 0 0 0 0 0 0 0 0 0 0 0 0 0 0 0 0 0 0 0 0 0 0 0 0 0 0 0 
0 0 0 0 0 0 0 0 0 0 0 0 0 0 0 0 0 0 0 0 0 0 0 0 0 0 0 0 0 0 0 359335.9295 713852.2594 699155.4328 694552.3105 686176.3805 680046.6816 677396.5077 667711.0736 661293.3767 661300.7492 652222.048 644658.7081 638457.1297 627192.1801 638521.4567 630272.702 638054.26 636922.0788 638424.9981 624128.2073 639667.3046 629898.0251 631345.4725 634909.8103 645636.2843 641458.0653 651337.6852 658193.0199 662872.3929 668628.2178 673025.7965 676347.7711 675820.2866 688923.3395 698239.2038 683058.1742 719498.2508 359258.1233 0 0 0 0 0 0 0 0 0 0 0 0 0 0 0 0 0 0 0 0 0 0 0 0 0 0 0 0 0 0 0 
0 0 0 0 0 0 0 0 0 0 0 0 0 0 0 0 0 0 0 0 0 0 0 0 0 0 0 0 0 0 0 369123.6456 736549.186 694544.7832 690279.3491 696018.7063 698236.0206 684433.5791 685984.8598 666040.6697 661981.2568 656509.7079 669128.5184 652462.4755 643400.3156 648392.2683 651834.3155 642856.9801 640422.147 639583.1159 637340.0201 635380.6664 635723.7163 642276.0658 646485.7635 638744.2654 656153.0887 660451.9819 671424.5395 658906.7753 670836.2311 678475.4452 688476.1903 693054.2315 686271.7485 702588.0949 698906.264 721097.6073 365226.1191 0 0 0 0 0 0 0 0 0 0 0 0 0 0 0 0 0 0 0 0 0 0 0 0 0 0 0 0 0 0 0 
0 0 0 0 0 0 0 0 0 0 0 0 0 0 0 0 0 0 0 0 0 0 0 0 0 0 0 0 0 0 0 376237.0468 730051.4231 705508.052 707589.4331 704890.0329 704381.8611 691790.8106 693134.7667 683399.1889 673526.5432 665332.0453 652042.4025 661410.1843 664991.9129 656413.0179 655904.6346 650059.1806 642625.4789 642504.1134 644180.2767 646137.159 659710.6716 641369.6689 659906.4612 652195.7737 661416.5339 668720.8943 673673.424 666061.0013 676517.4229 672628.5426 702826.1348 705049.0865 711655.5923 714057.4567 719317.2048 729883.655 376470.625 0 0 0 0 0 0 0 0 0 0 0 0 0 0 0 0 0 0 0 0 0 0 0 0 0 0 0 0 0 0 0 
0 0 0 0 0 0 0 0 0 0 0 0 0 0 0 0 0 0 0 0 0 0 0 0 0 0 0 0 0 0 0 372713.3024 745905.0229 722455.4498 705436.6673 714946.7642 701716.8569 695939.2224 697425.6135 696397.4695 687046.6721 680327.092 676249.8242 676746.3755 664386.1339 662724.5491 652488.4661 665563.9335 660749.3883 650634.9249 658962.3196 665705.7404 660190.935 658184.4897 657031.2941 667054.7526 670350.6185 673221.0523 668970.9283 680745.2683 689666.4774 707632.4936 701174.424 724371.8339 708493.7683 716303.1351 716358.8967 747386.7196 372489.2911 0 0 0 0 0 0 0 0 0 0 0 0 0 0 0 0 0 0 0 0 0 0 0 0 0 0 0 0 0 0 0 
0 0 0 0 0 0 0 0 0 0 0 0 0 0 0 0 0 0 0 0 0 0 0 0 0 0 0 0 0 0 0 374716.7927 743775.3222 730516.2014 722357.9001 717377.7687 714641.1998 711237.6597 699554.2057 687335.6345 709419.6732 687053.3608 680446.6862 684385.5636 669917.7395 672276.3399 655966.7034 663814.351 671325.6801 657342.0691 675141.6284 664922.4416 673680.2319 672661.4332 666369.9323 666227.2096 676204.7644 680438.9923 684695.4955 690922.4862 704870.6321 709569.8624 704627.2482 706160.8248 720760.6983 731000.8867 733278.6077 756197.2014 388870.9854 0 0 0 0 0 0 0 0 0 0 0 0 0 0 0 0 0 0 0 0 0 0 0 0 0 0 0 0 0 0 0 
0 0 0 0 0 0 0 0 0 0 0 0 0 0 0 0 0 0 0 0 0 0 0 0 0 0 0 0 0 0 0 381524.7576 759357.1161 736255.064 736251.4072 733772.1995 714146.0849 718293.3157 724238.0054 704978.6918 701364.0827 705824.3727 692951.8707 692134.1213 679220.2946 670029.2088 671580.7562 677668.7539 667581.4437 680349.913 660317.4185 670688.5704 670009.9644 660426.3104 682426.2914 685711.8763 676269.7325 694071.392 683676.7194 700502.0197 697419.2557 724039.0879 715339.6986 727492.0481 739058.855 734395.5136 741622.0209 750335.1279 384447.2653 0 0 0 0 0 0 0 0 0 0 0 0 0 0 0 0 0 0 0 0 0 0 0 0 0 0 0 0 0 0 0 
0 0 0 0 0 0 0 0 0 0 0 0 0 0 0 0 0 0 0 0 0 0 0 0 0 0 0 0 0 0 0 388225.3676 768253.6162 756341.8734 741750.5243 743992.8757 738541.6345 725056.6263 720768.577 713323.1623 704930.0908 723538.3945 703677.9798 692853.1032 679756.4898 687358.6532 672229.6051 671643.388 681632.3879 675496.0049 693066.3296 677857.4982 670271.9211 680424.2042 685135.3556 684552.2251 693981.3214 700111.9387 702386.1132 706019.9432 733041.6489 731073.5412 726155.0252 742490.0863 741526.8857 736122.8612 751519.8385 770662.7978 381811.6369 0 0 0 0 0 0 0 0 0 0 0 0 0 0 0 0 0 0 0 0 0 0 0 0 0 0 0 0 0 0 0 
0 0 0 0 0 0 0 0 0 0 0 0 0 0 0 0 0 0 0 0 0 0 0 0 0 0 0 0 0 0 0 391691.2817 774687.7892 767577.9371 748366.1626 736202.554 746425.3398 721550.4359 721098.2926 726197.896 714680.7808 709614.9546 706668.4003 699608.8847 700843.7479 694780.6203 698391.2032 689474.2114 687393.0224 681835.0155 695834.1646 691564.3866 684042.188 686236.4917 694020.5431 694016.2413 698437.4854 715082.548 726861.5708 707798.0357 720855.3457 737495.4014 744169.355 744236.7603 745686.4256 751256.9477 757201.9701 767658.6975 396128.2478 0 0 0 0 0 0 0 0 0 0 0 0 0 0 0 0 0 0 0 0 0 0 0 0 0 0 0 0 0 0 0 
0 0 0 0 0 0 0 0 0 0 0 0 0 0 0 0 0 0 0 0 0 0 0 0 0 0 0 0 0 0 0 396895.0278 781607.8298 750280.8014 762177.3966 767322.8126 760458.3102 738846.0581 731227.4743 727601.8107 723724.6611 715442.3425 716727.3257 716934.0168 713999.6303 703339.0665 685765.1323 697756.1651 689029.3051 691797.099 684485.0912 683744.7764 696156.3307 689789.3823 717029.2985 707456.6035 703063.8418 731027.031 720672.242 719508.2981 743602.2214 742957.0555 753607.5403 750135.4244 759779.6173 760465.1444 752913.6665 794539.9523 387831.578 0 0 0 0 0 0 0 0 0 0 0 0 0 0 0 0 0 0 0 0 0 0 0 0 0 0 0 0 0 0 0 
0 0 0 0 0 0 0 0 0 0 0 0 0 0 0 0 0 0 0 0 0 0 0 0 0 0 0 0 0 0 0 207266.5856 422968.7942 403313.305 403497.9472 412072.8197 403062.4817 397831.4565 400171.2564 388097.7437 384734.703 375265.1749 381570.2647 387012.6623 387616.5101 384397.6425 369212.1855 375762.8379 365871.234 378158.2385 375023.7973 378003.6139 369059.6705 362147.3651 383982.8987 374255.9624 375437.4171 382214.392 389283.0396 381588.1813 392934.3389 394493.8285 400098.0708 397155.6327 398295.2412 405691.9928 405308.0174 419538.7953 213133.456 0 0 0 0 0 0 0 0 0 0 0 0 0 0 0 0 0 0 0 0 0 0 0 0 0 0 0 0 0 0 0 
0 0 0 0 0 0 0 0 0 0 0 0 0 0 0 0 0 0 0 0 0 0 0 0 0 0 0 0 0 0 0 0 0 0 0 0 0 0 0 0 0 0 0 0 0 0 0 0 0 0 0 0 0 0 0 0 0 0 0 0 0 0 0 0 0 0 0 0 0 0 0 0 0 0 0 0 0 0 0 0 0 0 0 0 0 0 0 0 0 0 0 0 0 0 0 0 0 0 0 0 
0 0 0 0 0 0 0 0 0 0 0 0 0 0 0 0 0 0 0 0 0 0 0 0 0 0 0 0 0 0 0 0 0 0 0 0 0 0 0 0 0 0 0 0 0 0 0 0 0 0 0 0 0 0 0 0 0 0 0 0 0 0 0 0 0 0 0 0 0 0 0 0 0 0 0 0 0 0 0 0 0 0 0 0 0 0 0 0 0 0 0 0 0 0 0 0 0 0 0 0 
0 0 0 0 0 0 0 0 0 0 0 0 0 0 0 0 0 0 0 0 0 0 0 0 0 0 0 0 0 0 0 0 0 0 0 0 0 0 0 0 0 0 0 0 0 0 0 0 0 0 0 0 0 0 0 0 0 0 0 0 0 0 0 0 0 0 0 0 0 0 0 0 0 0 0 0 0 0 0 0 0 0 0 0 0 0 0 0 0 0 0 0 0 0 0 0 0 0 0 0 
0 0 0 0 0 0 0 0 0 0 0 0 0 0 0 0 0 0 0 0 0 0 0 0 0 0 0 0 0 0 0 0 0 0 0 0 0 0 0 0 0 0 0 0 0 0 0 0 0 0 0 0 0 0 0 0 0 0 0 0 0 0 0 0 0 0 0 0 0 0 0 0 0 0 0 0 0 0 0 0 0 0 0 0 0 0 0 0 0 0 0 0 0 0 0 0 0 0 0 0 
0 0 0 0 0 0 0 0 0 0 0 0 0 0 0 0 0 0 0 0 0 0 0 0 0 0 0 0 0 0 0 0 0 0 0 0 0 0 0 0 0 0 0 0 0 0 0 0 0 0 0 0 0 0 0 0 0 0 0 0 0 0 0 0 0 0 0 0 0 0 0 0 0 0 0 0 0 0 0 0 0 0 0 0 0 0 0 0 0 0 0 0 0 0 0 0 0 0 0 0 
0 0 0 0 0 0 0 0 0 0 0 0 0 0 0 0 0 0 0 0 0 0 0 0 0 0 0 0 0 0 0 0 0 0 0 0 0 0 0 0 0 0 0 0 0 0 0 0 0 0 0 0 0 0 0 0 0 0 0 0 0 0 0 0 0 0 0 0 0 0 0 0 0 0 0 0 0 0 0 0 0 0 0 0 0 0 0 0 0 0 0 0 0 0 0 0 0 0 0 0 
0 0 0 0 0 0 0 0 0 0 0 0 0 0 0 0 0 0 0 0 0 0 0 0 0 0 0 0 0 0 0 0 0 0 0 0 0 0 0 0 0 0 0 0 0 0 0 0 0 0 0 0 0 0 0 0 0 0 0 0 0 0 0 0 0 0 0 0 0 0 0 0 0 0 0 0 0 0 0 0 0 0 0 0 0 0 0 0 0 0 0 0 0 0 0 0 0 0 0 0 
0 0 0 0 0 0 0 0 0 0 0 0 0 0 0 0 0 0 0 0 0 0 0 0 0 0 0 0 0 0 0 0 0 0 0 0 0 0 0 0 0 0 0 0 0 0 0 0 0 0 0 0 0 0 0 0 0 0 0 0 0 0 0 0 0 0 0 0 0 0 0 0 0 0 0 0 0 0 0 0 0 0 0 0 0 0 0 0 0 0 0 0 0 0 0 0 0 0 0 0 
0 0 0 0 0 0 0 0 0 0 0 0 0 0 0 0 0 0 0 0 0 0 0 0 0 0 0 0 0 0 0 0 0 0 0 0 0 0 0 0 0 0 0 0 0 0 0 0 0 0 0 0 0 0 0 0 0 0 0 0 0 0 0 0 0 0 0 0 0 0 0 0 0 0 0 0 0 0 0 0 0 0 0 0 0 0 0 0 0 0 0 0 0 0 0 0 0 0 0 0 
0 0 0 0 0 0 0 0 0 0 0 0 0 0 0 0 0 0 0 0 0 0 0 0 0 0 0 0 0 0 0 0 0 0 0 0 0 0 0 0 0 0 0 0 0 0 0 0 0 0 0 0 0 0 0 0 0 0 0 0 0 0 0 0 0 0 0 0 0 0 0 0 0 0 0 0 0 0 0 0 0 0 0 0 0 0 0 0 0 0 0 0 0 0 0 0 0 0 0 0 
0 0 0 0 0 0 0 0 0 0 0 0 0 0 0 0 0 0 0 0 0 0 0 0 0 0 0 0 0 0 0 0 0 0 0 0 0 0 0 0 0 0 0 0 0 0 0 0 0 0 0 0 0 0 0 0 0 0 0 0 0 0 0 0 0 0 0 0 0 0 0 0 0 0 0 0 0 0 0 0 0 0 0 0 0 0 0 0 0 0 0 0 0 0 0 0 0 0 0 0 
0 0 0 0 0 0 0 0 0 0 0 0 0 0 0 0 0 0 0 0 0 0 0 0 0 0 0 0 0 0 0 0 0 0 0 0 0 0 0 0 0 0 0 0 0 0 0 0 0 0 0 0 0 0 0 0 0 0 0 0 0 0 0 0 0 0 0 0 0 0 0 0 0 0 0 0 0 0 0 0 0 0 0 0 0 0 0 0 0 0 0 0 0 0 0 0 0 0 0 0 
# Errors [EndOfInsertPSD/EndOfInsertPSD.dat] I_err:
0 0 0 0 0 0 0 0 0 0 0 0 0 0 0 0 0 0 0 0 0 0 0 0 0 0 0 0 0 0 0 0 0 0 0 0 0 0 0 0 0 0 0 0 0 0 0 0 0 0 0 0 0 0 0 0 0 0 0 0 0 0 0 0 0 0 0 0 0 0 0 0 0 0 0 0 0 0 0 0 0 0 0 0 0 0 0 0 0 0 0 0 0 0 0 0 0 0 0 0 
0 0 0 0 0 0 0 0 0 0 0 0 0 0 0 0 0 0 0 0 0 0 0 0 0 0 0 0 0 0 0 0 0 0 0 0 0 0 0 0 0 0 0 0 0 0 0 0 0 0 0 0 0 0 0 0 0 0 0 0 0 0 0 0 0 0 0 0 0 0 0 0 0 0 0 0 0 0 0 0 0 0 0 0 0 0 0 0 0 0 0 0 0 0 0 0 0 0 0 0 
0 0 0 0 0 0 0 0 0 0 0 0 0 0 0 0 0 0 0 0 0 0 0 0 0 0 0 0 0 0 0 0 0 0 0 0 0 0 0 0 0 0 0 0 0 0 0 0 0 0 0 0 0 0 0 0 0 0 0 0 0 0 0 0 0 0 0 0 0 0 0 0 0 0 0 0 0 0 0 0 0 0 0 0 0 0 0 0 0 0 0 0 0 0 0 0 0 0 0 0 
0 0 0 0 0 0 0 0 0 0 0 0 0 0 0 0 0 0 0 0 0 0 0 0 0 0 0 0 0 0 0 0 0 0 0 0 0 0 0 0 0 0 0 0 0 0 0 0 0 0 0 0 0 0 0 0 0 0 0 0 0 0 0 0 0 0 0 0 0 0 0 0 0 0 0 0 0 0 0 0 0 0 0 0 0 0 0 0 0 0 0 0 0 0 0 0 0 0 0 0 
0 0 0 0 0 0 0 0 0 0 0 0 0 0 0 0 0 0 0 0 0 0 0 0 0 0 0 0 0 0 0 0 0 0 0 0 0 0 0 0 0 0 0 0 0 0 0 0 0 0 0 0 0 0 0 0 0 0 0 0 0 0 0 0 0 0 0 0 0 0 0 0 0 0 0 0 0 0 0 0 0 0 0 0 0 0 0 0 0 0 0 0 0 0 0 0 0 0 0 0 
0 0 0 0 0 0 0 0 0 0 0 0 0 0 0 0 0 0 0 0 0 0 0 0 0 0 0 0 0 0 0 0 0 0 0 0 0 0 0 0 0 0 0 0 0 0 0 0 0 0 0 0 0 0 0 0 0 0 0 0 0 0 0 0 0 0 0 0 0 0 0 0 0 0 0 0 0 0 0 0 0 0 0 0 0 0 0 0 0 0 0 0 0 0 0 0 0 0 0 0 
0 0 0 0 0 0 0 0 0 0 0 0 0 0 0 0 0 0 0 0 0 0 0 0 0 0 0 0 0 0 0 0 0 0 0 0 0 0 0 0 0 0 0 0 0 0 0 0 0 0 0 0 0 0 0 0 0 0 0 0 0 0 0 0 0 0 0 0 0 0 0 0 0 0 0 0 0 0 0 0 0 0 0 0 0 0 0 0 0 0 0 0 0 0 0 0 0 0 0 0 
0 0 0 0 0 0 0 0 0 0 0 0 0 0 0 0 0 0 0 0 0 0 0 0 0 0 0 0 0 0 0 0 0 0 0 0 0 0 0 0 0 0 0 0 0 0 0 0 0 0 0 0 0 0 0 0 0 0 0 0 0 0 0 0 0 0 0 0 0 0 0 0 0 0 0 0 0 0 0 0 0 0 0 0 0 0 0 0 0 0 0 0 0 0 0 0 0 0 0 0 
0 0 0 0 0 0 0 0 0 0 0 0 0 0 0 0 0 0 0 0 0 0 0 0 0 0 0 0 0 0 0 0 0 0 0 0 0 0 0 0 0 0 0 0 0 0 0 0 0 0 0 0 0 0 0 0 0 0 0 0 0 0 0 0 0 0 0 0 0 0 0 0 0 0 0 0 0 0 0 0 0 0 0 0 0 0 0 0 0 0 0 0 0 0 0 0 0 0 0 0 
0 0 0 0 0 0 0 0 0 0 0 0 0 0 0 0 0 0 0 0 0 0 0 0 0 0 0 0 0 0 0 0 0 0 0 0 0 0 0 0 0 0 0 0 0 0 0 0 0 0 0 0 0 0 0 0 0 0 0 0 0 0 0 0 0 0 0 0 0 0 0 0 0 0 0 0 0 0 0 0 0 0 0 0 0 0 0 0 0 0 0 0 0 0 0 0 0 0 0 0 
0 0 0 0 0 0 0 0 0 0 0 0 0 0 0 0 0 0 0 0 0 0 0 0 0 0 0 0 0 0 0 0 0 0 0 0 0 0 0 0 0 0 0 0 0 0 0 0 0 0 0 0 0 0 0 0 0 0 0 0 0 0 0 0 0 0 0 0 0 0 0 0 0 0 0 0 0 0 0 0 0 0 0 0 0 0 0 0 0 0 0 0 0 0 0 0 0 0 0 0 
0 0 0 0 0 0 0 0 0 0 0 0 0 0 0 0 0 0 0 0 0 0 0 0 0 0 0 0 0 0 0 0 0 0 0 0 0 0 0 0 0 0 0 0 0 0 0 0 0 0 0 0 0 0 0 0 0 0 0 0 0 0 0 0 0 0 0 0 0 0 0 0 0 0 0 0 0 0 0 0 0 0 0 0 0 0 0 0 0 0 0 0 0 0 0 0 0 0 0 0 
0 0 0 0 0 0 0 0 0 0 0 0 0 0 0 0 0 0 0 0 0 0 0 0 0 0 0 0 0 0 0 3785.059529 5313.885281 5238.022263 5184.922573 5204.924647 5151.127967 5108.136847 5063.356542 5015.731926 4943.510885 5023.235469 4945.384651 4890.245247 4872.734814 4874.709638 4876.966654 4844.357329 4853.997495 4829.186633 4830.177993 4903.223264 4841.198026 4873.150636 4898.193598 4899.913024 4874.095355 4966.721939 5012.749106 4971.450791 5044.829271 5074.67669 5147.993344 5116.858069 5192.129229 5245.750837 5232.382037 5356.42807 3755.77691 0 0 0 0 0 0 0 0 0 0 0 0 0 0 0 0 0 0 0 0 0 0 0 0 0 0 0 0 0 0 0 
0 0 0 0 0 0 0 0 0 0 0 0 0 0 0 0 0 0 0 0 0 0 0 0 0 0 0 0 0 0 0 5075.572527 7213.86809 7184.273511 7115.097088 7090.364849 7039.429432 6981.050735 7021.400094 6875.251287 6828.703053 6783.27266 6749.02486 6722.642334 6666.438126 6647.838914 6632.746953 6640.932598 6574.802729 6610.493204 6569.604934 6590.376088 6685.61734 6632.716962 6653.836788 6691.892662 6709.56262 6742.503862 6813.986677 6843.062656 6947.906169 6958.505831 6963.219927 7119.702986 7091.4796 7090.735801 7184.816344 7154.182299 5123.861309 0 0 0 0 0 0 0 0 0 0 0 0 0 0 0 0 0 0 0 0 0 0 0 0 0 0 0 0 0 0 0 
0 0 0 0 0 0 0 0 0 0 0 0 0 0 0 0 0 0 0 0 0 0 0 0 0 0 0 0 0 0 0 5119.792022 7128.850897 7104.79776 7103.412422 7077.422425 7008.681533 6994.622844 6925.878629 6874.802165 6858.055171 6788.250957 6722.324299 6756.719691 6588.633737 6590.157429 6605.315666 6607.201437 6519.794895 6640.786378 6604.982101 6602.667692 6558.645437 6568.104596 6608.240214 6637.178534 6689.881036 6703.761384 6754.373966 6833.972204 6870.871943 6997.536385 6943.409425 6997.854506 7054.884381 7116.135659 7124.581955 7162.115967 5086.566634 0 0 0 0 0 0 0 0 0 0 0 0 0 0 0 0 0 0 0 0 0 0 0 0 0 0 0 0 0 0 0 
0 0 0 0 0 0 0 0 0 0 0 0 0 0 0 0 0 0 0 0 0 0 0 0 0 0 0 0 0 0 0 4994.45066 7135.265456 7095.635058 7067.332923 6980.048664 6949.102152 6947.629434 6832.887748 6820.035331 6768.213122 6733.664862 6684.955645 6683.116776 6622.715743 6627.576445 6566.660872 6549.740429 6502.658558 6524.785223 6511.401544 6550.508637 6629.595966 6499.570115 6581.30072 6534.533894 6607.527926 6709.633519 6799.923073 6769.252757 6858.88155 6887.267836 6952.310698 7016.471012 6950.347908 7036.99583 7070.203695 7150.706718 5079.378736 0 0 0 0 0 0 0 0 0 0 0 0 0 0 0 0 0 0 0 0 0 0 0 0 0 0 0 0 0 0 0 
0 0 0 0 0 0 0 0 0 0 0 0 0 0 0 0 0 0 0 0 0 0 0 0 0 0 0 0 0 0 0 5093.950646 7071.407276 7032.805235 6976.169924 6962.60509 6851.062478 6836.407672 6796.422925 6686.627229 6710.233252 6629.056581 6611.402719 6570.669233 6521.597705 6463.476973 6521.957571 6542.605989 6455.215642 6469.802767 6520.356327 6544.433633 6438.169846 6551.579421 6552.823882 6546.124439 6565.584536 6610.718874 6662.052398 6673.690348 6746.163002 6840.659743 6865.372687 6960.608765 6995.036958 6988.804388 7035.841118 7131.47003 5093.441196 0 0 0 0 0 0 0 0 0 0 0 0 0 0 0 0 0 0 0 0 0 0 0 0 0 0 0 0 0 0 0 
0 0 0 0 0 0 0 0 0 0 0 0 0 0 0 0 0 0 0 0 0 0 0 0 0 0 0 0 0 0 0 5014.747642 7009.564897 6974.805303 6966.315243 6961.847637 6885.722568 6796.483539 6798.185467 6743.199734 6623.513933 6637.357191 6560.436248 6513.973704 6484.312892 6502.927403 6471.040615 6486.062864 6497.994421 6488.75542 6433.714864 6437.565121 6476.207404 6424.679708 6496.655406 6576.540676 6551.188521 6629.094692 6650.129218 6662.784491 6740.90862 6765.202164 6854.965213 6910.250867 6947.949972 6986.449379 6997.14713 7052.795871 5049.527574 0 0 0 0 0 0 0 0 0 0 0 0 0 0 0 0 0 0 0 0 0 0 0 0 0 0 0 0 0 0 0 
0 0 0 0 0 0 0 0 0 0 0 0 0 0 0 0 0 0 0 0 0 0 0 0 0 0 0 0 0 0 0 4973.585263 7034.298835 6916.995014 6977.028875 6926.293338 6845.971484 6756.523566 6718.623042 6658.380908 6595.836506 6662.601768 6561.654594 6524.985514 6455.407942 6471.499871 6446.291653 6408.933277 6446.028766 6404.094204 6348.432621 6342.552635 6440.608155 6465.107834 6459.18758 6476.157234 6570.794979 6537.776726 6581.68798 6627.260119 6677.679328 6782.591602 6792.012941 6793.862605 6874.649557 6880.566472 6891.263602 7041.976079 4890.707039 0 0 0 0 0 0 0 0 0 0 0 0 0 0 0 0 0 0 0 0 0 0 0 0 0 0 0 0 0 0 0 
0 0 0 0 0 0 0 0 0 0 0 0 0 0 0 0 0 0 0 0 0 0 0 0 0 0 0 0 0 0 0 4898.713302 6983.843372 6858.736562 6832.72989 6802.473474 6764.562916 6749.629088 6671.419476 6595.927902 6580.998754 6572.232258 6450.296893 6486.137055 6437.268907 6375.891807 6363.269193 6342.487029 6311.468415 6317.590938 6350.895476 6331.739297 6316.421252 6389.776584 6404.820369 6453.741648 6402.601261 6460.974683 6556.343236 6541.803067 6651.790355 6730.776742 6738.492219 6781.468011 6859.693134 6831.429285 6801.629792 6986.778472 4940.779962 0 0 0 0 0 0 0 0 0 0 0 0 0 0 0 0 0 0 0 0 0 0 0 0 0 0 0 0 0 0 0 
0 0 0 0 0 0 0 0 0 0 0 0 0 0 0 0 0 0 0 0 0 0 0 0 0 0 0 0 0 0 0 4853.678016 6919.226077 6837.044682 6826.797234 6773.926388 6741.412615 6700.155357 6689.290342 6563.588599 6541.37101 6509.420224 6439.592643 6415.138106 6375.090369 6295.996126 6391.865774 6324.58352 6262.340712 6306.241144 6271.983024 6300.52069 6327.11291 6351.113551 6356.287349 6392.889405 6438.279834 6457.399635 6477.020702 6528.151903 6547.079576 6632.519854 6763.574076 6766.961447 6836.440787 6775.628729 6825.398872 6922.426713 4936.421652 0 0 0 0 0 0 0 0 0 0 0 0 0 0 0 0 0 0 0 0 0 0 0 0 0 0 0 0 0 0 0 
0 0 0 0 0 0 0 0 0 0 0 0 0 0 0 0 0 0 0 0 0 0 0 0 0 0 0 0 0 0 0 4862.01389 6843.451453 6767.650831 6792.170479 6777.347713 6687.390838 6611.700698 6598.922216 6544.509365 6445.372001 6460.960398 6367.640046 6322.193886 6309.103816 6247.276386 6331.294457 6292.613095 6213.525412 6255.980703 6270.649706 6253.176143 6248.439527 6296.652549 6318.033875 6354.894126 6304.277111 6453.803196 6420.433385 6529.830319 6518.851069 6555.281112 6670.16623 6642.566432 6672.84865 6753.314702 6734.7778 6931.098409 4839.228176 0 0 0 0 0 0 0 0 0 0 0 0 0 0 0 0 0 0 0 0 0 0 0 0 0 0 0 0 0 0 0 
0 0 0 0 0 0 0 0 0 0 0 0 0 0 0 0 0 0 0 0 0 0 0 0 0 0 0 0 0 0 0 4844.18548 6761.282248 6669.466714 6719.901462 6594.814533 6612.482024 6564.180285 6533.484447 6472.619674 6360.10813 6417.91567 6326.767816 6348.681134 6277.414579 6215.379056 6271.636859 6269.179403 6276.45841 6188.631926 6196.549055 6173.251126 6192.941347 6219.32289 6324.36466 6263.301599 6354.805313 6351.345191 6413.472466 6380.568108 6511.330609 6539.223841 6621.191656 6597.53797 6728.764711 6661.348722 6761.979208 6805.717294 4867.449549 0 0 0 0 0 0 0 0 0 0 0 0 0 0 0 0 0 0 0 0 0 0 0 0 0 0 0 0 0 0 0 
0 0 0 0 0 0 0 0 0 0 0 0 0 0 0 0 0 0 0 0 0 0 0 0 0 0 0 0 0 0 0 4868.470866 6770.10516 6631.933142 6640.358371 6686.13059 6562.536104 6560.924593 6430.367359 6384.87359 6344.729122 6390.645116 6271.371931 6255.469002 6247.524972 6200.058981 6187.28915 6144.164473 6154.23839 6162.393221 6161.283893 6217.835792 6200.996794 6192.077962 6189.939943 6214.889384 6266.769543 6270.112979 6357.246345 6351.198898 6473.218352 6468.924194 6497.880783 6553.49866 6565.299579 6679.157402 6662.280918 6794.112742 4808.450219 0 0 0 0 0 0 0 0 0 0 0 0 0 0 0 0 0 0 0 0 0 0 0 0 0 0 0 0 0 0 0 
0 0 0 0 0 0 0 0 0 0 0 0 0 0 0 0 0 0 0 0 0 0 0 0 0 0 0 0 0 0 0 4760.169402 6677.226418 6616.923559 6649.659916 6583.83663 6586.013222 6486.856832 6422.086619 6397.032525 6348.607816 6288.084781 6271.520573 6209.130621 6219.357694 6181.577408 6212.871435 6141.656605 6134.822361 6128.279677 6027.903177 6148.83308 6085.654223 6117.683256 6154.87782 6166.231139 6234.037652 6273.141287 6268.224264 6376.199103 6435.82225 6437.187109 6469.162886 6503.600924 6559.990553 6612.258699 6690.483836 6778.622424 4691.700524 0 0 0 0 0 0 0 0 0 0 0 0 0 0 0 0 0 0 0 0 0 0 0 0 0 0 0 0 0 0 0 
0 0 0 0 0 0 0 0 0 0 0 0 0 0 0 0 0 0 0 0 0 0 0 0 0 0 0 0 0 0 0 4670.961418 6660.838452 6612.931539 6522.202411 6564.458343 6487.833119 6450.378066 6361.71079 6364.473969 6284.689867 6277.335388 6243.15845 6189.627785 6136.01616 6141.479393 6178.100667 6115.157011 6102.091131 6063.36102 6084.033379 6093.835989 6133.081236 6184.194408 6145.145927 6188.211525 6183.668013 6242.272567 6248.470383 6302.915216 6350.07551 6406.107364 6395.063254 6545.008368 6532.110994 6518.967718 6598.021514 6668.211797 4703.549153 0 0 0 0 0 0 0 0 0 0 0 0 0 0 0 0 0 0 0 0 0 0 0 0 0 0 0 0 0 0 0 
0 0 0 0 0 0 0 0 0 0 0 0 0 0 0 0 0 0 0 0 0 0 0 0 0 0 0 0 0 0 0 4738.702537 6582.303726 6524.368607 6528.116894 6432.471235 6457.165188 6480.489135 6351.748159 6328.491236 6282.034762 6309.930246 6216.207054 6188.701295 6134.627422 6102.759653 6098.256879 6123.587846 6061.111993 6087.50156 6056.968741 5997.689748 6011.543621 6072.155925 6088.734795 6152.134011 6110.064478 6197.904183 6239.640077 6300.061318 6322.867857 6337.658434 6384.38325 6403.279736 6537.290241 6474.360335 6555.713001 6646.265885 4714.044765 0 0 0 0 0 0 0 0 0 0 0 0 0 0 0 0 0 0 0 0 0 0 0 0 0 0 0 0 0 0 0 
0 0 0 0 0 0 0 0 0 0 0 0 0 0 0 0 0 0 0 0 0 0 0 0 0 0 0 0 0 0 0 4655.217772 6581.358817 6463.628218 6556.985506 6477.566199 6437.928706 6404.725405 6313.914409 6257.499809 6173.102368 6196.83199 6178.424274 6079.248612 6093.258347 6039.510379 6020.199092 6048.097674 6024.370954 6039.184282 6053.311787 6045.019605 6047.64347 6095.31146 6093.619194 6115.93297 6137.183328 6128.638444 6165.320442 6211.111321 6319.706143 6377.14875 6360.279615 6479.79661 6501.80437 6525.681717 6515.209343 6547.520505 4727.252228 0 0 0 0 0 0 0 0 0 0 0 0 0 0 0 0 0 0 0 0 0 0 0 0 0 0 0 0 0 0 0 
0 0 0 0 0 0 0 0 0 0 0 0 0 0 0 0 0 0 0 0 0 0 0 0 0 0 0 0 0 0 0 4642.686752 6534.195502 6478.654833 6510.158754 6401.955736 6391.334428 6334.516423 6356.860199 6254.363702 6271.467191 6163.517325 6087.983542 6117.39981 6125.039516 6030.116382 5980.071078 5955.763428 6005.016647 6005.641848 5989.944992 5965.543028 5966.956447 6005.137549 6046.930577 6103.458858 6057.746381 6193.026621 6187.37199 6258.110279 6253.238692 6368.224508 6325.41565 6442.367897 6366.432973 6450.171285 6615.080365 6536.126573 4692.574484 0 0 0 0 0 0 0 0 0 0 0 0 0 0 0 0 0 0 0 0 0 0 0 0 0 0 0 0 0 0 0 
0 0 0 0 0 0 0 0 0 0 0 0 0 0 0 0 0 0 0 0 0 0 0 0 0 0 0 0 0 0 0 4603.210676 6519.165286 6431.556015 6444.974323 6421.121586 6382.038103 6328.663813 6258.904665 6259.835156 6203.280703 6164.662537 6172.28235 6095.48393 5995.184633 6057.191941 6032.936841 5994.770764 5976.869797 5972.001205 5956.40848 6031.929168 5944.735536 6010.780461 6043.746357 6048.533552 6104.909574 6148.459635 6173.38235 6184.478997 6214.606887 6313.338459 6355.192452 6400.139959 6430.519931 6475.424695 6557.780125 6604.502976 4666.831762 0 0 0 0 0 0 0 0 0 0 0 0 0 0 0 0 0 0 0 0 0 0 0 0 0 0 0 0 0 0 0 
0 0 0 0 0 0 0 0 0 0 0 0 0 0 0 0 0 0 0 0 0 0 0 0 0 0 0 0 0 0 0 4633.673783 6497.622287 6440.104809 6393.716444 6351.719078 6359.528658 6319.777535 6245.838123 6263.445684 6147.416305 6104.22521 6080.653886 6036.870657 6028.218273 5969.940204 5992.708017 5953.850721 5964.325787 5969.555857 5988.15949 5973.201429 5971.097584 5957.005997 5978.696569 6015.04883 6086.27166 6085.821154 6137.211164 6163.397112 6237.75844 6280.291816 6318.244233 6283.172145 6425.766705 6478.749521 6425.419263 6545.686815 4637.347048 0 0 0 0 0 0 0 0 0 0 0 0 0 0 0 0 0 0 0 0 0 0 0 0 0 0 0 0 0 0 0 
0 0 0 0 0 0 0 0 0 0 0 0 0 0 0 0 0 0 0 0 0 0 0 0 0 0 0 0 0 0 0 4646.26856 6448.029461 6419.106366 6376.107626 6381.630375 6384.988672 6303.005541 6220.585559 6223.409532 6134.675223 6126.429726 6082.049133 6053.413919 5968.615561 6014.468339 5905.971805 6026.375282 5960.292701 5905.625258 5950.292896 5992.692865 5921.884612 5981.343598 6034.947069 6032.143664 6058.66377 6108.764491 6115.792518 6190.966629 6234.496356 6256.459902 6300.814454 6298.045643 6387.764 6416.408172 6397.811775 6498.193796 4584.10198 0 0 0 0 0 0 0 0 0 0 0 0 0 0 0 0 0 0 0 0 0 0 0 0 0 0 0 0 0 0 0 
0 0 0 0 0 0 0 0 0 0 0 0 0 0 0 0 0 0 0 0 0 0 0 0 0 0 0 0 0 0 0 4577.1372 6493.547571 6385.713514 6347.603173 6324.54833 6326.783805 6287.492071 6216.393595 6263.508217 6135.279062 6093.214406 5995.917806 5981.880609 5967.278093 5938.60465 5939.733882 5909.536187 5951.019701 5953.606024 5932.119517 5949.860523 5939.536959 5960.896809 5918.346902 5995.038462 6029.724253 6088.349174 6067.187884 6137.312661 6158.071789 6299.428677 6288.328083 6348.359415 6339.897151 6375.757408 6435.368591 6477.007898 4609.248403 0 0 0 0 0 0 0 0 0 0 0 0 0 0 0 0 0 0 0 0 0 0 0 0 0 0 0 0 0 0 0 
0 0 0 0 0 0 0 0 0 0 0 0 0 0 0 0 0 0 0 0 0 0 0 0 0 0 0 0 0 0 0 4563.466232 6425.358114 6379.90515 6350.492682 6338.177374 6287.573213 6234.856243 6180.337605 6206.856557 6104.37191 6059.964541 6002.138777 5992.863515 5955.122216 5910.275531 5954.021344 5934.962072 5879.422613 5870.515567 5877.58907 5906.666562 5909.486554 5872.038739 5963.792589 5970.857609 5990.882915 6031.139354 6075.254932 6120.166843 6076.386755 6238.811625 6252.564047 6261.829357 6288.663904 6317.322821 6361.399299 6474.842323 4652.375852 0 0 0 0 0 0 0 0 0 0 0 0 0 0 0 0 0 0 0 0 0 0 0 0 0 0 0 0 0 0 0 
0 0 0 0 0 0 0 0 0 0 0 0 0 0 0 0 0 0 0 0 0 0 0 0 0 0 0 0 0 0 0 4558.959109 6417.786955 6343.688165 6370.801601 6300.375543 6324.736421 6260.191835 6176.287826 6065.45033 6117.124921 6045.293993 5973.918944 5948.918402 5900.373777 5897.818453 5929.792408 5894.736946 5848.394854 5917.499023 5909.324033 5892.896985 5901.425422 5925.217032 5859.291605 5917.254897 5945.98577 5973.026261 6110.762175 6074.877742 6165.705202 6145.123998 6201.444728 6271.855974 6301.837928 6375.239057 6362.32746 6479.168414 4573.456155 0 0 0 0 0 0 0 0 0 0 0 0 0 0 0 0 0 0 0 0 0 0 0 0 0 0 0 0 0 0 0 
0 0 0 0 0 0 0 0 0 0 0 0 0 0 0 0 0 0 0 0 0 0 0 0 0 0 0 0 0 0 0 4524.561212 6384.213438 6345.32773 6290.649488 6231.509738 6247.232292 6201.864638 6138.028027 6017.675162 6052.737115 5987.820096 5974.741084 5879.457901 5881.845425 5917.13405 5887.06925 5898.907911 5872.545542 5889.593431 5827.500475 5864.40914 5888.111976 5893.623124 5861.895611 5897.454749 5980.497098 5982.913019 6019.146209 6020.742879 6111.187295 6100.055776 6168.875628 6223.811485 6235.715477 6286.55959 6375.90316 6408.867911 4564.961517 0 0 0 0 0 0 0 0 0 0 0 0 0 0 0 0 0 0 0 0 0 0 0 0 0 0 0 0 0 0 0 
0 0 0 0 0 0 0 0 0 0 0 0 0 0 0 0 0 0 0 0 0 0 0 0 0 0 0 0 0 0 0 4507.982071 6366.453238 6350.740875 6251.50718 6235.607546 6228.891322 6157.557709 6082.54001 6080.920639 6010.66293 6045.025678 6034.585353 5964.490088 5866.08994 5853.10528 5825.172722 5886.589892 5845.847481 5831.543572 5796.16331 5791.099236 5851.259453 5812.941802 5871.336196 5879.766299 5924.165469 5922.474716 6027.539646 6055.800245 6059.077567 6188.949709 6197.111733 6231.457299 6237.001371 6245.438163 6353.394558 6385.03963 4576.456432 0 0 0 0 0 0 0 0 0 0 0 0 0 0 0 0 0 0 0 0 0 0 0 0 0 0 0 0 0 0 0 
0 0 0 0 0 0 0 0 0 0 0 0 0 0 0 0 0 0 0 0 0 0 0 0 0 0 0 0 0 0 0 4506.967827 6312.015849 6282.362567 6271.098496 6325.020015 6166.047245 6156.879525 6134.140477 6090.596508 6042.21885 6030.762471 5937.95817 5907.011329 5941.837594 5839.860792 5823.661532 5872.034434 5782.15212 5798.117726 5813.685155 5817.320901 5810.55737 5801.188045 5905.951202 5852.612896 5828.873367 5975.458764 5943.217196 6030.134904 6054.973013 6141.404872 6200.240116 6180.110136 6299.033562 6318.547178 6241.745718 6334.101371 4501.951072 0 0 0 0 0 0 0 0 0 0 0 0 0 0 0 0 0 0 0 0 0 0 0 0 0 0 0 0 0 0 0 
0 0 0 0 0 0 0 0 0 0 0 0 0 0 0 0 0 0 0 0 0 0 0 0 0 0 0 0 0 0 0 4484.247385 6390.50764 6320.038334 6260.005932 6207.103117 6152.040526 6214.548524 6060.514656 6093.836384 6077.953565 5947.74852 5960.160791 5834.346762 5944.722615 5853.346007 5850.521534 5833.639309 5809.854073 5756.937522 5861.812529 5805.121742 5841.69268 5875.031238 5839.047251 5972.035513 5908.831223 6016.278869 5992.818323 5978.781837 6020.403486 6105.254827 6168.863491 6144.720483 6177.556545 6220.662973 6261.826909 6409.371135 4578.77843 0 0 0 0 0 0 0 0 0 0 0 0 0 0 0 0 0 0 0 0 0 0 0 0 0 0 0 0 0 0 0 
0 0 0 0 0 0 0 0 0 0 0 0 0 0 0 0 0 0 0 0 0 0 0 0 0 0 0 0 0 0 0 4534.542952 6347.450269 6304.398105 6243.985471 6264.711799 6236.357738 6182.963318 6135.4058 6062.58681 6013.877396 5973.290841 5924.375643 5883.205315 5879.004136 5877.258919 5878.893236 5876.140048 5791.838683 5823.731897 5798.616248 5857.802804 5831.472099 5862.652703 5823.754015 5876.754803 5900.085984 5946.3545 5961.338247 6032.795691 5996.391409 6081.343454 6190.954344 6216.831438 6268.045 6281.134462 6331.790137 6348.070108 4521.080758 0 0 0 0 0 0 0 0 0 0 0 0 0 0 0 0 0 0 0 0 0 0 0 0 0 0 0 0 0 0 0 
0 0 0 0 0 0 0 0 0 0 0 0 0 0 0 0 0 0 0 0 0 0 0 0 0 0 0 0 0 0 0 4537.669435 6352.264508 6259.217648 6247.15495 6145.934691 6205.458166 6154.08638 6055.630262 6106.67278 6003.878446 5983.574185 5903.754716 5910.528215 5902.086728 5836.769867 5844.235284 5825.090532 5796.879803 5819.264394 5836.527772 5837.995779 5845.056007 5866.99472 5860.364928 5894.706083 5884.509609 5955.741529 5999.943555 5948.361509 6036.099714 6133.080845 6182.734027 6212.430807 6214.035373 6239.065119 6304.28632 6365.786359 4464.202186 0 0 0 0 0 0 0 0 0 0 0 0 0 0 0 0 0 0 0 0 0 0 0 0 0 0 0 0 0 0 0 
0 0 0 0 0 0 0 0 0 0 0 0 0 0 0 0 0 0 0 0 0 0 0 0 0 0 0 0 0 0 0 4569.872864 6349.177645 6272.217521 6205.277064 6250.209976 6186.043932 6116.617813 6094.918296 6036.724607 5969.926566 5979.775772 5974.721324 5880.186592 5837.685238 5821.285105 5766.441568 5853.979748 5790.664269 5751.784044 5800.601287 5833.963952 5835.005401 5797.762859 5751.877548 5925.069619 5912.967554 5911.578303 5955.481252 5984.841381 6042.23885 6102.956098 6115.27326 6209.469916 6280.98206 6270.333311 6284.850239 6341.445989 4514.443936 0 0 0 0 0 0 0 0 0 0 0 0 0 0 0 0 0 0 0 0 0 0 0 0 0 0 0 0 0 0 0 
0 0 0 0 0 0 0 0 0 0 0 0 0 0 0 0 0 0 0 0 0 0 0 0 0 0 0 0 0 0 0 4510.645379 6294.122179 6222.290968 6265.16582 6253.904689 6243.154601 6081.133167 6102.392337 5983.950285 6001.594676 5994.884815 5911.086582 5837.913923 5867.155957 5850.978476 5784.721776 5781.991287 5736.417208 5815.177903 5751.620971 5799.924274 5847.1025 5856.475863 5765.084766 5797.986748 5893.743046 5899.48395 5972.035817 5967.342203 6009.476574 6094.715991 6163.015442 6227.901938 6240.248378 6224.491415 6263.929478 6296.5579 4454.631075 0 0 0 0 0 0 0 0 0 0 0 0 0 0 0 0 0 0 0 0 0 0 0 0 0 0 0 0 0 0 0 
0 0 0 0 0 0 0 0 0 0 0 0 0 0 0 0 0 0 0 0 0 0 0 0 0 0 0 0 0 0 0 4453.263613 6351.186728 6173.784852 6176.75762 6177.684517 6184.053239 6116.983168 6095.023807 5961.293005 5983.308268 5882.394521 5873.449342 5902.204665 5828.029313 5795.217437 5752.02987 5778.025744 5763.082388 5751.796266 5759.139503 5741.806614 5741.703872 5798.080223 5819.169153 5797.852127 5851.325562 5892.515106 5899.450493 5974.194299 5977.204919 5994.308678 6079.482795 6097.674444 6083.948103 6194.036852 6246.521601 6321.552069 4444.430271 0 0 0 0 0 0 0 0 0 0 0 0 0 0 0 0 0 0 0 0 0 0 0 0 0 0 0 0 0 0 0 
0 0 0 0 0 0 0 0 0 0 0 0 0 0 0 0 0 0 0 0 0 0 0 0 0 0 0 0 0 0 0 4482.424592 6255.375622 6205.883174 6132.053779 6160.298124 6074.278062 6000.747015 6000.714938 5919.215134 5914.989679 5827.255075 5898.320241 5826.892555 5761.112222 5732.116778 5739.94161 5725.205979 5720.933318 5671.223853 5688.897999 5731.77264 5688.453887 5725.757294 5792.02313 5755.966803 5818.894846 5901.564296 5904.031649 5926.46489 5974.375378 5947.54633 6067.190871 6065.612345 6098.616827 6107.47358 6187.945165 6240.718725 4468.22212 0 0 0 0 0 0 0 0 0 0 0 0 0 0 0 0 0 0 0 0 0 0 0 0 0 0 0 0 0 0 0 
0 0 0 0 0 0 0 0 0 0 0 0 0 0 0 0 0 0 0 0 0 0 0 0 0 0 0 0 0 0 0 4405.97283 6230.399727 6180.538981 6163.360876 6108.022274 6105.470017 5967.239335 5968.0024 5942.379436 5864.597054 5815.124497 5790.417587 5743.043789 5798.601031 5744.018524 5681.601962 5669.280748 5685.270685 5669.670576 5676.259274 5669.505687 5685.241732 5693.903412 5723.671089 5716.549713 5706.588976 5815.879003 5837.283009 5855.072719 5928.151874 5978.466096 5995.909551 6093.922688 6051.251698 6148.651163 6148.520229 6199.809062 4383.323439 0 0 0 0 0 0 0 0 0 0 0 0 0 0 0 0 0 0 0 0 0 0 0 0 0 0 0 0 0 0 0 
0 0 0 0 0 0 0 0 0 0 0 0 0 0 0 0 0 0 0 0 0 0 0 0 0 0 0 0 0 0 0 4400.605133 6192.503987 6026.636943 6077.373971 6049.934521 6023.710421 5984.431147 5899.230516 5950.169051 5797.049252 5826.376852 5802.168292 5746.075773 5749.719981 5665.155073 5680.048512 5626.986959 5681.064733 5643.485928 5635.332595 5643.032 5627.439751 5690.479784 5673.826491 5692.827973 5795.346517 5814.315122 5830.382114 5826.759208 5890.643727 5874.202988 5917.669428 6036.973985 6025.485277 6012.235539 6084.927263 6125.410495 4363.420803 0 0 0 0 0 0 0 0 0 0 0 0 0 0 0 0 0 0 0 0 0 0 0 0 0 0 0 0 0 0 0 
0 0 0 0 0 0 0 0 0 0 0 0 0 0 0 0 0 0 0 0 0 0 0 0 0 0 0 0 0 0 0 4368.67369 6174.580655 6098.662546 6013.690485 6024.129422 6009.399537 5919.767783 5857.941844 5896.395569 5805.675401 5764.410772 5739.0158 5780.484629 5664.046124 5707.488955 5676.480547 5622.311995 5551.829511 5637.999222 5608.995695 5580.623121 5643.539508 5621.603801 5635.375506 5649.299574 5740.432975 5725.272751 5795.631318 5853.899664 5847.057979 5869.355687 5986.652156 6022.299259 6079.332093 6012.060574 6043.677801 6106.918796 4328.532647 0 0 0 0 0 0 0 0 0 0 0 0 0 0 0 0 0 0 0 0 0 0 0 0 0 0 0 0 0 0 0 
0 0 0 0 0 0 0 0 0 0 0 0 0 0 0 0 0 0 0 0 0 0 0 0 0 0 0 0 0 0 0 4385.241544 6109.065795 6033.08625 6071.504365 5978.015384 5880.150715 5853.302488 5899.382891 5819.510425 5790.523598 5759.649214 5682.94432 5697.457383 5688.511594 5666.854678 5607.097059 5628.070168 5589.039433 5552.586189 5571.783697 5587.864029 5603.430411 5530.789388 5641.819515 5674.752107 5621.045752 5726.824797 5748.068112 5757.508188 5825.718352 5888.2952 6000.700311 5968.471968 5951.055188 6018.343132 6029.218099 6075.606662 4342.625766 0 0 0 0 0 0 0 0 0 0 0 0 0 0 0 0 0 0 0 0 0 0 0 0 0 0 0 0 0 0 0 
0 0 0 0 0 0 0 0 0 0 0 0 0 0 0 0 0 0 0 0 0 0 0 0 0 0 0 0 0 0 0 4299.10925 6071.421735 6090.698261 6005.379463 5982.415011 5946.601429 5912.707475 5828.038617 5840.938358 5741.670286 5759.254016 5725.514187 5661.583413 5643.891482 5621.852245 5600.750731 5562.482149 5553.815682 5585.036642 5529.780394 5567.858053 5551.712493 5614.792386 5622.853322 5626.243195 5631.764335 5676.986784 5744.481121 5787.416426 5859.411844 5834.041635 5896.710055 5976.239613 6024.739388 5973.472925 6048.42699 6077.065389 4305.959493 0 0 0 0 0 0 0 0 0 0 0 0 0 0 0 0 0 0 0 0 0 0 0 0 0 0 0 0 0 0 0 
0 0 0 0 0 0 0 0 0 0 0 0 0 0 0 0 0 0 0 0 0 0 0 0 0 0 0 0 0 0 0 4321.396872 6114.405647 6032.794889 6036.695012 5975.63188 5957.676927 5866.229338 5861.864857 5756.27559 5795.529478 5711.10248 5674.851195 5696.861133 5639.43301 5623.62538 5518.095241 5594.294117 5542.249596 5633.873992 5611.840612 5613.857719 5588.684735 5596.196675 5570.495972 5650.191648 5644.462133 5686.441186 5757.100145 5791.037175 5733.341003 5868.896142 5911.305869 5912.470904 6017.848247 6057.178111 6039.240048 6047.069541 4364.866757 0 0 0 0 0 0 0 0 0 0 0 0 0 0 0 0 0 0 0 0 0 0 0 0 0 0 0 0 0 0 0 
0 0 0 0 0 0 0 0 0 0 0 0 0 0 0 0 0 0 0 0 0 0 0 0 0 0 0 0 0 0 0 4301.415389 6178.680152 6027.927616 6024.186623 5932.722173 5983.422579 5944.357878 5875.62899 5856.160149 5788.276975 5819.478032 5717.273661 5662.31769 5696.333411 5676.60933 5566.909371 5616.732534 5583.331197 5661.099459 5628.835147 5633.23669 5569.866877 5607.502454 5648.391662 5669.18599 5679.429659 5698.392932 5768.954895 5811.114325 5835.600746 5838.296068 5918.420432 5999.486201 5990.7594 6015.897914 6115.056947 6126.796877 4334.88228 0 0 0 0 0 0 0 0 0 0 0 0 0 0 0 0 0 0 0 0 0 0 0 0 0 0 0 0 0 0 0 
0 0 0 0 0 0 0 0 0 0 0 0 0 0 0 0 0 0 0 0 0 0 0 0 0 0 0 0 0 0 0 4429.114341 6144.867911 6105.037139 6005.071636 5995.990932 6001.097543 5955.159783 5876.639723 5864.475652 5816.454983 5751.774488 5708.292497 5725.914229 5693.125484 5654.420689 5625.918705 5597.948267 5643.63462 5602.389422 5558.164651 5605.950173 5697.398031 5638.839347 5639.168816 5609.961935 5701.782054 5676.367817 5756.222314 5771.558369 5853.256922 5882.123403 5952.825089 5963.892882 6091.611988 6041.688324 6057.643837 6191.502436 4330.948835 0 0 0 0 0 0 0 0 0 0 0 0 0 0 0 0 0 0 0 0 0 0 0 0 0 0 0 0 0 0 0 
0 0 0 0 0 0 0 0 0 0 0 0 0 0 0 0 0 0 0 0 0 0 0 0 0 0 0 0 0 0 0 4423.500151 6156.020407 6115.596253 6085.971253 6052.577026 5977.233179 5991.930648 5950.521958 5938.593099 5846.565678 5814.80258 5789.068087 5698.016263 5723.481614 5731.047337 5650.450382 5679.763008 5627.080135 5658.269003 5680.785296 5644.197094 5640.319187 5707.32802 5667.505148 5720.57707 5748.623278 5809.138893 5799.439243 5901.968055 5902.593547 5948.210277 5987.167198 6030.730693 6027.939929 6116.278989 6080.092535 6130.708142 4378.047363 0 0 0 0 0 0 0 0 0 0 0 0 0 0 0 0 0 0 0 0 0 0 0 0 0 0 0 0 0 0 0 
0 0 0 0 0 0 0 0 0 0 0 0 0 0 0 0 0 0 0 0 0 0 0 0 0 0 0 0 0 0 0 4424.52354 6200.374115 6172.030812 6138.421206 6103.726886 6045.182754 6016.056558 5978.745673 5905.384247 5916.702415 5828.998354 5778.971878 5735.142798 5770.203936 5759.787506 5744.040718 5760.833658 5705.173007 5610.606645 5720.364215 5699.851498 5678.352889 5690.777335 5733.669593 5753.3545 5776.672056 5828.622817 5817.219731 5863.426817 5905.505313 5976.44954 5969.469376 6100.035522 6124.527514 6184.771975 6140.603938 6160.901676 4402.463727 0 0 0 0 0 0 0 0 0 0 0 0 0 0 0 0 0 0 0 0 0 0 0 0 0 0 0 0 0 0 0 
0 0 0 0 0 0 0 0 0 0 0 0 0 0 0 0 0 0 0 0 0 0 0 0 0 0 0 0 0 0 0 4509.747487 6256.220754 6192.694247 6171.366407 6123.777474 6060.255151 6040.106703 6046.437464 5958.291128 5851.873716 5886.470144 5817.259004 5785.931811 5730.300449 5767.790889 5733.768174 5718.569318 5735.743967 5691.742866 5697.254671 5659.492705 5754.199511 5716.845285 5777.520984 5804.445208 5815.791956 5825.751462 5899.243751 5925.628996 5922.853209 5992.661486 6074.99909 6095.287232 6081.279376 6068.029817 6218.733043 6225.707542 4444.033628 0 0 0 0 0 0 0 0 0 0 0 0 0 0 0 0 0 0 0 0 0 0 0 0 0 0 0 0 0 0 0 
0 0 0 0 0 0 0 0 0 0 0 0 0 0 0 0 0 0 0 0 0 0 0 0 0 0 0 0 0 0 0 4482.527328 6313.052173 6270.767762 6204.32672 6121.260562 6125.334376 6099.524965 6025.967343 6014.241826 5988.371103 5876.226887 5851.484306 5777.596304 5815.718736 5801.262877 5724.522852 5765.842228 5829.114444 5679.367048 5766.437854 5724.561595 5740.415707 5803.99069 5789.155423 5834.333898 5855.693358 5912.429486 5916.986329 5909.19143 6012.912902 6011.158915 6115.652962 6174.687798 6186.791401 6245.691069 6227.916388 6331.146765 4454.83378 0 0 0 0 0 0 0 0 0 0 0 0 0 0 0 0 0 0 0 0 0 0 0 0 0 0 0 0 0 0 0 
0 0 0 0 0 0 0 0 0 0 0 0 0 0 0 0 0 0 0 0 0 0 0 0 0 0 0 0 0 0 0 4514.826205 6295.107491 6230.740243 6192.71913 6225.016094 6196.990904 6089.729044 6157.816019 5977.137418 6001.080065 6021.878135 5909.910731 5862.914818 5884.957048 5871.249876 5809.916571 5809.02327 5794.77546 5764.88525 5790.36212 5769.796094 5763.235074 5787.079699 5804.681906 5808.046335 5928.859814 5914.357315 5955.413225 5975.139868 6020.721263 6030.514115 6083.930371 6239.236078 6193.042856 6259.403231 6291.142188 6352.694174 4488.693733 0 0 0 0 0 0 0 0 0 0 0 0 0 0 0 0 0 0 0 0 0 0 0 0 0 0 0 0 0 0 0 
0 0 0 0 0 0 0 0 0 0 0 0 0 0 0 0 0 0 0 0 0 0 0 0 0 0 0 0 0 0 0 4544.864325 6401.449174 6280.198636 6213.307867 6177.327602 6126.067953 6142.481432 6127.833557 5987.826822 5990.82586 5942.256011 5889.569175 5883.508206 5885.272024 5865.00323 5833.95015 5848.367265 5805.69707 5796.417453 5810.476111 5792.615392 5802.532022 5796.743838 5791.497587 5893.845433 5879.666927 5906.030337 5972.787276 5978.442982 6100.828611 6149.866098 6150.084885 6183.414315 6202.649149 6246.330048 6305.929602 6328.553261 4554.621542 0 0 0 0 0 0 0 0 0 0 0 0 0 0 0 0 0 0 0 0 0 0 0 0 0 0 0 0 0 0 0 
0 0 0 0 0 0 0 0 0 0 0 0 0 0 0 0 0 0 0 0 0 0 0 0 0 0 0 0 0 0 0 4533.152953 6352.934124 6314.762622 6260.035103 6261.315369 6178.145674 6167.531569 6087.99823 6063.49872 6073.146547 6023.054195 5917.672133 5890.897179 5910.683642 5816.303435 5872.226254 5826.77504 5845.801148 5788.10437 5834.106463 5819.883257 5797.013389 5847.032968 5854.576565 5918.175605 5894.268338 5914.798314 6006.41564 5964.398749 6022.363869 6146.017603 6178.093837 6226.121358 6202.057688 6328.585184 6278.432496 6341.405955 4513.799504 0 0 0 0 0 0 0 0 0 0 0 0 0 0 0 0 0 0 0 0 0 0 0 0 0 0 0 0 0 0 0 
0 0 0 0 0 0 0 0 0 0 0 0 0 0 0 0 0 0 0 0 0 0 0 0 0 0 0 0 0 0 0 4545.535902 6340.871523 6314.859086 6289.944992 6224.435931 6198.727937 6091.420586 6106.254572 6048.403897 5990.541676 5970.874211 5980.226739 5931.961859 5894.047601 5884.9445 5823.525423 5828.948244 5772.674892 5838.885512 5805.799608 5866.872383 5839.255148 5805.987193 5835.224009 5835.697178 5945.690426 5968.680965 5929.93058 5972.108406 6048.207825 6121.819877 6208.136027 6197.464642 6235.195903 6320.346836 6339.227519 6320.433147 4542.094745 0 0 0 0 0 0 0 0 0 0 0 0 0 0 0 0 0 0 0 0 0 0 0 0 0 0 0 0 0 0 0 
0 0 0 0 0 0 0 0 0 0 0 0 0 0 0 0 0 0 0 0 0 0 0 0 0 0 0 0 0 0 0 4470.401611 6418.480456 6234.087976 6264.914975 6222.94477 6201.267277 6171.645536 6032.095057 6086.526014 6020.141349 6010.280297 5915.253043 5886.12517 5860.198079 5838.591995 5844.771425 5875.838599 5816.84777 5855.108961 5819.761303 5804.088691 5797.145033 5840.480913 5884.092334 5920.743783 5897.693824 5952.732284 5982.467544 6013.592046 6052.215948 6126.918278 6152.395038 6193.972807 6253.947876 6215.558756 6282.73437 6351.614679 4527.301569 0 0 0 0 0 0 0 0 0 0 0 0 0 0 0 0 0 0 0 0 0 0 0 0 0 0 0 0 0 0 0 
0 0 0 0 0 0 0 0 0 0 0 0 0 0 0 0 0 0 0 0 0 0 0 0 0 0 0 0 0 0 0 4517.439535 6340.160872 6286.434924 6280.468286 6238.946335 6101.583387 6163.433886 6110.685926 6092.947782 6019.02173 6031.146685 5918.799488 5916.895579 5866.65336 5868.750067 5848.035772 5827.179051 5823.327988 5788.442789 5782.478585 5784.188204 5828.28795 5826.833935 5897.308141 5898.214605 5978.065512 5874.769051 5933.104955 5982.083634 6043.782753 6183.256205 6136.238304 6148.00353 6220.245903 6284.923661 6233.225238 6346.647901 4515.683913 0 0 0 0 0 0 0 0 0 0 0 0 0 0 0 0 0 0 0 0 0 0 0 0 0 0 0 0 0 0 0 
0 0 0 0 0 0 0 0 0 0 0 0 0 0 0 0 0 0 0 0 0 0 0 0 0 0 0 0 0 0 0 4516.769621 6373.339931 6288.353678 6298.862892 6221.131491 6213.787482 6189.30978 6060.395255 6082.11017 6008.683969 6003.175134 5908.819432 5971.451608 5918.4834 5872.746871 5879.90616 5874.164155 5792.313014 5800.35299 5772.711914 5834.210398 5794.356464 5866.495161 5898.223098 5899.157882 5907.187929 5984.246995 5969.893061 6089.903907 6132.391098 6136.653816 6213.663384 6238.648888 6222.17179 6232.585251 6292.814804 6416.544769 4464.804503 0 0 0 0 0 0 0 0 0 0 0 0 0 0 0 0 0 0 0 0 0 0 0 0 0 0 0 0 0 0 0 
0 0 0 0 0 0 0 0 0 0 0 0 0 0 0 0 0 0 0 0 0 0 0 0 0 0 0 0 0 0 0 4537.558553 6444.08166 6299.97307 6313.330858 6258.74594 6243.830929 6173.914563 6101.356729 6102.807603 6068.398096 6007.765862 5918.478611 5973.694829 5890.234543 5865.002567 5970.251718 5892.335851 5881.842752 5914.45398 5882.767346 5846.249733 5901.232749 5842.390188 5882.879518 5879.945628 5940.108505 5959.381209 5983.787224 6049.451031 6115.011774 6143.460191 6197.950529 6260.014271 6207.830113 6297.792708 6327.961895 6404.201576 4555.604268 0 0 0 0 0 0 0 0 0 0 0 0 0 0 0 0 0 0 0 0 0 0 0 0 0 0 0 0 0 0 0 
0 0 0 0 0 0 0 0 0 0 0 0 0 0 0 0 0 0 0 0 0 0 0 0 0 0 0 0 0 0 0 4572.14878 6369.32273 6372.066104 6347.122316 6253.87 6196.009364 6250.117948 6156.02008 6092.020845 6057.873389 6027.447143 6023.436588 5979.27918 6008.652713 5942.162337 5912.160119 5886.621103 5936.089455 5813.357154 5887.113785 5877.63023 5849.630863 5913.97021 5898.219926 5981.936362 5984.287487 5940.932642 5993.331653 6079.630631 6160.266734 6230.195291 6238.445731 6315.10119 6363.505749 6312.081455 6362.741695 6414.038561 4599.497847 0 0 0 0 0 0 0 0 0 0 0 0 0 0 0 0 0 0 0 0 0 0 0 0 0 0 0 0 0 0 0 
0 0 0 0 0 0 0 0 0 0 0 0 0 0 0 0 0 0 0 0 0 0 0 0 0 0 0 0 0 0 0 4560.015399 6432.56265 6346.858398 6354.261129 6292.091397 6279.218612 6255.579891 6162.206225 6096.846067 6103.392722 5998.208489 6053.050882 5983.271857 5948.376999 5920.811023 5939.896527 5912.693711 5893.719624 5981.508992 5903.421069 5929.450374 5895.100531 5955.822877 5946.425588 5944.167021 6012.37868 6024.661526 6032.874388 6080.394789 6187.304406 6221.084283 6239.094697 6278.638804 6326.004171 6367.865982 6333.32627 6492.344473 4571.843248 0 0 0 0 0 0 0 0 0 0 0 0 0 0 0 0 0 0 0 0 0 0 0 0 0 0 0 0 0 0 0 
0 0 0 0 0 0 0 0 0 0 0 0 0 0 0 0 0 0 0 0 0 0 0 0 0 0 0 0 0 0 0 4591.835322 6447.163553 6394.03139 6356.182048 6331.449384 6343.160472 6272.482076 6256.21586 6102.732397 6071.711713 6084.585156 6075.144359 5993.778878 5946.807213 5976.886973 5920.500378 5966.200084 5942.295697 5897.18636 5926.593316 5900.720563 5953.677053 5965.137332 5984.277503 6068.198373 6018.148019 6045.638966 6014.665375 6061.436906 6131.581416 6261.359121 6255.016139 6378.485647 6312.652546 6419.646549 6441.075855 6435.009032 4615.72223 0 0 0 0 0 0 0 0 0 0 0 0 0 0 0 0 0 0 0 0 0 0 0 0 0 0 0 0 0 0 0 
0 0 0 0 0 0 0 0 0 0 0 0 0 0 0 0 0 0 0 0 0 0 0 0 0 0 0 0 0 0 0 4687.969465 6488.442281 6436.266156 6396.477593 6340.523218 6383.583501 6277.133583 6284.697301 6195.627175 6109.914707 6079.811441 6080.510862 6012.409711 5959.19534 5945.172121 5976.14078 5998.042104 5955.081096 5937.421297 5971.080069 6002.674056 5981.487358 5939.146605 5995.986328 6001.595147 6048.16486 6127.59582 6182.826142 6110.729939 6139.063869 6275.167364 6287.045224 6276.027121 6366.114791 6451.707017 6418.398431 6447.330131 4547.180791 0 0 0 0 0 0 0 0 0 0 0 0 0 0 0 0 0 0 0 0 0 0 0 0 0 0 0 0 0 0 0 
0 0 0 0 0 0 0 0 0 0 0 0 0 0 0 0 0 0 0 0 0 0 0 0 0 0 0 0 0 0 0 4635.303155 6545.61211 6388.862087 6392.775866 6458.306989 6318.882631 6250.835992 6231.156568 6199.164939 6160.282695 6190.38944 6122.136715 6045.388712 5986.572866 5974.888432 6042.010638 5953.697722 5915.324071 6019.580318 6007.199676 5973.66621 5957.509866 6011.787846 6036.134418 6025.942244 6030.950575 6122.41296 6122.472192 6141.141017 6226.070461 6272.413354 6309.149871 6364.747258 6389.535864 6391.80407 6449.74742 6527.946818 4643.369768 0 0 0 0 0 0 0 0 0 0 0 0 0 0 0 0 0 0 0 0 0 0 0 0 0 0 0 0 0 0 0 
0 0 0 0 0 0 0 0 0 0 0 0 0 0 0 0 0 0 0 0 0 0 0 0 0 0 0 0 0 0 0 4691.89613 6540.07199 6500.88085 6455.811155 6399.545644 6362.079542 6378.434771 6288.41803 6222.231353 6217.800893 6181.152232 6104.477609 6053.630348 6054.592372 6057.352838 6025.748745 5998.977501 6006.767349 6028.233437 6040.944641 6005.617586 5943.604628 6003.140157 6058.5441 6044.343459 6103.075093 6011.414907 6192.543042 6181.81072 6292.251124 6205.022367 6359.611069 6354.699041 6373.654599 6433.092472 6478.058327 6563.966228 4602.040528 0 0 0 0 0 0 0 0 0 0 0 0 0 0 0 0 0 0 0 0 0 0 0 0 0 0 0 0 0 0 0 
0 0 0 0 0 0 0 0 0 0 0 0 0 0 0 0 0 0 0 0 0 0 0 0 0 0 0 0 0 0 0 4660.031647 6547.563954 6467.659431 6508.852139 6392.872252 6417.226456 6374.866859 6285.356641 6286.021987 6246.50886 6128.580279 6156.22529 6098.794793 6039.944763 6030.609536 6037.6215 6058.432952 5986.649174 5957.58088 5946.022623 6072.100439 6024.729307 6050.591829 6073.471024 6079.685851 6083.734625 6176.493099 6101.48939 6189.359884 6234.148475 6325.338895 6345.209402 6413.672725 6442.86464 6447.60159 6482.733038 6583.656421 4690.261567 0 0 0 0 0 0 0 0 0 0 0 0 0 0 0 0 0 0 0 0 0 0 0 0 0 0 0 0 0 0 0 
0 0 0 0 0 0 0 0 0 0 0 0 0 0 0 0 0 0 0 0 0 0 0 0 0 0 0 0 0 0 0 4678.637786 6598.658416 6503.260315 6464.584069 6421.476411 6494.369382 6364.900352 6348.286218 6259.786874 6193.842879 6176.222518 6209.451468 6148.772761 6055.125492 6116.485997 6099.126617 6014.44125 6017.062214 5931.339676 6017.603146 6076.155496 6035.696386 6058.620305 6126.927128 6089.468747 6144.945394 6142.801341 6200.412404 6264.743145 6280.5781 6329.813522 6356.992097 6483.602744 6507.641587 6543.824346 6563.675811 6576.577729 4645.456607 0 0 0 0 0 0 0 0 0 0 0 0 0 0 0 0 0 0 0 0 0 0 0 0 0 0 0 0 0 0 0 
0 0 0 0 0 0 0 0 0 0 0 0 0 0 0 0 0 0 0 0 0 0 0 0 0 0 0 0 0 0 0 4723.355612 6638.482593 6550.017211 6493.83128 6506.674748 6430.548653 6394.070654 6302.134829 6284.460364 6242.034639 6166.586837 6149.333234 6124.282043 6107.572171 6110.925809 6105.609273 6089.115063 6027.758208 6025.458993 6020.194422 6096.500521 6093.817179 6068.590215 6061.030976 6116.837958 6150.182897 6205.702004 6242.10373 6274.462143 6370.462123 6391.239827 6444.830865 6531.889365 6508.142613 6504.067836 6616.951112 6663.951356 4654.201195 0 0 0 0 0 0 0 0 0 0 0 0 0 0 0 0 0 0 0 0 0 0 0 0 0 0 0 0 0 0 0 
0 0 0 0 0 0 0 0 0 0 0 0 0 0 0 0 0 0 0 0 0 0 0 0 0 0 0 0 0 0 0 4778.681921 6616.153678 6541.594691 6480.041288 6531.890072 6471.405409 6452.664917 6453.986591 6306.163141 6314.217178 6248.923905 6234.164916 6155.470706 6160.616827 6144.637803 6164.306187 6075.804263 6049.391417 6142.724994 6112.644211 6106.367889 6132.78577 6119.628582 6103.086488 6142.47366 6180.157791 6178.992156 6225.715786 6272.592203 6324.030651 6409.602578 6493.77355 6499.394113 6546.399949 6574.426751 6619.670522 6651.253955 4753.549496 0 0 0 0 0 0 0 0 0 0 0 0 0 0 0 0 0 0 0 0 0 0 0 0 0 0 0 0 0 0 0 
0 0 0 0 0 0 0 0 0 0 0 0 0 0 0 0 0 0 0 0 0 0 0 0 0 0 0 0 0 0 0 4765.694422 6724.694851 6543.797915 6603.515086 6541.766737 6547.759642 6454.627122 6384.137243 6397.09524 6290.850324 6219.566562 6236.281993 6232.708077 6210.821364 6212.490695 6177.870094 6133.159009 6119.775572 6163.539634 6148.331618 6182.702115 6141.882564 6178.94836 6187.442427 6238.228434 6251.619236 6259.705393 6309.949474 6307.478555 6432.117082 6440.954939 6478.197909 6509.037473 6559.048411 6593.582471 6603.406883 6710.691937 4743.132611 0 0 0 0 0 0 0 0 0 0 0 0 0 0 0 0 0 0 0 0 0 0 0 0 0 0 0 0 0 0 0 
0 0 0 0 0 0 0 0 0 0 0 0 0 0 0 0 0 0 0 0 0 0 0 0 0 0 0 0 0 0 0 4786.065392 6789.479945 6660.073618 6596.60982 6646.478686 6615.454271 6533.577559 6515.286639 6388.2414 6319.928617 6332.136708 6336.183595 6246.588354 6246.599526 6206.999224 6177.224001 6172.545835 6191.282158 6203.79706 6184.850664 6128.38375 6194.455241 6202.348581 6172.052212 6163.950716 6306.748454 6295.959742 6398.75417 6433.199431 6444.001966 6473.368103 6534.509862 6624.381678 6611.996491 6603.121125 6659.69542 6733.637076 4804.399064 0 0 0 0 0 0 0 0 0 0 0 0 0 0 0 0 0 0 0 0 0 0 0 0 0 0 0 0 0 0 0 
0 0 0 0 0 0 0 0 0 0 0 0 0 0 0 0 0 0 0 0 0 0 0 0 0 0 0 0 0 0 0 4825.76066 6744.370416 6740.849114 6689.085242 6650.725086 6573.687332 6607.483063 6498.998816 6488.654623 6391.535103 6360.781964 6326.548537 6299.165252 6299.497617 6278.004617 6203.209264 6221.134092 6245.545567 6165.301785 6220.00186 6217.541395 6241.0052 6221.245758 6259.904363 6350.821659 6302.563641 6386.281267 6386.22682 6425.408534 6455.351115 6541.238029 6565.377124 6557.042533 6667.945644 6714.330986 6689.707946 6798.869886 4864.912003 0 0 0 0 0 0 0 0 0 0 0 0 0 0 0 0 0 0 0 0 0 0 0 0 0 0 0 0 0 0 0 
0 0 0 0 0 0 0 0 0 0 0 0 0 0 0 0 0 0 0 0 0 0 0 0 0 0 0 0 0 0 0 4858.669176 6850.002897 6797.485591 6763.761192 6704.540772 6667.418351 6629.414557 6567.037409 6518.047966 6490.746446 6434.099084 6377.545577 6325.031944 6263.491485 6320.38937 6271.650885 6295.640612 6286.7016 6300.187754 6227.363388 6309.569306 6260.173299 6271.145952 6296.823978 6364.133223 6345.071235 6410.66722 6461.199989 6497.387752 6545.099191 6598.90755 6623.641076 6647.84528 6723.357117 6785.602884 6724.971198 6886.42608 4848.070796 0 0 0 0 0 0 0 0 0 0 0 0 0 0 0 0 0 0 0 0 0 0 0 0 0 0 0 0 0 0 0 
0 0 0 0 0 0 0 0 0 0 0 0 0 0 0 0 0 0 0 0 0 0 0 0 0 0 0 0 0 0 0 4922.920757 6971.626834 6794.243366 6749.313101 6766.921203 6764.08807 6678.669213 6663.409278 6543.753066 6502.318832 6458.359993 6519.560497 6421.852154 6362.326161 6367.835835 6380.194985 6339.097136 6317.60725 6311.43096 6303.008636 6290.673514 6296.076472 6338.769875 6362.605021 6332.004948 6442.184634 6469.455089 6541.376457 6493.801541 6576.040041 6627.396174 6699.755991 6733.25044 6716.920551 6818.121569 6808.824136 6893.589083 4899.070991 0 0 0 0 0 0 0 0 0 0 0 0 0 0 0 0 0 0 0 0 0 0 0 0 0 0 0 0 0 0 0 
0 0 0 0 0 0 0 0 0 0 0 0 0 0 0 0 0 0 0 0 0 0 0 0 0 0 0 0 0 0 0 4987.691433 6951.756339 6852.311463 6852.256517 6824.665963 6796.279951 6719.803207 6698.890262 6640.66634 6573.568449 6510.852484 6429.571016 6466.559808 6472.727113 6420.470898 6411.872452 6378.517616 6329.736299 6329.414263 6338.665797 6353.006676 6423.119532 6337.72276 6445.916902 6412.94228 6463.868962 6517.52795 6555.478151 6534.340562 6605.63812 6603.226253 6781.717011 6800.263196 6855.220513 6881.299252 6922.967314 6948.066768 4986.825903 0 0 0 0 0 0 0 0 0 0 0 0 0 0 0 0 0 0 0 0 0 0 0 0 0 0 0 0 0 0 0 
0 0 0 0 0 0 0 0 0 0 0 0 0 0 0 0 0 0 0 0 0 0 0 0 0 0 0 0 0 0 0 4966.303298 7025.715684 6938.3127 6843.666707 6874.939373 6793.558328 6747.368094 6726.114303 6706.913647 6643.501549 6591.998081 6551.076742 6553.170339 6478.684184 6455.477525 6397.905914 6456.495032 6431.143834 6380.65462 6416.20597 6456.732695 6427.997091 6428.979307 6423.175585 6488.713081 6514.957156 6548.208867 6541.55964 6604.397014 6676.498472 6779.368651 6774.905246 6895.3296 6843.856296 6895.838033 6912.330445 7037.091754 4958.237454 0 0 0 0 0 0 0 0 0 0 0 0 0 0 0 0 0 0 0 0 0 0 0 0 0 0 0 0 0 0 0 
0 0 0 0 0 0 0 0 0 0 0 0 0 0 0 0 0 0 0 0 0 0 0 0 0 0 0 0 0 0 0 4979.7611 7027.606077 6986.991255 6931.759107 6896.489715 6864.017343 6823.843416 6750.328367 6662.783472 6761.382894 6632.939798 6583.905462 6585.590882 6499.827561 6505.264703 6419.830013 6450.448822 6484.592427 6420.209644 6501.06465 6453.67863 6502.893901 6504.417904 6470.834416 6483.887135 6545.081633 6573.542727 6620.190974 6669.034207 6757.900694 6799.516777 6795.219401 6813.874254 6906.828334 6981.882575 6996.623262 7086.772702 5071.726561 0 0 0 0 0 0 0 0 0 0 0 0 0 0 0 0 0 0 0 0 0 0 0 0 0 0 0 0 0 0 0 
0 0 0 0 0 0 0 0 0 0 0 0 0 0 0 0 0 0 0 0 0 0 0 0 0 0 0 0 0 0 0 5022.811861 7102.7474 7014.806171 6993.016543 6969.974292 6863.408138 6859.793772 6869.225588 6758.479647 6719.534714 6724.40437 6639.704629 6634.016698 6549.541238 6490.832799 6494.537987 6526.959781 6467.819797 6531.756645 6429.991795 6479.237323 6489.269066 6444.023192 6564.403414 6586.223509 6550.062209 6657.338126 6606.377665 6711.277321 6722.415561 6870.796 6846.37767 6923.331166 6995.763543 6998.771824 7046.224118 7061.788384 5055.27926 0 0 0 0 0 0 0 0 0 0 0 0 0 0 0 0 0 0 0 0 0 0 0 0 0 0 0 0 0 0 0 
0 0 0 0 0 0 0 0 0 0 0 0 0 0 0 0 0 0 0 0 0 0 0 0 0 0 0 0 0 0 0 5076.788547 7150.364348 7118.025297 7026.063152 7022.742099 6977.612198 6893.621564 6858.947436 6801.377804 6739.167917 6812.840414 6704.626111 6632.90116 6567.295637 6581.130081 6504.536353 6499.397821 6541.596061 6512.558981 6598.323259 6523.543191 6491.980376 6544.254041 6579.071943 6576.881192 6640.793053 6683.33381 6706.63954 6743.381235 6889.446361 6908.946719 6906.911245 7000.208737 7012.289854 7007.448364 7090.311342 7161.104556 5033.602487 0 0 0 0 0 0 0 0 0 0 0 0 0 0 0 0 0 0 0 0 0 0 0 0 0 0 0 0 0 0 0 
0 0 0 0 0 0 0 0 0 0 0 0 0 0 0 0 0 0 0 0 0 0 0 0 0 0 0 0 0 0 0 5102.358381 7188.262827 7166.28456 7069.791467 6994.901982 7025.848071 6886.986718 6865.552785 6858.853779 6788.198612 6746.880719 6719.536276 6667.096972 6668.77013 6629.522384 6633.730837 6586.537628 6576.701794 6543.310037 6610.672231 6592.282812 6559.619917 6577.456081 6622.429007 6624.45779 6663.971678 6754.635546 6826.744691 6758.358309 6837.912677 6946.923183 6992.310409 7007.212985 7037.901768 7071.995483 7122.717593 7154.083151 5131.521886 0 0 0 0 0 0 0 0 0 0 0 0 0 0 0 0 0 0 0 0 0 0 0 0 0 0 0 0 0 0 0 
0 0 0 0 0 0 0 0 0 0 0 0 0 0 0 0 0 0 0 0 0 0 0 0 0 0 0 0 0 0 0 5135.486843 7222.645006 7092.534416 7136.821778 7136.393755 7090.790238 6966.178111 6909.123346 6876.450827 6836.48048 6777.395154 6764.906697 6746.857376 6727.509477 6667.689738 6574.761268 6631.871594 6580.123011 6593.203336 6556.938598 6566.301823 6627.761768 6591.820183 6739.115162 6697.844156 6688.633179 6833.902876 6795.874121 6816.867318 6945.247699 6968.883219 7037.550232 7037.063177 7097.972798 7126.729539 7101.859454 7278.791755 5070.868606 0 0 0 0 0 0 0 0 0 0 0 0 0 0 0 0 0 0 0 0 0 0 0 0 0 0 0 0 0 0 0 
0 0 0 0 0 0 0 0 0 0 0 0 0 0 0 0 0 0 0 0 0 0 0 0 0 0 0 0 0 0 0 3708.403959 5304.190153 5202.603257 5196.668066 5231.199372 5162.735476 5113.89713 5112.867685 5019.319316 4982.681633 4908.598952 4933.122081 4961.727894 4961.891627 4935.938575 4824.697119 4870.991373 4791.092008 4876.027707 4847.434156 4877.223188 4812.55166 4777.920334 4929.494381 4877.440223 4884.751498 4934.988415 5007.209335 4960.835187 5050.242847 5069.053027 5124.821636 5123.566891 5145.635187 5207.244219 5209.083703 5276.546627 3761.640933 0 0 0 0 0 0 0 0 0 0 0 0 0 0 0 0 0 0 0 0 0 0 0 0 0 0 0 0 0 0 0 
0 0 0 0 0 0 0 0 0 0 0 0 0 0 0 0 0 0 0 0 0 0 0 0 0 0 0 0 0 0 0 0 0 0 0 0 0 0 0 0 0 0 0 0 0 0 0 0 0 0 0 0 0 0 0 0 0 0 0 0 0 0 0 0 0 0 0 0 0 0 0 0 0 0 0 0 0 0 0 0 0 0 0 0 0 0 0 0 0 0 0 0 0 0 0 0 0 0 0 0 
0 0 0 0 0 0 0 0 0 0 0 0 0 0 0 0 0 0 0 0 0 0 0 0 0 0 0 0 0 0 0 0 0 0 0 0 0 0 0 0 0 0 0 0 0 0 0 0 0 0 0 0 0 0 0 0 0 0 0 0 0 0 0 0 0 0 0 0 0 0 0 0 0 0 0 0 0 0 0 0 0 0 0 0 0 0 0 0 0 0 0 0 0 0 0 0 0 0 0 0 
0 0 0 0 0 0 0 0 0 0 0 0 0 0 0 0 0 0 0 0 0 0 0 0 0 0 0 0 0 0 0 0 0 0 0 0 0 0 0 0 0 0 0 0 0 0 0 0 0 0 0 0 0 0 0 0 0 0 0 0 0 0 0 0 0 0 0 0 0 0 0 0 0 0 0 0 0 0 0 0 0 0 0 0 0 0 0 0 0 0 0 0 0 0 0 0 0 0 0 0 
0 0 0 0 0 0 0 0 0 0 0 0 0 0 0 0 0 0 0 0 0 0 0 0 0 0 0 0 0 0 0 0 0 0 0 0 0 0 0 0 0 0 0 0 0 0 0 0 0 0 0 0 0 0 0 0 0 0 0 0 0 0 0 0 0 0 0 0 0 0 0 0 0 0 0 0 0 0 0 0 0 0 0 0 0 0 0 0 0 0 0 0 0 0 0 0 0 0 0 0 
0 0 0 0 0 0 0 0 0 0 0 0 0 0 0 0 0 0 0 0 0 0 0 0 0 0 0 0 0 0 0 0 0 0 0 0 0 0 0 0 0 0 0 0 0 0 0 0 0 0 0 0 0 0 0 0 0 0 0 0 0 0 0 0 0 0 0 0 0 0 0 0 0 0 0 0 0 0 0 0 0 0 0 0 0 0 0 0 0 0 0 0 0 0 0 0 0 0 0 0 
0 0 0 0 0 0 0 0 0 0 0 0 0 0 0 0 0 0 0 0 0 0 0 0 0 0 0 0 0 0 0 0 0 0 0 0 0 0 0 0 0 0 0 0 0 0 0 0 0 0 0 0 0 0 0 0 0 0 0 0 0 0 0 0 0 0 0 0 0 0 0 0 0 0 0 0 0 0 0 0 0 0 0 0 0 0 0 0 0 0 0 0 0 0 0 0 0 0 0 0 
0 0 0 0 0 0 0 0 0 0 0 0 0 0 0 0 0 0 0 0 0 0 0 0 0 0 0 0 0 0 0 0 0 0 0 0 0 0 0 0 0 0 0 0 0 0 0 0 0 0 0 0 0 0 0 0 0 0 0 0 0 0 0 0 0 0 0 0 0 0 0 0 0 0 0 0 0 0 0 0 0 0 0 0 0 0 0 0 0 0 0 0 0 0 0 0 0 0 0 0 
0 0 0 0 0 0 0 0 0 0 0 0 0 0 0 0 0 0 0 0 0 0 0 0 0 0 0 0 0 0 0 0 0 0 0 0 0 0 0 0 0 0 0 0 0 0 0 0 0 0 0 0 0 0 0 0 0 0 0 0 0 0 0 0 0 0 0 0 0 0 0 0 0 0 0 0 0 0 0 0 0 0 0 0 0 0 0 0 0 0 0 0 0 0 0 0 0 0 0 0 
0 0 0 0 0 0 0 0 0 0 0 0 0 0 0 0 0 0 0 0 0 0 0 0 0 0 0 0 0 0 0 0 0 0 0 0 0 0 0 0 0 0 0 0 0 0 0 0 0 0 0 0 0 0 0 0 0 0 0 0 0 0 0 0 0 0 0 0 0 0 0 0 0 0 0 0 0 0 0 0 0 0 0 0 0 0 0 0 0 0 0 0 0 0 0 0 0 0 0 0 
0 0 0 0 0 0 0 0 0 0 0 0 0 0 0 0 0 0 0 0 0 0 0 0 0 0 0 0 0 0 0 0 0 0 0 0 0 0 0 0 0 0 0 0 0 0 0 0 0 0 0 0 0 0 0 0 0 0 0 0 0 0 0 0 0 0 0 0 0 0 0 0 0 0 0 0 0 0 0 0 0 0 0 0 0 0 0 0 0 0 0 0 0 0 0 0 0 0 0 0 
0 0 0 0 0 0 0 0 0 0 0 0 0 0 0 0 0 0 0 0 0 0 0 0 0 0 0 0 0 0 0 0 0 0 0 0 0 0 0 0 0 0 0 0 0 0 0 0 0 0 0 0 0 0 0 0 0 0 0 0 0 0 0 0 0 0 0 0 0 0 0 0 0 0 0 0 0 0 0 0 0 0 0 0 0 0 0 0 0 0 0 0 0 0 0 0 0 0 0 0 
0 0 0 0 0 0 0 0 0 0 0 0 0 0 0 0 0 0 0 0 0 0 0 0 0 0 0 0 0 0 0 0 0 0 0 0 0 0 0 0 0 0 0 0 0 0 0 0 0 0 0 0 0 0 0 0 0 0 0 0 0 0 0 0 0 0 0 0 0 0 0 0 0 0 0 0 0 0 0 0 0 0 0 0 0 0 0 0 0 0 0 0 0 0 0 0 0 0 0 0 
# Events [EndOfInsertPSD/EndOfInsertPSD.dat] N:
0 0 0 0 0 0 0 0 0 0 0 0 0 0 0 0 0 0 0 0 0 0 0 0 0 0 0 0 0 0 0 0 0 0 0 0 0 0 0 0 0 0 0 0 0 0 0 0 0 0 0 0 0 0 0 0 0 0 0 0 0 0 0 0 0 0 0 0 0 0 0 0 0 0 0 0 0 0 0 0 0 0 0 0 0 0 0 0 0 0 0 0 0 0 0 0 0 0 0 0 
0 0 0 0 0 0 0 0 0 0 0 0 0 0 0 0 0 0 0 0 0 0 0 0 0 0 0 0 0 0 0 0 0 0 0 0 0 0 0 0 0 0 0 0 0 0 0 0 0 0 0 0 0 0 0 0 0 0 0 0 0 0 0 0 0 0 0 0 0 0 0 0 0 0 0 0 0 0 0 0 0 0 0 0 0 0 0 0 0 0 0 0 0 0 0 0 0 0 0 0 
0 0 0 0 0 0 0 0 0 0 0 0 0 0 0 0 0 0 0 0 0 0 0 0 0 0 0 0 0 0 0 0 0 0 0 0 0 0 0 0 0 0 0 0 0 0 0 0 0 0 0 0 0 0 0 0 0 0 0 0 0 0 0 0 0 0 0 0 0 0 0 0 0 0 0 0 0 0 0 0 0 0 0 0 0 0 0 0 0 0 0 0 0 0 0 0 0 0 0 0 
0 0 0 0 0 0 0 0 0 0 0 0 0 0 0 0 0 0 0 0 0 0 0 0 0 0 0 0 0 0 0 0 0 0 0 0 0 0 0 0 0 0 0 0 0 0 0 0 0 0 0 0 0 0 0 0 0 0 0 0 0 0 0 0 0 0 0 0 0 0 0 0 0 0 0 0 0 0 0 0 0 0 0 0 0 0 0 0 0 0 0 0 0 0 0 0 0 0 0 0 
0 0 0 0 0 0 0 0 0 0 0 0 0 0 0 0 0 0 0 0 0 0 0 0 0 0 0 0 0 0 0 0 0 0 0 0 0 0 0 0 0 0 0 0 0 0 0 0 0 0 0 0 0 0 0 0 0 0 0 0 0 0 0 0 0 0 0 0 0 0 0 0 0 0 0 0 0 0 0 0 0 0 0 0 0 0 0 0 0 0 0 0 0 0 0 0 0 0 0 0 
0 0 0 0 0 0 0 0 0 0 0 0 0 0 0 0 0 0 0 0 0 0 0 0 0 0 0 0 0 0 0 0 0 0 0 0 0 0 0 0 0 0 0 0 0 0 0 0 0 0 0 0 0 0 0 0 0 0 0 0 0 0 0 0 0 0 0 0 0 0 0 0 0 0 0 0 0 0 0 0 0 0 0 0 0 0 0 0 0 0 0 0 0 0 0 0 0 0 0 0 
0 0 0 0 0 0 0 0 0 0 0 0 0 0 0 0 0 0 0 0 0 0 0 0 0 0 0 0 0 0 0 0 0 0 0 0 0 0 0 0 0 0 0 0 0 0 0 0 0 0 0 0 0 0 0 0 0 0 0 0 0 0 0 0 0 0 0 0 0 0 0 0 0 0 0 0 0 0 0 0 0 0 0 0 0 0 0 0 0 0 0 0 0 0 0 0 0 0 0 0 
0 0 0 0 0 0 0 0 0 0 0 0 0 0 0 0 0 0 0 0 0 0 0 0 0 0 0 0 0 0 0 0 0 0 0 0 0 0 0 0 0 0 0 0 0 0 0 0 0 0 0 0 0 0 0 0 0 0 0 0 0 0 0 0 0 0 0 0 0 0 0 0 0 0 0 0 0 0 0 0 0 0 0 0 0 0 0 0 0 0 0 0 0 0 0 0 0 0 0 0 
0 0 0 0 0 0 0 0 0 0 0 0 0 0 0 0 0 0 0 0 0 0 0 0 0 0 0 0 0 0 0 0 0 0 0 0 0 0 0 0 0 0 0 0 0 0 0 0 0 0 0 0 0 0 0 0 0 0 0 0 0 0 0 0 0 0 0 0 0 0 0 0 0 0 0 0 0 0 0 0 0 0 0 0 0 0 0 0 0 0 0 0 0 0 0 0 0 0 0 0 
0 0 0 0 0 0 0 0 0 0 0 0 0 0 0 0 0 0 0 0 0 0 0 0 0 0 0 0 0 0 0 0 0 0 0 0 0 0 0 0 0 0 0 0 0 0 0 0 0 0 0 0 0 0 0 0 0 0 0 0 0 0 0 0 0 0 0 0 0 0 0 0 0 0 0 0 0 0 0 0 0 0 0 0 0 0 0 0 0 0 0 0 0 0 0 0 0 0 0 0 
0 0 0 0 0 0 0 0 0 0 0 0 0 0 0 0 0 0 0 0 0 0 0 0 0 0 0 0 0 0 0 0 0 0 0 0 0 0 0 0 0 0 0 0 0 0 0 0 0 0 0 0 0 0 0 0 0 0 0 0 0 0 0 0 0 0 0 0 0 0 0 0 0 0 0 0 0 0 0 0 0 0 0 0 0 0 0 0 0 0 0 0 0 0 0 0 0 0 0 0 
0 0 0 0 0 0 0 0 0 0 0 0 0 0 0 0 0 0 0 0 0 0 0 0 0 0 0 0 0 0 0 0 0 0 0 0 0 0 0 0 0 0 0 0 0 0 0 0 0 0 0 0 0 0 0 0 0 0 0 0 0 0 0 0 0 0 0 0 0 0 0 0 0 0 0 0 0 0 0 0 0 0 0 0 0 0 0 0 0 0 0 0 0 0 0 0 0 0 0 0 
0 0 0 0 0 0 0 0 0 0 0 0 0 0 0 0 0 0 0 0 0 0 0 0 0 0 0 0 0 0 0 4038 7937 7581 7542 7603 7504 7556 7503 7460 7400 7590 7469 7254 7374 7380 7425 7405 7386 7348 7295 7525 7326 7437 7407 7406 7342 7497 7618 7387 7546 7556 7618 7482 7622 7639 7596 7987 3994 0 0 0 0 0 0 0 0 0 0 0 0 0 0 0 0 0 0 0 0 0 0 0 0 0 0 0 0 0 0 0 
0 0 0 0 0 0 0 0 0 0 0 0 0 0 0 0 0 0 0 0 0 0 0 0 0 0 0 0 0 0 0 7466 14728 14355 14314 14225 14159 14179 14460 14132 13975 14041 14030 13890 13810 13796 13792 13816 13785 13883 13769 13828 14017 13847 13898 13860 13843 13901 13913 14107 14162 14210 13993 14493 14214 14236 14455 14608 7575 0 0 0 0 0 0 0 0 0 0 0 0 0 0 0 0 0 0 0 0 0 0 0 0 0 0 0 0 0 0 0 
0 0 0 0 0 0 0 0 0 0 0 0 0 0 0 0 0 0 0 0 0 0 0 0 0 0 0 0 0 0 0 7545 14690 14201 14308 14398 14114 14315 14173 14252 14325 14199 13991 14200 13771 13684 13867 13806 13632 14000 13959 13974 13735 13642 13766 13891 13999 13933 14077 14264 14174 14507 14148 14203 14283 14357 14154 14616 7425 0 0 0 0 0 0 0 0 0 0 0 0 0 0 0 0 0 0 0 0 0 0 0 0 0 0 0 0 0 0 0 
0 0 0 0 0 0 0 0 0 0 0 0 0 0 0 0 0 0 0 0 0 0 0 0 0 0 0 0 0 0 0 7286 14789 14329 14302 14188 14257 14293 14087 14164 14248 14095 13979 14066 13865 14002 13919 13733 13701 13814 13758 13781 14104 13607 13988 13663 13904 14031 14236 14133 14221 14400 14230 14369 14040 14316 14252 14695 7559 0 0 0 0 0 0 0 0 0 0 0 0 0 0 0 0 0 0 0 0 0 0 0 0 0 0 0 0 0 0 0 
0 0 0 0 0 0 0 0 0 0 0 0 0 0 0 0 0 0 0 0 0 0 0 0 0 0 0 0 0 0 0 7632 14724 14295 14207 14287 14017 14032 14147 13878 14058 13755 13933 13866 13795 13642 13803 13863 13673 13743 13928 13982 13638 13977 13951 13851 13890 13894 13946 13928 14077 14101 14278 14368 14383 14244 14343 15008 7672 0 0 0 0 0 0 0 0 0 0 0 0 0 0 0 0 0 0 0 0 0 0 0 0 0 0 0 0 0 0 0 
0 0 0 0 0 0 0 0 0 0 0 0 0 0 0 0 0 0 0 0 0 0 0 0 0 0 0 0 0 0 0 7467 14792 14362 14196 14331 14250 14028 14085 14158 13923 14112 13752 13757 13769 13928 13920 13866 14023 13958 13788 13765 13905 13648 13879 13995 13844 14093 14022 14019 14027 14032 14281 14305 14485 14267 14311 14843 7712 0 0 0 0 0 0 0 0 0 0 0 0 0 0 0 0 0 0 0 0 0 0 0 0 0 0 0 0 0 0 0 
0 0 0 0 0 0 0 0 0 0 0 0 0 0 0 0 0 0 0 0 0 0 0 0 0 0 0 0 0 0 0 7471 14845 14149 14474 14333 14355 14130 14084 13979 13902 14227 13904 13967 13587 13924 13698 13763 13798 13867 13644 13538 13794 13895 13766 13878 13959 13802 13921 13995 13989 14409 14205 14035 14131 14177 14221 14780 7332 0 0 0 0 0 0 0 0 0 0 0 0 0 0 0 0 0 0 0 0 0 0 0 0 0 0 0 0 0 0 0 
0 0 0 0 0 0 0 0 0 0 0 0 0 0 0 0 0 0 0 0 0 0 0 0 0 0 0 0 0 0 0 7308 14694 14237 14150 14172 14133 14242 14038 13900 13959 13995 13724 13854 13816 13663 13606 13699 13593 13664 13723 13655 13488 13697 13667 13934 13699 13707 14038 13729 13962 14185 14139 14077 14242 13980 13884 14838 7461 0 0 0 0 0 0 0 0 0 0 0 0 0 0 0 0 0 0 0 0 0 0 0 0 0 0 0 0 0 0 0 
0 0 0 0 0 0 0 0 0 0 0 0 0 0 0 0 0 0 0 0 0 0 0 0 0 0 0 0 0 0 0 7353 14659 14125 13985 13974 14052 14082 14073 13943 13838 13909 13697 13802 13573 13501 13904 13540 13362 13705 13516 13561 13602 13640 13631 13746 13827 13631 13840 13871 13796 13802 14203 14084 14142 13883 14011 14528 7537 0 0 0 0 0 0 0 0 0 0 0 0 0 0 0 0 0 0 0 0 0 0 0 0 0 0 0 0 0 0 0 
0 0 0 0 0 0 0 0 0 0 0 0 0 0 0 0 0 0 0 0 0 0 0 0 0 0 0 0 0 0 0 7390 14436 13909 14097 14018 13999 13848 13973 13801 13685 13839 13541 13488 13537 13277 13623 13547 13391 13515 13522 13515 13359 13587 13706 13694 13456 13910 13629 13865 13905 13896 13943 13848 13809 14041 13812 14842 7350 0 0 0 0 0 0 0 0 0 0 0 0 0 0 0 0 0 0 0 0 0 0 0 0 0 0 0 0 0 0 0 
0 0 0 0 0 0 0 0 0 0 0 0 0 0 0 0 0 0 0 0 0 0 0 0 0 0 0 0 0 0 0 7369 14360 13784 13867 13803 13829 13860 13811 13843 13487 13741 13639 13603 13506 13401 13554 13660 13783 13416 13324 13307 13325 13360 13637 13551 13814 13630 13760 13586 13884 13827 14045 13860 14150 13912 14099 14557 7426 0 0 0 0 0 0 0 0 0 0 0 0 0 0 0 0 0 0 0 0 0 0 0 0 0 0 0 0 0 0 0 
0 0 0 0 0 0 0 0 0 0 0 0 0 0 0 0 0 0 0 0 0 0 0 0 0 0 0 0 0 0 0 7461 14372 13705 13866 14024 13817 13770 13600 13555 13522 13721 13422 13385 13471 13405 13383 13255 13391 13344 13400 13518 13450 13427 13379 13356 13453 13372 13613 13493 13820 13636 13631 13733 13793 13775 13865 14392 7355 0 0 0 0 0 0 0 0 0 0 0 0 0 0 0 0 0 0 0 0 0 0 0 0 0 0 0 0 0 0 0 
0 0 0 0 0 0 0 0 0 0 0 0 0 0 0 0 0 0 0 0 0 0 0 0 0 0 0 0 0 0 0 7282 14233 13628 13932 13797 13991 13615 13716 13550 13606 13473 13380 13314 13389 13282 13641 13467 13427 13224 13029 13378 13101 13301 13269 13362 13434 13533 13334 13641 13775 13706 13652 13486 13722 13875 13841 14579 7072 0 0 0 0 0 0 0 0 0 0 0 0 0 0 0 0 0 0 0 0 0 0 0 0 0 0 0 0 0 0 0 
0 0 0 0 0 0 0 0 0 0 0 0 0 0 0 0 0 0 0 0 0 0 0 0 0 0 0 0 0 0 0 7176 14267 13690 13645 13730 13603 13613 13559 13519 13375 13553 13317 13333 13136 13312 13483 13412 13300 13127 13261 13312 13398 13423 13390 13424 13328 13487 13508 13427 13431 13583 13505 13797 13668 13513 13715 14264 7309 0 0 0 0 0 0 0 0 0 0 0 0 0 0 0 0 0 0 0 0 0 0 0 0 0 0 0 0 0 0 0 
0 0 0 0 0 0 0 0 0 0 0 0 0 0 0 0 0 0 0 0 0 0 0 0 0 0 0 0 0 0 0 7229 14025 13644 13490 13431 13629 13728 13515 13557 13418 13613 13292 13387 13283 13295 13212 13358 13195 13358 13096 13052 12948 13122 13084 13303 13096 13420 13352 13388 13514 13383 13501 13443 13648 13386 13701 14098 7172 0 0 0 0 0 0 0 0 0 0 0 0 0 0 0 0 0 0 0 0 0 0 0 0 0 0 0 0 0 0 0 
0 0 0 0 0 0 0 0 0 0 0 0 0 0 0 0 0 0 0 0 0 0 0 0 0 0 0 0 0 0 0 7099 14001 13314 13642 13683 13594 13557 13231 13317 13224 13234 13328 13038 13160 13078 12945 13081 12954 13135 13162 13140 13150 13199 13258 13247 13272 13058 13311 13327 13496 13591 13326 13611 13600 13692 13421 13863 7195 0 0 0 0 0 0 0 0 0 0 0 0 0 0 0 0 0 0 0 0 0 0 0 0 0 0 0 0 0 0 0 
0 0 0 0 0 0 0 0 0 0 0 0 0 0 0 0 0 0 0 0 0 0 0 0 0 0 0 0 0 0 0 7034 13987 13328 13567 13339 13382 13325 13607 13233 13423 13274 13097 13190 13224 12981 12901 12796 12979 13020 12904 12945 12899 12949 13028 13158 12920 13419 13225 13400 13299 13526 13350 13650 13289 13372 13781 13929 7118 0 0 0 0 0 0 0 0 0 0 0 0 0 0 0 0 0 0 0 0 0 0 0 0 0 0 0 0 0 0 0 
0 0 0 0 0 0 0 0 0 0 0 0 0 0 0 0 0 0 0 0 0 0 0 0 0 0 0 0 0 0 0 7058 13746 13109 13387 13477 13437 13351 13254 13449 13160 13179 13207 13095 12986 13105 12933 13073 12945 13007 12874 13147 12714 13053 13096 12992 13236 13239 13243 13124 13274 13424 13439 13295 13489 13454 13675 14155 7133 0 0 0 0 0 0 0 0 0 0 0 0 0 0 0 0 0 0 0 0 0 0 0 0 0 0 0 0 0 0 0 
0 0 0 0 0 0 0 0 0 0 0 0 0 0 0 0 0 0 0 0 0 0 0 0 0 0 0 0 0 0 0 7073 13757 13346 13372 13308 13362 13308 13104 13340 13097 13071 13032 13102 12958 12883 13092 12907 12860 12958 13101 13086 13015 12855 13051 13076 13175 13087 13147 13202 13449 13261 13384 13136 13469 13661 13335 14158 7038 0 0 0 0 0 0 0 0 0 0 0 0 0 0 0 0 0 0 0 0 0 0 0 0 0 0 0 0 0 0 0 
0 0 0 0 0 0 0 0 0 0 0 0 0 0 0 0 0 0 0 0 0 0 0 0 0 0 0 0 0 0 0 7202 13896 13331 13287 13546 13559 13494 13304 13379 13243 13237 13328 13145 13022 12972 12778 13294 13050 13019 13128 13227 12867 13157 13242 13262 13153 13251 13305 13277 13343 13446 13423 13275 13451 13397 13432 13978 6979 0 0 0 0 0 0 0 0 0 0 0 0 0 0 0 0 0 0 0 0 0 0 0 0 0 0 0 0 0 0 0 
0 0 0 0 0 0 0 0 0 0 0 0 0 0 0 0 0 0 0 0 0 0 0 0 0 0 0 0 0 0 0 7184 14069 13575 13392 13515 13618 13540 13297 13723 13408 13353 13033 13035 13209 13098 13176 13017 13164 13150 13145 13156 13183 13229 13024 13227 13181 13273 13251 13313 13371 13645 13593 13612 13499 13497 13622 13950 7236 0 0 0 0 0 0 0 0 0 0 0 0 0 0 0 0 0 0 0 0 0 0 0 0 0 0 0 0 0 0 0 
0 0 0 0 0 0 0 0 0 0 0 0 0 0 0 0 0 0 0 0 0 0 0 0 0 0 0 0 0 0 0 7155 14081 13562 13611 13565 13649 13537 13366 13682 13365 13346 13386 13320 13194 13163 13257 13307 13165 13028 13174 13363 13142 13140 13355 13387 13323 13431 13460 13472 13261 13490 13490 13609 13481 13579 13614 14265 7458 0 0 0 0 0 0 0 0 0 0 0 0 0 0 0 0 0 0 0 0 0 0 0 0 0 0 0 0 0 0 0 
0 0 0 0 0 0 0 0 0 0 0 0 0 0 0 0 0 0 0 0 0 0 0 0 0 0 0 0 0 0 0 7309 14289 13758 13984 13708 13763 13839 13604 13455 13671 13437 13385 13311 13285 13288 13496 13240 13121 13401 13303 13348 13336 13461 13247 13332 13353 13382 13675 13513 13696 13511 13713 13779 13839 13837 13851 14509 7240 0 0 0 0 0 0 0 0 0 0 0 0 0 0 0 0 0 0 0 0 0 0 0 0 0 0 0 0 0 0 0 
0 0 0 0 0 0 0 0 0 0 0 0 0 0 0 0 0 0 0 0 0 0 0 0 0 0 0 0 0 0 0 7180 14404 13950 13756 13631 13982 13892 13685 13520 13612 13486 13378 13321 13418 13538 13521 13477 13455 13527 13363 13560 13503 13459 13351 13359 13629 13647 13486 13585 13567 13656 13644 13738 13712 13718 13963 14376 7315 0 0 0 0 0 0 0 0 0 0 0 0 0 0 0 0 0 0 0 0 0 0 0 0 0 0 0 0 0 0 0 
0 0 0 0 0 0 0 0 0 0 0 0 0 0 0 0 0 0 0 0 0 0 0 0 0 0 0 0 0 0 0 7305 14426 14077 13711 13936 13898 13907 13736 13752 13618 13879 13884 13643 13513 13554 13362 13526 13502 13409 13510 13332 13473 13298 13532 13483 13650 13379 13736 13775 13631 14051 13864 13887 13843 13902 14020 14572 7475 0 0 0 0 0 0 0 0 0 0 0 0 0 0 0 0 0 0 0 0 0 0 0 0 0 0 0 0 0 0 0 
0 0 0 0 0 0 0 0 0 0 0 0 0 0 0 0 0 0 0 0 0 0 0 0 0 0 0 0 0 0 0 7412 14365 13981 13967 14239 13829 13979 13843 14050 13946 13869 13749 13637 13797 13664 13559 13703 13454 13463 13389 13589 13485 13498 13801 13543 13488 13724 13658 14000 13931 13962 14030 13896 14272 14147 13842 14322 7380 0 0 0 0 0 0 0 0 0 0 0 0 0 0 0 0 0 0 0 0 0 0 0 0 0 0 0 0 0 0 0 
0 0 0 0 0 0 0 0 0 0 0 0 0 0 0 0 0 0 0 0 0 0 0 0 0 0 0 0 0 0 0 7370 14718 14049 13966 14097 13912 14266 13796 14003 14106 13712 13985 13471 13843 13693 13780 13641 13685 13426 13680 13705 13816 13835 13624 14036 13788 13981 14080 13767 13838 13997 14116 13866 13857 13978 14050 14772 7614 0 0 0 0 0 0 0 0 0 0 0 0 0 0 0 0 0 0 0 0 0 0 0 0 0 0 0 0 0 0 0 
0 0 0 0 0 0 0 0 0 0 0 0 0 0 0 0 0 0 0 0 0 0 0 0 0 0 0 0 0 0 0 7518 14729 14123 13908 14237 14220 14232 14128 14143 13962 13844 13795 13739 13784 13614 13903 13960 13783 13737 13719 13842 13804 13785 13781 13722 13811 13815 13730 14102 13843 13871 14094 14242 14193 14277 14203 14730 7513 0 0 0 0 0 0 0 0 0 0 0 0 0 0 0 0 0 0 0 0 0 0 0 0 0 0 0 0 0 0 0 
0 0 0 0 0 0 0 0 0 0 0 0 0 0 0 0 0 0 0 0 0 0 0 0 0 0 0 0 0 0 0 7704 14705 14151 14171 13889 14159 14191 13996 14135 13978 14012 13804 13853 14020 13720 13790 13730 13622 13880 13854 13765 13885 13899 13807 13854 13873 13978 13877 13849 13959 14159 14413 14194 14161 14045 14312 14795 7331 0 0 0 0 0 0 0 0 0 0 0 0 0 0 0 0 0 0 0 0 0 0 0 0 0 0 0 0 0 0 0 
0 0 0 0 0 0 0 0 0 0 0 0 0 0 0 0 0 0 0 0 0 0 0 0 0 0 0 0 0 0 0 7730 14801 14255 14171 14341 14383 14173 14087 14209 14026 14130 14281 13827 13976 13928 13648 13950 13870 13647 13834 13998 13895 13673 13554 14034 13831 13867 13972 14026 14122 14212 14022 14307 14360 14234 14105 14881 7520 0 0 0 0 0 0 0 0 0 0 0 0 0 0 0 0 0 0 0 0 0 0 0 0 0 0 0 0 0 0 0 
0 0 0 0 0 0 0 0 0 0 0 0 0 0 0 0 0 0 0 0 0 0 0 0 0 0 0 0 0 0 0 7589 14861 14151 14335 14485 14568 14004 14380 13981 14127 14304 13991 14023 14001 14100 13787 13773 13667 13879 13863 13984 13953 13972 13887 13841 14150 14008 14281 14169 14168 14293 14418 14519 14478 14180 14172 14772 7498 0 0 0 0 0 0 0 0 0 0 0 0 0 0 0 0 0 0 0 0 0 0 0 0 0 0 0 0 0 0 0 
0 0 0 0 0 0 0 0 0 0 0 0 0 0 0 0 0 0 0 0 0 0 0 0 0 0 0 0 0 0 0 7541 15214 14235 14358 14394 14468 14440 14376 14045 14270 14033 13976 14147 13960 13821 13784 13918 13931 13883 13885 13788 13822 13996 14146 13873 14130 14150 14086 14272 14252 14171 14222 14232 14104 14326 14407 15049 7526 0 0 0 0 0 0 0 0 0 0 0 0 0 0 0 0 0 0 0 0 0 0 0 0 0 0 0 0 0 0 0 
0 0 0 0 0 0 0 0 0 0 0 0 0 0 0 0 0 0 0 0 0 0 0 0 0 0 0 0 0 0 0 7717 14955 14534 14316 14285 14341 14112 14082 13959 14110 13910 14151 14041 13995 13872 13816 13919 13852 13808 13940 14057 13747 13911 13993 13953 14014 14291 14254 14276 14204 13983 14391 14295 14190 14096 14287 14973 7663 0 0 0 0 0 0 0 0 0 0 0 0 0 0 0 0 0 0 0 0 0 0 0 0 0 0 0 0 0 0 0 
0 0 0 0 0 0 0 0 0 0 0 0 0 0 0 0 0 0 0 0 0 0 0 0 0 0 0 0 0 0 0 7524 14765 14301 14173 14369 14343 13969 14047 14174 14030 13981 13957 13799 13906 13934 13858 13663 13748 13817 13683 13729 13741 13940 13663 13709 13621 13851 14059 13917 14041 14194 14062 14297 14181 14170 14300 14584 7495 0 0 0 0 0 0 0 0 0 0 0 0 0 0 0 0 0 0 0 0 0 0 0 0 0 0 0 0 0 0 0 
0 0 0 0 0 0 0 0 0 0 0 0 0 0 0 0 0 0 0 0 0 0 0 0 0 0 0 0 0 0 0 7373 14571 13727 14012 13949 14025 13968 13873 13957 13689 13794 13817 13700 13805 13598 13420 13399 13630 13510 13438 13520 13392 13627 13494 13742 13848 13653 13871 13664 13787 13636 13769 13957 13864 13860 14055 14441 7320 0 0 0 0 0 0 0 0 0 0 0 0 0 0 0 0 0 0 0 0 0 0 0 0 0 0 0 0 0 0 0 
0 0 0 0 0 0 0 0 0 0 0 0 0 0 0 0 0 0 0 0 0 0 0 0 0 0 0 0 0 0 0 7247 14436 13878 13701 13917 13661 13529 13428 13687 13489 13488 13385 13692 13279 13442 13347 13442 13135 13452 13298 13126 13480 13279 13389 13273 13590 13513 13477 13715 13652 13629 13959 13930 14042 13644 13710 14229 7192 0 0 0 0 0 0 0 0 0 0 0 0 0 0 0 0 0 0 0 0 0 0 0 0 0 0 0 0 0 0 0 
0 0 0 0 0 0 0 0 0 0 0 0 0 0 0 0 0 0 0 0 0 0 0 0 0 0 0 0 0 0 0 7233 14007 13410 13533 13498 13231 13361 13337 13405 13312 13219 13074 13244 13342 13354 13087 13266 13095 12987 13124 13239 13079 12959 13184 13240 13077 13240 13351 13319 13438 13515 13727 13593 13432 13548 13527 13869 7040 0 0 0 0 0 0 0 0 0 0 0 0 0 0 0 0 0 0 0 0 0 0 0 0 0 0 0 0 0 0 0 
0 0 0 0 0 0 0 0 0 0 0 0 0 0 0 0 0 0 0 0 0 0 0 0 0 0 0 0 0 0 0 6931 13633 13550 13462 13366 13445 13272 13175 13290 13091 13220 13280 13103 12994 13213 13035 12860 12980 12976 12798 12900 12924 13048 13074 12955 12975 12987 13160 13107 13283 13195 13264 13534 13529 13260 13330 13883 7022 0 0 0 0 0 0 0 0 0 0 0 0 0 0 0 0 0 0 0 0 0 0 0 0 0 0 0 0 0 0 0 
0 0 0 0 0 0 0 0 0 0 0 0 0 0 0 0 0 0 0 0 0 0 0 0 0 0 0 0 0 0 0 7079 13843 13300 13566 13405 13394 13424 13299 13126 13356 13120 12943 13163 12890 12934 12666 13060 12837 13145 13060 12892 13130 13027 12879 13089 12949 13002 13214 13277 12943 13224 13279 13273 13506 13458 13481 13770 7065 0 0 0 0 0 0 0 0 0 0 0 0 0 0 0 0 0 0 0 0 0 0 0 0 0 0 0 0 0 0 0 
0 0 0 0 0 0 0 0 0 0 0 0 0 0 0 0 0 0 0 0 0 0 0 0 0 0 0 0 0 0 0 7064 14244 13381 13540 13317 13608 13510 13428 13404 13515 13553 13375 13230 13338 13302 12982 13268 13104 13224 13225 13138 13036 13179 13279 13275 13200 13351 13425 13357 13479 13390 13403 13602 13474 13570 13724 14126 7072 0 0 0 0 0 0 0 0 0 0 0 0 0 0 0 0 0 0 0 0 0 0 0 0 0 0 0 0 0 0 0 
0 0 0 0 0 0 0 0 0 0 0 0 0 0 0 0 0 0 0 0 0 0 0 0 0 0 0 0 0 0 0 7266 14161 13919 13559 13678 13972 13829 13562 13736 13607 13514 13452 13323 13491 13350 13319 13189 13457 13336 13277 13288 13552 13354 13317 13228 13414 13301 13425 13501 13576 13573 13645 13787 13987 13699 13707 14488 7235 0 0 0 0 0 0 0 0 0 0 0 0 0 0 0 0 0 0 0 0 0 0 0 0 0 0 0 0 0 0 0 
0 0 0 0 0 0 0 0 0 0 0 0 0 0 0 0 0 0 0 0 0 0 0 0 0 0 0 0 0 0 0 7498 14421 14053 13802 14100 13868 13933 14014 14006 13887 13711 13824 13464 13627 13861 13522 13646 13385 13603 13571 13520 13547 13757 13623 13640 13748 13976 13714 13905 13978 13862 13861 13957 13912 14194 13908 14364 7365 0 0 0 0 0 0 0 0 0 0 0 0 0 0 0 0 0 0 0 0 0 0 0 0 0 0 0 0 0 0 0 
0 0 0 0 0 0 0 0 0 0 0 0 0 0 0 0 0 0 0 0 0 0 0 0 0 0 0 0 0 0 0 7516 14739 14233 14105 14207 14124 14147 14001 13934 14137 13931 13930 13813 13803 13989 13794 13907 13793 13567 13789 13871 13713 13750 13771 13761 13782 14011 13982 13917 13896 14119 14027 14317 14309 14364 14288 14567 7387 0 0 0 0 0 0 0 0 0 0 0 0 0 0 0 0 0 0 0 0 0 0 0 0 0 0 0 0 0 0 0 
0 0 0 0 0 0 0 0 0 0 0 0 0 0 0 0 0 0 0 0 0 0 0 0 0 0 0 0 0 0 0 7692 14881 14412 14407 14332 14249 14234 14355 14225 13972 14018 13832 13957 13811 13880 13955 13845 13770 13672 13824 13644 13856 13793 13844 13989 14092 14012 14206 14052 14062 14047 14255 14219 14202 13928 14414 14837 7538 0 0 0 0 0 0 0 0 0 0 0 0 0 0 0 0 0 0 0 0 0 0 0 0 0 0 0 0 0 0 0 
0 0 0 0 0 0 0 0 0 0 0 0 0 0 0 0 0 0 0 0 0 0 0 0 0 0 0 0 0 0 0 7640 14929 14439 14266 14186 14202 14405 14229 14224 14335 14096 13947 13759 13978 13898 13671 13867 14032 13527 13846 13772 13810 14117 13983 13961 14108 14168 13944 14002 14306 14170 14215 14385 14403 14398 14319 15012 7536 0 0 0 0 0 0 0 0 0 0 0 0 0 0 0 0 0 0 0 0 0 0 0 0 0 0 0 0 0 0 0 
0 0 0 0 0 0 0 0 0 0 0 0 0 0 0 0 0 0 0 0 0 0 0 0 0 0 0 0 0 0 0 7490 14871 14378 14186 14286 14471 14146 14476 14046 14104 14353 13823 13880 14100 13964 13795 13770 13895 13839 13876 13858 13743 13774 13800 13870 14151 14016 14101 14175 13969 14008 14113 14513 14296 14401 14430 14953 7464 0 0 0 0 0 0 0 0 0 0 0 0 0 0 0 0 0 0 0 0 0 0 0 0 0 0 0 0 0 0 0 
0 0 0 0 0 0 0 0 0 0 0 0 0 0 0 0 0 0 0 0 0 0 0 0 0 0 0 0 0 0 0 7563 15022 14359 14054 14171 13894 14391 14242 13898 14049 13902 13913 13854 13869 13864 13873 13866 13806 13704 13804 13681 13708 13675 13775 13898 13919 13891 14004 13862 14291 14301 14166 14234 14157 14306 14240 14670 7652 0 0 0 0 0 0 0 0 0 0 0 0 0 0 0 0 0 0 0 0 0 0 0 0 0 0 0 0 0 0 0 
0 0 0 0 0 0 0 0 0 0 0 0 0 0 0 0 0 0 0 0 0 0 0 0 0 0 0 0 0 0 0 7536 14782 14351 14248 14398 14039 14053 14109 14066 14161 14188 13922 13885 13995 13808 13780 13623 13747 13727 13837 13797 13596 13772 13823 14030 13856 13911 14108 13811 13915 14199 14254 14241 14070 14430 14138 14772 7484 0 0 0 0 0 0 0 0 0 0 0 0 0 0 0 0 0 0 0 0 0 0 0 0 0 0 0 0 0 0 0 
0 0 0 0 0 0 0 0 0 0 0 0 0 0 0 0 0 0 0 0 0 0 0 0 0 0 0 0 0 0 0 7573 14665 14340 14160 14086 14161 13837 14016 13955 13989 13917 13900 13840 13786 13905 13663 13777 13643 13743 13653 13815 13716 13729 13753 13578 14058 14038 13713 13848 13994 14091 14163 14218 14067 14381 14354 14515 7612 0 0 0 0 0 0 0 0 0 0 0 0 0 0 0 0 0 0 0 0 0 0 0 0 0 0 0 0 0 0 0 
0 0 0 0 0 0 0 0 0 0 0 0 0 0 0 0 0 0 0 0 0 0 0 0 0 0 0 0 0 0 0 7291 14819 14011 14130 14113 14088 14052 13673 14172 14043 13903 13807 13634 13613 13569 13633 13881 13560 13767 13654 13548 13563 13692 13633 13799 13667 13757 13717 13946 13877 14022 14086 14106 14254 14089 13965 14586 7397 0 0 0 0 0 0 0 0 0 0 0 0 0 0 0 0 0 0 0 0 0 0 0 0 0 0 0 0 0 0 0 
0 0 0 0 0 0 0 0 0 0 0 0 0 0 0 0 0 0 0 0 0 0 0 0 0 0 0 0 0 0 0 7362 14530 13894 14028 13915 13809 13965 13878 13931 13807 13940 13616 13650 13700 13620 13537 13540 13600 13455 13483 13487 13666 13466 13736 13634 13847 13548 13599 13648 13730 13998 13890 13839 13927 13992 13942 14473 7421 0 0 0 0 0 0 0 0 0 0 0 0 0 0 0 0 0 0 0 0 0 0 0 0 0 0 0 0 0 0 0 
0 0 0 0 0 0 0 0 0 0 0 0 0 0 0 0 0 0 0 0 0 0 0 0 0 0 0 0 0 0 0 7411 14287 13882 13848 13856 13888 13881 13666 13831 13551 13591 13523 13694 13626 13518 13604 13552 13330 13448 13234 13397 13275 13496 13626 13651 13495 13658 13577 13765 13873 13899 14033 13916 13760 13682 13809 14500 7198 0 0 0 0 0 0 0 0 0 0 0 0 0 0 0 0 0 0 0 0 0 0 0 0 0 0 0 0 0 0 0 
0 0 0 0 0 0 0 0 0 0 0 0 0 0 0 0 0 0 0 0 0 0 0 0 0 0 0 0 0 0 0 7275 14354 13776 13814 13744 13831 13544 13606 13644 13619 13457 13336 13526 13397 13335 13675 13445 13469 13473 13520 13290 13541 13336 13298 13320 13362 13500 13417 13641 13806 13676 13782 13824 13545 13683 13854 14310 7186 0 0 0 0 0 0 0 0 0 0 0 0 0 0 0 0 0 0 0 0 0 0 0 0 0 0 0 0 0 0 0 
0 0 0 0 0 0 0 0 0 0 0 0 0 0 0 0 0 0 0 0 0 0 0 0 0 0 0 0 0 0 0 7207 14065 13720 13642 13510 13522 13726 13529 13347 13454 13496 13445 13464 13559 13341 13413 13225 13489 13134 13282 13247 13137 13367 13282 13464 13448 13259 13416 13506 13803 13715 13700 13859 13984 13649 13772 14104 7336 0 0 0 0 0 0 0 0 0 0 0 0 0 0 0 0 0 0 0 0 0 0 0 0 0 0 0 0 0 0 0 
0 0 0 0 0 0 0 0 0 0 0 0 0 0 0 0 0 0 0 0 0 0 0 0 0 0 0 0 0 0 0 7199 14141 13505 13553 13490 13528 13707 13315 13301 13445 13241 13462 13197 13059 13203 13276 13130 13126 13492 13205 13373 13167 13250 13269 13108 13341 13255 13197 13451 13496 13602 13568 13561 13594 13670 13385 14164 7246 0 0 0 0 0 0 0 0 0 0 0 0 0 0 0 0 0 0 0 0 0 0 0 0 0 0 0 0 0 0 0 
0 0 0 0 0 0 0 0 0 0 0 0 0 0 0 0 0 0 0 0 0 0 0 0 0 0 0 0 0 0 0 7094 13937 13538 13412 13606 13628 13467 13574 13175 13218 13226 13357 13199 13030 13139 12988 13066 13207 13059 13067 13011 13167 13184 13188 13372 13287 13197 13105 13038 13266 13646 13433 13730 13492 13567 13635 13827 7096 0 0 0 0 0 0 0 0 0 0 0 0 0 0 0 0 0 0 0 0 0 0 0 0 0 0 0 0 0 0 0 
0 0 0 0 0 0 0 0 0 0 0 0 0 0 0 0 0 0 0 0 0 0 0 0 0 0 0 0 0 0 0 7212 13991 13426 13414 13434 13555 13330 13598 13218 13040 13093 13165 12985 13015 12991 13024 13089 12965 13093 13103 13186 13099 12924 13092 12909 13174 13218 13518 13140 13189 13338 13249 13228 13520 13593 13398 13915 6983 0 0 0 0 0 0 0 0 0 0 0 0 0 0 0 0 0 0 0 0 0 0 0 0 0 0 0 0 0 0 0 
0 0 0 0 0 0 0 0 0 0 0 0 0 0 0 0 0 0 0 0 0 0 0 0 0 0 0 0 0 0 0 7073 13884 13163 13200 13656 13233 13105 13279 13126 13133 13319 13218 12942 12836 12980 13093 12956 12827 13318 13044 12970 12973 13106 13155 12962 13027 13168 13157 13050 13309 13324 13252 13340 13220 13249 13367 13866 7038 0 0 0 0 0 0 0 0 0 0 0 0 0 0 0 0 0 0 0 0 0 0 0 0 0 0 0 0 0 0 0 
0 0 0 0 0 0 0 0 0 0 0 0 0 0 0 0 0 0 0 0 0 0 0 0 0 0 0 0 0 0 0 7130 13783 13475 13382 13377 13355 13546 13466 13217 13224 13256 13135 13081 13026 13087 13151 13019 12993 13170 13170 13122 12868 13092 13203 12970 13207 12858 13346 13085 13345 13122 13357 13261 13213 13350 13374 14077 6939 0 0 0 0 0 0 0 0 0 0 0 0 0 0 0 0 0 0 0 0 0 0 0 0 0 0 0 0 0 0 0 
0 0 0 0 0 0 0 0 0 0 0 0 0 0 0 0 0 0 0 0 0 0 0 0 0 0 0 0 0 0 0 7046 13943 13393 13502 13236 13561 13540 13216 13387 13480 13218 13239 13085 12924 13040 13123 13171 12968 12824 12783 13284 13045 13131 13161 13063 13161 13317 13085 13178 13257 13356 13351 13511 13571 13440 13293 14018 7190 0 0 0 0 0 0 0 0 0 0 0 0 0 0 0 0 0 0 0 0 0 0 0 0 0 0 0 0 0 0 0 
0 0 0 0 0 0 0 0 0 0 0 0 0 0 0 0 0 0 0 0 0 0 0 0 0 0 0 0 0 0 0 7213 14012 13574 13439 13435 13791 13554 13516 13272 13200 13336 13466 13263 13037 13288 13300 13060 12999 12814 13169 13346 13242 13118 13255 13214 13278 13155 13295 13389 13346 13393 13289 13610 13490 13740 13705 14048 7064 0 0 0 0 0 0 0 0 0 0 0 0 0 0 0 0 0 0 0 0 0 0 0 0 0 0 0 0 0 0 0 
0 0 0 0 0 0 0 0 0 0 0 0 0 0 0 0 0 0 0 0 0 0 0 0 0 0 0 0 0 0 0 7218 14139 13540 13494 13484 13441 13523 13292 13482 13317 13116 13128 13200 13180 13072 13345 13272 12961 13018 12966 13314 13270 13070 13034 13253 13318 13334 13362 13453 13647 13546 13573 13721 13613 13491 13817 14218 7008 0 0 0 0 0 0 0 0 0 0 0 0 0 0 0 0 0 0 0 0 0 0 0 0 0 0 0 0 0 0 0 
0 0 0 0 0 0 0 0 0 0 0 0 0 0 0 0 0 0 0 0 0 0 0 0 0 0 0 0 0 0 0 7240 13961 13578 13433 13686 13539 13565 13622 13423 13517 13439 13412 13265 13321 13197 13303 13134 13027 13469 13301 13228 13352 13260 13066 13219 13352 13327 13247 13392 13379 13655 13745 13717 13650 13647 13723 14264 7248 0 0 0 0 0 0 0 0 0 0 0 0 0 0 0 0 0 0 0 0 0 0 0 0 0 0 0 0 0 0 0 
0 0 0 0 0 0 0 0 0 0 0 0 0 0 0 0 0 0 0 0 0 0 0 0 0 0 0 0 0 0 0 7289 14340 13528 13754 13668 13742 13653 13474 13706 13393 13321 13425 13462 13445 13399 13419 13237 13249 13489 13367 13460 13211 13383 13412 13544 13532 13436 13586 13363 13677 13537 13634 13596 13739 13643 13567 14353 7272 0 0 0 0 0 0 0 0 0 0 0 0 0 0 0 0 0 0 0 0 0 0 0 0 0 0 0 0 0 0 0 
0 0 0 0 0 0 0 0 0 0 0 0 0 0 0 0 0 0 0 0 0 0 0 0 0 0 0 0 0 0 0 7167 14546 13844 13682 13922 13903 13778 13857 13545 13466 13396 13607 13431 13520 13436 13299 13201 13546 13367 13595 13211 13372 13429 13316 13213 13657 13488 13720 13705 13628 13795 13853 14092 13785 13696 13674 14297 7392 0 0 0 0 0 0 0 0 0 0 0 0 0 0 0 0 0 0 0 0 0 0 0 0 0 0 0 0 0 0 0 
0 0 0 0 0 0 0 0 0 0 0 0 0 0 0 0 0 0 0 0 0 0 0 0 0 0 0 0 0 0 0 7252 14219 13984 13812 13747 13803 13873 13667 13757 13673 13530 13468 13572 13617 13659 13339 13549 13484 13196 13407 13364 13431 13373 13545 13677 13523 13728 13628 13688 13687 13844 13888 13581 13802 13766 13811 14350 7402 0 0 0 0 0 0 0 0 0 0 0 0 0 0 0 0 0 0 0 0 0 0 0 0 0 0 0 0 0 0 0 
0 0 0 0 0 0 0 0 0 0 0 0 0 0 0 0 0 0 0 0 0 0 0 0 0 0 0 0 0 0 0 7383 14616 14094 14126 14042 13912 13800 13718 13755 13823 13708 13557 13538 13371 13615 13532 13637 13635 13609 13378 13604 13559 13460 13526 13613 13515 13701 13834 13879 13929 13898 13862 13869 13989 14068 13747 14578 7410 0 0 0 0 0 0 0 0 0 0 0 0 0 0 0 0 0 0 0 0 0 0 0 0 0 0 0 0 0 0 0 
0 0 0 0 0 0 0 0 0 0 0 0 0 0 0 0 0 0 0 0 0 0 0 0 0 0 0 0 0 0 0 7479 14887 13900 13943 14039 14086 14040 14069 13912 13805 13751 13911 13690 13679 13768 13765 13597 13583 13529 13539 13579 13519 13668 13639 13556 13868 13773 13918 13719 13764 13883 13956 14094 14030 14124 14026 14601 7423 0 0 0 0 0 0 0 0 0 0 0 0 0 0 0 0 0 0 0 0 0 0 0 0 0 0 0 0 0 0 0 
0 0 0 0 0 0 0 0 0 0 0 0 0 0 0 0 0 0 0 0 0 0 0 0 0 0 0 0 0 0 0 7527 14749 13890 14203 14084 14098 13956 14017 13977 13894 13807 13654 13770 13855 13736 13789 13804 13683 13601 13601 13642 13748 13576 13753 13647 13816 13803 14022 13797 13912 13888 14189 14261 14290 14228 14400 14726 7532 0 0 0 0 0 0 0 0 0 0 0 0 0 0 0 0 0 0 0 0 0 0 0 0 0 0 0 0 0 0 0 
0 0 0 0 0 0 0 0 0 0 0 0 0 0 0 0 0 0 0 0 0 0 0 0 0 0 0 0 0 0 0 7428 14905 14319 14001 14203 14043 14043 14154 14177 14026 13877 14004 13956 13820 13788 13656 13961 13825 13622 13865 13886 13808 13731 13873 13821 13931 13848 13802 13899 13966 14199 13997 14469 13999 14186 14123 14846 7475 0 0 0 0 0 0 0 0 0 0 0 0 0 0 0 0 0 0 0 0 0 0 0 0 0 0 0 0 0 0 0 
0 0 0 0 0 0 0 0 0 0 0 0 0 0 0 0 0 0 0 0 0 0 0 0 0 0 0 0 0 0 0 7472 14567 14189 14163 14120 14093 14109 13942 13880 14220 14065 13911 14046 13806 13818 13569 13746 13956 13645 14002 13809 13886 13869 13882 13770 13918 13930 13872 14025 14082 14246 13930 14046 14225 14292 14375 14975 7658 0 0 0 0 0 0 0 0 0 0 0 0 0 0 0 0 0 0 0 0 0 0 0 0 0 0 0 0 0 0 0 
0 0 0 0 0 0 0 0 0 0 0 0 0 0 0 0 0 0 0 0 0 0 0 0 0 0 0 0 0 0 0 7438 14774 14164 14298 14311 14064 14069 14312 13950 13966 14221 14053 13919 13850 13786 13791 13898 13816 13930 13598 13846 13616 13598 13974 13856 13801 14015 13879 14015 13934 14309 14138 14177 14331 14287 14332 14679 7608 0 0 0 0 0 0 0 0 0 0 0 0 0 0 0 0 0 0 0 0 0 0 0 0 0 0 0 0 0 0 0 
0 0 0 0 0 0 0 0 0 0 0 0 0 0 0 0 0 0 0 0 0 0 0 0 0 0 0 0 0 0 0 7529 14799 14335 14216 14300 14355 14196 14187 13994 13847 14453 14055 13899 13651 13859 13634 13564 13961 13722 14035 13891 13686 13737 13779 13875 13906 13938 13968 14056 14390 14295 14175 14400 14267 14104 14262 14770 7371 0 0 0 0 0 0 0 0 0 0 0 0 0 0 0 0 0 0 0 0 0 0 0 0 0 0 0 0 0 0 0 
0 0 0 0 0 0 0 0 0 0 0 0 0 0 0 0 0 0 0 0 0 0 0 0 0 0 0 0 0 0 0 7459 14816 14394 14141 13939 14258 13974 14033 14094 13991 14030 13873 13912 13907 13866 14004 13839 13731 13743 13980 13930 13690 13673 13756 13794 13842 14174 14253 13867 14046 14240 14314 14175 14146 14221 14363 14617 7550 0 0 0 0 0 0 0 0 0 0 0 0 0 0 0 0 0 0 0 0 0 0 0 0 0 0 0 0 0 0 0 
0 0 0 0 0 0 0 0 0 0 0 0 0 0 0 0 0 0 0 0 0 0 0 0 0 0 0 0 0 0 0 7442 14751 14049 14308 14400 14409 14022 14075 14023 14044 13867 13996 14017 14027 13891 13662 13839 13691 13780 13733 13641 13773 13613 14137 13913 13740 14195 14040 13965 14229 14284 14396 14280 14310 14317 14064 14915 7359 0 0 0 0 0 0 0 0 0 0 0 0 0 0 0 0 0 0 0 0 0 0 0 0 0 0 0 0 0 0 0 
0 0 0 0 0 0 0 0 0 0 0 0 0 0 0 0 0 0 0 0 0 0 0 0 0 0 0 0 0 0 0 3964 7958 7465 7442 7706 7581 7522 7625 7421 7452 7245 7368 7563 7619 7504 7324 7329 7211 7430 7406 7467 7323 7236 7521 7286 7388 7437 7463 7436 7543 7521 7551 7468 7488 7563 7515 7923 4054 0 0 0 0 0 0 0 0 0 0 0 0 0 0 0 0 0 0 0 0 0 0 0 0 0 0 0 0 0 0 0 
0 0 0 0 0 0 0 0 0 0 0 0 0 0 0 0 0 0 0 0 0 0 0 0 0 0 0 0 0 0 0 0 0 0 0 0 0 0 0 0 0 0 0 0 0 0 0 0 0 0 0 0 0 0 0 0 0 0 0 0 0 0 0 0 0 0 0 0 0 0 0 0 0 0 0 0 0 0 0 0 0 0 0 0 0 0 0 0 0 0 0 0 0 0 0 0 0 0 0 0 
0 0 0 0 0 0 0 0 0 0 0 0 0 0 0 0 0 0 0 0 0 0 0 0 0 0 0 0 0 0 0 0 0 0 0 0 0 0 0 0 0 0 0 0 0 0 0 0 0 0 0 0 0 0 0 0 0 0 0 0 0 0 0 0 0 0 0 0 0 0 0 0 0 0 0 0 0 0 0 0 0 0 0 0 0 0 0 0 0 0 0 0 0 0 0 0 0 0 0 0 
0 0 0 0 0 0 0 0 0 0 0 0 0 0 0 0 0 0 0 0 0 0 0 0 0 0 0 0 0 0 0 0 0 0 0 0 0 0 0 0 0 0 0 0 0 0 0 0 0 0 0 0 0 0 0 0 0 0 0 0 0 0 0 0 0 0 0 0 0 0 0 0 0 0 0 0 0 0 0 0 0 0 0 0 0 0 0 0 0 0 0 0 0 0 0 0 0 0 0 0 
0 0 0 0 0 0 0 0 0 0 0 0 0 0 0 0 0 0 0 0 0 0 0 0 0 0 0 0 0 0 0 0 0 0 0 0 0 0 0 0 0 0 0 0 0 0 0 0 0 0 0 0 0 0 0 0 0 0 0 0 0 0 0 0 0 0 0 0 0 0 0 0 0 0 0 0 0 0 0 0 0 0 0 0 0 0 0 0 0 0 0 0 0 0 0 0 0 0 0 0 
0 0 0 0 0 0 0 0 0 0 0 0 0 0 0 0 0 0 0 0 0 0 0 0 0 0 0 0 0 0 0 0 0 0 0 0 0 0 0 0 0 0 0 0 0 0 0 0 0 0 0 0 0 0 0 0 0 0 0 0 0 0 0 0 0 0 0 0 0 0 0 0 0 0 0 0 0 0 0 0 0 0 0 0 0 0 0 0 0 0 0 0 0 0 0 0 0 0 0 0 
0 0 0 0 0 0 0 0 0 0 0 0 0 0 0 0 0 0 0 0 0 0 0 0 0 0 0 0 0 0 0 0 0 0 0 0 0 0 0 0 0 0 0 0 0 0 0 0 0 0 0 0 0 0 0 0 0 0 0 0 0 0 0 0 0 0 0 0 0 0 0 0 0 0 0 0 0 0 0 0 0 0 0 0 0 0 0 0 0 0 0 0 0 0 0 0 0 0 0 0 
0 0 0 0 0 0 0 0 0 0 0 0 0 0 0 0 0 0 0 0 0 0 0 0 0 0 0 0 0 0 0 0 0 0 0 0 0 0 0 0 0 0 0 0 0 0 0 0 0 0 0 0 0 0 0 0 0 0 0 0 0 0 0 0 0 0 0 0 0 0 0 0 0 0 0 0 0 0 0 0 0 0 0 0 0 0 0 0 0 0 0 0 0 0 0 0 0 0 0 0 
0 0 0 0 0 0 0 0 0 0 0 0 0 0 0 0 0 0 0 0 0 0 0 0 0 0 0 0 0 0 0 0 0 0 0 0 0 0 0 0 0 0 0 0 0 0 0 0 0 0 0 0 0 0 0 0 0 0 0 0 0 0 0 0 0 0 0 0 0 0 0 0 0 0 0 0 0 0 0 0 0 0 0 0 0 0 0 0 0 0 0 0 0 0 0 0 0 0 0 0 
0 0 0 0 0 0 0 0 0 0 0 0 0 0 0 0 0 0 0 0 0 0 0 0 0 0 0 0 0 0 0 0 0 0 0 0 0 0 0 0 0 0 0 0 0 0 0 0 0 0 0 0 0 0 0 0 0 0 0 0 0 0 0 0 0 0 0 0 0 0 0 0 0 0 0 0 0 0 0 0 0 0 0 0 0 0 0 0 0 0 0 0 0 0 0 0 0 0 0 0 
0 0 0 0 0 0 0 0 0 0 0 0 0 0 0 0 0 0 0 0 0 0 0 0 0 0 0 0 0 0 0 0 0 0 0 0 0 0 0 0 0 0 0 0 0 0 0 0 0 0 0 0 0 0 0 0 0 0 0 0 0 0 0 0 0 0 0 0 0 0 0 0 0 0 0 0 0 0 0 0 0 0 0 0 0 0 0 0 0 0 0 0 0 0 0 0 0 0 0 0 
0 0 0 0 0 0 0 0 0 0 0 0 0 0 0 0 0 0 0 0 0 0 0 0 0 0 0 0 0 0 0 0 0 0 0 0 0 0 0 0 0 0 0 0 0 0 0 0 0 0 0 0 0 0 0 0 0 0 0 0 0 0 0 0 0 0 0 0 0 0 0 0 0 0 0 0 0 0 0 0 0 0 0 0 0 0 0 0 0 0 0 0 0 0 0 0 0 0 0 0 
0 0 0 0 0 0 0 0 0 0 0 0 0 0 0 0 0 0 0 0 0 0 0 0 0 0 0 0 0 0 0 0 0 0 0 0 0 0 0 0 0 0 0 0 0 0 0 0 0 0 0 0 0 0 0 0 0 0 0 0 0 0 0 0 0 0 0 0 0 0 0 0 0 0 0 0 0 0 0 0 0 0 0 0 0 0 0 0 0 0 0 0 0 0 0 0 0 0 0 0 
