# Format: McCode with text headers
# URL: http://www.mccode.org
# Creator:  3.6.14, git
# Instrument: FullInstrument_v5_working.instr
# Ncount: 25000000
# Trace: no
# Gravitation: no
# Seed: 1780431103413608
# Directory: scan_h50mm_r5mm_t1.5mm
# Nodes: 8
# Param: SourceE=5
# Param: DeltaSourceE=0.5
# Param: EI=5
# Param: A3=0
# Param: A4=-45
# Param: SAMPLE=0
# Param: RV_mono_Bool=1
# Param: RH_mono_Bool=1
# Param: Lv=1.872
# Param: Lh=1.34
# Param: monoShieldingWidth=0.062
# Param: monoShieldingHeight=0.14
# Param: monoShieldingDistance=0.235
# Param: MonoShielding=1
# Param: Be_filter=1
# Param: sampleHeight=0.05
# Param: sampleRadius=0.005
# Param: sampleThickness=0.0015
# Param: samplePosY=0
# Param: sampleFluxDiagnosticXWidth=0.08
# Param: sampleFluxDiagnosticYHeight=0.08
# Date: Tue Jun  2 22:18:03 2026 (1780431483)
# type: array_2d(100, 100)
# Source: PSI_CAMEA (FullInstrument_v5_working.instr)
# component: E2PSD
# position: 0 0 17.2917
# title: PSD monitor
# Ncount: 200000000
# filename: ExitE2.dat
# statistics: X0=-0.000140251; dX=1.49695; Y0=-0.0150936; dY=4.52143;
# signal: Min=0; Max=731615; Mean=139022;
# values: 1.39022e+09 141136 1.42683e+08
# xvar: X 
# yvar: Y 
# xlabel: X position [cm]
# ylabel: Y position [cm]
# zvar: I
# zlabel: Signal per bin
# xylimits: -10 10 -10 10
# variables: I I_err N
# Data [E2PSD/ExitE2.dat] I:
0 0 0 0 0 0 0 0 0 0 0 0 0 0 0 0 0 0 0 0 0 0 0 0 0 0 0 0 0 0 0 0 0 0 0 0 0 0 0 0 0 0 0 0 0 0 0 0 0 0 0 0 0 0 0 0 0 0 0 0 0 0 0 0 0 0 0 0 0 0 0 0 0 0 0 0 0 0 0 0 0 0 0 0 0 0 0 0 0 0 0 0 0 0 0 0 0 0 0 0 
0 0 0 0 0 0 0 0 0 0 0 0 0 0 0 0 0 0 0 0 0 0 0 0 0 0 0 0 0 0 0 0 0 0 0 0 0 0 0 0 0 0 0 0 0 0 0 0 0 0 0 0 0 0 0 0 0 0 0 0 0 0 0 0 0 0 0 0 0 0 0 0 0 0 0 0 0 0 0 0 0 0 0 0 0 0 0 0 0 0 0 0 0 0 0 0 0 0 0 0 
0 0 0 0 0 0 0 0 0 0 0 0 0 0 0 0 0 0 0 0 0 0 0 0 0 0 0 0 0 0 0 0 0 0 0 0 0 0 0 0 0 0 0 0 0 0 0 0 0 0 0 0 0 0 0 0 0 0 0 0 0 0 0 0 0 0 0 0 0 0 0 0 0 0 0 0 0 0 0 0 0 0 0 0 0 0 0 0 0 0 0 0 0 0 0 0 0 0 0 0 
0 0 0 0 0 0 0 0 0 0 0 0 0 0 0 0 0 0 0 0 0 0 0 0 0 0 0 0 0 0 0 0 0 0 0 0 0 0 0 0 0 0 0 0 0 0 0 0 0 0 0 0 0 0 0 0 0 0 0 0 0 0 0 0 0 0 0 0 0 0 0 0 0 0 0 0 0 0 0 0 0 0 0 0 0 0 0 0 0 0 0 0 0 0 0 0 0 0 0 0 
0 0 0 0 0 0 0 0 0 0 0 0 0 0 0 0 0 0 0 0 0 0 0 0 0 0 0 0 0 0 0 0 0 0 0 0 0 0 0 0 0 0 0 0 0 0 0 0 0 0 0 0 0 0 0 0 0 0 0 0 0 0 0 0 0 0 0 0 0 0 0 0 0 0 0 0 0 0 0 0 0 0 0 0 0 0 0 0 0 0 0 0 0 0 0 0 0 0 0 0 
0 0 0 0 0 0 0 0 0 0 0 0 0 0 0 0 0 0 0 0 0 0 0 0 0 0 0 0 0 0 0 0 0 0 0 0 0 0 0 0 0 0 0 0 0 0 0 0 0 0 0 0 0 0 0 0 0 0 0 0 0 0 0 0 0 0 0 0 0 0 0 0 0 0 0 0 0 0 0 0 0 0 0 0 0 0 0 0 0 0 0 0 0 0 0 0 0 0 0 0 
0 0 0 0 0 0 0 0 0 0 0 0 0 0 0 0 0 0 0 0 0 0 0 0 0 0 0 0 0 0 0 0 0 0 0 0 0 0 0 0 0 0 0 0 0 0 0 0 0 0 0 0 0 0 0 0 0 0 0 0 0 0 0 0 0 0 0 0 0 0 0 0 0 0 0 0 0 0 0 0 0 0 0 0 0 0 0 0 0 0 0 0 0 0 0 0 0 0 0 0 
0 0 0 0 0 0 0 0 0 0 0 0 0 0 0 0 0 0 0 0 0 0 0 0 0 0 0 0 0 0 0 0 0 0 0 0 0 0 0 0 0 0 0 0 0 0 0 0 0 0 0 0 0 0 0 0 0 0 0 0 0 0 0 0 0 0 0 0 0 0 0 0 0 0 0 0 0 0 0 0 0 0 0 0 0 0 0 0 0 0 0 0 0 0 0 0 0 0 0 0 
0 0 0 0 0 0 0 0 0 0 0 0 0 0 0 0 0 0 0 0 0 0 0 0 0 0 0 0 0 0 0 0 0 0 0 0 0 0 0 0 0 0 0 0 0 0 0 0 0 0 0 0 0 0 0 0 0 0 0 0 0 0 0 0 0 0 0 0 0 0 0 0 0 0 0 0 0 0 0 0 0 0 0 0 0 0 0 0 0 0 0 0 0 0 0 0 0 0 0 0 
0 0 0 0 0 0 0 0 0 0 0 0 0 0 0 0 0 0 0 0 0 0 0 0 0 0 0 0 0 0 0 0 0 0 0 0 0 0 0 0 0 0 0 0 0 0 0 0 0 0 0 0 0 0 0 0 0 0 0 0 0 0 0 0 0 0 0 0 0 0 0 0 0 0 0 0 0 0 0 0 0 0 0 0 0 0 0 0 0 0 0 0 0 0 0 0 0 0 0 0 
0 0 0 0 0 0 0 0 0 0 0 0 0 0 0 0 0 0 0 0 0 0 0 0 0 0 0 0 0 0 0 0 0 0 0 0 0 291954.3283 325106.034 328305.8598 319383.4715 322308.1889 319742.2438 321139.1454 321426.6753 315960.5187 315980.2212 316022.1651 313634.7035 311946.4832 313863.374 312184.8961 315315.4941 317690.0134 316418.6095 317249.5489 322032.4714 318317.626 318889.4475 324451.1037 324462.2812 328586.5232 287990.2835 0 0 0 0 0 0 0 0 0 0 0 0 0 0 0 0 0 0 0 0 0 0 0 0 0 0 0 0 0 0 0 0 0 0 0 0 0 
0 0 0 0 0 0 0 0 0 0 0 0 0 0 0 0 0 0 0 0 0 0 0 0 0 0 0 0 0 0 0 0 0 0 0 0 0 614441.3814 686969.4756 690322.4951 685770.0834 686251.149 682269.8101 678378.1432 673881.5811 673215.2437 669713.0629 667568.8417 666172.4243 665899.2427 658536.5578 665905.9065 670892.6329 678509.5183 669119.8345 681323.294 679436.9702 681307.1433 687145.7672 683174.6033 684860.1353 691270.4694 617409.8502 0 0 0 0 0 0 0 0 0 0 0 0 0 0 0 0 0 0 0 0 0 0 0 0 0 0 0 0 0 0 0 0 0 0 0 0 0 
0 0 0 0 0 0 0 0 0 0 0 0 0 0 0 0 0 0 0 0 0 0 0 0 0 0 0 0 0 0 0 0 0 0 0 0 0 614488.9873 686209.8046 681465.801 684735.4707 682762.7915 685763.1263 683081.1082 679920.2127 677455.6118 666789.8322 670995.6293 665146.5602 666014.4839 667673.0184 662822.2758 668781.3254 674043.4358 670007.6207 673935.3579 678335.4023 680864.1047 690222.3539 682707.7811 684047.8297 689089.775 618548.2913 0 0 0 0 0 0 0 0 0 0 0 0 0 0 0 0 0 0 0 0 0 0 0 0 0 0 0 0 0 0 0 0 0 0 0 0 0 
0 0 0 0 0 0 0 0 0 0 0 0 0 0 0 0 0 0 0 0 0 0 0 0 0 0 0 0 0 0 0 0 0 0 0 0 0 616476.2696 687254.8213 689112.6922 689522.9924 685717.2163 679861.8684 679803.8321 674239.8656 671393.1834 672320.1352 659221.7845 662746.2388 655996.4328 656265.2183 666834.0574 667859.8205 670229.6574 672037.5501 675073.0105 679895.3718 681269.8851 678290.5366 685022.5585 686429.8148 684314.1203 616660.9468 0 0 0 0 0 0 0 0 0 0 0 0 0 0 0 0 0 0 0 0 0 0 0 0 0 0 0 0 0 0 0 0 0 0 0 0 0 
0 0 0 0 0 0 0 0 0 0 0 0 0 0 0 0 0 0 0 0 0 0 0 0 0 0 0 0 0 0 0 0 0 0 0 0 0 613410.8431 680354.1812 686593.8494 681690.9638 681978.1727 681085.8106 682559.606 673502.1505 670618.5086 668267.1665 668319.8701 665354.6959 664240.7197 661390.8258 668352.3764 671216.3415 669859.5123 671029.4623 672024.8921 678200.1444 677999.8331 683773.688 681255.9968 685931.9215 687255.4411 613345.2731 0 0 0 0 0 0 0 0 0 0 0 0 0 0 0 0 0 0 0 0 0 0 0 0 0 0 0 0 0 0 0 0 0 0 0 0 0 
0 0 0 0 0 0 0 0 0 0 0 0 0 0 0 0 0 0 0 0 0 0 0 0 0 0 0 0 0 0 0 0 0 0 0 0 0 606005.0183 690984.6503 688029.2089 681201.9338 687853.8511 681715.0028 674187.5225 676386.272 674775.0115 668036.3366 660735.6758 664634.2493 654812.5152 658478.1886 657961.3791 670365.2594 664020.3377 670451.9759 672554.984 680880.5979 678925.3361 685241.2655 678564.1244 683200.5869 688344.1012 617884.9235 0 0 0 0 0 0 0 0 0 0 0 0 0 0 0 0 0 0 0 0 0 0 0 0 0 0 0 0 0 0 0 0 0 0 0 0 0 
0 0 0 0 0 0 0 0 0 0 0 0 0 0 0 0 0 0 0 0 0 0 0 0 0 0 0 0 0 0 0 0 0 0 0 0 0 609824.9922 683012.3412 685168.985 684557.3836 680106.5199 675837.5056 679142.1204 680009.7418 669698.38 668433.6529 664277.961 659957.6105 660097.9467 665494.459 665578.3675 667533.9676 661572.3709 668335.1942 675601.3363 675537.7551 681234.7482 681726.5102 682532.1494 681700.3154 690085.5756 611298.6646 0 0 0 0 0 0 0 0 0 0 0 0 0 0 0 0 0 0 0 0 0 0 0 0 0 0 0 0 0 0 0 0 0 0 0 0 0 
0 0 0 0 0 0 0 0 0 0 0 0 0 0 0 0 0 0 0 0 0 0 0 0 0 0 0 0 0 0 0 0 0 0 0 0 0 606724.7413 681249.6791 683385.5399 677943.4083 678254.2195 680871.5677 676404.1678 668122.8672 666559.6207 667047.081 661546.383 662085.6656 657411.3847 656824.5783 658224.4649 664084.0803 665409.2425 666295.9425 666072.7777 680684.5721 680564.2527 678088.4779 679275.8053 677602.512 684192.7008 607251.0434 0 0 0 0 0 0 0 0 0 0 0 0 0 0 0 0 0 0 0 0 0 0 0 0 0 0 0 0 0 0 0 0 0 0 0 0 0 
0 0 0 0 0 0 0 0 0 0 0 0 0 0 0 0 0 0 0 0 0 0 0 0 0 0 0 0 0 0 0 0 0 0 0 0 0 609696.5196 680743.6453 682321.5488 678172.7792 682241.5334 679907.868 680651.5081 668127.8427 671996.3849 667494.9825 664476.3979 659155.9704 652410.3404 658453.2688 660480.2482 663963.1814 664099.0347 669589.4564 672964.504 676952.1799 676681.3586 681631.4752 689472.7656 680114.6485 683624.6768 610721.5602 0 0 0 0 0 0 0 0 0 0 0 0 0 0 0 0 0 0 0 0 0 0 0 0 0 0 0 0 0 0 0 0 0 0 0 0 0 
0 0 0 0 0 0 0 0 0 0 0 0 0 0 0 0 0 0 0 0 0 0 0 0 0 0 0 0 0 0 0 0 0 0 0 0 0 608025.7628 683516.2104 686308.5019 675308.6881 670613.8649 672430.756 677778.2664 673750.6811 668995.2776 665451.0906 658378.2906 660923.7621 653581.571 658136.7547 662011.4859 659941.5808 662749.971 666544.1886 671239.1354 673564.6077 677502.2252 679839.8974 665343.2366 682037.2835 678101.7057 613316.7829 0 0 0 0 0 0 0 0 0 0 0 0 0 0 0 0 0 0 0 0 0 0 0 0 0 0 0 0 0 0 0 0 0 0 0 0 0 
0 0 0 0 0 0 0 0 0 0 0 0 0 0 0 0 0 0 0 0 0 0 0 0 0 0 0 0 0 0 0 0 0 0 0 0 0 610881.9371 679630.3529 676877.6282 675530.5833 675505.1756 677998.2695 668075.3715 673534.4045 664534.622 658797.4077 662419.3509 661391.5687 650189.2288 654215.3981 658163.1849 660981.1718 661251.4468 662112.7267 665707.6997 677185.8284 674645.6796 679576.3401 682088.7324 681609.2277 686916.351 608572.5646 0 0 0 0 0 0 0 0 0 0 0 0 0 0 0 0 0 0 0 0 0 0 0 0 0 0 0 0 0 0 0 0 0 0 0 0 0 
0 0 0 0 0 0 0 0 0 0 0 0 0 0 0 0 0 0 0 0 0 0 0 0 0 0 0 0 0 0 0 0 0 0 0 0 0 604490.3492 679046.6036 677559.0072 676480.9035 673627.5106 673453.3273 673074.2836 665792.3926 665228.6362 660778.5887 658553.4853 655292.3462 647796.4949 652252.0291 657321.2574 660704.6033 665634.8066 665115.4096 664498.7135 677273.0623 673612.9094 677151.6621 680627.1318 681037.4813 674119.5579 609157.8863 0 0 0 0 0 0 0 0 0 0 0 0 0 0 0 0 0 0 0 0 0 0 0 0 0 0 0 0 0 0 0 0 0 0 0 0 0 
0 0 0 0 0 0 0 0 0 0 0 0 0 0 0 0 0 0 0 0 0 0 0 0 0 0 0 0 0 0 0 0 0 0 0 0 0 607567.9346 677043.0822 677696.1921 678426.3457 672194.9928 676879.2398 670632.0265 669909.3454 663831.5148 658075.342 660072.1412 654330.4405 651658.0718 657067.7804 660660.4478 662009.2721 660429.3119 664210.9023 665771.213 674552.0738 668953.5561 676212.5863 672615.9965 675598.275 678081.7728 603578.1231 0 0 0 0 0 0 0 0 0 0 0 0 0 0 0 0 0 0 0 0 0 0 0 0 0 0 0 0 0 0 0 0 0 0 0 0 0 
0 0 0 0 0 0 0 0 0 0 0 0 0 0 0 0 0 0 0 0 0 0 0 0 0 0 0 0 0 0 0 0 0 0 0 0 0 607868.2286 677535.6023 679762.8474 671305.7275 672056.8309 666703.7075 665913.1504 668265.5286 666014.9401 655903.2305 660478.6654 654434.6572 653199.0846 648321.6399 650887.6794 659808.1702 666721.8883 662156.2585 666528.5719 663890.3111 671351.9513 672947.4701 673057.3827 679286.0783 677916.941 608155.6748 0 0 0 0 0 0 0 0 0 0 0 0 0 0 0 0 0 0 0 0 0 0 0 0 0 0 0 0 0 0 0 0 0 0 0 0 0 
0 0 0 0 0 0 0 0 0 0 0 0 0 0 0 0 0 0 0 0 0 0 0 0 0 0 0 0 0 0 0 0 0 0 0 0 0 608383.5058 682093.7945 678550.7897 671869.6996 674607.7412 666649.8495 675300.0934 670617.7842 664593.08 661140.4981 655698.7945 653690.7003 649039.861 653042.5008 652052.2426 660513.5428 659184.2907 668489.2245 664080.4223 675443.127 668811.5982 674277.6763 670179.3672 676119.9866 678299.7325 607498.0798 0 0 0 0 0 0 0 0 0 0 0 0 0 0 0 0 0 0 0 0 0 0 0 0 0 0 0 0 0 0 0 0 0 0 0 0 0 
0 0 0 0 0 0 0 0 0 0 0 0 0 0 0 0 0 0 0 0 0 0 0 0 0 0 0 0 0 0 0 0 0 0 0 0 0 604536.6202 680434.096 680038.2198 677464.269 673145.3066 674270.1901 671857.7807 666568.7106 663163.4389 660083.0175 659626.9177 653292.8295 650763.9151 652518.0239 652983.4111 657598.708 657332.4056 668684.4202 660723.3456 669549.8284 676318.9158 670435.5411 670988.1626 678039.4713 680123.167 605568.5874 0 0 0 0 0 0 0 0 0 0 0 0 0 0 0 0 0 0 0 0 0 0 0 0 0 0 0 0 0 0 0 0 0 0 0 0 0 
0 0 0 0 0 0 0 0 0 0 0 0 0 0 0 0 0 0 0 0 0 0 0 0 0 0 0 0 0 0 0 0 0 0 0 0 0 608682.4034 680623.3139 676513.5648 680097.4992 671452.8298 672696.9445 672476.8538 668938.4714 668819.8386 665231.0955 654405.0103 660273.9036 648635.706 650844.9537 653967.7165 659696.178 660743.785 664211.8599 666590.2821 674294.0551 672952.6607 671105.678 671906.916 677726.2722 680490.7937 602819.8128 0 0 0 0 0 0 0 0 0 0 0 0 0 0 0 0 0 0 0 0 0 0 0 0 0 0 0 0 0 0 0 0 0 0 0 0 0 
0 0 0 0 0 0 0 0 0 0 0 0 0 0 0 0 0 0 0 0 0 0 0 0 0 0 0 0 0 0 0 0 0 0 0 0 0 611842.0256 686368.259 680228.2726 675092.99 682023.2881 673226.6093 676250.0429 664288.3518 664836.9367 664441.9939 661922.2937 654364.406 646943.4684 652503.3929 658064.3359 662253.0004 663846.3867 664045.4407 666892.8901 672503.8833 671838.9915 674193.7014 678276.3996 678838.7598 680262.4636 606394.8063 0 0 0 0 0 0 0 0 0 0 0 0 0 0 0 0 0 0 0 0 0 0 0 0 0 0 0 0 0 0 0 0 0 0 0 0 0 
0 0 0 0 0 0 0 0 0 0 0 0 0 0 0 0 0 0 0 0 0 0 0 0 0 0 0 0 0 0 0 0 0 0 0 0 0 602327.6518 683801.1669 677425.1536 675686.1606 684781.7394 675938.1596 671424.4888 668289.2884 664956.8926 667217.3197 662002.0945 661004.7244 652509.591 655982.8051 655103.425 672445.9564 664307.7555 665393.3863 672454.4776 673820.7961 673455.9631 671393.3814 678006.5664 681193.7757 679992.8184 610372.3225 0 0 0 0 0 0 0 0 0 0 0 0 0 0 0 0 0 0 0 0 0 0 0 0 0 0 0 0 0 0 0 0 0 0 0 0 0 
0 0 0 0 0 0 0 0 0 0 0 0 0 0 0 0 0 0 0 0 0 0 0 0 0 0 0 0 0 0 0 0 0 0 0 0 0 613960.4864 677170.4005 673664.8311 678151.5466 670518.598 677009.117 670550.8101 670187.859 666864.7363 667147.7116 659600.4754 658898.7309 655947.8247 652407.1959 660507.5111 665450.7974 662160.1495 660436.5232 664949.2306 676421.1649 676830.0752 677776.0573 675088.9193 682597.3698 680714.6127 609236.6825 0 0 0 0 0 0 0 0 0 0 0 0 0 0 0 0 0 0 0 0 0 0 0 0 0 0 0 0 0 0 0 0 0 0 0 0 0 
0 0 0 0 0 0 0 0 0 0 0 0 0 0 0 0 0 0 0 0 0 0 0 0 0 0 0 0 0 0 0 0 0 0 0 0 0 609498.5164 677983.9933 681873.9272 680106.566 684399.1442 679459.0192 674634.577 674017.6648 667857.4723 660494.0758 659239.3806 661818.1768 652680.6085 657845.0311 663798.647 665920.4198 665009.4459 665450.7623 672322.1576 681309.042 675164.8963 676904.1814 681169.8644 683037.4768 679348.5859 609631.7505 0 0 0 0 0 0 0 0 0 0 0 0 0 0 0 0 0 0 0 0 0 0 0 0 0 0 0 0 0 0 0 0 0 0 0 0 0 
0 0 0 0 0 0 0 0 0 0 0 0 0 0 0 0 0 0 0 0 0 0 0 0 0 0 0 0 0 0 0 0 0 0 0 0 0 616108.7483 688506.4109 691677.902 684243.7642 682663.9281 683485.7316 679256.3788 676900.3263 677876.7302 662230.3732 663300.6464 669414.4207 655253.068 658565.0783 669533.4312 671710.497 666980.7314 669662.7763 670546.5861 681938.1146 682884.1463 680949.8011 681916.484 685019.7936 680102.1056 611396.0389 0 0 0 0 0 0 0 0 0 0 0 0 0 0 0 0 0 0 0 0 0 0 0 0 0 0 0 0 0 0 0 0 0 0 0 0 0 
0 0 0 0 0 0 0 0 0 0 0 0 0 0 0 0 0 0 0 0 0 0 0 0 0 0 0 0 0 0 0 0 0 0 0 0 0 613602.6628 687243.0826 679764.3307 687139.4776 688345.725 682400.1087 678606.8668 672616.3484 669069.145 671181.4236 672077.9166 662410.5993 661620.5816 659501.2893 668008.2879 659894.9614 672221.6392 668843.6729 672850.797 676257.5645 682605.1044 685401.473 681510.8242 687554.2761 693212.8871 615945.2363 0 0 0 0 0 0 0 0 0 0 0 0 0 0 0 0 0 0 0 0 0 0 0 0 0 0 0 0 0 0 0 0 0 0 0 0 0 
0 0 0 0 0 0 0 0 0 0 0 0 0 0 0 0 0 0 0 0 0 0 0 0 0 0 0 0 0 0 0 0 0 0 0 0 0 617834.5415 691364.8408 690186.772 684993.276 689765.1363 692663.551 686818.2991 680990.8185 679150.8875 673584.9742 667536.7575 671586.7839 663022.101 665393.3415 669549.0868 667641.9546 674233.5359 675066.0225 680143.1488 681744.6227 686659.1405 680415.2567 685043.4102 693444.2583 687376.6897 620438.909 0 0 0 0 0 0 0 0 0 0 0 0 0 0 0 0 0 0 0 0 0 0 0 0 0 0 0 0 0 0 0 0 0 0 0 0 0 
0 0 0 0 0 0 0 0 0 0 0 0 0 0 0 0 0 0 0 0 0 0 0 0 0 0 0 0 0 0 0 0 0 0 0 0 0 624217.2514 701090.7361 701411.0265 693504.0194 688886.6421 690264.5627 675807.3758 680994.176 674833.3091 671833.1237 672175.8899 672517.4992 668793.2578 667173.9018 673915.8686 676470.9195 680698.206 683022.0632 685139.7191 687870.1483 691204.072 693550.1094 694591.8252 691452.9502 696915.174 622919.6545 0 0 0 0 0 0 0 0 0 0 0 0 0 0 0 0 0 0 0 0 0 0 0 0 0 0 0 0 0 0 0 0 0 0 0 0 0 
0 0 0 0 0 0 0 0 0 0 0 0 0 0 0 0 0 0 0 0 0 0 0 0 0 0 0 0 0 0 0 0 0 0 0 0 0 629712.2565 703808.0112 696408.0924 696752.9949 693709.0218 695130.693 693137.6204 688572.385 680474.4589 677689.0089 683534.5817 675713.3268 675298.1505 666467.5255 677473.5269 678437.1517 685827.4406 681724.6306 681911.4003 703043.924 687261.884 687481.358 694819.7091 698889.0963 704830.1464 624278.9645 0 0 0 0 0 0 0 0 0 0 0 0 0 0 0 0 0 0 0 0 0 0 0 0 0 0 0 0 0 0 0 0 0 0 0 0 0 
0 0 0 0 0 0 0 0 0 0 0 0 0 0 0 0 0 0 0 0 0 0 0 0 0 0 0 0 0 0 0 0 0 0 0 0 0 628980.7256 705152.5769 701188.6531 691511.2007 693720.3064 693639.3906 696450.3733 690808.7429 686745.6784 683690.5531 685925.1501 676238.4533 677127.9905 677561.8086 675139.0948 678973.7046 684517.4319 686587.8341 686359.844 691850.1186 694185.2094 694913.7846 701391.312 698992.8894 704301.4721 629794.0657 0 0 0 0 0 0 0 0 0 0 0 0 0 0 0 0 0 0 0 0 0 0 0 0 0 0 0 0 0 0 0 0 0 0 0 0 0 
0 0 0 0 0 0 0 0 0 0 0 0 0 0 0 0 0 0 0 0 0 0 0 0 0 0 0 0 0 0 0 0 0 0 0 0 0 628070.3184 701684.3867 707712.447 702572.4971 702075.455 705852.0878 701839.8408 695845.2357 689353.0124 684252.7319 689088.3591 683078.5087 676299.4828 668478.3457 679810.6961 684804.424 687898.9391 687773.2315 692958.1386 694052.8682 696739.3752 703204.1308 706209.5825 706461.3585 703156.0677 625703.2941 0 0 0 0 0 0 0 0 0 0 0 0 0 0 0 0 0 0 0 0 0 0 0 0 0 0 0 0 0 0 0 0 0 0 0 0 0 
0 0 0 0 0 0 0 0 0 0 0 0 0 0 0 0 0 0 0 0 0 0 0 0 0 0 0 0 0 0 0 0 0 0 0 0 0 630514.3392 708271.7973 700554.5414 709112.5868 704313.8366 698501.3763 691699.652 696117.5986 694795.6975 697676.0767 688706.2484 681405.7675 682174.9215 677896.3557 684945.6914 688600.9883 693215.6078 699157.5631 698335.2627 695672.0307 700513.8899 706003.2108 699283.7274 705018.0733 706432.8602 632899.1436 0 0 0 0 0 0 0 0 0 0 0 0 0 0 0 0 0 0 0 0 0 0 0 0 0 0 0 0 0 0 0 0 0 0 0 0 0 
0 0 0 0 0 0 0 0 0 0 0 0 0 0 0 0 0 0 0 0 0 0 0 0 0 0 0 0 0 0 0 0 0 0 0 0 0 633298.9125 710724.1774 707937.3382 705043.9693 704027.2362 704134.5651 706065.5532 695001.1883 694511.719 690078.9252 685686.7275 677766.6565 682993.7072 681918.0933 690887.8622 688328.1412 696489.9796 696859.9335 695415.3718 695714.297 705756.5625 707988.4606 704883.8049 703412.2492 711640.0026 634143.566 0 0 0 0 0 0 0 0 0 0 0 0 0 0 0 0 0 0 0 0 0 0 0 0 0 0 0 0 0 0 0 0 0 0 0 0 0 
0 0 0 0 0 0 0 0 0 0 0 0 0 0 0 0 0 0 0 0 0 0 0 0 0 0 0 0 0 0 0 0 0 0 0 0 0 634810.0241 707040.7315 710199.1665 706055.9859 703162.8678 704056.8137 702858.338 697928.3196 693182.7843 689473.4835 688717.2083 682981.405 680461.6421 684962.8177 685347.4491 688959.8086 688074.4837 695265.585 699441.2139 696357.6928 704998.3152 701921.1164 710784.0487 703724.6667 709472.4831 639010.437 0 0 0 0 0 0 0 0 0 0 0 0 0 0 0 0 0 0 0 0 0 0 0 0 0 0 0 0 0 0 0 0 0 0 0 0 0 
0 0 0 0 0 0 0 0 0 0 0 0 0 0 0 0 0 0 0 0 0 0 0 0 0 0 0 0 0 0 0 0 0 0 0 0 0 634032.7583 712312.1215 711576.7706 712900.6599 704356.943 703072.3787 705457.3966 701702.1583 696606.3714 691590.1164 694178.1892 687961.7772 685614.6632 682811.9555 687128.811 689834.6633 696161.6194 696422.5801 698902.1934 703215.6173 708044.4953 707735.6741 708014.5325 717271.442 717533.5293 633946.9728 0 0 0 0 0 0 0 0 0 0 0 0 0 0 0 0 0 0 0 0 0 0 0 0 0 0 0 0 0 0 0 0 0 0 0 0 0 
0 0 0 0 0 0 0 0 0 0 0 0 0 0 0 0 0 0 0 0 0 0 0 0 0 0 0 0 0 0 0 0 0 0 0 0 0 635424.8936 716941.4739 710816.5907 710994.6173 709990.0113 710544.2217 703867.1769 701585.5992 697222.4312 691023.5435 696501.6901 690227.8354 683486.0846 684458.177 685416.8586 693706.7131 698955.8124 698016.3288 701595.7865 702047.2103 705224.869 711040.0871 709518.3367 720011.885 717027.1176 636286.2952 0 0 0 0 0 0 0 0 0 0 0 0 0 0 0 0 0 0 0 0 0 0 0 0 0 0 0 0 0 0 0 0 0 0 0 0 0 
0 0 0 0 0 0 0 0 0 0 0 0 0 0 0 0 0 0 0 0 0 0 0 0 0 0 0 0 0 0 0 0 0 0 0 0 0 638849.395 719300.9702 712604.0722 712871.8454 712072.0221 714377.1463 705063.9717 700082.5663 703666.8892 698807.3511 696201.0042 693580.3735 685180.888 689107.3876 696774.0091 696604.8334 700151.7196 701492.3208 706674.0961 706829.3273 707911.807 710052.3083 716040.977 713530.9306 715043.867 645150.0306 0 0 0 0 0 0 0 0 0 0 0 0 0 0 0 0 0 0 0 0 0 0 0 0 0 0 0 0 0 0 0 0 0 0 0 0 0 
0 0 0 0 0 0 0 0 0 0 0 0 0 0 0 0 0 0 0 0 0 0 0 0 0 0 0 0 0 0 0 0 0 0 0 0 0 643527.8258 717442.8402 719472.9257 714971.7428 716661.1219 714065.0465 705327.4605 706342.5955 703682.1324 699782.1101 700218.7191 698621.4486 691481.4882 691565.0931 694791.4048 696232.8582 697427.532 704666.3843 706379.6266 706923.0738 713732.0923 717732.4169 711376.0563 718450.2545 719126.113 640133.3326 0 0 0 0 0 0 0 0 0 0 0 0 0 0 0 0 0 0 0 0 0 0 0 0 0 0 0 0 0 0 0 0 0 0 0 0 0 
0 0 0 0 0 0 0 0 0 0 0 0 0 0 0 0 0 0 0 0 0 0 0 0 0 0 0 0 0 0 0 0 0 0 0 0 0 642959.2169 719637.8678 719653.7511 715583.5664 715139.3279 714305.4548 710394.5964 708115.1762 703205.7699 705901.0459 697484.4798 698146.8848 694566.6197 690653.0087 700690.7518 706076.7657 699066.7949 707012.4159 702496.2611 708020.5599 714681.7764 713716.0147 719321.2813 727112.4147 716736.9389 641375.9663 0 0 0 0 0 0 0 0 0 0 0 0 0 0 0 0 0 0 0 0 0 0 0 0 0 0 0 0 0 0 0 0 0 0 0 0 0 
0 0 0 0 0 0 0 0 0 0 0 0 0 0 0 0 0 0 0 0 0 0 0 0 0 0 0 0 0 0 0 0 0 0 0 0 0 643837.8789 724152.4732 720222.32 720039.5386 714805.7 714335.6114 716372.8505 710203.4567 708911.1096 706507.4602 703329.6427 699187.0376 691572.5113 694396.2384 699606.0176 704748.7713 708579.1072 708174.1527 710486.6386 711268.9343 713099.7902 714715.8822 722261.2281 723175.5272 727142.6392 642831.9968 0 0 0 0 0 0 0 0 0 0 0 0 0 0 0 0 0 0 0 0 0 0 0 0 0 0 0 0 0 0 0 0 0 0 0 0 0 
0 0 0 0 0 0 0 0 0 0 0 0 0 0 0 0 0 0 0 0 0 0 0 0 0 0 0 0 0 0 0 0 0 0 0 0 0 644487.75 727197.9054 726894.2792 717627.7519 722828.4427 717488.3357 718158.5338 704454.4508 707211.3382 705162.314 701785.5311 703011.9246 698214.2222 700496.7974 695654.8985 704170.7662 705056.5737 714753.721 710414.3737 717176.8541 719757.074 725319.5875 714448.9421 728580.2527 726058.9478 653012.2473 0 0 0 0 0 0 0 0 0 0 0 0 0 0 0 0 0 0 0 0 0 0 0 0 0 0 0 0 0 0 0 0 0 0 0 0 0 
0 0 0 0 0 0 0 0 0 0 0 0 0 0 0 0 0 0 0 0 0 0 0 0 0 0 0 0 0 0 0 0 0 0 0 0 0 651332.2937 727335.8144 731246.7992 725700.4068 721092.7617 719207.9633 716907.2999 710946.6692 710082.4133 706542.3645 702385.6621 700486.8601 700395.4867 702314.366 699329.2136 706885.7974 709421.8962 706205.6985 716219.4305 719261.7019 717538.2492 726602.0764 721912.9639 724984.6097 731615.1234 648899.9115 0 0 0 0 0 0 0 0 0 0 0 0 0 0 0 0 0 0 0 0 0 0 0 0 0 0 0 0 0 0 0 0 0 0 0 0 0 
0 0 0 0 0 0 0 0 0 0 0 0 0 0 0 0 0 0 0 0 0 0 0 0 0 0 0 0 0 0 0 0 0 0 0 0 0 654016.1786 725356.8259 725502.8848 728808.1089 722337.3562 722229.5031 721244.0447 713702.1982 710683.461 711836.4358 701190.9119 704396.441 690651.1617 697785.4791 699548.7126 703667.179 705468.8533 706646.96 720060.116 718587.8554 719229.0559 719545.3322 726792.0678 723101.5567 728962.99 654287.3696 0 0 0 0 0 0 0 0 0 0 0 0 0 0 0 0 0 0 0 0 0 0 0 0 0 0 0 0 0 0 0 0 0 0 0 0 0 
0 0 0 0 0 0 0 0 0 0 0 0 0 0 0 0 0 0 0 0 0 0 0 0 0 0 0 0 0 0 0 0 0 0 0 0 0 650965.3545 730236.2684 725196.7763 727055.9228 717262.8384 721428 718895.5304 716399.0506 712186.8262 705561.4465 709038.4787 700650.7618 702260.5873 696554.6614 706162.3634 701676.2182 711609.2125 712655.0629 716776.1641 718511.6605 724866.5587 724195.6376 721254.786 731169.2342 727202.6705 650956.3713 0 0 0 0 0 0 0 0 0 0 0 0 0 0 0 0 0 0 0 0 0 0 0 0 0 0 0 0 0 0 0 0 0 0 0 0 0 
0 0 0 0 0 0 0 0 0 0 0 0 0 0 0 0 0 0 0 0 0 0 0 0 0 0 0 0 0 0 0 0 0 0 0 0 0 653661.2225 730623.7277 724950.195 724350.5207 723814.3496 721947.2953 711054.8542 715708.9968 709880.4128 708733.7078 702776.7933 703646.2003 701132.7601 702213.9565 704069.3419 704025.8969 713575.0738 714656.8287 715308.3443 718955.8826 727404.4932 724685.1184 726498.8643 722865.8167 726578.185 651085.6809 0 0 0 0 0 0 0 0 0 0 0 0 0 0 0 0 0 0 0 0 0 0 0 0 0 0 0 0 0 0 0 0 0 0 0 0 0 
0 0 0 0 0 0 0 0 0 0 0 0 0 0 0 0 0 0 0 0 0 0 0 0 0 0 0 0 0 0 0 0 0 0 0 0 0 651228.0625 730177.1205 726544.6407 724131.5285 722596.6928 720759.5186 715174.0718 720765.8771 711948.3272 711270.4742 701952.0451 696064.3132 697936.3979 692872.51 701439.4556 710257.9855 710386.881 707803.0495 713445.4574 714930.1488 714080.7321 718966.215 720929.1547 724811.8709 726361.165 646492.0238 0 0 0 0 0 0 0 0 0 0 0 0 0 0 0 0 0 0 0 0 0 0 0 0 0 0 0 0 0 0 0 0 0 0 0 0 0 
0 0 0 0 0 0 0 0 0 0 0 0 0 0 0 0 0 0 0 0 0 0 0 0 0 0 0 0 0 0 0 0 0 0 0 0 0 642798.9248 727875.812 721002.6894 720701.5824 714216.8454 710453.3013 716426.4299 714119.2982 708879.2935 710138.8667 702376.5153 698836.401 691686.3361 691532.0162 702365.5404 705154.2226 703055.8249 709919.6225 712616.5592 715125.9334 717595.8981 725497.8518 721316.5235 718960.48 726585.2064 645357.9002 0 0 0 0 0 0 0 0 0 0 0 0 0 0 0 0 0 0 0 0 0 0 0 0 0 0 0 0 0 0 0 0 0 0 0 0 0 
0 0 0 0 0 0 0 0 0 0 0 0 0 0 0 0 0 0 0 0 0 0 0 0 0 0 0 0 0 0 0 0 0 0 0 0 0 640703.7803 720193.8245 719563.7037 722185.0192 713352.6043 715259.3193 715532.7527 709309.3229 704795.2093 707773.0877 700085.7815 699576.8868 691047.5918 693645.8519 697591.6385 696073.8299 703472.8855 706634.0899 711449.4633 713491.7401 716929.2869 718042.187 717462.009 721642.6423 725570.0528 646311.5364 0 0 0 0 0 0 0 0 0 0 0 0 0 0 0 0 0 0 0 0 0 0 0 0 0 0 0 0 0 0 0 0 0 0 0 0 0 
0 0 0 0 0 0 0 0 0 0 0 0 0 0 0 0 0 0 0 0 0 0 0 0 0 0 0 0 0 0 0 0 0 0 0 0 0 651003.1856 717611.6292 713535.8593 715231.9784 716057.3507 710031.3563 706477.8475 711310.8537 705477.7363 704023.2808 693641.8311 690892.7498 685103.8257 690613.2577 695315.1498 699228.5603 697775.2669 706230.7715 708451.6165 710502.5779 709785.3935 711613.9765 716449.3844 716252.4764 723123.0657 640586.3319 0 0 0 0 0 0 0 0 0 0 0 0 0 0 0 0 0 0 0 0 0 0 0 0 0 0 0 0 0 0 0 0 0 0 0 0 0 
0 0 0 0 0 0 0 0 0 0 0 0 0 0 0 0 0 0 0 0 0 0 0 0 0 0 0 0 0 0 0 0 0 0 0 0 0 639366.036 715359.3272 718748.0429 718186.0732 715155.9618 710316.5692 710131.3157 706248.8092 699985.9623 693893.5031 688628.5883 691443.1691 689332.1167 687651.0686 691856.9298 696566.7209 697597.6246 700132.2474 700698.3585 706685.2986 712953.3754 713305.925 710444.9566 709540.2569 716802.0913 641439.3275 0 0 0 0 0 0 0 0 0 0 0 0 0 0 0 0 0 0 0 0 0 0 0 0 0 0 0 0 0 0 0 0 0 0 0 0 0 
0 0 0 0 0 0 0 0 0 0 0 0 0 0 0 0 0 0 0 0 0 0 0 0 0 0 0 0 0 0 0 0 0 0 0 0 0 641985.8587 714107.078 713788.4246 712080.2398 706241.6312 699536.2117 707690.5111 703238.1562 697981.4948 698778.7282 695218.8941 697122.5007 682304.9019 681997.4248 687942.0625 697668.2234 701158.911 700573.7697 705168.5129 708156.5844 711785.8374 707972.2692 708426.9661 708692.0907 716741.5909 638106.9583 0 0 0 0 0 0 0 0 0 0 0 0 0 0 0 0 0 0 0 0 0 0 0 0 0 0 0 0 0 0 0 0 0 0 0 0 0 
0 0 0 0 0 0 0 0 0 0 0 0 0 0 0 0 0 0 0 0 0 0 0 0 0 0 0 0 0 0 0 0 0 0 0 0 0 640339.7419 712426.4922 715803.5851 709463.7392 709965.6751 708908.5722 703592.2679 701960.0402 693906.3813 695369.9172 688437.5926 685535.5587 684689.519 685058.0495 686373.9692 687926.1701 687781.5795 691274.4918 694627.8807 708024.8517 705105.1566 703611.9933 707218.0824 710762.4504 714969.2585 635451.5136 0 0 0 0 0 0 0 0 0 0 0 0 0 0 0 0 0 0 0 0 0 0 0 0 0 0 0 0 0 0 0 0 0 0 0 0 0 
0 0 0 0 0 0 0 0 0 0 0 0 0 0 0 0 0 0 0 0 0 0 0 0 0 0 0 0 0 0 0 0 0 0 0 0 0 632333.61 718324.5964 705299.918 709026.9363 704661.3139 706415.7281 699690.5192 690189.965 694321.4951 690176.1652 688463.0677 678179.9552 677583.2 677715.1065 682179.2904 686557.572 686427.9868 695188.6106 697792.8118 696709.7683 703300.4386 707208.0766 706414.6308 707888.4675 711465.4351 638236.4918 0 0 0 0 0 0 0 0 0 0 0 0 0 0 0 0 0 0 0 0 0 0 0 0 0 0 0 0 0 0 0 0 0 0 0 0 0 
0 0 0 0 0 0 0 0 0 0 0 0 0 0 0 0 0 0 0 0 0 0 0 0 0 0 0 0 0 0 0 0 0 0 0 0 0 635682.8668 705447.3251 707035.832 703204.9006 701130.0237 700936.597 705559.9031 696855.4934 689956.4016 687285.1936 690612.3718 683535.4401 679007.6215 674720.2421 685074.4312 682563.237 686316.7828 692792.9517 699400.062 696504.5228 703981.7957 697906.8519 703786.9981 708120.8575 708911.523 629357.3304 0 0 0 0 0 0 0 0 0 0 0 0 0 0 0 0 0 0 0 0 0 0 0 0 0 0 0 0 0 0 0 0 0 0 0 0 0 
0 0 0 0 0 0 0 0 0 0 0 0 0 0 0 0 0 0 0 0 0 0 0 0 0 0 0 0 0 0 0 0 0 0 0 0 0 628156.9925 707357.4717 702841.6478 698748.8617 697807.071 697570.5528 700161.2635 693465.6121 686728.4373 688289.3116 687778.253 684825.2835 673438.0284 680878.3486 690713.8383 684175.0618 686169.261 689406.6167 684772.8561 690692.1088 698429.1405 700200.4232 697428.1258 699216.5034 702459.7607 631273.9668 0 0 0 0 0 0 0 0 0 0 0 0 0 0 0 0 0 0 0 0 0 0 0 0 0 0 0 0 0 0 0 0 0 0 0 0 0 
0 0 0 0 0 0 0 0 0 0 0 0 0 0 0 0 0 0 0 0 0 0 0 0 0 0 0 0 0 0 0 0 0 0 0 0 0 630229.7459 701201.738 709700.9287 702384.4914 696414.8408 695297.7238 691663.8677 696483.4763 689900.9126 685847.6865 680766.4934 676739.4416 677751.4972 680980.7418 676457.4287 685708.7752 687560.6908 683942.2082 688475.8203 690108.9853 701860.1835 696458.9523 701117.1046 700252.8358 701518.2444 628730.921 0 0 0 0 0 0 0 0 0 0 0 0 0 0 0 0 0 0 0 0 0 0 0 0 0 0 0 0 0 0 0 0 0 0 0 0 0 
0 0 0 0 0 0 0 0 0 0 0 0 0 0 0 0 0 0 0 0 0 0 0 0 0 0 0 0 0 0 0 0 0 0 0 0 0 620961.9983 701174.6279 703363.9962 694283.1128 697939.9019 693422.2972 691454.9902 691434.4662 684240.9251 683582.454 680063.8922 674096.7896 671338.624 670155.0174 675568.1369 677282.2325 682493.3277 681399.6285 689507.0632 697301.2918 693336.7866 696751.0487 694539.2376 705625.2796 695257.9502 625806.6603 0 0 0 0 0 0 0 0 0 0 0 0 0 0 0 0 0 0 0 0 0 0 0 0 0 0 0 0 0 0 0 0 0 0 0 0 0 
0 0 0 0 0 0 0 0 0 0 0 0 0 0 0 0 0 0 0 0 0 0 0 0 0 0 0 0 0 0 0 0 0 0 0 0 0 622568.5385 692689.2003 698000.2316 695965.9877 694817.3758 687246.5745 688379.4292 688385.6927 679686.9599 678425.6582 675470.6742 673344.5913 669315.3954 671588.0534 674236.6263 678393.9909 676312.616 675928.0252 685361.8218 692266.2018 688407.98 695243.1245 692454.8382 696298.9302 700626.3069 623978.3692 0 0 0 0 0 0 0 0 0 0 0 0 0 0 0 0 0 0 0 0 0 0 0 0 0 0 0 0 0 0 0 0 0 0 0 0 0 
0 0 0 0 0 0 0 0 0 0 0 0 0 0 0 0 0 0 0 0 0 0 0 0 0 0 0 0 0 0 0 0 0 0 0 0 0 616418.1361 693194.6443 690367.2537 692370.5323 691677.8032 686761.7885 685027.6629 682564.4679 671843.3094 670623.236 674890.1659 665211.6487 666002.5722 664978.0942 663534.9181 673039.6602 674659.1122 683900.6114 679157.5472 684170.5356 684332.4858 682929.9627 690351.8397 691607.7718 689052.785 621206.6705 0 0 0 0 0 0 0 0 0 0 0 0 0 0 0 0 0 0 0 0 0 0 0 0 0 0 0 0 0 0 0 0 0 0 0 0 0 
0 0 0 0 0 0 0 0 0 0 0 0 0 0 0 0 0 0 0 0 0 0 0 0 0 0 0 0 0 0 0 0 0 0 0 0 0 610149.6891 685819.459 685641.8153 683259.7834 685193.1035 675351.3463 678404.445 677616.9582 675984.2819 665457.6406 666447.8472 663430.2872 660230.0453 666380.7571 662569.9694 667731.8558 670556.7179 670801.4351 675165.9654 679876.8429 681911.07 686458.4191 678112.6886 687185.1362 688284.9089 608777.5449 0 0 0 0 0 0 0 0 0 0 0 0 0 0 0 0 0 0 0 0 0 0 0 0 0 0 0 0 0 0 0 0 0 0 0 0 0 
0 0 0 0 0 0 0 0 0 0 0 0 0 0 0 0 0 0 0 0 0 0 0 0 0 0 0 0 0 0 0 0 0 0 0 0 0 622235.183 681810.0143 684290.3257 682871.7205 679794.4069 675900.2016 677316.7259 672905.0814 669169.1264 674777.0857 665111.2154 659361.1705 661669.7224 650563.8846 662241.4939 662683.6089 669104.665 667471.431 674319.704 674395.5082 679736.0564 680073.0809 680356.0459 686839.2519 686947.1219 608447.4449 0 0 0 0 0 0 0 0 0 0 0 0 0 0 0 0 0 0 0 0 0 0 0 0 0 0 0 0 0 0 0 0 0 0 0 0 0 
0 0 0 0 0 0 0 0 0 0 0 0 0 0 0 0 0 0 0 0 0 0 0 0 0 0 0 0 0 0 0 0 0 0 0 0 0 606316.5058 684392.9925 677292.9945 676086.2609 675410.7017 677642.5313 675783.27 664800.0237 665962.1412 662676.442 660070.1757 660361.9219 650488.874 652546.6841 657311.0189 658880.4753 663127.8316 665085.2227 669238.3858 674665.4857 667717.0391 673884.7166 674439.6146 685322.079 677979.775 605912.1064 0 0 0 0 0 0 0 0 0 0 0 0 0 0 0 0 0 0 0 0 0 0 0 0 0 0 0 0 0 0 0 0 0 0 0 0 0 
0 0 0 0 0 0 0 0 0 0 0 0 0 0 0 0 0 0 0 0 0 0 0 0 0 0 0 0 0 0 0 0 0 0 0 0 0 608694.3881 679106.9491 671589.0329 673222.2299 670362.3596 677011.4782 667222.3151 666084.1296 667903.6062 663047.6316 659799.1574 651199.6335 651997.6065 653094.098 653693.2446 661636.97 665656.4644 660990.9663 671938.4789 668046.1962 674301.698 670267.7003 676566.5266 680555.9377 682406.7193 609881.7116 0 0 0 0 0 0 0 0 0 0 0 0 0 0 0 0 0 0 0 0 0 0 0 0 0 0 0 0 0 0 0 0 0 0 0 0 0 
0 0 0 0 0 0 0 0 0 0 0 0 0 0 0 0 0 0 0 0 0 0 0 0 0 0 0 0 0 0 0 0 0 0 0 0 0 602212.5411 676434.1518 677390.6087 670645.1133 670994.108 678327.0532 668472.76 663603.6035 665401.6005 653834.744 654366.7746 649984.3083 648185.3583 648056.6611 659747.6553 659320.7544 663979.7492 665829.906 664971.2296 668532.3073 672744.0339 673241.1562 671825.1493 681623.8072 677989.8135 602939.6791 0 0 0 0 0 0 0 0 0 0 0 0 0 0 0 0 0 0 0 0 0 0 0 0 0 0 0 0 0 0 0 0 0 0 0 0 0 
0 0 0 0 0 0 0 0 0 0 0 0 0 0 0 0 0 0 0 0 0 0 0 0 0 0 0 0 0 0 0 0 0 0 0 0 0 603585.8218 670970.6421 672560.3835 675804.3275 668907.0213 668046.3259 667555.7823 666140.976 665705.337 657743.3389 655610.2519 652409.8981 648443.5115 649379.4436 645242.3644 652122.9715 656298.3031 660758.6071 667151.4621 669737.4238 668702.0126 666657.2766 671980.8321 677412.5195 676611.7844 606179.0887 0 0 0 0 0 0 0 0 0 0 0 0 0 0 0 0 0 0 0 0 0 0 0 0 0 0 0 0 0 0 0 0 0 0 0 0 0 
0 0 0 0 0 0 0 0 0 0 0 0 0 0 0 0 0 0 0 0 0 0 0 0 0 0 0 0 0 0 0 0 0 0 0 0 0 604552.7616 679205.5642 676331.9914 667812.5997 666063.6192 667006.1619 671426.9492 659388.8054 660515.7218 659532.503 656538.5042 646109.198 640995.0575 650219.8494 652041.9681 660704.4349 659031.2299 658974.8997 658268.6514 665018.8869 668929.6832 676037.5134 670079.6161 669321.5377 674248.8683 600591.7133 0 0 0 0 0 0 0 0 0 0 0 0 0 0 0 0 0 0 0 0 0 0 0 0 0 0 0 0 0 0 0 0 0 0 0 0 0 
0 0 0 0 0 0 0 0 0 0 0 0 0 0 0 0 0 0 0 0 0 0 0 0 0 0 0 0 0 0 0 0 0 0 0 0 0 607063.0566 675254.4179 679657.9829 670605.2013 666487.2226 666866.017 666396.9286 657848.715 658569.1408 658005.7768 655145.6959 655529.0886 644608.3536 645042.0973 647124.5269 651377.966 654892.6303 662383.3978 666510.2862 669787.0421 665177.6644 664854.8756 671527.8462 669677.9438 673547.7099 604863.9231 0 0 0 0 0 0 0 0 0 0 0 0 0 0 0 0 0 0 0 0 0 0 0 0 0 0 0 0 0 0 0 0 0 0 0 0 0 
0 0 0 0 0 0 0 0 0 0 0 0 0 0 0 0 0 0 0 0 0 0 0 0 0 0 0 0 0 0 0 0 0 0 0 0 0 605130.4538 673859.2804 669469.3016 670562.215 673285.9891 667087.6535 665508.1131 666464.6518 657581.2276 656759.0213 655136.0483 647063.5361 648112.0781 643299.6241 652550.0709 652739.7797 655471.0362 659715.7844 658629.0368 672407.6534 669991.3567 670837.766 672315.5605 663248.2905 675411.744 603175.8697 0 0 0 0 0 0 0 0 0 0 0 0 0 0 0 0 0 0 0 0 0 0 0 0 0 0 0 0 0 0 0 0 0 0 0 0 0 
0 0 0 0 0 0 0 0 0 0 0 0 0 0 0 0 0 0 0 0 0 0 0 0 0 0 0 0 0 0 0 0 0 0 0 0 0 596899.8361 676686.1184 671447.2476 670617.3064 673984.0676 664889.0713 663569.4394 661962.0593 659010.0627 659388.2317 654765.4204 649301.758 650871.9005 645021.2783 653017.1701 655067.0285 651544.9403 663829.6869 662058.9521 664793.4295 669595.7436 672138.058 673576.0082 670966.284 673543.116 603105.3765 0 0 0 0 0 0 0 0 0 0 0 0 0 0 0 0 0 0 0 0 0 0 0 0 0 0 0 0 0 0 0 0 0 0 0 0 0 
0 0 0 0 0 0 0 0 0 0 0 0 0 0 0 0 0 0 0 0 0 0 0 0 0 0 0 0 0 0 0 0 0 0 0 0 0 597062.2917 679053.7884 663935.5778 671732.8027 671224.8917 664915.9343 666267.8381 661384.3602 655450.4919 656287.8691 653294.8626 649405.5824 647293.0336 642170.5175 648202.9876 654770.9933 653769.898 659537.9687 657967.2032 666945.4808 666404.2156 668249.0313 665688.618 671295.8055 680363.2383 601571.0452 0 0 0 0 0 0 0 0 0 0 0 0 0 0 0 0 0 0 0 0 0 0 0 0 0 0 0 0 0 0 0 0 0 0 0 0 0 
0 0 0 0 0 0 0 0 0 0 0 0 0 0 0 0 0 0 0 0 0 0 0 0 0 0 0 0 0 0 0 0 0 0 0 0 0 603114.4977 680448.2713 677924.9496 666982.6445 665625.4072 661540.0671 669465.1718 661926.8461 662014.8655 656682.9138 657736.3675 653248.446 647348.7845 641053.8056 651993.4285 654725.7884 655387.2203 657555.468 662740.099 663556.1293 665259.3834 670601.482 671228.8088 671979.4563 669814.2921 601810.3027 0 0 0 0 0 0 0 0 0 0 0 0 0 0 0 0 0 0 0 0 0 0 0 0 0 0 0 0 0 0 0 0 0 0 0 0 0 
0 0 0 0 0 0 0 0 0 0 0 0 0 0 0 0 0 0 0 0 0 0 0 0 0 0 0 0 0 0 0 0 0 0 0 0 0 601173.0519 670178.7281 671425.1535 673828.1641 671130.5037 668775.2553 668657.2012 660286.068 661584.3198 658977.6437 655040.5599 656427.8325 646603.0625 647299.3473 653084.3324 650035.1179 661787.8314 661415.8607 661333.7039 663243.407 673419.4254 669591.746 665442.9552 675174.4478 676737.5211 604624.7196 0 0 0 0 0 0 0 0 0 0 0 0 0 0 0 0 0 0 0 0 0 0 0 0 0 0 0 0 0 0 0 0 0 0 0 0 0 
0 0 0 0 0 0 0 0 0 0 0 0 0 0 0 0 0 0 0 0 0 0 0 0 0 0 0 0 0 0 0 0 0 0 0 0 0 601680.7665 673879.9451 674527.4692 673606.466 662969.905 670643.1893 664340.621 665489.0183 654326.2215 660841.4 653864.478 651887.4675 649244.2952 644458.5184 650928.6698 655063.2024 660333.3163 665212.2725 659644.906 665056.236 666638.9414 668001.541 672078.6753 671279.1884 675565.8825 599708.0918 0 0 0 0 0 0 0 0 0 0 0 0 0 0 0 0 0 0 0 0 0 0 0 0 0 0 0 0 0 0 0 0 0 0 0 0 0 
0 0 0 0 0 0 0 0 0 0 0 0 0 0 0 0 0 0 0 0 0 0 0 0 0 0 0 0 0 0 0 0 0 0 0 0 0 603565.5875 674100.4179 674981.9216 672536.0008 666909.0341 674204.9767 675946.7073 665723.5772 667062.2733 660313.8225 655831.007 651877.1839 649024.5583 654762.6148 649875.8262 662071.8796 662500.474 659550.9921 664002.2079 667320.8082 666684.9811 665694.9709 670037.9276 676703.9388 675075.0578 599611.6427 0 0 0 0 0 0 0 0 0 0 0 0 0 0 0 0 0 0 0 0 0 0 0 0 0 0 0 0 0 0 0 0 0 0 0 0 0 
0 0 0 0 0 0 0 0 0 0 0 0 0 0 0 0 0 0 0 0 0 0 0 0 0 0 0 0 0 0 0 0 0 0 0 0 0 607551.4314 677965.1012 670677.6263 672041.5582 667530.4487 665738.1322 669639.1682 665768.3947 663434.9476 653392.6525 652211.6749 655507.2445 652743.855 645871.5906 654007.3303 653812.4229 664340.5078 660919.3632 662374.1402 669995.9922 666754.739 670994.2324 673663.228 673678.6281 675280.385 605384.384 0 0 0 0 0 0 0 0 0 0 0 0 0 0 0 0 0 0 0 0 0 0 0 0 0 0 0 0 0 0 0 0 0 0 0 0 0 
0 0 0 0 0 0 0 0 0 0 0 0 0 0 0 0 0 0 0 0 0 0 0 0 0 0 0 0 0 0 0 0 0 0 0 0 0 600105.1845 668982.6975 675045.3576 675358.0771 668011.3451 671098.0527 672888.9434 663793.374 664471.6307 662191.1479 658330.0698 655426.4287 652184.1712 646567.0472 650599.6796 657466.0615 661847.4371 660053.4734 663171.8406 669584.5969 666826.8155 677847.772 678144.7542 675860.5215 679694.8598 603985.1378 0 0 0 0 0 0 0 0 0 0 0 0 0 0 0 0 0 0 0 0 0 0 0 0 0 0 0 0 0 0 0 0 0 0 0 0 0 
0 0 0 0 0 0 0 0 0 0 0 0 0 0 0 0 0 0 0 0 0 0 0 0 0 0 0 0 0 0 0 0 0 0 0 0 0 607157.6446 680599.7628 679340.4966 677714.4156 674246.0735 674525.0858 667382.6644 666242.7494 661409.5336 658874.0713 658320.3461 656801.0744 654938.4433 649921.8309 659617.2413 655591.3533 657870.4836 669385.8109 667833.4522 665089.1359 672967.5234 672440.1378 673154.2328 678986.9488 680246.1948 609591.5241 0 0 0 0 0 0 0 0 0 0 0 0 0 0 0 0 0 0 0 0 0 0 0 0 0 0 0 0 0 0 0 0 0 0 0 0 0 
0 0 0 0 0 0 0 0 0 0 0 0 0 0 0 0 0 0 0 0 0 0 0 0 0 0 0 0 0 0 0 0 0 0 0 0 0 608964.6626 678530.4602 678669.2054 678592.4755 676085.4808 672223.6246 664756.5921 665887.3101 663634.1645 659004.4849 658595.143 659742.963 649439.626 648042.2192 655346.8704 661667.4357 662942.6483 665836.667 667042.5121 670784.2254 664429.9143 670429.1391 677241.0981 677008.5206 681443.5183 612246.9189 0 0 0 0 0 0 0 0 0 0 0 0 0 0 0 0 0 0 0 0 0 0 0 0 0 0 0 0 0 0 0 0 0 0 0 0 0 
0 0 0 0 0 0 0 0 0 0 0 0 0 0 0 0 0 0 0 0 0 0 0 0 0 0 0 0 0 0 0 0 0 0 0 0 0 605873.8608 688127.6443 678757.27 676522.237 680698.0145 674387.0198 670829.9675 666026.442 659565.9572 656010.7392 663565.2902 657787.7584 654866.0964 653075.5669 657019.0158 662160.1153 665489.8041 668332.2085 674013.5381 671649.7487 668256.5739 676553.1446 670861.5948 677319.4518 677116.921 601854.6232 0 0 0 0 0 0 0 0 0 0 0 0 0 0 0 0 0 0 0 0 0 0 0 0 0 0 0 0 0 0 0 0 0 0 0 0 0 
0 0 0 0 0 0 0 0 0 0 0 0 0 0 0 0 0 0 0 0 0 0 0 0 0 0 0 0 0 0 0 0 0 0 0 0 0 609894.3453 679189.2575 673612.7315 681104.8644 670700.5537 671795.4567 671374.9829 672845.1197 662992.9523 660157.9722 657997.3351 657895.1238 653994.7226 655455.8209 658339.3246 655765.674 660429.5209 662293.6592 672257.5482 676060.7661 675173.8726 676025.4626 681165.1664 676811.7089 681807.9043 610977.2623 0 0 0 0 0 0 0 0 0 0 0 0 0 0 0 0 0 0 0 0 0 0 0 0 0 0 0 0 0 0 0 0 0 0 0 0 0 
0 0 0 0 0 0 0 0 0 0 0 0 0 0 0 0 0 0 0 0 0 0 0 0 0 0 0 0 0 0 0 0 0 0 0 0 0 609542.173 683950.4603 684154.8154 677525.1016 679040.6344 677704.2273 674306.3532 668733.3598 660918.4585 663240.6915 661370.6806 659927.7817 657645.3907 653130.5268 658278.7326 660834.6408 666120.6252 670278.8278 667931.9671 679569.0023 670741.8609 675995.3799 675914.16 679549.8798 683974.6412 607601.9804 0 0 0 0 0 0 0 0 0 0 0 0 0 0 0 0 0 0 0 0 0 0 0 0 0 0 0 0 0 0 0 0 0 0 0 0 0 
0 0 0 0 0 0 0 0 0 0 0 0 0 0 0 0 0 0 0 0 0 0 0 0 0 0 0 0 0 0 0 0 0 0 0 0 0 605526.9188 683144.0852 679300.0701 678544.3638 677958.0903 671815.0306 676945.6427 675962.6569 660393.1143 664083.9898 660922.7641 668208.8116 662618.1953 653500.1117 658608.9112 663926.7346 663296.1176 674470.0698 671469.9584 674724.4509 673057.3478 678752.0057 680639.6697 682495.8834 680381.2109 607931.8597 0 0 0 0 0 0 0 0 0 0 0 0 0 0 0 0 0 0 0 0 0 0 0 0 0 0 0 0 0 0 0 0 0 0 0 0 0 
0 0 0 0 0 0 0 0 0 0 0 0 0 0 0 0 0 0 0 0 0 0 0 0 0 0 0 0 0 0 0 0 0 0 0 0 0 282790.7634 318835.0962 324230.9014 320813.8777 319223.0446 317734.7559 315692.6386 316219.8148 315819.3379 313896.9446 308318.7968 308388.6125 309359.7545 308358.8991 310037.2264 311886.5867 309359.8094 313700.1994 315096.4375 317651.5863 317617.2366 320541.4853 316296.0358 317974.802 322101.701 284285.8946 0 0 0 0 0 0 0 0 0 0 0 0 0 0 0 0 0 0 0 0 0 0 0 0 0 0 0 0 0 0 0 0 0 0 0 0 0 
0 0 0 0 0 0 0 0 0 0 0 0 0 0 0 0 0 0 0 0 0 0 0 0 0 0 0 0 0 0 0 0 0 0 0 0 0 0 0 0 0 0 0 0 0 0 0 0 0 0 0 0 0 0 0 0 0 0 0 0 0 0 0 0 0 0 0 0 0 0 0 0 0 0 0 0 0 0 0 0 0 0 0 0 0 0 0 0 0 0 0 0 0 0 0 0 0 0 0 0 
0 0 0 0 0 0 0 0 0 0 0 0 0 0 0 0 0 0 0 0 0 0 0 0 0 0 0 0 0 0 0 0 0 0 0 0 0 0 0 0 0 0 0 0 0 0 0 0 0 0 0 0 0 0 0 0 0 0 0 0 0 0 0 0 0 0 0 0 0 0 0 0 0 0 0 0 0 0 0 0 0 0 0 0 0 0 0 0 0 0 0 0 0 0 0 0 0 0 0 0 
0 0 0 0 0 0 0 0 0 0 0 0 0 0 0 0 0 0 0 0 0 0 0 0 0 0 0 0 0 0 0 0 0 0 0 0 0 0 0 0 0 0 0 0 0 0 0 0 0 0 0 0 0 0 0 0 0 0 0 0 0 0 0 0 0 0 0 0 0 0 0 0 0 0 0 0 0 0 0 0 0 0 0 0 0 0 0 0 0 0 0 0 0 0 0 0 0 0 0 0 
0 0 0 0 0 0 0 0 0 0 0 0 0 0 0 0 0 0 0 0 0 0 0 0 0 0 0 0 0 0 0 0 0 0 0 0 0 0 0 0 0 0 0 0 0 0 0 0 0 0 0 0 0 0 0 0 0 0 0 0 0 0 0 0 0 0 0 0 0 0 0 0 0 0 0 0 0 0 0 0 0 0 0 0 0 0 0 0 0 0 0 0 0 0 0 0 0 0 0 0 
0 0 0 0 0 0 0 0 0 0 0 0 0 0 0 0 0 0 0 0 0 0 0 0 0 0 0 0 0 0 0 0 0 0 0 0 0 0 0 0 0 0 0 0 0 0 0 0 0 0 0 0 0 0 0 0 0 0 0 0 0 0 0 0 0 0 0 0 0 0 0 0 0 0 0 0 0 0 0 0 0 0 0 0 0 0 0 0 0 0 0 0 0 0 0 0 0 0 0 0 
0 0 0 0 0 0 0 0 0 0 0 0 0 0 0 0 0 0 0 0 0 0 0 0 0 0 0 0 0 0 0 0 0 0 0 0 0 0 0 0 0 0 0 0 0 0 0 0 0 0 0 0 0 0 0 0 0 0 0 0 0 0 0 0 0 0 0 0 0 0 0 0 0 0 0 0 0 0 0 0 0 0 0 0 0 0 0 0 0 0 0 0 0 0 0 0 0 0 0 0 
0 0 0 0 0 0 0 0 0 0 0 0 0 0 0 0 0 0 0 0 0 0 0 0 0 0 0 0 0 0 0 0 0 0 0 0 0 0 0 0 0 0 0 0 0 0 0 0 0 0 0 0 0 0 0 0 0 0 0 0 0 0 0 0 0 0 0 0 0 0 0 0 0 0 0 0 0 0 0 0 0 0 0 0 0 0 0 0 0 0 0 0 0 0 0 0 0 0 0 0 
0 0 0 0 0 0 0 0 0 0 0 0 0 0 0 0 0 0 0 0 0 0 0 0 0 0 0 0 0 0 0 0 0 0 0 0 0 0 0 0 0 0 0 0 0 0 0 0 0 0 0 0 0 0 0 0 0 0 0 0 0 0 0 0 0 0 0 0 0 0 0 0 0 0 0 0 0 0 0 0 0 0 0 0 0 0 0 0 0 0 0 0 0 0 0 0 0 0 0 0 
0 0 0 0 0 0 0 0 0 0 0 0 0 0 0 0 0 0 0 0 0 0 0 0 0 0 0 0 0 0 0 0 0 0 0 0 0 0 0 0 0 0 0 0 0 0 0 0 0 0 0 0 0 0 0 0 0 0 0 0 0 0 0 0 0 0 0 0 0 0 0 0 0 0 0 0 0 0 0 0 0 0 0 0 0 0 0 0 0 0 0 0 0 0 0 0 0 0 0 0 
0 0 0 0 0 0 0 0 0 0 0 0 0 0 0 0 0 0 0 0 0 0 0 0 0 0 0 0 0 0 0 0 0 0 0 0 0 0 0 0 0 0 0 0 0 0 0 0 0 0 0 0 0 0 0 0 0 0 0 0 0 0 0 0 0 0 0 0 0 0 0 0 0 0 0 0 0 0 0 0 0 0 0 0 0 0 0 0 0 0 0 0 0 0 0 0 0 0 0 0 
# Errors [E2PSD/ExitE2.dat] I_err:
0 0 0 0 0 0 0 0 0 0 0 0 0 0 0 0 0 0 0 0 0 0 0 0 0 0 0 0 0 0 0 0 0 0 0 0 0 0 0 0 0 0 0 0 0 0 0 0 0 0 0 0 0 0 0 0 0 0 0 0 0 0 0 0 0 0 0 0 0 0 0 0 0 0 0 0 0 0 0 0 0 0 0 0 0 0 0 0 0 0 0 0 0 0 0 0 0 0 0 0 
0 0 0 0 0 0 0 0 0 0 0 0 0 0 0 0 0 0 0 0 0 0 0 0 0 0 0 0 0 0 0 0 0 0 0 0 0 0 0 0 0 0 0 0 0 0 0 0 0 0 0 0 0 0 0 0 0 0 0 0 0 0 0 0 0 0 0 0 0 0 0 0 0 0 0 0 0 0 0 0 0 0 0 0 0 0 0 0 0 0 0 0 0 0 0 0 0 0 0 0 
0 0 0 0 0 0 0 0 0 0 0 0 0 0 0 0 0 0 0 0 0 0 0 0 0 0 0 0 0 0 0 0 0 0 0 0 0 0 0 0 0 0 0 0 0 0 0 0 0 0 0 0 0 0 0 0 0 0 0 0 0 0 0 0 0 0 0 0 0 0 0 0 0 0 0 0 0 0 0 0 0 0 0 0 0 0 0 0 0 0 0 0 0 0 0 0 0 0 0 0 
0 0 0 0 0 0 0 0 0 0 0 0 0 0 0 0 0 0 0 0 0 0 0 0 0 0 0 0 0 0 0 0 0 0 0 0 0 0 0 0 0 0 0 0 0 0 0 0 0 0 0 0 0 0 0 0 0 0 0 0 0 0 0 0 0 0 0 0 0 0 0 0 0 0 0 0 0 0 0 0 0 0 0 0 0 0 0 0 0 0 0 0 0 0 0 0 0 0 0 0 
0 0 0 0 0 0 0 0 0 0 0 0 0 0 0 0 0 0 0 0 0 0 0 0 0 0 0 0 0 0 0 0 0 0 0 0 0 0 0 0 0 0 0 0 0 0 0 0 0 0 0 0 0 0 0 0 0 0 0 0 0 0 0 0 0 0 0 0 0 0 0 0 0 0 0 0 0 0 0 0 0 0 0 0 0 0 0 0 0 0 0 0 0 0 0 0 0 0 0 0 
0 0 0 0 0 0 0 0 0 0 0 0 0 0 0 0 0 0 0 0 0 0 0 0 0 0 0 0 0 0 0 0 0 0 0 0 0 0 0 0 0 0 0 0 0 0 0 0 0 0 0 0 0 0 0 0 0 0 0 0 0 0 0 0 0 0 0 0 0 0 0 0 0 0 0 0 0 0 0 0 0 0 0 0 0 0 0 0 0 0 0 0 0 0 0 0 0 0 0 0 
0 0 0 0 0 0 0 0 0 0 0 0 0 0 0 0 0 0 0 0 0 0 0 0 0 0 0 0 0 0 0 0 0 0 0 0 0 0 0 0 0 0 0 0 0 0 0 0 0 0 0 0 0 0 0 0 0 0 0 0 0 0 0 0 0 0 0 0 0 0 0 0 0 0 0 0 0 0 0 0 0 0 0 0 0 0 0 0 0 0 0 0 0 0 0 0 0 0 0 0 
0 0 0 0 0 0 0 0 0 0 0 0 0 0 0 0 0 0 0 0 0 0 0 0 0 0 0 0 0 0 0 0 0 0 0 0 0 0 0 0 0 0 0 0 0 0 0 0 0 0 0 0 0 0 0 0 0 0 0 0 0 0 0 0 0 0 0 0 0 0 0 0 0 0 0 0 0 0 0 0 0 0 0 0 0 0 0 0 0 0 0 0 0 0 0 0 0 0 0 0 
0 0 0 0 0 0 0 0 0 0 0 0 0 0 0 0 0 0 0 0 0 0 0 0 0 0 0 0 0 0 0 0 0 0 0 0 0 0 0 0 0 0 0 0 0 0 0 0 0 0 0 0 0 0 0 0 0 0 0 0 0 0 0 0 0 0 0 0 0 0 0 0 0 0 0 0 0 0 0 0 0 0 0 0 0 0 0 0 0 0 0 0 0 0 0 0 0 0 0 0 
0 0 0 0 0 0 0 0 0 0 0 0 0 0 0 0 0 0 0 0 0 0 0 0 0 0 0 0 0 0 0 0 0 0 0 0 0 0 0 0 0 0 0 0 0 0 0 0 0 0 0 0 0 0 0 0 0 0 0 0 0 0 0 0 0 0 0 0 0 0 0 0 0 0 0 0 0 0 0 0 0 0 0 0 0 0 0 0 0 0 0 0 0 0 0 0 0 0 0 0 
0 0 0 0 0 0 0 0 0 0 0 0 0 0 0 0 0 0 0 0 0 0 0 0 0 0 0 0 0 0 0 0 0 0 0 0 0 2054.696242 2173.854399 2184.959453 2154.615229 2163.732469 2152.793227 2155.579813 2158.119783 2140.606106 2141.047035 2146.095973 2137.947042 2135.290298 2142.967268 2132.06024 2140.248072 2146.005176 2142.77303 2142.96808 2158.805251 2146.573108 2145.639674 2168.604023 2171.180497 2185.025418 2044.511213 0 0 0 0 0 0 0 0 0 0 0 0 0 0 0 0 0 0 0 0 0 0 0 0 0 0 0 0 0 0 0 0 0 0 0 0 0 
0 0 0 0 0 0 0 0 0 0 0 0 0 0 0 0 0 0 0 0 0 0 0 0 0 0 0 0 0 0 0 0 0 0 0 0 0 2985.308143 3156.215227 3169.898957 3154.191508 3156.2596 3144.797688 3134.952405 3126.137018 3127.869708 3119.818708 3115.163057 3115.885189 3120.730875 3105.649 3114.628255 3120.677578 3141.193508 3114.861254 3145.24659 3137.365409 3143.786475 3158.701611 3147.463408 3153.139408 3169.197546 2991.962184 0 0 0 0 0 0 0 0 0 0 0 0 0 0 0 0 0 0 0 0 0 0 0 0 0 0 0 0 0 0 0 0 0 0 0 0 0 
0 0 0 0 0 0 0 0 0 0 0 0 0 0 0 0 0 0 0 0 0 0 0 0 0 0 0 0 0 0 0 0 0 0 0 0 0 2987.689193 3158.214581 3144.31102 3150.763372 3147.77018 3154.496636 3147.69461 3141.972908 3136.917395 3111.370612 3126.920665 3114.944352 3120.640891 3127.107239 3109.603315 3120.226369 3129.011449 3117.144487 3126.463227 3135.399809 3143.620656 3166.767273 3147.696868 3151.243265 3164.741054 2995.98248 0 0 0 0 0 0 0 0 0 0 0 0 0 0 0 0 0 0 0 0 0 0 0 0 0 0 0 0 0 0 0 0 0 0 0 0 0 
0 0 0 0 0 0 0 0 0 0 0 0 0 0 0 0 0 0 0 0 0 0 0 0 0 0 0 0 0 0 0 0 0 0 0 0 0 2992.653485 3158.57881 3163.182244 3162.968692 3154.043264 3138.840048 3137.891454 3126.271879 3123.619062 3124.425848 3096.25229 3110.560437 3096.097187 3098.641435 3119.43254 3117.083238 3119.35845 3122.847411 3128.58292 3140.567066 3141.250161 3134.962995 3152.810535 3156.718543 3152.186992 2991.144712 0 0 0 0 0 0 0 0 0 0 0 0 0 0 0 0 0 0 0 0 0 0 0 0 0 0 0 0 0 0 0 0 0 0 0 0 0 
0 0 0 0 0 0 0 0 0 0 0 0 0 0 0 0 0 0 0 0 0 0 0 0 0 0 0 0 0 0 0 0 0 0 0 0 0 2983.917768 3142.546303 3158.103371 3145.695272 3145.686309 3145.587288 3144.754308 3124.189876 3117.756552 3115.347563 3117.370893 3112.943208 3115.258991 3110.382444 3124.327202 3125.275794 3120.487765 3120.81097 3121.713411 3135.747757 3136.565716 3152.22403 3144.323934 3154.561876 3161.165173 2982.548265 0 0 0 0 0 0 0 0 0 0 0 0 0 0 0 0 0 0 0 0 0 0 0 0 0 0 0 0 0 0 0 0 0 0 0 0 0 
0 0 0 0 0 0 0 0 0 0 0 0 0 0 0 0 0 0 0 0 0 0 0 0 0 0 0 0 0 0 0 0 0 0 0 0 0 2964.714283 3168.533149 3159.578382 3140.342772 3159.266734 3144.75303 3125.146261 3130.876614 3130.572356 3115.245762 3100.460291 3113.653939 3090.66978 3103.153703 3096.175153 3121.777708 3105.544665 3118.851349 3122.090357 3141.632551 3135.16712 3151.663308 3135.573704 3147.241979 3161.604478 2994.043305 0 0 0 0 0 0 0 0 0 0 0 0 0 0 0 0 0 0 0 0 0 0 0 0 0 0 0 0 0 0 0 0 0 0 0 0 0 
0 0 0 0 0 0 0 0 0 0 0 0 0 0 0 0 0 0 0 0 0 0 0 0 0 0 0 0 0 0 0 0 0 0 0 0 0 2972.891607 3150.37206 3153.613701 3151.794035 3139.169984 3128.840635 3133.935829 3141.730342 3114.236161 3115.848824 3107.866399 3102.151384 3106.98224 3119.526713 3117.203233 3115.132356 3098.008419 3112.276565 3128.087485 3126.903711 3142.987386 3143.92226 3146.477577 3142.842326 3162.644368 2976.819643 0 0 0 0 0 0 0 0 0 0 0 0 0 0 0 0 0 0 0 0 0 0 0 0 0 0 0 0 0 0 0 0 0 0 0 0 0 
0 0 0 0 0 0 0 0 0 0 0 0 0 0 0 0 0 0 0 0 0 0 0 0 0 0 0 0 0 0 0 0 0 0 0 0 0 2966.559103 3145.517644 3147.283666 3135.5405 3135.355922 3141.324843 3132.226528 3107.836298 3106.981784 3109.145328 3099.341257 3105.677315 3097.942099 3098.265892 3095.181139 3107.329692 3107.711343 3106.772273 3104.019529 3140.890359 3141.268385 3135.698984 3137.872515 3134.997458 3149.75176 2965.892213 0 0 0 0 0 0 0 0 0 0 0 0 0 0 0 0 0 0 0 0 0 0 0 0 0 0 0 0 0 0 0 0 0 0 0 0 0 
0 0 0 0 0 0 0 0 0 0 0 0 0 0 0 0 0 0 0 0 0 0 0 0 0 0 0 0 0 0 0 0 0 0 0 0 0 2972.972733 3141.642181 3143.60158 3135.979336 3144.367377 3139.375514 3140.704442 3108.317788 3123.269711 3111.773512 3105.955749 3096.654433 3084.968748 3099.960871 3102.2943 3105.807018 3103.401992 3116.490461 3120.061343 3131.456307 3131.840004 3144.71691 3162.361322 3137.655776 3148.789611 2973.565485 0 0 0 0 0 0 0 0 0 0 0 0 0 0 0 0 0 0 0 0 0 0 0 0 0 0 0 0 0 0 0 0 0 0 0 0 0 
0 0 0 0 0 0 0 0 0 0 0 0 0 0 0 0 0 0 0 0 0 0 0 0 0 0 0 0 0 0 0 0 0 0 0 0 0 2966.930766 3149.257419 3153.800594 3127.479377 3112.21063 3121.901679 3131.736958 3124.470124 3112.79531 3108.845786 3091.225743 3103.00912 3091.42449 3097.403515 3102.168971 3096.360442 3098.602588 3109.220058 3116.709037 3122.195968 3132.202885 3137.08196 3101.01667 3145.430346 3134.448026 2980.67786 0 0 0 0 0 0 0 0 0 0 0 0 0 0 0 0 0 0 0 0 0 0 0 0 0 0 0 0 0 0 0 0 0 0 0 0 0 
0 0 0 0 0 0 0 0 0 0 0 0 0 0 0 0 0 0 0 0 0 0 0 0 0 0 0 0 0 0 0 0 0 0 0 0 0 2976.9787 3139.484199 3131.320735 3129.491475 3127.31263 3133.28396 3106.966288 3120.16875 3101.916555 3088.188511 3100.766452 3101.491517 3078.747924 3089.333012 3098.221843 3096.446184 3095.640287 3094.791485 3102.187228 3128.706951 3121.756216 3137.637176 3145.34231 3142.386985 3156.549992 2966.002112 0 0 0 0 0 0 0 0 0 0 0 0 0 0 0 0 0 0 0 0 0 0 0 0 0 0 0 0 0 0 0 0 0 0 0 0 0 
0 0 0 0 0 0 0 0 0 0 0 0 0 0 0 0 0 0 0 0 0 0 0 0 0 0 0 0 0 0 0 0 0 0 0 0 0 2957.613503 3138.997842 3131.444532 3131.487467 3122.606712 3121.160717 3121.144824 3102.265536 3102.431426 3093.930069 3090.438666 3085.850342 3069.725897 3084.331932 3092.500762 3096.504419 3106.331144 3104.606171 3098.932134 3130.179722 3122.705317 3132.248537 3140.56225 3142.970106 3124.373115 2971.024899 0 0 0 0 0 0 0 0 0 0 0 0 0 0 0 0 0 0 0 0 0 0 0 0 0 0 0 0 0 0 0 0 0 0 0 0 0 
0 0 0 0 0 0 0 0 0 0 0 0 0 0 0 0 0 0 0 0 0 0 0 0 0 0 0 0 0 0 0 0 0 0 0 0 0 2966.178815 3131.555883 3131.133432 3132.474492 3115.265148 3129.124688 3110.998447 3113.686442 3099.159806 3085.137431 3094.295664 3084.435528 3081.674124 3094.526744 3100.073241 3098.813935 3093.891444 3103.590672 3104.074964 3122.164686 3109.213899 3129.472101 3120.980638 3126.55523 3133.851108 2955.007407 0 0 0 0 0 0 0 0 0 0 0 0 0 0 0 0 0 0 0 0 0 0 0 0 0 0 0 0 0 0 0 0 0 0 0 0 0 
0 0 0 0 0 0 0 0 0 0 0 0 0 0 0 0 0 0 0 0 0 0 0 0 0 0 0 0 0 0 0 0 0 0 0 0 0 2962.832085 3135.715003 3135.329523 3116.97586 3117.971118 3105.647233 3102.842186 3105.927532 3106.315863 3080.338306 3096.696217 3083.394365 3086.181077 3072.866868 3075.984662 3093.064414 3108.752403 3095.069256 3105.837144 3095.970819 3115.258737 3118.778055 3120.81951 3138.780653 3132.970614 2964.79845 0 0 0 0 0 0 0 0 0 0 0 0 0 0 0 0 0 0 0 0 0 0 0 0 0 0 0 0 0 0 0 0 0 0 0 0 0 
0 0 0 0 0 0 0 0 0 0 0 0 0 0 0 0 0 0 0 0 0 0 0 0 0 0 0 0 0 0 0 0 0 0 0 0 0 2967.371541 3146.152376 3135.953632 3117.784562 3123.294466 3102.847896 3125.237759 3114.851345 3101.814228 3095.104355 3083.2916 3082.60723 3075.416581 3084.646463 3079.617362 3092.608271 3090.721629 3109.601206 3098.548633 3124.18249 3110.442113 3122.32081 3113.647167 3130.976206 3133.972831 2965.505487 0 0 0 0 0 0 0 0 0 0 0 0 0 0 0 0 0 0 0 0 0 0 0 0 0 0 0 0 0 0 0 0 0 0 0 0 0 
0 0 0 0 0 0 0 0 0 0 0 0 0 0 0 0 0 0 0 0 0 0 0 0 0 0 0 0 0 0 0 0 0 0 0 0 0 2955.143013 3138.638899 3139.224029 3132.361503 3119.969979 3121.605127 3114.327942 3106.634665 3098.495791 3091.336283 3092.680752 3081.894053 3077.550578 3086.461881 3081.246965 3086.654528 3086.695921 3110.122969 3087.279339 3109.317235 3126.455125 3113.483632 3117.061268 3130.930336 3136.96609 2958.529782 0 0 0 0 0 0 0 0 0 0 0 0 0 0 0 0 0 0 0 0 0 0 0 0 0 0 0 0 0 0 0 0 0 0 0 0 0 
0 0 0 0 0 0 0 0 0 0 0 0 0 0 0 0 0 0 0 0 0 0 0 0 0 0 0 0 0 0 0 0 0 0 0 0 0 2966.293984 3138.520379 3129.502121 3137.397648 3114.460081 3118.623785 3117.034655 3110.327507 3112.496828 3106.346371 3078.621659 3097.872208 3070.931472 3080.160457 3081.370357 3092.966075 3092.058674 3100.902725 3104.299755 3121.483262 3121.908716 3115.432637 3116.665781 3130.186652 3139.507108 2951.61961 0 0 0 0 0 0 0 0 0 0 0 0 0 0 0 0 0 0 0 0 0 0 0 0 0 0 0 0 0 0 0 0 0 0 0 0 0 
0 0 0 0 0 0 0 0 0 0 0 0 0 0 0 0 0 0 0 0 0 0 0 0 0 0 0 0 0 0 0 0 0 0 0 0 0 2974.420225 3153.389434 3138.067941 3122.90835 3142.440693 3118.214175 3125.969309 3097.186795 3099.275904 3099.565219 3097.692322 3082.759397 3072.239233 3082.723165 3090.959219 3098.047639 3099.980511 3100.244743 3104.992116 3115.615493 3115.220828 3117.839798 3133.681766 3136.145066 3138.213301 2961.201344 0 0 0 0 0 0 0 0 0 0 0 0 0 0 0 0 0 0 0 0 0 0 0 0 0 0 0 0 0 0 0 0 0 0 0 0 0 
0 0 0 0 0 0 0 0 0 0 0 0 0 0 0 0 0 0 0 0 0 0 0 0 0 0 0 0 0 0 0 0 0 0 0 0 0 2948.002858 3144.460296 3131.176327 3127.314026 3143.7021 3125.737564 3113.927549 3105.263009 3102.468116 3107.954266 3098.007752 3096.149611 3081.33637 3091.12484 3081.904164 3121.854129 3101.726893 3100.904279 3116.657846 3121.857884 3119.214426 3116.12424 3130.671586 3137.345832 3138.643349 2971.400212 0 0 0 0 0 0 0 0 0 0 0 0 0 0 0 0 0 0 0 0 0 0 0 0 0 0 0 0 0 0 0 0 0 0 0 0 0 
0 0 0 0 0 0 0 0 0 0 0 0 0 0 0 0 0 0 0 0 0 0 0 0 0 0 0 0 0 0 0 0 0 0 0 0 0 2978.793721 3127.759271 3120.549891 3131.265857 3110.478818 3125.713769 3110.367236 3108.803795 3104.964504 3105.970549 3090.550426 3093.750346 3090.284505 3081.519553 3098.644571 3105.36659 3094.385394 3085.49432 3098.163596 3124.642972 3126.113932 3127.624194 3122.72878 3141.938532 3137.738352 2965.242652 0 0 0 0 0 0 0 0 0 0 0 0 0 0 0 0 0 0 0 0 0 0 0 0 0 0 0 0 0 0 0 0 0 0 0 0 0 
0 0 0 0 0 0 0 0 0 0 0 0 0 0 0 0 0 0 0 0 0 0 0 0 0 0 0 0 0 0 0 0 0 0 0 0 0 2966.113985 3130.964991 3139.358654 3134.321677 3145.641086 3129.96713 3117.329964 3118.737599 3104.741881 3089.698404 3087.689408 3099.084108 3080.267275 3091.794895 3105.595456 3103.534872 3099.757458 3099.798987 3113.826471 3135.28027 3121.915127 3126.55923 3138.272226 3142.704986 3132.689529 2967.284962 0 0 0 0 0 0 0 0 0 0 0 0 0 0 0 0 0 0 0 0 0 0 0 0 0 0 0 0 0 0 0 0 0 0 0 0 0 
0 0 0 0 0 0 0 0 0 0 0 0 0 0 0 0 0 0 0 0 0 0 0 0 0 0 0 0 0 0 0 0 0 0 0 0 0 2980.307919 3152.849432 3159.794304 3142.060934 3139.49306 3138.243884 3128.893974 3123.579838 3128.158029 3092.314048 3093.273297 3113.407213 3084.338927 3092.70756 3116.779619 3120.926452 3097.598072 3106.918313 3111.741032 3136.441201 3137.879313 3130.96061 3136.961519 3145.5452 3133.906076 2967.116428 0 0 0 0 0 0 0 0 0 0 0 0 0 0 0 0 0 0 0 0 0 0 0 0 0 0 0 0 0 0 0 0 0 0 0 0 0 
0 0 0 0 0 0 0 0 0 0 0 0 0 0 0 0 0 0 0 0 0 0 0 0 0 0 0 0 0 0 0 0 0 0 0 0 0 2972.006237 3148.229192 3130.478946 3145.347699 3145.73989 3134.212176 3126.71 3110.529093 3102.755114 3111.131292 3114.880157 3093.988198 3097.779709 3093.621691 3107.096829 3086.480438 3114.181228 3102.533908 3111.179845 3118.538839 3131.822688 3143.058492 3132.548188 3146.537789 3162.476188 2973.871232 0 0 0 0 0 0 0 0 0 0 0 0 0 0 0 0 0 0 0 0 0 0 0 0 0 0 0 0 0 0 0 0 0 0 0 0 0 
0 0 0 0 0 0 0 0 0 0 0 0 0 0 0 0 0 0 0 0 0 0 0 0 0 0 0 0 0 0 0 0 0 0 0 0 0 2976.579902 3153.965299 3150.025795 3134.292532 3147.867476 3153.597549 3140.707934 3126.616442 3122.865948 3113.259228 3100.706645 3113.388338 3098.551666 3103.250902 3107.896642 3099.545446 3112.717534 3114.157795 3125.230948 3128.958271 3140.642846 3124.392755 3137.933271 3156.729941 3144.089278 2986.860292 0 0 0 0 0 0 0 0 0 0 0 0 0 0 0 0 0 0 0 0 0 0 0 0 0 0 0 0 0 0 0 0 0 0 0 0 0 
0 0 0 0 0 0 0 0 0 0 0 0 0 0 0 0 0 0 0 0 0 0 0 0 0 0 0 0 0 0 0 0 0 0 0 0 0 2991.324454 3174.217623 3174.054416 3154.7328 3141.0749 3144.292344 3112.528266 3119.175814 3107.065586 3106.16946 3107.265659 3113.557557 3106.482517 3101.586544 3116.564843 3120.991488 3126.233312 3131.829995 3131.00341 3136.797265 3145.601535 3153.925482 3158.24545 3147.70151 3165.156495 2987.84333 0 0 0 0 0 0 0 0 0 0 0 0 0 0 0 0 0 0 0 0 0 0 0 0 0 0 0 0 0 0 0 0 0 0 0 0 0 
0 0 0 0 0 0 0 0 0 0 0 0 0 0 0 0 0 0 0 0 0 0 0 0 0 0 0 0 0 0 0 0 0 0 0 0 0 3000.85881 3177.228768 3158.720668 3158.388802 3152.632022 3152.092128 3150.823177 3136.339284 3121.905178 3114.648204 3133.042095 3115.634942 3122.353913 3098.05024 3120.328843 3118.917519 3134.499622 3121.784291 3123.456479 3174.281184 3136.540186 3135.553029 3154.494921 3163.952545 3174.885099 2992.681618 0 0 0 0 0 0 0 0 0 0 0 0 0 0 0 0 0 0 0 0 0 0 0 0 0 0 0 0 0 0 0 0 0 0 0 0 0 
0 0 0 0 0 0 0 0 0 0 0 0 0 0 0 0 0 0 0 0 0 0 0 0 0 0 0 0 0 0 0 0 0 0 0 0 0 2997.645483 3176.206584 3164.377059 3140.873554 3147.147616 3149.794252 3155.154871 3142.199644 3133.747057 3128.272958 3136.563643 3116.193862 3122.899463 3122.922711 3112.792079 3120.635525 3127.72808 3133.20693 3129.500169 3141.357726 3150.642037 3150.078287 3166.56104 3162.053133 3177.08721 2998.602362 0 0 0 0 0 0 0 0 0 0 0 0 0 0 0 0 0 0 0 0 0 0 0 0 0 0 0 0 0 0 0 0 0 0 0 0 0 
0 0 0 0 0 0 0 0 0 0 0 0 0 0 0 0 0 0 0 0 0 0 0 0 0 0 0 0 0 0 0 0 0 0 0 0 0 2992.303793 3166.852878 3183.084953 3166.094908 3165.786843 3172.169983 3163.597046 3150.469618 3137.625605 3127.129203 3142.793083 3130.106721 3118.908816 3101.875965 3121.605382 3128.05673 3134.848833 3136.649439 3143.463191 3144.649512 3154.472117 3166.790154 3177.820039 3176.773186 3169.61769 2988.437409 0 0 0 0 0 0 0 0 0 0 0 0 0 0 0 0 0 0 0 0 0 0 0 0 0 0 0 0 0 0 0 0 0 0 0 0 0 
0 0 0 0 0 0 0 0 0 0 0 0 0 0 0 0 0 0 0 0 0 0 0 0 0 0 0 0 0 0 0 0 0 0 0 0 0 2997.136234 3180.770944 3160.861294 3179.769267 3169.207487 3156.514219 3138.760847 3149.205869 3147.867247 3157.075092 3140.280984 3125.378185 3129.321135 3120.706641 3130.943722 3137.004675 3147.115006 3157.127157 3153.193291 3149.465421 3160.931448 3172.137243 3157.832643 3172.108192 3177.1497 3005.919295 0 0 0 0 0 0 0 0 0 0 0 0 0 0 0 0 0 0 0 0 0 0 0 0 0 0 0 0 0 0 0 0 0 0 0 0 0 
0 0 0 0 0 0 0 0 0 0 0 0 0 0 0 0 0 0 0 0 0 0 0 0 0 0 0 0 0 0 0 0 0 0 0 0 0 3000.94436 3180.627119 3172.801457 3168.056178 3162.940373 3164.819278 3168.533407 3140.875253 3144.930614 3134.339125 3127.830039 3114.636556 3126.91428 3130.338008 3143.286623 3133.739901 3150.761328 3149.182032 3142.518699 3144.526011 3170.518848 3176.626887 3168.707126 3164.123055 3185.150946 3004.240482 0 0 0 0 0 0 0 0 0 0 0 0 0 0 0 0 0 0 0 0 0 0 0 0 0 0 0 0 0 0 0 0 0 0 0 0 0 
0 0 0 0 0 0 0 0 0 0 0 0 0 0 0 0 0 0 0 0 0 0 0 0 0 0 0 0 0 0 0 0 0 0 0 0 0 3005.13217 3168.571884 3173.536872 3166.500957 3160.261933 3160.613186 3152.977842 3147.057118 3139.513702 3129.012466 3129.197525 3119.162632 3119.416069 3127.479256 3129.008789 3133.557711 3128.094072 3142.772788 3147.175119 3142.846798 3160.806882 3156.574076 3178.374638 3160.166593 3176.310241 3014.270039 0 0 0 0 0 0 0 0 0 0 0 0 0 0 0 0 0 0 0 0 0 0 0 0 0 0 0 0 0 0 0 0 0 0 0 0 0 
0 0 0 0 0 0 0 0 0 0 0 0 0 0 0 0 0 0 0 0 0 0 0 0 0 0 0 0 0 0 0 0 0 0 0 0 0 2997.419756 3182.300602 3175.37918 3177.346564 3157.571634 3154.597904 3157.74049 3148.771338 3140.543723 3131.937421 3140.13405 3130.191035 3128.136892 3122.295633 3123.64817 3129.094058 3141.196108 3138.470366 3143.315037 3154.160053 3166.424822 3165.207621 3168.00344 3190.202662 3193.376716 2995.131668 0 0 0 0 0 0 0 0 0 0 0 0 0 0 0 0 0 0 0 0 0 0 0 0 0 0 0 0 0 0 0 0 0 0 0 0 0 
0 0 0 0 0 0 0 0 0 0 0 0 0 0 0 0 0 0 0 0 0 0 0 0 0 0 0 0 0 0 0 0 0 0 0 0 0 2996.265633 3184.92138 3168.789535 3172.04559 3165.289289 3165.904466 3150.097535 3147.634742 3138.007593 3124.2589 3139.330212 3130.520505 3119.380072 3122.021591 3118.332972 3133.167934 3140.971939 3141.74421 3147.360494 3149.142867 3152.25272 3168.819135 3163.676473 3190.309314 3186.471562 2998.641783 0 0 0 0 0 0 0 0 0 0 0 0 0 0 0 0 0 0 0 0 0 0 0 0 0 0 0 0 0 0 0 0 0 0 0 0 0 
0 0 0 0 0 0 0 0 0 0 0 0 0 0 0 0 0 0 0 0 0 0 0 0 0 0 0 0 0 0 0 0 0 0 0 0 0 2999.084109 3184.035052 3169.570768 3168.399213 3165.781723 3170.57492 3148.526607 3137.421641 3147.471687 3136.843577 3136.096955 3133.584078 3115.366465 3128.314735 3137.758187 3135.316009 3140.905355 3142.336838 3154.77628 3154.076782 3155.4729 3161.802787 3173.224169 3170.172011 3174.632205 3015.30518 0 0 0 0 0 0 0 0 0 0 0 0 0 0 0 0 0 0 0 0 0 0 0 0 0 0 0 0 0 0 0 0 0 0 0 0 0 
0 0 0 0 0 0 0 0 0 0 0 0 0 0 0 0 0 0 0 0 0 0 0 0 0 0 0 0 0 0 0 0 0 0 0 0 0 3004.961637 3171.757423 3175.678917 3165.067289 3167.480868 3167.451585 3142.806459 3146.035504 3144.276165 3134.358979 3137.961127 3137.140165 3129.459455 3124.257882 3130.979188 3126.401083 3127.93937 3143.599106 3148.84104 3145.602103 3164.464619 3170.247196 3156.514911 3172.535359 3179.497888 2994.519161 0 0 0 0 0 0 0 0 0 0 0 0 0 0 0 0 0 0 0 0 0 0 0 0 0 0 0 0 0 0 0 0 0 0 0 0 0 
0 0 0 0 0 0 0 0 0 0 0 0 0 0 0 0 0 0 0 0 0 0 0 0 0 0 0 0 0 0 0 0 0 0 0 0 0 2996.429475 3173.059022 3171.859056 3164.481415 3159.321051 3158.375629 3146.993207 3143.644967 3131.627753 3142.834145 3125.506507 3131.163622 3128.895324 3120.002669 3135.789451 3147.286602 3127.915398 3143.483308 3130.64452 3142.886018 3158.242279 3157.733062 3169.097395 3189.404737 3165.839693 2991.868184 0 0 0 0 0 0 0 0 0 0 0 0 0 0 0 0 0 0 0 0 0 0 0 0 0 0 0 0 0 0 0 0 0 0 0 0 0 
0 0 0 0 0 0 0 0 0 0 0 0 0 0 0 0 0 0 0 0 0 0 0 0 0 0 0 0 0 0 0 0 0 0 0 0 0 2992.13591 3176.039839 3169.789263 3168.409362 3155.294117 3151.632445 3156.840507 3142.483675 3142.716232 3139.59672 3131.367505 3125.816564 3112.556239 3123.150317 3130.766838 3137.423218 3143.175289 3141.542679 3143.546858 3143.313922 3149.672607 3153.349206 3173.802526 3174.243031 3182.801897 2992.263435 0 0 0 0 0 0 0 0 0 0 0 0 0 0 0 0 0 0 0 0 0 0 0 0 0 0 0 0 0 0 0 0 0 0 0 0 0 
0 0 0 0 0 0 0 0 0 0 0 0 0 0 0 0 0 0 0 0 0 0 0 0 0 0 0 0 0 0 0 0 0 0 0 0 0 2989.19303 3177.65315 3177.913033 3154.36239 3168.972137 3155.426217 3156.075085 3127.160516 3134.123263 3130.509448 3125.606816 3133.739056 3127.608687 3128.365469 3113.940815 3132.816758 3132.317489 3154.126898 3138.436356 3153.313139 3161.532714 3172.532355 3148.920414 3180.209131 3177.009565 3012.959763 0 0 0 0 0 0 0 0 0 0 0 0 0 0 0 0 0 0 0 0 0 0 0 0 0 0 0 0 0 0 0 0 0 0 0 0 0 
0 0 0 0 0 0 0 0 0 0 0 0 0 0 0 0 0 0 0 0 0 0 0 0 0 0 0 0 0 0 0 0 0 0 0 0 0 3003.197324 3175.563969 3184.99072 3169.83096 3161.826359 3156.148886 3148.607559 3135.971435 3135.190641 3132.277307 3124.046946 3124.737836 3125.167014 3130.642112 3121.673946 3136.141739 3136.955964 3129.887878 3148.496386 3152.484878 3149.070642 3172.590851 3162.859096 3171.888498 3186.79204 2997.977091 0 0 0 0 0 0 0 0 0 0 0 0 0 0 0 0 0 0 0 0 0 0 0 0 0 0 0 0 0 0 0 0 0 0 0 0 0 
0 0 0 0 0 0 0 0 0 0 0 0 0 0 0 0 0 0 0 0 0 0 0 0 0 0 0 0 0 0 0 0 0 0 0 0 0 3009.080209 3170.06255 3168.922257 3179.478338 3160.365987 3159.394877 3159.669473 3142.026325 3135.202164 3138.504134 3117.050336 3130.552634 3100.75337 3120.124519 3119.365164 3123.991636 3126.602408 3126.305396 3156.419515 3151.496986 3153.994487 3155.520613 3174.522202 3162.612059 3175.733131 3006.370317 0 0 0 0 0 0 0 0 0 0 0 0 0 0 0 0 0 0 0 0 0 0 0 0 0 0 0 0 0 0 0 0 0 0 0 0 0 
0 0 0 0 0 0 0 0 0 0 0 0 0 0 0 0 0 0 0 0 0 0 0 0 0 0 0 0 0 0 0 0 0 0 0 0 0 2998.296726 3179.799996 3168.126483 3169.572445 3151.568445 3156.71569 3153.691573 3146.737496 3138.03302 3125.964885 3138.167988 3122.556212 3128.611871 3115.475446 3131.585667 3119.221953 3141.639824 3142.093654 3146.365366 3151.879342 3164.633922 3165.101812 3158.07305 3183.89049 3168.842125 3002.487699 0 0 0 0 0 0 0 0 0 0 0 0 0 0 0 0 0 0 0 0 0 0 0 0 0 0 0 0 0 0 0 0 0 0 0 0 0 
0 0 0 0 0 0 0 0 0 0 0 0 0 0 0 0 0 0 0 0 0 0 0 0 0 0 0 0 0 0 0 0 0 0 0 0 0 3008.269946 3181.777334 3168.250842 3169.005591 3163.046203 3161.243322 3134.150448 3144.526534 3133.170697 3135.529517 3120.991847 3128.713929 3130.657562 3130.647372 3130.937017 3124.895672 3145.023351 3147.818875 3141.828208 3150.870922 3174.466894 3169.959755 3171.858067 3164.40646 3176.201563 3002.404928 0 0 0 0 0 0 0 0 0 0 0 0 0 0 0 0 0 0 0 0 0 0 0 0 0 0 0 0 0 0 0 0 0 0 0 0 0 
0 0 0 0 0 0 0 0 0 0 0 0 0 0 0 0 0 0 0 0 0 0 0 0 0 0 0 0 0 0 0 0 0 0 0 0 0 3005.252912 3181.744407 3171.253363 3169.321581 3165.779641 3157.975542 3148.176964 3163.295381 3141.458746 3143.604561 3124.534887 3110.209898 3122.791837 3112.357663 3128.807719 3144.099485 3141.616124 3133.693795 3144.716961 3147.14529 3146.389334 3154.907664 3163.344166 3171.945643 3174.08808 2992.126865 0 0 0 0 0 0 0 0 0 0 0 0 0 0 0 0 0 0 0 0 0 0 0 0 0 0 0 0 0 0 0 0 0 0 0 0 0 
0 0 0 0 0 0 0 0 0 0 0 0 0 0 0 0 0 0 0 0 0 0 0 0 0 0 0 0 0 0 0 0 0 0 0 0 0 2986.830889 3183.586652 3167.455669 3165.507496 3149.873407 3142.763619 3153.172595 3152.899273 3138.944147 3146.022551 3129.929948 3124.139932 3113.462622 3113.073373 3134.931969 3136.172132 3128.282098 3141.058233 3147.305807 3151.154316 3157.978633 3177.450648 3168.811221 3161.617754 3179.507567 2993.982882 0 0 0 0 0 0 0 0 0 0 0 0 0 0 0 0 0 0 0 0 0 0 0 0 0 0 0 0 0 0 0 0 0 0 0 0 0 
0 0 0 0 0 0 0 0 0 0 0 0 0 0 0 0 0 0 0 0 0 0 0 0 0 0 0 0 0 0 0 0 0 0 0 0 0 2986.509601 3171.637889 3166.505083 3175.425269 3155.024535 3159.182289 3156.674062 3145.468969 3135.777871 3143.183751 3127.476772 3129.267703 3116.684831 3124.942366 3125.572156 3118.908403 3135.869339 3139.056592 3152.044013 3152.408832 3163.208416 3165.350446 3164.185136 3173.041534 3185.645406 3002.456105 0 0 0 0 0 0 0 0 0 0 0 0 0 0 0 0 0 0 0 0 0 0 0 0 0 0 0 0 0 0 0 0 0 0 0 0 0 
0 0 0 0 0 0 0 0 0 0 0 0 0 0 0 0 0 0 0 0 0 0 0 0 0 0 0 0 0 0 0 0 0 0 0 0 0 3016.707925 3171.636729 3159.750148 3163.437019 3166.893044 3149.855808 3141.004315 3154.682072 3142.225704 3140.335233 3117.866563 3114.87638 3107.02333 3120.825148 3128.851193 3131.755684 3127.63771 3146.15804 3150.475921 3150.988361 3147.691071 3155.01967 3167.241851 3168.862588 3185.172296 2996.127825 0 0 0 0 0 0 0 0 0 0 0 0 0 0 0 0 0 0 0 0 0 0 0 0 0 0 0 0 0 0 0 0 0 0 0 0 0 
0 0 0 0 0 0 0 0 0 0 0 0 0 0 0 0 0 0 0 0 0 0 0 0 0 0 0 0 0 0 0 0 0 0 0 0 0 2994.969802 3171.133949 3179.919292 3178.460961 3169.682545 3157.358044 3158.274594 3149.196269 3135.070781 3123.196601 3108.491183 3120.661993 3121.817482 3120.254614 3123.078714 3131.065609 3131.539514 3138.795271 3136.159707 3148.486278 3162.209211 3166.928411 3159.231918 3157.91659 3175.166721 3001.032903 0 0 0 0 0 0 0 0 0 0 0 0 0 0 0 0 0 0 0 0 0 0 0 0 0 0 0 0 0 0 0 0 0 0 0 0 0 
0 0 0 0 0 0 0 0 0 0 0 0 0 0 0 0 0 0 0 0 0 0 0 0 0 0 0 0 0 0 0 0 0 0 0 0 0 3008.024098 3175.850809 3172.523749 3165.885329 3156.417506 3136.722959 3160.401736 3150.008545 3133.954273 3141.468219 3131.708115 3144.351777 3109.095948 3111.843731 3120.790873 3140.111003 3145.436085 3144.865211 3149.961077 3159.217848 3165.351383 3158.574897 3160.090674 3162.163894 3182.36084 2999.440769 0 0 0 0 0 0 0 0 0 0 0 0 0 0 0 0 0 0 0 0 0 0 0 0 0 0 0 0 0 0 0 0 0 0 0 0 0 
0 0 0 0 0 0 0 0 0 0 0 0 0 0 0 0 0 0 0 0 0 0 0 0 0 0 0 0 0 0 0 0 0 0 0 0 0 3006.585483 3175.694534 3183.488121 3168.130913 3166.628377 3162.910677 3150.759574 3147.702174 3133.791329 3138.108718 3123.97326 3121.238222 3126.203801 3121.887976 3121.972149 3122.466242 3119.627484 3127.45614 3133.049628 3162.726211 3158.458776 3153.351217 3164.462021 3171.468243 3180.732971 2998.713442 0 0 0 0 0 0 0 0 0 0 0 0 0 0 0 0 0 0 0 0 0 0 0 0 0 0 0 0 0 0 0 0 0 0 0 0 0 
0 0 0 0 0 0 0 0 0 0 0 0 0 0 0 0 0 0 0 0 0 0 0 0 0 0 0 0 0 0 0 0 0 0 0 0 0 2994.948379 3193.884957 3164.140856 3171.29349 3159.658915 3162.041283 3147.032666 3126.470279 3139.851677 3130.309575 3128.221128 3107.092527 3111.382673 3111.475245 3116.025572 3122.1897 3119.548395 3139.616026 3142.848498 3139.697151 3158.851091 3166.612434 3163.626598 3169.277137 3176.778818 3009.006772 0 0 0 0 0 0 0 0 0 0 0 0 0 0 0 0 0 0 0 0 0 0 0 0 0 0 0 0 0 0 0 0 0 0 0 0 0 
0 0 0 0 0 0 0 0 0 0 0 0 0 0 0 0 0 0 0 0 0 0 0 0 0 0 0 0 0 0 0 0 0 0 0 0 0 3003.992645 3166.42958 3173.96038 3161.163808 3157.556097 3155.016229 3166.410055 3146.195017 3130.968157 3126.711045 3136.928754 3125.747496 3118.15443 3107.827106 3129.123629 3118.395577 3123.415416 3139.242576 3150.821272 3144.287378 3164.705595 3145.390249 3163.16497 3173.881068 3175.769884 2989.804603 0 0 0 0 0 0 0 0 0 0 0 0 0 0 0 0 0 0 0 0 0 0 0 0 0 0 0 0 0 0 0 0 0 0 0 0 0 
0 0 0 0 0 0 0 0 0 0 0 0 0 0 0 0 0 0 0 0 0 0 0 0 0 0 0 0 0 0 0 0 0 0 0 0 0 2992.198264 3175.984 3164.321352 3156.57174 3152.49137 3151.416699 3154.321942 3142.489252 3127.893218 3134.175002 3133.704806 3130.552136 3109.039193 3126.613832 3144.682414 3125.787404 3128.766479 3131.829093 3120.064997 3129.240043 3152.189402 3158.492532 3152.687932 3157.459323 3164.593399 2997.457989 0 0 0 0 0 0 0 0 0 0 0 0 0 0 0 0 0 0 0 0 0 0 0 0 0 0 0 0 0 0 0 0 0 0 0 0 0 
0 0 0 0 0 0 0 0 0 0 0 0 0 0 0 0 0 0 0 0 0 0 0 0 0 0 0 0 0 0 0 0 0 0 0 0 0 2999.697509 3164.248155 3184.305451 3164.557971 3151.872478 3147.758471 3138.302334 3150.622837 3134.532037 3131.338316 3119.721317 3112.312779 3122.24655 3127.911199 3111.131727 3131.779978 3135.745342 3121.887372 3131.071092 3135.974061 3162.631894 3150.798164 3161.109808 3158.59229 3164.381418 2993.381009 0 0 0 0 0 0 0 0 0 0 0 0 0 0 0 0 0 0 0 0 0 0 0 0 0 0 0 0 0 0 0 0 0 0 0 0 0 
0 0 0 0 0 0 0 0 0 0 0 0 0 0 0 0 0 0 0 0 0 0 0 0 0 0 0 0 0 0 0 0 0 0 0 0 0 2976.8174 3167.24952 3173.979418 3148.910929 3155.463353 3146.039704 3138.760152 3139.155057 3128.183783 3125.778907 3122.959438 3108.105535 3107.288341 3105.646875 3112.311574 3109.611201 3124.004404 3119.95659 3136.059569 3152.893027 3146.370294 3154.917123 3148.794261 3178.102966 3151.478039 2987.299083 0 0 0 0 0 0 0 0 0 0 0 0 0 0 0 0 0 0 0 0 0 0 0 0 0 0 0 0 0 0 0 0 0 0 0 0 0 
0 0 0 0 0 0 0 0 0 0 0 0 0 0 0 0 0 0 0 0 0 0 0 0 0 0 0 0 0 0 0 0 0 0 0 0 0 2982.785726 3148.172753 3159.990648 3154.596542 3153.814851 3133.25009 3133.444752 3138.147423 3117.035632 3116.843886 3112.247364 3110.795752 3106.076126 3111.222049 3110.959876 3120.10647 3111.966706 3105.955892 3130.542612 3145.06076 3139.462963 3153.049164 3148.500478 3157.05644 3169.43963 2987.912614 0 0 0 0 0 0 0 0 0 0 0 0 0 0 0 0 0 0 0 0 0 0 0 0 0 0 0 0 0 0 0 0 0 0 0 0 0 
0 0 0 0 0 0 0 0 0 0 0 0 0 0 0 0 0 0 0 0 0 0 0 0 0 0 0 0 0 0 0 0 0 0 0 0 0 2972.191611 3152.556924 3146.370653 3149.976864 3149.428447 3135.201843 3129.444626 3123.75674 3100.838042 3101.985977 3112.988158 3092.696781 3099.931988 3096.400866 3090.374304 3109.897702 3111.384246 3130.676436 3120.913405 3128.485384 3130.580683 3125.69112 3142.755107 3147.963113 3141.176124 2982.640753 0 0 0 0 0 0 0 0 0 0 0 0 0 0 0 0 0 0 0 0 0 0 0 0 0 0 0 0 0 0 0 0 0 0 0 0 0 
0 0 0 0 0 0 0 0 0 0 0 0 0 0 0 0 0 0 0 0 0 0 0 0 0 0 0 0 0 0 0 0 0 0 0 0 0 2959.650669 3138.631841 3139.394998 3133.42812 3134.830361 3111.814602 3117.528557 3116.702032 3120.189689 3091.887276 3095.504529 3094.941562 3089.703441 3105.007626 3089.009007 3098.755067 3106.420666 3102.729064 3113.582647 3120.508845 3126.682692 3137.465317 3121.232026 3141.417678 3144.030205 2954.197657 0 0 0 0 0 0 0 0 0 0 0 0 0 0 0 0 0 0 0 0 0 0 0 0 0 0 0 0 0 0 0 0 0 0 0 0 0 
0 0 0 0 0 0 0 0 0 0 0 0 0 0 0 0 0 0 0 0 0 0 0 0 0 0 0 0 0 0 0 0 0 0 0 0 0 2992.355459 3132.710215 3138.188697 3135.950725 3128.195174 3115.599813 3119.966981 3110.555494 3106.150326 3116.999284 3097.277468 3084.897608 3097.468456 3069.276371 3093.943583 3090.177175 3105.793844 3100.194314 3113.067041 3114.013326 3125.619628 3127.52115 3130.618541 3147.394141 3147.534068 2958.228966 0 0 0 0 0 0 0 0 0 0 0 0 0 0 0 0 0 0 0 0 0 0 0 0 0 0 0 0 0 0 0 0 0 0 0 0 0 
0 0 0 0 0 0 0 0 0 0 0 0 0 0 0 0 0 0 0 0 0 0 0 0 0 0 0 0 0 0 0 0 0 0 0 0 0 2956.443348 3144.56133 3126.08174 3121.763197 3119.980968 3126.599192 3117.654843 3096.18124 3099.437449 3091.943708 3087.415065 3092.885187 3073.885623 3080.895487 3086.766916 3086.466387 3094.823402 3096.044384 3103.611594 3119.240787 3098.343822 3114.268099 3118.143942 3144.037953 3128.457307 2954.594388 0 0 0 0 0 0 0 0 0 0 0 0 0 0 0 0 0 0 0 0 0 0 0 0 0 0 0 0 0 0 0 0 0 0 0 0 0 
0 0 0 0 0 0 0 0 0 0 0 0 0 0 0 0 0 0 0 0 0 0 0 0 0 0 0 0 0 0 0 0 0 0 0 0 0 2962.535321 3131.450813 3113.228229 3116.502564 3106.717211 3126.063264 3100.991329 3099.757338 3104.623732 3096.998188 3090.993784 3072.762251 3078.606661 3082.141238 3077.619077 3092.467976 3103.417318 3088.891681 3111.341638 3100.213153 3117.147287 3109.090703 3127.713721 3136.394856 3138.141823 2967.127113 0 0 0 0 0 0 0 0 0 0 0 0 0 0 0 0 0 0 0 0 0 0 0 0 0 0 0 0 0 0 0 0 0 0 0 0 0 
0 0 0 0 0 0 0 0 0 0 0 0 0 0 0 0 0 0 0 0 0 0 0 0 0 0 0 0 0 0 0 0 0 0 0 0 0 2947.708096 3125.922583 3125.235541 3113.869049 3111.464645 3130.866185 3103.80566 3093.470844 3100.983415 3073.556952 3077.587236 3069.317101 3070.420052 3070.380432 3094.518656 3088.567742 3101.126553 3101.399628 3094.650501 3108.360925 3115.643954 3119.098095 3115.260066 3138.621352 3130.481883 2949.185291 0 0 0 0 0 0 0 0 0 0 0 0 0 0 0 0 0 0 0 0 0 0 0 0 0 0 0 0 0 0 0 0 0 0 0 0 0 
0 0 0 0 0 0 0 0 0 0 0 0 0 0 0 0 0 0 0 0 0 0 0 0 0 0 0 0 0 0 0 0 0 0 0 0 0 2952.691749 3115.416398 3117.275726 3125.575219 3108.430707 3105.574102 3102.221151 3102.99144 3104.089927 3084.851157 3081.789333 3081.020649 3069.567462 3073.79387 3058.914659 3073.69983 3080.311889 3090.158151 3103.510245 3108.429114 3108.831017 3104.163324 3116.501866 3130.026515 3127.958857 2958.881155 0 0 0 0 0 0 0 0 0 0 0 0 0 0 0 0 0 0 0 0 0 0 0 0 0 0 0 0 0 0 0 0 0 0 0 0 0 
0 0 0 0 0 0 0 0 0 0 0 0 0 0 0 0 0 0 0 0 0 0 0 0 0 0 0 0 0 0 0 0 0 0 0 0 0 2955.81453 3136.636526 3127.66889 3110.920189 3102.750529 3106.392333 3111.905371 3087.475034 3088.118685 3089.574565 3084.854972 3065.77015 3053.714997 3078.083556 3075.705382 3094.964844 3089.65772 3086.947565 3080.598797 3096.198832 3113.379679 3126.233267 3111.615618 3111.56405 3125.357339 2944.421561 0 0 0 0 0 0 0 0 0 0 0 0 0 0 0 0 0 0 0 0 0 0 0 0 0 0 0 0 0 0 0 0 0 0 0 0 0 
0 0 0 0 0 0 0 0 0 0 0 0 0 0 0 0 0 0 0 0 0 0 0 0 0 0 0 0 0 0 0 0 0 0 0 0 0 2963.570035 3126.310566 3139.508779 3113.637006 3105.186837 3103.674437 3100.911104 3079.894551 3085.780866 3087.302353 3080.385391 3086.64168 3063.314942 3064.134461 3063.708489 3071.476871 3079.205421 3095.743538 3102.021275 3110.649574 3100.99457 3098.554661 3115.770232 3112.423765 3122.031828 2959.603764 0 0 0 0 0 0 0 0 0 0 0 0 0 0 0 0 0 0 0 0 0 0 0 0 0 0 0 0 0 0 0 0 0 0 0 0 0 
0 0 0 0 0 0 0 0 0 0 0 0 0 0 0 0 0 0 0 0 0 0 0 0 0 0 0 0 0 0 0 0 0 0 0 0 0 2957.973662 3122.802066 3113.011239 3115.349336 3122.655859 3102.838331 3101.295841 3101.881965 3084.780595 3085.24741 3080.462253 3063.116402 3070.993858 3062.52297 3079.111185 3074.360894 3081.840328 3089.571193 3082.988975 3119.718201 3109.210854 3113.160808 3120.397299 3097.463193 3128.969369 2951.672866 0 0 0 0 0 0 0 0 0 0 0 0 0 0 0 0 0 0 0 0 0 0 0 0 0 0 0 0 0 0 0 0 0 0 0 0 0 
0 0 0 0 0 0 0 0 0 0 0 0 0 0 0 0 0 0 0 0 0 0 0 0 0 0 0 0 0 0 0 0 0 0 0 0 0 2934.702509 3132.762423 3115.001321 3111.287581 3118.498673 3096.415148 3095.428809 3095.034088 3087.403474 3091.061555 3082.097328 3073.235676 3080.742917 3066.954479 3079.770504 3082.509532 3070.7138 3098.469274 3092.145315 3099.461867 3110.589674 3117.00741 3123.438801 3116.733002 3125.16132 2953.676528 0 0 0 0 0 0 0 0 0 0 0 0 0 0 0 0 0 0 0 0 0 0 0 0 0 0 0 0 0 0 0 0 0 0 0 0 0 
0 0 0 0 0 0 0 0 0 0 0 0 0 0 0 0 0 0 0 0 0 0 0 0 0 0 0 0 0 0 0 0 0 0 0 0 0 2938.390847 3136.742763 3098.595744 3118.543976 3114.883652 3100.165046 3102.753716 3092.496875 3077.814746 3086.540623 3079.424056 3071.840013 3071.149246 3058.043704 3069.67346 3084.050648 3078.539286 3088.168559 3082.367477 3105.354165 3105.798241 3107.054526 3102.841422 3118.379077 3140.814457 2949.260193 0 0 0 0 0 0 0 0 0 0 0 0 0 0 0 0 0 0 0 0 0 0 0 0 0 0 0 0 0 0 0 0 0 0 0 0 0 
0 0 0 0 0 0 0 0 0 0 0 0 0 0 0 0 0 0 0 0 0 0 0 0 0 0 0 0 0 0 0 0 0 0 0 0 0 2952.831192 3141.22471 3132.24879 3104.383664 3106.018128 3091.638699 3110.541771 3094.244925 3098.530612 3083.083872 3091.540334 3082.696462 3073.693206 3055.096229 3076.754065 3080.201869 3081.295192 3084.719157 3095.847556 3096.612812 3100.716447 3113.144261 3116.508142 3119.691188 3114.643647 2953.080694 0 0 0 0 0 0 0 0 0 0 0 0 0 0 0 0 0 0 0 0 0 0 0 0 0 0 0 0 0 0 0 0 0 0 0 0 0 
0 0 0 0 0 0 0 0 0 0 0 0 0 0 0 0 0 0 0 0 0 0 0 0 0 0 0 0 0 0 0 0 0 0 0 0 0 2948.983133 3116.110803 3118.706131 3123.721028 3117.286535 3107.709613 3110.128173 3088.34189 3094.167739 3089.936728 3080.528005 3090.236584 3069.87416 3071.085944 3080.849348 3070.303369 3098.218759 3095.730636 3092.559755 3096.080459 3118.494056 3112.501676 3101.417108 3128.765374 3129.846546 2958.411831 0 0 0 0 0 0 0 0 0 0 0 0 0 0 0 0 0 0 0 0 0 0 0 0 0 0 0 0 0 0 0 0 0 0 0 0 0 
0 0 0 0 0 0 0 0 0 0 0 0 0 0 0 0 0 0 0 0 0 0 0 0 0 0 0 0 0 0 0 0 0 0 0 0 0 2952.075402 3123.02963 3127.365445 3121.567554 3097.096967 3112.266734 3099.150185 3101.355088 3076.193317 3091.366868 3077.996106 3081.31653 3076.323785 3063.418055 3077.32741 3082.927941 3093.448357 3100.668889 3089.223994 3099.697261 3105.424008 3106.607188 3119.149639 3116.908851 3129.403012 2943.153375 0 0 0 0 0 0 0 0 0 0 0 0 0 0 0 0 0 0 0 0 0 0 0 0 0 0 0 0 0 0 0 0 0 0 0 0 0 
0 0 0 0 0 0 0 0 0 0 0 0 0 0 0 0 0 0 0 0 0 0 0 0 0 0 0 0 0 0 0 0 0 0 0 0 0 2954.303202 3126.328555 3127.972889 3118.845533 3106.483295 3123.258553 3125.588096 3104.548459 3107.941641 3090.942044 3085.245959 3078.993632 3076.968733 3091.026654 3074.160985 3102.214127 3097.483655 3090.737789 3099.549106 3104.397679 3105.005335 3100.351985 3112.083958 3131.837535 3126.585592 2944.693388 0 0 0 0 0 0 0 0 0 0 0 0 0 0 0 0 0 0 0 0 0 0 0 0 0 0 0 0 0 0 0 0 0 0 0 0 0 
0 0 0 0 0 0 0 0 0 0 0 0 0 0 0 0 0 0 0 0 0 0 0 0 0 0 0 0 0 0 0 0 0 0 0 0 0 2962.591686 3136.359906 3115.449194 3118.96958 3107.07923 3101.438425 3111.419056 3103.750491 3098.963339 3076.182912 3075.073135 3088.665432 3084.346948 3068.897732 3084.910587 3079.113157 3104.529033 3092.750377 3095.594126 3108.642837 3104.093779 3119.505147 3124.330957 3124.980381 3128.723269 2959.68621 0 0 0 0 0 0 0 0 0 0 0 0 0 0 0 0 0 0 0 0 0 0 0 0 0 0 0 0 0 0 0 0 0 0 0 0 0 
0 0 0 0 0 0 0 0 0 0 0 0 0 0 0 0 0 0 0 0 0 0 0 0 0 0 0 0 0 0 0 0 0 0 0 0 0 2947.742576 3112.688645 3128.091087 3129.355074 3107.659526 3115.335163 3120.788333 3099.290325 3103.703391 3097.719446 3090.659539 3085.963136 3085.146328 3069.731641 3074.553116 3085.842619 3098.380051 3091.626708 3098.680894 3113.195054 3106.165227 3135.274292 3135.610581 3127.0629 3138.440143 2958.2572 0 0 0 0 0 0 0 0 0 0 0 0 0 0 0 0 0 0 0 0 0 0 0 0 0 0 0 0 0 0 0 0 0 0 0 0 0 
0 0 0 0 0 0 0 0 0 0 0 0 0 0 0 0 0 0 0 0 0 0 0 0 0 0 0 0 0 0 0 0 0 0 0 0 0 2966.512145 3141.329817 3137.419032 3131.314892 3123.600655 3125.086004 3106.299773 3103.92554 3095.741422 3090.506703 3092.346943 3094.831202 3091.280007 3082.264757 3099.351629 3085.22958 3087.275305 3112.723104 3108.221284 3101.573001 3118.921958 3121.501897 3123.280081 3136.254047 3140.350624 2969.929054 0 0 0 0 0 0 0 0 0 0 0 0 0 0 0 0 0 0 0 0 0 0 0 0 0 0 0 0 0 0 0 0 0 0 0 0 0 
0 0 0 0 0 0 0 0 0 0 0 0 0 0 0 0 0 0 0 0 0 0 0 0 0 0 0 0 0 0 0 0 0 0 0 0 0 2970.590317 3137.503904 3136.431069 3133.343426 3125.25266 3121.453772 3100.658413 3103.709615 3099.693522 3089.965588 3092.630717 3097.216843 3078.973326 3074.125052 3087.313876 3101.227489 3098.798779 3107.365883 3107.383128 3116.426417 3099.031759 3116.260457 3131.385515 3134.175546 3144.151569 2974.907274 0 0 0 0 0 0 0 0 0 0 0 0 0 0 0 0 0 0 0 0 0 0 0 0 0 0 0 0 0 0 0 0 0 0 0 0 0 
0 0 0 0 0 0 0 0 0 0 0 0 0 0 0 0 0 0 0 0 0 0 0 0 0 0 0 0 0 0 0 0 0 0 0 0 0 2964.763298 3161.408683 3135.25951 3128.608878 3141.383151 3125.316695 3114.671942 3104.323002 3090.015554 3086.79587 3106.391522 3093.926067 3094.287695 3087.018654 3090.809103 3098.663244 3106.008334 3114.09287 3120.582239 3116.726535 3111.76986 3130.822783 3118.539147 3133.25736 3132.10302 2950.10083 0 0 0 0 0 0 0 0 0 0 0 0 0 0 0 0 0 0 0 0 0 0 0 0 0 0 0 0 0 0 0 0 0 0 0 0 0 
0 0 0 0 0 0 0 0 0 0 0 0 0 0 0 0 0 0 0 0 0 0 0 0 0 0 0 0 0 0 0 0 0 0 0 0 0 2971.911909 3138.596055 3122.202643 3142.357737 3115.307156 3115.99967 3115.021341 3120.929658 3102.667016 3091.221594 3091.443288 3096.295813 3089.219295 3092.758183 3094.796002 3085.271177 3093.34674 3098.131307 3120.787719 3127.608446 3126.571725 3126.464072 3138.995924 3133.473852 3147.013179 2975.937601 0 0 0 0 0 0 0 0 0 0 0 0 0 0 0 0 0 0 0 0 0 0 0 0 0 0 0 0 0 0 0 0 0 0 0 0 0 
0 0 0 0 0 0 0 0 0 0 0 0 0 0 0 0 0 0 0 0 0 0 0 0 0 0 0 0 0 0 0 0 0 0 0 0 0 2971.753306 3150.438046 3151.178716 3133.917387 3137.20136 3132.767297 3120.865768 3112.149642 3096.461986 3101.786884 3099.499988 3098.178058 3096.579353 3087.017766 3094.016165 3096.271347 3108.063197 3114.928673 3108.134781 3136.013456 3116.501615 3127.292307 3129.130192 3141.379289 3149.066906 2967.130235 0 0 0 0 0 0 0 0 0 0 0 0 0 0 0 0 0 0 0 0 0 0 0 0 0 0 0 0 0 0 0 0 0 0 0 0 0 
0 0 0 0 0 0 0 0 0 0 0 0 0 0 0 0 0 0 0 0 0 0 0 0 0 0 0 0 0 0 0 0 0 0 0 0 0 2960.735789 3146.491794 3135.799382 3137.485722 3132.451303 3117.694002 3129.107208 3127.469977 3092.212561 3101.597037 3097.335101 3120.955687 3109.176242 3088.195161 3095.420089 3105.302656 3097.96513 3125.11956 3116.180823 3124.119069 3119.902782 3135.574142 3139.731072 3143.554851 3139.997808 2966.71174 0 0 0 0 0 0 0 0 0 0 0 0 0 0 0 0 0 0 0 0 0 0 0 0 0 0 0 0 0 0 0 0 0 0 0 0 0 
0 0 0 0 0 0 0 0 0 0 0 0 0 0 0 0 0 0 0 0 0 0 0 0 0 0 0 0 0 0 0 0 0 0 0 0 0 2022.602632 2149.609384 2167.771338 2154.082316 2148.243797 2142.971236 2131.364728 2138.959461 2137.060655 2133.158954 2113.817079 2119.942376 2122.92611 2122.314032 2125.429988 2127.521734 2116.363401 2128.791517 2137.954571 2142.107018 2145.7754 2155.965228 2140.917747 2145.164886 2159.977258 2028.754576 0 0 0 0 0 0 0 0 0 0 0 0 0 0 0 0 0 0 0 0 0 0 0 0 0 0 0 0 0 0 0 0 0 0 0 0 0 
0 0 0 0 0 0 0 0 0 0 0 0 0 0 0 0 0 0 0 0 0 0 0 0 0 0 0 0 0 0 0 0 0 0 0 0 0 0 0 0 0 0 0 0 0 0 0 0 0 0 0 0 0 0 0 0 0 0 0 0 0 0 0 0 0 0 0 0 0 0 0 0 0 0 0 0 0 0 0 0 0 0 0 0 0 0 0 0 0 0 0 0 0 0 0 0 0 0 0 0 
0 0 0 0 0 0 0 0 0 0 0 0 0 0 0 0 0 0 0 0 0 0 0 0 0 0 0 0 0 0 0 0 0 0 0 0 0 0 0 0 0 0 0 0 0 0 0 0 0 0 0 0 0 0 0 0 0 0 0 0 0 0 0 0 0 0 0 0 0 0 0 0 0 0 0 0 0 0 0 0 0 0 0 0 0 0 0 0 0 0 0 0 0 0 0 0 0 0 0 0 
0 0 0 0 0 0 0 0 0 0 0 0 0 0 0 0 0 0 0 0 0 0 0 0 0 0 0 0 0 0 0 0 0 0 0 0 0 0 0 0 0 0 0 0 0 0 0 0 0 0 0 0 0 0 0 0 0 0 0 0 0 0 0 0 0 0 0 0 0 0 0 0 0 0 0 0 0 0 0 0 0 0 0 0 0 0 0 0 0 0 0 0 0 0 0 0 0 0 0 0 
0 0 0 0 0 0 0 0 0 0 0 0 0 0 0 0 0 0 0 0 0 0 0 0 0 0 0 0 0 0 0 0 0 0 0 0 0 0 0 0 0 0 0 0 0 0 0 0 0 0 0 0 0 0 0 0 0 0 0 0 0 0 0 0 0 0 0 0 0 0 0 0 0 0 0 0 0 0 0 0 0 0 0 0 0 0 0 0 0 0 0 0 0 0 0 0 0 0 0 0 
0 0 0 0 0 0 0 0 0 0 0 0 0 0 0 0 0 0 0 0 0 0 0 0 0 0 0 0 0 0 0 0 0 0 0 0 0 0 0 0 0 0 0 0 0 0 0 0 0 0 0 0 0 0 0 0 0 0 0 0 0 0 0 0 0 0 0 0 0 0 0 0 0 0 0 0 0 0 0 0 0 0 0 0 0 0 0 0 0 0 0 0 0 0 0 0 0 0 0 0 
0 0 0 0 0 0 0 0 0 0 0 0 0 0 0 0 0 0 0 0 0 0 0 0 0 0 0 0 0 0 0 0 0 0 0 0 0 0 0 0 0 0 0 0 0 0 0 0 0 0 0 0 0 0 0 0 0 0 0 0 0 0 0 0 0 0 0 0 0 0 0 0 0 0 0 0 0 0 0 0 0 0 0 0 0 0 0 0 0 0 0 0 0 0 0 0 0 0 0 0 
0 0 0 0 0 0 0 0 0 0 0 0 0 0 0 0 0 0 0 0 0 0 0 0 0 0 0 0 0 0 0 0 0 0 0 0 0 0 0 0 0 0 0 0 0 0 0 0 0 0 0 0 0 0 0 0 0 0 0 0 0 0 0 0 0 0 0 0 0 0 0 0 0 0 0 0 0 0 0 0 0 0 0 0 0 0 0 0 0 0 0 0 0 0 0 0 0 0 0 0 
0 0 0 0 0 0 0 0 0 0 0 0 0 0 0 0 0 0 0 0 0 0 0 0 0 0 0 0 0 0 0 0 0 0 0 0 0 0 0 0 0 0 0 0 0 0 0 0 0 0 0 0 0 0 0 0 0 0 0 0 0 0 0 0 0 0 0 0 0 0 0 0 0 0 0 0 0 0 0 0 0 0 0 0 0 0 0 0 0 0 0 0 0 0 0 0 0 0 0 0 
0 0 0 0 0 0 0 0 0 0 0 0 0 0 0 0 0 0 0 0 0 0 0 0 0 0 0 0 0 0 0 0 0 0 0 0 0 0 0 0 0 0 0 0 0 0 0 0 0 0 0 0 0 0 0 0 0 0 0 0 0 0 0 0 0 0 0 0 0 0 0 0 0 0 0 0 0 0 0 0 0 0 0 0 0 0 0 0 0 0 0 0 0 0 0 0 0 0 0 0 
0 0 0 0 0 0 0 0 0 0 0 0 0 0 0 0 0 0 0 0 0 0 0 0 0 0 0 0 0 0 0 0 0 0 0 0 0 0 0 0 0 0 0 0 0 0 0 0 0 0 0 0 0 0 0 0 0 0 0 0 0 0 0 0 0 0 0 0 0 0 0 0 0 0 0 0 0 0 0 0 0 0 0 0 0 0 0 0 0 0 0 0 0 0 0 0 0 0 0 0 
# Events [E2PSD/ExitE2.dat] N:
0 0 0 0 0 0 0 0 0 0 0 0 0 0 0 0 0 0 0 0 0 0 0 0 0 0 0 0 0 0 0 0 0 0 0 0 0 0 0 0 0 0 0 0 0 0 0 0 0 0 0 0 0 0 0 0 0 0 0 0 0 0 0 0 0 0 0 0 0 0 0 0 0 0 0 0 0 0 0 0 0 0 0 0 0 0 0 0 0 0 0 0 0 0 0 0 0 0 0 0 
0 0 0 0 0 0 0 0 0 0 0 0 0 0 0 0 0 0 0 0 0 0 0 0 0 0 0 0 0 0 0 0 0 0 0 0 0 0 0 0 0 0 0 0 0 0 0 0 0 0 0 0 0 0 0 0 0 0 0 0 0 0 0 0 0 0 0 0 0 0 0 0 0 0 0 0 0 0 0 0 0 0 0 0 0 0 0 0 0 0 0 0 0 0 0 0 0 0 0 0 
0 0 0 0 0 0 0 0 0 0 0 0 0 0 0 0 0 0 0 0 0 0 0 0 0 0 0 0 0 0 0 0 0 0 0 0 0 0 0 0 0 0 0 0 0 0 0 0 0 0 0 0 0 0 0 0 0 0 0 0 0 0 0 0 0 0 0 0 0 0 0 0 0 0 0 0 0 0 0 0 0 0 0 0 0 0 0 0 0 0 0 0 0 0 0 0 0 0 0 0 
0 0 0 0 0 0 0 0 0 0 0 0 0 0 0 0 0 0 0 0 0 0 0 0 0 0 0 0 0 0 0 0 0 0 0 0 0 0 0 0 0 0 0 0 0 0 0 0 0 0 0 0 0 0 0 0 0 0 0 0 0 0 0 0 0 0 0 0 0 0 0 0 0 0 0 0 0 0 0 0 0 0 0 0 0 0 0 0 0 0 0 0 0 0 0 0 0 0 0 0 
0 0 0 0 0 0 0 0 0 0 0 0 0 0 0 0 0 0 0 0 0 0 0 0 0 0 0 0 0 0 0 0 0 0 0 0 0 0 0 0 0 0 0 0 0 0 0 0 0 0 0 0 0 0 0 0 0 0 0 0 0 0 0 0 0 0 0 0 0 0 0 0 0 0 0 0 0 0 0 0 0 0 0 0 0 0 0 0 0 0 0 0 0 0 0 0 0 0 0 0 
0 0 0 0 0 0 0 0 0 0 0 0 0 0 0 0 0 0 0 0 0 0 0 0 0 0 0 0 0 0 0 0 0 0 0 0 0 0 0 0 0 0 0 0 0 0 0 0 0 0 0 0 0 0 0 0 0 0 0 0 0 0 0 0 0 0 0 0 0 0 0 0 0 0 0 0 0 0 0 0 0 0 0 0 0 0 0 0 0 0 0 0 0 0 0 0 0 0 0 0 
0 0 0 0 0 0 0 0 0 0 0 0 0 0 0 0 0 0 0 0 0 0 0 0 0 0 0 0 0 0 0 0 0 0 0 0 0 0 0 0 0 0 0 0 0 0 0 0 0 0 0 0 0 0 0 0 0 0 0 0 0 0 0 0 0 0 0 0 0 0 0 0 0 0 0 0 0 0 0 0 0 0 0 0 0 0 0 0 0 0 0 0 0 0 0 0 0 0 0 0 
0 0 0 0 0 0 0 0 0 0 0 0 0 0 0 0 0 0 0 0 0 0 0 0 0 0 0 0 0 0 0 0 0 0 0 0 0 0 0 0 0 0 0 0 0 0 0 0 0 0 0 0 0 0 0 0 0 0 0 0 0 0 0 0 0 0 0 0 0 0 0 0 0 0 0 0 0 0 0 0 0 0 0 0 0 0 0 0 0 0 0 0 0 0 0 0 0 0 0 0 
0 0 0 0 0 0 0 0 0 0 0 0 0 0 0 0 0 0 0 0 0 0 0 0 0 0 0 0 0 0 0 0 0 0 0 0 0 0 0 0 0 0 0 0 0 0 0 0 0 0 0 0 0 0 0 0 0 0 0 0 0 0 0 0 0 0 0 0 0 0 0 0 0 0 0 0 0 0 0 0 0 0 0 0 0 0 0 0 0 0 0 0 0 0 0 0 0 0 0 0 
0 0 0 0 0 0 0 0 0 0 0 0 0 0 0 0 0 0 0 0 0 0 0 0 0 0 0 0 0 0 0 0 0 0 0 0 0 0 0 0 0 0 0 0 0 0 0 0 0 0 0 0 0 0 0 0 0 0 0 0 0 0 0 0 0 0 0 0 0 0 0 0 0 0 0 0 0 0 0 0 0 0 0 0 0 0 0 0 0 0 0 0 0 0 0 0 0 0 0 0 
0 0 0 0 0 0 0 0 0 0 0 0 0 0 0 0 0 0 0 0 0 0 0 0 0 0 0 0 0 0 0 0 0 0 0 0 0 29761 32927 33189 32531 32558 32596 32738 32797 32142 32088 31931 31474 31155 31277 31455 31971 32109 32215 32472 32715 32446 32638 32708 32834 33122 29340 0 0 0 0 0 0 0 0 0 0 0 0 0 0 0 0 0 0 0 0 0 0 0 0 0 0 0 0 0 0 0 0 0 0 0 0 0 
0 0 0 0 0 0 0 0 0 0 0 0 0 0 0 0 0 0 0 0 0 0 0 0 0 0 0 0 0 0 0 0 0 0 0 0 0 62351 70045 69869 69699 69439 69406 69215 68572 68017 68194 67511 66992 66387 65706 67179 67824 68668 68254 69015 69336 69139 69640 69654 69514 70355 62699 0 0 0 0 0 0 0 0 0 0 0 0 0 0 0 0 0 0 0 0 0 0 0 0 0 0 0 0 0 0 0 0 0 0 0 0 0 
0 0 0 0 0 0 0 0 0 0 0 0 0 0 0 0 0 0 0 0 0 0 0 0 0 0 0 0 0 0 0 0 0 0 0 0 0 62414 69677 69698 69539 69537 69597 69657 69005 68501 67708 67953 67269 66469 66684 67092 67722 68310 68251 68675 69286 69586 70016 69400 69542 70090 62876 0 0 0 0 0 0 0 0 0 0 0 0 0 0 0 0 0 0 0 0 0 0 0 0 0 0 0 0 0 0 0 0 0 0 0 0 0 
0 0 0 0 0 0 0 0 0 0 0 0 0 0 0 0 0 0 0 0 0 0 0 0 0 0 0 0 0 0 0 0 0 0 0 0 0 62900 69941 69783 70025 69664 69280 69050 68965 68733 68459 67129 66931 65651 65675 67130 67693 68003 68518 69073 69321 69624 69387 69485 69688 69771 62781 0 0 0 0 0 0 0 0 0 0 0 0 0 0 0 0 0 0 0 0 0 0 0 0 0 0 0 0 0 0 0 0 0 0 0 0 0 
0 0 0 0 0 0 0 0 0 0 0 0 0 0 0 0 0 0 0 0 0 0 0 0 0 0 0 0 0 0 0 0 0 0 0 0 0 62465 69514 69853 69506 69630 69403 69732 68861 68595 68056 67676 67384 66405 66238 67287 67976 68118 68592 68640 69038 69020 69580 69295 69815 70094 62358 0 0 0 0 0 0 0 0 0 0 0 0 0 0 0 0 0 0 0 0 0 0 0 0 0 0 0 0 0 0 0 0 0 0 0 0 0 
0 0 0 0 0 0 0 0 0 0 0 0 0 0 0 0 0 0 0 0 0 0 0 0 0 0 0 0 0 0 0 0 0 0 0 0 0 62049 70300 70091 69646 70188 69625 68867 69408 68824 68150 67325 67090 66286 66139 66605 67935 67981 68460 69021 69735 69376 69808 69713 70007 70264 62953 0 0 0 0 0 0 0 0 0 0 0 0 0 0 0 0 0 0 0 0 0 0 0 0 0 0 0 0 0 0 0 0 0 0 0 0 0 
0 0 0 0 0 0 0 0 0 0 0 0 0 0 0 0 0 0 0 0 0 0 0 0 0 0 0 0 0 0 0 0 0 0 0 0 0 62804 69914 70176 70127 69745 69551 69802 69574 68803 68182 67927 67284 66453 66686 67296 68105 68061 68539 69108 69353 69836 70089 69950 70033 70670 62692 0 0 0 0 0 0 0 0 0 0 0 0 0 0 0 0 0 0 0 0 0 0 0 0 0 0 0 0 0 0 0 0 0 0 0 0 0 
0 0 0 0 0 0 0 0 0 0 0 0 0 0 0 0 0 0 0 0 0 0 0 0 0 0 0 0 0 0 0 0 0 0 0 0 0 62183 69897 70390 69843 69589 69983 69446 68812 68852 68244 67941 67303 66401 66676 67345 68025 68276 68846 68768 70103 69980 69789 69953 69835 70343 62671 0 0 0 0 0 0 0 0 0 0 0 0 0 0 0 0 0 0 0 0 0 0 0 0 0 0 0 0 0 0 0 0 0 0 0 0 0 
0 0 0 0 0 0 0 0 0 0 0 0 0 0 0 0 0 0 0 0 0 0 0 0 0 0 0 0 0 0 0 0 0 0 0 0 0 62922 70227 70279 69937 70204 70095 70404 69484 69187 68771 68245 67667 66157 66704 67410 68183 68426 68639 69576 70205 69996 70198 70664 70212 70337 63048 0 0 0 0 0 0 0 0 0 0 0 0 0 0 0 0 0 0 0 0 0 0 0 0 0 0 0 0 0 0 0 0 0 0 0 0 0 
0 0 0 0 0 0 0 0 0 0 0 0 0 0 0 0 0 0 0 0 0 0 0 0 0 0 0 0 0 0 0 0 0 0 0 0 0 63181 70569 70901 69946 69944 69603 70307 69730 69327 68702 68094 67951 66619 67188 67894 68003 68627 68904 69707 69896 70063 70455 69408 70458 70075 63380 0 0 0 0 0 0 0 0 0 0 0 0 0 0 0 0 0 0 0 0 0 0 0 0 0 0 0 0 0 0 0 0 0 0 0 0 0 
0 0 0 0 0 0 0 0 0 0 0 0 0 0 0 0 0 0 0 0 0 0 0 0 0 0 0 0 0 0 0 0 0 0 0 0 0 63179 70451 70285 70178 69968 70056 69723 69951 69008 68561 68186 67856 66781 66979 67582 68487 68667 68938 69544 70393 69968 70151 70606 70488 70916 63279 0 0 0 0 0 0 0 0 0 0 0 0 0 0 0 0 0 0 0 0 0 0 0 0 0 0 0 0 0 0 0 0 0 0 0 0 0 
0 0 0 0 0 0 0 0 0 0 0 0 0 0 0 0 0 0 0 0 0 0 0 0 0 0 0 0 0 0 0 0 0 0 0 0 0 62922 70126 70252 70178 69999 70051 69800 69107 69114 68645 68016 67441 66351 66541 67286 68189 68972 68974 69349 69987 69881 70028 70498 70582 70074 63206 0 0 0 0 0 0 0 0 0 0 0 0 0 0 0 0 0 0 0 0 0 0 0 0 0 0 0 0 0 0 0 0 0 0 0 0 0 
0 0 0 0 0 0 0 0 0 0 0 0 0 0 0 0 0 0 0 0 0 0 0 0 0 0 0 0 0 0 0 0 0 0 0 0 0 62686 70500 70253 70316 69827 70155 69544 69622 69042 68299 68050 67118 66320 67001 67869 68341 68288 68709 69122 69865 69306 69902 69707 70213 70243 62665 0 0 0 0 0 0 0 0 0 0 0 0 0 0 0 0 0 0 0 0 0 0 0 0 0 0 0 0 0 0 0 0 0 0 0 0 0 
0 0 0 0 0 0 0 0 0 0 0 0 0 0 0 0 0 0 0 0 0 0 0 0 0 0 0 0 0 0 0 0 0 0 0 0 0 63164 69977 70495 69752 69834 69139 69211 69140 68954 67872 68114 67227 66871 66254 66821 68264 68729 68734 69281 69088 69757 70034 69604 70363 70070 63223 0 0 0 0 0 0 0 0 0 0 0 0 0 0 0 0 0 0 0 0 0 0 0 0 0 0 0 0 0 0 0 0 0 0 0 0 0 
0 0 0 0 0 0 0 0 0 0 0 0 0 0 0 0 0 0 0 0 0 0 0 0 0 0 0 0 0 0 0 0 0 0 0 0 0 63171 70782 70477 69870 70015 69578 70091 69662 69042 68772 67886 67530 66858 66692 67060 68398 68419 69469 69497 70129 69476 70326 69540 70259 70185 63057 0 0 0 0 0 0 0 0 0 0 0 0 0 0 0 0 0 0 0 0 0 0 0 0 0 0 0 0 0 0 0 0 0 0 0 0 0 
0 0 0 0 0 0 0 0 0 0 0 0 0 0 0 0 0 0 0 0 0 0 0 0 0 0 0 0 0 0 0 0 0 0 0 0 0 63023 71022 70443 70427 70426 70095 70287 69345 69139 68727 68433 67257 67038 66613 67237 68224 68037 69162 69720 70006 70385 69876 69744 70302 70889 63128 0 0 0 0 0 0 0 0 0 0 0 0 0 0 0 0 0 0 0 0 0 0 0 0 0 0 0 0 0 0 0 0 0 0 0 0 0 
0 0 0 0 0 0 0 0 0 0 0 0 0 0 0 0 0 0 0 0 0 0 0 0 0 0 0 0 0 0 0 0 0 0 0 0 0 63457 71044 70443 70653 70367 70328 70323 69836 69415 68962 68328 67741 66763 66845 67616 68616 69013 69402 69762 70394 70124 70383 70185 70515 70548 62969 0 0 0 0 0 0 0 0 0 0 0 0 0 0 0 0 0 0 0 0 0 0 0 0 0 0 0 0 0 0 0 0 0 0 0 0 0 
0 0 0 0 0 0 0 0 0 0 0 0 0 0 0 0 0 0 0 0 0 0 0 0 0 0 0 0 0 0 0 0 0 0 0 0 0 63823 71669 70830 70867 71022 70577 70573 69583 69440 69439 69055 67544 66393 67344 68211 68984 69363 69434 69658 70279 70378 70756 70787 70784 70961 63439 0 0 0 0 0 0 0 0 0 0 0 0 0 0 0 0 0 0 0 0 0 0 0 0 0 0 0 0 0 0 0 0 0 0 0 0 0 
0 0 0 0 0 0 0 0 0 0 0 0 0 0 0 0 0 0 0 0 0 0 0 0 0 0 0 0 0 0 0 0 0 0 0 0 0 63401 71365 70948 70758 71733 70642 70522 70230 69346 69602 69063 68416 67385 67349 67996 69702 69457 69971 70420 70443 70589 70370 71093 71161 71018 63731 0 0 0 0 0 0 0 0 0 0 0 0 0 0 0 0 0 0 0 0 0 0 0 0 0 0 0 0 0 0 0 0 0 0 0 0 0 
0 0 0 0 0 0 0 0 0 0 0 0 0 0 0 0 0 0 0 0 0 0 0 0 0 0 0 0 0 0 0 0 0 0 0 0 0 64325 71393 70656 70990 70728 70934 70857 70420 69657 69904 68753 68404 67645 67274 68529 69592 69114 69605 69931 70826 70760 71060 70927 71339 71410 64037 0 0 0 0 0 0 0 0 0 0 0 0 0 0 0 0 0 0 0 0 0 0 0 0 0 0 0 0 0 0 0 0 0 0 0 0 0 
0 0 0 0 0 0 0 0 0 0 0 0 0 0 0 0 0 0 0 0 0 0 0 0 0 0 0 0 0 0 0 0 0 0 0 0 0 63903 71190 71443 71116 71500 71052 70828 70827 70200 69389 68988 68639 67497 68106 68641 69679 70013 69746 70582 71211 70874 71205 71430 71382 71400 64002 0 0 0 0 0 0 0 0 0 0 0 0 0 0 0 0 0 0 0 0 0 0 0 0 0 0 0 0 0 0 0 0 0 0 0 0 0 
0 0 0 0 0 0 0 0 0 0 0 0 0 0 0 0 0 0 0 0 0 0 0 0 0 0 0 0 0 0 0 0 0 0 0 0 0 64698 72005 72197 71846 71559 71674 71417 71109 70859 69455 69448 69399 67966 68025 69102 69883 70081 70674 70220 71679 71634 71595 71649 71727 71485 64030 0 0 0 0 0 0 0 0 0 0 0 0 0 0 0 0 0 0 0 0 0 0 0 0 0 0 0 0 0 0 0 0 0 0 0 0 0 
0 0 0 0 0 0 0 0 0 0 0 0 0 0 0 0 0 0 0 0 0 0 0 0 0 0 0 0 0 0 0 0 0 0 0 0 0 64478 71840 71609 71732 72103 71562 71247 70782 70430 70104 69942 68713 68118 68057 69351 69200 69946 70258 70923 71191 71496 71490 71547 71939 72325 64682 0 0 0 0 0 0 0 0 0 0 0 0 0 0 0 0 0 0 0 0 0 0 0 0 0 0 0 0 0 0 0 0 0 0 0 0 0 
0 0 0 0 0 0 0 0 0 0 0 0 0 0 0 0 0 0 0 0 0 0 0 0 0 0 0 0 0 0 0 0 0 0 0 0 0 64665 72105 72005 71851 71916 72351 71776 71077 70797 69989 69629 69270 68167 68445 69375 69585 70246 70574 71255 71607 71729 71694 71344 72356 71753 64676 0 0 0 0 0 0 0 0 0 0 0 0 0 0 0 0 0 0 0 0 0 0 0 0 0 0 0 0 0 0 0 0 0 0 0 0 0 
0 0 0 0 0 0 0 0 0 0 0 0 0 0 0 0 0 0 0 0 0 0 0 0 0 0 0 0 0 0 0 0 0 0 0 0 0 64875 72295 72781 72108 71784 71764 70646 71332 70665 69981 69528 69210 68345 68506 69389 69926 70337 70642 71440 71850 71854 72086 72149 72079 72144 64904 0 0 0 0 0 0 0 0 0 0 0 0 0 0 0 0 0 0 0 0 0 0 0 0 0 0 0 0 0 0 0 0 0 0 0 0 0 
0 0 0 0 0 0 0 0 0 0 0 0 0 0 0 0 0 0 0 0 0 0 0 0 0 0 0 0 0 0 0 0 0 0 0 0 0 65236 72459 72155 71874 71829 72212 71981 71401 70625 70118 70318 69433 68803 68005 69231 70029 71013 70884 70831 72390 71182 71630 71830 72145 72784 64477 0 0 0 0 0 0 0 0 0 0 0 0 0 0 0 0 0 0 0 0 0 0 0 0 0 0 0 0 0 0 0 0 0 0 0 0 0 
0 0 0 0 0 0 0 0 0 0 0 0 0 0 0 0 0 0 0 0 0 0 0 0 0 0 0 0 0 0 0 0 0 0 0 0 0 64782 72461 72506 71740 71850 71735 71822 71167 70799 70598 70271 69197 68842 68782 69427 69653 70532 71098 71259 71775 71426 71826 72358 71865 72165 65118 0 0 0 0 0 0 0 0 0 0 0 0 0 0 0 0 0 0 0 0 0 0 0 0 0 0 0 0 0 0 0 0 0 0 0 0 0 
0 0 0 0 0 0 0 0 0 0 0 0 0 0 0 0 0 0 0 0 0 0 0 0 0 0 0 0 0 0 0 0 0 0 0 0 0 65055 72190 72516 72411 72174 72418 72188 71661 70808 70349 70412 69459 68623 67683 69377 70235 70754 70923 71477 72015 71544 72629 72528 72489 71940 64546 0 0 0 0 0 0 0 0 0 0 0 0 0 0 0 0 0 0 0 0 0 0 0 0 0 0 0 0 0 0 0 0 0 0 0 0 0 
0 0 0 0 0 0 0 0 0 0 0 0 0 0 0 0 0 0 0 0 0 0 0 0 0 0 0 0 0 0 0 0 0 0 0 0 0 64697 72595 71845 72939 72251 71763 71540 71567 71322 71081 70372 69361 69018 68701 69622 70272 70943 71614 71943 71537 72067 72429 72146 72288 72328 64832 0 0 0 0 0 0 0 0 0 0 0 0 0 0 0 0 0 0 0 0 0 0 0 0 0 0 0 0 0 0 0 0 0 0 0 0 0 
0 0 0 0 0 0 0 0 0 0 0 0 0 0 0 0 0 0 0 0 0 0 0 0 0 0 0 0 0 0 0 0 0 0 0 0 0 64735 72816 72378 72095 71956 72295 72385 71240 71068 70419 70046 68746 69180 68646 69703 70137 71164 71313 71577 71599 72192 72171 71971 71793 72697 65094 0 0 0 0 0 0 0 0 0 0 0 0 0 0 0 0 0 0 0 0 0 0 0 0 0 0 0 0 0 0 0 0 0 0 0 0 0 
0 0 0 0 0 0 0 0 0 0 0 0 0 0 0 0 0 0 0 0 0 0 0 0 0 0 0 0 0 0 0 0 0 0 0 0 0 64592 72097 72538 71991 71932 72011 72078 71394 71095 70578 69942 69142 68345 69038 69216 69805 70153 71066 71586 71405 71933 71529 72280 71829 71785 64957 0 0 0 0 0 0 0 0 0 0 0 0 0 0 0 0 0 0 0 0 0 0 0 0 0 0 0 0 0 0 0 0 0 0 0 0 0 
0 0 0 0 0 0 0 0 0 0 0 0 0 0 0 0 0 0 0 0 0 0 0 0 0 0 0 0 0 0 0 0 0 0 0 0 0 64442 72245 72075 72395 71653 71536 71927 71715 70975 70188 70333 69209 68475 68177 69215 69935 70694 70859 71342 71612 71777 71695 71966 72540 72677 64317 0 0 0 0 0 0 0 0 0 0 0 0 0 0 0 0 0 0 0 0 0 0 0 0 0 0 0 0 0 0 0 0 0 0 0 0 0 
0 0 0 0 0 0 0 0 0 0 0 0 0 0 0 0 0 0 0 0 0 0 0 0 0 0 0 0 0 0 0 0 0 0 0 0 0 64483 72468 71821 71884 71986 71721 71558 71214 70596 69830 69867 69356 68056 68209 68822 69855 70681 70762 71245 70967 71728 71941 71911 72523 72318 64355 0 0 0 0 0 0 0 0 0 0 0 0 0 0 0 0 0 0 0 0 0 0 0 0 0 0 0 0 0 0 0 0 0 0 0 0 0 
0 0 0 0 0 0 0 0 0 0 0 0 0 0 0 0 0 0 0 0 0 0 0 0 0 0 0 0 0 0 0 0 0 0 0 0 0 64475 72107 71667 71661 71648 71775 71127 70565 70815 70371 69658 69283 68113 68296 69596 69825 70216 70670 71256 71382 71541 71481 72009 71583 72059 64666 0 0 0 0 0 0 0 0 0 0 0 0 0 0 0 0 0 0 0 0 0 0 0 0 0 0 0 0 0 0 0 0 0 0 0 0 0 
0 0 0 0 0 0 0 0 0 0 0 0 0 0 0 0 0 0 0 0 0 0 0 0 0 0 0 0 0 0 0 0 0 0 0 0 0 64537 72320 72006 71801 71855 71494 71067 71308 70636 70064 69640 69125 68166 68454 68974 69689 69782 70468 70849 71070 71510 71987 71587 72193 71991 64220 0 0 0 0 0 0 0 0 0 0 0 0 0 0 0 0 0 0 0 0 0 0 0 0 0 0 0 0 0 0 0 0 0 0 0 0 0 
0 0 0 0 0 0 0 0 0 0 0 0 0 0 0 0 0 0 0 0 0 0 0 0 0 0 0 0 0 0 0 0 0 0 0 0 0 64154 71945 71971 71469 71716 71445 71159 70963 70301 70242 69583 69192 68328 67946 69220 69877 70005 70680 70665 71085 71760 71302 72011 72494 71506 64019 0 0 0 0 0 0 0 0 0 0 0 0 0 0 0 0 0 0 0 0 0 0 0 0 0 0 0 0 0 0 0 0 0 0 0 0 0 
0 0 0 0 0 0 0 0 0 0 0 0 0 0 0 0 0 0 0 0 0 0 0 0 0 0 0 0 0 0 0 0 0 0 0 0 0 64085 72103 71591 71364 71191 71271 71658 70980 70602 70291 69699 69081 68202 68180 69269 69976 70686 70571 71127 71162 71169 71367 71463 72043 72356 64061 0 0 0 0 0 0 0 0 0 0 0 0 0 0 0 0 0 0 0 0 0 0 0 0 0 0 0 0 0 0 0 0 0 0 0 0 0 
0 0 0 0 0 0 0 0 0 0 0 0 0 0 0 0 0 0 0 0 0 0 0 0 0 0 0 0 0 0 0 0 0 0 0 0 0 64344 72169 72207 71512 71781 71293 71383 70327 70328 70379 69469 69238 68227 68606 68645 69635 70108 70801 70824 71456 71617 72229 71541 72284 71992 64590 0 0 0 0 0 0 0 0 0 0 0 0 0 0 0 0 0 0 0 0 0 0 0 0 0 0 0 0 0 0 0 0 0 0 0 0 0 
0 0 0 0 0 0 0 0 0 0 0 0 0 0 0 0 0 0 0 0 0 0 0 0 0 0 0 0 0 0 0 0 0 0 0 0 0 64657 72056 72470 71913 71562 71260 71265 71082 70636 70050 69723 68740 68524 68623 68804 69666 70343 70225 71233 71795 71557 72258 71595 71966 72328 64303 0 0 0 0 0 0 0 0 0 0 0 0 0 0 0 0 0 0 0 0 0 0 0 0 0 0 0 0 0 0 0 0 0 0 0 0 0 
0 0 0 0 0 0 0 0 0 0 0 0 0 0 0 0 0 0 0 0 0 0 0 0 0 0 0 0 0 0 0 0 0 0 0 0 0 64799 71950 71908 71896 71674 71830 71458 71104 70582 70620 69380 69202 67778 68220 68595 69456 69845 70333 71363 71529 71336 71489 71974 71713 72410 64985 0 0 0 0 0 0 0 0 0 0 0 0 0 0 0 0 0 0 0 0 0 0 0 0 0 0 0 0 0 0 0 0 0 0 0 0 0 
0 0 0 0 0 0 0 0 0 0 0 0 0 0 0 0 0 0 0 0 0 0 0 0 0 0 0 0 0 0 0 0 0 0 0 0 0 64563 72235 72171 71990 71245 71623 71245 71319 70833 70180 69830 68837 68601 67960 69363 69348 70305 70573 71237 71309 71956 71630 71596 72223 72358 64478 0 0 0 0 0 0 0 0 0 0 0 0 0 0 0 0 0 0 0 0 0 0 0 0 0 0 0 0 0 0 0 0 0 0 0 0 0 
0 0 0 0 0 0 0 0 0 0 0 0 0 0 0 0 0 0 0 0 0 0 0 0 0 0 0 0 0 0 0 0 0 0 0 0 0 64772 72386 71775 71752 71977 71621 70888 71318 70724 70168 69904 69197 68272 68464 69117 69588 70509 70830 71421 71565 71960 71728 72169 71809 71987 64382 0 0 0 0 0 0 0 0 0 0 0 0 0 0 0 0 0 0 0 0 0 0 0 0 0 0 0 0 0 0 0 0 0 0 0 0 0 
0 0 0 0 0 0 0 0 0 0 0 0 0 0 0 0 0 0 0 0 0 0 0 0 0 0 0 0 0 0 0 0 0 0 0 0 0 64547 72506 72256 71935 71831 71833 71415 71686 70856 70606 69418 68740 68365 67976 68847 70297 70236 70414 71119 71341 71047 71758 71600 72135 72127 64388 0 0 0 0 0 0 0 0 0 0 0 0 0 0 0 0 0 0 0 0 0 0 0 0 0 0 0 0 0 0 0 0 0 0 0 0 0 
0 0 0 0 0 0 0 0 0 0 0 0 0 0 0 0 0 0 0 0 0 0 0 0 0 0 0 0 0 0 0 0 0 0 0 0 0 64311 72276 71901 71947 71275 71065 71320 71133 70655 70430 69791 69082 67845 67763 69195 69912 70189 70556 71040 71380 71488 71989 71881 71728 72654 64359 0 0 0 0 0 0 0 0 0 0 0 0 0 0 0 0 0 0 0 0 0 0 0 0 0 0 0 0 0 0 0 0 0 0 0 0 0 
0 0 0 0 0 0 0 0 0 0 0 0 0 0 0 0 0 0 0 0 0 0 0 0 0 0 0 0 0 0 0 0 0 0 0 0 0 64078 71668 72061 71930 71238 71332 71560 70972 70253 70595 69729 69053 68098 68165 69099 69467 69839 70640 71070 71422 71532 71881 71645 72063 72114 64546 0 0 0 0 0 0 0 0 0 0 0 0 0 0 0 0 0 0 0 0 0 0 0 0 0 0 0 0 0 0 0 0 0 0 0 0 0 
0 0 0 0 0 0 0 0 0 0 0 0 0 0 0 0 0 0 0 0 0 0 0 0 0 0 0 0 0 0 0 0 0 0 0 0 0 65328 71920 71745 71564 71615 71573 71430 71500 70937 70686 69609 68944 67907 68158 69246 69850 69924 70815 71064 71527 71231 71576 71795 71815 72364 64178 0 0 0 0 0 0 0 0 0 0 0 0 0 0 0 0 0 0 0 0 0 0 0 0 0 0 0 0 0 0 0 0 0 0 0 0 0 
0 0 0 0 0 0 0 0 0 0 0 0 0 0 0 0 0 0 0 0 0 0 0 0 0 0 0 0 0 0 0 0 0 0 0 0 0 64428 72081 72328 72202 71997 71611 71763 70850 70678 69938 69461 69123 68461 68319 69033 69832 70542 70385 71017 71305 71983 71735 71579 71497 72083 64544 0 0 0 0 0 0 0 0 0 0 0 0 0 0 0 0 0 0 0 0 0 0 0 0 0 0 0 0 0 0 0 0 0 0 0 0 0 
0 0 0 0 0 0 0 0 0 0 0 0 0 0 0 0 0 0 0 0 0 0 0 0 0 0 0 0 0 0 0 0 0 0 0 0 0 64977 72160 72011 72359 71614 71031 71649 71225 70848 70611 69903 69633 68099 68170 69182 70413 71012 71012 71630 71777 72323 71886 71894 71908 72305 64750 0 0 0 0 0 0 0 0 0 0 0 0 0 0 0 0 0 0 0 0 0 0 0 0 0 0 0 0 0 0 0 0 0 0 0 0 0 
0 0 0 0 0 0 0 0 0 0 0 0 0 0 0 0 0 0 0 0 0 0 0 0 0 0 0 0 0 0 0 0 0 0 0 0 0 65027 72181 72462 72185 72186 72499 71649 71608 70656 70682 69741 69210 68286 68649 69100 69796 70078 70671 70912 72074 71741 71664 71943 72063 72592 64560 0 0 0 0 0 0 0 0 0 0 0 0 0 0 0 0 0 0 0 0 0 0 0 0 0 0 0 0 0 0 0 0 0 0 0 0 0 
0 0 0 0 0 0 0 0 0 0 0 0 0 0 0 0 0 0 0 0 0 0 0 0 0 0 0 0 0 0 0 0 0 0 0 0 0 64641 73098 72035 72225 71813 72332 71679 71095 70824 70291 69995 68873 68212 68263 69249 69778 70196 71197 71424 71298 71946 72197 72152 72123 72766 64962 0 0 0 0 0 0 0 0 0 0 0 0 0 0 0 0 0 0 0 0 0 0 0 0 0 0 0 0 0 0 0 0 0 0 0 0 0 
0 0 0 0 0 0 0 0 0 0 0 0 0 0 0 0 0 0 0 0 0 0 0 0 0 0 0 0 0 0 0 0 0 0 0 0 0 65166 72657 72465 71867 71751 71828 72176 71270 70778 70342 70256 69311 68706 68536 69270 69986 70430 70902 71733 71650 71900 71976 72247 72628 72621 64504 0 0 0 0 0 0 0 0 0 0 0 0 0 0 0 0 0 0 0 0 0 0 0 0 0 0 0 0 0 0 0 0 0 0 0 0 0 
0 0 0 0 0 0 0 0 0 0 0 0 0 0 0 0 0 0 0 0 0 0 0 0 0 0 0 0 0 0 0 0 0 0 0 0 0 64686 72710 72062 71847 71740 72010 72420 71447 70720 70608 70367 69625 68443 68995 70102 69951 70542 71432 71126 71539 72011 71916 72095 72071 72417 65123 0 0 0 0 0 0 0 0 0 0 0 0 0 0 0 0 0 0 0 0 0 0 0 0 0 0 0 0 0 0 0 0 0 0 0 0 0 
0 0 0 0 0 0 0 0 0 0 0 0 0 0 0 0 0 0 0 0 0 0 0 0 0 0 0 0 0 0 0 0 0 0 0 0 0 64869 72274 72883 72723 71958 72091 71493 71789 71453 70620 69725 69271 68627 68868 68991 70422 70875 70887 71403 71555 72289 71654 72320 72378 72580 64698 0 0 0 0 0 0 0 0 0 0 0 0 0 0 0 0 0 0 0 0 0 0 0 0 0 0 0 0 0 0 0 0 0 0 0 0 0 
0 0 0 0 0 0 0 0 0 0 0 0 0 0 0 0 0 0 0 0 0 0 0 0 0 0 0 0 0 0 0 0 0 0 0 0 0 64489 72394 72539 71865 72545 71754 71857 71759 70851 70690 70103 69161 68517 68495 69112 69869 70605 70688 71552 72235 71897 72172 71975 72688 72060 64983 0 0 0 0 0 0 0 0 0 0 0 0 0 0 0 0 0 0 0 0 0 0 0 0 0 0 0 0 0 0 0 0 0 0 0 0 0 
0 0 0 0 0 0 0 0 0 0 0 0 0 0 0 0 0 0 0 0 0 0 0 0 0 0 0 0 0 0 0 0 0 0 0 0 0 64762 72267 72733 72100 72088 71648 71681 71520 70857 70431 69915 69308 68460 68525 69456 69991 70341 70713 71146 72030 71294 72117 71832 72393 72490 64817 0 0 0 0 0 0 0 0 0 0 0 0 0 0 0 0 0 0 0 0 0 0 0 0 0 0 0 0 0 0 0 0 0 0 0 0 0 
0 0 0 0 0 0 0 0 0 0 0 0 0 0 0 0 0 0 0 0 0 0 0 0 0 0 0 0 0 0 0 0 0 0 0 0 0 64488 72372 72180 72149 72040 71867 71916 71570 70464 70107 70278 68837 68328 68421 68698 69849 70501 71282 70939 71713 71439 71643 72220 72326 71926 64735 0 0 0 0 0 0 0 0 0 0 0 0 0 0 0 0 0 0 0 0 0 0 0 0 0 0 0 0 0 0 0 0 0 0 0 0 0 
0 0 0 0 0 0 0 0 0 0 0 0 0 0 0 0 0 0 0 0 0 0 0 0 0 0 0 0 0 0 0 0 0 0 0 0 0 64134 71878 71618 71421 71774 71048 71480 71034 70537 70114 69703 69101 68334 68679 69176 69802 70310 70567 71104 71298 71533 72003 71220 71835 71973 63872 0 0 0 0 0 0 0 0 0 0 0 0 0 0 0 0 0 0 0 0 0 0 0 0 0 0 0 0 0 0 0 0 0 0 0 0 0 
0 0 0 0 0 0 0 0 0 0 0 0 0 0 0 0 0 0 0 0 0 0 0 0 0 0 0 0 0 0 0 0 0 0 0 0 0 65183 71763 72311 71778 71423 71258 71244 70899 70198 70715 69478 68930 68636 67512 69048 69357 70142 70540 71126 71167 71710 71568 71515 71793 72256 64006 0 0 0 0 0 0 0 0 0 0 0 0 0 0 0 0 0 0 0 0 0 0 0 0 0 0 0 0 0 0 0 0 0 0 0 0 0 
0 0 0 0 0 0 0 0 0 0 0 0 0 0 0 0 0 0 0 0 0 0 0 0 0 0 0 0 0 0 0 0 0 0 0 0 0 64010 71836 71369 71554 71122 71371 71552 70233 70433 69920 69476 68992 67272 67878 68817 69370 70034 70263 70629 71321 71030 71076 71175 71950 71412 64100 0 0 0 0 0 0 0 0 0 0 0 0 0 0 0 0 0 0 0 0 0 0 0 0 0 0 0 0 0 0 0 0 0 0 0 0 0 
0 0 0 0 0 0 0 0 0 0 0 0 0 0 0 0 0 0 0 0 0 0 0 0 0 0 0 0 0 0 0 0 0 0 0 0 0 64346 71593 71175 71202 70960 71320 70662 70353 70604 69831 69075 68237 67670 67831 68493 69649 69930 69891 70999 70688 71426 70997 71275 71686 72121 64140 0 0 0 0 0 0 0 0 0 0 0 0 0 0 0 0 0 0 0 0 0 0 0 0 0 0 0 0 0 0 0 0 0 0 0 0 0 
0 0 0 0 0 0 0 0 0 0 0 0 0 0 0 0 0 0 0 0 0 0 0 0 0 0 0 0 0 0 0 0 0 0 0 0 0 63541 71203 71359 70818 70833 71252 70882 70190 70171 69317 68954 68012 67542 67324 68821 69047 69774 70142 70511 70607 70734 71012 71149 71930 71629 63588 0 0 0 0 0 0 0 0 0 0 0 0 0 0 0 0 0 0 0 0 0 0 0 0 0 0 0 0 0 0 0 0 0 0 0 0 0 
0 0 0 0 0 0 0 0 0 0 0 0 0 0 0 0 0 0 0 0 0 0 0 0 0 0 0 0 0 0 0 0 0 0 0 0 0 63809 70843 70920 71084 70690 70406 70959 70139 69738 69287 68616 67901 67288 67408 67764 68570 69474 69660 70262 70649 70415 70618 70800 71175 71690 63645 0 0 0 0 0 0 0 0 0 0 0 0 0 0 0 0 0 0 0 0 0 0 0 0 0 0 0 0 0 0 0 0 0 0 0 0 0 
0 0 0 0 0 0 0 0 0 0 0 0 0 0 0 0 0 0 0 0 0 0 0 0 0 0 0 0 0 0 0 0 0 0 0 0 0 63715 71010 71154 70364 70298 70265 70837 69682 69777 69220 68578 67285 66610 67181 68312 68976 69015 69690 69572 70263 70227 70732 70647 70490 70952 63186 0 0 0 0 0 0 0 0 0 0 0 0 0 0 0 0 0 0 0 0 0 0 0 0 0 0 0 0 0 0 0 0 0 0 0 0 0 
0 0 0 0 0 0 0 0 0 0 0 0 0 0 0 0 0 0 0 0 0 0 0 0 0 0 0 0 0 0 0 0 0 0 0 0 0 63817 70858 70919 70428 69731 70267 70336 69472 69358 69031 68496 68119 67039 66937 67770 68249 68658 69864 69856 70290 70043 70154 70431 70523 70469 63356 0 0 0 0 0 0 0 0 0 0 0 0 0 0 0 0 0 0 0 0 0 0 0 0 0 0 0 0 0 0 0 0 0 0 0 0 0 
0 0 0 0 0 0 0 0 0 0 0 0 0 0 0 0 0 0 0 0 0 0 0 0 0 0 0 0 0 0 0 0 0 0 0 0 0 63208 70409 69988 70514 70249 70030 69896 69743 69210 68733 68306 67584 66957 66281 67700 68310 68393 69204 69134 70431 70362 70316 70287 69836 70822 63081 0 0 0 0 0 0 0 0 0 0 0 0 0 0 0 0 0 0 0 0 0 0 0 0 0 0 0 0 0 0 0 0 0 0 0 0 0 
0 0 0 0 0 0 0 0 0 0 0 0 0 0 0 0 0 0 0 0 0 0 0 0 0 0 0 0 0 0 0 0 0 0 0 0 0 62625 70516 70452 70058 70697 69630 69625 69149 68999 68888 68034 67496 66982 66578 67736 68208 68370 69262 69516 69675 69834 70469 70648 70142 70217 62900 0 0 0 0 0 0 0 0 0 0 0 0 0 0 0 0 0 0 0 0 0 0 0 0 0 0 0 0 0 0 0 0 0 0 0 0 0 
0 0 0 0 0 0 0 0 0 0 0 0 0 0 0 0 0 0 0 0 0 0 0 0 0 0 0 0 0 0 0 0 0 0 0 0 0 62455 70503 69343 69809 69822 69458 69747 69077 68690 68247 67869 67253 66534 66384 67432 67952 68344 68739 69119 69580 69546 69643 69697 69907 70764 62963 0 0 0 0 0 0 0 0 0 0 0 0 0 0 0 0 0 0 0 0 0 0 0 0 0 0 0 0 0 0 0 0 0 0 0 0 0 
0 0 0 0 0 0 0 0 0 0 0 0 0 0 0 0 0 0 0 0 0 0 0 0 0 0 0 0 0 0 0 0 0 0 0 0 0 62933 70788 70612 69758 69621 69386 69922 69352 68885 68228 68340 67438 66248 65943 67182 67949 68244 68697 69455 69481 69662 69831 69764 70178 69857 62756 0 0 0 0 0 0 0 0 0 0 0 0 0 0 0 0 0 0 0 0 0 0 0 0 0 0 0 0 0 0 0 0 0 0 0 0 0 
0 0 0 0 0 0 0 0 0 0 0 0 0 0 0 0 0 0 0 0 0 0 0 0 0 0 0 0 0 0 0 0 0 0 0 0 0 62865 70018 70449 70010 70021 70198 69684 69019 69270 68512 68157 67783 66659 66464 67368 67673 68704 68843 69332 69284 69981 69998 69715 70209 70439 63056 0 0 0 0 0 0 0 0 0 0 0 0 0 0 0 0 0 0 0 0 0 0 0 0 0 0 0 0 0 0 0 0 0 0 0 0 0 
0 0 0 0 0 0 0 0 0 0 0 0 0 0 0 0 0 0 0 0 0 0 0 0 0 0 0 0 0 0 0 0 0 0 0 0 0 62782 70216 70173 70207 69380 70203 69908 69698 68800 68857 68310 67417 67011 66473 67341 68093 68791 69370 69259 69711 70028 69971 70189 70256 70462 62662 0 0 0 0 0 0 0 0 0 0 0 0 0 0 0 0 0 0 0 0 0 0 0 0 0 0 0 0 0 0 0 0 0 0 0 0 0 
0 0 0 0 0 0 0 0 0 0 0 0 0 0 0 0 0 0 0 0 0 0 0 0 0 0 0 0 0 0 0 0 0 0 0 0 0 63166 70291 70320 70066 69659 70300 70464 69304 69414 68608 68012 67320 66662 66988 67208 68386 68913 69100 69651 69458 69587 69556 70293 70151 70416 62872 0 0 0 0 0 0 0 0 0 0 0 0 0 0 0 0 0 0 0 0 0 0 0 0 0 0 0 0 0 0 0 0 0 0 0 0 0 
0 0 0 0 0 0 0 0 0 0 0 0 0 0 0 0 0 0 0 0 0 0 0 0 0 0 0 0 0 0 0 0 0 0 0 0 0 63208 70100 69639 69957 69871 69401 69515 69203 69018 68080 67403 67340 66791 66429 67003 67704 68733 68742 68860 69931 69529 69440 70081 69666 69993 62710 0 0 0 0 0 0 0 0 0 0 0 0 0 0 0 0 0 0 0 0 0 0 0 0 0 0 0 0 0 0 0 0 0 0 0 0 0 
0 0 0 0 0 0 0 0 0 0 0 0 0 0 0 0 0 0 0 0 0 0 0 0 0 0 0 0 0 0 0 0 0 0 0 0 0 62310 69524 69917 69650 69705 69738 69658 69114 68735 68562 67831 67160 66031 65996 66965 68092 68387 68611 68947 69444 69290 70181 70108 70080 70064 62586 0 0 0 0 0 0 0 0 0 0 0 0 0 0 0 0 0 0 0 0 0 0 0 0 0 0 0 0 0 0 0 0 0 0 0 0 0 
0 0 0 0 0 0 0 0 0 0 0 0 0 0 0 0 0 0 0 0 0 0 0 0 0 0 0 0 0 0 0 0 0 0 0 0 0 62777 70198 70228 70020 69760 69645 69524 68732 68119 67904 67438 67191 66460 65960 67471 67337 67957 68934 69032 68907 69635 69318 69523 70016 70431 62880 0 0 0 0 0 0 0 0 0 0 0 0 0 0 0 0 0 0 0 0 0 0 0 0 0 0 0 0 0 0 0 0 0 0 0 0 0 
0 0 0 0 0 0 0 0 0 0 0 0 0 0 0 0 0 0 0 0 0 0 0 0 0 0 0 0 0 0 0 0 0 0 0 0 0 62732 69802 69639 69823 69731 69112 68670 68794 68342 67939 67790 67318 65776 65772 66787 67781 68355 68832 68785 69154 68915 68866 69756 69437 70050 63153 0 0 0 0 0 0 0 0 0 0 0 0 0 0 0 0 0 0 0 0 0 0 0 0 0 0 0 0 0 0 0 0 0 0 0 0 0 
0 0 0 0 0 0 0 0 0 0 0 0 0 0 0 0 0 0 0 0 0 0 0 0 0 0 0 0 0 0 0 0 0 0 0 0 0 62120 70272 69662 69695 69734 69247 69071 68537 67954 67325 67766 66991 65816 66046 66761 67735 68240 68840 69449 69112 68646 69148 68789 69499 69691 62142 0 0 0 0 0 0 0 0 0 0 0 0 0 0 0 0 0 0 0 0 0 0 0 0 0 0 0 0 0 0 0 0 0 0 0 0 0 
0 0 0 0 0 0 0 0 0 0 0 0 0 0 0 0 0 0 0 0 0 0 0 0 0 0 0 0 0 0 0 0 0 0 0 0 0 62479 69691 69450 69452 68940 69326 69292 68849 67984 67724 67390 66839 66045 66276 66801 67260 67581 68083 69099 69417 69236 69408 69889 69301 69682 62590 0 0 0 0 0 0 0 0 0 0 0 0 0 0 0 0 0 0 0 0 0 0 0 0 0 0 0 0 0 0 0 0 0 0 0 0 0 
0 0 0 0 0 0 0 0 0 0 0 0 0 0 0 0 0 0 0 0 0 0 0 0 0 0 0 0 0 0 0 0 0 0 0 0 0 62549 69988 69794 69509 69564 69447 69364 68682 67966 67947 67542 66929 66224 65971 66929 67813 68100 68720 68996 69500 68732 69550 69272 69682 69883 62239 0 0 0 0 0 0 0 0 0 0 0 0 0 0 0 0 0 0 0 0 0 0 0 0 0 0 0 0 0 0 0 0 0 0 0 0 0 
0 0 0 0 0 0 0 0 0 0 0 0 0 0 0 0 0 0 0 0 0 0 0 0 0 0 0 0 0 0 0 0 0 0 0 0 0 62013 69802 69666 69332 69505 69206 69364 69012 68057 68081 67597 67678 66802 65900 66887 67356 68260 68973 68971 69200 68888 69685 69435 69860 69565 62175 0 0 0 0 0 0 0 0 0 0 0 0 0 0 0 0 0 0 0 0 0 0 0 0 0 0 0 0 0 0 0 0 0 0 0 0 0 
0 0 0 0 0 0 0 0 0 0 0 0 0 0 0 0 0 0 0 0 0 0 0 0 0 0 0 0 0 0 0 0 0 0 0 0 0 29052 32564 32962 32796 32914 32521 32547 32452 32470 32152 31532 31107 31147 31151 31504 31889 31681 32364 32213 32599 32429 32765 32475 32632 32841 28882 0 0 0 0 0 0 0 0 0 0 0 0 0 0 0 0 0 0 0 0 0 0 0 0 0 0 0 0 0 0 0 0 0 0 0 0 0 
0 0 0 0 0 0 0 0 0 0 0 0 0 0 0 0 0 0 0 0 0 0 0 0 0 0 0 0 0 0 0 0 0 0 0 0 0 0 0 0 0 0 0 0 0 0 0 0 0 0 0 0 0 0 0 0 0 0 0 0 0 0 0 0 0 0 0 0 0 0 0 0 0 0 0 0 0 0 0 0 0 0 0 0 0 0 0 0 0 0 0 0 0 0 0 0 0 0 0 0 
0 0 0 0 0 0 0 0 0 0 0 0 0 0 0 0 0 0 0 0 0 0 0 0 0 0 0 0 0 0 0 0 0 0 0 0 0 0 0 0 0 0 0 0 0 0 0 0 0 0 0 0 0 0 0 0 0 0 0 0 0 0 0 0 0 0 0 0 0 0 0 0 0 0 0 0 0 0 0 0 0 0 0 0 0 0 0 0 0 0 0 0 0 0 0 0 0 0 0 0 
0 0 0 0 0 0 0 0 0 0 0 0 0 0 0 0 0 0 0 0 0 0 0 0 0 0 0 0 0 0 0 0 0 0 0 0 0 0 0 0 0 0 0 0 0 0 0 0 0 0 0 0 0 0 0 0 0 0 0 0 0 0 0 0 0 0 0 0 0 0 0 0 0 0 0 0 0 0 0 0 0 0 0 0 0 0 0 0 0 0 0 0 0 0 0 0 0 0 0 0 
0 0 0 0 0 0 0 0 0 0 0 0 0 0 0 0 0 0 0 0 0 0 0 0 0 0 0 0 0 0 0 0 0 0 0 0 0 0 0 0 0 0 0 0 0 0 0 0 0 0 0 0 0 0 0 0 0 0 0 0 0 0 0 0 0 0 0 0 0 0 0 0 0 0 0 0 0 0 0 0 0 0 0 0 0 0 0 0 0 0 0 0 0 0 0 0 0 0 0 0 
0 0 0 0 0 0 0 0 0 0 0 0 0 0 0 0 0 0 0 0 0 0 0 0 0 0 0 0 0 0 0 0 0 0 0 0 0 0 0 0 0 0 0 0 0 0 0 0 0 0 0 0 0 0 0 0 0 0 0 0 0 0 0 0 0 0 0 0 0 0 0 0 0 0 0 0 0 0 0 0 0 0 0 0 0 0 0 0 0 0 0 0 0 0 0 0 0 0 0 0 
0 0 0 0 0 0 0 0 0 0 0 0 0 0 0 0 0 0 0 0 0 0 0 0 0 0 0 0 0 0 0 0 0 0 0 0 0 0 0 0 0 0 0 0 0 0 0 0 0 0 0 0 0 0 0 0 0 0 0 0 0 0 0 0 0 0 0 0 0 0 0 0 0 0 0 0 0 0 0 0 0 0 0 0 0 0 0 0 0 0 0 0 0 0 0 0 0 0 0 0 
0 0 0 0 0 0 0 0 0 0 0 0 0 0 0 0 0 0 0 0 0 0 0 0 0 0 0 0 0 0 0 0 0 0 0 0 0 0 0 0 0 0 0 0 0 0 0 0 0 0 0 0 0 0 0 0 0 0 0 0 0 0 0 0 0 0 0 0 0 0 0 0 0 0 0 0 0 0 0 0 0 0 0 0 0 0 0 0 0 0 0 0 0 0 0 0 0 0 0 0 
0 0 0 0 0 0 0 0 0 0 0 0 0 0 0 0 0 0 0 0 0 0 0 0 0 0 0 0 0 0 0 0 0 0 0 0 0 0 0 0 0 0 0 0 0 0 0 0 0 0 0 0 0 0 0 0 0 0 0 0 0 0 0 0 0 0 0 0 0 0 0 0 0 0 0 0 0 0 0 0 0 0 0 0 0 0 0 0 0 0 0 0 0 0 0 0 0 0 0 0 
0 0 0 0 0 0 0 0 0 0 0 0 0 0 0 0 0 0 0 0 0 0 0 0 0 0 0 0 0 0 0 0 0 0 0 0 0 0 0 0 0 0 0 0 0 0 0 0 0 0 0 0 0 0 0 0 0 0 0 0 0 0 0 0 0 0 0 0 0 0 0 0 0 0 0 0 0 0 0 0 0 0 0 0 0 0 0 0 0 0 0 0 0 0 0 0 0 0 0 0 
0 0 0 0 0 0 0 0 0 0 0 0 0 0 0 0 0 0 0 0 0 0 0 0 0 0 0 0 0 0 0 0 0 0 0 0 0 0 0 0 0 0 0 0 0 0 0 0 0 0 0 0 0 0 0 0 0 0 0 0 0 0 0 0 0 0 0 0 0 0 0 0 0 0 0 0 0 0 0 0 0 0 0 0 0 0 0 0 0 0 0 0 0 0 0 0 0 0 0 0 
