# Format: McCode with text headers
# URL: http://www.mccode.org
# Creator:  3.6.14, git
# Instrument: FullInstrument_v5_working.instr
# Ncount: 125000000
# Trace: no
# Gravitation: no
# Seed: 1779965194498208
# Directory: PSI_1e-5
# Nodes: 8
# Param: SourceE=5
# Param: DeltaSourceE=0.5
# Param: EI=5
# Param: A3=0
# Param: A4=-45
# Param: SAMPLE=0
# Param: RV_mono_Bool=1
# Param: RH_mono_Bool=1
# Param: Lv=1.872
# Param: Lh=1.34
# Param: monoShieldingWidth=0.062
# Param: monoShieldingHeight=0.14
# Param: monoShieldingDistance=0.235
# Param: MonoShielding=1
# Param: Be_filter=1
# Param: sampleHeight=0.01
# Param: sampleRadius=0.01
# Param: sampleThickness=1e-05
# Param: samplePosY=0
# Param: sampleFluxDiagnosticXWidth=0.08
# Param: sampleFluxDiagnosticYHeight=0.08
# Date: Thu May 28 13:18:49 2026 (1779967129)
# type: array_2d(100, 100)
# Source: PSI_CAMEA (FullInstrument_v5_working.instr)
# component: StartOfGuideMonitor
# position: 0 0 0.0001
# title: PSD monitor
# Ncount: 1000000000
# filename: startOfGuide.dat
# statistics: X0=-5.35737e-05; dX=2.30821; Y0=-0.000146363; dY=3.89583;
# signal: Min=0; Max=1.36709e+06; Mean=366540;
# values: 3.6654e+09 115965 1e+09
# xvar: X 
# yvar: Y 
# xlabel: X position [cm]
# ylabel: Y position [cm]
# zvar: I
# zlabel: Signal per bin
# xylimits: -10 10 -10 10
# variables: I I_err N
# Data [StartOfGuideMonitor/startOfGuide.dat] I:
0 0 0 0 0 0 0 0 0 0 0 0 0 0 0 0 0 0 0 0 0 0 0 0 0 0 0 0 0 0 0 0 0 0 0 0 0 0 0 0 0 0 0 0 0 0 0 0 0 0 0 0 0 0 0 0 0 0 0 0 0 0 0 0 0 0 0 0 0 0 0 0 0 0 0 0 0 0 0 0 0 0 0 0 0 0 0 0 0 0 0 0 0 0 0 0 0 0 0 0 
0 0 0 0 0 0 0 0 0 0 0 0 0 0 0 0 0 0 0 0 0 0 0 0 0 0 0 0 0 0 0 0 0 0 0 0 0 0 0 0 0 0 0 0 0 0 0 0 0 0 0 0 0 0 0 0 0 0 0 0 0 0 0 0 0 0 0 0 0 0 0 0 0 0 0 0 0 0 0 0 0 0 0 0 0 0 0 0 0 0 0 0 0 0 0 0 0 0 0 0 
0 0 0 0 0 0 0 0 0 0 0 0 0 0 0 0 0 0 0 0 0 0 0 0 0 0 0 0 0 0 0 0 0 0 0 0 0 0 0 0 0 0 0 0 0 0 0 0 0 0 0 0 0 0 0 0 0 0 0 0 0 0 0 0 0 0 0 0 0 0 0 0 0 0 0 0 0 0 0 0 0 0 0 0 0 0 0 0 0 0 0 0 0 0 0 0 0 0 0 0 
0 0 0 0 0 0 0 0 0 0 0 0 0 0 0 0 0 0 0 0 0 0 0 0 0 0 0 0 0 0 0 0 0 0 0 0 0 0 0 0 0 0 0 0 0 0 0 0 0 0 0 0 0 0 0 0 0 0 0 0 0 0 0 0 0 0 0 0 0 0 0 0 0 0 0 0 0 0 0 0 0 0 0 0 0 0 0 0 0 0 0 0 0 0 0 0 0 0 0 0 
0 0 0 0 0 0 0 0 0 0 0 0 0 0 0 0 0 0 0 0 0 0 0 0 0 0 0 0 0 0 0 0 0 0 0 0 0 0 0 0 0 0 0 0 0 0 0 0 0 0 0 0 0 0 0 0 0 0 0 0 0 0 0 0 0 0 0 0 0 0 0 0 0 0 0 0 0 0 0 0 0 0 0 0 0 0 0 0 0 0 0 0 0 0 0 0 0 0 0 0 
0 0 0 0 0 0 0 0 0 0 0 0 0 0 0 0 0 0 0 0 0 0 0 0 0 0 0 0 0 0 0 0 0 0 0 0 0 0 0 0 0 0 0 0 0 0 0 0 0 0 0 0 0 0 0 0 0 0 0 0 0 0 0 0 0 0 0 0 0 0 0 0 0 0 0 0 0 0 0 0 0 0 0 0 0 0 0 0 0 0 0 0 0 0 0 0 0 0 0 0 
0 0 0 0 0 0 0 0 0 0 0 0 0 0 0 0 0 0 0 0 0 0 0 0 0 0 0 0 0 0 0 0 0 0 0 0 0 0 0 0 0 0 0 0 0 0 0 0 0 0 0 0 0 0 0 0 0 0 0 0 0 0 0 0 0 0 0 0 0 0 0 0 0 0 0 0 0 0 0 0 0 0 0 0 0 0 0 0 0 0 0 0 0 0 0 0 0 0 0 0 
0 0 0 0 0 0 0 0 0 0 0 0 0 0 0 0 0 0 0 0 0 0 0 0 0 0 0 0 0 0 0 0 0 0 0 0 0 0 0 0 0 0 0 0 0 0 0 0 0 0 0 0 0 0 0 0 0 0 0 0 0 0 0 0 0 0 0 0 0 0 0 0 0 0 0 0 0 0 0 0 0 0 0 0 0 0 0 0 0 0 0 0 0 0 0 0 0 0 0 0 
0 0 0 0 0 0 0 0 0 0 0 0 0 0 0 0 0 0 0 0 0 0 0 0 0 0 0 0 0 0 0 0 0 0 0 0 0 0 0 0 0 0 0 0 0 0 0 0 0 0 0 0 0 0 0 0 0 0 0 0 0 0 0 0 0 0 0 0 0 0 0 0 0 0 0 0 0 0 0 0 0 0 0 0 0 0 0 0 0 0 0 0 0 0 0 0 0 0 0 0 
0 0 0 0 0 0 0 0 0 0 0 0 0 0 0 0 0 0 0 0 0 0 0 0 0 0 0 0 0 0 0 0 0 0 0 0 0 0 0 0 0 0 0 0 0 0 0 0 0 0 0 0 0 0 0 0 0 0 0 0 0 0 0 0 0 0 0 0 0 0 0 0 0 0 0 0 0 0 0 0 0 0 0 0 0 0 0 0 0 0 0 0 0 0 0 0 0 0 0 0 
0 0 0 0 0 0 0 0 0 0 0 0 0 0 0 0 0 0 0 0 0 0 0 0 0 0 0 0 0 0 0 0 0 0 0 0 0 0 0 0 0 0 0 0 0 0 0 0 0 0 0 0 0 0 0 0 0 0 0 0 0 0 0 0 0 0 0 0 0 0 0 0 0 0 0 0 0 0 0 0 0 0 0 0 0 0 0 0 0 0 0 0 0 0 0 0 0 0 0 0 
0 0 0 0 0 0 0 0 0 0 0 0 0 0 0 0 0 0 0 0 0 0 0 0 0 0 0 0 0 0 0 0 0 0 0 0 0 0 0 0 0 0 0 0 0 0 0 0 0 0 0 0 0 0 0 0 0 0 0 0 0 0 0 0 0 0 0 0 0 0 0 0 0 0 0 0 0 0 0 0 0 0 0 0 0 0 0 0 0 0 0 0 0 0 0 0 0 0 0 0 
0 0 0 0 0 0 0 0 0 0 0 0 0 0 0 0 0 0 0 0 0 0 0 0 0 0 0 0 0 0 0 0 0 0 0 0 0 0 0 0 0 0 0 0 0 0 0 0 0 0 0 0 0 0 0 0 0 0 0 0 0 0 0 0 0 0 0 0 0 0 0 0 0 0 0 0 0 0 0 0 0 0 0 0 0 0 0 0 0 0 0 0 0 0 0 0 0 0 0 0 
0 0 0 0 0 0 0 0 0 0 0 0 0 0 0 0 0 0 0 0 0 0 0 0 0 0 0 0 0 0 0 0 0 0 0 0 0 0 0 0 0 0 0 0 0 0 0 0 0 0 0 0 0 0 0 0 0 0 0 0 0 0 0 0 0 0 0 0 0 0 0 0 0 0 0 0 0 0 0 0 0 0 0 0 0 0 0 0 0 0 0 0 0 0 0 0 0 0 0 0 
0 0 0 0 0 0 0 0 0 0 0 0 0 0 0 0 0 0 0 0 0 0 0 0 0 0 0 0 0 0 0 0 0 0 0 0 0 0 0 0 0 0 0 0 0 0 0 0 0 0 0 0 0 0 0 0 0 0 0 0 0 0 0 0 0 0 0 0 0 0 0 0 0 0 0 0 0 0 0 0 0 0 0 0 0 0 0 0 0 0 0 0 0 0 0 0 0 0 0 0 
0 0 0 0 0 0 0 0 0 0 0 0 0 0 0 0 0 0 0 0 0 0 0 0 0 0 0 0 0 0 0 0 0 0 0 0 0 0 0 0 0 0 0 0 0 0 0 0 0 0 0 0 0 0 0 0 0 0 0 0 0 0 0 0 0 0 0 0 0 0 0 0 0 0 0 0 0 0 0 0 0 0 0 0 0 0 0 0 0 0 0 0 0 0 0 0 0 0 0 0 
0 0 0 0 0 0 0 0 0 0 0 0 0 0 0 0 0 0 0 0 0 0 0 0 0 0 0 0 0 0 1011529.527 1013420.884 1010109.273 1012330.303 1011344.489 1012112.727 1017138.928 1011150.529 1012510.786 1013655.374 1014168.534 1013986.697 1015127.596 1014569.502 1014100.086 1014297.652 1017049.021 1016132.571 1014266.464 1011495.127 1012531.201 1010661.279 1015164.025 1009782.226 1013979.928 1010200.811 1016213.933 1015156.699 1012365.748 1013375.819 1017698.121 1014056.886 1013448.659 1011354.113 1011889.513 1014573.842 1011654.395 1012032.967 1011342.946 1012614.501 0 0 0 0 0 0 0 0 0 0 0 0 0 0 0 0 0 0 0 0 0 0 0 0 0 0 0 0 0 0 
0 0 0 0 0 0 0 0 0 0 0 0 0 0 0 0 0 0 0 0 0 0 0 0 0 0 0 0 0 0 1353108.282 1356703.765 1354606.366 1352300.179 1354364.407 1357026.211 1354129.981 1348267.542 1354873.061 1352735.029 1354324.864 1355757.743 1355995.683 1353291.528 1355455.65 1354723.956 1354012.367 1355885.119 1353961.469 1354945.934 1356815.158 1356760.694 1354637.835 1353784.693 1354901.514 1357098.001 1354950.832 1354710.068 1358606.572 1353112.425 1354186.876 1354946.362 1355305.2 1352812.54 1358288.84 1353129.372 1358237.138 1356242.456 1353993.201 1351716.046 0 0 0 0 0 0 0 0 0 0 0 0 0 0 0 0 0 0 0 0 0 0 0 0 0 0 0 0 0 0 
0 0 0 0 0 0 0 0 0 0 0 0 0 0 0 0 0 0 0 0 0 0 0 0 0 0 0 0 0 0 1349704.194 1352836.338 1354820.177 1355603.394 1355511.42 1357821.979 1354776.314 1351206.836 1352412.103 1356022.174 1357724.541 1355764.148 1355008.761 1355628.807 1356075.89 1354324.982 1356670.733 1355549.963 1359246.604 1357572.983 1357299.531 1360683.957 1356944.5 1356753.807 1355496.835 1354254.352 1356937.132 1357376.512 1354474.672 1354465.194 1355344.547 1354032.267 1350401.218 1354768.831 1355807.248 1354142.692 1354835.131 1356505.624 1354810.016 1352793.853 0 0 0 0 0 0 0 0 0 0 0 0 0 0 0 0 0 0 0 0 0 0 0 0 0 0 0 0 0 0 
0 0 0 0 0 0 0 0 0 0 0 0 0 0 0 0 0 0 0 0 0 0 0 0 0 0 0 0 0 0 1351958.726 1352844.392 1354370.406 1354165.274 1353401.783 1355498.701 1356039.344 1356760.768 1356162.333 1358255.909 1357603.927 1351824.743 1358073.071 1355527.754 1355642.547 1355549.178 1357250.544 1357057.06 1357421.074 1359415.098 1358737.985 1353860.799 1353693.188 1357671.744 1354880.019 1356339.938 1355257.364 1353325.396 1357690.713 1356300.565 1358602.965 1358481.122 1354131.394 1354536.709 1353793.264 1355020.192 1354000.485 1358325.669 1352316.147 1351928.608 0 0 0 0 0 0 0 0 0 0 0 0 0 0 0 0 0 0 0 0 0 0 0 0 0 0 0 0 0 0 
0 0 0 0 0 0 0 0 0 0 0 0 0 0 0 0 0 0 0 0 0 0 0 0 0 0 0 0 0 0 1349541.729 1353724.391 1352865.777 1354899.537 1356514.051 1356497.067 1354417.132 1358096.899 1356072.294 1357879.908 1359505.03 1358442.88 1355493.86 1356283.91 1358102.953 1355595.876 1354587.321 1357185.111 1354078.55 1358433.958 1355073.86 1354151.948 1354134.392 1354766.81 1354083.342 1355834.252 1359147.059 1355940.634 1357309.267 1360166.732 1357792.608 1358411.776 1356922.53 1358147.278 1355277.739 1355261.007 1357307.71 1353294.888 1352466.53 1354700.393 0 0 0 0 0 0 0 0 0 0 0 0 0 0 0 0 0 0 0 0 0 0 0 0 0 0 0 0 0 0 
0 0 0 0 0 0 0 0 0 0 0 0 0 0 0 0 0 0 0 0 0 0 0 0 0 0 0 0 0 0 1353269.992 1358143.563 1354005.368 1355547.182 1355949.015 1356648.77 1354220.101 1357577.859 1354436.288 1350807.14 1354164.717 1360693.642 1358703.058 1355257.274 1354541.866 1357615.883 1355312.038 1356795.635 1358403.772 1361617.782 1357286.741 1355424.335 1357934.189 1356965.771 1358099.029 1357624.02 1355244.152 1357863.254 1359378.258 1359328.549 1353840.513 1354115.675 1358117.131 1352063.726 1353633.877 1355429.603 1353454.549 1357182.935 1355573.822 1350303.685 0 0 0 0 0 0 0 0 0 0 0 0 0 0 0 0 0 0 0 0 0 0 0 0 0 0 0 0 0 0 
0 0 0 0 0 0 0 0 0 0 0 0 0 0 0 0 0 0 0 0 0 0 0 0 0 0 0 0 0 0 1357759.411 1351838.523 1355532.711 1354343.231 1354885.612 1355740.68 1356877.468 1355555.758 1358191.71 1356189.595 1356987.976 1354863.666 1356807.839 1353466.808 1357503.411 1357209.289 1355931.93 1357246.716 1360386.868 1357919.914 1358911.522 1359415.279 1355427.029 1357936.553 1357370.686 1358540.751 1353315.587 1355765.157 1359501.17 1357219.714 1355014.105 1354513.529 1355722.614 1357467.454 1355982.74 1356647.541 1356506.667 1358639.292 1355469.682 1354269.756 0 0 0 0 0 0 0 0 0 0 0 0 0 0 0 0 0 0 0 0 0 0 0 0 0 0 0 0 0 0 
0 0 0 0 0 0 0 0 0 0 0 0 0 0 0 0 0 0 0 0 0 0 0 0 0 0 0 0 0 0 1349348.175 1355324.406 1357449.904 1357572.013 1357621.044 1354829.196 1357773.659 1355317.83 1356512.176 1355718.706 1359840.675 1357972.26 1360570.797 1360746.603 1358480.57 1358271.9 1351298.076 1357835.457 1356336.785 1354964.605 1358204.164 1360514.397 1354960.129 1356733.401 1358287.034 1355381.079 1354197.706 1357037.47 1358455.764 1361759.099 1355329.765 1356933.316 1354437.347 1353267.221 1355780.716 1355233.742 1357942.31 1362009.284 1359463.427 1355467.356 0 0 0 0 0 0 0 0 0 0 0 0 0 0 0 0 0 0 0 0 0 0 0 0 0 0 0 0 0 0 
0 0 0 0 0 0 0 0 0 0 0 0 0 0 0 0 0 0 0 0 0 0 0 0 0 0 0 0 0 0 1353296.104 1357256.709 1356201.422 1356760.134 1358106.871 1353044.279 1359115.36 1356929.479 1357334.872 1355733.605 1355762.893 1358385.689 1363510.527 1362012.3 1357703.293 1358020.342 1355543.16 1360740.842 1358388.424 1357053.326 1354026.904 1354647.037 1355451.984 1354572.657 1360780.344 1357719.391 1359202.746 1359857.246 1356287.393 1361984.198 1354147.9 1357635.553 1355147.514 1353690.857 1354310.34 1359012.95 1353971.069 1359592.102 1360001.846 1352315.702 0 0 0 0 0 0 0 0 0 0 0 0 0 0 0 0 0 0 0 0 0 0 0 0 0 0 0 0 0 0 
0 0 0 0 0 0 0 0 0 0 0 0 0 0 0 0 0 0 0 0 0 0 0 0 0 0 0 0 0 0 1354454.991 1358699.704 1357531.954 1355797.906 1356040.936 1356204.989 1354556.023 1355620.374 1356505.634 1357930.506 1358186.538 1357476.185 1356811.152 1357225.215 1354348.861 1358222.565 1357471.231 1361524.076 1355657.429 1356439.27 1363871.962 1358134.471 1359031.922 1361257.24 1358236.944 1358228.894 1355042.575 1358234.684 1354826.427 1358691.801 1356970.779 1358695.468 1355894.848 1357887.463 1352493.147 1356572.828 1356886.145 1357513.41 1355681.789 1352367.413 0 0 0 0 0 0 0 0 0 0 0 0 0 0 0 0 0 0 0 0 0 0 0 0 0 0 0 0 0 0 
0 0 0 0 0 0 0 0 0 0 0 0 0 0 0 0 0 0 0 0 0 0 0 0 0 0 0 0 0 0 1352866.949 1357537.027 1359139.422 1360071.57 1358503.142 1358724.882 1353144.579 1354803.303 1355250.746 1357678.374 1360475.267 1356661.354 1356715.054 1357433.061 1361422.016 1356509.584 1355298.984 1356712.74 1357230.016 1357026.188 1356874.755 1355151.893 1360153.36 1357221.35 1357305.37 1359307.927 1354805.129 1356919.282 1358721.061 1357478.753 1356929.065 1352891.997 1356311.998 1360089.363 1355436.31 1352552.44 1358684.415 1357130.202 1352506.088 1355842.172 0 0 0 0 0 0 0 0 0 0 0 0 0 0 0 0 0 0 0 0 0 0 0 0 0 0 0 0 0 0 
0 0 0 0 0 0 0 0 0 0 0 0 0 0 0 0 0 0 0 0 0 0 0 0 0 0 0 0 0 0 1359021.838 1353739.963 1357543.708 1355349.298 1352912.18 1353547.366 1353604.349 1357633.809 1358672.679 1358246.048 1356879.521 1356561.473 1353647.4 1357550.889 1358998.336 1359699.874 1359544.792 1357414.651 1355513.672 1361243.917 1357673.126 1356413.785 1356174.625 1354875.726 1356286.199 1357877.969 1353146.248 1357480.492 1358033.096 1358728.32 1356009.926 1358434.157 1356194.883 1358400.213 1355070.244 1356600.38 1360203.219 1354304.504 1356664.526 1351918.624 0 0 0 0 0 0 0 0 0 0 0 0 0 0 0 0 0 0 0 0 0 0 0 0 0 0 0 0 0 0 
0 0 0 0 0 0 0 0 0 0 0 0 0 0 0 0 0 0 0 0 0 0 0 0 0 0 0 0 0 0 1355585.911 1358545.384 1356081.092 1358324.033 1358884.161 1357426.649 1359033.419 1360389.978 1359129.504 1354704.986 1357986.297 1355672.163 1357705.709 1360221.992 1355202.085 1359259.905 1358379.483 1359843.817 1357045.155 1354158.829 1360064.343 1358226.76 1357858.773 1359509.262 1362784.339 1360496.987 1358324.906 1358616.229 1353253.941 1362415.214 1357326.258 1357467.979 1358917.606 1355922.593 1358567.136 1359898.415 1356476.737 1352734.672 1356903.868 1351519.956 0 0 0 0 0 0 0 0 0 0 0 0 0 0 0 0 0 0 0 0 0 0 0 0 0 0 0 0 0 0 
0 0 0 0 0 0 0 0 0 0 0 0 0 0 0 0 0 0 0 0 0 0 0 0 0 0 0 0 0 0 1354823.493 1358073.622 1359387.538 1356069.996 1359490.885 1356510.033 1362361.778 1358268.501 1361730.111 1357780.089 1358119.83 1358151.21 1355391.394 1356891.363 1356157.513 1356391.732 1356827.525 1358708.721 1357935.812 1362263.824 1359327.073 1358273.782 1361188.874 1356667.562 1359040.956 1360747.383 1358943.481 1359222.4 1356952.579 1358366.119 1357614.762 1357030.777 1357476.654 1359008.461 1357149.09 1356816.223 1357018.339 1358509.07 1358142.753 1351103.58 0 0 0 0 0 0 0 0 0 0 0 0 0 0 0 0 0 0 0 0 0 0 0 0 0 0 0 0 0 0 
0 0 0 0 0 0 0 0 0 0 0 0 0 0 0 0 0 0 0 0 0 0 0 0 0 0 0 0 0 0 1352596.266 1359946.587 1360299.877 1354426.208 1357861.326 1358991.237 1359136.076 1361953.34 1358017.271 1363906.268 1359886.624 1358811.18 1356059.762 1354577.503 1358708.18 1358051.096 1357685.399 1356394.938 1359287.893 1357385.781 1357355.135 1358334.812 1358461.703 1357605.047 1357850.894 1358475.367 1357830.645 1359129.644 1365333.302 1360664.615 1360121.798 1358023.629 1357812.328 1355017.453 1360020.224 1356223.262 1359571.296 1360310.187 1357229.327 1352477.558 0 0 0 0 0 0 0 0 0 0 0 0 0 0 0 0 0 0 0 0 0 0 0 0 0 0 0 0 0 0 
0 0 0 0 0 0 0 0 0 0 0 0 0 0 0 0 0 0 0 0 0 0 0 0 0 0 0 0 0 0 1353169.774 1355745.726 1359624.058 1360246.803 1358800.997 1355468.108 1359241.269 1358974.838 1356816.924 1359592.052 1361212.237 1359344.23 1361924.652 1356624.476 1359434.023 1359161.773 1356689.327 1356093.44 1356857.787 1356896.714 1358995.988 1356836.729 1357882.475 1358679.079 1360174.983 1362111.141 1355550.503 1358265.116 1354398.688 1361223.529 1359475.326 1356308.125 1357419.77 1356097.309 1355496.339 1361561.233 1356219.179 1355991.278 1359249.993 1357657.866 0 0 0 0 0 0 0 0 0 0 0 0 0 0 0 0 0 0 0 0 0 0 0 0 0 0 0 0 0 0 
0 0 0 0 0 0 0 0 0 0 0 0 0 0 0 0 0 0 0 0 0 0 0 0 0 0 0 0 0 0 1357605.278 1356086.833 1359846.31 1353746.553 1358122.666 1357939.913 1356781.821 1361646.593 1357399.859 1354340.053 1354171.276 1355144.582 1356125.299 1361189.65 1360050.5 1355609.849 1355609.335 1360229.875 1362067.818 1360264.876 1356253.562 1358582.662 1356831.851 1358352.852 1355582.553 1356883.781 1356415.705 1357901.408 1360358.348 1353421.874 1357534.649 1353516.037 1360305.63 1361826.243 1356400.684 1359137.808 1359943.244 1358033.032 1356851.877 1356434.149 0 0 0 0 0 0 0 0 0 0 0 0 0 0 0 0 0 0 0 0 0 0 0 0 0 0 0 0 0 0 
0 0 0 0 0 0 0 0 0 0 0 0 0 0 0 0 0 0 0 0 0 0 0 0 0 0 0 0 0 0 1353073.886 1359083.133 1357707.192 1355566.209 1357450.402 1359908.244 1360651.112 1357796.014 1354189.34 1358640.062 1356997.1 1360341.821 1357208.357 1362133.111 1358655.653 1359432.074 1356318.656 1361120.094 1362049.705 1359243.071 1358381.342 1355550.081 1356827.902 1358965.216 1356389.652 1359629.52 1357422.572 1361214.73 1354664.138 1359567.038 1355963.933 1359788.472 1361930.273 1361260.498 1353520.345 1357558.585 1356256.94 1352979.079 1353615.93 1357957.002 0 0 0 0 0 0 0 0 0 0 0 0 0 0 0 0 0 0 0 0 0 0 0 0 0 0 0 0 0 0 
0 0 0 0 0 0 0 0 0 0 0 0 0 0 0 0 0 0 0 0 0 0 0 0 0 0 0 0 0 0 1359667.544 1358942.609 1360282.388 1359430.249 1357241.903 1357555.86 1355675.027 1359038.96 1358236.569 1362099.689 1355667.32 1362963.984 1356966.937 1361822.591 1359712.657 1359170.081 1359251.316 1356899.866 1357820.012 1357953.511 1359599.18 1357095.884 1359075.267 1359496.802 1361881.487 1359621.293 1357431.094 1358742.238 1360431.515 1358273.243 1358838.527 1359204.572 1360080.645 1358762.341 1358862.066 1358963.422 1356803.187 1358053.849 1359422.482 1357388.778 0 0 0 0 0 0 0 0 0 0 0 0 0 0 0 0 0 0 0 0 0 0 0 0 0 0 0 0 0 0 
0 0 0 0 0 0 0 0 0 0 0 0 0 0 0 0 0 0 0 0 0 0 0 0 0 0 0 0 0 0 1351491.877 1356097.156 1353295.054 1359723.613 1356387.557 1356482.838 1359414.163 1357388.75 1358471.014 1360263.96 1355955.936 1356738.195 1359988.903 1355448.964 1357348.545 1355342.572 1357841.19 1363049.738 1358837.763 1354532.371 1358255.096 1364486.594 1360662.22 1359207.779 1360671.199 1356650.218 1359546.355 1363132.221 1358578.051 1360257.124 1360680.549 1354286.171 1355435.808 1357970.259 1356911.606 1359070.263 1357196.676 1357851.572 1357588.596 1358484.433 0 0 0 0 0 0 0 0 0 0 0 0 0 0 0 0 0 0 0 0 0 0 0 0 0 0 0 0 0 0 
0 0 0 0 0 0 0 0 0 0 0 0 0 0 0 0 0 0 0 0 0 0 0 0 0 0 0 0 0 0 1356173.138 1362506.53 1359510.538 1358449.051 1359453.14 1355271.755 1353893.589 1359815.557 1357834.611 1358174.553 1359376.018 1357084.139 1358642.598 1356834.533 1356850.2 1362209.78 1358527.038 1361353.606 1357045.441 1359872.545 1360402.395 1352650.135 1364144.545 1359270.527 1358600.697 1357750.766 1356915.029 1358714.762 1359833.256 1357112.739 1356692.558 1361575.486 1356710.281 1356679.617 1359002.711 1356592.109 1356518.705 1357996.985 1356687.93 1359426.978 0 0 0 0 0 0 0 0 0 0 0 0 0 0 0 0 0 0 0 0 0 0 0 0 0 0 0 0 0 0 
0 0 0 0 0 0 0 0 0 0 0 0 0 0 0 0 0 0 0 0 0 0 0 0 0 0 0 0 0 0 1354830.597 1360103.266 1355743.104 1357972.41 1359413.792 1355805.116 1355648.379 1359203.937 1359446.838 1359730.974 1360199.085 1358093.299 1362567.551 1357433.467 1358902.854 1362975.075 1361904.888 1361056.705 1359433.535 1357973.04 1357088.291 1359155.659 1363044.619 1358215.098 1360480.257 1360435.317 1357553.578 1356781.084 1358883.89 1357977.137 1360407.596 1359951.503 1356428.368 1355801.962 1362235.537 1357097.825 1357511.75 1353734.137 1360672.117 1356310.23 0 0 0 0 0 0 0 0 0 0 0 0 0 0 0 0 0 0 0 0 0 0 0 0 0 0 0 0 0 0 
0 0 0 0 0 0 0 0 0 0 0 0 0 0 0 0 0 0 0 0 0 0 0 0 0 0 0 0 0 0 1358346.917 1356668.972 1361128.514 1361260.92 1358012.174 1356977.957 1361241.474 1359279.704 1356503.197 1361817.869 1359128.289 1357641.322 1358939.242 1360595.476 1358778.173 1359339.47 1359051.633 1356962.24 1359887.506 1359580.285 1354982.029 1358375.345 1360259.02 1361169.148 1356560.289 1358393.481 1358137.994 1357924.856 1361754.457 1361521.289 1356206.473 1356462.768 1356406.947 1361798.716 1360784.323 1354625.359 1353961.955 1358324.437 1359168.349 1355776.185 0 0 0 0 0 0 0 0 0 0 0 0 0 0 0 0 0 0 0 0 0 0 0 0 0 0 0 0 0 0 
0 0 0 0 0 0 0 0 0 0 0 0 0 0 0 0 0 0 0 0 0 0 0 0 0 0 0 0 0 0 1353064.165 1355969.243 1358441.261 1357508.808 1353895.964 1358970.035 1357721.068 1358029.403 1356126.73 1361801.487 1359754.438 1359278.687 1360512.718 1355592.195 1359161.474 1356572.166 1361198.627 1361866.253 1360718.567 1360895.145 1356564.408 1355740.007 1360327.396 1359924.125 1357545.038 1356631.948 1358717.127 1355451.179 1361358.933 1362852.087 1364334.704 1353799.272 1356920.6 1356990.732 1363452.197 1360373.93 1360218.524 1360560.7 1357223.353 1358450.61 0 0 0 0 0 0 0 0 0 0 0 0 0 0 0 0 0 0 0 0 0 0 0 0 0 0 0 0 0 0 
0 0 0 0 0 0 0 0 0 0 0 0 0 0 0 0 0 0 0 0 0 0 0 0 0 0 0 0 0 0 1358727.474 1357603.28 1356138.729 1360456.246 1353504.716 1358266.595 1360015.42 1360768.304 1357321.702 1357429.804 1360105.195 1358549.51 1358251.86 1360343.066 1359567.3 1360866.366 1358284.309 1358334.038 1358415.761 1360885.858 1358704.441 1360180.359 1357185.858 1361337.597 1359975.108 1356916.781 1357060.288 1358915.453 1362026.39 1360446.14 1359293.46 1358421.347 1360509.858 1362210.728 1358182.424 1361527.647 1355189.108 1357999.006 1363891.897 1355791.262 0 0 0 0 0 0 0 0 0 0 0 0 0 0 0 0 0 0 0 0 0 0 0 0 0 0 0 0 0 0 
0 0 0 0 0 0 0 0 0 0 0 0 0 0 0 0 0 0 0 0 0 0 0 0 0 0 0 0 0 0 1358541.748 1361148.663 1356444.774 1359449.777 1355006.042 1360351.753 1358361.045 1355846.934 1356807.04 1360368.699 1358287.643 1361674.035 1360344.405 1357739.275 1359930.459 1358667.748 1359208.662 1358713.119 1358175.379 1360359.083 1355354.375 1358542.323 1361520.924 1358160.144 1357280.952 1357858.442 1357493.71 1358000.864 1358230.338 1359551.96 1361888.757 1358088.968 1358127.188 1359311.965 1359735.587 1358799.028 1357187.129 1359488.17 1356892.513 1354183.635 0 0 0 0 0 0 0 0 0 0 0 0 0 0 0 0 0 0 0 0 0 0 0 0 0 0 0 0 0 0 
0 0 0 0 0 0 0 0 0 0 0 0 0 0 0 0 0 0 0 0 0 0 0 0 0 0 0 0 0 0 1353347.232 1362355.314 1357066.618 1360939.863 1359533.863 1356659.678 1360253.63 1359615.723 1359922.723 1360688.165 1358008.313 1359426.629 1359230.839 1360743.21 1358389.864 1360519.084 1362127.104 1358760.349 1357832.497 1357727.002 1359967.841 1357650.953 1357035.513 1361510.803 1362549.751 1359015.806 1358705.771 1356309.678 1361871.005 1357477.834 1359716.39 1357447.291 1361114.674 1358163.382 1361034.388 1356751.823 1356073.902 1357525.576 1355468.021 1353194.455 0 0 0 0 0 0 0 0 0 0 0 0 0 0 0 0 0 0 0 0 0 0 0 0 0 0 0 0 0 0 
0 0 0 0 0 0 0 0 0 0 0 0 0 0 0 0 0 0 0 0 0 0 0 0 0 0 0 0 0 0 1365432.993 1357782.771 1358254.014 1359227.365 1354658.135 1364033.97 1359102.308 1361514.102 1357834.296 1358248.264 1357107.776 1358695.805 1361770.235 1357395.666 1358553.496 1354709.668 1359349.941 1356260.285 1360282.213 1360786.442 1361154.358 1360731.549 1355303.174 1357231.313 1360174.898 1354433.599 1357939.504 1354478.659 1355742.615 1362740.105 1358718.894 1358973.039 1361489.39 1360598.912 1363814.473 1358924.45 1359538.24 1358780.116 1356330.397 1357369.693 0 0 0 0 0 0 0 0 0 0 0 0 0 0 0 0 0 0 0 0 0 0 0 0 0 0 0 0 0 0 
0 0 0 0 0 0 0 0 0 0 0 0 0 0 0 0 0 0 0 0 0 0 0 0 0 0 0 0 0 0 1356242.801 1357082.867 1357749.79 1359760.709 1360592.949 1360871.496 1356721.509 1357733.672 1362558.116 1362604.336 1358621.293 1361001.5 1356839.8 1359449.598 1358599.95 1363302.385 1359066.528 1353941.651 1362929.651 1361006.567 1361500.121 1361498.779 1361234.567 1360503.934 1360265.74 1356447.886 1359858.299 1355379.472 1360363.962 1357957.203 1355640.582 1358057.815 1362086.549 1355689.349 1359313.799 1355660.812 1358572.195 1360016.304 1360096.77 1356747.138 0 0 0 0 0 0 0 0 0 0 0 0 0 0 0 0 0 0 0 0 0 0 0 0 0 0 0 0 0 0 
0 0 0 0 0 0 0 0 0 0 0 0 0 0 0 0 0 0 0 0 0 0 0 0 0 0 0 0 0 0 1356518.661 1359379.771 1356893.433 1358541.05 1359793.195 1359817.949 1360160.045 1357535.84 1360308.062 1358866.716 1360573.895 1364125.733 1357098.55 1357073.558 1355838.934 1358988.122 1358685.069 1359161.347 1361121.096 1363090.914 1362182.141 1359787.125 1358975.6 1357709.936 1357571.818 1361258.105 1363328.701 1355839.99 1357046.365 1362916.911 1358406.803 1356661.693 1356506.085 1356392.659 1357735.573 1357750.776 1356549.527 1355243.079 1357508.537 1357845.395 0 0 0 0 0 0 0 0 0 0 0 0 0 0 0 0 0 0 0 0 0 0 0 0 0 0 0 0 0 0 
0 0 0 0 0 0 0 0 0 0 0 0 0 0 0 0 0 0 0 0 0 0 0 0 0 0 0 0 0 0 1356221.723 1359695.069 1358371.317 1356520.231 1361150.153 1355197.349 1361267.422 1356827.501 1356815.274 1356246.556 1361201.483 1358795.435 1358530.917 1358881.053 1361542.759 1359435.177 1360104.81 1354247.542 1359500.94 1356943.84 1358482.362 1362494.547 1358562.507 1360933.213 1361555.14 1358289.61 1357749.108 1358696.099 1361966.866 1357114.218 1356525.759 1353995.029 1360103.324 1356336.276 1362558.505 1359323.898 1359814.572 1356831.347 1356740.841 1350976.407 0 0 0 0 0 0 0 0 0 0 0 0 0 0 0 0 0 0 0 0 0 0 0 0 0 0 0 0 0 0 
0 0 0 0 0 0 0 0 0 0 0 0 0 0 0 0 0 0 0 0 0 0 0 0 0 0 0 0 0 0 1354858.477 1356608.157 1357748.958 1359271.33 1357749.132 1360613.276 1360280.249 1361593.66 1359213.232 1357134.395 1353910.875 1356652.447 1361295.306 1358371.403 1362304.807 1356609.969 1354646.213 1363156.904 1359439.922 1362448.2 1359924.448 1359656.953 1357527.561 1359486.809 1360303.591 1359989.454 1361581.374 1361311.128 1358757.092 1355148.477 1361657.266 1361438.74 1358509.922 1357729.359 1358854.645 1358776.848 1357023.086 1362796.151 1357863.075 1351658.122 0 0 0 0 0 0 0 0 0 0 0 0 0 0 0 0 0 0 0 0 0 0 0 0 0 0 0 0 0 0 
0 0 0 0 0 0 0 0 0 0 0 0 0 0 0 0 0 0 0 0 0 0 0 0 0 0 0 0 0 0 1356282.706 1359882.822 1359253.338 1354761.906 1360073.99 1360284.374 1357076.195 1358720.805 1356735.945 1360060.707 1356693.001 1360054.316 1358045.888 1359773.062 1356875.154 1362327.364 1358918.27 1358931.791 1363089.259 1363394.199 1362399.106 1353709.243 1359826.574 1361187.517 1360941.178 1362811.38 1359073.092 1359705.737 1359735.375 1361674.837 1359432.6 1357704.088 1361901.309 1358811.332 1361136.512 1358774.754 1356346.505 1355620.229 1360896.279 1355403.499 0 0 0 0 0 0 0 0 0 0 0 0 0 0 0 0 0 0 0 0 0 0 0 0 0 0 0 0 0 0 
0 0 0 0 0 0 0 0 0 0 0 0 0 0 0 0 0 0 0 0 0 0 0 0 0 0 0 0 0 0 1360606.326 1361055.941 1358649.202 1360372.394 1357671.202 1359452.988 1362304.366 1355638.866 1362999.374 1360831.396 1356943.614 1360703.426 1360439.967 1356612.653 1361210.927 1360918.124 1358134.388 1355505.365 1359422.81 1358008.891 1359591.415 1359431.395 1356318.236 1357384.897 1360303.591 1358886.421 1359154.641 1355490.97 1358473.496 1355168.709 1358816.763 1357173.942 1360313.681 1355535.112 1358654.697 1359814.58 1357758.967 1357616.67 1361658.971 1355585.954 0 0 0 0 0 0 0 0 0 0 0 0 0 0 0 0 0 0 0 0 0 0 0 0 0 0 0 0 0 0 
0 0 0 0 0 0 0 0 0 0 0 0 0 0 0 0 0 0 0 0 0 0 0 0 0 0 0 0 0 0 1355979.667 1359617.904 1363063.066 1358002.651 1357413.434 1362094.285 1359979.521 1358912.79 1356666.316 1358785.278 1358892.18 1359922.87 1363173.919 1357361.438 1365067.38 1358292.293 1359681.773 1362063.873 1359065.99 1360773.305 1358265.363 1361920.792 1360111.873 1361403.592 1361061.376 1359706.619 1361066.073 1361764.595 1358950.372 1359594.436 1356168.34 1357212.269 1361807.517 1358459.825 1362812.67 1354871.403 1360541.424 1357139.012 1356397.99 1354753.089 0 0 0 0 0 0 0 0 0 0 0 0 0 0 0 0 0 0 0 0 0 0 0 0 0 0 0 0 0 0 
0 0 0 0 0 0 0 0 0 0 0 0 0 0 0 0 0 0 0 0 0 0 0 0 0 0 0 0 0 0 1358239.811 1358469.74 1356702.598 1359914.821 1359363.219 1355657.608 1360266.639 1355391.646 1358190.161 1358390.146 1361159.177 1360281.822 1361497.228 1362414.94 1362085.289 1360966.076 1357359.729 1359899.26 1360833.011 1362850.669 1359364.596 1357728.386 1360932.094 1362409.916 1355949.144 1357105.837 1360399.398 1358780.586 1363662.89 1360977.017 1357858.023 1362015.443 1359353.665 1360144.356 1360178.33 1357684.382 1351709.144 1362775.658 1356533.629 1356284.464 0 0 0 0 0 0 0 0 0 0 0 0 0 0 0 0 0 0 0 0 0 0 0 0 0 0 0 0 0 0 
0 0 0 0 0 0 0 0 0 0 0 0 0 0 0 0 0 0 0 0 0 0 0 0 0 0 0 0 0 0 1356363.038 1360173.924 1358909.357 1354339.176 1361199.4 1359465.126 1359977.386 1360944.615 1356705.775 1356577.766 1358785.213 1358004.158 1355490.034 1358060.804 1356292.613 1361200.318 1360122.665 1356487.919 1361887.711 1361321.977 1360249.069 1360713.776 1361517.691 1358972.231 1360022.739 1363586.759 1358936.905 1358261.943 1358533.004 1356202.87 1356795.601 1356085.915 1359441.316 1357264.854 1354508.414 1357195.135 1356223.342 1354855.493 1356620.56 1351946.752 0 0 0 0 0 0 0 0 0 0 0 0 0 0 0 0 0 0 0 0 0 0 0 0 0 0 0 0 0 0 
0 0 0 0 0 0 0 0 0 0 0 0 0 0 0 0 0 0 0 0 0 0 0 0 0 0 0 0 0 0 1356443.45 1358569.512 1361470.619 1355767.415 1357201.69 1357333.33 1358756.096 1355042.482 1357545.204 1358041.498 1363825.317 1358880.059 1358094.553 1361523.431 1361599.621 1360040.484 1354818.427 1359347.63 1358560.988 1360505.437 1357283.722 1358788.741 1359826.401 1358590.065 1357895.835 1358600.637 1357741.542 1357710.667 1360424.554 1360275.823 1358977.705 1360199.529 1355919.33 1355536.155 1361162.238 1357396.004 1359231.47 1355028.978 1357719.338 1355726.037 0 0 0 0 0 0 0 0 0 0 0 0 0 0 0 0 0 0 0 0 0 0 0 0 0 0 0 0 0 0 
0 0 0 0 0 0 0 0 0 0 0 0 0 0 0 0 0 0 0 0 0 0 0 0 0 0 0 0 0 0 1354589.84 1354751.85 1359070.112 1357344.903 1363593.344 1360969.262 1359631.835 1364063.606 1355540.753 1355599.31 1361559.131 1358881.567 1359167.213 1362930.411 1357046.652 1359744.972 1361025.201 1359462.066 1356549.96 1358655.76 1358299.698 1361325.883 1360077.306 1359127.936 1360631.371 1359513.753 1359069.908 1359280.849 1363477.327 1359997.816 1359816.938 1355053.47 1357733.731 1356519.485 1356385.249 1357282.933 1358757.107 1359159.883 1361810.919 1357142.901 0 0 0 0 0 0 0 0 0 0 0 0 0 0 0 0 0 0 0 0 0 0 0 0 0 0 0 0 0 0 
0 0 0 0 0 0 0 0 0 0 0 0 0 0 0 0 0 0 0 0 0 0 0 0 0 0 0 0 0 0 1354778.265 1363221.694 1358447.912 1358217.005 1356032.434 1359382.039 1355525.831 1354977.726 1360361.959 1362685.253 1357218.857 1360935.293 1361466.587 1358917.578 1360229.371 1356929.094 1361296.831 1360096.148 1359535.302 1360221.815 1357536.598 1359717.617 1360930.795 1360426.719 1360924.924 1360135.193 1363884.903 1355780.992 1360590.762 1357587.772 1359332.62 1356453.802 1358475.393 1359251.713 1359286.171 1358427.118 1358423.705 1353912.197 1357007.368 1352526.221 0 0 0 0 0 0 0 0 0 0 0 0 0 0 0 0 0 0 0 0 0 0 0 0 0 0 0 0 0 0 
0 0 0 0 0 0 0 0 0 0 0 0 0 0 0 0 0 0 0 0 0 0 0 0 0 0 0 0 0 0 1359744.636 1356387.197 1357080.66 1360307.057 1361291.763 1357358.19 1358986.263 1365218.833 1359901.866 1359325.234 1363422.755 1357598.475 1360569.155 1360386.47 1363901.332 1358237.764 1359341.221 1357993.349 1361695.863 1358017.441 1356639.676 1360641.091 1356536.564 1361467.927 1358637.126 1359621.585 1355909.23 1359281.484 1360236.416 1360085.636 1355563.02 1361731.295 1356757.228 1357811.448 1359991.923 1360065.039 1355463.162 1357060.197 1354252.865 1352684.167 0 0 0 0 0 0 0 0 0 0 0 0 0 0 0 0 0 0 0 0 0 0 0 0 0 0 0 0 0 0 
0 0 0 0 0 0 0 0 0 0 0 0 0 0 0 0 0 0 0 0 0 0 0 0 0 0 0 0 0 0 1356465.478 1359431.132 1354976.467 1362060.384 1357131.328 1355652.6 1357831.981 1363449.97 1356549.851 1358026.035 1359790.206 1361854.735 1362351.384 1359574.881 1360234.601 1356893.171 1359846.155 1364209.264 1361700.318 1359901.529 1357505.11 1357240.42 1358452.973 1358025.502 1359225.505 1355460.212 1356854.422 1355404.29 1358778.085 1358302.701 1357696.515 1357672.41 1358049.576 1360733.449 1357332.14 1359381.52 1357015.125 1358245.973 1359009.5 1353733.882 0 0 0 0 0 0 0 0 0 0 0 0 0 0 0 0 0 0 0 0 0 0 0 0 0 0 0 0 0 0 
0 0 0 0 0 0 0 0 0 0 0 0 0 0 0 0 0 0 0 0 0 0 0 0 0 0 0 0 0 0 1358421.961 1356657.825 1359879.848 1355387.498 1355681.901 1356716.856 1359927.785 1357089.872 1357714.513 1359160.496 1354357.73 1357785.811 1358012.264 1360372.774 1359622.969 1354834.032 1355003.339 1358136.412 1356359.075 1360308.023 1359348.73 1359427.857 1357208.675 1360926.09 1360522.633 1361717.082 1357817.131 1359472.964 1357590.844 1359920.995 1357226.007 1360059.098 1358929.387 1356732.555 1362700.289 1355804.26 1359498.764 1356609.127 1357559.5 1356285.399 0 0 0 0 0 0 0 0 0 0 0 0 0 0 0 0 0 0 0 0 0 0 0 0 0 0 0 0 0 0 
0 0 0 0 0 0 0 0 0 0 0 0 0 0 0 0 0 0 0 0 0 0 0 0 0 0 0 0 0 0 1354228.294 1360681.574 1355219.455 1359138.607 1357763.908 1359022.684 1355551.297 1357908.24 1360564.206 1362364.791 1360739.719 1358711.342 1356833.146 1361776.346 1361420.855 1361496.666 1361974.336 1360595.261 1365081.419 1360333.724 1358681.896 1357733.991 1357978.315 1357516.895 1359193.995 1360137.627 1360101.503 1359635.167 1358709.342 1354498.055 1357543.623 1356514.087 1355639.924 1356870.136 1354971.399 1358249.194 1356191.066 1353265.381 1357671.933 1355373.179 0 0 0 0 0 0 0 0 0 0 0 0 0 0 0 0 0 0 0 0 0 0 0 0 0 0 0 0 0 0 
0 0 0 0 0 0 0 0 0 0 0 0 0 0 0 0 0 0 0 0 0 0 0 0 0 0 0 0 0 0 1357428.184 1354504.12 1358125.745 1357338.264 1357631.613 1359689.623 1358904.959 1358869.269 1359263.432 1358547.484 1359443.299 1363198.133 1358849.269 1360345.498 1360789.907 1357070.833 1355667.956 1355436.316 1360268.492 1356759.661 1359670.528 1361650.914 1356848.432 1362511.302 1359854.414 1360985.413 1360425.232 1355335.832 1359319.254 1359249.235 1365293.843 1360407.918 1359765.478 1362415.472 1358612.411 1357968.619 1359278.495 1362464.686 1362687.001 1351809.62 0 0 0 0 0 0 0 0 0 0 0 0 0 0 0 0 0 0 0 0 0 0 0 0 0 0 0 0 0 0 
0 0 0 0 0 0 0 0 0 0 0 0 0 0 0 0 0 0 0 0 0 0 0 0 0 0 0 0 0 0 1353146.808 1358830.89 1355138.508 1359629.392 1359645.575 1356843.569 1356045.171 1365057.939 1359945.754 1357758.71 1356393.57 1360039.95 1359496.157 1361544.416 1359410.581 1355564.496 1360033.151 1361548.159 1362458.778 1355868.416 1360697.132 1359198.689 1357718.041 1357084.583 1357196.652 1357009.048 1357810.596 1360184.611 1359867.506 1359707.4 1355735.684 1361062.372 1356980.817 1359933.225 1355168.248 1359087.492 1359529.573 1357148.399 1360987.106 1356376.754 0 0 0 0 0 0 0 0 0 0 0 0 0 0 0 0 0 0 0 0 0 0 0 0 0 0 0 0 0 0 
0 0 0 0 0 0 0 0 0 0 0 0 0 0 0 0 0 0 0 0 0 0 0 0 0 0 0 0 0 0 1357706.874 1355354.241 1352590.322 1358693.48 1357730.493 1357514.936 1355929.694 1355840.653 1360245.71 1360146.297 1360034.789 1356531.75 1358222.48 1358612.172 1356534.997 1357504.884 1358452.883 1356066.367 1357357.438 1356917.978 1362113.462 1359812.681 1356250.121 1360620.816 1355574.109 1357073.013 1362986.083 1360418.559 1356526.508 1359547.633 1356546.351 1359166.069 1363968.692 1358336.363 1354715.285 1356315.36 1358258.872 1354251.015 1360523.139 1352904.997 0 0 0 0 0 0 0 0 0 0 0 0 0 0 0 0 0 0 0 0 0 0 0 0 0 0 0 0 0 0 
0 0 0 0 0 0 0 0 0 0 0 0 0 0 0 0 0 0 0 0 0 0 0 0 0 0 0 0 0 0 1355358.396 1354868.477 1356831.521 1358743.805 1362138.767 1358755.908 1356483.231 1360630.338 1358406.336 1358424.649 1361407.79 1358685.672 1358147.649 1359677.475 1360048.22 1357714.439 1359284.688 1358779.811 1362653.798 1359394.554 1359076.008 1359631.974 1360773.826 1359221.157 1357797.057 1362351.77 1357050.538 1358508.458 1357771.435 1355309.551 1357265.421 1354335.458 1357399.044 1356540.899 1357064.575 1359163.228 1362919.431 1361657.555 1355902.963 1357125.486 0 0 0 0 0 0 0 0 0 0 0 0 0 0 0 0 0 0 0 0 0 0 0 0 0 0 0 0 0 0 
0 0 0 0 0 0 0 0 0 0 0 0 0 0 0 0 0 0 0 0 0 0 0 0 0 0 0 0 0 0 1356345.48 1353305.862 1358568.973 1359549.541 1357209.991 1360269.908 1352705.872 1356080.16 1355409.487 1357941.605 1362651.813 1354789.173 1361077.007 1358328.372 1360044.105 1357612.733 1359664.455 1359190.83 1353411.787 1358600.456 1356700.982 1359817.691 1355581.708 1358525.695 1359662.327 1355427.195 1360613.955 1358193.803 1361664.839 1361896.137 1358944.342 1358898.779 1359370.903 1355422.507 1356573.421 1357925.315 1358437.135 1357845.711 1362388.995 1353651.093 0 0 0 0 0 0 0 0 0 0 0 0 0 0 0 0 0 0 0 0 0 0 0 0 0 0 0 0 0 0 
0 0 0 0 0 0 0 0 0 0 0 0 0 0 0 0 0 0 0 0 0 0 0 0 0 0 0 0 0 0 1357981.178 1354458.225 1356904.18 1352720.794 1355819.022 1359685.342 1359832.564 1357358.97 1357311.649 1357025.777 1356030.091 1364364.908 1359477.144 1357716.115 1357282.975 1359518.551 1363389.3 1360056.975 1363223.062 1359361.438 1355411.327 1355030.712 1359643.791 1357266.918 1363890.103 1356448.664 1356819.065 1360534.562 1355173.426 1358773.978 1359258.659 1357509.162 1357994.183 1361859.821 1355915.362 1357567.967 1360132.841 1355685.779 1362455.515 1354443.928 0 0 0 0 0 0 0 0 0 0 0 0 0 0 0 0 0 0 0 0 0 0 0 0 0 0 0 0 0 0 
0 0 0 0 0 0 0 0 0 0 0 0 0 0 0 0 0 0 0 0 0 0 0 0 0 0 0 0 0 0 1354437.31 1356106.966 1356261.027 1358254.399 1358803.335 1353591.885 1358399.679 1359765.443 1358259.178 1356431.887 1358298.154 1357853.996 1358899.328 1357036.274 1355788.951 1356275.883 1357913.827 1357826.209 1360808.112 1359918.221 1361006.471 1359181.31 1363102.232 1360325.317 1358861.475 1357391.014 1367087.587 1358414.681 1356255.262 1357083.582 1359775.469 1357811.626 1358445.485 1358127.627 1355437.127 1357642.947 1361244.597 1360773.732 1358762.91 1355968.911 0 0 0 0 0 0 0 0 0 0 0 0 0 0 0 0 0 0 0 0 0 0 0 0 0 0 0 0 0 0 
0 0 0 0 0 0 0 0 0 0 0 0 0 0 0 0 0 0 0 0 0 0 0 0 0 0 0 0 0 0 1360141.463 1356695.9 1357797.308 1355350.062 1356412.384 1355673.532 1357086.465 1361071.674 1357766.753 1358729.367 1359389.558 1360185.599 1359913.29 1358841.455 1355643.211 1360740.478 1359197.792 1359967.033 1354005.941 1357259.583 1359559.244 1360285.358 1358172.063 1358205.17 1359242.325 1355123.995 1356525.803 1361016.556 1354651.268 1354532.317 1359763.201 1361874.14 1366092.611 1356402.273 1354996.03 1358438.653 1356919.635 1359549.542 1355397.758 1356805.806 0 0 0 0 0 0 0 0 0 0 0 0 0 0 0 0 0 0 0 0 0 0 0 0 0 0 0 0 0 0 
0 0 0 0 0 0 0 0 0 0 0 0 0 0 0 0 0 0 0 0 0 0 0 0 0 0 0 0 0 0 1353841.972 1356409.235 1357434.003 1358449.607 1353122.555 1352882.639 1359227.474 1355021.472 1357431.228 1358435.434 1360409.192 1355067.439 1357293.723 1358132.341 1361103.366 1358957.758 1356827.16 1362420.385 1360788.511 1357484.763 1359400.486 1357443.946 1356084.891 1363262.023 1357110.69 1355321.549 1362774.671 1358115.455 1360069.77 1356846.047 1355450.046 1360335.701 1360223.214 1359248.617 1354655.274 1361116.549 1360709.335 1353321.701 1361594.52 1351974.705 0 0 0 0 0 0 0 0 0 0 0 0 0 0 0 0 0 0 0 0 0 0 0 0 0 0 0 0 0 0 
0 0 0 0 0 0 0 0 0 0 0 0 0 0 0 0 0 0 0 0 0 0 0 0 0 0 0 0 0 0 1357588.989 1354164.041 1354662.674 1358877.677 1356036.362 1358126.445 1355710.18 1355766.888 1357127.718 1354017.766 1351853.614 1356478.31 1355859.436 1357372.635 1358414.456 1360975.017 1358721.923 1358640.955 1356815.312 1356438.956 1361215.201 1357591.301 1360244.48 1360186.28 1356085.46 1357663.952 1354914.511 1361357.631 1358143.47 1356503.443 1359208.199 1361011.45 1357177.155 1356342.663 1358237.166 1355576.676 1362704.36 1358385.25 1356853.669 1353459.739 0 0 0 0 0 0 0 0 0 0 0 0 0 0 0 0 0 0 0 0 0 0 0 0 0 0 0 0 0 0 
0 0 0 0 0 0 0 0 0 0 0 0 0 0 0 0 0 0 0 0 0 0 0 0 0 0 0 0 0 0 1354782.18 1361785.185 1355121.976 1356614.944 1358736.709 1356180.133 1358675.073 1357369.78 1356586.499 1357023.996 1358732.6 1355154.086 1359909.6 1358342.904 1360235.457 1358274.825 1357252.807 1356887.998 1360760.872 1359835.445 1358587.071 1355833.837 1358423.802 1357389.198 1357344.243 1358487.329 1358593.45 1358809.925 1359157.433 1356160.828 1353489.87 1357501.105 1357137.315 1354139.639 1357944.073 1356485.822 1356896.637 1360047.589 1355553.002 1347664.573 0 0 0 0 0 0 0 0 0 0 0 0 0 0 0 0 0 0 0 0 0 0 0 0 0 0 0 0 0 0 
0 0 0 0 0 0 0 0 0 0 0 0 0 0 0 0 0 0 0 0 0 0 0 0 0 0 0 0 0 0 1355015.617 1359472.064 1355387.959 1349848.87 1356906.802 1357151.386 1358852.176 1359214.624 1354482.605 1360888.128 1358809.495 1359363.627 1357374.389 1354607.775 1354248.836 1355784.233 1355502.36 1359926.536 1356070.692 1359178.48 1356940.669 1358295.263 1357229.669 1358212.185 1359428.987 1355814.953 1359577.291 1357741.307 1353609.135 1359231.143 1359321.659 1359676.83 1358663.546 1358558.803 1358079.773 1358739.918 1355289.794 1353171.789 1356370.919 1351963.829 0 0 0 0 0 0 0 0 0 0 0 0 0 0 0 0 0 0 0 0 0 0 0 0 0 0 0 0 0 0 
0 0 0 0 0 0 0 0 0 0 0 0 0 0 0 0 0 0 0 0 0 0 0 0 0 0 0 0 0 0 1356485.696 1357477.515 1358004.065 1357164.671 1358173.063 1356317.266 1352687.012 1356907.798 1354501.513 1357371.615 1358870.279 1359153.712 1356473.083 1356520.061 1355890.278 1361051.319 1363275.496 1356853.327 1359443.286 1356458.322 1355704.881 1355880.245 1358247.373 1359284.022 1359327.587 1359016.881 1358620.735 1358437.835 1361052.338 1358485.454 1359508.298 1358929.993 1358754.808 1358409.266 1359251.64 1357640.336 1354799.17 1359695.556 1357204.791 1356973.579 0 0 0 0 0 0 0 0 0 0 0 0 0 0 0 0 0 0 0 0 0 0 0 0 0 0 0 0 0 0 
0 0 0 0 0 0 0 0 0 0 0 0 0 0 0 0 0 0 0 0 0 0 0 0 0 0 0 0 0 0 1355293.468 1354353.093 1354623.538 1358742.694 1355253.891 1356545.005 1357181.903 1358749.902 1358260.709 1358461.286 1355823.325 1354455.654 1357370.031 1357035.522 1356838.793 1354241.779 1357675.538 1356270.202 1356417.374 1358993.969 1353536.422 1355781.926 1359600.685 1357898.494 1358881.846 1357572.668 1359165.059 1358033.72 1358733.616 1360660.637 1358134.421 1356918.445 1358425.943 1356292.212 1358527.226 1356285.869 1355582.431 1353335.43 1356961.235 1353041.072 0 0 0 0 0 0 0 0 0 0 0 0 0 0 0 0 0 0 0 0 0 0 0 0 0 0 0 0 0 0 
0 0 0 0 0 0 0 0 0 0 0 0 0 0 0 0 0 0 0 0 0 0 0 0 0 0 0 0 0 0 1355886.814 1352787.416 1356617.381 1355734.895 1359124.681 1353531.012 1359814.975 1358261.168 1358338.358 1357197.913 1359162.839 1356378.909 1361919.41 1353708.031 1356960.431 1356482.137 1358546.778 1358010.519 1358669.666 1357560.587 1356556.728 1356772.21 1356076.43 1355407.762 1357584.726 1352247.071 1358502.271 1356199.303 1356193.017 1358539.074 1356018.907 1358285.516 1359238.574 1360034.391 1356661.974 1355732.913 1359200.119 1353983.94 1357280.204 1358272.496 0 0 0 0 0 0 0 0 0 0 0 0 0 0 0 0 0 0 0 0 0 0 0 0 0 0 0 0 0 0 
0 0 0 0 0 0 0 0 0 0 0 0 0 0 0 0 0 0 0 0 0 0 0 0 0 0 0 0 0 0 1352819.56 1356565.607 1356925.312 1356749.517 1354556.894 1355634.439 1360013.822 1357498.865 1358330.11 1357176.808 1359341.348 1355069.479 1361935.798 1354723.16 1355782.435 1356374.67 1357552.402 1357496.577 1357644.348 1359050.309 1354097.741 1353516.771 1357150.62 1355459.002 1355863.088 1357193.466 1356477.536 1353031.932 1357015.039 1357270.415 1356709.646 1359004.377 1354559.699 1354867.632 1360097.886 1358241.323 1360214.487 1354026.855 1358923.154 1352255.423 0 0 0 0 0 0 0 0 0 0 0 0 0 0 0 0 0 0 0 0 0 0 0 0 0 0 0 0 0 0 
0 0 0 0 0 0 0 0 0 0 0 0 0 0 0 0 0 0 0 0 0 0 0 0 0 0 0 0 0 0 1354908.153 1354267.001 1356059.533 1356754.854 1355809.361 1355534.305 1352477.8 1359935.229 1356073.163 1357293.088 1362574.239 1356460.886 1356187.669 1356306.838 1356429.515 1352737.359 1353492.004 1362599.567 1357162.639 1355004.951 1357241.241 1360415.103 1357676.395 1355811.388 1358489.136 1355681.406 1358082.124 1357910.387 1356854.251 1352985.482 1356936.027 1355593.54 1357570.475 1361928.425 1360335.345 1356001.607 1354549.518 1354345.209 1359330.595 1350484.754 0 0 0 0 0 0 0 0 0 0 0 0 0 0 0 0 0 0 0 0 0 0 0 0 0 0 0 0 0 0 
0 0 0 0 0 0 0 0 0 0 0 0 0 0 0 0 0 0 0 0 0 0 0 0 0 0 0 0 0 0 1358098.21 1354550.389 1354171.231 1354876.856 1358444.69 1354456.08 1351990.368 1354168.731 1356747.084 1351792.547 1356047.633 1355192.295 1361276.515 1353511.892 1356771.965 1355654.271 1359228.372 1356922.989 1358134.717 1357544.632 1358251.875 1354492.967 1356800.047 1354877.299 1356493.584 1356364.099 1358382.048 1354968.85 1356113.352 1356732.772 1353925.897 1355564.509 1356473.009 1353897.617 1351202.543 1355819.463 1356056.469 1357673.605 1352611.767 1351908.915 0 0 0 0 0 0 0 0 0 0 0 0 0 0 0 0 0 0 0 0 0 0 0 0 0 0 0 0 0 0 
0 0 0 0 0 0 0 0 0 0 0 0 0 0 0 0 0 0 0 0 0 0 0 0 0 0 0 0 0 0 1355576.424 1353771.613 1355069.495 1358580.978 1354382.958 1357755.889 1356475.566 1355283.055 1354032.699 1352572.291 1354579.305 1356551.271 1358150.568 1355745.428 1355697.108 1355924.579 1357244.302 1354757.898 1357708.643 1357785.912 1354736.924 1357669.229 1357750.534 1356444.777 1358399.356 1359031.947 1354250.092 1352476.511 1358914.464 1360549.957 1355654.058 1358325.441 1355231.879 1356107.775 1356264.135 1359278.027 1353265.932 1358175.29 1358801.962 1355468.691 0 0 0 0 0 0 0 0 0 0 0 0 0 0 0 0 0 0 0 0 0 0 0 0 0 0 0 0 0 0 
0 0 0 0 0 0 0 0 0 0 0 0 0 0 0 0 0 0 0 0 0 0 0 0 0 0 0 0 0 0 1357100.43 1355621.467 1355333.103 1360898.624 1356690.035 1354538.955 1357901.604 1355787.724 1356537.823 1350378.359 1355518.146 1355016.905 1351981.539 1357465.512 1356629.096 1357173.826 1357236.561 1354909.614 1354641.735 1355365.043 1352351.989 1352689.938 1354015.294 1352648.872 1351593.511 1356834.832 1358812.124 1357590.273 1357723.94 1355112.093 1356677.226 1356875.063 1356342.543 1359937.367 1356241.516 1353982.319 1354842.882 1358315.302 1350167.52 1349659.571 0 0 0 0 0 0 0 0 0 0 0 0 0 0 0 0 0 0 0 0 0 0 0 0 0 0 0 0 0 0 
0 0 0 0 0 0 0 0 0 0 0 0 0 0 0 0 0 0 0 0 0 0 0 0 0 0 0 0 0 0 1357165.414 1359886.862 1359386.619 1356850.048 1356295.175 1356013.783 1353395.878 1354658.552 1358108.674 1357540.46 1355184.34 1358110.952 1357668.325 1352316.855 1356493.674 1355419.52 1353788.736 1354666.369 1353763.423 1352635.451 1359061.751 1354235.436 1352242.741 1352521.276 1355793.927 1354868.828 1356787.408 1355276.853 1353820.601 1358218.233 1356005.605 1353747.277 1357424.672 1354913.051 1360669.508 1354580.869 1355689.079 1355571.469 1354859.474 1349061.011 0 0 0 0 0 0 0 0 0 0 0 0 0 0 0 0 0 0 0 0 0 0 0 0 0 0 0 0 0 0 
0 0 0 0 0 0 0 0 0 0 0 0 0 0 0 0 0 0 0 0 0 0 0 0 0 0 0 0 0 0 1354786.25 1355566.161 1355777.423 1354611.805 1353568.471 1353454.199 1356152.384 1354344.25 1350714.409 1354558.652 1353029.857 1355804.305 1355960.624 1358280.712 1354479.166 1354568.205 1354558.992 1354829.373 1352268.132 1353940.593 1352515.085 1357632.135 1354335.589 1351784.886 1353011.986 1355803.671 1356525.197 1353448.305 1354578.314 1357459.583 1355889.136 1356978.694 1353577.874 1356733.127 1357072.308 1353124.115 1353548.819 1356756.629 1355810.829 1352481.46 0 0 0 0 0 0 0 0 0 0 0 0 0 0 0 0 0 0 0 0 0 0 0 0 0 0 0 0 0 0 
0 0 0 0 0 0 0 0 0 0 0 0 0 0 0 0 0 0 0 0 0 0 0 0 0 0 0 0 0 0 1349827.848 1356848.357 1354557.191 1355348.138 1351614.179 1352548.195 1350634.737 1359160.675 1355401.064 1357877.708 1353826.35 1356149.859 1354808.631 1360660.627 1355256.961 1357410.382 1360096.533 1355968.912 1358005.033 1354337.43 1354733.904 1354091.08 1352321.168 1353696.505 1355976.523 1354574.466 1353468.868 1355327.065 1356051.72 1356004.289 1355906.829 1354059.96 1354822.069 1352895.392 1356262.084 1355471.964 1353941.585 1355521.664 1354715.516 1351214.115 0 0 0 0 0 0 0 0 0 0 0 0 0 0 0 0 0 0 0 0 0 0 0 0 0 0 0 0 0 0 
0 0 0 0 0 0 0 0 0 0 0 0 0 0 0 0 0 0 0 0 0 0 0 0 0 0 0 0 0 0 1012139.4 1012842.468 1013856.641 1012653.632 1014463.587 1015497.583 1015402.752 1013792.335 1009149.559 1012531.152 1015830.945 1014706.456 1012346.707 1013748.101 1015541.48 1013137.789 1016256.248 1014604.379 1013353.47 1012241.347 1017413.913 1012825.564 1012770.744 1016757.071 1011936.384 1012968.612 1012768.98 1014123.604 1013225.464 1013142.441 1015252.64 1010644.44 1014491.74 1015698.361 1010788.969 1012133.21 1014756.82 1015806.174 1011422.696 1012624.269 0 0 0 0 0 0 0 0 0 0 0 0 0 0 0 0 0 0 0 0 0 0 0 0 0 0 0 0 0 0 
0 0 0 0 0 0 0 0 0 0 0 0 0 0 0 0 0 0 0 0 0 0 0 0 0 0 0 0 0 0 0 0 0 0 0 0 0 0 0 0 0 0 0 0 0 0 0 0 0 0 0 0 0 0 0 0 0 0 0 0 0 0 0 0 0 0 0 0 0 0 0 0 0 0 0 0 0 0 0 0 0 0 0 0 0 0 0 0 0 0 0 0 0 0 0 0 0 0 0 0 
0 0 0 0 0 0 0 0 0 0 0 0 0 0 0 0 0 0 0 0 0 0 0 0 0 0 0 0 0 0 0 0 0 0 0 0 0 0 0 0 0 0 0 0 0 0 0 0 0 0 0 0 0 0 0 0 0 0 0 0 0 0 0 0 0 0 0 0 0 0 0 0 0 0 0 0 0 0 0 0 0 0 0 0 0 0 0 0 0 0 0 0 0 0 0 0 0 0 0 0 
0 0 0 0 0 0 0 0 0 0 0 0 0 0 0 0 0 0 0 0 0 0 0 0 0 0 0 0 0 0 0 0 0 0 0 0 0 0 0 0 0 0 0 0 0 0 0 0 0 0 0 0 0 0 0 0 0 0 0 0 0 0 0 0 0 0 0 0 0 0 0 0 0 0 0 0 0 0 0 0 0 0 0 0 0 0 0 0 0 0 0 0 0 0 0 0 0 0 0 0 
0 0 0 0 0 0 0 0 0 0 0 0 0 0 0 0 0 0 0 0 0 0 0 0 0 0 0 0 0 0 0 0 0 0 0 0 0 0 0 0 0 0 0 0 0 0 0 0 0 0 0 0 0 0 0 0 0 0 0 0 0 0 0 0 0 0 0 0 0 0 0 0 0 0 0 0 0 0 0 0 0 0 0 0 0 0 0 0 0 0 0 0 0 0 0 0 0 0 0 0 
0 0 0 0 0 0 0 0 0 0 0 0 0 0 0 0 0 0 0 0 0 0 0 0 0 0 0 0 0 0 0 0 0 0 0 0 0 0 0 0 0 0 0 0 0 0 0 0 0 0 0 0 0 0 0 0 0 0 0 0 0 0 0 0 0 0 0 0 0 0 0 0 0 0 0 0 0 0 0 0 0 0 0 0 0 0 0 0 0 0 0 0 0 0 0 0 0 0 0 0 
0 0 0 0 0 0 0 0 0 0 0 0 0 0 0 0 0 0 0 0 0 0 0 0 0 0 0 0 0 0 0 0 0 0 0 0 0 0 0 0 0 0 0 0 0 0 0 0 0 0 0 0 0 0 0 0 0 0 0 0 0 0 0 0 0 0 0 0 0 0 0 0 0 0 0 0 0 0 0 0 0 0 0 0 0 0 0 0 0 0 0 0 0 0 0 0 0 0 0 0 
0 0 0 0 0 0 0 0 0 0 0 0 0 0 0 0 0 0 0 0 0 0 0 0 0 0 0 0 0 0 0 0 0 0 0 0 0 0 0 0 0 0 0 0 0 0 0 0 0 0 0 0 0 0 0 0 0 0 0 0 0 0 0 0 0 0 0 0 0 0 0 0 0 0 0 0 0 0 0 0 0 0 0 0 0 0 0 0 0 0 0 0 0 0 0 0 0 0 0 0 
0 0 0 0 0 0 0 0 0 0 0 0 0 0 0 0 0 0 0 0 0 0 0 0 0 0 0 0 0 0 0 0 0 0 0 0 0 0 0 0 0 0 0 0 0 0 0 0 0 0 0 0 0 0 0 0 0 0 0 0 0 0 0 0 0 0 0 0 0 0 0 0 0 0 0 0 0 0 0 0 0 0 0 0 0 0 0 0 0 0 0 0 0 0 0 0 0 0 0 0 
0 0 0 0 0 0 0 0 0 0 0 0 0 0 0 0 0 0 0 0 0 0 0 0 0 0 0 0 0 0 0 0 0 0 0 0 0 0 0 0 0 0 0 0 0 0 0 0 0 0 0 0 0 0 0 0 0 0 0 0 0 0 0 0 0 0 0 0 0 0 0 0 0 0 0 0 0 0 0 0 0 0 0 0 0 0 0 0 0 0 0 0 0 0 0 0 0 0 0 0 
0 0 0 0 0 0 0 0 0 0 0 0 0 0 0 0 0 0 0 0 0 0 0 0 0 0 0 0 0 0 0 0 0 0 0 0 0 0 0 0 0 0 0 0 0 0 0 0 0 0 0 0 0 0 0 0 0 0 0 0 0 0 0 0 0 0 0 0 0 0 0 0 0 0 0 0 0 0 0 0 0 0 0 0 0 0 0 0 0 0 0 0 0 0 0 0 0 0 0 0 
0 0 0 0 0 0 0 0 0 0 0 0 0 0 0 0 0 0 0 0 0 0 0 0 0 0 0 0 0 0 0 0 0 0 0 0 0 0 0 0 0 0 0 0 0 0 0 0 0 0 0 0 0 0 0 0 0 0 0 0 0 0 0 0 0 0 0 0 0 0 0 0 0 0 0 0 0 0 0 0 0 0 0 0 0 0 0 0 0 0 0 0 0 0 0 0 0 0 0 0 
0 0 0 0 0 0 0 0 0 0 0 0 0 0 0 0 0 0 0 0 0 0 0 0 0 0 0 0 0 0 0 0 0 0 0 0 0 0 0 0 0 0 0 0 0 0 0 0 0 0 0 0 0 0 0 0 0 0 0 0 0 0 0 0 0 0 0 0 0 0 0 0 0 0 0 0 0 0 0 0 0 0 0 0 0 0 0 0 0 0 0 0 0 0 0 0 0 0 0 0 
0 0 0 0 0 0 0 0 0 0 0 0 0 0 0 0 0 0 0 0 0 0 0 0 0 0 0 0 0 0 0 0 0 0 0 0 0 0 0 0 0 0 0 0 0 0 0 0 0 0 0 0 0 0 0 0 0 0 0 0 0 0 0 0 0 0 0 0 0 0 0 0 0 0 0 0 0 0 0 0 0 0 0 0 0 0 0 0 0 0 0 0 0 0 0 0 0 0 0 0 
0 0 0 0 0 0 0 0 0 0 0 0 0 0 0 0 0 0 0 0 0 0 0 0 0 0 0 0 0 0 0 0 0 0 0 0 0 0 0 0 0 0 0 0 0 0 0 0 0 0 0 0 0 0 0 0 0 0 0 0 0 0 0 0 0 0 0 0 0 0 0 0 0 0 0 0 0 0 0 0 0 0 0 0 0 0 0 0 0 0 0 0 0 0 0 0 0 0 0 0 
0 0 0 0 0 0 0 0 0 0 0 0 0 0 0 0 0 0 0 0 0 0 0 0 0 0 0 0 0 0 0 0 0 0 0 0 0 0 0 0 0 0 0 0 0 0 0 0 0 0 0 0 0 0 0 0 0 0 0 0 0 0 0 0 0 0 0 0 0 0 0 0 0 0 0 0 0 0 0 0 0 0 0 0 0 0 0 0 0 0 0 0 0 0 0 0 0 0 0 0 
0 0 0 0 0 0 0 0 0 0 0 0 0 0 0 0 0 0 0 0 0 0 0 0 0 0 0 0 0 0 0 0 0 0 0 0 0 0 0 0 0 0 0 0 0 0 0 0 0 0 0 0 0 0 0 0 0 0 0 0 0 0 0 0 0 0 0 0 0 0 0 0 0 0 0 0 0 0 0 0 0 0 0 0 0 0 0 0 0 0 0 0 0 0 0 0 0 0 0 0 
# Errors [StartOfGuideMonitor/startOfGuide.dat] I_err:
0 0 0 0 0 0 0 0 0 0 0 0 0 0 0 0 0 0 0 0 0 0 0 0 0 0 0 0 0 0 0 0 0 0 0 0 0 0 0 0 0 0 0 0 0 0 0 0 0 0 0 0 0 0 0 0 0 0 0 0 0 0 0 0 0 0 0 0 0 0 0 0 0 0 0 0 0 0 0 0 0 0 0 0 0 0 0 0 0 0 0 0 0 0 0 0 0 0 0 0 
0 0 0 0 0 0 0 0 0 0 0 0 0 0 0 0 0 0 0 0 0 0 0 0 0 0 0 0 0 0 0 0 0 0 0 0 0 0 0 0 0 0 0 0 0 0 0 0 0 0 0 0 0 0 0 0 0 0 0 0 0 0 0 0 0 0 0 0 0 0 0 0 0 0 0 0 0 0 0 0 0 0 0 0 0 0 0 0 0 0 0 0 0 0 0 0 0 0 0 0 
0 0 0 0 0 0 0 0 0 0 0 0 0 0 0 0 0 0 0 0 0 0 0 0 0 0 0 0 0 0 0 0 0 0 0 0 0 0 0 0 0 0 0 0 0 0 0 0 0 0 0 0 0 0 0 0 0 0 0 0 0 0 0 0 0 0 0 0 0 0 0 0 0 0 0 0 0 0 0 0 0 0 0 0 0 0 0 0 0 0 0 0 0 0 0 0 0 0 0 0 
0 0 0 0 0 0 0 0 0 0 0 0 0 0 0 0 0 0 0 0 0 0 0 0 0 0 0 0 0 0 0 0 0 0 0 0 0 0 0 0 0 0 0 0 0 0 0 0 0 0 0 0 0 0 0 0 0 0 0 0 0 0 0 0 0 0 0 0 0 0 0 0 0 0 0 0 0 0 0 0 0 0 0 0 0 0 0 0 0 0 0 0 0 0 0 0 0 0 0 0 
0 0 0 0 0 0 0 0 0 0 0 0 0 0 0 0 0 0 0 0 0 0 0 0 0 0 0 0 0 0 0 0 0 0 0 0 0 0 0 0 0 0 0 0 0 0 0 0 0 0 0 0 0 0 0 0 0 0 0 0 0 0 0 0 0 0 0 0 0 0 0 0 0 0 0 0 0 0 0 0 0 0 0 0 0 0 0 0 0 0 0 0 0 0 0 0 0 0 0 0 
0 0 0 0 0 0 0 0 0 0 0 0 0 0 0 0 0 0 0 0 0 0 0 0 0 0 0 0 0 0 0 0 0 0 0 0 0 0 0 0 0 0 0 0 0 0 0 0 0 0 0 0 0 0 0 0 0 0 0 0 0 0 0 0 0 0 0 0 0 0 0 0 0 0 0 0 0 0 0 0 0 0 0 0 0 0 0 0 0 0 0 0 0 0 0 0 0 0 0 0 
0 0 0 0 0 0 0 0 0 0 0 0 0 0 0 0 0 0 0 0 0 0 0 0 0 0 0 0 0 0 0 0 0 0 0 0 0 0 0 0 0 0 0 0 0 0 0 0 0 0 0 0 0 0 0 0 0 0 0 0 0 0 0 0 0 0 0 0 0 0 0 0 0 0 0 0 0 0 0 0 0 0 0 0 0 0 0 0 0 0 0 0 0 0 0 0 0 0 0 0 
0 0 0 0 0 0 0 0 0 0 0 0 0 0 0 0 0 0 0 0 0 0 0 0 0 0 0 0 0 0 0 0 0 0 0 0 0 0 0 0 0 0 0 0 0 0 0 0 0 0 0 0 0 0 0 0 0 0 0 0 0 0 0 0 0 0 0 0 0 0 0 0 0 0 0 0 0 0 0 0 0 0 0 0 0 0 0 0 0 0 0 0 0 0 0 0 0 0 0 0 
0 0 0 0 0 0 0 0 0 0 0 0 0 0 0 0 0 0 0 0 0 0 0 0 0 0 0 0 0 0 0 0 0 0 0 0 0 0 0 0 0 0 0 0 0 0 0 0 0 0 0 0 0 0 0 0 0 0 0 0 0 0 0 0 0 0 0 0 0 0 0 0 0 0 0 0 0 0 0 0 0 0 0 0 0 0 0 0 0 0 0 0 0 0 0 0 0 0 0 0 
0 0 0 0 0 0 0 0 0 0 0 0 0 0 0 0 0 0 0 0 0 0 0 0 0 0 0 0 0 0 0 0 0 0 0 0 0 0 0 0 0 0 0 0 0 0 0 0 0 0 0 0 0 0 0 0 0 0 0 0 0 0 0 0 0 0 0 0 0 0 0 0 0 0 0 0 0 0 0 0 0 0 0 0 0 0 0 0 0 0 0 0 0 0 0 0 0 0 0 0 
0 0 0 0 0 0 0 0 0 0 0 0 0 0 0 0 0 0 0 0 0 0 0 0 0 0 0 0 0 0 0 0 0 0 0 0 0 0 0 0 0 0 0 0 0 0 0 0 0 0 0 0 0 0 0 0 0 0 0 0 0 0 0 0 0 0 0 0 0 0 0 0 0 0 0 0 0 0 0 0 0 0 0 0 0 0 0 0 0 0 0 0 0 0 0 0 0 0 0 0 
0 0 0 0 0 0 0 0 0 0 0 0 0 0 0 0 0 0 0 0 0 0 0 0 0 0 0 0 0 0 0 0 0 0 0 0 0 0 0 0 0 0 0 0 0 0 0 0 0 0 0 0 0 0 0 0 0 0 0 0 0 0 0 0 0 0 0 0 0 0 0 0 0 0 0 0 0 0 0 0 0 0 0 0 0 0 0 0 0 0 0 0 0 0 0 0 0 0 0 0 
0 0 0 0 0 0 0 0 0 0 0 0 0 0 0 0 0 0 0 0 0 0 0 0 0 0 0 0 0 0 0 0 0 0 0 0 0 0 0 0 0 0 0 0 0 0 0 0 0 0 0 0 0 0 0 0 0 0 0 0 0 0 0 0 0 0 0 0 0 0 0 0 0 0 0 0 0 0 0 0 0 0 0 0 0 0 0 0 0 0 0 0 0 0 0 0 0 0 0 0 
0 0 0 0 0 0 0 0 0 0 0 0 0 0 0 0 0 0 0 0 0 0 0 0 0 0 0 0 0 0 0 0 0 0 0 0 0 0 0 0 0 0 0 0 0 0 0 0 0 0 0 0 0 0 0 0 0 0 0 0 0 0 0 0 0 0 0 0 0 0 0 0 0 0 0 0 0 0 0 0 0 0 0 0 0 0 0 0 0 0 0 0 0 0 0 0 0 0 0 0 
0 0 0 0 0 0 0 0 0 0 0 0 0 0 0 0 0 0 0 0 0 0 0 0 0 0 0 0 0 0 0 0 0 0 0 0 0 0 0 0 0 0 0 0 0 0 0 0 0 0 0 0 0 0 0 0 0 0 0 0 0 0 0 0 0 0 0 0 0 0 0 0 0 0 0 0 0 0 0 0 0 0 0 0 0 0 0 0 0 0 0 0 0 0 0 0 0 0 0 0 
0 0 0 0 0 0 0 0 0 0 0 0 0 0 0 0 0 0 0 0 0 0 0 0 0 0 0 0 0 0 0 0 0 0 0 0 0 0 0 0 0 0 0 0 0 0 0 0 0 0 0 0 0 0 0 0 0 0 0 0 0 0 0 0 0 0 0 0 0 0 0 0 0 0 0 0 0 0 0 0 0 0 0 0 0 0 0 0 0 0 0 0 0 0 0 0 0 0 0 0 
0 0 0 0 0 0 0 0 0 0 0 0 0 0 0 0 0 0 0 0 0 0 0 0 0 0 0 0 0 0 1924.155596 1925.909089 1922.921016 1925.086601 1924.338569 1924.948414 1929.860094 1924.255374 1925.580413 1926.74457 1927.323942 1927.115471 1928.202775 1927.871668 1927.329601 1927.461911 1930.275965 1929.404738 1927.55126 1924.961946 1925.891406 1924.134326 1928.437105 1923.249374 1927.248189 1923.586867 1929.229208 1928.305793 1925.673836 1926.515964 1930.689019 1927.100305 1926.480424 1924.333013 1924.844934 1927.272586 1924.371395 1924.67427 1923.953981 1925.061246 0 0 0 0 0 0 0 0 0 0 0 0 0 0 0 0 0 0 0 0 0 0 0 0 0 0 0 0 0 0 
0 0 0 0 0 0 0 0 0 0 0 0 0 0 0 0 0 0 0 0 0 0 0 0 0 0 0 0 0 0 2225.553246 2228.6123 2226.908354 2225.182706 2226.838172 2229.186382 2226.976771 2222.186071 2227.707147 2225.916529 2227.317299 2228.637371 2228.755422 2226.520556 2228.432367 2227.800022 2227.146982 2228.844035 2227.244334 2228.046929 2229.641897 2229.585615 2227.790948 2227.05208 2227.903417 2229.842969 2228.042077 2227.711377 2230.866727 2226.25793 2227.176141 2227.700234 2227.946957 2225.923817 2230.292612 2225.835234 2230.06155 2228.265565 2226.358901 2224.362185 0 0 0 0 0 0 0 0 0 0 0 0 0 0 0 0 0 0 0 0 0 0 0 0 0 0 0 0 0 0 
0 0 0 0 0 0 0 0 0 0 0 0 0 0 0 0 0 0 0 0 0 0 0 0 0 0 0 0 0 0 2222.826367 2225.677432 2227.336689 2228.003937 2228.103111 2230.029623 2227.675875 2224.727199 2225.709355 2228.887139 2230.212789 2228.75868 2228.124416 2228.682898 2229.211927 2227.616311 2229.609066 2228.735864 2231.748852 2230.395706 2230.184929 2233.04183 2229.887928 2229.638937 2228.615409 2227.5565 2229.703871 2230.063265 2227.701914 2227.732232 2228.162965 2227.179876 2223.993211 2227.676586 2228.319877 2226.926803 2227.492685 2228.686362 2227.054797 2225.517986 0 0 0 0 0 0 0 0 0 0 0 0 0 0 0 0 0 0 0 0 0 0 0 0 0 0 0 0 0 0 
0 0 0 0 0 0 0 0 0 0 0 0 0 0 0 0 0 0 0 0 0 0 0 0 0 0 0 0 0 0 2224.938373 2225.744963 2227.088753 2226.985858 2226.410036 2228.278965 2228.792077 2229.502995 2229.090922 2230.889524 2230.459425 2225.680821 2230.848359 2228.799939 2228.933149 2228.924908 2230.302946 2230.106511 2230.474989 2232.135067 2231.539554 2227.54593 2227.367642 2230.651488 2228.300608 2229.518453 2228.571347 2226.922132 2230.504886 2229.249515 2231.216625 2231.04166 2227.299147 2227.602962 2226.891486 2227.83019 2226.900882 2230.334238 2225.323581 2224.755558 0 0 0 0 0 0 0 0 0 0 0 0 0 0 0 0 0 0 0 0 0 0 0 0 0 0 0 0 0 0 
0 0 0 0 0 0 0 0 0 0 0 0 0 0 0 0 0 0 0 0 0 0 0 0 0 0 0 0 0 0 2223.181912 2226.700042 2226.060535 2227.720134 2229.174559 2229.287976 2227.714638 2230.747223 2229.113524 2230.739457 2232.035145 2231.309282 2228.844257 2229.596851 2231.049201 2229.038238 2228.284087 2230.411588 2227.958584 2231.441884 2228.668762 2227.927344 2227.871798 2228.441368 2227.812394 2229.299078 2231.984863 2229.243809 2230.278234 2232.495197 2230.657257 2231.136142 2229.845091 2230.709126 2228.284574 2228.100995 2229.749741 2226.379428 2225.607739 2227.348019 0 0 0 0 0 0 0 0 0 0 0 0 0 0 0 0 0 0 0 0 0 0 0 0 0 0 0 0 0 0 
0 0 0 0 0 0 0 0 0 0 0 0 0 0 0 0 0 0 0 0 0 0 0 0 0 0 0 0 0 0 2226.382007 2230.431153 2227.162208 2228.461798 2228.910061 2229.473068 2227.676649 2230.4051 2228.054694 2225.093556 2227.909768 2233.244942 2231.719919 2229.065965 2228.354352 2230.879593 2229.022083 2230.276896 2231.626933 2234.340831 2230.544241 2229.123074 2231.143819 2230.308786 2231.395586 2230.97462 2228.905873 2231.050323 2232.208197 2232.036557 2227.471332 2227.748707 2230.954342 2225.835756 2227.124185 2228.462527 2226.752848 2229.731718 2228.456458 2223.829673 0 0 0 0 0 0 0 0 0 0 0 0 0 0 0 0 0 0 0 0 0 0 0 0 0 0 0 0 0 0 
0 0 0 0 0 0 0 0 0 0 0 0 0 0 0 0 0 0 0 0 0 0 0 0 0 0 0 0 0 0 2230.097682 2225.394695 2228.501374 2227.565251 2228.281887 2228.984514 2229.986556 2228.911887 2231.152746 2229.581546 2230.375645 2228.677007 2230.18292 2227.657795 2230.97883 2230.673898 2229.603035 2230.792007 2233.453281 2231.33169 2232.041702 2232.571703 2229.21442 2231.345192 2230.862929 2231.777257 2227.31771 2229.430709 2232.518456 2230.654027 2228.669329 2228.157878 2229.169002 2230.49173 2229.094205 2229.735022 2229.458556 2231.137467 2228.421282 2227.28479 0 0 0 0 0 0 0 0 0 0 0 0 0 0 0 0 0 0 0 0 0 0 0 0 0 0 0 0 0 0 
0 0 0 0 0 0 0 0 0 0 0 0 0 0 0 0 0 0 0 0 0 0 0 0 0 0 0 0 0 0 2223.299319 2228.349496 2230.223525 2230.370242 2230.549435 2228.305199 2230.815855 2228.814974 2229.931466 2229.372992 2232.813484 2231.346308 2233.55336 2233.6442 2231.731976 2231.707095 2225.982225 2231.328634 2230.097758 2229.025864 2231.690865 2233.557003 2229.014786 2230.574196 2231.744734 2229.372411 2228.44334 2230.706264 2231.786975 2234.423681 2229.098484 2230.314914 2228.249609 2227.162908 2229.108172 2228.637002 2230.751937 2234.006049 2231.781933 2228.465596 0 0 0 0 0 0 0 0 0 0 0 0 0 0 0 0 0 0 0 0 0 0 0 0 0 0 0 0 0 0 
0 0 0 0 0 0 0 0 0 0 0 0 0 0 0 0 0 0 0 0 0 0 0 0 0 0 0 0 0 0 2226.814843 2230.242504 2229.435454 2230.001452 2231.181271 2227.041449 2232.140334 2230.456884 2230.773254 2229.516668 2229.622851 2231.834868 2236.094236 2234.850506 2231.454092 2231.615873 2229.663964 2233.928292 2232.016423 2231.040139 2228.491077 2228.982898 2229.583426 2228.833208 2234.022217 2231.436486 2232.585217 2233.047597 2230.157825 2234.730167 2228.264163 2231.037099 2228.920857 2227.679972 2228.089641 2231.748157 2227.614893 2232.225756 2232.374553 2225.939435 0 0 0 0 0 0 0 0 0 0 0 0 0 0 0 0 0 0 0 0 0 0 0 0 0 0 0 0 0 0 
0 0 0 0 0 0 0 0 0 0 0 0 0 0 0 0 0 0 0 0 0 0 0 0 0 0 0 0 0 0 2227.811298 2231.426493 2230.605631 2229.356031 2229.576001 2229.79313 2228.46115 2229.612549 2230.277604 2231.395809 2231.764078 2231.19032 2230.757856 2231.077597 2228.817902 2232.04691 2231.423062 2234.764062 2229.959818 2230.527016 2236.700915 2231.993823 2232.560993 2234.56317 2232.09566 2232.122542 2229.262052 2231.908634 2229.072197 2232.157535 2230.73917 2232.12144 2229.788357 2231.193415 2226.693045 2230.166329 2230.175965 2230.58024 2228.938375 2226.150912 0 0 0 0 0 0 0 0 0 0 0 0 0 0 0 0 0 0 0 0 0 0 0 0 0 0 0 0 0 0 
0 0 0 0 0 0 0 0 0 0 0 0 0 0 0 0 0 0 0 0 0 0 0 0 0 0 0 0 0 0 2226.6906 2230.671115 2232.096432 2232.981258 2231.665996 2232.088114 2227.371102 2228.96192 2229.397958 2231.483543 2233.683373 2230.708568 2230.779975 2231.400769 2234.66295 2230.684048 2229.753745 2230.905643 2231.469886 2231.257447 2231.032528 2229.670139 2233.762471 2231.358796 2231.279601 2233.003969 2229.273649 2230.913141 2232.440765 2231.260666 2230.861764 2227.398251 2230.128647 2233.218939 2229.356168 2226.887618 2231.77211 2230.40177 2226.514258 2229.151969 0 0 0 0 0 0 0 0 0 0 0 0 0 0 0 0 0 0 0 0 0 0 0 0 0 0 0 0 0 0 
0 0 0 0 0 0 0 0 0 0 0 0 0 0 0 0 0 0 0 0 0 0 0 0 0 0 0 0 0 0 2231.998646 2227.543495 2230.971258 2229.282246 2227.211499 2227.955826 2227.976332 2231.472222 2232.395594 2232.030115 2230.968442 2230.775601 2228.388443 2231.718288 2232.790453 2233.455888 2233.358687 2231.660538 2230.066573 2234.772994 2231.936547 2230.938143 2230.626511 2229.587666 2230.640819 2231.986686 2228.029574 2231.573786 2231.881002 2232.487102 2230.136541 2232.137152 2230.12384 2231.867 2229.175238 2230.399249 2233.14943 2228.267283 2230.134827 2226.042199 0 0 0 0 0 0 0 0 0 0 0 0 0 0 0 0 0 0 0 0 0 0 0 0 0 0 0 0 0 0 
0 0 0 0 0 0 0 0 0 0 0 0 0 0 0 0 0 0 0 0 0 0 0 0 0 0 0 0 0 0 2229.153091 2231.746245 2229.802865 2231.678673 2232.316535 2231.173572 2232.591251 2233.717461 2232.84984 2229.230509 2231.9797 2230.152211 2231.841971 2233.986946 2229.903647 2233.217524 2232.588713 2233.86225 2231.457183 2229.215857 2233.949369 2232.358254 2232.138177 2233.452595 2236.082403 2234.225782 2232.358701 2232.557676 2228.198468 2235.537299 2231.467967 2231.463477 2232.542762 2230.047271 2232.141813 2233.119152 2230.25305 2227.066353 2230.435278 2225.892843 0 0 0 0 0 0 0 0 0 0 0 0 0 0 0 0 0 0 0 0 0 0 0 0 0 0 0 0 0 0 
0 0 0 0 0 0 0 0 0 0 0 0 0 0 0 0 0 0 0 0 0 0 0 0 0 0 0 0 0 0 2228.55549 2231.487128 2232.661237 2230.070903 2232.943167 2230.592093 2235.468807 2232.228952 2235.125926 2231.913577 2232.182571 2232.213919 2230.088844 2231.322257 2230.8386 2230.977005 2231.405231 2232.919036 2232.241492 2235.955322 2233.486554 2232.600706 2234.991488 2231.323753 2233.284642 2234.536052 2233.073474 2233.280682 2231.345446 2232.428947 2231.735656 2231.269836 2231.577167 2232.690654 2231.086463 2230.717983 2230.780295 2231.882449 2231.538338 2225.7308 0 0 0 0 0 0 0 0 0 0 0 0 0 0 0 0 0 0 0 0 0 0 0 0 0 0 0 0 0 0 
0 0 0 0 0 0 0 0 0 0 0 0 0 0 0 0 0 0 0 0 0 0 0 0 0 0 0 0 0 0 2226.980712 2233.157603 2233.571509 2228.80959 2231.59406 2232.741321 2233.005667 2235.376049 2232.107477 2237.081419 2233.759425 2232.919594 2230.71785 2229.503354 2232.915495 2232.526852 2232.14772 2231.097252 2233.524563 2232.009202 2231.953824 2232.689523 2232.859366 2232.170716 2232.245203 2232.828831 2232.228814 2233.272734 2238.393278 2234.347731 2233.80654 2232.115835 2231.889798 2229.646871 2233.528249 2230.350907 2233.006159 2233.417939 2230.778968 2226.887787 0 0 0 0 0 0 0 0 0 0 0 0 0 0 0 0 0 0 0 0 0 0 0 0 0 0 0 0 0 0 
0 0 0 0 0 0 0 0 0 0 0 0 0 0 0 0 0 0 0 0 0 0 0 0 0 0 0 0 0 0 2227.552218 2229.841858 2233.071869 2233.657396 2232.518598 2229.949531 2232.980463 2232.993816 2231.159656 2233.590769 2235.065582 2233.536758 2235.720481 2231.214069 2233.683765 2233.500332 2231.508063 2231.001903 2231.713952 2231.731481 2233.462154 2231.663627 2232.439473 2233.202951 2234.42836 2235.873806 2230.51162 2232.592329 2229.38067 2234.893174 2233.509579 2230.938568 2231.696786 2230.562048 2229.938176 2234.806463 2230.391939 2230.02531 2232.692192 2231.265387 0 0 0 0 0 0 0 0 0 0 0 0 0 0 0 0 0 0 0 0 0 0 0 0 0 0 0 0 0 0 
0 0 0 0 0 0 0 0 0 0 0 0 0 0 0 0 0 0 0 0 0 0 0 0 0 0 0 0 0 0 2231.354479 2230.100265 2233.301295 2228.380143 2232.102944 2232.129506 2231.224013 2235.27251 2231.846944 2229.269238 2229.478405 2230.132544 2231.033983 2235.217882 2234.271452 2230.6572 2230.67567 2234.612315 2236.035827 2234.542191 2231.216516 2233.179806 2231.694107 2233.005555 2230.688311 2231.694145 2231.238396 2232.463592 2234.4404 2228.580308 2232.044368 2228.604047 2234.179024 2235.416292 2230.850593 2233.084204 2233.585452 2231.791799 2230.66405 2230.315685 0 0 0 0 0 0 0 0 0 0 0 0 0 0 0 0 0 0 0 0 0 0 0 0 0 0 0 0 0 0 
0 0 0 0 0 0 0 0 0 0 0 0 0 0 0 0 0 0 0 0 0 0 0 0 0 0 0 0 0 0 2227.69397 2232.687697 2231.588255 2230.08402 2231.721659 2233.787758 2234.464348 2232.238219 2229.342398 2233.062152 2231.699216 2234.462949 2231.859092 2236.061919 2233.240439 2234.028961 2231.359825 2235.321899 2236.09401 2233.869512 2233.012653 2230.853403 2231.81063 2233.614565 2231.424019 2234.129913 2232.209687 2235.226774 2229.736272 2233.737181 2230.819965 2233.895319 2235.60417 2234.889018 2228.497615 2231.741665 2230.58807 2227.808395 2228.097149 2231.669389 0 0 0 0 0 0 0 0 0 0 0 0 0 0 0 0 0 0 0 0 0 0 0 0 0 0 0 0 0 0 
0 0 0 0 0 0 0 0 0 0 0 0 0 0 0 0 0 0 0 0 0 0 0 0 0 0 0 0 0 0 2233.225237 2232.732196 2233.855841 2233.294953 2231.618282 2231.879827 2230.381064 2233.195487 2232.660003 2235.978769 2230.636868 2236.734886 2231.976121 2235.893773 2234.174666 2233.728194 2233.946769 2231.989148 2232.721612 2232.820265 2234.220037 2232.192395 2233.682474 2234.001085 2236.170121 2234.139178 2232.223487 2233.39187 2234.712604 2232.838915 2233.355004 2233.45888 2234.175053 2232.972375 2232.935075 2233.044589 2231.19464 2232.108705 2233.127591 2231.405795 0 0 0 0 0 0 0 0 0 0 0 0 0 0 0 0 0 0 0 0 0 0 0 0 0 0 0 0 0 0 
0 0 0 0 0 0 0 0 0 0 0 0 0 0 0 0 0 0 0 0 0 0 0 0 0 0 0 0 0 0 2226.674768 2230.46963 2228.350853 2233.480415 2230.875581 2231.146881 2233.683777 2232.063693 2233.001536 2234.524035 2230.957829 2231.780906 2234.493386 2230.661224 2232.440143 2230.643603 2232.772049 2237.060351 2233.605117 2230.094916 2233.142847 2238.364495 2235.098429 2233.972508 2235.106928 2231.942853 2234.11165 2237.081351 2233.211208 2234.592764 2234.930698 2229.458502 2230.419059 2232.463122 2231.479878 2233.150315 2231.523623 2231.914788 2231.686447 2232.293217 0 0 0 0 0 0 0 0 0 0 0 0 0 0 0 0 0 0 0 0 0 0 0 0 0 0 0 0 0 0 
0 0 0 0 0 0 0 0 0 0 0 0 0 0 0 0 0 0 0 0 0 0 0 0 0 0 0 0 0 0 2230.44595 2235.718003 2233.408781 2232.61711 2233.588612 2230.191638 2229.087076 2234.129936 2232.525903 2232.892087 2233.946129 2232.123999 2233.347955 2232.115908 2232.134128 2236.535892 2233.423405 2235.72109 2232.261328 2234.530473 2234.975576 2228.55005 2238.089825 2234.052748 2233.431319 2232.734587 2232.058414 2233.563907 2234.344756 2232.089265 2231.815596 2235.666343 2231.54659 2231.411395 2233.260447 2231.240872 2231.088807 2232.295684 2230.981128 2233.256987 0 0 0 0 0 0 0 0 0 0 0 0 0 0 0 0 0 0 0 0 0 0 0 0 0 0 0 0 0 0 
0 0 0 0 0 0 0 0 0 0 0 0 0 0 0 0 0 0 0 0 0 0 0 0 0 0 0 0 0 0 2229.428072 2233.802861 2230.357204 2232.355586 2233.587482 2230.721474 2230.676981 2233.670357 2233.938011 2234.155214 2234.709434 2233.030691 2236.759675 2232.546946 2233.751529 2237.159874 2236.353743 2235.682909 2234.271779 2233.033865 2232.409124 2234.10567 2237.340686 2233.280871 2235.042331 2235.047344 2232.734943 2232.052205 2233.69911 2232.706042 2234.824953 2234.368824 2231.348172 2230.713805 2236.027957 2231.748298 2231.95864 2228.731397 2234.35643 2230.62452 0 0 0 0 0 0 0 0 0 0 0 0 0 0 0 0 0 0 0 0 0 0 0 0 0 0 0 0 0 0 
0 0 0 0 0 0 0 0 0 0 0 0 0 0 0 0 0 0 0 0 0 0 0 0 0 0 0 0 0 0 2232.450273 2231.144398 2234.951361 2235.125646 2232.415208 2231.786659 2235.281917 2233.71865 2231.464555 2236.015514 2233.856695 2232.708257 2233.854479 2235.236261 2233.743044 2234.228367 2233.912796 2232.300058 2234.621648 2234.486697 2230.749584 2233.442039 2235.043654 2235.830683 2231.951218 2233.420129 2233.237726 2233.034116 2236.138685 2235.724907 2231.397094 2231.525264 2231.559567 2235.843257 2234.915647 2229.69962 2229.117637 2232.547747 2233.128018 2230.312673 0 0 0 0 0 0 0 0 0 0 0 0 0 0 0 0 0 0 0 0 0 0 0 0 0 0 0 0 0 0 
0 0 0 0 0 0 0 0 0 0 0 0 0 0 0 0 0 0 0 0 0 0 0 0 0 0 0 0 0 0 2228.109529 2230.499515 2232.751783 2232.089511 2229.226569 2233.411605 2232.431145 2232.746508 2231.258279 2236.046273 2234.53462 2234.139829 2235.203531 2231.164055 2234.144187 2232.082085 2235.888865 2236.331074 2235.504966 2235.634312 2232.136282 2231.423173 2235.103422 2234.750497 2232.802878 2231.961324 2233.667834 2230.994506 2235.816827 2236.944058 2238.151334 2229.407981 2231.942552 2231.91431 2237.151768 2234.585343 2234.287925 2234.540009 2231.708701 2232.545585 0 0 0 0 0 0 0 0 0 0 0 0 0 0 0 0 0 0 0 0 0 0 0 0 0 0 0 0 0 0 
0 0 0 0 0 0 0 0 0 0 0 0 0 0 0 0 0 0 0 0 0 0 0 0 0 0 0 0 0 0 2232.820354 2231.976147 2230.865152 2234.565356 2228.967264 2232.898202 2234.30719 2235.164247 2232.458377 2232.527484 2234.802671 2233.524834 2233.363994 2235.081058 2234.537058 2235.612357 2233.391191 2233.529284 2233.705165 2235.73998 2233.856538 2235.139288 2232.570427 2236.068594 2234.815621 2232.267974 2232.42435 2233.878652 2236.353738 2235.032856 2234.080185 2233.267864 2234.931441 2236.239649 2232.970089 2235.430693 2230.153278 2232.486762 2237.158068 2230.46423 0 0 0 0 0 0 0 0 0 0 0 0 0 0 0 0 0 0 0 0 0 0 0 0 0 0 0 0 0 0 
0 0 0 0 0 0 0 0 0 0 0 0 0 0 0 0 0 0 0 0 0 0 0 0 0 0 0 0 0 0 2232.742141 2235.019653 2231.149274 2233.745107 2230.253495 2234.786925 2233.096873 2231.029909 2232.026577 2235.024828 2233.375879 2236.16303 2235.05279 2232.961913 2234.860543 2233.907286 2234.249376 2233.951994 2233.432524 2235.269148 2231.201034 2233.837777 2236.288216 2233.397224 2232.71932 2233.164479 2232.792595 2233.226786 2233.379717 2234.266484 2236.190537 2233.086388 2233.094661 2233.94494 2234.186537 2233.283912 2232.007868 2233.700692 2231.460758 2229.229528 0 0 0 0 0 0 0 0 0 0 0 0 0 0 0 0 0 0 0 0 0 0 0 0 0 0 0 0 0 0 
0 0 0 0 0 0 0 0 0 0 0 0 0 0 0 0 0 0 0 0 0 0 0 0 0 0 0 0 0 0 2228.523688 2235.995901 2231.801937 2235.041724 2234.088119 2231.699987 2234.742687 2234.228397 2234.539918 2235.347148 2233.15037 2234.346851 2234.189541 2235.596864 2233.713436 2235.440702 2236.819449 2234.044165 2233.198726 2233.134872 2235.00916 2233.144168 2232.616862 2236.3343 2237.048856 2234.119051 2233.797112 2231.883941 2236.384128 2232.825141 2234.438759 2232.524679 2235.441127 2233.060542 2235.226242 2231.63896 2231.085125 2232.049199 2230.444789 2228.368245 0 0 0 0 0 0 0 0 0 0 0 0 0 0 0 0 0 0 0 0 0 0 0 0 0 0 0 0 0 0 
0 0 0 0 0 0 0 0 0 0 0 0 0 0 0 0 0 0 0 0 0 0 0 0 0 0 0 0 0 0 2238.42109 2232.234364 2232.718435 2233.613721 2230.063541 2237.750673 2233.774727 2235.87902 2232.840639 2233.351113 2232.461384 2233.847246 2236.39966 2232.793392 2233.857111 2230.744344 2234.482223 2232.000478 2235.21125 2235.743029 2235.969258 2235.65172 2231.184359 2232.788947 2235.224262 2230.44309 2233.248312 2230.26392 2231.442666 2237.065511 2233.820174 2233.918842 2235.89777 2235.066187 2237.674364 2233.570798 2233.897607 2233.187957 2231.079807 2231.75284 0 0 0 0 0 0 0 0 0 0 0 0 0 0 0 0 0 0 0 0 0 0 0 0 0 0 0 0 0 0 
0 0 0 0 0 0 0 0 0 0 0 0 0 0 0 0 0 0 0 0 0 0 0 0 0 0 0 0 0 0 2230.897808 2231.768629 2232.353844 2234.231874 2234.973422 2235.204911 2231.804376 2232.77017 2236.893617 2236.929491 2233.689883 2235.695709 2232.485939 2234.54407 2233.890795 2237.76427 2234.239885 2230.163452 2237.481941 2235.974143 2236.326026 2236.43383 2236.158949 2235.545741 2235.26861 2232.037301 2234.871595 2231.104097 2235.200307 2233.141936 2231.247756 2233.180652 2236.379844 2231.016278 2233.834058 2230.819603 2233.300299 2234.386062 2234.084659 2231.430231 0 0 0 0 0 0 0 0 0 0 0 0 0 0 0 0 0 0 0 0 0 0 0 0 0 0 0 0 0 0 
0 0 0 0 0 0 0 0 0 0 0 0 0 0 0 0 0 0 0 0 0 0 0 0 0 0 0 0 0 0 2231.040418 2233.683038 2231.672966 2233.149296 2234.347442 2234.414234 2234.703086 2232.786154 2234.935252 2233.864312 2235.462255 2238.328874 2232.634775 2232.631199 2231.583254 2234.273705 2234.006562 2234.461001 2236.115038 2237.744515 2236.978993 2235.066831 2234.254715 2233.345282 2233.119487 2236.147744 2237.747233 2231.558458 2232.470717 2237.383897 2233.426649 2232.01136 2231.798783 2231.649157 2232.693411 2232.624842 2231.54043 2230.3886 2232.085035 2232.397678 0 0 0 0 0 0 0 0 0 0 0 0 0 0 0 0 0 0 0 0 0 0 0 0 0 0 0 0 0 0 
0 0 0 0 0 0 0 0 0 0 0 0 0 0 0 0 0 0 0 0 0 0 0 0 0 0 0 0 0 0 2230.979869 2234.04949 2233.011176 2231.466649 2235.371588 2230.568876 2235.778495 2232.140595 2232.166803 2231.742829 2235.929648 2233.991065 2233.697275 2234.113718 2236.393218 2234.692773 2235.134454 2230.400043 2234.756012 2232.732111 2233.858823 2237.202587 2233.972601 2235.933662 2236.310688 2233.585855 2233.337055 2233.937722 2236.474379 2232.56223 2231.971495 2229.81073 2234.825944 2231.564739 2236.654322 2233.939281 2234.250823 2231.700069 2231.623989 2226.656843 0 0 0 0 0 0 0 0 0 0 0 0 0 0 0 0 0 0 0 0 0 0 0 0 0 0 0 0 0 0 
0 0 0 0 0 0 0 0 0 0 0 0 0 0 0 0 0 0 0 0 0 0 0 0 0 0 0 0 0 0 2229.914564 2231.419404 2232.54054 2233.906578 2232.744504 2235.110442 2234.973747 2236.074316 2234.194112 2232.559861 2229.997691 2232.248988 2236.063395 2233.723446 2236.980225 2232.368709 2230.776367 2237.779653 2234.775852 2237.261778 2235.031376 2234.917929 2233.222394 2234.784086 2235.432073 2235.132876 2236.318226 2236.159986 2233.938445 2230.947822 2236.264921 2235.937754 2233.480983 2232.826323 2233.629932 2233.503557 2231.936972 2236.582852 2232.573371 2227.162303 0 0 0 0 0 0 0 0 0 0 0 0 0 0 0 0 0 0 0 0 0 0 0 0 0 0 0 0 0 0 
0 0 0 0 0 0 0 0 0 0 0 0 0 0 0 0 0 0 0 0 0 0 0 0 0 0 0 0 0 0 2231.115696 2234.130226 2233.714816 2230.005068 2234.565748 2234.812142 2232.297449 2233.631087 2232.134895 2235.008017 2232.312605 2235.09378 2233.390417 2234.819162 2232.498067 2237.112361 2234.335371 2234.286543 2237.690745 2237.924698 2237.154206 2230.000409 2235.06746 2236.178591 2235.94471 2237.568171 2234.230364 2234.799185 2234.722362 2236.337135 2234.365451 2232.944481 2236.389544 2233.741539 2235.574663 2233.452941 2231.444995 2230.750572 2234.952937 2230.489973 0 0 0 0 0 0 0 0 0 0 0 0 0 0 0 0 0 0 0 0 0 0 0 0 0 0 0 0 0 0 
0 0 0 0 0 0 0 0 0 0 0 0 0 0 0 0 0 0 0 0 0 0 0 0 0 0 0 0 0 0 2234.714814 2235.19465 2233.133147 2234.784504 2232.626093 2234.11904 2236.591094 2231.139781 2237.317414 2235.511497 2232.479811 2235.528921 2235.352273 2232.434929 2236.119984 2235.910439 2233.717005 2231.484023 2234.627049 2233.515287 2234.886492 2234.796815 2232.312636 2232.986919 2235.403931 2234.262021 2234.411319 2231.40939 2233.660118 2230.945981 2233.933081 2232.572957 2235.099677 2230.952109 2233.452428 2234.396597 2232.636355 2232.415708 2235.636079 2230.521168 0 0 0 0 0 0 0 0 0 0 0 0 0 0 0 0 0 0 0 0 0 0 0 0 0 0 0 0 0 0 
0 0 0 0 0 0 0 0 0 0 0 0 0 0 0 0 0 0 0 0 0 0 0 0 0 0 0 0 0 0 2230.795116 2234.041466 2236.710315 2232.891995 2232.464434 2236.33756 2234.615539 2233.961167 2232.037408 2233.93061 2234.042332 2234.988762 2237.574983 2232.879577 2239.339602 2233.698269 2235.031226 2236.830933 2234.470988 2235.872856 2233.755222 2236.775665 2235.269267 2236.314223 2236.003233 2234.878208 2235.96457 2236.490998 2234.058355 2234.666254 2231.583134 2232.524244 2236.263528 2233.387947 2236.996945 2230.402124 2234.800612 2232.02329 2231.252725 2229.718256 0 0 0 0 0 0 0 0 0 0 0 0 0 0 0 0 0 0 0 0 0 0 0 0 0 0 0 0 0 0 
0 0 0 0 0 0 0 0 0 0 0 0 0 0 0 0 0 0 0 0 0 0 0 0 0 0 0 0 0 0 2232.574273 2232.98548 2231.651775 2234.345327 2233.86348 2231.041133 2234.944619 2230.842953 2233.355519 2233.484895 2235.931756 2235.242429 2236.235324 2237.197484 2236.8587 2235.929366 2233.044139 2235.114003 2235.764454 2237.54509 2234.615229 2233.379176 2235.808101 2237.187572 2231.711927 2232.671281 2235.436956 2234.003522 2237.925243 2235.611999 2233.078441 2236.493302 2234.283578 2234.686277 2234.811585 2232.588324 2227.576514 2236.57912 2231.442176 2231.124122 0 0 0 0 0 0 0 0 0 0 0 0 0 0 0 0 0 0 0 0 0 0 0 0 0 0 0 0 0 0 
0 0 0 0 0 0 0 0 0 0 0 0 0 0 0 0 0 0 0 0 0 0 0 0 0 0 0 0 0 0 2231.183799 2234.310461 2233.470856 2229.650396 2235.523818 2234.085838 2234.562564 2235.558926 2232.025363 2232.025068 2233.982177 2233.28335 2231.272634 2233.551855 2232.00597 2236.029343 2235.197642 2232.3539 2236.793673 2236.236029 2235.378684 2235.774464 2236.448498 2234.256182 2235.111997 2238.136444 2234.279882 2233.581596 2233.73535 2231.805294 2232.254417 2231.539899 2234.177578 2232.386317 2230.015675 2232.154363 2231.253421 2230.052576 2231.403017 2227.515291 0 0 0 0 0 0 0 0 0 0 0 0 0 0 0 0 0 0 0 0 0 0 0 0 0 0 0 0 0 0 
0 0 0 0 0 0 0 0 0 0 0 0 0 0 0 0 0 0 0 0 0 0 0 0 0 0 0 0 0 0 2231.175147 2233.050515 2235.512379 2230.856325 2232.20704 2232.329857 2233.715875 2230.655537 2232.712036 2233.246101 2238.064355 2234.005008 2233.481938 2236.335766 2236.3485 2235.123484 2230.972596 2234.69646 2233.923308 2235.600225 2232.888021 2234.183196 2235.086153 2233.952173 2233.334507 2233.880465 2233.272975 2233.14915 2235.338835 2235.177839 2233.958986 2235.043584 2231.305166 2231.034655 2235.625882 2232.267496 2233.753046 2230.374547 2232.284286 2230.560654 0 0 0 0 0 0 0 0 0 0 0 0 0 0 0 0 0 0 0 0 0 0 0 0 0 0 0 0 0 0 
0 0 0 0 0 0 0 0 0 0 0 0 0 0 0 0 0 0 0 0 0 0 0 0 0 0 0 0 0 0 2229.646764 2229.881407 2233.492823 2232.184598 2237.337807 2235.378261 2234.275061 2238.125456 2231.15524 2231.245095 2236.166161 2233.986454 2234.271068 2237.481822 2232.634475 2234.945055 2235.947532 2234.663318 2232.339391 2234.015349 2233.815752 2236.24475 2235.227316 2234.414863 2235.605593 2234.731991 2234.25995 2234.453036 2237.728737 2234.857469 2234.760053 2230.76792 2232.802433 2231.791203 2231.598469 2232.165673 2233.430952 2233.581091 2235.776427 2231.774085 0 0 0 0 0 0 0 0 0 0 0 0 0 0 0 0 0 0 0 0 0 0 0 0 0 0 0 0 0 0 
0 0 0 0 0 0 0 0 0 0 0 0 0 0 0 0 0 0 0 0 0 0 0 0 0 0 0 0 0 0 2229.721926 2236.807031 2232.971569 2232.879066 2231.091359 2234.051821 2230.924825 2230.444832 2235.107871 2237.034714 2232.492534 2235.735765 2236.133331 2234.0637 2235.276237 2232.580441 2236.206292 2235.102811 2234.780545 2235.253016 2233.174513 2234.908641 2235.918991 2235.457062 2235.878714 2235.125327 2238.112547 2231.522056 2235.426649 2232.892473 2234.165455 2231.836825 2233.5478 2233.902455 2233.905384 2233.14236 2233.005453 2229.308669 2231.665409 2227.941955 0 0 0 0 0 0 0 0 0 0 0 0 0 0 0 0 0 0 0 0 0 0 0 0 0 0 0 0 0 0 
0 0 0 0 0 0 0 0 0 0 0 0 0 0 0 0 0 0 0 0 0 0 0 0 0 0 0 0 0 0 2233.858108 2231.121824 2231.825172 2234.519117 2235.427664 2232.378274 2233.653723 2238.94335 2234.603558 2234.189375 2237.671047 2232.824969 2235.451109 2235.251999 2238.212941 2233.485023 2234.605387 2233.449274 2236.395369 2233.374773 2232.343142 2235.646191 2232.235944 2236.336095 2233.859842 2234.645357 2231.679566 2234.341525 2235.088902 2234.889415 2231.083315 2236.064877 2231.969406 2232.690289 2234.47445 2234.436806 2230.596422 2231.712722 2229.342418 2228.043903 0 0 0 0 0 0 0 0 0 0 0 0 0 0 0 0 0 0 0 0 0 0 0 0 0 0 0 0 0 0 
0 0 0 0 0 0 0 0 0 0 0 0 0 0 0 0 0 0 0 0 0 0 0 0 0 0 0 0 0 0 2231.02849 2233.59442 2230.060704 2235.931634 2232.080963 2230.830045 2232.744117 2237.523158 2231.865333 2233.209225 2234.682738 2236.300502 2236.805226 2234.463564 2235.191742 2232.430333 2234.947109 2238.451679 2236.369774 2234.936482 2232.948434 2232.667109 2233.759908 2233.356907 2234.375787 2231.189557 2232.380123 2231.149168 2233.854907 2233.385149 2232.926658 2232.82457 2233.051011 2235.091661 2232.283079 2233.783045 2231.769454 2232.708961 2233.260697 2228.843346 0 0 0 0 0 0 0 0 0 0 0 0 0 0 0 0 0 0 0 0 0 0 0 0 0 0 0 0 0 0 
0 0 0 0 0 0 0 0 0 0 0 0 0 0 0 0 0 0 0 0 0 0 0 0 0 0 0 0 0 0 2232.642922 2231.316079 2234.004815 2230.414875 2230.721857 2231.608316 2234.450481 2232.134253 2232.779723 2233.973988 2230.168432 2233.012266 2233.181318 2235.158444 2234.57881 2230.707325 2230.851811 2233.520027 2232.073381 2235.213477 2234.490211 2234.475317 2232.586175 2235.766619 2235.370445 2236.288938 2233.080496 2234.348011 2232.880865 2234.719767 2232.439923 2234.818492 2233.742877 2231.796856 2236.633178 2231.034036 2233.746291 2231.308714 2232.077268 2231.002906 0 0 0 0 0 0 0 0 0 0 0 0 0 0 0 0 0 0 0 0 0 0 0 0 0 0 0 0 0 0 
0 0 0 0 0 0 0 0 0 0 0 0 0 0 0 0 0 0 0 0 0 0 0 0 0 0 0 0 0 0 2229.193736 2234.575051 2230.04606 2233.49952 2232.424137 2233.441118 2230.800687 2232.788897 2235.085523 2236.617861 2235.329093 2233.646871 2232.170647 2236.24849 2236.028938 2236.146839 2236.529815 2235.44124 2239.081268 2235.294252 2233.849236 2233.191092 2233.297813 2232.878218 2234.299258 2234.931947 2234.839579 2234.599898 2233.653531 2230.116052 2232.661765 2231.756446 2230.958918 2231.756224 2230.230521 2232.925606 2231.027481 2228.588565 2232.155919 2230.094437 0 0 0 0 0 0 0 0 0 0 0 0 0 0 0 0 0 0 0 0 0 0 0 0 0 0 0 0 0 0 
0 0 0 0 0 0 0 0 0 0 0 0 0 0 0 0 0 0 0 0 0 0 0 0 0 0 0 0 0 0 2231.717281 2229.41783 2232.577626 2231.903355 2232.259774 2233.922087 2233.458031 2233.542358 2233.877722 2233.454506 2234.177567 2237.315036 2233.774405 2235.096594 2235.533946 2232.400918 2231.356506 2231.152685 2235.187606 2232.253749 2234.696448 2236.267846 2232.254107 2236.914509 2234.767688 2235.592123 2235.15045 2230.869328 2234.106754 2234.026043 2238.806062 2234.876129 2234.267463 2236.219342 2233.223886 2232.52722 2233.499746 2236.0606 2236.177154 2227.115756 0 0 0 0 0 0 0 0 0 0 0 0 0 0 0 0 0 0 0 0 0 0 0 0 0 0 0 0 0 0 
0 0 0 0 0 0 0 0 0 0 0 0 0 0 0 0 0 0 0 0 0 0 0 0 0 0 0 0 0 0 2228.113149 2232.898981 2229.836617 2233.779198 2233.957737 2231.628139 2231.050685 2238.565466 2234.374362 2232.742638 2231.660776 2234.585446 2234.227246 2235.998311 2234.245145 2231.050351 2234.79976 2236.081407 2236.824176 2231.395403 2235.398505 2234.195265 2232.929449 2232.406991 2232.416611 2232.134565 2232.899584 2234.882188 2234.573345 2234.322099 2231.017598 2235.404165 2231.927457 2234.175336 2230.242349 2233.324135 2233.761295 2231.704188 2234.745593 2230.698612 0 0 0 0 0 0 0 0 0 0 0 0 0 0 0 0 0 0 0 0 0 0 0 0 0 0 0 0 0 0 
0 0 0 0 0 0 0 0 0 0 0 0 0 0 0 0 0 0 0 0 0 0 0 0 0 0 0 0 0 0 2231.817782 2229.986264 2227.847175 2232.784451 2232.161902 2232.083204 2230.888959 2230.809338 2234.655585 2234.535403 2234.502379 2231.80945 2233.120025 2233.523993 2231.801062 2232.625146 2233.367202 2231.462961 2232.677549 2232.317566 2236.420499 2234.578671 2231.597554 2235.274464 2231.01691 2232.30712 2236.970892 2234.940558 2231.702096 2234.198383 2231.555106 2233.785453 2237.594846 2232.890439 2229.8001 2231.098331 2232.563708 2229.125027 2234.295745 2227.842362 0 0 0 0 0 0 0 0 0 0 0 0 0 0 0 0 0 0 0 0 0 0 0 0 0 0 0 0 0 0 
0 0 0 0 0 0 0 0 0 0 0 0 0 0 0 0 0 0 0 0 0 0 0 0 0 0 0 0 0 0 2229.856078 2229.52953 2231.297798 2232.847103 2235.836355 2232.983161 2231.262755 2234.765812 2233.014756 2233.054391 2235.668841 2233.506576 2233.024428 2234.312944 2234.723106 2232.790811 2234.066002 2233.686051 2236.826969 2234.257432 2233.889487 2234.372027 2235.267856 2234.044235 2232.791207 2236.549478 2232.17851 2233.386821 2232.713157 2230.586864 2232.021703 2229.58973 2232.195431 2231.325784 2231.628995 2233.344914 2236.373454 2235.236206 2230.363844 2231.229501 0 0 0 0 0 0 0 0 0 0 0 0 0 0 0 0 0 0 0 0 0 0 0 0 0 0 0 0 0 0 
0 0 0 0 0 0 0 0 0 0 0 0 0 0 0 0 0 0 0 0 0 0 0 0 0 0 0 0 0 0 2230.511379 2228.10167 2232.549194 2233.491046 2231.686561 2234.191519 2228.087186 2230.949344 2230.425811 2232.545746 2236.622437 2230.123492 2235.400007 2233.07956 2234.567839 2232.60384 2234.234361 2233.956486 2229.179096 2233.491679 2231.820953 2234.5065 2231.029705 2233.400289 2234.326577 2230.730836 2234.998426 2232.941366 2235.695898 2235.926829 2233.353474 2233.417377 2233.591755 2230.325415 2231.168235 2232.229339 2232.591914 2232.003645 2235.683304 2228.370132 0 0 0 0 0 0 0 0 0 0 0 0 0 0 0 0 0 0 0 0 0 0 0 0 0 0 0 0 0 0 
0 0 0 0 0 0 0 0 0 0 0 0 0 0 0 0 0 0 0 0 0 0 0 0 0 0 0 0 0 0 2231.722788 2229.001399 2231.245649 2227.71803 2230.399653 2233.71749 2233.864823 2231.801673 2231.97027 2231.767956 2231.003621 2237.854963 2233.984928 2232.600639 2232.187972 2234.124236 2237.214598 2234.57581 2237.181139 2233.935011 2230.713414 2230.396294 2234.19026 2232.29994 2237.668351 2231.39666 2231.791275 2234.785321 2230.337135 2233.278308 2233.687306 2232.184769 2232.455496 2235.604895 2230.544301 2231.762468 2233.874891 2230.102444 2235.525733 2228.772327 0 0 0 0 0 0 0 0 0 0 0 0 0 0 0 0 0 0 0 0 0 0 0 0 0 0 0 0 0 0 
0 0 0 0 0 0 0 0 0 0 0 0 0 0 0 0 0 0 0 0 0 0 0 0 0 0 0 0 0 0 2228.732525 2230.223931 2230.462214 2232.228979 2232.900981 2228.482904 2232.54609 2233.758232 2232.642208 2231.202705 2232.708605 2232.363788 2233.332349 2231.879536 2230.909334 2231.277973 2232.683881 2232.67723 2235.071188 2234.413211 2235.283897 2233.860503 2237.003939 2234.729377 2233.487056 2232.151173 2240.187364 2232.848654 2231.168483 2231.737918 2233.904833 2232.260378 2232.757352 2232.43036 2230.09236 2231.797009 2234.702345 2234.165861 2232.486835 2230.082944 0 0 0 0 0 0 0 0 0 0 0 0 0 0 0 0 0 0 0 0 0 0 0 0 0 0 0 0 0 0 
0 0 0 0 0 0 0 0 0 0 0 0 0 0 0 0 0 0 0 0 0 0 0 0 0 0 0 0 0 0 2233.437411 2230.682985 2231.682673 2229.744809 2230.730361 2230.208047 2231.497526 2234.735045 2232.157205 2233.105284 2233.5359 2234.168761 2234.115456 2233.260388 2230.763814 2234.899713 2233.778237 2234.240465 2229.447536 2232.045661 2234.002641 2234.593704 2232.784359 2232.844002 2233.732831 2230.23912 2231.451592 2235.025001 2229.683267 2229.570828 2233.843038 2235.482689 2238.956104 2230.932789 2229.672277 2232.308299 2231.063544 2233.044105 2229.523398 2230.557296 0 0 0 0 0 0 0 0 0 0 0 0 0 0 0 0 0 0 0 0 0 0 0 0 0 0 0 0 0 0 
0 0 0 0 0 0 0 0 0 0 0 0 0 0 0 0 0 0 0 0 0 0 0 0 0 0 0 0 0 0 2228.033627 2230.276408 2231.301687 2232.290996 2227.945277 2227.807084 2233.028705 2229.712615 2231.771424 2232.549954 2234.310356 2229.993764 2231.777891 2232.522334 2235.02731 2233.322293 2231.564011 2236.21551 2234.851908 2232.035395 2233.654177 2232.066277 2230.98955 2236.864336 2231.862505 2230.308461 2236.322921 2232.507662 2234.05376 2231.437209 2230.305429 2234.072904 2233.801084 2233.158039 2229.267567 2234.485664 2234.091148 2227.869882 2234.639084 2226.564847 0 0 0 0 0 0 0 0 0 0 0 0 0 0 0 0 0 0 0 0 0 0 0 0 0 0 0 0 0 0 
0 0 0 0 0 0 0 0 0 0 0 0 0 0 0 0 0 0 0 0 0 0 0 0 0 0 0 0 0 0 2231.155023 2228.368928 2228.838818 2232.497848 2230.118691 2231.959621 2230.222481 2230.278772 2231.356675 2228.818259 2227.171955 2230.971815 2230.632491 2231.88128 2232.734789 2234.839405 2233.026161 2232.99448 2231.406535 2231.179023 2235.188906 2232.13963 2234.332368 2234.212537 2230.840077 2232.173853 2229.853741 2234.997218 2232.288757 2230.883553 2233.149529 2234.568908 2231.397873 2230.6014 2231.972256 2229.843866 2235.523275 2231.845335 2230.609991 2227.751486 0 0 0 0 0 0 0 0 0 0 0 0 0 0 0 0 0 0 0 0 0 0 0 0 0 0 0 0 0 0 
0 0 0 0 0 0 0 0 0 0 0 0 0 0 0 0 0 0 0 0 0 0 0 0 0 0 0 0 0 0 2228.695032 2234.534352 2229.087124 2230.548041 2232.21073 2230.337519 2232.43932 2231.378973 2230.800989 2231.26072 2232.684169 2229.860415 2233.788425 2232.463574 2234.101132 2232.540063 2231.701425 2231.415756 2234.55475 2233.980217 2232.818153 2230.605097 2232.708353 2231.759692 2231.845132 2232.664569 2232.845826 2232.854314 2233.172378 2230.660542 2228.256955 2231.520492 2231.23234 2228.685099 2231.743027 2230.527977 2230.803171 2233.227585 2229.426905 2222.830389 0 0 0 0 0 0 0 0 0 0 0 0 0 0 0 0 0 0 0 0 0 0 0 0 0 0 0 0 0 0 
0 0 0 0 0 0 0 0 0 0 0 0 0 0 0 0 0 0 0 0 0 0 0 0 0 0 0 0 0 0 2228.758442 2232.5941 2229.328374 2224.758414 2230.793508 2230.957149 2232.492724 2232.79659 2229.023461 2234.366284 2232.695077 2233.175412 2231.652861 2229.28138 2229.098966 2230.341336 2230.124216 2233.843543 2230.666197 2233.306972 2231.401136 2232.565032 2231.531591 2232.455734 2233.397262 2230.355471 2233.462636 2231.841192 2228.482277 2233.139963 2233.032662 2233.318858 2232.404166 2232.164039 2231.713482 2232.181648 2229.263392 2227.347754 2230.000135 2226.255614 0 0 0 0 0 0 0 0 0 0 0 0 0 0 0 0 0 0 0 0 0 0 0 0 0 0 0 0 0 0 
0 0 0 0 0 0 0 0 0 0 0 0 0 0 0 0 0 0 0 0 0 0 0 0 0 0 0 0 0 0 2229.94535 2230.839476 2231.202917 2230.688793 2231.576423 2230.187886 2227.276372 2230.797625 2228.861778 2231.252867 2232.658942 2232.805826 2230.757185 2230.652093 2230.171536 2234.67955 2236.435617 2231.109294 2233.378336 2230.875024 2230.229557 2230.323763 2232.364688 2233.199498 2233.156186 2232.88744 2232.537779 2232.371242 2234.553625 2232.264063 2233.065448 2232.503588 2232.369788 2232.033529 2232.526616 2231.163677 2228.712722 2232.717851 2230.466435 2230.27111 0 0 0 0 0 0 0 0 0 0 0 0 0 0 0 0 0 0 0 0 0 0 0 0 0 0 0 0 0 0 
0 0 0 0 0 0 0 0 0 0 0 0 0 0 0 0 0 0 0 0 0 0 0 0 0 0 0 0 0 0 2228.732569 2228.01082 2228.326739 2231.840396 2229.042497 2230.19242 2230.846143 2232.162777 2231.848606 2232.114806 2229.988416 2228.915309 2231.212442 2231.115749 2231.000641 2228.800067 2231.676427 2230.516632 2230.749554 2232.816541 2228.301137 2230.249377 2233.34137 2231.91498 2232.697395 2231.63598 2232.854292 2231.94623 2232.407588 2233.909694 2231.877234 2230.697542 2231.872827 2230.071998 2231.891899 2229.933606 2229.280835 2227.290713 2230.247236 2226.832583 0 0 0 0 0 0 0 0 0 0 0 0 0 0 0 0 0 0 0 0 0 0 0 0 0 0 0 0 0 0 
0 0 0 0 0 0 0 0 0 0 0 0 0 0 0 0 0 0 0 0 0 0 0 0 0 0 0 0 0 0 2229.067664 2226.527741 2229.970228 2229.239117 2232.097505 2227.622129 2232.835263 2231.67127 2231.816415 2230.938741 2232.597447 2230.398703 2234.88388 2228.31671 2230.907367 2230.585295 2232.276267 2231.844746 2232.47265 2231.473157 2230.589368 2230.864859 2230.31949 2229.739148 2231.466322 2227.040725 2232.131077 2230.173754 2230.303383 2232.024171 2229.887279 2231.777999 2232.36244 2233.030629 2230.22202 2229.307596 2232.057197 2227.69364 2230.299556 2231.097861 0 0 0 0 0 0 0 0 0 0 0 0 0 0 0 0 0 0 0 0 0 0 0 0 0 0 0 0 0 0 
0 0 0 0 0 0 0 0 0 0 0 0 0 0 0 0 0 0 0 0 0 0 0 0 0 0 0 0 0 0 2226.400133 2229.698489 2230.043373 2229.870586 2228.209918 2229.095274 2232.800651 2230.844524 2231.6921 2230.963799 2232.617756 2229.20969 2234.809065 2228.842765 2229.851258 2230.375459 2231.314154 2231.292753 2231.398401 2232.633299 2228.541126 2228.147878 2231.090706 2229.567255 2229.951996 2231.01087 2230.3731 2227.406166 2230.80238 2230.859133 2230.338578 2232.228069 2228.49511 2228.735292 2232.85386 2231.172767 2232.815486 2227.612075 2231.549549 2225.891916 0 0 0 0 0 0 0 0 0 0 0 0 0 0 0 0 0 0 0 0 0 0 0 0 0 0 0 0 0 0 
0 0 0 0 0 0 0 0 0 0 0 0 0 0 0 0 0 0 0 0 0 0 0 0 0 0 0 0 0 0 2227.894724 2227.49861 2229.068276 2229.696814 2229.047944 2228.821558 2226.423533 2232.736774 2229.662816 2230.606158 2235.121848 2230.004527 2229.781562 2230.078745 2230.201503 2227.124346 2227.87903 2235.405669 2230.872167 2229.08651 2230.93857 2233.393657 2231.345152 2229.744395 2231.891387 2229.46986 2231.484706 2231.274489 2230.401503 2227.158378 2230.387103 2229.245873 2230.829267 2234.175442 2232.872625 2229.26181 2227.988001 2227.767181 2231.772663 2224.386758 0 0 0 0 0 0 0 0 0 0 0 0 0 0 0 0 0 0 0 0 0 0 0 0 0 0 0 0 0 0 
0 0 0 0 0 0 0 0 0 0 0 0 0 0 0 0 0 0 0 0 0 0 0 0 0 0 0 0 0 0 2230.438122 2227.710826 2227.559998 2228.003404 2231.075331 2227.930806 2225.887253 2227.930045 2230.069037 2226.006603 2229.659024 2228.880033 2233.960499 2227.561659 2230.21581 2229.410518 2232.353235 2230.498414 2231.548338 2231.020375 2231.636598 2228.477709 2230.448262 2228.859586 2230.167502 2229.991699 2231.60192 2228.807366 2229.631692 2230.087529 2227.736054 2229.043619 2229.733554 2227.511392 2225.202574 2228.955178 2229.129613 2230.269541 2226.065763 2225.272694 0 0 0 0 0 0 0 0 0 0 0 0 0 0 0 0 0 0 0 0 0 0 0 0 0 0 0 0 0 0 
0 0 0 0 0 0 0 0 0 0 0 0 0 0 0 0 0 0 0 0 0 0 0 0 0 0 0 0 0 0 2228.149144 2226.77149 2227.999496 2231.028175 2227.656756 2230.47296 2229.473346 2228.601045 2227.637595 2226.501413 2228.272508 2229.855647 2231.207935 2229.281958 2229.236478 2229.435765 2230.554625 2228.569132 2231.115738 2231.048782 2228.520418 2231.013074 2230.95136 2229.906921 2231.552729 2232.176214 2228.061337 2226.534189 2231.916391 2232.986444 2229.013267 2231.211277 2228.588906 2229.268231 2229.312112 2231.587681 2226.691492 2230.558117 2231.054136 2228.14786 0 0 0 0 0 0 0 0 0 0 0 0 0 0 0 0 0 0 0 0 0 0 0 0 0 0 0 0 0 0 
0 0 0 0 0 0 0 0 0 0 0 0 0 0 0 0 0 0 0 0 0 0 0 0 0 0 0 0 0 0 2229.177744 2228.205712 2228.084522 2232.667861 2229.346632 2227.748747 2230.548408 2228.938665 2229.722722 2224.525071 2228.87101 2228.510267 2226.053661 2230.636053 2229.937919 2230.389713 2230.482402 2228.508981 2228.414777 2228.884595 2226.448227 2226.827204 2228.003742 2226.693993 2225.871914 2230.123052 2231.585807 2230.631573 2230.790161 2228.496375 2229.68468 2229.832182 2229.330845 2232.181115 2229.109257 2227.11544 2227.730714 2230.609926 2223.738302 2223.155224 0 0 0 0 0 0 0 0 0 0 0 0 0 0 0 0 0 0 0 0 0 0 0 0 0 0 0 0 0 0 
0 0 0 0 0 0 0 0 0 0 0 0 0 0 0 0 0 0 0 0 0 0 0 0 0 0 0 0 0 0 2229.216361 2231.617115 2231.145416 2229.26652 2228.908329 2228.759904 2226.611154 2227.730011 2230.67229 2230.284977 2228.338464 2230.949608 2230.605656 2226.138202 2229.707074 2228.843248 2227.412246 2228.213034 2227.477796 2226.544314 2231.752822 2227.796757 2226.175758 2226.50898 2229.036774 2228.317364 2229.799543 2228.488295 2227.274237 2230.90168 2228.941869 2227.004284 2230.09964 2227.927238 2232.434468 2227.528033 2228.252579 2228.10053 2227.365706 2222.538614 0 0 0 0 0 0 0 0 0 0 0 0 0 0 0 0 0 0 0 0 0 0 0 0 0 0 0 0 0 0 
0 0 0 0 0 0 0 0 0 0 0 0 0 0 0 0 0 0 0 0 0 0 0 0 0 0 0 0 0 0 2227.043997 2227.839901 2228.112202 2227.274918 2226.498509 2226.424937 2228.768374 2227.314463 2224.350835 2227.573337 2226.34911 2228.699385 2228.939456 2230.905241 2227.851614 2227.853062 2227.908546 2228.203163 2226.112307 2227.392631 2226.354547 2230.610716 2227.734445 2225.682476 2226.547169 2228.926708 2229.361478 2226.904659 2227.85257 2230.031653 2228.796977 2229.530777 2226.712247 2229.241482 2229.443423 2226.067644 2226.423086 2228.87821 2228.019236 2225.175508 0 0 0 0 0 0 0 0 0 0 0 0 0 0 0 0 0 0 0 0 0 0 0 0 0 0 0 0 0 0 
0 0 0 0 0 0 0 0 0 0 0 0 0 0 0 0 0 0 0 0 0 0 0 0 0 0 0 0 0 0 2222.802013 2228.655005 2226.963272 2227.674702 2224.626141 2225.458638 2224.077735 2231.164664 2228.09833 2229.979096 2226.835605 2228.903601 2227.784357 2232.63385 2228.372751 2229.937542 2232.236094 2228.931166 2230.664038 2227.676998 2227.909981 2227.371673 2225.765811 2227.003347 2228.904173 2227.683659 2226.734762 2228.298314 2228.623724 2228.68779 2228.616859 2226.960867 2227.63184 2225.875536 2228.475968 2227.76432 2226.49162 2227.66116 2226.916204 2223.925749 0 0 0 0 0 0 0 0 0 0 0 0 0 0 0 0 0 0 0 0 0 0 0 0 0 0 0 0 0 0 
0 0 0 0 0 0 0 0 0 0 0 0 0 0 0 0 0 0 0 0 0 0 0 0 0 0 0 0 0 0 1924.574214 1925.346146 1926.295798 1925.398206 1927.233037 1928.25857 1928.250222 1926.859931 1922.316664 1925.694712 1928.835482 1927.805812 1925.6526 1927.001749 1928.740191 1926.414881 1929.431231 1927.859692 1926.786332 1925.603659 1930.588729 1926.17564 1926.185278 1929.933528 1925.353341 1926.231677 1926.139502 1927.420894 1926.449232 1926.314748 1928.312234 1923.706129 1927.46632 1928.520559 1923.723871 1924.94816 1927.534381 1928.295011 1924.014712 1925.22795 0 0 0 0 0 0 0 0 0 0 0 0 0 0 0 0 0 0 0 0 0 0 0 0 0 0 0 0 0 0 
0 0 0 0 0 0 0 0 0 0 0 0 0 0 0 0 0 0 0 0 0 0 0 0 0 0 0 0 0 0 0 0 0 0 0 0 0 0 0 0 0 0 0 0 0 0 0 0 0 0 0 0 0 0 0 0 0 0 0 0 0 0 0 0 0 0 0 0 0 0 0 0 0 0 0 0 0 0 0 0 0 0 0 0 0 0 0 0 0 0 0 0 0 0 0 0 0 0 0 0 
0 0 0 0 0 0 0 0 0 0 0 0 0 0 0 0 0 0 0 0 0 0 0 0 0 0 0 0 0 0 0 0 0 0 0 0 0 0 0 0 0 0 0 0 0 0 0 0 0 0 0 0 0 0 0 0 0 0 0 0 0 0 0 0 0 0 0 0 0 0 0 0 0 0 0 0 0 0 0 0 0 0 0 0 0 0 0 0 0 0 0 0 0 0 0 0 0 0 0 0 
0 0 0 0 0 0 0 0 0 0 0 0 0 0 0 0 0 0 0 0 0 0 0 0 0 0 0 0 0 0 0 0 0 0 0 0 0 0 0 0 0 0 0 0 0 0 0 0 0 0 0 0 0 0 0 0 0 0 0 0 0 0 0 0 0 0 0 0 0 0 0 0 0 0 0 0 0 0 0 0 0 0 0 0 0 0 0 0 0 0 0 0 0 0 0 0 0 0 0 0 
0 0 0 0 0 0 0 0 0 0 0 0 0 0 0 0 0 0 0 0 0 0 0 0 0 0 0 0 0 0 0 0 0 0 0 0 0 0 0 0 0 0 0 0 0 0 0 0 0 0 0 0 0 0 0 0 0 0 0 0 0 0 0 0 0 0 0 0 0 0 0 0 0 0 0 0 0 0 0 0 0 0 0 0 0 0 0 0 0 0 0 0 0 0 0 0 0 0 0 0 
0 0 0 0 0 0 0 0 0 0 0 0 0 0 0 0 0 0 0 0 0 0 0 0 0 0 0 0 0 0 0 0 0 0 0 0 0 0 0 0 0 0 0 0 0 0 0 0 0 0 0 0 0 0 0 0 0 0 0 0 0 0 0 0 0 0 0 0 0 0 0 0 0 0 0 0 0 0 0 0 0 0 0 0 0 0 0 0 0 0 0 0 0 0 0 0 0 0 0 0 
0 0 0 0 0 0 0 0 0 0 0 0 0 0 0 0 0 0 0 0 0 0 0 0 0 0 0 0 0 0 0 0 0 0 0 0 0 0 0 0 0 0 0 0 0 0 0 0 0 0 0 0 0 0 0 0 0 0 0 0 0 0 0 0 0 0 0 0 0 0 0 0 0 0 0 0 0 0 0 0 0 0 0 0 0 0 0 0 0 0 0 0 0 0 0 0 0 0 0 0 
0 0 0 0 0 0 0 0 0 0 0 0 0 0 0 0 0 0 0 0 0 0 0 0 0 0 0 0 0 0 0 0 0 0 0 0 0 0 0 0 0 0 0 0 0 0 0 0 0 0 0 0 0 0 0 0 0 0 0 0 0 0 0 0 0 0 0 0 0 0 0 0 0 0 0 0 0 0 0 0 0 0 0 0 0 0 0 0 0 0 0 0 0 0 0 0 0 0 0 0 
0 0 0 0 0 0 0 0 0 0 0 0 0 0 0 0 0 0 0 0 0 0 0 0 0 0 0 0 0 0 0 0 0 0 0 0 0 0 0 0 0 0 0 0 0 0 0 0 0 0 0 0 0 0 0 0 0 0 0 0 0 0 0 0 0 0 0 0 0 0 0 0 0 0 0 0 0 0 0 0 0 0 0 0 0 0 0 0 0 0 0 0 0 0 0 0 0 0 0 0 
0 0 0 0 0 0 0 0 0 0 0 0 0 0 0 0 0 0 0 0 0 0 0 0 0 0 0 0 0 0 0 0 0 0 0 0 0 0 0 0 0 0 0 0 0 0 0 0 0 0 0 0 0 0 0 0 0 0 0 0 0 0 0 0 0 0 0 0 0 0 0 0 0 0 0 0 0 0 0 0 0 0 0 0 0 0 0 0 0 0 0 0 0 0 0 0 0 0 0 0 
0 0 0 0 0 0 0 0 0 0 0 0 0 0 0 0 0 0 0 0 0 0 0 0 0 0 0 0 0 0 0 0 0 0 0 0 0 0 0 0 0 0 0 0 0 0 0 0 0 0 0 0 0 0 0 0 0 0 0 0 0 0 0 0 0 0 0 0 0 0 0 0 0 0 0 0 0 0 0 0 0 0 0 0 0 0 0 0 0 0 0 0 0 0 0 0 0 0 0 0 
0 0 0 0 0 0 0 0 0 0 0 0 0 0 0 0 0 0 0 0 0 0 0 0 0 0 0 0 0 0 0 0 0 0 0 0 0 0 0 0 0 0 0 0 0 0 0 0 0 0 0 0 0 0 0 0 0 0 0 0 0 0 0 0 0 0 0 0 0 0 0 0 0 0 0 0 0 0 0 0 0 0 0 0 0 0 0 0 0 0 0 0 0 0 0 0 0 0 0 0 
0 0 0 0 0 0 0 0 0 0 0 0 0 0 0 0 0 0 0 0 0 0 0 0 0 0 0 0 0 0 0 0 0 0 0 0 0 0 0 0 0 0 0 0 0 0 0 0 0 0 0 0 0 0 0 0 0 0 0 0 0 0 0 0 0 0 0 0 0 0 0 0 0 0 0 0 0 0 0 0 0 0 0 0 0 0 0 0 0 0 0 0 0 0 0 0 0 0 0 0 
0 0 0 0 0 0 0 0 0 0 0 0 0 0 0 0 0 0 0 0 0 0 0 0 0 0 0 0 0 0 0 0 0 0 0 0 0 0 0 0 0 0 0 0 0 0 0 0 0 0 0 0 0 0 0 0 0 0 0 0 0 0 0 0 0 0 0 0 0 0 0 0 0 0 0 0 0 0 0 0 0 0 0 0 0 0 0 0 0 0 0 0 0 0 0 0 0 0 0 0 
0 0 0 0 0 0 0 0 0 0 0 0 0 0 0 0 0 0 0 0 0 0 0 0 0 0 0 0 0 0 0 0 0 0 0 0 0 0 0 0 0 0 0 0 0 0 0 0 0 0 0 0 0 0 0 0 0 0 0 0 0 0 0 0 0 0 0 0 0 0 0 0 0 0 0 0 0 0 0 0 0 0 0 0 0 0 0 0 0 0 0 0 0 0 0 0 0 0 0 0 
0 0 0 0 0 0 0 0 0 0 0 0 0 0 0 0 0 0 0 0 0 0 0 0 0 0 0 0 0 0 0 0 0 0 0 0 0 0 0 0 0 0 0 0 0 0 0 0 0 0 0 0 0 0 0 0 0 0 0 0 0 0 0 0 0 0 0 0 0 0 0 0 0 0 0 0 0 0 0 0 0 0 0 0 0 0 0 0 0 0 0 0 0 0 0 0 0 0 0 0 
0 0 0 0 0 0 0 0 0 0 0 0 0 0 0 0 0 0 0 0 0 0 0 0 0 0 0 0 0 0 0 0 0 0 0 0 0 0 0 0 0 0 0 0 0 0 0 0 0 0 0 0 0 0 0 0 0 0 0 0 0 0 0 0 0 0 0 0 0 0 0 0 0 0 0 0 0 0 0 0 0 0 0 0 0 0 0 0 0 0 0 0 0 0 0 0 0 0 0 0 
# Events [StartOfGuideMonitor/startOfGuide.dat] N:
0 0 0 0 0 0 0 0 0 0 0 0 0 0 0 0 0 0 0 0 0 0 0 0 0 0 0 0 0 0 0 0 0 0 0 0 0 0 0 0 0 0 0 0 0 0 0 0 0 0 0 0 0 0 0 0 0 0 0 0 0 0 0 0 0 0 0 0 0 0 0 0 0 0 0 0 0 0 0 0 0 0 0 0 0 0 0 0 0 0 0 0 0 0 0 0 0 0 0 0 
0 0 0 0 0 0 0 0 0 0 0 0 0 0 0 0 0 0 0 0 0 0 0 0 0 0 0 0 0 0 0 0 0 0 0 0 0 0 0 0 0 0 0 0 0 0 0 0 0 0 0 0 0 0 0 0 0 0 0 0 0 0 0 0 0 0 0 0 0 0 0 0 0 0 0 0 0 0 0 0 0 0 0 0 0 0 0 0 0 0 0 0 0 0 0 0 0 0 0 0 
0 0 0 0 0 0 0 0 0 0 0 0 0 0 0 0 0 0 0 0 0 0 0 0 0 0 0 0 0 0 0 0 0 0 0 0 0 0 0 0 0 0 0 0 0 0 0 0 0 0 0 0 0 0 0 0 0 0 0 0 0 0 0 0 0 0 0 0 0 0 0 0 0 0 0 0 0 0 0 0 0 0 0 0 0 0 0 0 0 0 0 0 0 0 0 0 0 0 0 0 
0 0 0 0 0 0 0 0 0 0 0 0 0 0 0 0 0 0 0 0 0 0 0 0 0 0 0 0 0 0 0 0 0 0 0 0 0 0 0 0 0 0 0 0 0 0 0 0 0 0 0 0 0 0 0 0 0 0 0 0 0 0 0 0 0 0 0 0 0 0 0 0 0 0 0 0 0 0 0 0 0 0 0 0 0 0 0 0 0 0 0 0 0 0 0 0 0 0 0 0 
0 0 0 0 0 0 0 0 0 0 0 0 0 0 0 0 0 0 0 0 0 0 0 0 0 0 0 0 0 0 0 0 0 0 0 0 0 0 0 0 0 0 0 0 0 0 0 0 0 0 0 0 0 0 0 0 0 0 0 0 0 0 0 0 0 0 0 0 0 0 0 0 0 0 0 0 0 0 0 0 0 0 0 0 0 0 0 0 0 0 0 0 0 0 0 0 0 0 0 0 
0 0 0 0 0 0 0 0 0 0 0 0 0 0 0 0 0 0 0 0 0 0 0 0 0 0 0 0 0 0 0 0 0 0 0 0 0 0 0 0 0 0 0 0 0 0 0 0 0 0 0 0 0 0 0 0 0 0 0 0 0 0 0 0 0 0 0 0 0 0 0 0 0 0 0 0 0 0 0 0 0 0 0 0 0 0 0 0 0 0 0 0 0 0 0 0 0 0 0 0 
0 0 0 0 0 0 0 0 0 0 0 0 0 0 0 0 0 0 0 0 0 0 0 0 0 0 0 0 0 0 0 0 0 0 0 0 0 0 0 0 0 0 0 0 0 0 0 0 0 0 0 0 0 0 0 0 0 0 0 0 0 0 0 0 0 0 0 0 0 0 0 0 0 0 0 0 0 0 0 0 0 0 0 0 0 0 0 0 0 0 0 0 0 0 0 0 0 0 0 0 
0 0 0 0 0 0 0 0 0 0 0 0 0 0 0 0 0 0 0 0 0 0 0 0 0 0 0 0 0 0 0 0 0 0 0 0 0 0 0 0 0 0 0 0 0 0 0 0 0 0 0 0 0 0 0 0 0 0 0 0 0 0 0 0 0 0 0 0 0 0 0 0 0 0 0 0 0 0 0 0 0 0 0 0 0 0 0 0 0 0 0 0 0 0 0 0 0 0 0 0 
0 0 0 0 0 0 0 0 0 0 0 0 0 0 0 0 0 0 0 0 0 0 0 0 0 0 0 0 0 0 0 0 0 0 0 0 0 0 0 0 0 0 0 0 0 0 0 0 0 0 0 0 0 0 0 0 0 0 0 0 0 0 0 0 0 0 0 0 0 0 0 0 0 0 0 0 0 0 0 0 0 0 0 0 0 0 0 0 0 0 0 0 0 0 0 0 0 0 0 0 
0 0 0 0 0 0 0 0 0 0 0 0 0 0 0 0 0 0 0 0 0 0 0 0 0 0 0 0 0 0 0 0 0 0 0 0 0 0 0 0 0 0 0 0 0 0 0 0 0 0 0 0 0 0 0 0 0 0 0 0 0 0 0 0 0 0 0 0 0 0 0 0 0 0 0 0 0 0 0 0 0 0 0 0 0 0 0 0 0 0 0 0 0 0 0 0 0 0 0 0 
0 0 0 0 0 0 0 0 0 0 0 0 0 0 0 0 0 0 0 0 0 0 0 0 0 0 0 0 0 0 0 0 0 0 0 0 0 0 0 0 0 0 0 0 0 0 0 0 0 0 0 0 0 0 0 0 0 0 0 0 0 0 0 0 0 0 0 0 0 0 0 0 0 0 0 0 0 0 0 0 0 0 0 0 0 0 0 0 0 0 0 0 0 0 0 0 0 0 0 0 
0 0 0 0 0 0 0 0 0 0 0 0 0 0 0 0 0 0 0 0 0 0 0 0 0 0 0 0 0 0 0 0 0 0 0 0 0 0 0 0 0 0 0 0 0 0 0 0 0 0 0 0 0 0 0 0 0 0 0 0 0 0 0 0 0 0 0 0 0 0 0 0 0 0 0 0 0 0 0 0 0 0 0 0 0 0 0 0 0 0 0 0 0 0 0 0 0 0 0 0 
0 0 0 0 0 0 0 0 0 0 0 0 0 0 0 0 0 0 0 0 0 0 0 0 0 0 0 0 0 0 0 0 0 0 0 0 0 0 0 0 0 0 0 0 0 0 0 0 0 0 0 0 0 0 0 0 0 0 0 0 0 0 0 0 0 0 0 0 0 0 0 0 0 0 0 0 0 0 0 0 0 0 0 0 0 0 0 0 0 0 0 0 0 0 0 0 0 0 0 0 
0 0 0 0 0 0 0 0 0 0 0 0 0 0 0 0 0 0 0 0 0 0 0 0 0 0 0 0 0 0 0 0 0 0 0 0 0 0 0 0 0 0 0 0 0 0 0 0 0 0 0 0 0 0 0 0 0 0 0 0 0 0 0 0 0 0 0 0 0 0 0 0 0 0 0 0 0 0 0 0 0 0 0 0 0 0 0 0 0 0 0 0 0 0 0 0 0 0 0 0 
0 0 0 0 0 0 0 0 0 0 0 0 0 0 0 0 0 0 0 0 0 0 0 0 0 0 0 0 0 0 0 0 0 0 0 0 0 0 0 0 0 0 0 0 0 0 0 0 0 0 0 0 0 0 0 0 0 0 0 0 0 0 0 0 0 0 0 0 0 0 0 0 0 0 0 0 0 0 0 0 0 0 0 0 0 0 0 0 0 0 0 0 0 0 0 0 0 0 0 0 
0 0 0 0 0 0 0 0 0 0 0 0 0 0 0 0 0 0 0 0 0 0 0 0 0 0 0 0 0 0 0 0 0 0 0 0 0 0 0 0 0 0 0 0 0 0 0 0 0 0 0 0 0 0 0 0 0 0 0 0 0 0 0 0 0 0 0 0 0 0 0 0 0 0 0 0 0 0 0 0 0 0 0 0 0 0 0 0 0 0 0 0 0 0 0 0 0 0 0 0 
0 0 0 0 0 0 0 0 0 0 0 0 0 0 0 0 0 0 0 0 0 0 0 0 0 0 0 0 0 0 276624 277155 276202 276793 276471 276715 278050 276388 276751 277042 277156 277116 277427 277217 277117 277186 277881 277631 277144 276374 276673 276156 277380 275929 277075 276061 277726 277413 276644 276955 278117 277159 277005 276477 276623 277392 276630 276750 276581 276957 0 0 0 0 0 0 0 0 0 0 0 0 0 0 0 0 0 0 0 0 0 0 0 0 0 0 0 0 0 0 
0 0 0 0 0 0 0 0 0 0 0 0 0 0 0 0 0 0 0 0 0 0 0 0 0 0 0 0 0 0 370001 370949 370369 369682 370261 370934 370085 368472 370250 369675 370080 370424 370514 369780 370326 370137 369965 370425 369906 370177 370668 370657 370093 369872 370200 370755 370181 370159 371239 369768 370050 370291 370405 369715 371256 369918 371305 370813 370216 369635 0 0 0 0 0 0 0 0 0 0 0 0 0 0 0 0 0 0 0 0 0 0 0 0 0 0 0 0 0 0 
0 0 0 0 0 0 0 0 0 0 0 0 0 0 0 0 0 0 0 0 0 0 0 0 0 0 0 0 0 0 369046 369811 370344 370550 370467 371089 370207 369235 369568 370485 370975 370387 370185 370338 370407 369980 370600 370277 371295 370831 370752 371650 370657 370634 370288 369962 370714 370834 370034 370018 370355 369965 369039 370203 370556 370108 370301 370816 370432 369840 0 0 0 0 0 0 0 0 0 0 0 0 0 0 0 0 0 0 0 0 0 0 0 0 0 0 0 0 0 0 
0 0 0 0 0 0 0 0 0 0 0 0 0 0 0 0 0 0 0 0 0 0 0 0 0 0 0 0 0 0 369577 369792 370181 370102 369876 370402 370526 370684 370493 371040 370827 369256 370954 370244 370262 370215 370686 370645 370721 371259 371086 369749 369717 370800 370055 370449 370173 369664 370858 370516 371120 371113 369978 370100 369930 370289 370040 371263 369643 369620 0 0 0 0 0 0 0 0 0 0 0 0 0 0 0 0 0 0 0 0 0 0 0 0 0 0 0 0 0 0 
0 0 0 0 0 0 0 0 0 0 0 0 0 0 0 0 0 0 0 0 0 0 0 0 0 0 0 0 0 0 368838 369956 369699 370259 370658 370611 369998 371000 370437 370884 371341 371002 370210 370392 370903 370202 369902 370614 369732 370952 370039 369782 369790 369947 369782 370245 371162 370322 370726 371549 370864 371043 370659 371040 370279 370330 370900 369827 369632 370275 0 0 0 0 0 0 0 0 0 0 0 0 0 0 0 0 0 0 0 0 0 0 0 0 0 0 0 0 0 0 
0 0 0 0 0 0 0 0 0 0 0 0 0 0 0 0 0 0 0 0 0 0 0 0 0 0 0 0 0 0 369813 371130 369955 370367 370438 370632 369902 370831 369895 368895 369795 371587 371008 370008 369853 370694 370052 370446 370875 371728 370625 370079 370780 370527 370785 370666 370054 370771 371214 371244 369763 369821 370941 369335 369765 370302 369792 370839 370383 369040 0 0 0 0 0 0 0 0 0 0 0 0 0 0 0 0 0 0 0 0 0 0 0 0 0 0 0 0 0 0 
0 0 0 0 0 0 0 0 0 0 0 0 0 0 0 0 0 0 0 0 0 0 0 0 0 0 0 0 0 0 371032 369359 370345 370007 370065 370299 370587 370221 370917 370346 370517 369923 370484 369498 370598 370540 370198 370521 371351 370709 371015 371114 370051 370714 370565 370900 369527 370164 371178 370553 370007 369904 370227 370741 370395 370545 370560 371166 370338 370060 0 0 0 0 0 0 0 0 0 0 0 0 0 0 0 0 0 0 0 0 0 0 0 0 0 0 0 0 0 0 
0 0 0 0 0 0 0 0 0 0 0 0 0 0 0 0 0 0 0 0 0 0 0 0 0 0 0 0 0 0 368693 370283 370820 370839 370806 370027 370801 370124 370405 370157 371265 370733 371418 371483 370882 370777 368870 370664 370254 369861 370744 371386 369861 370313 370772 369974 369636 370434 370850 371777 370037 370508 369830 369552 370280 370139 370914 372052 371401 370321 0 0 0 0 0 0 0 0 0 0 0 0 0 0 0 0 0 0 0 0 0 0 0 0 0 0 0 0 0 0 
0 0 0 0 0 0 0 0 0 0 0 0 0 0 0 0 0 0 0 0 0 0 0 0 0 0 0 0 0 0 369684 370709 370401 370518 370862 369472 371094 370459 370575 370118 370099 370796 372177 371773 370550 370669 369965 371386 370738 370332 369526 369702 369942 369712 371376 370565 370993 371197 370208 371798 369668 370652 369996 369612 369814 371168 369786 371325 371500 369439 0 0 0 0 0 0 0 0 0 0 0 0 0 0 0 0 0 0 0 0 0 0 0 0 0 0 0 0 0 0 
0 0 0 0 0 0 0 0 0 0 0 0 0 0 0 0 0 0 0 0 0 0 0 0 0 0 0 0 0 0 369986 371103 370738 370207 370266 370284 369826 370024 370287 370693 370709 370513 370294 370415 369594 370636 370434 371536 369929 370168 372172 370606 370908 371457 370628 370615 369826 370689 369770 370857 370387 370870 370116 370738 369287 370361 370529 370737 370282 369397 0 0 0 0 0 0 0 0 0 0 0 0 0 0 0 0 0 0 0 0 0 0 0 0 0 0 0 0 0 0 
0 0 0 0 0 0 0 0 0 0 0 0 0 0 0 0 0 0 0 0 0 0 0 0 0 0 0 0 0 0 369490 370719 371121 371335 370916 370897 369417 369794 369894 370527 371323 370229 370235 370421 371514 370153 369802 370191 370287 370246 370238 369750 371120 370319 370391 370911 369692 370303 370778 370491 370324 369270 370231 371266 370009 369253 370980 370587 369352 370298 0 0 0 0 0 0 0 0 0 0 0 0 0 0 0 0 0 0 0 0 0 0 0 0 0 0 0 0 0 0 
0 0 0 0 0 0 0 0 0 0 0 0 0 0 0 0 0 0 0 0 0 0 0 0 0 0 0 0 0 0 371089 369685 370624 369986 369342 369443 369467 370506 370768 370655 370262 370152 369353 370380 370813 370975 370922 370324 369815 371380 370373 370017 369991 369625 370047 370469 369199 370390 370589 370766 370063 370722 370168 370793 369869 370298 371352 369753 370420 369189 0 0 0 0 0 0 0 0 0 0 0 0 0 0 0 0 0 0 0 0 0 0 0 0 0 0 0 0 0 0 
0 0 0 0 0 0 0 0 0 0 0 0 0 0 0 0 0 0 0 0 0 0 0 0 0 0 0 0 0 0 370158 370913 370213 370814 370908 370492 370898 371264 370865 369652 370530 369874 370422 371083 369699 370814 370543 370919 370190 369358 371010 370535 370407 370871 371784 371155 370589 370682 369202 371765 370339 370419 370851 370045 370793 371195 370280 369293 370452 369019 0 0 0 0 0 0 0 0 0 0 0 0 0 0 0 0 0 0 0 0 0 0 0 0 0 0 0 0 0 0 
0 0 0 0 0 0 0 0 0 0 0 0 0 0 0 0 0 0 0 0 0 0 0 0 0 0 0 0 0 0 369940 370742 371068 370117 371031 370185 371758 370600 371527 370438 370536 370543 369741 370151 369911 369992 370088 370612 370416 371543 370761 370481 371277 370028 370672 371188 370690 370772 370176 370588 370408 370244 370386 370851 370369 370310 370400 370847 370761 368846 0 0 0 0 0 0 0 0 0 0 0 0 0 0 0 0 0 0 0 0 0 0 0 0 0 0 0 0 0 0 
0 0 0 0 0 0 0 0 0 0 0 0 0 0 0 0 0 0 0 0 0 0 0 0 0 0 0 0 0 0 369246 371209 371263 369639 370590 370826 370816 371566 370504 372065 370976 370668 369898 369492 370613 370384 370310 369954 370727 370193 370195 370484 370497 370258 370368 370514 370363 370724 372408 371205 371089 370505 370465 369684 371126 370109 371053 371320 370516 369212 0 0 0 0 0 0 0 0 0 0 0 0 0 0 0 0 0 0 0 0 0 0 0 0 0 0 0 0 0 0 
0 0 0 0 0 0 0 0 0 0 0 0 0 0 0 0 0 0 0 0 0 0 0 0 0 0 0 0 0 0 369370 370016 371061 371206 370795 369829 370882 370733 370165 370872 371265 370754 371437 370041 370754 370666 369978 369821 370002 370018 370588 370009 370321 370502 370911 371487 369688 370479 369434 371328 370834 369960 370315 369970 369848 371542 370093 370089 370983 370587 0 0 0 0 0 0 0 0 0 0 0 0 0 0 0 0 0 0 0 0 0 0 0 0 0 0 0 0 0 0 
0 0 0 0 0 0 0 0 0 0 0 0 0 0 0 0 0 0 0 0 0 0 0 0 0 0 0 0 0 0 370530 370117 371105 369410 370563 370455 370124 371433 370253 369440 369279 369592 369828 371203 370895 369672 369666 370880 371409 370922 369837 370458 369994 370389 369647 370023 369919 370323 371007 369167 370262 369210 371065 371484 370040 370792 371065 370618 370347 370236 0 0 0 0 0 0 0 0 0 0 0 0 0 0 0 0 0 0 0 0 0 0 0 0 0 0 0 0 0 0 
0 0 0 0 0 0 0 0 0 0 0 0 0 0 0 0 0 0 0 0 0 0 0 0 0 0 0 0 0 0 369270 370894 370508 369838 370323 370978 371159 370339 369333 370527 370083 370991 370146 371436 370476 370638 369826 371130 371380 370589 370402 369575 369953 370521 369843 370713 370147 371212 369461 370808 369811 370877 371478 371351 369248 370375 370048 369181 369432 370617 0 0 0 0 0 0 0 0 0 0 0 0 0 0 0 0 0 0 0 0 0 0 0 0 0 0 0 0 0 0 
0 0 0 0 0 0 0 0 0 0 0 0 0 0 0 0 0 0 0 0 0 0 0 0 0 0 0 0 0 0 371034 370802 371160 370881 370243 370328 369799 370700 370441 371445 369710 371666 369975 371322 370742 370596 370568 369935 370193 370234 370667 369973 370560 370682 371264 370705 370146 370474 370956 370401 370539 370704 370943 370623 370690 370709 370145 370524 370932 370394 0 0 0 0 0 0 0 0 0 0 0 0 0 0 0 0 0 0 0 0 0 0 0 0 0 0 0 0 0 0 
0 0 0 0 0 0 0 0 0 0 0 0 0 0 0 0 0 0 0 0 0 0 0 0 0 0 0 0 0 0 368745 370000 369174 370980 370024 369986 370743 370176 370455 370928 369763 369915 370789 369583 370029 369531 370188 371605 370455 369270 370290 371955 370955 370535 370956 369813 370673 371642 370444 370902 371020 369347 369657 370360 370109 370733 370251 370478 370410 370698 0 0 0 0 0 0 0 0 0 0 0 0 0 0 0 0 0 0 0 0 0 0 0 0 0 0 0 0 0 0 
0 0 0 0 0 0 0 0 0 0 0 0 0 0 0 0 0 0 0 0 0 0 0 0 0 0 0 0 0 0 370049 371755 370887 370570 370796 369642 369257 370814 370266 370330 370635 369990 370434 369857 369859 371320 370345 371124 369923 370712 370853 368756 371859 370542 370384 370151 369920 370401 370752 370017 369879 371264 369978 370006 370659 370014 370025 370431 370153 370892 0 0 0 0 0 0 0 0 0 0 0 0 0 0 0 0 0 0 0 0 0 0 0 0 0 0 0 0 0 0 
0 0 0 0 0 0 0 0 0 0 0 0 0 0 0 0 0 0 0 0 0 0 0 0 0 0 0 0 0 0 369655 371080 369844 370397 370775 369757 369687 370633 370677 370760 370830 370239 371442 370040 370442 371531 371215 370975 370558 370172 369898 370463 371509 370223 370873 370847 370044 369849 370449 370284 370906 370809 369889 369757 371503 370122 370278 369287 371206 370065 0 0 0 0 0 0 0 0 0 0 0 0 0 0 0 0 0 0 0 0 0 0 0 0 0 0 0 0 0 0 
0 0 0 0 0 0 0 0 0 0 0 0 0 0 0 0 0 0 0 0 0 0 0 0 0 0 0 0 0 0 370571 370087 371257 371272 370400 370044 371209 370659 369892 371280 370529 370100 370428 370873 370376 370522 370469 369865 370689 370567 369300 370257 370752 370987 369762 370274 370194 370146 371205 371214 369752 369850 369807 371327 371082 369453 369283 370526 370794 369877 0 0 0 0 0 0 0 0 0 0 0 0 0 0 0 0 0 0 0 0 0 0 0 0 0 0 0 0 0 0 
0 0 0 0 0 0 0 0 0 0 0 0 0 0 0 0 0 0 0 0 0 0 0 0 0 0 0 0 0 0 369127 369920 370522 370233 369211 370591 370235 370298 369755 371260 370647 370518 370838 369494 370453 369725 370984 371202 370850 370903 369702 369489 370770 370668 370015 369797 370368 369475 371096 371536 371943 369099 369960 370008 371793 370966 370981 371084 370204 370595 0 0 0 0 0 0 0 0 0 0 0 0 0 0 0 0 0 0 0 0 0 0 0 0 0 0 0 0 0 0 
0 0 0 0 0 0 0 0 0 0 0 0 0 0 0 0 0 0 0 0 0 0 0 0 0 0 0 0 0 0 370655 370322 369892 371018 369084 370378 370865 370991 370008 370045 370749 370325 370215 370786 370543 370895 370224 370206 370192 370864 370299 370678 369897 371000 370673 369851 369878 370406 371281 370859 370546 370340 370926 371420 370309 371316 369610 370369 372030 369835 0 0 0 0 0 0 0 0 0 0 0 0 0 0 0 0 0 0 0 0 0 0 0 0 0 0 0 0 0 0 
0 0 0 0 0 0 0 0 0 0 0 0 0 0 0 0 0 0 0 0 0 0 0 0 0 0 0 0 0 0 370580 371246 369964 370742 369477 370888 370362 369678 369870 370819 370231 371152 370796 370070 370635 370262 370443 370271 370151 370732 369353 370216 371027 370155 369900 370067 369992 370124 370198 370625 371260 370218 370237 370600 370751 370540 370085 370778 370106 369368 0 0 0 0 0 0 0 0 0 0 0 0 0 0 0 0 0 0 0 0 0 0 0 0 0 0 0 0 0 0 
0 0 0 0 0 0 0 0 0 0 0 0 0 0 0 0 0 0 0 0 0 0 0 0 0 0 0 0 0 0 369145 371579 370087 371124 370674 369899 370849 370672 370736 370886 370153 370530 370476 370832 370175 370762 371182 370267 370041 370005 370606 369961 369801 371007 371336 370382 370319 369648 371186 369972 370658 370055 371088 370268 371115 369971 369783 370256 369665 369113 0 0 0 0 0 0 0 0 0 0 0 0 0 0 0 0 0 0 0 0 0 0 0 0 0 0 0 0 0 0 
0 0 0 0 0 0 0 0 0 0 0 0 0 0 0 0 0 0 0 0 0 0 0 0 0 0 0 0 0 0 372451 370334 370432 370664 369350 371911 370543 371160 370161 370218 369891 370298 371126 369937 370216 369152 370443 369582 370710 370808 370933 370808 369330 369850 370647 369101 370083 369185 369485 371434 370319 370424 371140 370931 371817 370514 370741 370561 369925 370269 0 0 0 0 0 0 0 0 0 0 0 0 0 0 0 0 0 0 0 0 0 0 0 0 0 0 0 0 0 0 
0 0 0 0 0 0 0 0 0 0 0 0 0 0 0 0 0 0 0 0 0 0 0 0 0 0 0 0 0 0 369938 370108 370277 370750 370957 371033 369898 370130 371392 371405 370309 370941 369736 370476 370231 371509 370369 368926 371398 370852 371004 370968 370914 370719 370682 369671 370591 369399 370758 370128 369493 370170 371305 369597 370639 369646 370411 370838 370983 370036 0 0 0 0 0 0 0 0 0 0 0 0 0 0 0 0 0 0 0 0 0 0 0 0 0 0 0 0 0 0 
0 0 0 0 0 0 0 0 0 0 0 0 0 0 0 0 0 0 0 0 0 0 0 0 0 0 0 0 0 0 370041 370725 370036 370445 370729 370721 370812 370017 370815 370385 370785 371770 369828 369816 369490 370315 370238 370347 370866 371401 371159 370488 370314 369926 369927 370931 371528 369499 369854 371425 370278 369797 369782 369770 370156 370188 369892 369561 370234 370314 0 0 0 0 0 0 0 0 0 0 0 0 0 0 0 0 0 0 0 0 0 0 0 0 0 0 0 0 0 0 
0 0 0 0 0 0 0 0 0 0 0 0 0 0 0 0 0 0 0 0 0 0 0 0 0 0 0 0 0 0 369899 370775 370398 369900 371130 369476 371058 369844 369829 369659 370973 370304 370257 370310 371004 370421 370638 369015 370435 369712 370177 371254 370183 370825 371038 370163 369949 370268 371209 369861 369736 369073 370740 369767 371473 370608 370774 369993 369968 368469 0 0 0 0 0 0 0 0 0 0 0 0 0 0 0 0 0 0 0 0 0 0 0 0 0 0 0 0 0 0 
0 0 0 0 0 0 0 0 0 0 0 0 0 0 0 0 0 0 0 0 0 0 0 0 0 0 0 0 0 0 369508 369963 370214 370592 370147 370924 370788 371138 370465 369873 368964 369713 370978 370162 371225 369650 369107 371424 370395 371210 370574 370465 369868 370417 370648 370576 371050 370956 370300 369324 371109 371099 370318 370108 370456 370456 370019 371625 370265 368674 0 0 0 0 0 0 0 0 0 0 0 0 0 0 0 0 0 0 0 0 0 0 0 0 0 0 0 0 0 0 
0 0 0 0 0 0 0 0 0 0 0 0 0 0 0 0 0 0 0 0 0 0 0 0 0 0 0 0 0 0 369887 370851 370645 369425 370810 370843 369928 370383 369796 370656 369714 370623 370095 370562 369752 371194 370257 370280 371416 371505 371219 368853 370509 370882 370825 371306 370375 370532 370574 371095 370526 370056 371201 370396 371055 370471 369812 369647 371130 369615 0 0 0 0 0 0 0 0 0 0 0 0 0 0 0 0 0 0 0 0 0 0 0 0 0 0 0 0 0 0 
0 0 0 0 0 0 0 0 0 0 0 0 0 0 0 0 0 0 0 0 0 0 0 0 0 0 0 0 0 0 371050 371137 370509 370900 370143 370620 371354 369528 371492 370910 369795 370834 370748 369630 370914 370824 370034 369341 370434 370033 370441 370383 369510 369868 370657 370264 370361 369358 370238 369336 370335 369890 370763 369534 370406 370725 370188 370183 371320 369705 0 0 0 0 0 0 0 0 0 0 0 0 0 0 0 0 0 0 0 0 0 0 0 0 0 0 0 0 0 0 
0 0 0 0 0 0 0 0 0 0 0 0 0 0 0 0 0 0 0 0 0 0 0 0 0 0 0 0 0 0 369829 370735 371728 370237 370056 371323 370742 370378 369790 370317 370339 370588 371501 369891 371948 370127 370442 371143 370292 370757 370092 371083 370597 370955 370871 370506 370887 371093 370366 370516 369669 369927 371192 370321 371496 369354 370987 370053 369904 369517 0 0 0 0 0 0 0 0 0 0 0 0 0 0 0 0 0 0 0 0 0 0 0 0 0 0 0 0 0 0 
0 0 0 0 0 0 0 0 0 0 0 0 0 0 0 0 0 0 0 0 0 0 0 0 0 0 0 0 0 0 370470 370460 369938 370797 370655 369571 370790 369491 370185 370250 370948 370699 371031 371213 371146 370844 369835 370532 370825 371334 370407 369925 370865 371214 369507 369820 370699 370292 371652 370955 370095 371229 370511 370808 370785 370163 368565 371615 369915 369886 0 0 0 0 0 0 0 0 0 0 0 0 0 0 0 0 0 0 0 0 0 0 0 0 0 0 0 0 0 0 
0 0 0 0 0 0 0 0 0 0 0 0 0 0 0 0 0 0 0 0 0 0 0 0 0 0 0 0 0 0 369908 370950 370538 369313 371106 370638 370759 370955 369817 369747 370301 370107 369403 370049 369597 370939 370628 369589 371060 370936 370636 370758 370972 370312 370602 371539 370285 370148 370246 369615 369789 369640 370594 370001 369284 370040 369809 369461 369975 368715 0 0 0 0 0 0 0 0 0 0 0 0 0 0 0 0 0 0 0 0 0 0 0 0 0 0 0 0 0 0 
0 0 0 0 0 0 0 0 0 0 0 0 0 0 0 0 0 0 0 0 0 0 0 0 0 0 0 0 0 0 369955 370493 371258 369692 370026 370058 370373 369364 370046 370139 371694 370346 370091 371013 371050 370606 369136 370372 370198 370702 369845 370237 370503 370205 370032 370234 369968 369992 370744 370718 370413 370720 369627 369507 371052 370113 370620 369449 370283 369767 0 0 0 0 0 0 0 0 0 0 0 0 0 0 0 0 0 0 0 0 0 0 0 0 0 0 0 0 0 0 
0 0 0 0 0 0 0 0 0 0 0 0 0 0 0 0 0 0 0 0 0 0 0 0 0 0 0 0 0 0 369451 369461 370618 370111 371809 371028 370666 371803 369470 369472 371089 370353 370413 371399 369800 370505 370871 370444 369627 370220 370092 370936 370592 370344 370769 370449 370364 370415 371616 370673 370605 369331 370119 369792 369783 370084 370469 370639 371356 370138 0 0 0 0 0 0 0 0 0 0 0 0 0 0 0 0 0 0 0 0 0 0 0 0 0 0 0 0 0 0 
0 0 0 0 0 0 0 0 0 0 0 0 0 0 0 0 0 0 0 0 0 0 0 0 0 0 0 0 0 0 369529 371783 370452 370357 369759 370602 369537 369398 370787 371414 369941 370892 371049 370346 370659 369754 370933 370644 370445 370663 369890 370502 370829 370708 370839 370658 371710 369478 370806 370010 370539 369741 370276 370581 370600 370385 370428 369194 370100 368889 0 0 0 0 0 0 0 0 0 0 0 0 0 0 0 0 0 0 0 0 0 0 0 0 0 0 0 0 0 0 
0 0 0 0 0 0 0 0 0 0 0 0 0 0 0 0 0 0 0 0 0 0 0 0 0 0 0 0 0 0 370867 369941 370088 370953 371188 370054 370520 372161 370704 370527 371605 370038 370786 370753 371686 370168 370398 370046 371087 370084 369675 370761 369654 370982 370261 370538 369496 370453 370726 370709 369506 371217 369863 370199 370796 370849 369612 370113 369368 368942 0 0 0 0 0 0 0 0 0 0 0 0 0 0 0 0 0 0 0 0 0 0 0 0 0 0 0 0 0 0 
0 0 0 0 0 0 0 0 0 0 0 0 0 0 0 0 0 0 0 0 0 0 0 0 0 0 0 0 0 0 370017 370782 369524 371439 370030 369638 370192 371669 369785 370145 370616 371205 371309 370572 370690 369785 370560 371775 371099 370593 369946 369894 370193 370094 370410 369414 369781 369397 370340 370236 370057 370078 370209 370995 370072 370692 370071 370430 370663 369250 0 0 0 0 0 0 0 0 0 0 0 0 0 0 0 0 0 0 0 0 0 0 0 0 0 0 0 0 0 0 
0 0 0 0 0 0 0 0 0 0 0 0 0 0 0 0 0 0 0 0 0 0 0 0 0 0 0 0 0 0 370548 370025 370890 369632 369690 369960 370769 369989 370116 370509 369152 370078 370145 370777 370560 369233 369276 370101 369611 370723 370440 370488 369905 370877 370788 371134 370073 370555 370015 370676 369963 370717 370459 369906 371556 369653 370769 370001 370264 369926 0 0 0 0 0 0 0 0 0 0 0 0 0 0 0 0 0 0 0 0 0 0 0 0 0 0 0 0 0 0 
0 0 0 0 0 0 0 0 0 0 0 0 0 0 0 0 0 0 0 0 0 0 0 0 0 0 0 0 0 0 369405 371138 369663 370654 370261 370610 369592 370218 370905 371377 370920 370372 369837 371179 371059 371061 371195 370804 372040 370709 370289 369991 370088 369975 370419 370724 370735 370560 370369 369245 370062 369801 369589 369995 369465 370360 369866 369079 370300 369730 0 0 0 0 0 0 0 0 0 0 0 0 0 0 0 0 0 0 0 0 0 0 0 0 0 0 0 0 0 0 
0 0 0 0 0 0 0 0 0 0 0 0 0 0 0 0 0 0 0 0 0 0 0 0 0 0 0 0 0 0 370313 369480 370407 370201 370243 370814 370541 370492 370597 370347 370595 371601 370405 370782 370879 369891 369472 369413 370710 369770 370547 371105 369818 371359 370623 370966 370808 369452 370550 370540 372247 370889 370741 371538 370458 370339 370730 371618 371700 368773 0 0 0 0 0 0 0 0 0 0 0 0 0 0 0 0 0 0 0 0 0 0 0 0 0 0 0 0 0 0 
0 0 0 0 0 0 0 0 0 0 0 0 0 0 0 0 0 0 0 0 0 0 0 0 0 0 0 0 0 0 369172 370686 369687 370829 370778 370022 369779 372200 370804 370153 369767 370785 370608 371136 370555 369517 370710 371111 371361 369568 370874 370456 370067 369896 369954 369945 370129 370766 370695 370691 369622 371071 369998 370863 369568 370685 370781 370164 371249 370076 0 0 0 0 0 0 0 0 0 0 0 0 0 0 0 0 0 0 0 0 0 0 0 0 0 0 0 0 0 0 
0 0 0 0 0 0 0 0 0 0 0 0 0 0 0 0 0 0 0 0 0 0 0 0 0 0 0 0 0 0 370432 369755 368956 370649 370330 370238 369769 369748 370874 370860 370809 369793 370280 370359 369798 370053 370324 369654 369955 369835 371307 370664 369709 370874 369533 369923 371599 370874 369826 370645 369884 370574 371927 370419 369469 369912 370485 369438 371144 369130 0 0 0 0 0 0 0 0 0 0 0 0 0 0 0 0 0 0 0 0 0 0 0 0 0 0 0 0 0 0 
0 0 0 0 0 0 0 0 0 0 0 0 0 0 0 0 0 0 0 0 0 0 0 0 0 0 0 0 0 0 369801 369641 370127 370655 371515 370617 369948 371047 370416 370412 371171 370404 370271 370677 370744 370114 370546 370396 371465 370542 370490 370634 370958 370518 370158 371393 369953 370348 370169 369531 370123 369330 370139 369959 370143 370718 371762 371452 369929 370309 0 0 0 0 0 0 0 0 0 0 0 0 0 0 0 0 0 0 0 0 0 0 0 0 0 0 0 0 0 0 
0 0 0 0 0 0 0 0 0 0 0 0 0 0 0 0 0 0 0 0 0 0 0 0 0 0 0 0 0 0 370122 369263 370659 370881 370205 371042 368940 369832 369640 370318 371533 369401 371080 370351 370793 370119 370697 370531 368964 370363 369881 370691 369533 370353 370666 369548 370961 370324 371302 371352 370596 370550 370750 369680 370027 370413 370573 370445 371702 369362 0 0 0 0 0 0 0 0 0 0 0 0 0 0 0 0 0 0 0 0 0 0 0 0 0 0 0 0 0 0 
0 0 0 0 0 0 0 0 0 0 0 0 0 0 0 0 0 0 0 0 0 0 0 0 0 0 0 0 0 0 370612 369593 370183 369070 369871 370879 370912 370246 370165 370076 369786 372058 370677 370177 370077 370654 371738 370797 371659 370631 369546 369443 370701 370031 371862 369884 369956 370988 369540 370528 370658 370202 370376 371439 369877 370374 371072 369897 371791 369661 0 0 0 0 0 0 0 0 0 0 0 0 0 0 0 0 0 0 0 0 0 0 0 0 0 0 0 0 0 0 
0 0 0 0 0 0 0 0 0 0 0 0 0 0 0 0 0 0 0 0 0 0 0 0 0 0 0 0 0 0 369671 370087 370092 370594 370669 369292 370567 370910 370459 369939 370458 370330 370579 370045 369685 369829 370258 370212 371043 370776 371080 370557 371651 370893 370507 370148 372767 370475 369855 370118 370868 370341 370523 370458 369766 370403 371403 371325 370785 370059 0 0 0 0 0 0 0 0 0 0 0 0 0 0 0 0 0 0 0 0 0 0 0 0 0 0 0 0 0 0 
0 0 0 0 0 0 0 0 0 0 0 0 0 0 0 0 0 0 0 0 0 0 0 0 0 0 0 0 0 0 371222 370255 370525 369832 370086 369856 370199 371298 370350 370562 370779 371003 370872 370572 369655 371062 370594 370860 369198 370112 370715 370916 370365 370362 370633 369546 369909 371172 369472 369444 370880 371487 372634 370013 369664 370667 370253 371030 369933 370359 0 0 0 0 0 0 0 0 0 0 0 0 0 0 0 0 0 0 0 0 0 0 0 0 0 0 0 0 0 0 
0 0 0 0 0 0 0 0 0 0 0 0 0 0 0 0 0 0 0 0 0 0 0 0 0 0 0 0 0 0 369577 370234 370454 370679 369213 369129 370860 369664 370296 370585 371078 369597 370219 370430 371218 370614 370035 371542 371104 370238 370746 370206 369821 371786 370091 369630 371699 370425 370978 370088 369701 371117 371146 370827 369612 371406 371314 369348 371616 369045 0 0 0 0 0 0 0 0 0 0 0 0 0 0 0 0 0 0 0 0 0 0 0 0 0 0 0 0 0 0 
0 0 0 0 0 0 0 0 0 0 0 0 0 0 0 0 0 0 0 0 0 0 0 0 0 0 0 0 0 0 370587 369642 369759 370844 370084 370612 369872 369884 370268 369414 368778 370042 369816 370228 370512 371211 370585 370550 370081 369952 371226 370262 370981 370989 369871 370290 369559 371367 370514 370084 370807 371321 370281 370091 370669 369925 371928 370792 370367 369463 0 0 0 0 0 0 0 0 0 0 0 0 0 0 0 0 0 0 0 0 0 0 0 0 0 0 0 0 0 0 
0 0 0 0 0 0 0 0 0 0 0 0 0 0 0 0 0 0 0 0 0 0 0 0 0 0 0 0 0 0 369871 371754 369926 370257 370862 370090 370753 370393 370158 370244 370703 369687 370979 370564 371053 370502 370222 370117 371189 370874 370580 369811 370527 370277 370225 370577 370574 370689 370773 369972 369311 370418 370315 369523 370585 370193 370325 371241 370050 367929 0 0 0 0 0 0 0 0 0 0 0 0 0 0 0 0 0 0 0 0 0 0 0 0 0 0 0 0 0 0 
0 0 0 0 0 0 0 0 0 0 0 0 0 0 0 0 0 0 0 0 0 0 0 0 0 0 0 0 0 0 369978 371137 369992 368483 370334 370413 370832 370930 369599 371320 370741 370884 370305 369582 369446 369873 369790 370969 369921 370741 370151 370505 370266 370494 370846 369884 370906 370443 369302 370824 370909 371008 370759 370781 370669 370874 369960 369439 370306 369141 0 0 0 0 0 0 0 0 0 0 0 0 0 0 0 0 0 0 0 0 0 0 0 0 0 0 0 0 0 0 
0 0 0 0 0 0 0 0 0 0 0 0 0 0 0 0 0 0 0 0 0 0 0 0 0 0 0 0 0 0 370387 370630 370797 370510 370766 370214 369197 370334 369663 370436 370787 370893 370110 370171 369987 371306 371935 370201 370860 370063 369865 369930 370545 370833 370871 370791 370690 370647 371348 370708 371000 370871 370820 370743 371039 370612 369875 371218 370606 370544 0 0 0 0 0 0 0 0 0 0 0 0 0 0 0 0 0 0 0 0 0 0 0 0 0 0 0 0 0 0 
0 0 0 0 0 0 0 0 0 0 0 0 0 0 0 0 0 0 0 0 0 0 0 0 0 0 0 0 0 0 370138 369864 369907 370989 370014 370337 370468 370886 370723 370745 370011 369620 370449 370297 370229 369542 370461 370079 370082 370802 369322 369902 370959 370503 370781 370418 370884 370567 370796 371348 370645 370373 370805 370239 370854 370281 370115 369547 370545 369538 0 0 0 0 0 0 0 0 0 0 0 0 0 0 0 0 0 0 0 0 0 0 0 0 0 0 0 0 0 0 
0 0 0 0 0 0 0 0 0 0 0 0 0 0 0 0 0 0 0 0 0 0 0 0 0 0 0 0 0 0 370351 369501 370450 370211 371112 369544 371245 370782 370778 370445 370967 370177 371711 369410 370326 370172 370737 370587 370740 370466 370212 370237 370038 369866 370482 369036 370762 370154 370107 370817 370151 370761 371087 371299 370390 370187 371168 369768 370703 370979 0 0 0 0 0 0 0 0 0 0 0 0 0 0 0 0 0 0 0 0 0 0 0 0 0 0 0 0 0 0 
0 0 0 0 0 0 0 0 0 0 0 0 0 0 0 0 0 0 0 0 0 0 0 0 0 0 0 0 0 0 369561 370512 370594 370556 369909 370204 371364 370640 370814 370425 371058 369857 371746 369790 370034 370182 370515 370491 370537 370893 369549 369362 370369 369951 370045 370420 370240 369344 370391 370511 370379 371003 369816 369905 371392 370937 371468 369818 371185 369422 0 0 0 0 0 0 0 0 0 0 0 0 0 0 0 0 0 0 0 0 0 0 0 0 0 0 0 0 0 0 
0 0 0 0 0 0 0 0 0 0 0 0 0 0 0 0 0 0 0 0 0 0 0 0 0 0 0 0 0 0 370207 369987 370445 370616 370315 370240 369367 371342 370255 370607 371990 370353 370278 370244 370271 369276 369438 371909 370449 369863 370469 371386 370572 370085 370833 370105 370747 370724 370436 369401 370485 370132 370685 371953 371516 370349 369979 369942 371333 368954 0 0 0 0 0 0 0 0 0 0 0 0 0 0 0 0 0 0 0 0 0 0 0 0 0 0 0 0 0 0 
0 0 0 0 0 0 0 0 0 0 0 0 0 0 0 0 0 0 0 0 0 0 0 0 0 0 0 0 0 0 371104 370072 369915 370153 371081 369947 369279 369791 370488 369130 370242 370034 371668 369554 370453 370110 371084 370441 370754 370607 370789 369786 370392 369869 370317 370305 370872 369936 370287 370474 369722 370183 370450 369781 369076 370351 370423 370927 369559 369438 0 0 0 0 0 0 0 0 0 0 0 0 0 0 0 0 0 0 0 0 0 0 0 0 0 0 0 0 0 0 
0 0 0 0 0 0 0 0 0 0 0 0 0 0 0 0 0 0 0 0 0 0 0 0 0 0 0 0 0 0 370487 369958 370259 371171 369999 370905 370537 370176 369813 369393 369900 370452 370876 370204 370191 370249 370599 369899 370665 370730 369905 370678 370743 370377 370897 371036 369791 369329 371058 371595 370243 370972 370153 370405 370476 371366 369708 371105 371283 370429 0 0 0 0 0 0 0 0 0 0 0 0 0 0 0 0 0 0 0 0 0 0 0 0 0 0 0 0 0 0 
0 0 0 0 0 0 0 0 0 0 0 0 0 0 0 0 0 0 0 0 0 0 0 0 0 0 0 0 0 0 370978 370492 370375 371891 370697 370051 370960 370340 370489 368850 370215 370060 369219 370692 370468 370614 370618 370003 369888 370127 369289 369349 369682 369370 369067 370519 371111 370762 370782 370118 370579 370637 370512 371528 370531 369959 370225 371165 368995 368911 0 0 0 0 0 0 0 0 0 0 0 0 0 0 0 0 0 0 0 0 0 0 0 0 0 0 0 0 0 0 
0 0 0 0 0 0 0 0 0 0 0 0 0 0 0 0 0 0 0 0 0 0 0 0 0 0 0 0 0 0 371000 371689 371572 370811 370627 370523 369806 370124 371032 370850 370209 370940 370813 369374 370470 370171 369755 369968 369720 369413 371193 369871 369322 369363 370311 370045 370599 370211 369818 371015 370458 369867 370848 370198 371844 370149 370514 370500 370356 368789 0 0 0 0 0 0 0 0 0 0 0 0 0 0 0 0 0 0 0 0 0 0 0 0 0 0 0 0 0 0 
0 0 0 0 0 0 0 0 0 0 0 0 0 0 0 0 0 0 0 0 0 0 0 0 0 0 0 0 0 0 370422 370584 370609 370251 369938 369900 370596 370091 369092 370122 369694 370428 370434 371048 369986 370034 370011 370061 369356 369844 369410 370792 369947 369234 369617 370353 370602 369737 370040 370890 370442 370793 369872 370756 370874 369839 369952 370889 370657 369783 0 0 0 0 0 0 0 0 0 0 0 0 0 0 0 0 0 0 0 0 0 0 0 0 0 0 0 0 0 0 
0 0 0 0 0 0 0 0 0 0 0 0 0 0 0 0 0 0 0 0 0 0 0 0 0 0 0 0 0 0 369121 371014 370324 370520 369492 369727 369138 371442 370409 371136 369966 370549 370189 371773 370237 370895 371597 370441 370977 369967 370105 369934 369499 369840 370454 370093 369804 370301 370588 370542 370513 370052 370246 369777 370754 370557 370144 370619 370426 369506 0 0 0 0 0 0 0 0 0 0 0 0 0 0 0 0 0 0 0 0 0 0 0 0 0 0 0 0 0 0 
0 0 0 0 0 0 0 0 0 0 0 0 0 0 0 0 0 0 0 0 0 0 0 0 0 0 0 0 0 0 276837 277001 277281 276882 277344 277614 277565 277084 275850 276730 277630 277311 276640 277019 277499 276854 277690 277241 276865 276597 277990 276752 276719 277820 276502 276814 276732 277104 276891 276885 277464 276269 277291 277648 276343 276727 277417 277772 276606 276915 0 0 0 0 0 0 0 0 0 0 0 0 0 0 0 0 0 0 0 0 0 0 0 0 0 0 0 0 0 0 
0 0 0 0 0 0 0 0 0 0 0 0 0 0 0 0 0 0 0 0 0 0 0 0 0 0 0 0 0 0 0 0 0 0 0 0 0 0 0 0 0 0 0 0 0 0 0 0 0 0 0 0 0 0 0 0 0 0 0 0 0 0 0 0 0 0 0 0 0 0 0 0 0 0 0 0 0 0 0 0 0 0 0 0 0 0 0 0 0 0 0 0 0 0 0 0 0 0 0 0 
0 0 0 0 0 0 0 0 0 0 0 0 0 0 0 0 0 0 0 0 0 0 0 0 0 0 0 0 0 0 0 0 0 0 0 0 0 0 0 0 0 0 0 0 0 0 0 0 0 0 0 0 0 0 0 0 0 0 0 0 0 0 0 0 0 0 0 0 0 0 0 0 0 0 0 0 0 0 0 0 0 0 0 0 0 0 0 0 0 0 0 0 0 0 0 0 0 0 0 0 
0 0 0 0 0 0 0 0 0 0 0 0 0 0 0 0 0 0 0 0 0 0 0 0 0 0 0 0 0 0 0 0 0 0 0 0 0 0 0 0 0 0 0 0 0 0 0 0 0 0 0 0 0 0 0 0 0 0 0 0 0 0 0 0 0 0 0 0 0 0 0 0 0 0 0 0 0 0 0 0 0 0 0 0 0 0 0 0 0 0 0 0 0 0 0 0 0 0 0 0 
0 0 0 0 0 0 0 0 0 0 0 0 0 0 0 0 0 0 0 0 0 0 0 0 0 0 0 0 0 0 0 0 0 0 0 0 0 0 0 0 0 0 0 0 0 0 0 0 0 0 0 0 0 0 0 0 0 0 0 0 0 0 0 0 0 0 0 0 0 0 0 0 0 0 0 0 0 0 0 0 0 0 0 0 0 0 0 0 0 0 0 0 0 0 0 0 0 0 0 0 
0 0 0 0 0 0 0 0 0 0 0 0 0 0 0 0 0 0 0 0 0 0 0 0 0 0 0 0 0 0 0 0 0 0 0 0 0 0 0 0 0 0 0 0 0 0 0 0 0 0 0 0 0 0 0 0 0 0 0 0 0 0 0 0 0 0 0 0 0 0 0 0 0 0 0 0 0 0 0 0 0 0 0 0 0 0 0 0 0 0 0 0 0 0 0 0 0 0 0 0 
0 0 0 0 0 0 0 0 0 0 0 0 0 0 0 0 0 0 0 0 0 0 0 0 0 0 0 0 0 0 0 0 0 0 0 0 0 0 0 0 0 0 0 0 0 0 0 0 0 0 0 0 0 0 0 0 0 0 0 0 0 0 0 0 0 0 0 0 0 0 0 0 0 0 0 0 0 0 0 0 0 0 0 0 0 0 0 0 0 0 0 0 0 0 0 0 0 0 0 0 
0 0 0 0 0 0 0 0 0 0 0 0 0 0 0 0 0 0 0 0 0 0 0 0 0 0 0 0 0 0 0 0 0 0 0 0 0 0 0 0 0 0 0 0 0 0 0 0 0 0 0 0 0 0 0 0 0 0 0 0 0 0 0 0 0 0 0 0 0 0 0 0 0 0 0 0 0 0 0 0 0 0 0 0 0 0 0 0 0 0 0 0 0 0 0 0 0 0 0 0 
0 0 0 0 0 0 0 0 0 0 0 0 0 0 0 0 0 0 0 0 0 0 0 0 0 0 0 0 0 0 0 0 0 0 0 0 0 0 0 0 0 0 0 0 0 0 0 0 0 0 0 0 0 0 0 0 0 0 0 0 0 0 0 0 0 0 0 0 0 0 0 0 0 0 0 0 0 0 0 0 0 0 0 0 0 0 0 0 0 0 0 0 0 0 0 0 0 0 0 0 
0 0 0 0 0 0 0 0 0 0 0 0 0 0 0 0 0 0 0 0 0 0 0 0 0 0 0 0 0 0 0 0 0 0 0 0 0 0 0 0 0 0 0 0 0 0 0 0 0 0 0 0 0 0 0 0 0 0 0 0 0 0 0 0 0 0 0 0 0 0 0 0 0 0 0 0 0 0 0 0 0 0 0 0 0 0 0 0 0 0 0 0 0 0 0 0 0 0 0 0 
0 0 0 0 0 0 0 0 0 0 0 0 0 0 0 0 0 0 0 0 0 0 0 0 0 0 0 0 0 0 0 0 0 0 0 0 0 0 0 0 0 0 0 0 0 0 0 0 0 0 0 0 0 0 0 0 0 0 0 0 0 0 0 0 0 0 0 0 0 0 0 0 0 0 0 0 0 0 0 0 0 0 0 0 0 0 0 0 0 0 0 0 0 0 0 0 0 0 0 0 
0 0 0 0 0 0 0 0 0 0 0 0 0 0 0 0 0 0 0 0 0 0 0 0 0 0 0 0 0 0 0 0 0 0 0 0 0 0 0 0 0 0 0 0 0 0 0 0 0 0 0 0 0 0 0 0 0 0 0 0 0 0 0 0 0 0 0 0 0 0 0 0 0 0 0 0 0 0 0 0 0 0 0 0 0 0 0 0 0 0 0 0 0 0 0 0 0 0 0 0 
0 0 0 0 0 0 0 0 0 0 0 0 0 0 0 0 0 0 0 0 0 0 0 0 0 0 0 0 0 0 0 0 0 0 0 0 0 0 0 0 0 0 0 0 0 0 0 0 0 0 0 0 0 0 0 0 0 0 0 0 0 0 0 0 0 0 0 0 0 0 0 0 0 0 0 0 0 0 0 0 0 0 0 0 0 0 0 0 0 0 0 0 0 0 0 0 0 0 0 0 
0 0 0 0 0 0 0 0 0 0 0 0 0 0 0 0 0 0 0 0 0 0 0 0 0 0 0 0 0 0 0 0 0 0 0 0 0 0 0 0 0 0 0 0 0 0 0 0 0 0 0 0 0 0 0 0 0 0 0 0 0 0 0 0 0 0 0 0 0 0 0 0 0 0 0 0 0 0 0 0 0 0 0 0 0 0 0 0 0 0 0 0 0 0 0 0 0 0 0 0 
0 0 0 0 0 0 0 0 0 0 0 0 0 0 0 0 0 0 0 0 0 0 0 0 0 0 0 0 0 0 0 0 0 0 0 0 0 0 0 0 0 0 0 0 0 0 0 0 0 0 0 0 0 0 0 0 0 0 0 0 0 0 0 0 0 0 0 0 0 0 0 0 0 0 0 0 0 0 0 0 0 0 0 0 0 0 0 0 0 0 0 0 0 0 0 0 0 0 0 0 
0 0 0 0 0 0 0 0 0 0 0 0 0 0 0 0 0 0 0 0 0 0 0 0 0 0 0 0 0 0 0 0 0 0 0 0 0 0 0 0 0 0 0 0 0 0 0 0 0 0 0 0 0 0 0 0 0 0 0 0 0 0 0 0 0 0 0 0 0 0 0 0 0 0 0 0 0 0 0 0 0 0 0 0 0 0 0 0 0 0 0 0 0 0 0 0 0 0 0 0 
0 0 0 0 0 0 0 0 0 0 0 0 0 0 0 0 0 0 0 0 0 0 0 0 0 0 0 0 0 0 0 0 0 0 0 0 0 0 0 0 0 0 0 0 0 0 0 0 0 0 0 0 0 0 0 0 0 0 0 0 0 0 0 0 0 0 0 0 0 0 0 0 0 0 0 0 0 0 0 0 0 0 0 0 0 0 0 0 0 0 0 0 0 0 0 0 0 0 0 0 
