# Format: McCode with text headers
# URL: http://www.mccode.org
# Creator:  3.6.14, git
# Instrument: FullInstrument_v5_working.instr
# Ncount: 6250000
# Trace: no
# Gravitation: no
# Seed: 1780130278940733
# Directory: FullInstrument_v5_working_20260530_103301/3
# Nodes: 8
# Param: SourceE=5
# Param: DeltaSourceE=0.5
# Param: EI=5
# Param: A3=0
# Param: A4=-45
# Param: SAMPLE=0
# Param: RV_mono_Bool=1
# Param: RH_mono_Bool=1
# Param: Lv=1.872
# Param: Lh=1.34
# Param: monoShieldingWidth=0.062
# Param: monoShieldingHeight=0.14
# Param: monoShieldingDistance=0.235
# Param: MonoShielding=1
# Param: Be_filter=1
# Param: sampleHeight=0.03
# Param: sampleRadius=0.01
# Param: sampleThickness=0.002125
# Param: samplePosY=0
# Param: sampleFluxDiagnosticXWidth=0.08
# Param: sampleFluxDiagnosticYHeight=0.08
# Date: Sat May 30 10:39:42 2026 (1780130382)
# type: array_2d(100, 100)
# Source: PSI_CAMEA (FullInstrument_v5_working.instr)
# component: sample_flux_hitting_sample
# position: 1.52909 0 37.6057
# title: PSD monitor
# Ncount: 50000000
# filename: sample_flux_hitting_sample.dat
# statistics: X0=0.0125705; dX=0.569638; Y0=-0.000311871; dY=0.81688;
# signal: Min=1015.49; Max=5569.22; Mean=3405.6;
# values: 3.4056e+07 42463.9 932913
# xvar: X 
# yvar: Y 
# xlabel: X position [cm]
# ylabel: Y position [cm]
# zvar: I
# zlabel: Signal per bin
# xylimits: -1 1 -1.5 1.5
# variables: I I_err N
# Data [sample_flux_hitting_sample/sample_flux_hitting_sample.dat] I:
1561.88033 1822.239975 1376.979472 1832.173223 1748.741393 1319.583203 2140.021851 1952.57019 1235.747601 1480.675525 1786.479849 1702.303268 1456.881696 1279.608838 1442.72395 1785.292313 2024.958606 1907.632078 1202.63478 1733.592392 1729.233286 1821.622437 1698.830467 2402.408838 1649.021677 1227.296304 1457.315279 2156.534584 1452.172119 1796.843349 2158.707623 1664.834467 1985.218625 1775.90414 1612.896013 1942.989059 1623.550916 1301.821617 2250.94828 1632.067007 1279.997946 2063.518123 1896.08907 2289.853455 2066.775643 1388.594912 1715.063403 1857.845225 2147.523889 1718.43656 1664.153257 1467.397515 1711.704868 1867.65955 2133.100038 2376.939846 1831.497171 1773.391955 1885.090219 2076.771662 1948.109223 1692.590348 1651.344801 1924.033897 1782.880643 1630.318316 1664.08304 1803.035364 2075.380649 2035.609581 1720.214837 2034.092585 1693.714458 2474.998241 2331.908868 1448.929702 2095.607824 1641.146518 1598.169277 2288.73492 1888.746519 1579.798849 1895.001744 1246.956853 2344.308016 1922.116768 2117.576906 1632.228435 1399.109616 2085.644654 1457.514636 1796.473558 1609.259432 1808.793598 1953.42637 2008.45807 1258.482488 2243.956517 1722.374157 1791.29203 
1577.804742 2133.35098 1175.206732 1367.967366 2151.793375 1931.478443 1368.136811 1600.423974 1871.517806 1737.925568 1878.916059 1832.345607 1605.086607 1994.903495 1797.390106 1949.769844 2269.987718 2167.882056 2252.43211 1611.024053 1872.112219 1873.396026 1950.962216 1183.421479 1918.545468 2462.446138 2040.122879 2326.749634 1573.124978 2186.080441 2439.100283 1433.951013 2264.940696 2480.396058 2792.842574 1469.341306 1812.317456 2572.48679 2096.996024 2401.925143 2145.913188 2277.428452 2018.764483 1693.302984 2150.743939 1755.836139 2553.783746 1412.243892 2597.023237 2935.954626 2459.305156 1842.168989 1526.179823 2285.496201 2495.604109 2152.233354 1394.976812 2072.91361 1971.943701 1818.222832 2166.391896 3075.824095 2353.111133 1922.120412 2117.70875 2225.961395 2146.273772 1555.230121 1712.824777 1410.091508 2157.548789 2428.042507 2008.389152 2452.987373 2503.967821 1249.632343 1778.965566 1915.420902 2740.413827 2258.384559 1565.955551 2407.483985 1679.586671 2305.872163 1961.54485 2077.669531 1899.218599 1960.829883 1908.721129 2220.569589 2663.101495 2553.075382 2149.331115 1505.480928 2298.044897 2010.022628 1720.348168 1921.888915 1405.773613 1676.081468 
1770.795497 2258.371768 1835.018413 1643.823597 1672.728666 1700.945744 2005.092684 2718.134329 2359.054429 1547.089855 2399.105286 1840.886261 1575.091857 2570.999283 2036.955778 2628.40181 2438.194594 2020.7663 1873.878516 2145.737405 2676.650258 1948.25588 2381.757626 2253.423752 1403.010848 1772.123947 3047.462352 2056.35894 1859.532511 2609.178291 2576.759811 1889.782699 2720.558176 2586.793228 2579.397805 1755.816552 2631.174581 2691.444062 1939.103913 2233.722959 2287.941242 2840.898151 1666.312291 2523.071349 2642.272919 1997.565345 2236.367888 2162.801753 2815.546426 2266.353123 1988.287193 1791.922825 2463.304263 2211.677743 2744.615088 2006.601349 2945.523568 2115.470959 2621.012998 2662.745097 2920.565616 2240.454342 2083.906124 1968.860711 2363.77816 1973.712933 2682.246133 3337.360372 2044.861897 1895.545305 1876.289561 2648.712808 2886.001574 2257.944149 1719.995654 1680.767444 2470.782635 2212.220215 1764.041148 1441.766132 1487.650642 2128.853548 2120.395584 2484.358814 2488.621869 2173.635822 2157.451947 2498.69111 1981.529098 2108.986955 2082.590567 2149.396634 2304.355087 1462.286555 2753.487682 2121.957282 1732.898751 1737.767814 1476.828576 2440.901869 
2646.046175 2264.449338 1787.325497 1951.402808 2622.776969 2044.093149 2795.054941 2564.797234 1974.142468 2086.445394 2900.227134 2230.240924 1992.997114 2412.07611 2364.207728 2515.146597 2412.68296 1967.44155 2468.457262 2331.574626 2665.192165 2653.201928 2778.796436 2150.287573 2643.065728 2313.324382 1938.596389 2564.60711 1912.973199 2146.161907 3093.138807 1972.855967 2142.108594 2744.581758 2926.452805 2257.991317 2453.18872 2277.212204 2108.485197 2309.402178 2408.39117 2294.240297 2325.163011 2788.057824 2571.571375 1568.238204 3239.829532 3486.241013 2273.914054 2900.628625 2023.960174 2636.323217 1814.601316 2915.409025 2408.127127 3293.607181 2097.181229 2756.416237 2436.99238 2335.310513 2228.472183 2321.690093 2484.314932 2352.688494 2416.247663 1967.935179 2757.501752 2305.626544 2500.120045 1650.997483 2496.008457 2368.55591 2632.351454 1961.56549 2899.60175 2282.665875 2678.521693 2823.915095 2154.794686 2663.246891 1856.899104 1953.690967 2382.910382 2315.002016 1886.62455 1901.16931 2513.437725 1815.376251 2166.941242 2957.947652 2636.798478 2367.479075 2516.630276 2054.783583 2336.651341 2442.561383 2191.735977 2414.282895 2344.385875 2585.941575 
2617.165983 2179.447338 2959.153114 2017.088329 2809.246521 2212.181858 2012.480261 1598.356588 2539.056819 2316.976702 1953.127205 2845.474735 2734.234547 2502.977042 3032.359584 1991.968152 3102.0517 2535.772019 2769.166634 2321.6942 2296.767019 2207.536983 2802.288195 2647.363762 1828.5882 2132.996034 2273.765807 2814.823819 2493.647295 2864.155537 2808.528811 2343.061984 2090.331373 2172.542522 2610.689116 2286.047754 2965.333939 3062.532571 2522.054561 3236.031166 2728.577832 2569.162622 2397.550988 2393.809346 2663.535944 2743.113274 2278.827766 2719.137009 2450.061324 2542.684852 3412.462167 2532.478134 2570.765621 3470.48923 2568.127384 2867.19189 2329.089487 2307.359778 2264.04192 2572.182484 2138.73332 2456.18249 2838.130878 1388.861237 2411.154118 2910.040047 3248.835473 2692.014298 2791.345685 3313.689983 2796.851791 2042.420793 2759.696128 2162.887185 3432.80838 2826.952798 2170.963358 2924.379105 2869.21174 3137.476174 2611.869653 2837.466777 2529.628333 2828.976728 3172.732417 2526.959579 2824.681647 2008.906344 2385.890515 2755.953574 2667.087118 3381.616319 3293.601125 2644.636391 2630.073782 2808.208999 2585.392979 2738.578937 1982.652893 2852.567052 
2352.691106 2886.091113 2963.020993 3129.735589 2324.527634 2574.266281 2556.945618 3129.172463 2483.736209 2937.877029 2496.741532 2951.079023 1906.274988 2739.946244 2634.261295 3098.516912 2810.534597 2547.684925 3045.959392 3005.237109 2885.761283 2965.881921 2441.036502 2743.025047 1906.536255 3318.917905 2859.182615 2317.398657 3620.147362 2871.61187 3138.983673 2667.661151 2440.439541 2520.103672 2809.545324 2439.382475 2789.460077 2491.271435 2723.150235 2427.107568 2832.933858 2801.155717 3144.767472 2037.702489 1952.453639 2900.733801 2753.831591 2826.362305 2525.408975 2718.869625 3013.285744 2314.442636 2972.729716 2543.21396 2916.274004 3084.770044 2807.105583 2912.648459 3174.668944 3221.692461 3121.119062 3334.951377 2417.226586 2838.774335 2116.602911 2693.847388 2961.819275 2736.072572 2647.241117 2392.568529 2867.478143 2225.696729 3063.535133 2323.294131 2939.509754 2762.582114 2808.727172 2678.750921 3490.871609 2594.594439 2898.022886 3254.625314 3055.285797 3010.814092 2356.735034 2764.513411 3198.770279 2772.758588 3403.59884 2431.510816 1836.755747 2772.9981 2665.687728 2714.011092 3172.064205 2001.3757 2398.417888 2495.094379 2343.133344 2540.646457 
3186.188591 2693.358884 3065.101629 2525.539879 2779.364073 2259.966355 1998.165125 3143.619605 2029.498043 2375.116947 2508.51703 3163.227694 3580.871346 2475.618259 3055.967363 2416.374014 3094.704913 2672.614372 2041.092497 2995.769292 2373.209082 2582.333319 2800.981149 2377.58037 2285.409043 3035.447708 2893.061642 3094.373575 2660.682053 3268.013919 2817.130322 3413.580924 3204.299521 2761.919619 3672.576529 3124.527409 2813.486689 3066.742089 2528.249485 2883.686489 3052.428064 2845.700337 2588.341726 3335.52146 3453.532675 2667.755665 1863.006221 3355.71573 3101.455304 2771.517696 3357.465363 2901.833724 3198.268387 2557.827636 3389.774827 2866.469204 3417.62338 2683.385299 3548.661488 3289.335001 3257.371512 2554.772575 3017.761286 2945.213759 3160.425934 2548.7368 2934.721214 2888.759302 2869.081333 3055.36058 2736.07808 3077.652976 3958.242377 3133.285702 1803.33522 2245.123745 2333.812309 3321.374909 2933.521458 2645.944827 2981.538758 2580.60339 2632.135655 2727.416764 2972.276272 2386.669091 2372.111839 2734.050232 2322.999995 3444.788734 2510.13999 2315.728245 3263.514922 2797.242715 2911.858801 3309.475983 2976.15034 3508.548233 2710.986959 3050.792758 
2822.450981 2156.541674 2783.979238 2201.093281 2644.254847 3410.867246 3141.93342 3379.281062 3023.850908 3323.262804 3167.388953 2297.114817 3011.034929 3083.957478 2429.4098 2712.749488 2858.874645 3222.537082 2971.761369 3036.108729 2805.429718 2445.603951 3178.108604 2868.125469 2711.462251 2646.620482 2511.078602 3004.69817 3316.204357 2358.82428 2566.119185 2870.410811 3791.982015 3108.913444 2880.642139 3507.663187 2979.969447 3005.646315 3771.340859 2837.328423 2791.600426 2729.818426 2848.511634 3149.263081 3073.780558 3122.076443 2432.534964 2976.033463 2840.914782 3775.173966 2602.175217 3498.598355 3897.539231 3108.898908 3963.28916 3335.718514 3338.85999 3320.403185 2842.564418 3033.189814 2781.625484 2638.369916 3438.036379 3641.323735 2983.063768 3033.207703 3227.184504 3636.986063 2925.148281 3821.609156 3288.578228 2808.200138 2841.301666 2960.547654 2867.734109 2809.084807 4004.079046 2932.986853 4025.608329 2616.143618 2920.354262 3249.47004 2892.719556 2203.148351 3183.641612 2692.644594 3488.952669 3290.020159 2711.689133 2528.190015 2899.490864 2908.749958 3349.095712 2470.651376 3485.983348 2488.666525 3633.645749 3794.318527 3279.775241 2751.333315 
3305.706458 2917.774092 2709.067433 3573.158397 3215.36685 2594.538447 2723.47767 3093.878672 3317.809638 2937.419925 2566.985337 2333.437251 2899.937641 3082.860995 2749.074448 3088.036025 3248.81443 3558.869343 2077.027522 3089.646444 2754.882938 2644.909831 2923.078269 2444.826005 3504.991416 3327.556285 3511.752109 2685.961174 3670.354811 2869.993001 2842.047986 3197.910306 3634.079783 3308.024999 3242.788157 3214.710768 2952.113441 3148.660594 2453.952764 3600.857607 3649.66698 3137.051374 3849.840349 3792.158856 3200.305226 3069.606955 3203.936897 2769.285538 3187.297059 3149.428735 2788.858612 3587.527528 3005.074948 3154.795911 3134.740449 2608.31634 2570.803031 3586.712142 2650.127025 3340.764241 3985.676918 3597.226375 3663.132338 3188.466289 3081.964649 3438.868567 3599.65165 3202.663519 2822.724519 3898.246753 3393.660802 3409.871078 3545.767856 3018.941668 3410.26757 3277.667687 3657.460234 2623.426533 2626.086969 3509.247162 3181.194529 3385.584833 2780.03672 2602.952104 2861.507694 3048.489884 3678.217523 3622.238167 3495.173691 3398.237161 2603.96303 2943.267046 2857.003221 2920.329575 3108.927993 3674.297222 3353.189926 2772.473718 3336.876172 2722.891581 
3510.819255 2206.301234 2564.958359 3752.226325 2998.903241 3344.118941 3541.863396 3283.044235 2316.291529 2917.266412 3655.144372 3140.646994 2865.272933 2965.359305 3306.055045 3858.459904 3442.958551 3041.905345 2654.201725 3748.175498 1932.283423 2639.82625 2660.56477 3434.12623 4214.162976 3226.932118 3203.485275 3159.744657 2833.103469 3136.80787 2953.471995 3121.25741 3152.260415 3103.704163 2616.748268 3772.303854 3311.146362 3535.867537 3192.413715 3875.124516 3235.309312 3021.941555 3529.926717 3645.913959 3441.448312 3658.080271 3594.931207 3460.450632 3909.327359 3607.163403 3172.554765 3283.486414 3003.391092 3449.690561 3642.753023 2894.89632 2525.415017 2659.506374 3303.91692 4434.258111 2807.582618 3700.3083 3505.308588 3738.169494 3557.641525 3155.791848 3538.393468 3008.295411 2699.295294 3626.340191 3162.18305 2675.815029 2697.667619 2601.985903 3606.946771 3358.559153 3685.05216 3143.328107 3392.139733 3876.992128 3730.95446 3620.222832 3396.8825 3887.047495 3727.612951 1997.782971 3447.596753 2803.071689 2810.462456 3702.996932 3267.050221 3318.202763 2558.218658 3189.702976 3005.271451 3105.972583 3254.264261 2681.939071 3638.445226 3475.2819 
2819.22097 3370.671289 3243.689324 3134.202989 2067.321756 3085.432716 3365.161467 3483.150708 3708.445324 3313.604127 4396.909322 3388.719228 4347.060158 2814.922456 2946.659041 3167.52767 3202.206421 2973.053597 2546.737821 3083.136449 3408.305885 3629.977274 3179.71713 2471.902942 2731.612894 3573.283496 3258.009772 3735.439652 3140.722417 2909.784833 3301.947497 3840.967384 3489.299174 3419.758202 3027.317637 3146.44665 3361.33826 3490.851943 3605.29278 2892.445226 3255.508098 2800.54473 3629.26856 3595.112642 3560.493904 3336.243279 3216.797656 2738.199361 3873.427876 3180.719873 3883.55514 3497.263863 2499.15526 3926.346881 4189.038574 2908.764389 3279.871529 3129.037707 2864.796906 3203.789786 3587.316529 3197.627642 3392.315578 3688.920883 3705.504765 3704.833878 3473.67403 3241.555097 3091.540393 3110.443507 3579.656415 3596.036379 3538.995258 3956.350582 3368.431614 3703.478237 3899.493834 3305.422375 3657.323147 2641.199486 2937.559403 3432.966616 3127.134286 3099.914727 3701.156611 3320.15128 2590.031354 3621.595249 4031.69289 2879.219496 3995.193863 3818.756574 3321.457456 3351.814555 3942.070107 3215.829969 3467.788931 3274.754228 3591.017563 3467.579771 
2261.602323 2788.839267 3443.384839 3890.517693 2863.232349 3380.717552 3366.309305 3039.543356 3060.926179 2665.675331 2940.582445 3430.782087 3141.95999 2917.925744 2955.798339 2925.863695 2473.574523 3232.674314 3489.036954 3080.687283 2623.709568 2736.513755 3275.050383 3064.167962 3724.442431 3737.473411 3071.294328 2962.083791 3447.288012 3021.922715 3445.96539 3576.320762 3323.401727 2922.830733 4050.2035 3442.197365 3375.860392 3142.842958 4087.681702 4064.956432 2731.513125 3439.372205 3198.552148 4169.805598 3795.422736 3135.681071 3159.351012 2571.843807 4496.75609 3393.915231 3264.80107 3486.245477 3278.299172 2991.634777 4757.653963 3892.141826 3995.605428 3521.967522 3338.597668 3240.362468 4250.937035 3036.371637 3800.894313 4273.243643 3665.150087 3552.976757 3614.636948 3091.979392 3345.91102 4151.092295 3033.458811 3091.916111 4073.023062 3272.967315 3064.496993 3979.694193 3766.695064 3552.733348 3589.425482 2855.494562 4365.2207 3377.348 3117.641552 3049.4952 3331.375295 3476.661046 2325.634651 3037.525685 3246.187277 2994.230353 3377.437202 3296.353819 3402.107159 3041.795429 3522.022157 3540.367313 3230.676849 3621.029188 3820.656049 3560.191899 
2562.022725 2754.049019 2304.101577 3776.302639 3347.502132 3325.683964 2414.225858 3556.241551 2417.444654 3042.94529 3332.864718 3052.374801 3096.094521 2873.268072 3381.719025 3382.175335 2722.563071 3466.681845 2485.080571 3377.891842 3786.803456 2997.823669 3041.658792 3112.17864 3781.328559 3487.060365 3517.732845 3267.346771 3760.245297 3130.997376 3102.728442 3896.760427 3751.502803 3689.747073 3324.422206 3702.038083 3032.092596 3898.875259 3009.450657 3132.974505 3586.346909 3367.629555 3850.064668 3616.60351 3849.130368 4152.664055 3222.727219 2634.548493 3512.987036 4255.550679 3414.866115 2910.68632 3357.84146 2968.109709 3277.978639 3217.086143 4155.02275 3591.599763 3541.380667 3354.016212 3402.258206 4165.227508 3997.75022 3198.727455 3586.356452 3931.532139 3119.211987 3083.470407 3444.661021 3059.250173 3598.151592 3017.503192 4006.5228 2904.134095 3210.763752 2804.505782 3490.654063 3848.683723 3597.866895 3129.29611 3100.228852 3053.227217 2935.588583 3190.204786 3391.812991 2943.522026 3468.282246 3425.175053 3125.345824 3789.371764 3388.248644 2938.849261 2904.025628 3492.276144 2500.827569 2892.827878 3455.356308 4014.412516 3430.564423 3345.794159 
3027.868175 3273.931695 2491.074115 3093.05129 3413.603356 3251.606475 3428.20622 3145.580409 3069.983228 3883.473095 2695.717295 3082.987814 3410.089957 2863.066234 3035.570254 3137.294207 3152.820635 3630.043444 3770.301455 3042.464246 3080.193792 3295.362622 2939.439775 3667.411925 3781.335202 4322.636244 3647.690463 2730.708848 3249.000051 3424.238078 3060.541191 3783.481035 3016.937694 3077.676218 3812.653811 3446.574602 3146.492307 2567.410568 3862.878174 3819.263595 3771.79702 3118.739865 3466.369665 2874.298842 2638.280982 3927.97598 3224.968732 3321.584088 3712.900779 3450.302232 5272.758542 3402.137363 3373.110326 3265.885618 3513.578495 3854.399757 3508.502835 3376.006601 3648.047285 3649.587067 3725.358921 3384.24769 4059.123332 3442.158214 3853.504676 3792.238306 3067.147406 3222.053354 3609.499185 3970.066829 3515.28696 3412.664756 3325.297029 3319.566319 3718.302262 3575.140692 4461.23968 3224.83644 3608.720285 3826.532489 4177.762584 3256.187324 3250.656232 3782.277096 3992.007183 2938.624954 3951.889593 3889.586253 3525.192953 3068.739143 3620.012039 3034.131567 3231.917595 3116.839924 3302.11305 2851.768987 3119.565661 2903.847616 4019.596166 3437.69483 
3266.190446 3463.033993 2823.921489 2656.135325 2356.530751 3010.201676 2927.610556 2613.973279 3460.379533 3583.334323 3637.638784 2859.810375 2851.167336 2748.390377 3932.68426 3411.264734 2845.971573 3031.02337 3124.928802 2799.205529 3327.621377 3039.212645 3361.017839 3454.578286 3195.208652 3356.349405 3997.407948 3536.838006 3651.712426 3305.451981 3577.276843 3696.126642 3055.139501 2881.247975 3639.211622 3333.379749 3360.454833 3892.989426 3190.603405 4554.476097 5130.140192 3412.833261 3634.265156 3368.862858 3905.966672 3608.127135 4064.265603 3375.772323 4236.387692 3678.812605 3639.566743 3726.969146 3698.228131 2883.899092 2570.112682 3796.31854 3456.43939 3286.484471 4058.445246 3848.20926 3967.91358 3693.498294 3957.530567 3585.514555 3284.942945 4378.243811 3202.287051 2844.477451 3459.957617 3101.278633 4153.705782 3408.536099 3906.51041 3212.637445 3424.017584 3306.713664 4031.176785 3225.172895 3935.520488 3175.696573 3412.498425 3640.658301 3618.256666 3328.55782 3488.821052 3404.838781 3292.268447 3358.352824 3509.453219 3099.179517 3089.750577 4628.130018 4204.528565 3125.820418 3161.170657 2798.777955 3091.077189 3862.704442 3480.869301 3738.592926 
2692.419951 2955.341527 3552.486993 3069.730071 3476.872715 3879.802644 2383.834069 3232.94607 3002.804907 3373.83824 3307.722577 3936.118468 2840.140285 2663.299526 4172.603424 2817.180645 3832.544569 3283.879402 3440.575254 3297.007012 2844.729558 3156.224571 3253.99444 3525.254208 2924.039248 2762.891449 3311.996284 4142.404796 3426.258921 3775.973908 3653.84348 3022.787492 3228.059121 3798.956974 3278.581003 3211.456832 3560.005288 3637.68685 2939.465061 4352.142343 4198.635969 3997.042261 4109.088289 4281.749063 3267.418186 3739.927679 3193.284171 3575.978192 3329.550804 3619.164062 2895.334997 3186.163737 4837.880462 3854.819465 4176.914914 3044.495088 3695.578385 3728.281747 3742.782489 3425.489816 3667.669851 4090.127869 2712.968528 4037.505366 3161.002014 3016.142253 3457.861803 4069.27304 4172.164933 3240.282056 2949.205194 3818.524513 3657.873491 3229.316202 3739.52487 3568.469968 3565.628178 3999.213705 2555.972609 3529.743819 3085.398841 3835.995943 3529.651486 3593.002009 3231.29047 3617.526601 3020.173883 3073.017994 4011.61562 3547.720291 3596.604075 3864.708326 3160.693825 3592.085028 2871.648225 3855.07883 2986.203986 3313.073364 3716.653412 2510.186807 
3083.691867 3815.543734 2964.153153 2626.516516 3161.90265 2958.557322 3655.088401 2704.044372 2744.301036 4631.599996 3321.089822 3254.696971 3300.472885 3435.238199 2893.964393 3268.355234 3079.774757 3679.038639 3493.471069 3121.530625 4083.130284 3508.797996 3260.130949 3976.242701 3654.323858 3763.292253 4338.22365 3561.784408 3634.638047 3167.962826 3694.660005 2860.65141 2844.555157 3317.097661 3039.649222 3087.971776 3669.475466 3285.094766 3701.814955 3392.093811 4024.616634 3950.0685 3890.273468 3936.762683 3434.484545 3068.581731 2980.085531 3470.239767 3672.779203 3046.65486 4326.36911 3333.188571 2885.825977 3187.837957 3480.50648 3088.895966 3688.74542 3795.392646 4100.144344 3040.082169 3229.16792 3700.249334 3142.919086 3119.958935 4197.681443 3807.223325 3653.87812 4162.247901 3718.695506 3625.625826 3394.149601 3618.682977 3760.036099 3305.484496 3522.368901 3006.229503 4152.116119 3154.565939 3348.407248 2665.494574 3715.685473 3843.16972 3596.753188 2937.762801 3816.149699 2831.468954 4532.813412 4135.439222 2782.576639 4510.290952 3526.232848 2815.137231 3075.84109 3384.865633 3257.338711 2882.606862 3222.564616 3817.928778 3285.417676 3292.508602 
3138.404518 3288.603447 3460.805229 3370.296143 3170.529511 2981.942588 3588.617024 3093.93979 2789.538651 3611.482196 3125.483376 2646.408349 2772.106985 3761.727639 3931.713055 3791.733025 2967.731275 2834.555787 3660.956223 3355.708964 3980.066459 3472.950198 3199.212852 3094.121101 4182.544113 3493.332305 4098.733811 3213.091438 2636.21901 3362.54908 3306.818978 2936.099365 3501.36299 3670.983332 3537.448316 3378.069346 3620.99027 3421.98375 3864.937217 3450.169771 2642.468501 3894.390636 3867.090374 3955.738994 2912.721894 3888.971902 4068.028073 3297.628777 3605.931341 4090.861154 3420.171732 3504.275026 3971.919589 3315.265472 4032.327396 3920.310688 3010.718131 4149.892582 3326.896564 2744.293711 3676.785078 3683.425961 3169.812476 4340.16339 2874.31259 3182.849903 3542.096974 3187.159783 3388.717179 4425.780872 3790.979693 3918.128026 3930.564116 2229.808733 3429.702568 3219.040458 3365.979031 4338.977648 3278.571541 3222.184634 3969.323416 2942.926883 4049.917614 3508.820157 3279.213817 2725.117746 3144.722659 3710.140986 3045.540453 3575.902301 3183.264534 4158.844478 3375.313222 3305.870067 3692.800341 2904.390827 3514.798304 3331.139045 3151.70263 4218.777344 
2563.40056 3244.955146 3009.46818 3211.246787 3423.575322 3614.414024 3505.998132 3182.80082 3264.161027 3287.539607 3351.476838 3386.372389 2640.576592 2678.483389 3958.264496 3847.297688 3128.993481 4268.613714 3747.309698 3525.275194 2920.892748 3156.831975 3042.502839 2961.199545 3051.554765 4163.829797 3463.034903 4256.968572 2907.084673 3492.826696 3635.708044 3938.54422 3915.702835 3214.458644 3290.93721 4519.751308 3094.783823 3361.885824 3592.240938 3321.089424 3214.297958 4148.05284 4092.770919 3453.28113 3085.158757 3716.301639 3073.229631 3956.294703 4064.538259 3947.421484 3967.679948 3160.393775 3935.829733 3436.088257 3129.521089 3423.107479 3448.299147 3475.30246 3672.544277 3112.333422 3547.426102 3757.563431 3608.864193 3729.048674 3859.329584 3987.27418 3270.560694 3483.052228 3463.961314 4009.190394 3348.622918 3740.58402 3164.964074 4134.286919 4088.816657 3980.081086 2917.797848 3453.138135 3359.350263 4081.23489 3897.653476 3332.946843 3899.475875 3250.493998 4146.958173 3115.727108 3435.09215 3064.102928 2970.324389 4449.158533 3613.700558 3534.105121 2897.707585 4282.241747 4191.379818 3530.272486 4167.938216 3006.154533 3070.5299 3440.988986 
3198.556059 4030.906056 3589.375759 2532.271414 3710.29768 2977.157439 3467.536921 3371.920898 3699.063118 3308.003957 3847.89995 3737.907149 3302.6065 3291.232709 4537.503103 3437.772056 3496.003296 3647.07816 3395.336029 2921.410581 3419.408215 3781.221083 3604.788852 3114.478447 2455.937354 3125.122781 3304.170111 3841.888787 3824.642927 3377.836792 3766.323454 3796.272123 2861.069175 3695.988651 3286.22432 3587.885914 3658.406907 3850.617869 3050.346518 4090.825705 3200.070433 3554.119078 3441.119315 3286.135711 2608.95772 4081.278786 4078.539861 4533.481659 3683.897929 3368.079825 3141.100791 2948.799102 3608.298264 3303.750527 3671.795127 3670.398217 3552.39342 3847.063422 3612.900872 3686.985654 3205.101189 3679.475011 3431.890686 4137.862319 3398.936842 3973.308917 3991.631597 3369.338878 2358.306317 3640.467586 3680.951856 2929.699239 3473.387623 3903.208681 3219.99541 3850.783948 3250.633019 3909.092915 4042.608909 3055.703158 3295.492557 3939.173484 3038.418727 3045.15958 3754.908539 3534.145557 3604.735228 2898.004737 3897.300548 3425.173935 3769.725538 3349.683271 3446.398643 3677.937079 3206.8586 3459.434954 3320.88963 3070.537135 3591.269449 3015.91501 
3558.248856 2947.780554 3030.883377 3080.072084 3737.395347 3277.58069 3305.935662 3601.636342 2957.782598 3759.627307 3196.699657 3973.201587 3640.038299 3363.789427 3673.052997 3984.693054 3790.562681 3316.265711 3614.610123 3181.989238 2750.307376 4082.345286 3404.53706 3075.378818 3574.679822 3508.808527 3343.499154 3837.875093 4005.100602 4073.150546 4097.81132 4180.702707 3501.331691 3751.147449 3424.955804 3339.552476 3635.688863 3372.990945 3155.266294 3479.477438 3876.569142 3417.203575 2978.875835 3165.701246 2927.567834 3890.558252 3233.451879 4303.244997 3264.838456 3998.068535 4000.457044 4333.910891 3230.563202 3676.777679 3543.806379 3117.695435 3318.631743 2912.082955 4112.746274 3843.195593 3572.105 3962.028902 4075.303637 4322.760375 3393.725189 3273.65018 4021.907778 3159.305087 3422.97158 3724.321037 4467.855886 3365.227308 3299.78179 4045.604756 3268.592179 4349.40736 3392.660244 3938.347038 3756.63604 3431.07089 3156.157526 3689.169636 3548.790091 2964.161437 3118.570599 4357.60943 2970.186534 3827.048287 3186.061962 3783.510557 4464.953943 2832.70483 3607.171958 3253.374973 3605.62656 3966.630916 2875.503194 4683.793475 3247.343886 3173.249366 
2631.918165 3712.007011 2625.219259 2972.815459 3286.403271 2614.399189 3084.030373 3497.430554 2990.570052 2672.284281 3518.318691 3384.331999 2985.33855 3085.870559 3675.024317 3000.700773 3461.327275 2844.283315 3764.234133 3929.819675 4144.121432 3508.9003 3416.973869 3990.202873 3208.199365 3538.483675 3007.159203 3142.646043 3271.840325 3987.996126 3923.116964 3312.104989 3833.393376 3926.529843 3650.472556 3864.796332 3300.537112 3810.865923 3622.269475 3137.64952 3271.099464 3807.204827 3781.137704 3945.083435 3881.381863 3254.983923 3498.546486 3509.6386 3563.696623 3452.36793 3272.777473 3451.285517 3385.274449 4046.970307 4087.472935 2851.320107 3923.137154 3655.924753 4149.438326 3947.509865 3974.08816 3849.263342 4118.868982 3836.360484 3832.944078 4548.070628 4583.492351 4226.999811 3502.314928 3155.537445 4104.100101 3426.5063 3942.840347 2992.98771 2716.368875 4499.307394 4225.959706 3291.187806 3679.102097 3207.213691 3330.839852 3814.424268 3393.884266 2978.821382 3447.741208 2882.997373 4527.268519 3310.27349 2974.494011 3339.461965 3608.914926 3986.831202 3655.32731 3353.974158 2864.641043 3185.974515 2822.930761 3766.585958 3392.054371 3283.743283 
3156.429678 2803.130104 2897.748004 3046.18666 2473.640136 3443.946439 2817.403446 2708.916426 2897.524662 3692.824822 3202.157165 2949.522813 3859.307254 4379.244758 2924.880828 2874.868373 3523.988846 3390.859154 4330.517002 3693.94771 3405.326048 3271.603915 3276.702364 3103.980862 3610.514615 3989.724411 3826.429768 3886.347214 2739.240273 2993.000253 3814.428133 3012.352296 3322.341348 3420.672445 3813.545902 2996.133616 3992.483585 3289.491815 3057.419821 4026.151529 3623.102774 3584.634942 4037.258726 3403.955198 3644.228845 3599.893742 3158.335146 4455.819877 2993.404716 3194.855071 3696.393262 3418.270533 3759.801169 3857.690011 4109.720406 4115.304424 3513.434717 3388.455695 2626.475165 3551.990373 3050.105029 4071.245634 3814.371877 3513.623355 3153.123281 3018.823787 3842.246605 3798.171445 3949.349597 3941.923805 3246.377312 3575.828399 3942.634804 3660.416208 3542.038514 3367.772796 3829.465657 3556.850772 4150.598996 2762.080564 4300.054707 3622.671758 3671.735946 3921.829954 3499.441464 4049.948715 4420.292406 3238.862691 3546.101986 3390.51529 3232.787954 3655.708759 4145.764579 3808.783565 3326.885973 3252.448923 3526.163581 3748.49478 2937.756014 4051.260183 
3200.127983 2645.334058 3405.219561 3322.632467 3565.252975 3079.432706 3372.32271 3182.597236 3002.47641 3953.693436 3883.795223 3285.465702 2880.172508 3203.613561 2994.877779 3280.033432 3903.043483 3642.274065 2682.630224 3227.729447 3393.027851 3596.646986 3560.625512 3054.377052 3217.004862 3835.035803 3770.874784 3390.058895 3409.204859 3183.429133 3716.799346 2869.026257 4015.925889 3058.317199 2615.884296 2524.556717 3243.527966 2613.942175 3813.2386 3762.819286 3201.314074 3383.413393 3970.889768 3637.356011 3045.834757 4270.002613 3910.198604 4553.863731 3836.552328 3625.08418 3558.332354 4531.001967 3256.8009 3653.92882 4056.203529 3156.950678 3749.715632 3370.989579 3937.83739 3716.951697 3405.310657 3757.894701 3857.325314 3802.690119 3693.346268 3471.8372 3510.923716 3306.195125 3479.175936 3971.461291 4090.292765 4280.670725 3031.323523 3846.408956 3305.714724 3778.270017 4354.552966 3156.464019 3059.797532 3605.719775 3405.980336 3059.840585 2769.203741 3804.086956 4111.889538 3320.036528 3379.334895 3028.969618 2669.511274 3461.091671 4124.160437 4453.076758 3496.423468 3641.549529 3739.701528 3749.852466 3163.386763 4115.85344 3544.147457 3937.952801 
3238.10631 3299.933776 2603.98503 3132.010573 3338.787721 3170.139786 3669.013537 3359.816014 3145.641723 3143.672519 3400.430978 2704.918837 3425.569999 3484.319296 3683.992882 3702.589143 2849.914114 3523.218515 3388.414255 3785.140295 3361.295875 3920.308593 3689.029077 3657.14356 3096.520441 3428.208656 3785.835646 3345.38701 3065.506155 4529.094125 3500.38349 3927.110102 3364.470625 3403.834566 3942.728118 3485.066799 4175.935964 3503.374412 3857.071345 4400.99402 4024.165311 3451.472695 4086.34916 3715.940545 3452.984049 3365.848706 2850.376583 3870.198115 4584.050312 3723.16614 3411.156401 3740.530504 4161.614528 3907.883477 3509.200965 3417.105468 3905.47982 4171.741734 3557.764428 3431.378651 3966.318677 3596.583438 3141.078567 3917.170714 3907.795346 3288.494391 2885.352428 3730.509995 4203.817973 3378.129148 3337.580875 2885.357836 2996.967055 3389.367907 4150.990382 3734.257545 3522.594416 3809.051588 3003.338966 4543.782859 4197.794401 3926.324271 3896.676777 3472.632447 3651.817519 3482.282741 3380.195883 3353.496851 3339.56909 3324.654227 3861.212781 3379.467378 3376.955102 3115.311417 3397.478118 3427.46327 5012.650851 3558.864905 3296.09554 3869.696976 
2879.183711 3114.554691 3093.138662 3388.389233 3136.794326 2984.868079 3362.446234 2935.690196 3813.970168 3947.745119 4023.794679 4131.760211 3807.975645 3915.642573 3892.871245 3284.076809 2865.683887 4038.401895 2882.360314 3211.498588 3971.510784 2878.047083 3554.426083 3682.439448 3265.002016 3168.618872 3714.106177 3413.376863 3249.045683 3230.257849 2871.183996 3559.375128 3597.137264 3738.468195 3600.737691 3172.191245 3744.402493 3464.069682 3490.831697 3877.086628 4078.742974 3792.213394 4028.847288 2575.844083 4097.632607 2950.919477 3706.321023 2911.288589 3875.228134 3960.726109 3173.739692 3268.212648 4033.728434 3369.232394 3108.485386 2997.925524 4441.018505 3050.441268 3163.837936 4202.979466 3806.979995 4368.128291 4443.379866 3429.173059 3154.956453 3884.292103 3664.696049 3597.900485 3669.867125 3768.0473 3307.633569 3464.979748 3618.228438 3983.804924 3985.659478 3834.0733 3446.689969 3626.579406 3721.208479 3554.78268 4023.829335 3436.917658 3750.553749 3400.88732 3633.48517 3717.973664 2806.393933 3670.529649 4390.026079 3953.589609 4193.025936 3290.924452 3784.234681 3131.013602 3337.305636 3925.864667 3461.797154 4231.611096 3683.782962 3716.098171 
3246.457415 3673.985579 2348.890897 3032.809236 2943.309269 2827.47265 3540.732953 3757.683293 2853.248214 2755.962011 3053.575141 3963.147977 3474.29638 3258.298264 4124.467814 3763.974467 4644.856939 3301.112479 4137.442567 3158.347164 3171.722083 4237.499519 4067.860635 4138.370018 3715.787834 3690.88314 3810.076727 3969.789122 3734.236711 3781.383875 3069.146231 3653.366109 3672.938356 4569.046809 3824.860361 3721.22923 3457.095655 3895.262997 3403.93923 3290.548046 4647.673352 4689.563288 4117.791169 4213.589276 4537.457498 3161.318234 3831.708022 3905.70681 3894.717916 3498.189866 2580.03303 3520.585186 3042.401479 3839.613663 2813.134976 3845.013406 4049.969986 3643.177595 3598.052749 2582.78873 3835.740939 3110.602269 3680.07439 3880.617936 3960.725105 4141.149654 4779.407404 3432.926636 3989.275784 3666.507506 4032.257885 3621.422307 4079.246512 3900.13542 3562.388351 3797.674012 4709.910117 3368.894762 3590.803921 3660.315336 2858.406285 4130.253001 3710.986336 3543.823394 3197.897612 2998.310362 3331.623952 3194.333125 3134.400348 4020.575498 4174.904286 3912.55562 4002.134936 3351.323789 3469.045204 4065.505763 3739.798519 3718.41165 4042.777606 3031.304401 
3243.331256 3668.089821 3091.076556 3984.765384 3202.562175 3300.156116 3525.64103 2731.728045 3199.562835 2819.197337 3339.419764 4007.640933 3858.492904 3961.123483 2846.823651 4335.647585 4031.360252 2811.321427 3211.75268 4003.913949 3154.455142 4333.207018 3362.10781 3840.509955 4124.504293 3240.442021 3224.323586 3786.896193 3208.232686 3213.432069 3628.287989 4496.857098 4030.413679 3393.036925 2784.299194 4164.27591 4585.146613 3424.667537 3479.140233 2795.172576 3455.007894 3585.231068 3642.506837 3587.994429 3531.408435 4138.779148 3379.399784 4338.854972 4481.984041 4838.880648 3607.17513 3450.138812 3262.632965 3928.457974 3564.058488 4102.22725 3032.438003 4363.406788 4019.792402 3901.199768 3774.639948 4907.842021 3514.68274 4033.274883 3704.456728 3352.3523 4527.749398 4007.868841 4191.707374 4334.819268 4242.613451 4186.955003 3250.375969 3597.766489 3528.763063 2816.823709 3874.056582 4195.65087 4330.628742 3176.943654 3145.369823 3037.010761 2997.1409 2709.235464 3916.507416 3521.736597 3737.314294 3647.667669 3832.23075 4371.821165 2943.676003 3273.868667 3686.671359 3285.484483 3231.033639 3437.908743 3902.318368 3225.501889 4534.90073 3975.293873 
3421.344511 3247.23483 3977.428655 3030.995874 3546.896821 2889.798448 3586.315362 3613.003137 3762.392108 3614.081303 3919.724551 2813.452438 3269.988533 3190.923984 4419.288921 3338.141752 2954.356425 4065.335168 3394.415919 3771.100217 3743.221164 3468.833772 4160.902666 3154.703701 4350.865783 3211.340366 3975.996555 3691.533663 3956.955715 3912.538657 3403.931796 3366.993232 3747.490519 3891.142223 3405.421127 3407.482865 3504.999736 4315.922043 3218.029711 3934.329025 3800.402179 4170.194937 3008.839133 3479.454147 3741.97842 3843.465341 4507.260527 3735.441535 3595.275024 3587.008144 3886.824379 4085.965348 2963.110634 4086.636366 3811.621763 4988.427997 3106.647448 3095.432458 3721.939098 3526.77848 3636.477797 3722.474091 3229.785912 3745.566662 3418.10986 3868.612073 4034.662074 3750.961383 4052.374213 3897.041985 3144.098505 4365.079486 3938.685672 4046.257359 3552.520213 4079.927796 4324.688143 3319.046398 4386.706308 4022.735009 3782.031305 4143.18477 2879.220332 3379.274921 4142.29776 3420.294524 3584.290159 3604.734289 3337.503365 3246.778656 4147.819833 4060.530285 3340.753788 4172.770144 3700.602128 4202.574476 3818.045642 3042.101804 3503.949839 3545.22391 
3553.703817 4051.181266 2906.131665 3241.594153 2900.283534 3795.520116 3360.724859 4019.675316 4019.039799 3305.206704 3506.809622 4130.784558 2834.943967 3704.363103 3576.766169 4361.871225 3800.185604 3358.173388 3758.890066 3735.301739 3438.586177 4190.278416 3572.679858 3944.847633 3455.482521 3923.156914 3931.74004 3826.96559 4100.714467 3956.008824 3446.671125 3470.920685 3826.704721 4139.113563 3114.164092 3804.13551 3133.064416 3965.85958 3429.175192 3489.920025 4499.751938 4290.844283 3442.665315 3935.766012 2951.957459 4008.909038 4056.572175 3271.596417 3613.916948 4142.710313 4130.019715 3430.470025 4399.602825 3574.055767 4230.646344 4010.126271 3395.249329 3832.015493 3884.56746 4504.07164 3579.25464 3871.2898 3569.316875 3286.954316 3486.823026 3175.601776 4159.141639 4295.570157 3424.297933 4161.661119 4017.979875 3967.3382 3642.671066 3134.199764 4009.049113 4242.589612 3120.867293 3482.934945 3686.178746 3751.98509 3961.502582 3804.505729 3133.221265 3940.62223 3699.02553 3787.298865 4315.658219 3295.708388 2953.420545 3302.149231 2955.806697 4852.838661 3057.093174 2736.695544 3803.899051 3297.876474 3733.909858 4201.063552 3317.035682 3951.229531 
3064.868571 3282.25727 3142.507176 3131.001765 3578.996365 4099.063345 3478.228782 2813.556025 2659.0291 3512.792226 3463.271375 3339.25902 3516.406157 2326.402358 4050.350663 3328.840679 3571.71796 3400.464594 3806.994324 3595.022173 3851.596443 3725.508642 2713.226843 3005.685463 3884.439132 3249.964889 3713.638765 3551.49873 4169.67175 3017.193689 2840.836896 3493.29529 3699.372906 3139.274604 4359.525647 3324.91865 3636.281181 2640.699378 4056.222237 3624.451677 3787.124218 3255.679593 3703.429595 4357.834505 3469.14176 3291.533595 3288.927864 3498.666758 3402.682401 3532.495744 3487.287503 4677.850959 3935.005054 3857.73287 2774.897318 3596.927776 3962.414173 3678.645041 3260.211018 3769.051382 3653.092106 3273.848124 4064.043053 3689.402105 3133.157273 3741.4406 4346.196947 3912.292014 3654.679919 3348.120138 3619.00181 3441.195462 3593.388878 3977.688096 3353.996592 4121.825025 4379.019784 4266.065773 3948.19767 2893.355254 3538.021348 3694.983981 4078.56576 4297.190086 4052.515698 3790.022376 3836.229939 3704.227948 3695.434531 2937.237834 3513.285132 3193.101254 2854.288075 4086.372731 3298.191002 3468.225267 3063.85921 3761.214535 3640.990501 4552.133891 
2817.03744 3260.702704 3052.407918 3251.926065 3352.421933 3007.654611 3480.838901 3527.544866 3749.042522 3977.187849 2406.720912 4339.39287 3727.795863 3252.649577 3625.654923 3538.495299 3800.410073 3522.502401 3960.320475 3050.310695 2982.370555 4042.350678 3191.205504 3637.976778 3310.09672 3863.800944 4033.519826 3899.849808 3863.839403 3109.712843 3529.43069 3755.74472 3159.747836 2601.789452 4325.520859 4310.302229 3611.219902 3630.399214 3217.416584 4152.570425 4524.587379 3079.277735 4122.363798 3452.401045 3893.877157 3613.3016 4606.038056 3566.145338 3950.504416 2778.987166 4609.317313 3359.5837 4010.398007 4686.417206 3819.228598 3298.52794 3941.073892 3762.176677 3744.098856 4054.33606 2884.255844 4086.629679 4335.890788 3700.692196 3443.325315 3746.6288 3745.00324 3641.844964 4006.724903 4220.720207 4261.705569 3310.099679 3703.870643 3683.280933 3551.834227 4855.259082 3449.013314 3553.383674 3437.231881 4527.311557 3998.506821 3415.015277 3729.003185 4800.782998 3717.327715 3717.79998 3816.167047 3521.954352 3471.007259 3417.494103 3858.132493 3529.744744 4393.87927 3759.312328 3318.557024 2889.67532 3519.502217 3792.613427 3530.927552 3859.951564 
3464.725176 3725.404855 2777.885354 3537.17404 3576.875265 3697.434847 3156.276298 2376.868906 2565.143165 3410.734945 2922.977684 3364.798704 2968.156931 3425.673954 3026.659532 4169.520692 3270.073911 3640.389939 3937.224945 3393.909478 3672.088283 3098.122994 3796.262278 3749.778049 4348.364617 3490.140203 3759.667194 3462.282349 3192.72745 3717.977627 3793.999386 3619.689136 3264.33861 3509.528658 3323.563842 2941.819336 3488.462101 3355.900802 4162.750727 3426.32314 3988.680324 3923.792436 4281.686586 2794.861777 4202.946912 2763.397581 2817.970587 3706.3662 3657.501788 3837.860206 4051.547323 3386.464586 3376.969469 4308.964614 3672.183628 3840.088484 3912.069053 4062.630359 3492.816923 3097.555565 4821.738619 3305.08148 3638.750238 3660.686944 3791.383224 4156.82252 3920.318946 3646.575426 3728.000171 4474.07338 4125.480911 3202.617647 4355.537348 3774.425109 3835.609411 3775.458226 4075.803626 2891.12297 4233.918139 3186.429758 3571.438088 2718.747533 4077.716736 3478.40774 3991.597872 4034.594151 3369.986267 3382.186317 3546.600559 4328.149639 3863.029893 3100.19383 4107.282336 3501.157495 3237.698954 3486.126164 3748.567533 3282.970409 3288.881875 3686.028939 
3445.20896 3406.490261 2540.539969 3430.597865 3328.704325 3106.910384 4383.997485 3913.290522 2909.341827 2662.337464 3257.041506 3583.351212 3250.626735 3357.394773 3123.605353 4002.871027 3319.497209 4264.082599 3493.618303 3218.551075 3481.173426 3773.773007 3882.921101 3758.46327 4117.96696 4317.78942 3841.936414 3739.154969 3517.549239 3410.416349 3072.947603 4072.870887 3524.807125 2877.690381 3931.380952 4326.470073 3075.35965 3469.263113 3652.044967 3983.348498 3204.75288 4150.821475 3294.391204 3987.461553 3162.720454 3652.986146 3384.384042 3666.504326 3492.896937 4284.513385 3583.068229 4105.499823 3761.34605 3926.452721 4311.457192 3606.480387 4234.774241 4069.825886 4392.252859 3627.61076 4166.03274 4144.644336 4498.973614 4126.043549 3168.442948 3993.448599 4385.143146 4039.004286 4718.130661 3986.876276 3830.785239 3119.240123 3089.469016 3380.727946 3243.392914 4586.822605 4023.273616 3965.375722 2965.048674 4001.122008 3548.145952 3725.721227 4280.89201 3353.875388 3597.451594 3152.521021 4281.838016 3534.653158 4107.655443 4001.858475 3851.754766 3548.639435 3849.928794 3826.535716 3967.077129 3683.277122 3920.633662 2698.273455 3990.412869 3480.587229 
3281.189698 3122.829558 2967.851712 3293.522341 2772.931293 3527.140175 3272.21036 3849.99366 3935.666067 3441.004456 3650.610423 2695.358572 3730.119242 3808.219017 3323.902719 3140.891022 3096.90926 4201.331315 3531.026335 3478.469476 3586.774315 3240.765411 3952.15743 3398.971149 3026.306971 3608.567195 4701.21186 3916.4736 4083.942505 3668.976616 3913.918978 3442.398476 3867.149838 3334.286582 3935.723522 4767.809808 3263.674114 4864.520371 3994.645586 3347.648513 4201.559158 4324.777592 4109.575301 3937.703811 4280.884776 3448.856989 3817.716887 3306.466352 3490.815845 3630.808769 3778.947474 3648.712405 3669.001439 3817.139476 3627.909722 3459.975912 4462.787467 3024.948875 3489.439998 3521.384068 3452.533846 3066.160151 4067.243544 4518.159048 4466.644242 3657.428609 3358.841645 3759.71213 3962.433135 3459.598283 4311.20378 4265.210233 3328.670126 3149.804904 4113.884702 4774.972199 3961.246068 3570.728611 4142.180852 3740.632146 3707.244594 4173.512311 3572.759204 3724.457684 3302.706599 3599.375188 3229.20595 3965.975457 4256.463434 3735.932164 3503.706309 3435.861962 3860.930378 3496.515918 3206.626254 4484.271348 3355.101239 3683.985507 4249.843705 3183.829159 
2594.76092 3364.86556 3673.347752 3054.634246 3741.667294 2947.301184 2968.807195 3597.985843 3938.146088 2909.531278 4376.534523 3119.048593 3649.806028 4488.255386 3122.751324 3656.792898 3366.097913 3617.372418 3858.016551 2545.35713 3230.628664 4667.685482 3163.711643 3976.722713 3069.91616 3999.156288 3565.548125 4146.920403 4068.276942 3399.89293 3006.912931 3924.460744 3448.818448 4458.275199 3707.475257 4851.229683 4001.641816 4421.559357 3238.194767 3071.367937 4056.877422 3609.460756 3710.34039 4083.612583 3729.026182 4075.345457 4047.554488 3320.335749 3979.260631 3577.711222 4557.664105 3596.293658 3833.771781 4133.628011 4061.227035 3734.827105 3836.061969 4073.804014 3444.068574 4152.761127 3522.817978 4202.766463 4239.860718 4164.051679 3781.314944 3501.140997 3559.073245 3480.396975 4523.304198 3923.632481 3724.365728 4549.161638 4021.974983 4061.325608 4775.548205 4060.92648 3345.389836 3537.723237 4046.533401 3615.147345 3639.39207 3372.36145 3013.334823 3952.725904 3651.297844 4116.532289 4438.355527 4207.893221 3534.727988 3852.276095 3622.184796 3677.436635 3889.866745 3360.859644 3345.271572 3449.219958 3676.4626 3171.190609 3877.273584 2887.080038 
3002.878091 4224.160163 3353.537378 3461.681829 4324.643492 3214.876752 2836.206115 3693.896434 2748.139367 3323.535003 3507.183525 3707.859329 3513.433944 3376.894923 3361.029028 2928.185468 3113.308583 3208.81023 3366.87415 4052.808744 3866.33021 3678.89783 3632.111561 4506.829264 3481.586459 3714.058734 3739.110407 4036.220031 3510.531002 4361.219424 4083.60911 3676.349787 3735.15167 3488.755982 3794.307422 3703.559673 3979.371496 3304.304553 3836.433567 3407.984369 3131.307303 3825.052851 3708.500265 3273.074272 3331.873513 3672.086922 3947.798261 3665.910619 3538.393874 3968.236952 4016.528794 3867.483197 3974.695264 3742.607348 3516.530323 3441.40835 3301.990487 3936.295424 3921.464144 3509.718293 3637.557808 3948.508142 3686.907183 3614.06335 3131.250495 3985.169969 4170.534412 4238.438721 3958.268467 3563.898854 3517.708124 3320.77385 4085.598953 4187.025804 3294.418525 3665.910897 3133.311605 3653.90112 3193.866703 4120.14425 3868.306402 3265.279714 3013.339269 3864.345288 3593.262877 3383.815963 3447.621523 3968.51815 3236.945147 4511.533703 3409.432152 3276.94447 3178.930719 4623.059124 3907.025604 3029.552903 3945.747398 3360.355744 3599.459251 4248.254528 
3296.108729 3706.357984 3491.804604 3559.868141 2846.603238 3191.859224 2681.044843 2474.063675 4013.908332 3081.385589 3711.972687 3856.00255 4369.041704 3669.578139 3486.046571 3006.786577 3780.237343 3316.797642 3786.779257 3098.895543 3472.728227 2982.97252 3950.978188 3652.291301 3977.210855 3446.980032 3850.181163 3734.034962 2787.628431 3722.432056 3528.495675 3848.238717 3495.010507 3725.451271 3803.327847 3302.207086 4108.158968 3645.426414 3584.976976 3300.82451 4584.545746 4498.3837 3690.24044 4232.529258 3414.019373 3836.690312 4584.188045 3721.330424 3416.190416 3976.794675 3668.093345 3455.690888 4129.420009 3878.089247 3708.012863 3741.976185 4171.650713 3843.525598 4476.947582 4160.689645 3539.575149 3773.802936 4576.235545 3867.341224 3651.201886 4547.521384 3398.091879 4292.007817 3772.825154 4384.176001 4248.720992 4646.39699 4467.549794 3664.090465 3938.604705 3888.035602 4282.929028 3032.424712 3707.119058 3580.673787 4214.008774 3541.283676 3966.289742 3994.141956 4175.182112 3675.370219 4054.108504 3482.345275 3060.034969 3984.733476 3227.733706 3726.493659 3226.597102 4239.503974 3332.523451 3386.882932 3466.447171 4147.030172 4027.421556 4107.714954 
2679.503328 3324.30425 3446.670286 4044.862364 3505.736887 3591.520693 4317.7021 3420.124088 3990.315392 3189.388068 3596.514986 3947.300411 3564.76317 3240.632836 3342.095624 3603.798612 3646.435421 3221.538351 3269.413026 3073.002102 3885.717466 4104.012355 3692.820257 3814.220338 4654.951869 3587.826194 2950.068397 3186.576321 3755.976632 2959.597887 2837.759168 3970.176032 4051.409573 3229.166094 3962.865109 3154.301315 3883.518933 3927.53457 3585.21194 4883.965504 4083.240592 3556.291222 4151.386695 3935.251492 4041.953015 4120.602376 4294.86679 4004.375294 4005.479834 4303.808751 3585.556141 3153.813958 4022.013789 4441.576747 3852.501918 4784.438681 5236.488428 4007.619808 3970.742831 4104.893686 3835.242576 3262.39305 3566.953379 3803.612163 3055.504032 3721.768633 3570.454114 4168.981723 3481.793717 5054.988104 3941.296181 3861.777354 3615.327177 4824.292781 3949.699371 3499.83986 3969.738852 3660.347618 4474.26492 4260.307561 3402.733783 3369.237487 3562.641457 4609.322037 3369.148701 3918.9715 3591.002633 3694.151693 3877.340907 4352.79883 4303.971801 3820.113462 3801.784467 4131.506009 3365.27382 4049.807887 4429.795369 3000.760776 3411.190608 3669.18851 
3910.779392 3339.924085 3068.6594 3707.86598 3167.370152 3399.394076 3689.356653 3424.869851 3913.971651 3733.16168 3379.423644 3427.879529 3440.069615 3460.013181 3779.683463 3106.169887 2977.21663 3627.504612 3707.893916 3627.263533 3787.854895 3417.05386 3441.96103 3045.646317 3696.458461 3620.007673 3747.484018 3940.565607 3858.501343 3768.357946 4368.02877 4553.302316 3846.911983 3852.850251 3756.75923 4128.288359 3619.708465 2702.949267 3686.324629 4352.452542 3188.533928 3816.090444 4158.863604 4086.551988 4772.854259 3454.096934 3939.418662 3213.230699 3551.57842 3564.988361 3697.292526 3859.531669 3066.193278 3535.891809 4078.789202 3417.372241 4721.497324 4140.144785 2714.639274 3928.90447 4430.458006 4467.548078 3133.059711 3751.738838 3197.220466 4190.21161 3801.41151 3285.524532 3412.927247 4528.51952 3485.587125 3651.090752 3921.336024 4681.904224 4108.578899 4035.350906 3481.630879 3498.447967 2875.548596 3541.808221 4621.274083 3442.080627 3247.964639 3195.343677 3697.339929 2845.631544 3776.847879 3950.490619 3235.72848 3207.442682 3043.869288 3811.398909 3937.472042 4161.766728 3641.282216 3463.571202 3234.101191 3589.638374 4539.921292 3293.774239 
3828.2099 3182.46701 3650.701571 3462.664132 3737.476351 3307.091751 3164.090587 3947.80102 3607.871015 4086.377599 3376.129462 2709.229653 4053.276787 3855.88642 3721.270842 3292.770533 3495.603542 3626.316249 3038.709126 3111.640348 3081.991786 3667.08181 3304.970536 3755.585789 3681.235322 3961.583897 3648.93217 4352.968667 3932.855723 3628.317446 3469.272368 4100.550804 3542.537018 3341.533775 4292.380846 3122.074636 4270.597645 3520.444322 3596.459409 3440.893739 3571.85697 3898.595647 3334.125753 3957.283023 4102.17378 3751.268686 4423.085351 3595.749327 3672.393307 4559.137593 3938.8028 4355.891882 4282.872369 4039.438405 4403.292823 3831.024353 4143.110698 4659.945491 3333.229377 3638.934007 4771.902523 3385.4495 3932.048262 3263.677394 3739.572125 4467.0579 3324.095071 3570.613336 3858.642558 3348.128797 4221.50024 3723.064874 4291.344242 3404.08631 3528.433043 3582.281433 3117.855253 4178.584492 3510.697869 3528.184898 3167.660311 3810.347828 3876.857518 3665.936215 4057.646045 3250.656507 3397.989089 3094.226431 3896.560246 3237.705784 3557.974949 3555.045383 3536.371304 4365.554386 3798.503314 3063.841275 4929.770258 3581.833348 3822.004419 3831.285643 
4449.282031 3597.62736 3333.017912 3710.367875 3650.632053 3570.474987 3769.980267 3758.301631 3980.056862 3762.494327 3157.711366 2642.257584 2542.732346 3829.842214 3779.069801 2607.485883 3413.218412 3930.295027 3524.537634 3299.239687 3213.741706 4205.867853 4037.410976 3708.054628 4397.160136 3855.579849 3928.543543 3869.568291 3763.009785 3688.824359 3644.422862 4016.769353 4277.089046 3672.68517 3629.585459 3938.311454 3256.452902 3552.438005 3975.143504 3895.42612 3767.031027 3811.104263 3461.756834 3750.968154 4065.35659 3395.79327 4206.027986 3269.140666 3970.690128 3791.345792 3726.636044 3932.255013 3881.193871 3694.971243 4752.907595 4331.563248 3297.005696 3595.603001 4224.106981 5095.656121 3614.499011 4095.577169 3474.379129 3801.54189 3818.410762 3562.541278 4213.718482 4231.784446 4699.784756 4065.251189 3587.540006 4119.950669 4199.393413 3323.932791 3961.391383 3539.395104 3683.423202 3605.253125 3146.608096 3832.176167 3987.973049 4279.760125 4025.258681 3832.891418 3435.434587 3577.542185 3468.927599 3440.672327 4052.594841 3618.489256 4321.408316 3326.290874 4089.46962 3484.186024 4149.793639 3617.722586 3647.818411 4215.950201 3415.430142 4205.684368 
3513.11596 3177.902758 2840.232926 3902.079233 3637.071806 3692.829734 3871.782277 3214.416835 2708.002884 3147.691918 3023.060756 4162.152896 2648.469835 4026.822604 3128.995004 3437.06804 3817.903111 2988.956812 4017.123604 3068.054046 3937.507511 3361.909205 3462.21273 4004.280678 3816.660018 3480.951269 3703.498678 4135.257238 3287.185541 3317.904054 3304.154283 3586.289078 4160.342731 3679.650589 3917.914933 3542.172697 3515.624588 3818.113476 4345.996698 4597.525856 3572.952065 4519.15224 2988.693188 3581.026259 3891.848277 3262.811237 3814.238128 4279.477952 3992.973091 3290.419696 4633.88765 3655.487473 3943.799167 3760.493191 3563.891858 3355.810307 4018.256208 4015.607791 4076.499854 3627.435874 2772.93716 4653.820388 4017.823531 3937.785601 4270.145862 4036.377069 3949.777908 3862.608206 4679.980517 4527.345476 3334.057415 4079.543406 4123.223137 4653.440796 4245.894653 3457.391988 3735.299499 4007.533854 4355.53278 3741.613003 4214.109829 4707.512238 4743.996901 3731.287708 3768.94888 3452.37806 3948.189178 3257.45526 3576.054124 4273.056369 3464.698773 4024.870232 3493.22638 2959.758992 4404.456502 3288.028599 3634.860425 4433.576268 3444.450561 3781.79064 
3104.251584 2845.68505 3884.871496 2660.550193 3290.151989 3359.809456 2894.919498 3726.594208 3485.390513 3565.761316 3091.41795 4126.202263 3221.910809 3548.967212 3348.294847 4067.97665 3734.283913 3995.587121 3687.159458 3622.376487 3725.129585 3564.124693 3891.442352 3221.343167 3643.205134 3237.816103 2940.914884 3128.327725 3576.184807 3233.642364 2761.481722 4021.781665 5168.031026 2879.029317 3734.890362 4583.71049 3629.757364 4364.094529 3643.807685 3540.710037 3942.347626 3179.992485 4133.156689 4362.281109 4342.50936 4141.290892 3319.382403 4166.367324 4277.31027 3567.812444 3574.896815 3478.27858 3051.667341 4286.707952 4327.318307 3819.785793 4131.324544 4354.782565 4318.921765 3772.608837 4665.496901 4711.286685 3454.383547 3368.617231 3814.364262 3711.509024 4536.894947 3939.081284 4276.609355 4298.577573 3383.400381 3609.54655 3760.968928 4236.530752 3262.452738 3244.368789 4353.645805 3999.465506 4404.541274 3973.56919 3490.155289 4106.556603 3503.53178 4253.986964 4820.343837 4445.13115 2905.000181 4524.299333 3770.747329 3621.417101 3373.705307 3095.119278 3346.613751 2576.878117 3523.372332 3698.733138 4511.654658 2982.593076 3908.423557 3213.298952 
3784.431588 4087.065886 3217.357352 3902.254385 3847.06042 3378.843871 3624.862359 4428.024205 3545.043391 3028.025827 3762.331039 3940.230786 3053.864628 4482.375381 3603.610618 3962.692084 3261.817145 2982.855754 3850.470074 3554.40842 3644.945676 3508.344796 3382.383718 3913.523828 3351.874173 3675.484178 3572.087593 3550.249054 3863.264138 3010.778165 3998.827086 3881.134917 3270.319058 3756.98129 3365.998069 3882.024003 2949.668058 3961.523496 4273.514947 3174.032184 3995.095523 4465.408956 3869.591751 4116.583892 3367.33306 3501.116973 3598.860845 3875.078173 4089.455115 4005.271538 4173.643228 3976.126828 4040.02389 4179.231692 4406.262308 4227.201807 3484.905995 3496.875643 3326.236626 3855.567898 3447.714588 3646.823205 4151.686219 3038.437651 3786.467212 3356.458509 3135.605191 3557.946476 3528.643608 3515.378348 4619.792072 3446.51656 4534.165051 3742.325165 3519.596478 3947.775831 4139.405561 3688.598672 3736.270544 3966.855071 3451.196501 4117.764152 3450.427605 3805.006951 3201.526485 3275.288197 3388.848031 4026.411477 3180.713237 3278.726453 3429.9233 4168.71695 3388.553811 3737.352167 3102.842099 3834.490734 3640.093164 3046.076739 4125.079664 4026.611499 
3117.955966 3687.896341 2887.557571 3109.183412 3239.380373 3419.011741 3705.073509 4011.394239 3564.761044 4073.516817 3010.444139 3341.920753 3992.418454 3892.462694 3703.296975 3759.514625 3190.150641 3337.438923 3543.241625 3990.749356 3406.482286 3394.060646 3770.997108 3438.125218 3209.080508 3885.013643 3756.527553 3576.215556 4021.054841 3724.847702 3795.06497 3482.232451 3819.049915 4851.835554 4322.554868 4013.497078 4593.599429 3773.051835 4043.329891 3111.495178 3656.167108 3329.851676 3865.403656 3556.79989 2840.07889 3965.194973 4003.720718 3940.953496 4537.861197 3797.053145 3547.744401 4630.303683 3949.134054 4772.285914 4575.262222 4546.672442 3986.584889 3952.859769 4032.348144 4187.229209 3648.391948 5142.038695 4102.849405 3706.917603 3945.008043 2915.196829 4703.731111 2707.771257 3532.505215 3854.734371 3836.594376 3461.192792 3382.642743 4108.190176 4275.389606 4452.331817 3979.347495 4745.679736 3965.141603 3339.884864 4179.582101 3831.128412 3886.166695 4078.585887 4413.728167 3632.954621 3217.044434 3585.44695 4188.504925 3665.548041 3627.102018 3423.741099 3367.061299 4414.684087 3956.360969 3379.030093 4027.368978 3745.756505 3200.385258 4038.657503 
3793.994879 3570.078617 3508.929477 2985.825698 3245.269059 3503.004618 3349.124059 3302.826397 3683.309986 3971.464156 3390.210804 3821.71162 3488.256121 3052.097722 3797.572524 3650.314174 4210.628766 2745.097519 3674.573484 3425.76455 4185.799208 3581.894285 3208.806085 4062.633147 4023.614411 3141.572421 3372.95634 4027.151475 3672.210449 4393.88737 3586.679181 3544.002712 4215.599788 4278.006975 3432.265658 3140.453925 3808.985288 3675.411302 3702.080441 3824.037135 3102.586439 3310.63771 4028.849014 3593.00549 4338.346953 3682.771486 4368.015332 3298.931919 3731.23422 3796.658705 4479.224813 4524.055036 3803.150228 3747.377675 3262.129706 4101.951273 2943.777446 3848.648416 3884.706602 3618.3692 3618.545943 3969.868524 4338.066202 3672.34023 4398.651447 3772.575641 3983.516241 3839.510005 3820.384141 4632.098008 4077.446887 4986.238721 4137.056292 3945.277044 3713.092231 4287.458201 3149.26904 4480.972239 4097.458105 3781.206782 3999.051819 3520.19056 4440.691601 4075.00986 3803.032185 4037.126495 3620.538907 3140.497689 4248.666424 4207.006171 4707.576345 4156.024283 3394.927372 3924.168125 4264.095474 4149.127935 3538.59762 3974.641456 3080.617836 4226.918901 
2704.13765 2938.106265 3379.205282 3412.305495 3116.171734 3133.174052 2969.33404 3628.934784 3206.994886 3545.968394 3144.164872 3615.905808 3507.308191 3405.777017 3579.039573 3578.189988 4640.880982 4498.008411 3758.563797 4450.986097 3517.881254 4438.966175 3566.31882 4219.177626 3639.078363 4376.458795 3878.232984 3446.646551 3574.519178 3149.198183 3513.028532 3056.821389 3842.235957 3982.06305 3316.015514 4141.016899 3729.466104 4702.721509 3239.197589 3946.89531 3602.74003 3384.210718 3208.600235 3723.961582 4025.996955 4040.075971 4719.133543 3686.303659 3005.302752 4254.698033 3333.314798 3670.444617 3377.151663 3844.374726 4326.723916 4287.933736 3854.006833 4476.644774 3466.767969 4706.21477 4171.220834 4303.044322 4700.304049 4290.887258 3554.63764 3666.939281 3460.998231 4152.690828 3542.819002 3360.111657 3482.65683 4711.128834 3283.347202 4686.68815 4175.766362 3843.354521 3827.205795 4168.602134 4587.466181 3572.462772 3825.961563 4008.944382 4248.134903 4339.918955 3210.765967 3912.240065 4123.700125 3639.142389 3556.814079 2158.951593 3827.924018 3367.525756 3152.099033 3839.426723 2842.89575 3466.389223 3484.318649 3587.703703 3388.149852 4815.449393 
2961.40304 2837.701143 3021.7301 2935.23205 3943.684369 3744.842612 3345.155636 3976.2134 3526.820347 3308.297574 3050.522218 3011.332375 3255.054852 3399.229731 2877.407002 4533.977534 3510.211078 2951.540753 3973.424203 3598.507319 3388.989969 3910.257644 3270.760075 3702.702294 3487.434211 4060.128405 3242.112027 3875.091695 3055.642158 3622.311109 3146.346618 3565.615681 3378.774046 3504.267735 4279.89354 3634.874828 4009.720157 3943.768247 3238.89943 3963.197921 3942.19363 3960.093413 4577.045423 3656.423774 3248.197995 3845.55893 3734.736743 4227.441568 3834.286459 2930.733649 4010.751705 3332.938897 3724.466313 3943.958553 4018.057097 3963.757442 4151.958026 3234.415184 3352.06471 3566.662571 3694.635745 3376.371959 3792.291038 4217.312962 3811.921282 4602.799105 3451.375282 4179.711189 3947.255841 4041.503705 3832.984031 3270.519124 3599.121508 3895.313769 3681.773562 3935.76624 3674.457402 3655.524645 3565.383108 4226.319925 3468.812335 3395.259961 3556.624413 3662.568502 3284.3124 4385.697582 4127.600659 3845.148413 4412.278176 3651.031174 3806.478941 3848.027217 3768.19175 4349.516942 3693.292405 3760.543912 3057.589839 4279.50876 4001.909766 4262.200832 
2767.441624 3750.151351 3931.415448 3204.838669 3770.990461 3271.527047 3913.233782 3743.132819 3092.038707 3854.236869 3483.047168 3440.431853 3519.688625 3126.402133 4642.232775 3997.73402 3697.954856 3270.709199 3691.211464 4089.961842 4341.865499 3415.485886 4595.612575 2881.280057 3560.124623 4150.222541 4551.839293 3754.177282 4045.400767 2674.541721 2805.758008 4021.66411 3934.957555 3806.045821 3893.252494 3669.467257 4506.798128 3636.973231 3637.70909 4138.684203 3976.634293 4423.246038 3427.350319 3545.633923 3466.065118 4441.750938 4332.071517 5002.936456 3953.06445 4260.714896 3928.616706 3757.877374 4395.75923 4031.49857 3944.377083 3666.352391 4770.977356 3604.808266 3459.400287 3746.554676 3583.311257 3755.262412 4089.424148 4143.59772 3711.075039 4530.05076 3955.426017 3631.353268 3267.063117 3377.407678 4060.864962 3030.760587 4746.622245 3727.371807 3280.221513 4324.068093 3840.535707 3786.51273 3559.066574 3319.575635 3992.307109 3355.309982 4340.085948 4938.877339 3860.447032 4447.422227 3189.83659 3508.465437 4101.483856 3465.198539 3890.065895 3510.639859 3683.895926 3736.800937 2956.076375 4138.174397 3144.173435 3722.027793 3745.270486 3949.39331 
3283.144043 4140.031885 3590.151978 3317.613485 4639.436824 4797.468145 3684.777225 3497.866104 3418.170278 3331.531746 4095.961636 3538.767131 4256.233373 3402.583851 2626.408659 4219.775 3002.974093 3883.903884 3307.351053 3949.85371 3394.533571 3520.357147 4383.694746 3142.592478 3981.510436 3354.465095 4106.634206 2838.159845 4305.663595 3440.19333 3959.977568 4082.470891 3728.720437 3697.634416 3461.28211 3924.060361 3917.414493 4302.930648 3315.623077 3229.212855 3190.511316 3943.364242 3417.618137 4164.984629 3610.125229 3951.885002 3998.887615 3652.436516 3865.617022 3295.945004 3950.331165 4438.100371 3582.290787 4013.589865 2946.031597 3878.720402 3771.9048 3745.071358 4449.996544 3884.043709 3475.495294 3572.516861 5569.224797 3992.860238 3695.746484 4639.552074 4441.43904 3628.789824 4011.821359 4325.645444 2809.332625 2834.773308 3213.488235 4948.382813 3018.368794 4369.355358 4477.896617 3752.660771 4302.568312 3651.21409 3318.228318 3302.594189 2726.205656 3708.948793 2971.637701 3842.954975 3799.536771 4259.172025 3933.197598 2992.773893 3167.10518 3441.085508 3666.858384 3062.954969 3705.358171 4160.602436 4241.378689 2911.002647 3644.121597 3752.326286 
3088.927828 3762.728131 2600.321005 3698.230117 3422.043373 3390.33985 3277.909381 3555.864413 2892.592063 3831.912483 3305.932439 3241.007235 3395.683713 3912.277261 4371.204887 3860.09351 4176.615046 3595.379079 3303.655618 3363.971704 3714.180291 3909.017811 3493.158878 2926.957493 3278.910578 3543.649321 3832.983625 2690.205483 3857.605473 3977.767389 3378.037897 4395.121683 3608.891613 3865.876145 4776.612175 4505.883033 4050.587158 3728.842036 3497.300118 4119.645528 3567.15645 4185.282676 4687.872441 4241.042798 4788.134031 3897.217001 2874.286528 3802.354352 3935.281421 4050.385812 3607.024623 3637.786986 3336.404654 3292.105844 4052.298785 4113.923451 4638.651166 3935.335631 3312.009994 4495.805247 3182.673524 2872.453621 3285.780821 3632.042254 3792.64863 3687.699996 3604.452924 4755.589302 3419.295099 3433.649834 3693.734567 3653.319961 3073.475557 4932.681893 4825.234054 3529.553357 3965.674132 4375.89353 3361.193297 4097.425963 4166.129928 3367.978191 3716.305326 3512.125853 3386.420887 3090.031101 3551.916161 4665.614077 4043.462717 3491.240193 4138.15305 3322.477222 3685.799291 4188.672299 4470.13657 3257.213017 2864.979771 3824.599134 4065.102272 4445.984513 
3637.203847 2888.959091 3015.029254 2530.628219 3984.317694 3529.43048 2729.333673 3412.557462 3065.766266 2822.348994 3513.099402 2876.956068 3247.445979 3445.433776 4158.518753 3777.779679 3493.279894 4206.561227 3413.039986 4351.68965 4195.442767 4162.195609 3969.782995 3874.582922 4670.45522 3489.749894 4306.332151 3157.020837 4295.286031 3076.538464 3886.445364 3946.678721 4492.394719 3833.276299 3278.565577 3955.515671 3765.501612 3858.485556 3736.452352 4360.332859 3647.565365 4317.409564 4123.902329 3674.135097 3692.426953 4099.473263 3409.811169 4208.061361 3938.680235 4011.449175 3373.375199 4586.599614 4164.647866 4459.525907 4317.650033 4123.672895 3850.191335 3697.52991 3882.725756 4138.187524 4500.011326 4085.26485 3938.928078 3733.342448 3683.085859 4366.418107 3941.16911 4339.61146 4246.477576 4551.997006 3518.928486 3410.553331 3757.827531 3806.68943 4327.29876 3369.782022 3681.244443 3160.103229 4300.128875 3389.743067 4917.291224 3514.278649 3869.643406 4539.275359 4435.343665 4093.124803 3956.844009 3676.597568 3747.606803 3691.774715 3714.328706 3254.047032 3275.311932 3455.524868 3953.929281 3722.770886 3209.423295 3733.779002 3878.894306 3189.884514 
3350.686397 3558.288519 3658.359532 3197.43289 4063.305359 2782.245454 3706.338978 3044.751039 3842.326365 3697.366756 3403.536151 3920.251178 3337.038976 4658.861639 3339.295605 4087.618284 3813.673091 3327.124656 4122.224469 3684.091275 3638.675016 3763.086867 3613.049932 3267.945578 2661.894914 3709.870181 3593.465538 3632.198361 3641.309356 4518.29183 4161.96967 3909.385647 3639.086554 3373.958047 3746.55177 4341.582319 3444.921719 3863.475204 3762.194029 3496.79089 4374.509908 3528.931314 4150.428409 5156.83672 3927.299225 3475.803081 3153.925978 3238.645211 3825.888134 4097.945612 3883.89355 3580.32977 5036.406802 3665.390964 3270.097045 3572.292532 3594.203219 3921.061002 3218.210202 4194.598476 3699.779738 3578.791632 3731.456698 3686.280943 3797.903755 3567.951885 3889.878015 3456.602618 4332.529633 4883.434647 3853.209143 3562.872234 4458.691216 4171.364221 4208.594214 3895.653313 3916.309012 4125.124188 3716.267996 4327.582872 3682.457754 3685.776862 4578.839796 3680.817097 3935.004386 3672.839486 3597.301375 4217.845932 4253.263681 3821.698766 3482.050063 4349.996868 3422.262726 3056.99859 4627.720835 3462.821957 4101.100241 3877.804189 3370.71184 3793.718217 
3067.084795 3142.211818 3047.864226 3389.070096 2950.039442 3579.190701 3960.431962 3235.11938 3167.263053 3732.88753 3318.386688 3266.903785 4427.059088 3831.977545 3476.325393 2942.8396 3544.17325 4085.977422 3128.344045 3469.888268 3309.740043 4100.202615 3548.845014 3680.96653 3983.018798 3756.707689 3618.04346 3670.537765 3754.647987 3401.795352 4690.862307 3670.424759 3901.6784 3493.983102 4009.167085 4552.608412 4509.549372 3591.15013 4200.460286 4164.209197 3441.025868 3908.865269 3218.706581 3300.691045 3860.259011 3878.520743 3311.502326 4417.804468 3432.932793 3165.01128 3725.643242 3674.270015 3753.082321 4152.550398 3188.608629 3623.719976 3753.014717 4541.803239 4439.471689 3436.214712 4167.998033 3196.618609 3982.741755 3453.723112 3364.775081 3028.794613 3679.847969 4713.139883 3647.192053 3432.226168 4646.128964 4423.595386 3623.940214 4168.498707 4625.328156 3675.647551 3172.203542 3399.527604 3823.079347 3522.396189 4854.765008 3287.767309 4665.269739 4124.92984 3942.788812 4008.393812 3084.35758 4382.202841 3210.513418 3935.278893 4270.594497 3411.803341 3360.4064 2972.372567 4236.4646 3335.38352 4037.285657 3350.201889 4174.932715 3482.523627 
3948.798719 2940.415158 3167.376562 3473.177352 3212.434001 3416.524096 4171.220981 3364.341375 3843.801775 3439.630224 3988.505434 3627.065936 2750.791797 4101.700866 3296.101692 3783.893868 2917.13902 4043.937899 3159.199259 3559.082203 2968.910737 2894.729009 3461.157427 2850.065561 4596.825374 3250.365576 3759.188071 2846.29675 2619.147112 3790.86172 3959.413647 3933.632491 4072.279785 3539.249004 3891.503431 4185.069158 3087.271942 3621.771299 3422.79294 4308.406238 4260.912707 3642.061907 3785.610663 3339.788573 3938.122841 3099.786085 3613.657164 3603.763821 3812.533058 3634.013181 3863.158113 3535.871535 4617.175015 4224.468693 4017.604129 3181.383301 4368.093987 3733.456649 3451.218561 3579.599953 3074.107709 3461.687015 3905.424469 3322.556883 4076.465985 4386.208368 3833.824126 3488.235054 4337.058159 3980.388047 3643.191053 4175.026918 3585.820028 3862.573899 3491.200271 3350.782139 4065.204215 4290.93731 4690.169259 4261.95393 3818.537846 2675.540279 3303.343593 3873.578349 3968.745152 4107.839723 4170.0756 4538.805121 3900.768435 4474.358452 3462.812871 3712.832117 3250.475591 3325.32409 3457.179145 3584.78309 3406.592755 3725.807785 3944.221304 3258.991259 
3669.102637 3562.560246 3297.446759 3673.874171 3637.236142 3211.032965 3297.333431 3466.547977 3322.963366 4103.342878 3387.453222 3280.576202 2941.859888 2995.634653 3758.426184 3272.632109 3156.917561 3647.245027 2953.087965 3034.593437 4218.517597 4535.857363 3755.958305 3568.09423 3846.500354 3625.934582 4345.692403 4289.264647 3566.474428 4513.92752 3685.261558 3611.829894 4397.873515 4360.897043 4272.397828 3783.539713 3854.443853 3765.130973 3819.181207 3651.814639 4077.354765 3633.596908 3295.100549 3589.252592 4639.561479 2694.084203 3525.81125 3579.292253 4139.954691 3528.963222 2812.512149 4199.397002 3890.572298 3818.175737 3655.261635 3742.221436 4859.864766 2920.781757 3694.552335 4598.01703 3417.995717 3822.465375 3572.111608 3716.766273 2958.363604 3526.854221 3810.765828 3093.499011 4091.447549 3697.453508 3355.482186 3962.797494 4372.650765 3507.122749 4438.27956 3622.505801 3621.745991 4495.95109 3428.095902 3722.861011 4447.056849 3820.001954 3741.885933 4222.75419 4526.36606 3229.635835 4097.503251 4384.482425 3510.55268 3872.059462 3764.074846 3513.695624 2923.367777 3837.465998 3521.946623 4218.509414 4146.925344 4117.221205 3824.210384 4042.972863 
2876.503337 3367.609204 3393.89804 3442.67225 3915.856872 3536.463066 3669.665609 3364.790388 3329.948131 3061.029105 4581.533611 4278.227354 3176.324434 3870.032637 4572.076549 2953.413887 3791.542355 3187.715597 3166.579899 4038.466522 3102.84691 3504.913436 3794.325264 4094.963697 3537.395282 4095.801111 4221.730579 3385.542223 4117.72378 4285.623038 3865.250654 3854.77571 3697.821663 3596.567486 3118.449085 4267.509005 3372.269004 2994.673004 3593.637365 3319.17763 3803.299893 4049.849118 3456.342312 3882.653831 3716.250674 4533.529113 3580.78963 4301.549691 3737.78537 4019.182345 3471.820516 4785.152831 3768.193629 4444.233779 2963.115949 3497.971176 4254.236402 4947.876373 3830.701297 3410.166561 4660.106099 3256.435007 4692.562529 3529.152391 3720.057842 3687.668756 3949.888749 3664.78651 3804.993711 3236.882251 4010.884444 4014.931315 4283.709082 3531.45777 4016.610609 4211.632184 3620.976121 3599.820839 3759.747527 3337.450354 3998.557283 4374.629127 4136.116072 3772.973527 4006.113909 3736.103929 4243.067454 3831.647655 3491.922566 3872.562155 3172.78985 3959.746966 3734.915691 3657.767962 3926.168572 3879.035438 3557.438539 4136.953581 3633.09038 3931.794354 
2770.974018 3713.721695 3932.112641 3423.106605 3336.603634 3776.172096 3577.117385 3898.74967 4289.623834 2977.024386 3673.824944 3500.470753 3256.148682 3466.059254 3118.767771 2935.448643 3232.575145 2919.474176 3085.064025 3843.724229 4617.521098 4079.214771 3302.13805 4363.274825 3774.99324 4378.991961 3585.785208 4370.551474 3762.278519 4055.921885 3840.732465 3362.701324 4240.229735 3437.080819 3232.613142 2800.765748 3959.157737 3975.112594 3893.44721 4056.845446 3405.928451 4096.083966 4266.491265 3632.42936 3663.428817 4552.36972 3507.8653 3825.368823 4712.52626 3557.981086 3820.712005 4379.269199 3614.385849 3158.577136 4714.732522 4261.987151 3957.94961 4253.449823 3758.668452 3940.924349 4187.694288 3522.607599 4455.254078 3589.382427 3338.680833 3675.337701 3826.826429 3559.459246 4050.042946 3247.712853 3278.342953 3547.258446 4218.629049 4236.820572 3764.932055 3027.338118 3566.295407 3634.841853 3716.089091 4237.946108 4088.244413 3694.615127 3384.25425 3877.426601 3714.619539 4462.539131 4091.908059 3283.467997 4722.09536 3224.536817 2805.336187 3308.18714 3603.821026 3676.648313 3847.51703 3854.953473 3605.210543 3696.271998 3248.176459 4052.221642 
2857.361859 3291.189213 3477.114144 3092.087529 3061.032763 2929.689518 3743.675444 4057.033371 2947.363687 2870.108503 3598.691373 3673.102055 3750.24008 3939.626579 2993.491403 4141.499225 3641.268379 3763.615551 3571.960758 3611.277282 3020.782443 3614.107396 4219.824296 3980.449183 3336.544248 4384.787523 3080.937151 3881.158797 3044.382898 4197.628561 3762.635938 4688.181088 4150.544796 3557.55662 3728.205911 3761.273848 3437.976553 3738.928182 3875.800491 4005.448932 3694.925115 3433.54998 4290.786752 3336.209312 3499.168748 3760.90184 4301.415753 3577.50796 4585.516634 4243.073633 3478.57166 3935.790696 3980.207555 3534.928738 4139.457962 3686.353215 4105.075798 3793.498235 3963.013177 3040.04747 4127.414875 3740.656723 4173.34289 3635.240118 3765.574378 4037.595204 3957.774018 4469.083518 3139.774038 3596.885662 3471.760794 4083.15442 4676.49961 3936.8707 3637.485071 3608.034696 4215.75771 4130.263155 2996.021373 4473.082544 3084.064663 3226.08136 3796.099508 3227.262273 3820.602119 4290.032318 4227.809216 2997.089523 3359.72448 4342.587836 3788.20929 4093.57157 3469.286301 3340.33499 3731.300864 4135.896849 3718.383878 3365.087495 3232.847279 3976.999715 
3637.35492 3106.349626 3996.917951 4920.799145 3410.463462 3130.682633 3041.109064 3886.815246 2886.725573 3694.129984 3853.524166 3343.816063 2761.66971 3878.400769 3325.044878 3125.294299 3518.151153 3221.404104 3390.280096 3054.539152 4274.354394 3009.752276 3666.949146 3992.163791 2967.472953 3378.030544 3158.900136 4070.565318 3285.131572 3615.817569 3728.680297 4255.197189 3873.587398 3281.346953 4318.928972 2824.707128 3673.044981 3631.163436 3424.257285 3343.040715 2912.829197 3211.371372 4344.266823 3570.785501 4084.652329 3939.583664 4283.929721 3970.570618 3246.223539 3511.107702 4329.748109 4126.660464 4182.00898 3622.399845 4064.096823 3458.165948 3764.211546 3899.33573 3324.003097 3422.201117 3369.82796 3475.611725 4423.379992 3083.326885 4120.937863 4147.703086 3249.577516 3914.743145 4315.14697 4221.739602 3997.138281 3166.061628 3274.865417 4158.74053 4165.354016 4167.470257 3402.805919 3800.82773 4036.515228 3456.565684 4483.781261 3165.082841 4292.265637 3804.498311 3917.253261 3212.476795 3758.059503 3411.008387 3736.34386 3807.43433 3479.529491 3745.284277 3907.308209 3661.224843 3983.903833 3524.120612 3818.694728 3394.242092 3601.239756 3434.698308 
3531.776806 3777.101511 3082.190834 3210.176054 3323.914351 4037.072652 3405.083228 3437.960297 3384.348587 3011.627744 4071.034091 3449.130673 3261.4982 3184.572494 3600.516555 3702.206361 2960.696043 3591.192973 3213.215986 3766.46034 4098.106615 4108.301673 3164.637121 3816.849015 3143.497887 3471.552675 3699.399833 4157.926362 4294.209253 3836.316925 3927.15323 3855.720018 3800.734773 4069.290684 3742.782159 3954.170456 4002.180124 3644.004336 3564.410795 4010.218626 3572.64924 3693.814994 3592.085331 3793.83301 3202.521173 4326.719538 4031.457544 3847.68307 3608.229671 3757.736226 4111.130167 4169.792626 4819.984893 3750.485834 4196.464331 4088.337307 3677.382628 3935.514409 4719.139556 4252.469993 3853.94533 3144.965445 3399.473899 3360.9896 4065.646285 3579.153594 4296.105829 3039.095249 3874.776107 4367.785698 3633.963968 3511.257528 4222.007525 4001.277879 3846.685734 4339.785033 3373.744297 4030.381578 4170.322557 3447.702553 3505.942318 3613.404861 3789.503319 2958.358862 3964.205048 3922.889841 3554.922071 3834.116798 3807.068746 4360.885732 3792.680334 3912.343515 3796.319935 2885.38639 4260.892252 3787.171256 4205.701423 3087.802189 4752.595623 3647.180524 
3909.868663 3540.05041 4050.67167 3421.34857 3373.344296 2663.697623 3015.237834 3526.46889 4277.124286 3412.417306 4337.477935 3046.444362 4015.829732 3975.830922 3496.341298 3340.513048 4708.638139 4788.638452 3496.848314 3822.270713 3280.920744 3842.189171 3159.679644 3392.991402 4775.94734 2844.620861 3678.431759 3415.391759 4150.652502 3432.427843 3650.621511 3864.475263 3737.622412 3491.916186 3085.559239 4629.147109 4292.533202 3540.337049 3892.809885 3754.325737 3766.584307 3901.421318 3429.24776 3949.84463 3694.041863 3198.694721 3493.879646 4143.067292 4006.073785 4245.593106 3492.476981 3156.822325 3669.052738 3898.503416 4971.915576 3382.955044 3236.391681 4100.818703 3035.592692 4191.776666 2832.875476 3308.027201 3296.480147 3408.200515 3352.801334 3783.107729 2952.898346 4436.451962 3860.847945 3667.724898 2989.896633 4045.862846 3901.630344 3690.927499 4097.423543 3776.438564 4073.366568 3095.952063 3067.816301 3474.165358 3667.003068 3179.14719 3700.300312 3583.46502 3709.587405 3735.356158 2734.48064 4132.814916 3458.577642 4295.173781 3483.833544 3990.063967 3033.161481 3439.176784 4855.27565 2985.641567 3420.451241 3898.780873 3629.45925 3039.804835 
3402.052202 3046.191095 3056.162649 2548.96681 3570.756853 3472.877071 3917.628352 3614.851472 3663.214464 3790.182609 3140.847575 3714.05347 3769.605872 3739.15928 2715.714212 4101.490369 3454.038528 3283.788205 3481.990735 4067.421032 3863.440021 3054.232424 3582.390559 2823.112876 3786.439157 3724.409483 3429.048991 3223.749302 3263.006738 3562.104037 4592.64514 3772.352976 3583.828789 4236.142136 3893.71143 4737.95619 5027.772563 3755.790737 4258.699283 3542.063493 4123.017711 3452.233055 4487.246159 3649.720797 3970.309164 3937.354916 3344.776358 3092.619366 3845.029519 4538.71472 4049.882745 3427.426835 4205.959977 3416.750065 3845.048589 3951.41832 3374.534257 4541.872839 4057.140583 3146.294457 3894.965532 3657.498046 3843.408141 5199.538589 4603.69921 3924.015065 4315.392248 3645.972199 4429.673796 3225.121932 3847.61164 3645.535122 3631.988933 3064.631926 3652.518103 4182.504981 4150.697303 3122.798917 3289.197705 3799.820467 3211.283584 3455.264261 3921.088906 3416.493283 4027.228093 4075.059251 3876.434375 3976.490757 3628.224401 4032.869435 3611.519545 3079.00796 3127.066308 3052.236215 4599.321449 3173.989643 3734.434486 3646.305948 3529.612285 3567.398383 
3427.46171 3712.647525 3020.26512 3580.747748 3294.907004 3293.927664 2856.079826 2694.939492 3505.345982 3251.552137 3454.10099 3578.059371 3687.844486 3874.19353 3523.975086 2759.555098 3841.175122 4022.020507 3336.543092 3802.601268 3634.350663 4094.015092 2365.289227 3812.612415 3541.844057 3179.883221 4064.368533 3945.713326 3538.353158 3523.470942 4251.751951 3419.521023 2746.086279 3662.935711 3201.494788 3780.173191 3297.621361 3892.140592 3735.91979 4584.229813 3122.744042 4132.381836 3919.349754 2998.929568 4136.348978 3820.963723 3882.870056 2942.421102 4564.2027 3682.385287 4344.376024 4313.253224 3594.570948 3339.983235 3750.750805 4604.485188 3346.59536 3478.044266 3462.39302 3372.914464 4605.2204 3359.719234 3178.789719 4271.015384 2919.070169 4382.080554 3939.37511 4257.69568 3954.772737 3857.40352 3416.510609 4188.794927 3849.377293 3688.236482 4172.681837 4402.977172 3201.857092 3384.355585 4550.414857 3784.101731 4302.420059 3750.613631 4498.836101 4273.626901 4163.78583 3659.207712 3883.926414 4323.492414 4090.513309 4229.963167 3409.35828 3436.465059 3912.837209 3466.022169 3127.030235 2944.990937 3234.973205 3533.794938 3309.713702 4097.455403 
3158.907759 3609.86649 3574.623068 2881.750274 3271.973853 4304.201008 3013.04945 2789.243697 3303.539411 3342.88617 4197.799254 3166.007699 3241.919615 3588.406207 3052.973369 3079.075436 3669.617372 3407.859729 3213.604953 3879.816467 4359.750271 3617.767741 3253.840609 3502.1663 3378.376546 3721.949581 2804.613791 3774.019485 3970.973993 3553.129477 3896.469221 3565.189298 3363.620845 3667.416233 3938.715117 3717.002902 2960.561071 4027.320491 3222.539725 2364.900217 4623.888437 3194.567288 3269.13252 3478.945399 4239.058277 3484.587581 3896.155525 3682.402794 2919.391933 4195.506786 3418.244176 3665.842145 4452.276992 3856.055131 3880.573571 4278.334278 3869.003443 3411.82414 4260.138584 4390.111914 3977.641711 4497.289211 3995.459488 3230.721212 4530.478818 3355.35692 3375.310171 3307.585122 3663.381294 4050.269116 2997.833744 3559.362821 3433.269529 4473.325559 3777.405612 4117.558256 3274.182275 2643.715595 4061.236428 2992.647708 3643.197189 3678.744315 4034.765546 3153.271396 4182.013959 4050.632086 3572.179929 3752.437327 3645.943803 4129.923891 2893.552788 3869.090554 3525.535601 3732.708017 4215.187519 2930.415461 3308.890271 3517.16264 3619.424553 3123.883073 
3862.154066 3354.147818 3052.056019 3736.655647 3014.033974 2946.373955 2794.742735 3758.884822 2628.057819 3627.794968 3633.277805 3705.424378 3426.096803 3893.828306 3901.698066 3642.180529 3588.118556 2899.378117 3389.36692 3069.002001 3366.773467 4052.225082 4450.679315 3393.268149 3902.843088 3153.003704 3102.671191 3490.849195 3051.680141 3468.959886 4204.632319 3570.365119 3090.930705 4358.654541 3913.351604 3359.820491 4479.860389 3649.887564 3829.674316 4305.413256 3649.969227 3638.334222 3877.693151 3553.245354 3238.961685 3704.787653 3908.222608 4130.33523 4467.218173 3586.680092 4153.96636 4260.782861 3506.007341 3822.044621 3137.987366 3275.059214 3962.590573 4416.867734 3431.87574 4063.632158 3938.837542 3574.322371 3820.529016 3468.281711 4008.169197 3812.341856 3564.349492 3700.160458 4436.210569 4009.309355 3793.472089 4250.654993 3648.152966 2969.946936 3062.033282 3249.718844 4133.260778 3790.323254 3687.356339 3332.941812 3529.942153 3695.524208 3811.320159 4031.609962 3305.583386 4056.280974 3119.623392 3541.474565 3474.917835 3037.474816 3561.481181 3854.724909 3698.821579 3509.671345 3746.122962 3504.438209 3533.143458 3531.320848 3590.870526 4209.203991 
3782.586804 3153.509853 3828.820726 4268.439205 3050.987799 2970.708525 3261.024062 3517.754612 3952.258634 3622.009478 3282.13115 3933.607549 2943.911254 3320.65592 3792.37537 4103.368652 3345.998052 3561.324017 3005.724289 2856.180305 3466.25345 3868.094064 3508.019578 4981.274087 3467.492433 3823.865085 4110.131224 3446.829456 3761.414506 3198.53288 2889.977248 4179.855759 4220.157561 3237.810835 3669.591844 4243.273555 3155.416475 3599.952934 4177.219245 3704.711333 3242.314464 4722.099742 3532.320932 3975.567325 3694.926971 3876.044154 3576.018849 3598.85482 3475.691028 3723.105322 3142.972963 3466.742499 4069.19299 3691.558589 4740.774037 2949.441574 3643.725255 3998.993446 3323.953015 3667.302717 3527.398001 3501.990268 3189.325994 3756.885172 3372.156091 3519.978266 3890.491807 4279.250134 3503.141283 3423.023185 4106.73345 3687.356 3980.119098 3269.346077 4316.421603 3920.181828 3218.133355 4531.640288 2955.59989 3855.048888 4000.291689 3508.987372 4198.896093 4025.45328 3599.63661 4574.75664 4657.080575 4659.511772 4439.602301 3696.868398 3435.534795 3441.294471 4122.139417 4739.353411 2924.978782 3580.061587 4321.225282 3374.301309 3931.414731 4185.487751 
4148.330477 3340.619852 3890.319892 3767.121288 2945.361613 4372.43594 3160.253148 3490.026601 3827.275707 2989.050043 3391.317124 3468.910669 3623.938681 3240.587709 3916.476593 3607.962113 3141.991815 3883.55166 2907.769219 4589.762774 4690.257303 3012.48837 3297.281816 4011.777716 3910.938817 3329.095128 4506.353344 3188.135845 3149.411397 4007.95552 3873.208403 2912.444947 3853.615488 3885.431181 3005.601077 3476.275063 3281.984257 3644.605225 3771.422051 3622.428721 3277.514083 3440.982864 3439.316943 3851.876025 4095.210638 3419.370557 3880.403324 2838.785557 3646.33164 3491.757558 3763.699773 4174.800454 4240.519589 3752.438202 3610.166783 3735.827642 4158.090251 4103.847539 4412.006862 4276.158801 3858.738233 3383.361729 3457.907939 3647.751048 3507.338186 3476.189178 3646.708984 3505.396665 3474.335848 4092.30174 3540.41881 4040.768385 2685.944819 3139.413747 3299.807937 3494.852041 4606.217905 3069.789876 4399.506125 3202.782819 3865.483129 3282.94072 3082.041971 3589.225154 3488.138907 4215.844786 3787.4199 3561.195611 3491.52627 2786.409506 3770.080661 4007.937105 3244.926413 3178.135774 3872.035522 3469.997242 3168.430205 3468.370716 4155.497537 4048.456471 
3699.625687 3075.556104 3096.052311 3477.053386 3314.644845 3665.720814 4309.091788 3269.787429 3551.948084 3556.744587 4482.505943 3233.100135 3523.82934 3535.131833 4001.780923 2729.350632 3501.848239 3814.684741 4332.163111 3402.378005 3591.309242 3118.420162 2766.463827 3584.10171 3459.859269 3797.537755 3378.690732 2964.009912 4646.127877 3912.770338 2765.765594 3137.461383 3815.767261 2934.669177 3794.989835 3232.988508 3613.978356 3086.481162 3964.007802 4120.937907 3713.633846 3809.635642 3495.277895 3599.066219 3188.150526 3366.448113 3964.513692 4215.196318 4175.494976 4055.48988 3862.913255 4085.024573 4491.925382 4806.22023 3613.65188 4164.249329 3744.910734 3557.020091 3788.998415 3004.601034 4567.69263 4216.594842 3720.549354 3994.010345 4626.447606 3342.976209 3393.394785 3748.348892 3780.496955 3423.213575 3486.048608 4388.458044 4166.343177 3416.680282 3910.295621 3559.743227 3270.263338 3458.460262 3961.975539 3474.532617 3428.896665 3974.332983 3701.616425 2853.43479 3206.020145 3242.118466 3295.669086 3252.744096 4139.86594 3342.658309 4526.846395 3549.856372 3183.09157 3313.408138 2997.856889 4358.253255 4266.101919 4010.733753 3573.593848 3643.725627 
3353.58417 4259.458523 3299.340402 4299.297125 2609.060196 3633.895371 3593.065317 3126.036123 3416.802794 3341.800191 3006.289141 3669.756037 3499.55008 3310.68918 2953.978213 3553.870614 3065.946315 3418.657455 3164.157369 3394.423668 3497.740046 3981.429164 3098.021495 3489.744734 3603.699731 3732.652882 3116.018111 4597.377817 3545.710762 4063.712121 2929.904403 2783.650717 3532.165033 4011.426913 4262.560402 3469.638297 3242.094184 2921.787787 4114.059509 2881.444239 3512.003734 4393.249803 3061.141008 3698.101665 4213.75594 4386.9082 3510.906938 4131.401194 3528.122152 3724.041085 4115.229488 4432.305485 4323.978273 3508.826153 3530.637304 4830.923128 3373.523003 3745.346301 4306.52244 4293.808787 3468.600783 3820.585295 3729.974266 3625.911241 3583.973013 3329.884926 3847.854398 3649.251607 2972.404023 3012.243379 3565.567377 3281.978533 4243.412346 4162.014543 3321.933271 3214.518315 3511.262113 3232.174774 3332.079548 3247.721905 3223.543342 3250.613822 3156.016774 3992.737684 3176.44953 3466.722688 3322.606322 3583.724303 4918.730897 3752.063465 3287.043454 3564.194787 3525.481801 3261.770248 3072.655904 3854.596033 3989.792871 3490.469357 2603.284276 3926.375685 
3376.063089 2946.633941 2954.095143 4184.042567 3816.388918 3556.865733 3203.092243 3489.849943 2771.727478 3562.625594 3684.122712 3120.961277 2718.165464 3084.311348 2780.217711 3409.777263 3542.314025 3840.661965 2725.972716 3606.060833 2687.767779 3317.146629 2870.367136 4014.94502 3225.014492 4562.981868 3975.22425 3395.308512 3622.468376 3800.219884 3237.25824 2850.25756 4150.946096 3559.81194 3359.339765 3518.779315 3310.436431 4408.54544 4202.386335 3358.506968 3471.177908 3719.493075 3402.719297 3659.998297 4252.705835 4017.033081 3428.907106 4095.676999 3804.613792 3596.972026 4346.773325 3880.664781 3179.034691 3412.339161 4395.773417 3664.611809 4181.071231 3320.008324 4331.719387 3307.994839 3209.939947 3980.435698 3890.671394 4057.321975 4129.991679 3906.71061 3409.596835 3534.909815 4454.212068 2925.590789 3417.041213 3350.228807 3562.879301 3229.366596 3345.920232 4171.597905 3161.4386 4302.179214 4384.236174 3583.791378 3631.346966 3873.906829 3947.70164 3922.438202 4050.577207 3404.71747 3944.427788 3457.517008 3677.018783 2985.538907 3766.302189 3992.489421 3100.155792 3780.578909 3260.934859 3860.611006 3390.56908 3387.649161 2983.044759 3383.055507 
4237.658197 2776.062324 3485.429376 3572.075968 3927.659407 3082.752123 2891.154477 3618.643284 3989.307193 3053.51255 3031.572451 3172.900705 2868.565155 3248.370717 3453.02845 3514.732958 3204.408742 3568.608697 3464.554919 3250.657403 3593.062707 3282.429618 3278.322795 3387.696657 2733.649579 3485.747231 2768.758996 3922.825217 3366.457059 3570.215942 3224.15013 4142.959416 4118.600669 3340.782635 4661.45682 3859.215405 3492.431678 4473.107082 3806.925254 3765.877037 3826.047806 4285.858568 4136.63864 3531.054468 4477.790098 4158.432099 3672.463704 4091.4353 3073.408144 3464.652153 4141.914542 3482.630567 3748.96446 4380.038277 3918.026914 3779.114928 3007.406968 3841.946955 3864.056379 3587.018468 4057.453733 3635.1663 4057.615937 3882.692903 3015.80863 3596.537495 4143.167755 3520.458752 3668.024437 3878.04068 3680.280831 3135.683887 3806.310373 3672.190564 4015.726683 3511.486648 4009.811721 3720.405207 2949.151785 4249.023301 3144.29969 3751.4712 4602.700505 4525.779348 4271.958448 2730.54511 4149.632978 3492.479632 3017.077361 3355.649143 3395.443047 4487.642351 4207.916663 3228.428064 4161.976251 3593.845546 4523.544239 3028.693383 2762.64666 3257.608689 
3683.112802 3489.369843 3140.130084 2827.873647 3132.040757 3317.626146 3728.045005 3030.731657 3295.603947 3794.665065 3047.079001 3184.901872 3484.964553 3081.487998 2984.007845 4054.026737 2972.56099 3848.258614 3502.941777 3734.494589 3791.020732 2917.968279 3989.077937 3841.312563 3622.499516 3035.325454 3384.970461 3455.678571 3892.177299 3903.277691 3736.995551 4583.313594 3623.175643 3858.839549 3207.681912 3557.117381 3627.942836 3425.829489 3601.287893 3899.413125 3890.147356 4391.857171 4034.571806 3227.975217 4389.07938 3076.971156 2917.383481 3841.021753 3672.627292 3837.611902 3673.16047 4655.734815 3794.772236 4173.260093 4054.586665 4016.988818 3899.56084 3510.378807 3964.130393 3582.608881 3637.395582 4426.263539 4051.649872 3772.963024 3997.896071 4049.68025 3835.620121 4765.108784 4463.483518 4300.033101 3043.940495 4048.02742 4016.096903 3572.550962 3609.434908 3168.911186 3855.741446 3185.88131 3407.426357 3645.990517 3572.905039 3634.690129 2697.33 3980.044897 3302.03538 4072.331448 3315.009241 3702.530707 2911.82405 3914.123235 3357.143582 4071.485033 3549.194632 3462.381323 3990.35386 3241.869057 3158.482566 3972.140702 3460.596597 3277.389297 
3417.929822 3389.353747 2662.088858 2306.026394 2886.445576 3159.148373 3314.081489 3307.546446 3213.314965 2871.325169 3341.843732 3820.751556 3741.768807 3408.429647 3108.282295 3541.903256 3009.724098 3728.499324 2994.779746 3595.759322 3814.507393 3215.432475 3143.451065 4099.221673 3253.534613 3734.808897 4006.809768 3761.849656 4194.93427 4599.522939 2593.824202 3270.603075 3305.284938 3367.499055 3087.502247 3931.730153 2983.643236 3842.83092 3236.58983 3424.215236 3330.711747 3239.73975 4108.719468 3994.773747 3489.968682 3167.179632 4086.052506 3132.032385 3011.410353 3923.419144 3612.104835 3997.163752 3270.032211 3496.971289 3510.05651 3664.9147 3517.093084 4169.078868 3934.172555 3908.753039 3664.82685 3420.466815 4035.893662 4490.858003 3643.445818 3501.443182 3842.639303 4235.298918 3570.071173 3878.848721 3252.646274 3982.754597 3547.443852 3466.354769 4063.177086 2930.507266 3929.570769 3716.907854 4273.977628 2917.798646 3898.149878 3709.403764 3888.539657 3992.513144 3275.990633 3096.748949 3409.26027 3920.030786 4482.318789 3788.86571 3059.72048 3432.057276 3875.694768 3722.843945 3790.59996 3378.684411 3718.2115 4328.125275 3987.935189 3982.723767 
3160.492484 2853.901161 2724.9212 2782.574189 2827.781677 3553.572817 2996.645612 2864.584929 3875.0712 3523.764629 3565.404656 3157.614197 3405.200395 3343.572356 2965.099359 3531.59332 3979.728556 3053.198447 3426.391411 3413.534616 3566.712186 3497.841563 2872.727969 2973.716677 3516.412907 3021.172704 3674.999317 3387.601716 3309.245389 3175.664533 4034.586642 3743.662439 3780.760701 4069.112326 3299.3052 2965.320212 3533.495192 4294.81459 3774.765982 4161.745436 3516.531469 3874.403844 3938.236133 3036.967351 2839.947878 2933.081355 3582.243005 3960.055636 3836.814088 4003.11119 4468.003682 3504.168266 3376.017842 3495.786331 3255.569574 3188.181273 3425.695334 3855.702829 3393.346308 3488.854 3871.790212 3139.293659 3180.25799 3624.816375 3780.92889 3594.567682 3505.194424 3892.381917 3655.080717 3640.546929 3213.384827 3738.316814 3779.354773 3493.028336 3051.530352 3042.989814 3643.407702 3485.330854 3181.424676 4477.854866 3124.75436 3567.3538 4349.329182 3458.609928 3822.061565 3835.007958 3234.47272 3725.545164 3395.823779 3662.476457 3282.290651 4515.454644 3919.573192 4396.237795 3294.089774 3464.712706 2935.327664 4008.229715 3129.534242 3748.595311 
3234.840297 2621.746059 3224.054108 3432.535242 1771.432431 3005.118426 2915.601582 2888.15487 3425.008636 3928.316135 3526.758283 3610.960929 2972.933508 3755.272097 3975.672425 3405.159511 3791.299774 3059.276242 2942.073355 3701.380891 3123.89573 3103.717032 3637.510751 3351.881315 3640.575739 3080.184631 3815.87144 3500.261601 3834.127616 2797.382445 2996.743643 4179.581695 4124.735402 3379.761549 3586.783068 3475.588766 2793.763191 3776.423824 3562.80464 3446.801947 3599.516314 3092.173992 4260.809719 4006.984717 3835.925796 3364.698021 3239.626163 3358.371077 4172.937684 3979.440721 2966.59462 3411.264234 3189.898727 3857.683885 3942.371473 3744.420271 3266.014498 3800.456996 3821.889596 3781.967681 4841.654454 3923.190923 2378.341708 3425.943393 3938.844158 4089.059597 3756.108681 3349.953572 3673.672902 3864.251266 4183.24796 3672.631362 4025.637234 2653.885714 3359.050358 4189.196606 3536.316997 4023.505822 3714.738914 3959.442406 4225.928165 3552.618271 3988.810942 2961.626362 3260.882714 3094.827342 3963.797279 3972.42203 3522.048293 3652.795185 3497.422732 3677.17459 3267.331164 3065.782918 3369.134219 3709.609351 3013.843121 2917.261581 2615.889885 3099.164482 
2711.117829 3057.047803 2498.06506 2990.470674 4105.010029 3223.385271 3646.323221 3449.622363 3603.287433 2702.207931 3564.8367 3178.530097 3621.06763 3835.233857 2605.356433 3331.286278 3597.857781 3906.94529 2933.082133 2857.033462 2791.459008 3480.934503 3283.234797 2998.995657 2933.938189 4499.812809 3295.2227 4004.14341 3362.106495 2864.161439 4179.738691 3302.890987 3568.273002 3523.894636 3159.46273 3401.080209 3151.142325 3762.428279 3016.05236 3789.072501 3550.72078 3966.694854 3648.350983 3397.737735 3639.980721 3435.961388 3427.272685 3882.103384 3638.971486 4013.733089 3698.1256 3335.325728 3640.709258 4512.94743 3810.100916 3852.184153 3543.084944 4737.788569 3917.867831 3073.567 2789.363698 3992.695072 3343.588901 3464.597574 4191.89175 3258.056961 4313.075589 3595.52325 3319.234703 3264.345646 4518.015447 3466.310725 3948.352332 3370.388579 3796.545259 3562.803995 2640.74865 3613.760313 3801.964495 3301.917236 4461.080836 3756.753158 3980.038327 3980.521508 3093.975217 3860.249826 4009.813401 3658.997158 3370.056491 3923.636508 3434.760953 3418.492591 3114.273255 3969.785495 2983.973742 3763.601322 3246.052749 3661.910532 3569.849007 3177.976785 
3257.083616 2846.750918 3232.684542 2984.099708 3155.930405 3027.81032 3500.256793 2595.358735 3086.721759 2861.791376 3717.388571 3983.320001 3739.912001 2869.412802 4010.66934 3016.048508 3365.95981 3640.517946 3458.226364 4159.968537 3306.672897 3468.650683 3662.86836 3910.229623 4568.326787 3157.041113 3077.375978 3628.363083 3549.050336 3254.990968 3457.882612 4051.807595 3916.39417 3760.244913 4173.136911 4550.226012 3347.614705 3321.518324 3780.380589 3506.343045 4063.626796 4011.29201 4303.976297 3578.615986 3410.370013 3531.031919 3525.317522 4084.020509 3343.651597 3583.618023 3301.495394 3189.799579 4481.972231 3373.690173 3322.411632 3651.93168 3912.355058 3886.063823 2456.368846 3264.036897 3523.351076 3601.330612 4642.158513 3569.263042 3744.105402 4406.353422 3026.820951 3937.931145 3471.718589 4004.450576 3981.023156 2686.372156 3519.949071 3308.689797 3734.081385 4229.675138 3450.954148 3000.948691 2704.232787 3761.74874 3279.943521 3710.19454 3833.351492 3795.404547 3721.528681 4134.224431 4335.202831 2700.710395 3422.857342 3151.02774 3994.291904 3283.039544 3665.414375 3668.588985 3431.225007 3375.065883 3509.233372 4407.798274 3363.382104 3518.800705 
2881.20559 2621.931927 2936.747617 3279.075109 3388.828024 3515.353735 3266.857421 3239.903485 3941.881496 3553.034294 3664.351976 3593.990188 3309.6024 3634.015372 3081.67958 3292.82774 3626.514884 3177.125882 2860.188434 2751.764852 3282.455388 2957.632572 3459.95118 3952.560362 3477.42788 2914.41008 3776.264708 3972.006302 3118.344611 2844.820834 3058.348143 3328.380733 3600.485097 3221.023103 4101.542362 3460.985135 4172.325565 3369.364084 3345.292117 3740.107611 3061.857143 3934.061846 3183.077323 3451.377491 4351.250042 2628.771258 3588.596742 3844.71369 3591.902652 3347.759901 3854.613736 3393.299686 3333.717098 3601.257298 3497.23414 4668.747205 3208.231613 3322.804466 3132.762812 3506.291353 3526.252601 4303.934137 3597.655108 3553.938212 3522.28473 3791.365945 3928.042712 3563.953772 3500.879 3127.079767 3826.923513 4060.567679 3253.397886 3442.314048 4008.223237 3835.07154 3622.55331 3366.409142 4002.513029 3500.032773 3701.8631 3816.674445 4829.327965 3711.74033 3808.881662 3814.893186 4018.27635 4366.254762 3898.862431 3046.455843 4281.188631 3495.801118 3902.202343 3313.225412 3347.040123 3647.201445 3380.80883 3053.689951 3249.924123 3026.244681 
3194.141763 3054.433028 3110.370675 3594.65195 3260.556483 2351.445499 2789.008957 3439.905274 2919.578485 3436.564813 2844.29589 3048.9269 2871.967228 3294.228976 3471.48977 2905.452756 3279.446203 2347.755428 3877.651239 3871.844088 3225.319848 2945.813478 3282.517269 4005.395203 3508.654015 3437.576583 4010.938137 3287.542669 3341.959761 2643.269563 3231.975364 3836.544013 4172.456625 3636.658513 3210.806722 4231.865623 3450.831607 3874.49457 2934.567378 3536.096601 3778.822848 3591.215134 3834.858104 3913.8131 3803.112855 3594.586508 3744.32429 3952.825438 3934.961733 3478.039134 3676.248942 3731.386308 3218.871145 3854.158527 4034.694238 3372.327112 2734.622781 2790.181543 3841.973499 4156.075338 3398.086334 3612.518921 4431.454164 3537.394671 4669.770093 3225.137458 3440.87944 3924.591828 4194.763073 3801.362764 2995.78082 2939.934673 3037.008168 4009.568092 4799.963955 4019.14533 4335.976064 3684.782233 3417.080904 3985.84424 3185.770539 3852.283905 3294.853774 3457.213291 3811.284488 3428.042755 3755.514173 4171.184808 3212.828526 2939.181238 3378.82419 3970.875378 4147.276803 3195.47878 3296.811977 2780.653602 2912.568758 3794.029615 3585.524137 3489.284026 
2978.032893 3591.209473 3344.015976 3756.460457 3592.711865 3460.013806 3080.700805 3738.315464 3941.396763 3032.644026 3772.623906 3063.390086 3429.829262 3668.82641 2575.348031 3701.322782 3189.659848 3391.817353 3118.105804 3271.282318 3367.729238 4385.866096 3257.57633 3141.232233 3319.626433 3801.66501 3781.497507 3449.897646 3644.618207 2977.063176 2754.270755 3987.155766 3644.041921 3949.760428 3224.484411 4058.204308 3224.878776 3862.31989 4023.275202 3823.121347 3309.924245 4451.604657 3536.631482 3734.636788 3598.77469 3804.540429 3106.371414 3651.079829 4222.619283 3254.63349 3585.224566 3670.946056 3667.21803 3496.479512 4607.226867 3695.777694 4600.216988 3562.537856 2984.567332 3986.435781 3253.427531 3297.689944 4036.890255 3724.107758 3828.230213 3409.74751 4427.583789 3217.53567 3926.141495 3189.514184 4162.928074 3285.466792 2334.339573 4153.897946 3864.893441 3381.164184 3063.836763 2508.942962 3808.197867 3385.346843 3700.264849 3128.541892 3794.987915 3200.854946 3373.238543 3326.692813 4222.568517 2971.267645 4507.840972 2846.341234 3077.783224 3180.661745 2606.132213 3380.71634 3623.322016 4107.354752 3499.017643 4060.684141 3796.157395 2851.252735 
3701.807642 3057.544867 2757.737082 3595.971605 3481.193933 3505.179778 2834.884023 3377.593644 3310.365338 2359.593017 3436.06017 2845.263741 2944.976018 2918.942032 2676.578299 3644.616103 3384.829952 3223.385437 3674.012052 3808.991735 3604.542412 3210.661497 3420.153163 3356.776168 3303.569082 3699.979234 3558.554755 3100.20621 3876.607449 3506.678544 3296.90719 3708.91143 3823.68326 3258.38628 3747.220693 3671.905429 3800.649785 3583.746605 3806.09556 3892.809775 3059.679653 3648.552489 3352.543569 3628.02496 3521.297083 4300.534624 3773.831356 3857.505323 3991.485532 3464.259951 3454.154161 3200.334495 3367.054603 3305.810827 3059.520045 3085.998965 3694.821897 3945.328514 3811.313792 3685.817561 3211.287229 3218.329571 3242.407779 3910.286989 3919.69246 3305.535737 3868.466275 3426.841279 4560.945762 3000.650052 2955.161364 4532.564085 3946.22824 3238.776639 3588.437008 4085.174206 3301.760877 3482.988477 2747.052309 4268.663379 3499.85976 3368.687731 2830.262484 2990.906867 3895.222681 3325.670137 3646.991527 2906.165813 4394.654836 3629.14199 4096.153187 3947.557229 3188.234588 3040.965194 3944.886837 2588.593278 2796.062875 2848.698765 3908.377306 2950.376669 
3159.628396 2397.453261 2104.076753 3197.076382 3646.990339 3144.773161 3573.052942 3470.390055 3084.033979 3529.765898 2970.729206 2758.365281 3010.259607 3307.710461 2561.974685 2948.432715 2695.894065 2829.229851 2824.214933 3642.996819 3219.089648 3689.030748 3848.534725 4000.989034 3251.261908 3430.395751 3599.350267 3219.20221 3182.923672 4373.176988 3059.662843 2607.997807 3120.951323 3561.82804 3701.111821 3580.98442 3769.370703 3099.468979 3891.328399 2516.592091 3357.815281 3564.949679 3780.243954 3336.976224 3485.154403 3695.867162 3333.797251 3665.822908 3739.209391 4187.238429 3659.792859 3862.210185 4377.130872 3662.049368 3746.738518 3544.745659 2876.137526 3498.070548 3716.345757 3401.669223 3610.515873 4108.775137 3404.004084 3522.425052 3607.495109 4021.961117 4161.529921 3807.334544 3383.03642 3119.652369 3431.926547 2765.011892 3993.053724 3668.710038 3747.490721 3056.344196 3434.821496 3755.771251 4073.99905 3250.633384 3464.240397 3607.613386 3427.347041 3803.28604 3026.178669 3579.670731 3017.800585 3391.423266 3458.608379 3795.471757 3633.684304 4362.844288 3095.082089 4192.226273 3678.073385 4248.870944 3503.595619 2941.468407 3589.974976 3148.742095 
3034.733671 3585.890354 3048.053274 3561.119426 2921.934623 3728.242248 2660.870353 3888.238854 2597.905682 3327.320483 3509.787314 3100.861052 2966.459992 2798.318557 3842.043171 3085.343768 3572.168554 3014.597293 3207.558529 3330.546027 3549.844849 2777.571587 3196.323188 2497.826494 2927.892234 3217.871689 2994.259403 3780.874096 3473.614829 2900.747811 3824.993469 2738.266129 2878.618685 2973.439197 3562.395028 3213.7056 3212.149733 2937.99745 3501.751827 4017.965058 2682.538501 3277.399801 3531.182022 3161.840093 3517.479338 3595.400412 3155.341995 3614.511343 4022.616786 3891.968547 3129.088492 3166.324584 4037.091759 3475.370625 4235.327404 3437.29866 4225.344533 3861.103949 3823.03622 3502.466145 3631.18196 4313.30411 3987.433783 3474.435612 3319.049182 4313.459225 3543.810109 2881.656144 3935.419274 2855.183071 2980.124921 3759.101546 4336.775316 4075.035351 3280.585782 3601.21575 3230.794508 2905.609661 3634.780202 3071.452823 3735.149312 3488.29778 3835.788013 3465.862102 3249.181647 3535.541663 3431.689783 2960.534006 2815.434217 3046.840227 3860.191756 3476.25364 3461.615273 3579.304209 3523.611818 3871.2448 3776.168464 2510.229379 3954.950174 3053.263319 
3310.455091 2986.537281 3018.5802 3370.816715 3049.523992 3385.642608 2407.113847 2878.709283 2684.885638 4022.441342 3152.67016 3848.266639 2742.847735 2882.565941 3125.386116 2986.896065 3107.084881 3000.115565 3057.158837 2931.78564 3281.619094 3008.343963 3394.547077 3665.599482 3350.633096 3961.303462 3272.329219 3661.232108 2944.095924 3377.898897 4126.389837 3396.665631 3205.721042 4140.077796 3781.30229 4193.365786 4284.676941 3588.044698 3539.366786 3615.202445 4693.467607 3651.145221 3366.49909 3113.015339 3645.581721 3372.101477 3588.422476 3026.696007 4165.291276 4100.884993 3643.760896 3351.062411 2917.840039 3214.943084 2969.546869 3684.365225 3188.003506 3323.700685 3536.627517 3505.21795 3893.475135 3313.394563 3405.85958 2920.056182 3598.075109 3727.708782 2448.264858 3476.869762 2878.58977 3219.298324 3224.136073 3886.647075 3082.862285 3271.565465 3352.940716 3714.411302 3230.395803 3641.600338 3347.493714 3254.601218 2939.809856 3535.017037 3202.957025 3890.326761 3511.770127 3295.205973 2881.105706 3499.988806 3000.218043 3256.673189 3073.596033 2756.285241 3097.929694 2905.678686 2892.600948 3545.531647 3477.891086 3311.322959 3665.051809 2548.420549 
3009.688715 3476.425668 3468.923127 3039.784184 2753.871209 2656.94338 2941.515499 2835.253065 4139.166572 2564.757441 3575.998286 2923.603749 2818.046346 3842.699465 2996.887474 3574.742124 2750.973562 3235.414575 2792.481902 3623.715222 2681.202454 3888.569635 3117.40422 3878.377488 3532.378624 3011.297248 3222.050833 3071.176987 3169.298304 3394.094079 3892.812255 3979.243899 4228.595747 2989.745623 3629.466381 3607.729703 3531.410695 2551.606827 3916.119275 2949.089672 3655.541797 3798.87896 3273.021847 2863.309042 3459.076987 2855.860209 3478.342082 3224.736621 2653.017214 2950.814523 3120.081313 3768.037614 2353.296172 3880.089436 2990.511877 4166.013515 4311.921126 3543.573033 2954.674429 3482.296377 3695.796794 3276.452034 3282.651118 3048.143348 3990.620573 3035.074335 3778.325998 3765.440641 3695.117391 2765.232328 3517.759597 3806.851161 3253.5098 4095.678268 2706.132231 3332.032342 3451.307137 2799.505813 3313.250693 2734.781385 4493.374177 3504.442408 2660.063089 4041.118566 4260.617107 2999.512173 3898.784976 3317.449131 3594.074296 3336.997993 3336.844324 3125.558596 3082.773258 3192.124162 3502.360912 3183.27726 3467.440552 3217.52163 3868.243107 3656.718895 
3259.721956 2984.439471 2652.758736 3705.172457 3356.275412 2628.984884 3649.21135 2816.336914 3398.980304 3273.25335 3176.96654 3364.772814 3526.797628 2950.602706 2085.607839 2763.246379 2217.293748 3822.749636 3333.765072 3612.065202 3404.557327 3046.267635 3120.167664 3377.026945 3673.362057 3525.75984 3059.500096 3463.489254 3426.958617 3772.65057 3205.054284 3644.109347 3612.915797 3214.216546 3245.286713 3489.584794 3543.768574 3201.111325 3568.732404 3853.825911 4080.04373 3565.109125 3825.108193 2616.209337 3279.438417 3907.859757 3343.520352 2962.141271 3960.278461 3081.711466 2923.634385 3314.888531 3612.45858 3960.978212 4310.826246 3619.472584 3278.290042 4092.611493 3171.082067 3970.968251 2944.364995 3633.407404 3560.609179 3367.285158 3312.996104 3644.6033 3220.069325 3184.973236 3074.548246 4262.490071 3950.287713 2907.426418 3825.186067 3386.540132 3664.671054 2969.264103 3180.719164 3742.432433 3134.233186 4507.033108 3791.416114 2925.774807 3417.82585 3054.922971 3291.204579 3444.219102 3821.056496 3670.763763 2529.761567 3487.148001 3625.26241 3127.397113 3639.947477 3286.540235 2583.979022 3310.920054 3272.074033 3203.019992 3336.545672 3091.16512 
3029.663497 2725.669861 2839.915496 3635.330919 2493.791333 3425.919728 3002.720912 2980.616261 3135.996511 3974.455007 2632.252369 2803.660246 2512.9655 3629.14133 3887.777268 3488.615147 3155.515278 3099.216383 3067.970047 3323.899467 3426.744892 2895.599217 2926.535255 3506.044639 3034.510686 3232.41883 3213.107972 3443.533337 3121.747726 3753.152914 3519.980353 3279.702616 3976.580604 3733.759022 2809.065183 3585.887788 3262.136092 3187.484828 2942.831742 3423.018391 3037.337202 2693.058765 3849.44861 3302.800389 3983.215137 3628.423157 3169.871993 3291.590321 2914.377375 3442.237714 3243.567234 3674.445876 3475.221202 3632.822992 3908.387874 2877.389495 3024.802666 3193.760397 3034.470017 3180.282419 2979.65186 3744.428258 3139.876273 3430.187003 4426.104582 3399.463095 2818.774512 3089.708256 3038.272421 4277.146321 3233.372069 2706.658445 3886.064817 3532.072038 3650.638601 3758.111441 3513.512465 3077.980855 3368.801132 3423.088489 2766.595085 3509.127434 3940.461725 3033.316286 3860.078259 2944.554464 3870.281509 3337.348533 3014.278672 3361.409396 2953.116795 4199.056643 3455.467536 3568.840537 3681.38045 3118.521652 2996.515753 3084.877155 2855.19083 2927.670422 
2458.104246 3573.668022 4120.245052 3635.869312 3282.706541 2970.433868 2461.222292 3558.918849 3492.031396 3506.529944 3078.103503 3635.43041 2476.064969 2877.23538 3221.553376 2559.523022 3004.284849 3636.915229 3261.859609 3077.494483 3655.758939 3296.669865 3390.827513 3944.081162 3302.298741 3361.086525 3311.557606 3698.190811 2549.83692 3376.437814 2860.773545 3703.315603 3601.572017 3039.104445 3322.603975 2919.212691 3134.963721 3625.560583 3137.818835 3474.728279 3255.936697 3272.321902 3728.45374 3905.383642 2544.083023 3905.207986 3145.590346 3994.810775 3488.037505 3784.411762 3324.336756 4520.395672 3647.046955 3199.776062 4040.036279 3907.514042 3214.327195 2557.241825 3166.164525 3262.09987 2897.212532 2978.646675 3127.814099 3296.176826 3732.549348 3713.972459 3638.249079 3227.715224 3154.219606 3380.847284 3568.95371 2968.340518 2944.125835 3331.354377 3030.612536 4107.121942 3593.440387 3504.596336 2908.559638 3280.224312 3688.015476 4047.841584 2791.107988 3318.721114 3790.505469 2489.89509 3338.110617 3171.456619 3719.136799 3544.481951 3244.877241 3313.627002 2839.405869 3759.699492 3411.602953 3171.962956 2526.383324 3102.334059 2888.374628 3045.240713 
2657.419331 2423.034363 3102.04195 2838.709005 1973.622006 2676.851992 2940.51595 2957.007811 2918.526704 3369.281344 3067.130969 2663.501818 3554.81478 2663.870241 3944.044085 3191.637572 3067.62186 3229.730564 3203.937306 3300.252112 3933.774886 3293.393717 3444.906567 3621.114459 3523.011007 3480.597151 3215.546894 2873.331182 3223.53016 3007.817517 3636.785523 2909.876889 2666.170033 3344.643163 3608.043786 3448.985096 3127.885956 3447.635113 3158.498184 3768.772852 3782.674298 2935.174664 3194.051056 3218.770911 3697.645057 3562.027815 2903.642586 2574.679845 3140.433818 3220.65909 3169.371692 3063.301527 2801.533632 2677.160532 3129.151493 3301.549512 2915.04727 3262.646619 2967.955854 2665.356966 3830.036169 3093.79081 3357.397972 2921.136874 3974.115137 3695.254816 4128.727513 2768.344831 3600.827772 3503.096077 2953.66348 3475.595727 3152.885673 3542.710195 3243.594068 3813.740505 3018.482245 2996.60916 2939.244523 3407.858879 3849.879935 2764.359738 3277.912233 4333.038357 2523.124526 3445.941303 3368.307146 3753.126197 2997.271729 2881.553629 3181.726715 3145.028797 3569.97917 2575.253098 3471.035886 3400.77873 3257.932307 2455.158991 3211.912226 2997.718435 
2528.502151 2680.942527 2892.051351 2417.581442 2172.413507 3586.235689 3691.832845 2988.587107 2896.367207 3319.924109 3421.76277 2956.50536 2426.744705 2322.022396 3095.793605 3694.864874 3844.085115 2982.742665 3222.385128 3844.321551 2826.037584 3042.183032 3333.831225 3162.400446 2495.770334 2649.10178 3025.405848 3236.200906 3167.489399 2883.643784 3000.779851 3450.419424 3135.75177 3346.664882 3221.474984 3286.051711 3316.715726 3070.496613 3194.949559 3103.343304 3527.020425 2726.072218 2861.021211 2927.550197 2659.806021 3176.967189 3358.921272 3887.184408 3478.555742 3521.463153 2759.660243 3504.182113 3271.358118 3733.276233 3436.766646 3059.916242 3804.475117 2624.667537 2793.413929 3550.528331 3263.612517 3478.443722 3327.562609 2709.951825 3313.314798 3071.240432 3590.197961 3917.43891 3076.237042 3569.647347 3174.890185 3075.044237 3947.663719 2742.799793 3462.487262 3308.154977 3650.897527 3447.264668 4087.505058 3835.094727 3345.260813 2952.563064 3114.051993 3857.35117 3154.561963 2989.196477 3184.005876 3298.562359 3740.921614 2808.513918 2467.459229 3291.486298 3502.43536 2428.43692 2732.06734 3332.11209 3096.555461 2876.412026 2401.844301 3512.771196 
2433.034221 2661.226037 2437.134205 2564.739827 2541.078795 2703.657451 2791.034557 2286.670464 2638.151735 3129.005147 2744.553377 3117.711974 3454.456071 2871.118698 3105.438989 2998.203382 2145.064408 2739.710631 2745.97245 3181.897415 2923.824419 3274.951947 3489.023085 2997.815872 3467.204788 2714.222935 2617.438552 3008.723874 2829.520495 2945.684299 3300.147253 3395.387254 3256.612401 3211.671199 3182.370384 2851.891436 2772.473231 3446.034722 3135.52616 2221.372438 2825.391094 3017.974251 3725.579242 2365.184929 3306.080513 3041.029919 3225.408017 2995.907887 3564.680506 3236.32396 3541.57267 3034.627556 3705.296702 3459.068599 3796.764917 3323.761867 3658.949403 3239.735011 3004.874761 3498.048398 3114.075762 3302.150216 2670.543922 2248.446895 2766.063362 3530.286933 3103.089796 2872.604136 2741.440523 3659.223181 3059.85181 2972.90074 3263.896613 3551.47388 2940.476814 2343.85829 3252.684372 3130.737854 2416.628088 3152.284028 3163.206161 2826.200813 2791.526213 2627.342609 3837.278084 2382.656121 3117.669895 1822.666758 3507.413858 3094.577334 2490.602854 3184.130823 3205.962655 3625.687885 3099.707026 3190.335846 2312.617007 2790.543837 2604.651366 3034.786234 
2642.22494 2164.05764 2327.543781 2410.009572 3121.481351 3105.352478 2470.074837 2644.658905 2657.309315 2748.700281 2682.471132 2548.197506 2469.33807 2609.547509 3973.499714 2250.559626 2543.840643 3777.228225 2744.465826 2641.482224 2901.796989 3496.523206 2701.795293 2686.06021 2777.622936 3157.036463 2070.708145 2862.966363 2159.968738 2684.997977 3725.626749 3151.71879 2375.25097 2787.174451 2158.47642 3266.05025 3281.31853 3047.971629 2686.985947 3681.460466 2607.721943 3187.096302 2792.995477 3491.568572 2896.309475 3332.349601 2846.638114 2850.222045 3323.648699 2769.286414 2882.231142 2793.963677 3540.621694 3519.633021 3676.912671 2879.326203 2995.63641 2808.46603 3216.187072 2568.764527 2766.698922 3650.753461 2997.278412 2827.388162 2978.759807 3520.854647 3287.09547 3757.571931 3193.372289 2606.366354 3158.128068 3623.141768 2826.025705 2772.341502 2710.850014 2954.766621 2657.340325 3192.762085 2959.498563 2628.625607 3098.620588 2584.347365 3374.238396 3284.324579 3243.205709 3957.469744 3122.839659 2738.560816 2590.379562 2757.906754 2718.451811 2222.92727 3386.933403 2510.979417 2149.993525 2426.45161 2735.969336 2696.32696 2709.817029 2920.368678 
2425.024992 2817.62791 2651.336339 2963.539065 2530.252219 2596.775669 2423.1705 2318.398126 2322.376603 3160.030792 2095.624024 2376.801728 2596.25694 2491.497938 3338.266607 2845.324884 3134.198238 2771.217373 2799.990914 3005.185288 2289.239214 3225.912162 2290.299335 2020.922505 2928.781048 2461.117354 3364.899291 2022.644723 2666.202043 2981.70587 3468.090644 3744.434372 2999.687296 2230.745205 2310.480325 3227.181399 2885.07122 2860.217698 2795.513999 3084.318085 2388.240468 3171.012725 2587.681263 2910.029252 3168.120277 3459.806088 3054.410859 3608.590328 2904.865066 3451.031606 3152.918262 3206.808926 2711.839478 2815.603953 2961.576401 2828.725106 2800.731412 2420.42396 2661.675862 2698.485809 2993.080763 3106.121852 3455.477482 3013.781118 3102.840214 2370.566814 2877.878635 2801.23657 3092.71721 3110.485598 2513.662184 2717.004268 2694.424487 3088.786967 3379.985794 3010.55726 2513.231144 3243.822987 2365.167822 2615.728403 2580.524554 2371.034628 2920.469666 2756.734089 2356.834985 2820.104764 3635.091694 2328.697294 3536.015421 2992.041851 2888.104102 2483.83616 2041.581635 2869.759212 2822.580863 2693.133238 3344.679962 2587.918815 2855.82221 3121.541761 
3104.728985 2507.889556 2810.785373 1939.286636 1921.663822 2563.077146 3173.327795 2466.214679 1733.65538 2633.402646 3133.529446 2600.842639 2816.092601 2088.080411 2837.246983 3035.339958 2292.788093 2764.560881 3074.733352 2696.786705 2729.279446 2474.645634 1918.784589 2698.415308 3048.496547 2495.344203 2700.840799 2515.83059 2631.037106 2166.529677 2235.448633 2478.42715 2383.157425 3090.718954 2320.248214 2847.940162 2527.594623 2628.223908 2684.943035 2422.873768 2457.698142 2771.123992 2810.378694 2476.483104 1880.640134 2948.039693 2252.744849 3009.050017 2472.602116 2694.302362 2873.029189 2419.554588 2412.623528 2241.573532 3027.045743 2964.375657 2702.476616 3419.152512 2362.629845 2696.866993 3051.672413 2886.939361 3084.168472 2562.755778 2344.220248 2368.261591 2242.452556 3021.122559 2748.793979 2917.85143 2323.137054 2545.155951 2274.526328 2910.526123 2648.598708 3243.284881 3033.184465 2735.150636 2619.278295 2365.458443 2145.429638 2998.251009 2415.597531 3182.131509 2768.882222 2956.871006 2008.515037 3261.684299 2588.131173 2981.899206 2529.413911 1898.03058 2569.872981 2282.426113 2242.246488 2535.661003 2446.984721 2373.902737 3018.977494 1573.60423 
1634.351088 2584.611098 2471.857715 2398.870306 2163.073497 1804.700532 2233.405879 2597.249337 2128.786889 2245.085482 2420.050901 1400.923425 2610.312366 2408.024249 2388.411871 1887.405075 2140.301823 2074.508572 2352.368299 2553.427066 2346.908183 2192.639075 2501.851921 3026.554127 2434.420206 1590.79681 2904.666648 2245.293846 1998.179693 2198.433002 2266.828592 2261.648059 2930.827091 1767.508394 3284.76227 2218.853253 2996.750002 2693.64205 2099.305425 1991.878472 3005.008298 2137.098097 3356.873358 2217.30632 2779.659472 1812.105881 2193.103882 2761.579521 2478.355381 2758.770613 2520.214468 2802.955614 2851.680377 2528.999435 3067.476 2566.734766 2585.809156 3289.013144 3186.397254 1923.954145 2636.295034 2699.393696 2377.323915 1807.910832 1864.126413 2483.162065 1980.38739 2800.763784 2172.621934 2618.886202 2354.141549 2445.379804 2244.783317 2839.721604 2194.407907 2796.375602 2656.010738 3260.857473 2399.217915 1800.508792 2478.469249 1686.719998 2547.534202 2773.367609 2974.639399 2862.513173 2012.628941 2141.206635 2233.107993 2532.672203 2084.526849 2348.028574 1941.84906 2368.782048 2960.122878 2352.996256 3058.244431 2000.396113 2196.979172 2059.782397 
1749.836286 2339.04622 2114.710684 2192.763875 2140.771869 1898.477076 2108.834306 2304.208866 1870.822802 1533.960037 1742.247867 1976.418626 2141.047943 1219.751989 2720.665784 1761.624292 2098.888677 2298.665058 2290.402816 2026.343953 2226.972787 1848.042736 2584.299537 2208.249637 1989.030477 2043.368678 1921.994413 2600.807076 1790.92972 2900.788783 2222.58854 1690.467308 2742.475799 3013.749527 2389.184757 1629.3232 2477.425201 2684.951039 2546.312753 2114.571005 2441.542632 2165.022866 2224.495767 2090.008286 2438.007769 2528.297146 2379.556243 1831.706519 2395.901884 1501.251337 2163.766188 2433.566879 2203.550679 2316.001577 2403.16515 1933.974616 2401.427425 2575.8907 1764.347857 2081.357413 2144.07659 2103.171436 2310.863894 2021.647471 3161.685369 2198.441973 1963.572429 2386.925357 2163.487054 2393.627904 1810.208541 1653.122097 2222.713135 1695.113299 2267.865372 2669.118264 2445.664713 1932.228888 2310.146594 2304.520437 2958.996143 1892.557301 2490.958783 3098.856425 2276.649002 1647.859728 2256.824065 2146.290224 2340.330296 2326.01533 2174.695481 2002.723628 1672.124762 1896.359447 1870.477591 2280.555859 1637.586679 1994.68807 1522.489722 1523.369661 
1859.135766 2078.73085 1655.059326 2072.684513 1711.101635 2240.917382 1436.308434 1459.296076 1687.355956 2061.123053 1858.527228 1955.355774 1766.892361 1906.906558 2033.000512 2443.377287 1749.36764 2741.935518 1998.114881 1463.821187 2131.444296 2261.461144 1600.824738 1634.029492 1624.664539 1904.22683 1801.467219 1884.889626 1761.877759 2072.474649 3010.69946 2391.652737 1919.800876 1487.275676 2032.781175 2410.695924 1875.643717 2103.864082 1939.239338 1859.578729 2164.666365 1642.118326 2357.336752 2179.434804 2487.953907 1696.286161 2107.247247 2648.223103 2147.420772 2117.238228 2041.946959 1815.928767 1779.590155 2532.303673 2476.378544 2374.639105 2353.458048 2272.925457 1873.612454 2059.16407 1915.178639 1375.031792 2306.138917 2307.669437 2396.904613 2456.286725 2704.318937 2068.37321 2067.758187 2102.769004 2994.853255 1818.266243 1498.908588 1787.892905 2228.9082 2174.113384 2088.319545 2145.813237 2144.241229 2063.07783 2255.435451 2291.511064 2008.809617 1913.648863 1456.748451 2090.489811 2245.067756 1699.73861 1881.495233 2933.957444 1755.345194 1943.945378 1534.563083 1913.530976 1686.804087 2488.03064 2688.388419 1795.615743 1463.577433 2851.97109 
1873.706895 1015.491929 1591.191395 2350.563531 1453.924916 1576.46964 1652.250506 1909.075605 1799.121297 1545.391327 1824.945279 2151.569339 1403.442822 1903.600057 1683.427349 1592.243793 1639.619165 1770.140852 2072.261988 1662.998177 2080.501686 2184.202609 2310.398826 1461.171438 1779.963625 2037.971132 1578.120683 2094.845189 2006.409774 2487.729106 2217.020347 1832.443031 2243.556427 1727.009449 2388.884916 1636.148866 1927.810071 2011.899202 1942.652697 1717.854067 1926.747343 1416.659294 1655.441502 2123.715769 1458.940079 2122.463736 2814.789739 2179.441842 1161.872467 2063.945732 2124.934659 1864.196041 1838.535717 1621.28742 1994.366572 1610.282024 1505.488749 1715.650635 1068.3617 2355.121919 2214.930455 1609.045528 1664.765821 1918.592247 1217.624272 2538.827347 1446.081033 2289.645121 1569.716196 1716.080467 1413.932032 2240.395624 1741.653406 2256.51915 1413.055813 2268.368627 2450.557611 1634.08262 2565.29913 1533.001365 1304.33673 2034.910711 1526.286949 1855.899461 2119.741537 1847.800447 1737.919324 2201.691074 1692.248399 1680.903324 2110.396042 1771.635481 1613.913134 1750.783955 2155.884911 1762.297508 1838.994275 2033.808274 1617.658343 1177.94581 
# Errors [sample_flux_hitting_sample/sample_flux_hitting_sample.dat] I_err:
297.9090931 324.1562939 275.6592374 314.0608749 305.7171254 268.6952923 352.4207265 327.5824951 275.422548 294.5610483 323.9160647 319.9365642 282.4498867 267.8860804 281.4442012 322.3203071 332.0175207 325.3272783 246.5125039 325.8850217 320.5142601 323.8255058 314.9132201 379.1590691 315.9979761 271.3079616 288.8594999 358.9900443 288.7367552 322.1359687 347.7505623 304.9700059 343.841523 319.9712522 295.8604528 330.1477926 307.6266629 265.3708944 354.3741649 308.3223163 266.5538135 344.9908119 335.0037487 357.0616033 353.477505 288.5678291 312.1711969 327.3048713 351.1558308 304.4748296 312.114375 295.3410972 313.7425276 316.0224177 346.8779695 371.257753 321.6637212 323.746398 332.6285981 339.8165671 335.565325 297.0499563 305.9019524 333.5192992 319.7825202 312.9771877 308.2991234 320.9543022 354.2319714 331.7611868 316.732218 346.9229406 313.2042494 378.9415999 371.0211937 284.9849641 348.4698863 310.4638874 303.4811853 367.6862906 329.3018427 299.0392804 337.6264257 265.1931743 351.7625038 324.4163816 350.6382219 298.9509828 283.9347418 348.187211 284.830862 310.4569173 298.0377665 318.1470295 331.0443924 343.7514934 268.2296465 347.9825254 308.6208044 312.0781384 
298.4540584 346.052507 263.3196842 279.6070427 355.2887654 326.6962517 277.4076562 303.6522892 321.722457 310.2412619 338.5529284 320.9368197 304.3593864 340.2213839 316.7731014 335.4132973 358.4024644 357.274293 364.7014351 298.682776 334.043426 327.5507395 337.350663 261.0324388 326.1150356 378.8016558 343.8280616 371.2375038 294.0771295 360.4019466 373.4889817 282.1811023 369.8929129 379.0534502 408.4234417 294.5187252 317.3782326 386.0572008 344.4151659 364.4937658 359.5228108 367.181291 344.2008217 312.5804288 348.689156 317.9161413 387.704329 277.6390359 393.0691856 402.1148834 370.7701312 324.87374 297.2473819 369.9454797 379.8015292 359.0246805 291.4598507 348.8313241 337.6610749 317.9637989 344.6025385 420.9593436 367.394427 328.0721685 342.3276873 357.7125889 350.4401425 294.5686812 315.3285474 288.7459694 343.7686395 370.4923798 329.5354224 378.018915 381.4421415 265.9112333 321.0179728 322.6088844 404.2364462 350.9788616 301.5997457 375.1662172 310.4604697 362.9172046 339.3590505 344.8986146 333.004935 329.4482709 339.971371 364.0327414 397.8659192 383.1381637 354.2841801 286.50834 366.2619948 333.6017289 317.2719342 331.9633071 288.9387811 309.8383022 
318.8230706 362.4990251 315.2803631 309.4663335 317.087743 313.9922324 323.9447166 391.689481 368.9457063 290.8265615 375.5088612 322.809259 297.8632147 388.4802519 344.0174603 392.2277236 372.4948619 342.5092194 327.7247318 348.9366399 394.4586595 337.9099229 371.5736512 363.4375749 281.7131948 320.4429768 427.2888203 338.294307 328.9566733 376.9871233 378.0392628 320.6415818 393.8291513 395.146664 397.6866244 309.3405697 381.7325677 406.5463183 332.7167708 370.9752517 367.943028 402.7042747 295.529852 384.1540827 389.4272457 338.1745625 358.1139226 347.1719226 403.6448339 368.2776341 345.083449 323.0564528 371.1289606 348.8073924 389.3550959 334.6132902 417.861209 354.2487562 388.1401998 389.8173486 414.6833859 356.1722861 346.8262171 332.0385138 367.8739296 337.18811 386.2182367 445.0241555 347.7336934 325.1600061 323.9478756 390.1763542 404.367856 359.6249924 324.1370854 301.2038545 371.2187853 354.6404177 308.6749901 292.671865 289.7208279 348.405854 350.5055671 371.3952207 374.8615943 350.8908999 343.8096491 383.5725217 335.5753369 347.8438533 346.4897305 354.3812429 356.5731156 287.3511346 391.8445256 343.2373406 307.9507039 314.2283276 284.3338973 372.5314805 
390.7405375 361.3618545 314.5965821 339.7950598 390.1204466 346.4900526 397.4102395 395.6982759 342.8039892 350.3659333 413.9890271 349.1154184 341.225923 380.7718271 368.7341288 380.7145119 368.5706096 327.4101515 380.8327743 365.2638638 398.1372186 388.9398827 401.5052374 348.4780569 388.9436761 358.8999974 325.7811735 374.6473231 326.6143007 347.3323172 432.1456605 335.5681894 339.2829857 391.0149953 405.0694119 357.8598002 370.1853991 353.2502251 356.7218976 366.547608 367.0760406 357.912166 371.9858157 402.9527896 378.5078937 295.4350598 428.5640534 447.1409901 368.0685759 403.0866936 338.3333662 388.8191154 323.447168 412.5353481 367.590114 438.3999594 337.8864455 396.809386 374.9101809 366.7785553 351.5154775 363.9878539 367.1749444 358.9687131 372.656272 338.5455203 400.9092997 364.379247 378.5209991 315.2724895 373.7641781 376.6657289 388.8012416 337.5115624 401.7994529 361.2796474 384.1135191 401.7594396 350.9057978 384.3656927 312.9861165 320.8172608 363.6035029 358.006859 319.334283 321.3686321 378.1089286 318.96087 339.1085741 408.8110596 387.5806305 368.0252862 372.7676504 338.2075104 362.0357849 362.375924 351.0117252 360.4101962 363.5920737 368.534062 
382.0580716 357.1034782 410.9384256 327.7893241 402.7148934 356.7063302 346.1109062 306.7199831 389.0847697 365.5696204 329.1791162 403.8097608 390.0403593 381.4662552 424.0601203 329.7455226 421.3836395 375.3128975 395.7461859 368.1940922 356.2479875 338.6177168 394.2794334 381.3148173 315.8529298 348.5729608 361.4778482 395.2236162 376.8893836 409.4089791 400.9659251 363.0442178 341.7452937 348.4485694 379.1444694 361.2724393 414.9923877 417.8926239 390.4902484 425.0229945 390.4660612 383.3304773 372.1425711 363.5168562 396.2286967 387.0216553 352.8019997 403.0514215 375.5079132 374.7786279 446.0813512 382.9026241 386.0652038 434.2120746 376.6485078 395.4015866 368.3749667 369.2130908 357.3329712 385.5615527 348.6785236 371.9131058 406.3220467 287.0294933 370.6460679 402.8638765 425.575824 384.2868416 396.8972162 439.8160085 394.6183507 342.445117 390.7908208 354.4830397 441.968395 405.221012 353.077128 409.6353412 397.6694078 417.8161504 381.4240757 401.9704788 375.1614057 395.0485104 428.1796365 376.4967437 404.9952247 330.8505463 372.0643461 390.7130539 396.1914529 437.0579678 434.9743141 382.2233534 388.763154 398.1106608 386.0729839 390.005661 328.4352041 398.01697 
363.8380625 404.2213611 413.9412247 421.0429612 361.1492045 372.8973691 382.6414315 422.5111637 382.1344867 408.2264514 384.9128212 402.9520035 308.2337971 391.4145448 377.6188025 425.3932774 401.8129275 385.9780291 412.3288503 409.5478855 406.446806 409.0271392 373.7058872 397.3841882 323.4114422 423.3051285 406.6219791 365.7302353 455.833861 405.165979 419.9272291 387.1279661 372.5691509 379.2183271 397.678168 374.5315499 393.9106485 370.2924017 387.1312973 364.7177062 395.4804337 387.2037045 430.3565913 337.3487471 323.1863978 397.0156916 394.0987623 400.0707743 371.1451959 392.7571721 411.8323643 353.5461838 405.2763716 374.9444986 394.0834554 414.3496668 391.81709 408.8819755 425.9172737 424.3250176 429.6168105 439.631127 362.8325168 397.8125138 338.0903109 385.0479659 400.1935754 388.8981104 384.6450957 352.3193014 397.6218002 352.3604374 421.8155193 357.7264205 409.7105825 397.428128 401.5285027 386.9846978 438.129452 381.838954 404.1291399 429.3416794 418.2427995 413.9520624 360.165981 388.1437455 418.0002372 391.5257955 434.7329323 363.8669542 318.1289768 388.7239501 383.7949575 394.5598158 426.1742608 334.9952468 368.2704932 370.2841005 365.6788212 380.1234878 
420.8442863 386.7979118 412.7594176 372.0328944 392.4266425 342.3580799 332.7576766 429.6923582 330.006327 360.2343441 380.0386222 415.5202234 445.7625925 375.4439482 410.3220886 359.3462937 418.1096631 385.0268702 330.005964 398.190127 362.9864452 376.424294 397.2011589 360.4604947 350.2594073 411.9278503 402.4014337 425.7601308 384.6154713 421.1869809 399.7791537 425.5999806 421.1278641 404.4468235 449.4528566 419.2150426 391.6867151 405.9758648 369.6249985 402.3093439 409.2737482 400.7356965 376.7728863 432.6070046 437.0382757 379.4080201 314.9832903 428.0527792 417.3549971 400.8414159 430.7128653 402.2724181 425.7998794 375.2214467 433.1968671 396.808778 437.0564625 386.3050758 442.4594764 434.9171049 425.3489462 378.2820988 408.6007123 404.7075263 410.6949044 375.0439502 403.9625449 402.6580982 403.7881416 405.3466245 388.1994338 407.1713576 475.0902616 415.936755 312.922492 352.5343123 361.349528 421.3955217 411.7203319 376.7040803 401.5972447 373.4103665 369.4944876 378.3958267 402.2771105 356.2668144 355.9686146 395.0662261 360.3165633 433.8025825 373.5002597 352.4081163 424.9364499 395.248257 401.5172096 428.2044828 417.4626709 441.1808216 390.5694057 402.187726 
382.5753356 345.392423 388.7738478 349.4905427 385.9223154 434.9917635 412.3500924 427.8030594 405.0952028 433.1440779 424.8622249 353.1557586 406.9195002 410.89017 355.9776167 386.5227554 396.708845 417.598967 397.4480717 410.5888836 396.0456859 365.3899425 413.7978527 402.5395884 385.5718606 375.1163642 369.3075097 409.0772169 430.0084272 349.6612282 374.4598834 407.1890682 455.4481649 414.1627335 395.4429457 431.4827489 391.1821044 410.3060139 465.2817529 387.3037575 390.2956441 384.2082357 385.4393222 418.1242075 406.08013 421.5925391 358.956433 399.9683185 401.8018311 452.2926482 367.6607311 445.7005729 465.2651841 410.987757 468.0212526 427.2658901 431.1409594 421.797695 385.1699366 400.1414392 400.104994 377.932423 438.5641308 446.3987447 397.207024 403.1194765 419.3502412 448.3547092 402.4871102 462.1651518 426.5783525 388.4419768 387.0949169 401.3779607 392.4499447 387.451973 476.201257 386.658345 475.9725976 373.1889747 395.3453678 425.1113284 390.5703195 340.7089929 424.8681558 373.5713078 431.4340089 429.9066175 377.7913016 377.7553767 391.2337375 399.47432 435.066412 364.8905805 433.715978 364.7744102 453.9885057 459.990249 425.0556242 389.1450139 
417.0442372 403.7132517 385.6422878 445.61088 430.82025 378.4051643 383.7642947 400.7227392 436.0705839 397.0345168 377.3942411 352.6157195 387.7091729 410.5395291 383.7145553 408.5181634 429.5485735 448.7206594 329.7858218 409.9977888 385.8180715 373.1731882 396.0305626 369.669524 440.3236159 417.437307 444.3057204 372.158205 449.726483 395.2960255 386.61538 419.3240078 448.1269506 426.2007499 408.1061725 417.3516609 401.49905 413.0582745 370.5886643 440.8985935 451.5626799 415.9782511 461.7681761 455.7621141 420.9552863 402.9781599 408.4679687 384.5566583 420.2614019 415.998773 386.106228 438.5330609 402.0598491 401.2961857 414.2439563 388.3484288 365.9296546 442.0689921 383.9278288 423.3011189 467.2844736 448.8231259 446.7667211 411.2271032 396.1479995 424.8864297 441.2611227 408.223429 390.9953399 462.6533866 432.4722362 429.1077732 433.1995722 394.6397813 422.451335 416.666427 447.1262625 365.0771055 365.4725737 449.444057 408.3228638 427.5225077 381.0793724 366.1263393 394.8941823 408.0116193 448.7707277 449.2097015 431.6789737 431.8826466 365.9603613 396.4455112 391.425705 399.1477329 408.7357487 440.6264851 424.5042363 379.7284966 433.0519941 376.3252768 
433.0863861 338.3155788 359.3272956 450.8465174 406.2852048 428.9929235 431.1016647 430.5511719 347.9437938 401.1547366 447.4846321 417.6303379 393.88099 400.1554566 416.7902005 453.4256687 435.0135694 397.6573169 377.8974553 461.1842382 306.8247721 371.8217236 387.8161571 426.4266495 476.6961804 421.7878314 411.9032849 407.1390484 374.5494772 411.4905476 389.8952226 414.1113723 398.8279084 405.7111541 378.2121959 454.5234021 432.7430417 442.3125005 408.3951881 458.9259028 421.8328859 410.9675027 427.6508774 448.4024595 426.2884495 438.8481635 433.5142941 429.1278682 458.3157834 449.0821264 415.6421924 417.6886531 403.5490339 427.3709767 447.1574172 390.9724434 358.6030709 372.2500568 421.8153221 499.5501756 392.4920012 446.0465681 433.6860283 447.8249004 445.1644324 403.6252179 438.1469216 391.2856881 366.311201 431.0480121 407.4796175 367.5186129 366.2144541 365.6079937 432.7308666 416.6502823 437.1534439 413.5017364 421.8915908 454.3779408 451.3582188 444.2564654 423.6896057 459.2177188 454.2868026 324.9136343 423.3551665 389.741931 379.5658994 443.9181855 418.621858 422.2347659 372.7399038 409.1785524 399.5561619 409.2474312 408.9178138 360.8231189 438.1813247 431.3906062 
385.4584288 427.028804 410.1288907 403.7198259 322.6799327 413.6952115 420.530322 430.850402 439.5559623 422.9188931 485.3691909 425.4274642 491.4993681 382.7619984 386.5072781 406.0753117 428.5174078 394.2145667 368.3771916 419.0626355 428.7154697 447.2251189 415.0265379 363.9202035 381.184303 442.3542812 404.7347528 461.4831443 404.6334206 392.2944615 412.3729455 456.1653578 431.2893573 431.2800972 388.8090016 408.8710493 424.4243404 426.204086 448.7628179 393.9638189 428.7321088 371.656634 437.5675663 434.6786716 427.9917715 419.2955762 404.4940414 363.2394971 458.0051615 403.6419713 466.3552492 440.3190104 365.1882998 455.9985246 473.1719251 383.3224442 406.2271821 407.6897804 376.6872128 402.4992749 435.9667771 400.0424083 421.8954514 429.8156109 452.4542754 442.6691281 429.1986535 415.2770424 402.3241188 405.8795517 438.4484466 428.9665821 435.2637705 457.1169139 425.8815848 451.3757824 455.5307228 413.554334 436.7093442 370.3278618 391.1408345 437.4250291 405.9863216 411.9451571 446.1259317 414.9677368 364.0404478 442.1908785 468.4685664 393.9437006 456.3526932 451.7905985 409.7633605 423.6607405 450.8902076 420.9898156 423.8326136 408.2677663 439.8622042 430.7034274 
330.6145026 383.3749244 424.5335463 466.1702029 394.0088919 425.9027954 423.7312332 387.6925786 407.2163568 370.6717314 401.3653194 422.0915345 396.7070852 389.5533865 399.8069164 391.900203 358.163375 419.8802725 435.8079226 387.6600658 379.2256503 375.0296822 425.7404885 383.80262 446.8331384 450.8169394 401.4675516 405.6550243 412.7796719 403.6663008 422.4616655 434.6746662 423.704481 390.3705525 466.447397 435.6881608 431.1283373 410.0558151 474.4305416 465.0188872 369.6134277 423.5628019 410.0502977 471.5601078 452.344303 405.859833 405.4765981 366.6112448 495.4263891 431.6896752 413.4784869 428.7799112 419.2226535 401.91077 506.5528105 453.2339234 457.1012725 433.37508 427.3068324 406.9616435 479.4596748 403.5974241 442.9324058 471.4034223 452.107084 427.2730651 450.9134903 399.7216333 418.8771457 467.7732854 406.9422098 407.9436127 463.4547439 406.3725496 397.7644376 469.989107 461.9604588 432.5087628 435.5048994 378.2109825 482.3013695 414.721476 405.6413281 393.8426437 420.0584279 429.2030096 343.6965978 386.3630909 406.582201 390.9894907 416.0981701 411.2139236 414.5035493 401.5748471 419.6222517 422.3640426 407.0816017 429.2840228 446.6278709 429.3703398 
370.8274702 389.333053 339.5874461 450.4046414 421.1196819 419.7723375 343.9128483 437.4388287 358.3333204 402.6517027 410.7358929 415.8686295 406.7733025 388.2455046 422.9341355 425.0586263 373.314502 430.5698604 359.318781 422.6986943 447.8383997 396.5316627 404.3941139 402.7625946 447.8408585 429.236041 438.2360086 425.2989772 443.7943898 402.5640505 398.5470584 455.8290803 433.9431076 438.7470034 424.8695781 451.8632314 397.0327719 457.3676667 408.2232862 404.4715415 432.7303641 421.3171398 442.514851 442.3700994 454.4672767 463.0304527 411.2642315 363.2627083 433.6870286 472.4292229 427.4202619 378.5621556 425.5692645 389.9040734 415.3030116 415.7353519 480.0692087 431.6340442 437.3186792 427.32718 421.786532 467.4976022 467.8825092 411.8875567 433.9855478 456.74955 394.6490407 405.6333606 429.6487967 396.3624867 439.3942954 397.1346933 466.3403947 380.600129 413.2261307 375.6780714 424.8873106 462.2432081 427.5159189 409.5814245 399.4065344 395.2524817 395.7644589 402.3803068 421.5667461 382.4049021 427.3113796 422.4578349 405.7231069 440.5964436 421.3180934 384.5806455 377.8747668 430.6455163 361.4703357 386.6577951 426.8750777 455.2433338 418.5487812 413.0308302 
400.0049809 414.7352702 359.3422174 404.1101364 428.6909144 412.690366 443.5740732 399.5001999 408.6040725 449.7907246 379.8158204 415.6248482 427.667656 384.9781851 390.678151 401.5394861 409.0062266 449.0711681 452.3171613 398.1323558 400.5859635 410.5747854 390.062302 445.1614031 455.3928453 488.6249646 434.8778112 378.2569558 418.2983216 428.1785888 406.6442891 453.298255 397.598909 396.4959336 461.6351745 431.7286489 402.7113948 350.5097437 450.1012992 459.1728948 446.8115159 406.8838565 423.9543931 386.2977468 374.6844988 461.8103243 402.6068735 418.0984314 437.3783375 429.8597375 537.0673681 432.6863578 419.0063767 407.5049053 427.9381535 455.1953681 433.8402393 426.7619446 439.2956899 426.7414773 456.5931513 416.3876867 468.7862244 431.8350299 450.3124265 446.8154414 400.0417629 415.3393556 429.601211 471.1659363 418.9159165 428.4340714 411.6089236 420.8098846 449.0218132 434.2115603 488.4121407 403.8536067 431.9052113 449.1944831 477.4539397 411.4239596 406.4562625 463.2415849 459.6030267 384.7464717 450.4403788 448.6418401 435.7070848 393.1468128 431.8722749 396.0076786 409.111558 402.4066667 407.6705397 380.9591032 401.3153372 385.9771145 453.5672629 422.3723956 
408.4129924 427.5697393 390.0284246 380.8961109 353.1427917 404.8967187 409.8822587 367.9326472 435.5977838 433.2022025 447.2668727 375.4897736 395.3896183 391.6430653 459.3990126 427.0444727 380.3151651 402.3052363 405.7092269 382.4276659 424.2591085 388.5047856 422.1805959 426.2221073 415.2076213 435.9660814 462.3101547 430.8764788 446.6742693 409.1299655 433.2834548 448.8918144 407.6733868 371.1476588 447.804276 406.0250902 421.6553558 453.2805101 401.379573 496.3668491 523.825604 420.9984621 424.7360382 424.5636129 452.8842533 440.3782486 479.6947608 422.8704241 476.1840579 452.8282933 436.3831171 442.5399118 445.1897414 387.9942301 368.6628856 453.7027482 419.2321289 421.8728441 458.7165749 447.8463867 463.8772843 440.696538 464.5721965 426.2055821 412.6526213 486.5214564 406.4687953 374.9035739 423.6516461 394.9018453 465.1085932 414.5895964 451.4738685 410.1898737 419.6011698 413.7958023 463.1398368 406.3266195 451.4072267 407.3174716 431.6413562 434.1999517 438.11787 415.6934751 432.2165648 418.8930371 420.6090863 414.8030359 427.6478225 406.615852 398.6516632 496.4223975 470.1391967 406.1072677 414.7357254 372.328904 399.9685125 453.1461105 426.5799115 445.4247262 
374.8409317 403.0742991 429.083418 411.6549248 430.9745352 444.6241083 359.4957363 427.3868739 405.7799569 428.3107233 423.8812283 462.6398475 389.9649244 378.0683233 475.8875385 388.6431022 454.0489157 416.5954117 424.023939 426.1571821 374.4199272 395.9703692 419.7173625 440.6401432 400.553563 379.7160172 410.457566 467.7126571 419.2048464 453.2824596 439.5991887 399.7526879 415.5068712 448.7787023 420.4305336 414.1253295 439.7163439 443.446929 388.0640535 478.8542454 486.9036217 452.0146641 471.1795472 483.4548356 408.9463914 444.5728304 415.7548986 424.4831108 406.5088335 443.3519445 386.7982889 397.8601745 501.7327283 458.8835124 471.4913638 409.58652 444.3020205 441.7295246 458.3540242 421.3169868 442.9998963 474.9127556 378.1019543 462.543353 408.2354938 397.7857246 425.9190512 458.1485562 472.912342 408.5573218 394.1050044 447.7148676 439.021157 407.9885905 440.8674405 432.1452334 441.3726208 455.3514901 363.1012714 414.6185277 396.4348313 444.8715986 431.3674192 446.7936775 404.5445903 418.7330799 398.4075251 397.9289427 455.4219867 411.6249076 440.3010996 453.0579511 396.0585414 430.0993627 384.4760302 452.6443825 393.9176359 417.9384298 448.4093724 365.0137487 
402.0063748 459.7338303 389.0286295 373.1220072 410.8463864 400.3438269 445.6559747 373.8929543 377.1765547 491.9444188 418.5269633 418.3860604 414.4223885 424.3759141 393.5102752 417.1053804 393.6500292 435.4916901 432.0363433 397.0500026 463.3053718 424.5201653 413.594676 455.668723 441.736182 448.6977934 480.3260856 433.0637082 429.8031114 407.0149648 440.3531814 386.8111634 375.5615037 419.3458124 386.4011772 397.3955495 441.8695451 395.0336575 433.9606758 418.5474577 458.1216029 462.6014475 458.9078126 451.7966451 426.3997958 401.8026992 400.017397 434.6631025 439.3756924 405.5411684 479.0798249 423.433754 384.1893913 413.4220967 434.0762487 411.8146431 434.2657376 446.9918842 455.1719013 397.0353879 411.1988931 436.4857904 412.7307104 400.8212492 466.9189411 452.1806719 437.9194703 478.7593076 444.2317115 437.4561076 428.7656967 425.8573017 453.2816552 414.0659122 426.1090752 390.8501721 477.3915305 413.3848454 414.3961623 369.0427859 429.8086332 442.8436384 437.7834235 374.5279033 447.2729695 386.2711647 486.3501097 464.6800861 380.8066142 493.128527 433.1860802 377.9148308 408.1076273 420.2995252 408.4405993 390.0145612 408.4115547 458.9235086 414.3794035 416.3510291 
405.953989 411.279343 430.7732156 424.3854243 409.513652 400.7567356 441.7340225 402.22016 393.8045018 443.0584307 419.6451163 390.3316512 377.336766 447.6396431 455.2662122 440.1265102 394.5122624 390.5200173 443.9337871 414.6671045 462.5686587 433.222204 408.2047433 406.155742 476.6075767 431.603887 459.6635119 406.7440396 366.8446761 421.6253835 412.8870095 391.5919739 423.0435131 444.2784457 436.0425397 422.9734324 445.7992297 422.6561397 454.720996 437.6250255 376.7191216 454.4061369 453.4308708 460.1691402 384.4653566 457.5462753 459.1170963 408.6435776 446.806182 469.2651617 425.7988879 434.0585333 453.3747726 422.6976701 461.7176159 456.8425972 391.435478 466.3957515 418.5303374 379.9970807 441.807436 440.9906861 407.6035977 486.5783591 386.5194145 398.6827993 429.9707332 403.0288942 425.5830395 482.5269498 445.9705577 450.1223089 456.5567141 343.0935719 418.3037809 414.3857293 416.9522167 477.5845233 414.4977246 418.7551306 460.0790591 382.3664143 462.3460849 418.2656999 411.0972197 373.049231 406.4301754 435.5314428 394.3161642 425.8590666 410.7472204 460.6566209 423.5532701 398.1516581 444.6155694 387.5027976 421.9925048 418.1252161 400.9170022 469.2292271 
368.3858737 401.8850026 410.5755643 430.5115411 422.8120795 445.9712668 428.9059869 416.7555066 415.4120536 421.0841503 427.2265948 418.0362155 374.3124471 379.9264616 461.9755139 445.4979071 404.7700398 476.8561912 454.0024379 438.0571711 400.4376385 409.2820289 393.2870311 393.5201909 405.9492684 457.6914692 423.2668612 480.6290704 386.8274786 424.1242327 448.4390019 462.9440835 446.9772823 409.3617602 412.4146369 498.1281335 405.6001332 440.0780349 434.4095122 423.5141503 415.7243676 479.3713412 471.2053222 428.0129405 394.4323872 449.0936444 397.3285177 463.2909638 462.7017379 466.5807015 454.8904376 411.779868 439.0866294 425.4441755 420.5771239 421.4909361 431.675768 430.9135273 424.7993705 405.8568288 432.6082045 442.3664514 434.3696998 441.8732478 457.7855889 450.9897803 411.7825573 426.6388916 425.2723772 458.2063035 415.253713 449.8112462 417.759283 463.3231254 467.1133204 464.2370896 394.26793 419.1381456 430.5945823 457.7855513 444.0068161 413.9239694 452.0545693 409.0635202 467.7220079 396.8045166 419.9700877 401.1245469 397.1896123 478.884626 425.4506466 426.510038 396.5503832 476.7857323 468.5075427 434.4936085 470.0396556 407.2538081 400.1907146 426.44062 
408.8715968 466.0649531 436.0819312 351.752866 443.2040204 388.6172432 417.4329409 431.6457866 433.26219 428.9819508 458.286746 438.6401893 423.0997244 409.1264407 480.6304509 428.7375025 425.0806221 441.5483189 425.5242655 384.1697951 424.4593516 457.5031012 437.3744726 404.8163159 359.4939406 404.667368 423.4006205 452.5448651 459.6096756 417.614756 442.9831257 443.9346091 388.1046145 435.8164655 413.4764934 432.6407253 435.8464673 452.2743645 401.0103409 479.2418447 415.2672747 435.5717328 424.0848201 412.4647758 350.8430504 466.1596751 465.066025 500.5171366 451.9391594 417.0125312 390.6524038 376.3351702 424.6448154 419.6087553 431.2298866 437.7732342 427.5727802 458.2802577 430.9743065 427.3151657 401.1538109 438.4421751 423.1314693 471.5330436 420.9277936 466.1482725 453.6900867 412.0596083 357.0602274 428.3002957 439.1865484 374.3382716 427.3853616 448.1204013 408.7476295 454.813571 416.5947394 444.06755 474.5156228 402.739053 420.0388714 453.8436242 386.9133077 402.4179824 441.6903098 426.9815583 428.8106381 369.3017115 454.9034837 412.8021455 447.2350211 418.3762195 415.7011307 439.1587497 404.1544826 415.2854029 414.9017674 391.9589284 432.8968807 399.439069 
427.5073824 397.8392886 409.1531949 398.8452339 453.5718876 408.4076516 414.3529729 428.0763366 408.0684091 456.9494567 402.6553778 462.9569515 430.6869318 428.3697766 451.8486587 457.3550101 454.3132174 419.3767951 438.5962098 406.4968137 374.4561396 467.3149265 427.0197444 387.9026527 434.3405207 429.9405662 425.9199604 454.7400742 459.9583012 464.0329582 470.3261342 475.3338949 427.1343643 448.7684258 426.3478969 425.5800655 439.3512899 423.1110062 416.4265958 423.5402422 463.8179355 425.6310827 393.9659515 403.1527974 395.5896374 458.8284804 418.0127362 477.7681126 415.9653826 466.779973 456.4086357 478.1990938 397.0022476 451.0533267 427.3439428 406.8036582 414.9052961 392.0767567 465.6143574 454.8143618 438.7100802 460.0914438 467.9305303 475.8251222 419.7658434 419.9443577 463.1570125 407.182768 414.9693001 444.5873271 487.7083948 427.2948733 407.721836 463.7260775 406.7080797 484.8914266 426.471709 467.5038832 434.2845722 420.9553946 408.3913475 448.170441 435.4826126 390.9683381 404.5184731 479.2786369 390.3702579 444.3566225 405.2909556 440.1936274 489.6975028 388.7889801 433.3346059 415.2789672 423.8758536 455.3222148 379.7775699 497.4889495 412.075332 404.985328 
366.9607234 443.7248179 374.3472131 399.7032355 409.8150355 373.6810332 403.6242815 436.6716747 393.8776314 373.3552561 425.9225586 411.115395 405.796078 397.0017795 455.0647429 393.5987871 427.8051543 388.3240302 451.5596731 456.9732573 480.36273 426.5733811 428.7934174 465.0779869 405.15243 426.7881837 388.0283368 406.2013255 421.8183108 464.3861328 451.7243114 420.8864998 455.5438073 461.1897258 440.2322829 459.8249325 413.9179509 456.5448141 435.428833 413.3233084 423.5879638 450.9496871 448.8843769 454.8291337 453.617067 411.6302696 425.5580931 425.8141523 429.2914729 424.6949164 418.9054914 430.3488956 418.4936069 465.1126409 464.2165612 379.9345512 453.6983312 433.5561126 475.7668417 456.2906216 453.5491793 453.2174544 474.330602 463.0323439 454.4600735 503.8801219 500.1332485 478.2429744 424.9319799 404.1680434 474.7005759 426.9358252 457.0226043 387.6345347 378.3402799 486.6641619 477.2256058 416.5723504 430.1416777 414.2813177 417.6033203 443.2043962 425.2498866 392.3046466 430.3669733 382.1573589 492.1783053 411.1247096 388.7970312 414.9401869 438.0543692 459.7223159 424.4311782 411.8464843 381.8369888 414.0300649 385.1590034 437.172788 423.8774805 406.3189963 
417.5073358 383.3881292 400.123136 404.9033749 355.2476353 430.3120724 401.7343653 375.0201179 382.9246406 430.1786326 407.0560696 391.2427719 459.4993038 481.2355507 386.4705156 383.5762102 432.4195034 422.0286012 489.0018048 448.119544 423.6577238 411.1318365 419.576027 401.2605174 446.1614439 459.3735092 453.2719662 449.8092284 379.13731 403.9275883 460.2474619 392.5726029 417.3878696 416.9448412 455.3286115 389.1349963 463.5709437 402.1754921 408.1954468 459.3450192 433.1727181 440.4861653 480.0917325 424.7471653 441.7332171 428.0429338 404.9503155 487.7840303 406.6309455 404.9709133 428.3257202 416.330641 456.184877 458.5594181 477.9286466 466.2930203 436.0973422 413.7731485 372.6979351 435.107528 385.2121901 458.5668423 446.0177451 429.332487 406.212676 394.249733 457.4308118 450.6011513 450.0009507 455.487383 411.9461856 432.2167925 465.6388152 440.1805513 431.7826522 426.8322152 446.0548832 448.7898668 467.4471436 374.3239341 484.8147453 423.978696 438.335475 459.3315512 430.925403 469.2001353 487.7506083 419.8020002 426.8031566 425.4770951 409.9729546 437.3164287 467.8598164 452.4400699 415.255342 406.4226088 425.4831687 443.4113085 394.8008129 465.4824213 
414.1085009 374.9447177 431.9211598 425.0891788 435.6329297 403.550821 412.5888483 415.6218279 408.3907021 463.4337883 451.6743016 404.0586344 396.5482618 402.3494428 400.797647 419.4491077 459.2843954 444.2123 379.7659315 415.0212647 417.577619 440.7103593 435.9666242 398.6110684 407.6101359 462.636192 450.7167408 416.5305472 419.5516161 407.6241944 433.1673757 392.4869879 454.6565544 389.445677 370.7303597 361.8462933 412.253258 369.5743569 453.1990592 452.0836504 404.5362181 423.7759527 455.3608587 440.0609379 400.6910857 475.1998033 458.5653159 493.7847395 443.6977204 441.5971181 428.0935532 495.6406822 417.1070946 434.1308316 456.4959458 410.3890875 443.8162251 424.2641372 458.7141297 441.7419286 413.8715997 453.3048411 449.320658 461.709787 441.3848016 421.8825843 434.5769654 410.2901942 430.5617546 452.0661643 463.7665918 474.4365394 392.1734973 448.5488959 414.5423194 457.8341646 487.2018287 413.2691156 401.6510158 425.5924941 420.9135474 407.2976141 376.586123 446.4584062 464.6995039 422.3369794 410.1503861 377.3633198 363.036641 422.6239199 466.5021945 480.8194498 434.6348808 439.7211993 443.0259689 426.9386403 401.0067155 468.232261 427.9427186 460.8317263 
411.6671819 410.9812826 373.2035205 415.69106 421.3297923 399.6494496 450.2371971 424.3863476 401.5589416 407.5062813 429.3677668 365.9739414 426.3611134 427.0072989 441.5190993 444.7155081 388.5414179 427.8786258 424.2486681 452.4490102 413.5231411 451.1992822 447.3267999 442.014876 399.7103195 416.0910735 453.5701332 413.2789782 415.745467 491.268842 436.0574037 450.1215389 427.6632876 414.4660689 455.323517 424.6679737 469.0746359 425.7253503 456.5332019 483.2832041 456.5574176 439.7069796 466.353469 450.5492909 428.7483397 416.608614 381.9704079 450.2032394 494.1859916 445.0998884 434.1313428 443.7746921 470.7669394 457.5596942 435.716081 414.572071 441.5881907 469.5072556 431.1172233 425.5258832 447.1260282 429.4498273 409.6514086 447.2410704 451.9647239 418.2877056 387.5673688 447.7573082 460.7800376 416.8822156 417.1096314 382.7776533 384.9194363 417.9185151 461.1920458 443.9006917 433.8471425 438.9464154 398.9481544 502.0212468 470.4407695 454.2377228 454.3924132 419.0525727 443.848945 431.5571805 416.3685518 415.1625037 415.4995543 412.5917278 448.8768091 415.387604 422.3136994 403.5233879 430.9061593 420.865138 502.8221691 432.3257846 414.7940558 445.0733854 
388.9777654 404.1175653 402.0606959 428.395847 404.0553464 395.5464798 421.2578069 389.194433 445.4396934 472.1510771 475.0185666 472.9932386 443.0699601 455.8956596 458.3096843 406.8593154 388.0016177 463.8932599 380.8355927 407.8517632 468.7741421 385.7941588 439.7571506 437.1018482 421.9494558 413.9866313 450.9904839 418.3533882 421.2673814 400.5240749 386.1172713 437.2519937 450.3428662 453.6211638 436.0325958 396.9416252 450.5504365 428.1527128 418.4133553 472.4970119 465.8403569 456.6436137 454.2241992 343.6960277 472.0709298 389.4179987 437.4116271 389.6285393 455.8994802 449.7611051 404.5992671 415.1886374 475.6952825 411.9153931 403.8342553 385.8822006 485.1451406 400.8280062 402.3412466 463.9430754 445.8461111 478.8303795 486.0059774 420.0567729 409.8435298 447.2025055 437.6670796 442.3267887 441.8063883 438.9927339 423.7429996 421.6232319 440.1711488 462.2327453 464.2083455 434.2467403 424.9686804 418.4736087 434.0753804 427.1405579 466.0295234 438.1335825 443.6774278 425.6840321 433.8537955 444.6818031 385.7334334 430.2587867 483.0918372 457.2269541 469.4545414 407.2034436 441.9333228 400.0888053 421.2110645 450.8713555 433.4634731 461.7770316 436.4987931 423.6935221 
421.7687657 446.7245026 353.2404505 405.337154 391.4288872 376.5875777 438.1657478 449.5532803 381.9194889 376.0038768 406.0087277 464.3988535 428.4977018 427.7801641 472.3115228 444.5223445 496.2165703 419.4229027 467.6983688 398.586121 411.9247749 470.3768542 466.7724885 468.5947964 439.4634424 432.7282003 443.7625918 460.461586 455.1710315 437.8789513 407.9749589 441.5840068 442.8236222 499.997592 460.1867001 444.9916793 429.6663087 453.9325489 419.7142936 407.7401325 495.9741206 503.4737115 460.0116057 474.0532053 500.2110999 407.2690996 451.4554614 451.3207908 454.0299176 427.4975121 360.8400802 424.270455 396.5046836 453.6771871 391.7101331 442.5275775 467.1793575 441.7269174 441.3128338 360.5922135 454.9870278 393.5451952 434.3207773 443.6149968 456.9920503 472.4080374 507.4410311 428.4937924 459.9922367 444.6718285 457.605809 435.9091148 464.1350901 446.7411454 418.2957576 435.6079489 506.9622264 417.3810516 431.029361 432.7751627 392.5559495 465.9640199 433.5078093 419.7240454 415.7006114 408.8329282 408.7741825 415.3707061 402.4735725 462.9354199 465.6063615 446.1284222 459.7216147 417.1200837 417.3393766 471.0353338 442.510712 438.4346694 459.1781277 390.5230437 
414.4889264 437.6572187 402.8900684 461.2692114 420.4513386 406.1802483 422.8820235 380.0947306 395.887171 378.7813727 424.5755265 464.7846599 459.3225983 469.9895099 394.4565118 478.2195069 463.137733 377.0770561 407.0489595 457.2186769 406.1555374 482.817923 425.0804336 451.4172931 462.3902979 419.6238189 409.2991387 452.1979034 416.5848602 399.3443615 446.1725378 497.3494768 463.4994855 419.3527117 385.4247037 468.8580004 497.8086471 430.4902992 429.5466551 373.4228421 418.7094596 430.0288045 447.6699424 430.289526 430.2603188 472.0907308 409.5582116 487.0100454 485.6889504 514.2135878 442.4685541 417.4748708 420.302187 462.9480113 433.4667249 479.5598393 386.8022405 488.846676 460.3534094 446.8477436 439.8636342 503.8838955 428.7231158 470.0754952 439.3780904 409.4263652 482.1497938 457.8436738 469.2704183 476.9639361 474.6835839 467.7253309 404.7788767 439.0252576 433.4005227 373.2189074 458.0095206 471.7208544 487.8211479 404.6918348 408.8458336 395.9183677 395.5734849 370.3413795 454.1858927 430.3376647 434.3939887 446.8192282 432.2488072 488.0117186 382.6625512 408.0268756 436.7716778 416.1845609 416.7269251 432.558452 455.9420361 402.9268595 487.580914 452.3097801 
426.9543185 413.997275 462.7645653 399.693053 429.6345976 401.4932525 439.3747879 442.1709396 438.6151344 436.8510732 454.5081675 382.2312931 415.4578249 404.4945335 489.1877514 425.5739592 386.9930099 455.3676386 425.8080134 460.7898662 460.9108649 431.2603564 472.3757045 396.7997885 492.3247046 405.0400714 465.3467394 439.9559576 465.385048 439.9617886 426.7237001 426.3776086 440.0276825 456.3672332 422.4914149 419.9028232 429.2364659 481.3953049 411.2751733 455.879964 444.5539792 472.3717275 401.7257918 424.8246715 434.7492176 445.1956834 492.2467175 436.641224 437.1764666 425.71145 448.8825895 468.2837935 391.461439 457.5464088 445.8302754 523.8113851 410.8351382 388.5833509 444.2783498 422.0233794 423.6140303 435.9009969 423.8803948 442.7143282 411.9848454 451.5359516 456.7060168 448.7489943 461.0579487 459.2749858 394.9688753 478.3636608 454.6932824 447.8971195 437.9893305 464.2082452 471.9806438 412.9093491 489.1949627 462.2806395 437.6124696 465.0214104 381.0286453 418.2264968 465.5359894 421.4300552 434.4780494 438.948787 413.2962668 412.7818007 475.6134101 462.0001444 415.2870208 468.1577538 442.2880414 462.9525379 448.8276688 390.8681284 430.0347035 426.5488433 
428.7065395 478.1590781 395.0836392 423.7599841 383.8553201 449.004566 436.9510161 468.0205681 463.5894873 423.1723445 420.1452812 478.6875958 383.3285358 443.4794529 435.6857953 497.3751989 458.3174711 413.5275528 447.3414622 448.2775757 431.1443668 469.693461 426.8738639 445.2386003 423.3942264 449.6108105 451.8825879 449.2630977 461.8675607 454.5816455 420.8161769 430.3088013 434.827524 465.9542473 405.4346253 446.3246774 397.0097432 461.1888434 420.5763473 428.0344504 476.5214808 482.901344 429.0681207 457.6942427 399.3757072 459.960694 463.6639596 408.3645285 438.5304835 458.4564137 469.6635437 422.5527502 484.3910517 437.4350286 484.8723396 460.7378763 427.2571629 442.5315302 440.3991434 483.4240581 427.6936565 459.2588758 423.837711 423.1831181 423.8663234 406.6519227 466.6460564 488.610885 423.9418132 469.0831917 471.5431144 442.0753019 435.1831393 411.4579392 453.5695602 466.317392 404.941432 419.2823617 440.7018944 453.7490333 455.639763 454.3760794 406.0861182 459.0332745 438.6147865 443.0671304 471.9647398 422.051762 392.2609548 416.9443472 394.485132 506.3453351 387.3427315 386.2335165 447.8416444 411.675094 450.3732884 463.3293599 415.1463005 458.0549803 
393.699718 418.7764868 407.039346 405.7935297 443.0941227 468.289939 427.8322846 371.3665904 366.3892061 437.2935378 424.6037441 419.8849468 434.0732089 341.4142355 469.0121033 413.6778012 436.2157974 417.5999161 456.0834731 441.7179161 453.0864459 444.669886 381.4922856 403.7365785 456.0512588 402.3357313 438.1429664 427.641906 469.439647 394.4469056 387.776335 430.6420396 436.6001993 404.7547727 480.7852466 418.2633331 441.2182128 370.7953154 463.4216032 428.7555715 437.0626711 418.1268717 436.0697838 489.1321532 424.8995207 417.7947354 407.7060897 427.3239486 408.6178528 434.6148886 424.0938603 493.7605798 451.661249 456.9384238 379.3483956 439.2873372 451.729605 436.1207194 406.2663234 443.4005563 436.9928031 410.5744217 459.4786845 443.7405867 403.8205883 448.7980707 476.2400766 456.9627649 436.499812 427.5998013 426.933915 417.4075957 429.3982673 467.3180832 426.2485514 465.3464085 474.6184951 473.3389185 450.9799897 380.886657 442.6110204 422.2859664 454.7625342 470.7668351 458.5130286 443.2629164 447.3106321 439.0744935 433.0060607 397.4503772 421.8933694 402.244273 388.8487239 460.2402967 405.2899496 419.9723688 400.9464257 439.990361 445.6992707 492.0781426 
380.1918627 416.5890377 402.7890085 409.9952874 424.6377316 388.1945691 440.5066094 432.2367283 460.0771412 461.3496488 348.4302061 486.5311259 450.4024995 417.2046383 430.3768426 436.4183906 447.9058586 433.510907 455.3160034 406.753478 396.5255294 474.5167072 409.1615234 432.7342347 416.8582318 441.4502722 465.3101424 447.2615423 448.3697172 407.068426 436.6152734 445.3589521 416.945407 374.1983622 488.8902048 478.7467353 441.4279923 440.8654547 420.356527 484.9899691 482.7341401 402.5252948 471.53115 419.3069403 455.7564372 435.8980386 501.4059185 441.0258755 463.5406786 372.7955188 500.7151329 420.3021355 463.0461294 506.2870668 446.5128408 421.2040622 445.3314491 446.3073016 458.5527352 463.2478769 387.0106366 464.1654382 486.2653258 452.0668072 423.5726892 453.8469177 454.6736136 434.8536087 453.3873872 464.6879859 475.8054839 420.597497 446.434455 440.2917681 425.2399319 503.7818668 430.1686995 428.4008381 427.4378125 489.5565909 461.0671211 418.7952863 432.9243032 498.2809929 440.8572815 436.8239324 443.1979776 425.8915156 422.9985782 430.7077755 450.840053 443.6119259 479.696896 435.5754964 416.9966778 375.202026 425.5106182 446.0758335 426.2400209 451.2876784 
420.7450357 445.7782135 370.4585379 423.6649216 436.0312141 431.824114 405.6293229 351.2787571 366.5083214 417.3421706 393.1302116 416.9796783 396.8791822 428.6915874 406.214296 468.0639596 420.5238988 431.9728534 443.2087119 415.736905 430.6061167 407.7388501 453.0417253 432.6821403 482.7278289 429.6720139 450.89209 420.3436928 402.2577245 443.7337248 443.5986958 436.5875835 412.0667824 433.6016201 412.6779092 386.5364438 433.7513045 412.3072237 483.6616946 425.2897314 462.4135582 448.2800445 481.3082616 373.7495242 474.7137662 387.2352329 375.6578178 435.763016 441.4357368 449.2397065 459.2948054 429.9518156 422.5589587 474.1799772 437.8667341 446.8279476 442.4237571 455.7282468 424.6797252 410.8257885 510.5425414 407.9109053 444.5029206 451.772201 436.3703889 469.9591948 459.1112429 446.4377663 446.5105135 489.8379336 470.7949176 401.320148 490.6254349 443.428627 453.975848 438.56897 466.6602565 385.2402727 469.6773335 393.3990971 428.5594327 370.2818999 467.411782 425.0279145 455.7151244 466.0935672 403.1171578 433.9040956 428.3267453 474.9451395 447.8899818 395.6312468 466.4975413 417.8601571 411.797143 432.3584315 444.3296011 412.1232752 411.2584912 441.3884443 
416.3913525 434.7467343 365.2822617 430.9871871 423.1448336 410.2101249 489.8839304 449.7177686 376.1190574 377.7757176 413.5457114 441.6068559 407.6580592 419.1844962 410.583066 460.3216573 413.1896907 479.3246913 432.0445926 401.0021844 432.5803051 443.8413546 458.5060271 447.7285459 479.6770058 484.2329337 446.5659093 439.5244812 429.3012894 416.7031858 398.3378991 473.8544096 427.9720173 387.0991791 458.5568259 476.0706171 405.0653193 423.8039627 441.7997896 468.2559591 407.7490708 467.1015631 417.2963107 465.0183143 409.4927282 443.6394818 416.5956142 426.8132403 428.2182681 473.1542622 432.6487273 465.1158676 446.7317381 450.044484 474.4698964 433.9578163 463.4610072 463.4574428 489.3559476 438.0068899 477.7454271 468.1737055 486.7271719 466.6886676 395.1961335 467.4104534 481.2153691 444.7318193 496.6039916 454.2052379 437.9322568 404.6562468 391.2089916 420.901071 417.0970176 490.4643434 454.1195798 456.024468 396.6124065 460.0257882 433.7127462 451.9971964 483.9261611 415.6599581 432.033837 401.0570116 476.0631837 418.8718494 470.7668518 462.3409676 448.4025653 419.0083697 441.7835162 440.0459231 445.4917659 442.3549846 451.6197411 371.5319625 453.167711 424.1520739 
421.0336233 409.0886175 392.749913 432.6735891 378.3385018 442.4301582 409.5659635 453.7893409 455.5442878 426.0846834 442.6060185 365.574621 440.8023162 449.6627908 405.8484185 395.9026388 400.8255818 470.6593647 432.1171039 430.1589946 431.6376149 405.6708864 465.7184681 429.0329097 402.6357829 446.4219647 502.6206554 455.3905569 470.3367432 444.1340778 455.4658829 428.167151 451.2551408 426.078296 454.2841507 515.9906097 414.37451 507.8743293 449.7227853 427.9662673 466.4972168 484.2836575 470.3967672 461.5066494 474.9807723 421.5460417 455.5077005 414.3363872 422.4603328 434.5444397 450.6232817 445.1801677 442.5815158 445.3644622 441.8614773 424.9875317 483.4513554 403.1468324 429.1184351 429.5281688 436.7540783 395.7063532 464.4544142 491.9063917 488.2078345 435.5340678 422.0707642 442.0785936 456.4213935 426.692747 487.395418 472.0820573 395.6540976 397.8045952 469.2236533 500.6625478 463.2085232 434.8628278 460.3400319 454.509981 442.7868272 463.2646834 432.9949768 446.552462 415.2479527 421.511281 407.4606371 452.6526765 472.7033886 447.014294 418.8907289 421.3658859 449.3071769 423.9991044 414.226263 482.7107371 411.6956952 428.5733913 468.7891966 399.7101174 
369.1665644 422.6597241 436.6968432 395.840697 436.9977113 395.2550273 392.6499377 441.5778384 458.4424239 391.1820445 486.411299 397.238469 444.1679555 491.7104462 406.0811711 440.0196375 418.9412516 428.5810303 439.4162997 372.8399881 410.7077549 501.8234782 401.1184745 462.4923051 393.5181904 467.8658367 433.5417241 466.6294582 463.6067016 422.4109723 381.60726 459.3761921 436.763339 486.5074949 448.8611086 507.0178693 442.9881777 481.8819723 411.7660867 400.7720172 458.5268778 422.9211223 451.3348551 467.8867751 445.5346168 477.9164177 465.8639902 419.9310919 451.427594 437.2532498 492.7665646 430.5322571 439.6823548 469.1826485 454.8831781 435.7519083 454.7391608 460.7288054 432.128018 465.4908746 434.6871764 489.1809627 476.189757 474.9598928 446.1490976 415.8304691 433.1082598 425.4485538 486.375341 449.1396907 458.9514515 494.0385085 461.3623958 454.2928903 498.4062206 455.4492312 417.251992 425.1006257 456.6353467 438.3852477 429.2354158 417.7851463 390.9426638 450.3344564 433.7105101 469.3993458 484.7781992 479.9128561 432.8815803 440.1263207 420.3316133 436.1200652 448.7847581 413.288668 415.8716819 424.1189641 434.1145279 396.9107732 442.2551974 392.9486075 
394.2494693 474.3578293 424.4577954 432.0275656 486.9388898 400.2649789 374.7797616 440.0516302 392.1138617 406.2060843 432.7798642 443.8737966 443.8468675 427.5677761 407.9289862 391.8660631 403.4470912 405.5479012 429.6123505 469.6878317 458.5119827 429.6030531 447.7348506 496.084452 434.5914523 447.4175578 447.6920202 477.3466907 432.0864631 486.4165135 473.2480243 435.8577926 447.2741249 427.8743564 450.4181259 447.1565747 474.9055659 414.405894 455.0231049 411.4045456 396.7105892 458.5577465 440.0753453 421.6296644 418.3653439 437.2439245 449.4889866 427.5754162 427.7128804 464.3482222 450.1156509 443.01083 467.2533613 445.2790857 430.2978699 422.2268066 412.1153827 458.069329 455.1646419 440.7198968 431.8805781 456.5716035 443.992992 432.9625131 400.464628 454.9567536 475.0892451 475.4944997 450.9433578 422.1782132 422.8524102 416.3499784 467.987108 476.6634842 405.2416373 431.7027592 407.0366119 432.5952823 396.5274014 458.0573495 453.9461221 409.2342989 397.0397646 443.6953812 435.4866421 410.4511356 413.7797853 458.4008612 421.6075261 485.6390379 425.9942224 405.7465545 405.7348644 482.3398919 453.3076778 390.7606657 452.9712374 415.2364674 422.6653678 465.6333068 
416.622596 443.0622968 433.2724377 440.8195193 391.2662374 423.0234441 375.5097421 353.939037 461.1885312 400.8978312 451.0071755 449.7616079 478.5620115 440.5356366 432.0911624 395.6522237 449.7504648 409.426068 442.9309953 409.4769467 423.8762488 394.6831392 455.4177258 443.4870629 446.4899978 422.8739451 456.2026278 437.0709456 388.3684415 448.0807365 428.2263664 449.349101 408.1324941 444.4030708 461.841561 411.0612926 470.2433977 439.8718157 429.4901498 407.2045844 489.4371323 483.627161 442.3821456 472.0068431 421.8574764 452.54527 493.1030505 432.2937267 416.5589868 448.219538 441.9885636 428.7166951 469.3717938 449.304979 445.1219183 447.2126946 479.6179256 452.7914211 477.9451197 466.9550192 429.3080977 435.1301295 493.7054176 453.776481 434.9191528 501.1519901 428.7760159 483.5396772 444.0873199 474.710794 470.5043985 487.0280156 493.903516 439.9356089 450.392856 460.9701088 479.1810401 391.8563969 433.5803705 433.1725484 465.2234852 424.2482601 461.3188938 459.5130899 467.4650731 441.6438178 456.4846325 427.0364792 393.4718625 446.9825073 417.4314457 435.5935375 412.9474257 466.8237769 408.4070977 419.7977803 419.2720345 468.8459822 461.0470141 472.2773664 
369.5164205 422.6683668 428.4486422 473.1838807 432.6304958 438.6895618 484.840387 430.7531414 466.2727463 407.7408175 447.3658154 460.87756 435.8558648 410.0575028 423.6049376 428.9198216 452.2202722 412.7114745 413.537874 395.8897238 453.9705033 463.3891169 434.0312023 450.8077104 506.6578317 438.1586715 400.1785267 407.6244564 442.1080036 392.2392214 388.03213 462.9397012 471.78513 408.7296503 460.5478536 408.8425905 455.6548425 456.8819406 429.8590515 515.9493894 468.5789994 432.7979342 465.5508816 450.3482919 469.3057264 481.4223097 475.1197324 468.209626 462.7554525 480.859871 432.5667962 402.9799683 454.5662786 481.3269658 448.7927753 506.0710118 527.872667 464.9942255 463.5772312 462.1058868 449.0378007 415.9982853 432.9628886 450.698814 403.2588643 436.5321241 437.2869214 466.3691567 423.9742812 516.6248428 456.8190865 451.6344685 437.3957487 499.1578107 461.4793123 433.8837464 465.9756186 424.6760154 488.3980927 469.1322035 413.3295909 414.8905986 426.7836921 496.8833939 412.7726396 442.2427941 430.4672033 435.9416603 442.4506629 473.3284884 470.0223774 448.7993591 443.4500511 466.8919662 418.9326486 459.2448005 483.1182524 392.0898895 427.2474747 440.2541547 
467.6719333 426.0203024 390.992195 461.3025953 406.0079402 428.4831844 437.285818 429.2496044 458.4672557 450.149558 426.5120318 415.4034 428.079283 427.5233697 452.0345806 398.6568999 391.3145017 445.7231518 447.9629793 437.3299839 449.0888089 420.5285885 425.3885514 394.6269212 448.0784893 423.7302017 442.7839156 452.4031042 451.3084966 444.2815328 495.6073998 501.6973014 453.6417959 458.7606086 451.6507607 472.5643849 438.9622767 372.7249252 436.4604028 483.9604669 400.8520933 446.7452597 479.9190197 475.7875877 519.2007847 415.5774105 464.6928719 405.8703528 441.546098 441.9829057 445.5278994 460.8390625 395.8377162 425.9584672 447.5015241 433.5034671 500.6003136 472.6855661 375.8995408 462.6136554 491.1621178 484.6419785 404.3473224 461.0522464 404.2832821 476.67251 444.4693625 415.1590745 427.7200269 484.4701316 419.1913559 441.3833805 451.0577058 495.2674303 461.9704117 464.9228064 423.2645764 430.1143013 381.1819692 423.9637828 505.863577 418.9094681 419.9656748 401.107378 439.8067891 385.9779683 450.3296066 464.4068802 398.3529799 413.61909 398.297885 446.4442658 445.3817486 469.2309591 433.0499756 426.5259513 409.2302838 439.5299594 486.9600281 409.5963477 
447.6722648 413.8573134 442.8172534 428.4604269 442.5604216 423.3215355 408.8935927 457.7305395 446.4109188 459.6443181 431.9463925 380.746916 459.2832545 453.6816261 458.5996442 410.8513816 438.6985569 443.4302981 395.5030504 409.1577519 396.9063209 446.1293317 415.0863367 451.0991698 434.9306354 459.0845635 444.3743384 482.1467862 461.54011 425.8084842 439.2348914 461.2389291 430.8696579 421.9253309 477.8218191 399.5490077 473.7320368 423.2253959 446.0168435 423.7585054 430.1469091 453.0072176 414.9153133 463.0943681 469.3238237 452.1134211 494.3641268 439.2992444 443.451257 485.5131756 455.9532425 490.7415131 475.1123168 461.9627957 482.7090014 461.6017693 482.838875 485.4732635 409.237301 438.5199721 499.8872343 407.662898 456.4753563 415.4588728 434.0001473 489.8884851 406.3988377 428.6513612 453.1906306 413.9347753 475.9650457 434.8991231 482.4751884 418.3471006 436.7854066 434.678475 397.438516 467.6623296 420.9313665 425.0394673 414.0264909 452.4665067 439.9538747 433.0342456 472.6075215 405.7376051 418.7565614 395.1283911 451.9800033 409.2900076 423.156689 424.6174022 426.5817348 486.9455553 444.0361884 392.2617844 512.7772677 436.1763329 445.1447807 445.0823773 
493.8145311 439.4142995 414.2669672 452.7557363 437.240856 439.9216366 450.1496927 450.629486 468.5233721 443.6453473 414.8386162 378.4123602 365.8193594 442.913459 451.1684307 371.4702711 422.2484769 456.6417234 435.1286597 416.8133636 408.2004162 463.7584546 476.2729405 444.2314383 482.276973 451.626323 459.239102 449.1679637 440.0436699 447.9513661 425.7102424 455.4772133 467.5941879 439.311185 446.8502416 455.8869606 423.6593217 427.1429517 461.5008229 448.3584226 451.1509007 440.7125081 422.3920434 440.1894644 463.1510159 414.5818243 481.1895423 427.7775188 464.1520946 455.618414 445.2046971 454.0807896 462.85349 431.9074929 500.8529758 475.6635011 415.8730907 436.836675 478.0512376 524.0740794 446.0758364 466.7817224 419.3221278 454.2877137 460.0724135 418.012729 474.5491517 468.7318801 504.3062867 461.9981649 434.9028293 463.6462465 468.3524447 414.9427697 460.4821017 429.4397469 447.662506 447.8170274 403.0265322 449.6120311 453.537243 476.2611275 455.6145663 458.492909 410.5479916 440.7480425 428.2160764 424.2571091 466.6001008 429.9183845 479.4491014 410.4993571 461.2980773 435.4304828 466.4844453 431.0517279 432.6462438 466.7636822 421.8328723 467.2835098 
435.0675696 413.9844469 388.1813617 463.8063264 434.1116779 445.5846616 467.0961516 408.7685399 380.3321713 394.1716527 395.4743491 477.9135944 372.4319901 461.4260395 407.5112302 429.0527364 461.2744541 408.1069857 465.1729305 402.693179 458.1643116 412.7300371 428.9283101 461.9669769 457.2783001 427.7463042 435.3397153 472.8368483 425.0531946 414.8727037 420.8687146 441.4284082 462.8364652 443.8721534 458.7327339 426.5823295 447.8647792 464.3134837 482.0410241 493.1654443 436.0095405 490.8618029 396.2932964 445.2486329 450.6275945 415.0023234 441.2548877 475.4107746 461.5761856 409.4283336 488.3777844 441.4797911 449.3662411 439.4755307 427.9116346 423.8786878 471.3805054 462.0714681 465.7663975 447.7586553 381.9698428 491.394897 462.3201727 458.7702057 469.7818977 469.302894 448.5340006 444.0104717 496.4018351 495.0111239 414.1915959 464.9074183 466.8839026 497.7949765 479.7825569 420.1388665 445.5448519 459.0348867 479.2037963 451.506584 471.1458668 494.8716029 500.3287809 447.4408233 441.2686264 430.9956623 454.9422603 413.6228678 429.3024356 468.2652367 422.2836372 460.5560267 429.9190077 382.3185867 491.9931167 404.3048996 432.9716445 482.9770904 420.9240168 455.875982 
414.8887787 381.1713883 456.7994811 369.8907267 417.8042118 423.3476097 398.5811068 456.6140221 420.8040801 430.1240726 405.1941748 456.0163557 407.1829092 428.9913574 419.6757341 468.3910869 444.5295323 465.9522331 444.2689584 430.1958714 450.1554319 429.3842763 453.2471055 407.5485965 434.7422384 409.3821546 392.6979817 390.3727206 430.1684968 420.5098352 383.7443661 457.2684476 535.7595689 391.7493139 445.7738917 483.0457345 440.229977 489.6794964 434.4383664 425.2853393 463.2996773 399.7092509 466.7625374 492.0292744 481.2820475 464.1278624 424.7546921 475.7250663 466.7659176 435.2163511 438.3280285 431.2601385 390.5321594 481.8072793 479.7361972 443.8448777 454.182283 483.981057 473.9668369 438.2462726 498.1387159 491.7605079 421.6186139 411.476852 444.7801961 449.5453592 489.4516292 468.5322913 470.7600465 474.7419449 426.4044052 431.4949476 438.3986206 481.7155634 406.5039923 404.9955964 474.7130644 452.496278 471.1847115 462.491334 421.9440255 463.8842229 416.3993961 478.5257513 507.6876482 494.7217985 378.1385976 483.6579179 441.8215824 433.939338 407.9567368 402.8701805 423.9896274 367.1037266 430.4838241 438.2630396 483.0006427 401.7638696 459.3426463 397.610465 
447.6744205 466.6714011 418.3647533 441.2543574 467.5511073 422.8298545 434.7207653 492.3499597 429.8799501 390.2448561 449.966332 452.2670142 389.2190108 490.4691063 433.7051386 460.1831854 420.9126344 387.8303358 449.5783144 433.0966444 446.3290216 441.951423 419.4365113 460.5411203 414.4269664 442.8550796 423.7537214 436.1320755 458.2459597 399.6139519 469.8627357 451.6544533 412.8476291 446.5974905 419.7116828 456.1452546 399.2624641 457.7162498 475.6186399 400.1371731 456.5810933 486.7507819 454.7729961 471.7311015 422.8769118 431.1322288 435.9095658 452.6379954 465.1444481 467.9420734 464.9336735 458.0072583 464.230097 464.9851565 485.283388 481.5004791 433.3347973 430.8689456 416.4427011 453.6906392 422.8673243 433.9077789 477.7331465 392.8923065 446.9110757 413.1162849 405.478578 436.1193128 434.6401783 424.7469967 498.2793861 425.8259765 492.1434257 448.4897234 429.9169684 448.3843576 466.8885046 438.4475299 444.7559482 451.7927429 418.5580054 459.0483433 428.4192898 436.7314202 392.5707159 416.2165907 423.2890805 461.6776839 414.7822929 418.6568388 417.6159616 459.4782533 414.0274068 439.7689432 404.0016266 446.9971692 439.6105181 392.8362269 468.5431721 468.3297498 
410.654296 443.2240338 398.6130783 408.3614554 409.471445 427.6102929 444.4986705 457.673852 430.147726 478.5942618 404.1222132 409.4331615 457.5459909 453.1598425 433.0765237 451.9256589 411.1978079 429.2663309 437.1061006 471.4029918 418.5652756 408.8693707 445.3531711 433.9163555 411.8059337 448.2576104 450.361919 428.3389553 469.7852213 448.438344 443.8115419 420.2032455 445.4024924 507.228547 485.3094035 460.1621574 503.2567299 452.8943266 463.4033145 399.2673999 444.9942532 423.0507997 457.260828 441.7694451 393.7398738 454.2116539 471.5876076 458.7614978 485.0733837 445.7700979 425.1781863 499.6364919 463.234032 508.1719818 501.368871 494.6427708 465.5251313 459.2505275 454.8953322 459.5762888 436.6259198 525.3313287 458.5609357 440.7589969 449.0012561 382.4721404 496.1679528 374.9791611 428.1511853 458.4217985 447.1242038 430.3893929 421.9013087 471.5453675 473.3075403 476.6377148 456.2777659 510.4375667 452.2878014 413.7413791 467.702525 446.8499994 464.4916737 473.7384527 484.3989951 446.7405353 410.6172775 435.9746754 464.3751143 434.2314377 440.9934157 412.8997375 414.832628 488.3157285 460.1076121 423.033952 460.8671725 449.2434521 410.3480294 455.9355649 
455.4878156 434.003869 433.0026583 401.1709208 410.541571 424.3224794 425.2465083 412.5842994 449.0081875 461.7708211 425.7217249 446.0118537 428.4384534 415.3748672 457.5086264 431.8016254 472.84946 373.6368855 444.8497775 436.4489383 466.7043737 439.0560737 408.6369342 462.5266512 459.8862246 399.3238013 429.167483 464.2018242 446.8391016 484.5413124 422.4189265 431.7973044 477.6964416 483.727699 417.2056626 403.0811638 455.9237668 432.1937892 442.7686149 446.7461857 394.9931586 411.135734 465.3974879 433.1821616 471.7167017 441.5999327 491.2125762 415.9312202 445.2694093 448.4161394 488.5304706 489.8742004 446.365788 438.0799141 410.4858047 466.569923 382.2003364 444.5145131 451.0203965 427.1094013 436.6275444 452.1906826 487.9264625 450.2948618 471.5884177 450.9711519 459.2580572 445.859854 442.7134575 485.6647188 462.7481782 513.5688931 466.8536161 450.86843 441.9569862 465.9271454 409.8037008 493.9074814 467.6097916 447.7449641 458.7723577 415.1190361 484.3422951 465.3738622 443.744913 457.6450625 435.4690254 382.4267538 471.8914406 468.9429749 501.9521566 463.3918757 419.5032026 454.7082702 467.2233855 468.849055 431.3228125 465.1261424 398.8040926 478.5555252 
368.3369324 395.4395923 424.9109317 428.5845891 398.3608343 411.0025546 400.4071661 443.5922902 419.0469561 441.5879615 410.9169811 447.0954894 430.0812665 424.4236016 439.8450077 432.1308545 490.1603065 490.5857596 442.5727676 477.4977054 433.2797349 483.0169191 433.3621367 479.0658257 437.630988 480.8164192 451.4645587 430.3826731 436.8592731 402.2777336 419.210712 393.7327796 460.9679267 464.1718893 417.8564322 475.2421025 444.6973089 516.7946838 404.246241 451.7541429 434.7070206 414.5226295 411.8078931 438.9049222 465.3247764 470.4597791 500.2243538 436.0513512 387.8170711 484.3382219 425.1857115 435.4937806 427.9515916 446.8890202 481.7659509 476.248115 446.5822289 484.7917209 417.3217563 496.5174864 467.584773 483.8041736 509.6069797 478.274735 429.915903 439.3488372 417.2286411 466.9463157 430.6489272 415.6193561 425.4653488 496.8799924 409.9881268 501.284058 463.855333 443.39926 451.4080278 461.2777223 495.4503304 440.1889282 444.4997348 460.6905863 468.2530934 484.9827748 409.3501902 450.9301583 458.5642024 434.7842972 434.8943755 327.9412946 445.4319314 411.3260151 410.9422649 447.6346211 378.0610031 409.8275798 425.5588796 432.7205899 429.2931316 497.4718716 
396.1377643 391.5181687 401.649177 396.8909249 462.9565958 447.7767883 419.2383506 466.9544134 430.1130863 420.3790394 386.5075555 396.4605659 412.1094413 417.301462 376.6671274 488.2436511 428.8823209 388.9050009 454.5943372 438.4287933 426.2501756 468.125745 422.0708053 448.0650761 426.286474 468.3903694 407.1854336 457.6957646 385.5464304 425.3017523 399.041364 434.7269047 410.9366779 415.8186131 474.4413664 433.5903882 457.9063587 439.7393708 407.7310894 457.1937033 456.2683711 446.0588967 494.5633648 422.2449766 407.7463262 456.2700844 434.7368584 476.828786 447.6205459 396.9918332 455.7289262 415.0125158 440.1905859 452.3707652 449.1845933 461.3141661 466.4827018 405.0087804 406.3030729 421.3533614 445.5614478 428.1696458 452.1634141 474.7003458 441.3149497 493.6590325 425.0259973 472.2938346 456.1324852 462.5502507 442.4673847 416.5971848 419.380003 456.7118092 450.7721412 452.9310384 436.4157564 435.1184817 438.5921574 461.306432 423.1324348 416.9974439 421.0230777 435.4760609 414.8396616 475.538424 471.5134032 459.8507763 486.189612 428.1538079 440.610613 444.0947652 439.1850933 479.5156254 450.5419389 435.1089361 391.6228436 467.9231836 460.5865674 479.9762102 
391.1601502 450.6263483 458.5495114 412.8719427 454.2866185 413.8103589 455.9003254 437.1918641 404.3105148 452.9582426 431.1641286 435.2275276 431.0010482 414.0632541 490.9016624 459.3655795 457.7619188 419.984785 437.5319837 464.7990451 473.5773524 415.0369219 504.2533357 382.5722823 442.5948816 476.3059526 496.2588325 440.8509993 468.105251 373.8238376 376.2219144 460.5906099 454.3403164 457.4772331 457.0854204 436.8131946 489.0170241 436.3480939 448.3047861 461.2158927 471.2421386 488.5832949 422.5773397 428.4003959 419.5770262 483.2044007 472.5989807 506.1928129 466.118346 478.4800776 449.4221516 444.6980687 488.5414602 452.0780183 461.2944377 438.305132 509.2528492 437.174745 420.2738867 450.1650784 429.5675253 444.6963475 455.8025295 466.0956802 433.9049688 491.1222505 456.3100947 431.8496791 407.0755834 405.9036886 470.3270209 388.2804274 501.874784 438.971355 405.9560961 479.5267094 456.2869722 445.0924908 432.1629012 416.0222265 455.1744579 414.9822145 479.7265718 510.7846257 450.2931506 486.280462 412.3524342 421.7791917 468.7417758 409.0755002 459.0017726 427.1370331 433.1221186 441.8223465 397.1861122 461.0923464 411.8960917 447.7849064 444.9263679 450.9696077 
419.4849239 469.9235721 460.707554 416.9981598 498.3706741 507.1553684 450.596926 437.6432764 427.9161488 416.3668041 475.0896468 436.9589644 479.3711028 424.9341594 379.4758871 482.3255239 403.6983917 444.2084267 416.7319195 454.0658137 425.2183049 441.2285427 486.7005349 406.9061317 460.6921945 423.5872997 467.9004265 379.2833298 480.4368822 418.0320921 456.3626665 476.8489932 438.864861 443.9254747 424.9901625 457.0754296 450.5017872 485.7535274 418.9693683 412.0853522 412.3737689 442.3472201 432.0664687 477.2337165 426.7787762 452.9564586 458.0794024 441.1024637 446.0595436 408.0623642 441.6052767 484.3214082 437.137644 468.5786988 387.3416521 457.9586629 433.6695408 452.5255208 477.3233555 450.9258392 422.1144424 422.0227742 546.5446346 456.2670036 438.6752066 503.9676326 483.342585 433.2062263 455.097038 475.3657632 381.0838797 365.5348259 404.2850366 512.8834758 389.1422711 486.0146284 490.4871909 446.9713255 486.3882308 432.4805777 404.7175467 409.2166175 370.837174 445.3856658 393.7674598 445.5947542 449.0561018 469.5593486 450.0290553 386.9214955 403.8608882 430.3985526 442.635704 393.3662472 440.2749939 466.292149 462.2517618 382.820765 440.773768 438.7965415 
403.0522433 449.5576644 374.8553357 448.0029704 439.7340553 431.0844645 406.7338318 430.7481848 395.7117366 455.5746636 415.5488603 423.1040122 429.7470241 450.7232291 476.4678604 453.0993511 465.2793983 441.1945042 411.5315645 418.2704129 440.1360303 454.4653241 431.5985268 391.3939477 423.4642472 433.0600071 443.3747824 366.1146583 466.8586772 465.0738085 412.0354953 477.37445 431.6027577 440.7731173 507.9295414 490.7320606 465.0406253 440.5180826 428.5862425 458.7698234 426.4204408 462.7223773 484.7212131 477.7718984 500.5742276 456.1060967 386.4712388 440.4529564 446.5111257 476.7733417 439.021428 445.7537301 418.6774109 422.7479448 468.3870893 468.167498 500.4575329 463.4930807 415.3873754 485.6728763 408.3393389 378.7909084 418.7905281 433.3238527 451.3885958 438.7002477 439.3089672 499.2490606 424.1525649 420.4744125 429.7166987 439.1385866 386.0818667 511.6482585 510.8988755 431.8509966 458.857038 476.4503537 409.6290853 464.3162816 462.1957254 428.139151 442.2737673 425.5555818 422.6540441 391.3647231 428.1066336 491.6793968 472.0889518 423.3864281 462.6177219 416.8032239 440.6826096 479.9764376 481.3085422 401.958833 374.0364301 449.8154115 468.722067 483.5023804 
441.446273 378.5400601 394.9951044 364.2149667 464.5344514 431.4487318 379.3750216 422.3208817 401.9414674 385.1405124 436.0481029 394.388975 410.7918147 414.872381 461.5833847 455.7676635 420.4323017 481.6494583 427.8377095 479.7695655 478.1780871 472.8521419 450.4246816 466.9444208 518.2126856 425.3431627 469.5344757 410.5335215 486.1789146 405.6829795 456.9663297 454.6181727 487.7768282 442.9778921 417.9747564 463.5180132 447.5031133 440.3857966 451.9569868 484.3544832 436.889895 479.8640276 470.2941476 435.4412683 436.7536305 465.9610735 423.2516575 471.4744007 460.2329158 460.6633097 425.6064354 497.3351231 475.6360236 486.9955257 487.5869318 465.668204 441.7674766 437.7331745 451.4852281 466.4648298 487.7602486 461.6479199 453.4134136 432.2584398 430.4996799 484.7629872 449.0973484 475.3396923 469.1862207 494.751067 427.628524 425.4372629 441.150697 440.2136851 492.930294 416.0870071 441.4173513 414.4485418 478.3303574 425.4843126 519.438949 432.1721154 443.1362447 493.5766684 495.8022945 466.6495388 452.7018907 425.4306141 445.1028542 436.8430389 448.7601077 414.8689154 413.6422184 431.265324 463.3564933 438.5576217 410.8877258 436.4116054 447.8372043 408.7274247 
416.1474394 427.9481154 445.463356 403.7947869 473.4353986 384.1180548 440.7965096 408.5473401 442.32854 434.1898897 418.2609265 456.1452968 425.0094576 505.9434343 418.36229 460.0124623 452.0651836 422.2166333 470.0073356 449.8639399 426.1154786 450.5175524 445.8207806 416.5997841 369.9739936 436.6196984 433.8907309 439.7630149 431.1078259 496.2308281 474.379818 450.598289 439.3354011 425.7506951 447.5915665 483.339353 428.2979128 448.1299887 448.2428302 422.6806895 484.2017972 437.4977572 479.4242032 522.9296872 449.5176746 429.1093539 395.7932747 405.9085562 453.7267782 467.2703462 456.8232797 430.8949494 525.0324538 426.5397139 420.3776665 426.8095325 440.1861441 455.8423254 422.9971978 465.4991443 441.7685576 435.0759065 442.1474089 440.7526891 441.0049776 432.3594784 452.1762566 430.7341987 483.1468375 511.5174487 454.6108548 422.709818 485.9485501 466.339881 474.5207588 455.1069147 460.7104691 460.8162449 443.372027 477.9556156 433.2352697 432.4205634 482.2678771 435.2958488 453.1276754 448.2159831 446.2453035 463.7914854 467.4222179 447.1867788 418.0563003 478.9513786 414.1447702 391.2908199 490.4079023 415.8219698 456.8294092 449.5458716 408.0011342 453.7226331 
409.1662573 411.4126541 389.5804004 423.7183242 397.9479504 440.7935506 458.8166087 417.6936894 417.7629201 436.112081 427.4606885 417.4478176 482.7763412 446.1494296 425.453096 396.370167 439.1025584 462.5603245 400.0901174 440.4256458 421.2237165 477.7356752 419.3489265 448.7604615 466.1383009 448.7041092 441.6829824 447.727415 438.664742 424.1521917 503.4581959 437.4997157 457.0654102 426.0346636 458.35569 486.4255029 488.3386457 420.369685 474.1371805 465.280982 431.9936 450.1264033 404.4492245 415.7577294 447.6040116 453.8296456 409.8271724 472.2015427 431.5956712 400.4817765 439.1275359 444.4769719 451.8773288 470.8118603 399.6837049 424.4686206 451.3569723 483.3917679 489.864145 419.0585979 465.8760616 408.4960351 458.1954184 424.0292758 420.6058618 389.6308635 434.0970299 492.230086 432.0544135 430.7738667 486.6149006 481.7415501 440.3403221 480.3041701 496.1946222 437.7549036 405.2089748 418.9666624 455.2956535 428.7446784 507.1519195 412.5753439 506.7808068 467.7264923 449.1371589 468.6627524 406.201566 496.1344948 402.777316 458.6889185 483.3634715 411.8004386 413.4263992 379.8182031 465.1913775 408.9134466 461.0873898 420.8096553 468.9564937 434.5953951 
465.3877708 395.9685513 404.9799452 421.9899191 410.1647433 426.9292687 472.5330391 423.3014043 447.7987447 427.8169263 463.9080357 451.192333 385.9260702 460.5158483 408.567628 449.9683587 396.0880319 468.571869 411.3874823 428.588531 386.0565444 383.515561 432.7040764 383.7444097 496.3285926 407.8796958 438.3688733 389.7173933 351.9793088 454.2664887 453.8015762 463.5212394 469.2103254 435.4875991 455.1272022 475.3319849 407.0292961 442.9761655 428.4200864 482.9780226 475.1421217 431.6972154 443.2291463 420.2737932 457.5959424 405.5186324 434.8653469 431.9692881 451.7081035 433.3716557 445.7558998 439.3948611 491.2593101 473.865573 458.354276 409.5134963 490.5051412 432.4133673 425.2897777 424.6542686 399.4238264 422.8159242 452.1359999 411.133456 460.4927604 489.6845111 456.5747675 419.2993353 480.250127 457.6575379 443.3437429 467.5666509 425.8027146 441.1844707 418.0600194 420.5316637 474.7289183 465.2332093 498.9887883 471.1340209 445.0903927 360.9172653 415.7572322 455.7740762 460.0857352 470.1150877 469.692095 492.1413693 451.9428313 490.3656754 421.4528378 442.7457376 414.9683264 412.9340269 424.2506398 431.2472536 425.4925467 428.7977276 459.30625 405.7183843 
451.4151251 432.7230694 422.8284846 443.1219639 434.6492446 413.8986842 412.0201702 436.5918622 410.829425 465.6370419 405.9510168 421.5117436 394.4241958 394.5499453 443.7600396 416.405241 416.0006927 444.1982849 392.0019821 391.1055106 468.7417473 486.7442647 452.6340502 438.5454204 446.5247004 448.5883522 491.2430961 484.7089232 431.4435604 485.6072336 439.8843982 431.6627307 493.2759243 482.9125609 480.7448057 445.6761489 455.5599954 452.1858149 459.9134982 439.1476696 466.0810484 431.8509383 419.4550465 437.0144937 494.5949854 363.7339464 432.0071043 420.1168464 459.4693088 430.8295309 393.5799763 464.9795892 452.2087125 445.0338759 443.6003411 438.5859324 508.3053835 383.0398678 439.5339425 496.3664784 416.1584711 445.4483603 423.16495 427.2893518 393.7835123 421.2386312 454.5862105 395.3412909 468.7537423 439.2182233 423.596128 459.9698094 482.630219 426.1587636 490.0607517 438.4623403 436.933047 484.2397405 420.9136105 448.5148271 486.3471581 452.0597138 453.963929 472.8808742 481.4279848 408.97014 463.8503931 480.6981478 430.6618158 444.6453665 452.3298427 427.2053019 389.690612 450.1264314 428.3367015 462.7932235 460.4569514 471.4517637 455.9502641 460.0697728 
391.3210037 420.2532809 411.5084976 433.7856764 455.2805433 437.4325803 448.0357902 418.2066569 413.4815287 406.9432642 508.2036124 476.6103823 395.6195795 448.028027 494.8287582 395.0244647 437.9278568 408.7301721 403.6833871 460.719906 398.3560781 424.2838747 447.8327546 460.4124689 442.9542259 470.20253 470.3700448 420.770118 476.8445913 488.7646273 454.7682709 447.6006519 435.3591688 435.0137366 412.6564378 480.1945562 425.1458816 395.462547 435.1313545 412.942327 453.7213214 442.2635158 429.3282185 455.6008919 440.8084534 487.0207806 429.7088064 481.1726059 445.9534496 464.3977352 425.1382791 508.2423046 446.508916 485.0542799 390.2213752 423.5675376 481.3974254 511.4786714 447.530256 423.1315868 506.374396 417.9547298 500.7301778 420.2732571 445.3562781 452.0105815 445.3448889 436.7654319 449.1612711 418.1332472 457.826541 452.1305131 475.4732016 419.6179009 459.7839281 463.5772548 435.6347115 434.5229814 430.9160221 413.7056697 456.2195424 486.7121851 465.9220782 435.1254835 458.9343423 442.8343397 474.309764 447.7155727 425.744048 446.5635306 395.0404543 456.8651668 428.7922979 432.5541466 442.2429575 438.2352781 427.7406685 481.1096679 440.4963322 456.9791274 
377.3952874 439.1199451 465.8682101 429.6847494 420.5878825 444.3290565 435.3469205 444.7479241 480.2803997 386.1406227 443.166434 429.6960929 410.7023416 440.0964755 404.1113835 396.1460038 412.5786019 390.2799256 409.7086835 452.897382 492.7810829 454.8496122 411.3315405 474.2579465 445.4106359 488.5552527 442.254199 475.0624073 451.0991518 468.5254509 460.570199 425.5797315 480.2383936 439.0833893 403.7550469 369.9452257 454.1893404 460.402225 462.794983 457.8613975 425.0897114 470.252903 469.4391683 440.8170679 434.5746607 493.1647847 426.4205161 447.1808581 499.82307 437.8132451 446.6755156 486.9882546 434.2436944 402.0636998 501.4545331 464.8421607 456.9072317 471.3542894 447.9270658 452.9127839 474.9108973 423.6495994 488.4761316 428.2913452 419.7550278 442.4198335 459.2975709 416.2072298 453.6279827 408.7412507 428.2917019 429.4187056 474.510502 463.209646 444.840275 398.3356634 424.4316931 437.5978906 433.7915458 470.8892844 462.9143359 442.0985534 416.9370398 453.4402838 437.1035264 477.810742 464.7051511 399.3534186 504.0147322 403.8873041 369.4610229 410.9983331 434.5709357 446.1605011 447.2647874 445.102189 433.3128303 439.5034935 416.1763945 459.5737478 
392.1883691 414.4156436 440.1367008 406.9155607 395.1413233 383.8182555 455.6469256 473.0241212 385.6416533 386.7418396 432.8383574 438.4725709 450.052876 449.483471 392.5052653 475.8535259 441.1748871 444.2181496 435.6556483 427.2663963 408.4000451 453.3854855 473.7959239 449.633529 433.1411883 474.3429843 397.7869248 445.7562565 405.3911652 458.6230103 439.7763482 500.9835017 467.7351833 427.6527313 436.4676882 445.9010308 426.0661316 454.0356986 432.022139 452.2878836 439.0534676 424.1134908 487.0333488 405.8770717 411.6283582 447.3286995 482.0896214 438.7528379 506.0910691 482.2508559 419.5602773 451.5586994 466.8260891 430.8854736 471.714636 431.2961906 470.6549072 452.9797198 454.4678883 401.8727499 469.6182776 442.9637068 480.6997757 440.4902821 444.3427517 468.6552315 445.2176082 485.0161259 398.888161 433.3463732 430.0696852 460.8003098 501.8568813 456.5723294 438.6772687 437.1220451 467.6808667 466.4628618 389.2932649 487.9426742 399.6424408 411.8940461 436.5991811 417.1973915 447.4532187 473.7851696 464.0078431 386.6771776 416.4558766 478.625389 439.5490136 452.8294038 426.9873377 419.2638617 445.8948273 466.933738 439.5324424 417.3915447 406.4818402 464.5423214 
451.3648337 394.8412846 458.9751342 518.7926038 432.720002 409.3158536 394.0724906 456.9706974 386.119894 438.6748291 443.3385711 431.7564694 379.5485394 457.9056243 411.8409159 397.3073956 431.0287803 407.7180471 418.6524829 398.3391293 478.7853397 392.6277048 438.7137526 457.0444219 374.9149687 422.8715231 410.360418 460.6899196 423.0235412 439.7268139 450.7044909 473.8152921 452.4532299 409.7837053 487.4436575 375.3846798 442.3576877 435.815192 431.6552178 422.2305907 389.2580797 412.284093 487.9119566 433.4243599 452.8832163 456.2735005 473.0697156 472.4167031 409.7535688 416.599798 480.8226615 464.143136 467.748656 436.066845 462.5873174 423.2044839 439.2941237 456.4874952 417.9216761 429.2421296 422.0950121 434.8121078 477.5452555 409.0154286 463.426911 477.6157845 403.0469585 455.5898798 479.1408158 456.0299107 468.9946139 407.0150057 420.9186529 474.9285092 475.0665773 474.1578238 422.7112897 454.7546522 463.1496224 410.5592134 485.5499991 401.8263034 477.6756949 443.89463 454.4550403 406.1090746 439.4213314 423.8067029 442.3293428 439.7244879 418.5393136 439.6986302 452.9178209 433.5651453 465.458503 425.7266528 436.0292313 416.7770867 422.840958 420.1915583 
430.5016625 452.4942022 400.0470729 407.5795137 413.6595878 457.2418304 436.2311691 434.7330391 425.4757149 401.3161049 465.6667023 432.8149562 425.4079524 410.1639105 427.3331877 443.3485134 394.265809 429.9057663 402.4083816 454.2455414 472.7412177 471.1671129 398.9765353 442.4000365 409.0960035 430.4331846 444.794489 472.7819566 482.522375 444.8831597 470.8767274 452.6851261 442.9148946 469.7032469 441.2310653 455.4095309 458.9923458 443.5234381 433.696358 470.6358917 431.1658745 428.60967 434.7630594 446.8516861 396.3037663 474.7434261 463.4700002 451.5520776 433.4626513 442.3313267 465.3131587 471.6869606 508.3687446 450.6598819 482.6875114 464.6674566 441.7218952 464.7686342 505.2798305 475.735734 448.9978287 400.9519197 426.6967623 415.2167765 461.9730522 433.3472876 467.1975598 388.4153034 452.562192 468.1738413 442.8055877 421.6668949 467.8491322 454.3741645 450.2187821 475.6128724 412.5084536 473.6512982 479.2108959 425.2013839 430.6843353 423.3774906 451.4672383 392.7763443 450.1849445 461.8829296 432.9198285 459.5159947 447.6962182 470.6636512 446.6959027 450.9531309 437.7028782 386.5394817 470.7433846 449.7892087 470.3277004 392.9815292 498.6014519 438.7848171 
456.3233486 438.6086761 477.8605817 431.9581032 425.7430191 364.0528469 396.760396 436.49933 490.3280618 428.2887897 481.1691941 396.3356416 449.0134782 454.326708 431.585134 420.3904701 490.5446944 518.0939797 425.1415601 442.6121188 405.8423858 465.2720108 404.5391817 410.9241024 508.3801855 370.8837764 445.4150453 423.1318045 464.7083435 421.6573275 448.8332348 445.9215554 445.9156198 437.9598936 385.8935214 491.2612455 469.8110214 441.6766191 450.3093074 442.6086781 442.4231782 452.4799821 418.8448997 449.0587912 435.438251 408.8548959 414.4667101 471.7045823 458.3680053 473.3802738 426.8184968 401.7417913 437.2248185 447.1537408 519.818455 418.5140574 408.2797576 464.9335808 395.430221 464.2457347 378.4904609 413.2047311 401.2694978 429.1556354 433.0769596 443.5179448 393.7222708 475.7420427 459.5704561 450.4823408 392.572266 467.5006352 456.055415 436.4392261 453.417979 443.9847114 457.0449892 381.263589 416.630403 423.0848752 431.2403497 407.1297186 445.4951138 427.4259034 446.9121092 443.5117111 371.7231751 478.3924204 425.8757998 469.4469587 428.4965205 462.5570388 388.3275 431.1710576 512.4558116 385.2231144 420.4180235 457.0096117 433.5845704 393.412379 
420.227349 397.5227566 397.2154592 372.0829607 434.9595781 440.3580554 449.6421304 445.4837364 431.8725664 449.4295763 402.6980543 440.0667537 447.1395491 445.4359307 379.4192963 470.5019649 418.6775204 418.9833295 426.9444867 463.2881321 456.660955 405.0589154 429.3342026 382.3811358 447.4468647 442.4485567 428.772321 411.8911784 413.9774685 444.6633271 507.9667347 443.7316346 436.1405385 474.4253494 449.8181272 501.6704136 524.886161 447.6850805 470.3797446 421.0318148 471.590138 431.995556 482.2532622 448.4965445 453.7214732 455.4941493 410.6759986 414.2098655 457.4922116 487.1574063 462.6797451 415.4600581 466.7893371 421.4692006 448.2511545 458.889193 422.8417465 487.6975613 458.7574142 394.5940282 451.1645045 435.3452519 447.4207628 530.2004161 489.44196 453.3556366 482.3376899 433.9046465 482.0720619 400.8146032 449.4056637 427.7092179 432.9893995 397.7284778 436.4543634 460.2454166 466.4450106 400.1721748 424.9642091 452.1598968 414.2020752 433.2437008 441.326556 428.058674 467.0442882 462.9197979 455.4567138 458.4749503 446.5955559 457.1535309 433.7093906 404.6302837 408.8497264 404.8641855 494.6288803 401.8476451 435.3371607 443.5013474 421.3668038 431.0350752 
429.4671158 443.5104542 396.325942 438.5888258 412.5681283 421.6336545 390.2488116 371.7868453 426.1001797 417.6905668 429.0164356 440.5968489 448.1237202 450.2276147 446.0740311 373.8526261 456.1348014 461.5707404 431.8604381 455.9095386 435.778537 470.6133861 335.5481919 447.1784984 431.1856633 414.7912072 467.9597464 458.7748218 432.6090725 431.8882376 477.0014479 428.1816553 377.3749627 437.2873478 398.0936252 436.8638668 421.7330894 443.5487513 457.184475 492.367159 398.1004199 479.0145942 460.4647535 395.0218401 472.4491298 449.3500947 456.2304758 390.667001 497.6924678 442.6285301 468.6552395 483.696283 427.4417699 413.5449643 432.8713592 477.4628255 424.5709059 435.2091322 443.2780661 434.6607458 487.1915498 412.4896898 394.957134 469.3978668 385.0252508 478.6556758 454.0231204 469.5291054 462.5082586 449.3472939 418.2072653 469.712367 453.7868806 434.6779514 467.1246083 474.8620887 396.860754 414.8058588 480.0849212 446.1485085 474.2386379 441.7095998 485.2489561 484.6838451 473.5329209 433.6781153 442.9045472 483.8312455 466.9453922 463.5233838 413.686252 432.9117999 469.4329517 424.3208502 396.6154874 384.2544937 406.1942878 423.9164434 418.4370212 461.7717099 
405.8737584 438.2966527 438.4524422 388.1502354 420.0650508 475.390738 402.9176696 384.4333362 412.50446 413.6968418 474.583862 406.1625361 414.0549871 442.3548856 402.1631171 412.2828379 450.4479054 420.41811 396.7185604 452.3677919 475.293483 434.8667283 405.0967774 434.4845194 417.6656725 449.7159729 386.6703706 432.5300217 452.8317565 441.3086345 462.2940351 421.5043546 419.1960329 435.4735079 460.6109625 442.543631 399.7912454 452.4347586 419.4521605 357.061433 501.2176309 410.3615854 415.2017719 436.8543979 480.9514967 434.4382658 453.4185136 444.3879594 391.562655 470.0905455 420.6810741 440.8691875 485.3266765 448.35096 440.8932945 473.273355 443.4801281 421.0331262 468.5666029 484.5586772 459.9769922 492.4525223 451.2678679 411.5577849 491.8953078 423.6130192 420.3978547 407.635673 433.4581796 460.0368363 397.300877 425.8424573 412.8266716 489.2463496 441.1377712 467.6869215 414.4546005 375.4939354 457.1678275 381.4158945 431.6448989 436.8816696 470.7452983 409.7617386 467.2707174 471.6704988 434.5298748 447.0560289 431.3326806 458.7704341 384.313968 453.2506269 419.1291473 437.3838308 473.358373 390.7822968 431.3872335 433.4731045 430.9633097 394.3562891 
442.511017 426.671936 393.776361 449.8484487 405.9852422 386.4088473 384.0989926 450.2130211 369.6446596 437.4842452 441.0064153 439.8993776 422.9008723 466.6003702 467.7391971 439.828306 439.8092465 381.4207835 422.734588 404.917999 424.3556685 460.9238946 490.7130219 430.2266741 456.7167011 396.9667924 414.1220648 417.8285326 396.5232616 427.4534903 478.7338258 436.1346868 401.443239 469.2469357 457.5537696 427.1680441 492.2260992 448.1140603 454.8439716 476.1664372 441.8439441 454.8171416 446.1668459 429.6106419 406.7846235 439.6521524 454.4321389 458.4351738 502.2368553 437.0056804 470.4175754 476.7330578 435.6005595 441.673992 396.9861197 417.7491153 460.0478156 476.2193529 431.5920493 449.0603042 464.9167595 435.2148222 443.9859073 418.1859901 464.1334689 446.6576705 433.581331 437.9662149 477.9034918 459.5924493 440.8359893 470.8994886 441.8641366 388.9161209 393.3984431 418.2955515 464.6555305 445.4730601 436.0742332 417.0525223 433.6145363 431.3120929 451.7422474 462.2645787 414.5943187 467.1832131 398.2946751 431.2375815 430.0689674 399.7510321 431.5336349 441.2468817 449.1794707 433.7042485 447.3400942 431.6363427 420.7752639 427.4489165 417.1656693 481.0075146 
450.995247 400.5619135 467.5600487 480.983475 398.3154492 384.2416487 421.7575594 440.1865253 447.5863555 450.7479164 411.8486155 451.3978817 386.7007185 416.3168601 451.8158668 470.0422724 422.6081851 434.9870609 408.5206748 378.1220201 424.2335095 445.9293502 425.8570776 526.1483859 430.7944609 451.3155217 470.5222572 422.4430117 439.1665629 411.7713049 388.4585606 472.6092609 469.8753178 410.3726459 440.3329881 481.7670981 409.510238 438.8291058 474.6062361 444.4565276 422.467481 506.1183342 430.5673259 461.9071134 436.7860457 437.4088051 444.1093507 427.8116051 429.7736511 450.8204987 411.6319069 434.4211235 457.632964 441.6450058 497.2603352 395.6078146 435.0469583 456.0531852 420.0545446 429.3956148 424.8823639 420.599851 395.866607 445.4764033 425.6484554 426.4763476 460.8261804 476.3092263 434.9322484 429.345308 458.0850197 433.3318603 459.495458 420.1925832 481.6347642 464.3443305 416.014769 498.8957185 386.4387275 453.3793778 459.9171095 426.8766497 477.158863 456.8715213 437.6929151 499.4971828 498.1107464 491.7742721 481.5935794 442.2730673 423.5167366 435.9884423 478.6529548 499.2368708 375.1251883 424.3500692 470.4892217 410.657839 451.7630433 465.6077767 
469.7478827 414.0087728 451.7614395 453.9368398 399.6192991 486.7260857 412.9793849 420.7940847 461.9362012 399.8410373 420.1520759 435.0308389 440.4694848 427.1372538 458.1723903 438.2338774 406.3468975 446.1667797 399.2101803 485.1970092 510.0875989 398.1281455 425.5010498 461.631923 454.965875 412.8940181 490.8131464 408.5019476 401.4621696 459.8009658 449.6155291 381.8681941 441.8955607 445.2229313 396.6441406 426.5392593 408.1810109 430.8608593 457.1496409 438.3606334 424.7173786 424.0052318 422.9672679 452.2080432 469.7794162 421.9731845 455.6083983 375.6511089 439.2377549 428.1415479 442.6495388 467.5619431 465.8142039 453.7844283 439.0796281 441.6654206 473.395612 470.4342795 487.8240241 470.635766 450.7962371 411.2573345 425.5189267 436.1608534 436.7283651 424.5878218 444.3873304 433.9648169 427.8757506 468.5920147 434.8451444 466.7455417 374.2469724 395.546237 412.3399872 417.4997058 489.0083319 387.4370926 489.1821515 402.140775 457.8862097 407.4371281 375.438959 425.5943658 422.149219 472.5513584 449.7520148 430.2907589 427.646176 368.4891842 431.6754017 450.008777 405.5629812 405.8198708 448.9092383 429.7409864 395.3410958 421.3781645 473.8897472 460.6170554 
457.4222857 399.8930271 401.7446083 435.4861774 410.4822869 426.017554 474.442823 406.8266449 444.3756256 426.4775231 493.3806309 418.4105089 426.1412512 434.0295788 462.3064299 371.0870317 425.6470549 455.0807928 482.9260573 420.787581 439.5105797 405.5664782 367.9565075 436.5692356 424.4076726 439.6315218 417.3286675 392.4567567 494.368926 453.1995812 383.3747726 403.2053383 443.9089468 400.0204706 450.6589196 405.2870115 441.7139341 401.7232473 461.6985436 467.1528623 429.7555234 457.4036988 434.0175621 427.8210502 406.0821394 420.2717901 455.9773653 472.657114 473.5234662 463.132519 460.7499031 465.0336359 494.8875917 509.4461427 433.6590689 467.0451477 446.8236699 432.7281043 434.2467195 386.0849765 483.3896573 468.2217483 444.9462058 455.8284028 500.6126676 427.6003345 419.3259 448.0917268 454.1611031 426.2771148 427.2559978 483.3623537 476.1801887 419.2754421 460.8734619 428.2773705 411.8903717 424.9260587 452.9619429 425.3672248 416.0587813 445.9254109 440.8392447 360.0897846 403.1563015 411.5416688 412.2731834 405.3694277 461.9222561 406.1302318 489.0606903 440.9841633 395.72996 422.7254324 395.262724 473.8341208 465.8206556 462.1385896 429.8150978 434.5366406 
422.579628 476.8233793 413.924564 482.8975143 377.8749944 433.5426285 438.7156043 415.5770574 425.1290812 415.2252153 400.0757729 443.3601793 444.9096944 424.3132537 401.9898678 429.626442 404.5384723 433.9278796 412.6355789 430.7798416 432.5897137 453.8586892 407.2158165 429.480653 433.3473041 446.5492326 408.0502382 481.6915627 432.7106273 466.4690419 384.0648865 377.4294254 434.3661294 455.3548785 473.1263513 425.1071539 407.9717197 387.0158614 473.3209056 378.2245277 425.5378511 485.4027469 389.5896582 439.4527428 479.8672086 491.3442044 420.6598533 461.8018109 430.100158 440.5016111 468.3133407 483.7093389 479.8238143 423.4389348 432.4357415 499.6503904 416.9551573 446.3254438 480.2890813 465.0727662 421.4248118 447.285226 441.8505169 439.325112 434.3098336 419.5683207 457.2658163 431.2421917 392.3668533 398.0724936 431.2314074 419.6656026 473.4514133 472.0617622 410.3958689 400.3216975 431.2105104 407.102306 411.4612325 414.0650773 402.9653514 400.923928 409.8345447 462.7828477 405.4993495 414.5630864 417.7261376 435.1862596 512.1150033 428.7063243 422.1370658 431.2108328 429.9443814 410.239218 404.1267373 448.252093 462.3796176 426.4323741 360.8378975 448.7607028 
425.5306476 391.5743449 392.7608275 478.9896408 452.6283801 430.3437951 415.4980185 426.2829542 372.0287082 430.544383 443.2443484 408.3689605 374.6416999 399.136927 380.6998253 415.9058175 432.9753629 451.7856843 369.1220614 436.3247759 377.0162717 403.8765434 389.046087 457.421039 408.2449184 500.1053801 463.3529733 419.8568127 441.1210916 456.5067297 413.6436181 381.1889754 468.2900518 423.610273 425.5062711 444.7953065 412.4132496 491.1176072 469.4729253 418.2097177 434.0024249 450.5632429 426.8914253 432.8740527 470.2941496 462.6735546 417.8376757 456.1695177 460.6330529 433.4651826 483.1550546 452.7664273 394.8271157 429.8231457 481.7817311 443.6948464 473.4663708 413.7325508 486.7994009 427.3715472 409.7159519 455.6074519 450.2813105 472.1159449 466.6372628 444.80264 424.2026017 434.601808 476.8943156 388.5056598 420.8159398 410.5408241 426.151507 408.9124927 417.3051429 474.1408404 404.2091289 476.5128553 488.9807092 426.5509687 440.6792346 451.0172427 447.9831646 457.4338246 456.2751243 422.6023112 459.2224784 428.5827669 423.9669054 394.0290991 446.5076209 459.289523 396.5816221 448.5366009 420.8573662 454.5548039 429.7261091 422.1665313 386.7686068 415.0813449 
481.0873978 384.8385538 435.0923765 435.5906614 466.4366882 391.2766075 387.8165006 435.1315648 458.2047013 382.9318742 400.9856447 403.4475398 384.4430999 405.3161716 429.6457008 436.3237807 417.8344248 433.1128253 424.6709054 409.1757879 446.0170181 413.6330846 422.7313224 420.8201451 380.3365475 437.9153791 374.0318653 458.8763978 427.0176872 428.9726117 414.0189305 470.7104956 476.5823135 406.1278471 494.5825423 446.5560297 432.1753171 487.874973 450.5216657 444.2776784 453.3520596 476.2064214 466.9719596 429.7124057 494.767832 473.9902172 439.0828421 466.707774 399.6433848 422.3210388 469.4972988 427.1223208 443.4107544 488.6851429 450.3962996 440.2434924 386.119148 450.455803 443.9254318 443.8145872 467.8714383 427.887673 465.8892411 443.6022899 396.9135458 435.7056802 471.9245723 421.7360682 441.0674275 446.363865 439.9098399 401.0107074 447.2871025 432.8428778 460.2489277 427.8098206 454.325256 449.9834331 391.5449586 467.0260389 398.8231306 444.2377718 493.644928 485.5314157 481.346254 370.1893005 466.7947363 422.3891995 388.0987604 414.1013754 416.3548827 490.130534 464.1060961 405.6740337 471.3065883 427.3932425 490.2622769 391.7250716 372.4786537 420.1966645 
436.3514125 417.5628476 404.3193005 388.7591293 415.4373701 410.1095853 445.4151355 404.0825121 409.6126597 449.5394584 408.7225896 419.4403592 428.9831642 401.8455491 398.5476122 465.8168296 390.2538585 452.4996976 445.8712803 440.5843397 452.6937507 392.9258537 460.0663804 452.6134676 448.9676973 393.52515 418.2394378 435.8098699 463.155092 449.5452165 454.2708685 496.454469 438.1640193 447.2283758 415.0824467 417.7562489 444.6883174 420.2605532 444.2759378 459.7706007 453.8802923 481.871707 467.2511317 407.8436984 487.2256694 406.3087081 399.1792689 458.9665127 433.6756302 453.0884944 445.1760268 500.2721844 434.0763372 468.2407617 460.9815427 461.4503925 454.0631502 423.8128533 453.141221 443.2717403 443.3868369 480.5729875 470.1492374 432.4703298 454.6562852 465.1597987 444.5308315 507.2694551 478.4639048 478.1682649 401.2723859 469.8561337 459.8802884 435.0889522 432.2111928 398.6708816 440.8684229 401.4968327 422.7182198 442.7165972 431.9820739 436.0658959 372.2206693 456.2947859 415.810173 466.6291903 411.9456434 433.3502307 375.1729185 458.1477969 424.6732328 449.936132 414.8615261 420.1683815 460.6715706 416.4878985 402.0195061 455.2726352 425.2494346 409.1367688 
422.6400061 441.3184289 375.770675 343.0180026 391.0317518 396.3848965 417.3454708 416.4875231 419.2928202 385.5495876 410.2761176 461.3380526 437.5185527 413.1865936 405.5534685 430.9745658 396.2162061 446.4609084 391.2826077 438.6374482 447.2020692 418.4797551 412.7126403 477.1051601 406.3043463 440.4667998 454.8586131 442.7204232 469.5395678 503.9900441 366.0296057 406.5668147 422.5325377 421.0573507 396.1599566 447.4623368 389.3923695 452.463984 410.7419337 419.6268392 423.3425373 409.4744876 478.1617535 452.5579784 424.2718531 404.292829 467.3370913 411.611777 402.6344544 466.6961266 421.9163773 468.9450262 408.2675146 438.3999322 430.5424994 434.7059645 427.8273251 478.1710615 445.3339543 453.8000141 436.0148263 433.7394377 469.801806 485.785292 433.1670782 423.1143126 453.5508083 466.1494641 425.126576 452.8114176 394.3654624 450.2076995 428.8210252 416.1336916 466.0121354 386.7171508 470.0247288 448.4596115 472.5353927 384.5840759 436.6183382 444.9849415 454.3735386 455.4438794 418.268381 402.8923314 420.0570951 458.037701 488.1575669 442.6182665 397.836855 431.49716 453.7956915 433.7789004 454.2429711 415.8049805 444.7863404 468.0313938 458.3694103 454.4125504 
413.567562 385.0990429 374.8353183 376.5748449 389.1084955 435.3953229 392.5390097 392.7488887 459.9262291 435.3576647 440.5967336 414.1501997 430.2579969 430.7329175 400.6977181 438.949605 457.202146 397.4358267 425.5135116 428.4828143 435.7658521 414.5196512 379.2408699 392.2454026 435.4903618 398.9583713 434.4625154 426.6877671 424.5400703 405.3299245 466.1493646 443.6744614 446.2323405 458.7750248 404.9107915 395.962175 427.2488743 467.492142 447.5632656 466.8628801 436.5171154 452.9734884 455.5705933 396.4627457 390.9244956 390.7513603 443.053277 447.10176 451.8421079 469.9774228 483.9686858 428.1791733 411.8827377 423.0157344 408.5972092 412.3480221 424.8669361 444.5458003 421.0321442 428.1103983 451.2997411 411.1818641 398.0585831 421.9774292 461.394029 438.3133764 423.3907443 454.0250263 440.5090848 436.52158 399.0452563 447.0208999 455.9400019 416.3581004 399.7729513 400.2267058 437.8547973 424.4321993 413.5277435 489.2971259 416.4067456 430.2384226 484.4819549 428.3256093 456.8855127 438.6926154 405.0492841 436.353374 428.5966097 445.0868011 418.9092215 490.7592399 451.3948592 489.4829496 405.4538856 425.4029856 377.8390517 456.4498929 401.346746 442.4365 
416.5426647 374.8075964 409.4659226 431.3407089 301.9535138 406.1479157 388.3015252 388.558161 433.5269039 442.9161802 415.2082398 434.4313611 394.1786665 451.2156441 459.3207931 414.9376526 454.2938269 395.3096076 398.0620704 446.8169193 398.2465462 412.849988 439.5680095 417.0835628 439.6132783 403.5306746 449.1099361 438.6617055 441.2928971 385.0012334 398.3167971 471.9356535 454.5932437 415.2023911 428.4740237 424.5659477 382.6159086 436.041899 429.2017102 421.9539118 426.4274663 400.7398157 480.0694096 448.6391393 457.0739438 418.6323147 408.9876145 416.3994002 464.5562849 464.0110897 397.4978043 421.4359678 415.9424648 453.435386 458.4828274 437.3783152 410.679856 449.13082 450.5780151 450.4732301 510.2587408 457.8113721 343.8391968 427.8289919 459.0100369 472.6226861 452.5028382 414.640157 434.0007078 449.0348828 472.3672798 432.0006043 460.0752433 364.4899897 417.6671567 466.7552799 423.580391 454.2984601 444.8322165 460.7506846 477.0207783 427.5746689 455.132298 388.3495066 398.6982598 391.6257722 462.7278291 467.6657985 423.5320527 439.7161269 434.3283654 431.4822964 413.9080313 395.8912972 423.82159 424.0972596 399.2427753 380.4356677 379.9053178 397.7050915 
370.0953233 402.5001472 361.3642619 398.6007006 461.4186364 410.9230339 440.2753381 431.2848811 442.1455364 379.1768087 442.1233442 422.5240183 431.7696285 457.3070866 360.6159257 421.5581427 437.5691934 448.937031 381.5782748 381.7320703 381.4868088 428.4322242 415.8753017 405.4549989 391.0003283 489.1814504 414.5584023 465.6788882 426.2408309 382.9226768 483.657523 414.3902428 433.3636276 435.3148776 409.4908735 416.5139128 403.6956484 453.6383475 396.4268413 453.3070596 429.0575039 462.3158336 433.1091645 415.1396714 438.5322681 429.3253687 421.9251002 456.2681308 442.6045909 461.1049426 429.7568078 419.1669124 434.7244447 482.8140578 456.713786 435.0002985 441.493405 510.0801457 447.8816335 400.1121566 381.0735716 467.2025135 424.7687714 426.4174213 470.9027123 410.5902644 479.9910355 435.3040054 408.7476353 404.383228 491.1857153 415.3317103 457.9289969 420.5655702 445.8451772 431.3796615 370.0640796 429.7703517 439.3534972 409.0544774 488.4971192 443.6310761 468.5028473 460.3778202 396.8759365 448.6653162 461.1468205 444.0552788 421.6665011 456.3098327 423.8481068 418.7689891 400.9532035 458.0660672 396.7770717 439.3358661 412.1139037 445.3493642 437.9112862 396.4732305 
415.6623009 384.5204859 418.1259078 390.8460321 402.0868297 402.6643052 437.5251845 371.1493034 405.6349823 377.9595113 445.5349986 463.9976789 455.9097875 386.4381886 460.3109299 398.4963292 432.4587115 445.8220945 422.421773 484.0994149 416.3049882 432.4323486 450.9034942 459.4441548 499.3902911 408.8025235 393.9082241 444.699747 424.0008196 401.6875729 430.1470768 452.9494415 455.055578 452.4743326 475.3768229 486.1647032 406.2206123 417.8758627 439.9212425 439.3757068 465.7212093 474.0084497 479.4138261 433.4616815 423.2287515 433.8371699 427.2022252 467.4278028 422.6912612 443.8299685 414.8953472 409.9647869 485.1685441 415.0772834 410.7827598 433.4447412 452.3526062 457.6470253 356.0025971 407.3580372 434.9669991 431.504591 508.5381142 439.5246701 442.9520309 490.5444008 392.7941099 456.0943102 442.8493192 458.4195591 446.6096249 378.1514274 434.7873618 413.7423139 441.3204158 473.9342292 426.7226152 383.2372453 361.745574 439.4577861 407.6263836 432.5773946 445.903256 456.5188818 432.3548568 454.0885329 478.0072669 375.2081548 425.6547018 403.2258708 467.5137746 409.0573077 420.0907903 433.3116686 411.7278843 423.1434191 428.9328801 494.9182459 414.189128 431.680655 
381.5011264 371.1992419 389.312358 418.531148 429.977005 424.4621178 426.410716 419.2281 462.10997 436.0966603 454.5948599 432.7940223 420.2916414 438.4964044 409.3260148 414.8046364 439.8385515 402.9363331 394.4696917 370.0109188 419.7090171 389.3409428 426.0113236 462.9451804 425.4368345 378.6293263 448.884944 462.4503049 394.8264197 378.6343644 411.5852433 431.9323061 439.4916906 409.4474269 470.593463 428.0532732 464.4555233 426.6487562 421.0870818 436.6445266 396.4040741 456.8139503 409.5720152 425.6936419 490.6330891 368.9853086 418.7284218 445.7147722 433.1463287 423.9049514 455.2992583 423.1248709 418.6581631 446.4043328 439.9572452 493.2862233 406.6337397 417.1930871 394.9757538 435.6118187 437.6674401 492.7357263 419.2458877 430.780379 426.7018352 444.6604695 461.8721646 428.616039 433.1986093 400.7402337 452.5757042 462.9080323 412.4959633 438.3741442 469.371127 456.0015185 437.1433627 422.8290411 457.0932369 434.30715 429.7531387 454.0127055 511.7647883 445.1044003 440.839994 444.5377154 457.6080324 485.687922 442.115763 387.4940179 474.1457467 429.7084196 457.7954418 416.9322112 408.509718 432.8058467 413.3334228 401.5367725 407.0623055 398.7171405 
417.0267282 405.8526143 410.490843 440.8021342 419.1045739 336.9672993 390.6534075 418.4749721 394.2166053 431.0938421 389.6175096 405.6087785 390.3858979 424.030899 433.7199306 390.362579 423.358092 349.9551738 465.6784764 450.3386482 420.1661774 386.2338316 409.3939887 470.4961406 433.832086 432.7720868 458.8902379 419.9550526 406.3556394 369.1242755 423.4837442 452.9544336 484.0249057 432.5011688 408.2960273 468.2909624 415.2510501 453.6919803 389.485938 437.9803872 446.5022986 425.4392784 457.035506 463.6315662 457.8138679 431.3297073 435.4070812 466.7277545 465.1524467 426.140579 445.3128098 433.8209668 412.1549823 456.1498485 455.5269882 418.5659406 385.2219624 374.6549047 449.485255 473.7957187 420.1059396 437.418148 485.4292779 430.1421113 494.6544215 410.8895796 417.7324458 450.7582484 476.2283424 451.6231904 388.9064702 383.1203311 388.8142661 450.3335321 509.8587839 471.129384 476.8416658 449.7405346 407.4234588 454.257444 413.0057901 441.4849995 417.1202136 431.5864815 452.5064884 429.7700183 441.3235092 466.1677782 412.414162 393.3768359 419.2129032 464.6981223 477.1303179 402.8923467 410.0320192 378.6391052 379.3399692 441.6767181 435.8216502 421.4978833 
393.538181 437.4294543 420.0170908 446.3036877 428.9690694 431.369629 407.2728467 453.0232596 457.509462 386.4903103 452.1472294 397.0439363 431.9273133 451.4184025 381.15334 433.3571154 404.0514097 427.4347939 408.4533968 418.3372976 427.0256247 490.695427 418.6307933 408.0379255 411.058204 448.0476148 453.4632346 431.9189619 442.4820875 401.1392112 379.9254049 469.6283419 442.1459053 458.9650637 410.8965696 471.6733581 407.0273933 445.6482742 467.1856303 448.0913739 412.4578465 483.5919629 433.9765825 440.916379 435.9728358 453.7839249 395.5921963 435.0253112 480.057373 419.6405353 430.5616768 434.2811549 446.4743106 428.0024919 497.1141948 432.1600587 512.4666724 432.6276962 393.5631342 465.0925836 408.8746743 413.8686785 469.6663963 432.9910995 453.2368459 424.3053911 481.1449018 401.4384838 456.1764293 416.6441851 463.2128538 415.5365088 334.8085187 469.0377129 459.3668787 422.0785452 395.2429019 362.930572 446.6076257 411.5269394 447.9765761 398.4221084 455.7869325 414.5814719 418.9205983 419.8746495 469.8865901 394.3588275 493.1108411 385.5225524 390.6221369 401.2223461 364.1317989 411.1890141 426.2792463 462.1439685 425.5768717 453.4272125 437.3597953 376.6328303 
437.3607621 398.347483 369.6495902 436.0351843 432.555791 435.9150711 384.5987886 418.2965976 421.7625128 352.30417 427.2257456 384.8753205 394.5122805 387.3233967 386.6593466 449.9645447 422.8921582 427.4279925 439.1448953 442.2627329 440.4926202 405.8037323 421.9613567 422.2289864 407.6383762 442.6241652 427.5242065 411.4979426 457.5926225 427.2948861 421.5230763 448.1005387 458.5471272 414.1323103 432.5322527 443.5619786 445.0770001 436.941865 450.9262217 452.4846326 404.4886635 437.8823564 426.4437994 430.4894779 418.4029953 489.1987523 440.1632607 460.7841896 451.6158227 429.7446717 429.0436851 402.3950685 416.0052156 410.8193751 393.8648574 409.7982791 448.8118238 465.0649123 449.24367 442.1330524 406.3450697 416.3164553 407.6571525 450.5202033 451.7380062 409.6494848 440.1764403 411.7876505 495.2995985 395.8773332 398.4402468 484.609847 454.4178817 413.2660297 436.8908855 470.3709525 409.8567173 425.7335225 357.6057826 471.4604243 422.5962089 417.3210877 380.3282852 399.9054823 447.9652711 410.4510302 430.3468324 390.2785224 482.1393521 435.508014 462.550481 447.5245563 411.4441415 386.8682054 457.9271439 362.4671045 374.8681437 383.7302758 453.2240896 378.1716057 
417.3232062 358.0475021 326.1620406 423.923608 452.3230328 407.0021513 442.8226312 431.7066332 389.6451406 427.3858638 403.917313 368.5973169 387.2626797 409.3238015 364.4229266 392.5813023 380.3122069 391.8337837 382.9121756 428.6638386 417.7631462 428.7235114 451.2957895 460.2879445 422.524671 426.814284 440.9420199 405.2936844 403.6321107 494.6000513 402.2833978 363.9190935 403.8903935 431.9207897 444.6719473 430.7946273 440.6284783 398.1620804 445.2916488 353.7864337 423.5359863 436.6812876 458.2139291 419.3331658 437.1836055 449.8572451 417.5558693 447.2600467 441.8305665 478.2639278 444.149917 440.7356772 480.7538437 447.875189 448.9626461 425.294811 383.8328859 428.1102774 433.4948425 417.381885 431.4247634 467.1686116 423.4018687 431.0278329 435.4129365 455.3944079 470.7453408 447.1504631 419.6165951 398.9857477 421.8659543 364.7577858 454.9705344 441.5872631 437.3290015 389.6224606 433.9656863 445.2649554 465.8757188 405.1665664 432.4663097 427.5855134 419.8944159 447.0198376 391.6949766 431.6197624 388.1169898 425.6745014 429.9513244 442.895914 430.9064356 474.9333261 395.0721543 471.9151251 446.2740148 479.2863848 429.3094694 373.0138147 435.1328297 399.4333444 
409.4494188 437.2276698 406.7229602 440.2053156 393.5484045 445.4857603 381.6555667 462.8182446 367.3008847 415.3136403 427.1322244 409.5427724 395.198649 382.9813074 452.1042264 398.6910227 426.8839215 401.94922 404.991644 421.5061359 430.7361535 378.5295422 406.3141116 353.1861976 387.5488843 410.9131241 397.7770084 447.1165542 429.962514 379.2428291 443.0917717 391.5069811 381.2775616 387.2287254 435.7874046 410.9682392 405.7476965 382.3757488 432.7364994 454.4296589 358.2270203 409.269708 433.324809 405.686728 431.9510078 437.2434426 405.5675718 435.0449152 453.526489 451.9372866 410.4611165 405.1176572 455.893449 424.2921362 487.5529396 418.6475431 486.3199928 459.1801594 444.5505853 423.4129706 426.4571073 470.4275348 474.2931398 410.1172698 419.0728803 479.3840854 433.8360952 383.1211934 457.6562161 383.4293254 403.2605313 442.2170965 480.4238822 458.4856075 415.0793275 438.8051203 410.8756206 387.6538207 443.957066 393.5928158 444.5240729 429.1743899 453.1408668 433.3481113 412.6947942 432.8846999 422.4917449 384.3241634 381.5622531 403.8165443 454.2445724 426.485265 422.4602128 438.1189394 434.8984101 447.2960568 447.2313357 353.1911315 460.7100596 398.5457438 
417.2172259 390.7383816 394.0760727 426.739909 409.1265176 418.45791 339.5128118 385.5247879 381.3644875 465.8072347 406.565166 452.5622162 380.6002659 384.3974466 406.8619945 393.7370338 402.1109134 395.3423152 403.486411 381.6791535 410.7983288 390.3148351 437.8123457 449.0785169 423.654467 464.707606 411.0363509 445.9959455 390.9655632 426.8337628 463.7747193 425.6666657 405.2016301 477.0957426 456.4771505 482.9245431 482.2637019 422.1840593 437.5550039 437.4029634 501.7005587 442.1750916 414.8874046 407.5673278 429.972554 422.8548665 436.3925836 393.9371094 466.3975916 465.2868357 443.6454053 430.6157731 389.0200751 418.7425975 402.7292747 435.8833911 399.4254497 422.1259692 421.1903008 427.5956112 449.8845676 410.1683335 430.9363265 388.4755389 440.6843372 455.3317313 351.5928678 420.526274 386.107241 416.6809747 409.6066476 446.3179198 409.6666444 418.7594915 416.660936 434.1242628 400.6009282 445.6262102 405.9509794 400.9334783 383.6982337 429.0406966 410.074723 460.3934416 417.2395783 410.4249479 389.0419626 414.1881344 381.302022 413.6026027 397.1487409 383.8798276 404.2354702 394.4174266 390.9359333 425.5121467 420.492777 425.6645753 444.3912892 363.0608682 
402.2918114 424.8554568 431.4607453 401.4598042 378.4994846 384.5739821 399.3911 387.2541513 475.7519369 357.5187959 424.9564867 376.3901954 376.8343747 445.9226089 391.8459527 434.3962331 381.7742596 420.6637949 385.6648475 432.6141567 385.0296422 450.6987329 400.3703355 448.5982625 428.4670545 401.6154304 417.6792246 409.5035747 415.8550202 425.4675172 456.2672338 462.7238127 481.7843475 392.7658316 441.3416041 443.7771446 417.900619 366.207157 463.4454819 388.2863651 441.1429438 439.316333 406.3996451 392.0859002 421.4689211 390.3560387 440.8562173 415.0829555 381.1860656 390.2419038 394.4267549 432.0143552 346.7995363 455.021928 401.1251293 473.7965098 482.0473265 426.3048013 392.55611 433.8923909 438.0890494 409.9368044 412.1055808 394.8418584 465.4672183 395.1231499 448.2440099 447.9338976 430.5874556 376.1085793 431.7057863 449.6163077 415.6418616 477.4539855 383.3391591 420.4935625 421.771965 373.5167662 422.5071395 384.8079354 485.9798689 434.4069744 377.5614218 466.6250431 480.0058613 401.0709046 451.3317122 405.1270872 431.0322179 411.8084556 413.3419526 405.5289743 395.8053088 419.1655565 425.2596295 415.601066 432.6370942 391.8557723 453.4665106 439.8770795 
405.9777762 398.8593917 365.9676988 447.2413812 431.6023992 362.8866694 438.299973 386.6205545 427.069202 425.89723 419.1829171 428.5194245 423.8319055 402.7580633 335.0505402 385.4660787 335.1356061 450.5381572 409.9670155 424.5690739 424.3815129 401.2374898 407.9241302 411.8726693 436.3585955 432.9510824 406.4063863 428.2809845 426.1761054 448.2643785 412.7489441 448.3768318 432.4764126 413.3624533 423.4207434 431.1145183 436.2452812 403.0189594 440.6053978 442.2969172 467.4022796 430.2408911 451.4360045 363.7587299 414.9959585 443.6477756 423.7972586 386.1118881 461.8720376 413.1927196 375.3867569 413.8705987 436.6038454 468.1484017 486.3037439 432.5709688 417.0852965 464.0173493 408.2529499 460.3327849 386.8122615 437.247123 434.2084596 419.0022203 423.2213452 432.5993859 401.1127062 405.471162 394.347405 477.7095569 454.0948625 401.5789405 448.6545276 417.5398308 435.5825906 396.8737584 399.6252055 441.0077978 399.9684305 487.0531789 444.1774228 379.9689413 431.1362819 400.7387906 410.4457399 429.0985474 444.8080755 445.3164649 363.3829099 429.9851879 432.421982 386.5197039 437.3735754 419.4398278 359.118569 412.8843978 420.5991407 406.8544313 426.0765517 406.1396136 
411.5990593 376.5670823 390.2898489 443.3711489 368.1080708 423.911905 405.5807253 391.9367016 402.6854494 461.1370398 385.8912048 386.1353092 367.1314339 451.2089905 454.1040555 439.0240423 413.4410623 400.6309484 405.7671677 412.6848888 435.3758395 396.1273753 383.0289249 436.8647315 394.3481758 417.7247357 420.4410204 426.0874635 403.8874213 460.4051209 435.6378991 416.4370082 462.687715 446.9655726 369.0365416 438.7420866 429.6484751 412.6936538 389.239424 423.2168092 409.8612921 370.6518444 459.7809541 412.8863643 448.4342869 436.3459888 410.9036449 409.5609551 388.333108 436.1733682 410.51058 442.7293576 428.9425235 437.8753775 457.9109729 380.909984 401.5175684 411.8216843 393.1135837 412.8436663 401.5502633 437.0011257 408.7922061 419.4442482 479.1848457 415.2584938 377.0260185 408.6239269 398.8741215 476.8156138 402.7161948 371.7162453 450.9644598 438.9168414 438.9836778 448.8238123 431.9224506 407.3517716 422.5354897 425.1382925 370.3526048 433.9596578 441.1658686 396.1627931 459.1410844 382.1575556 446.8814701 422.7422538 392.2536006 402.4002609 386.4451337 469.9114533 429.9521706 428.1132455 445.9723053 393.3027693 397.4875386 395.9312906 378.2475537 382.827921 
349.6161771 442.622906 476.1225588 442.7139643 421.6210113 397.3065378 347.8443496 437.5728687 433.1169974 438.3853049 402.2560469 439.5862291 360.3690518 386.1285409 413.5882865 371.96318 390.6383914 437.1566499 419.9271637 410.8601959 436.7844051 426.7693482 439.2092664 457.6828652 423.7019996 422.4034217 407.5146384 448.9065853 352.7644199 421.6297004 398.584106 457.3697668 434.6677869 406.8730897 421.4643031 392.5241668 412.0949973 438.9390389 402.6071105 429.9030247 405.8339331 424.5206917 440.4141328 456.1188261 361.502791 450.6899448 415.9738079 458.7447206 439.1205643 445.7089251 424.8007959 488.7366354 439.0566128 408.4927591 471.9019298 456.3803977 419.2566155 363.9371188 411.0994146 414.1093876 385.5249411 389.687544 408.079728 414.1861963 441.3933087 433.1828902 439.6813678 406.1825083 404.3887011 416.8575909 431.8212619 398.4127939 394.2847754 413.9844685 397.5733028 469.432354 434.8250548 423.6152706 382.1869509 409.252298 439.6472329 471.0728833 374.2074384 421.6662027 449.2720621 369.3512056 419.406508 404.2206305 448.0743931 423.8361877 422.2058836 420.9593217 376.4540093 443.9864177 424.8000587 409.7640132 353.8049543 404.6474456 389.3614665 399.1642313 
364.6365786 358.8678729 422.3987607 396.209559 330.3804872 373.1200074 403.5693286 383.8013126 403.2220715 421.0894294 396.6583975 381.79676 437.1759062 383.4278955 460.5918515 419.7312705 406.3915522 416.3824502 420.6480813 419.8539359 465.6352929 411.7042794 427.0628441 449.4052305 441.1594208 431.6135183 420.2471675 380.015802 419.1727054 398.9788807 452.9246369 386.7185302 376.3063777 431.3197679 429.2427679 434.126859 413.6376765 436.7863156 418.5253881 451.0287895 451.0745847 391.6653761 414.7366727 413.5872253 460.3246772 443.7261225 391.1571725 368.1152003 417.1663648 418.874898 402.3070626 410.2083545 379.1284135 376.3654577 405.382856 420.5461041 391.7902369 416.4712818 404.9557579 374.1269716 452.8702725 415.6577601 421.574134 398.8749087 459.6233882 440.8554796 477.1462744 378.1881619 447.3575113 426.8361016 390.2333168 433.9934638 405.2726984 434.1404211 410.1310388 450.2773551 398.8462981 406.5610984 394.0104759 431.3829539 459.2060324 374.9395121 421.4102938 478.7379764 364.7392699 423.132045 419.4943808 446.9164358 408.6605964 398.7008982 417.0502417 409.7118306 441.6274849 368.2257168 426.3891439 416.4555038 416.7185589 354.4799675 424.8517695 404.6964968 
372.2436293 385.5714154 394.4824609 361.2930875 328.4737613 446.2933211 450.3664228 418.8887952 400.0805078 427.3127109 426.4534202 407.1463603 356.8693073 363.7493688 419.6770604 448.5351934 462.6068088 410.7987294 416.976786 455.997712 398.8077259 407.7533592 433.2675006 412.6985347 373.772441 378.4532744 406.1347978 430.0922646 420.1972794 395.7978732 409.2454524 433.1164251 408.0761706 427.1803573 408.7490442 414.9255029 417.0717733 402.6503654 421.9672102 407.447142 434.8367449 385.4646706 397.9813095 401.3350983 373.0627451 420.0214716 418.4094964 458.0508305 437.1043481 447.9510848 378.4198947 440.143205 416.8454302 457.4848978 434.1056884 392.6144721 462.1210156 392.2034055 385.2263844 449.1111286 421.9367745 441.1377065 422.5838608 381.3922365 426.7339075 398.9723988 447.2274875 459.2935941 416.2937672 435.1338422 403.1595199 414.9213783 465.7555465 389.0861323 442.2884193 424.6404449 443.3395487 436.6665532 477.8523934 453.2737099 423.6000879 387.9445491 405.9542584 452.3819342 404.6323736 401.3243248 423.6796996 412.1172075 446.2270963 386.2345322 355.2755058 418.428227 428.9241879 357.3697465 388.3852278 424.5596239 406.6249258 396.9897379 351.2512647 428.8712898 
356.8317046 369.3188869 364.5633917 375.9705814 375.3284446 389.6251978 398.6133765 359.3852096 378.951139 423.3290846 381.0652711 426.7482729 449.7090383 397.6192749 409.4818729 402.8162488 345.6806687 388.8259465 390.1183364 415.6841058 388.407973 436.21188 442.2965395 407.2956797 444.2125301 389.2001237 382.6809817 396.0585381 388.6721578 410.6929565 426.7143714 432.7704175 425.2564299 425.070813 418.2541914 404.2081383 388.8669262 426.5925462 415.8704 346.3859724 398.7125454 405.8578478 456.7795652 353.8379651 433.8450812 408.1878302 417.7953075 400.2686899 440.2703371 421.296821 443.8534642 406.8609357 454.3320565 421.8680338 459.7831004 421.8040914 456.2062038 423.55014 401.9550287 439.8045427 417.7307361 423.4909202 377.0606901 354.7523422 387.4235983 435.0145209 412.8254839 394.5897286 376.9618198 450.1449281 408.6664869 396.7966906 416.2417242 443.2168341 403.8935307 358.2921876 419.5791502 412.5212214 368.2757733 408.1959636 417.7647868 380.135464 378.9071229 369.228297 462.9624028 356.2740004 406.6461659 302.3198255 442.2615053 406.6341211 368.6607712 411.6077486 406.4533093 441.4482771 402.8293562 414.2467694 339.0137507 382.843562 373.8011036 411.07771 
382.8818949 341.6951352 349.1346475 357.6150312 419.2502578 414.2583707 370.3847584 382.3932287 383.5194526 401.6785315 387.4248047 368.2201855 381.5244472 378.8478388 473.2271318 346.9699089 378.4210856 465.5667134 388.3585507 388.9650726 398.5250755 443.1278853 386.3494309 394.6571809 381.6492669 434.7129854 331.3137883 398.1745273 341.0783039 390.8194635 461.2815406 423.113356 361.0336492 392.9256054 334.8598997 434.7910651 423.5505921 409.6301975 385.3477946 456.1516298 380.8161744 421.8033775 385.8646869 441.7816067 401.8474858 434.3101158 393.7266771 395.5514678 430.6025119 386.578236 404.9470721 386.889296 447.7793079 447.4863795 449.757506 400.1342571 408.3412416 396.2668618 419.7945346 370.3815034 388.3439682 452.4558922 417.2040234 404.2608163 405.5357945 443.4354995 430.4809101 450.6569815 422.3811004 373.3312947 419.737568 448.6315396 405.2767946 391.9433651 385.9683448 396.8491815 372.1800808 418.9358785 402.5769228 382.4603392 411.1608863 378.8214569 435.4883064 425.0523227 419.8139742 463.1177547 414.7281357 395.4644834 371.8712809 390.0892895 386.3638759 349.9309443 437.8009641 369.9284762 348.4482478 371.0632011 390.7453023 383.3265253 382.5807147 397.0612933 
373.7070973 408.1630963 389.1305709 401.8969179 372.0936246 385.2642141 373.6806104 358.7080557 364.3659779 421.453693 332.0511255 367.3803018 382.4936871 378.1862536 440.39727 401.1069824 420.544335 397.9147941 392.3413277 408.6724625 362.8806009 420.0983992 360.3494224 333.6621528 409.6063111 368.2278835 441.4032655 344.7190838 387.1374879 414.1065587 440.4960606 455.4797411 408.6446863 362.1976795 359.2260082 431.6918197 408.3611594 400.4217957 387.239402 428.6588049 365.5651799 414.8346697 379.9911843 407.936337 420.429624 442.9898399 409.1593588 458.451404 408.5368547 436.7476698 420.9019642 425.9474114 395.4942557 382.8606528 406.2913147 398.6840537 383.774204 369.2868898 384.9305201 388.0730234 409.7695596 416.034752 440.2031065 407.7733182 416.4240379 362.0772466 402.392747 398.2656775 422.4136324 416.3604132 375.6367523 381.679851 394.6650316 423.3989004 442.8154687 399.2100609 368.4108288 432.7458135 363.6802397 373.6228619 380.4716886 354.3697887 397.5567504 397.0357472 368.0753239 396.6944634 446.2537314 349.6615253 444.6146373 407.1329215 398.651287 364.9395196 340.3047081 405.3511205 393.0131016 382.0666543 432.7972545 377.1973234 406.1250864 420.0233734 
423.6886992 386.7671818 407.1868658 329.5942096 325.7453399 384.7120357 427.4913109 377.6180529 307.6770389 395.3011281 418.0361964 379.1557028 407.3450457 341.4047471 409.5774315 404.8602509 362.8724209 404.3492381 426.9903355 404.3345158 397.3383387 373.9343434 325.7008706 399.2669746 417.925893 374.5887149 398.8550306 374.948657 383.9248946 343.6499419 353.4537354 369.137044 370.2697707 415.7372297 361.4197103 406.7157698 374.5057127 393.2745652 390.0258596 374.2830111 380.0153375 393.508508 396.9855561 379.5619547 326.8087816 405.3558565 360.6313827 414.2017685 379.1376774 383.101207 408.3963815 370.0364955 372.2316785 356.8584807 404.2863293 409.3950004 389.6550295 444.8731886 364.6779531 396.8855176 414.914235 397.6240054 419.5655271 381.9141922 362.2659568 361.4377144 362.0315114 413.6238701 395.0213346 409.3530132 360.9424094 380.9201226 366.9356461 404.5476842 395.9077435 436.5101245 410.7568209 389.8198485 394.8365685 363.6819886 351.6973118 414.9160636 363.6396967 419.2544664 395.8633245 403.9871552 339.3692757 429.7511195 377.8806927 411.5185929 379.5189722 326.2778973 376.3863097 362.7031423 343.1802903 379.0363465 362.6078273 366.6337374 413.4006337 300.1910537 
306.5984567 378.0604186 382.2821541 368.5091964 349.8980677 324.1741634 366.9125845 376.7506482 352.7214019 356.4279976 378.5347365 285.8916462 394.9680444 360.101163 364.9772658 330.3830577 352.3032035 345.6911153 366.6821291 385.1060539 364.2537018 352.7700787 385.8227141 417.2015404 362.9831249 306.8201062 411.532542 354.7473077 348.3010766 354.6163188 360.7026929 366.431263 416.726705 299.1504871 432.1140361 362.6719189 417.8957893 395.4315743 341.5264692 330.8039164 414.4613203 343.6826935 434.540612 357.9880424 394.1521386 321.3708369 357.0149154 396.1511996 387.0391477 393.8557635 378.1278738 405.9637886 409.8889715 389.4051626 418.7241959 381.5279325 386.0547734 436.2360844 417.6542562 335.2832484 388.0585293 391.940297 357.8183457 308.7391854 315.5088238 381.7896516 333.7706143 400.7441288 350.1780826 388.8765146 367.4457511 379.9818325 351.1332198 403.0889258 348.8210525 403.7489517 399.439865 427.5255156 365.5378016 311.5946058 377.8128072 304.4891764 380.1261384 394.4280902 417.4851456 405.371354 334.5642221 344.9808725 363.5203851 382.0564347 348.6387424 360.5098411 328.072947 368.357981 408.0907164 367.7694109 413.1732842 335.3049844 353.6140654 339.9282058 
324.881941 376.3103395 344.126607 356.5340371 347.7786627 331.3071935 354.0464871 366.9655696 327.6330629 289.8147912 315.4037704 335.1705725 345.2585172 264.6645425 393.8685975 316.5348279 347.400426 360.9506129 358.9379913 341.1902325 350.414967 328.0841512 379.6354523 361.5495745 344.0255826 343.4491292 333.007602 389.0008977 310.6444284 414.2125915 351.8703241 314.1499026 396.7542364 419.3063844 361.0397117 300.4218684 372.1061525 392.0491783 382.8562539 346.3840181 372.6190347 353.5123714 356.0828581 343.1238873 371.0916811 376.2427408 378.3821527 330.7469809 377.135136 294.0437095 350.3779793 378.4470802 347.4421239 373.0038387 378.9632172 329.5372363 368.1969271 378.5660699 311.2617313 348.846442 346.4187604 351.0598681 370.110826 341.8635657 422.4108007 361.2060268 340.0560941 369.0559179 348.418924 378.4192027 311.2515868 307.8783497 351.4966191 301.9091801 360.5350614 387.06704 382.0492765 335.4185551 362.8357021 363.2778708 418.736908 328.5759425 383.2084876 420.7551568 362.6532387 308.3277582 358.3213341 352.8050037 369.5836135 368.5622989 365.8750407 339.8175906 307.7035611 326.8642437 328.2655755 353.0498544 306.7046941 335.8955442 289.7900146 279.5265589 
324.3691491 351.4147681 297.9302985 343.1702053 315.4322588 362.2213126 287.6269992 286.7759263 303.5501661 341.8769531 312.9085089 330.3828638 308.9982376 335.6033101 346.8203276 390.6542909 316.1816815 396.5000737 342.4288766 283.2919499 353.9825588 368.1518264 307.4578122 313.701243 306.0034224 324.4594301 319.0245095 321.5835316 315.3605998 349.4247418 421.4544673 380.4617775 335.6230163 274.1943953 342.2800403 379.1845579 333.7458228 350.8271673 327.1809911 325.3817428 354.5674481 303.2902997 371.3416932 352.1810831 384.3846207 312.0859722 352.7797944 385.5079057 355.2039159 347.418907 344.1618238 313.6060154 311.306443 372.2051783 381.3679319 366.6889683 366.8354386 360.4587482 332.4166298 340.0989969 344.2252182 276.2612352 356.8855838 367.0914889 372.2671643 374.2030729 392.7914622 334.9394641 341.0832269 336.2928763 417.7123438 320.2690182 300.5514354 318.5450482 361.05085 360.8219602 347.7423579 351.4169346 345.8354323 346.8739141 359.6448792 370.5896003 339.4099479 330.4597919 276.6727879 342.7712348 359.4400654 319.2024854 331.6461974 410.8681632 309.3356643 331.1838058 284.0512997 335.0231296 313.0007045 378.087906 392.2478575 320.0860365 286.5539189 407.2888966 
336.349549 242.1140955 307.049954 365.4213207 288.9504946 297.4248968 312.7703974 323.7813169 322.7307356 296.3020448 334.1935392 352.5182071 278.877711 324.1019385 308.0579323 302.1052397 298.0831695 332.890354 345.2805456 308.2848051 348.2961135 354.5246693 366.6415388 293.2794572 316.7628429 335.4305481 298.4354423 345.3969691 338.798197 375.8616747 359.8514512 323.4971414 370.8244388 309.3243884 372.3903334 309.2675 330.0948763 329.5223252 341.4663003 307.6019079 334.3882437 276.2272888 300.502868 356.624472 292.1687926 354.9527271 400.6520042 354.6350644 250.4283728 338.6265466 353.6989153 326.7877584 322.9216685 307.6574776 343.8672496 306.2000314 285.2933146 316.8521298 244.7739377 369.5273174 355.2421662 304.9167479 309.263071 343.4866538 266.4571199 377.0363554 294.9141052 367.208052 296.5064332 318.7193669 285.9255036 354.8052612 317.4588553 359.7423604 278.453181 359.9215793 376.0766304 312.9104105 383.2437648 290.5470053 270.8765455 344.146731 286.9617248 320.5856293 342.6561006 329.7763383 314.2354149 361.5357993 302.1690729 308.8850513 347.7941307 320.7364133 298.0695064 321.5697797 345.0998285 314.8402485 322.0067463 336.0638314 305.2517414 258.5974656 
# Events [sample_flux_hitting_sample/sample_flux_hitting_sample.dat] N:
34 48 37 53 46 37 46 46 31 41 45 36 37 33 42 39 53 46 36 35 39 43 41 54 36 30 33 46 37 45 49 42 48 44 39 47 45 35 54 38 35 46 42 53 41 31 43 47 50 41 43 33 37 48 50 52 51 39 45 48 43 41 41 46 40 33 37 45 42 49 36 44 37 57 49 37 49 38 37 44 44 35 41 26 59 50 42 35 35 46 38 43 36 43 46 42 32 61 44 41 
33 50 37 33 46 49 44 44 50 43 48 49 48 53 47 50 52 53 48 49 48 41 39 33 52 55 45 51 40 49 57 41 53 61 57 32 47 57 46 61 53 48 49 38 51 44 57 39 56 68 59 47 37 46 57 50 33 49 51 48 52 63 58 47 60 54 48 42 40 37 53 52 49 46 50 31 41 48 61 55 36 51 39 54 48 55 46 50 43 46 54 56 45 41 50 42 41 47 33 35 
46 60 52 41 42 43 54 60 57 47 57 46 40 58 48 61 58 53 45 51 64 48 54 55 43 45 70 50 47 63 59 48 60 52 54 54 63 57 51 49 55 67 51 56 58 54 52 52 62 47 53 49 62 52 62 43 60 53 60 62 62 52 47 41 53 42 59 67 50 58 51 56 71 50 41 43 61 49 42 37 43 50 46 59 54 53 52 53 47 43 44 43 56 36 64 57 45 42 37 60 
64 55 54 48 63 50 67 65 59 49 71 57 54 58 58 54 61 52 63 58 61 65 63 60 66 65 54 66 44 52 67 47 53 69 68 58 63 52 47 58 59 51 51 67 62 45 77 76 53 70 53 53 42 62 60 69 49 63 54 61 56 53 62 56 60 47 55 51 53 40 56 55 61 45 65 55 63 64 53 61 44 53 56 53 51 50 59 43 57 67 55 52 58 51 58 57 49 59 50 71 
67 60 66 59 66 53 53 40 62 55 49 69 70 62 63 47 72 61 71 54 57 66 65 66 55 51 50 70 53 65 67 65 55 49 66 62 73 75 53 76 68 61 59 66 57 69 59 61 59 59 73 58 61 83 65 72 54 55 58 61 48 58 68 35 57 64 81 61 70 74 61 50 71 52 72 63 50 63 70 73 59 58 60 66 72 62 60 52 49 70 60 76 68 63 55 63 59 63 53 65 
57 68 73 77 63 65 61 84 59 71 60 75 61 66 63 78 65 61 73 75 73 68 62 64 49 83 65 60 89 64 68 68 59 61 62 63 69 62 65 67 68 65 71 56 55 71 66 65 68 65 77 60 73 65 76 79 68 74 75 74 70 65 60 65 60 63 73 58 66 60 71 55 82 58 67 59 66 62 83 61 71 71 69 70 58 67 73 64 82 59 48 65 67 65 65 43 54 59 57 59 
82 66 74 67 73 62 56 78 56 69 63 79 85 70 77 65 79 65 51 79 64 69 65 61 57 66 74 76 65 79 64 82 75 62 89 69 67 78 59 79 76 72 63 79 83 67 56 80 71 65 82 73 71 65 81 72 78 68 79 78 76 60 72 69 84 63 79 65 72 79 58 74 85 71 45 54 56 80 72 66 78 62 69 72 76 59 61 59 56 85 61 54 74 68 72 74 61 83 60 71 
81 62 79 65 66 82 81 92 75 80 65 60 75 81 73 72 73 85 75 79 68 61 75 74 66 79 68 74 78 62 76 68 85 78 77 89 83 78 85 72 71 70 81 73 77 76 63 74 67 90 75 77 92 77 86 89 80 83 77 78 66 73 80 88 84 79 79 84 68 91 74 77 76 73 73 69 87 75 92 64 73 79 75 54 71 74 85 71 66 60 75 68 72 67 84 64 81 82 75 68 
84 66 75 85 84 73 67 85 75 77 70 60 80 80 81 89 84 85 58 86 68 68 80 64 88 89 90 81 84 81 73 75 90 83 85 88 80 84 61 84 91 84 90 96 84 80 80 78 85 81 78 95 76 81 75 61 66 85 70 78 92 86 87 77 77 89 89 84 67 94 81 85 83 80 83 78 91 73 67 70 78 80 72 77 77 77 84 83 85 85 67 70 74 70 78 86 79 71 81 66 
85 71 74 94 81 85 94 85 67 76 93 85 87 82 83 96 85 81 73 92 61 67 68 90 104 82 81 96 87 77 76 83 95 81 65 96 82 90 84 93 78 82 94 89 87 97 94 89 96 97 86 79 78 91 88 74 71 76 92 108 71 89 93 96 78 88 87 78 75 88 80 78 74 76 87 91 98 71 91 94 94 80 90 89 91 48 84 75 71 96 77 81 59 84 73 79 81 71 82 82 
75 92 90 85 74 78 103 100 101 90 116 96 99 90 86 86 78 88 71 81 89 88 83 70 80 90 93 86 84 82 92 101 94 95 85 90 95 88 90 74 81 87 100 90 89 88 85 77 91 94 97 95 67 101 97 80 94 83 83 94 93 92 88 109 109 90 90 86 82 77 82 95 79 104 87 90 101 87 91 70 76 81 80 77 89 81 67 90 94 77 96 93 86 84 100 78 92 91 86 85 
76 90 99 111 97 95 90 92 82 79 93 85 90 86 86 88 86 95 90 95 83 94 95 98 104 96 89 83 94 86 88 89 100 92 106 86 84 87 97 110 82 98 91 109 87 82 82 78 113 87 89 93 85 75 109 104 107 91 86 84 109 85 112 116 97 97 89 87 92 104 81 82 110 101 83 99 85 97 88 86 105 90 75 81 92 82 66 89 82 88 84 86 93 86 98 87 87 96 102 91 
81 79 78 107 108 96 80 101 69 88 95 82 94 81 105 97 81 90 74 98 96 86 85 91 100 97 90 93 106 94 95 104 99 93 94 88 90 98 80 80 98 100 112 100 96 107 96 85 95 117 93 96 87 79 97 84 98 90 96 103 92 113 98 93 94 105 87 92 91 93 96 76 102 85 86 89 91 97 107 84 87 90 79 95 90 80 90 89 80 103 92 83 84 91 74 79 88 97 87 85 
90 89 79 102 94 94 85 87 94 104 86 91 94 92 94 98 105 105 101 93 96 94 92 113 97 111 105 76 91 94 86 104 91 94 96 102 93 83 106 104 104 87 96 85 83 106 110 99 105 99 129 84 92 105 97 111 95 100 101 103 90 98 103 94 104 109 86 89 106 96 101 85 87 89 103 99 112 89 98 102 109 93 93 96 107 80 112 102 86 87 106 85 91 96 95 79 88 81 104 89 
84 101 80 89 80 93 78 81 94 111 93 88 83 81 110 94 92 92 99 84 90 104 98 104 95 86 105 111 104 96 102 97 90 94 97 101 93 111 115 113 126 108 110 89 111 100 105 94 116 90 99 98 101 85 83 106 99 95 107 97 110 107 109 105 99 108 92 85 100 91 104 95 109 98 95 93 107 94 104 83 99 98 99 85 99 92 90 93 99 86 83 110 102 85 91 87 89 102 95 97 
76 78 102 88 104 116 77 87 86 99 94 107 89 79 108 80 111 84 104 94 94 102 88 101 93 82 105 107 98 98 99 97 97 109 96 95 101 100 93 122 110 111 114 112 97 104 98 105 94 105 82 95 127 103 116 81 100 100 96 104 95 107 81 105 86 98 93 115 101 97 90 111 97 88 102 94 88 111 79 98 88 98 98 96 101 104 88 85 103 98 93 98 95 94 82 100 79 85 94 72 
87 96 90 82 89 93 102 91 81 127 101 90 98 99 91 90 88 112 106 99 117 109 91 109 103 101 110 99 108 86 105 82 85 88 107 99 105 99 101 93 108 102 99 113 91 86 83 96 93 89 116 93 83 94 93 84 102 109 107 94 95 102 90 88 119 103 101 106 103 95 91 100 95 93 99 91 104 90 92 80 108 104 91 82 102 82 118 105 77 114 95 90 76 94 87 75 90 95 86 85 
97 96 95 97 96 95 98 89 86 97 95 77 89 104 113 104 91 80 103 98 110 103 93 90 113 102 118 96 92 97 97 90 110 101 91 100 103 103 108 98 80 116 94 121 90 95 110 100 96 105 94 106 104 93 114 105 93 114 95 80 91 107 90 112 86 96 104 93 86 117 104 115 92 72 103 93 95 118 91 85 103 88 101 101 89 82 92 105 92 99 87 109 90 104 103 86 99 95 90 114 
79 103 96 90 97 106 96 87 98 82 96 108 77 85 112 111 92 117 103 104 92 99 95 94 88 124 93 116 99 114 96 109 114 98 99 125 100 88 104 93 94 116 111 97 93 111 87 104 109 99 105 85 113 102 85 105 100 93 113 91 94 109 100 96 97 115 95 101 106 104 88 102 85 124 104 102 77 96 87 118 108 94 103 94 113 88 93 87 86 116 99 100 85 107 107 89 108 79 88 91 
95 107 105 88 102 97 103 93 108 84 93 102 87 101 122 96 103 108 89 84 104 104 104 92 82 92 85 108 100 90 102 104 86 105 91 105 102 110 80 108 92 97 106 94 100 113 111 119 101 101 100 100 107 105 106 101 99 112 110 104 96 100 103 110 93 94 118 100 64 104 108 89 101 114 91 95 90 108 108 79 98 109 95 82 101 106 105 97 95 96 94 87 101 103 94 95 92 89 98 86 
102 85 79 93 107 103 97 115 91 100 93 110 111 95 94 108 99 97 102 90 97 108 104 94 99 106 98 102 109 108 114 108 103 110 98 112 100 99 87 101 110 96 91 95 97 102 91 119 101 104 112 113 102 109 105 89 89 85 111 96 103 105 99 114 93 92 102 89 109 102 122 87 94 112 98 104 97 103 104 99 89 95 91 85 87 122 85 109 79 103 108 79 99 85 105 108 98 120 98 90 
83 119 85 97 103 83 84 96 95 84 97 101 77 101 86 90 105 77 108 104 102 104 96 109 100 114 103 96 89 116 108 91 108 96 95 110 99 101 114 85 84 97 111 116 111 102 97 93 103 97 90 98 92 109 111 87 101 107 109 108 114 98 111 100 106 113 111 109 96 91 110 92 101 89 85 114 108 90 104 90 85 93 95 83 86 90 119 98 84 91 96 100 105 104 82 86 83 101 90 89 
84 80 84 93 89 95 76 90 89 109 95 93 106 117 87 88 98 97 109 115 97 96 95 89 101 109 100 113 83 82 98 102 95 101 97 90 109 98 86 106 108 96 104 99 97 106 92 123 89 97 117 105 108 104 101 109 92 101 75 103 96 119 108 97 90 90 109 104 105 97 86 98 103 106 98 97 100 83 105 86 108 97 101 104 93 103 119 84 106 87 85 101 106 100 96 100 99 92 74 112 
99 89 100 101 100 90 107 94 92 111 106 97 80 98 86 90 114 95 79 89 113 101 102 87 98 111 98 97 106 110 112 83 113 92 91 83 91 75 114 105 101 95 102 96 91 112 101 115 110 96 107 110 91 111 119 94 104 94 111 95 96 95 103 93 100 89 93 96 91 108 111 116 89 103 99 104 114 89 93 102 88 82 90 96 108 90 95 89 88 99 108 120 92 93 96 103 87 107 92 99 
99 123 76 89 96 106 108 102 108 94 95 87 93 97 106 98 86 101 92 109 109 116 101 99 99 102 106 96 82 130 106 111 90 96 106 99 112 113 104 127 123 89 120 97 102 97 91 104 121 109 89 103 114 101 97 101 114 114 101 88 112 99 90 110 107 87 85 104 111 93 90 90 81 93 117 106 104 108 88 109 107 99 105 101 97 97 92 93 94 93 99 94 98 94 79 94 136 97 90 107 
89 94 94 95 98 89 100 89 110 109 108 107 107 113 109 101 81 117 95 98 99 88 97 113 87 94 103 105 90 91 91 97 100 98 107 98 91 96 98 98 114 91 113 82 108 100 110 84 101 112 90 94 95 99 85 94 117 82 91 107 103 123 123 95 92 114 99 99 104 103 93 95 88 106 109 121 93 105 107 97 101 88 99 93 102 88 86 112 110 101 120 92 108 91 90 102 89 106 89 108 
97 98 76 93 85 93 99 102 84 87 92 108 108 90 115 109 124 97 111 98 91 117 115 108 104 112 124 107 95 115 92 100 101 116 104 98 103 112 92 98 128 122 112 110 118 93 109 98 92 95 81 103 93 99 78 104 100 95 95 77 106 97 101 115 117 115 117 90 122 99 105 101 101 108 110 97 113 103 95 99 86 114 98 103 86 75 95 83 97 110 113 107 101 106 99 100 94 93 102 87 
93 103 104 110 96 99 97 82 102 88 100 109 112 99 81 130 105 90 100 120 91 118 97 103 117 95 102 103 82 104 103 128 109 99 81 115 123 99 104 82 109 105 97 105 98 109 109 113 116 122 99 98 88 108 104 100 93 118 116 110 103 126 102 107 106 108 117 106 105 111 104 109 92 97 95 91 101 113 105 91 81 95 84 88 97 89 104 98 105 100 85 93 94 89 83 88 98 103 116 113 
92 99 105 95 102 82 92 102 114 101 112 88 95 90 116 97 90 112 94 104 88 95 112 98 112 93 121 101 114 124 102 85 110 101 99 100 103 115 93 102 118 116 86 99 100 107 119 109 87 104 110 112 96 114 115 126 88 92 101 102 107 103 85 100 104 106 117 104 120 103 97 117 103 115 91 109 125 98 108 102 103 107 88 93 101 99 93 90 85 88 104 101 103 108 97 106 112 87 98 92 
110 108 87 91 91 111 78 113 110 93 116 110 87 104 103 110 93 99 112 106 96 118 103 112 109 108 107 103 112 111 108 100 115 115 88 107 101 108 106 100 137 113 94 105 90 101 111 102 101 128 118 100 118 99 103 103 102 111 116 121 99 96 104 85 105 95 110 100 90 105 99 117 105 84 115 119 96 106 99 102 101 96 86 102 104 101 120 88 84 92 81 123 97 77 92 90 90 108 88 107 
92 94 86 91 94 109 105 87 80 98 112 96 99 80 104 97 100 99 102 103 118 100 79 96 101 97 105 104 119 101 87 98 109 94 114 95 99 79 102 107 106 89 112 118 94 93 99 102 107 95 99 128 116 93 83 102 111 108 105 99 103 103 123 97 92 98 122 104 104 85 107 96 102 103 88 108 114 112 107 92 90 111 107 122 111 107 98 101 104 80 102 95 79 105 89 96 88 112 87 115 
87 100 82 105 92 98 98 110 100 119 80 108 102 95 106 97 109 102 111 87 91 104 93 104 97 107 112 110 111 98 97 112 89 75 110 116 112 101 97 105 128 96 109 113 96 108 123 90 107 100 114 97 118 115 110 91 110 103 89 105 92 106 119 95 99 93 96 104 112 117 113 107 103 107 95 124 89 102 102 116 108 97 101 128 97 99 108 93 96 86 106 96 117 105 88 97 93 97 91 105 
105 100 95 111 98 112 98 81 83 105 83 107 91 106 84 121 101 112 115 95 107 99 108 118 115 100 99 99 99 102 109 98 96 98 96 94 107 95 100 99 118 115 113 93 110 86 82 112 108 104 113 90 87 107 107 126 122 124 102 82 119 103 99 91 109 122 96 97 98 114 110 94 108 109 99 100 99 87 121 94 105 74 106 99 103 108 100 82 98 108 104 95 110 105 90 89 94 100 93 95 
106 96 79 87 103 100 109 108 99 74 96 100 113 95 93 116 93 126 96 98 106 111 116 105 111 117 114 108 99 103 92 105 99 86 100 113 92 96 101 103 96 117 104 109 99 100 95 104 96 124 103 113 106 120 119 107 118 109 117 109 104 108 123 118 89 97 116 118 123 102 110 85 94 92 83 126 118 98 86 112 93 103 106 93 102 94 114 95 110 97 100 106 110 105 105 102 102 86 110 93 
92 93 92 89 77 94 101 109 110 98 103 89 95 110 103 95 95 111 100 98 105 103 99 85 88 103 114 111 105 110 107 96 104 98 111 119 95 123 116 93 115 112 111 100 116 97 107 103 108 94 100 106 99 107 101 99 123 85 98 115 103 89 106 118 122 100 97 101 105 94 106 111 106 88 113 125 102 91 118 94 102 121 98 93 93 107 89 107 104 96 100 95 109 105 87 111 92 94 112 84 
86 98 110 90 112 93 95 110 113 93 118 98 93 125 90 104 90 108 115 68 99 130 98 100 89 104 105 116 107 99 92 110 91 124 95 134 116 127 98 89 116 109 103 109 102 103 105 93 110 109 124 105 110 112 123 105 107 108 101 111 93 101 117 111 105 102 98 100 115 109 94 112 101 117 123 114 89 96 121 93 114 99 90 102 103 103 115 101 90 109 99 103 108 93 92 101 93 89 102 78 
103 113 100 108 116 104 92 109 76 99 104 106 97 93 105 92 105 95 97 101 104 115 98 119 101 103 108 112 99 115 101 112 99 105 100 106 106 95 95 105 92 97 103 99 97 111 108 102 101 105 120 101 103 107 98 107 94 108 102 84 104 106 98 106 94 108 117 117 112 108 100 89 103 115 99 104 89 98 94 112 103 88 95 105 98 107 96 98 83 117 96 93 89 125 104 90 115 85 94 109 
104 113 109 96 76 84 79 75 115 93 103 115 123 116 94 95 106 103 109 91 115 85 110 102 117 101 109 108 83 107 109 108 106 100 103 107 121 109 102 97 134 123 105 116 104 105 119 108 101 113 106 102 116 103 102 99 109 106 128 115 104 106 119 112 102 127 86 114 96 117 111 123 109 98 105 111 118 88 100 106 117 106 113 101 111 96 111 96 83 109 83 113 94 112 98 88 91 102 112 99 
91 99 90 113 115 104 104 88 115 89 101 110 115 108 105 110 87 93 98 94 102 125 101 107 118 102 84 94 101 82 79 107 118 99 104 94 114 106 105 125 105 100 110 104 102 93 118 103 104 119 110 90 118 124 107 127 135 114 109 111 110 94 106 94 86 103 102 109 96 124 103 100 98 133 109 88 99 103 110 121 98 102 100 121 111 109 103 98 112 121 120 97 105 113 87 104 110 98 84 85 
100 93 109 106 88 97 104 91 106 108 93 105 102 107 108 98 91 100 110 101 104 105 89 98 101 113 112 112 112 110 113 119 104 93 107 111 100 90 103 114 99 109 109 109 121 109 108 96 84 97 107 102 97 105 125 92 119 105 80 98 115 111 85 91 94 108 104 90 91 115 91 101 107 128 111 105 105 109 86 98 113 92 98 89 100 89 99 101 92 89 85 90 104 110 99 91 89 95 120 91 
111 90 110 101 106 88 86 111 102 117 98 81 106 106 104 101 102 99 88 88 101 103 96 103 107 105 101 118 107 101 90 113 94 100 121 96 118 103 102 95 97 117 101 103 113 100 115 97 103 123 102 121 125 110 118 99 111 133 104 103 121 106 103 85 101 111 92 103 107 98 106 110 107 102 98 97 95 108 101 95 88 98 112 104 100 86 97 86 100 90 96 97 96 94 104 82 126 98 106 105 
127 97 101 97 112 102 103 107 113 113 101 86 80 117 118 79 97 113 107 91 101 117 112 101 124 111 109 109 116 101 109 131 116 106 91 108 99 102 113 106 95 113 104 112 108 105 108 90 109 101 105 109 101 112 116 119 97 97 111 126 90 103 100 105 104 112 107 112 116 108 98 112 110 97 108 98 92 94 98 102 115 107 108 102 100 96 96 92 103 98 121 97 99 87 102 102 99 115 90 108 
104 95 83 107 98 105 101 94 86 96 113 109 84 107 86 101 100 87 110 96 113 100 105 115 109 101 116 113 88 98 93 109 126 104 107 95 85 100 118 126 106 129 90 92 103 91 112 111 111 95 126 98 106 113 111 99 107 101 101 94 87 126 115 107 115 106 120 120 125 115 96 115 113 123 118 103 98 113 114 96 109 126 131 97 104 94 100 87 106 108 92 106 93 84 106 90 97 112 96 94 
92 95 106 89 96 100 90 102 110 100 85 121 100 112 98 103 105 112 109 108 109 105 114 97 103 101 90 95 99 95 78 109 120 89 105 120 96 115 103 104 96 104 109 108 113 114 96 98 124 95 101 95 92 112 118 108 123 118 128 103 113 126 103 102 109 96 125 106 123 114 88 95 104 113 84 93 109 111 116 106 101 103 100 114 114 115 86 122 96 94 105 86 88 76 91 96 123 86 104 93 
105 108 83 128 94 98 104 119 108 107 98 114 102 119 103 113 90 93 117 101 97 93 95 100 95 103 106 101 105 94 118 102 90 105 97 102 89 112 123 98 110 110 108 111 106 98 97 105 111 112 121 109 118 115 119 108 105 105 98 103 104 111 106 93 101 95 91 92 91 100 120 85 112 99 107 111 102 102 98 113 104 115 99 111 97 87 100 106 84 92 103 114 92 96 82 103 100 85 109 95 
89 97 87 85 101 98 108 109 106 104 93 102 119 115 118 101 96 92 101 104 105 106 114 96 88 107 121 107 119 106 111 99 112 123 119 111 124 101 117 91 108 87 99 92 81 118 110 109 119 115 97 119 98 123 118 124 106 106 120 113 95 134 123 107 111 80 122 78 99 100 107 101 96 101 117 111 113 119 116 107 114 108 95 103 110 92 88 94 122 101 96 102 94 115 103 85 108 96 90 104 
104 104 99 94 90 110 90 108 100 106 101 115 110 84 102 115 122 95 96 92 114 99 93 103 106 95 96 115 94 117 104 110 121 119 111 89 104 101 107 110 103 98 105 97 124 100 108 99 110 118 117 116 105 108 100 113 90 109 119 108 93 119 113 102 117 109 106 113 109 125 109 132 105 101 104 116 91 116 111 106 105 104 110 105 112 115 96 94 110 109 121 102 87 108 115 104 97 103 88 111 
85 90 97 104 102 93 87 101 94 102 100 96 108 102 106 106 145 125 103 124 92 121 106 116 101 126 107 106 106 104 103 96 103 111 93 117 101 113 108 107 101 101 94 119 109 103 128 94 99 112 96 101 103 113 111 121 104 119 96 134 111 115 124 110 94 102 98 114 107 96 94 132 91 125 111 98 101 111 120 94 105 106 120 111 87 106 110 99 95 70 102 99 87 101 84 106 97 102 87 120 
88 80 84 80 107 106 96 108 109 90 91 91 99 95 104 127 106 88 117 112 114 100 102 99 97 113 94 119 100 106 92 99 104 112 135 110 119 123 92 113 111 112 120 113 98 109 114 108 110 88 111 106 102 110 113 103 120 100 104 110 104 90 96 111 100 130 91 106 109 100 111 84 102 101 99 109 104 104 92 121 93 94 102 98 93 115 108 103 114 99 102 110 98 109 99 97 85 110 106 108 
78 105 111 90 103 101 119 102 85 103 105 96 116 90 129 115 99 92 113 111 116 102 121 90 100 105 125 114 103 81 89 104 104 106 108 103 113 99 92 115 103 115 96 107 100 126 120 133 105 105 108 103 114 109 98 118 109 102 100 102 98 94 112 120 105 126 105 104 93 112 107 90 124 102 102 115 100 95 106 97 111 86 114 129 102 119 89 95 109 108 96 102 101 101 85 121 94 98 94 103 
99 120 97 111 120 121 96 102 97 101 109 99 112 95 87 107 94 119 94 113 110 92 116 96 111 94 106 93 119 98 111 110 109 103 103 112 108 113 94 96 87 124 98 108 100 110 116 96 114 100 108 125 99 112 84 101 116 99 127 105 103 104 140 117 95 110 121 91 99 117 89 95 105 128 88 107 118 94 113 102 104 93 79 97 84 107 95 106 102 88 89 89 92 85 99 108 113 86 99 95 
100 101 82 101 101 100 102 96 85 106 102 92 100 113 125 116 121 100 102 92 107 103 103 87 99 97 115 90 101 109 93 132 106 108 131 110 114 105 100 125 103 119 136 119 133 109 92 111 116 101 100 93 89 89 114 106 122 110 88 126 100 85 92 104 106 106 97 122 99 91 106 106 103 123 117 105 105 116 95 113 115 93 97 100 88 90 96 125 100 98 108 85 92 104 112 91 87 109 97 125 
107 90 91 82 106 106 79 101 103 82 96 90 98 105 111 113 106 119 93 128 112 111 109 100 119 99 120 95 120 92 113 112 120 118 94 118 111 113 105 122 103 108 108 101 108 113 101 119 108 110 99 121 106 115 113 107 117 103 102 112 119 105 107 109 110 121 114 114 116 119 105 93 98 105 103 93 96 90 106 98 117 90 109 116 112 115 114 116 103 105 99 91 84 93 99 99 87 98 102 86 
98 106 110 100 120 85 107 88 116 119 102 109 103 127 105 114 106 100 112 119 119 106 101 94 84 107 109 110 101 120 111 118 98 92 102 123 100 103 105 105 122 93 115 134 118 93 92 105 101 116 103 115 120 105 95 106 95 102 86 110 98 101 100 97 109 103 102 88 120 127 95 100 116 106 105 104 109 114 96 111 95 102 119 95 103 95 99 117 116 101 97 113 97 86 119 97 125 107 94 100 
91 90 98 102 90 100 110 89 94 114 96 94 120 111 104 83 101 118 91 98 98 111 113 111 110 105 109 105 110 97 125 101 114 110 109 128 127 122 118 110 92 109 104 96 113 111 105 126 94 91 100 100 100 115 99 114 109 132 112 96 121 98 111 95 92 94 112 131 106 95 133 112 100 100 119 106 95 96 101 100 119 90 115 123 113 102 83 108 94 106 117 105 94 90 118 91 102 85 104 89 
105 93 100 97 96 106 119 90 106 111 112 99 98 125 95 104 89 93 90 113 101 94 103 99 123 94 111 83 85 98 101 107 117 93 100 118 95 102 96 120 117 112 103 94 112 90 103 110 102 100 113 97 119 109 106 107 113 111 98 103 89 98 114 95 117 108 111 106 117 98 98 115 104 114 115 88 97 123 120 110 101 87 95 112 103 106 109 121 107 109 96 92 89 97 100 94 95 103 109 89 
104 110 93 108 115 90 102 108 104 109 103 87 93 89 114 94 90 98 90 92 120 121 98 100 109 96 119 111 98 122 109 100 111 111 113 97 105 103 104 104 114 111 90 100 123 92 98 113 111 97 83 119 108 110 95 106 131 90 101 118 96 98 103 108 91 105 97 90 108 102 95 112 111 100 109 99 105 120 90 97 115 95 95 111 128 85 109 110 94 101 99 98 82 92 82 117 119 112 99 108 
87 99 105 102 109 103 108 97 101 86 111 110 111 113 118 89 119 107 99 119 97 104 103 123 95 110 114 98 111 107 101 113 104 100 87 105 104 89 97 105 102 137 104 111 102 122 109 123 104 110 105 117 107 119 87 100 109 127 109 104 121 91 121 104 103 82 106 110 109 92 112 106 109 101 111 113 104 109 116 95 111 115 108 111 108 101 106 102 96 103 89 112 103 103 111 104 98 98 96 99 
98 111 111 102 94 99 110 111 116 98 109 109 93 105 99 86 92 99 88 109 119 124 103 114 106 113 99 124 102 112 95 102 111 98 99 87 109 105 98 112 97 115 123 103 102 122 106 109 125 92 110 112 113 100 125 120 114 111 97 102 112 107 122 109 86 94 95 114 103 94 92 90 99 122 103 87 107 90 108 114 114 103 87 112 99 114 107 105 123 103 87 86 94 90 109 104 95 106 81 106 
79 93 89 89 111 92 106 103 98 82 96 107 99 119 93 114 105 105 97 109 87 98 113 119 86 127 93 119 87 115 117 108 110 101 106 104 102 100 116 113 97 102 101 100 102 108 115 99 118 110 107 117 112 105 114 105 118 100 114 81 113 104 105 105 114 108 110 126 91 106 93 114 118 107 93 98 118 105 86 107 90 91 112 101 107 111 123 88 92 115 97 112 98 86 105 111 96 93 90 111 
101 98 108 119 103 91 94 117 92 103 115 94 93 110 99 100 103 96 110 82 109 87 108 114 96 97 92 108 91 105 108 121 109 103 108 91 107 110 101 99 89 94 117 96 114 104 130 103 95 108 117 110 118 105 111 98 109 107 92 95 90 93 120 86 108 106 100 109 121 130 95 93 89 111 105 113 95 99 108 99 115 89 111 107 108 93 100 93 99 111 100 100 107 100 102 103 104 94 102 100 
107 107 100 98 90 115 90 94 104 90 108 99 88 91 106 104 91 111 95 102 98 118 106 108 82 98 108 120 106 106 110 101 114 114 103 110 110 99 105 102 103 112 91 108 99 126 119 105 100 105 106 121 122 110 110 113 99 104 128 118 109 97 100 98 109 92 122 93 99 116 98 95 110 104 97 119 102 95 110 99 100 102 93 80 109 92 94 99 102 108 94 105 107 89 116 94 108 93 116 96 
119 104 103 99 93 91 89 100 114 94 131 89 119 107 101 97 138 121 104 117 102 102 103 104 129 96 102 103 115 109 115 115 102 95 97 120 119 97 112 113 115 102 99 111 106 96 94 118 109 107 109 89 100 110 118 104 92 119 92 114 85 100 108 105 93 100 102 118 107 89 90 101 101 102 111 103 111 97 77 88 107 87 95 109 96 113 85 105 97 113 98 102 88 94 119 85 101 103 98 85 
113 96 93 83 107 102 114 97 104 100 94 106 101 114 88 116 111 93 95 115 112 84 92 96 102 105 97 101 92 99 118 105 103 124 110 131 125 107 121 106 111 98 121 93 112 112 98 79 105 119 118 101 116 90 105 104 101 127 112 93 110 101 103 128 115 102 111 102 115 103 98 103 95 83 108 119 105 94 82 96 88 97 122 95 108 105 100 103 92 102 101 91 89 85 110 89 106 93 104 91 
92 100 89 104 99 97 93 88 103 95 96 98 104 113 100 97 107 113 88 101 107 109 89 117 108 88 116 112 102 89 110 94 85 103 97 110 91 119 91 119 86 110 98 95 109 96 101 82 124 105 124 117 108 96 103 131 91 93 91 86 116 99 106 118 90 116 116 115 103 102 106 113 99 103 114 117 97 99 116 97 110 103 118 106 109 109 106 104 103 115 96 88 90 94 85 80 86 101 90 107 
95 106 96 93 89 123 91 91 102 97 119 96 96 98 92 95 103 96 101 105 124 103 95 90 103 102 81 111 111 98 111 112 98 108 99 113 86 119 91 71 113 98 99 85 114 99 111 100 78 119 98 102 123 102 111 113 105 93 124 117 101 113 123 88 106 96 94 98 104 110 87 103 100 117 106 106 98 77 107 93 107 99 99 90 107 110 102 101 101 106 81 99 95 107 109 76 83 93 94 94 
118 92 89 102 87 100 100 107 85 111 105 115 113 104 110 101 114 90 95 86 94 107 113 91 103 89 91 102 88 106 110 103 91 118 107 83 117 101 111 118 103 97 112 104 100 112 112 113 115 104 108 110 89 116 100 96 109 116 106 115 102 99 108 100 112 102 92 98 117 106 105 113 97 86 91 91 108 95 107 89 87 104 95 104 102 107 86 87 92 84 93 111 92 96 99 90 92 89 100 98 
106 98 100 118 84 98 94 104 117 93 100 120 92 92 110 104 102 98 86 91 95 109 97 129 97 106 114 100 108 97 89 113 120 103 101 112 92 102 113 95 94 119 100 119 105 118 98 106 99 98 89 100 109 112 127 81 107 116 99 108 102 104 103 99 94 104 103 115 87 98 119 101 105 89 110 107 87 108 91 101 102 98 114 115 103 110 117 125 117 93 99 90 99 121 99 101 112 103 109 107 
107 101 116 109 86 120 90 105 98 99 101 98 111 87 113 108 94 111 78 122 113 91 97 112 104 109 114 86 86 103 110 92 112 122 91 102 97 111 105 103 87 95 96 102 98 101 109 85 104 105 107 109 117 95 96 112 117 104 111 106 105 93 96 98 101 107 101 94 102 120 99 109 77 95 92 103 131 92 111 98 102 91 101 102 99 113 96 92 95 90 106 119 98 91 95 101 100 96 99 107 
106 86 99 97 102 104 114 89 105 118 125 94 111 89 114 81 106 108 115 93 100 94 87 105 101 108 101 89 122 108 91 96 106 95 108 96 103 97 108 113 114 101 86 106 96 104 108 116 110 114 97 111 106 129 102 115 107 99 109 78 122 108 108 112 127 93 95 102 100 91 98 115 107 101 102 93 93 91 113 90 93 112 102 89 95 89 99 93 108 101 113 86 99 83 79 116 115 102 93 92 
88 109 101 121 88 109 101 92 95 106 88 92 89 90 89 105 88 88 98 89 99 114 90 96 101 101 108 130 105 103 92 84 104 117 121 106 94 90 110 93 108 116 96 106 115 108 106 116 94 101 103 118 117 100 101 123 109 102 108 126 118 110 107 100 95 96 91 104 93 88 107 94 109 109 96 96 93 97 94 100 98 92 91 95 93 100 91 99 124 105 88 102 91 93 86 96 105 92 81 110 
95 94 98 109 110 103 97 108 92 108 104 93 90 89 88 103 100 103 83 107 79 102 84 105 102 111 110 109 103 100 89 81 116 107 93 97 104 121 117 87 91 106 90 101 118 106 102 118 95 108 110 112 93 82 118 102 115 105 112 89 95 112 110 100 109 112 90 98 113 94 95 109 94 91 91 113 83 113 119 103 96 101 110 101 107 93 106 90 111 92 95 93 94 104 88 99 81 92 93 94 
118 83 104 100 105 107 96 112 104 95 95 101 91 104 102 95 85 97 107 112 108 94 89 99 83 92 84 105 95 106 88 113 109 108 124 119 107 125 102 110 108 118 114 101 114 112 103 109 79 108 117 97 110 125 111 98 84 114 108 92 108 111 106 113 85 95 114 97 97 98 101 81 106 106 100 93 112 103 86 116 89 97 111 124 106 81 105 94 90 96 98 108 110 88 118 104 122 85 82 84 
107 111 92 92 87 114 99 91 103 102 84 86 97 89 87 110 88 105 86 110 112 86 104 104 99 93 95 102 105 115 103 126 101 105 89 109 106 105 97 104 119 119 109 107 104 87 81 102 114 108 104 129 104 105 111 106 111 105 113 96 107 118 97 113 113 106 107 127 115 109 91 110 106 107 101 90 95 94 93 96 100 99 76 101 92 102 93 110 94 100 88 111 94 99 106 87 86 106 86 87 
104 92 84 76 83 100 106 97 89 88 105 104 112 106 95 100 101 101 97 101 110 104 92 105 94 112 107 109 122 127 85 94 89 96 95 118 89 110 99 107 91 92 103 124 112 97 110 85 79 109 106 104 100 97 95 94 101 105 112 105 108 94 111 118 97 99 112 126 107 101 99 107 103 104 94 83 108 95 114 85 113 97 102 106 93 86 92 101 107 102 97 91 100 98 92 87 103 117 110 106 
84 84 93 85 87 97 89 83 101 89 106 89 92 93 80 107 104 96 103 91 103 113 98 90 102 95 110 109 98 94 114 126 97 114 101 90 110 117 104 116 102 113 112 98 80 90 91 111 103 106 114 105 95 106 99 94 111 105 99 95 112 89 100 110 102 93 100 112 95 103 87 98 97 100 83 90 100 107 90 115 86 100 112 93 105 101 99 104 86 102 89 118 102 113 89 91 87 101 98 103 
92 84 90 96 67 84 88 86 92 121 105 102 90 108 104 98 106 87 89 97 98 87 106 104 104 94 100 95 109 91 90 115 122 107 105 100 81 114 102 107 113 90 106 115 103 99 98 95 113 102 93 94 88 104 106 112 90 98 101 105 121 101 70 101 101 107 103 97 104 107 109 96 109 83 105 103 105 106 95 103 121 100 102 92 98 88 107 102 92 96 93 105 96 90 93 104 80 88 73 86 
92 94 84 91 119 94 94 104 90 77 104 96 113 105 84 99 99 116 101 98 80 103 96 93 86 126 98 104 92 82 112 100 110 103 87 107 84 96 96 87 103 102 109 95 99 100 99 99 98 107 119 99 98 124 96 116 99 124 115 90 85 108 94 93 114 88 113 96 89 92 111 103 111 95 108 98 83 105 112 96 112 106 109 110 88 104 106 92 89 107 95 104 86 108 86 103 84 96 82 90 
99 94 93 98 94 91 97 82 97 86 100 97 92 90 119 93 91 104 100 110 92 106 97 110 121 90 98 96 109 93 108 115 103 106 112 114 109 95 103 94 104 107 120 102 98 99 101 122 93 93 92 93 119 99 101 111 106 100 73 100 95 109 116 96 95 108 82 105 80 105 123 78 93 94 101 113 87 87 73 94 97 102 105 94 106 105 106 78 85 89 102 102 106 98 101 91 96 110 96 96 
97 86 94 97 90 111 89 102 106 103 98 105 90 101 77 99 94 91 86 89 95 81 99 107 95 100 115 110 96 90 76 90 100 91 111 93 114 100 98 104 85 104 96 94 105 81 103 109 100 91 103 101 97 101 102 126 96 90 103 99 100 110 108 96 106 106 107 104 96 104 103 112 100 93 100 93 99 89 106 88 109 92 114 95 104 97 106 110 101 91 108 89 100 91 94 91 100 86 94 83 
89 93 96 104 90 88 82 96 94 95 84 78 83 92 91 80 99 83 102 111 85 95 112 110 100 94 120 97 97 90 96 94 103 106 99 122 99 101 92 98 102 106 100 119 109 99 111 110 101 98 96 114 99 102 112 104 76 85 104 115 93 97 112 99 125 90 97 109 113 97 91 90 101 112 122 97 111 91 98 104 99 103 91 92 102 92 103 110 84 82 97 101 98 87 94 79 81 102 101 88 
84 101 94 110 105 102 103 100 114 99 112 103 101 103 62 108 98 97 97 98 93 118 91 96 102 109 100 100 110 87 91 109 106 109 107 110 105 109 112 97 95 129 94 110 104 107 101 96 111 93 105 107 95 98 122 107 128 101 92 107 98 104 108 112 108 101 116 103 108 91 114 97 79 108 93 90 94 76 98 100 104 90 92 84 89 97 104 86 124 80 98 88 80 100 106 107 86 103 109 78 
102 95 100 106 88 94 97 95 94 84 104 90 92 90 82 97 91 86 113 105 106 102 104 100 99 107 104 92 107 98 84 104 98 97 110 93 109 103 106 112 90 108 93 107 109 109 116 95 111 93 97 96 91 94 91 89 96 103 104 98 98 83 89 112 103 94 107 114 117 82 78 123 104 92 100 113 89 100 89 112 94 98 83 78 100 90 101 81 111 102 111 109 79 101 103 87 91 77 112 90 
98 77 76 96 96 95 94 96 100 104 83 100 97 100 81 89 91 80 85 105 100 111 111 111 98 102 99 95 101 117 88 96 96 99 103 108 103 97 109 86 90 93 100 102 92 99 94 96 102 103 95 109 122 99 97 96 84 102 108 97 94 118 83 99 99 110 108 106 85 93 97 90 117 97 110 89 93 107 103 93 88 97 92 105 90 105 89 93 94 96 102 109 90 107 101 101 97 86 91 99 
86 103 83 98 88 98 84 113 87 99 112 100 98 76 106 86 106 87 103 100 104 89 99 82 98 108 89 113 103 97 109 80 94 87 96 98 93 92 94 108 79 90 102 92 99 104 88 104 119 112 94 90 109 102 103 102 100 101 96 98 108 128 94 110 98 115 107 88 109 84 87 104 106 104 89 91 92 78 104 89 101 96 98 100 91 90 100 96 86 83 102 97 94 99 92 108 99 71 98 85 
99 92 91 100 88 94 93 83 79 113 98 115 80 88 93 88 96 94 98 102 105 94 92 96 102 106 100 98 96 95 110 103 105 110 90 109 116 106 112 99 119 95 103 90 107 92 106 92 123 104 100 93 88 82 93 105 104 102 109 96 106 92 91 82 92 98 84 101 82 87 86 105 71 88 95 106 99 97 99 93 90 91 86 109 103 86 84 96 98 92 88 79 80 79 79 99 92 82 90 73 
80 94 100 90 85 79 87 84 112 85 117 102 89 111 92 102 84 87 83 106 69 108 91 110 102 90 100 89 84 94 112 113 119 93 107 95 114 82 106 88 97 110 99 78 96 80 91 90 76 82 92 126 71 98 76 104 110 98 82 91 97 97 103 85 105 90 100 109 110 82 92 102 91 91 77 88 100 81 94 82 108 97 77 114 97 83 99 96 104 98 96 85 88 77 98 84 92 97 100 88 
99 98 82 111 94 89 96 84 102 94 87 90 101 86 60 77 75 104 91 111 104 83 90 104 106 94 81 97 96 101 89 97 112 92 86 89 91 92 93 117 107 102 97 79 99 111 93 89 98 83 88 96 100 98 105 102 88 108 89 97 91 93 90 91 94 104 92 92 97 112 114 80 100 98 105 80 89 104 89 108 99 91 84 89 93 92 105 85 80 84 98 96 93 80 75 88 83 91 89 78 
88 78 87 98 78 102 77 85 94 109 76 82 69 101 102 90 84 84 85 93 94 83 88 91 92 100 96 89 86 99 90 90 100 84 95 98 90 85 91 93 83 81 94 84 114 93 84 95 82 85 90 102 90 89 99 81 87 91 85 81 82 102 89 93 110 94 78 72 88 113 95 82 107 92 96 91 90 84 85 93 85 94 98 82 97 86 98 89 82 93 82 106 90 95 90 87 79 86 74 86 
81 91 92 93 84 85 75 98 94 93 83 100 66 86 86 74 93 91 82 86 104 94 89 98 88 97 104 98 79 88 73 95 99 85 88 76 84 93 85 99 91 83 97 94 72 98 80 101 87 106 89 119 96 91 97 99 85 67 80 87 82 84 83 96 89 103 92 85 85 87 90 84 77 83 85 102 94 94 85 93 89 99 79 83 98 65 80 82 91 92 75 89 84 93 82 78 74 80 70 80 
86 73 77 69 61 80 84 85 73 84 91 75 99 70 94 87 79 92 81 96 97 81 92 82 87 90 80 87 82 82 83 79 78 80 96 91 84 91 74 99 91 77 84 75 83 88 85 87 79 91 90 76 80 71 85 89 81 79 81 73 93 78 92 73 97 99 100 71 80 92 76 88 82 87 87 92 83 77 91 81 90 77 74 99 65 83 94 93 59 68 88 79 85 63 91 86 85 65 67 88 
73 71 86 64 69 87 96 68 81 80 102 73 77 57 75 93 89 72 84 92 78 73 84 84 63 75 82 80 82 67 81 83 79 81 86 88 79 80 81 81 91 73 73 84 75 74 85 88 88 76 75 84 83 88 83 85 82 67 72 80 89 81 83 68 76 73 84 89 73 86 87 71 100 71 77 88 85 80 91 90 80 84 75 88 84 69 77 83 88 70 67 80 88 66 61 80 72 77 66 88 
73 86 67 82 61 62 77 59 76 76 81 76 80 70 74 79 58 71 68 80 79 82 90 71 92 76 63 78 65 65 82 90 76 73 83 72 67 86 75 66 75 74 93 66 80 73 77 73 92 77 86 76 86 96 88 86 80 72 72 91 75 79 64 64 71 87 75 69 73 95 75 78 80 81 70 58 75 80 64 77 80 72 76 77 91 64 85 55 82 80 58 85 77 85 73 73 63 73 70 63 
61 65 61 70 78 82 66 70 68 69 70 68 63 66 90 62 63 87 72 66 76 92 66 67 74 81 54 68 61 71 79 74 62 69 57 80 81 80 66 91 62 76 66 88 70 75 71 74 79 73 68 75 79 86 87 69 69 71 80 67 68 88 72 64 72 80 79 90 82 65 71 87 64 65 63 72 68 74 73 61 70 67 75 82 82 92 67 62 63 64 72 52 76 60 50 59 68 62 62 65 
56 64 68 69 66 65 54 58 56 75 58 62 56 58 77 66 77 71 70 75 51 81 54 49 63 69 84 52 64 77 80 88 80 55 54 78 64 64 73 69 54 75 65 71 73 76 76 76 74 76 69 77 61 76 70 65 71 59 65 70 71 68 77 66 79 60 69 67 73 78 57 70 66 68 72 72 62 70 54 67 57 59 73 60 51 68 79 59 78 67 66 62 42 64 67 60 71 61 64 70 
73 60 64 48 45 59 78 61 45 71 74 66 61 61 69 72 57 67 65 55 65 72 54 59 78 65 60 70 62 56 57 63 60 75 62 67 64 60 65 56 60 72 74 53 49 69 56 71 67 68 68 56 58 53 72 65 66 72 63 62 71 78 71 69 54 59 59 65 62 62 54 56 53 69 56 67 65 57 58 60 48 64 58 73 64 68 54 70 55 65 60 49 60 56 50 58 56 57 64 39 
44 68 71 57 54 49 53 64 50 51 53 49 63 65 58 52 54 54 54 59 59 52 59 70 60 45 65 55 43 56 55 55 60 50 73 52 73 63 51 51 77 49 82 61 68 44 58 69 56 59 61 58 55 52 75 63 63 74 68 42 57 64 57 46 49 55 48 58 53 52 50 60 47 67 48 66 59 77 60 47 55 39 61 60 64 63 46 50 51 54 42 55 45 52 66 52 65 47 51 51 
35 55 53 48 53 47 49 59 43 47 42 50 60 32 61 45 48 57 64 51 53 45 58 58 43 56 42 60 48 65 55 41 60 70 56 48 60 66 49 51 53 49 54 51 58 66 54 43 55 39 50 60 55 50 52 50 52 64 48 49 50 54 52 47 66 48 47 56 49 56 49 43 55 40 44 62 52 44 61 53 60 51 52 68 50 41 49 45 54 50 47 47 40 45 43 50 41 44 37 39 
45 44 44 51 41 55 36 42 42 52 51 51 49 47 49 54 39 69 50 41 49 56 41 43 45 51 46 48 43 46 63 49 48 43 46 58 52 52 46 45 49 43 52 49 52 36 43 58 51 47 49 48 47 57 58 51 53 51 43 53 40 43 56 54 56 51 59 52 55 53 62 45 42 45 50 46 43 49 50 46 49 51 50 46 35 47 58 36 41 63 48 47 38 42 39 52 57 44 30 62 
44 26 36 58 39 43 41 46 45 39 48 47 39 50 36 36 39 41 49 39 46 51 54 33 39 49 42 54 52 60 48 47 47 41 53 38 46 49 48 44 50 33 48 50 35 53 59 50 30 54 46 43 46 38 47 39 40 38 28 52 53 42 34 39 34 55 37 51 41 36 28 52 37 52 33 48 59 39 58 38 28 46 36 44 48 42 40 44 45 41 48 36 40 37 51 40 44 44 41 32 
