# Format: McCode with text headers
# URL: http://www.mccode.org
# Creator:  3.6.14, git
# Instrument: FullInstrument_v5_working.instr
# Ncount: 6250000
# Trace: no
# Gravitation: no
# Seed: 1780241847767222
# Directory: FullInstrument_v5_working_20260531_173727/0
# Nodes: 8
# Param: SourceE=5
# Param: DeltaSourceE=0.5
# Param: EI=5
# Param: A3=0
# Param: A4=-45
# Param: SAMPLE=0
# Param: RV_mono_Bool=1
# Param: RH_mono_Bool=1
# Param: Lv=1.872
# Param: Lh=1.34
# Param: monoShieldingWidth=0.062
# Param: monoShieldingHeight=0.14
# Param: monoShieldingDistance=0.235
# Param: MonoShielding=1
# Param: Be_filter=1
# Param: sampleHeight=0.02
# Param: sampleRadius=0.0125
# Param: sampleThickness=0.001
# Param: samplePosY=0
# Param: sampleFluxDiagnosticXWidth=0.08
# Param: sampleFluxDiagnosticYHeight=0.08
# Date: Sun May 31 17:39:05 2026 (1780241945)
# type: array_2d(100, 100)
# Source: PSI_CAMEA (FullInstrument_v5_working.instr)
# component: E3aEnd
# position: 0 0 25.8341
# title: PSD monitor
# Ncount: 50000000
# filename: ExitE3a.dat
# statistics: X0=0.829078; dX=2.07389; Y0=-0.0041121; dY=4.56301;
# signal: Min=0; Max=452000; Mean=88203.3;
# values: 8.82033e+08 222399 3.51992e+07
# xvar: X 
# yvar: Y 
# xlabel: X position [cm]
# ylabel: Y position [cm]
# zvar: I
# zlabel: Signal per bin
# xylimits: -10 10 -10 10
# variables: I I_err N
# Data [E3aEnd/ExitE3a.dat] I:
0 0 0 0 0 0 0 0 0 0 0 0 0 0 0 0 0 0 0 0 0 0 0 0 0 0 0 0 0 0 0 0 0 0 0 0 0 0 0 0 0 0 0 0 0 0 0 0 0 0 0 0 0 0 0 0 0 0 0 0 0 0 0 0 0 0 0 0 0 0 0 0 0 0 0 0 0 0 0 0 0 0 0 0 0 0 0 0 0 0 0 0 0 0 0 0 0 0 0 0 
0 0 0 0 0 0 0 0 0 0 0 0 0 0 0 0 0 0 0 0 0 0 0 0 0 0 0 0 0 0 0 0 0 0 0 0 0 0 0 0 0 0 0 0 0 0 0 0 0 0 0 0 0 0 0 0 0 0 0 0 0 0 0 0 0 0 0 0 0 0 0 0 0 0 0 0 0 0 0 0 0 0 0 0 0 0 0 0 0 0 0 0 0 0 0 0 0 0 0 0 
0 0 0 0 0 0 0 0 0 0 0 0 0 0 0 0 0 0 0 0 0 0 0 0 0 0 0 0 0 0 0 0 0 0 0 0 0 0 0 0 0 0 0 0 0 0 0 0 0 0 0 0 0 0 0 0 0 0 0 0 0 0 0 0 0 0 0 0 0 0 0 0 0 0 0 0 0 0 0 0 0 0 0 0 0 0 0 0 0 0 0 0 0 0 0 0 0 0 0 0 
0 0 0 0 0 0 0 0 0 0 0 0 0 0 0 0 0 0 0 0 0 0 0 0 0 0 0 0 0 0 0 0 0 0 0 0 0 0 0 0 0 0 0 0 0 0 0 0 0 0 0 0 0 0 0 0 0 0 0 0 0 0 0 0 0 0 0 0 0 0 0 0 0 0 0 0 0 0 0 0 0 0 0 0 0 0 0 0 0 0 0 0 0 0 0 0 0 0 0 0 
0 0 0 0 0 0 0 0 0 0 0 0 0 0 0 0 0 0 0 0 0 0 0 0 0 0 0 0 0 0 0 0 0 0 0 0 0 0 0 0 0 0 0 0 0 0 0 0 0 0 0 0 0 0 0 0 0 0 0 0 0 0 0 0 0 0 0 0 0 0 0 0 0 0 0 0 0 0 0 0 0 0 0 0 0 0 0 0 0 0 0 0 0 0 0 0 0 0 0 0 
0 0 0 0 0 0 0 0 0 0 0 0 0 0 0 0 0 0 0 0 0 0 0 0 0 0 0 0 0 0 0 0 0 0 0 0 0 0 0 0 0 0 0 0 0 0 0 0 0 0 0 0 0 0 0 0 0 0 0 0 0 0 0 0 0 0 0 0 0 0 0 0 0 0 0 0 0 0 0 0 0 0 0 0 0 0 0 0 0 0 0 0 0 0 0 0 0 0 0 0 
0 0 0 0 0 0 0 0 0 0 0 0 0 0 0 0 0 0 0 0 0 0 0 0 0 0 0 0 0 0 0 0 0 0 0 0 0 0 0 0 0 0 0 0 0 0 0 0 0 0 0 0 0 0 0 0 0 0 0 0 0 0 0 0 0 0 0 0 0 0 0 0 0 0 0 0 0 0 0 0 0 0 0 0 0 0 0 0 0 0 0 0 0 0 0 0 0 0 0 0 
0 0 0 0 0 0 0 0 0 0 0 0 0 0 0 0 0 0 0 0 0 0 0 0 0 0 0 0 0 0 0 0 0 0 0 0 0 0 0 0 0 0 0 0 0 0 0 0 0 0 0 0 0 0 0 0 0 0 0 0 0 0 0 0 0 0 0 0 0 0 0 0 0 0 0 0 0 0 0 0 0 0 0 0 0 0 0 0 0 0 0 0 0 0 0 0 0 0 0 0 
0 0 0 0 0 0 0 0 0 0 0 0 0 0 0 0 0 0 0 0 0 0 0 0 0 0 0 0 0 0 0 0 0 0 0 0 0 0 0 0 0 0 0 0 0 0 0 0 0 0 0 0 0 0 0 0 0 0 0 0 0 0 0 0 0 0 0 0 0 0 0 0 0 0 0 0 0 0 0 0 0 0 0 0 0 0 0 0 0 0 0 0 0 0 0 0 0 0 0 0 
0 0 0 0 0 0 0 0 0 0 0 0 0 0 0 0 0 0 0 0 0 0 0 0 0 0 0 0 0 0 0 0 0 0 0 0 0 0 0 0 0 0 0 0 0 0 0 0 0 0 0 0 0 0 0 0 0 0 0 0 0 0 0 0 0 0 0 0 0 0 0 0 0 0 0 0 0 0 0 0 0 0 0 0 0 0 0 0 0 0 0 0 0 0 0 0 0 0 0 0 
0 0 0 0 0 0 0 0 0 0 0 0 0 0 0 0 0 0 0 0 0 0 0 0 0 0 0 0 0 0 18727.59542 20612.20289 26099.67679 36096.81654 50412.66968 68338.66584 81242.9568 96717.78131 108976.5507 117395.5823 122477.5717 125856.5832 126768.466 126091.121 130105.4002 132364.5973 135389.1455 131891.9505 135718.7106 129639.0263 130209.823 137925.141 136938.612 138706.0585 142552.3798 148502.1492 148551.0444 157451.0248 163742.9829 170075.4735 174960.9747 179791.8476 187448.0831 189760.0523 188431.4404 199892.7385 203163.8538 203170.938 203137.3219 173901.1314 0 0 0 0 0 0 0 0 0 0 0 0 0 0 0 0 0 0 0 0 0 0 0 0 0 0 0 0 0 0 
0 0 0 0 0 0 0 0 0 0 0 0 0 0 0 0 0 0 0 0 0 0 0 0 0 0 0 0 0 0 41925.52118 42087.91146 55515.25284 78764.30455 105801.9554 141167.7238 168182.5216 204537.1933 234215.2716 243857.3174 253609.1479 265509.5492 271756.4231 269453.0825 275696.0582 278858.1664 270378.3469 270176.065 279952.2226 267314.4218 284028.1001 280593.6268 289018.5714 306341.4581 309618.4594 316503.2103 323308.6732 332165.5394 342275.6137 358708.4443 379122.0659 390214.1877 393686.2975 405107.3848 404838.2495 411598.4106 418842.1815 424526.1298 439733.8355 374062.0796 0 0 0 0 0 0 0 0 0 0 0 0 0 0 0 0 0 0 0 0 0 0 0 0 0 0 0 0 0 0 
0 0 0 0 0 0 0 0 0 0 0 0 0 0 0 0 0 0 0 0 0 0 0 0 0 0 0 0 0 0 41948.3807 43667.95323 57388.93981 77836.61139 107780.601 138401.3503 170401.9015 204026.287 229864.0914 246571.2293 260963.1879 267667.0604 264469.5804 273649.0565 268218.3816 277275.6593 269151.4227 278392.2091 272889.5241 270625.3531 283725.3984 291359.6658 288937.7934 298372.1662 305724.5204 308587.8663 324981.948 336755.4036 338890.1865 357119.7426 376029.9111 382981.7932 405382.6804 406711.1654 412184.2033 425276.2297 429874.6852 432197.4061 436970.5715 364738.6762 0 0 0 0 0 0 0 0 0 0 0 0 0 0 0 0 0 0 0 0 0 0 0 0 0 0 0 0 0 0 
0 0 0 0 0 0 0 0 0 0 0 0 0 0 0 0 0 0 0 0 0 0 0 0 0 0 0 0 0 0 41354.03545 41499.32148 56349.24755 76317.49354 107005.4593 138797.9555 174014.2082 202529.5473 231092.0429 242123.7481 257067.7356 267028.1883 270888.5874 265015.7868 272893.4291 273947.6207 275190.8198 267767.8598 269041.9252 273247.0355 283554.2594 289529.3834 282232.989 299536.8312 316078.3859 310461.4106 320659.6654 331643.9506 341111.0582 359728.911 374628.8468 379847.4002 393577.9621 408287.9615 414101.2392 422994.7414 432178.0433 429600.3352 441870.6156 375993.4638 0 0 0 0 0 0 0 0 0 0 0 0 0 0 0 0 0 0 0 0 0 0 0 0 0 0 0 0 0 0 
0 0 0 0 0 0 0 0 0 0 0 0 0 0 0 0 0 0 0 0 0 0 0 0 0 0 0 0 0 0 40950.13961 41608.1808 56973.13693 79513.59148 109322.41 143792.6459 175885.6045 202769.6007 229275.8529 245208.1496 253065.1552 253508.0478 271554.8041 270280.2733 268220.699 273508.3898 272767.1581 273408.4698 272611.0751 270308.2275 278927.1948 285103.6432 288440.1059 301560.9951 305040.6231 312199.3332 323193.718 332811.4507 344356.8027 363308.3972 375174.4243 383735.563 401102.3896 408472.7969 400195.2317 420267.3362 419685.9544 432942.7096 434668.27 367442.7218 0 0 0 0 0 0 0 0 0 0 0 0 0 0 0 0 0 0 0 0 0 0 0 0 0 0 0 0 0 0 
0 0 0 0 0 0 0 0 0 0 0 0 0 0 0 0 0 0 0 0 0 0 0 0 0 0 0 0 0 0 40205.30187 41084.23954 55779.10733 76791.02388 107351.587 136608.0337 169432.0517 204755.2486 234754.2443 242534.6223 260290.3384 259881.4086 273031.4437 263192.7777 276537.0116 271601.4718 275921.4358 265792.3563 274137.5703 276934.8393 281118.2717 288515.7228 283839.2237 305567.3368 305878.1077 319881.2843 322090.0547 330558.5095 342826.1015 359347.0675 388003.8146 384033.1329 389115.3611 403598.7488 406661.6226 413264.9421 416449.3994 425449.3901 433813.9967 374301.2121 0 0 0 0 0 0 0 0 0 0 0 0 0 0 0 0 0 0 0 0 0 0 0 0 0 0 0 0 0 0 
0 0 0 0 0 0 0 0 0 0 0 0 0 0 0 0 0 0 0 0 0 0 0 0 0 0 0 0 0 0 40211.56316 43338.94767 56695.99486 79166.50732 105853.1413 137391.8088 168917.5806 203632.891 231730.3888 247315.7832 257986.1668 272616.3807 263108.6285 269250.9748 275861.8793 268088.1308 278602.4284 271264.9422 276962.544 278650.8372 283798.3683 281800.5776 285328.2547 300224.6122 310342.6902 311340.4004 321352.142 330986.8518 343204.9837 355478.1635 372471.7823 378427.3184 389710.4797 402811.7173 395059.715 421108.7576 425208.8623 441161.6726 434397.6741 359427.6001 0 0 0 0 0 0 0 0 0 0 0 0 0 0 0 0 0 0 0 0 0 0 0 0 0 0 0 0 0 0 
0 0 0 0 0 0 0 0 0 0 0 0 0 0 0 0 0 0 0 0 0 0 0 0 0 0 0 0 0 0 42598.92667 42637.60272 56968.50861 79857.67774 108616.9471 141216.4261 169416.1358 209902.9529 233115.2282 251622.0449 256765.1984 260459.2291 269584.4081 264027.3984 265366.9221 274863.9406 275230.6269 274336.0186 267595.9953 268469.9992 277193.5284 283698.7729 289368.1601 304138.8633 306046.7429 310942.0345 323716.7273 337958.9451 343849.8461 357835.9699 375189.0243 373054.5505 386077.1857 406577.0839 416245.7838 422619.4166 429933.2699 430754.8618 432081.4209 371674.5187 0 0 0 0 0 0 0 0 0 0 0 0 0 0 0 0 0 0 0 0 0 0 0 0 0 0 0 0 0 0 
0 0 0 0 0 0 0 0 0 0 0 0 0 0 0 0 0 0 0 0 0 0 0 0 0 0 0 0 0 0 38962.79697 41570.17625 56049.5536 77018.1216 106182.6474 141401.6906 167827.7486 203014.2061 231359.58 240888.0606 256360.3435 266683.3992 269568.7359 266423.7893 264706.6741 280152.1752 275318.2243 277284.6833 267047.9332 270096.2615 289639.1761 294023.7898 282153.725 300757.218 305506.3576 311797.238 324124.682 334093.2272 343284.7136 356785.0978 372020.5769 382734.4723 393044.0729 399600.5629 408956.9235 418450.5858 427785.5238 432127.3376 438899.4737 370728.1266 0 0 0 0 0 0 0 0 0 0 0 0 0 0 0 0 0 0 0 0 0 0 0 0 0 0 0 0 0 0 
0 0 0 0 0 0 0 0 0 0 0 0 0 0 0 0 0 0 0 0 0 0 0 0 0 0 0 0 0 0 41898.93442 42434.30658 59665.47636 79512.57752 107683.6952 140453.9459 173154.0472 202873.3533 228236.2511 248311.9603 259899.2929 264349.4241 269425.9132 269947.4635 264899.053 277477.6486 274835.5057 276558.4371 272388.6535 273112.3527 280444.1364 287033.2164 286165.8526 299409.1614 309673.1426 318814.6284 324324.8334 329056.97 350262.4481 357953.9964 373933.6719 385567.819 392033.8016 409442.132 409147.7801 420568.471 417079.2644 438317.2987 433919.1139 373646.2021 0 0 0 0 0 0 0 0 0 0 0 0 0 0 0 0 0 0 0 0 0 0 0 0 0 0 0 0 0 0 
0 0 0 0 0 0 0 0 0 0 0 0 0 0 0 0 0 0 0 0 0 0 0 0 0 0 0 0 0 0 42389.31807 40906.45348 56058.15296 80847.32282 105446.1795 141476.2531 172526.4282 207751.7242 231299.3968 246856.8753 260402.9431 262520.2295 263861.9877 270799.6927 271369.1628 274728.4432 275055.233 275526.3019 269502.4753 271062.9143 283011.3866 285013.8482 294231.0304 298300.5726 307976.8628 310413.0443 326041.7854 337752.6209 340108.9609 355436.3607 375955.0636 384445.5929 393710.1573 399330.7997 414186.2769 417890.2233 421204.9581 441022.994 446353.1205 370467.0578 0 0 0 0 0 0 0 0 0 0 0 0 0 0 0 0 0 0 0 0 0 0 0 0 0 0 0 0 0 0 
0 0 0 0 0 0 0 0 0 0 0 0 0 0 0 0 0 0 0 0 0 0 0 0 0 0 0 0 0 0 41143.64835 40994.54102 57735.25976 75249.24002 106220.6754 138053.615 167504.7782 205235.2264 231298.286 250913.9859 265377.3486 264919.4072 265525.1296 271052.4674 269096.6113 273199.7245 265580.0815 279017.7098 267918.5922 276193.7626 271673.628 284876.9293 283857.7253 306588.131 311918.8808 314710.0238 324586.8701 337476.8749 348639.8427 358738.1702 371579.849 386967.3577 391088.2088 400003.9307 405426.6143 415076.6175 425724.991 425914.3798 442976.0007 370252.6922 0 0 0 0 0 0 0 0 0 0 0 0 0 0 0 0 0 0 0 0 0 0 0 0 0 0 0 0 0 0 
0 0 0 0 0 0 0 0 0 0 0 0 0 0 0 0 0 0 0 0 0 0 0 0 0 0 0 0 0 0 41424.995 39839.82248 58592.26112 77832.36499 106906.349 139642.3992 175401.286 203291.5744 229290.5684 243254.4154 265123.7051 259520.6212 268933.1486 269570.0261 273795.2758 268926.8006 278667.1295 277606.9581 271978.3896 274183.1949 281641.4699 289982.7587 292923.5697 295514.4816 313960.8282 309844.6509 329651.0226 330934.8902 343830.1256 359693.2752 376880.1074 385948.3858 387940.1498 398943.1883 412626.7434 418237.2582 425492.6666 433113.1248 438230.8836 376802.366 0 0 0 0 0 0 0 0 0 0 0 0 0 0 0 0 0 0 0 0 0 0 0 0 0 0 0 0 0 0 
0 0 0 0 0 0 0 0 0 0 0 0 0 0 0 0 0 0 0 0 0 0 0 0 0 0 0 0 0 0 41007.59868 40893.27083 53769.50503 82349.34456 109847.4795 136309.3595 173398.443 203621.42 231191.3655 243295.898 255682.6672 263147.5648 268406.5463 265698.4551 272312.4531 270041.9342 277632.8708 274482.43 271773.3445 269387.1718 277263.9932 286974.555 287454.6438 306765.2856 308926.138 311054.9294 313958.159 342678.1878 346622.9026 366377.7932 368235.4913 386311.1894 393744.7786 398054.0359 409883.9183 423422.6624 422273.0493 433918.7072 432977.3856 368126.0992 0 0 0 0 0 0 0 0 0 0 0 0 0 0 0 0 0 0 0 0 0 0 0 0 0 0 0 0 0 0 
0 0 0 0 0 0 0 0 0 0 0 0 0 0 0 0 0 0 0 0 0 0 0 0 0 0 0 0 0 0 41115.53397 42464.24013 58746.06779 78987.04729 105951.9873 135682.6241 171145.8774 197882.1108 233554.1416 241954.9524 258240.0733 267285.8715 268948.6652 272852.008 271263.8845 268773.3521 273487.2221 275679.3511 262909.3622 274600.6098 281675.9898 286548.7699 293403.6546 302641.4707 311845.6577 313179.217 320261.2123 327898.24 338204.3243 360297.7797 376202.0425 382686.0396 388825.876 393263.9622 406380.6438 417875.9805 425472.97 428711.4359 443028.9798 369711.395 0 0 0 0 0 0 0 0 0 0 0 0 0 0 0 0 0 0 0 0 0 0 0 0 0 0 0 0 0 0 
0 0 0 0 0 0 0 0 0 0 0 0 0 0 0 0 0 0 0 0 0 0 0 0 0 0 0 0 0 0 40541.33857 42824.51027 56481.41128 75491.59693 103514.1359 139695.4895 166436.182 204320.2855 227218.5096 241235.7913 257223.1229 267351.6787 270744.9191 268827.2831 272877.74 277524.9 274634.6197 271080.3586 270891.7393 280950.9229 289892.5893 286221.1125 286402.5243 306165.1874 318122.4889 310861.1943 321557.6548 331639.6868 343812.502 358697.069 371189.5614 387229.7177 399327.2575 410349.2673 409772.5303 413580.0878 423037.1381 432292.4411 425199.3798 371083.2745 0 0 0 0 0 0 0 0 0 0 0 0 0 0 0 0 0 0 0 0 0 0 0 0 0 0 0 0 0 0 
0 0 0 0 0 0 0 0 0 0 0 0 0 0 0 0 0 0 0 0 0 0 0 0 0 0 0 0 0 0 39796.55234 44697.97842 54923.51293 77989.9447 104811.211 134380.7826 173461.1809 198296.2358 230694.9231 243251.8036 268239.6341 259417.7031 269772.0898 265973.7637 276260.3155 279887.2385 276610.3288 268691.5656 273408.925 270679.8735 280681.6843 285967.8306 289601.3725 294942.8771 307552.9118 318792.3088 328582.1462 336230.6118 339449.3262 356616.8805 377245.316 391477.4639 395237.5966 397426.066 406720.4268 417731.6048 434311.5118 426465.2672 430870.2318 364263.3187 0 0 0 0 0 0 0 0 0 0 0 0 0 0 0 0 0 0 0 0 0 0 0 0 0 0 0 0 0 0 
0 0 0 0 0 0 0 0 0 0 0 0 0 0 0 0 0 0 0 0 0 0 0 0 0 0 0 0 0 0 40230.22961 41103.32704 56439.49894 78941.31952 108686.1465 137331.2634 171448.6758 208374.2287 226412.9149 245180.6977 256215.2013 261719.6223 271304.584 269265.7704 273586.3241 270348.5586 278702.1085 273617.58 277677.5537 272022.1719 278572.8489 285709.6174 287418.6054 299310.426 306129.1507 310703.2709 318651.5079 332760.1568 353459.4422 368601.5621 371747.1716 388583.049 392930.4126 402968.0683 400314.4722 418363.757 426890.0096 435047.2957 447391.5882 376106.508 0 0 0 0 0 0 0 0 0 0 0 0 0 0 0 0 0 0 0 0 0 0 0 0 0 0 0 0 0 0 
0 0 0 0 0 0 0 0 0 0 0 0 0 0 0 0 0 0 0 0 0 0 0 0 0 0 0 0 0 0 39997.78407 41653.18405 56927.4965 77581.75098 108928.2119 140676.3334 172899.4693 200127.4817 230985.2889 244936.0321 254174.9363 263040.0786 269863.3469 262641.1778 274040.7425 277282.2313 272323.2684 275143.9999 273487.2599 273580.8155 280523.221 285112.615 286801.9043 305328.0803 311474.8305 314106.9644 317323.511 344199.4889 348937.0514 363194.9712 372322.287 379474.2372 394715.618 404009.9895 414752.1298 433471.4551 423802.1061 431936.6295 443387.4217 374002.6195 0 0 0 0 0 0 0 0 0 0 0 0 0 0 0 0 0 0 0 0 0 0 0 0 0 0 0 0 0 0 
0 0 0 0 0 0 0 0 0 0 0 0 0 0 0 0 0 0 0 0 0 0 0 0 0 0 0 0 0 0 42089.75888 42754.28169 54912.11625 78691.7 107456.932 139897.8275 173709.4654 201248.9953 236083.6588 250105.6471 256880.9536 265838.3047 267648.683 270731.0446 270169.2421 273111.8093 272907.9699 277427.8474 273764.3439 270106.1415 285014.0808 286949.6712 285897.5715 299318.8562 308161.7084 312806.955 324050.8783 344360.9376 345572.6103 363933.8907 373128.3069 378772.3462 396042.3595 407054.8476 413378.3051 415728.692 434097.969 433924.4206 448829.0508 373101.8445 0 0 0 0 0 0 0 0 0 0 0 0 0 0 0 0 0 0 0 0 0 0 0 0 0 0 0 0 0 0 
0 0 0 0 0 0 0 0 0 0 0 0 0 0 0 0 0 0 0 0 0 0 0 0 0 0 0 0 0 0 41497.79556 43000.04616 58466.84989 79224.17007 107190.8449 135829.2641 171638.1061 207182.2781 232458.7529 252771.3267 251908.1401 265328.0256 263131.524 270774.5928 271108.4128 274560.3959 277497.1481 275402.6499 271962.1654 272424.1266 277153.8337 290423.5221 284418.3917 298732.129 308998.5068 315992.439 321227.4675 337762.6446 349032.652 364343.9531 373859.9131 379824.2617 394894.6714 402215.4999 414149.8256 416568.9199 430260.6987 424438.1733 446829.5483 373094.0245 0 0 0 0 0 0 0 0 0 0 0 0 0 0 0 0 0 0 0 0 0 0 0 0 0 0 0 0 0 0 
0 0 0 0 0 0 0 0 0 0 0 0 0 0 0 0 0 0 0 0 0 0 0 0 0 0 0 0 0 0 41421.41511 42540.41374 55319.22869 78589.87252 108440.3406 139273.8699 174887.8974 200232.1726 226772.2062 242709.4214 259591.9798 269045.0265 276238.0355 264471.2919 278813.4536 275122.6865 276312.2603 270957.5797 274348.6799 281851.3348 281156.5363 280985.5865 298417.7096 303164.737 307707.3927 317347.5825 323578.7217 345285.6929 342755.7793 356842.857 380154.3317 391123.1002 396476.9758 401140.2631 420150.6104 422616.826 433901.5587 428415.525 449840.2481 372464.8802 0 0 0 0 0 0 0 0 0 0 0 0 0 0 0 0 0 0 0 0 0 0 0 0 0 0 0 0 0 0 
0 0 0 0 0 0 0 0 0 0 0 0 0 0 0 0 0 0 0 0 0 0 0 0 0 0 0 0 0 0 42211.8697 40673.04834 56783.98429 80928.66403 105831.229 138090.3121 171702.4588 208114.79 230059.7347 241981.4421 255687.1091 265554.844 270883.0596 261652.9342 268290.1977 279055.9683 274313.58 277274.4547 271769.1349 269932.7352 278979.5664 285828.2242 290594.216 305448.9984 318404.4647 311838.4751 328024.872 337980.5198 345775.3895 363149.9294 381182.0861 385445.3428 392805.2702 404030.3819 412772.5899 414698.2183 425700.2002 436314.8277 442541.0231 372232.329 0 0 0 0 0 0 0 0 0 0 0 0 0 0 0 0 0 0 0 0 0 0 0 0 0 0 0 0 0 0 
0 0 0 0 0 0 0 0 0 0 0 0 0 0 0 0 0 0 0 0 0 0 0 0 0 0 0 0 0 0 42644.07375 42371.11526 56997.91395 77945.83865 107543.2558 140516.9473 174021.4931 207014.3901 226989.9076 247562.774 264688.2599 274685.7979 272301.1116 272986.4305 269064.9561 276331.3307 279876.4178 273042.5337 275085.5543 272940.4341 282792.2575 289239.9402 288755.9298 304643.1403 309808.0345 308747.7164 320740.1857 338968.6828 343256.0026 371266.8 374510.1736 382042.953 399945.9311 400931.4439 407982.0818 423576.8527 417853.3999 429088.3001 444071.82 376930.3912 0 0 0 0 0 0 0 0 0 0 0 0 0 0 0 0 0 0 0 0 0 0 0 0 0 0 0 0 0 0 
0 0 0 0 0 0 0 0 0 0 0 0 0 0 0 0 0 0 0 0 0 0 0 0 0 0 0 0 0 0 42529.67855 42024.17551 57196.20134 81678.09437 105163.307 137479.3216 175589.54 207332.1616 227690.9145 248134.4457 257125.0417 262233.2419 271527.7838 271127.9493 282397.5168 276933.277 276182.7276 277215.7929 273474.9085 276547.6243 280482.1319 288379.9003 294107.3319 294259.839 306843.1872 309254.417 324382.8224 330721.6133 348003.4766 365678.4801 376886.3426 377528.6016 396881.0479 412853.5693 408346.9749 420605.3843 424092.6656 432362.6104 432612.6397 374465.2201 0 0 0 0 0 0 0 0 0 0 0 0 0 0 0 0 0 0 0 0 0 0 0 0 0 0 0 0 0 0 
0 0 0 0 0 0 0 0 0 0 0 0 0 0 0 0 0 0 0 0 0 0 0 0 0 0 0 0 0 0 40381.50405 43838.1997 55739.2074 80543.31963 106834.7622 140018.1621 175429.9638 202457.8091 224849.5706 250139.7521 264329.0952 275058.1899 268032.8085 273326.5162 274287.1596 279995.5512 280001.3489 275470.442 272910.1653 272175.4368 283987.9421 292331.3682 285272.0439 300619.4277 309030.5213 313989.1227 322989.4763 328838.8729 341540.7726 358421.3501 378403.0535 375853.0895 395880.8207 404719.0762 411556.5962 428793.5527 418733.3943 432632.3205 444375.8971 375549.3845 0 0 0 0 0 0 0 0 0 0 0 0 0 0 0 0 0 0 0 0 0 0 0 0 0 0 0 0 0 0 
0 0 0 0 0 0 0 0 0 0 0 0 0 0 0 0 0 0 0 0 0 0 0 0 0 0 0 0 0 0 41331.49742 40163.95777 56571.64937 77244.00777 111449.9725 143250.3519 172057.7761 206360.5927 230400.5489 253233.596 260721.2218 270160.2429 264483.9608 268217.8259 267799.3161 268917.1393 274987.5466 280463.7142 274440.8753 278236.0613 279095.6177 285894.7541 294352.9688 304245.4982 313991.2572 316637.3529 323712.6648 336182.4857 341169.64 360640.1814 374854.8353 387667.5122 397903.8068 399371.8925 409758.3651 430348.6951 438572.7164 431764.5071 438459.9099 372437.9375 0 0 0 0 0 0 0 0 0 0 0 0 0 0 0 0 0 0 0 0 0 0 0 0 0 0 0 0 0 0 
0 0 0 0 0 0 0 0 0 0 0 0 0 0 0 0 0 0 0 0 0 0 0 0 0 0 0 0 0 0 39709.86424 44144.28349 57110.9125 78477.56285 106759.5449 144283.2177 173360.9267 203771.0761 229139.0741 249365.1119 261617.2486 261452.8678 271462.4715 270639.0561 278871.3659 278653.9402 271788.1252 276604.5459 276438.1248 274210.6889 280896.9 293909.5336 291076.9101 301632.672 312516.3575 327816.3415 324986.5168 335859.5835 352620.9963 366784.3531 371155.3164 388763.2799 396674.1301 406005.3191 411826.9696 417311.9507 422931.4909 436414.4843 445153.2327 376085.351 0 0 0 0 0 0 0 0 0 0 0 0 0 0 0 0 0 0 0 0 0 0 0 0 0 0 0 0 0 0 
0 0 0 0 0 0 0 0 0 0 0 0 0 0 0 0 0 0 0 0 0 0 0 0 0 0 0 0 0 0 42316.8517 43110.54102 55826.53616 77728.61115 108006.0412 141122.2691 173399.5101 205724.7165 233776.5186 251017.8997 256163.7346 272530.0355 263872.1811 271017.5519 272919.7564 271272.5673 274186.1967 281579.7706 274530.562 279860.0942 279358.8785 285073.109 288627.9891 305353.7198 312979.5945 317807.2278 320249.3443 331855.4305 346999.2228 366877.5659 380420.3531 386310.4241 391927.252 404516.1403 407639.2117 422115.7103 424276.82 444663.2019 434941.3336 374438.5662 0 0 0 0 0 0 0 0 0 0 0 0 0 0 0 0 0 0 0 0 0 0 0 0 0 0 0 0 0 0 
0 0 0 0 0 0 0 0 0 0 0 0 0 0 0 0 0 0 0 0 0 0 0 0 0 0 0 0 0 0 40989.33551 44609.42187 55092.34227 76563.98716 106061.1427 140426.167 168748.6389 206455.3666 230616.637 253222.5023 266374.9475 263386.767 270760.2454 273309.8592 273446.6217 277760.3466 281292.2163 275525.251 270562.5108 272536.3052 281155.7573 282784.1644 287344.6623 301656.9654 310704.347 319273.8379 321144.9068 345013.2665 348952.9407 373378.3141 378195.8714 392253.5137 390349.0466 398241.3995 418825.2984 425854.0355 422618.7046 430667.4951 442659.285 372455.8155 0 0 0 0 0 0 0 0 0 0 0 0 0 0 0 0 0 0 0 0 0 0 0 0 0 0 0 0 0 0 
0 0 0 0 0 0 0 0 0 0 0 0 0 0 0 0 0 0 0 0 0 0 0 0 0 0 0 0 0 0 41939.76534 42535.50667 56828.59584 78331.28313 107103.3224 139699.1245 171498.4497 207106.7871 229261.7586 246043.5531 255702.8903 268591.6588 264181.9775 270067.7651 267363.8281 272723.3938 281880.3894 275288.6037 276127.0876 264773.447 279900.3593 290688.6564 292209.4733 305015.9571 304773.1647 315770.9304 323558.5055 336348.2781 339130.7348 368297.5167 371641.6803 377373.0712 398079.8677 399903.5089 413092.4667 421347.312 429242.7533 429904.3708 427440.2264 375909.986 0 0 0 0 0 0 0 0 0 0 0 0 0 0 0 0 0 0 0 0 0 0 0 0 0 0 0 0 0 0 
0 0 0 0 0 0 0 0 0 0 0 0 0 0 0 0 0 0 0 0 0 0 0 0 0 0 0 0 0 0 41290.08985 43048.59039 52929.02142 77614.27232 105670.5959 139422.4316 175146.8598 204791.3915 232380.0947 248500.2252 264308.6318 260138.3181 264009.4334 269861.8949 274177.9361 273367.6341 272198.1471 276971.1077 267062.9851 265057.2431 276718.2533 289201.903 282323.7594 297101.9414 309301.973 315130.1938 330613.0358 338063.9087 342539.2831 358221.2172 373239.9687 379570.4012 393800.4204 399683.0772 405065.1148 417873.7233 421686.9226 432752.7986 448633.5278 372667.6117 0 0 0 0 0 0 0 0 0 0 0 0 0 0 0 0 0 0 0 0 0 0 0 0 0 0 0 0 0 0 
0 0 0 0 0 0 0 0 0 0 0 0 0 0 0 0 0 0 0 0 0 0 0 0 0 0 0 0 0 0 41314.28668 41171.3863 52952.88978 76077.7939 104118.6738 141127.8187 169088.3261 206580.0892 227631.6865 246455.4603 255978.1873 262306.342 261303.7083 260444.086 266326.8364 276315.3501 271548.0389 265344.0029 273210.0856 270907.1283 275088.8039 291141.7439 287493.0059 300782.6319 305153.381 313696.3505 325119.3784 333678.399 343366.9283 361527.9098 379096.9689 382046.5342 389179.6926 405021.8131 408080.3506 413232.2417 421615.7746 421075.8295 440418.6771 374346.1029 0 0 0 0 0 0 0 0 0 0 0 0 0 0 0 0 0 0 0 0 0 0 0 0 0 0 0 0 0 0 
0 0 0 0 0 0 0 0 0 0 0 0 0 0 0 0 0 0 0 0 0 0 0 0 0 0 0 0 0 0 42758.16486 41139.59131 54806.61676 77258.46788 103811.5721 139707.3449 168024.5325 198442.6515 228392.5839 244404.3557 258617.8406 252201.5989 267398.5318 264715.595 268825.8361 271817.5298 275165.6899 271487.6936 257586.4409 274163.9676 271862.6024 280903.969 273422.719 298273.6406 307387.9891 305305.913 316896.3533 335823.7155 348983.616 362163.0174 367650.7499 376096.1127 383463.3385 391298.093 403613.212 412873.5785 410866.1442 428825.4283 438100.7986 364669.5594 0 0 0 0 0 0 0 0 0 0 0 0 0 0 0 0 0 0 0 0 0 0 0 0 0 0 0 0 0 0 
0 0 0 0 0 0 0 0 0 0 0 0 0 0 0 0 0 0 0 0 0 0 0 0 0 0 0 0 0 0 41386.2436 42091.48574 54634.59435 77344.59124 104848.5146 139851.2331 172486.5236 203116.0899 227874.9999 242604.1822 243258.929 261223.1552 261418.3088 264616.1724 265418.5955 266553.1332 267508.9091 272013.1928 265857.5632 269891.2613 272881.5816 280979.183 279665.2442 294450.2985 307756.5883 310051.6826 314848.174 330775.3681 341930.2079 351164.8213 369926.5621 375844.7949 386157.1434 391202.8901 396208.3545 400416.9194 423334.4644 423571.3888 429799.1352 359990.9381 0 0 0 0 0 0 0 0 0 0 0 0 0 0 0 0 0 0 0 0 0 0 0 0 0 0 0 0 0 0 
0 0 0 0 0 0 0 0 0 0 0 0 0 0 0 0 0 0 0 0 0 0 0 0 0 0 0 0 0 0 37460.86628 41743.27099 54943.61868 74695.9582 105745.2647 133738.2537 171582.9384 197983.151 227460.8809 240937.2535 258326.6601 262994.9124 261441.8876 267950.6817 264893.0256 274325.3085 259844.6797 265242.9789 263347.4661 268809.1146 272097.9895 277017.0128 284728.7528 291973.0742 301415.166 314158.1422 314156.4561 324387.3283 338263.4733 358511.1717 362665.6109 377682.6286 383413.596 401611.7618 408445.7683 416135.4621 410507.4011 427619.4043 433974.2066 364557.2646 0 0 0 0 0 0 0 0 0 0 0 0 0 0 0 0 0 0 0 0 0 0 0 0 0 0 0 0 0 0 
0 0 0 0 0 0 0 0 0 0 0 0 0 0 0 0 0 0 0 0 0 0 0 0 0 0 0 0 0 0 41701.77446 41207.52258 54569.90627 75496.2404 105827.2269 134803.4503 167539.2558 201798.3202 222285.1532 244537.2402 250071.744 259969.1898 260954.0259 267642.782 262220.9721 265323.3431 268547.8001 264680.7264 267242.9718 264902.8686 277387.8875 279223.6657 282315.2919 294336.9547 303125.0247 318557.2264 307825.4109 329071.2171 345258.6397 355517.5968 369414.6203 372505.1355 383222.8195 393410.6645 399319.6498 411321.1277 426181.3811 430581.959 422149.7027 361588.7681 0 0 0 0 0 0 0 0 0 0 0 0 0 0 0 0 0 0 0 0 0 0 0 0 0 0 0 0 0 0 
0 0 0 0 0 0 0 0 0 0 0 0 0 0 0 0 0 0 0 0 0 0 0 0 0 0 0 0 0 0 39674.75787 40948.55425 55359.552 79833.43061 105243.0276 135282.4873 163348.8543 198334.5332 221938.2039 243041.8491 250571.6304 262278.5874 260706.8204 269434.7139 270784.5738 263864.5483 274061.3816 277332.2874 270808.8242 266132.0478 279030.4203 287995.4597 280600.4763 294675.3731 302427.2896 300737.842 321588.1526 331977.603 338685.3629 356031.8062 367502.7712 372869.6876 376829.2275 400003.1898 398573.5952 408138.6698 414127.0964 427718.3527 429599.7917 362498.1286 0 0 0 0 0 0 0 0 0 0 0 0 0 0 0 0 0 0 0 0 0 0 0 0 0 0 0 0 0 0 
0 0 0 0 0 0 0 0 0 0 0 0 0 0 0 0 0 0 0 0 0 0 0 0 0 0 0 0 0 0 39415.29182 42134.63338 55643.19581 78219.53371 106700.0843 137583.4204 172016.1041 201365.2825 224560.6465 246126.3315 252605.6243 261824.8227 267866.2056 261729.8661 269176.2716 265279.8035 273248.0739 271856.6615 268219.1646 268907.3568 266850.058 278064.7981 279855.7815 291639.1815 307023.7932 299928.3996 314582.033 329279.8809 337194.0124 354830.2814 364905.6308 374117.5334 388953.8787 389314.4992 395756.4216 419459.3424 411841.3542 427272.1022 425911.7611 367867.4776 0 0 0 0 0 0 0 0 0 0 0 0 0 0 0 0 0 0 0 0 0 0 0 0 0 0 0 0 0 0 
0 0 0 0 0 0 0 0 0 0 0 0 0 0 0 0 0 0 0 0 0 0 0 0 0 0 0 0 0 0 38335.60119 42473.58419 54718.64781 78975.26821 106194.2216 132310.6909 164495.865 198058.0154 219038.1926 240860.3152 245596.6533 262765.5003 257462.4343 258929.1251 268754.0658 267523.563 269532.8955 265736.3842 270394.8157 269274.4913 274727.9944 280958.665 274622.6799 296325.5707 306221.355 309452.6132 306844.7876 331424.429 343190.2334 356807.3943 369801.9433 375395.7255 378255.2086 389734.4252 398820.6984 410755.9411 427355.2678 424071.9384 433526.6145 362334.5863 0 0 0 0 0 0 0 0 0 0 0 0 0 0 0 0 0 0 0 0 0 0 0 0 0 0 0 0 0 0 
0 0 0 0 0 0 0 0 0 0 0 0 0 0 0 0 0 0 0 0 0 0 0 0 0 0 0 0 0 0 37538.36744 40880.6262 53960.23328 76653.5366 104913.4578 136449.1608 167016.9854 202889.4351 218992.9014 236115.3109 251027.1187 259986.7538 257147.1815 268591.133 272392.1526 270654.9765 271489.6027 269051.1211 264217.7944 263096.7825 279379.952 291106.246 288306.6908 283547.8125 304014.6108 308051.4556 315699.6668 324980.2991 339993.0684 350998.2231 371368.5396 379896.0406 388425.3777 390244.1215 386205.8048 417077.7893 416151.3751 427254.4299 433272.2764 358562.2788 0 0 0 0 0 0 0 0 0 0 0 0 0 0 0 0 0 0 0 0 0 0 0 0 0 0 0 0 0 0 
0 0 0 0 0 0 0 0 0 0 0 0 0 0 0 0 0 0 0 0 0 0 0 0 0 0 0 0 0 0 39850.99021 40086.25968 53452.40731 76345.59993 101994.465 135923.8564 167526.3179 194499.1078 227574.1867 240275.8096 256212.0757 262188.9197 261242.2817 267712.6911 257392.1457 272104.4798 264068.3173 271495.592 263250.2238 269348.5944 274799.453 286571.117 277549.1191 290915.4691 299605.267 310358.1713 318183.4803 334555.3071 341242.1632 354836.9905 368768.5685 377678.2538 384697.8878 400048.2453 398869.1773 406329.1372 410272.7458 429674.4555 436574.4261 367910.2106 0 0 0 0 0 0 0 0 0 0 0 0 0 0 0 0 0 0 0 0 0 0 0 0 0 0 0 0 0 0 
0 0 0 0 0 0 0 0 0 0 0 0 0 0 0 0 0 0 0 0 0 0 0 0 0 0 0 0 0 0 39499.86013 39075.70945 53873.51994 72509.59975 103132.816 133999.8951 166785.4572 198637.8882 231362.1456 240975.1356 258069.2844 255193.9169 256660.2709 257638.233 266723.1653 262432.4128 269202.2229 272052.037 273472.3548 257377.9981 273484.9731 283462.1968 286989.2348 294346.2486 294699.0806 305585.1019 314729.2946 331383.1749 337647.0619 355012.5083 356645.1874 377135.8175 380207.885 392346.049 398601.2071 421557.0347 401884.3356 415735.4234 431969.3015 367244.9907 0 0 0 0 0 0 0 0 0 0 0 0 0 0 0 0 0 0 0 0 0 0 0 0 0 0 0 0 0 0 
0 0 0 0 0 0 0 0 0 0 0 0 0 0 0 0 0 0 0 0 0 0 0 0 0 0 0 0 0 0 41704.47493 40358.01121 54808.86981 76261.07067 105190.2599 136131.6378 165012.7887 201757.4505 228553.8842 239668.3489 247974.3484 259911.7551 257732.7407 254264.3845 257595.7244 263079.6097 264179.7701 266512.3767 262916.2274 267465.4472 280993.8146 279005.9427 276869.5143 298764.2895 302772.0788 300515.6143 317514.094 331044.9031 339796.0939 361465.593 367683.0325 379925.9519 382449.6511 393235.4986 396712.4954 408176.5888 416344.6921 419165.2698 426523.7142 358171.0099 0 0 0 0 0 0 0 0 0 0 0 0 0 0 0 0 0 0 0 0 0 0 0 0 0 0 0 0 0 0 
0 0 0 0 0 0 0 0 0 0 0 0 0 0 0 0 0 0 0 0 0 0 0 0 0 0 0 0 0 0 39681.07396 41881.93586 55134.72839 76999.03192 105416.2222 136465.2631 169194.5016 202644.0291 227451.8349 244601.7601 252900.6164 261135.2428 264212.428 262792.7752 260591.7713 264667.9166 268386.0021 277687.1715 266281.1429 264046.1954 269867.1073 281962.9604 276275.7889 302047.6382 307339.7828 307142.7189 314461.9743 327749.9158 340149.3 359335.2007 372762.1165 377638.1233 383525.266 387119.4735 406623.036 418564.0011 409532.6722 420083.4702 429187.825 363932.4326 0 0 0 0 0 0 0 0 0 0 0 0 0 0 0 0 0 0 0 0 0 0 0 0 0 0 0 0 0 0 
0 0 0 0 0 0 0 0 0 0 0 0 0 0 0 0 0 0 0 0 0 0 0 0 0 0 0 0 0 0 38901.16233 43220.04271 55107.0452 77707.27573 104747.5374 133719.0688 166317.6883 197119.6952 224096.8524 243267.6761 248027.4543 258928.6701 261071.0522 262187.2596 263235.1506 266044.6763 269335.7809 267015.0367 269909.1425 270923.7181 274435.6485 286363.596 284124.2688 291132.639 302027.1823 301902.6609 316603.5418 332796.6386 338013.5526 365826.179 366276.8073 379873.2121 383087.7357 398370.8975 406080.0367 417768.3363 415356.0128 421925.8878 435517.9323 367774.4131 0 0 0 0 0 0 0 0 0 0 0 0 0 0 0 0 0 0 0 0 0 0 0 0 0 0 0 0 0 0 
0 0 0 0 0 0 0 0 0 0 0 0 0 0 0 0 0 0 0 0 0 0 0 0 0 0 0 0 0 0 41773.83815 41529.99098 52903.9141 75934.28004 105647.3174 137160.1475 169508.5972 201273.8585 229567.0152 243279.6841 259018.8461 258342.4975 260619.9436 260153.0241 268814.9347 274727.2448 269484.795 276549.273 268804.7933 275835.6377 271438.9065 279628.0293 273873.4749 294139.8864 299873.5994 305678.5534 315337.3548 325636.3088 337715.7324 357228.8384 366897.9497 383400.9226 381985.1789 401505.6315 399845.7566 413780.071 407542.4753 419520.1121 431789.803 360354.226 0 0 0 0 0 0 0 0 0 0 0 0 0 0 0 0 0 0 0 0 0 0 0 0 0 0 0 0 0 0 
0 0 0 0 0 0 0 0 0 0 0 0 0 0 0 0 0 0 0 0 0 0 0 0 0 0 0 0 0 0 40998.03541 39487.94526 56815.55495 77634.11747 104287.5644 139849.6575 165448.986 201157.7759 238206.6354 245772.0799 254289.7062 260015.9723 265968.7613 261273.4694 269665.5813 270430.652 278780.1769 280977.6209 273961.3437 267847.2584 283490.5604 280907.7314 288913.9991 297443.1903 309572.9774 302764.4696 326848.0113 335103.496 339686.1309 357796.5315 374289.8431 375123.4533 391416.482 397674.6949 399771.2315 412235.5649 422630.0555 422341.8683 437222.206 371774.4192 0 0 0 0 0 0 0 0 0 0 0 0 0 0 0 0 0 0 0 0 0 0 0 0 0 0 0 0 0 0 
0 0 0 0 0 0 0 0 0 0 0 0 0 0 0 0 0 0 0 0 0 0 0 0 0 0 0 0 0 0 42385.87662 42866.1885 57542.10023 79613.99317 102955.8866 137632.8844 174031.7391 206124.289 229672.4578 247379.8164 261096.9526 266926.9399 265653.6633 269971.9231 274093.7016 273168.6748 276425.8535 268979.8255 278479.7163 270126.2504 283255.3289 284636.2296 282953.5926 300773.5373 309039.521 317127.8805 315507.7671 339095.0229 339560.3474 366069.0404 369299.5587 381704.453 388084.0152 407053.3437 416446.4392 417464.4357 426262.8346 431992.6448 434751.4252 371376.4764 0 0 0 0 0 0 0 0 0 0 0 0 0 0 0 0 0 0 0 0 0 0 0 0 0 0 0 0 0 0 
0 0 0 0 0 0 0 0 0 0 0 0 0 0 0 0 0 0 0 0 0 0 0 0 0 0 0 0 0 0 41194.91296 42827.32285 57101.35962 77982.72884 109734.694 140167.4404 171468.2371 209768.5473 229965.8777 250155.4236 264482.7662 271587.2193 261953.4065 273702.1439 275512.4895 275624.347 285303.8241 283103.7624 275788.0175 271649.3986 271960.4524 287629.6058 289074.7965 293028.1895 313582.841 309684.2506 323194.6082 335193.0457 342591.4219 359089.0807 372047.2733 390637.339 390240.0508 397014.4588 414392.7525 421137.7651 428016.0775 440702.7762 437734.4941 375013.0197 0 0 0 0 0 0 0 0 0 0 0 0 0 0 0 0 0 0 0 0 0 0 0 0 0 0 0 0 0 0 
0 0 0 0 0 0 0 0 0 0 0 0 0 0 0 0 0 0 0 0 0 0 0 0 0 0 0 0 0 0 41522.65162 42115.02988 55729.35353 78503.93242 107180.744 140731.9672 180561.2812 203852.0662 228717.835 248775.8994 259474.2589 263178.0761 267227.1087 270353.272 270099.0832 279016.1402 278439.3582 275538.7088 281198.4308 274051.6772 277034.028 294349.0062 290922.2234 301926.9485 312680.5389 318935.0929 322740.8939 336248.6634 342724.9044 366342.0144 380527.3156 389650.3174 392015.3457 404350.5075 412482.2675 424929.3691 417026.1686 428250.3062 442351.6188 371870.9505 0 0 0 0 0 0 0 0 0 0 0 0 0 0 0 0 0 0 0 0 0 0 0 0 0 0 0 0 0 0 
0 0 0 0 0 0 0 0 0 0 0 0 0 0 0 0 0 0 0 0 0 0 0 0 0 0 0 0 0 0 40117.355 42410.17658 58040.88285 77134.19596 107695.1085 138431.2311 178017.8793 202979.0591 233765.2595 250435.1447 256125.7917 263930.2641 262189.2859 272659.6034 268632.7904 270118.2096 273747.7295 272599.4857 274540.9096 278640.1068 286977.029 287533.4379 281651.2541 301841.0635 307694.5613 320606.8331 329289.1991 334532.9941 346790.5843 366395.1976 381626.7273 382224.7347 395569.9692 401587.34 406981.2746 425027.8242 429935.6155 428671.2349 443504.5578 364926.5699 0 0 0 0 0 0 0 0 0 0 0 0 0 0 0 0 0 0 0 0 0 0 0 0 0 0 0 0 0 0 
0 0 0 0 0 0 0 0 0 0 0 0 0 0 0 0 0 0 0 0 0 0 0 0 0 0 0 0 0 0 41136.31451 42270.42186 58459.1204 78368.39174 107254.8784 136558.1061 174461.4022 201296.4279 233611.467 250059.272 262701.3468 269637.5847 266209.5504 267102.473 272398.0196 273963.179 281839.7575 278036.1134 272220.3693 271732.3792 282118.1277 290832.2064 287544.6785 305314.4556 317054.4907 315854.3403 313527.3408 342555.9977 339116.2671 363331.8347 375954.6272 382386.4087 402885.1544 401956.0286 412500.0993 427964.232 422206.3154 436579.1406 442594.5935 371344.0728 0 0 0 0 0 0 0 0 0 0 0 0 0 0 0 0 0 0 0 0 0 0 0 0 0 0 0 0 0 0 
0 0 0 0 0 0 0 0 0 0 0 0 0 0 0 0 0 0 0 0 0 0 0 0 0 0 0 0 0 0 41059.19294 41853.30576 53233.19739 80649.60718 105163.8303 140992.8044 177501.1404 205264.2757 231165.7803 244064.4352 260260.6323 260447.7554 267372.8894 271131.4473 276854.5847 276606.2452 270841.1454 274277.7737 275845.6896 271772.2764 277083.1228 288206.9875 298062.087 304323.6769 308421.7049 317153.9302 327538.6117 339701.8435 341092.2958 365978.4922 374361.9948 383824.0456 382151.2165 402965.254 412252.6012 427573.1683 427260.1877 437059.7401 446213.5008 381488.8444 0 0 0 0 0 0 0 0 0 0 0 0 0 0 0 0 0 0 0 0 0 0 0 0 0 0 0 0 0 0 
0 0 0 0 0 0 0 0 0 0 0 0 0 0 0 0 0 0 0 0 0 0 0 0 0 0 0 0 0 0 40368.28588 42789.87129 55324.02118 75778.39589 110338.3316 142174.834 169472.767 207889.5376 234010.3122 243814.001 257235.9312 267580.1364 276333.8386 268446.8092 268541.9929 278850.8621 277905.6862 276880.2041 276353.7013 278437.942 280094.5908 288455.0259 288827.6938 296536.4433 312171.1622 318941.7886 325379.6563 337861.4983 337876.0909 357827.7016 381783.9903 385524.6911 395540.3943 405693.2776 413376.014 420851.9198 426359.443 422642.2291 439277.354 368921.676 0 0 0 0 0 0 0 0 0 0 0 0 0 0 0 0 0 0 0 0 0 0 0 0 0 0 0 0 0 0 
0 0 0 0 0 0 0 0 0 0 0 0 0 0 0 0 0 0 0 0 0 0 0 0 0 0 0 0 0 0 41876.91567 42758.4484 59783.19778 78981.80324 105419.1496 144127.5763 171723.3146 206977.7533 226444.2442 244927.5103 262445.2365 264141.7595 275051.5442 268069.3207 277641.2984 273572.261 277033.9215 272259.4267 274791.6332 273965.6857 280884.0158 282282.3506 292660.8313 308452.7148 306663.8629 313955.4532 319581.9367 339601.581 339292.9434 357691.3305 384950.8315 387980.237 394486.6495 396378.943 421048.12 414780.5787 429481.9535 436093.9129 439291.6392 372319.5146 0 0 0 0 0 0 0 0 0 0 0 0 0 0 0 0 0 0 0 0 0 0 0 0 0 0 0 0 0 0 
0 0 0 0 0 0 0 0 0 0 0 0 0 0 0 0 0 0 0 0 0 0 0 0 0 0 0 0 0 0 43598.40357 41833.85087 55709.92982 76166.53101 103954.5922 136688.7472 169888.1896 203068.8277 228027.0826 248567.2856 257096.7763 273476.5509 271661.3565 267469.3771 272824.9099 266913.823 270970.8881 275961.282 273365.4583 270050.4673 270358.9347 288075.2799 285440.6225 303177.4047 307600.0904 319232.1624 330420.0073 331287.0502 344078.3342 364658.3399 365398.0285 393499.9235 398366.713 403968.7213 407323.8438 418541.875 420907.4257 433542.6797 452000.1024 371638.5381 0 0 0 0 0 0 0 0 0 0 0 0 0 0 0 0 0 0 0 0 0 0 0 0 0 0 0 0 0 0 
0 0 0 0 0 0 0 0 0 0 0 0 0 0 0 0 0 0 0 0 0 0 0 0 0 0 0 0 0 0 45058.76507 44777.49395 55682.16762 77745.64817 107612.932 139102.3394 172066.5734 208058.9174 229003.0699 245375.6212 263070.3481 265603.7923 274627.9451 268837.0192 271254.3383 275444.7112 277328.0072 272322.0364 275062.87 274685.7561 280421.8516 278494.3672 288444.3379 298370.2181 315755.3728 319361.5352 326582.4339 336442.3961 344306.8236 359944.4425 379302.5509 381490.6354 400112.3468 397995.9842 413380.5786 411849.3622 420676.3344 425313.5319 450034.6593 364112.7571 0 0 0 0 0 0 0 0 0 0 0 0 0 0 0 0 0 0 0 0 0 0 0 0 0 0 0 0 0 0 
0 0 0 0 0 0 0 0 0 0 0 0 0 0 0 0 0 0 0 0 0 0 0 0 0 0 0 0 0 0 42203.99647 43613.77013 55349.41437 76972.78527 106184.1102 138000.8452 175564.5385 206057.4186 232815.0158 242880.4255 266495.7996 271181.0717 261118.4904 270360.0061 275183.7812 276597.7303 277735.053 272128.8334 273151.8884 271891.4589 275815.019 294100.0833 288929.8616 307032.5441 301943.9061 309636.7519 320098.6611 334733.485 343464.842 368352.1657 383315.3866 391292.9471 392058.5506 392578.0889 406486.7145 416117.1824 426502.5078 432648.8071 434776.4593 369665.2361 0 0 0 0 0 0 0 0 0 0 0 0 0 0 0 0 0 0 0 0 0 0 0 0 0 0 0 0 0 0 
0 0 0 0 0 0 0 0 0 0 0 0 0 0 0 0 0 0 0 0 0 0 0 0 0 0 0 0 0 0 40331.28859 42619.66865 55770.60509 76923.95154 103058.17 136826.8502 172114.5404 206783.0583 230368.4545 245724.5477 260371.8211 265865.7441 266366.8435 271281.2173 277058.5129 270931.8884 265832.3556 277433.4398 269055.493 271788.7328 275995.9224 293641.056 292350.8974 303787.5006 311852.8869 317261.0344 315162.7607 338948.5488 342630.8957 362901.3768 377079.2091 387513.1004 384511.1478 399813.5187 418212.3763 425618.4307 427973.4932 434390.6026 442760.951 370316.5425 0 0 0 0 0 0 0 0 0 0 0 0 0 0 0 0 0 0 0 0 0 0 0 0 0 0 0 0 0 0 
0 0 0 0 0 0 0 0 0 0 0 0 0 0 0 0 0 0 0 0 0 0 0 0 0 0 0 0 0 0 40292.34664 41138.38621 59449.62514 79932.94615 106569.6255 139102.6893 174111.1879 203181.9227 231717.4173 246259.8012 253163.5098 269369.2654 265421.0683 267181.302 267258.6391 274031.9814 279016.9917 276684.704 273140.0344 276878.6425 283932.5878 290000.325 286233.9584 292638.1244 307274.9364 312892.0925 327269.9229 330110.9011 342647.4028 360314.8365 379009.2873 388247.4654 396936.7441 396862.897 411275.8132 421163.3765 427707.9065 432751.7683 440643.0842 366139.0998 0 0 0 0 0 0 0 0 0 0 0 0 0 0 0 0 0 0 0 0 0 0 0 0 0 0 0 0 0 0 
0 0 0 0 0 0 0 0 0 0 0 0 0 0 0 0 0 0 0 0 0 0 0 0 0 0 0 0 0 0 42530.21782 44356.03301 57530.17873 76887.14944 106956.0008 142855.828 178051.7002 203567.7209 227504.6393 248636.7165 257267.1259 262133.1716 268023.0995 265459.1789 273989.893 274552.3315 279265.9362 272052.0948 274134.4788 267807.0167 277248.2879 286843.0768 287894.7403 302551.7405 306973.7135 306626.0316 326765.5333 333044.008 343421.7985 363393.6821 369162.5038 377557.957 398256.4728 400726.648 402898.2172 408834.8074 422495.5984 436483.1435 435539.8913 377551.7545 0 0 0 0 0 0 0 0 0 0 0 0 0 0 0 0 0 0 0 0 0 0 0 0 0 0 0 0 0 0 
0 0 0 0 0 0 0 0 0 0 0 0 0 0 0 0 0 0 0 0 0 0 0 0 0 0 0 0 0 0 42223.77677 42822.2245 58397.72864 74821.07286 105714.0236 140924.0235 169033.0065 204057.6643 225345.2694 246934.9255 260291.7716 262655.8957 269182.969 265284.0483 274158.0283 275555.8139 276828.3464 275750.6706 271637.9846 277017.2763 285129.9623 287312.7492 297722.6694 297568.2184 301794.3251 311363.3771 324467.479 337551.743 350576.729 363624.5734 367105.2289 389871.178 391681.9988 400084.2131 414589.501 428584.9431 429057.7603 431803.429 432573.6434 371452.9924 0 0 0 0 0 0 0 0 0 0 0 0 0 0 0 0 0 0 0 0 0 0 0 0 0 0 0 0 0 0 
0 0 0 0 0 0 0 0 0 0 0 0 0 0 0 0 0 0 0 0 0 0 0 0 0 0 0 0 0 0 40186.72099 41929.90847 54167.70677 80212.03811 109819.4247 135400.9161 171563.3944 201343.6777 228458.6312 251504.4817 259137.6623 258420.7275 266030.0589 270191.9508 263947.6893 273122.6122 279782.7 275184.5265 269953.6426 271872.9411 275062.8573 283233.524 290274.1943 300848.6348 312609.0104 319150.885 326815.5168 339950.3684 340026.1664 361639.6591 360179.4874 382342.2698 386099.7635 409265.0941 405414.6483 423069.8575 421723.1598 432214.3299 442338.386 372008.9324 0 0 0 0 0 0 0 0 0 0 0 0 0 0 0 0 0 0 0 0 0 0 0 0 0 0 0 0 0 0 
0 0 0 0 0 0 0 0 0 0 0 0 0 0 0 0 0 0 0 0 0 0 0 0 0 0 0 0 0 0 41007.52939 40816.97987 55553.13115 75698.7844 109888.1399 136191.7349 172561.9835 206524.1898 235022.222 251775.6358 257726.8872 249902.8986 266793.5041 276914.2647 265364.7361 275988.6621 274933.5101 270878.4884 270139.8746 263714.5177 273928.4826 284020.5158 288441.5157 299967.5862 306433.4758 308328.5011 323508.2147 329517.3372 344521.5942 354832.9696 375788.904 382541.1591 387225.368 405487.6791 402103.8374 414424.8714 424145.0518 420176.1028 439280.2514 371816.6429 0 0 0 0 0 0 0 0 0 0 0 0 0 0 0 0 0 0 0 0 0 0 0 0 0 0 0 0 0 0 
0 0 0 0 0 0 0 0 0 0 0 0 0 0 0 0 0 0 0 0 0 0 0 0 0 0 0 0 0 0 40329.32312 41156.45778 54985.08042 78307.02719 104318.6193 142049.7983 169479.6304 208587.441 230914.7925 252056.7617 255507.815 263826.9104 264628.3983 267373.4942 270812.4655 275151.0818 272976.7576 269521.0787 270768.2607 280350.6309 281834.535 287676.7735 286296.8662 299157.2094 308617.4046 316685.4316 318849.3172 337550.1046 343199.5343 364582.1123 375298.443 390982.9292 393482.1226 398556.2542 402634.8916 424756.7778 425950.8722 432524.5799 447203.0038 370054.7348 0 0 0 0 0 0 0 0 0 0 0 0 0 0 0 0 0 0 0 0 0 0 0 0 0 0 0 0 0 0 
0 0 0 0 0 0 0 0 0 0 0 0 0 0 0 0 0 0 0 0 0 0 0 0 0 0 0 0 0 0 40548.71151 43435.09059 55848.61671 80772.17318 106952.578 139351.9958 165895.094 204799.9899 232462.8559 243346.1018 259666.0243 265166.9158 267884.5883 266754.2894 275870.8304 270552.1306 275419.8547 273030.9501 272199.9433 268358.6661 279844.7138 286006.0393 288393.6823 297118.7286 305726.6393 316616.2642 322352.8122 330642.282 342971.3358 371244.5396 373803.228 376166.3892 391338.7983 393814.0825 412431.0415 416333.0172 423094.4868 437879.9 434424.2844 375188.6918 0 0 0 0 0 0 0 0 0 0 0 0 0 0 0 0 0 0 0 0 0 0 0 0 0 0 0 0 0 0 
0 0 0 0 0 0 0 0 0 0 0 0 0 0 0 0 0 0 0 0 0 0 0 0 0 0 0 0 0 0 40206.64107 42016.22446 55492.5754 75494.57326 107886.8112 138318.6787 171778.267 202291.3895 234863.8017 253025.9366 262746.9866 267798.4513 274834.214 266102.484 272667.4915 269457.0439 283265.1771 271113.5477 265027.0982 276678.2879 280480.802 289718.882 286112.1961 302012.1064 301217.1258 309421.4325 320251.19 335108.432 343291.9436 359147.5929 382647.5069 385020.7739 397758.3148 404631.1593 411155.2381 420659.1517 420631.0169 420637.6517 444520.1786 370640.7281 0 0 0 0 0 0 0 0 0 0 0 0 0 0 0 0 0 0 0 0 0 0 0 0 0 0 0 0 0 0 
0 0 0 0 0 0 0 0 0 0 0 0 0 0 0 0 0 0 0 0 0 0 0 0 0 0 0 0 0 0 40978.27965 43440.11572 57269.97378 79249.90789 103267.1931 140351.4432 169494.1194 199946.1267 237195.5496 254063.4717 256369.0154 263657.8863 265614.3701 263890.2942 267529.54 273854.0562 268175.8006 272243.2916 279008.4977 265005.6825 283278.8273 291537.0601 285511.0536 302602.2375 306068.9292 309669.8596 320352.3379 342662.1761 347946.8315 360983.5764 375057.8891 380251.1607 389602.5262 396026.0084 416074.8987 417955.8081 434298.4436 426730.2973 435465.5415 369795.8168 0 0 0 0 0 0 0 0 0 0 0 0 0 0 0 0 0 0 0 0 0 0 0 0 0 0 0 0 0 0 
0 0 0 0 0 0 0 0 0 0 0 0 0 0 0 0 0 0 0 0 0 0 0 0 0 0 0 0 0 0 39685.98993 41909.34323 56052.32526 77206.36072 104846.8612 139751.2245 167780.6513 200306.8657 227461.1972 244238.3343 258631.3549 261976.4464 271231.6499 265503.9297 268406.3493 267048.9138 271645.7966 274899.9175 273351.5272 267056.3357 274890.6472 292851.0243 275651.8672 295633.7925 309142.2295 306912.8952 313945.5409 350221.9042 346038.9707 360970.8399 377121.2876 384225.281 390953.5856 396970.5568 407370.8664 416308.2807 420655.5975 430316.996 444541.9224 368597.3178 0 0 0 0 0 0 0 0 0 0 0 0 0 0 0 0 0 0 0 0 0 0 0 0 0 0 0 0 0 0 
0 0 0 0 0 0 0 0 0 0 0 0 0 0 0 0 0 0 0 0 0 0 0 0 0 0 0 0 0 0 40998.78307 41409.39491 56914.35626 78530.66951 106565.0707 138867.3399 174309.3828 204120.6715 234900.841 251462.4514 262124.2072 280059.0661 262005.9229 268792.5822 274017.5122 276482.937 272413.123 276437.963 272251.7352 268542.2508 278515.9947 291329.462 286232.2154 299636.4805 306200.0891 312476.3808 325888.3237 331955.0007 347368.4036 352641.9161 367275.668 381796.2054 390619.544 401111.7291 408606.8525 420143.5034 422776.1344 423584.7919 436652.7958 374843.1171 0 0 0 0 0 0 0 0 0 0 0 0 0 0 0 0 0 0 0 0 0 0 0 0 0 0 0 0 0 0 
0 0 0 0 0 0 0 0 0 0 0 0 0 0 0 0 0 0 0 0 0 0 0 0 0 0 0 0 0 0 40963.28042 41371.36521 56218.76162 78409.03004 106386.0511 138751.9933 180231.7144 202072.6661 230018.2864 253689.7099 263929.4264 255928.1759 274750.6554 271681.9712 272685.2006 273094.3971 279511.4868 274760.8603 265710.6182 277843.5965 274459.0682 282346.4366 284385.4424 301044.6184 307089.8344 316875.9753 318338.5306 335655.1194 339094.3804 366239.3401 368855.3859 381818.1229 387543.5481 405866.5789 416043.7825 415638.2337 430866.8927 426052.6105 440817.2644 377488.8438 0 0 0 0 0 0 0 0 0 0 0 0 0 0 0 0 0 0 0 0 0 0 0 0 0 0 0 0 0 0 
0 0 0 0 0 0 0 0 0 0 0 0 0 0 0 0 0 0 0 0 0 0 0 0 0 0 0 0 0 0 39438.37366 41555.59642 55836.07068 80255.51973 107408.958 134654.5715 169725.1537 203107.8399 231615.9304 248331.7754 251830.3498 259268.0442 271951.6819 270789.4425 274419.1456 284072.2957 279854.9859 275807.8246 268276.034 274744.2024 281422.5751 291244.229 285532.7519 295038.8229 318490.4278 318610.0056 326903.5409 334273.0144 346498.5258 353355.7798 367617.3944 381938.0662 396128.1466 394542.6775 420783.5421 424053.0207 430501.9343 423043.6276 448211.2597 363432.8318 0 0 0 0 0 0 0 0 0 0 0 0 0 0 0 0 0 0 0 0 0 0 0 0 0 0 0 0 0 0 
0 0 0 0 0 0 0 0 0 0 0 0 0 0 0 0 0 0 0 0 0 0 0 0 0 0 0 0 0 0 40704.31479 41208.67495 56025.8078 79646.31031 106272.2649 137266.7665 167971.4738 209152.1908 230220.8774 244219.5608 254831.8611 267871.3889 271893.6175 265063.4033 274209.257 277837.2622 269575.1775 277159.1572 269208.6039 271517.9831 272723.7945 289702.1292 289482.8579 297252.4861 306386.8866 310839.0535 319386.0957 335204.7546 351678.3903 364164.1774 381952.9809 394015.988 397479.9384 401677.811 414102.9928 411475.7784 427315.5117 423109.6143 445184.8818 373605.3885 0 0 0 0 0 0 0 0 0 0 0 0 0 0 0 0 0 0 0 0 0 0 0 0 0 0 0 0 0 0 
0 0 0 0 0 0 0 0 0 0 0 0 0 0 0 0 0 0 0 0 0 0 0 0 0 0 0 0 0 0 41138.71174 42343.24191 56889.14798 76305.68268 106699.7624 138515.2681 173039.6871 202807.9824 225880.8591 247145.3721 255360.7482 264805.4175 268614.6022 272594.7179 277087.0257 280999.7692 269077.0674 270253.7877 266499.3101 269521.7699 282189.3569 290261.5675 281553.3909 302116.6792 310210.3598 311027.3493 326795.2698 341424.9255 349267.9324 364908.172 374882.4466 381441.661 394865.6213 399229.0801 412759.1235 416170.6499 426058.5082 429997.523 443572.4007 364568.1881 0 0 0 0 0 0 0 0 0 0 0 0 0 0 0 0 0 0 0 0 0 0 0 0 0 0 0 0 0 0 
0 0 0 0 0 0 0 0 0 0 0 0 0 0 0 0 0 0 0 0 0 0 0 0 0 0 0 0 0 0 38914.42375 43902.8838 56820.52231 75926.39102 106901.0558 141521.8298 174964.0517 204427.2976 233008.0073 246858.1088 260205.8283 265213.7443 268202.4918 274951.4125 263169.8504 273051.529 271928.9266 268840.4676 277744.9748 267249.9554 276404.6577 284706.6043 287452.2748 302251.4458 302066.9647 309372.807 318918.7072 336049.5498 335291.1565 365507.549 381331.7763 380572.0033 392028.5189 408203.6017 413705.4634 415835.142 424055.0257 424661.7636 426402.4577 374960.6351 0 0 0 0 0 0 0 0 0 0 0 0 0 0 0 0 0 0 0 0 0 0 0 0 0 0 0 0 0 0 
0 0 0 0 0 0 0 0 0 0 0 0 0 0 0 0 0 0 0 0 0 0 0 0 0 0 0 0 0 0 41327.75314 43209.89554 55921.82779 76280.01684 105920.7462 137267.6114 174771.1052 204625.051 229777.6552 251727.5992 258806.0003 261634.8706 271150.1629 260291.3719 274760.3486 269454.0849 280034.7401 276055.0528 274886.8407 270467.5261 274945.2418 281023.7063 289479.284 293791.225 309027.081 312800.3857 317496.5049 340550.9668 353167.7941 360633.8556 371399.2604 381199.5084 390200.59 402205.6674 407303.1325 411991.0149 422781.7767 441658.335 442308.7515 371079.6448 0 0 0 0 0 0 0 0 0 0 0 0 0 0 0 0 0 0 0 0 0 0 0 0 0 0 0 0 0 0 
0 0 0 0 0 0 0 0 0 0 0 0 0 0 0 0 0 0 0 0 0 0 0 0 0 0 0 0 0 0 42518.95991 42841.94355 57807.71832 78920.49225 106256.376 141993.671 171191.7868 203618.3413 232991.9074 246060.7021 255742.9668 263851.5215 271548.1374 271900.2451 273861.0466 277059.7596 278580.2247 274814.3027 269194.3116 267296.1748 275072.0267 280462.2977 291074.3026 300454.8251 305508.2306 310749.2295 320082.5918 336655.3866 345030.7061 356263.1297 381855.04 381720.4917 392143.1152 403319.1941 406711.5141 421726.4473 419231.0133 429168.5683 446071.2887 367490.6244 0 0 0 0 0 0 0 0 0 0 0 0 0 0 0 0 0 0 0 0 0 0 0 0 0 0 0 0 0 0 
0 0 0 0 0 0 0 0 0 0 0 0 0 0 0 0 0 0 0 0 0 0 0 0 0 0 0 0 0 0 39986.91412 42821.43038 53813.82721 76252.39052 105224.3634 137069.5538 170579.0131 199464.9927 227978.2029 238240.3809 261521.5936 258900.1461 270423.1378 261203.9528 269503.6292 269279.2539 269963.8132 270851.7211 262574.8538 268845.9353 278581.5976 277964.2394 285512.1402 299987.2114 302798.5484 303496.39 315265.6143 331717.9393 343835.4529 356311.6633 376090.6709 382016.8913 387346.8611 388071.3043 403485.0788 412850.3099 428074.9441 424929.6383 433532.9607 368890.9628 0 0 0 0 0 0 0 0 0 0 0 0 0 0 0 0 0 0 0 0 0 0 0 0 0 0 0 0 0 0 
0 0 0 0 0 0 0 0 0 0 0 0 0 0 0 0 0 0 0 0 0 0 0 0 0 0 0 0 0 0 20597.06941 19360.13762 25807.79248 36519.69417 47371.30887 60141.56794 81159.13087 91728.04231 102776.4027 108412.9412 120009.1715 122153.7556 122925.5907 124656.9321 124939.6599 125961.6243 127163.3842 126900.8774 128780.6765 120919.5219 128361.5736 130042.3228 132310.6468 134039.5886 140774.0222 144573.315 143310.5684 155291.1867 158742.4668 165943.1894 174768.7912 179069.4425 182510.695 183812.2983 188572.6838 194374.2767 194654.6767 202434.2218 205859.0716 170830.8971 0 0 0 0 0 0 0 0 0 0 0 0 0 0 0 0 0 0 0 0 0 0 0 0 0 0 0 0 0 0 
0 0 0 0 0 0 0 0 0 0 0 0 0 0 0 0 0 0 0 0 0 0 0 0 0 0 0 0 0 0 0 0 0 0 0 0 0 0 0 0 0 0 0 0 0 0 0 0 0 0 0 0 0 0 0 0 0 0 0 0 0 0 0 0 0 0 0 0 0 0 0 0 0 0 0 0 0 0 0 0 0 0 0 0 0 0 0 0 0 0 0 0 0 0 0 0 0 0 0 0 
0 0 0 0 0 0 0 0 0 0 0 0 0 0 0 0 0 0 0 0 0 0 0 0 0 0 0 0 0 0 0 0 0 0 0 0 0 0 0 0 0 0 0 0 0 0 0 0 0 0 0 0 0 0 0 0 0 0 0 0 0 0 0 0 0 0 0 0 0 0 0 0 0 0 0 0 0 0 0 0 0 0 0 0 0 0 0 0 0 0 0 0 0 0 0 0 0 0 0 0 
0 0 0 0 0 0 0 0 0 0 0 0 0 0 0 0 0 0 0 0 0 0 0 0 0 0 0 0 0 0 0 0 0 0 0 0 0 0 0 0 0 0 0 0 0 0 0 0 0 0 0 0 0 0 0 0 0 0 0 0 0 0 0 0 0 0 0 0 0 0 0 0 0 0 0 0 0 0 0 0 0 0 0 0 0 0 0 0 0 0 0 0 0 0 0 0 0 0 0 0 
0 0 0 0 0 0 0 0 0 0 0 0 0 0 0 0 0 0 0 0 0 0 0 0 0 0 0 0 0 0 0 0 0 0 0 0 0 0 0 0 0 0 0 0 0 0 0 0 0 0 0 0 0 0 0 0 0 0 0 0 0 0 0 0 0 0 0 0 0 0 0 0 0 0 0 0 0 0 0 0 0 0 0 0 0 0 0 0 0 0 0 0 0 0 0 0 0 0 0 0 
0 0 0 0 0 0 0 0 0 0 0 0 0 0 0 0 0 0 0 0 0 0 0 0 0 0 0 0 0 0 0 0 0 0 0 0 0 0 0 0 0 0 0 0 0 0 0 0 0 0 0 0 0 0 0 0 0 0 0 0 0 0 0 0 0 0 0 0 0 0 0 0 0 0 0 0 0 0 0 0 0 0 0 0 0 0 0 0 0 0 0 0 0 0 0 0 0 0 0 0 
0 0 0 0 0 0 0 0 0 0 0 0 0 0 0 0 0 0 0 0 0 0 0 0 0 0 0 0 0 0 0 0 0 0 0 0 0 0 0 0 0 0 0 0 0 0 0 0 0 0 0 0 0 0 0 0 0 0 0 0 0 0 0 0 0 0 0 0 0 0 0 0 0 0 0 0 0 0 0 0 0 0 0 0 0 0 0 0 0 0 0 0 0 0 0 0 0 0 0 0 
0 0 0 0 0 0 0 0 0 0 0 0 0 0 0 0 0 0 0 0 0 0 0 0 0 0 0 0 0 0 0 0 0 0 0 0 0 0 0 0 0 0 0 0 0 0 0 0 0 0 0 0 0 0 0 0 0 0 0 0 0 0 0 0 0 0 0 0 0 0 0 0 0 0 0 0 0 0 0 0 0 0 0 0 0 0 0 0 0 0 0 0 0 0 0 0 0 0 0 0 
0 0 0 0 0 0 0 0 0 0 0 0 0 0 0 0 0 0 0 0 0 0 0 0 0 0 0 0 0 0 0 0 0 0 0 0 0 0 0 0 0 0 0 0 0 0 0 0 0 0 0 0 0 0 0 0 0 0 0 0 0 0 0 0 0 0 0 0 0 0 0 0 0 0 0 0 0 0 0 0 0 0 0 0 0 0 0 0 0 0 0 0 0 0 0 0 0 0 0 0 
0 0 0 0 0 0 0 0 0 0 0 0 0 0 0 0 0 0 0 0 0 0 0 0 0 0 0 0 0 0 0 0 0 0 0 0 0 0 0 0 0 0 0 0 0 0 0 0 0 0 0 0 0 0 0 0 0 0 0 0 0 0 0 0 0 0 0 0 0 0 0 0 0 0 0 0 0 0 0 0 0 0 0 0 0 0 0 0 0 0 0 0 0 0 0 0 0 0 0 0 
0 0 0 0 0 0 0 0 0 0 0 0 0 0 0 0 0 0 0 0 0 0 0 0 0 0 0 0 0 0 0 0 0 0 0 0 0 0 0 0 0 0 0 0 0 0 0 0 0 0 0 0 0 0 0 0 0 0 0 0 0 0 0 0 0 0 0 0 0 0 0 0 0 0 0 0 0 0 0 0 0 0 0 0 0 0 0 0 0 0 0 0 0 0 0 0 0 0 0 0 
# Errors [E3aEnd/ExitE3a.dat] I_err:
0 0 0 0 0 0 0 0 0 0 0 0 0 0 0 0 0 0 0 0 0 0 0 0 0 0 0 0 0 0 0 0 0 0 0 0 0 0 0 0 0 0 0 0 0 0 0 0 0 0 0 0 0 0 0 0 0 0 0 0 0 0 0 0 0 0 0 0 0 0 0 0 0 0 0 0 0 0 0 0 0 0 0 0 0 0 0 0 0 0 0 0 0 0 0 0 0 0 0 0 
0 0 0 0 0 0 0 0 0 0 0 0 0 0 0 0 0 0 0 0 0 0 0 0 0 0 0 0 0 0 0 0 0 0 0 0 0 0 0 0 0 0 0 0 0 0 0 0 0 0 0 0 0 0 0 0 0 0 0 0 0 0 0 0 0 0 0 0 0 0 0 0 0 0 0 0 0 0 0 0 0 0 0 0 0 0 0 0 0 0 0 0 0 0 0 0 0 0 0 0 
0 0 0 0 0 0 0 0 0 0 0 0 0 0 0 0 0 0 0 0 0 0 0 0 0 0 0 0 0 0 0 0 0 0 0 0 0 0 0 0 0 0 0 0 0 0 0 0 0 0 0 0 0 0 0 0 0 0 0 0 0 0 0 0 0 0 0 0 0 0 0 0 0 0 0 0 0 0 0 0 0 0 0 0 0 0 0 0 0 0 0 0 0 0 0 0 0 0 0 0 
0 0 0 0 0 0 0 0 0 0 0 0 0 0 0 0 0 0 0 0 0 0 0 0 0 0 0 0 0 0 0 0 0 0 0 0 0 0 0 0 0 0 0 0 0 0 0 0 0 0 0 0 0 0 0 0 0 0 0 0 0 0 0 0 0 0 0 0 0 0 0 0 0 0 0 0 0 0 0 0 0 0 0 0 0 0 0 0 0 0 0 0 0 0 0 0 0 0 0 0 
0 0 0 0 0 0 0 0 0 0 0 0 0 0 0 0 0 0 0 0 0 0 0 0 0 0 0 0 0 0 0 0 0 0 0 0 0 0 0 0 0 0 0 0 0 0 0 0 0 0 0 0 0 0 0 0 0 0 0 0 0 0 0 0 0 0 0 0 0 0 0 0 0 0 0 0 0 0 0 0 0 0 0 0 0 0 0 0 0 0 0 0 0 0 0 0 0 0 0 0 
0 0 0 0 0 0 0 0 0 0 0 0 0 0 0 0 0 0 0 0 0 0 0 0 0 0 0 0 0 0 0 0 0 0 0 0 0 0 0 0 0 0 0 0 0 0 0 0 0 0 0 0 0 0 0 0 0 0 0 0 0 0 0 0 0 0 0 0 0 0 0 0 0 0 0 0 0 0 0 0 0 0 0 0 0 0 0 0 0 0 0 0 0 0 0 0 0 0 0 0 
0 0 0 0 0 0 0 0 0 0 0 0 0 0 0 0 0 0 0 0 0 0 0 0 0 0 0 0 0 0 0 0 0 0 0 0 0 0 0 0 0 0 0 0 0 0 0 0 0 0 0 0 0 0 0 0 0 0 0 0 0 0 0 0 0 0 0 0 0 0 0 0 0 0 0 0 0 0 0 0 0 0 0 0 0 0 0 0 0 0 0 0 0 0 0 0 0 0 0 0 
0 0 0 0 0 0 0 0 0 0 0 0 0 0 0 0 0 0 0 0 0 0 0 0 0 0 0 0 0 0 0 0 0 0 0 0 0 0 0 0 0 0 0 0 0 0 0 0 0 0 0 0 0 0 0 0 0 0 0 0 0 0 0 0 0 0 0 0 0 0 0 0 0 0 0 0 0 0 0 0 0 0 0 0 0 0 0 0 0 0 0 0 0 0 0 0 0 0 0 0 
0 0 0 0 0 0 0 0 0 0 0 0 0 0 0 0 0 0 0 0 0 0 0 0 0 0 0 0 0 0 0 0 0 0 0 0 0 0 0 0 0 0 0 0 0 0 0 0 0 0 0 0 0 0 0 0 0 0 0 0 0 0 0 0 0 0 0 0 0 0 0 0 0 0 0 0 0 0 0 0 0 0 0 0 0 0 0 0 0 0 0 0 0 0 0 0 0 0 0 0 
0 0 0 0 0 0 0 0 0 0 0 0 0 0 0 0 0 0 0 0 0 0 0 0 0 0 0 0 0 0 0 0 0 0 0 0 0 0 0 0 0 0 0 0 0 0 0 0 0 0 0 0 0 0 0 0 0 0 0 0 0 0 0 0 0 0 0 0 0 0 0 0 0 0 0 0 0 0 0 0 0 0 0 0 0 0 0 0 0 0 0 0 0 0 0 0 0 0 0 0 
0 0 0 0 0 0 0 0 0 0 0 0 0 0 0 0 0 0 0 0 0 0 0 0 0 0 0 0 0 0 749.2229528 719.3672319 817.7494438 1045.848133 1317.656475 1631.242677 1870.874938 2133.799967 2335.867467 2496.637096 2591.534518 2659.096664 2675.114557 2675.529371 2729.441936 2766.399531 2805.910197 2778.84294 2837.202016 2769.334938 2758.608953 2818.345161 2789.350199 2784.723552 2801.515899 2858.564273 2848.536463 2948.225721 3020.204195 3125.155723 3177.64085 3226.835035 3314.277655 3343.09572 3338.410393 3445.533408 3469.125461 3477.155626 3471.516877 3208.61302 0 0 0 0 0 0 0 0 0 0 0 0 0 0 0 0 0 0 0 0 0 0 0 0 0 0 0 0 0 0 
0 0 0 0 0 0 0 0 0 0 0 0 0 0 0 0 0 0 0 0 0 0 0 0 0 0 0 0 0 0 1135.290188 994.6368286 1208.098232 1554.594491 1903.12331 2350.990154 2678.519302 3098.101084 3428.378824 3581.050906 3720.570094 3857.386405 3920.959095 3911.101466 3970.283243 4022.887407 3973.445762 3966.658225 4069.321174 3980.475412 4081.314193 4001.220027 4068.511976 4149.569771 4131.63386 4154.997577 4209.902004 4291.384533 4354.321386 4522.852362 4687.486562 4760.003765 4805.153501 4884.527111 4901.901831 4939.98397 4989.423415 5036.709154 5126.494002 4716.710964 0 0 0 0 0 0 0 0 0 0 0 0 0 0 0 0 0 0 0 0 0 0 0 0 0 0 0 0 0 0 
0 0 0 0 0 0 0 0 0 0 0 0 0 0 0 0 0 0 0 0 0 0 0 0 0 0 0 0 0 0 1132.132689 1048.343236 1242.752794 1529.07113 1914.359134 2311.141662 2709.060817 3095.488856 3399.509562 3612.916619 3777.468017 3865.484463 3860.53364 3942.924569 3926.677829 4001.561422 3963.70795 4037.717757 4013.844209 4008.489569 4068.851355 4088.166289 4064.334467 4093.234027 4103.134787 4097.572042 4222.027834 4319.112497 4335.560441 4507.296893 4654.305816 4719.378288 4864.291223 4892.574249 4934.122422 5033.189041 5054.848557 5066.758886 5104.383102 4666.60661 0 0 0 0 0 0 0 0 0 0 0 0 0 0 0 0 0 0 0 0 0 0 0 0 0 0 0 0 0 0 
0 0 0 0 0 0 0 0 0 0 0 0 0 0 0 0 0 0 0 0 0 0 0 0 0 0 0 0 0 0 1119.597302 1006.87453 1230.258308 1509.571923 1909.303768 2312.692781 2737.023238 3099.025004 3404.453617 3565.482522 3747.838231 3860.327035 3915.250974 3868.642958 3950.494464 3980.355335 3993.573084 3956.057351 3987.800153 4027.596618 4069.411019 4063.35868 4015.551752 4077.951084 4190.93857 4111.550331 4199.501284 4285.70217 4354.214662 4526.652782 4651.982034 4699.114974 4796.565959 4906.095354 4939.677549 5026.77434 5074.241285 5062.343691 5129.426083 4735.420949 0 0 0 0 0 0 0 0 0 0 0 0 0 0 0 0 0 0 0 0 0 0 0 0 0 0 0 0 0 0 
0 0 0 0 0 0 0 0 0 0 0 0 0 0 0 0 0 0 0 0 0 0 0 0 0 0 0 0 0 0 1110.405159 1003.034645 1232.979322 1552.791585 1948.341139 2374.552501 2747.057165 3095.971244 3382.550713 3601.028125 3708.254643 3766.568104 3920.920523 3918.962893 3926.36649 3988.15222 3986.492977 4009.968598 4017.460222 4008.412623 4051.514298 4046.779684 4058.020755 4113.338433 4116.299017 4133.507594 4209.951958 4286.748076 4378.606791 4563.345286 4659.055989 4719.908944 4850.406601 4902.364162 4865.820753 5004.842763 5000.430635 5078.309597 5106.544957 4686.916451 0 0 0 0 0 0 0 0 0 0 0 0 0 0 0 0 0 0 0 0 0 0 0 0 0 0 0 0 0 0 
0 0 0 0 0 0 0 0 0 0 0 0 0 0 0 0 0 0 0 0 0 0 0 0 0 0 0 0 0 0 1100.923485 985.6532493 1210.776774 1533.940462 1913.994107 2303.111182 2698.617451 3103.912918 3431.910842 3582.608694 3757.202397 3806.746706 3927.930732 3865.057722 3982.11505 3972.443449 4004.577736 3944.759599 4023.6369 4053.476897 4067.390429 4081.694512 4031.304442 4149.784752 4117.948825 4202.055128 4191.387295 4273.939426 4366.114027 4528.008017 4743.196696 4727.050277 4772.694984 4878.193663 4899.862174 4958.048918 4982.507078 5042.0366 5088.959444 4725.116186 0 0 0 0 0 0 0 0 0 0 0 0 0 0 0 0 0 0 0 0 0 0 0 0 0 0 0 0 0 0 
0 0 0 0 0 0 0 0 0 0 0 0 0 0 0 0 0 0 0 0 0 0 0 0 0 0 0 0 0 0 1096.873491 1024.589624 1216.399491 1548.343187 1932.471766 2302.621019 2684.722651 3101.36394 3415.736895 3620.279187 3757.300542 3913.69323 3854.032739 3908.838933 3981.598452 3935.94122 4036.582093 3980.548296 4049.024356 4067.157721 4080.083832 4024.270958 4038.29834 4104.620365 4157.880533 4122.58082 4215.929125 4284.55484 4370.160985 4514.438191 4642.860133 4696.144892 4773.41016 4861.424353 4833.815372 5013.39147 5033.918393 5136.132386 5095.533684 4633.466813 0 0 0 0 0 0 0 0 0 0 0 0 0 0 0 0 0 0 0 0 0 0 0 0 0 0 0 0 0 0 
0 0 0 0 0 0 0 0 0 0 0 0 0 0 0 0 0 0 0 0 0 0 0 0 0 0 0 0 0 0 1138.134214 1018.910587 1221.324178 1561.685912 1939.246173 2354.901985 2696.613447 3151.012365 3431.236194 3654.319516 3751.343718 3820.352607 3919.60337 3867.548308 3902.155508 3999.619873 4010.779312 4008.560089 3979.712407 4002.046642 4022.138439 4035.885175 4075.91784 4135.220133 4126.591794 4129.035014 4217.342539 4327.809117 4372.924081 4516.764541 4670.286806 4655.860033 4750.691558 4897.807297 4972.030122 5027.952676 5062.254455 5071.181 5074.680424 4713.632538 0 0 0 0 0 0 0 0 0 0 0 0 0 0 0 0 0 0 0 0 0 0 0 0 0 0 0 0 0 0 
0 0 0 0 0 0 0 0 0 0 0 0 0 0 0 0 0 0 0 0 0 0 0 0 0 0 0 0 0 0 1067.188763 996.5415455 1228.060965 1538.859082 1930.184036 2356.665205 2671.644449 3094.043482 3420.671841 3577.619816 3743.19687 3863.692024 3911.269601 3884.346692 3900.525965 4025.194727 4017.776978 4043.114865 3969.730305 4004.860577 4121.892436 4112.751155 4022.201475 4114.00284 4131.052029 4145.411646 4217.003135 4303.158485 4369.559095 4518.58941 4648.184503 4728.149993 4804.404498 4854.759337 4926.887476 5002.047148 5055.493874 5084.849429 5126.950668 4715.580864 0 0 0 0 0 0 0 0 0 0 0 0 0 0 0 0 0 0 0 0 0 0 0 0 0 0 0 0 0 0 
0 0 0 0 0 0 0 0 0 0 0 0 0 0 0 0 0 0 0 0 0 0 0 0 0 0 0 0 0 0 1142.061806 1038.45272 1269.292933 1568.110012 1932.280091 2337.746235 2729.606617 3094.786284 3400.610888 3634.523649 3781.731199 3848.826759 3911.892566 3922.390254 3903.72373 4017.561005 4007.067325 4027.566821 4010.310971 4034.070369 4063.802825 4052.914231 4040.773442 4097.983513 4157.482576 4185.529856 4235.274646 4274.353091 4420.891656 4521.934028 4666.360429 4755.720383 4793.255701 4921.44381 4924.61378 5013.598409 4985.69899 5132.230917 5090.511727 4724.976681 0 0 0 0 0 0 0 0 0 0 0 0 0 0 0 0 0 0 0 0 0 0 0 0 0 0 0 0 0 0 
0 0 0 0 0 0 0 0 0 0 0 0 0 0 0 0 0 0 0 0 0 0 0 0 0 0 0 0 0 0 1148.156196 1000.604814 1225.403579 1584.766475 1906.844837 2350.477651 2717.983331 3129.404462 3420.663889 3623.389452 3773.966837 3837.666382 3872.858874 3921.388264 3958.446113 3999.506414 4009.51897 4035.771682 3988.090997 4026.958018 4075.767089 4045.03133 4107.292686 4093.516326 4126.645615 4136.528954 4237.685927 4332.864435 4345.737079 4507.669518 4676.839185 4732.165662 4800.514951 4850.030546 4950.40925 5003.164852 5002.778907 5137.936473 5172.656062 4704.180358 0 0 0 0 0 0 0 0 0 0 0 0 0 0 0 0 0 0 0 0 0 0 0 0 0 0 0 0 0 0 
0 0 0 0 0 0 0 0 0 0 0 0 0 0 0 0 0 0 0 0 0 0 0 0 0 0 0 0 0 0 1117.544774 988.8375889 1243.243042 1511.391382 1921.903585 2316.218871 2688.306996 3108.523919 3408.305645 3648.254099 3814.818426 3855.858457 3881.147686 3930.365238 3932.614265 3982.395707 3943.716963 4049.490194 3979.492096 4059.294105 3992.5628 4050.587969 4029.357953 4153.860214 4164.450891 4172.923353 4224.978553 4336.492679 4414.132403 4528.108531 4655.143675 4754.654992 4786.706582 4869.008243 4909.443524 4979.714844 5044.596069 5046.307427 5153.691133 4707.347519 0 0 0 0 0 0 0 0 0 0 0 0 0 0 0 0 0 0 0 0 0 0 0 0 0 0 0 0 0 0 
0 0 0 0 0 0 0 0 0 0 0 0 0 0 0 0 0 0 0 0 0 0 0 0 0 0 0 0 0 0 1126.49708 972.9080235 1282.454655 1535.793794 1923.391337 2329.118545 2752.332636 3085.472635 3397.5217 3591.037012 3812.411054 3828.121398 3905.989971 3913.10135 3963.636005 3960.833339 4035.635989 4040.159022 4008.464338 4041.031196 4068.221995 4091.015856 4113.334848 4067.655955 4195.791575 4136.607746 4283.591248 4278.533404 4377.672478 4531.697772 4677.246069 4754.054342 4760.531086 4866.671317 4948.406757 4991.237885 5049.917594 5090.095969 5111.641106 4751.292104 0 0 0 0 0 0 0 0 0 0 0 0 0 0 0 0 0 0 0 0 0 0 0 0 0 0 0 0 0 0 
0 0 0 0 0 0 0 0 0 0 0 0 0 0 0 0 0 0 0 0 0 0 0 0 0 0 0 0 0 0 1131.564799 996.2493393 1177.977016 1602.467306 1968.891665 2306.524198 2743.793509 3105.745278 3416.955993 3597.753795 3749.862253 3831.94986 3897.636703 3890.505466 3961.924603 3964.389372 4029.116388 4029.486956 4006.21614 4010.040568 4030.265374 4065.350523 4065.701467 4155.665773 4150.565963 4132.910947 4143.057573 4371.232918 4405.642472 4585.458558 4616.356262 4746.130971 4824.811813 4855.416843 4925.67883 5033.139053 5018.699946 5096.672784 5095.723434 4696.067634 0 0 0 0 0 0 0 0 0 0 0 0 0 0 0 0 0 0 0 0 0 0 0 0 0 0 0 0 0 0 
0 0 0 0 0 0 0 0 0 0 0 0 0 0 0 0 0 0 0 0 0 0 0 0 0 0 0 0 0 0 1134.966213 1031.577052 1261.68677 1554.279698 1919.258474 2277.73319 2728.646788 3043.871391 3442.547812 3584.450933 3760.379121 3877.758089 3912.426096 3952.992385 3950.118645 3957.303949 4003.745617 4023.125367 3940.568515 4042.368619 4071.71515 4061.623428 4105.167163 4124.397866 4175.805436 4155.139905 4197.850828 4255.752145 4337.483402 4543.247757 4678.526828 4724.315239 4771.619108 4823.359208 4908.566047 4985.356436 5039.56444 5072.394175 5149.298105 4705.195438 0 0 0 0 0 0 0 0 0 0 0 0 0 0 0 0 0 0 0 0 0 0 0 0 0 0 0 0 0 0 
0 0 0 0 0 0 0 0 0 0 0 0 0 0 0 0 0 0 0 0 0 0 0 0 0 0 0 0 0 0 1110.798807 1037.760935 1220.712313 1513.863776 1888.160619 2333.664928 2675.255826 3100.807723 3376.894525 3582.464705 3758.621628 3873.941977 3916.801407 3916.226181 3963.253705 4022.064934 4007.140042 3993.509823 4007.774895 4097.316706 4124.282631 4057.182819 4055.29846 4153.415846 4213.289646 4137.006729 4195.378492 4289.988641 4380.331138 4528.834368 4632.55254 4748.707787 4851.266178 4933.657061 4932.191526 4976.756598 5024.852602 5088.6532 5048.768676 4713.704277 0 0 0 0 0 0 0 0 0 0 0 0 0 0 0 0 0 0 0 0 0 0 0 0 0 0 0 0 0 0 
0 0 0 0 0 0 0 0 0 0 0 0 0 0 0 0 0 0 0 0 0 0 0 0 0 0 0 0 0 0 1094.037769 1070.079156 1207.66001 1559.85603 1905.891393 2284.650248 2738.226773 3045.536342 3417.531229 3584.591309 3841.589726 3820.618312 3920.700595 3890.752857 3999.541391 4041.324206 4022.600858 3977.021329 4022.806124 4015.431467 4069.042937 4057.105748 4079.324249 4064.083462 4130.318013 4202.989002 4258.150981 4316.41557 4344.284336 4517.385583 4682.252881 4793.351085 4825.837433 4843.5903 4911.778524 5007.231329 5099.033758 5065.240031 5077.25945 4676.254626 0 0 0 0 0 0 0 0 0 0 0 0 0 0 0 0 0 0 0 0 0 0 0 0 0 0 0 0 0 0 
0 0 0 0 0 0 0 0 0 0 0 0 0 0 0 0 0 0 0 0 0 0 0 0 0 0 0 0 0 0 1107.490972 1002.504599 1229.484097 1554.926186 1950.948123 2310.998406 2723.330691 3140.8743 3367.279922 3603.243927 3741.728555 3826.51917 3919.222509 3913.174691 3969.084338 3967.013647 4041.616114 4021.125663 4060.8545 4029.461681 4039.238947 4043.647018 4059.615198 4099.787256 4132.048156 4131.313604 4185.134071 4308.670071 4434.661189 4597.106388 4638.316667 4764.537057 4796.19223 4893.052328 4861.96426 4999.787762 5050.762332 5099.618445 5184.05503 4738.178575 0 0 0 0 0 0 0 0 0 0 0 0 0 0 0 0 0 0 0 0 0 0 0 0 0 0 0 0 0 0 
0 0 0 0 0 0 0 0 0 0 0 0 0 0 0 0 0 0 0 0 0 0 0 0 0 0 0 0 0 0 1095.159175 994.0828054 1237.700807 1540.919701 1949.204733 2344.518504 2723.831368 3063.838054 3414.50051 3602.683282 3733.852417 3840.968448 3903.318876 3863.79562 3978.302884 4025.921301 3989.664846 4020.584359 4024.748345 4043.343829 4050.134913 4056.781145 4049.966668 4146.163079 4160.130514 4161.872827 4157.379799 4377.221939 4415.411691 4571.125445 4644.904297 4700.278409 4815.663231 4886.995248 4962.954671 5101.529742 5034.408866 5077.95844 5159.330901 4734.679571 0 0 0 0 0 0 0 0 0 0 0 0 0 0 0 0 0 0 0 0 0 0 0 0 0 0 0 0 0 0 
0 0 0 0 0 0 0 0 0 0 0 0 0 0 0 0 0 0 0 0 0 0 0 0 0 0 0 0 0 0 1132.473875 1036.994221 1184.688092 1542.84474 1918.512208 2328.665685 2722.588567 3074.151455 3450.602707 3648.361847 3760.580455 3863.857365 3898.547247 3923.609836 3945.139348 3987.960802 3996.922989 4029.656312 4031.793166 4005.474634 4082.788669 4058.923047 4038.867169 4087.66458 4134.331136 4158.366886 4231.578351 4378.181928 4393.046863 4566.362358 4648.47264 4698.044859 4822.219996 4903.316069 4953.726171 4978.087195 5088.200864 5093.684665 5182.212057 4727.759579 0 0 0 0 0 0 0 0 0 0 0 0 0 0 0 0 0 0 0 0 0 0 0 0 0 0 0 0 0 0 
0 0 0 0 0 0 0 0 0 0 0 0 0 0 0 0 0 0 0 0 0 0 0 0 0 0 0 0 0 0 1128.346294 1014.578057 1251.831864 1553.553105 1928.215885 2277.511944 2719.392551 3133.676284 3419.012526 3658.886877 3712.632787 3861.762627 3862.520119 3924.428373 3957.796403 3989.524908 4025.466075 4021.030113 4008.934212 4033.643356 4034.093949 4080.090777 4027.807969 4092.959509 4155.239791 4174.424927 4202.248334 4316.454816 4398.480488 4566.333013 4661.17726 4706.967145 4806.532726 4882.218279 4956.448838 4980.297458 5076.820936 5046.216915 5174.222067 4720.473398 0 0 0 0 0 0 0 0 0 0 0 0 0 0 0 0 0 0 0 0 0 0 0 0 0 0 0 0 0 0 
0 0 0 0 0 0 0 0 0 0 0 0 0 0 0 0 0 0 0 0 0 0 0 0 0 0 0 0 0 0 1116.938477 1027.38774 1204.396829 1548.645167 1966.674072 2330.241172 2745.638603 3066.409111 3375.790865 3581.62367 3774.066542 3890.095052 3954.115066 3875.860212 4007.449298 3996.103454 4010.769048 3999.300753 4026.146981 4091.598927 4052.796749 4013.697928 4142.179101 4121.894197 4119.653411 4182.032992 4210.491514 4382.111873 4366.867962 4520.280445 4681.082852 4781.6494 4816.84297 4868.149053 4981.950405 5021.102836 5093.753514 5057.920737 5192.316479 4715.171019 0 0 0 0 0 0 0 0 0 0 0 0 0 0 0 0 0 0 0 0 0 0 0 0 0 0 0 0 0 0 
0 0 0 0 0 0 0 0 0 0 0 0 0 0 0 0 0 0 0 0 0 0 0 0 0 0 0 0 0 0 1143.621591 989.8029295 1227.331612 1593.923649 1916.012795 2305.481304 2727.383116 3133.454779 3399.89694 3577.414055 3746.278948 3854.880375 3917.199088 3854.828727 3931.647522 4025.331553 4001.045494 4033.150548 4001.445311 4001.61206 4038.343435 4039.621502 4081.564454 4136.130573 4197.35871 4153.555697 4250.989494 4324.286779 4392.053038 4556.632618 4693.258336 4732.951076 4802.855142 4895.518654 4949.462551 4975.318667 5033.167426 5107.137663 5148.90495 4720.048441 0 0 0 0 0 0 0 0 0 0 0 0 0 0 0 0 0 0 0 0 0 0 0 0 0 0 0 0 0 0 
0 0 0 0 0 0 0 0 0 0 0 0 0 0 0 0 0 0 0 0 0 0 0 0 0 0 0 0 0 0 1163.699491 1010.643257 1221.815226 1536.349707 1941.563219 2341.66578 2738.479025 3122.702356 3376.494204 3616.898691 3817.975117 3925.101815 3928.071179 3939.036428 3939.458962 4007.256401 4045.421275 4004.48227 4027.143488 4028.415698 4069.168384 4073.003244 4052.97313 4140.158272 4161.622099 4111.861845 4195.492599 4339.461308 4374.801062 4610.078236 4656.795921 4716.88924 4837.408948 4863.87182 4903.518281 5017.835651 4976.067933 5072.98467 5148.006669 4751.010897 0 0 0 0 0 0 0 0 0 0 0 0 0 0 0 0 0 0 0 0 0 0 0 0 0 0 0 0 0 0 
0 0 0 0 0 0 0 0 0 0 0 0 0 0 0 0 0 0 0 0 0 0 0 0 0 0 0 0 0 0 1139.039947 1001.756585 1228.834147 1587.992042 1919.154889 2318.016881 2749.720522 3131.571927 3369.592724 3619.421926 3754.074252 3838.904011 3920.984969 3931.034511 4025.799355 4009.869064 4012.029564 4030.91844 4015.132248 4058.795741 4050.459246 4056.583158 4103.239553 4053.236163 4121.450468 4124.429679 4223.601728 4282.979971 4397.254598 4564.353078 4670.371174 4683.234689 4811.750091 4938.290627 4920.001444 5001.39874 5025.034849 5081.83869 5084.261286 4732.415516 0 0 0 0 0 0 0 0 0 0 0 0 0 0 0 0 0 0 0 0 0 0 0 0 0 0 0 0 0 0 
0 0 0 0 0 0 0 0 0 0 0 0 0 0 0 0 0 0 0 0 0 0 0 0 0 0 0 0 0 0 1102.49775 1033.687788 1208.727609 1578.017063 1929.650691 2337.665633 2757.614352 3075.249646 3356.139243 3637.667552 3796.258187 3928.374706 3895.081756 3933.195839 3966.911174 4018.115171 4044.056762 4018.976056 4015.053247 4017.972963 4072.303464 4095.580626 4031.871181 4105.871011 4130.40506 4161.52218 4211.052512 4263.0246 4343.099636 4511.591595 4670.215745 4664.65465 4808.060631 4893.362029 4931.448375 5065.413296 4994.446026 5075.720929 5160.415623 4733.414263 0 0 0 0 0 0 0 0 0 0 0 0 0 0 0 0 0 0 0 0 0 0 0 0 0 0 0 0 0 0 
0 0 0 0 0 0 0 0 0 0 0 0 0 0 0 0 0 0 0 0 0 0 0 0 0 0 0 0 0 0 1125.282853 982.1267385 1234.0836 1516.737356 1966.55388 2359.543204 2713.060343 3119.184119 3399.324307 3649.867024 3773.844361 3885.507281 3865.315066 3892.587491 3916.105004 3954.160942 4009.40719 4051.846146 4019.480296 4066.930965 4028.369536 4043.578145 4101.846047 4127.007703 4180.375598 4168.834549 4224.498822 4305.316579 4352.024459 4533.355385 4652.500956 4752.308472 4820.113007 4840.691264 4917.47782 5077.364479 5117.465559 5079.839415 5111.528962 4701.647324 0 0 0 0 0 0 0 0 0 0 0 0 0 0 0 0 0 0 0 0 0 0 0 0 0 0 0 0 0 0 
0 0 0 0 0 0 0 0 0 0 0 0 0 0 0 0 0 0 0 0 0 0 0 0 0 0 0 0 0 0 1092.590147 1055.338791 1217.97523 1551.664293 1931.364161 2373.968313 2726.418017 3093.893923 3390.896997 3627.534387 3780.032933 3815.154371 3917.284388 3910.073099 4004.811882 4017.800782 3979.393854 4023.09477 4038.746347 4032.218893 4051.750498 4108.230781 4075.188004 4096.365987 4148.473793 4240.657788 4226.082514 4301.448152 4435.979346 4563.94539 4620.532143 4750.028634 4812.133816 4892.373612 4931.63843 4977.626342 5019.815696 5091.256884 5156.178613 4729.325605 0 0 0 0 0 0 0 0 0 0 0 0 0 0 0 0 0 0 0 0 0 0 0 0 0 0 0 0 0 0 
0 0 0 0 0 0 0 0 0 0 0 0 0 0 0 0 0 0 0 0 0 0 0 0 0 0 0 0 0 0 1138.800513 1024.755067 1208.905461 1532.701224 1947.813334 2336.447679 2747.459941 3099.462726 3419.64269 3635.846755 3729.570784 3900.389605 3850.4892 3910.943857 3946.118508 3954.659406 3994.655175 4052.228255 4025.682858 4080.630282 4028.010555 4039.00365 4049.633718 4127.554949 4158.407679 4168.355425 4182.130486 4279.745006 4382.177073 4565.678721 4696.182231 4734.397573 4780.061533 4878.106399 4897.862379 5002.31585 5009.340075 5144.376845 5097.590663 4717.564391 0 0 0 0 0 0 0 0 0 0 0 0 0 0 0 0 0 0 0 0 0 0 0 0 0 0 0 0 0 0 
0 0 0 0 0 0 0 0 0 0 0 0 0 0 0 0 0 0 0 0 0 0 0 0 0 0 0 0 0 0 1107.248206 1056.836457 1207.969632 1517.576413 1911.618821 2343.985519 2686.100223 3109.849579 3403.172287 3656.668819 3803.160317 3829.493663 3907.639916 3925.267016 3964.23836 4008.313548 4050.285713 4017.700853 3995.853326 4019.768909 4049.330554 4011.395252 4033.042875 4093.417287 4154.392009 4184.117783 4198.267038 4371.039252 4391.961498 4609.710067 4673.349367 4770.66728 4761.976081 4827.284235 4972.95546 5024.835471 5002.688218 5066.307145 5130.964337 4703.697445 0 0 0 0 0 0 0 0 0 0 0 0 0 0 0 0 0 0 0 0 0 0 0 0 0 0 0 0 0 0 
0 0 0 0 0 0 0 0 0 0 0 0 0 0 0 0 0 0 0 0 0 0 0 0 0 0 0 0 0 0 1133.655786 1022.365181 1226.020717 1544.25083 1912.490301 2327.097512 2713.734303 3121.452353 3386.890883 3605.073035 3738.573117 3869.140149 3860.971156 3901.757181 3903.159527 3980.504038 4044.040724 4024.498374 4040.280675 3955.104971 4038.95276 4078.5446 4084.030004 4128.306007 4103.112749 4157.557507 4198.33502 4324.488807 4329.151295 4577.401155 4628.424039 4659.994649 4818.044887 4840.634517 4926.239159 5006.072998 5051.036435 5042.094587 5039.555859 4742.034616 0 0 0 0 0 0 0 0 0 0 0 0 0 0 0 0 0 0 0 0 0 0 0 0 0 0 0 0 0 0 
0 0 0 0 0 0 0 0 0 0 0 0 0 0 0 0 0 0 0 0 0 0 0 0 0 0 0 0 0 0 1123.018317 1035.854724 1177.264372 1538.999594 1902.057208 2317.823176 2749.258768 3103.565808 3423.799266 3629.954784 3807.570937 3809.412492 3858.966034 3917.170848 3955.875598 3966.348466 3976.895464 4029.319618 3970.21197 3967.866613 4006.734983 4071.768609 4009.918741 4077.348227 4143.189293 4158.552694 4269.038047 4324.741301 4357.369715 4520.946783 4642.224161 4699.012587 4788.855482 4859.099712 4890.827413 4991.388691 5005.88888 5078.93011 5174.258476 4714.737993 0 0 0 0 0 0 0 0 0 0 0 0 0 0 0 0 0 0 0 0 0 0 0 0 0 0 0 0 0 0 
0 0 0 0 0 0 0 0 0 0 0 0 0 0 0 0 0 0 0 0 0 0 0 0 0 0 0 0 0 0 1126.74613 989.5840798 1168.227483 1507.26031 1898.114186 2335.23986 2695.537271 3115.003086 3386.820585 3610.075142 3748.750789 3828.163902 3848.353967 3843.423365 3915.749644 4004.898824 3977.137712 3941.740262 4021.691268 4018.361417 4008.117534 4090.54978 4055.915661 4107.209875 4129.137055 4157.184896 4235.841449 4306.302609 4373.640667 4549.577102 4690.546923 4724.945601 4771.346689 4902.67102 4916.94986 4956.382337 5006.691992 5007.23187 5133.122771 4729.847968 0 0 0 0 0 0 0 0 0 0 0 0 0 0 0 0 0 0 0 0 0 0 0 0 0 0 0 0 0 0 
0 0 0 0 0 0 0 0 0 0 0 0 0 0 0 0 0 0 0 0 0 0 0 0 0 0 0 0 0 0 1156.886731 999.9796934 1206.390059 1548.572199 1901.593741 2321.968232 2694.355444 3065.296818 3389.286579 3598.245852 3768.803708 3759.260899 3898.238981 3888.419429 3938.065491 3979.020488 4016.858953 3996.908288 3901.61533 4047.913664 3986.44626 4026.130448 3952.167754 4089.611523 4131.583061 4089.32397 4172.751504 4330.644815 4414.553458 4560.999744 4619.892945 4678.402264 4741.09363 4821.288513 4895.973042 4977.66458 4950.013584 5072.322054 5138.739913 4670.177087 0 0 0 0 0 0 0 0 0 0 0 0 0 0 0 0 0 0 0 0 0 0 0 0 0 0 0 0 0 0 
0 0 0 0 0 0 0 0 0 0 0 0 0 0 0 0 0 0 0 0 0 0 0 0 0 0 0 0 0 0 1129.43599 1019.788815 1204.356128 1525.771191 1905.473235 2353.11976 2742.763053 3110.426107 3387.210321 3583.752515 3655.395099 3835.731088 3858.026735 3881.229132 3922.700719 3939.327141 3962.648038 4011.01869 3976.141734 4020.523899 4008.872644 4027.100717 4018.420054 4073.024556 4157.519587 4134.356364 4176.264956 4298.87657 4375.807589 4485.508515 4658.156417 4691.589133 4770.996109 4817.57265 4846.975619 4901.081985 5043.305185 5054.399983 5094.579715 4645.559094 0 0 0 0 0 0 0 0 0 0 0 0 0 0 0 0 0 0 0 0 0 0 0 0 0 0 0 0 0 0 
0 0 0 0 0 0 0 0 0 0 0 0 0 0 0 0 0 0 0 0 0 0 0 0 0 0 0 0 0 0 1052.943794 1017.461065 1210.932389 1508.983107 1922.126628 2280.879458 2734.501436 3061.323547 3402.162491 3583.977186 3782.610153 3854.401224 3852.647873 3906.60829 3908.230922 4001.341972 3909.190006 3954.528493 3951.266553 4003.978096 4003.342532 3984.423481 4049.133885 4049.908652 4102.368723 4163.17924 4176.556861 4251.745007 4361.565584 4522.771065 4589.910684 4702.563873 4751.27482 4893.647545 4937.828979 5001.169174 4955.765335 5067.58785 5104.600514 4685.840314 0 0 0 0 0 0 0 0 0 0 0 0 0 0 0 0 0 0 0 0 0 0 0 0 0 0 0 0 0 0 
0 0 0 0 0 0 0 0 0 0 0 0 0 0 0 0 0 0 0 0 0 0 0 0 0 0 0 0 0 0 1141.720873 1007.589173 1207.880668 1505.666662 1922.627756 2282.621671 2693.878149 3098.01276 3351.960276 3604.536218 3700.811525 3827.10711 3854.466362 3911.216582 3897.56275 3928.936722 3980.194516 3952.682764 3985.77455 3983.508136 4038.894475 4006.743339 4020.913435 4073.579668 4105.010214 4210.202672 4122.768829 4292.23831 4395.737719 4520.540162 4638.401341 4667.688566 4749.847351 4834.176129 4872.913675 4965.998859 5067.840992 5090.165915 5035.345227 4659.353052 0 0 0 0 0 0 0 0 0 0 0 0 0 0 0 0 0 0 0 0 0 0 0 0 0 0 0 0 0 0 
0 0 0 0 0 0 0 0 0 0 0 0 0 0 0 0 0 0 0 0 0 0 0 0 0 0 0 0 0 0 1091.2508 1005.45841 1223.140613 1565.582578 1912.032514 2299.241103 2641.220877 3062.868713 3352.842523 3591.649714 3717.01913 3849.614515 3853.632092 3918.89163 3961.880855 3916.059838 4015.565826 4039.374654 4008.092428 3990.920673 4058.315384 4087.785364 4024.620505 4074.042237 4115.204012 4080.947491 4215.594004 4302.69182 4352.595124 4528.168322 4628.698984 4677.18754 4701.567014 4866.36588 4873.864142 4957.568309 4981.166398 5070.88911 5089.225963 4666.610284 0 0 0 0 0 0 0 0 0 0 0 0 0 0 0 0 0 0 0 0 0 0 0 0 0 0 0 0 0 0 
0 0 0 0 0 0 0 0 0 0 0 0 0 0 0 0 0 0 0 0 0 0 0 0 0 0 0 0 0 0 1097.980351 1036.008588 1216.730678 1570.195876 1932.874624 2310.561026 2735.358637 3083.557188 3368.494432 3621.165062 3731.9471 3839.791038 3909.276166 3867.92664 3944.888841 3940.940021 4007.933061 4003.965798 3993.854867 4012.35891 3961.172372 4013.023411 4010.937074 4062.100121 4143.587998 4069.674587 4165.177797 4278.13526 4338.112714 4515.048418 4614.394086 4678.193451 4787.660039 4799.338177 4847.956218 5016.267404 4960.530486 5068.538229 5066.776455 4701.653967 0 0 0 0 0 0 0 0 0 0 0 0 0 0 0 0 0 0 0 0 0 0 0 0 0 0 0 0 0 0 
0 0 0 0 0 0 0 0 0 0 0 0 0 0 0 0 0 0 0 0 0 0 0 0 0 0 0 0 0 0 1068.722335 1025.772899 1201.356008 1567.052626 1928.383982 2263.354714 2665.487593 3060.159535 3330.40735 3579.429257 3669.781636 3849.47463 3834.162701 3848.10582 3947.250415 3950.377853 3974.601133 3962.04886 4019.706359 4009.828843 4030.84454 4022.879896 3976.336609 4091.364006 4132.110024 4138.234794 4117.528884 4296.289546 4386.737519 4526.090636 4642.244672 4684.059799 4720.969298 4806.454723 4872.281209 4963.183656 5053.113937 5054.485686 5106.201381 4670.476696 0 0 0 0 0 0 0 0 0 0 0 0 0 0 0 0 0 0 0 0 0 0 0 0 0 0 0 0 0 0 
0 0 0 0 0 0 0 0 0 0 0 0 0 0 0 0 0 0 0 0 0 0 0 0 0 0 0 0 0 0 1048.029778 997.049313 1204.840505 1533.346307 1915.919953 2303.048442 2682.621451 3120.131917 3325.785819 3544.421528 3725.409837 3836.952624 3826.844793 3912.627312 3968.166801 3973.740784 3999.150331 3977.598326 3957.622429 3964.475965 4057.112528 4098.454945 4067.82818 3987.684527 4130.238382 4132.423029 4173.3729 4247.036217 4367.135682 4479.724358 4653.397489 4717.360223 4777.993874 4825.441722 4790.232365 4994.629311 4992.122895 5069.470308 5095.993679 4630.335717 0 0 0 0 0 0 0 0 0 0 0 0 0 0 0 0 0 0 0 0 0 0 0 0 0 0 0 0 0 0 
0 0 0 0 0 0 0 0 0 0 0 0 0 0 0 0 0 0 0 0 0 0 0 0 0 0 0 0 0 0 1104.164363 983.8567685 1189.968876 1526.213046 1888.718171 2293.400655 2672.62352 3028.820035 3391.959055 3574.598047 3758.61382 3841.728059 3856.240658 3904.737168 3853.847101 3978.483874 3933.420176 3994.795306 3947.914671 4014.706618 4019.470304 4059.724242 3983.527457 4043.697465 4088.073178 4145.162536 4201.075338 4326.392454 4373.274037 4520.817034 4636.887227 4702.979268 4763.286194 4872.384832 4873.923362 4940.498552 4967.929681 5074.500992 5125.236974 4697.619859 0 0 0 0 0 0 0 0 0 0 0 0 0 0 0 0 0 0 0 0 0 0 0 0 0 0 0 0 0 0 
0 0 0 0 0 0 0 0 0 0 0 0 0 0 0 0 0 0 0 0 0 0 0 0 0 0 0 0 0 0 1100.598563 958.2970891 1200.055344 1471.381895 1895.536091 2287.863915 2682.352273 3062.344205 3432.423532 3579.196355 3768.564399 3792.11508 3819.961265 3841.631905 3931.743209 3914.656815 3975.058213 4009.140186 4030.812069 3916.296834 4010.123215 4033.182407 4060.799525 4067.269279 4049.217876 4104.323291 4182.179875 4303.991496 4349.320759 4520.577788 4555.223149 4701.489412 4724.821566 4828.933305 4878.573541 5028.539153 4898.372547 5003.853465 5106.800099 4695.741963 0 0 0 0 0 0 0 0 0 0 0 0 0 0 0 0 0 0 0 0 0 0 0 0 0 0 0 0 0 0 
0 0 0 0 0 0 0 0 0 0 0 0 0 0 0 0 0 0 0 0 0 0 0 0 0 0 0 0 0 0 1149.387684 990.1917511 1211.710829 1526.360597 1916.504347 2299.271663 2668.861465 3080.923283 3400.981092 3573.548267 3703.490645 3827.483555 3829.42448 3809.361204 3854.578282 3927.961394 3935.443271 3968.699294 3943.722032 3999.40882 4057.258802 4006.770824 3982.098674 4101.154209 4104.257501 4071.000336 4195.404899 4298.034877 4354.509993 4546.872642 4625.144785 4723.178249 4745.578279 4836.261856 4855.759824 4949.31446 4981.918225 5015.417678 5066.400226 4629.698044 0 0 0 0 0 0 0 0 0 0 0 0 0 0 0 0 0 0 0 0 0 0 0 0 0 0 0 0 0 0 
0 0 0 0 0 0 0 0 0 0 0 0 0 0 0 0 0 0 0 0 0 0 0 0 0 0 0 0 0 0 1103.332778 1008.363292 1209.637379 1527.249225 1905.717378 2307.423744 2704.111878 3106.219821 3392.282922 3603.910988 3720.956312 3836.604344 3883.432631 3869.420993 3872.2125 3931.798361 3966.644035 4047.265241 3969.142542 3976.912453 3987.629872 4029.857582 3983.675025 4126.489715 4140.675834 4119.857554 4159.22244 4266.232959 4365.688783 4551.522323 4662.829332 4700.962774 4749.085729 4789.848201 4929.503125 5009.436732 4950.632361 5021.648073 5083.647444 4672.276387 0 0 0 0 0 0 0 0 0 0 0 0 0 0 0 0 0 0 0 0 0 0 0 0 0 0 0 0 0 0 
0 0 0 0 0 0 0 0 0 0 0 0 0 0 0 0 0 0 0 0 0 0 0 0 0 0 0 0 0 0 1088.174678 1056.784174 1212.333874 1535.751074 1915.371726 2288.1442 2683.594668 3049.449203 3364.993304 3603.257263 3699.089908 3819.555747 3849.286927 3875.137509 3894.666171 3938.768086 3971.164677 3963.343664 4008.058712 4027.413575 4022.176292 4068.247294 4035.114013 4060.951505 4103.56683 4091.903407 4186.676155 4296.471821 4354.691798 4582.593007 4617.40534 4723.135767 4747.025934 4861.764615 4908.372002 5006.617129 4987.275096 5036.474679 5122.0544 4690.667694 0 0 0 0 0 0 0 0 0 0 0 0 0 0 0 0 0 0 0 0 0 0 0 0 0 0 0 0 0 0 
0 0 0 0 0 0 0 0 0 0 0 0 0 0 0 0 0 0 0 0 0 0 0 0 0 0 0 0 0 0 1137.532884 1008.002084 1162.314011 1515.29803 1926.933476 2315.993212 2719.446346 3079.835903 3396.780065 3599.731202 3779.534184 3805.537692 3844.970616 3848.207749 3922.35727 3994.201995 3972.33816 4025.044413 3995.878407 4057.019717 3988.64115 4001.525605 3953.227664 4065.130728 4073.535216 4105.953336 4167.587013 4268.278051 4344.836733 4529.161325 4619.4813 4736.649358 4736.104706 4873.068262 4867.946236 4973.121219 4919.613116 5016.831918 5083.802021 4646.170215 0 0 0 0 0 0 0 0 0 0 0 0 0 0 0 0 0 0 0 0 0 0 0 0 0 0 0 0 0 0 
0 0 0 0 0 0 0 0 0 0 0 0 0 0 0 0 0 0 0 0 0 0 0 0 0 0 0 0 0 0 1113.652213 942.4496347 1238.086604 1545.962326 1896.347048 2330.662667 2655.46542 3068.219269 3462.588719 3604.404808 3725.985101 3812.824414 3886.964322 3843.359912 3930.638679 3964.268296 4037.171088 4059.082312 4017.745232 3986.51537 4076.072967 4010.3024 4066.237999 4093.982097 4139.642749 4074.920423 4250.995136 4296.03456 4341.906649 4530.955958 4650.834862 4677.059523 4795.059808 4841.778497 4863.869505 4951.681892 5013.681684 5009.370768 5106.744579 4706.183365 0 0 0 0 0 0 0 0 0 0 0 0 0 0 0 0 0 0 0 0 0 0 0 0 0 0 0 0 0 0 
0 0 0 0 0 0 0 0 0 0 0 0 0 0 0 0 0 0 0 0 0 0 0 0 0 0 0 0 0 0 1147.002116 1032.575894 1231.947409 1560.469634 1874.914716 2297.949245 2727.520976 3100.78687 3387.121558 3611.439892 3779.651449 3856.745643 3860.257355 3909.643688 3959.875349 3975.547078 4015.954207 3969.123991 4055.666215 3992.342127 4068.945503 4032.299982 4008.794908 4098.794556 4146.355343 4157.593098 4139.299207 4321.004099 4334.215783 4574.082564 4615.601002 4706.366858 4745.669922 4884.074648 4955.202541 4991.522018 5025.460672 5067.352725 5081.458938 4703.34461 0 0 0 0 0 0 0 0 0 0 0 0 0 0 0 0 0 0 0 0 0 0 0 0 0 0 0 0 0 0 
0 0 0 0 0 0 0 0 0 0 0 0 0 0 0 0 0 0 0 0 0 0 0 0 0 0 0 0 0 0 1116.722582 1024.079221 1217.494797 1543.922108 1938.648921 2339.423222 2715.180067 3130.791978 3389.366659 3632.440856 3803.911012 3881.454789 3845.476834 3930.184026 3969.129161 3979.746664 4073.501412 4071.709732 4023.222195 4017.193432 3974.098654 4059.376541 4063.600484 4043.753325 4161.283167 4105.822153 4199.479614 4295.637905 4354.732278 4514.978462 4631.366127 4773.783236 4773.350012 4838.219832 4931.247033 5002.329121 5024.706906 5113.622916 5103.696323 4727.236829 0 0 0 0 0 0 0 0 0 0 0 0 0 0 0 0 0 0 0 0 0 0 0 0 0 0 0 0 0 0 
0 0 0 0 0 0 0 0 0 0 0 0 0 0 0 0 0 0 0 0 0 0 0 0 0 0 0 0 0 0 1126.827897 1014.694151 1207.331216 1540.670782 1939.872855 2327.447865 2790.466527 3091.397619 3386.996055 3613.203032 3756.528703 3821.197244 3882.940586 3900.949107 3927.832135 4009.28424 4021.454787 4011.527908 4066.25681 4028.922261 4014.601515 4102.268209 4055.840798 4098.00502 4149.072003 4170.294256 4202.292975 4299.495513 4349.686192 4548.281061 4671.044246 4740.335125 4780.628323 4875.679659 4920.660855 5024.502479 4954.342928 5043.838688 5136.125659 4694.983664 0 0 0 0 0 0 0 0 0 0 0 0 0 0 0 0 0 0 0 0 0 0 0 0 0 0 0 0 0 0 
0 0 0 0 0 0 0 0 0 0 0 0 0 0 0 0 0 0 0 0 0 0 0 0 0 0 0 0 0 0 1099.764178 1010.93312 1254.568289 1525.668002 1934.308203 2317.26469 2763.709783 3084.78992 3435.696403 3624.676733 3727.564232 3829.663931 3840.232144 3924.842818 3917.949823 3946.783233 3990.446912 3988.770037 4008.776159 4058.709815 4092.82368 4037.013766 3996.669446 4104.406804 4129.16396 4179.163929 4244.023054 4288.138256 4380.354753 4559.794697 4688.031736 4713.81596 4794.460973 4861.171857 4891.061825 5015.381342 5052.504829 5044.867843 5139.374853 4658.430476 0 0 0 0 0 0 0 0 0 0 0 0 0 0 0 0 0 0 0 0 0 0 0 0 0 0 0 0 0 0 
0 0 0 0 0 0 0 0 0 0 0 0 0 0 0 0 0 0 0 0 0 0 0 0 0 0 0 0 0 0 1116.814355 1012.639214 1246.765232 1539.399941 1925.982559 2289.137009 2735.831755 3060.630107 3432.570739 3622.948039 3783.574439 3874.729646 3877.334606 3881.731232 3945.142997 3974.994291 4060.773504 4035.68559 4003.610597 4012.016901 4058.897823 4082.144268 4040.19257 4127.430733 4199.014987 4156.728773 4141.634661 4349.432945 4331.346021 4550.499428 4652.558879 4714.061263 4844.902854 4866.003819 4933.152917 5052.943789 5005.985738 5090.987368 5122.133 4706.832519 0 0 0 0 0 0 0 0 0 0 0 0 0 0 0 0 0 0 0 0 0 0 0 0 0 0 0 0 0 0 
0 0 0 0 0 0 0 0 0 0 0 0 0 0 0 0 0 0 0 0 0 0 0 0 0 0 0 0 0 0 1114.196873 1004.6813 1176.219294 1572.788581 1895.825089 2343.046475 2759.60658 3095.325244 3400.264003 3590.767815 3765.354629 3810.085177 3884.13528 3916.759065 3984.486076 4004.603011 3976.433803 4002.57557 4026.179164 4012.969975 4026.768188 4071.97293 4116.908066 4118.429814 4126.036709 4179.636337 4220.331325 4338.373515 4342.43808 4558.916477 4640.596905 4721.1567 4709.653174 4876.939315 4931.934023 5045.202173 5034.398672 5106.216853 5162.302614 4775.549015 0 0 0 0 0 0 0 0 0 0 0 0 0 0 0 0 0 0 0 0 0 0 0 0 0 0 0 0 0 0 
0 0 0 0 0 0 0 0 0 0 0 0 0 0 0 0 0 0 0 0 0 0 0 0 0 0 0 0 0 0 1098.576253 1025.36025 1193.205726 1522.456699 1945.803018 2337.458017 2698.022411 3139.43348 3430.142843 3583.644721 3751.920597 3868.745533 3947.193209 3894.547095 3917.55718 4018.59363 4026.832025 4024.489751 4037.465227 4057.581284 4040.505089 4065.978027 4057.248284 4059.360034 4161.311661 4188.073017 4226.266769 4316.553794 4328.817093 4513.764789 4696.438984 4721.979138 4802.02248 4894.642586 4941.290818 5011.406747 5027.394494 5006.697991 5122.470271 4683.14828 0 0 0 0 0 0 0 0 0 0 0 0 0 0 0 0 0 0 0 0 0 0 0 0 0 0 0 0 0 0 
0 0 0 0 0 0 0 0 0 0 0 0 0 0 0 0 0 0 0 0 0 0 0 0 0 0 0 0 0 0 1135.995124 1025.496471 1274.298785 1547.23546 1910.775867 2376.714728 2718.461499 3108.34556 3363.5596 3593.556647 3784.876849 3834.374124 3944.7581 3896.637065 3986.026478 3975.873578 4022.74428 3991.1783 4015.568757 4035.214634 4049.788291 4012.308727 4089.512099 4160.236289 4124.210939 4155.836415 4175.986086 4327.264687 4335.64259 4505.654985 4720.944951 4752.496995 4786.739764 4830.239168 4996.728712 4977.099707 5054.178316 5107.181379 5119.141097 4705.329751 0 0 0 0 0 0 0 0 0 0 0 0 0 0 0 0 0 0 0 0 0 0 0 0 0 0 0 0 0 0 
0 0 0 0 0 0 0 0 0 0 0 0 0 0 0 0 0 0 0 0 0 0 0 0 0 0 0 0 0 0 1174.149356 1010.582392 1197.310683 1523.557695 1900.960112 2297.524675 2702.877502 3085.936672 3375.911324 3616.10638 3737.466253 3914.205653 3920.850642 3889.100876 3952.736651 3933.126105 3970.50459 4020.334504 4019.484246 3993.088802 3960.540003 4060.651203 4019.140577 4124.896415 4131.322547 4187.936368 4247.646438 4271.411537 4379.709026 4564.681668 4599.171558 4785.001192 4838.467714 4885.937941 4909.249297 4992.933058 4995.666518 5095.605483 5201.727373 4711.850737 0 0 0 0 0 0 0 0 0 0 0 0 0 0 0 0 0 0 0 0 0 0 0 0 0 0 0 0 0 0 
0 0 0 0 0 0 0 0 0 0 0 0 0 0 0 0 0 0 0 0 0 0 0 0 0 0 0 0 0 0 1195.254336 1073.317222 1209.456903 1537.770577 1915.608425 2326.260801 2722.755175 3128.539029 3389.490009 3602.375915 3794.843648 3855.865074 3937.433607 3903.181532 3949.417686 4001.146652 4025.930012 4008.050497 4034.112958 4031.593125 4054.920043 3987.934326 4050.809957 4082.54709 4192.26518 4183.494507 4231.769984 4316.763676 4367.749423 4539.07337 4682.074252 4713.759745 4833.292166 4844.155311 4939.698624 4959.57354 4996.126375 5034.404771 5194.807269 4660.537981 0 0 0 0 0 0 0 0 0 0 0 0 0 0 0 0 0 0 0 0 0 0 0 0 0 0 0 0 0 0 
0 0 0 0 0 0 0 0 0 0 0 0 0 0 0 0 0 0 0 0 0 0 0 0 0 0 0 0 0 0 1147.370076 1036.371011 1203.170563 1519.089545 1910.47641 2320.432679 2751.843977 3120.588803 3422.80448 3582.422316 3815.866893 3905.019281 3843.371203 3914.406388 3977.772918 4004.813447 4022.797081 3992.508737 4016.715345 4019.277835 4016.165497 4105.160531 4061.141301 4153.326808 4079.829271 4125.82089 4180.503534 4313.629516 4367.093879 4591.606649 4720.378417 4774.060931 4785.954665 4819.099118 4895.592646 4976.599091 5037.789535 5073.499215 5087.679159 4696.653196 0 0 0 0 0 0 0 0 0 0 0 0 0 0 0 0 0 0 0 0 0 0 0 0 0 0 0 0 0 0 
0 0 0 0 0 0 0 0 0 0 0 0 0 0 0 0 0 0 0 0 0 0 0 0 0 0 0 0 0 0 1093.515595 1018.652939 1206.639621 1534.024455 1879.211787 2303.623353 2723.931818 3113.712201 3398.377072 3602.714042 3778.194689 3852.956955 3890.674795 3924.385915 3991.94411 3961.122362 3934.120553 4026.732341 3975.941937 4021.780434 4016.999217 4105.162026 4092.581544 4131.981273 4158.200962 4174.655728 4157.707839 4334.757569 4362.93276 4543.776476 4668.628225 4757.015656 4746.301359 4859.243961 4979.224514 5043.664716 5039.400885 5097.612315 5144.016667 4705.016529 0 0 0 0 0 0 0 0 0 0 0 0 0 0 0 0 0 0 0 0 0 0 0 0 0 0 0 0 0 0 
0 0 0 0 0 0 0 0 0 0 0 0 0 0 0 0 0 0 0 0 0 0 0 0 0 0 0 0 0 0 1106.67903 990.7824555 1268.67382 1564.320338 1922.048181 2328.555139 2737.813843 3091.285068 3413.012631 3608.080756 3731.994611 3879.649152 3877.1923 3887.864727 3919.156701 3988.075396 4041.720262 4028.155844 4017.442089 4065.683266 4080.591046 4072.599091 4033.953478 4046.932937 4122.609963 4148.247463 4246.193497 4284.426448 4374.035225 4538.316498 4685.603235 4753.225474 4832.865321 4843.42728 4945.69951 5019.588024 5055.47094 5079.929989 5127.821379 4675.915287 0 0 0 0 0 0 0 0 0 0 0 0 0 0 0 0 0 0 0 0 0 0 0 0 0 0 0 0 0 0 
0 0 0 0 0 0 0 0 0 0 0 0 0 0 0 0 0 0 0 0 0 0 0 0 0 0 0 0 0 0 1152.430469 1060.941355 1239.122954 1549.472392 1910.592262 2361.800802 2776.60294 3092.768675 3385.185921 3620.104615 3755.479773 3834.547292 3900.560557 3878.072151 3968.438553 3988.206019 4036.5528 3989.999068 4024.382358 3984.201141 4027.134795 4059.573053 4061.300671 4119.148033 4144.764476 4100.587192 4248.236404 4290.633633 4369.304048 4551.826328 4623.085924 4684.396002 4849.080142 4870.657987 4879.424268 4935.159409 5027.132842 5105.801402 5100.601261 4736.106506 0 0 0 0 0 0 0 0 0 0 0 0 0 0 0 0 0 0 0 0 0 0 0 0 0 0 0 0 0 0 
0 0 0 0 0 0 0 0 0 0 0 0 0 0 0 0 0 0 0 0 0 0 0 0 0 0 0 0 0 0 1145.825782 1028.231436 1249.540045 1490.281352 1916.962696 2334.561008 2686.517059 3097.372412 3359.373667 3608.852168 3767.38414 3831.397038 3908.222857 3886.904298 3968.745361 4008.380166 4025.408088 4021.549029 4017.269953 4054.360795 4098.682825 4063.198162 4131.548659 4061.9712 4090.796194 4133.45409 4232.622729 4317.265871 4423.543564 4563.872133 4616.069725 4765.639328 4799.014443 4866.57099 4961.964031 5058.044315 5058.179735 5078.329776 5092.466808 4716.222897 0 0 0 0 0 0 0 0 0 0 0 0 0 0 0 0 0 0 0 0 0 0 0 0 0 0 0 0 0 0 
0 0 0 0 0 0 0 0 0 0 0 0 0 0 0 0 0 0 0 0 0 0 0 0 0 0 0 0 0 0 1116.143712 1012.827872 1184.285219 1580.607038 1938.754658 2284.729359 2714.740514 3077.604173 3394.931342 3650.279138 3768.50079 3810.896756 3879.677583 3917.188577 3898.168719 3985.698111 4037.90596 4019.277755 4000.833477 4014.265194 4021.467883 4026.821232 4081.349175 4107.320602 4173.200084 4196.214318 4238.355722 4340.744329 4346.549606 4535.382801 4562.471151 4721.403281 4750.210636 4924.390724 4905.823583 5031.126142 5012.310517 5075.237337 5147.480284 4710.989992 0 0 0 0 0 0 0 0 0 0 0 0 0 0 0 0 0 0 0 0 0 0 0 0 0 0 0 0 0 0 
0 0 0 0 0 0 0 0 0 0 0 0 0 0 0 0 0 0 0 0 0 0 0 0 0 0 0 0 0 0 1127.283313 996.4624382 1192.884638 1513.220256 1956.431028 2303.529518 2715.807505 3114.352168 3444.335842 3651.355178 3763.323387 3741.41068 3883.476923 3971.411329 3904.577505 4000.615636 4007.889503 3983.954795 3999.423162 3954.075786 3999.433959 4036.924328 4059.753272 4115.666035 4120.141137 4114.952729 4208.267739 4275.892946 4370.771878 4495.298222 4658.844323 4719.481576 4768.918253 4910.408642 4872.95179 4977.257446 5025.622734 5018.80525 5129.227887 4698.913338 0 0 0 0 0 0 0 0 0 0 0 0 0 0 0 0 0 0 0 0 0 0 0 0 0 0 0 0 0 0 
0 0 0 0 0 0 0 0 0 0 0 0 0 0 0 0 0 0 0 0 0 0 0 0 0 0 0 0 0 0 1117.779893 996.0162975 1196.271747 1541.780375 1906.959419 2369.371498 2695.533766 3127.407873 3410.252691 3661.893831 3747.164318 3845.102842 3874.424123 3901.971487 3944.472296 3993.955264 3990.931958 3967.931765 4003.34839 4082.101474 4064.115544 4062.689571 4052.677768 4100.284778 4134.216785 4181.510287 4194.526188 4325.386147 4372.408912 4567.515113 4664.359477 4772.637438 4807.320425 4831.800634 4872.693285 5036.477798 5035.66701 5079.058507 5169.620548 4695.958841 0 0 0 0 0 0 0 0 0 0 0 0 0 0 0 0 0 0 0 0 0 0 0 0 0 0 0 0 0 0 
0 0 0 0 0 0 0 0 0 0 0 0 0 0 0 0 0 0 0 0 0 0 0 0 0 0 0 0 0 0 1102.365145 1062.320998 1237.992374 1579.713758 1927.171887 2328.680295 2670.18967 3107.25402 3419.20656 3575.067841 3772.436518 3851.742912 3896.350358 3892.530257 3976.18408 3960.962331 4012.103207 3998.364542 4020.148709 4001.321379 4041.530089 4051.158586 4063.629058 4081.119086 4120.667126 4184.060765 4205.568083 4278.516627 4373.179298 4618.512319 4651.056567 4679.692902 4793.868263 4820.159622 4949.730223 4979.480236 5020.021466 5117.818835 5101.497884 4726.672998 0 0 0 0 0 0 0 0 0 0 0 0 0 0 0 0 0 0 0 0 0 0 0 0 0 0 0 0 0 0 
0 0 0 0 0 0 0 0 0 0 0 0 0 0 0 0 0 0 0 0 0 0 0 0 0 0 0 0 0 0 1104.146767 1018.16425 1209.481263 1490.953415 1943.923886 2311.669956 2722.198112 3084.173858 3440.180498 3656.071105 3789.538284 3872.251505 3942.093845 3882.9324 3962.228421 3958.983577 4082.491829 3990.711699 3958.488895 4057.574822 4049.504623 4077.670751 4042.162847 4128.625354 4077.460516 4125.600502 4197.354524 4312.104172 4366.864084 4535.988234 4717.785152 4733.883421 4827.159095 4892.830288 4940.840802 5013.671744 5004.031506 5011.404756 5143.989336 4708.734846 0 0 0 0 0 0 0 0 0 0 0 0 0 0 0 0 0 0 0 0 0 0 0 0 0 0 0 0 0 0 
0 0 0 0 0 0 0 0 0 0 0 0 0 0 0 0 0 0 0 0 0 0 0 0 0 0 0 0 0 0 1118.772974 1035.122258 1238.077009 1552.276029 1872.348576 2337.277417 2698.79022 3054.842416 3445.088447 3664.762558 3748.872107 3841.828689 3879.861314 3865.854007 3920.128836 3989.376346 3960.310184 3997.299702 4064.172887 3977.934796 4070.222272 4079.915744 4040.454727 4124.307812 4109.861515 4111.833658 4197.272842 4348.249474 4405.598721 4544.31958 4652.674442 4709.694817 4773.179013 4834.847135 4959.18091 4987.744809 5090.20981 5048.552156 5099.496775 4690.961972 0 0 0 0 0 0 0 0 0 0 0 0 0 0 0 0 0 0 0 0 0 0 0 0 0 0 0 0 0 0 
0 0 0 0 0 0 0 0 0 0 0 0 0 0 0 0 0 0 0 0 0 0 0 0 0 0 0 0 0 0 1086.154109 1014.384251 1215.446098 1515.74779 1899.737788 2337.684251 2680.452197 3063.710316 3382.526591 3594.734593 3765.741716 3828.462964 3921.861145 3879.184343 3925.425185 3935.920455 3985.198392 4014.612676 4014.495946 3976.944285 4004.570749 4098.012774 3963.345954 4059.122367 4137.2809 4105.091203 4136.828661 4412.435136 4381.873601 4531.281054 4673.886923 4733.088359 4777.414105 4842.479924 4904.649279 4989.976701 5005.295843 5070.543553 5163.213492 4690.499405 0 0 0 0 0 0 0 0 0 0 0 0 0 0 0 0 0 0 0 0 0 0 0 0 0 0 0 0 0 0 
0 0 0 0 0 0 0 0 0 0 0 0 0 0 0 0 0 0 0 0 0 0 0 0 0 0 0 0 0 0 1109.335827 1002.8745 1228.795979 1552.939083 1920.735737 2328.784984 2743.44708 3087.033092 3442.489909 3650.635825 3792.934542 3964.889914 3848.109945 3915.468797 3970.156103 4009.599805 3984.695627 4032.105509 4010.597208 3994.072464 4028.17631 4088.227488 4030.834303 4090.445606 4114.149764 4151.370554 4237.897399 4286.192947 4392.99997 4483.986071 4616.336589 4705.223228 4777.797248 4864.059926 4920.535068 5007.416542 5009.895707 5010.280845 5107.375937 4733.691122 0 0 0 0 0 0 0 0 0 0 0 0 0 0 0 0 0 0 0 0 0 0 0 0 0 0 0 0 0 0 
0 0 0 0 0 0 0 0 0 0 0 0 0 0 0 0 0 0 0 0 0 0 0 0 0 0 0 0 0 0 1112.542673 993.7257168 1211.833386 1552.916806 1912.44727 2314.813749 2798.385643 3084.792664 3397.618007 3666.042507 3802.26178 3785.588092 3944.015057 3922.425702 3958.762639 3975.660781 4045.150398 4007.387099 3955.421669 4062.106445 3988.455137 4026.975356 4031.843243 4103.463868 4124.084204 4173.498257 4195.025379 4317.70137 4331.598921 4563.175169 4618.06099 4703.46255 4757.655021 4877.525413 4949.976701 4983.072605 5053.098296 5032.212331 5132.930503 4750.863377 0 0 0 0 0 0 0 0 0 0 0 0 0 0 0 0 0 0 0 0 0 0 0 0 0 0 0 0 0 0 
0 0 0 0 0 0 0 0 0 0 0 0 0 0 0 0 0 0 0 0 0 0 0 0 0 0 0 0 0 0 1083.260498 1009.4726 1224.774548 1570.411875 1917.781313 2281.754521 2684.280219 3087.839002 3407.328721 3617.052549 3715.308556 3806.451743 3923.306217 3926.368891 3968.101817 4050.619483 4037.299708 4015.600107 3967.614651 4036.443353 4055.842247 4087.567942 4024.439858 4056.603715 4213.655229 4177.28612 4239.668566 4291.51723 4394.801838 4477.978927 4614.632223 4713.284207 4812.118327 4814.809698 4980.674714 5031.008276 5060.941638 5013.652346 5170.743016 4653.854551 0 0 0 0 0 0 0 0 0 0 0 0 0 0 0 0 0 0 0 0 0 0 0 0 0 0 0 0 0 0 
0 0 0 0 0 0 0 0 0 0 0 0 0 0 0 0 0 0 0 0 0 0 0 0 0 0 0 0 0 0 1108.534262 1000.785599 1217.371435 1564.024605 1902.702155 2299.145307 2688.066857 3126.953446 3387.69749 3583.737423 3725.563311 3871.063357 3918.63629 3871.901886 3970.190122 4014.931769 3959.295082 4022.850075 3984.816318 4009.079633 3986.758583 4076.445375 4072.200205 4076.701954 4109.349186 4118.229863 4181.931104 4296.866529 4412.357375 4541.499112 4694.295085 4790.523882 4814.853695 4861.491409 4946.09234 4946.643529 5037.15336 5013.816009 5156.115478 4709.946859 0 0 0 0 0 0 0 0 0 0 0 0 0 0 0 0 0 0 0 0 0 0 0 0 0 0 0 0 0 0 
0 0 0 0 0 0 0 0 0 0 0 0 0 0 0 0 0 0 0 0 0 0 0 0 0 0 0 0 0 0 1122.888241 1017.40263 1226.477563 1508.235558 1916.100535 2309.132256 2728.577012 3076.707379 3365.120801 3608.864596 3733.048824 3848.585651 3901.865303 3925.557429 3985.041432 4035.997139 3961.715103 3974.170791 3962.994119 3999.552283 4052.177341 4072.611103 3997.203261 4107.565215 4143.987132 4121.70227 4237.066544 4357.109382 4389.84199 4557.858042 4645.67424 4711.825093 4798.781005 4850.202403 4925.785472 4965.212686 5029.733597 5060.392152 5147.769049 4651.413338 0 0 0 0 0 0 0 0 0 0 0 0 0 0 0 0 0 0 0 0 0 0 0 0 0 0 0 0 0 0 
0 0 0 0 0 0 0 0 0 0 0 0 0 0 0 0 0 0 0 0 0 0 0 0 0 0 0 0 0 0 1072.984727 1045.91528 1232.666697 1513.03269 1916.272146 2344.167695 2747.172611 3090.619031 3416.817405 3607.542019 3770.915397 3854.858182 3896.458921 3946.778001 3876.695936 3972.690592 3967.290854 3961.521243 4040.886321 3967.044905 4008.478361 4035.37019 4041.016309 4106.83818 4065.939949 4115.496182 4190.007746 4313.669027 4306.41221 4554.909116 4693.526451 4704.408124 4785.854528 4907.516929 4936.806705 4968.405795 5006.640982 5030.383108 5032.644911 4721.304937 0 0 0 0 0 0 0 0 0 0 0 0 0 0 0 0 0 0 0 0 0 0 0 0 0 0 0 0 0 0 
0 0 0 0 0 0 0 0 0 0 0 0 0 0 0 0 0 0 0 0 0 0 0 0 0 0 0 0 0 0 1112.715241 1016.545435 1197.60392 1519.743466 1906.210743 2307.278679 2734.968606 3098.778169 3400.325196 3646.293805 3755.741927 3815.806556 3903.721398 3826.268348 3965.94108 3953.047865 4039.504041 4014.238703 4018.482465 4000.491454 3986.627602 4012.207235 4052.679493 4041.022158 4126.866091 4146.959316 4163.985214 4334.071471 4423.776679 4528.273936 4633.251458 4703.021364 4770.582691 4847.41062 4904.634414 4938.793639 5002.374044 5119.294472 5131.462975 4696.942873 0 0 0 0 0 0 0 0 0 0 0 0 0 0 0 0 0 0 0 0 0 0 0 0 0 0 0 0 0 0 
0 0 0 0 0 0 0 0 0 0 0 0 0 0 0 0 0 0 0 0 0 0 0 0 0 0 0 0 0 0 1152.341962 1028.953893 1243.931861 1532.250142 1918.065932 2329.766174 2713.750191 3082.673661 3411.220999 3600.254542 3734.14469 3837.125035 3916.350088 3918.731803 3958.857546 4004.713543 4024.965288 4006.22562 3979.13282 3978.615255 3993.244422 3991.068331 4081.294903 4098.337101 4108.913529 4121.891709 4172.668832 4306.680781 4372.302442 4500.067853 4696.000626 4713.516375 4773.434714 4865.479542 4896.724646 5003.543905 4982.793265 5053.747437 5149.625596 4660.627516 0 0 0 0 0 0 0 0 0 0 0 0 0 0 0 0 0 0 0 0 0 0 0 0 0 0 0 0 0 0 
0 0 0 0 0 0 0 0 0 0 0 0 0 0 0 0 0 0 0 0 0 0 0 0 0 0 0 0 0 0 1089.927585 1028.632865 1183.470816 1515.066776 1914.931372 2310.125781 2697.177134 3046.162907 3377.362902 3536.973483 3777.398615 3790.421829 3897.288197 3849.003178 3915.599554 3939.892863 3953.500292 3974.713364 3932.190577 3992.274304 4022.256239 3968.536987 4026.235916 4092.563368 4087.810051 4071.947118 4157.755323 4276.686057 4353.172342 4494.291974 4645.611102 4702.718931 4749.964057 4772.788526 4870.632625 4945.27801 5029.88933 5025.843842 5066.086764 4680.714431 0 0 0 0 0 0 0 0 0 0 0 0 0 0 0 0 0 0 0 0 0 0 0 0 0 0 0 0 0 0 
0 0 0 0 0 0 0 0 0 0 0 0 0 0 0 0 0 0 0 0 0 0 0 0 0 0 0 0 0 0 803.1159283 694.5574427 815.231384 1053.627044 1267.752432 1524.738204 1879.389741 2061.25963 2272.766863 2378.995959 2556.939664 2604.813289 2637.681947 2643.857089 2673.352352 2683.381389 2724.491207 2714.040031 2749.519323 2669.945999 2731.096812 2715.531971 2742.299436 2726.70542 2781.072487 2805.114973 2780.760315 2915.336451 2962.592421 3070.299686 3155.95856 3217.502476 3267.318709 3278.403828 3328.012379 3383.312231 3390.722434 3458.433714 3506.37372 3181.195079 0 0 0 0 0 0 0 0 0 0 0 0 0 0 0 0 0 0 0 0 0 0 0 0 0 0 0 0 0 0 
0 0 0 0 0 0 0 0 0 0 0 0 0 0 0 0 0 0 0 0 0 0 0 0 0 0 0 0 0 0 0 0 0 0 0 0 0 0 0 0 0 0 0 0 0 0 0 0 0 0 0 0 0 0 0 0 0 0 0 0 0 0 0 0 0 0 0 0 0 0 0 0 0 0 0 0 0 0 0 0 0 0 0 0 0 0 0 0 0 0 0 0 0 0 0 0 0 0 0 0 
0 0 0 0 0 0 0 0 0 0 0 0 0 0 0 0 0 0 0 0 0 0 0 0 0 0 0 0 0 0 0 0 0 0 0 0 0 0 0 0 0 0 0 0 0 0 0 0 0 0 0 0 0 0 0 0 0 0 0 0 0 0 0 0 0 0 0 0 0 0 0 0 0 0 0 0 0 0 0 0 0 0 0 0 0 0 0 0 0 0 0 0 0 0 0 0 0 0 0 0 
0 0 0 0 0 0 0 0 0 0 0 0 0 0 0 0 0 0 0 0 0 0 0 0 0 0 0 0 0 0 0 0 0 0 0 0 0 0 0 0 0 0 0 0 0 0 0 0 0 0 0 0 0 0 0 0 0 0 0 0 0 0 0 0 0 0 0 0 0 0 0 0 0 0 0 0 0 0 0 0 0 0 0 0 0 0 0 0 0 0 0 0 0 0 0 0 0 0 0 0 
0 0 0 0 0 0 0 0 0 0 0 0 0 0 0 0 0 0 0 0 0 0 0 0 0 0 0 0 0 0 0 0 0 0 0 0 0 0 0 0 0 0 0 0 0 0 0 0 0 0 0 0 0 0 0 0 0 0 0 0 0 0 0 0 0 0 0 0 0 0 0 0 0 0 0 0 0 0 0 0 0 0 0 0 0 0 0 0 0 0 0 0 0 0 0 0 0 0 0 0 
0 0 0 0 0 0 0 0 0 0 0 0 0 0 0 0 0 0 0 0 0 0 0 0 0 0 0 0 0 0 0 0 0 0 0 0 0 0 0 0 0 0 0 0 0 0 0 0 0 0 0 0 0 0 0 0 0 0 0 0 0 0 0 0 0 0 0 0 0 0 0 0 0 0 0 0 0 0 0 0 0 0 0 0 0 0 0 0 0 0 0 0 0 0 0 0 0 0 0 0 
0 0 0 0 0 0 0 0 0 0 0 0 0 0 0 0 0 0 0 0 0 0 0 0 0 0 0 0 0 0 0 0 0 0 0 0 0 0 0 0 0 0 0 0 0 0 0 0 0 0 0 0 0 0 0 0 0 0 0 0 0 0 0 0 0 0 0 0 0 0 0 0 0 0 0 0 0 0 0 0 0 0 0 0 0 0 0 0 0 0 0 0 0 0 0 0 0 0 0 0 
0 0 0 0 0 0 0 0 0 0 0 0 0 0 0 0 0 0 0 0 0 0 0 0 0 0 0 0 0 0 0 0 0 0 0 0 0 0 0 0 0 0 0 0 0 0 0 0 0 0 0 0 0 0 0 0 0 0 0 0 0 0 0 0 0 0 0 0 0 0 0 0 0 0 0 0 0 0 0 0 0 0 0 0 0 0 0 0 0 0 0 0 0 0 0 0 0 0 0 0 
0 0 0 0 0 0 0 0 0 0 0 0 0 0 0 0 0 0 0 0 0 0 0 0 0 0 0 0 0 0 0 0 0 0 0 0 0 0 0 0 0 0 0 0 0 0 0 0 0 0 0 0 0 0 0 0 0 0 0 0 0 0 0 0 0 0 0 0 0 0 0 0 0 0 0 0 0 0 0 0 0 0 0 0 0 0 0 0 0 0 0 0 0 0 0 0 0 0 0 0 
0 0 0 0 0 0 0 0 0 0 0 0 0 0 0 0 0 0 0 0 0 0 0 0 0 0 0 0 0 0 0 0 0 0 0 0 0 0 0 0 0 0 0 0 0 0 0 0 0 0 0 0 0 0 0 0 0 0 0 0 0 0 0 0 0 0 0 0 0 0 0 0 0 0 0 0 0 0 0 0 0 0 0 0 0 0 0 0 0 0 0 0 0 0 0 0 0 0 0 0 
0 0 0 0 0 0 0 0 0 0 0 0 0 0 0 0 0 0 0 0 0 0 0 0 0 0 0 0 0 0 0 0 0 0 0 0 0 0 0 0 0 0 0 0 0 0 0 0 0 0 0 0 0 0 0 0 0 0 0 0 0 0 0 0 0 0 0 0 0 0 0 0 0 0 0 0 0 0 0 0 0 0 0 0 0 0 0 0 0 0 0 0 0 0 0 0 0 0 0 0 
# Events [E3aEnd/ExitE3a.dat] N:
0 0 0 0 0 0 0 0 0 0 0 0 0 0 0 0 0 0 0 0 0 0 0 0 0 0 0 0 0 0 0 0 0 0 0 0 0 0 0 0 0 0 0 0 0 0 0 0 0 0 0 0 0 0 0 0 0 0 0 0 0 0 0 0 0 0 0 0 0 0 0 0 0 0 0 0 0 0 0 0 0 0 0 0 0 0 0 0 0 0 0 0 0 0 0 0 0 0 0 0 
0 0 0 0 0 0 0 0 0 0 0 0 0 0 0 0 0 0 0 0 0 0 0 0 0 0 0 0 0 0 0 0 0 0 0 0 0 0 0 0 0 0 0 0 0 0 0 0 0 0 0 0 0 0 0 0 0 0 0 0 0 0 0 0 0 0 0 0 0 0 0 0 0 0 0 0 0 0 0 0 0 0 0 0 0 0 0 0 0 0 0 0 0 0 0 0 0 0 0 0 
0 0 0 0 0 0 0 0 0 0 0 0 0 0 0 0 0 0 0 0 0 0 0 0 0 0 0 0 0 0 0 0 0 0 0 0 0 0 0 0 0 0 0 0 0 0 0 0 0 0 0 0 0 0 0 0 0 0 0 0 0 0 0 0 0 0 0 0 0 0 0 0 0 0 0 0 0 0 0 0 0 0 0 0 0 0 0 0 0 0 0 0 0 0 0 0 0 0 0 0 
0 0 0 0 0 0 0 0 0 0 0 0 0 0 0 0 0 0 0 0 0 0 0 0 0 0 0 0 0 0 0 0 0 0 0 0 0 0 0 0 0 0 0 0 0 0 0 0 0 0 0 0 0 0 0 0 0 0 0 0 0 0 0 0 0 0 0 0 0 0 0 0 0 0 0 0 0 0 0 0 0 0 0 0 0 0 0 0 0 0 0 0 0 0 0 0 0 0 0 0 
0 0 0 0 0 0 0 0 0 0 0 0 0 0 0 0 0 0 0 0 0 0 0 0 0 0 0 0 0 0 0 0 0 0 0 0 0 0 0 0 0 0 0 0 0 0 0 0 0 0 0 0 0 0 0 0 0 0 0 0 0 0 0 0 0 0 0 0 0 0 0 0 0 0 0 0 0 0 0 0 0 0 0 0 0 0 0 0 0 0 0 0 0 0 0 0 0 0 0 0 
0 0 0 0 0 0 0 0 0 0 0 0 0 0 0 0 0 0 0 0 0 0 0 0 0 0 0 0 0 0 0 0 0 0 0 0 0 0 0 0 0 0 0 0 0 0 0 0 0 0 0 0 0 0 0 0 0 0 0 0 0 0 0 0 0 0 0 0 0 0 0 0 0 0 0 0 0 0 0 0 0 0 0 0 0 0 0 0 0 0 0 0 0 0 0 0 0 0 0 0 
0 0 0 0 0 0 0 0 0 0 0 0 0 0 0 0 0 0 0 0 0 0 0 0 0 0 0 0 0 0 0 0 0 0 0 0 0 0 0 0 0 0 0 0 0 0 0 0 0 0 0 0 0 0 0 0 0 0 0 0 0 0 0 0 0 0 0 0 0 0 0 0 0 0 0 0 0 0 0 0 0 0 0 0 0 0 0 0 0 0 0 0 0 0 0 0 0 0 0 0 
0 0 0 0 0 0 0 0 0 0 0 0 0 0 0 0 0 0 0 0 0 0 0 0 0 0 0 0 0 0 0 0 0 0 0 0 0 0 0 0 0 0 0 0 0 0 0 0 0 0 0 0 0 0 0 0 0 0 0 0 0 0 0 0 0 0 0 0 0 0 0 0 0 0 0 0 0 0 0 0 0 0 0 0 0 0 0 0 0 0 0 0 0 0 0 0 0 0 0 0 
0 0 0 0 0 0 0 0 0 0 0 0 0 0 0 0 0 0 0 0 0 0 0 0 0 0 0 0 0 0 0 0 0 0 0 0 0 0 0 0 0 0 0 0 0 0 0 0 0 0 0 0 0 0 0 0 0 0 0 0 0 0 0 0 0 0 0 0 0 0 0 0 0 0 0 0 0 0 0 0 0 0 0 0 0 0 0 0 0 0 0 0 0 0 0 0 0 0 0 0 
0 0 0 0 0 0 0 0 0 0 0 0 0 0 0 0 0 0 0 0 0 0 0 0 0 0 0 0 0 0 0 0 0 0 0 0 0 0 0 0 0 0 0 0 0 0 0 0 0 0 0 0 0 0 0 0 0 0 0 0 0 0 0 0 0 0 0 0 0 0 0 0 0 0 0 0 0 0 0 0 0 0 0 0 0 0 0 0 0 0 0 0 0 0 0 0 0 0 0 0 
0 0 0 0 0 0 0 0 0 0 0 0 0 0 0 0 0 0 0 0 0 0 0 0 0 0 0 0 0 0 6331 7615 7557 7374 7339 7174 6832 6537 6313 5840 5496 5091 4808 4282 3554 3460 3515 3494 3436 3393 3568 4070 4120 4303 4539 4583 4760 4882 5046 5104 5374 5642 5825 5783 5845 6108 6117 6118 6186 5328 0 0 0 0 0 0 0 0 0 0 0 0 0 0 0 0 0 0 0 0 0 0 0 0 0 0 0 0 0 0 
0 0 0 0 0 0 0 0 0 0 0 0 0 0 0 0 0 0 0 0 0 0 0 0 0 0 0 0 0 0 13726 16132 15927 15511 15470 15150 14281 13725 13142 12482 11643 10986 10385 9052 7585 7165 7064 7024 7197 7035 7853 8434 8624 9472 9599 10021 10136 10306 10597 10896 11501 11971 12214 12463 12419 12617 12480 12742 13054 11384 0 0 0 0 0 0 0 0 0 0 0 0 0 0 0 0 0 0 0 0 0 0 0 0 0 0 0 0 0 0 
0 0 0 0 0 0 0 0 0 0 0 0 0 0 0 0 0 0 0 0 0 0 0 0 0 0 0 0 0 0 13489 16013 15836 15570 15642 14874 14298 13861 13131 12359 11687 11091 10279 9078 7411 7301 6998 7261 7182 7034 7914 8644 8613 9209 9732 9856 10230 10407 10566 10909 11541 11822 12509 12440 12490 12815 12895 12893 13014 11049 0 0 0 0 0 0 0 0 0 0 0 0 0 0 0 0 0 0 0 0 0 0 0 0 0 0 0 0 0 0 
0 0 0 0 0 0 0 0 0 0 0 0 0 0 0 0 0 0 0 0 0 0 0 0 0 0 0 0 0 0 13662 16082 15913 15750 15464 15218 14581 13683 13441 12458 11790 11085 10227 9084 7333 7086 7160 7045 7070 7203 7782 8675 8464 9470 9817 9821 10120 10236 10505 11012 11507 11806 12228 12548 12634 12826 13002 12905 13150 11331 0 0 0 0 0 0 0 0 0 0 0 0 0 0 0 0 0 0 0 0 0 0 0 0 0 0 0 0 0 0 
0 0 0 0 0 0 0 0 0 0 0 0 0 0 0 0 0 0 0 0 0 0 0 0 0 0 0 0 0 0 13558 16113 16048 15681 15597 15160 14627 13701 13335 12377 11832 10853 10355 9101 7350 7134 7140 7054 7171 7126 7756 8604 8656 9437 9562 9851 10121 10406 10484 10869 11535 11833 12436 12569 12234 12697 12733 12857 12897 11136 0 0 0 0 0 0 0 0 0 0 0 0 0 0 0 0 0 0 0 0 0 0 0 0 0 0 0 0 0 0 
0 0 0 0 0 0 0 0 0 0 0 0 0 0 0 0 0 0 0 0 0 0 0 0 0 0 0 0 0 0 13455 16145 15999 15590 15494 14879 14238 13785 13403 12454 11762 10982 10474 9166 7511 7124 7162 7061 7209 7230 7731 8519 8546 9423 9554 9999 10112 10299 10539 10903 11658 11967 12028 12385 12350 12598 12589 12757 13067 11319 0 0 0 0 0 0 0 0 0 0 0 0 0 0 0 0 0 0 0 0 0 0 0 0 0 0 0 0 0 0 
0 0 0 0 0 0 0 0 0 0 0 0 0 0 0 0 0 0 0 0 0 0 0 0 0 0 0 0 0 0 13511 15968 16034 15716 15354 15152 14329 13733 13144 12693 11599 11157 10114 9156 7581 7030 7201 7115 7202 7284 7847 8361 8628 9298 9683 9882 10155 10194 10522 10835 11359 11777 11991 12411 12186 12766 12912 13096 13038 10951 0 0 0 0 0 0 0 0 0 0 0 0 0 0 0 0 0 0 0 0 0 0 0 0 0 0 0 0 0 0 
0 0 0 0 0 0 0 0 0 0 0 0 0 0 0 0 0 0 0 0 0 0 0 0 0 0 0 0 0 0 13600 16313 15999 15573 15523 14923 14320 13898 13131 12530 11733 10935 10181 8982 7248 7096 7138 7144 7039 7030 7862 8415 8621 9268 9559 9971 10202 10270 10550 10762 11372 11612 12130 12410 12546 12796 12938 12954 12997 11340 0 0 0 0 0 0 0 0 0 0 0 0 0 0 0 0 0 0 0 0 0 0 0 0 0 0 0 0 0 0 
0 0 0 0 0 0 0 0 0 0 0 0 0 0 0 0 0 0 0 0 0 0 0 0 0 0 0 0 0 0 13523 16062 15986 15528 15501 15198 14408 13840 13243 12275 11645 11121 10227 9166 7311 7277 7095 7199 7072 7174 8016 8613 8627 9271 9541 9839 10138 10223 10615 10725 11363 11797 12354 12374 12388 12651 12836 12874 13048 11348 0 0 0 0 0 0 0 0 0 0 0 0 0 0 0 0 0 0 0 0 0 0 0 0 0 0 0 0 0 0 
0 0 0 0 0 0 0 0 0 0 0 0 0 0 0 0 0 0 0 0 0 0 0 0 0 0 0 0 0 0 13402 15828 16215 15616 15339 15165 14367 13846 13001 12475 11785 11099 10340 9114 7281 7188 7117 7255 6994 7157 7778 8605 8733 9272 9657 10019 10135 10317 10772 10801 11411 11838 12106 12498 12422 12705 12637 13031 12931 11277 0 0 0 0 0 0 0 0 0 0 0 0 0 0 0 0 0 0 0 0 0 0 0 0 0 0 0 0 0 0 
0 0 0 0 0 0 0 0 0 0 0 0 0 0 0 0 0 0 0 0 0 0 0 0 0 0 0 0 0 0 13515 16097 15918 15765 15468 15110 14549 13988 13304 12469 11820 10956 10238 9160 7388 7100 7155 7125 7145 7018 7764 8524 8802 9231 9643 9869 10202 10433 10604 10707 11277 11921 12302 12448 12711 12557 12710 12944 13183 11302 0 0 0 0 0 0 0 0 0 0 0 0 0 0 0 0 0 0 0 0 0 0 0 0 0 0 0 0 0 0 
0 0 0 0 0 0 0 0 0 0 0 0 0 0 0 0 0 0 0 0 0 0 0 0 0 0 0 0 0 0 13605 16113 16153 15518 15380 14880 14170 13699 13317 12471 11807 11068 10158 9169 7287 7188 7027 7200 7050 7215 7569 8467 8670 9429 9794 9941 10167 10359 10674 10805 11406 11874 12090 12486 12447 12558 12712 12838 13296 11219 0 0 0 0 0 0 0 0 0 0 0 0 0 0 0 0 0 0 0 0 0 0 0 0 0 0 0 0 0 0 
0 0 0 0 0 0 0 0 0 0 0 0 0 0 0 0 0 0 0 0 0 0 0 0 0 0 0 0 0 0 13419 15903 15913 15724 15178 14946 14629 13735 13335 12322 11753 10801 10261 8969 7444 6985 7218 7141 7154 7186 7869 8523 8766 9125 9744 9769 10141 10305 10595 10838 11306 11762 12253 12345 12618 12689 12757 12825 13085 11329 0 0 0 0 0 0 0 0 0 0 0 0 0 0 0 0 0 0 0 0 0 0 0 0 0 0 0 0 0 0 
0 0 0 0 0 0 0 0 0 0 0 0 0 0 0 0 0 0 0 0 0 0 0 0 0 0 0 0 0 0 13637 16057 16044 15784 15295 14838 14108 13727 13090 12311 11756 10957 10183 9015 7322 7047 7056 7045 7087 7112 7647 8513 8655 9295 9535 9844 9944 10477 10560 10960 11291 11980 12078 12318 12635 12631 12649 12868 12913 11146 0 0 0 0 0 0 0 0 0 0 0 0 0 0 0 0 0 0 0 0 0 0 0 0 0 0 0 0 0 0 
0 0 0 0 0 0 0 0 0 0 0 0 0 0 0 0 0 0 0 0 0 0 0 0 0 0 0 0 0 0 13252 15800 15951 15579 15546 14943 14129 13703 13178 12266 11740 11021 10306 9114 7335 7059 7088 7145 6914 7213 7740 8540 8647 9293 9693 9770 10012 10243 10562 10895 11369 11857 12219 12130 12433 12629 12735 12815 13109 11227 0 0 0 0 0 0 0 0 0 0 0 0 0 0 0 0 0 0 0 0 0 0 0 0 0 0 0 0 0 0 
0 0 0 0 0 0 0 0 0 0 0 0 0 0 0 0 0 0 0 0 0 0 0 0 0 0 0 0 0 0 13469 15910 15793 15562 15307 14790 14009 13782 12906 12385 11671 11082 10214 9076 7464 7103 7152 7073 7045 7248 7937 8539 8598 9262 9795 9790 10173 10198 10562 10848 11333 11754 12149 12374 12455 12379 12760 12734 12818 11243 0 0 0 0 0 0 0 0 0 0 0 0 0 0 0 0 0 0 0 0 0 0 0 0 0 0 0 0 0 0 
0 0 0 0 0 0 0 0 0 0 0 0 0 0 0 0 0 0 0 0 0 0 0 0 0 0 0 0 0 0 13492 16083 15808 15363 15358 14886 14326 13512 13187 12378 11720 10862 10140 9036 7460 7163 7154 7058 7147 7074 7818 8521 8603 9143 9501 9883 10164 10427 10610 10622 11296 11761 12145 12260 12332 12547 12747 12552 12838 11089 0 0 0 0 0 0 0 0 0 0 0 0 0 0 0 0 0 0 0 0 0 0 0 0 0 0 0 0 0 0 
0 0 0 0 0 0 0 0 0 0 0 0 0 0 0 0 0 0 0 0 0 0 0 0 0 0 0 0 0 0 13451 15910 15823 15309 15354 14810 14212 13679 13090 12373 11648 10798 10220 9001 7456 7026 7167 6921 7118 7063 7685 8603 8476 9181 9493 9750 9946 10211 10670 10822 11313 11877 12092 12123 12389 12559 12612 12786 13248 11315 0 0 0 0 0 0 0 0 0 0 0 0 0 0 0 0 0 0 0 0 0 0 0 0 0 0 0 0 0 0 
0 0 0 0 0 0 0 0 0 0 0 0 0 0 0 0 0 0 0 0 0 0 0 0 0 0 0 0 0 0 13222 16043 15900 15475 15337 14834 14283 13693 13038 12243 11478 10888 10010 8892 7303 7153 7005 7015 7015 7145 7706 8457 8564 9234 9579 9866 10107 10499 10531 10803 11331 11640 12110 12344 12431 12714 12673 12839 13008 11216 0 0 0 0 0 0 0 0 0 0 0 0 0 0 0 0 0 0 0 0 0 0 0 0 0 0 0 0 0 0 
0 0 0 0 0 0 0 0 0 0 0 0 0 0 0 0 0 0 0 0 0 0 0 0 0 0 0 0 0 0 13612 16071 15797 15327 15325 14912 14349 13644 13071 12261 11542 10900 10041 8955 7223 7023 6994 7216 7049 7035 7809 8385 8645 9191 9399 9793 10100 10451 10540 10906 11364 11770 12160 12333 12301 12535 12770 12789 12949 11050 0 0 0 0 0 0 0 0 0 0 0 0 0 0 0 0 0 0 0 0 0 0 0 0 0 0 0 0 0 0 
0 0 0 0 0 0 0 0 0 0 0 0 0 0 0 0 0 0 0 0 0 0 0 0 0 0 0 0 0 0 13431 15855 15825 15431 15264 14844 14319 13640 13023 12434 11492 10773 10026 9030 7225 7048 7081 7069 7055 7103 7676 8449 8462 9119 9485 9751 9956 10298 10576 10845 11174 11511 12091 12261 12571 12541 12730 12499 13164 11004 0 0 0 0 0 0 0 0 0 0 0 0 0 0 0 0 0 0 0 0 0 0 0 0 0 0 0 0 0 0 
0 0 0 0 0 0 0 0 0 0 0 0 0 0 0 0 0 0 0 0 0 0 0 0 0 0 0 0 0 0 13454 15803 15705 15467 15214 14722 14293 13469 12930 12242 11667 10816 10262 8840 7404 7067 7132 6924 7023 7211 7836 8323 8693 9181 9572 9762 10083 10522 10399 10539 11335 11779 12144 12232 12606 12580 12594 12667 13126 11189 0 0 0 0 0 0 0 0 0 0 0 0 0 0 0 0 0 0 0 0 0 0 0 0 0 0 0 0 0 0 
0 0 0 0 0 0 0 0 0 0 0 0 0 0 0 0 0 0 0 0 0 0 0 0 0 0 0 0 0 0 13347 15937 15749 15530 15092 14722 14158 13669 12991 12129 11578 10957 10040 8830 7256 7165 7169 7108 6979 7004 7596 8443 8537 9199 9639 9700 10052 10280 10493 10707 11390 11714 12180 12154 12350 12355 12502 12855 12933 11009 0 0 0 0 0 0 0 0 0 0 0 0 0 0 0 0 0 0 0 0 0 0 0 0 0 0 0 0 0 0 
0 0 0 0 0 0 0 0 0 0 0 0 0 0 0 0 0 0 0 0 0 0 0 0 0 0 0 0 0 0 13365 15952 15818 15535 15290 14668 14342 13608 12784 12336 11299 11084 10244 8949 7225 7095 7080 6997 7061 7072 7772 8413 8648 9316 9396 9761 9997 10333 10419 10932 11232 11622 12089 12092 12448 12604 12466 12547 12938 11112 0 0 0 0 0 0 0 0 0 0 0 0 0 0 0 0 0 0 0 0 0 0 0 0 0 0 0 0 0 0 
0 0 0 0 0 0 0 0 0 0 0 0 0 0 0 0 0 0 0 0 0 0 0 0 0 0 0 0 0 0 13471 16119 15807 15608 15054 14686 14215 13727 13020 12301 11579 10807 10167 8940 7551 7132 7072 7107 7044 7149 7700 8567 8676 9079 9469 9635 9992 10103 10454 10799 11260 11648 12154 12484 12305 12567 12603 12668 12768 11047 0 0 0 0 0 0 0 0 0 0 0 0 0 0 0 0 0 0 0 0 0 0 0 0 0 0 0 0 0 0 
0 0 0 0 0 0 0 0 0 0 0 0 0 0 0 0 0 0 0 0 0 0 0 0 0 0 0 0 0 0 13344 15927 15637 15344 15034 14830 14278 13643 12986 12428 11672 11091 10135 8988 7327 7195 7165 6994 6982 7020 7802 8557 8482 9097 9521 9712 9966 10159 10437 10771 11368 11662 12153 12219 12381 12578 12529 12767 13009 11140 0 0 0 0 0 0 0 0 0 0 0 0 0 0 0 0 0 0 0 0 0 0 0 0 0 0 0 0 0 0 
0 0 0 0 0 0 0 0 0 0 0 0 0 0 0 0 0 0 0 0 0 0 0 0 0 0 0 0 0 0 13287 15944 15681 15411 15437 14803 14497 13635 12874 12482 11554 10946 10094 9045 7211 6918 6976 7149 7056 7142 7703 8394 8650 9270 9614 9790 10042 10271 10420 10784 11210 11646 11975 12161 12392 12623 12985 12662 12846 11152 0 0 0 0 0 0 0 0 0 0 0 0 0 0 0 0 0 0 0 0 0 0 0 0 0 0 0 0 0 0 
0 0 0 0 0 0 0 0 0 0 0 0 0 0 0 0 0 0 0 0 0 0 0 0 0 0 0 0 0 0 13465 16000 15900 15470 15266 14770 14192 13627 13101 12351 11534 10820 10185 9089 7426 7077 6945 7037 7005 7049 7695 8549 8604 9208 9616 10052 9906 10196 10511 10775 11145 11857 12158 12178 12313 12451 12570 12840 12963 11127 0 0 0 0 0 0 0 0 0 0 0 0 0 0 0 0 0 0 0 0 0 0 0 0 0 0 0 0 0 0 
0 0 0 0 0 0 0 0 0 0 0 0 0 0 0 0 0 0 0 0 0 0 0 0 0 0 0 0 0 0 13444 16109 15972 15404 15277 14874 14179 13772 13165 12380 11531 10930 9951 8928 7265 6964 7024 7131 6962 7139 7671 8382 8577 9272 9575 9885 9913 10199 10539 10830 11302 11682 11994 12244 12327 12469 12522 12922 12768 11165 0 0 0 0 0 0 0 0 0 0 0 0 0 0 0 0 0 0 0 0 0 0 0 0 0 0 0 0 0 0 
0 0 0 0 0 0 0 0 0 0 0 0 0 0 0 0 0 0 0 0 0 0 0 0 0 0 0 0 0 0 13398 15901 15717 15460 15194 14691 14183 13684 13117 12499 11840 10944 10122 9176 7314 7079 7191 7017 6994 7010 7770 8311 8535 9266 9544 9842 9981 10395 10531 10895 11298 11831 12078 12214 12538 12641 12549 12689 13024 11193 0 0 0 0 0 0 0 0 0 0 0 0 0 0 0 0 0 0 0 0 0 0 0 0 0 0 0 0 0 0 
0 0 0 0 0 0 0 0 0 0 0 0 0 0 0 0 0 0 0 0 0 0 0 0 0 0 0 0 0 0 13515 15934 15838 15589 15503 14705 14292 13783 12885 12282 11568 11025 10109 9018 7249 6989 7258 6953 7009 6932 7686 8557 8618 9312 9491 9898 10146 10154 10397 10914 11203 11686 12077 12169 12592 12504 12621 12612 12698 11196 0 0 0 0 0 0 0 0 0 0 0 0 0 0 0 0 0 0 0 0 0 0 0 0 0 0 0 0 0 0 
0 0 0 0 0 0 0 0 0 0 0 0 0 0 0 0 0 0 0 0 0 0 0 0 0 0 0 0 0 0 13528 16026 15596 15324 15410 14938 14407 13572 13082 12449 11677 10724 10117 9024 7452 7082 7025 7071 6977 6878 7787 8454 8540 9070 9584 9770 10212 10442 10360 10812 11282 11660 12127 12106 12330 12409 12533 12537 13113 11175 0 0 0 0 0 0 0 0 0 0 0 0 0 0 0 0 0 0 0 0 0 0 0 0 0 0 0 0 0 0 
0 0 0 0 0 0 0 0 0 0 0 0 0 0 0 0 0 0 0 0 0 0 0 0 0 0 0 0 0 0 13419 15987 15734 15639 15378 14950 14269 13641 13008 12369 11671 10970 10168 8881 7431 7131 7059 6908 7132 7086 7745 8615 8659 9305 9465 9901 10149 10279 10559 10743 11406 11806 12207 12329 12374 12513 12767 12608 13015 11150 0 0 0 0 0 0 0 0 0 0 0 0 0 0 0 0 0 0 0 0 0 0 0 0 0 0 0 0 0 0 
0 0 0 0 0 0 0 0 0 0 0 0 0 0 0 0 0 0 0 0 0 0 0 0 0 0 0 0 0 0 13403 15942 15885 15216 15348 14999 14254 13615 13062 12432 11739 10673 10271 9117 7325 7067 7063 7076 6913 7104 7681 8460 8444 9326 9601 9776 10061 10356 10709 10995 11252 11701 12120 12230 12426 12462 12431 12714 12947 11050 0 0 0 0 0 0 0 0 0 0 0 0 0 0 0 0 0 0 0 0 0 0 0 0 0 0 0 0 0 0 
0 0 0 0 0 0 0 0 0 0 0 0 0 0 0 0 0 0 0 0 0 0 0 0 0 0 0 0 0 0 13329 16114 15779 15517 15185 14961 14210 13665 12954 12398 11479 10874 10072 8939 7302 7010 7066 7076 7113 7079 7753 8469 8451 9209 9614 9948 10066 10262 10547 10647 11283 11704 11922 12214 12352 12404 12640 12676 12796 11134 0 0 0 0 0 0 0 0 0 0 0 0 0 0 0 0 0 0 0 0 0 0 0 0 0 0 0 0 0 0 
0 0 0 0 0 0 0 0 0 0 0 0 0 0 0 0 0 0 0 0 0 0 0 0 0 0 0 0 0 0 13309 16152 15656 15313 15330 14733 14249 13687 13159 12323 11751 10893 10104 9098 7291 7145 6827 7006 6959 7103 7722 8439 8536 9188 9533 9956 9991 10192 10361 10929 11184 11725 12070 12256 12567 12506 12524 12827 13012 11329 0 0 0 0 0 0 0 0 0 0 0 0 0 0 0 0 0 0 0 0 0 0 0 0 0 0 0 0 0 0 
0 0 0 0 0 0 0 0 0 0 0 0 0 0 0 0 0 0 0 0 0 0 0 0 0 0 0 0 0 0 13537 16037 15851 15354 15212 14791 14372 13487 12946 12360 11644 10798 10038 9086 7182 6984 6968 6921 7005 7009 7695 8519 8605 9163 9568 10014 9792 10176 10605 10813 11314 11701 12092 12217 12282 12705 12689 12820 12751 11109 0 0 0 0 0 0 0 0 0 0 0 0 0 0 0 0 0 0 0 0 0 0 0 0 0 0 0 0 0 0 
0 0 0 0 0 0 0 0 0 0 0 0 0 0 0 0 0 0 0 0 0 0 0 0 0 0 0 0 0 0 13457 15892 15758 15739 15270 14988 14186 13549 12882 12450 11487 10851 10144 9123 7379 6984 7114 7195 7116 7062 7796 8466 8457 9212 9571 9647 10054 10278 10586 10727 11331 11701 12028 12336 12426 12478 12622 12740 12947 11122 0 0 0 0 0 0 0 0 0 0 0 0 0 0 0 0 0 0 0 0 0 0 0 0 0 0 0 0 0 0 
0 0 0 0 0 0 0 0 0 0 0 0 0 0 0 0 0 0 0 0 0 0 0 0 0 0 0 0 0 0 13573 15926 15685 15604 15163 14741 14393 13660 13245 12350 11512 10855 10120 9046 7322 6938 7092 7091 7057 7097 7571 8370 8634 9069 9592 9590 9918 10378 10548 10811 11202 11730 12224 12175 12352 12804 12534 12813 12746 11256 0 0 0 0 0 0 0 0 0 0 0 0 0 0 0 0 0 0 0 0 0 0 0 0 0 0 0 0 0 0 
0 0 0 0 0 0 0 0 0 0 0 0 0 0 0 0 0 0 0 0 0 0 0 0 0 0 0 0 0 0 13361 16043 15692 15551 15247 14673 14054 13668 12932 12311 11322 10988 9995 8804 7332 6994 7106 6975 6965 7177 7701 8500 8363 9215 9588 9754 9858 10317 10669 10755 11255 11717 12022 12199 12291 12564 12862 12712 12944 11132 0 0 0 0 0 0 0 0 0 0 0 0 0 0 0 0 0 0 0 0 0 0 0 0 0 0 0 0 0 0 
0 0 0 0 0 0 0 0 0 0 0 0 0 0 0 0 0 0 0 0 0 0 0 0 0 0 0 0 0 0 13387 16070 15584 15402 15170 14998 14194 13592 12897 12349 11345 10812 10007 8952 7418 7119 7047 7057 6970 6924 7743 8640 8667 9116 9509 9736 10095 10222 10525 10724 11249 11748 12095 12294 12096 12668 12771 12807 13000 11108 0 0 0 0 0 0 0 0 0 0 0 0 0 0 0 0 0 0 0 0 0 0 0 0 0 0 0 0 0 0 
0 0 0 0 0 0 0 0 0 0 0 0 0 0 0 0 0 0 0 0 0 0 0 0 0 0 0 0 0 0 13440 15895 15617 15527 15092 14966 14409 13564 12989 12285 11669 10940 10042 9059 7180 7110 7034 7123 6975 7165 7620 8538 8611 9090 9407 9760 10038 10285 10476 10744 11330 11746 12103 12293 12367 12457 12327 12859 13041 11261 0 0 0 0 0 0 0 0 0 0 0 0 0 0 0 0 0 0 0 0 0 0 0 0 0 0 0 0 0 0 
0 0 0 0 0 0 0 0 0 0 0 0 0 0 0 0 0 0 0 0 0 0 0 0 0 0 0 0 0 0 13542 15965 15780 15315 15151 14814 14164 13546 13287 12385 11713 10756 9984 8920 7281 6853 7118 7128 7164 6848 7674 8458 8722 9203 9396 9770 9946 10276 10411 10726 11112 11745 11919 12039 12273 12666 12303 12456 12984 11110 0 0 0 0 0 0 0 0 0 0 0 0 0 0 0 0 0 0 0 0 0 0 0 0 0 0 0 0 0 0 
0 0 0 0 0 0 0 0 0 0 0 0 0 0 0 0 0 0 0 0 0 0 0 0 0 0 0 0 0 0 13314 15785 15897 15316 15257 14983 14182 13603 13149 12236 11402 10924 10147 8916 7174 6906 6996 7012 6959 7099 7916 8429 8547 9192 9608 9633 9942 10223 10600 10848 11229 11916 12096 12160 12205 12479 12650 12696 12804 11124 0 0 0 0 0 0 0 0 0 0 0 0 0 0 0 0 0 0 0 0 0 0 0 0 0 0 0 0 0 0 
0 0 0 0 0 0 0 0 0 0 0 0 0 0 0 0 0 0 0 0 0 0 0 0 0 0 0 0 0 0 13453 16010 15865 15433 15497 14806 14141 13702 13053 12318 11539 10914 10154 9098 7253 6974 6978 7231 7071 6916 7619 8553 8365 9353 9498 9814 10056 10319 10481 10691 11323 11876 12026 12194 12496 12722 12548 12562 12953 11137 0 0 0 0 0 0 0 0 0 0 0 0 0 0 0 0 0 0 0 0 0 0 0 0 0 0 0 0 0 0 
0 0 0 0 0 0 0 0 0 0 0 0 0 0 0 0 0 0 0 0 0 0 0 0 0 0 0 0 0 0 13298 15871 15645 15423 15211 14850 14045 13687 12739 12425 11391 10668 10026 9043 7310 6985 7054 7073 7121 7103 7678 8582 8610 9193 9515 9712 9921 10357 10352 10844 11217 11810 12039 12190 12535 12628 12600 12632 13020 11227 0 0 0 0 0 0 0 0 0 0 0 0 0 0 0 0 0 0 0 0 0 0 0 0 0 0 0 0 0 0 
0 0 0 0 0 0 0 0 0 0 0 0 0 0 0 0 0 0 0 0 0 0 0 0 0 0 0 0 0 0 13680 16094 15918 15519 15063 14816 14117 13473 13145 12263 11765 10818 10129 8822 7461 7225 7034 7184 6984 7144 7628 8297 8453 9136 9604 9806 10005 10173 10493 10769 11187 11700 11820 12353 12357 12467 12484 12755 12973 11043 0 0 0 0 0 0 0 0 0 0 0 0 0 0 0 0 0 0 0 0 0 0 0 0 0 0 0 0 0 0 
0 0 0 0 0 0 0 0 0 0 0 0 0 0 0 0 0 0 0 0 0 0 0 0 0 0 0 0 0 0 13348 15903 15636 15487 15263 14944 14155 13633 13110 12451 11496 10850 10122 9004 7337 6968 7089 7170 7095 7053 7861 8397 8626 9095 9666 9630 10076 10406 10458 10666 11178 11566 11957 12286 12149 12532 12540 12677 13021 11108 0 0 0 0 0 0 0 0 0 0 0 0 0 0 0 0 0 0 0 0 0 0 0 0 0 0 0 0 0 0 
0 0 0 0 0 0 0 0 0 0 0 0 0 0 0 0 0 0 0 0 0 0 0 0 0 0 0 0 0 0 13465 16090 15811 15511 15167 14884 14411 13706 13121 12301 11661 10821 10201 9049 7373 7001 7069 6958 7169 7100 7727 8352 8536 9163 9459 9938 9890 10413 10423 10833 11221 11759 12061 12464 12461 12494 12774 12712 12910 11109 0 0 0 0 0 0 0 0 0 0 0 0 0 0 0 0 0 0 0 0 0 0 0 0 0 0 0 0 0 0 
0 0 0 0 0 0 0 0 0 0 0 0 0 0 0 0 0 0 0 0 0 0 0 0 0 0 0 0 0 0 13334 15985 15905 15426 15465 14979 14076 13565 13022 12330 11682 11056 10059 9183 7350 7110 7236 7152 7138 7002 7695 8461 8476 9086 9653 9751 9975 10182 10442 10669 11305 11765 11960 12049 12355 12529 12690 12955 12910 11135 0 0 0 0 0 0 0 0 0 0 0 0 0 0 0 0 0 0 0 0 0 0 0 0 0 0 0 0 0 0 
0 0 0 0 0 0 0 0 0 0 0 0 0 0 0 0 0 0 0 0 0 0 0 0 0 0 0 0 0 0 13481 15880 15630 15611 15252 14901 14519 13519 12993 12205 11530 10814 10000 8934 7183 7185 7102 7153 7130 7154 7687 8531 8665 9250 9634 9934 10006 10263 10519 10977 11345 11914 12022 12309 12391 12696 12538 12611 12952 11163 0 0 0 0 0 0 0 0 0 0 0 0 0 0 0 0 0 0 0 0 0 0 0 0 0 0 0 0 0 0 
0 0 0 0 0 0 0 0 0 0 0 0 0 0 0 0 0 0 0 0 0 0 0 0 0 0 0 0 0 0 13407 15962 15833 15306 15202 14720 14342 13620 13127 12263 11512 10878 9957 9032 7278 6917 6892 7019 7041 7093 7783 8537 8441 9207 9566 9853 10052 10226 10481 11019 11255 11630 11979 12125 12293 12548 12678 12562 12966 10947 0 0 0 0 0 0 0 0 0 0 0 0 0 0 0 0 0 0 0 0 0 0 0 0 0 0 0 0 0 0 
0 0 0 0 0 0 0 0 0 0 0 0 0 0 0 0 0 0 0 0 0 0 0 0 0 0 0 0 0 0 13558 15934 16037 15744 15155 14869 14146 13526 12995 12338 11752 10945 9989 8961 7278 6991 7152 7067 7012 7018 7714 8468 8500 9175 9548 9787 9804 10444 10280 10693 11281 11668 12144 12235 12357 12562 12556 12736 13051 10909 0 0 0 0 0 0 0 0 0 0 0 0 0 0 0 0 0 0 0 0 0 0 0 0 0 0 0 0 0 0 
0 0 0 0 0 0 0 0 0 0 0 0 0 0 0 0 0 0 0 0 0 0 0 0 0 0 0 0 0 0 13324 16058 15733 15412 15307 14981 14485 13637 13037 12188 11559 10700 10051 9044 7341 6979 6831 6939 7091 7088 7689 8355 8718 9293 9436 9701 10187 10265 10486 10643 11402 11704 11811 12202 12292 12643 12546 12727 12995 11307 0 0 0 0 0 0 0 0 0 0 0 0 0 0 0 0 0 0 0 0 0 0 0 0 0 0 0 0 0 0 
0 0 0 0 0 0 0 0 0 0 0 0 0 0 0 0 0 0 0 0 0 0 0 0 0 0 0 0 0 0 13339 16046 15829 15150 15455 15031 13972 13671 13120 12380 11470 10891 10308 8934 7230 7098 7072 7109 7109 7168 7769 8409 8489 9132 9471 9792 9899 10294 10172 10513 11366 11742 12117 12247 12403 12573 12691 12569 12751 10922 0 0 0 0 0 0 0 0 0 0 0 0 0 0 0 0 0 0 0 0 0 0 0 0 0 0 0 0 0 0 
0 0 0 0 0 0 0 0 0 0 0 0 0 0 0 0 0 0 0 0 0 0 0 0 0 0 0 0 0 0 13372 15868 15865 15283 15317 14890 14187 13676 12875 12179 11557 10819 10283 8943 7315 7071 7112 6930 7005 6948 7705 8309 8625 9308 9525 9728 10088 10324 10237 10753 11273 11760 12043 12129 12475 12361 12527 12767 12755 11011 0 0 0 0 0 0 0 0 0 0 0 0 0 0 0 0 0 0 0 0 0 0 0 0 0 0 0 0 0 0 
0 0 0 0 0 0 0 0 0 0 0 0 0 0 0 0 0 0 0 0 0 0 0 0 0 0 0 0 0 0 13563 15791 15844 15547 15143 14687 14041 13625 13076 12244 11512 10938 10127 9026 7307 6868 6903 7049 7027 7035 7473 8427 8566 9146 9451 9882 10064 10162 10458 10813 11000 11823 11974 12211 12345 12401 12508 12683 13153 11055 0 0 0 0 0 0 0 0 0 0 0 0 0 0 0 0 0 0 0 0 0 0 0 0 0 0 0 0 0 0 
0 0 0 0 0 0 0 0 0 0 0 0 0 0 0 0 0 0 0 0 0 0 0 0 0 0 0 0 0 0 13422 16115 15827 15434 15199 14680 14337 13720 12877 12245 11519 10893 10135 9003 7263 7084 7117 6969 7060 7136 7635 8182 8518 9127 9712 9920 10128 10177 10454 10521 11308 11651 12196 12139 12255 12240 12582 12499 13097 10989 0 0 0 0 0 0 0 0 0 0 0 0 0 0 0 0 0 0 0 0 0 0 0 0 0 0 0 0 0 0 
0 0 0 0 0 0 0 0 0 0 0 0 0 0 0 0 0 0 0 0 0 0 0 0 0 0 0 0 0 0 13410 15895 15947 15469 15253 14641 14222 13563 12965 12275 11562 10976 10025 8976 7423 7106 7189 6953 7064 6966 7643 8533 8643 9229 9409 9636 10013 10180 10461 10825 11354 11799 12037 12031 12303 12509 12591 12822 12943 11035 0 0 0 0 0 0 0 0 0 0 0 0 0 0 0 0 0 0 0 0 0 0 0 0 0 0 0 0 0 0 
0 0 0 0 0 0 0 0 0 0 0 0 0 0 0 0 0 0 0 0 0 0 0 0 0 0 0 0 0 0 13333 16088 15749 15076 14988 14884 14384 13777 13050 12430 11500 10729 10107 8996 7312 7002 6920 7140 7017 6993 7680 8563 8530 9159 9727 9931 9951 10262 10413 10850 11271 11735 11866 12243 12519 12684 12593 12654 12992 11025 0 0 0 0 0 0 0 0 0 0 0 0 0 0 0 0 0 0 0 0 0 0 0 0 0 0 0 0 0 0 
0 0 0 0 0 0 0 0 0 0 0 0 0 0 0 0 0 0 0 0 0 0 0 0 0 0 0 0 0 0 13256 15969 15691 15449 15345 14576 14430 13656 13033 12378 11320 10968 10107 8897 7244 7036 7077 6906 7076 7043 7813 8591 8595 9157 9505 9753 10156 10045 10439 10687 11319 11761 11948 12083 12227 12513 12591 12750 12911 10987 0 0 0 0 0 0 0 0 0 0 0 0 0 0 0 0 0 0 0 0 0 0 0 0 0 0 0 0 0 0 
0 0 0 0 0 0 0 0 0 0 0 0 0 0 0 0 0 0 0 0 0 0 0 0 0 0 0 0 0 0 13552 16073 15571 15432 15341 15053 14340 13518 12845 12575 11587 10792 10105 9005 7335 7050 7108 6973 7102 6962 7802 8473 8560 9170 9391 9624 10048 10247 10436 10739 11150 11611 11972 12273 12190 12330 12629 12781 12872 11284 0 0 0 0 0 0 0 0 0 0 0 0 0 0 0 0 0 0 0 0 0 0 0 0 0 0 0 0 0 0 
0 0 0 0 0 0 0 0 0 0 0 0 0 0 0 0 0 0 0 0 0 0 0 0 0 0 0 0 0 0 13554 15889 16003 15410 15079 14876 14190 13613 12945 12129 11726 10822 10311 8980 7475 7008 7100 7080 7005 7189 7827 8364 8782 9248 9353 9710 10071 10359 10649 10787 11111 11813 11912 12068 12437 12829 12533 12786 12858 11089 0 0 0 0 0 0 0 0 0 0 0 0 0 0 0 0 0 0 0 0 0 0 0 0 0 0 0 0 0 0 
0 0 0 0 0 0 0 0 0 0 0 0 0 0 0 0 0 0 0 0 0 0 0 0 0 0 0 0 0 0 13290 15803 15891 15448 15441 14689 14199 13616 13087 12365 11608 10764 10082 8959 7138 7032 7104 7080 6991 7092 7714 8429 8595 9216 9608 9852 10239 10338 10424 10778 11046 11696 12103 12386 12387 12687 12709 12695 12938 11219 0 0 0 0 0 0 0 0 0 0 0 0 0 0 0 0 0 0 0 0 0 0 0 0 0 0 0 0 0 0 
0 0 0 0 0 0 0 0 0 0 0 0 0 0 0 0 0 0 0 0 0 0 0 0 0 0 0 0 0 0 13435 15818 16088 15333 15557 14926 14311 13766 13121 12349 11673 10806 10234 9197 7291 7192 7132 7062 6973 6931 7622 8452 8532 9107 9546 9702 10146 10062 10563 10529 11456 11823 11887 12241 12162 12469 12547 12478 13000 11051 0 0 0 0 0 0 0 0 0 0 0 0 0 0 0 0 0 0 0 0 0 0 0 0 0 0 0 0 0 0 
0 0 0 0 0 0 0 0 0 0 0 0 0 0 0 0 0 0 0 0 0 0 0 0 0 0 0 0 0 0 13260 16021 15799 15674 15174 14994 14306 13964 13086 12467 11618 10882 10139 8990 7445 7146 7039 6973 7086 7217 7821 8576 8609 9262 9660 9834 9947 10398 10569 10830 11308 11869 12008 12330 12460 12568 12817 12861 13159 11160 0 0 0 0 0 0 0 0 0 0 0 0 0 0 0 0 0 0 0 0 0 0 0 0 0 0 0 0 0 0 
0 0 0 0 0 0 0 0 0 0 0 0 0 0 0 0 0 0 0 0 0 0 0 0 0 0 0 0 0 0 13503 15699 15519 15558 15373 15060 14064 13669 13229 12400 11781 10969 10117 8974 7469 7033 7135 7113 7058 6984 7748 8488 8689 9239 9467 9797 10129 10186 10515 10953 11351 11721 12095 12046 12540 12522 12579 12920 12849 11307 0 0 0 0 0 0 0 0 0 0 0 0 0 0 0 0 0 0 0 0 0 0 0 0 0 0 0 0 0 0 
0 0 0 0 0 0 0 0 0 0 0 0 0 0 0 0 0 0 0 0 0 0 0 0 0 0 0 0 0 0 13294 16177 15875 15663 15453 14991 14248 13694 13201 12642 11804 10892 10418 9001 7358 6967 7197 7032 7027 7209 7842 8473 8733 9163 9481 9810 10034 10356 10568 10697 11425 11796 12242 12397 12500 12610 12670 12631 13188 11188 0 0 0 0 0 0 0 0 0 0 0 0 0 0 0 0 0 0 0 0 0 0 0 0 0 0 0 0 0 0 
0 0 0 0 0 0 0 0 0 0 0 0 0 0 0 0 0 0 0 0 0 0 0 0 0 0 0 0 0 0 13289 16408 15914 15665 15165 15056 14220 13666 13216 12709 11626 10942 10029 8918 7347 7071 6971 7074 7163 6996 7874 8617 8545 9256 9596 9812 10030 10394 10692 10842 11347 11914 12029 12113 12648 12592 12848 12706 13027 11261 0 0 0 0 0 0 0 0 0 0 0 0 0 0 0 0 0 0 0 0 0 0 0 0 0 0 0 0 0 0 
0 0 0 0 0 0 0 0 0 0 0 0 0 0 0 0 0 0 0 0 0 0 0 0 0 0 0 0 0 0 13533 16025 15800 15645 15225 14885 14366 13472 13111 12272 11727 10798 10176 9002 7311 7020 7067 7177 7071 7067 7611 8654 8424 9211 9626 9726 10061 10580 10606 10824 11385 11714 12050 12183 12417 12559 12639 12762 13045 11132 0 0 0 0 0 0 0 0 0 0 0 0 0 0 0 0 0 0 0 0 0 0 0 0 0 0 0 0 0 0 
0 0 0 0 0 0 0 0 0 0 0 0 0 0 0 0 0 0 0 0 0 0 0 0 0 0 0 0 0 0 13387 15958 16059 15382 15241 14952 14398 13743 13215 12403 11763 11258 10173 9030 7411 7123 6987 7087 7092 6963 7816 8676 8674 9278 9576 9760 10087 10275 10503 10715 11089 11843 12129 12354 12514 12430 12753 12770 13025 11227 0 0 0 0 0 0 0 0 0 0 0 0 0 0 0 0 0 0 0 0 0 0 0 0 0 0 0 0 0 0 
0 0 0 0 0 0 0 0 0 0 0 0 0 0 0 0 0 0 0 0 0 0 0 0 0 0 0 0 0 0 13351 16063 15949 15678 15339 14860 14562 13796 13265 12507 11715 10795 10371 9159 7418 7134 7102 7093 6987 7187 7853 8424 8539 9322 9538 9883 9903 10389 10532 10870 11157 11773 12054 12420 12777 12402 12955 12811 13088 11349 0 0 0 0 0 0 0 0 0 0 0 0 0 0 0 0 0 0 0 0 0 0 0 0 0 0 0 0 0 0 
0 0 0 0 0 0 0 0 0 0 0 0 0 0 0 0 0 0 0 0 0 0 0 0 0 0 0 0 0 0 13426 16046 15683 15706 15493 14670 14314 13675 13198 12535 11531 10808 10293 9024 7567 7373 7235 7208 7107 7162 7812 8586 8589 9251 9703 9977 10113 10364 10559 10836 11053 11779 12114 12127 12686 12730 12901 12723 13227 11012 0 0 0 0 0 0 0 0 0 0 0 0 0 0 0 0 0 0 0 0 0 0 0 0 0 0 0 0 0 0 
0 0 0 0 0 0 0 0 0 0 0 0 0 0 0 0 0 0 0 0 0 0 0 0 0 0 0 0 0 0 13537 15940 16098 15593 15480 14734 14289 13976 13239 12405 11487 11073 10262 9046 7313 7177 7006 7168 6960 7219 7659 8637 8714 9115 9546 9849 10041 10321 10684 11068 11523 11951 12231 12334 12492 12522 12847 12834 12993 11350 0 0 0 0 0 0 0 0 0 0 0 0 0 0 0 0 0 0 0 0 0 0 0 0 0 0 0 0 0 0 
0 0 0 0 0 0 0 0 0 0 0 0 0 0 0 0 0 0 0 0 0 0 0 0 0 0 0 0 0 0 13504 16037 15880 15665 15518 15148 14477 13617 13110 12509 11553 10883 10247 9104 7509 7169 7031 7076 6962 7090 7914 8577 8549 9250 9647 9777 10122 10398 10627 10885 11443 11701 12282 12113 12666 12548 12670 12782 13035 11297 0 0 0 0 0 0 0 0 0 0 0 0 0 0 0 0 0 0 0 0 0 0 0 0 0 0 0 0 0 0 
0 0 0 0 0 0 0 0 0 0 0 0 0 0 0 0 0 0 0 0 0 0 0 0 0 0 0 0 0 0 13412 16168 15795 15440 15378 14922 14413 13675 13147 12317 11717 10874 10217 9193 7295 7153 7132 6964 7263 6979 7773 8433 8638 9350 9578 9792 10049 10359 10470 10784 11455 11821 12000 12400 12607 12674 12690 12690 12885 11226 0 0 0 0 0 0 0 0 0 0 0 0 0 0 0 0 0 0 0 0 0 0 0 0 0 0 0 0 0 0 
0 0 0 0 0 0 0 0 0 0 0 0 0 0 0 0 0 0 0 0 0 0 0 0 0 0 0 0 0 0 13725 16119 15732 15517 15343 14901 14336 13711 13274 12504 11863 10965 10317 8943 7447 6996 7222 7117 7072 7114 7812 8389 8712 9221 9588 9757 10068 10534 10666 10895 11209 11709 12088 12342 12395 12473 12746 13030 13025 11303 0 0 0 0 0 0 0 0 0 0 0 0 0 0 0 0 0 0 0 0 0 0 0 0 0 0 0 0 0 0 
0 0 0 0 0 0 0 0 0 0 0 0 0 0 0 0 0 0 0 0 0 0 0 0 0 0 0 0 0 0 13251 15921 16049 15998 15150 15129 14372 13742 13190 12559 11683 10883 10391 9043 7493 7141 7193 7086 6998 7060 7897 8313 8725 9310 9682 9896 10099 10436 10522 10699 11442 11751 12091 12283 12453 12815 12624 12747 13246 11110 0 0 0 0 0 0 0 0 0 0 0 0 0 0 0 0 0 0 0 0 0 0 0 0 0 0 0 0 0 0 
0 0 0 0 0 0 0 0 0 0 0 0 0 0 0 0 0 0 0 0 0 0 0 0 0 0 0 0 0 0 13430 16202 15796 15362 15354 14733 14290 13518 12903 12077 11688 10704 10239 8930 7393 7035 7045 7006 6902 7091 7755 8338 8556 9169 9371 9560 9811 10177 10480 10645 11436 11792 11997 12017 12348 12520 12692 12600 13022 11117 0 0 0 0 0 0 0 0 0 0 0 0 0 0 0 0 0 0 0 0 0 0 0 0 0 0 0 0 0 0 
0 0 0 0 0 0 0 0 0 0 0 0 0 0 0 0 0 0 0 0 0 0 0 0 0 0 0 0 0 0 6348 7506 7470 7308 7156 6881 6637 6357 5975 5735 5397 5107 4767 4280 3543 3316 3270 3290 3365 3227 3589 3948 4053 4250 4440 4554 4729 4846 4952 4948 5447 5442 5654 5642 5825 5902 5949 5966 6063 5226 0 0 0 0 0 0 0 0 0 0 0 0 0 0 0 0 0 0 0 0 0 0 0 0 0 0 0 0 0 0 
0 0 0 0 0 0 0 0 0 0 0 0 0 0 0 0 0 0 0 0 0 0 0 0 0 0 0 0 0 0 0 0 0 0 0 0 0 0 0 0 0 0 0 0 0 0 0 0 0 0 0 0 0 0 0 0 0 0 0 0 0 0 0 0 0 0 0 0 0 0 0 0 0 0 0 0 0 0 0 0 0 0 0 0 0 0 0 0 0 0 0 0 0 0 0 0 0 0 0 0 
0 0 0 0 0 0 0 0 0 0 0 0 0 0 0 0 0 0 0 0 0 0 0 0 0 0 0 0 0 0 0 0 0 0 0 0 0 0 0 0 0 0 0 0 0 0 0 0 0 0 0 0 0 0 0 0 0 0 0 0 0 0 0 0 0 0 0 0 0 0 0 0 0 0 0 0 0 0 0 0 0 0 0 0 0 0 0 0 0 0 0 0 0 0 0 0 0 0 0 0 
0 0 0 0 0 0 0 0 0 0 0 0 0 0 0 0 0 0 0 0 0 0 0 0 0 0 0 0 0 0 0 0 0 0 0 0 0 0 0 0 0 0 0 0 0 0 0 0 0 0 0 0 0 0 0 0 0 0 0 0 0 0 0 0 0 0 0 0 0 0 0 0 0 0 0 0 0 0 0 0 0 0 0 0 0 0 0 0 0 0 0 0 0 0 0 0 0 0 0 0 
0 0 0 0 0 0 0 0 0 0 0 0 0 0 0 0 0 0 0 0 0 0 0 0 0 0 0 0 0 0 0 0 0 0 0 0 0 0 0 0 0 0 0 0 0 0 0 0 0 0 0 0 0 0 0 0 0 0 0 0 0 0 0 0 0 0 0 0 0 0 0 0 0 0 0 0 0 0 0 0 0 0 0 0 0 0 0 0 0 0 0 0 0 0 0 0 0 0 0 0 
0 0 0 0 0 0 0 0 0 0 0 0 0 0 0 0 0 0 0 0 0 0 0 0 0 0 0 0 0 0 0 0 0 0 0 0 0 0 0 0 0 0 0 0 0 0 0 0 0 0 0 0 0 0 0 0 0 0 0 0 0 0 0 0 0 0 0 0 0 0 0 0 0 0 0 0 0 0 0 0 0 0 0 0 0 0 0 0 0 0 0 0 0 0 0 0 0 0 0 0 
0 0 0 0 0 0 0 0 0 0 0 0 0 0 0 0 0 0 0 0 0 0 0 0 0 0 0 0 0 0 0 0 0 0 0 0 0 0 0 0 0 0 0 0 0 0 0 0 0 0 0 0 0 0 0 0 0 0 0 0 0 0 0 0 0 0 0 0 0 0 0 0 0 0 0 0 0 0 0 0 0 0 0 0 0 0 0 0 0 0 0 0 0 0 0 0 0 0 0 0 
0 0 0 0 0 0 0 0 0 0 0 0 0 0 0 0 0 0 0 0 0 0 0 0 0 0 0 0 0 0 0 0 0 0 0 0 0 0 0 0 0 0 0 0 0 0 0 0 0 0 0 0 0 0 0 0 0 0 0 0 0 0 0 0 0 0 0 0 0 0 0 0 0 0 0 0 0 0 0 0 0 0 0 0 0 0 0 0 0 0 0 0 0 0 0 0 0 0 0 0 
0 0 0 0 0 0 0 0 0 0 0 0 0 0 0 0 0 0 0 0 0 0 0 0 0 0 0 0 0 0 0 0 0 0 0 0 0 0 0 0 0 0 0 0 0 0 0 0 0 0 0 0 0 0 0 0 0 0 0 0 0 0 0 0 0 0 0 0 0 0 0 0 0 0 0 0 0 0 0 0 0 0 0 0 0 0 0 0 0 0 0 0 0 0 0 0 0 0 0 0 
0 0 0 0 0 0 0 0 0 0 0 0 0 0 0 0 0 0 0 0 0 0 0 0 0 0 0 0 0 0 0 0 0 0 0 0 0 0 0 0 0 0 0 0 0 0 0 0 0 0 0 0 0 0 0 0 0 0 0 0 0 0 0 0 0 0 0 0 0 0 0 0 0 0 0 0 0 0 0 0 0 0 0 0 0 0 0 0 0 0 0 0 0 0 0 0 0 0 0 0 
0 0 0 0 0 0 0 0 0 0 0 0 0 0 0 0 0 0 0 0 0 0 0 0 0 0 0 0 0 0 0 0 0 0 0 0 0 0 0 0 0 0 0 0 0 0 0 0 0 0 0 0 0 0 0 0 0 0 0 0 0 0 0 0 0 0 0 0 0 0 0 0 0 0 0 0 0 0 0 0 0 0 0 0 0 0 0 0 0 0 0 0 0 0 0 0 0 0 0 0 
