# Format: McCode with text headers
# URL: http://www.mccode.org
# Creator:  3.6.14, git
# Instrument: FullInstrument_v5_working.instr
# Ncount: 12500000
# Trace: no
# Gravitation: no
# Seed: 1780316453021957
# Directory: FullInstrument_v5_working_20260601_135958/5
# Nodes: 8
# Param: SourceE=3.2
# Param: DeltaSourceE=0.2
# Param: EI=3.2
# Param: A3=0
# Param: A4=-45
# Param: SAMPLE=0
# Param: RV_mono_Bool=1
# Param: RH_mono_Bool=1
# Param: Lv=1.872
# Param: Lh=1.34
# Param: monoShieldingWidth=0.062
# Param: monoShieldingHeight=0.14
# Param: monoShieldingDistance=0.235
# Param: MonoShielding=1
# Param: Be_filter=1
# Param: sampleHeight=0.01
# Param: sampleRadius=0.01
# Param: sampleThickness=0.002875
# Param: samplePosY=0
# Param: sampleFluxDiagnosticXWidth=0.08
# Param: sampleFluxDiagnosticYHeight=0.08
# Date: Mon Jun  1 14:25:13 2026 (1780316713)
# type: array_2d(100, 100)
# Source: PSI_CAMEA (FullInstrument_v5_working.instr)
# component: EndOfInsertPSD
# position: 0 0 6.176
# title: PSD monitor
# Ncount: 100000000
# filename: EndOfInsertPSD.dat
# statistics: X0=0.000337514; dX=2.1667; Y0=-0.00518611; dY=4.44325;
# signal: Min=0; Max=414409; Mean=99281.5;
# values: 9.92815e+08 119138 8.62463e+07
# xvar: X 
# yvar: Y 
# xlabel: X position [cm]
# ylabel: Y position [cm]
# zvar: I
# zlabel: Signal per bin
# xylimits: -10 10 -10 10
# variables: I I_err N
# Data [EndOfInsertPSD/EndOfInsertPSD.dat] I:
0 0 0 0 0 0 0 0 0 0 0 0 0 0 0 0 0 0 0 0 0 0 0 0 0 0 0 0 0 0 0 0 0 0 0 0 0 0 0 0 0 0 0 0 0 0 0 0 0 0 0 0 0 0 0 0 0 0 0 0 0 0 0 0 0 0 0 0 0 0 0 0 0 0 0 0 0 0 0 0 0 0 0 0 0 0 0 0 0 0 0 0 0 0 0 0 0 0 0 0 
0 0 0 0 0 0 0 0 0 0 0 0 0 0 0 0 0 0 0 0 0 0 0 0 0 0 0 0 0 0 0 0 0 0 0 0 0 0 0 0 0 0 0 0 0 0 0 0 0 0 0 0 0 0 0 0 0 0 0 0 0 0 0 0 0 0 0 0 0 0 0 0 0 0 0 0 0 0 0 0 0 0 0 0 0 0 0 0 0 0 0 0 0 0 0 0 0 0 0 0 
0 0 0 0 0 0 0 0 0 0 0 0 0 0 0 0 0 0 0 0 0 0 0 0 0 0 0 0 0 0 0 0 0 0 0 0 0 0 0 0 0 0 0 0 0 0 0 0 0 0 0 0 0 0 0 0 0 0 0 0 0 0 0 0 0 0 0 0 0 0 0 0 0 0 0 0 0 0 0 0 0 0 0 0 0 0 0 0 0 0 0 0 0 0 0 0 0 0 0 0 
0 0 0 0 0 0 0 0 0 0 0 0 0 0 0 0 0 0 0 0 0 0 0 0 0 0 0 0 0 0 0 0 0 0 0 0 0 0 0 0 0 0 0 0 0 0 0 0 0 0 0 0 0 0 0 0 0 0 0 0 0 0 0 0 0 0 0 0 0 0 0 0 0 0 0 0 0 0 0 0 0 0 0 0 0 0 0 0 0 0 0 0 0 0 0 0 0 0 0 0 
0 0 0 0 0 0 0 0 0 0 0 0 0 0 0 0 0 0 0 0 0 0 0 0 0 0 0 0 0 0 0 0 0 0 0 0 0 0 0 0 0 0 0 0 0 0 0 0 0 0 0 0 0 0 0 0 0 0 0 0 0 0 0 0 0 0 0 0 0 0 0 0 0 0 0 0 0 0 0 0 0 0 0 0 0 0 0 0 0 0 0 0 0 0 0 0 0 0 0 0 
0 0 0 0 0 0 0 0 0 0 0 0 0 0 0 0 0 0 0 0 0 0 0 0 0 0 0 0 0 0 0 0 0 0 0 0 0 0 0 0 0 0 0 0 0 0 0 0 0 0 0 0 0 0 0 0 0 0 0 0 0 0 0 0 0 0 0 0 0 0 0 0 0 0 0 0 0 0 0 0 0 0 0 0 0 0 0 0 0 0 0 0 0 0 0 0 0 0 0 0 
0 0 0 0 0 0 0 0 0 0 0 0 0 0 0 0 0 0 0 0 0 0 0 0 0 0 0 0 0 0 0 0 0 0 0 0 0 0 0 0 0 0 0 0 0 0 0 0 0 0 0 0 0 0 0 0 0 0 0 0 0 0 0 0 0 0 0 0 0 0 0 0 0 0 0 0 0 0 0 0 0 0 0 0 0 0 0 0 0 0 0 0 0 0 0 0 0 0 0 0 
0 0 0 0 0 0 0 0 0 0 0 0 0 0 0 0 0 0 0 0 0 0 0 0 0 0 0 0 0 0 0 0 0 0 0 0 0 0 0 0 0 0 0 0 0 0 0 0 0 0 0 0 0 0 0 0 0 0 0 0 0 0 0 0 0 0 0 0 0 0 0 0 0 0 0 0 0 0 0 0 0 0 0 0 0 0 0 0 0 0 0 0 0 0 0 0 0 0 0 0 
0 0 0 0 0 0 0 0 0 0 0 0 0 0 0 0 0 0 0 0 0 0 0 0 0 0 0 0 0 0 0 0 0 0 0 0 0 0 0 0 0 0 0 0 0 0 0 0 0 0 0 0 0 0 0 0 0 0 0 0 0 0 0 0 0 0 0 0 0 0 0 0 0 0 0 0 0 0 0 0 0 0 0 0 0 0 0 0 0 0 0 0 0 0 0 0 0 0 0 0 
0 0 0 0 0 0 0 0 0 0 0 0 0 0 0 0 0 0 0 0 0 0 0 0 0 0 0 0 0 0 0 0 0 0 0 0 0 0 0 0 0 0 0 0 0 0 0 0 0 0 0 0 0 0 0 0 0 0 0 0 0 0 0 0 0 0 0 0 0 0 0 0 0 0 0 0 0 0 0 0 0 0 0 0 0 0 0 0 0 0 0 0 0 0 0 0 0 0 0 0 
0 0 0 0 0 0 0 0 0 0 0 0 0 0 0 0 0 0 0 0 0 0 0 0 0 0 0 0 0 0 0 0 0 0 0 0 0 0 0 0 0 0 0 0 0 0 0 0 0 0 0 0 0 0 0 0 0 0 0 0 0 0 0 0 0 0 0 0 0 0 0 0 0 0 0 0 0 0 0 0 0 0 0 0 0 0 0 0 0 0 0 0 0 0 0 0 0 0 0 0 
0 0 0 0 0 0 0 0 0 0 0 0 0 0 0 0 0 0 0 0 0 0 0 0 0 0 0 0 0 0 0 0 0 0 0 0 0 0 0 0 0 0 0 0 0 0 0 0 0 0 0 0 0 0 0 0 0 0 0 0 0 0 0 0 0 0 0 0 0 0 0 0 0 0 0 0 0 0 0 0 0 0 0 0 0 0 0 0 0 0 0 0 0 0 0 0 0 0 0 0 
0 0 0 0 0 0 0 0 0 0 0 0 0 0 0 0 0 0 0 0 0 0 0 0 0 0 0 0 0 0 0 110545.5049 217153.461 210446.9966 210467.5771 211442.5812 208311.5573 207609.6307 209454.7995 200671.584 205382.3633 201965.4237 200360.1513 201164.9606 197379.7217 195230.8626 196495.9571 197003.558 195184.9755 194873.0896 196850.547 197786.6366 197822.198 198086.6726 198360.2184 194789.8607 200013.3146 201098.9191 201116.0557 203513.3717 204506.9102 206073.0896 207938.3745 210293.5526 208271.5885 208427.2584 212637.2363 216653.3265 109762.997 0 0 0 0 0 0 0 0 0 0 0 0 0 0 0 0 0 0 0 0 0 0 0 0 0 0 0 0 0 0 0 
0 0 0 0 0 0 0 0 0 0 0 0 0 0 0 0 0 0 0 0 0 0 0 0 0 0 0 0 0 0 0 208458.7919 412184.3828 392949.9894 394765.0195 395917.1059 394463.1717 392727.7412 388661.5844 385523.043 383205.7874 381709.6798 377360.6628 377020.815 374159.4788 371493.5567 370148.9302 375807.0006 370052.4421 368918.5254 371908.8197 370141.465 370037.5069 371167.4827 374315.5284 371671.4717 379972.7981 378567.2355 380390.1525 386257.8851 389793.7932 392070.9787 393006.1909 394565.347 394419.9025 396443.9209 393804.5482 406191.4268 203714.2481 0 0 0 0 0 0 0 0 0 0 0 0 0 0 0 0 0 0 0 0 0 0 0 0 0 0 0 0 0 0 0 
0 0 0 0 0 0 0 0 0 0 0 0 0 0 0 0 0 0 0 0 0 0 0 0 0 0 0 0 0 0 0 206415.1863 411759.2892 395264.0293 395395.6243 396451.5382 390611.0695 391997.3643 388199.4688 381370.1043 381881.2234 376947.6912 376993.2447 376919.9644 375930.436 373839.0005 373322.7454 372993.8816 370236.4159 368071.7014 367740.8663 369272.2826 369523.0863 372492.9344 374427.3016 377733.3843 375867.116 383750.8031 382317.1812 379749.7733 384900.7498 393327.6995 392776.4045 393607.5812 391384.3232 390226.9575 395448.2935 412771.7171 204842.8725 0 0 0 0 0 0 0 0 0 0 0 0 0 0 0 0 0 0 0 0 0 0 0 0 0 0 0 0 0 0 0 
0 0 0 0 0 0 0 0 0 0 0 0 0 0 0 0 0 0 0 0 0 0 0 0 0 0 0 0 0 0 0 205654.5334 409840.2143 397419.7223 393971.3323 393757.4008 387329.0089 395082.2997 390625.2431 385129.3417 383006.6391 381979.9615 381635.9153 376809.7115 370950.8357 377001.1928 375439.097 370152.7036 372141.617 372327.2375 372709.2572 367829.9366 370622.1447 371699.1062 371345.8859 376403.8012 375034.6308 376147.7383 382946.3878 384813.0654 386444.9399 387285.7418 391330.7576 390333.2391 394095.4636 393106.0712 399065.1592 409266.9251 206942.9029 0 0 0 0 0 0 0 0 0 0 0 0 0 0 0 0 0 0 0 0 0 0 0 0 0 0 0 0 0 0 0 
0 0 0 0 0 0 0 0 0 0 0 0 0 0 0 0 0 0 0 0 0 0 0 0 0 0 0 0 0 0 0 210753.9324 414328.994 397380.1294 397603.1332 392016.2556 391407.8028 389781.6918 391297.4033 389942.9455 387121.3656 381747.9578 376352.7674 377388.2288 375206.446 377164.1489 368240.9149 371071.4513 370638.6894 371781.7883 372631.838 372503.8133 375474.8496 371570.2037 374291.9457 374357.3997 377699.3281 381949.3443 381838.4116 387690.085 390901.1917 392248.9016 389844.5402 398413.0604 398919.3362 395835.7114 394217.2569 408088.3516 210029.0499 0 0 0 0 0 0 0 0 0 0 0 0 0 0 0 0 0 0 0 0 0 0 0 0 0 0 0 0 0 0 0 
0 0 0 0 0 0 0 0 0 0 0 0 0 0 0 0 0 0 0 0 0 0 0 0 0 0 0 0 0 0 0 207028.8154 407839.3911 398899.2523 394270.9808 395115.4445 395542.6702 390556.7594 387408.1246 386581.948 388300.8214 381781.3922 382090.8391 372070.7901 377907.2399 372046.9485 372057.9838 371690.9902 368798.335 371239.575 368140.5318 370033.0391 366818.3485 371418.8512 375953.8467 376550.4045 376935.8968 379993.577 381206.7609 380843.16 387629.5156 394447.0088 395385.3341 392353.7478 396116.3387 395869.091 397141.7656 407166.3195 208189.4368 0 0 0 0 0 0 0 0 0 0 0 0 0 0 0 0 0 0 0 0 0 0 0 0 0 0 0 0 0 0 0 
0 0 0 0 0 0 0 0 0 0 0 0 0 0 0 0 0 0 0 0 0 0 0 0 0 0 0 0 0 0 0 205005.9751 410561.1193 397597.8528 397791.0462 396591.9122 395250.9803 393676.2369 386746.0259 386423.2859 382581.7906 379921.6247 380314.9899 379040.7414 376397.1658 367371.6266 375740.4096 374707.3096 373063.5888 371849.387 374215.9546 369024.874 369198.9932 372115.2566 372118.32 377577.0682 382946.044 383107.4938 382892.0387 383314.2234 388144.0598 393277.3229 391436.8233 398165.7326 394571.1999 393480.9512 401267.9533 409152.8267 208277.0874 0 0 0 0 0 0 0 0 0 0 0 0 0 0 0 0 0 0 0 0 0 0 0 0 0 0 0 0 0 0 0 
0 0 0 0 0 0 0 0 0 0 0 0 0 0 0 0 0 0 0 0 0 0 0 0 0 0 0 0 0 0 0 204779.931 409152.4415 398532.6416 392598.6091 398363.8158 392957.9275 392624.0565 388409.0237 388583.313 385876.9779 384869.9695 380471.4423 377952.7017 372089.526 372292.6163 372742.4812 371882.5176 371479.5727 376898.0604 371501.4028 376226.5818 373955.1237 371978.3572 377486.8007 372285.8586 381293.3836 378558.0679 384120.5314 386572.7014 385232.7049 388160.8603 390636.916 396077.0854 396293.7022 397378.247 396391.1427 412999.5328 206685.6381 0 0 0 0 0 0 0 0 0 0 0 0 0 0 0 0 0 0 0 0 0 0 0 0 0 0 0 0 0 0 0 
0 0 0 0 0 0 0 0 0 0 0 0 0 0 0 0 0 0 0 0 0 0 0 0 0 0 0 0 0 0 0 206352.9652 413329.4781 397324.0853 399741.8736 395177.8564 391506.1183 392380.9691 389128.7407 386131.7945 384458.4918 387253.2384 382098.9776 380523.2983 378682.8652 374253.9465 370705.3701 372801.6608 369767.1438 372239.9669 370622.0227 369631.0093 376200.7553 371460.938 381532.5763 376240.6507 373636.3288 379431.2319 382870.3596 387541.5628 388628.6241 390158.5169 394517.618 393382.3576 393987.4932 398175.6241 398415.2513 408566.6921 206111.9314 0 0 0 0 0 0 0 0 0 0 0 0 0 0 0 0 0 0 0 0 0 0 0 0 0 0 0 0 0 0 0 
0 0 0 0 0 0 0 0 0 0 0 0 0 0 0 0 0 0 0 0 0 0 0 0 0 0 0 0 0 0 0 204915.5436 414408.7061 398696.2993 393766.1944 392340.9433 399015.0276 388726.4137 389699.0056 384866.4346 385681.7542 382569.6304 378772.16 375071.4278 373244.5275 372156.1516 373352.2771 370167.315 369964.0586 369756.2419 369409.52 366458.8584 375101.3013 373776.6293 374546.188 373390.384 378468.2666 382614.2948 379876.5509 385491.0595 389181.6677 389653.084 395237.192 392688.0732 395461.7737 397086.2039 398451.1155 406730.1103 207788.1539 0 0 0 0 0 0 0 0 0 0 0 0 0 0 0 0 0 0 0 0 0 0 0 0 0 0 0 0 0 0 0 
0 0 0 0 0 0 0 0 0 0 0 0 0 0 0 0 0 0 0 0 0 0 0 0 0 0 0 0 0 0 0 206651.7696 406830.6896 394258.802 393409.0546 393283.5803 394846.7309 392221.3972 389093.5663 388134.9561 380796.2945 378998.1862 381852.576 380072.3481 372497.2598 372083.2919 370951.7889 370970.4223 369188.6525 371678.6084 370489.3554 368189.0732 368453.2784 373777.6375 370210.3485 371431.7278 374007.3514 377154.9699 382247.9644 380514.3082 384858.6672 385277.2576 389977.3933 393068.579 394588.3443 395011.7422 394190.7702 412971.5892 203179.798 0 0 0 0 0 0 0 0 0 0 0 0 0 0 0 0 0 0 0 0 0 0 0 0 0 0 0 0 0 0 0 
0 0 0 0 0 0 0 0 0 0 0 0 0 0 0 0 0 0 0 0 0 0 0 0 0 0 0 0 0 0 0 205831.3419 404958.6416 395264.7548 390938.2004 388661.3802 393441.4711 392047.2498 384794.8431 382329.3396 381046.2349 380712.4829 378191.9158 376073.5069 370189.92 362723.0316 362627.746 365345.8147 365509.7998 368200.0905 363281.8075 370417.3444 368585.6098 369212.3672 367095.3949 371266.5118 372670.7936 376071.6268 376203.2121 378262.3013 382662.5204 386396.5279 389016.0194 392252.9583 396682.4725 392394.1041 397041.7703 402647.0324 205327.616 0 0 0 0 0 0 0 0 0 0 0 0 0 0 0 0 0 0 0 0 0 0 0 0 0 0 0 0 0 0 0 
0 0 0 0 0 0 0 0 0 0 0 0 0 0 0 0 0 0 0 0 0 0 0 0 0 0 0 0 0 0 0 203945.146 397765.0047 393535.6872 386479.8853 388083.426 388766.07 383490.3345 380138.7334 379982.2981 374476.8967 374394.7059 374115.8505 370817.8079 369425.0338 370892.507 365409.7304 363991.65 361253.2301 364322.3513 366052.2455 367204.4722 367725.2689 365238.6278 366614.155 370641.9436 374384.5463 369680.0558 374885.3128 376195.0448 382743.9302 379536.477 388745.9579 384526.5125 387892.4213 388877.6034 391909.4262 403095.7111 207869.0167 0 0 0 0 0 0 0 0 0 0 0 0 0 0 0 0 0 0 0 0 0 0 0 0 0 0 0 0 0 0 0 
0 0 0 0 0 0 0 0 0 0 0 0 0 0 0 0 0 0 0 0 0 0 0 0 0 0 0 0 0 0 0 203553.9369 399749.3508 382677.7792 390889.1338 385709.6057 383459.3429 381250.7892 381531.2095 374210.7453 374359.4129 375273.1226 370815.6375 365710.0145 367211.5329 362642.1089 364069.9437 362317.4527 361885.2493 360618.5715 362966.2473 361936.1463 361822.3389 360009.2302 365919.6549 369209.4892 365833.804 366505.4062 372673.5414 374370.0493 379803.6855 381217.6106 383796.6553 380070.8596 386693.6902 386166.6392 387530.2266 400186.1439 202097.7398 0 0 0 0 0 0 0 0 0 0 0 0 0 0 0 0 0 0 0 0 0 0 0 0 0 0 0 0 0 0 0 
0 0 0 0 0 0 0 0 0 0 0 0 0 0 0 0 0 0 0 0 0 0 0 0 0 0 0 0 0 0 0 201656.8916 399134.8302 381819.3943 383472.4616 381108.1921 380986.5835 380610.4215 378894.8946 374864.8067 373278.4296 371317.1765 364508.0053 369408.8008 362332.2127 363129.8946 360160.9436 360318.8678 359660.4143 360310.5955 359217.432 362817.6725 358262.4769 359076.5129 363247.4156 366068.2996 364625.488 368697.4219 373253.8543 372100.5104 372292.6859 373930.896 378120.4626 382210.8366 382588.8012 384559.393 382608.6683 397694.7435 200960.5393 0 0 0 0 0 0 0 0 0 0 0 0 0 0 0 0 0 0 0 0 0 0 0 0 0 0 0 0 0 0 0 
0 0 0 0 0 0 0 0 0 0 0 0 0 0 0 0 0 0 0 0 0 0 0 0 0 0 0 0 0 0 0 197985.6032 394949.0609 383253.8343 377749.1519 376979.2825 374211.3682 375363.0184 374467.0733 371090.5639 369130.8846 364628.029 365293.5059 361904.0652 356805.6004 355169.1321 360063.6225 357608.9442 358168.8249 354906.9819 353949.0414 358015.1971 355584.2409 358977.3207 358105.781 357128.3038 358824.5 363552.447 365398.7122 370944.6357 370562.8331 369152.6798 375433.138 377774.4618 381324.6976 377421.5329 376772.732 391630.1527 199493.6791 0 0 0 0 0 0 0 0 0 0 0 0 0 0 0 0 0 0 0 0 0 0 0 0 0 0 0 0 0 0 0 
0 0 0 0 0 0 0 0 0 0 0 0 0 0 0 0 0 0 0 0 0 0 0 0 0 0 0 0 0 0 0 192610.1723 386298.454 378306.3089 374484.7744 375946.9895 370783.8844 370672.9567 369680.8207 366333.8772 367843.4322 365094.58 360122.7696 362602.7932 356436.8747 352880.3836 356858.0934 348718.2841 350209.2072 348897.6208 349702.3789 355220.6038 356811.0854 360346.6481 354478.6756 355019.199 361237.6898 362235.1455 361315.367 363055.6847 364529.3912 368114.6513 375000.48 374155.7788 378458.8796 379023.1899 378196.1838 388844.0937 198491.4101 0 0 0 0 0 0 0 0 0 0 0 0 0 0 0 0 0 0 0 0 0 0 0 0 0 0 0 0 0 0 0 
0 0 0 0 0 0 0 0 0 0 0 0 0 0 0 0 0 0 0 0 0 0 0 0 0 0 0 0 0 0 0 193468.0359 387865.2004 370714.3918 373229.362 372580.1541 372071.3156 369243.8948 366674.9898 367886.6925 361724.363 356279.7501 360032.096 356161.6333 356871.8972 349896.3286 350281.4015 349409.0335 350468.8322 347036.1014 349414.4605 350878.7344 350487.4405 349860.338 352725.8881 351495.9761 351845.681 359062.5986 357855.8316 361552.6543 362834.4866 367908.5336 362736.0594 364889.1528 375248.7136 371767.6589 369636.0795 392243.3241 196339.7663 0 0 0 0 0 0 0 0 0 0 0 0 0 0 0 0 0 0 0 0 0 0 0 0 0 0 0 0 0 0 0 
0 0 0 0 0 0 0 0 0 0 0 0 0 0 0 0 0 0 0 0 0 0 0 0 0 0 0 0 0 0 0 193506.1586 380416.6455 369468.2323 366896.5766 366897.8588 369745.7655 360761.1735 363354.2484 361006.2931 359470.9599 356240.1436 352711.1936 352560.018 352854.884 348632.8631 346706.674 346838.3325 347987.9022 345719.3856 346361.0471 347102.3759 343135.6882 344728.2755 347052.9373 350987.0816 353520.3406 354752.8646 354075.4635 357874.2226 358139.1895 362837.1307 366636.6691 367023.1305 371571.089 366105.8878 371361.1428 377696.4235 191966.3605 0 0 0 0 0 0 0 0 0 0 0 0 0 0 0 0 0 0 0 0 0 0 0 0 0 0 0 0 0 0 0 
0 0 0 0 0 0 0 0 0 0 0 0 0 0 0 0 0 0 0 0 0 0 0 0 0 0 0 0 0 0 0 191753.4291 378720.896 366260.5263 365760.9255 363432.7187 363041.0553 362754.0408 354877.3626 357737.3405 353104.3293 347178.3308 351579.3522 349541.6072 347715.4769 345762.9446 345207.5352 344470.2953 337172.4589 345100.7442 342284.7424 338323.5396 339494.7205 342785.3418 341743.9775 344237.1979 350169.1066 351907.9315 350416.586 351885.9808 358722.9938 359795.273 358672.7398 363738.1025 362265.059 367454.4518 368324.2774 376915.5871 191446.1756 0 0 0 0 0 0 0 0 0 0 0 0 0 0 0 0 0 0 0 0 0 0 0 0 0 0 0 0 0 0 0 
0 0 0 0 0 0 0 0 0 0 0 0 0 0 0 0 0 0 0 0 0 0 0 0 0 0 0 0 0 0 0 192337.8576 375136.3778 363448.5335 362500.1994 360361.9204 359798.4108 351536.1509 360267.7231 353276.0864 350968.4775 348624.0125 342776.6702 345948.2816 344901.5117 341631.0224 344215.5929 339971.4298 338646.8425 339564.2285 341254.5362 339602.0424 341333.556 342440.8384 341790.4672 342665.984 348633.5051 346623.9039 347851.8586 354165.2198 351255.276 351214.815 356872.1446 360146.9066 363155.5099 361253.0342 360197.9484 373076.0262 188240.9601 0 0 0 0 0 0 0 0 0 0 0 0 0 0 0 0 0 0 0 0 0 0 0 0 0 0 0 0 0 0 0 
0 0 0 0 0 0 0 0 0 0 0 0 0 0 0 0 0 0 0 0 0 0 0 0 0 0 0 0 0 0 0 187704.5957 372346.9199 359500.1279 358970.4919 356404.2051 355455.865 352495.0989 353842.1514 351035.225 345814.5289 338334.4428 342802.5496 338126.6746 338466.9784 339526.9628 336462.1991 336306.7352 332352.5163 333939.8828 333057.7251 334948.8618 329008.7598 336649.7761 336054.9925 337717.9409 342189.7529 343038.939 347367.5318 349614.1239 350728.0615 346592.5663 352316.3952 356658.6606 355318.4515 357265.5792 360397.3589 364378.3598 185677.3113 0 0 0 0 0 0 0 0 0 0 0 0 0 0 0 0 0 0 0 0 0 0 0 0 0 0 0 0 0 0 0 
0 0 0 0 0 0 0 0 0 0 0 0 0 0 0 0 0 0 0 0 0 0 0 0 0 0 0 0 0 0 0 187963.4412 369239.5579 357501.8916 350845.468 353059.479 348563.685 350365.7374 349998.357 342674.3254 338546.6165 338821.4094 338737.6451 335526.7813 328573.8629 331447.5282 333512.0829 331940.2361 326527.9906 329914.669 329942.1683 332639.6721 330738.4835 332277.215 329126.6546 334407.8968 336786.9345 338915.4626 340684.242 343798.8894 342533.6643 348508.6863 345669.9029 353650.0204 353431.4176 351984.8529 351983.1297 370264.1652 181208.7501 0 0 0 0 0 0 0 0 0 0 0 0 0 0 0 0 0 0 0 0 0 0 0 0 0 0 0 0 0 0 0 
0 0 0 0 0 0 0 0 0 0 0 0 0 0 0 0 0 0 0 0 0 0 0 0 0 0 0 0 0 0 0 186099.9381 360013.8323 351459.9093 350174.1994 349480.3406 344014.3797 342977.6719 343163.653 341972.143 338983.8049 337939.7602 334003.5273 334020.8593 328039.3528 329483.8566 327418.9606 328411.5916 326332.5365 327517.741 326317.1935 329096.9628 330332.1014 330890.5071 329701.3913 329303.813 333413.5639 336016.5025 335395.9577 336331.0618 339680.4288 341671.5863 343486.2294 345484.1188 343956.9563 348496.9497 349361.2924 359923.7357 184395.0567 0 0 0 0 0 0 0 0 0 0 0 0 0 0 0 0 0 0 0 0 0 0 0 0 0 0 0 0 0 0 0 
0 0 0 0 0 0 0 0 0 0 0 0 0 0 0 0 0 0 0 0 0 0 0 0 0 0 0 0 0 0 0 179969.1683 356715.7751 344513.3555 344521.4255 344017.7267 342897.2848 342002.2068 339623.3606 336879.1631 336194.2754 332152.8861 330911.0595 327352.3412 331082.457 328158.251 325507.7405 322253.7044 326742.3283 323224.1577 322903.9788 323981.9201 320710.8896 322209.5715 326370.3671 325302.7302 330833.6107 330580.8414 330585.3507 332132.992 333863.1449 339300.8688 345068.8362 340803.8535 347323.5147 347378.7489 345302.1531 355798.6641 180272.7243 0 0 0 0 0 0 0 0 0 0 0 0 0 0 0 0 0 0 0 0 0 0 0 0 0 0 0 0 0 0 0 
0 0 0 0 0 0 0 0 0 0 0 0 0 0 0 0 0 0 0 0 0 0 0 0 0 0 0 0 0 0 0 178571.4457 351627.7278 346251.5363 345648.9979 339390.7426 335067.8055 340243.6732 338467.2458 332701.7498 328393.1839 328800.8079 328525.0242 328174.5716 320767.3541 320389.7761 319843.0223 326952.5561 318401.2981 324485.776 320472.0264 323752.2333 321168.9867 319412.5877 319552.2577 325998.6907 326236.4338 327086.7537 330843.6995 333438.289 333425.1651 336105.9031 337275.8763 341478.3249 341860.4792 341180.1813 342910.1361 358453.9476 177683.7057 0 0 0 0 0 0 0 0 0 0 0 0 0 0 0 0 0 0 0 0 0 0 0 0 0 0 0 0 0 0 0 
0 0 0 0 0 0 0 0 0 0 0 0 0 0 0 0 0 0 0 0 0 0 0 0 0 0 0 0 0 0 0 178588.1988 356970.8594 339822.3409 338292.4975 339692.6113 339238.7079 339378.9867 337508.474 331332.7277 327824.4385 324302.5937 321693.4066 322602.7352 322305.5261 320706.1931 321851.9906 321753.9831 319918.6564 317233.3716 320287.1233 316831.2757 322984.2346 321632.1338 324358.2349 321565.4075 325804.1592 328000.1524 328691.2328 330651.722 333011.9812 332158.3436 342606.156 340871.9743 341348.5271 340266.3908 341261.0702 353560.3455 177553.1184 0 0 0 0 0 0 0 0 0 0 0 0 0 0 0 0 0 0 0 0 0 0 0 0 0 0 0 0 0 0 0 
0 0 0 0 0 0 0 0 0 0 0 0 0 0 0 0 0 0 0 0 0 0 0 0 0 0 0 0 0 0 0 176013.063 349680.6295 340067.0857 344967.1206 336311.9648 335944.6351 331636.8518 334121.3054 330168.9452 332674.0154 326326.3403 325246.3264 321825.6019 321873.9133 320385.089 319530.0904 319068.1687 319109.2476 316867.9989 315443.3535 318623.7865 317802.4808 319363.0177 321484.0919 319128.5681 322912.4618 323849.3388 330662.7949 329583.6586 331489.5921 338314.5269 333208.4936 335521.076 337684.1852 336728.1506 340943.7722 353261.7403 178467.4368 0 0 0 0 0 0 0 0 0 0 0 0 0 0 0 0 0 0 0 0 0 0 0 0 0 0 0 0 0 0 0 
0 0 0 0 0 0 0 0 0 0 0 0 0 0 0 0 0 0 0 0 0 0 0 0 0 0 0 0 0 0 0 174504.1419 350118.7682 338449.1905 337034.6427 338502.7665 338348.4685 337901.8843 335431.235 333270.7504 329274.2938 325173.4921 324780.6873 324587.4899 320715.1175 317756.4901 315957.1791 318802.2157 315189.3989 317283.7578 318206.3695 313329.7807 315380.7813 319083.4545 322868.6311 321220.7938 322030.6032 322106.6491 326447.4641 328200.899 334323.1481 329445.8176 335364.3142 335998.6445 338211.1979 340472.0613 341770.7574 350572.9664 179063.9127 0 0 0 0 0 0 0 0 0 0 0 0 0 0 0 0 0 0 0 0 0 0 0 0 0 0 0 0 0 0 0 
0 0 0 0 0 0 0 0 0 0 0 0 0 0 0 0 0 0 0 0 0 0 0 0 0 0 0 0 0 0 0 176299.3252 345066.6964 340012.1502 337998.4483 338334.0113 337461.6987 332885.2517 330963.5968 331943.4415 325705.8638 327748.7442 324669.7191 323425.0631 317854.2882 322723.9801 319914.508 315311.1492 311805.8477 315087.8352 317413.8617 314427.0053 317322.6772 320330.9082 319062.3192 319581.6363 321916.2669 320210.1393 324178.9023 330932.5969 328909.946 334774.657 334806.8583 334287.2734 338054.8944 340992.6702 340227.9153 351796.7002 177630.9639 0 0 0 0 0 0 0 0 0 0 0 0 0 0 0 0 0 0 0 0 0 0 0 0 0 0 0 0 0 0 0 
0 0 0 0 0 0 0 0 0 0 0 0 0 0 0 0 0 0 0 0 0 0 0 0 0 0 0 0 0 0 0 176260.2554 347527.3479 335776.5134 336332.8363 334768.3164 338158.2029 335441.5306 332189.6405 327310.4654 326737.8022 326417.1506 325849.197 325927.3241 317718.3102 318625.0704 316344.0195 316175.0374 312559.3657 314328.9213 316937.0078 315058.9033 313554.145 314687.0562 318323.8279 320693.0419 320173.0956 327795.3317 325191.3148 328097.3116 330244.2911 334084.7156 335083.1663 335727.0802 334984.0472 336744.9176 330582.6202 348989.2728 177886.0243 0 0 0 0 0 0 0 0 0 0 0 0 0 0 0 0 0 0 0 0 0 0 0 0 0 0 0 0 0 0 0 
0 0 0 0 0 0 0 0 0 0 0 0 0 0 0 0 0 0 0 0 0 0 0 0 0 0 0 0 0 0 0 177025.2335 346440.4421 340896.8488 342624.2233 337516.9576 336372.7245 333679.9699 331744.2008 328414.3985 327042.4527 327411.1931 321237.0286 325611.8224 320616.5367 316779.737 316387.5931 314883.067 316848.6744 317077.1813 314864.7382 317856.558 316994.5926 316937.5814 317552.8865 319410.6033 321601.7866 324673.639 320399.8078 329052.5838 326825.7423 334414.5847 330168.4745 333473.9849 337743.4856 336429.1162 337541.0541 347852.6432 178700.1229 0 0 0 0 0 0 0 0 0 0 0 0 0 0 0 0 0 0 0 0 0 0 0 0 0 0 0 0 0 0 0 
0 0 0 0 0 0 0 0 0 0 0 0 0 0 0 0 0 0 0 0 0 0 0 0 0 0 0 0 0 0 0 178239.4548 347408.8996 343082.4769 341408.8045 340001.5206 340058.1292 334511.1866 332366.943 330816.7763 326282.5818 324243.5394 321251.6734 322349.8552 324249.5966 321644.0173 318535.495 315460.4685 315547.0506 315959.6102 315472.615 319851.3354 316993.6527 318657.2204 321289.6547 318903.7133 321633.4969 323553.7773 326593.8689 328304.5947 332129.54 330834.7314 330702.4386 338175.2928 337977.949 336687.4582 339140.0354 346601.1185 175417.6907 0 0 0 0 0 0 0 0 0 0 0 0 0 0 0 0 0 0 0 0 0 0 0 0 0 0 0 0 0 0 0 
0 0 0 0 0 0 0 0 0 0 0 0 0 0 0 0 0 0 0 0 0 0 0 0 0 0 0 0 0 0 0 178902.408 351111.3604 341390.2196 342847.0717 334519.0659 339128.1033 339114.196 336792.8399 334101.7905 334034.1661 327597.0507 330412.2275 323272.1993 323273.6422 328955.2936 321759.5987 321643.53 318669.2972 323099.7345 322604.5373 320581.7932 318215.2065 318614.5882 326232.5383 324642.275 325084.0956 328373.33 331341.5263 330686.4761 333500.7877 335768.0766 339998.0794 341151.9811 338953.8504 345133.8178 345034.6135 355284.4983 181158.0565 0 0 0 0 0 0 0 0 0 0 0 0 0 0 0 0 0 0 0 0 0 0 0 0 0 0 0 0 0 0 0 
0 0 0 0 0 0 0 0 0 0 0 0 0 0 0 0 0 0 0 0 0 0 0 0 0 0 0 0 0 0 0 180460.0812 358087.7584 348471.2222 346434.0742 346630.1393 339928.1819 338680.268 338711.5069 335279.8967 336957.2958 330071.5375 329459.6046 327785.1631 324888.2034 326180.0137 324275.4046 318572.0336 324902.1803 327066.9817 324570.4724 324476.8475 322716.7152 325127.0422 325605.953 325069.6312 330196.1333 329437.2782 329443.76 335007.1538 342032.0969 338554.2739 343181.9164 345534.9712 347154.8564 345931.2367 346291.4589 358448.0949 181520.0429 0 0 0 0 0 0 0 0 0 0 0 0 0 0 0 0 0 0 0 0 0 0 0 0 0 0 0 0 0 0 0 
0 0 0 0 0 0 0 0 0 0 0 0 0 0 0 0 0 0 0 0 0 0 0 0 0 0 0 0 0 0 0 180850.2918 360941.5328 354226.7733 345358.2648 352294.1329 349082.0153 346990.0527 346141.4171 347872.8194 343826.7235 334699.3369 336886.948 331919.9291 334714.0931 330763.6164 328258.009 329845.2324 326289.6665 326618.0759 328265.7649 323963.9993 332818.58 327616.96 331382.2491 333729.1059 331714.1367 337283.1689 340890.3878 339800.5271 343212.9241 344822.3155 345884.1695 347902.8831 347015.9561 351568.6272 352664.204 363491.4875 186322.4701 0 0 0 0 0 0 0 0 0 0 0 0 0 0 0 0 0 0 0 0 0 0 0 0 0 0 0 0 0 0 0 
0 0 0 0 0 0 0 0 0 0 0 0 0 0 0 0 0 0 0 0 0 0 0 0 0 0 0 0 0 0 0 186419.0315 368689.7753 354402.903 354307.8911 352165.5452 352877.6335 349588.4709 349476.102 346742.9082 342295.0051 343124.2488 341115.812 338539.0621 335212.7387 331453.7581 334948.8386 329567.7004 332330.9197 333239.8169 330765.7994 332328.9344 331305.2449 332908.0832 334906.7445 335025.7596 333824.2598 337692.4859 342792.7287 344314.0233 344280.5386 347515.3902 354255.1639 349336.004 356385.8243 351300.2736 356674.9595 370470.677 186280.7586 0 0 0 0 0 0 0 0 0 0 0 0 0 0 0 0 0 0 0 0 0 0 0 0 0 0 0 0 0 0 0 
0 0 0 0 0 0 0 0 0 0 0 0 0 0 0 0 0 0 0 0 0 0 0 0 0 0 0 0 0 0 0 186645.8564 367465.2073 356539.8236 358404.9893 354245.436 352959.8053 349924.5023 353126.4081 346359.0301 342218.1346 344843.528 345941.261 338823.1569 337013.5875 334098.9723 336451.9619 336048.5821 336510.1389 332695.1932 332596.9985 338422.6706 332850.0154 334729.5199 334426.1033 336886.4643 338892.1776 343142.5284 341197.3359 346266.2122 348126.3792 353340.7943 355475.6398 353257.6566 356845.0592 357109.6121 357354.0877 367150.2352 182210.0702 0 0 0 0 0 0 0 0 0 0 0 0 0 0 0 0 0 0 0 0 0 0 0 0 0 0 0 0 0 0 0 
0 0 0 0 0 0 0 0 0 0 0 0 0 0 0 0 0 0 0 0 0 0 0 0 0 0 0 0 0 0 0 187175.6743 364389.594 362428.4347 354024.9468 356306.6506 358361.3263 351596.5603 349665.7683 346382.1716 348193.0203 340487.8358 336853.4814 336170.6626 338546.78 341879.218 338705.2487 335074.1761 333883.5034 334500.5284 334262.3142 335857.0358 336848.7194 337977.7206 338884.5296 336433.7008 341902.2874 339892.9602 339494.716 347262.9662 348878.9239 350512.0108 355539.5762 355642.0627 357254.653 353328.2394 358929.07 366253.2441 187333.702 0 0 0 0 0 0 0 0 0 0 0 0 0 0 0 0 0 0 0 0 0 0 0 0 0 0 0 0 0 0 0 
0 0 0 0 0 0 0 0 0 0 0 0 0 0 0 0 0 0 0 0 0 0 0 0 0 0 0 0 0 0 0 185597.0718 366931.8661 357070.5243 356246.5717 351418.835 350911.2705 351925.4236 344252.6151 343916.5297 342733.4939 344336.0897 340522.9674 337417.3703 336660.67 334107.0924 334883.3507 327985.3878 329110.4196 333458.1467 329040.0075 326788.6758 328106.1984 335895.6107 333526.2761 335710.6543 335858.0784 339686.7368 340552.6824 343388.0344 345679.3891 347065.4122 347008.8467 350857.3769 353884.7772 355344.0322 355687.307 365005.7842 185341.0273 0 0 0 0 0 0 0 0 0 0 0 0 0 0 0 0 0 0 0 0 0 0 0 0 0 0 0 0 0 0 0 
0 0 0 0 0 0 0 0 0 0 0 0 0 0 0 0 0 0 0 0 0 0 0 0 0 0 0 0 0 0 0 179645.8796 366147.2155 348312.8693 350849.0355 349282.8172 347795.4475 341708.9335 346108.2314 348435.66 342024.5829 339940.7134 336224.0879 338973.7838 329401.4017 331383.5588 330399.3282 329094.9603 327282.1031 326179.93 327119.0133 330058.8093 327271.2106 332132.2905 327900.619 332576.6516 333025.2615 337504.8605 338175.0941 338869.331 341199.0421 345663.526 349432.4955 347822.3587 351561.7489 346244.6764 349317.2477 360958.2641 183592.0861 0 0 0 0 0 0 0 0 0 0 0 0 0 0 0 0 0 0 0 0 0 0 0 0 0 0 0 0 0 0 0 
0 0 0 0 0 0 0 0 0 0 0 0 0 0 0 0 0 0 0 0 0 0 0 0 0 0 0 0 0 0 0 178670.1702 356160.9224 344890.0248 346109.1163 343916.2654 346415.8553 342333.9779 342821.1272 338572.2872 340745.0174 330290.4685 330192.0713 328158.0683 326538.8692 329027.0366 324729.322 324598.8054 322161.2609 321982.3399 321382.8449 322512.9023 324852.4592 324760.7195 325471.1183 325055.6213 333010.9518 326511.4571 333616.9868 336921.8861 338934.8064 338494.2944 342270.6711 346610.7372 342471.6709 345036.0878 348053.3533 352572.4298 181234.1334 0 0 0 0 0 0 0 0 0 0 0 0 0 0 0 0 0 0 0 0 0 0 0 0 0 0 0 0 0 0 0 
0 0 0 0 0 0 0 0 0 0 0 0 0 0 0 0 0 0 0 0 0 0 0 0 0 0 0 0 0 0 0 179372.2017 354312.5075 341784.8453 337678.8632 339709.946 339243.9531 340693.7132 334101.275 329148.67 330056.7697 327896.36 326826.3238 323666.0851 326334.1195 320733.2584 322150.5277 320113.6256 319705.7561 317071.3 320908.8737 321073.971 320124.8917 323074.4068 321365.5575 323675.8838 325456.8356 329733.5143 323953.6576 334361.1955 334403.865 335843.4047 339407.0142 338338.0687 341751.2918 341012.6885 340487.0615 352213.8716 177469.4165 0 0 0 0 0 0 0 0 0 0 0 0 0 0 0 0 0 0 0 0 0 0 0 0 0 0 0 0 0 0 0 
0 0 0 0 0 0 0 0 0 0 0 0 0 0 0 0 0 0 0 0 0 0 0 0 0 0 0 0 0 0 0 178429.7146 346781.4201 338220.5634 338391.1774 335981.4902 335860.3281 334184.0597 337197.7767 333316.1221 326219.9691 326771.8572 325798.0729 323564.3542 319637.5669 316476.1819 317430.0584 317332.9366 313718.963 316004.6025 318203.5585 317165.9215 316711.6429 321807.1608 316749.8687 319673.7096 321158.7334 323914.1226 328342.0504 330543.9513 334321.3359 334808.3216 334904.1075 341695.9278 342269.3495 339712.9451 337587.3326 357419.6935 176689.472 0 0 0 0 0 0 0 0 0 0 0 0 0 0 0 0 0 0 0 0 0 0 0 0 0 0 0 0 0 0 0 
0 0 0 0 0 0 0 0 0 0 0 0 0 0 0 0 0 0 0 0 0 0 0 0 0 0 0 0 0 0 0 179763.5367 347904.9624 338571.4769 339297.4463 335399.9394 336651.7848 328253.6454 330259.1825 328761.9975 327972.0902 321301.766 320585.443 320624.8876 324219.9844 318812.7857 317747.1213 316182.0583 316085.955 311687.6376 312953.6477 314382.6122 320192.6717 316072.0365 319072.7594 320353.8143 324487.7955 327593.2316 323810.3035 322026.1009 327693.8008 328821.7818 338045.1123 334896.9631 337779.4915 339287.4286 337873.9109 347829.8429 175341.8731 0 0 0 0 0 0 0 0 0 0 0 0 0 0 0 0 0 0 0 0 0 0 0 0 0 0 0 0 0 0 0 
0 0 0 0 0 0 0 0 0 0 0 0 0 0 0 0 0 0 0 0 0 0 0 0 0 0 0 0 0 0 0 174223.9002 351328.7626 339460.7762 336051.1043 333713.1644 335489.7836 333615.3259 329697.5028 330770.792 326160.15 319285.7588 327478.2041 318973.3663 318075.3936 317939.5648 316702.9323 317249.7231 315093.8062 313011.1337 318414.3642 314897.294 315446.7011 318891.105 315729.4114 317043.9396 327342.9302 323814.8537 321352.4802 325720.3917 328740.028 329890.7886 337915.8064 334035.3707 337472.0767 335264.5604 336658.0344 349664.2354 175595.8806 0 0 0 0 0 0 0 0 0 0 0 0 0 0 0 0 0 0 0 0 0 0 0 0 0 0 0 0 0 0 0 
0 0 0 0 0 0 0 0 0 0 0 0 0 0 0 0 0 0 0 0 0 0 0 0 0 0 0 0 0 0 0 176800.5518 348501.4758 342664.2917 336630.0161 335204.7467 335872.7338 333076.1343 329825.0067 331963.485 326651.281 323139.8025 326170.307 321909.3822 319739.06 319821.7655 313118.0091 317178.2306 319627.5404 315753.2418 317013.2102 316853.0881 316350.7237 320780.912 322013.9374 322640.9489 318659.137 322899.2871 323948.0607 329004.5848 329707.4264 333333.0001 331448.3491 336394.9932 340136.8547 339286.3071 343657.6771 349328.7386 175984.4642 0 0 0 0 0 0 0 0 0 0 0 0 0 0 0 0 0 0 0 0 0 0 0 0 0 0 0 0 0 0 0 
0 0 0 0 0 0 0 0 0 0 0 0 0 0 0 0 0 0 0 0 0 0 0 0 0 0 0 0 0 0 0 177902.9521 344321.5231 336265.821 337251.4711 339163.5086 337477.3183 334639.8437 332649.8323 328108.1287 328198.3752 325122.6502 319889.9236 322698.616 318377.121 322292.8409 318300.7464 320205.1875 318018.4362 316095.4429 315417.9963 316800.1925 317457.6302 318482.8118 318364.6602 318128.0992 321298.5058 324533.9796 325466.4404 329118.7806 332178.8176 332635.8566 333637.9146 333654.5183 337119.2637 336345.5787 338324.2088 349721.899 176617.9179 0 0 0 0 0 0 0 0 0 0 0 0 0 0 0 0 0 0 0 0 0 0 0 0 0 0 0 0 0 0 0 
0 0 0 0 0 0 0 0 0 0 0 0 0 0 0 0 0 0 0 0 0 0 0 0 0 0 0 0 0 0 0 178539.8343 347437.0392 339366.385 336332.0642 336731.0336 333994.303 337385.4606 333981.6448 331578.2993 326557.016 328613.4081 326955.4141 325273.7227 317741.4123 320859.741 322101.2623 316041.8562 321297.1386 316807.7722 318970.6978 316632.8729 319397.549 317669.2652 319771.0733 320107.9182 324531.8828 322218.8818 328577.603 328072.2275 332787.1115 335180.512 334960.7693 337405.8519 338607.2077 338936.4453 340040.4398 352785.6384 177044.9757 0 0 0 0 0 0 0 0 0 0 0 0 0 0 0 0 0 0 0 0 0 0 0 0 0 0 0 0 0 0 0 
0 0 0 0 0 0 0 0 0 0 0 0 0 0 0 0 0 0 0 0 0 0 0 0 0 0 0 0 0 0 0 176947.8774 353293.9094 336999.8661 336505.2957 341624.6119 340234.5036 336354.5255 334613.9707 334061.1886 330733.423 332254.7354 327239.9711 323389.7766 320496.1548 320319.3904 319773.3743 317233.3788 315169.6743 320297.4712 319195.0225 319105.6196 316181.1876 318789.1438 324368.3579 324154.7436 325848.536 330403.6535 327665.5347 331732.2315 330835.0986 332689.4882 333992.4413 341071.3024 337243.0062 337558.789 346580.0525 350494.5473 179864.1517 0 0 0 0 0 0 0 0 0 0 0 0 0 0 0 0 0 0 0 0 0 0 0 0 0 0 0 0 0 0 0 
0 0 0 0 0 0 0 0 0 0 0 0 0 0 0 0 0 0 0 0 0 0 0 0 0 0 0 0 0 0 0 182118.5856 352139.9022 344806.3684 336929.3734 338173.2523 339888.2912 334018.7624 341916.7648 330840.9423 330364.9785 325460.2774 329423.9671 323100.6215 324940.8098 319506.1229 320351.289 319388.1961 318814.8089 324542.5876 319990.7771 319708.2035 319348.9122 321919.5118 319451.0953 322403.7129 324259.5824 329391.2367 328497.4955 327975.821 336441.5533 336934.3189 340157.4695 343053.0721 340857.0934 344487.8994 342344.7236 354416.8565 179500.0862 0 0 0 0 0 0 0 0 0 0 0 0 0 0 0 0 0 0 0 0 0 0 0 0 0 0 0 0 0 0 0 
0 0 0 0 0 0 0 0 0 0 0 0 0 0 0 0 0 0 0 0 0 0 0 0 0 0 0 0 0 0 0 183012.0233 357543.502 344332.6479 345037.6012 347937.9541 343582.9994 344717.0257 342124.6112 336372.209 336571.8435 330104.4621 329469.1777 329444.0784 327525.0072 328766.3031 323519.0544 325424.8341 322827.6308 320665.7006 322834.6407 322435.9565 322871.1588 324240.8982 327757.0349 329921.0741 328761.6285 330415.4672 334591.2904 338971.338 336472.8959 336181.0147 340211.7042 340108.9547 345550.052 345761.2013 344817.752 357954.2648 180007.3658 0 0 0 0 0 0 0 0 0 0 0 0 0 0 0 0 0 0 0 0 0 0 0 0 0 0 0 0 0 0 0 
0 0 0 0 0 0 0 0 0 0 0 0 0 0 0 0 0 0 0 0 0 0 0 0 0 0 0 0 0 0 0 181372.4376 356912.8813 345332.8985 348764.436 345751.8121 347273.8008 343755.752 339311.9798 339731.5037 339648.3604 336464.5449 332283.7876 335066.2261 331012.5411 332897.8265 327961.3429 326094.7909 329825.3889 326920.1795 325454.7041 322644.991 327577.0486 327579.8952 329618.1948 329547.8523 329280.188 332354.8975 337404.3753 336662.6026 345213.4437 343477.7223 347999.2659 346796.6793 347138.4263 350300.1881 353372.8511 363437.6893 184510.7644 0 0 0 0 0 0 0 0 0 0 0 0 0 0 0 0 0 0 0 0 0 0 0 0 0 0 0 0 0 0 0 
0 0 0 0 0 0 0 0 0 0 0 0 0 0 0 0 0 0 0 0 0 0 0 0 0 0 0 0 0 0 0 182671.5561 364290.5925 352893.9572 354192.4614 350602.1516 346890.0266 348586.5544 349987.1066 346333.7331 343450.4308 338795.7288 335686.4857 336061.0757 332451.128 333734.6283 333390.5903 330238.6934 327876.8534 331969.7959 327749.7189 332852.8132 326828.9063 332936.5971 332311.7158 334030.2465 336868.3947 338342.5885 340833.189 342349.5677 347034.777 348226.5561 345343.9536 353456.5545 354595.9985 353115.1635 355305.6314 364663.3217 184189.7473 0 0 0 0 0 0 0 0 0 0 0 0 0 0 0 0 0 0 0 0 0 0 0 0 0 0 0 0 0 0 0 
0 0 0 0 0 0 0 0 0 0 0 0 0 0 0 0 0 0 0 0 0 0 0 0 0 0 0 0 0 0 0 185168.0159 366803.7332 358888.9537 357294.9712 354205.4011 354726.9453 352460.6438 348191.2328 345771.2349 348811.3301 343278.6072 342754.8963 336145.4314 337333.9932 334227.6648 332856.4178 333784.9327 335388.0462 334661.5143 332025.0675 335442.0917 334236.9465 333698.486 338625.2529 340404.9586 339833.5822 338203.6294 345507.4441 344826.4895 350665.5328 352025.7094 351423.1528 354642.8097 357273.076 356830.8463 358673.9359 369984.5345 188135.0214 0 0 0 0 0 0 0 0 0 0 0 0 0 0 0 0 0 0 0 0 0 0 0 0 0 0 0 0 0 0 0 
0 0 0 0 0 0 0 0 0 0 0 0 0 0 0 0 0 0 0 0 0 0 0 0 0 0 0 0 0 0 0 188033.8172 371978.8708 364361.7755 359933.431 353211.6582 359543.9386 360833.9893 352580.0476 353107.6643 350229.4362 349851.0489 344845.859 345595.7511 338816.6206 343267.0815 338645.2699 341038.3791 339359.5111 340277.7678 336187.0417 341181.3575 342180.5342 338759.0264 338806.1848 339948.6558 341388.8795 343705.1697 347084.1593 349304.0591 352125.5814 356687.5916 358058.1237 358998.9082 357664.6069 363756.4707 360526.9995 369656.7357 189926.5064 0 0 0 0 0 0 0 0 0 0 0 0 0 0 0 0 0 0 0 0 0 0 0 0 0 0 0 0 0 0 0 
0 0 0 0 0 0 0 0 0 0 0 0 0 0 0 0 0 0 0 0 0 0 0 0 0 0 0 0 0 0 0 185707.2307 376805.209 370061.2192 364483.3379 363997.8794 364308.4193 360717.8473 358523.3901 352881.3582 350814.521 348695.9319 345931.2589 347697.8599 346866.8135 345706.0088 341844.9018 340565.6384 341758.8557 342317.1682 341211.4094 341477.5703 343982.3055 340326.9073 340664.8694 344664.5505 347658.2631 351417.04 350532.2997 352965.7883 354545.3921 361542.9706 361625.6401 365450.3052 364027.1003 367495.4771 360735.0035 379561.3074 193420.517 0 0 0 0 0 0 0 0 0 0 0 0 0 0 0 0 0 0 0 0 0 0 0 0 0 0 0 0 0 0 0 
0 0 0 0 0 0 0 0 0 0 0 0 0 0 0 0 0 0 0 0 0 0 0 0 0 0 0 0 0 0 0 195450.5313 379504.6674 369819.8535 372250.2634 364742.3573 367360.5392 371981.0204 361153.1032 360063.8449 363370.6516 352811.3177 353106.0845 349115.2544 345518.9333 347816.6202 346670.9867 345235.0302 345734.2693 348268.2291 347208.7698 340603.9616 345323.2185 347218.4348 350720.5866 350417.9926 353345.8594 352666.6073 353881.0627 356556.0441 364203.8351 361699.3874 362398.4455 369049.695 367409.4298 368933.8624 368159.1045 378903.3432 189445.3533 0 0 0 0 0 0 0 0 0 0 0 0 0 0 0 0 0 0 0 0 0 0 0 0 0 0 0 0 0 0 0 
0 0 0 0 0 0 0 0 0 0 0 0 0 0 0 0 0 0 0 0 0 0 0 0 0 0 0 0 0 0 0 196581.1451 387047.1096 375306.6992 374910.9267 371447.555 370401.647 365664.0177 368161.9686 364774.9101 362943.6435 358497.3101 353468.8837 356273.0645 349440.2042 353534.6551 351482.8845 350064.4175 349833.2234 352777.3159 345815.5752 347620.5494 344528.6454 352209.3514 350907.5458 354799.0461 354862.9648 357794.0725 356582.6273 358799.6358 361940.2568 367476.925 367508.4696 373673.1834 370575.8592 370861.8267 366772.2205 386022.2506 195188.3697 0 0 0 0 0 0 0 0 0 0 0 0 0 0 0 0 0 0 0 0 0 0 0 0 0 0 0 0 0 0 0 
0 0 0 0 0 0 0 0 0 0 0 0 0 0 0 0 0 0 0 0 0 0 0 0 0 0 0 0 0 0 0 196607.372 389586.9739 376129.5984 377498.4135 376189.1127 374661.1538 370824.9771 370446.2822 366367.8104 365986.2978 362014.7813 361277.8717 351472.2825 354381.5179 359245.6699 355448.043 352971.7774 348749.164 351984.2059 354726.0798 353906.1381 351599.2701 352901.5346 358209.3813 354769.3747 360091.1638 361670.3272 362810.495 367588.8974 366650.5569 366984.119 372593.2759 371035.8787 375937.0157 377473.092 375206.8046 385158.9103 197978.3675 0 0 0 0 0 0 0 0 0 0 0 0 0 0 0 0 0 0 0 0 0 0 0 0 0 0 0 0 0 0 0 
0 0 0 0 0 0 0 0 0 0 0 0 0 0 0 0 0 0 0 0 0 0 0 0 0 0 0 0 0 0 0 194615.8363 393468.3125 381654.5327 380369.0267 379066.3414 381060.9296 376654.1531 372176.3096 372734.8195 366931.2202 366023.5066 358960.9723 362206.7327 361198.374 356601.5021 357531.9656 353537.1949 353805.7299 354318.1206 351191.969 353020.9712 353284.0594 359398.7817 355966.2893 357037.1357 364020.9916 361794.5441 369068.8303 371057.9929 370465.8629 376292.1865 377858.05 382766.6708 381016.8535 377665.3389 378563.8784 393681.0192 198645.8266 0 0 0 0 0 0 0 0 0 0 0 0 0 0 0 0 0 0 0 0 0 0 0 0 0 0 0 0 0 0 0 
0 0 0 0 0 0 0 0 0 0 0 0 0 0 0 0 0 0 0 0 0 0 0 0 0 0 0 0 0 0 0 203262.0511 396322.7818 383959.161 382565.8895 382964.3386 381146.4548 377251.6956 377978.3806 375116.8931 369079.0938 367897.9072 361718.8749 366115.637 363680.2766 363703.6507 359310.3857 361337.6236 360972.4512 354023.2057 360066.7399 361425.6974 357247.1571 359203.4865 356746.2961 365435.9205 361654.5728 364136.4747 367808.3569 372260.6869 374838.3136 375034.7046 382007.6246 380613.165 382065.5859 383952.3048 383259.4377 394642.6067 200987.2408 0 0 0 0 0 0 0 0 0 0 0 0 0 0 0 0 0 0 0 0 0 0 0 0 0 0 0 0 0 0 0 
0 0 0 0 0 0 0 0 0 0 0 0 0 0 0 0 0 0 0 0 0 0 0 0 0 0 0 0 0 0 0 203962.8655 396679.7628 386824.7577 386974.0684 381109.0787 383524.8082 379693.9331 376386.0942 376113.6444 374371.5713 371162.7177 371483.6937 367092.8168 367140.5362 364554.9777 361072.0018 361702.7849 356327.6332 359041.3612 356199.6948 360894.8306 362575.3595 363435.6574 359279.2067 369277.3965 364909.8353 369703.9784 375489.5747 376733.4551 372363.4773 380670.8073 378134.1627 381279.3608 382493.5683 385494.5774 387805.4462 401426.6689 203231.1505 0 0 0 0 0 0 0 0 0 0 0 0 0 0 0 0 0 0 0 0 0 0 0 0 0 0 0 0 0 0 0 
0 0 0 0 0 0 0 0 0 0 0 0 0 0 0 0 0 0 0 0 0 0 0 0 0 0 0 0 0 0 0 205086.2533 403239.8747 384823.2969 385057.2083 385578.2497 383293.8833 384252.5466 381932.4151 379730.1905 378774.3822 379703.8995 374979.5831 369740.7012 369818.3713 364190.6957 366863.6714 367264.8294 365775.3577 364956.3677 362607.693 364248.157 363394.2061 365790.072 370258.1639 364442.5109 371310.5439 371717.6667 372481.7782 373763.0093 382004.2033 381388.176 382364.6588 385410.3714 388481.2715 386134.2152 388863.3583 399037.4604 205241.9832 0 0 0 0 0 0 0 0 0 0 0 0 0 0 0 0 0 0 0 0 0 0 0 0 0 0 0 0 0 0 0 
0 0 0 0 0 0 0 0 0 0 0 0 0 0 0 0 0 0 0 0 0 0 0 0 0 0 0 0 0 0 0 204837.2182 403937.0001 393374.9556 390875.0837 396357.5995 391425.7591 386883.3247 388265.2351 382508.093 378848.479 378385.5854 373353.1197 376742.708 368994.8786 369801.9884 367733.2414 367618.4741 364335.0116 368376.3326 362977.4388 365595.2685 364994.2396 362865.1253 368998.2924 372374.1825 368786.4594 372939.2801 376106.7091 383421.8806 382343.809 381869.3427 390520.1956 389587.8515 389822.328 391424.652 390510.8601 396338.9568 203753.004 0 0 0 0 0 0 0 0 0 0 0 0 0 0 0 0 0 0 0 0 0 0 0 0 0 0 0 0 0 0 0 
0 0 0 0 0 0 0 0 0 0 0 0 0 0 0 0 0 0 0 0 0 0 0 0 0 0 0 0 0 0 0 207688.3521 403917.917 393424.708 396925.2419 392011.0887 391485.3058 389000.0395 392857.6872 384722.8851 381039.3026 377904.9881 376670.9464 377142.7344 373181.7477 368713.6316 368902.7223 372911.3997 369117.2054 372266.5486 362337.4281 367341.5758 372275.4298 370883.8565 370970.3351 376782.9942 374214.4273 377285.6654 379611.2888 382955.5078 387131.6334 387068.7795 387297.0859 391587.4256 390866.8967 393638.8236 397135.6839 401487.4567 201719.3096 0 0 0 0 0 0 0 0 0 0 0 0 0 0 0 0 0 0 0 0 0 0 0 0 0 0 0 0 0 0 0 
0 0 0 0 0 0 0 0 0 0 0 0 0 0 0 0 0 0 0 0 0 0 0 0 0 0 0 0 0 0 0 209623.3354 411530.9975 397258.9501 388735.6573 393732.5176 392236.2433 395512.9476 391604.6499 387539.6915 380938.1469 376694.8004 377707.9429 376358.2437 375076.5652 369069.3429 368822.2607 368274.0713 369128.5108 372863.7438 372077.0854 371217.9117 372808.2362 367420.2508 370974.2751 375478.1691 373961.1371 374521.9394 378951.0979 378302.9383 383811.5702 386343.8746 393751.5282 396713.9045 396026.0694 393766.1929 396855.6392 409052.4782 206826.9986 0 0 0 0 0 0 0 0 0 0 0 0 0 0 0 0 0 0 0 0 0 0 0 0 0 0 0 0 0 0 0 
0 0 0 0 0 0 0 0 0 0 0 0 0 0 0 0 0 0 0 0 0 0 0 0 0 0 0 0 0 0 0 204671.0861 404851.5174 402130.4211 395491.1241 394381.5987 397896.4217 388640.3982 383624.7296 384582.2932 381772.4932 381592.1471 378596.3513 375634.8795 378603.8291 371874.9866 371466.7559 368677.6536 370814.6889 367071.929 369463.6488 372181.1599 370922.8094 377085.2264 377167.4763 375847.9411 376170.6332 378621.4823 383433.5933 381248.1731 385945.7897 391014.1464 392034.46 395352.502 394645.2966 396821.6359 395650.5126 409870.0234 206144.5789 0 0 0 0 0 0 0 0 0 0 0 0 0 0 0 0 0 0 0 0 0 0 0 0 0 0 0 0 0 0 0 
0 0 0 0 0 0 0 0 0 0 0 0 0 0 0 0 0 0 0 0 0 0 0 0 0 0 0 0 0 0 0 208665.8521 405873.6992 400542.762 394132.2798 390362.3132 390486.6473 390958.1975 389089.7469 386638.9106 378424.4057 382006.9852 381517.6409 375402.2304 373181.3563 373747.065 373293.583 369321.3538 372396.8089 367448.7413 370494.4074 370834.7571 371656.3599 376962.5473 371752.4421 377475.2529 374282.0211 378862.3758 380130.4092 382345.7791 385678.4546 387527.2291 393774.6032 393836.7381 395801.7558 395543.1563 397177.5006 408604.0629 209322.5834 0 0 0 0 0 0 0 0 0 0 0 0 0 0 0 0 0 0 0 0 0 0 0 0 0 0 0 0 0 0 0 
0 0 0 0 0 0 0 0 0 0 0 0 0 0 0 0 0 0 0 0 0 0 0 0 0 0 0 0 0 0 0 209282.5757 410876.743 395657.0943 399540.4369 391244.2377 391466.5841 394572.5474 387684.4984 383702.6156 383176.7541 381241.5677 376749.2329 376793.8279 373711.3756 375276.5253 376872.8846 366457.0108 372080.4999 377068.8342 370015.9041 371676.744 373306.011 371087.3695 371220.7489 376459.5927 376755.3793 380772.4268 379950.1013 383657.6562 385377.5506 386391.6773 390746.9198 388325.3433 393416.3863 394133.6406 397724.5175 411259.2312 203059.6344 0 0 0 0 0 0 0 0 0 0 0 0 0 0 0 0 0 0 0 0 0 0 0 0 0 0 0 0 0 0 0 
0 0 0 0 0 0 0 0 0 0 0 0 0 0 0 0 0 0 0 0 0 0 0 0 0 0 0 0 0 0 0 208309.0462 407894.5906 397760.6072 393257.3722 398602.6791 395731.6774 387750.2979 388776.2841 385347.3109 384838.6665 380857.4185 377642.2297 375060.435 375990.8967 370172.5903 369453.5314 369790.2819 367523.2949 372658.6395 366529.2118 370981.8945 370180.7091 368699.543 374498.6573 373707.135 375776.7797 378390.5803 382912.6551 382291.0207 386813.9597 386677.2591 391002.3772 396334.9429 394712.5757 395109.9223 391586.0229 411766.996 205817.613 0 0 0 0 0 0 0 0 0 0 0 0 0 0 0 0 0 0 0 0 0 0 0 0 0 0 0 0 0 0 0 
0 0 0 0 0 0 0 0 0 0 0 0 0 0 0 0 0 0 0 0 0 0 0 0 0 0 0 0 0 0 0 205933.6571 404904.5764 398517.1752 392010.9848 393952.5454 397312.5612 385802.7925 393502.1413 389286.3645 383427.8644 382628.5578 379199.0184 372738.7038 372016.5018 369563.847 370940.8676 369960.3731 366808.7857 375369.7264 367661.4116 371864.5133 370392.4663 371020.8989 371976.8973 372614.8471 376616.1475 379349.7919 380312.817 384105.3383 384984.0295 389085.7454 393396.805 389869.6733 395954.7926 393042.1135 396908.6258 406885.2505 207834.8867 0 0 0 0 0 0 0 0 0 0 0 0 0 0 0 0 0 0 0 0 0 0 0 0 0 0 0 0 0 0 0 
0 0 0 0 0 0 0 0 0 0 0 0 0 0 0 0 0 0 0 0 0 0 0 0 0 0 0 0 0 0 0 205318.4475 408066.8741 399663.0075 393803.2274 396933.2472 392898.8849 387135.3762 389121.3873 384354.2066 386188.5551 380450.7985 376662.9193 377551.3329 371422.5737 370492.148 368280.1777 369086.2416 367749.2436 369177.0783 370238.742 370547.7516 369728.4203 370141.4081 374949.7302 377461.8415 378169.9235 379450.8148 380664.2654 385207.8618 386530.6434 387249.1162 386145.8657 393799.0439 391815.0356 394837.6768 396815.4046 408028.9984 206743.8462 0 0 0 0 0 0 0 0 0 0 0 0 0 0 0 0 0 0 0 0 0 0 0 0 0 0 0 0 0 0 0 
0 0 0 0 0 0 0 0 0 0 0 0 0 0 0 0 0 0 0 0 0 0 0 0 0 0 0 0 0 0 0 205415.3983 408638.6922 394851.475 390982.4288 393286.6598 390602.8849 390421.2875 386698.4821 386777.2681 380406.513 378775.7978 377477.3356 374024.6781 374031.2516 372407.7423 369678.6464 372797.6522 366764.8143 367462.1575 368081.4729 368312.7181 369190.5864 369654.4425 369587.1794 373933.4927 375677.6237 377082.4922 379929.17 384432.829 384670.346 385503.7935 388944.234 388672.2471 395393.5902 394781.708 396868.2644 409947.2467 202190.5153 0 0 0 0 0 0 0 0 0 0 0 0 0 0 0 0 0 0 0 0 0 0 0 0 0 0 0 0 0 0 0 
0 0 0 0 0 0 0 0 0 0 0 0 0 0 0 0 0 0 0 0 0 0 0 0 0 0 0 0 0 0 0 202799.8176 405860.9288 392471.1352 390096.5002 392756.823 395281.0031 384090.8614 381935.3541 380608.4562 377340.6937 374634.7904 374695.7055 373233.1908 375392.3561 371366.2981 367726.9081 367331.7836 368588.892 367906.9238 368355.3579 364049.9466 368536.4047 370416.8826 372115.9319 369837.9144 373338.4826 375521.807 375045.8697 384176.3923 383166.3683 386372.3369 386799.9606 390147.4483 388799.2421 391010.2308 393292.6673 410417.022 207136.8114 0 0 0 0 0 0 0 0 0 0 0 0 0 0 0 0 0 0 0 0 0 0 0 0 0 0 0 0 0 0 0 
0 0 0 0 0 0 0 0 0 0 0 0 0 0 0 0 0 0 0 0 0 0 0 0 0 0 0 0 0 0 0 108130.2658 213644.3727 210938.0047 209222.2037 206376.471 208954.0352 206893.9441 206035.1053 203794.1956 203560.9345 202012.4715 201338.1708 197315.4951 198217.8449 202308.063 198844.9097 194894.1591 195478.9553 193479.8006 194241.5427 198208.5484 195266.8956 194339.0047 195963.5696 197381.5461 196735.9257 200265.1885 203638.8519 203387.6228 205795.4724 204890.0631 208245.715 204737.8792 207866.0031 209256.288 208380.3941 217339.1167 108213.5888 0 0 0 0 0 0 0 0 0 0 0 0 0 0 0 0 0 0 0 0 0 0 0 0 0 0 0 0 0 0 0 
0 0 0 0 0 0 0 0 0 0 0 0 0 0 0 0 0 0 0 0 0 0 0 0 0 0 0 0 0 0 0 0 0 0 0 0 0 0 0 0 0 0 0 0 0 0 0 0 0 0 0 0 0 0 0 0 0 0 0 0 0 0 0 0 0 0 0 0 0 0 0 0 0 0 0 0 0 0 0 0 0 0 0 0 0 0 0 0 0 0 0 0 0 0 0 0 0 0 0 0 
0 0 0 0 0 0 0 0 0 0 0 0 0 0 0 0 0 0 0 0 0 0 0 0 0 0 0 0 0 0 0 0 0 0 0 0 0 0 0 0 0 0 0 0 0 0 0 0 0 0 0 0 0 0 0 0 0 0 0 0 0 0 0 0 0 0 0 0 0 0 0 0 0 0 0 0 0 0 0 0 0 0 0 0 0 0 0 0 0 0 0 0 0 0 0 0 0 0 0 0 
0 0 0 0 0 0 0 0 0 0 0 0 0 0 0 0 0 0 0 0 0 0 0 0 0 0 0 0 0 0 0 0 0 0 0 0 0 0 0 0 0 0 0 0 0 0 0 0 0 0 0 0 0 0 0 0 0 0 0 0 0 0 0 0 0 0 0 0 0 0 0 0 0 0 0 0 0 0 0 0 0 0 0 0 0 0 0 0 0 0 0 0 0 0 0 0 0 0 0 0 
0 0 0 0 0 0 0 0 0 0 0 0 0 0 0 0 0 0 0 0 0 0 0 0 0 0 0 0 0 0 0 0 0 0 0 0 0 0 0 0 0 0 0 0 0 0 0 0 0 0 0 0 0 0 0 0 0 0 0 0 0 0 0 0 0 0 0 0 0 0 0 0 0 0 0 0 0 0 0 0 0 0 0 0 0 0 0 0 0 0 0 0 0 0 0 0 0 0 0 0 
0 0 0 0 0 0 0 0 0 0 0 0 0 0 0 0 0 0 0 0 0 0 0 0 0 0 0 0 0 0 0 0 0 0 0 0 0 0 0 0 0 0 0 0 0 0 0 0 0 0 0 0 0 0 0 0 0 0 0 0 0 0 0 0 0 0 0 0 0 0 0 0 0 0 0 0 0 0 0 0 0 0 0 0 0 0 0 0 0 0 0 0 0 0 0 0 0 0 0 0 
0 0 0 0 0 0 0 0 0 0 0 0 0 0 0 0 0 0 0 0 0 0 0 0 0 0 0 0 0 0 0 0 0 0 0 0 0 0 0 0 0 0 0 0 0 0 0 0 0 0 0 0 0 0 0 0 0 0 0 0 0 0 0 0 0 0 0 0 0 0 0 0 0 0 0 0 0 0 0 0 0 0 0 0 0 0 0 0 0 0 0 0 0 0 0 0 0 0 0 0 
0 0 0 0 0 0 0 0 0 0 0 0 0 0 0 0 0 0 0 0 0 0 0 0 0 0 0 0 0 0 0 0 0 0 0 0 0 0 0 0 0 0 0 0 0 0 0 0 0 0 0 0 0 0 0 0 0 0 0 0 0 0 0 0 0 0 0 0 0 0 0 0 0 0 0 0 0 0 0 0 0 0 0 0 0 0 0 0 0 0 0 0 0 0 0 0 0 0 0 0 
0 0 0 0 0 0 0 0 0 0 0 0 0 0 0 0 0 0 0 0 0 0 0 0 0 0 0 0 0 0 0 0 0 0 0 0 0 0 0 0 0 0 0 0 0 0 0 0 0 0 0 0 0 0 0 0 0 0 0 0 0 0 0 0 0 0 0 0 0 0 0 0 0 0 0 0 0 0 0 0 0 0 0 0 0 0 0 0 0 0 0 0 0 0 0 0 0 0 0 0 
0 0 0 0 0 0 0 0 0 0 0 0 0 0 0 0 0 0 0 0 0 0 0 0 0 0 0 0 0 0 0 0 0 0 0 0 0 0 0 0 0 0 0 0 0 0 0 0 0 0 0 0 0 0 0 0 0 0 0 0 0 0 0 0 0 0 0 0 0 0 0 0 0 0 0 0 0 0 0 0 0 0 0 0 0 0 0 0 0 0 0 0 0 0 0 0 0 0 0 0 
0 0 0 0 0 0 0 0 0 0 0 0 0 0 0 0 0 0 0 0 0 0 0 0 0 0 0 0 0 0 0 0 0 0 0 0 0 0 0 0 0 0 0 0 0 0 0 0 0 0 0 0 0 0 0 0 0 0 0 0 0 0 0 0 0 0 0 0 0 0 0 0 0 0 0 0 0 0 0 0 0 0 0 0 0 0 0 0 0 0 0 0 0 0 0 0 0 0 0 0 
0 0 0 0 0 0 0 0 0 0 0 0 0 0 0 0 0 0 0 0 0 0 0 0 0 0 0 0 0 0 0 0 0 0 0 0 0 0 0 0 0 0 0 0 0 0 0 0 0 0 0 0 0 0 0 0 0 0 0 0 0 0 0 0 0 0 0 0 0 0 0 0 0 0 0 0 0 0 0 0 0 0 0 0 0 0 0 0 0 0 0 0 0 0 0 0 0 0 0 0 
0 0 0 0 0 0 0 0 0 0 0 0 0 0 0 0 0 0 0 0 0 0 0 0 0 0 0 0 0 0 0 0 0 0 0 0 0 0 0 0 0 0 0 0 0 0 0 0 0 0 0 0 0 0 0 0 0 0 0 0 0 0 0 0 0 0 0 0 0 0 0 0 0 0 0 0 0 0 0 0 0 0 0 0 0 0 0 0 0 0 0 0 0 0 0 0 0 0 0 0 
# Errors [EndOfInsertPSD/EndOfInsertPSD.dat] I_err:
0 0 0 0 0 0 0 0 0 0 0 0 0 0 0 0 0 0 0 0 0 0 0 0 0 0 0 0 0 0 0 0 0 0 0 0 0 0 0 0 0 0 0 0 0 0 0 0 0 0 0 0 0 0 0 0 0 0 0 0 0 0 0 0 0 0 0 0 0 0 0 0 0 0 0 0 0 0 0 0 0 0 0 0 0 0 0 0 0 0 0 0 0 0 0 0 0 0 0 0 
0 0 0 0 0 0 0 0 0 0 0 0 0 0 0 0 0 0 0 0 0 0 0 0 0 0 0 0 0 0 0 0 0 0 0 0 0 0 0 0 0 0 0 0 0 0 0 0 0 0 0 0 0 0 0 0 0 0 0 0 0 0 0 0 0 0 0 0 0 0 0 0 0 0 0 0 0 0 0 0 0 0 0 0 0 0 0 0 0 0 0 0 0 0 0 0 0 0 0 0 
0 0 0 0 0 0 0 0 0 0 0 0 0 0 0 0 0 0 0 0 0 0 0 0 0 0 0 0 0 0 0 0 0 0 0 0 0 0 0 0 0 0 0 0 0 0 0 0 0 0 0 0 0 0 0 0 0 0 0 0 0 0 0 0 0 0 0 0 0 0 0 0 0 0 0 0 0 0 0 0 0 0 0 0 0 0 0 0 0 0 0 0 0 0 0 0 0 0 0 0 
0 0 0 0 0 0 0 0 0 0 0 0 0 0 0 0 0 0 0 0 0 0 0 0 0 0 0 0 0 0 0 0 0 0 0 0 0 0 0 0 0 0 0 0 0 0 0 0 0 0 0 0 0 0 0 0 0 0 0 0 0 0 0 0 0 0 0 0 0 0 0 0 0 0 0 0 0 0 0 0 0 0 0 0 0 0 0 0 0 0 0 0 0 0 0 0 0 0 0 0 
0 0 0 0 0 0 0 0 0 0 0 0 0 0 0 0 0 0 0 0 0 0 0 0 0 0 0 0 0 0 0 0 0 0 0 0 0 0 0 0 0 0 0 0 0 0 0 0 0 0 0 0 0 0 0 0 0 0 0 0 0 0 0 0 0 0 0 0 0 0 0 0 0 0 0 0 0 0 0 0 0 0 0 0 0 0 0 0 0 0 0 0 0 0 0 0 0 0 0 0 
0 0 0 0 0 0 0 0 0 0 0 0 0 0 0 0 0 0 0 0 0 0 0 0 0 0 0 0 0 0 0 0 0 0 0 0 0 0 0 0 0 0 0 0 0 0 0 0 0 0 0 0 0 0 0 0 0 0 0 0 0 0 0 0 0 0 0 0 0 0 0 0 0 0 0 0 0 0 0 0 0 0 0 0 0 0 0 0 0 0 0 0 0 0 0 0 0 0 0 0 
0 0 0 0 0 0 0 0 0 0 0 0 0 0 0 0 0 0 0 0 0 0 0 0 0 0 0 0 0 0 0 0 0 0 0 0 0 0 0 0 0 0 0 0 0 0 0 0 0 0 0 0 0 0 0 0 0 0 0 0 0 0 0 0 0 0 0 0 0 0 0 0 0 0 0 0 0 0 0 0 0 0 0 0 0 0 0 0 0 0 0 0 0 0 0 0 0 0 0 0 
0 0 0 0 0 0 0 0 0 0 0 0 0 0 0 0 0 0 0 0 0 0 0 0 0 0 0 0 0 0 0 0 0 0 0 0 0 0 0 0 0 0 0 0 0 0 0 0 0 0 0 0 0 0 0 0 0 0 0 0 0 0 0 0 0 0 0 0 0 0 0 0 0 0 0 0 0 0 0 0 0 0 0 0 0 0 0 0 0 0 0 0 0 0 0 0 0 0 0 0 
0 0 0 0 0 0 0 0 0 0 0 0 0 0 0 0 0 0 0 0 0 0 0 0 0 0 0 0 0 0 0 0 0 0 0 0 0 0 0 0 0 0 0 0 0 0 0 0 0 0 0 0 0 0 0 0 0 0 0 0 0 0 0 0 0 0 0 0 0 0 0 0 0 0 0 0 0 0 0 0 0 0 0 0 0 0 0 0 0 0 0 0 0 0 0 0 0 0 0 0 
0 0 0 0 0 0 0 0 0 0 0 0 0 0 0 0 0 0 0 0 0 0 0 0 0 0 0 0 0 0 0 0 0 0 0 0 0 0 0 0 0 0 0 0 0 0 0 0 0 0 0 0 0 0 0 0 0 0 0 0 0 0 0 0 0 0 0 0 0 0 0 0 0 0 0 0 0 0 0 0 0 0 0 0 0 0 0 0 0 0 0 0 0 0 0 0 0 0 0 0 
0 0 0 0 0 0 0 0 0 0 0 0 0 0 0 0 0 0 0 0 0 0 0 0 0 0 0 0 0 0 0 0 0 0 0 0 0 0 0 0 0 0 0 0 0 0 0 0 0 0 0 0 0 0 0 0 0 0 0 0 0 0 0 0 0 0 0 0 0 0 0 0 0 0 0 0 0 0 0 0 0 0 0 0 0 0 0 0 0 0 0 0 0 0 0 0 0 0 0 0 
0 0 0 0 0 0 0 0 0 0 0 0 0 0 0 0 0 0 0 0 0 0 0 0 0 0 0 0 0 0 0 0 0 0 0 0 0 0 0 0 0 0 0 0 0 0 0 0 0 0 0 0 0 0 0 0 0 0 0 0 0 0 0 0 0 0 0 0 0 0 0 0 0 0 0 0 0 0 0 0 0 0 0 0 0 0 0 0 0 0 0 0 0 0 0 0 0 0 0 0 
0 0 0 0 0 0 0 0 0 0 0 0 0 0 0 0 0 0 0 0 0 0 0 0 0 0 0 0 0 0 0 1290.238709 1813.051236 1788.577066 1787.35094 1789.537523 1773.278017 1766.187107 1772.636988 1733.506367 1751.938273 1730.877936 1722.165425 1723.4719 1704.503603 1693.610628 1696.759334 1697.929938 1691.063579 1688.425363 1695.125331 1701.622267 1702.428044 1705.137109 1706.828484 1694.086173 1717.798543 1725.771268 1728.521215 1743.077366 1749.982611 1759.613388 1768.092928 1779.974595 1775.021758 1778.678898 1798.110807 1809.16457 1284.556646 0 0 0 0 0 0 0 0 0 0 0 0 0 0 0 0 0 0 0 0 0 0 0 0 0 0 0 0 0 0 0 
0 0 0 0 0 0 0 0 0 0 0 0 0 0 0 0 0 0 0 0 0 0 0 0 0 0 0 0 0 0 0 1771.551312 2494.709279 2442.102839 2445.6665 2446.051112 2438.1375 2429.091692 2413.014757 2400.111956 2389.907885 2380.546487 2360.802635 2357.002507 2345.428294 2334.827552 2328.17597 2342.52862 2325.54393 2321.548184 2329.252018 2325.590183 2327.168587 2330.543637 2343.032607 2337.540174 2366.258405 2365.259871 2374.825317 2397.375007 2412.21717 2423.570974 2429.966991 2438.486895 2440.836474 2452.07675 2444.612716 2474.567194 1749.390213 0 0 0 0 0 0 0 0 0 0 0 0 0 0 0 0 0 0 0 0 0 0 0 0 0 0 0 0 0 0 0 
0 0 0 0 0 0 0 0 0 0 0 0 0 0 0 0 0 0 0 0 0 0 0 0 0 0 0 0 0 0 0 1758.068869 2489.067527 2444.807817 2440.910976 2442.607186 2420.455405 2424.339378 2407.151052 2382.257124 2381.27141 2360.331301 2356.653902 2352.027683 2347.72876 2336.416111 2332.538294 2329.823901 2320.280043 2311.904045 2310.847836 2317.089456 2320.951788 2328.423425 2340.098201 2351.457912 2348.337166 2376.424936 2377.681925 2373.195434 2392.58076 2423.351843 2425.234605 2431.215247 2426.835907 2426.671211 2445.146764 2491.797878 1752.942568 0 0 0 0 0 0 0 0 0 0 0 0 0 0 0 0 0 0 0 0 0 0 0 0 0 0 0 0 0 0 0 
0 0 0 0 0 0 0 0 0 0 0 0 0 0 0 0 0 0 0 0 0 0 0 0 0 0 0 0 0 0 0 1752.308674 2476.016275 2445.231687 2434.453864 2428.215529 2403.702452 2428.315194 2410.227714 2389.001621 2377.923577 2371.917319 2366.108633 2347.676548 2325.848337 2342.468383 2334.673129 2316.890515 2322.927317 2322.407283 2324.008842 2309.026997 2318.110132 2323.526385 2323.849646 2341.796737 2342.306715 2348.445366 2374.313001 2382.421752 2392.744099 2397.988386 2417.335964 2412.870753 2429.077152 2430.371982 2452.1497 2474.082266 1757.59425 0 0 0 0 0 0 0 0 0 0 0 0 0 0 0 0 0 0 0 0 0 0 0 0 0 0 0 0 0 0 0 
0 0 0 0 0 0 0 0 0 0 0 0 0 0 0 0 0 0 0 0 0 0 0 0 0 0 0 0 0 0 0 1768.372633 2485.32275 2440.9912 2439.44096 2418.446806 2412.141373 2405.48414 2407.566017 2401.583766 2388.744399 2365.779532 2345.554523 2343.816538 2333.598399 2338.824386 2307.277016 2314.758555 2312.024875 2314.543365 2317.665926 2317.86311 2329.685855 2318.732971 2327.618416 2330.888313 2345.224596 2362.308691 2366.352872 2390.488319 2401.308626 2409.945759 2406.034177 2434.668782 2439.84227 2434.147962 2431.424577 2466.237971 1764.685389 0 0 0 0 0 0 0 0 0 0 0 0 0 0 0 0 0 0 0 0 0 0 0 0 0 0 0 0 0 0 0 
0 0 0 0 0 0 0 0 0 0 0 0 0 0 0 0 0 0 0 0 0 0 0 0 0 0 0 0 0 0 0 1750.213965 2459.908948 2441.978615 2425.014231 2423.200346 2421.356874 2403.690352 2389.844769 2383.587409 2384.731069 2362.338002 2358.353727 2321.512864 2338.9817 2314.935109 2314.597719 2312.904235 2301.832309 2310.195763 2299.807352 2306.810933 2298.165018 2312.473541 2329.407962 2333.978367 2338.548296 2350.250689 2358.707625 2363.964438 2386.626017 2411.469908 2417.404647 2410.094577 2426.927284 2427.948503 2436.537183 2456.259692 1753.325367 0 0 0 0 0 0 0 0 0 0 0 0 0 0 0 0 0 0 0 0 0 0 0 0 0 0 0 0 0 0 0 
0 0 0 0 0 0 0 0 0 0 0 0 0 0 0 0 0 0 0 0 0 0 0 0 0 0 0 0 0 0 0 1738.437219 2463.809999 2434.159189 2432.216818 2424.084455 2414.65313 2409.204834 2381.869623 2378.303109 2363.313247 2353.496446 2346.525339 2340.143388 2328.922566 2298.29359 2321.71524 2317.050752 2310.88653 2305.736346 2312.724901 2297.873513 2299.068541 2309.697434 2313.052637 2333.358644 2351.404196 2356.498851 2357.902143 2364.438184 2383.665389 2403.879347 2399.353133 2424.919847 2416.864308 2416.763276 2443.717373 2461.4908 1753.596427 0 0 0 0 0 0 0 0 0 0 0 0 0 0 0 0 0 0 0 0 0 0 0 0 0 0 0 0 0 0 0 
0 0 0 0 0 0 0 0 0 0 0 0 0 0 0 0 0 0 0 0 0 0 0 0 0 0 0 0 0 0 0 1733.319652 2455.515019 2430.6378 2410.221684 2425.222019 2404.834487 2401.534362 2383.78812 2381.554305 2369.562856 2363.299225 2343.490064 2332.526868 2311.026397 2308.703977 2306.930474 2302.988978 2301.811152 2319.298818 2300.561009 2315.907941 2311.117843 2305.534352 2326.455028 2313.806201 2342.847296 2338.507693 2361.841915 2371.135662 2371.348538 2382.799093 2394.954333 2413.133363 2419.723342 2426.599485 2425.205201 2468.622368 1741.164909 0 0 0 0 0 0 0 0 0 0 0 0 0 0 0 0 0 0 0 0 0 0 0 0 0 0 0 0 0 0 0 
0 0 0 0 0 0 0 0 0 0 0 0 0 0 0 0 0 0 0 0 0 0 0 0 0 0 0 0 0 0 0 1738.979539 2466.75824 2424.218669 2430.147264 2411.823787 2395.820326 2397.051532 2383.281118 2370.275514 2362.122421 2365.831662 2345.595692 2336.961853 2327.681522 2313.314423 2301.30417 2304.663994 2292.177636 2302.410671 2296.293768 2293.06091 2317.024468 2300.733143 2336.67303 2321.151023 2316.111259 2337.075363 2354.077085 2371.503734 2378.084834 2387.123929 2404.091633 2403.503446 2409.073351 2423.914605 2427.018076 2449.496586 1738.590549 0 0 0 0 0 0 0 0 0 0 0 0 0 0 0 0 0 0 0 0 0 0 0 0 0 0 0 0 0 0 0 
0 0 0 0 0 0 0 0 0 0 0 0 0 0 0 0 0 0 0 0 0 0 0 0 0 0 0 0 0 0 0 1731.968576 2467.512248 2426.847619 2408.869429 2402.591893 2417.225323 2383.262264 2382.415922 2363.231128 2364.549787 2350.254006 2332.416868 2318.381182 2310.368714 2302.40576 2304.235633 2295.349571 2291.993611 2291.637302 2291.039467 2278.616998 2310.292659 2308.529513 2310.533622 2310.340275 2331.526574 2347.933966 2340.676741 2362.488363 2379.294643 2384.391591 2403.142566 2398.137561 2409.334568 2418.463105 2426.740216 2442.522413 1740.783616 0 0 0 0 0 0 0 0 0 0 0 0 0 0 0 0 0 0 0 0 0 0 0 0 0 0 0 0 0 0 0 
0 0 0 0 0 0 0 0 0 0 0 0 0 0 0 0 0 0 0 0 0 0 0 0 0 0 0 0 0 0 0 1737.558194 2442.174475 2408.585426 2407.073008 2400.729183 2401.899729 2392.395464 2378.95136 2374.171303 2346.905971 2337.077191 2340.465455 2332.886797 2303.93446 2301.890619 2295.003049 2293.70273 2286.036899 2296.176144 2290.68702 2283.959984 2286.268704 2303.821157 2295.523402 2300.908621 2310.830315 2327.489257 2347.941914 2347.251191 2363.566162 2366.699278 2385.764723 2397.920811 2407.283792 2410.382161 2409.485881 2459.53307 1720.144404 0 0 0 0 0 0 0 0 0 0 0 0 0 0 0 0 0 0 0 0 0 0 0 0 0 0 0 0 0 0 0 
0 0 0 0 0 0 0 0 0 0 0 0 0 0 0 0 0 0 0 0 0 0 0 0 0 0 0 0 0 0 0 1731.240507 2434.462344 2413.934533 2397.234601 2384.1799 2396.759135 2389.996949 2364.493872 2352.450028 2344.096027 2339.554222 2327.544237 2317.728618 2297.130103 2270.03835 2267.949156 2275.820898 2274.086308 2283.611555 2265.605696 2289.404022 2284.444174 2287.886624 2283.502909 2299.31638 2305.787438 2321.960309 2324.190149 2336.3799 2355.225855 2370.693987 2378.031536 2392.440932 2411.207604 2399.887495 2416.902852 2427.493939 1731.155525 0 0 0 0 0 0 0 0 0 0 0 0 0 0 0 0 0 0 0 0 0 0 0 0 0 0 0 0 0 0 0 
0 0 0 0 0 0 0 0 0 0 0 0 0 0 0 0 0 0 0 0 0 0 0 0 0 0 0 0 0 0 0 1723.347792 2409.865518 2402.769012 2379.481155 2380.228002 2381.86655 2358.912216 2346.782445 2341.326978 2321.344775 2317.468622 2312.880187 2298.235283 2292.072979 2292.030881 2273.881529 2268.253696 2256.931342 2266.002306 2273.14938 2277.810969 2280.577643 2273.113321 2279.965126 2294.178767 2309.45838 2300.167318 2319.684103 2327.12902 2352.715933 2346.061439 2375.945952 2368.898595 2382.437488 2385.685568 2400.845957 2425.091626 1738.990015 0 0 0 0 0 0 0 0 0 0 0 0 0 0 0 0 0 0 0 0 0 0 0 0 0 0 0 0 0 0 0 
0 0 0 0 0 0 0 0 0 0 0 0 0 0 0 0 0 0 0 0 0 0 0 0 0 0 0 0 0 0 0 1719.393403 2412.563435 2367.319582 2389.940558 2371.269941 2363.036032 2350.843098 2348.371218 2323.219022 2319.925815 2317.140013 2300.479323 2280.879328 2282.123339 2264.220894 2268.505454 2261.270284 2259.510179 2252.742974 2259.061431 2257.443779 2258.189577 2256.303316 2275.36833 2288.012649 2278.608823 2286.384441 2309.17335 2320.390435 2341.714129 2347.987327 2358.949788 2350.487801 2372.872637 2375.196005 2382.974872 2412.884683 1712.678644 0 0 0 0 0 0 0 0 0 0 0 0 0 0 0 0 0 0 0 0 0 0 0 0 0 0 0 0 0 0 0 
0 0 0 0 0 0 0 0 0 0 0 0 0 0 0 0 0 0 0 0 0 0 0 0 0 0 0 0 0 0 0 1709.304776 2408.84654 2363.709446 2367.424202 2355.22655 2352.122892 2347.411508 2339.151469 2322.356041 2315.808255 2306.031568 2277.605541 2288.637551 2264.188137 2264.789076 2252.988595 2248.793377 2248.80709 2250.342942 2246.089941 2257.576714 2245.336787 2249.697286 2266.662982 2277.042243 2275.143748 2291.376332 2308.536609 2309.372382 2314.828525 2322.4652 2338.844166 2354.165571 2359.583291 2368.995641 2362.615656 2403.416758 1708.334071 0 0 0 0 0 0 0 0 0 0 0 0 0 0 0 0 0 0 0 0 0 0 0 0 0 0 0 0 0 0 0 
0 0 0 0 0 0 0 0 0 0 0 0 0 0 0 0 0 0 0 0 0 0 0 0 0 0 0 0 0 0 0 1691.404299 2394.039348 2366.54195 2346.375223 2340.971144 2329.135335 2328.287517 2323.598912 2308.585763 2297.961251 2283.663298 2279.563117 2263.988511 2246.39926 2236.946784 2250.594144 2241.823537 2242.491189 2232.005523 2229.928973 2240.426103 2235.708724 2246.664805 2246.55847 2243.156572 2253.852055 2273.662965 2282.152869 2304.742698 2306.218277 2304.081859 2328.540198 2339.678073 2353.779835 2343.803992 2344.788342 2381.825491 1700.544745 0 0 0 0 0 0 0 0 0 0 0 0 0 0 0 0 0 0 0 0 0 0 0 0 0 0 0 0 0 0 0 
0 0 0 0 0 0 0 0 0 0 0 0 0 0 0 0 0 0 0 0 0 0 0 0 0 0 0 0 0 0 0 1666.710651 2365.010006 2348.86978 2333.548866 2334.272976 2316.634795 2312.980057 2306.169799 2290.8896 2294.005099 2282.177953 2259.778262 2264.706607 2244.404803 2229.953962 2237.764527 2211.136799 2215.314625 2209.77414 2213.739074 2231.042971 2237.006438 2250.773649 2234.271891 2236.409647 2261.367906 2268.064556 2269.435569 2278.915312 2286.479842 2299.413648 2326.67534 2326.2506 2344.520019 2346.44988 2346.435514 2371.992091 1693.2769 0 0 0 0 0 0 0 0 0 0 0 0 0 0 0 0 0 0 0 0 0 0 0 0 0 0 0 0 0 0 0 
0 0 0 0 0 0 0 0 0 0 0 0 0 0 0 0 0 0 0 0 0 0 0 0 0 0 0 0 0 0 0 1671.860772 2368.803441 2323.726906 2328.986965 2323.297511 2317.315642 2304.737787 2293.406362 2295.895627 2274.674711 2251.480597 2259.547229 2243.12391 2242.571815 2219.647555 2215.615322 2212.877375 2214.189509 2203.561478 2211.427077 2217.001425 2216.584543 2214.029036 2226.400477 2224.26803 2229.110164 2256.07054 2257.03759 2272.374579 2280.709384 2298.70884 2285.113247 2295.36433 2331.780501 2322.83202 2319.332939 2382.484435 1681.459776 0 0 0 0 0 0 0 0 0 0 0 0 0 0 0 0 0 0 0 0 0 0 0 0 0 0 0 0 0 0 0 
0 0 0 0 0 0 0 0 0 0 0 0 0 0 0 0 0 0 0 0 0 0 0 0 0 0 0 0 0 0 0 1668.760031 2345.046243 2318.196997 2309.436547 2302.792223 2309.228898 2278.127535 2284.806744 2272.991699 2265.477772 2249.604829 2234.572651 2230.822912 2229.567503 2214.418071 2205.970895 2204.643385 2206.001944 2198.997526 2201.604768 2203.394978 2190.912289 2199.085646 2207.645789 2222.582014 2234.420374 2241.331678 2241.993841 2258.313715 2262.139936 2283.958741 2297.017795 2301.189028 2317.888616 2304.24359 2325.083251 2335.622233 1661.815074 0 0 0 0 0 0 0 0 0 0 0 0 0 0 0 0 0 0 0 0 0 0 0 0 0 0 0 0 0 0 0 
0 0 0 0 0 0 0 0 0 0 0 0 0 0 0 0 0 0 0 0 0 0 0 0 0 0 0 0 0 0 0 1662.547176 2340.418471 2304.861087 2303.57319 2292.413908 2288.495966 2284.658569 2255.712244 2259.889422 2245.439231 2219.769754 2231.854656 2219.585322 2213.878505 2204.478071 2199.27937 2195.959284 2169.568281 2198.047826 2189.080583 2175.064852 2179.817802 2191.085321 2190.558371 2200.00622 2222.075319 2232.144572 2231.057984 2240.843608 2263.091004 2271.747277 2271.84815 2289.149643 2289.344814 2308.831863 2312.838672 2334.563066 1660.203172 0 0 0 0 0 0 0 0 0 0 0 0 0 0 0 0 0 0 0 0 0 0 0 0 0 0 0 0 0 0 0 
0 0 0 0 0 0 0 0 0 0 0 0 0 0 0 0 0 0 0 0 0 0 0 0 0 0 0 0 0 0 0 1664.957749 2328.010712 2298.824437 2294.367452 2283.183511 2277.927034 2248.327725 2273.121026 2247.890217 2236.313444 2224.562779 2201.990211 2210.34764 2203.635098 2189.839712 2197.424248 2181.624375 2176.129971 2177.695782 2183.844119 2177.266763 2184.410333 2190.638875 2190.464203 2194.974153 2217.702521 2214.937997 2224.220708 2245.60289 2241.472375 2242.409989 2263.840527 2277.866891 2290.570177 2289.110949 2288.401704 2319.755427 1646.811952 0 0 0 0 0 0 0 0 0 0 0 0 0 0 0 0 0 0 0 0 0 0 0 0 0 0 0 0 0 0 0 
0 0 0 0 0 0 0 0 0 0 0 0 0 0 0 0 0 0 0 0 0 0 0 0 0 0 0 0 0 0 0 1643.68599 2319.807636 2285.562714 2280.553176 2269.305131 2263.997443 2251.256102 2253.348433 2241.492236 2221.38192 2189.25348 2203.360965 2182.751351 2182.943269 2181.55096 2171.160468 2168.804815 2152.789565 2159.659396 2156.595387 2161.70072 2145.494142 2170.525433 2171.166224 2179.630721 2195.739062 2203.988061 2221.716354 2231.820747 2240.613331 2227.947338 2249.906471 2267.865822 2267.029591 2275.621085 2288.857458 2293.041121 1634.710697 0 0 0 0 0 0 0 0 0 0 0 0 0 0 0 0 0 0 0 0 0 0 0 0 0 0 0 0 0 0 0 
0 0 0 0 0 0 0 0 0 0 0 0 0 0 0 0 0 0 0 0 0 0 0 0 0 0 0 0 0 0 0 1643.757553 2309.184268 2275.412748 2255.693145 2259.695427 2239.815672 2244.87426 2239.29562 2212.185837 2195.81605 2191.017615 2189.123404 2171.80609 2147.482945 2158.017548 2158.616072 2155.202346 2135.500932 2145.119672 2144.823041 2155.524766 2151.21815 2155.616173 2147.408259 2169.150337 2177.799245 2188.756836 2197.239274 2211.659507 2211.94605 2234.055416 2227.944984 2256.05684 2259.435237 2257.095631 2260.759784 2311.890013 1612.55379 0 0 0 0 0 0 0 0 0 0 0 0 0 0 0 0 0 0 0 0 0 0 0 0 0 0 0 0 0 0 0 
0 0 0 0 0 0 0 0 0 0 0 0 0 0 0 0 0 0 0 0 0 0 0 0 0 0 0 0 0 0 0 1635.007862 2275.525993 2258.567287 2250.322594 2246.078798 2224.603442 2217.704459 2215.931896 2208.878974 2195.677004 2188.290754 2172.586243 2168.738916 2144.383017 2145.893677 2138.288694 2140.064441 2133.993816 2137.133747 2131.736379 2141.233301 2147.750243 2151.461076 2148.814478 2148.906046 2164.053946 2179.413701 2179.41288 2185.69112 2203.275068 2211.099251 2218.988571 2231.226222 2226.362874 2246.564264 2249.602732 2278.276739 1627.681839 0 0 0 0 0 0 0 0 0 0 0 0 0 0 0 0 0 0 0 0 0 0 0 0 0 0 0 0 0 0 0 
0 0 0 0 0 0 0 0 0 0 0 0 0 0 0 0 0 0 0 0 0 0 0 0 0 0 0 0 0 0 0 1605.952673 2264.58068 2231.232244 2230.850298 2223.755183 2218.072159 2212.912064 2201.40202 2187.920189 2183.924643 2169.662225 2156.071585 2141.841182 2154.643114 2141.57946 2128.475239 2118.381487 2132.727105 2119.605123 2119.656198 2122.970146 2112.013237 2118.991424 2136.090824 2132.162206 2154.890785 2157.170133 2161.471213 2168.567334 2183.076142 2201.148746 2222.300143 2211.745566 2234.53748 2240.885737 2234.266552 2261.332846 1605.691704 0 0 0 0 0 0 0 0 0 0 0 0 0 0 0 0 0 0 0 0 0 0 0 0 0 0 0 0 0 0 0 
0 0 0 0 0 0 0 0 0 0 0 0 0 0 0 0 0 0 0 0 0 0 0 0 0 0 0 0 0 0 0 1596.463211 2245.307666 2233.429741 2229.451165 2206.551896 2188.138259 2201.719428 2195.445406 2171.025994 2155.566053 2151.625512 2147.420258 2143.077219 2117.241725 2111.552719 2108.503084 2130.853113 2099.945719 2119.706683 2106.49904 2118.673229 2111.077433 2104.584553 2108.720479 2131.507036 2136.995835 2143.510702 2159.73997 2171.618724 2175.189698 2185.77145 2191.815369 2209.271488 2215.21491 2216.444574 2223.588762 2267.557713 1593.139445 0 0 0 0 0 0 0 0 0 0 0 0 0 0 0 0 0 0 0 0 0 0 0 0 0 0 0 0 0 0 0 
0 0 0 0 0 0 0 0 0 0 0 0 0 0 0 0 0 0 0 0 0 0 0 0 0 0 0 0 0 0 0 1594.558784 2260.43894 2210.176863 2200.638672 2203.69823 2198.688948 2196.974457 2186.605699 2163.533237 2148.873723 2133.212437 2120.915917 2121.815955 2118.553867 2110.292964 2113.539697 2109.791248 2102.252092 2091.56921 2101.55881 2091.326289 2114.555762 2110.524029 2121.30209 2115.437746 2133.695916 2142.640069 2148.337323 2157.261221 2171.38028 2170.422063 2207.963867 2204.246172 2210.102076 2208.661017 2213.39998 2245.338172 1588.348365 0 0 0 0 0 0 0 0 0 0 0 0 0 0 0 0 0 0 0 0 0 0 0 0 0 0 0 0 0 0 0 
0 0 0 0 0 0 0 0 0 0 0 0 0 0 0 0 0 0 0 0 0 0 0 0 0 0 0 0 0 0 0 1582.105909 2231.097827 2205.467954 2219.474549 2187.801171 2184.778938 2165.595467 2172.945569 2158.972283 2163.663888 2137.016887 2131.099924 2115.604907 2114.568887 2105.126424 2100.691206 2096.680792 2098.324187 2088.796369 2084.097241 2096.283994 2091.456898 2098.696993 2110.329736 2102.350683 2119.260385 2125.583591 2150.306437 2153.527858 2162.983619 2187.293389 2171.543298 2184.070187 2194.037385 2194.967114 2210.50124 2242.224026 1589.645216 0 0 0 0 0 0 0 0 0 0 0 0 0 0 0 0 0 0 0 0 0 0 0 0 0 0 0 0 0 0 0 
0 0 0 0 0 0 0 0 0 0 0 0 0 0 0 0 0 0 0 0 0 0 0 0 0 0 0 0 0 0 0 1570.323452 2230.817218 2197.4798 2193.910399 2194.728278 2190.988468 2184.406146 2175.669686 2166.552691 2147.748109 2132.942082 2126.565393 2122.007662 2106.601269 2094.336564 2088.567501 2093.871323 2082.016695 2088.620537 2092.317196 2074.950317 2083.019624 2098.209999 2109.354147 2107.309516 2115.404824 2116.627424 2134.285689 2147.202176 2169.205814 2156.281026 2180.094129 2184.89813 2193.543867 2203.264458 2209.526113 2232.871307 1592.223691 0 0 0 0 0 0 0 0 0 0 0 0 0 0 0 0 0 0 0 0 0 0 0 0 0 0 0 0 0 0 0 
0 0 0 0 0 0 0 0 0 0 0 0 0 0 0 0 0 0 0 0 0 0 0 0 0 0 0 0 0 0 0 1577.770038 2210.212509 2202.195369 2194.209267 2189.894032 2185.43906 2166.988207 2157.837671 2158.930045 2135.469645 2137.751895 2124.886594 2114.201048 2096.254981 2108.922389 2099.704724 2080.089395 2067.380076 2078.80833 2086.253138 2075.321121 2087.672304 2101.066547 2095.842485 2101.022156 2110.076335 2106.64337 2125.400727 2152.179931 2149.493701 2172.145968 2174.596848 2176.212775 2190.28939 2204.09156 2204.570461 2233.569167 1583.142545 0 0 0 0 0 0 0 0 0 0 0 0 0 0 0 0 0 0 0 0 0 0 0 0 0 0 0 0 0 0 0 
0 0 0 0 0 0 0 0 0 0 0 0 0 0 0 0 0 0 0 0 0 0 0 0 0 0 0 0 0 0 0 1578.837413 2218.367382 2186.374287 2187.22376 2178.719282 2187.75969 2172.551277 2162.445003 2143.699106 2138.31253 2133.34751 2127.458507 2123.341348 2094.359624 2095.298475 2083.415539 2082.553091 2071.787585 2077.009734 2083.158863 2078.275695 2075.263517 2080.433532 2093.868829 2103.916086 2104.289363 2134.020863 2128.65896 2143.978586 2152.008552 2166.394362 2173.864832 2180.832639 2179.300983 2188.832241 2168.395649 2222.404362 1587.027665 0 0 0 0 0 0 0 0 0 0 0 0 0 0 0 0 0 0 0 0 0 0 0 0 0 0 0 0 0 0 0 
0 0 0 0 0 0 0 0 0 0 0 0 0 0 0 0 0 0 0 0 0 0 0 0 0 0 0 0 0 0 0 1579.645291 2214.639459 2204.989123 2206.914781 2187.108607 2181.37042 2169.058603 2159.699556 2145.713235 2139.745892 2134.891178 2111.270962 2125.069952 2104.032311 2087.270905 2084.98288 2076.345114 2084.298559 2085.438093 2077.589385 2085.227111 2085.585129 2086.826443 2090.210433 2100.506012 2109.887919 2125.033122 2111.294582 2146.062216 2140.251349 2167.804166 2157.624928 2171.118374 2188.195767 2186.844154 2192.346913 2220.481966 1589.120095 0 0 0 0 0 0 0 0 0 0 0 0 0 0 0 0 0 0 0 0 0 0 0 0 0 0 0 0 0 0 0 
0 0 0 0 0 0 0 0 0 0 0 0 0 0 0 0 0 0 0 0 0 0 0 0 0 0 0 0 0 0 0 1586.156087 2215.876359 2213.618658 2205.087723 2196.853708 2192.637822 2171.974949 2162.706227 2155.730997 2135.43339 2125.267893 2111.757015 2112.097581 2116.960247 2106.099643 2094.455729 2079.977401 2080.077115 2082.136553 2079.831828 2095.509011 2088.913244 2092.541702 2103.203227 2097.642006 2110.455514 2122.59366 2132.508482 2142.698661 2159.426267 2158.440967 2162.66507 2187.360794 2190.766989 2186.701276 2197.963307 2214.764553 1572.923551 0 0 0 0 0 0 0 0 0 0 0 0 0 0 0 0 0 0 0 0 0 0 0 0 0 0 0 0 0 0 0 
0 0 0 0 0 0 0 0 0 0 0 0 0 0 0 0 0 0 0 0 0 0 0 0 0 0 0 0 0 0 0 1590.526461 2230.948573 2207.223561 2209.637577 2179.974697 2193.159856 2188.415912 2179.606009 2166.004318 2160.714194 2136.976873 2142.261447 2117.07142 2110.550239 2129.895977 2103.738782 2102.005491 2088.980668 2102.826608 2102.456033 2097.157466 2090.591824 2093.11998 2119.325346 2116.478999 2122.875066 2137.833837 2150.94971 2151.978111 2165.008099 2174.416069 2190.879799 2197.976571 2192.94992 2215.641839 2218.894816 2246.376425 1599.909862 0 0 0 0 0 0 0 0 0 0 0 0 0 0 0 0 0 0 0 0 0 0 0 0 0 0 0 0 0 0 0 
0 0 0 0 0 0 0 0 0 0 0 0 0 0 0 0 0 0 0 0 0 0 0 0 0 0 0 0 0 0 0 1595.679385 2252.250997 2227.181881 2218.844039 2217.753018 2190.032269 2183.168979 2184.914179 2169.193237 2169.948237 2144.329093 2137.127031 2129.666651 2115.536868 2119.250292 2110.696647 2090.362958 2111.038469 2116.579443 2110.606543 2110.245939 2103.750973 2113.15859 2116.799242 2117.472169 2138.630331 2136.079945 2141.106254 2164.032199 2189.474586 2181.36289 2199.241772 2209.771655 2217.35364 2219.027266 2221.187825 2255.011806 1600.162538 0 0 0 0 0 0 0 0 0 0 0 0 0 0 0 0 0 0 0 0 0 0 0 0 0 0 0 0 0 0 0 
0 0 0 0 0 0 0 0 0 0 0 0 0 0 0 0 0 0 0 0 0 0 0 0 0 0 0 0 0 0 0 1596.275007 2257.726358 2242.868231 2212.965688 2232.571935 2219.891649 2209.416112 2205.4471 2207.286488 2191.512316 2155.13616 2158.527138 2140.491796 2146.033739 2131.014957 2122.193168 2124.030015 2112.115785 2112.174652 2117.642221 2104.541868 2136.540626 2116.731857 2133.291139 2143.813427 2140.613576 2160.798326 2177.295675 2176.829576 2191.466763 2200.76423 2206.594893 2215.925936 2215.917354 2231.940676 2240.44671 2266.159469 1621.67901 0 0 0 0 0 0 0 0 0 0 0 0 0 0 0 0 0 0 0 0 0 0 0 0 0 0 0 0 0 0 0 
0 0 0 0 0 0 0 0 0 0 0 0 0 0 0 0 0 0 0 0 0 0 0 0 0 0 0 0 0 0 0 1616.709318 2279.332014 2242.185834 2239.393445 2230.377241 2228.323557 2215.00938 2212.182097 2201.368949 2182.072653 2180.206209 2170.347952 2157.362578 2144.534335 2130.176773 2141.82425 2122.779858 2127.951421 2131.45666 2122.747851 2128.408022 2128.491118 2132.766508 2142.591122 2146.444971 2144.221857 2160.822905 2179.964506 2189.259534 2192.138807 2204.292964 2231.254504 2217.905512 2242.743595 2230.259119 2250.189877 2287.295828 1617.29323 0 0 0 0 0 0 0 0 0 0 0 0 0 0 0 0 0 0 0 0 0 0 0 0 0 0 0 0 0 0 0 
0 0 0 0 0 0 0 0 0 0 0 0 0 0 0 0 0 0 0 0 0 0 0 0 0 0 0 0 0 0 0 1619.1743 2274.738022 2246.400121 2251.295244 2234.003706 2226.453628 2215.116291 2223.000736 2197.460417 2181.662868 2187.047218 2185.414111 2161.057214 2152.314498 2138.502391 2144.86359 2140.576276 2140.50089 2128.628037 2128.142894 2149.850284 2130.341379 2140.009794 2140.11873 2150.833972 2158.826493 2176.981273 2174.128473 2193.360717 2202.933795 2225.329017 2231.031843 2227.551153 2242.098085 2247.560125 2251.390784 2273.088913 1598.14298 0 0 0 0 0 0 0 0 0 0 0 0 0 0 0 0 0 0 0 0 0 0 0 0 0 0 0 0 0 0 0 
0 0 0 0 0 0 0 0 0 0 0 0 0 0 0 0 0 0 0 0 0 0 0 0 0 0 0 0 0 0 0 1619.668968 2266.324089 2267.916209 2238.112696 2242.446248 2245.693322 2221.522818 2212.774437 2196.919299 2201.499456 2171.995405 2155.407367 2149.68299 2157.610192 2164.074229 2151.772301 2139.295428 2131.428457 2135.573739 2135.000592 2139.163773 2143.741483 2150.24847 2154.706995 2149.60744 2168.651875 2165.265179 2169.455928 2198.340547 2205.433657 2215.838371 2234.690738 2236.970246 2243.693955 2234.932471 2256.616362 2273.051524 1621.82746 0 0 0 0 0 0 0 0 0 0 0 0 0 0 0 0 0 0 0 0 0 0 0 0 0 0 0 0 0 0 0 
0 0 0 0 0 0 0 0 0 0 0 0 0 0 0 0 0 0 0 0 0 0 0 0 0 0 0 0 0 0 0 1615.238093 2273.847641 2251.467967 2246.967285 2228.556784 2223.94135 2222.787199 2196.219125 2192.936473 2183.721753 2184.956967 2169.752415 2154.399252 2149.634645 2141.164936 2138.371345 2116.683695 2120.004854 2131.748216 2117.08173 2109.87687 2116.462504 2145.007049 2137.078695 2148.297757 2149.764914 2167.964754 2171.822189 2184.716995 2196.470446 2207.259451 2206.702098 2223.706135 2238.238455 2242.175546 2246.710768 2270.077365 1613.697322 0 0 0 0 0 0 0 0 0 0 0 0 0 0 0 0 0 0 0 0 0 0 0 0 0 0 0 0 0 0 0 
0 0 0 0 0 0 0 0 0 0 0 0 0 0 0 0 0 0 0 0 0 0 0 0 0 0 0 0 0 0 0 1587.594096 2274.956921 2226.741014 2232.003204 2223.248931 2215.035073 2194.130473 2204.397805 2209.938038 2183.57677 2173.6435 2157.51481 2165.913744 2127.643686 2132.212096 2125.930425 2123.097988 2115.091651 2111.405663 2114.981388 2126.010903 2117.173749 2133.410725 2120.701108 2137.670441 2144.338001 2164.472969 2169.976002 2172.507484 2184.745627 2204.165358 2217.275703 2214.71001 2228.687189 2216.276712 2229.053025 2256.997901 1609.072828 0 0 0 0 0 0 0 0 0 0 0 0 0 0 0 0 0 0 0 0 0 0 0 0 0 0 0 0 0 0 0 
0 0 0 0 0 0 0 0 0 0 0 0 0 0 0 0 0 0 0 0 0 0 0 0 0 0 0 0 0 0 0 1586.571546 2246.835749 2215.469613 2218.607403 2208.365579 2213.781679 2197.315006 2196.414659 2177.769091 2182.220489 2145.322229 2141.394466 2129.369033 2122.726435 2129.184517 2109.820278 2110.703228 2101.337837 2100.456488 2098.228684 2103.165111 2111.896443 2111.07287 2115.530569 2117.438571 2148.612489 2128.873311 2156.807394 2171.302497 2180.785772 2182.02382 2196.188157 2214.095752 2203.224665 2216.254217 2228.270227 2233.783999 1598.903298 0 0 0 0 0 0 0 0 0 0 0 0 0 0 0 0 0 0 0 0 0 0 0 0 0 0 0 0 0 0 0 
0 0 0 0 0 0 0 0 0 0 0 0 0 0 0 0 0 0 0 0 0 0 0 0 0 0 0 0 0 0 0 1590.800494 2240.254116 2208.786936 2190.457465 2195.422487 2192.033953 2193.429766 2167.586044 2150.510582 2148.30578 2138.573633 2133.014062 2117.847261 2123.011101 2101.680618 2104.081474 2094.789796 2094.785066 2082.162265 2097.350651 2098.30449 2096.023032 2106.402931 2102.227381 2114.41015 2123.023009 2140.630367 2125.680605 2162.6088 2168.781182 2173.103057 2189.138149 2187.466177 2204.178411 2202.680548 2204.323996 2234.347927 1583.710928 0 0 0 0 0 0 0 0 0 0 0 0 0 0 0 0 0 0 0 0 0 0 0 0 0 0 0 0 0 0 0 
0 0 0 0 0 0 0 0 0 0 0 0 0 0 0 0 0 0 0 0 0 0 0 0 0 0 0 0 0 0 0 1584.855172 2217.829706 2196.975143 2195.734348 2183.890133 2179.278262 2171.624237 2179.495357 2164.824469 2136.53606 2133.899929 2129.1681 2116.171858 2101.398706 2087.718253 2090.130782 2087.819709 2073.777883 2083.327609 2089.258558 2086.910833 2085.514682 2104.024547 2087.671106 2099.869063 2108.43559 2120.875567 2140.541058 2150.481636 2166.163014 2170.116292 2175.005087 2200.810726 2204.664626 2199.15855 2194.091965 2253.335132 1580.717158 0 0 0 0 0 0 0 0 0 0 0 0 0 0 0 0 0 0 0 0 0 0 0 0 0 0 0 0 0 0 0 
0 0 0 0 0 0 0 0 0 0 0 0 0 0 0 0 0 0 0 0 0 0 0 0 0 0 0 0 0 0 0 1592.793367 2220.609239 2195.72925 2198.56619 2181.176367 2181.783657 2151.145084 2152.617181 2147.097921 2140.082894 2113.801589 2109.510347 2106.212713 2115.273928 2093.87564 2089.90828 2082.933725 2080.321806 2063.29926 2071.188151 2074.258352 2096.654999 2081.691822 2095.69013 2101.923161 2117.535943 2132.167754 2125.32097 2121.511498 2143.581961 2152.64041 2184.123706 2177.399064 2188.474742 2197.646376 2192.21876 2217.518967 1572.937838 0 0 0 0 0 0 0 0 0 0 0 0 0 0 0 0 0 0 0 0 0 0 0 0 0 0 0 0 0 0 0 
0 0 0 0 0 0 0 0 0 0 0 0 0 0 0 0 0 0 0 0 0 0 0 0 0 0 0 0 0 0 0 1569.20395 2229.426828 2200.625349 2186.192599 2175.549973 2177.997464 2169.271761 2155.524535 2154.596368 2134.32848 2108.008868 2133.466697 2100.601908 2094.533545 2091.267486 2086.085658 2086.067115 2078.787759 2073.076881 2087.494415 2076.096497 2079.811072 2092.488572 2084.63917 2091.426185 2128.089798 2121.049247 2115.495498 2134.006364 2147.52581 2154.540107 2184.211802 2171.279445 2188.700112 2185.079533 2192.299667 2226.9641 1574.251785 0 0 0 0 0 0 0 0 0 0 0 0 0 0 0 0 0 0 0 0 0 0 0 0 0 0 0 0 0 0 0 
0 0 0 0 0 0 0 0 0 0 0 0 0 0 0 0 0 0 0 0 0 0 0 0 0 0 0 0 0 0 0 1582.5095 2223.759054 2212.786173 2188.656543 2179.739785 2182.340216 2167.586007 2154.861341 2159.583586 2139.430189 2122.557412 2130.700233 2112.7546 2101.413932 2098.738538 2074.754973 2088.192283 2094.53502 2080.58261 2086.006127 2085.529732 2082.90705 2099.693772 2108.036245 2112.270679 2100.343247 2118.545174 2124.525393 2145.506117 2150.363949 2167.297024 2162.701299 2182.679553 2197.602201 2197.26243 2216.264358 2225.829021 1574.67875 0 0 0 0 0 0 0 0 0 0 0 0 0 0 0 0 0 0 0 0 0 0 0 0 0 0 0 0 0 0 0 
0 0 0 0 0 0 0 0 0 0 0 0 0 0 0 0 0 0 0 0 0 0 0 0 0 0 0 0 0 0 0 1585.47375 2210.262223 2191.47208 2193.576906 2198.342969 2189.101818 2176.867311 2166.075266 2147.77446 2147.413006 2132.567791 2109.241722 2118.918392 2100.09915 2111.432574 2094.99271 2100.213625 2091.178884 2085.135463 2082.748085 2087.923151 2089.824136 2095.504372 2097.740979 2098.04735 2111.183411 2126.878121 2133.746066 2146.931318 2161.695187 2165.63819 2172.299653 2175.500705 2190.642968 2188.17874 2198.857007 2229.397203 1580.692131 0 0 0 0 0 0 0 0 0 0 0 0 0 0 0 0 0 0 0 0 0 0 0 0 0 0 0 0 0 0 0 
0 0 0 0 0 0 0 0 0 0 0 0 0 0 0 0 0 0 0 0 0 0 0 0 0 0 0 0 0 0 0 1591.965439 2223.353246 2204.806849 2192.801052 2190.522547 2178.291456 2185.97058 2174.755699 2163.213289 2141.946907 2145.967813 2136.32565 2128.581226 2098.608143 2108.940453 2109.184435 2089.052654 2104.160366 2090.87694 2098.246025 2087.370131 2098.2931 2094.580372 2104.060267 2107.081791 2126.527384 2119.532813 2146.360877 2146.203302 2165.376596 2177.876831 2178.450309 2190.379031 2195.990512 2201.356451 2206.108208 2241.436299 1584.528248 0 0 0 0 0 0 0 0 0 0 0 0 0 0 0 0 0 0 0 0 0 0 0 0 0 0 0 0 0 0 0 
0 0 0 0 0 0 0 0 0 0 0 0 0 0 0 0 0 0 0 0 0 0 0 0 0 0 0 0 0 0 0 1587.673917 2246.825556 2200.497222 2196.492104 2211.452109 2204.275952 2187.432605 2179.064526 2175.118157 2158.276494 2158.924237 2141.009972 2123.650053 2111.003964 2108.012337 2105.131258 2095.940686 2087.286776 2104.922607 2100.655198 2100.230855 2090.413953 2101.926972 2120.515214 2123.4296 2132.994291 2151.370179 2144.553299 2161.955779 2163.171465 2172.106052 2180.047515 2208.605906 2195.793171 2198.735692 2231.562818 2236.92998 1600.988438 0 0 0 0 0 0 0 0 0 0 0 0 0 0 0 0 0 0 0 0 0 0 0 0 0 0 0 0 0 0 0 
0 0 0 0 0 0 0 0 0 0 0 0 0 0 0 0 0 0 0 0 0 0 0 0 0 0 0 0 0 0 0 1612.338145 2247.737436 2229.086174 2200.815466 2203.682748 2206.18389 2182.038948 2206.93865 2166.371236 2161.470673 2139.46783 2151.520299 2126.558186 2129.377072 2109.079602 2109.727849 2108.343754 2102.010219 2121.936605 2107.681544 2106.221155 2105.071306 2114.367867 2108.134739 2122.417259 2129.902627 2149.687705 2151.571338 2152.538435 2186.810806 2189.696853 2203.028823 2215.593467 2211.769529 2225.442041 2221.926058 2253.068346 1599.739472 0 0 0 0 0 0 0 0 0 0 0 0 0 0 0 0 0 0 0 0 0 0 0 0 0 0 0 0 0 0 0 
0 0 0 0 0 0 0 0 0 0 0 0 0 0 0 0 0 0 0 0 0 0 0 0 0 0 0 0 0 0 0 1620.285143 2268.843013 2230.245398 2230.647146 2237.994967 2218.424447 2221.424332 2210.649911 2189.732412 2184.627621 2161.148905 2155.652745 2150.311169 2141.749847 2142.535668 2123.345116 2130.174354 2119.610367 2112.28725 2120.285147 2117.942216 2119.251094 2125.29853 2140.317196 2149.956351 2149.252642 2159.634853 2174.745524 2194.05339 2189.481024 2189.512651 2205.392285 2208.005508 2230.105049 2233.484887 2234.756569 2267.322557 1605.105861 0 0 0 0 0 0 0 0 0 0 0 0 0 0 0 0 0 0 0 0 0 0 0 0 0 0 0 0 0 0 0 
0 0 0 0 0 0 0 0 0 0 0 0 0 0 0 0 0 0 0 0 0 0 0 0 0 0 0 0 0 0 0 1612.886307 2267.257718 2238.789394 2245.944007 2235.133385 2235.823083 2222.280434 2201.68023 2200.030971 2197.399493 2184.207893 2164.770507 2172.202933 2157.236378 2158.36707 2141.393215 2132.864736 2145.450045 2133.399616 2129.117971 2119.939797 2138.047328 2139.184199 2147.62179 2152.070621 2152.546937 2166.359943 2186.744526 2188.322415 2221.889988 2215.982558 2231.897243 2234.408259 2238.205187 2251.869677 2262.858859 2289.580927 1628.287633 0 0 0 0 0 0 0 0 0 0 0 0 0 0 0 0 0 0 0 0 0 0 0 0 0 0 0 0 0 0 0 
0 0 0 0 0 0 0 0 0 0 0 0 0 0 0 0 0 0 0 0 0 0 0 0 0 0 0 0 0 0 0 1620.994492 2291.669784 2263.429947 2264.577636 2250.080317 2234.139745 2237.768181 2239.27545 2224.25981 2211.764751 2192.79672 2178.47586 2178.139847 2161.647167 2164.993924 2160.123048 2148.798734 2137.501381 2151.68989 2138.300583 2154.948683 2136.535449 2158.451308 2158.130993 2169.294963 2179.547348 2184.62276 2200.326248 2208.953373 2225.917307 2233.904401 2227.221726 2255.81481 2264.283687 2261.927918 2270.85948 2294.47881 1626.192995 0 0 0 0 0 0 0 0 0 0 0 0 0 0 0 0 0 0 0 0 0 0 0 0 0 0 0 0 0 0 0 
0 0 0 0 0 0 0 0 0 0 0 0 0 0 0 0 0 0 0 0 0 0 0 0 0 0 0 0 0 0 0 1631.515512 2298.795256 2283.767744 2273.470766 2263.098983 2260.818065 2249.779913 2234.763243 2221.857939 2231.635219 2206.025299 2202.101455 2176.274643 2176.266094 2163.277761 2157.54321 2158.7579 2163.778145 2161.099766 2153.332321 2164.308121 2161.573924 2162.050874 2180.173326 2187.21295 2188.380066 2188.489011 2216.690077 2215.921205 2241.152358 2248.3127 2245.889783 2261.848955 2273.724962 2274.698747 2282.691633 2311.90466 1645.837339 0 0 0 0 0 0 0 0 0 0 0 0 0 0 0 0 0 0 0 0 0 0 0 0 0 0 0 0 0 0 0 
0 0 0 0 0 0 0 0 0 0 0 0 0 0 0 0 0 0 0 0 0 0 0 0 0 0 0 0 0 0 0 1643.757912 2318.024745 2300.653913 2284.152177 2257.852936 2277.038022 2279.485953 2248.341907 2245.373732 2235.051138 2227.477247 2208.314309 2209.033764 2184.101127 2194.797927 2178.483124 2185.03198 2179.052979 2178.366102 2167.353869 2183.932142 2187.87374 2177.992691 2180.445163 2187.518423 2194.242916 2206.275907 2219.108265 2231.978898 2244.519497 2262.305422 2269.346296 2275.639613 2273.81957 2296.81395 2288.823038 2311.584902 1653.517149 0 0 0 0 0 0 0 0 0 0 0 0 0 0 0 0 0 0 0 0 0 0 0 0 0 0 0 0 0 0 0 
0 0 0 0 0 0 0 0 0 0 0 0 0 0 0 0 0 0 0 0 0 0 0 0 0 0 0 0 0 0 0 1634.638801 2334.197515 2319.823443 2299.775716 2293.948502 2291.198399 2278.048401 2267.599183 2247.364878 2237.346068 2226.312718 2211.833353 2216.603924 2208.93388 2204.203786 2188.042763 2182.802835 2187.691322 2187.692321 2182.204854 2185.969452 2195.361805 2183.459975 2186.979408 2200.721898 2214.751362 2230.797636 2231.243687 2242.594924 2254.386733 2277.619452 2281.077821 2296.651375 2293.430758 2308.421779 2286.90975 2343.407225 1667.882109 0 0 0 0 0 0 0 0 0 0 0 0 0 0 0 0 0 0 0 0 0 0 0 0 0 0 0 0 0 0 0 
0 0 0 0 0 0 0 0 0 0 0 0 0 0 0 0 0 0 0 0 0 0 0 0 0 0 0 0 0 0 0 1678.251328 2342.540438 2319.759239 2323.711568 2296.84558 2302.66043 2314.657652 2277.038657 2271.576988 2278.156173 2241.488787 2235.183251 2219.438614 2206.708297 2211.165701 2203.747198 2198.697035 2198.342171 2206.775403 2203.095333 2181.942667 2198.887321 2205.47327 2221.860065 2221.846864 2232.980147 2233.188397 2243.383747 2255.088251 2282.996418 2277.778335 2283.011648 2307.892254 2305.693819 2313.619184 2313.644781 2339.321273 1649.990494 0 0 0 0 0 0 0 0 0 0 0 0 0 0 0 0 0 0 0 0 0 0 0 0 0 0 0 0 0 0 0 
0 0 0 0 0 0 0 0 0 0 0 0 0 0 0 0 0 0 0 0 0 0 0 0 0 0 0 0 0 0 0 1683.248784 2367.141697 2336.719275 2332.658177 2320.467422 2313.058971 2296.530031 2299.784275 2286.123583 2277.374997 2260.382343 2237.990934 2244.753562 2217.941368 2231.085667 2221.52948 2215.144502 2212.987578 2221.77775 2199.003525 2207.745633 2197.172401 2224.09351 2220.084995 2237.267077 2240.220917 2254.245426 2252.89438 2263.882667 2276.050479 2299.43181 2301.598918 2323.075141 2316.511794 2322.00833 2310.595147 2365.094356 1677.899397 0 0 0 0 0 0 0 0 0 0 0 0 0 0 0 0 0 0 0 0 0 0 0 0 0 0 0 0 0 0 0 
0 0 0 0 0 0 0 0 0 0 0 0 0 0 0 0 0 0 0 0 0 0 0 0 0 0 0 0 0 0 0 1684.549932 2375.466966 2340.680232 2343.613231 2334.533326 2328.961892 2312.77487 2309.95959 2292.673776 2289.110578 2270.222794 2265.333254 2229.386223 2233.710932 2250.298176 2235.745287 2226.88349 2210.071633 2221.428399 2229.856721 2226.790296 2218.935815 2228.116529 2248.569162 2235.245186 2257.539589 2267.195821 2272.765276 2293.473085 2292.710984 2298.26584 2318.522594 2316.592389 2335.636496 2341.624055 2338.563945 2363.690211 1690.204068 0 0 0 0 0 0 0 0 0 0 0 0 0 0 0 0 0 0 0 0 0 0 0 0 0 0 0 0 0 0 0 
0 0 0 0 0 0 0 0 0 0 0 0 0 0 0 0 0 0 0 0 0 0 0 0 0 0 0 0 0 0 0 1677.509638 2390.289773 2360.903874 2353.103003 2347.680493 2350.281683 2331.331205 2314.674708 2314.38432 2291.387671 2285.22872 2261.115898 2265.98142 2258.504063 2244.874156 2243.403178 2227.850403 2228.437739 2230.291665 2220.067769 2226.219232 2228.40074 2251.065213 2239.354008 2246.925989 2270.962443 2269.165908 2295.424378 2306.302099 2309.614926 2329.132236 2336.665454 2353.48069 2354.341519 2345.303917 2351.339294 2392.550773 1696.145384 0 0 0 0 0 0 0 0 0 0 0 0 0 0 0 0 0 0 0 0 0 0 0 0 0 0 0 0 0 0 0 
0 0 0 0 0 0 0 0 0 0 0 0 0 0 0 0 0 0 0 0 0 0 0 0 0 0 0 0 0 0 0 1716.038732 2400.761998 2368.414177 2363.094492 2359.310919 2351.394764 2335.228728 2335.110178 2321.610125 2301.948298 2292.551219 2267.440167 2279.246133 2270.602082 2267.933756 2250.72478 2255.053018 2252.897573 2230.073135 2249.962536 2253.904704 2242.483139 2252.05808 2243.844726 2274.2881 2266.462154 2277.365403 2291.669292 2311.178592 2323.433446 2329.57032 2352.974595 2350.618612 2356.962902 2368.079335 2367.298762 2395.582084 1706.234601 0 0 0 0 0 0 0 0 0 0 0 0 0 0 0 0 0 0 0 0 0 0 0 0 0 0 0 0 0 0 0 
0 0 0 0 0 0 0 0 0 0 0 0 0 0 0 0 0 0 0 0 0 0 0 0 0 0 0 0 0 0 0 1719.933321 2404.70598 2379.524884 2377.095728 2356.723329 2360.96091 2345.629357 2334.177035 2330.091709 2320.203021 2304.387284 2303.793992 2283.304683 2281.886398 2272.176059 2257.411054 2255.975396 2241.539196 2249.292001 2239.608045 2253.800017 2263.347892 2266.7865 2254.821101 2289.212462 2277.852243 2297.098249 2320.042377 2325.896418 2319.295182 2345.418878 2340.76687 2352.800922 2361.68039 2373.836071 2384.980685 2419.458677 1716.674492 0 0 0 0 0 0 0 0 0 0 0 0 0 0 0 0 0 0 0 0 0 0 0 0 0 0 0 0 0 0 0 
0 0 0 0 0 0 0 0 0 0 0 0 0 0 0 0 0 0 0 0 0 0 0 0 0 0 0 0 0 0 0 1728.445997 2425.056054 2376.867561 2376.392562 2373.432325 2361.068677 2361.588616 2352.471054 2344.506667 2335.11616 2335.09815 2317.027568 2298.305152 2291.492445 2273.089407 2278.699414 2278.36527 2275.316976 2270.394406 2262.956181 2269.611159 2266.450367 2273.591448 2292.179756 2275.882768 2302.845195 2304.641204 2312.768824 2319.65533 2350.612261 2350.815046 2356.097778 2368.554226 2382.807625 2378.932759 2387.299647 2411.261038 1728.710212 0 0 0 0 0 0 0 0 0 0 0 0 0 0 0 0 0 0 0 0 0 0 0 0 0 0 0 0 0 0 0 
0 0 0 0 0 0 0 0 0 0 0 0 0 0 0 0 0 0 0 0 0 0 0 0 0 0 0 0 0 0 0 1727.296611 2429.564725 2405.851246 2395.3878 2411.469533 2390.75694 2374.362124 2374.30751 2354.494691 2339.217768 2333.555946 2312.644531 2321.247204 2292.241313 2292.013207 2286.372827 2282.986834 2271.189826 2282.681719 2265.835842 2274.845897 2273.852354 2268.285939 2291.283224 2300.503442 2295.116808 2310.977479 2325.166047 2352.37712 2352.179179 2355.354768 2383.10462 2384.227015 2388.619076 2397.639564 2399.140971 2408.087189 1723.539893 0 0 0 0 0 0 0 0 0 0 0 0 0 0 0 0 0 0 0 0 0 0 0 0 0 0 0 0 0 0 0 
0 0 0 0 0 0 0 0 0 0 0 0 0 0 0 0 0 0 0 0 0 0 0 0 0 0 0 0 0 0 0 1741.618702 2433.107068 2407.604364 2415.960486 2399.705175 2391.592562 2382.344669 2390.390869 2361.325512 2346.942254 2333.557094 2325.021422 2322.834854 2307.931607 2290.556056 2289.813846 2301.455462 2287.061616 2296.459881 2265.421212 2281.144629 2297.63711 2295.950265 2299.129426 2319.009222 2314.262015 2327.552583 2338.839061 2353.26454 2369.583319 2372.635653 2376.42668 2393.516102 2392.897482 2406.493861 2420.115862 2427.591148 1714.878363 0 0 0 0 0 0 0 0 0 0 0 0 0 0 0 0 0 0 0 0 0 0 0 0 0 0 0 0 0 0 0 
0 0 0 0 0 0 0 0 0 0 0 0 0 0 0 0 0 0 0 0 0 0 0 0 0 0 0 0 0 0 0 1751.08513 2457.373601 2423.174224 2392.55966 2407.904007 2397.705309 2401.999268 2389.579981 2374.432329 2350.31677 2331.750082 2328.740207 2322.888449 2314.191732 2295.520605 2290.185298 2288.745168 2289.884421 2301.719961 2297.561452 2296.596466 2303.254795 2287.324986 2299.782141 2316.838395 2314.327516 2320.894759 2337.722645 2340.849195 2359.392487 2372.769398 2397.721611 2410.060182 2411.515159 2408.891097 2421.048121 2451.21589 1739.650629 0 0 0 0 0 0 0 0 0 0 0 0 0 0 0 0 0 0 0 0 0 0 0 0 0 0 0 0 0 0 0 
0 0 0 0 0 0 0 0 0 0 0 0 0 0 0 0 0 0 0 0 0 0 0 0 0 0 0 0 0 0 0 1731.986403 2440.083656 2440.556418 2415.417502 2409.717936 2416.453195 2385.455587 2366.560152 2366.601036 2353.219354 2348.96322 2336.756168 2323.995572 2330.770221 2304.243279 2303.194087 2290.922914 2296.480248 2284.090895 2294.119225 2302.204011 2299.428748 2319.089326 2322.079348 2320.272998 2323.899598 2336.350411 2356.112292 2352.517858 2372.046853 2389.552911 2394.113146 2409.432966 2409.608742 2418.808018 2418.991971 2455.860992 1737.769447 0 0 0 0 0 0 0 0 0 0 0 0 0 0 0 0 0 0 0 0 0 0 0 0 0 0 0 0 0 0 0 
0 0 0 0 0 0 0 0 0 0 0 0 0 0 0 0 0 0 0 0 0 0 0 0 0 0 0 0 0 0 0 1749.040424 2447.630157 2438.334893 2415.745968 2401.202164 2396.707895 2398.661612 2387.400041 2377.109934 2346.360705 2354.335988 2347.974793 2325.504878 2315.279921 2312.7621 2311.412864 2296.548557 2304.364596 2290.04011 2299.419462 2299.195576 2304.585546 2324.107327 2306.007089 2330.991309 2320.254749 2340.023785 2348.756521 2357.614324 2373.760677 2380.998166 2403.158295 2407.815881 2417.981744 2420.654105 2426.84696 2455.203414 1753.418376 0 0 0 0 0 0 0 0 0 0 0 0 0 0 0 0 0 0 0 0 0 0 0 0 0 0 0 0 0 0 0 
0 0 0 0 0 0 0 0 0 0 0 0 0 0 0 0 0 0 0 0 0 0 0 0 0 0 0 0 0 0 0 1755.979077 2465.848176 2427.36284 2435.690538 2407.513448 2404.664093 2409.116666 2386.080142 2371.926442 2367.039813 2356.771481 2337.250542 2332.005303 2319.723015 2323.042001 2327.212701 2293.806071 2306.792776 2323.422237 2300.286056 2305.709022 2313.764457 2307.668119 2310.286946 2328.947914 2332.655396 2347.445399 2350.673258 2368.254507 2374.972806 2380.870899 2399.86197 2393.622866 2415.225077 2419.171855 2433.506416 2467.389559 1729.191274 0 0 0 0 0 0 0 0 0 0 0 0 0 0 0 0 0 0 0 0 0 0 0 0 0 0 0 0 0 0 0 
0 0 0 0 0 0 0 0 0 0 0 0 0 0 0 0 0 0 0 0 0 0 0 0 0 0 0 0 0 0 0 1756.231275 2461.227078 2437.59673 2422.035285 2435.265547 2423.858204 2394.51731 2393.091053 2380.033991 2375.726005 2359.972497 2345.53133 2329.912642 2332.322082 2310.876162 2306.906783 2306.426484 2298.185072 2312.419479 2294.60368 2309.167178 2306.601142 2302.929841 2325.518861 2325.111803 2334.22561 2346.147102 2365.291922 2368.890046 2385.528883 2387.252934 2405.724547 2424.196333 2423.494697 2426.692979 2418.57912 2473.793419 1745.385646 0 0 0 0 0 0 0 0 0 0 0 0 0 0 0 0 0 0 0 0 0 0 0 0 0 0 0 0 0 0 0 
0 0 0 0 0 0 0 0 0 0 0 0 0 0 0 0 0 0 0 0 0 0 0 0 0 0 0 0 0 0 0 1749.747579 2457.694821 2445.445113 2423.254149 2424.444466 2434.011303 2393.181199 2415.436144 2397.428335 2375.724408 2370.799368 2353.781075 2331.42158 2324.499364 2314.677764 2316.910174 2310.950152 2301.960993 2326.596433 2302.146217 2317.493021 2313.179829 2316.155646 2322.849781 2326.035646 2341.98024 2355.491196 2363.179943 2378.890216 2384.054273 2400.062257 2417.707648 2410.65087 2430.609022 2427.197588 2439.864027 2466.248026 1759.236891 0 0 0 0 0 0 0 0 0 0 0 0 0 0 0 0 0 0 0 0 0 0 0 0 0 0 0 0 0 0 0 
0 0 0 0 0 0 0 0 0 0 0 0 0 0 0 0 0 0 0 0 0 0 0 0 0 0 0 0 0 0 0 1749.601223 2472.254486 2452.715417 2431.785684 2439.011998 2422.917389 2402.167207 2405.120588 2388.427893 2391.163933 2367.416694 2350.864367 2350.831274 2328.376949 2322.976211 2310.937278 2313.623666 2307.937663 2311.672146 2317.65679 2317.461722 2315.255426 2317.85679 2335.069561 2347.594416 2352.996243 2358.89122 2367.279699 2386.643184 2394.71977 2400.171267 2397.918881 2426.898064 2422.489204 2438.264399 2444.187175 2471.56097 1758.218686 0 0 0 0 0 0 0 0 0 0 0 0 0 0 0 0 0 0 0 0 0 0 0 0 0 0 0 0 0 0 0 
0 0 0 0 0 0 0 0 0 0 0 0 0 0 0 0 0 0 0 0 0 0 0 0 0 0 0 0 0 0 0 1754.428315 2481.487908 2443.941793 2429.221309 2432.49912 2422.231022 2418.984013 2401.741694 2398.394643 2376.459227 2366.133001 2358.570496 2343.766286 2341.250174 2332.478586 2323.637812 2329.847884 2309.742785 2311.8093 2313.386314 2316.28918 2319.6046 2322.717486 2323.766748 2339.816746 2349.089209 2355.065523 2370.058543 2388.220541 2393.223903 2399.478986 2413.548532 2416.122857 2440.319966 2441.210911 2449.776703 2482.956908 1739.97271 0 0 0 0 0 0 0 0 0 0 0 0 0 0 0 0 0 0 0 0 0 0 0 0 0 0 0 0 0 0 0 
0 0 0 0 0 0 0 0 0 0 0 0 0 0 0 0 0 0 0 0 0 0 0 0 0 0 0 0 0 0 0 1744.24102 2474.345224 2440.972059 2430.237864 2435.747988 2439.777368 2401.586812 2392.396972 2386.44402 2370.852866 2356.273629 2353.636786 2346.066294 2349.981683 2333.25507 2319.771275 2316.169073 2320.35446 2320.382912 2320.056218 2305.836449 2322.053882 2329.540521 2334.776497 2331.908501 2345.13384 2356.58891 2359.070677 2392.53492 2393.665917 2405.980221 2410.495006 2424.438189 2423.216521 2434.1474 2444.990959 2488.51724 1766.244356 0 0 0 0 0 0 0 0 0 0 0 0 0 0 0 0 0 0 0 0 0 0 0 0 0 0 0 0 0 0 0 
0 0 0 0 0 0 0 0 0 0 0 0 0 0 0 0 0 0 0 0 0 0 0 0 0 0 0 0 0 0 0 1275.913079 1797.616239 1793.86513 1782.379597 1767.603633 1776.779686 1765.006658 1758.910588 1747.172041 1742.802516 1734.106812 1726.330819 1706.867576 1708.994966 1724.160773 1708.908926 1689.434179 1690.948179 1681.554834 1684.93022 1704.146365 1688.809787 1687.876008 1697.324409 1704.214209 1704.191762 1721.613384 1740.031247 1740.843879 1757.034698 1754.957078 1771.00346 1757.208975 1773.537608 1783.900524 1780.43272 1813.819416 1276.919491 0 0 0 0 0 0 0 0 0 0 0 0 0 0 0 0 0 0 0 0 0 0 0 0 0 0 0 0 0 0 0 
0 0 0 0 0 0 0 0 0 0 0 0 0 0 0 0 0 0 0 0 0 0 0 0 0 0 0 0 0 0 0 0 0 0 0 0 0 0 0 0 0 0 0 0 0 0 0 0 0 0 0 0 0 0 0 0 0 0 0 0 0 0 0 0 0 0 0 0 0 0 0 0 0 0 0 0 0 0 0 0 0 0 0 0 0 0 0 0 0 0 0 0 0 0 0 0 0 0 0 0 
0 0 0 0 0 0 0 0 0 0 0 0 0 0 0 0 0 0 0 0 0 0 0 0 0 0 0 0 0 0 0 0 0 0 0 0 0 0 0 0 0 0 0 0 0 0 0 0 0 0 0 0 0 0 0 0 0 0 0 0 0 0 0 0 0 0 0 0 0 0 0 0 0 0 0 0 0 0 0 0 0 0 0 0 0 0 0 0 0 0 0 0 0 0 0 0 0 0 0 0 
0 0 0 0 0 0 0 0 0 0 0 0 0 0 0 0 0 0 0 0 0 0 0 0 0 0 0 0 0 0 0 0 0 0 0 0 0 0 0 0 0 0 0 0 0 0 0 0 0 0 0 0 0 0 0 0 0 0 0 0 0 0 0 0 0 0 0 0 0 0 0 0 0 0 0 0 0 0 0 0 0 0 0 0 0 0 0 0 0 0 0 0 0 0 0 0 0 0 0 0 
0 0 0 0 0 0 0 0 0 0 0 0 0 0 0 0 0 0 0 0 0 0 0 0 0 0 0 0 0 0 0 0 0 0 0 0 0 0 0 0 0 0 0 0 0 0 0 0 0 0 0 0 0 0 0 0 0 0 0 0 0 0 0 0 0 0 0 0 0 0 0 0 0 0 0 0 0 0 0 0 0 0 0 0 0 0 0 0 0 0 0 0 0 0 0 0 0 0 0 0 
0 0 0 0 0 0 0 0 0 0 0 0 0 0 0 0 0 0 0 0 0 0 0 0 0 0 0 0 0 0 0 0 0 0 0 0 0 0 0 0 0 0 0 0 0 0 0 0 0 0 0 0 0 0 0 0 0 0 0 0 0 0 0 0 0 0 0 0 0 0 0 0 0 0 0 0 0 0 0 0 0 0 0 0 0 0 0 0 0 0 0 0 0 0 0 0 0 0 0 0 
0 0 0 0 0 0 0 0 0 0 0 0 0 0 0 0 0 0 0 0 0 0 0 0 0 0 0 0 0 0 0 0 0 0 0 0 0 0 0 0 0 0 0 0 0 0 0 0 0 0 0 0 0 0 0 0 0 0 0 0 0 0 0 0 0 0 0 0 0 0 0 0 0 0 0 0 0 0 0 0 0 0 0 0 0 0 0 0 0 0 0 0 0 0 0 0 0 0 0 0 
0 0 0 0 0 0 0 0 0 0 0 0 0 0 0 0 0 0 0 0 0 0 0 0 0 0 0 0 0 0 0 0 0 0 0 0 0 0 0 0 0 0 0 0 0 0 0 0 0 0 0 0 0 0 0 0 0 0 0 0 0 0 0 0 0 0 0 0 0 0 0 0 0 0 0 0 0 0 0 0 0 0 0 0 0 0 0 0 0 0 0 0 0 0 0 0 0 0 0 0 
0 0 0 0 0 0 0 0 0 0 0 0 0 0 0 0 0 0 0 0 0 0 0 0 0 0 0 0 0 0 0 0 0 0 0 0 0 0 0 0 0 0 0 0 0 0 0 0 0 0 0 0 0 0 0 0 0 0 0 0 0 0 0 0 0 0 0 0 0 0 0 0 0 0 0 0 0 0 0 0 0 0 0 0 0 0 0 0 0 0 0 0 0 0 0 0 0 0 0 0 
0 0 0 0 0 0 0 0 0 0 0 0 0 0 0 0 0 0 0 0 0 0 0 0 0 0 0 0 0 0 0 0 0 0 0 0 0 0 0 0 0 0 0 0 0 0 0 0 0 0 0 0 0 0 0 0 0 0 0 0 0 0 0 0 0 0 0 0 0 0 0 0 0 0 0 0 0 0 0 0 0 0 0 0 0 0 0 0 0 0 0 0 0 0 0 0 0 0 0 0 
0 0 0 0 0 0 0 0 0 0 0 0 0 0 0 0 0 0 0 0 0 0 0 0 0 0 0 0 0 0 0 0 0 0 0 0 0 0 0 0 0 0 0 0 0 0 0 0 0 0 0 0 0 0 0 0 0 0 0 0 0 0 0 0 0 0 0 0 0 0 0 0 0 0 0 0 0 0 0 0 0 0 0 0 0 0 0 0 0 0 0 0 0 0 0 0 0 0 0 0 
0 0 0 0 0 0 0 0 0 0 0 0 0 0 0 0 0 0 0 0 0 0 0 0 0 0 0 0 0 0 0 0 0 0 0 0 0 0 0 0 0 0 0 0 0 0 0 0 0 0 0 0 0 0 0 0 0 0 0 0 0 0 0 0 0 0 0 0 0 0 0 0 0 0 0 0 0 0 0 0 0 0 0 0 0 0 0 0 0 0 0 0 0 0 0 0 0 0 0 0 
0 0 0 0 0 0 0 0 0 0 0 0 0 0 0 0 0 0 0 0 0 0 0 0 0 0 0 0 0 0 0 0 0 0 0 0 0 0 0 0 0 0 0 0 0 0 0 0 0 0 0 0 0 0 0 0 0 0 0 0 0 0 0 0 0 0 0 0 0 0 0 0 0 0 0 0 0 0 0 0 0 0 0 0 0 0 0 0 0 0 0 0 0 0 0 0 0 0 0 0 
# Events [EndOfInsertPSD/EndOfInsertPSD.dat] N:
0 0 0 0 0 0 0 0 0 0 0 0 0 0 0 0 0 0 0 0 0 0 0 0 0 0 0 0 0 0 0 0 0 0 0 0 0 0 0 0 0 0 0 0 0 0 0 0 0 0 0 0 0 0 0 0 0 0 0 0 0 0 0 0 0 0 0 0 0 0 0 0 0 0 0 0 0 0 0 0 0 0 0 0 0 0 0 0 0 0 0 0 0 0 0 0 0 0 0 0 
0 0 0 0 0 0 0 0 0 0 0 0 0 0 0 0 0 0 0 0 0 0 0 0 0 0 0 0 0 0 0 0 0 0 0 0 0 0 0 0 0 0 0 0 0 0 0 0 0 0 0 0 0 0 0 0 0 0 0 0 0 0 0 0 0 0 0 0 0 0 0 0 0 0 0 0 0 0 0 0 0 0 0 0 0 0 0 0 0 0 0 0 0 0 0 0 0 0 0 0 
0 0 0 0 0 0 0 0 0 0 0 0 0 0 0 0 0 0 0 0 0 0 0 0 0 0 0 0 0 0 0 0 0 0 0 0 0 0 0 0 0 0 0 0 0 0 0 0 0 0 0 0 0 0 0 0 0 0 0 0 0 0 0 0 0 0 0 0 0 0 0 0 0 0 0 0 0 0 0 0 0 0 0 0 0 0 0 0 0 0 0 0 0 0 0 0 0 0 0 0 
0 0 0 0 0 0 0 0 0 0 0 0 0 0 0 0 0 0 0 0 0 0 0 0 0 0 0 0 0 0 0 0 0 0 0 0 0 0 0 0 0 0 0 0 0 0 0 0 0 0 0 0 0 0 0 0 0 0 0 0 0 0 0 0 0 0 0 0 0 0 0 0 0 0 0 0 0 0 0 0 0 0 0 0 0 0 0 0 0 0 0 0 0 0 0 0 0 0 0 0 
0 0 0 0 0 0 0 0 0 0 0 0 0 0 0 0 0 0 0 0 0 0 0 0 0 0 0 0 0 0 0 0 0 0 0 0 0 0 0 0 0 0 0 0 0 0 0 0 0 0 0 0 0 0 0 0 0 0 0 0 0 0 0 0 0 0 0 0 0 0 0 0 0 0 0 0 0 0 0 0 0 0 0 0 0 0 0 0 0 0 0 0 0 0 0 0 0 0 0 0 
0 0 0 0 0 0 0 0 0 0 0 0 0 0 0 0 0 0 0 0 0 0 0 0 0 0 0 0 0 0 0 0 0 0 0 0 0 0 0 0 0 0 0 0 0 0 0 0 0 0 0 0 0 0 0 0 0 0 0 0 0 0 0 0 0 0 0 0 0 0 0 0 0 0 0 0 0 0 0 0 0 0 0 0 0 0 0 0 0 0 0 0 0 0 0 0 0 0 0 0 
0 0 0 0 0 0 0 0 0 0 0 0 0 0 0 0 0 0 0 0 0 0 0 0 0 0 0 0 0 0 0 0 0 0 0 0 0 0 0 0 0 0 0 0 0 0 0 0 0 0 0 0 0 0 0 0 0 0 0 0 0 0 0 0 0 0 0 0 0 0 0 0 0 0 0 0 0 0 0 0 0 0 0 0 0 0 0 0 0 0 0 0 0 0 0 0 0 0 0 0 
0 0 0 0 0 0 0 0 0 0 0 0 0 0 0 0 0 0 0 0 0 0 0 0 0 0 0 0 0 0 0 0 0 0 0 0 0 0 0 0 0 0 0 0 0 0 0 0 0 0 0 0 0 0 0 0 0 0 0 0 0 0 0 0 0 0 0 0 0 0 0 0 0 0 0 0 0 0 0 0 0 0 0 0 0 0 0 0 0 0 0 0 0 0 0 0 0 0 0 0 
0 0 0 0 0 0 0 0 0 0 0 0 0 0 0 0 0 0 0 0 0 0 0 0 0 0 0 0 0 0 0 0 0 0 0 0 0 0 0 0 0 0 0 0 0 0 0 0 0 0 0 0 0 0 0 0 0 0 0 0 0 0 0 0 0 0 0 0 0 0 0 0 0 0 0 0 0 0 0 0 0 0 0 0 0 0 0 0 0 0 0 0 0 0 0 0 0 0 0 0 
0 0 0 0 0 0 0 0 0 0 0 0 0 0 0 0 0 0 0 0 0 0 0 0 0 0 0 0 0 0 0 0 0 0 0 0 0 0 0 0 0 0 0 0 0 0 0 0 0 0 0 0 0 0 0 0 0 0 0 0 0 0 0 0 0 0 0 0 0 0 0 0 0 0 0 0 0 0 0 0 0 0 0 0 0 0 0 0 0 0 0 0 0 0 0 0 0 0 0 0 
0 0 0 0 0 0 0 0 0 0 0 0 0 0 0 0 0 0 0 0 0 0 0 0 0 0 0 0 0 0 0 0 0 0 0 0 0 0 0 0 0 0 0 0 0 0 0 0 0 0 0 0 0 0 0 0 0 0 0 0 0 0 0 0 0 0 0 0 0 0 0 0 0 0 0 0 0 0 0 0 0 0 0 0 0 0 0 0 0 0 0 0 0 0 0 0 0 0 0 0 
0 0 0 0 0 0 0 0 0 0 0 0 0 0 0 0 0 0 0 0 0 0 0 0 0 0 0 0 0 0 0 0 0 0 0 0 0 0 0 0 0 0 0 0 0 0 0 0 0 0 0 0 0 0 0 0 0 0 0 0 0 0 0 0 0 0 0 0 0 0 0 0 0 0 0 0 0 0 0 0 0 0 0 0 0 0 0 0 0 0 0 0 0 0 0 0 0 0 0 0 
0 0 0 0 0 0 0 0 0 0 0 0 0 0 0 0 0 0 0 0 0 0 0 0 0 0 0 0 0 0 0 9755 19043 18369 18306 18393 18361 18235 18492 17788 18196 18007 18023 17875 17673 17620 17600 17615 17627 17613 17747 17746 17844 17710 17870 17509 17844 17815 17894 18019 18089 18151 18290 18474 18216 18161 18534 18972 9705 0 0 0 0 0 0 0 0 0 0 0 0 0 0 0 0 0 0 0 0 0 0 0 0 0 0 0 0 0 0 0 
0 0 0 0 0 0 0 0 0 0 0 0 0 0 0 0 0 0 0 0 0 0 0 0 0 0 0 0 0 0 0 18072 35707 33880 33954 34218 34146 34154 33750 33688 33617 33540 33447 33329 33309 32961 32844 33550 33015 32862 33178 33005 33034 33203 33248 33169 33499 33429 33505 34003 33982 34059 34066 34200 34142 34105 33820 35468 17912 0 0 0 0 0 0 0 0 0 0 0 0 0 0 0 0 0 0 0 0 0 0 0 0 0 0 0 0 0 0 0 
0 0 0 0 0 0 0 0 0 0 0 0 0 0 0 0 0 0 0 0 0 0 0 0 0 0 0 0 0 0 0 17740 35209 33838 33781 33863 33672 33659 33453 33136 33125 32958 33010 33002 32916 33034 32890 32891 32617 32659 32567 32630 32575 32939 32885 33222 32882 33506 33265 33171 33442 33842 33849 33744 33564 33439 33664 35249 17639 0 0 0 0 0 0 0 0 0 0 0 0 0 0 0 0 0 0 0 0 0 0 0 0 0 0 0 0 0 0 0 
0 0 0 0 0 0 0 0 0 0 0 0 0 0 0 0 0 0 0 0 0 0 0 0 0 0 0 0 0 0 0 17588 35027 33747 33510 33572 33203 33585 33424 33123 33221 32978 33115 32776 32621 32890 32864 32461 32521 32635 32651 32437 32455 32620 32516 32762 32641 32673 33054 33210 33149 33399 33355 33424 33688 33376 33503 34959 17781 0 0 0 0 0 0 0 0 0 0 0 0 0 0 0 0 0 0 0 0 0 0 0 0 0 0 0 0 0 0 0 
0 0 0 0 0 0 0 0 0 0 0 0 0 0 0 0 0 0 0 0 0 0 0 0 0 0 0 0 0 0 0 18025 35105 33412 33498 33340 33408 33298 33444 33301 33171 32958 32479 32822 32703 32785 32228 32561 32472 32692 32556 32637 32818 32461 32459 32652 32732 32914 32940 33199 33454 33565 33382 33694 33722 33602 33446 34724 17866 0 0 0 0 0 0 0 0 0 0 0 0 0 0 0 0 0 0 0 0 0 0 0 0 0 0 0 0 0 0 0 
0 0 0 0 0 0 0 0 0 0 0 0 0 0 0 0 0 0 0 0 0 0 0 0 0 0 0 0 0 0 0 17686 34680 33477 33246 33574 33520 33307 33221 33072 33353 32988 32995 32316 32698 32390 32480 32425 32378 32488 32197 32296 32082 32389 32859 32647 32707 32958 32742 32761 33144 33438 33768 33512 33420 33504 33452 34820 17697 0 0 0 0 0 0 0 0 0 0 0 0 0 0 0 0 0 0 0 0 0 0 0 0 0 0 0 0 0 0 0 
0 0 0 0 0 0 0 0 0 0 0 0 0 0 0 0 0 0 0 0 0 0 0 0 0 0 0 0 0 0 0 17528 34889 33460 33544 33644 33562 33432 33181 33198 32985 32716 32819 32624 32694 32021 32680 32704 32732 32372 32807 32295 32320 32504 32465 32754 33105 32933 32849 33026 33247 33547 33417 33775 33225 33159 33713 34590 17648 0 0 0 0 0 0 0 0 0 0 0 0 0 0 0 0 0 0 0 0 0 0 0 0 0 0 0 0 0 0 0 
0 0 0 0 0 0 0 0 0 0 0 0 0 0 0 0 0 0 0 0 0 0 0 0 0 0 0 0 0 0 0 17464 34672 33339 33131 33672 33209 33242 33073 33221 32927 32905 32814 32706 32325 32391 32482 32468 32464 32586 32517 32969 32521 32379 32715 32268 32890 32717 32833 32983 32902 33216 33132 33577 33496 33337 33378 34901 17591 0 0 0 0 0 0 0 0 0 0 0 0 0 0 0 0 0 0 0 0 0 0 0 0 0 0 0 0 0 0 0 
0 0 0 0 0 0 0 0 0 0 0 0 0 0 0 0 0 0 0 0 0 0 0 0 0 0 0 0 0 0 0 17515 34893 33325 33549 33277 33053 33141 33038 32877 32775 33206 32891 32715 32735 32339 32115 32383 32304 32268 32256 32198 32445 32394 32758 32588 32277 32829 32855 33143 33099 33256 33364 33263 33274 33349 33453 34509 17546 0 0 0 0 0 0 0 0 0 0 0 0 0 0 0 0 0 0 0 0 0 0 0 0 0 0 0 0 0 0 0 
0 0 0 0 0 0 0 0 0 0 0 0 0 0 0 0 0 0 0 0 0 0 0 0 0 0 0 0 0 0 0 17321 34872 33200 33014 32948 33569 32866 33050 32801 32749 32701 32527 32333 32137 32273 32360 32197 32177 32021 32006 31863 32632 32333 32397 32358 32416 32855 32576 32802 33108 33028 33400 33056 33284 33208 33143 34303 17579 0 0 0 0 0 0 0 0 0 0 0 0 0 0 0 0 0 0 0 0 0 0 0 0 0 0 0 0 0 0 0 
0 0 0 0 0 0 0 0 0 0 0 0 0 0 0 0 0 0 0 0 0 0 0 0 0 0 0 0 0 0 0 17492 34197 32945 32800 32877 33227 33022 32851 32917 32376 32298 32648 32531 32089 32080 32050 32100 31951 32144 32122 31838 31924 32387 31927 32043 32269 32275 32601 32376 32636 32667 32815 33085 32920 32811 33004 34789 17263 0 0 0 0 0 0 0 0 0 0 0 0 0 0 0 0 0 0 0 0 0 0 0 0 0 0 0 0 0 0 0 
0 0 0 0 0 0 0 0 0 0 0 0 0 0 0 0 0 0 0 0 0 0 0 0 0 0 0 0 0 0 0 17411 33992 32927 32656 32590 33078 33015 32509 32547 32406 32467 32380 32143 31759 31290 31456 31575 31519 31872 31497 32009 31736 31914 31694 31996 32034 32124 32199 32286 32405 32471 32842 33006 33134 32706 33133 33894 17291 0 0 0 0 0 0 0 0 0 0 0 0 0 0 0 0 0 0 0 0 0 0 0 0 0 0 0 0 0 0 0 
0 0 0 0 0 0 0 0 0 0 0 0 0 0 0 0 0 0 0 0 0 0 0 0 0 0 0 0 0 0 0 17268 33468 32794 32479 32572 32650 32455 32164 32403 32014 31953 31961 31935 31865 32000 31654 31523 31342 31561 31662 31741 31895 31578 31634 31940 32078 31618 31974 31944 32458 32223 32655 32494 32508 32510 32692 33983 17511 0 0 0 0 0 0 0 0 0 0 0 0 0 0 0 0 0 0 0 0 0 0 0 0 0 0 0 0 0 0 0 
0 0 0 0 0 0 0 0 0 0 0 0 0 0 0 0 0 0 0 0 0 0 0 0 0 0 0 0 0 0 0 17177 33579 32098 32623 32397 32128 32258 32244 32007 31839 32030 31848 31285 31621 31395 31547 31469 31319 31461 31488 31495 31401 31154 31558 31886 31380 31655 31909 31915 32143 32226 32417 32082 32418 32490 32517 33703 17052 0 0 0 0 0 0 0 0 0 0 0 0 0 0 0 0 0 0 0 0 0 0 0 0 0 0 0 0 0 0 0 
0 0 0 0 0 0 0 0 0 0 0 0 0 0 0 0 0 0 0 0 0 0 0 0 0 0 0 0 0 0 0 17058 33575 31975 32155 32182 32078 32161 32135 32039 31773 31551 31337 31805 31346 31503 31346 31321 31347 31236 31363 31517 31111 31253 31420 31591 31497 31687 31926 31742 31704 31771 31906 32275 32146 32156 32188 33657 16949 0 0 0 0 0 0 0 0 0 0 0 0 0 0 0 0 0 0 0 0 0 0 0 0 0 0 0 0 0 0 0 
0 0 0 0 0 0 0 0 0 0 0 0 0 0 0 0 0 0 0 0 0 0 0 0 0 0 0 0 0 0 0 16937 33377 32076 31796 31924 31708 31779 31890 31631 31525 31291 31444 31446 30914 30916 31218 31051 31146 30920 30808 31120 30909 31120 31102 31060 31067 31263 31393 31641 31682 31512 31790 32050 32002 31821 31647 33193 16932 0 0 0 0 0 0 0 0 0 0 0 0 0 0 0 0 0 0 0 0 0 0 0 0 0 0 0 0 0 0 0 
0 0 0 0 0 0 0 0 0 0 0 0 0 0 0 0 0 0 0 0 0 0 0 0 0 0 0 0 0 0 0 16433 32886 31818 31638 31781 31448 31642 31585 31448 31562 31342 31183 31284 30938 30660 31094 30404 30648 30689 30582 31048 31151 31362 30907 30866 31335 31333 31115 31232 31172 31436 31780 31839 31985 31980 31876 33103 16948 0 0 0 0 0 0 0 0 0 0 0 0 0 0 0 0 0 0 0 0 0 0 0 0 0 0 0 0 0 0 0 
0 0 0 0 0 0 0 0 0 0 0 0 0 0 0 0 0 0 0 0 0 0 0 0 0 0 0 0 0 0 0 16581 32981 31349 31487 31568 31687 31473 31437 31615 31073 30749 31004 30897 31068 30545 30627 30590 30748 30491 30493 30788 30590 30759 30755 30625 30638 31082 30878 31201 31131 31538 31167 31227 31867 31585 31348 33345 16776 0 0 0 0 0 0 0 0 0 0 0 0 0 0 0 0 0 0 0 0 0 0 0 0 0 0 0 0 0 0 0 
0 0 0 0 0 0 0 0 0 0 0 0 0 0 0 0 0 0 0 0 0 0 0 0 0 0 0 0 0 0 0 16591 32493 31316 31023 31365 31474 31037 31107 31134 31042 30768 30612 30769 30889 30518 30498 30471 30620 30390 30399 30509 30174 30298 30608 30563 30796 30765 30743 31010 30925 31031 31390 31481 31623 31137 31378 32172 16507 0 0 0 0 0 0 0 0 0 0 0 0 0 0 0 0 0 0 0 0 0 0 0 0 0 0 0 0 0 0 0 
0 0 0 0 0 0 0 0 0 0 0 0 0 0 0 0 0 0 0 0 0 0 0 0 0 0 0 0 0 0 0 16513 32391 31111 31207 31176 31207 31065 30584 30903 30554 30257 30649 30622 30451 30355 30522 30349 30043 30389 30124 29976 29876 30256 30034 30303 30622 30695 30527 30462 31016 31001 30834 31398 31034 31193 31261 32446 16469 0 0 0 0 0 0 0 0 0 0 0 0 0 0 0 0 0 0 0 0 0 0 0 0 0 0 0 0 0 0 0 
0 0 0 0 0 0 0 0 0 0 0 0 0 0 0 0 0 0 0 0 0 0 0 0 0 0 0 0 0 0 0 16466 32202 30953 30992 30957 31057 30368 31092 30641 30609 30522 30114 30276 30462 30176 30366 30079 29941 30100 30083 30059 30238 30427 30207 30083 30569 30486 30408 30802 30478 30397 30732 30937 31290 30936 30871 32251 16228 0 0 0 0 0 0 0 0 0 0 0 0 0 0 0 0 0 0 0 0 0 0 0 0 0 0 0 0 0 0 0 
0 0 0 0 0 0 0 0 0 0 0 0 0 0 0 0 0 0 0 0 0 0 0 0 0 0 0 0 0 0 0 16329 32105 30704 30919 30692 30739 30566 30702 30462 30255 29675 30061 29863 29911 30031 29829 29837 29608 29777 29686 29745 29351 29876 29772 29804 30286 30137 30400 30533 30452 30097 30491 30667 30597 30649 30830 31650 16185 0 0 0 0 0 0 0 0 0 0 0 0 0 0 0 0 0 0 0 0 0 0 0 0 0 0 0 0 0 0 0 
0 0 0 0 0 0 0 0 0 0 0 0 0 0 0 0 0 0 0 0 0 0 0 0 0 0 0 0 0 0 0 16269 31918 30816 30302 30470 30355 30440 30464 30065 29698 29863 29913 29846 29297 29542 29656 29622 29242 29511 29563 29691 29488 29526 29393 29640 29712 29896 30004 30152 30041 30317 30079 30668 30575 30393 30349 31890 15968 0 0 0 0 0 0 0 0 0 0 0 0 0 0 0 0 0 0 0 0 0 0 0 0 0 0 0 0 0 0 0 
0 0 0 0 0 0 0 0 0 0 0 0 0 0 0 0 0 0 0 0 0 0 0 0 0 0 0 0 0 0 0 16239 31458 30282 30281 30500 30117 29920 29995 29982 29838 29763 29460 29592 29295 29562 29164 29446 29249 29339 29243 29659 29437 29430 29385 29489 29694 29756 29634 29720 29804 29967 29951 30038 29922 30062 30090 31223 16093 0 0 0 0 0 0 0 0 0 0 0 0 0 0 0 0 0 0 0 0 0 0 0 0 0 0 0 0 0 0 0 
0 0 0 0 0 0 0 0 0 0 0 0 0 0 0 0 0 0 0 0 0 0 0 0 0 0 0 0 0 0 0 15738 31144 29693 29819 30039 29863 29814 29914 29636 29665 29242 29500 29259 29513 29278 29116 28929 29221 28999 29007 29015 29045 28862 29118 29162 29449 29418 29277 29344 29323 29721 30226 29711 30108 30005 29877 30994 15893 0 0 0 0 0 0 0 0 0 0 0 0 0 0 0 0 0 0 0 0 0 0 0 0 0 0 0 0 0 0 0 
0 0 0 0 0 0 0 0 0 0 0 0 0 0 0 0 0 0 0 0 0 0 0 0 0 0 0 0 0 0 0 15743 30841 29968 30053 29691 29406 29826 29504 29341 29151 29307 29301 29146 28745 28873 28880 29285 28697 29207 28919 29130 28919 28734 28712 29289 29134 29098 29335 29535 29455 29623 29584 29947 29950 29675 29908 31145 15658 0 0 0 0 0 0 0 0 0 0 0 0 0 0 0 0 0 0 0 0 0 0 0 0 0 0 0 0 0 0 0 
0 0 0 0 0 0 0 0 0 0 0 0 0 0 0 0 0 0 0 0 0 0 0 0 0 0 0 0 0 0 0 15715 31212 29643 29612 29757 29719 29826 29832 29429 29114 29079 28819 28724 28977 28870 29016 29076 28981 28792 28872 28735 29210 29063 29247 28848 29193 29276 29323 29320 29398 29228 30179 29962 29850 29899 29884 30978 15720 0 0 0 0 0 0 0 0 0 0 0 0 0 0 0 0 0 0 0 0 0 0 0 0 0 0 0 0 0 0 0 
0 0 0 0 0 0 0 0 0 0 0 0 0 0 0 0 0 0 0 0 0 0 0 0 0 0 0 0 0 0 0 15513 30760 29857 30233 29625 29600 29420 29514 29286 29537 29223 29082 28939 28869 28992 28864 28963 28868 28786 28591 28835 28900 28903 28953 28773 29079 28971 29532 29277 29458 29856 29446 29489 29599 29244 29746 31101 15784 0 0 0 0 0 0 0 0 0 0 0 0 0 0 0 0 0 0 0 0 0 0 0 0 0 0 0 0 0 0 0 
0 0 0 0 0 0 0 0 0 0 0 0 0 0 0 0 0 0 0 0 0 0 0 0 0 0 0 0 0 0 0 15519 31082 29739 29388 29641 29862 29996 29712 29600 29340 29136 29113 29040 28859 28916 28695 28935 28602 28751 28936 28511 28638 28800 29157 28979 28976 28966 29133 29102 29559 29235 29592 29559 29708 29887 29888 30904 15921 0 0 0 0 0 0 0 0 0 0 0 0 0 0 0 0 0 0 0 0 0 0 0 0 0 0 0 0 0 0 0 
0 0 0 0 0 0 0 0 0 0 0 0 0 0 0 0 0 0 0 0 0 0 0 0 0 0 0 0 0 0 0 15602 30591 29806 29582 29857 29828 29538 29292 29577 29054 29328 29171 29220 28699 29198 28958 28850 28463 28744 28802 28646 28801 29014 28898 28703 29043 28996 29069 29521 29323 29610 29533 29495 29688 29861 29779 30923 15812 0 0 0 0 0 0 0 0 0 0 0 0 0 0 0 0 0 0 0 0 0 0 0 0 0 0 0 0 0 0 0 
0 0 0 0 0 0 0 0 0 0 0 0 0 0 0 0 0 0 0 0 0 0 0 0 0 0 0 0 0 0 0 15621 30766 29323 29370 29594 29758 29748 29395 29115 29224 29201 29216 29391 28670 28796 28810 28774 28394 28572 28715 28603 28583 28588 28714 28994 28962 29292 29058 29212 29336 29750 29781 29433 29514 29643 29146 30874 15770 0 0 0 0 0 0 0 0 0 0 0 0 0 0 0 0 0 0 0 0 0 0 0 0 0 0 0 0 0 0 0 
0 0 0 0 0 0 0 0 0 0 0 0 0 0 0 0 0 0 0 0 0 0 0 0 0 0 0 0 0 0 0 15794 30692 29920 29880 29600 29643 29505 29428 29254 29151 29369 28819 29190 28925 28696 28752 28617 28800 28724 28487 28821 28876 28790 28774 28765 28983 29096 28894 29503 29099 29674 29181 29486 29730 29582 29521 30732 15768 0 0 0 0 0 0 0 0 0 0 0 0 0 0 0 0 0 0 0 0 0 0 0 0 0 0 0 0 0 0 0 
0 0 0 0 0 0 0 0 0 0 0 0 0 0 0 0 0 0 0 0 0 0 0 0 0 0 0 0 0 0 0 15846 30638 29929 29759 29716 29627 29594 29316 29263 29060 29029 28794 29051 29084 28930 28620 28624 28518 28590 28514 28938 28531 28770 28997 28832 28907 28783 29289 29150 29279 29167 29049 29600 29472 29472 29453 30544 15533 0 0 0 0 0 0 0 0 0 0 0 0 0 0 0 0 0 0 0 0 0 0 0 0 0 0 0 0 0 0 0 
0 0 0 0 0 0 0 0 0 0 0 0 0 0 0 0 0 0 0 0 0 0 0 0 0 0 0 0 0 0 0 15690 30703 29533 29582 29160 29480 29490 29462 29220 29492 28972 29236 28798 28942 29270 28766 28961 28598 28885 29065 28618 28538 28500 29151 28926 28800 29060 29280 29193 29194 29393 29642 29707 29406 29743 29761 30940 15900 0 0 0 0 0 0 0 0 0 0 0 0 0 0 0 0 0 0 0 0 0 0 0 0 0 0 0 0 0 0 0 
0 0 0 0 0 0 0 0 0 0 0 0 0 0 0 0 0 0 0 0 0 0 0 0 0 0 0 0 0 0 0 15587 30841 29648 29540 29593 29347 29198 29242 29099 29217 28727 28733 28906 28553 28756 28657 28203 28850 28987 28552 28645 28648 28711 28655 28689 28924 28899 28936 29026 29544 29355 29556 29647 29815 29544 29568 30769 15715 0 0 0 0 0 0 0 0 0 0 0 0 0 0 0 0 0 0 0 0 0 0 0 0 0 0 0 0 0 0 0 
0 0 0 0 0 0 0 0 0 0 0 0 0 0 0 0 0 0 0 0 0 0 0 0 0 0 0 0 0 0 0 15444 30651 29792 29171 29803 29614 29595 29458 29721 29312 29006 29105 28759 29234 28838 28481 28792 28452 28558 28810 28396 28992 28692 28763 28886 28775 29153 29427 29196 29319 29433 29301 29507 29466 29675 29750 30812 15836 0 0 0 0 0 0 0 0 0 0 0 0 0 0 0 0 0 0 0 0 0 0 0 0 0 0 0 0 0 0 0 
0 0 0 0 0 0 0 0 0 0 0 0 0 0 0 0 0 0 0 0 0 0 0 0 0 0 0 0 0 0 0 15743 30937 29440 29525 29512 29734 29459 29573 29344 29116 29059 29145 29029 28667 28425 28847 28469 28708 28769 28745 28738 28650 28680 28908 28733 28682 28862 29192 29202 29121 29302 29771 29266 29814 29352 29576 31005 15640 0 0 0 0 0 0 0 0 0 0 0 0 0 0 0 0 0 0 0 0 0 0 0 0 0 0 0 0 0 0 0 
0 0 0 0 0 0 0 0 0 0 0 0 0 0 0 0 0 0 0 0 0 0 0 0 0 0 0 0 0 0 0 15645 30672 29633 29689 29464 29511 29296 29628 29162 28784 29050 29211 28749 28635 28548 28834 28782 28863 28680 28652 28858 28703 28677 28579 28646 28877 29017 28861 29194 29267 29580 29694 29481 29651 29606 29575 30686 15339 0 0 0 0 0 0 0 0 0 0 0 0 0 0 0 0 0 0 0 0 0 0 0 0 0 0 0 0 0 0 0 
0 0 0 0 0 0 0 0 0 0 0 0 0 0 0 0 0 0 0 0 0 0 0 0 0 0 0 0 0 0 0 15690 30492 29906 29344 29711 29912 29395 29185 29145 29255 28866 28759 28608 28734 29183 28979 28588 28600 28691 28687 28806 28828 28926 28955 28669 29085 28883 28668 29114 29363 29348 29604 29616 29697 29386 29745 30526 15662 0 0 0 0 0 0 0 0 0 0 0 0 0 0 0 0 0 0 0 0 0 0 0 0 0 0 0 0 0 0 0 
0 0 0 0 0 0 0 0 0 0 0 0 0 0 0 0 0 0 0 0 0 0 0 0 0 0 0 0 0 0 0 15651 30923 29653 29679 29486 29360 29636 29250 29139 29173 29276 29115 29029 28936 28746 28914 28323 28430 28853 28384 28425 28379 28864 28837 28790 28856 29069 28966 29282 29277 29205 29257 29489 29476 29718 29520 30567 15602 0 0 0 0 0 0 0 0 0 0 0 0 0 0 0 0 0 0 0 0 0 0 0 0 0 0 0 0 0 0 0 
0 0 0 0 0 0 0 0 0 0 0 0 0 0 0 0 0 0 0 0 0 0 0 0 0 0 0 0 0 0 0 15386 31001 29324 29578 29559 29501 29110 29676 29656 29333 29143 29027 29310 28626 28897 28837 28718 28749 28522 28596 28745 28465 28960 28565 28907 28759 29020 29082 29110 29245 29444 29770 29552 29696 29261 29397 30774 15636 0 0 0 0 0 0 0 0 0 0 0 0 0 0 0 0 0 0 0 0 0 0 0 0 0 0 0 0 0 0 0 
0 0 0 0 0 0 0 0 0 0 0 0 0 0 0 0 0 0 0 0 0 0 0 0 0 0 0 0 0 0 0 15528 30799 29430 29583 29589 29775 29553 29601 29512 29483 28818 28902 28942 28772 28986 28735 28669 28479 28369 28499 28542 28811 28776 28721 28608 29089 28491 29190 29296 29347 29301 29500 29752 29472 29525 29668 30487 15612 0 0 0 0 0 0 0 0 0 0 0 0 0 0 0 0 0 0 0 0 0 0 0 0 0 0 0 0 0 0 0 
0 0 0 0 0 0 0 0 0 0 0 0 0 0 0 0 0 0 0 0 0 0 0 0 0 0 0 0 0 0 0 15609 30854 29676 29238 29505 29522 29728 29233 28906 29265 28932 28973 28788 29004 28673 28819 28757 28601 28670 28861 28762 28560 28925 28774 28788 28962 29241 28668 29337 29244 29527 29588 29523 29634 29568 29468 30628 15502 0 0 0 0 0 0 0 0 0 0 0 0 0 0 0 0 0 0 0 0 0 0 0 0 0 0 0 0 0 0 0 
0 0 0 0 0 0 0 0 0 0 0 0 0 0 0 0 0 0 0 0 0 0 0 0 0 0 0 0 0 0 0 15742 30536 29393 29447 29461 29481 29428 29643 29427 29053 29000 29095 28973 28735 28572 28689 28724 28466 28542 28743 28627 28618 29016 28576 28836 28962 28935 29047 29232 29650 29582 29461 29890 29950 29633 29517 31324 15601 0 0 0 0 0 0 0 0 0 0 0 0 0 0 0 0 0 0 0 0 0 0 0 0 0 0 0 0 0 0 0 
0 0 0 0 0 0 0 0 0 0 0 0 0 0 0 0 0 0 0 0 0 0 0 0 0 0 0 0 0 0 0 15854 30672 29796 29687 29540 29761 29130 29426 29334 29376 28779 28819 28790 29324 28879 28715 28538 28873 28360 28411 28665 29018 28760 28914 29017 29250 29345 28984 28918 29177 29128 29872 29542 29774 29633 29620 30604 15595 0 0 0 0 0 0 0 0 0 0 0 0 0 0 0 0 0 0 0 0 0 0 0 0 0 0 0 0 0 0 0 
0 0 0 0 0 0 0 0 0 0 0 0 0 0 0 0 0 0 0 0 0 0 0 0 0 0 0 0 0 0 0 15505 31127 29778 29513 29441 29581 29490 29258 29438 29125 28783 29398 28845 28753 28825 28849 28888 28663 28563 29056 28667 28762 28962 28619 28619 29386 29095 28713 29073 29202 29255 29885 29676 29640 29473 29575 30840 15591 0 0 0 0 0 0 0 0 0 0 0 0 0 0 0 0 0 0 0 0 0 0 0 0 0 0 0 0 0 0 0 
0 0 0 0 0 0 0 0 0 0 0 0 0 0 0 0 0 0 0 0 0 0 0 0 0 0 0 0 0 0 0 15736 30704 29933 29462 29583 29728 29542 29245 29511 29084 28960 29091 29102 28910 29032 28453 28803 28912 28853 28804 28778 28838 29078 29032 29021 28717 29066 29077 29363 29410 29595 29426 29620 29940 29879 30118 30663 15587 0 0 0 0 0 0 0 0 0 0 0 0 0 0 0 0 0 0 0 0 0 0 0 0 0 0 0 0 0 0 0 
0 0 0 0 0 0 0 0 0 0 0 0 0 0 0 0 0 0 0 0 0 0 0 0 0 0 0 0 0 0 0 15810 30540 29450 29575 29736 29648 29607 29496 29193 29343 29184 28802 28947 28649 29028 28781 28967 28801 28701 28771 28714 28883 28889 28804 28828 28873 29162 29016 29412 29338 29508 29634 29459 29492 29514 29640 30905 15650 0 0 0 0 0 0 0 0 0 0 0 0 0 0 0 0 0 0 0 0 0 0 0 0 0 0 0 0 0 0 0 
0 0 0 0 0 0 0 0 0 0 0 0 0 0 0 0 0 0 0 0 0 0 0 0 0 0 0 0 0 0 0 15849 30827 29597 29465 29639 29427 29797 29591 29408 29081 29350 29170 29120 28661 29104 29164 28666 29051 28761 28834 28756 28975 28804 28929 28821 29157 29039 29290 29311 29603 29562 29589 29623 29654 29791 29715 31025 15649 0 0 0 0 0 0 0 0 0 0 0 0 0 0 0 0 0 0 0 0 0 0 0 0 0 0 0 0 0 0 0 
0 0 0 0 0 0 0 0 0 0 0 0 0 0 0 0 0 0 0 0 0 0 0 0 0 0 0 0 0 0 0 15579 31033 29500 29466 29798 29635 29542 29584 29417 29378 29590 29167 28871 28978 29005 28826 28613 28485 28978 28818 28831 28624 28742 29283 29126 29063 29588 29145 29295 29277 29414 29352 29777 29471 29621 30076 30846 15857 0 0 0 0 0 0 0 0 0 0 0 0 0 0 0 0 0 0 0 0 0 0 0 0 0 0 0 0 0 0 0 
0 0 0 0 0 0 0 0 0 0 0 0 0 0 0 0 0 0 0 0 0 0 0 0 0 0 0 0 0 0 0 15945 30965 29879 29437 29525 29723 29399 29993 29173 29348 29045 29314 29063 29085 28586 28799 28823 28867 29030 28768 28791 28859 28961 28824 28860 29015 29333 29118 29167 29546 29732 29891 30045 29705 30007 29740 31127 15845 0 0 0 0 0 0 0 0 0 0 0 0 0 0 0 0 0 0 0 0 0 0 0 0 0 0 0 0 0 0 0 
0 0 0 0 0 0 0 0 0 0 0 0 0 0 0 0 0 0 0 0 0 0 0 0 0 0 0 0 0 0 0 15997 31160 29858 29898 30159 30071 30116 30043 29529 29705 29246 29322 29432 29158 29277 29082 29226 29002 28809 28896 29018 29095 29165 29204 29347 29360 29175 29763 29709 29632 29510 29886 29791 30015 29977 29927 31261 15852 0 0 0 0 0 0 0 0 0 0 0 0 0 0 0 0 0 0 0 0 0 0 0 0 0 0 0 0 0 0 0 
0 0 0 0 0 0 0 0 0 0 0 0 0 0 0 0 0 0 0 0 0 0 0 0 0 0 0 0 0 0 0 15860 31280 29877 30205 30135 30248 29963 29918 29934 29784 29698 29510 29548 29451 29584 29384 29233 29406 29325 29191 29085 29363 29265 29392 29246 29394 29446 29576 29575 30056 30052 30395 30159 30013 30191 30595 31635 16131 0 0 0 0 0 0 0 0 0 0 0 0 0 0 0 0 0 0 0 0 0 0 0 0 0 0 0 0 0 0 0 
0 0 0 0 0 0 0 0 0 0 0 0 0 0 0 0 0 0 0 0 0 0 0 0 0 0 0 0 0 0 0 15956 31594 30330 30438 30395 30111 30332 30404 30248 30218 29867 29736 29799 29582 29715 29799 29593 29355 29832 29369 29743 29264 29791 29648 29639 29789 29953 30076 29966 30326 30392 30038 30708 30580 30453 30514 31769 16111 0 0 0 0 0 0 0 0 0 0 0 0 0 0 0 0 0 0 0 0 0 0 0 0 0 0 0 0 0 0 0 
0 0 0 0 0 0 0 0 0 0 0 0 0 0 0 0 0 0 0 0 0 0 0 0 0 0 0 0 0 0 0 16092 31851 30824 30724 30357 30639 30550 30182 30197 30417 30145 30118 29793 29994 29777 29543 29706 29776 29853 29501 29895 29705 29651 30019 30244 29954 29753 30264 30191 30454 30465 30578 30635 30788 30648 30777 31958 16278 0 0 0 0 0 0 0 0 0 0 0 0 0 0 0 0 0 0 0 0 0 0 0 0 0 0 0 0 0 0 0 
0 0 0 0 0 0 0 0 0 0 0 0 0 0 0 0 0 0 0 0 0 0 0 0 0 0 0 0 0 0 0 16347 32152 31053 30747 30553 30928 30948 30537 30739 30419 30651 30287 30313 29920 30273 29964 30076 30085 30222 29792 30218 30237 29877 30028 29903 29968 30166 30331 30413 30530 30818 30856 30929 30674 31065 30809 32044 16409 0 0 0 0 0 0 0 0 0 0 0 0 0 0 0 0 0 0 0 0 0 0 0 0 0 0 0 0 0 0 0 
0 0 0 0 0 0 0 0 0 0 0 0 0 0 0 0 0 0 0 0 0 0 0 0 0 0 0 0 0 0 0 15937 32306 31437 30980 31108 31269 31154 30926 30470 30607 30321 30304 30531 30348 30312 30114 30065 30174 30148 30154 30134 30319 30033 29948 30326 30426 30653 30501 30678 30558 31140 31068 31224 31151 31351 30873 32563 16642 0 0 0 0 0 0 0 0 0 0 0 0 0 0 0 0 0 0 0 0 0 0 0 0 0 0 0 0 0 0 0 
0 0 0 0 0 0 0 0 0 0 0 0 0 0 0 0 0 0 0 0 0 0 0 0 0 0 0 0 0 0 0 16654 32423 31358 31608 31121 31319 31592 30969 30981 31283 30521 30727 30527 30389 30516 30471 30360 30416 30602 30534 30046 30368 30533 30713 30554 30719 30601 30689 30727 31280 31088 31143 31574 31307 31415 31291 32519 16350 0 0 0 0 0 0 0 0 0 0 0 0 0 0 0 0 0 0 0 0 0 0 0 0 0 0 0 0 0 0 0 
0 0 0 0 0 0 0 0 0 0 0 0 0 0 0 0 0 0 0 0 0 0 0 0 0 0 0 0 0 0 0 16824 32968 31746 31788 31557 31521 31153 31533 31363 31221 30889 30593 30943 30612 30815 30703 30818 30698 30913 30354 30544 30173 30797 30633 30764 30811 30947 30886 30865 31133 31319 31336 31711 31434 31299 31080 32824 16643 0 0 0 0 0 0 0 0 0 0 0 0 0 0 0 0 0 0 0 0 0 0 0 0 0 0 0 0 0 0 0 
0 0 0 0 0 0 0 0 0 0 0 0 0 0 0 0 0 0 0 0 0 0 0 0 0 0 0 0 0 0 0 16771 32904 31732 31852 31812 31812 31585 31595 31353 31452 31180 31236 30544 30896 31260 30861 30774 30429 30709 30981 30770 30772 30774 31086 30847 31084 31219 31297 31474 31403 31281 31570 31491 31732 31930 31746 32736 16865 0 0 0 0 0 0 0 0 0 0 0 0 0 0 0 0 0 0 0 0 0 0 0 0 0 0 0 0 0 0 0 
0 0 0 0 0 0 0 0 0 0 0 0 0 0 0 0 0 0 0 0 0 0 0 0 0 0 0 0 0 0 0 16618 33312 31985 31995 31928 32257 32097 31785 31776 31569 31220 30802 31299 31319 30868 31159 30844 30981 30838 30627 30806 30797 31130 31039 30898 31434 31128 31634 31613 31597 31925 32001 32305 31989 31712 31720 33327 16942 0 0 0 0 0 0 0 0 0 0 0 0 0 0 0 0 0 0 0 0 0 0 0 0 0 0 0 0 0 0 0 
0 0 0 0 0 0 0 0 0 0 0 0 0 0 0 0 0 0 0 0 0 0 0 0 0 0 0 0 0 0 0 17243 33544 32165 32140 32221 32206 32134 32159 31914 31534 31651 31260 31588 31449 31229 31082 31518 31436 30862 31412 31458 31022 31282 30852 31607 31300 31393 31650 31704 31882 31797 32193 32103 32040 32134 32012 33238 17069 0 0 0 0 0 0 0 0 0 0 0 0 0 0 0 0 0 0 0 0 0 0 0 0 0 0 0 0 0 0 0 
0 0 0 0 0 0 0 0 0 0 0 0 0 0 0 0 0 0 0 0 0 0 0 0 0 0 0 0 0 0 0 17250 33401 32443 32470 32151 32451 32204 32060 31882 31913 31765 31790 31692 31670 31485 31330 31429 31048 31228 30881 31256 31315 31365 31126 31763 31454 31674 31972 32177 31625 32297 32032 32170 32141 32382 32534 33738 17219 0 0 0 0 0 0 0 0 0 0 0 0 0 0 0 0 0 0 0 0 0 0 0 0 0 0 0 0 0 0 0 
0 0 0 0 0 0 0 0 0 0 0 0 0 0 0 0 0 0 0 0 0 0 0 0 0 0 0 0 0 0 0 17245 33872 32208 32259 32507 32335 32547 32232 32196 32227 32515 32156 31656 31891 31491 31679 31752 31598 31614 31549 31436 31634 31753 31852 31574 31838 31849 31846 32003 32419 32419 32362 32489 32687 32345 32590 33762 17356 0 0 0 0 0 0 0 0 0 0 0 0 0 0 0 0 0 0 0 0 0 0 0 0 0 0 0 0 0 0 0 
0 0 0 0 0 0 0 0 0 0 0 0 0 0 0 0 0 0 0 0 0 0 0 0 0 0 0 0 0 0 0 17259 34164 32892 32772 33135 33000 32655 33011 32406 32432 32279 32126 32366 31973 31835 31606 31879 31563 31983 31495 31806 31534 31440 31804 32149 31797 32055 32211 32630 32446 32280 33016 32822 32746 32720 32672 33572 17192 0 0 0 0 0 0 0 0 0 0 0 0 0 0 0 0 0 0 0 0 0 0 0 0 0 0 0 0 0 0 0 
0 0 0 0 0 0 0 0 0 0 0 0 0 0 0 0 0 0 0 0 0 0 0 0 0 0 0 0 0 0 0 17583 34030 32844 33210 32761 32967 32763 33224 32760 32313 32192 32393 32498 32120 31848 31908 32357 32016 32358 31562 31861 32280 32245 31898 32498 32045 32364 32544 32624 32957 32819 32797 32981 32891 33029 33015 33792 17148 0 0 0 0 0 0 0 0 0 0 0 0 0 0 0 0 0 0 0 0 0 0 0 0 0 0 0 0 0 0 0 
0 0 0 0 0 0 0 0 0 0 0 0 0 0 0 0 0 0 0 0 0 0 0 0 0 0 0 0 0 0 0 17795 34694 33324 32697 33147 33220 33539 33159 32975 32316 32348 32618 32534 32382 31959 32149 31997 32095 32364 32245 32181 32456 31824 32266 32509 32243 32235 32484 32247 32632 32756 33445 33565 33379 32960 33256 34453 17487 0 0 0 0 0 0 0 0 0 0 0 0 0 0 0 0 0 0 0 0 0 0 0 0 0 0 0 0 0 0 0 
0 0 0 0 0 0 0 0 0 0 0 0 0 0 0 0 0 0 0 0 0 0 0 0 0 0 0 0 0 0 0 17431 34291 33684 33331 33237 33629 33012 32676 32804 32779 32928 32657 32462 32659 32307 32290 32112 32412 32034 32112 32314 32213 32783 32789 32547 32641 32469 33032 32721 32909 33375 33389 33342 33352 33430 33155 34651 17443 0 0 0 0 0 0 0 0 0 0 0 0 0 0 0 0 0 0 0 0 0 0 0 0 0 0 0 0 0 0 0 
0 0 0 0 0 0 0 0 0 0 0 0 0 0 0 0 0 0 0 0 0 0 0 0 0 0 0 0 0 0 0 17723 34453 33574 33238 33140 33138 33245 33189 33016 32617 32828 32861 32514 32208 32683 32549 32220 32415 32245 32431 32417 32297 32746 32533 32652 32448 32636 32453 32787 32827 33253 33586 33232 33436 33302 33513 34684 17885 0 0 0 0 0 0 0 0 0 0 0 0 0 0 0 0 0 0 0 0 0 0 0 0 0 0 0 0 0 0 0 
0 0 0 0 0 0 0 0 0 0 0 0 0 0 0 0 0 0 0 0 0 0 0 0 0 0 0 0 0 0 0 17841 34841 33402 33715 33238 33238 33714 33169 32855 32966 32748 32623 32876 32589 32599 32787 32134 32687 32790 32416 32516 32570 32311 32350 32753 32733 32970 32814 32905 32966 33039 33360 33315 33363 33308 33440 34883 17424 0 0 0 0 0 0 0 0 0 0 0 0 0 0 0 0 0 0 0 0 0 0 0 0 0 0 0 0 0 0 0 
0 0 0 0 0 0 0 0 0 0 0 0 0 0 0 0 0 0 0 0 0 0 0 0 0 0 0 0 0 0 0 17644 34651 33637 33346 33765 33549 33194 33234 33037 33166 32733 32721 32748 32699 32365 32127 32301 32309 32696 32094 32467 32421 32392 32749 32477 32810 32893 32933 32835 33179 33142 33299 33702 33418 33444 33156 34975 17626 0 0 0 0 0 0 0 0 0 0 0 0 0 0 0 0 0 0 0 0 0 0 0 0 0 0 0 0 0 0 0 
0 0 0 0 0 0 0 0 0 0 0 0 0 0 0 0 0 0 0 0 0 0 0 0 0 0 0 0 0 0 0 17613 34749 33711 33189 33482 33644 33081 33616 33347 32984 33051 32923 32269 32298 32391 32583 32237 32152 32928 32234 32495 32431 32461 32612 32607 32701 32901 32687 32960 32972 33391 33665 33007 33501 33209 33478 34689 17616 0 0 0 0 0 0 0 0 0 0 0 0 0 0 0 0 0 0 0 0 0 0 0 0 0 0 0 0 0 0 0 
0 0 0 0 0 0 0 0 0 0 0 0 0 0 0 0 0 0 0 0 0 0 0 0 0 0 0 0 0 0 0 17633 34723 33954 33553 33705 33625 33090 33451 33081 33338 32938 32696 32847 32597 32696 32420 32369 32352 32548 32497 32639 32520 32550 32871 32860 32940 33030 33021 33182 33253 33160 33344 33589 33479 33450 33613 34818 17804 0 0 0 0 0 0 0 0 0 0 0 0 0 0 0 0 0 0 0 0 0 0 0 0 0 0 0 0 0 0 0 
0 0 0 0 0 0 0 0 0 0 0 0 0 0 0 0 0 0 0 0 0 0 0 0 0 0 0 0 0 0 0 17865 35071 33814 33593 33748 33567 33635 33462 33648 32993 33116 33042 32955 32795 32837 32628 32879 32703 32785 32593 32579 32615 32709 32702 32900 33102 33043 33094 33247 33632 33519 33497 33397 33940 33714 33816 35137 17432 0 0 0 0 0 0 0 0 0 0 0 0 0 0 0 0 0 0 0 0 0 0 0 0 0 0 0 0 0 0 0 
0 0 0 0 0 0 0 0 0 0 0 0 0 0 0 0 0 0 0 0 0 0 0 0 0 0 0 0 0 0 0 17817 35175 33952 33779 34079 34336 33585 33537 33459 33530 33083 33063 33177 33213 33061 32817 32942 32964 32797 32801 32515 33044 33168 33264 32875 33330 33377 33131 33663 33562 33917 33896 34073 33932 33943 34002 35513 18074 0 0 0 0 0 0 0 0 0 0 0 0 0 0 0 0 0 0 0 0 0 0 0 0 0 0 0 0 0 0 0 
0 0 0 0 0 0 0 0 0 0 0 0 0 0 0 0 0 0 0 0 0 0 0 0 0 0 0 0 0 0 0 9591 18816 18297 18208 18197 18301 18092 18179 17922 18133 17894 17890 17726 17865 18132 17946 17688 17674 17580 17553 17794 17692 17550 17633 17727 17679 17894 18085 18166 18108 18075 18165 18146 18241 18223 18139 19145 9549 0 0 0 0 0 0 0 0 0 0 0 0 0 0 0 0 0 0 0 0 0 0 0 0 0 0 0 0 0 0 0 
0 0 0 0 0 0 0 0 0 0 0 0 0 0 0 0 0 0 0 0 0 0 0 0 0 0 0 0 0 0 0 0 0 0 0 0 0 0 0 0 0 0 0 0 0 0 0 0 0 0 0 0 0 0 0 0 0 0 0 0 0 0 0 0 0 0 0 0 0 0 0 0 0 0 0 0 0 0 0 0 0 0 0 0 0 0 0 0 0 0 0 0 0 0 0 0 0 0 0 0 
0 0 0 0 0 0 0 0 0 0 0 0 0 0 0 0 0 0 0 0 0 0 0 0 0 0 0 0 0 0 0 0 0 0 0 0 0 0 0 0 0 0 0 0 0 0 0 0 0 0 0 0 0 0 0 0 0 0 0 0 0 0 0 0 0 0 0 0 0 0 0 0 0 0 0 0 0 0 0 0 0 0 0 0 0 0 0 0 0 0 0 0 0 0 0 0 0 0 0 0 
0 0 0 0 0 0 0 0 0 0 0 0 0 0 0 0 0 0 0 0 0 0 0 0 0 0 0 0 0 0 0 0 0 0 0 0 0 0 0 0 0 0 0 0 0 0 0 0 0 0 0 0 0 0 0 0 0 0 0 0 0 0 0 0 0 0 0 0 0 0 0 0 0 0 0 0 0 0 0 0 0 0 0 0 0 0 0 0 0 0 0 0 0 0 0 0 0 0 0 0 
0 0 0 0 0 0 0 0 0 0 0 0 0 0 0 0 0 0 0 0 0 0 0 0 0 0 0 0 0 0 0 0 0 0 0 0 0 0 0 0 0 0 0 0 0 0 0 0 0 0 0 0 0 0 0 0 0 0 0 0 0 0 0 0 0 0 0 0 0 0 0 0 0 0 0 0 0 0 0 0 0 0 0 0 0 0 0 0 0 0 0 0 0 0 0 0 0 0 0 0 
0 0 0 0 0 0 0 0 0 0 0 0 0 0 0 0 0 0 0 0 0 0 0 0 0 0 0 0 0 0 0 0 0 0 0 0 0 0 0 0 0 0 0 0 0 0 0 0 0 0 0 0 0 0 0 0 0 0 0 0 0 0 0 0 0 0 0 0 0 0 0 0 0 0 0 0 0 0 0 0 0 0 0 0 0 0 0 0 0 0 0 0 0 0 0 0 0 0 0 0 
0 0 0 0 0 0 0 0 0 0 0 0 0 0 0 0 0 0 0 0 0 0 0 0 0 0 0 0 0 0 0 0 0 0 0 0 0 0 0 0 0 0 0 0 0 0 0 0 0 0 0 0 0 0 0 0 0 0 0 0 0 0 0 0 0 0 0 0 0 0 0 0 0 0 0 0 0 0 0 0 0 0 0 0 0 0 0 0 0 0 0 0 0 0 0 0 0 0 0 0 
0 0 0 0 0 0 0 0 0 0 0 0 0 0 0 0 0 0 0 0 0 0 0 0 0 0 0 0 0 0 0 0 0 0 0 0 0 0 0 0 0 0 0 0 0 0 0 0 0 0 0 0 0 0 0 0 0 0 0 0 0 0 0 0 0 0 0 0 0 0 0 0 0 0 0 0 0 0 0 0 0 0 0 0 0 0 0 0 0 0 0 0 0 0 0 0 0 0 0 0 
0 0 0 0 0 0 0 0 0 0 0 0 0 0 0 0 0 0 0 0 0 0 0 0 0 0 0 0 0 0 0 0 0 0 0 0 0 0 0 0 0 0 0 0 0 0 0 0 0 0 0 0 0 0 0 0 0 0 0 0 0 0 0 0 0 0 0 0 0 0 0 0 0 0 0 0 0 0 0 0 0 0 0 0 0 0 0 0 0 0 0 0 0 0 0 0 0 0 0 0 
0 0 0 0 0 0 0 0 0 0 0 0 0 0 0 0 0 0 0 0 0 0 0 0 0 0 0 0 0 0 0 0 0 0 0 0 0 0 0 0 0 0 0 0 0 0 0 0 0 0 0 0 0 0 0 0 0 0 0 0 0 0 0 0 0 0 0 0 0 0 0 0 0 0 0 0 0 0 0 0 0 0 0 0 0 0 0 0 0 0 0 0 0 0 0 0 0 0 0 0 
0 0 0 0 0 0 0 0 0 0 0 0 0 0 0 0 0 0 0 0 0 0 0 0 0 0 0 0 0 0 0 0 0 0 0 0 0 0 0 0 0 0 0 0 0 0 0 0 0 0 0 0 0 0 0 0 0 0 0 0 0 0 0 0 0 0 0 0 0 0 0 0 0 0 0 0 0 0 0 0 0 0 0 0 0 0 0 0 0 0 0 0 0 0 0 0 0 0 0 0 
0 0 0 0 0 0 0 0 0 0 0 0 0 0 0 0 0 0 0 0 0 0 0 0 0 0 0 0 0 0 0 0 0 0 0 0 0 0 0 0 0 0 0 0 0 0 0 0 0 0 0 0 0 0 0 0 0 0 0 0 0 0 0 0 0 0 0 0 0 0 0 0 0 0 0 0 0 0 0 0 0 0 0 0 0 0 0 0 0 0 0 0 0 0 0 0 0 0 0 0 
0 0 0 0 0 0 0 0 0 0 0 0 0 0 0 0 0 0 0 0 0 0 0 0 0 0 0 0 0 0 0 0 0 0 0 0 0 0 0 0 0 0 0 0 0 0 0 0 0 0 0 0 0 0 0 0 0 0 0 0 0 0 0 0 0 0 0 0 0 0 0 0 0 0 0 0 0 0 0 0 0 0 0 0 0 0 0 0 0 0 0 0 0 0 0 0 0 0 0 0 
