# Format: McCode with text headers
# URL: http://www.mccode.org
# Creator:  3.6.14, git
# Instrument: FullInstrument_v5_working.instr
# Ncount: 6250000
# Trace: no
# Gravitation: no
# Seed: 1780237676131855
# Directory: FullInstrument_v5_working_20260531_162438/2
# Nodes: 8
# Param: SourceE=5
# Param: DeltaSourceE=0.5
# Param: EI=5
# Param: A3=0
# Param: A4=-45
# Param: SAMPLE=0
# Param: RV_mono_Bool=1
# Param: RH_mono_Bool=1
# Param: Lv=1.872
# Param: Lh=1.34
# Param: monoShieldingWidth=0.062
# Param: monoShieldingHeight=0.14
# Param: monoShieldingDistance=0.235
# Param: MonoShielding=1
# Param: Be_filter=1
# Param: sampleHeight=0.04
# Param: sampleRadius=0.0075
# Param: sampleThickness=0.00175
# Param: samplePosY=0
# Param: sampleFluxDiagnosticXWidth=0.08
# Param: sampleFluxDiagnosticYHeight=0.08
# Date: Sun May 31 16:29:32 2026 (1780237772)
# type: array_2d(100, 100)
# Source: PSI_CAMEA (FullInstrument_v5_working.instr)
# component: SlitMonitor
# position: 1.44281 0 37.5811
# title: PSD monitor
# Ncount: 50000000
# filename: SlitMonitor.dat
# statistics: X0=0.0280763; dX=0.833581; Y0=-0.000313904; dY=0.841679;
# signal: Min=0; Max=14044.3; Mean=5549.16;
# values: 5.54916e+07 54092.3 1.5322e+06
# xvar: X 
# yvar: Y 
# xlabel: X position [cm]
# ylabel: Y position [cm]
# zvar: I
# zlabel: Signal per bin
# xylimits: -2 2 -2 2
# variables: I I_err N
# Data [SlitMonitor/SlitMonitor.dat] I:
0 0 0 0 0 0 0 0 0 0 0 0 0 0 0 0 0 0 0 0 0 0 0 0 0 0 0 0 0 0 0 0 0 0 0 0 0 0 0 0 0 0 0 0 0 0 0 0 0 0 0 0 0 0 0 0 0 0 0 0 0 0 0 0 0 0 0 0 0 0 0 0 0 0 0 0 0 0 0 0 0 0 0 0 0 0 0 0 0 0 0 0 0 0 0 0 0 0 0 0 
0 0 0 0 0 0 0 0 0 0 0 0 0 0 0 0 0 0 0 0 0 0 0 0 0 0 0 0 0 0 0 0 0 0 0 0 0 0 0 0 0 0 0 0 0 0 0 0 0 0 0 0 0 0 0 0 0 0 0 0 0 0 0 0 0 0 0 0 0 0 0 0 0 0 0 0 0 0 0 0 0 0 0 0 0 0 0 0 0 0 0 0 0 0 0 0 0 0 0 0 
0 0 0 0 0 0 0 0 0 0 0 0 0 0 0 0 0 0 0 0 0 0 0 0 0 0 0 0 0 0 0 0 0 0 0 0 0 0 0 0 0 0 0 0 0 0 0 0 0 0 0 0 0 0 0 0 0 0 0 0 0 0 0 0 0 0 0 0 0 0 0 0 0 0 0 0 0 0 0 0 0 0 0 0 0 0 0 0 0 0 0 0 0 0 0 0 0 0 0 0 
0 0 0 0 0 0 0 0 0 0 0 0 0 0 0 0 0 0 0 0 0 0 0 0 0 0 0 0 0 0 0 0 0 0 0 0 0 0 0 0 0 0 0 0 0 0 0 0 0 0 0 0 0 0 0 0 0 0 0 0 0 0 0 0 0 0 0 0 0 0 0 0 0 0 0 0 0 0 0 0 0 0 0 0 0 0 0 0 0 0 0 0 0 0 0 0 0 0 0 0 
0 0 0 0 0 0 0 0 0 0 0 0 0 0 0 0 0 0 0 0 0 0 0 0 0 0 0 0 0 0 0 0 0 0 0 0 0 0 0 0 0 0 0 0 0 0 0 0 0 0 0 0 0 0 0 0 0 0 0 0 0 0 0 0 0 0 0 0 0 0 0 0 0 0 0 0 0 0 0 0 0 0 0 0 0 0 0 0 0 0 0 0 0 0 0 0 0 0 0 0 
0 0 0 0 0 0 0 0 0 0 0 0 0 0 0 0 0 0 0 0 0 0 0 0 0 0 0 0 0 0 0 0 0 0 0 0 0 0 0 0 0 0 0 0 0 0 0 0 0 0 0 0 0 0 0 0 0 0 0 0 0 0 0 0 0 0 0 0 0 0 0 0 0 0 0 0 0 0 0 0 0 0 0 0 0 0 0 0 0 0 0 0 0 0 0 0 0 0 0 0 
0 0 0 0 0 0 0 0 0 0 0 0 0 0 0 0 0 0 0 0 0 0 0 0 0 0 0 0 0 0 0 0 0 0 0 0 0 0 0 0 0 0 0 0 0 0 0 0 0 0 0 0 0 0 0 0 0 0 0 0 0 0 0 0 0 0 0 0 0 0 0 0 0 0 0 0 0 0 0 0 0 0 0 0 0 0 0 0 0 0 0 0 0 0 0 0 0 0 0 0 
0 0 0 0 0 0 0 0 0 0 0 0 0 0 0 0 0 0 0 0 0 0 0 0 0 0 0 0 0 0 0 0 0 0 0 0 0 0 0 0 0 0 0 0 0 0 0 0 0 0 0 0 0 0 0 0 0 0 0 0 0 0 0 0 0 0 0 0 0 0 0 0 0 0 0 0 0 0 0 0 0 0 0 0 0 0 0 0 0 0 0 0 0 0 0 0 0 0 0 0 
0 0 0 0 0 0 0 0 0 0 0 0 0 0 0 0 0 0 0 0 0 0 0 0 0 0 0 0 0 0 0 0 0 0 0 0 0 0 0 0 0 0 0 0 0 0 0 0 0 0 0 0 0 0 0 0 0 0 0 0 0 0 0 0 0 0 0 0 0 0 0 0 0 0 0 0 0 0 0 0 0 0 0 0 0 0 0 0 0 0 0 0 0 0 0 0 0 0 0 0 
0 0 0 0 0 0 0 0 0 0 0 0 0 0 0 0 0 0 0 0 0 0 0 0 0 0 0 0 0 0 0 0 0 0 0 0 0 0 0 0 0 0 0 0 0 0 0 0 0 0 0 0 0 0 0 0 0 0 0 0 0 0 0 0 0 0 0 0 0 0 0 0 0 0 0 0 0 0 0 0 0 0 0 0 0 0 0 0 0 0 0 0 0 0 0 0 0 0 0 0 
0 0 0 0 0 0 0 0 0 0 0 0 0 0 0 0 0 0 0 0 0 0 0 0 0 0 0 0 0 0 0 0 0 0 0 0 0 0 0 0 0 0 0 0 0 0 0 0 0 0 0 0 0 0 0 0 0 0 0 0 0 0 0 0 0 0 0 0 0 0 0 0 0 0 0 0 0 0 0 0 0 0 0 0 0 0 0 0 0 0 0 0 0 0 0 0 0 0 0 0 
0 0 0 0 0 0 0 0 0 0 0 0 0 0 0 0 0 0 0 0 0 0 0 0 0 0 0 0 0 0 0 0 0 0 0 0 0 0 0 0 0 0 0 0 0 0 0 0 0 0 0 0 0 0 0 0 0 0 0 0 0 0 0 0 0 0 0 0 0 0 0 0 0 0 0 0 0 0 0 0 0 0 0 0 0 0 0 0 0 0 0 0 0 0 0 0 0 0 0 0 
0 0 0 0 0 0 0 0 0 0 0 0 1699.18661 3701.766744 3111.162104 2641.749864 3571.853528 2886.442743 3394.028474 3021.843231 3279.064641 3846.215442 4292.886617 4629.549148 3897.617597 4196.667012 3558.741243 3716.174058 3628.862579 3686.508166 3350.201408 3838.795743 4116.699751 4124.64102 4294.754835 4817.930166 4584.327034 4213.1968 4511.931109 5064.686037 3877.311113 4761.097439 4558.217281 4613.433906 5300.56559 4193.766146 4790.865198 4582.667961 5246.752116 4804.919314 5746.050142 4459.273931 4812.282883 3258.33496 5365.643705 4532.405106 5102.060928 3893.378907 4909.453087 4917.513415 5038.226616 4701.248759 4611.466466 4816.520247 4456.293808 4926.468477 4356.616233 4072.262258 4842.678886 3862.244504 4369.573887 4765.213331 4589.455218 4231.376379 4515.139217 4441.525643 4052.283443 3416.886969 4464.572337 4250.774541 4383.768729 5344.579816 4511.456707 4209.757423 3248.786353 4706.058793 3356.401984 2018.785979 0 0 0 0 0 0 0 0 0 0 0 0 
0 0 0 0 0 0 0 0 0 0 0 0 3206.536154 6123.998209 7406.820676 7981.440808 7604.715192 7457.911107 7039.362158 7186.941544 6179.52572 8841.841182 7669.50388 7503.207871 8827.928389 8247.261553 7256.888072 7112.790663 8021.899844 8396.037674 8199.392203 8906.523737 9218.189802 8690.370644 8954.314958 8844.460362 10268.12859 8582.005971 9705.22735 9167.21438 10264.25119 9974.587048 9923.18403 8687.639989 9550.089613 9110.529658 9734.260172 9334.171142 10594.03439 9703.548991 9211.587549 9965.775759 8865.590706 8548.034622 10035.14584 9872.123338 8996.759557 11422.90213 8557.139346 9945.638824 10383.74103 9340.032715 7754.480809 8689.425501 9332.489938 10348.08963 9414.732922 8928.717352 7733.245197 7537.766935 9823.299577 8572.464513 8291.188778 8213.570291 8721.607338 8459.848346 8202.141096 8600.137367 8890.989821 8379.748614 7642.03953 7931.87627 7763.02176 7750.871675 7663.711528 7462.747024 7250.373211 2850.720509 0 0 0 0 0 0 0 0 0 0 0 0 
0 0 0 0 0 0 0 0 0 0 0 0 3501.250306 8395.453654 6676.293689 7609.031478 7593.923755 6396.786747 8054.017984 7227.938821 7749.494537 7623.047775 7912.108185 7203.402895 8228.144395 7744.689738 7597.520551 9458.573294 8702.466252 8643.240529 8327.581556 9461.066126 8677.477269 10194.94046 10301.16152 7558.284033 8382.884524 9085.183826 8561.633291 10280.39834 8033.224816 9167.118848 10126.83015 8793.070187 9705.679167 10491.92157 9137.904944 9431.955251 9166.669515 9292.598811 9826.79879 9820.459219 9578.384293 9369.02546 8590.141368 9844.87801 8356.359715 8890.583883 10972.47582 9251.562742 10412.27469 10850.61265 9635.351707 9286.513437 9228.134633 9873.309398 8963.213497 9405.703078 9532.226725 8312.118554 10467.54722 8718.169067 9818.937798 9505.08026 9074.886543 7898.878487 7793.55109 8902.138632 8525.28161 7884.59607 6768.003236 7677.405331 8602.353123 8595.715404 8540.124925 7284.78038 7749.860323 3965.734646 0 0 0 0 0 0 0 0 0 0 0 0 
0 0 0 0 0 0 0 0 0 0 0 0 2916.58772 6502.58329 6293.49675 6428.750938 7815.241715 7390.844179 8382.176547 7326.850624 7690.087875 7833.410047 8180.716585 8701.121181 8035.223196 7591.086039 8019.57569 9829.105354 9203.979918 9743.379554 9199.641588 8358.57315 8011.197878 9811.405159 9310.185899 9172.801341 8824.431999 8127.728177 9394.675361 9632.856633 9112.105179 10874.00786 9584.526169 11016.90249 8896.093476 10657.91626 8677.872536 7931.498817 9211.265069 9941.510191 8682.135262 9121.009953 10190.81971 10720.91815 9504.72089 9849.419558 10912.88444 9075.242464 9513.123042 10832.99206 8874.703385 9792.800765 9094.860285 9250.067367 9589.116807 10248.46173 9041.677124 8478.419724 9958.715913 9661.525235 8200.887602 7621.44497 9628.210123 9375.510869 8329.634914 8291.403516 8453.547175 7777.898943 8718.604388 8448.676514 7612.115062 8256.227959 7800.629599 7616.425015 8162.89472 7848.820096 7438.762062 3331.163312 0 0 0 0 0 0 0 0 0 0 0 0 
0 0 0 0 0 0 0 0 0 0 0 0 4822.862385 7475.184391 6396.50282 7587.765264 5949.613944 6768.80336 7493.157174 7392.937718 7239.077667 8847.952498 8144.506545 7893.279183 8014.981719 8017.940562 8890.832017 7639.66989 9155.233138 9033.862344 7878.284827 8616.166117 9061.705756 9972.004426 9235.154643 9301.660689 8832.354459 8469.858069 8618.419315 9727.163265 9187.881887 9483.655425 9981.597936 8704.333593 10575.60657 9814.02246 10227.0215 10979.07261 9529.755342 9357.032954 9091.848277 10706.38231 9285.339811 8746.448714 10458.15426 9898.272484 11028.90084 9107.147145 9918.292369 9176.445361 9991.616623 10418.57683 10134.25199 8980.954024 9950.493499 9997.603559 9303.768199 9352.353073 9165.354422 9026.524972 10589.28793 8569.068846 8872.439057 9882.234193 8804.237936 8756.60291 9596.888842 9209.114443 9618.075482 7469.270442 8387.081968 8399.856315 8361.099267 8490.001573 8296.143384 7764.238654 8625.53654 4816.950882 0 0 0 0 0 0 0 0 0 0 0 0 
0 0 0 0 0 0 0 0 0 0 0 0 3222.043406 6668.693811 6749.779073 7659.436827 7584.988695 6990.49088 7377.787159 7871.48642 6274.905787 8580.501917 7876.429546 8580.064813 8659.229185 9283.501193 7998.471441 7933.597727 8771.138194 8808.335417 7297.736494 9183.396166 8463.802413 9494.756369 10091.69367 8399.544649 9334.494966 9052.324023 10014.55407 10098.05042 9278.983652 9343.670095 9946.026029 9628.090439 9525.80416 10423.50647 9729.55167 11040.43696 8285.840635 9510.898227 9104.586164 8354.256001 10050.83884 8796.064711 9856.120927 9116.834856 10518.728 10712.42734 10343.70599 8336.311985 9954.90467 10144.46867 9818.1272 9431.486221 10166.12588 9742.485152 10673.39136 8829.340397 10424.0585 9786.90111 7934.254468 7718.44167 10378.58672 8714.401029 10295.21951 8294.160463 8964.08655 8753.531322 10120.45946 8174.340541 9649.93519 8251.333514 8627.819429 9215.269605 8677.542688 9161.348284 6928.492071 3830.457574 0 0 0 0 0 0 0 0 0 0 0 0 
0 0 0 0 0 0 0 0 0 0 0 0 3402.613912 7689.576248 6836.522225 7766.41587 6748.253186 8416.655893 8583.213866 7784.117172 7873.515899 8400.995804 9703.079792 7611.955526 7501.459299 8168.109295 9907.730463 8361.445792 8969.569022 8797.889834 8548.950908 8799.699843 8805.524127 8996.778795 9395.846592 9633.538618 10393.93711 8948.226519 10186.17122 10050.82412 9029.835341 9368.902048 9588.056508 10272.81298 8648.514158 9861.09207 9539.765434 10464.19629 9914.630295 10473.87813 9615.407296 9600.058087 10720.76783 11002.39744 11045.79683 10276.89582 9361.742368 10658.84893 10152.46309 10012.68173 9567.342589 9714.064657 9836.445257 10605.27589 9480.396004 9123.378181 9738.792365 9642.33353 9781.298148 9369.803772 7806.652164 10122.44484 10281.6697 9680.065214 9338.832294 9543.273529 8654.401527 7994.694102 9346.484665 8643.417506 8267.276021 7814.664561 8571.644208 8456.561438 9673.881686 8057.515588 7865.329941 4379.866603 0 0 0 0 0 0 0 0 0 0 0 0 
0 0 0 0 0 0 0 0 0 0 0 0 3948.350348 7190.461247 6876.904369 6999.080398 9299.660311 7851.421722 9042.297398 7461.432242 8598.405306 7317.859214 8446.099159 7855.62275 7363.583178 7949.213389 9545.998678 8607.194044 9813.801893 9106.732002 8923.38994 10011.85123 7934.64691 9720.404492 7965.139321 8399.96039 8935.396675 9580.940393 10016.0201 8911.502806 10294.97836 10500.93632 9338.545445 9096.308071 9959.790766 8082.240006 8439.342721 10496.61877 11880.78461 10097.92457 9433.39109 9382.456101 9705.630494 10270.69693 10411.66202 10449.10873 9436.737478 9311.471397 10352.12588 9581.73571 8985.941127 10396.48271 7714.065556 8888.03724 8801.981376 9748.754452 9370.338787 10591.96675 9781.42362 9099.550647 10275.66198 8935.150186 9214.249981 9807.970864 9592.650581 9781.791626 9214.104558 8568.902905 8757.566088 8789.819992 7907.58171 7805.389037 9000.602753 9112.576299 8287.863218 6800.209113 8831.098503 4277.114538 0 0 0 0 0 0 0 0 0 0 0 0 
0 0 0 0 0 0 0 0 0 0 0 0 3549.535477 6984.194137 6188.552562 7913.166959 7331.15328 7419.626915 8596.158679 7638.69062 8211.836717 8414.348813 9335.644456 8883.003275 8409.43715 9104.897419 8282.61778 8126.287875 8720.355355 8252.299065 7402.826517 10042.91135 9898.383173 8684.813422 10690.37864 10108.14149 9585.51222 9005.518117 9206.935839 9444.083134 9709.282141 9409.561914 9182.712667 8458.820021 9441.063663 9986.617869 9067.676259 9697.143172 11242.62154 11140.51411 9852.745219 10474.79158 10283.06793 10191.37203 10930.20741 10265.3931 11765.92578 11172.39784 10345.21177 9949.17825 10926.60761 9272.671111 9248.881027 9247.074372 10435.72616 9919.168588 9497.709603 8940.547822 9660.970091 10197.68692 8672.255731 10918.08416 8431.660584 10770.52287 10112.06155 10109.88639 9102.711113 9309.201086 8351.539955 10444.91009 8517.904307 8736.159314 7890.855948 8925.018585 9446.235242 8786.969902 8127.714766 3638.699618 0 0 0 0 0 0 0 0 0 0 0 0 
0 0 0 0 0 0 0 0 0 0 0 0 4040.776797 6769.367168 7069.971995 7298.220645 8480.588927 8371.351264 8469.404175 9012.861867 8864.475282 8097.111601 9453.312269 9281.658563 7628.704839 8572.281925 8053.120634 8576.293149 9111.571133 9825.846386 10453.09884 9618.051287 10529.77753 8943.461983 10050.18405 9184.358855 9265.540978 9360.021806 11211.35728 8762.004648 9729.89496 9852.057006 10152.83357 9377.519533 10649.22308 10306.16093 10813.33173 11082.57146 10494.07535 9367.629439 10929.30991 10304.41179 10197.58689 10534.80442 10024.58931 9887.500741 11695.69303 10300.06433 11178.59794 10040.01478 11221.21742 9605.111364 10326.21557 10295.02446 8940.356871 9513.14814 10360.32827 9672.237062 9263.151385 8835.510712 10193.77465 9649.78213 8945.542061 9624.181261 9010.365439 9178.151631 9485.930335 9624.63402 9875.384113 9425.959209 10129.14929 8242.320685 9452.717219 9332.033355 8821.930968 6935.376386 7681.767554 4144.852272 0 0 0 0 0 0 0 0 0 0 0 0 
0 0 0 0 0 0 0 0 0 0 0 0 3457.009192 7056.015956 7614.669141 7232.047353 7905.497052 7643.478664 7853.737266 7777.297035 9687.54144 8037.341984 7598.98727 8899.828941 7531.823764 10088.71523 9231.341398 7304.404658 8184.109662 9490.000785 8579.379768 9505.671323 9326.106058 9645.167908 9324.134094 9614.085078 10228.70477 9680.476321 10707.47014 9890.469924 9834.225659 9786.079957 11715.49199 10134.6495 9235.436606 10459.85829 10368.93629 10422.91108 10918.25397 10313.59371 11236.3846 9983.568797 11032.88382 10677.36813 10315.31665 11411.8115 9782.577317 9333.649273 10013.45364 9519.056423 10712.52221 11233.876 10195.09929 10837.24059 10770.67129 9968.081051 9278.221522 10635.86969 10295.53685 9043.510787 9617.415176 10585.29086 9107.50658 10608.0757 9158.190104 11070.33525 10747.53312 7359.358277 7427.949024 9488.937537 9723.27462 8717.666539 7977.228886 8834.307654 8518.220549 9550.983246 7456.232049 3601.904277 0 0 0 0 0 0 0 0 0 0 0 0 
0 0 0 0 0 0 0 0 0 0 0 0 3451.382951 6780.196766 6458.649534 7940.721812 8760.78436 9050.615032 8310.088522 7751.693528 9379.215974 8458.115375 8581.299918 8826.133445 9686.18125 7865.727201 9295.140715 9268.612853 9016.216563 9297.763235 8208.875153 8873.571276 9785.939415 9324.319472 9990.777274 8931.072917 9919.499479 9919.993537 9948.999193 9600.145024 9988.232878 10512.07585 11027.62687 10317.27589 9088.857441 10060.0413 10742.5469 11158.5998 11112.9639 10468.99125 10860.4196 9641.834509 11235.38921 10773.35327 11207.46177 10564.49276 9592.833036 10515.7127 10373.08803 11242.42347 10724.67904 10306.87996 10506.41918 10705.67283 10945.60787 10643.4696 9277.640048 10813.21765 10348.51562 8830.557398 9199.951935 8487.301558 8074.557875 9603.983641 9629.654805 9818.869824 9636.675003 9810.722195 9252.606126 9906.291017 9448.014133 9906.562212 8987.556667 7858.670814 8726.776668 7885.370716 8879.88589 3384.169735 0 0 0 0 0 0 0 0 0 0 0 0 
0 0 0 0 0 0 0 0 0 0 0 0 4434.469792 7419.673692 8706.759373 7534.819256 8313.886382 7593.983986 7856.076765 9135.115854 8821.392061 8076.81618 8048.183129 9146.856515 9065.872935 7778.985271 8345.556272 9464.971516 7731.607868 10353.78766 9865.808138 10430.40813 8877.249279 9241.688309 11844.8265 9414.586368 9995.59974 9451.801651 10887.47815 9921.41897 9987.842843 8672.56048 10254.57443 9317.786986 10161.21465 9998.785361 9739.595639 11217.19048 10297.74084 10677.54369 11016.46478 10754.2265 10939.92269 10456.03689 11138.3033 11305.8726 10013.63897 10363.90703 10724.90226 10038.55445 10379.77311 10381.33794 8934.299617 11616.17123 9703.945625 10421.3258 10110.13585 10260.34599 9136.245837 9461.286804 10531.26937 9632.506158 9692.200107 8875.207776 9804.913734 9522.961337 7868.922447 9467.480512 8173.406242 8852.542957 8193.78351 9608.805651 9888.17631 7854.768708 8711.306522 9007.209728 8637.660338 3933.756205 0 0 0 0 0 0 0 0 0 0 0 0 
0 0 0 0 0 0 0 0 0 0 0 0 3920.332862 7414.406303 7897.383613 7114.374847 7512.031812 7227.922604 9310.730981 8118.589543 8115.566912 8516.056106 7420.822038 8193.145753 9345.677041 9517.282259 8522.900115 9928.936262 10209.85384 8629.6379 10103.29459 9882.158748 8659.700318 10424.02142 8533.857906 9421.257502 10386.83879 9931.263003 8820.629654 8290.086849 9943.337396 9348.824583 11072.5421 10258.29508 10588.32099 10100.10653 9682.414225 10439.47442 10330.7981 11028.02078 8999.677847 12240.30952 9762.645947 9530.722671 10243.91426 9706.900265 10743.17195 10518.59362 10016.34233 10898.07994 10032.77149 10657.69553 11660.86988 11418.84722 10598.23599 10336.14698 11397.82725 10041.74786 11030.46486 10135.37331 8690.486946 9394.298175 9247.626606 9768.908492 9224.087328 7782.013768 8664.460457 11247.64262 9581.688214 10428.16768 8861.552026 8805.252545 8251.598239 8633.714136 9952.220732 8183.242386 8789.207558 4696.462666 0 0 0 0 0 0 0 0 0 0 0 0 
0 0 0 0 0 0 0 0 0 0 0 0 3195.614418 7505.960621 7005.883169 8858.283673 8239.409946 7485.052577 8557.424736 8866.480377 9445.323954 7893.236545 8296.651796 9019.632287 9170.348253 8852.810754 8105.291646 9558.866851 9754.650173 9088.788113 9635.072366 8859.818461 9736.523542 10484.21074 9458.09602 10203.74419 11379.14597 10898.43183 10743.07692 10185.05167 10550.70712 9404.47087 11478.53307 9481.214931 11550.9251 10565.53178 10967.53051 10459.95854 10150.12312 10786.71723 9987.048347 10359.20539 11482.80115 10375.62879 10937.60308 8764.842255 9844.695794 10491.22672 9860.835055 10570.4996 11467.08657 10488.83072 11260.57568 9556.602141 10327.9637 10736.57681 10462.94083 10803.88569 10409.14571 9671.723592 10733.6231 9086.53456 10543.45217 9684.753328 11618.17155 9278.43142 10038.33948 9779.91325 9124.144204 10477.46381 9661.079961 8081.456678 8006.923223 9511.888255 8730.656077 9043.484134 8891.858144 5090.830687 0 0 0 0 0 0 0 0 0 0 0 0 
0 0 0 0 0 0 0 0 0 0 0 0 3434.350711 5841.671675 7942.587703 6912.969201 8792.247902 7691.597729 8851.460978 9355.367009 8916.477148 8935.109345 9136.5882 8542.253697 10358.90712 9301.226406 8122.913361 9508.576414 10220.13821 9105.044916 8200.615398 10240.68368 10066.19837 9631.366188 11189.90959 8664.660356 8968.945932 9901.940291 10794.3725 11002.64979 10619.78549 11176.71089 10705.32534 10766.76389 10259.20404 10236.00481 10225.09986 11123.99104 11957.98213 11532.62102 10485.46097 10590.4511 11767.09928 9884.260771 11228.00121 10278.50028 10107.24046 11614.9897 10048.62707 10611.7213 11147.32264 11375.75234 11005.10534 11677.96044 10087.60313 10827.53965 11610.2772 11981.72552 10665.25816 10188.82734 10870.56822 10534.05412 9216.942084 10013.99852 10125.18883 9239.606572 10293.79921 8551.83316 9015.209428 9771.067732 9460.043202 8801.288019 9074.934451 9168.051687 8555.698312 8921.813413 9514.469849 4535.600087 0 0 0 0 0 0 0 0 0 0 0 0 
0 0 0 0 0 0 0 0 0 0 0 0 3889.277303 7875.315755 8142.001507 8006.001154 7095.051431 8287.275793 8390.767022 9077.868636 8351.322865 8802.318365 7411.106409 8970.247479 9000.736602 11768.74968 8717.473659 9472.682903 9974.360347 8776.97378 8706.725805 9394.356664 9785.107772 11125.13965 10911.97416 10869.07018 9718.948391 11228.23638 11618.40714 10587.16056 11585.99726 10038.05561 8947.394066 11729.98557 10465.87671 10576.42645 10597.83931 10676.9167 9782.47989 11001.88193 10633.71168 10288.27181 10422.38075 11245.76035 11915.58726 9133.167395 9226.787185 10847.42754 11387.81507 10720.02651 11447.68494 10673.15386 10267.5546 9395.594341 10478.5023 9792.598019 10710.9175 10719.57975 10123.97688 9569.021204 12250.12974 10395.77915 9523.55357 9540.797646 9475.790483 9473.924522 9494.378356 9403.801605 9094.923972 10677.48045 9008.953975 9520.909497 8764.595693 9273.268655 9150.286008 9090.591641 9531.534277 4449.84059 0 0 0 0 0 0 0 0 0 0 0 0 
0 0 0 0 0 0 0 0 0 0 0 0 3500.754309 7849.024224 8507.718673 8328.522768 6709.825288 7365.121658 9293.593404 8588.512408 9211.586267 9210.338009 10572.99623 7507.474942 7829.715356 10340.32133 9541.518316 9103.089717 9572.705649 9350.451791 11143.91259 10683.62411 10552.54848 10869.73193 10221.69805 10286.42883 9559.124747 10633.4645 11373.05123 10371.63092 10306.01329 9373.986186 11520.16314 11205.15849 10590.94536 12853.53644 10356.12995 11051.50235 11159.87487 11258.85271 11666.78726 12101.58227 11043.15986 11834.19889 11849.96457 12185.43693 9160.077255 10994.4271 11045.8214 10937.64745 10559.68865 9316.168445 9840.232326 11657.72684 9759.864233 10781.6881 10971.10096 10698.8021 10037.72915 10345.95752 11340.57397 9250.109294 10340.62646 10966.90772 11187.72337 10926.55376 8923.569323 9440.877846 10040.41752 9195.952702 10403.58959 8339.007125 8394.498059 9027.82786 8360.060558 9004.030692 7841.91567 5057.721763 0 0 0 0 0 0 0 0 0 0 0 0 
0 0 0 0 0 0 0 0 0 0 0 0 3291.617172 8403.710196 7606.95401 8611.89817 8407.341729 8228.270924 8328.608314 9178.138322 8511.106165 8542.588281 8815.873145 9688.782374 9716.779046 9844.954894 9503.001846 8606.664577 8814.83404 9580.483184 9592.558201 9722.599244 9476.628376 9951.729658 10566.37194 9858.58541 9028.512013 9470.33431 9984.362629 10932.61087 12076.17283 9521.491148 11483.40888 10214.60117 10786.18076 11897.43809 9485.557396 11668.61449 10819.9249 9949.584212 9329.905608 10759.15138 10433.73438 11431.10507 10836.45611 11097.03347 10614.65768 10066.41717 10771.14912 10302.78274 10986.42111 10739.35067 11241.37019 11091.47471 9706.420735 11200.97943 11274.88747 11464.14545 10789.11948 10799.30832 12504.57154 10614.205 10987.22166 10231.16058 9974.040548 10674.31793 9381.576203 10159.47084 10370.4547 9282.631434 10195.98988 8739.278142 9441.249363 7622.249731 8805.510638 8589.348512 9790.398996 4074.228903 0 0 0 0 0 0 0 0 0 0 0 0 
0 0 0 0 0 0 0 0 0 0 0 0 4102.790479 8845.880875 6491.153829 8384.748608 9544.320728 7582.001528 9104.757938 7635.568021 8674.125993 8829.834618 8629.504872 8587.983609 10413.23483 7863.738997 9163.292652 9222.05129 8384.457349 10669.18702 9589.242702 8865.324365 9676.677783 10301.36113 10758.17462 9442.869986 10633.60699 10286.28915 10717.71857 9539.165544 9487.092618 10352.9786 10392.67219 12036.00006 10990.13966 10012.77258 11006.77984 11152.77353 10209.45999 11550.28937 11722.85957 9566.267873 12222.53871 10424.64562 10578.3753 11081.59323 10589.93944 10963.86861 10694.72111 11452.77752 10281.11777 9923.263017 10919.77465 9425.55745 11267.66645 11968.77059 11124.07565 10866.68733 11066.80117 10956.46442 11062.00788 11228.20702 10248.35852 9075.31183 10361.9937 10554.86162 9004.008091 10376.92815 9239.349566 9767.381389 9456.188172 9712.330849 10671.40897 8983.072312 8330.920436 9080.639937 8633.967757 4765.079915 0 0 0 0 0 0 0 0 0 0 0 0 
0 0 0 0 0 0 0 0 0 0 0 0 3921.933946 8980.08681 8819.604092 8602.669285 10173.20901 9307.433249 8670.064946 8700.559886 8115.081903 9019.625608 8739.253158 11014.36749 9502.433366 8105.760832 9760.758121 9834.634078 8475.532213 11763.08536 10043.58792 9160.356873 10452.16165 10420.52554 9506.767544 11496.61128 9260.096469 11260.94325 9053.584847 10817.97936 10217.73867 10533.74583 9506.930587 11068.68724 10122.2232 10725.98946 11735.28292 10895.15874 10369.42332 10544.20237 11416.24029 12320.88418 11332.12241 11644.63173 10791.89969 11672.86183 11348.1225 11491.24964 11990.81712 10614.16517 12468.18481 11559.04235 10598.58007 11573.36538 11314.81876 12177.36633 9513.447912 11656.13708 9981.764607 10259.52061 11408.23119 11101.17315 9000.639233 10272.97767 9622.623331 10795.73201 9943.551537 9941.57946 9896.841308 10061.38062 10361.33782 8750.486399 9342.072917 9072.971161 9744.846828 8611.689121 9410.28052 3791.197959 0 0 0 0 0 0 0 0 0 0 0 0 
0 0 0 0 0 0 0 0 0 0 0 0 3687.585051 8438.595547 8089.77685 6804.595342 8645.962101 8089.54063 9893.612355 8985.655649 9414.847594 8090.362086 9390.744602 8030.745051 7814.11893 8270.46135 8731.257021 10262.19511 9312.080488 9186.541585 9945.633611 9451.427621 10175.40401 11451.48537 9838.928048 9829.31385 10325.5893 11123.24403 10458.74561 10799.23361 11855.3076 11566.65317 13602.47375 10831.69412 10755.21191 12159.03248 10036.03225 10933.84811 10917.40622 10121.19392 12457.93547 10016.97097 10727.75423 10903.14397 11464.35833 11113.84848 11192.2392 10477.1434 11142.77406 10915.75818 11232.03353 11856.43976 12260.38377 11596.34442 11604.45507 11152.09087 11396.40196 11328.69296 10486.72464 10766.26258 10830.24876 11233.25131 11511.64801 11847.75108 11362.22241 9748.833503 10460.51963 9370.34562 9973.006613 9456.366705 9985.607443 9732.91132 8838.714743 8688.881244 9580.78679 8148.206858 7917.959967 5353.058099 0 0 0 0 0 0 0 0 0 0 0 0 
0 0 0 0 0 0 0 0 0 0 0 0 4553.736721 8855.904837 7732.863463 8731.037906 8805.925543 7691.828538 9187.905097 8369.943458 9251.634273 8653.857834 9134.842074 8428.044569 9451.86245 9947.69803 8924.158268 9882.285462 10096.10798 9631.000484 10674.71651 10543.21072 9819.520171 11529.82668 10313.24959 11166.89322 10916.1158 10120.38392 10407.45839 10502.79338 11339.03921 11984.78983 11465.13906 10332.10757 11511.276 11333.11952 11303.50453 11823.41212 11625.75651 11208.3959 10673.67473 10567.98341 10707.67327 10826.13392 10359.7003 12245.66653 9914.540135 10313.91065 11952.89704 10679.42314 12158.88668 10476.43117 10967.46177 11494.34666 10166.84827 10325.14781 10481.59847 11294.99496 11338.25175 10099.94719 9814.713736 11596.00174 9806.342919 10169.16831 10442.61531 10531.82553 10624.14685 10164.24096 10208.25526 10680.23794 9942.270844 9592.097708 8876.946673 10280.80718 8777.060531 9036.663577 8954.571621 4556.373169 0 0 0 0 0 0 0 0 0 0 0 0 
0 0 0 0 0 0 0 0 0 0 0 0 3975.957641 9735.35048 8956.583633 9453.407847 8564.619925 8185.92929 9448.577242 9177.572862 8500.267285 8719.117047 8525.593201 7856.574872 8334.839819 9479.788156 10264.58192 9376.643749 10353.31051 10564.55371 10861.71075 9803.036508 9934.098082 10742.53846 10473.53044 11542.72602 11615.43433 10858.44903 9775.836288 9345.713647 10824.74978 10689.74425 11989.6846 10604.03786 10776.81196 12008.71823 10508.80735 12790.15541 13011.63172 10469.92966 10005.09187 11233.56394 11574.66076 11942.42059 10360.94672 12218.41289 11192.77625 11419.13936 10161.66653 10097.24569 10329.38335 12169.12477 11289.74533 11290.55093 11541.90648 9746.286449 10990.43409 10288.29628 11341.82822 11531.65297 10093.67652 10909.7804 11430.79663 9923.201921 9823.669105 11259.09493 9089.886605 10120.68397 10187.13916 10656.47592 9741.888525 9724.283482 10153.98435 9322.156627 10286.46277 8765.111213 8998.226437 4528.290178 0 0 0 0 0 0 0 0 0 0 0 0 
0 0 0 0 0 0 0 0 0 0 0 0 4357.269046 7460.703759 8203.973102 9077.403063 7313.218595 9248.366794 8556.579135 8681.138867 8576.360175 8779.56898 9553.504531 10139.90251 8944.841464 9515.342873 9044.646267 10462.82724 8783.243206 10347.92649 9275.334896 10643.18493 8659.392021 8486.043022 11173.1808 8516.168019 10769.14104 9681.371842 11698.882 11295.56229 11921.20109 11930.32635 11338.82282 10597.74907 10495.53082 10442.68366 11926.61503 10060.02157 11013.49151 10494.28857 11500.97064 12812.2952 10164.44536 11863.08386 10957.78763 10891.78369 12628.22934 11174.6174 11788.04647 10568.75492 9691.933833 10195.28591 10996.48448 12137.24769 10985.39126 11419.45663 11508.01691 10231.5602 10951.43464 11321.44105 9461.297036 10399.33316 10889.79258 10117.20315 10832.9754 10079.18215 9561.352196 9325.471175 11128.05548 10575.34528 10076.53589 10668.14815 10410.71441 8834.499889 8827.810992 9835.125459 9388.779164 4165.124288 0 0 0 0 0 0 0 0 0 0 0 0 
0 0 0 0 0 0 0 0 0 0 0 0 4318.026558 8376.159506 7903.254327 9159.796616 7188.120447 8739.719898 8587.555207 8751.993633 8358.151685 9058.643982 10561.64776 9033.396982 9410.252067 8633.409902 9762.935082 11253.41386 9978.006902 11008.518 10208.73413 11077.48636 9874.062516 11020.2441 10013.24866 9891.282026 9662.986916 12378.31969 10250.99727 11181.59485 12490.14684 10928.40789 10286.52684 12046.16075 11834.44697 11904.80976 11777.9575 10439.45378 10436.49839 12039.28003 10672.33264 11824.23255 12033.64784 11272.12651 11802.97745 11683.37266 11110.68937 12448.82279 12563.57921 10530.87757 12761.42631 11927.87832 9829.73071 11548.85904 9822.428078 11508.10033 12370.85664 10256.64454 11383.01197 11901.02604 10095.19618 10935.78759 10247.91542 9715.934006 11958.7028 9845.305603 9388.611238 11063.4806 9317.030799 10703.25296 10003.04073 8522.432211 8874.221176 8975.177918 8547.686016 9956.387994 8501.13244 4884.504249 0 0 0 0 0 0 0 0 0 0 0 0 
0 0 0 0 0 0 0 0 0 0 0 0 3396.687785 8946.592682 7730.894247 8246.078926 8713.084404 9068.069267 9061.470037 9677.133799 8542.3449 9830.096932 9248.136963 11151.15828 10058.70381 8714.067643 9214.674592 9824.688165 10455.67768 11229.77942 9690.908253 11280.39241 10308.03094 10393.23803 10942.4269 10655.93981 10008.44938 10964.73705 10733.27555 10803.01377 11492.69738 11232.40852 10013.86256 9717.757703 10775.44607 11253.33592 11776.43123 11440.00822 11695.40661 11176.34826 12222.02577 11126.26906 11442.27508 10992.74707 11586.70158 10431.25204 12544.18916 10333.64896 10871.99498 10903.11341 10825.52825 12162.51097 11661.08661 11830.7102 9719.832745 11431.56777 11141.99082 10247.41981 10738.53811 11022.27984 10207.89911 10732.91828 10794.86436 9125.494249 9882.525978 9217.535417 10448.31107 11224.86154 9948.92974 9969.421736 11473.05425 10192.8865 9930.291225 9028.580381 9474.683187 9242.86597 8795.922706 4710.835981 0 0 0 0 0 0 0 0 0 0 0 0 
0 0 0 0 0 0 0 0 0 0 0 0 3267.491278 7221.529605 8759.469573 7836.180715 9499.241877 8773.368027 8881.012772 9465.489737 9642.213515 7465.925545 9730.347156 10202.16128 10802.37117 9485.631511 9732.468348 9458.470412 10022.38022 9325.425654 10376.10617 10033.15462 9540.958403 11340.84916 9844.167189 12133.37347 10186.43144 10584.98614 11442.75176 10145.35795 11415.86323 10997.78548 12621.17343 9920.101128 12050.54612 11395.8082 12319.32291 11427.18628 11054.71348 10948.23222 13181.94093 9645.630849 10284.98687 11917.23856 10844.53748 12245.81317 11350.51611 10276.44108 11301.62704 12468.73603 12072.93213 10845.61218 12236.36079 12071.51526 10543.22484 11407.91839 10517.48498 9839.530727 10835.92994 9448.411898 10548.21398 9784.899881 10583.66348 9895.325543 11039.30309 11014.1782 10687.15296 11745.14793 11124.5563 8802.882784 9844.323946 9394.825588 9851.141725 8935.541157 9161.697486 9304.374631 9798.957116 4365.945333 0 0 0 0 0 0 0 0 0 0 0 0 
0 0 0 0 0 0 0 0 0 0 0 0 3745.719443 8400.644822 7894.474544 7503.941711 7693.667137 9435.229645 9262.620962 8740.481104 8611.570807 10231.5154 9837.373346 10074.41809 10013.90772 8100.7402 9749.148314 9797.271479 9832.918041 10796.47041 9598.25862 12115.19907 10774.37835 10775.61531 10240.50944 10450.66977 10259.519 12068.07519 11430.61305 9507.241525 10903.11617 9994.075616 10434.77003 11682.59477 11203.88588 10463.70244 10052.02324 11099.05628 11080.29211 12452.92061 12369.38991 11453.46019 10946.99492 10555.11983 10918.88117 11206.37546 12037.83544 10795.64588 12445.127 12022.17102 10313.31669 9379.678152 11104.06539 10927.02547 10741.01737 11563.01194 10430.3524 12412.21994 11591.34288 10202.65081 11248.00567 10253.25965 10011.11969 11308.38563 10192.62799 10178.9772 10767.86655 9666.190429 11386.82439 9639.113241 8429.812948 9681.459975 9542.946675 10439.62294 9835.410667 8502.179218 8483.196281 4898.288774 0 0 0 0 0 0 0 0 0 0 0 0 
0 0 0 0 0 0 0 0 0 0 0 0 3783.553401 7212.683666 7924.916936 9429.60528 8587.610626 8042.470445 9821.308987 8741.961794 8714.877844 8712.989861 10141.61172 9558.769644 8795.589401 9465.227398 10773.61253 8713.106432 10299.3637 10528.27288 10250.24033 9945.039271 11261.7233 11260.7525 10986.08351 11010.53214 10714.52664 11561.51806 9987.677251 10006.49789 10727.76725 10865.12142 10496.6354 11585.0523 12253.59998 11297.96407 10814.79061 10625.66835 10539.63523 10761.72255 11886.51372 10786.73196 10811.39969 10746.69619 11864.64368 12047.0801 12988.65565 12332.82033 12505.12196 11580.50786 11658.46799 10657.07165 11190.90017 10044.6917 11364.83033 11083.60537 11355.53423 9941.896289 11638.65153 10273.20677 10563.01085 9889.745645 11288.08001 11526.09869 10582.35408 11879.9875 10154.67239 10145.40057 10636.61738 10429.96677 10929.14773 10863.16425 10371.05426 10174.83904 9455.332797 9789.25671 8503.484615 4202.393891 0 0 0 0 0 0 0 0 0 0 0 0 
0 0 0 0 0 0 0 0 0 0 0 0 3827.671719 9193.509568 7598.872595 8737.187324 9295.034339 8341.39238 9053.915195 7515.649032 8120.137488 10118.59568 8622.726877 10030.07858 9900.394485 9618.480443 9479.852724 11471.40643 9509.679141 9724.421959 10478.64249 10286.88159 11358.5659 9835.193129 10329.12281 10725.30222 10677.99561 10918.56712 10439.58032 10709.38044 10051.86577 11339.46002 11277.39599 11282.82733 10657.97377 11424.53235 11012.28672 10887.84599 11914.4156 11775.90289 11455.25383 10407.86129 11553.85612 12873.95876 10130.11805 10347.22432 12276.84326 12064.76317 10886.33591 11493.07924 11293.31288 11271.3504 10219.71336 10936.68937 12789.76007 12050.96836 10783.06222 11203.62811 11363.57221 9968.953093 10138.03521 10114.16662 10459.31969 10798.42 11221.41434 9553.757411 10164.87389 11219.34904 9707.64344 11156.57824 10750.8979 9702.04748 8962.738454 9998.630017 10701.37196 9846.91578 8485.473041 4102.294807 0 0 0 0 0 0 0 0 0 0 0 0 
0 0 0 0 0 0 0 0 0 0 0 0 3676.835152 8673.226729 8197.465617 8976.474116 8331.697524 8935.90545 8664.033482 8342.020556 8915.837978 9787.984657 10986.94667 9289.519577 9941.658321 10227.34599 9988.795514 9237.392696 10585.5921 10031.38266 9992.186312 10875.37051 11372.55513 9670.258175 10732.68945 11332.78569 11640.67982 10202.37422 10495.52351 11864.44167 11111.93581 11040.02733 10402.20118 11635.89471 10806.22478 11242.09344 11627.66238 10911.6677 10754.10984 11230.09943 10232.89714 11630.93891 12957.05666 9678.790835 12665.69515 10704.04549 11795.35276 11656.45892 12303.54729 11094.61399 11678.62787 12228.15322 9474.212366 11562.41674 10514.10509 11270.9148 10685.98289 11485.58446 11566.72836 11149.14534 10434.84444 10912.09058 11196.97774 11221.56924 10644.40374 10155.93129 10942.23509 9872.949385 9720.986394 9317.696614 8851.426134 11235.58229 10223.87197 9927.155292 10472.52994 9655.429717 8498.413314 4643.438266 0 0 0 0 0 0 0 0 0 0 0 0 
0 0 0 0 0 0 0 0 0 0 0 0 4558.307383 9050.632747 8977.007615 8412.794689 9727.031649 8311.099483 9133.077958 8555.542595 8962.551543 9043.807781 9539.36594 9651.896391 9303.421015 9050.459428 10215.66189 9655.622127 8996.300974 10141.07739 10172.17627 12800.47612 11018.27238 9627.259919 10111.15994 11598.43567 11509.64702 10618.73116 10305.66969 10888.31397 11047.43777 12680.23425 11142.52765 11804.94118 11161.15793 10945.75464 11224.57345 11345.27933 11175.63916 11037.77852 12193.48771 11166.9802 10782.93373 10252.17443 10577.87116 11754.86819 12410.68555 11621.50755 11191.62707 11686.49984 11966.20631 11380.86983 10598.45113 11953.96942 11820.46822 10322.87079 9862.483492 11055.69279 12112.35531 9405.823182 10536.42178 11681.75609 9997.163449 12364.24657 11273.00343 10804.13056 9986.086226 9943.006704 10357.05342 10403.34266 11096.55661 10530.67675 10144.09623 10477.83762 9850.772167 9428.521745 9195.585305 5726.641696 0 0 0 0 0 0 0 0 0 0 0 0 
0 0 0 0 0 0 0 0 0 0 0 0 4292.00256 7801.054222 8621.116492 9747.763992 8842.388841 8790.241815 8435.342845 9412.555236 8678.280738 9625.936678 10279.31393 9658.92201 9741.815483 10254.60189 9641.903646 9473.240489 10416.75557 9387.179255 11500.53572 9896.026176 10220.06826 9881.54448 9880.445747 12218.59897 10389.10482 10525.8189 11287.71113 11492.27349 9103.008311 11647.05384 11574.82492 11508.20691 11822.177 11323.48552 11195.58661 11551.1179 10353.84931 11338.2126 11470.81001 11998.54498 12559.86209 11107.11934 12127.14375 9738.286237 11364.53877 11563.72878 11873.8086 9817.543946 10606.90411 10991.06536 11604.86341 12135.62952 10430.53772 11393.1722 11462.63126 10397.95054 10934.86902 12663.93142 10888.35358 10534.36047 10370.61441 11035.53605 10457.18423 9492.532386 9809.014647 9386.869373 10174.48335 10085.36817 8011.454996 9503.912001 9762.959838 10115.634 9760.941729 8618.832885 10260.71709 4283.685855 0 0 0 0 0 0 0 0 0 0 0 0 
0 0 0 0 0 0 0 0 0 0 0 0 4437.864908 6989.278265 8548.893934 8183.762759 9052.740314 8009.172442 9133.501404 8836.788718 9473.632263 9181.286621 9188.799658 9707.081796 10018.82352 10108.32142 9476.292706 10658.97019 9732.408104 9001.572069 9119.755205 10039.4906 11209.51076 10458.57706 11647.37487 10540.33727 10850.76789 10361.29901 10751.06166 11658.51172 11085.0724 11836.51185 10496.12707 10957.18296 11375.30925 12533.95471 10987.69616 11000.61592 11259.11346 12255.95563 11123.73448 11210.37685 11793.10073 12064.68731 11892.75902 11118.5122 11942.91785 11610.49055 12340.34809 10951.2666 10916.50308 10676.87695 10394.61196 10917.52688 10503.85552 11615.06061 12707.85438 12366.35733 11666.22149 11498.11057 12155.32286 9966.733133 10095.51401 10215.02862 11563.69912 10170.8901 10548.90531 10929.20403 10795.01507 10183.08861 10970.16326 10310.02529 10957.07554 10356.67201 8808.89577 10390.9915 9796.943063 4678.212207 0 0 0 0 0 0 0 0 0 0 0 0 
0 0 0 0 0 0 0 0 0 0 0 0 4171.530506 8485.411454 8633.210441 8772.678246 9169.520046 7992.71201 7841.591392 9369.890466 9923.795919 9324.590674 9518.03305 9947.808079 10119.41749 9781.930538 9341.039648 9895.656474 9402.73704 10191.89016 10576.41761 11310.51852 11182.40141 9635.346856 11904.18912 10514.62445 11726.83382 10254.57621 12271.28754 10669.02906 10885.76296 10258.46173 12085.60405 10590.8027 10691.49385 11575.29238 11469.22205 11142.84406 11311.92755 11211.75849 11721.20232 12106.61457 13137.35298 12716.43697 12046.36696 11465.35218 11978.35446 11291.82355 11107.31989 12113.54347 11503.5501 11998.87152 12360.4906 10932.15829 11639.27776 11866.50507 10236.85203 10336.82632 12010.43843 10638.67776 9891.870257 10726.1848 9662.310296 10621.10142 11752.62525 11014.62714 9924.586159 9399.283741 9361.478877 10875.25899 9595.910627 9936.662382 10078.85685 8845.308915 10096.98353 9476.04559 9422.311675 4212.144722 0 0 0 0 0 0 0 0 0 0 0 0 
0 0 0 0 0 0 0 0 0 0 0 0 4707.988787 9632.857996 8648.213312 8429.044752 8073.021227 9666.157298 9549.341222 9108.180881 7986.517273 9655.612302 8500.660378 10252.99962 10055.32254 10414.0852 10419.44938 8335.730532 8581.706592 10361.58884 10554.9088 9950.7331 9849.449635 11224.77322 10165.12081 10937.74303 10704.01588 10998.45866 10083.16177 9802.811772 11673.39553 11913.79506 12579.49673 11074.8205 11851.70536 10626.97443 10886.09266 11295.86971 11029.35189 11811.17176 11606.44077 10971.01127 12966.81184 11558.46283 11456.34036 10866.79374 12596.47368 11619.39575 12377.28108 10428.62584 10162.26712 10895.87168 10796.87604 11008.90178 11606.93028 11552.73481 10876.49809 11507.06742 11384.97895 10596.48414 11719.38419 11776.65513 10369.59344 10334.85978 9681.592751 9823.150136 10359.69997 9482.005722 11607.40861 10202.74705 9801.432571 10359.86884 10415.83843 9693.402256 8090.891229 9033.260986 9731.879246 4571.443736 0 0 0 0 0 0 0 0 0 0 0 0 
0 0 0 0 0 0 0 0 0 0 0 0 3954.688642 7562.475295 7973.217654 8628.556314 8924.888407 9354.759262 10011.79435 9733.222096 9993.188469 9562.78427 10532.67564 11315.95897 10355.53668 9941.406475 10840.06245 9963.533617 10926.11446 10891.54681 10902.84277 10009.9456 11750.24577 10041.6097 10479.67981 11065.47731 10135.22467 10517.65565 11547.38722 12339.88945 10813.14016 11939.50944 10665.65502 11439.62941 12308.95512 11756.15212 12276.29387 12039.11725 11007.70777 11899.36022 11665.14431 10401.64071 10752.00447 11259.65401 12329.32492 10930.75906 10943.75083 11712.62389 11029.8297 10675.61253 11995.22879 10706.46277 11964.96079 10209.05216 12284.97971 9585.499676 12429.87006 12655.04846 11728.7548 13031.08828 10632.60848 12064.57287 9277.514423 11669.60486 10554.00111 10615.14575 10207.70306 8735.70911 9330.955648 10113.72836 11384.53539 10620.58694 9824.071852 8437.58175 9680.429317 9848.344016 8081.632649 5215.278161 0 0 0 0 0 0 0 0 0 0 0 0 
0 0 0 0 0 0 0 0 0 0 0 0 4326.354873 8628.661427 8847.500008 8890.778319 8793.22575 7882.607178 9902.81804 8891.039994 9531.02758 9700.628418 9647.162857 9529.194325 8282.937284 9907.345928 9722.385721 10866.48819 9775.904579 11040.76979 10979.11248 10519.41563 11290.8564 9656.436247 10799.70716 9394.312125 10963.34351 11129.57146 10405.41764 10770.69637 11560.78076 12337.33996 10637.81431 11795.44575 11137.48427 12421.2028 11830.89965 11664.13916 11372.02489 12587.8919 11833.68871 11838.54095 11793.83207 11529.82389 11741.9334 11288.35586 11415.06315 12015.95002 11488.15746 12384.66193 12215.12768 11751.81129 10472.58044 11951.67969 11203.19159 12467.31898 11283.11334 11301.36422 11665.08893 10739.42496 10159.70563 10836.97738 11093.9891 10169.56626 10336.11727 11596.82389 10648.75519 10809.97994 9352.797187 10064.01563 10850.5496 9271.983545 11422.75055 9420.584245 10470.38596 9715.74505 9051.180256 4743.964305 0 0 0 0 0 0 0 0 0 0 0 0 
0 0 0 0 0 0 0 0 0 0 0 0 4300.771905 8059.025349 8559.872614 7697.12565 8925.906596 10218.59424 9607.512016 8238.278104 8114.361565 9232.306395 8961.375669 10269.38 9845.003104 10164.50227 9681.672945 9607.865447 10880.51077 9555.318686 10153.79229 9837.404988 11759.57653 10581.19769 10219.3901 12012.4904 9571.204167 10529.58998 11693.45531 10661.58818 11551.04198 10978.08039 11500.88527 11803.68778 10621.06044 11014.9334 11568.23272 10942.0003 12567.34721 11570.39674 12565.88745 12195.16762 9312.134338 10979.65179 11758.79504 11161.31323 11803.63802 11028.12303 13079.12201 11041.25895 11654.34141 11094.5734 10952.23437 11518.46745 11460.6506 11655.58009 12339.20847 11530.12037 10106.20233 11141.49027 11127.59532 12297.44888 10708.69753 10035.75771 9324.14911 10646.27125 11420.63661 10488.92189 10968.28042 9619.094056 9156.506087 9691.630826 9211.752903 10611.4861 8948.851886 9588.296472 7968.576283 4567.546208 0 0 0 0 0 0 0 0 0 0 0 0 
0 0 0 0 0 0 0 0 0 0 0 0 4266.207344 8126.016073 8345.76946 8459.076109 10058.14482 8693.30812 10549.85497 9613.70311 9444.923141 9448.819148 9983.976791 10699.21738 9360.540191 9797.238149 10997.84118 10168.57178 9700.79623 9757.553016 11006.6155 11250.06268 11142.62803 10823.569 10407.54787 10720.30784 10771.76561 11678.17845 10341.5051 10859.51487 11454.13496 11312.83811 10650.65831 12824.08745 10626.48364 11987.62274 12094.52253 11241.45406 11934.31241 10369.16681 11379.74346 12409.71798 11885.61896 9963.852048 10111.64908 12926.70597 14044.2531 12516.38757 11483.94522 9555.426222 12029.80777 10483.02248 11407.63841 11089.92073 11164.82345 11457.9954 10393.64817 11289.24557 11324.71267 10278.29103 10852.8467 10857.31175 11583.75219 11237.31232 11345.55727 10924.24521 10873.1327 10676.95144 9712.782637 10443.77233 10300.44697 9422.22529 9876.164847 10298.19559 9289.946044 8972.75776 10527.99269 4431.855514 0 0 0 0 0 0 0 0 0 0 0 0 
0 0 0 0 0 0 0 0 0 0 0 0 4364.858313 7197.031546 7766.67439 9211.648294 7111.921419 7972.78316 8496.33331 8256.510278 9980.860157 9741.533427 8515.87646 9492.948455 11338.51503 9410.810909 11663.51219 10273.16427 9287.794905 10570.88374 8736.993878 10086.33617 11683.10852 9656.124085 10401.26703 10241.5539 10834.76285 10867.65214 11037.20862 11548.91419 10880.52971 11616.28373 10248.42614 11386.34082 10847.27262 10950.75232 11801.63453 11124.80639 12282.77363 11911.47397 10226.76741 12452.08744 11639.71384 10851.75652 12799.47453 10839.94167 10700.50243 11500.17311 12724.39303 12031.55417 10537.791 12389.01368 11436.70319 10497.79269 12018.27126 11471.31175 11196.88749 12657.75112 10474.79537 10347.31648 11093.88046 10624.78935 10791.04398 11330.76527 10440.97741 11764.87195 8865.00292 10199.57103 10702.28278 10813.25632 10685.1007 9938.095629 9079.52165 9852.340969 9644.00311 8817.126805 9082.286965 4189.28825 0 0 0 0 0 0 0 0 0 0 0 0 
0 0 0 0 0 0 0 0 0 0 0 0 4649.343394 8088.552728 7936.358845 8191.049651 8446.722788 9690.60591 8479.143579 9468.319676 9379.89657 10332.48849 8686.006424 9235.679328 9268.429251 9495.900021 9346.365063 9935.462209 11090.37828 9651.168349 10152.46029 10975.28473 9551.643935 10271.13516 11270.21118 11183.93287 11136.34866 11684.17501 11057.53057 11710.12635 11357.05709 11586.73472 11987.5927 11434.96473 11979.90707 9825.367792 10781.89729 11305.12682 12081.0351 10304.58869 12375.3593 12718.69324 11568.95998 11759.83988 11413.4097 12183.35773 10855.10201 11448.58819 10501.4088 8994.412757 10731.78465 11295.8587 11998.48544 10108.72629 10674.63567 11045.35886 11758.88412 11857.84789 12079.38943 11770.85406 11537.11356 10244.52775 11136.87424 10606.44052 10810.53007 10287.68095 11342.51553 10495.34083 10118.67898 10481.32571 9270.185596 9303.832598 10024.8375 9722.296349 8956.874576 8791.477933 9355.58393 4286.95886 0 0 0 0 0 0 0 0 0 0 0 0 
0 0 0 0 0 0 0 0 0 0 0 0 4332.661099 9032.771985 8348.043292 9594.627789 9185.672819 9044.988997 9201.561964 9080.046518 8474.625592 10728.24945 8746.497572 10187.45291 10141.20757 9314.068888 9672.200693 10112.48198 10041.58894 9967.294728 10063.28822 9420.650255 10527.49855 8777.378021 11441.49974 10740.39826 10746.82342 9928.519285 11917.06419 11850.00772 11866.23628 10433.33918 10582.54715 10319.91333 11769.6522 11851.99557 11768.65921 11960.11181 12837.1503 11574.01672 10467.45086 11976.51367 11788.87989 13952.12742 13187.28687 11095.15042 11678.81776 11371.22841 11500.88945 12286.04428 10548.08908 11270.21631 12862.17837 10979.48029 10876.63598 10734.57986 10717.07594 10848.88715 10538.13213 10819.75034 9819.104837 11122.66655 9975.19002 12280.6399 9890.180395 10095.0749 10406.05053 9954.541718 10694.59078 10694.00602 9076.429834 8910.831347 10443.56789 10079.87598 9979.649766 10607.34773 9173.663472 4027.374287 0 0 0 0 0 0 0 0 0 0 0 0 
0 0 0 0 0 0 0 0 0 0 0 0 4363.677594 7601.709788 8668.043971 7557.19819 7466.481638 7815.371883 9869.605292 9808.410994 9528.736311 9664.909804 9606.14951 10531.32776 9137.084333 9674.536338 9249.524912 11306.66071 9365.287885 9920.66467 11103.76432 9824.249212 11047.51084 8334.315184 11456.82629 9448.752142 12244.30299 10883.75085 12241.45157 11712.63203 12436.66901 11485.34313 11167.70988 10418.53442 12235.83658 12151.33625 10995.5064 11587.24306 11159.67474 11377.28297 11041.09177 10427.22436 12437.85941 11031.75914 12232.99605 11773.47113 10850.31213 11366.09394 13637.70497 10423.12537 11009.04885 9664.303958 10728.28716 10761.48172 11235.06377 10081.51988 11643.58472 11854.95931 11334.04479 9870.721862 11491.42629 10999.58954 10388.04957 11043.57627 11500.90662 11766.24993 11689.04822 9886.905287 10360.25444 9216.936472 9554.431762 11051.16294 9191.003911 9885.563265 9438.176629 10125.36264 9424.6367 4299.456642 0 0 0 0 0 0 0 0 0 0 0 0 
0 0 0 0 0 0 0 0 0 0 0 0 4190.955487 7736.401069 8077.815902 8394.711889 9390.66535 8364.33488 8873.364638 8286.233707 9527.968789 8952.152191 8405.566167 7979.116898 10044.50693 9279.245795 11260.10671 10677.48882 9941.676115 10666.04704 11241.22895 10578.54084 9047.431153 11018.72001 10527.54516 11379.2139 11361.65432 9780.164256 11468.10692 11566.63373 10843.19963 10220.84947 10537.2344 11978.21024 11167.22086 10610.24986 11267.4259 12178.51595 11104.27656 12532.3312 12095.55485 9943.510196 11307.65647 10561.50089 12268.59905 10508.0985 10654.77691 11179.48667 13196.03374 10822.79782 11735.94401 10850.81141 10708.52362 10913.80864 11409.34915 11667.06066 9983.3871 11155.22522 11210.69877 11907.31429 11312.45932 10378.636 11382.53777 11242.38234 10028.97085 10812.28265 9723.727486 11891.60463 9565.75455 9023.082468 9708.169083 10466.62593 8137.838201 11220.40318 9619.2346 9661.179644 8274.566146 4710.70981 0 0 0 0 0 0 0 0 0 0 0 0 
0 0 0 0 0 0 0 0 0 0 0 0 5276.11369 7933.577415 9098.021313 8410.785831 7691.321764 10025.32971 9888.386366 9306.721332 9067.249493 9599.479243 8857.852201 9190.892415 9088.777129 9888.229406 8976.789267 10593.25358 11552.51637 10003.69211 9330.246413 9670.036037 10923.57027 10142.69991 10090.8138 10042.14663 12063.77243 10858.03455 9587.41135 11471.72848 11139.20558 12214.09673 11758.84002 9712.983233 12297.65406 11375.19464 11511.23771 11005.72763 10934.79099 11925.78202 12203.92161 10473.82219 12404.77312 11635.31412 11304.51036 10885.89024 11611.23749 12727.90078 10412.00708 10001.1266 12297.92817 11046.77934 12056.15136 11747.83584 10574.0893 11533.93352 10556.75933 10515.7533 11222.72477 10949.95725 9355.986167 11018.51825 10018.86741 11038.11135 9864.612151 10178.23411 10003.979 9226.397338 11262.89297 9755.731322 9187.602177 9693.876277 9307.087533 10081.94782 9828.849807 11131.25415 9612.151054 4913.524598 0 0 0 0 0 0 0 0 0 0 0 0 
0 0 0 0 0 0 0 0 0 0 0 0 4216.964673 8513.464421 8623.635808 8507.234846 9118.695383 9226.549756 8046.979341 9838.58845 9356.719359 8956.238862 8938.954112 10606.38302 9311.509883 8472.219328 9874.136114 9498.752936 9864.269801 9886.380581 10515.47443 10451.33955 9573.542885 10818.01504 10159.1298 10675.49161 10928.35909 11044.24832 11727.04389 10440.75162 10267.44607 10541.31007 10747.30414 11731.36513 11391.67156 11690.26176 11295.50698 11833.80472 10920.91189 12067.8415 11782.80738 10043.64351 12311.41078 12216.54926 11193.81616 11315.13231 11455.52903 10828.04504 13439.63801 11044.68441 11170.4639 11616.11823 10516.80241 10813.82642 10112.12432 9558.573656 10914.73546 10448.87224 11207.97601 10150.76223 9987.851431 9789.930058 10059.90793 10971.19131 9459.475043 10048.73979 9960.20583 10115.12666 11049.14794 10201.0132 9883.20303 9455.776719 9576.279449 9973.457295 10239.67105 9533.531559 9092.004448 5109.763586 0 0 0 0 0 0 0 0 0 0 0 0 
0 0 0 0 0 0 0 0 0 0 0 0 4506.552895 8651.95708 7613.279359 8974.113664 7959.232292 8659.467918 8702.30985 8117.90744 9359.741677 9733.377355 9331.181612 8932.627202 9783.482204 9266.257812 10131.86003 9359.30561 8622.072894 9978.817359 10590.09033 9747.302857 10421.67165 11621.97213 10958.45121 9764.524196 11619.87187 11868.27396 11845.43697 9431.686619 10003.13268 11955.5068 10695.36444 10774.97516 11509.47571 10835.84691 11805.03993 10862.42112 11589.40856 10363.58376 10725.22455 10782.46724 10531.93569 11416.09726 11985.42689 11088.99871 11939.93257 9965.657033 11266.69822 11947.91029 11654.04113 10929.29418 10900.12171 12090.79853 10947.17948 12016.67705 11846.94572 11191.49845 10595.08392 10313.52872 10739.38105 10061.86639 11239.80914 10465.53116 9428.054073 9292.414617 9492.419637 8816.947638 10108.46406 9799.146764 9343.625597 9398.650174 8114.987243 9496.997721 10982.58928 9509.928566 10670.10717 3863.971784 0 0 0 0 0 0 0 0 0 0 0 0 
0 0 0 0 0 0 0 0 0 0 0 0 4679.039399 7656.879837 8245.73357 8333.704116 8638.911308 8902.476618 8960.195735 8727.294942 9443.278422 9582.507278 9216.140449 9811.320921 8696.689762 9219.73511 10706.91828 9248.603851 9769.222464 11208.43924 9164.399369 9978.025363 9637.529953 9574.632527 10198.1662 10938.70416 9306.079339 10833.51406 11093.38922 13109.51022 11958.51705 10528.57338 10480.60391 10849.21489 10469.62758 11219.63003 10627.86242 10972.66923 11337.37827 12292.03178 11805.29134 10253.7495 10706.8531 11101.43909 11736.83404 10602.97916 11085.51481 11186.15169 11585.45134 10675.78152 12042.81041 11250.73413 10562.54768 11345.40235 11561.88558 11893.47869 12118.57889 11680.0846 10877.02398 9678.661527 10805.06717 10123.48591 9425.615084 9431.774778 11094.25454 10020.53018 10882.04981 9888.054765 10419.66322 10784.80927 9954.723038 10288.58165 9514.843982 10600.72705 10144.74895 9450.961709 9750.526363 4445.237363 0 0 0 0 0 0 0 0 0 0 0 0 
0 0 0 0 0 0 0 0 0 0 0 0 4526.916032 7250.162033 8955.471268 7325.023247 8796.84159 7614.586752 9268.600267 8603.713571 9786.272837 8973.729973 10488.93346 8887.641357 9029.920602 8446.506736 9496.895916 9816.687147 10604.32687 9079.767663 10152.16273 10638.861 11798.04929 11345.81656 10685.18249 10705.39166 10104.52581 9590.269105 10631.63152 11116.30961 10388.73881 11790.14852 10956.60204 11386.50162 11255.65235 11318.96668 11700.14418 11699.16691 12444.80443 12640.00044 11473.22491 11223.99326 11365.3517 12184.8843 11084.55957 11683.09118 10792.02741 11666.21379 11884.41243 10133.37716 12208.16613 10097.14019 11693.86129 12101.29917 11384.85465 9481.482084 11203.08959 11572.12561 10545.71169 10745.45651 9931.665668 11741.99352 10813.5617 10759.35801 10721.192 10342.98278 9817.977351 9437.471467 9581.764232 11067.52991 10206.44887 11142.1205 8684.039697 9252.911109 9485.161292 9830.466931 9978.2065 4376.037227 0 0 0 0 0 0 0 0 0 0 0 0 
0 0 0 0 0 0 0 0 0 0 0 0 3180.157902 9282.417548 7808.498222 7940.305313 8893.393618 9222.488943 9238.217585 7696.335437 8416.998647 8643.989533 8928.409727 9536.487501 9614.268468 9980.573951 10162.82749 10992.86274 9376.681574 9282.704698 10168.76149 10871.07467 10778.31653 10720.43677 11191.51692 11099.90437 10548.37262 9197.83745 10239.52117 11319.64346 10685.66395 11021.43856 11010.67966 11371.35533 11513.15385 10920.24125 10733.51796 11606.78958 11457.72715 11415.93731 10634.98592 10244.53075 11181.8173 12292.72456 10551.80664 12535.12768 12486.24521 12407.84414 11004.32817 10295.97106 9343.899902 11268.28149 12410.54644 10703.01779 11945.14197 11431.07291 10585.01283 9940.414914 10884.45772 11684.22884 9810.390187 10438.38307 11749.54804 10775.36201 10802.81813 11170.23539 10192.05042 9594.057026 11853.82327 10931.2427 9731.373277 9905.553261 10439.93716 9302.898541 9410.680996 8776.715331 9187.585355 4999.059573 0 0 0 0 0 0 0 0 0 0 0 0 
0 0 0 0 0 0 0 0 0 0 0 0 3629.835324 7620.643376 8530.737333 7981.338415 9268.14642 9369.434506 9685.052642 9214.347421 9115.405149 7492.012675 10373.68484 8581.816922 9382.294114 8907.254604 9463.194217 11338.1843 10649.34169 10983.09632 10103.71784 9981.088368 9974.79805 10586.50593 10669.97396 10440.49284 12125.1101 10383.7407 12022.50924 11445.78677 10971.59207 10274.00511 10651.77169 9805.918885 9498.992339 11444.16949 12246.69 10886.93752 10624.63551 11509.11172 10465.45876 11106.55883 10621.66938 11957.22088 11597.18519 10275.19567 11033.09724 10839.64088 11278.78714 9875.862329 11194.2911 11793.87789 10243.60919 10474.02979 11344.97017 10570.90137 11684.55253 9802.411196 11176.30756 10734.28884 10545.51981 9790.489932 10929.35098 9976.028753 10187.09753 9655.505198 10074.29602 9780.66682 10009.64293 10452.74845 9368.111117 9719.067227 8621.846164 9160.356078 9249.922371 9134.963064 8561.835761 4756.903176 0 0 0 0 0 0 0 0 0 0 0 0 
0 0 0 0 0 0 0 0 0 0 0 0 3942.478735 6372.993508 9591.151878 8287.264242 7336.03298 7284.077787 8738.301053 10196.71713 9446.788284 9728.516178 9784.687865 9085.624802 9253.491715 8770.696731 11054.45649 10190.48524 10779.70014 9692.879004 10383.89954 9572.714632 10369.26848 10233.83892 10466.74396 9702.066584 9662.472557 10225.00689 10612.53569 11436.32353 12185.15748 11404.08409 9695.808057 10926.74048 11540.23683 10662.7229 13108.06162 11122.00087 11076.67201 11736.66735 10781.85725 12167.92516 10774.47821 11113.79843 11345.51672 11553.95551 10893.56579 11047.08739 11861.96132 11223.20286 10053.04525 11222.05982 11690.58352 12180.47472 11820.48729 11883.29504 10421.99978 9714.363973 10242.49301 10522.06407 10189.24178 10367.84419 11189.6551 10081.76274 9700.091819 10167.25426 10404.71272 10207.34718 9045.907857 10112.30473 10433.42003 10430.96047 8835.521017 9042.353555 9645.254274 9444.292774 9896.79938 4512.173685 0 0 0 0 0 0 0 0 0 0 0 0 
0 0 0 0 0 0 0 0 0 0 0 0 4126.36922 7812.560823 7845.280466 9606.690991 9234.9036 7981.085733 8839.916035 9574.444473 8282.61618 8854.199008 8421.010971 9167.456759 9411.905028 9258.118972 10107.85912 8404.145494 10347.0271 9515.233467 11136.11887 10966.25362 9913.072429 10527.47323 10635.72833 10290.85786 9559.777829 8951.532145 11415.66196 11000.94276 11766.21602 11962.18426 9953.114521 11153.00978 11611.22381 10403.94395 11449.79893 11363.97195 11198.29283 12977.79866 10586.95638 13046.91152 11789.01132 11473.97013 10869.03624 11625.30517 10571.45125 10912.32023 10839.90587 10185.26507 10114.83831 10802.41324 11977.55987 11494.2042 10549.90633 10422.96675 11885.54077 11714.39879 10345.47291 10729.52006 9146.483392 10128.43283 10185.18979 10349.12351 11158.30012 10346.62349 10189.98667 9880.353105 10563.00537 9535.835056 9253.337285 9230.263085 9357.625275 9219.141263 9914.10232 9019.25435 9150.433738 4077.212867 0 0 0 0 0 0 0 0 0 0 0 0 
0 0 0 0 0 0 0 0 0 0 0 0 4097.285654 7675.074837 8891.588101 8844.269976 8497.535858 8553.87226 9548.060928 7566.372544 9296.253438 9007.654808 8568.74165 8604.931621 8189.945326 9813.835882 9985.13217 9409.783557 9343.85952 9151.121014 9551.704359 9676.699123 8708.393713 9340.72537 9788.261958 10548.10449 9387.235556 11211.70143 10756.45416 10833.07327 9032.928175 10263.52899 11155.94667 10841.50331 9146.629861 9916.432793 10079.41971 10916.96117 10744.31949 10478.69155 10835.54863 10069.81775 12083.78442 10268.75342 10359.60507 10190.15743 12140.54092 11943.48171 12052.01159 11015.55877 11322.99679 10968.06984 11092.09325 10917.24 11088.6889 10007.39236 10421.66419 10772.39185 10308.19302 9709.610665 9231.696868 10645.40516 10727.57933 10397.30568 10694.8047 10453.27345 8829.586686 9300.184064 9652.004009 9975.045546 10397.18201 8338.291734 8772.602347 8603.970403 9565.889006 9247.146033 9793.580337 4355.705777 0 0 0 0 0 0 0 0 0 0 0 0 
0 0 0 0 0 0 0 0 0 0 0 0 4372.136606 7264.302323 7549.164992 7391.626706 9636.575968 7557.208923 8058.74285 8369.063639 9137.021998 7829.249978 10537.74652 9754.43158 9730.648969 8096.265767 10020.71496 9352.757055 9740.818927 10392.00862 10451.58411 9901.932038 9327.963088 10269.80119 10732.02912 9261.908091 9503.120312 10324.81818 10351.02331 11381.32724 11450.22864 10615.40214 11530.46299 10532.57256 10816.47144 10578.1186 9983.067009 10489.86945 10066.1077 11145.6718 11039.69286 12561.87343 11893.94912 9941.844084 9087.846458 11010.07236 11325.25787 10664.64768 10545.46929 10510.39586 9527.71864 9645.727463 11000.55956 11388.1333 10824.80796 9426.76872 11027.8437 10468.90151 11120.87751 9248.987062 10109.83853 10335.55905 10811.99308 10225.8633 10230.33434 11962.04796 10770.34907 10335.48279 10426.37331 9902.146406 9461.20635 10041.33042 9679.908686 10173.2852 8857.651875 9658.497184 8412.345326 3930.174783 0 0 0 0 0 0 0 0 0 0 0 0 
0 0 0 0 0 0 0 0 0 0 0 0 3897.036247 7379.919956 7325.225863 7303.371068 7198.775674 8218.2365 8688.602195 9216.190633 10156.40006 7265.005114 8568.463737 10144.59036 9202.669374 8436.022685 9271.214257 9053.698059 9408.666123 9533.47229 11478.06906 9346.068769 9835.650228 11629.02507 10556.13357 10487.75076 10080.3121 10222.61212 10892.26793 11498.20742 11276.23193 10097.84979 10488.79767 9386.402926 12288.22184 10864.1586 11241.15028 10509.92147 10663.9881 10311.11942 12454.79263 9846.48306 10534.6494 10798.96825 11973.57295 10813.94428 10792.10048 11655.61626 10767.6983 11111.41037 10549.77465 10581.02046 11152.30417 9298.516558 10857.06173 9740.559302 11700.02259 9936.486651 10236.33272 11086.87534 11615.36929 10286.86585 10016.37129 8758.551507 10962.62493 9452.682905 9698.418115 8634.172296 9869.449804 8473.629371 10129.23347 9714.658515 8392.117216 10226.2313 9449.575917 8541.962741 9679.57739 4105.487421 0 0 0 0 0 0 0 0 0 0 0 0 
0 0 0 0 0 0 0 0 0 0 0 0 3844.025969 7135.332835 8169.000735 7592.367085 8677.334995 7484.288097 8793.508245 9754.996092 9692.555354 7500.771035 10484.89807 10454.26115 8368.047392 8642.67219 9441.875612 9468.183277 8605.407492 10268.79119 10551.20512 10754.73059 8487.888565 10533.49129 9768.695721 9966.744717 10231.40852 10221.19429 10357.35686 10411.49557 10244.25508 10936.73847 11125.83797 9871.479886 9201.590923 9494.557046 9652.005203 10866.24789 9544.285483 10894.11439 10102.28845 10441.7028 11463.97538 9693.76587 12064.73987 9831.74664 11228.5421 11040.84666 10256.47251 11173.5903 10164.30732 10922.83384 9725.344818 11903.59556 10337.29082 11378.13078 10804.50821 10229.31251 10153.66035 10954.53676 8832.99908 10009.37545 9499.543208 10570.97317 8681.918893 11160.31594 10145.06077 9273.446027 9760.625888 9196.475159 9586.928379 9115.216359 10704.8514 8264.784001 9713.371101 8653.793264 9014.740985 4184.54899 0 0 0 0 0 0 0 0 0 0 0 0 
0 0 0 0 0 0 0 0 0 0 0 0 3748.364909 7775.201935 8214.542014 7553.202714 7606.331162 7632.938569 8713.543254 8924.376807 7471.751798 7755.956779 8858.671298 9381.884208 8626.662898 8589.573471 8479.432482 10150.38937 8898.001671 9461.029107 10543.5361 11465.60913 8950.836302 10060.18608 9851.352479 10231.77531 11057.47047 11056.33853 9340.471235 10663.86668 10935.58727 11067.58352 10597.1166 11236.60256 10632.72464 10003.00681 12727.40915 10976.8875 10418.52137 9518.577567 10496.3694 10304.765 10632.53421 11496.55765 10893.03243 11495.76191 9595.347388 10733.59643 10804.51112 11979.62796 10587.60109 10839.77215 9245.289799 12117.50486 9426.752146 11188.70042 10443.70618 10686.9299 11436.17769 10581.10617 9736.124823 10441.60117 9508.05162 10045.36414 9549.414896 10043.88416 9342.824267 10870.81792 10991.92325 9154.058847 9720.201026 8827.254352 8232.448842 9387.772256 9753.563906 8739.450304 8781.183618 4324.301477 0 0 0 0 0 0 0 0 0 0 0 0 
0 0 0 0 0 0 0 0 0 0 0 0 3664.036215 9115.71485 7430.936006 7840.723564 7971.058011 6956.546362 8230.31541 8491.323714 8301.309145 9234.369124 8229.935082 9195.236155 10435.78135 9223.105413 10972.2941 10355.91488 9270.003405 9182.391471 9171.411344 10358.91084 10050.11448 8712.765319 11319.01494 11540.00961 11216.14837 10702.78629 10882.28969 10143.78011 11923.984 9948.830656 10394.11608 10341.97529 11161.7865 10993.21693 10186.55293 9540.315347 11950.13464 10060.99815 10596.42136 10401.0161 11335.07283 10573.0199 10160.85423 11124.45273 12017.09035 11327.12857 10215.6555 10547.15896 9762.655002 11268.11226 10112.65146 11362.81574 10527.71025 10225.41696 11187.94056 9624.579152 10167.03347 10869.83461 11007.55344 10004.67278 10286.05095 9607.492372 10564.84408 9035.35203 9261.241179 10120.42114 9731.089951 9246.71723 9034.457623 9459.768921 9855.537103 10024.0878 8372.981846 9157.735587 9367.661697 4527.324371 0 0 0 0 0 0 0 0 0 0 0 0 
0 0 0 0 0 0 0 0 0 0 0 0 3296.763503 8648.772985 6810.469933 8014.837527 9264.628676 7762.623968 8502.366106 7892.724726 9255.019125 9171.12566 8617.347884 9005.152931 8473.229769 8857.758555 9320.070704 9447.878904 9055.027423 9834.068382 8708.505913 10281.75494 9035.733285 10386.54749 10086.44582 9249.459382 10392.02347 11104.90243 10712.71835 10333.16735 9868.93474 10096.36088 10217.09996 10211.4026 10636.18625 10959.07434 10431.78985 11301.28375 10137.02658 11165.82265 9944.603056 10665.26438 10355.97952 10621.73212 8454.787836 10994.35684 12107.19064 11462.39767 9968.791753 10289.0452 9198.112559 9871.96055 10445.58494 11680.88751 10096.00507 9804.757803 11152.23433 12187.12112 10901.57079 9998.961229 10060.42901 11376.49113 9903.487203 9046.196424 9728.224321 9696.147947 9076.832552 9574.626898 9236.802151 8078.977856 10014.70311 9660.900702 9085.723868 8994.440884 8907.982952 9157.709398 7827.688823 4493.539607 0 0 0 0 0 0 0 0 0 0 0 0 
0 0 0 0 0 0 0 0 0 0 0 0 4050.641648 7713.977848 7714.351972 7866.15238 7035.908825 8190.56245 7090.819741 7861.201476 8534.04444 9323.194311 8092.125628 8568.049476 8806.598848 8021.339753 8878.858116 8626.974114 8990.043107 10541.06359 10763.32778 10002.32335 9412.677285 10653.21436 10692.43611 10281.47701 9078.112244 10410.12263 10225.53784 11607.21147 9861.949234 10469.81577 10208.94361 9233.940077 11088.32087 9678.38012 9870.313269 10196.21989 10939.91523 10822.67098 11135.2165 10685.68474 10161.37194 9686.896795 11297.05503 11148.83411 11067.00426 9951.097017 10281.31319 10696.40311 10055.83739 8838.330857 11218.16411 10755.97749 10219.90926 10837.41486 9959.614259 10330.03396 10064.48258 10249.38358 11481.31138 9760.705827 9639.742905 9765.58642 10625.09547 9470.033786 9400.712174 9729.968728 9695.000282 9269.733712 9834.048124 9001.175736 8321.947742 9535.124103 7444.321721 9570.16537 7100.828381 3833.226567 0 0 0 0 0 0 0 0 0 0 0 0 
0 0 0 0 0 0 0 0 0 0 0 0 3172.874169 8078.007839 8594.036534 8406.837823 7553.106249 8310.482625 7610.340537 8060.589792 8412.215591 7935.282817 8419.245473 8869.902266 9871.356228 8171.568644 9364.78641 8870.4932 9223.463193 9705.563789 9651.070486 9137.759281 10340.7358 9821.034734 9539.906761 10088.49853 10907.74286 10116.30879 8594.176765 9772.424373 10775.75 11459.70817 10530.24937 11132.55291 10121.40198 10737.85199 10859.05342 11480.95039 10075.18595 11047.18123 9586.42928 10665.59323 10241.1045 11243.23143 10842.39245 10264.51203 9943.033728 11827.72188 10627.17641 10505.24013 10139.96403 11392.52752 10455.16132 10543.90367 10499.11693 9981.178257 10344.44886 8998.041547 10670.92428 9565.062828 10462.4184 8593.480803 9399.075401 9678.035207 9806.641447 10088.08308 8483.932324 9947.804178 8823.981268 9471.217647 8687.491589 8816.304642 9785.762781 8257.920245 8618.637606 8435.595284 9037.912117 3682.244308 0 0 0 0 0 0 0 0 0 0 0 0 
0 0 0 0 0 0 0 0 0 0 0 0 3969.669991 6617.502919 7579.227826 7705.57979 6929.865296 8382.925901 9623.75585 8461.541546 8260.446488 8987.853721 8127.098043 9640.02838 7726.419798 9383.3858 8522.190984 8755.98447 9931.755566 8095.499028 8506.609217 9387.725328 8617.602448 8955.158698 9738.286388 10455.06194 9394.849183 11109.52023 10165.73359 9416.894101 9496.930193 9875.497327 10327.96985 10577.62611 9392.328725 10725.36183 9453.712929 9872.402194 9690.360574 9734.021921 10167.63378 9479.238302 11175.3247 10872.66969 10722.77837 11053.25176 10280.39168 9943.274605 10100.47675 10951.44998 10608.24623 10142.34203 10065.33771 11156.5253 10642.47308 11728.3077 10270.40977 10198.03073 8906.372135 9052.368845 8880.992325 9445.664828 10056.5558 10422.83926 9439.167129 10296.55306 8228.611647 8569.780877 10164.86173 7964.726637 10504.29606 8918.647439 8446.223226 8354.592703 9237.389449 8553.936254 7102.309672 5365.134857 0 0 0 0 0 0 0 0 0 0 0 0 
0 0 0 0 0 0 0 0 0 0 0 0 4377.544429 7079.321702 6675.636382 8312.072608 8656.083762 8015.216289 7157.6054 8735.355646 8814.782885 9200.384675 9252.951006 7652.877977 8318.775444 7933.820802 8442.271683 9223.669368 8781.613704 9286.886978 8638.628936 9819.863469 10174.28767 9120.5466 10355.72905 10866.06322 9351.477039 8981.238494 11016.47937 10129.74433 9851.960078 9289.017339 8729.253831 10222.03689 10985.09183 10225.68197 10698.523 9439.604891 10763.5919 11541.07727 12052.73351 9999.841727 11332.31489 9973.904886 9962.369628 10061.43535 11003.30433 10307.30957 10135.70645 10963.951 10323.48763 9950.783431 11220.67416 10872.88544 10510.19406 10648.7055 10688.11615 11131.35156 9216.249313 11283.76746 10834.58714 10783.11966 9916.709375 9196.178425 8902.758141 8656.717984 7893.689429 8993.207129 9000.430419 8511.431197 8187.162218 10781.27282 8330.270795 8404.11751 8937.979478 7495.511961 8429.565243 4424.883522 0 0 0 0 0 0 0 0 0 0 0 0 
0 0 0 0 0 0 0 0 0 0 0 0 3260.918476 8805.084395 7905.525582 8034.334915 8429.557545 8033.156174 8448.912383 6872.193705 8159.010456 7509.052598 7313.039388 8925.963057 7233.327207 8739.013408 8492.636622 8524.944732 8587.548482 10559.02095 9419.529527 10524.21874 10022.20191 9037.967215 9200.26769 10260.01334 9571.689755 7741.526527 10153.20399 9957.65524 10849.85865 10409.2919 10726.94127 10040.06812 9584.528315 9324.418724 10627.90977 9236.035309 10705.62063 10262.11236 10236.95769 8719.29228 10135.05931 10282.27221 9124.255496 9838.552456 9890.886572 10460.90493 10369.45733 10170.43274 9357.139084 9625.965996 9699.428951 9904.751928 9345.466339 9182.839674 9293.910335 8837.915879 10540.36219 9096.319601 11363.27501 9189.39405 9659.772667 10073.06056 9527.906698 9458.151883 9321.666198 9375.098864 9636.066777 9402.825341 9889.724308 9445.529019 8819.280158 8732.439385 7783.721193 8198.457571 8366.00052 4060.135208 0 0 0 0 0 0 0 0 0 0 0 0 
0 0 0 0 0 0 0 0 0 0 0 0 2952.660957 7158.844525 7397.557339 8071.277954 8086.62324 7631.733248 8746.267642 8078.30706 9030.861598 7145.704519 8468.706353 9346.982518 10051.94483 9020.617063 9653.304498 8119.927738 8895.576227 9442.381315 10211.25534 8343.490057 9426.58965 8417.904205 10795.50925 9011.834639 9850.51203 9460.97241 10601.31489 9787.097202 9895.025459 10168.22116 10477.17866 9902.04234 8875.280811 10235.04623 10344.55275 10018.05032 10350.38939 9538.463483 9579.613159 10668.14884 10783.1785 9792.329513 11145.73731 10305.5795 10292.75562 8982.513236 10252.42691 9689.035 9449.645397 9237.493302 10902.33817 9012.342965 10123.36946 9918.944164 9851.949466 10341.64741 9610.164312 8561.830861 9667.422809 9491.405563 9684.78222 9555.202564 8921.813287 8426.525449 8454.447272 8102.076523 8402.644782 9339.593701 8866.021083 8308.394179 9997.417245 8195.206236 7809.845303 8757.422784 8333.693937 3725.918757 0 0 0 0 0 0 0 0 0 0 0 0 
0 0 0 0 0 0 0 0 0 0 0 0 3554.833277 7820.864974 7672.869655 7171.0016 7389.692529 7049.679021 8005.9406 6432.046639 7345.318176 7581.424461 8329.887412 8547.127454 8688.281437 8764.219994 8744.983292 7759.790179 9513.103122 9053.771382 8839.10915 8623.177458 8999.115906 10332.41375 9048.287484 10833.63035 10409.21783 8935.147613 9634.674253 8664.72874 9958.00027 8601.501098 9618.034657 9101.916001 10703.47548 10644.25442 9657.483414 8943.16336 10092.38875 9518.057578 11332.28544 9249.049989 10894.35239 9835.164537 10137.5388 9766.628038 9819.089167 9785.267439 10472.74182 9359.838546 10963.05655 11265.41745 9519.770408 10520.3958 9862.311126 10339.34874 10119.04515 9396.891304 8053.404436 9517.897596 8672.101824 9729.113611 9013.209884 9534.551804 9019.640357 7490.469636 9674.90094 9042.056837 9268.122792 9087.709333 8490.909431 9718.252701 7612.150598 8706.931031 7357.360976 8994.298213 7928.089183 4210.330535 0 0 0 0 0 0 0 0 0 0 0 0 
0 0 0 0 0 0 0 0 0 0 0 0 4175.491151 6953.044266 7538.962169 7023.563237 6655.710964 7820.685629 7370.169623 7961.52464 7670.896655 8488.058344 7019.972803 9900.9594 8164.81722 8029.747431 8250.300875 7416.936225 8592.563684 7786.055995 9381.286155 7844.126884 9677.391372 9843.15119 10160.72448 9183.300355 9186.253772 9315.734325 9497.399384 9597.771322 9246.678494 9535.387419 9297.88364 9601.557792 9060.383452 9733.936541 10948.50896 11763.46471 11400.86805 9224.543625 9312.515228 9213.837859 10901.60982 10226.32745 10598.73969 8945.260913 9943.599812 9810.052384 10901.91824 9648.326678 10169.1744 10026.7873 10043.87735 9568.234902 8840.805859 9651.704507 10350.78919 9778.415711 10955.94859 9996.34865 8338.782657 9525.476017 10835.27674 9290.067388 8567.05737 9524.047252 9500.988733 8083.275588 8291.186261 9073.281635 8801.61044 9108.596715 8349.903353 8767.101257 8084.979091 8015.535213 6752.556048 4122.518467 0 0 0 0 0 0 0 0 0 0 0 0 
0 0 0 0 0 0 0 0 0 0 0 0 3368.483086 7259.382123 7234.335954 7955.173095 7229.350538 6991.592761 8130.358619 7675.246615 7181.795082 8036.430407 7956.926813 7549.20502 6995.798228 8928.02551 8344.021223 8431.371095 8234.909738 7349.231914 8209.025552 8048.017526 10281.2705 10131.96357 9626.920408 10524.74254 8876.420174 9762.793854 8926.461713 8924.003545 10357.75582 9323.206695 9382.804882 8528.812187 9224.027875 9153.730018 9628.047022 8406.566971 10373.08965 9849.70686 9967.50856 10381.42591 8993.377435 9020.432694 9593.778964 10519.1554 9384.069649 10233.15168 9172.725296 11183.87246 10166.69297 9156.703261 10034.76825 9864.962798 9153.389312 9297.791186 10228.29686 9415.987182 9439.158697 8469.547439 8721.685176 8945.628667 9012.120799 9616.080279 8988.465265 8329.446974 8181.152834 8687.026458 9163.14783 9340.44226 10498.26443 8234.779919 7526.108698 8020.021577 8189.588421 8123.792871 8769.836075 3336.104991 0 0 0 0 0 0 0 0 0 0 0 0 
0 0 0 0 0 0 0 0 0 0 0 0 3082.191458 7038.111786 7264.04317 7567.347708 7146.985823 6714.358011 7906.215 7631.248517 7048.113829 7683.211011 7952.709474 8612.657405 6377.906089 7735.6689 9016.871721 8517.905883 8152.026639 7674.41314 8480.724092 9202.465203 8830.850711 8755.250621 8063.945658 9731.255925 9628.180333 8573.46233 9032.1993 11084.02926 10013.98124 8950.643381 9212.472141 9396.232866 9567.872704 10172.23261 9846.91449 10798.18791 9394.018917 9275.81454 10725.45755 10103.63484 9264.408936 10479.24419 9956.899223 9134.302901 10585.3327 10810.35838 10101.35317 9896.525654 8500.022313 11123.50831 10299.62446 10136.77606 10300.89859 8698.977179 8740.378514 9960.122477 9685.399017 10480.04201 10088.56252 9689.3465 9940.252692 10006.89404 9238.187967 9688.364129 9316.963352 9019.062292 7924.474963 9033.222765 8349.523019 7469.745022 7577.04153 8004.806542 7553.80673 7727.659612 7584.544421 3434.5576 0 0 0 0 0 0 0 0 0 0 0 0 
0 0 0 0 0 0 0 0 0 0 0 0 2560.177126 7181.376278 7076.83768 6951.926781 8004.599697 8010.432549 8155.58816 6679.80798 7330.747289 7685.242666 6799.638692 8141.99477 9694.827497 7387.90849 8042.273767 8367.156715 8256.266019 9003.296571 8540.852071 8637.941271 7669.742645 9205.425749 8970.104268 8908.180801 9664.214268 10104.79864 9758.162482 9703.098698 9007.358503 9411.361935 9258.409664 9063.037125 9306.524356 10238.59334 8897.127535 10852.33241 9656.653086 10976.94932 8721.719314 8017.46461 8660.196356 10831.2616 11110.54408 9586.621932 9640.566928 9683.065238 9785.111098 9632.634163 8669.195718 9230.197605 8557.234406 8196.256854 9271.972642 9484.05261 9167.865608 8905.920502 7962.239374 8164.126764 8898.647024 8595.202493 8827.65768 9846.400116 8209.590923 8850.311103 9123.970249 8598.234081 7823.91908 9025.423153 9041.435723 8912.808834 8203.656873 8212.328562 9023.53685 8446.795475 8278.634901 4526.281614 0 0 0 0 0 0 0 0 0 0 0 0 
0 0 0 0 0 0 0 0 0 0 0 0 3329.720842 7120.797534 6536.633817 6799.382561 8635.47341 7850.052599 7349.554394 8004.950008 8323.931019 7092.378393 8366.736136 7137.717796 8596.640445 7901.17243 7859.156233 8305.446061 8112.3011 9546.270542 8130.586289 8846.289359 8442.082938 10078.5429 8391.856433 9180.2485 9267.037252 8400.140356 9206.765874 9067.991249 8738.506539 9274.084822 9331.11334 8759.9756 9968.425266 8439.826485 10294.98068 8737.082288 8567.836841 8740.733928 10200.173 8606.467542 8854.428494 9529.798623 9927.789846 10054.02161 8856.011887 9658.683193 8764.562138 8434.307857 10171.94902 8996.447815 9483.296215 8278.33161 10352.18636 8860.841139 9089.402526 10486.8737 9754.247406 9703.196816 8113.683975 9340.249491 9589.998548 8242.057664 8207.581254 8477.14245 8831.683575 8266.92189 8042.234103 7661.294758 8147.51641 9474.096051 7255.33058 8474.445724 6947.701123 7739.63358 7540.172588 3200.636769 0 0 0 0 0 0 0 0 0 0 0 0 
0 0 0 0 0 0 0 0 0 0 0 0 4064.510254 6282.483554 6569.917876 7466.683112 7486.889384 8075.655376 7862.321704 8477.610766 7081.880025 7851.586541 7915.277082 7264.363646 8683.189299 9224.888704 7371.283402 7828.163187 7763.953507 9331.285976 8486.37361 8378.916119 9290.713656 9944.768765 8270.626342 9002.46322 9481.379723 9846.832489 9478.923541 9251.565699 8817.710634 8606.907638 8268.12213 8845.599748 9211.1847 9380.389729 10155.03778 9512.91097 9747.47462 9102.789096 9148.826236 8535.086856 10213.25108 8933.169507 9979.424882 8859.291948 9113.307544 10192.40657 9091.302647 8901.459774 9096.496616 10351.19691 10174.76132 9302.790156 9239.771147 10023.78544 9073.47225 8967.572872 8493.80383 9510.56431 9908.946814 8337.300783 9855.925387 8855.261424 8539.750811 7421.971369 8677.832864 8549.662289 10143.96029 8452.861462 8593.166655 7317.504828 8212.886458 6959.338946 7670.654473 8066.721537 7761.348115 3484.542539 0 0 0 0 0 0 0 0 0 0 0 0 
0 0 0 0 0 0 0 0 0 0 0 0 1206.123278 3168.528425 3348.770816 2897.252637 3922.112132 3189.794332 3465.343293 4107.235466 3478.060875 3822.124704 3104.933795 3898.231262 3551.094363 4413.082279 4762.282653 3503.071772 4484.95924 3681.038989 5914.844894 5039.641849 4233.385526 5125.730552 4064.253568 4541.185187 4142.857937 3813.38676 4599.361598 3733.09141 4503.05772 4651.731595 4202.794665 4113.343052 4506.655565 5157.342167 6034.754721 4521.588865 3388.273969 4615.978863 4527.194438 4057.326675 4245.71391 4799.539124 3994.212984 4936.161776 3817.847447 4711.429451 4461.822168 4520.6355 4494.545517 4517.837847 4657.966295 5026.159094 4151.523865 4165.235645 3956.784513 4688.613652 4777.837251 3850.945593 4872.265241 4513.834138 4433.387994 4627.654493 4195.372026 4098.963897 3446.918765 4698.73026 4558.803317 3775.473952 4659.21675 3925.923828 3446.14729 4666.42477 3696.783414 3988.09706 4206.055045 2076.622131 0 0 0 0 0 0 0 0 0 0 0 0 
0 0 0 0 0 0 0 0 0 0 0 0 0 0 0 0 0 0 0 0 0 0 0 0 0 0 0 0 0 0 0 0 0 0 0 0 0 0 0 0 0 0 0 0 0 0 0 0 0 0 0 0 0 0 0 0 0 0 0 0 0 0 0 0 0 0 0 0 0 0 0 0 0 0 0 0 0 0 0 0 0 0 0 0 0 0 0 0 0 0 0 0 0 0 0 0 0 0 0 0 
0 0 0 0 0 0 0 0 0 0 0 0 0 0 0 0 0 0 0 0 0 0 0 0 0 0 0 0 0 0 0 0 0 0 0 0 0 0 0 0 0 0 0 0 0 0 0 0 0 0 0 0 0 0 0 0 0 0 0 0 0 0 0 0 0 0 0 0 0 0 0 0 0 0 0 0 0 0 0 0 0 0 0 0 0 0 0 0 0 0 0 0 0 0 0 0 0 0 0 0 
0 0 0 0 0 0 0 0 0 0 0 0 0 0 0 0 0 0 0 0 0 0 0 0 0 0 0 0 0 0 0 0 0 0 0 0 0 0 0 0 0 0 0 0 0 0 0 0 0 0 0 0 0 0 0 0 0 0 0 0 0 0 0 0 0 0 0 0 0 0 0 0 0 0 0 0 0 0 0 0 0 0 0 0 0 0 0 0 0 0 0 0 0 0 0 0 0 0 0 0 
0 0 0 0 0 0 0 0 0 0 0 0 0 0 0 0 0 0 0 0 0 0 0 0 0 0 0 0 0 0 0 0 0 0 0 0 0 0 0 0 0 0 0 0 0 0 0 0 0 0 0 0 0 0 0 0 0 0 0 0 0 0 0 0 0 0 0 0 0 0 0 0 0 0 0 0 0 0 0 0 0 0 0 0 0 0 0 0 0 0 0 0 0 0 0 0 0 0 0 0 
0 0 0 0 0 0 0 0 0 0 0 0 0 0 0 0 0 0 0 0 0 0 0 0 0 0 0 0 0 0 0 0 0 0 0 0 0 0 0 0 0 0 0 0 0 0 0 0 0 0 0 0 0 0 0 0 0 0 0 0 0 0 0 0 0 0 0 0 0 0 0 0 0 0 0 0 0 0 0 0 0 0 0 0 0 0 0 0 0 0 0 0 0 0 0 0 0 0 0 0 
0 0 0 0 0 0 0 0 0 0 0 0 0 0 0 0 0 0 0 0 0 0 0 0 0 0 0 0 0 0 0 0 0 0 0 0 0 0 0 0 0 0 0 0 0 0 0 0 0 0 0 0 0 0 0 0 0 0 0 0 0 0 0 0 0 0 0 0 0 0 0 0 0 0 0 0 0 0 0 0 0 0 0 0 0 0 0 0 0 0 0 0 0 0 0 0 0 0 0 0 
0 0 0 0 0 0 0 0 0 0 0 0 0 0 0 0 0 0 0 0 0 0 0 0 0 0 0 0 0 0 0 0 0 0 0 0 0 0 0 0 0 0 0 0 0 0 0 0 0 0 0 0 0 0 0 0 0 0 0 0 0 0 0 0 0 0 0 0 0 0 0 0 0 0 0 0 0 0 0 0 0 0 0 0 0 0 0 0 0 0 0 0 0 0 0 0 0 0 0 0 
0 0 0 0 0 0 0 0 0 0 0 0 0 0 0 0 0 0 0 0 0 0 0 0 0 0 0 0 0 0 0 0 0 0 0 0 0 0 0 0 0 0 0 0 0 0 0 0 0 0 0 0 0 0 0 0 0 0 0 0 0 0 0 0 0 0 0 0 0 0 0 0 0 0 0 0 0 0 0 0 0 0 0 0 0 0 0 0 0 0 0 0 0 0 0 0 0 0 0 0 
0 0 0 0 0 0 0 0 0 0 0 0 0 0 0 0 0 0 0 0 0 0 0 0 0 0 0 0 0 0 0 0 0 0 0 0 0 0 0 0 0 0 0 0 0 0 0 0 0 0 0 0 0 0 0 0 0 0 0 0 0 0 0 0 0 0 0 0 0 0 0 0 0 0 0 0 0 0 0 0 0 0 0 0 0 0 0 0 0 0 0 0 0 0 0 0 0 0 0 0 
0 0 0 0 0 0 0 0 0 0 0 0 0 0 0 0 0 0 0 0 0 0 0 0 0 0 0 0 0 0 0 0 0 0 0 0 0 0 0 0 0 0 0 0 0 0 0 0 0 0 0 0 0 0 0 0 0 0 0 0 0 0 0 0 0 0 0 0 0 0 0 0 0 0 0 0 0 0 0 0 0 0 0 0 0 0 0 0 0 0 0 0 0 0 0 0 0 0 0 0 
0 0 0 0 0 0 0 0 0 0 0 0 0 0 0 0 0 0 0 0 0 0 0 0 0 0 0 0 0 0 0 0 0 0 0 0 0 0 0 0 0 0 0 0 0 0 0 0 0 0 0 0 0 0 0 0 0 0 0 0 0 0 0 0 0 0 0 0 0 0 0 0 0 0 0 0 0 0 0 0 0 0 0 0 0 0 0 0 0 0 0 0 0 0 0 0 0 0 0 0 
0 0 0 0 0 0 0 0 0 0 0 0 0 0 0 0 0 0 0 0 0 0 0 0 0 0 0 0 0 0 0 0 0 0 0 0 0 0 0 0 0 0 0 0 0 0 0 0 0 0 0 0 0 0 0 0 0 0 0 0 0 0 0 0 0 0 0 0 0 0 0 0 0 0 0 0 0 0 0 0 0 0 0 0 0 0 0 0 0 0 0 0 0 0 0 0 0 0 0 0 
# Errors [SlitMonitor/SlitMonitor.dat] I_err:
0 0 0 0 0 0 0 0 0 0 0 0 0 0 0 0 0 0 0 0 0 0 0 0 0 0 0 0 0 0 0 0 0 0 0 0 0 0 0 0 0 0 0 0 0 0 0 0 0 0 0 0 0 0 0 0 0 0 0 0 0 0 0 0 0 0 0 0 0 0 0 0 0 0 0 0 0 0 0 0 0 0 0 0 0 0 0 0 0 0 0 0 0 0 0 0 0 0 0 0 
0 0 0 0 0 0 0 0 0 0 0 0 0 0 0 0 0 0 0 0 0 0 0 0 0 0 0 0 0 0 0 0 0 0 0 0 0 0 0 0 0 0 0 0 0 0 0 0 0 0 0 0 0 0 0 0 0 0 0 0 0 0 0 0 0 0 0 0 0 0 0 0 0 0 0 0 0 0 0 0 0 0 0 0 0 0 0 0 0 0 0 0 0 0 0 0 0 0 0 0 
0 0 0 0 0 0 0 0 0 0 0 0 0 0 0 0 0 0 0 0 0 0 0 0 0 0 0 0 0 0 0 0 0 0 0 0 0 0 0 0 0 0 0 0 0 0 0 0 0 0 0 0 0 0 0 0 0 0 0 0 0 0 0 0 0 0 0 0 0 0 0 0 0 0 0 0 0 0 0 0 0 0 0 0 0 0 0 0 0 0 0 0 0 0 0 0 0 0 0 0 
0 0 0 0 0 0 0 0 0 0 0 0 0 0 0 0 0 0 0 0 0 0 0 0 0 0 0 0 0 0 0 0 0 0 0 0 0 0 0 0 0 0 0 0 0 0 0 0 0 0 0 0 0 0 0 0 0 0 0 0 0 0 0 0 0 0 0 0 0 0 0 0 0 0 0 0 0 0 0 0 0 0 0 0 0 0 0 0 0 0 0 0 0 0 0 0 0 0 0 0 
0 0 0 0 0 0 0 0 0 0 0 0 0 0 0 0 0 0 0 0 0 0 0 0 0 0 0 0 0 0 0 0 0 0 0 0 0 0 0 0 0 0 0 0 0 0 0 0 0 0 0 0 0 0 0 0 0 0 0 0 0 0 0 0 0 0 0 0 0 0 0 0 0 0 0 0 0 0 0 0 0 0 0 0 0 0 0 0 0 0 0 0 0 0 0 0 0 0 0 0 
0 0 0 0 0 0 0 0 0 0 0 0 0 0 0 0 0 0 0 0 0 0 0 0 0 0 0 0 0 0 0 0 0 0 0 0 0 0 0 0 0 0 0 0 0 0 0 0 0 0 0 0 0 0 0 0 0 0 0 0 0 0 0 0 0 0 0 0 0 0 0 0 0 0 0 0 0 0 0 0 0 0 0 0 0 0 0 0 0 0 0 0 0 0 0 0 0 0 0 0 
0 0 0 0 0 0 0 0 0 0 0 0 0 0 0 0 0 0 0 0 0 0 0 0 0 0 0 0 0 0 0 0 0 0 0 0 0 0 0 0 0 0 0 0 0 0 0 0 0 0 0 0 0 0 0 0 0 0 0 0 0 0 0 0 0 0 0 0 0 0 0 0 0 0 0 0 0 0 0 0 0 0 0 0 0 0 0 0 0 0 0 0 0 0 0 0 0 0 0 0 
0 0 0 0 0 0 0 0 0 0 0 0 0 0 0 0 0 0 0 0 0 0 0 0 0 0 0 0 0 0 0 0 0 0 0 0 0 0 0 0 0 0 0 0 0 0 0 0 0 0 0 0 0 0 0 0 0 0 0 0 0 0 0 0 0 0 0 0 0 0 0 0 0 0 0 0 0 0 0 0 0 0 0 0 0 0 0 0 0 0 0 0 0 0 0 0 0 0 0 0 
0 0 0 0 0 0 0 0 0 0 0 0 0 0 0 0 0 0 0 0 0 0 0 0 0 0 0 0 0 0 0 0 0 0 0 0 0 0 0 0 0 0 0 0 0 0 0 0 0 0 0 0 0 0 0 0 0 0 0 0 0 0 0 0 0 0 0 0 0 0 0 0 0 0 0 0 0 0 0 0 0 0 0 0 0 0 0 0 0 0 0 0 0 0 0 0 0 0 0 0 
0 0 0 0 0 0 0 0 0 0 0 0 0 0 0 0 0 0 0 0 0 0 0 0 0 0 0 0 0 0 0 0 0 0 0 0 0 0 0 0 0 0 0 0 0 0 0 0 0 0 0 0 0 0 0 0 0 0 0 0 0 0 0 0 0 0 0 0 0 0 0 0 0 0 0 0 0 0 0 0 0 0 0 0 0 0 0 0 0 0 0 0 0 0 0 0 0 0 0 0 
0 0 0 0 0 0 0 0 0 0 0 0 0 0 0 0 0 0 0 0 0 0 0 0 0 0 0 0 0 0 0 0 0 0 0 0 0 0 0 0 0 0 0 0 0 0 0 0 0 0 0 0 0 0 0 0 0 0 0 0 0 0 0 0 0 0 0 0 0 0 0 0 0 0 0 0 0 0 0 0 0 0 0 0 0 0 0 0 0 0 0 0 0 0 0 0 0 0 0 0 
0 0 0 0 0 0 0 0 0 0 0 0 0 0 0 0 0 0 0 0 0 0 0 0 0 0 0 0 0 0 0 0 0 0 0 0 0 0 0 0 0 0 0 0 0 0 0 0 0 0 0 0 0 0 0 0 0 0 0 0 0 0 0 0 0 0 0 0 0 0 0 0 0 0 0 0 0 0 0 0 0 0 0 0 0 0 0 0 0 0 0 0 0 0 0 0 0 0 0 0 
0 0 0 0 0 0 0 0 0 0 0 0 305.6038533 449.9802164 409.0591339 360.6665109 418.5543773 383.8134086 416.9833834 401.0051903 412.9782295 466.303903 485.4273478 507.0084207 443.7688335 466.0006204 433.1849187 447.558694 436.5822293 438.8330087 424.7269836 443.8601863 480.8187841 457.2588383 474.7963617 503.2750771 492.3585353 468.9706613 491.8319405 529.0535709 446.9937288 499.0896023 484.6156127 494.7026414 528.6630162 468.0648052 504.1087651 492.0554936 531.1300072 498.5621911 554.5463211 481.4091118 509.1470905 408.7754385 531.737001 483.8549464 514.7066176 444.3960186 518.2512993 506.6681479 521.4345918 492.4169505 486.1387024 500.9709786 475.4239167 499.5308191 474.130375 457.2561265 505.3413706 461.861705 476.2018286 491.4747985 485.6221307 452.1456701 477.1283648 480.2793358 461.2444722 419.7201119 483.0735858 473.0578065 480.5948545 531.3287146 496.1970985 467.9317534 398.3887083 483.5911595 426.8615046 328.9670355 0 0 0 0 0 0 0 0 0 0 0 0 
0 0 0 0 0 0 0 0 0 0 0 0 414.6415888 565.4266765 634.2010251 654.7387855 636.5222963 630.3410599 617.8718557 620.4593165 566.2128607 680.3165922 635.0697129 632.51856 686.556705 659.65722 621.3329921 595.4048222 647.9465406 665.2306536 669.900846 687.9118617 687.1646526 684.8870112 678.6814633 684.4975635 751.5079913 669.0438793 714.6219217 698.500512 733.0477743 728.8149307 715.7689077 667.602333 712.8658934 703.3949179 726.221452 702.4981065 753.2778154 705.1433313 702.3971514 721.203892 683.6615888 660.5069767 727.7806925 722.5873669 676.8897738 769.5341337 656.9541406 719.2642462 738.2768856 698.5477127 626.7965847 667.4740922 702.2872658 734.0155415 710.3836419 686.6909635 636.5829627 620.2307108 721.3485484 674.7660058 657.2916503 643.5681042 678.9569736 657.7259606 657.7829141 669.4455162 673.5991747 655.4015578 626.9444286 630.9573938 637.0291886 636.2602375 625.600796 618.4598207 599.9308538 376.9382568 0 0 0 0 0 0 0 0 0 0 0 0 
0 0 0 0 0 0 0 0 0 0 0 0 432.2573979 681.0227677 586.8631903 640.5452992 635.154737 578.7867943 679.7992825 620.3464882 632.9577997 638.2645338 642.9309974 614.2549395 663.5047773 637.8771306 623.1746026 714.2059855 689.5502991 677.5182883 660.6230817 709.3851132 681.3063955 737.8395387 741.6192943 625.0695956 670.6600901 683.8276964 667.4275064 738.361034 639.0816496 698.2500567 733.9703354 684.5442198 708.7326974 754.8485007 701.7401707 701.6909223 703.6900988 682.2784526 722.5584702 724.4586032 723.6573805 699.8473514 666.0191768 726.0082093 662.9376113 673.9827922 766.2737166 697.0223939 729.1043408 758.6909009 711.6717408 684.6349786 689.1570531 720.785915 680.9716849 707.4348365 707.5733972 652.0703006 752.4784834 670.8349448 714.5205188 695.8258454 685.5844257 638.3093816 634.4713978 669.3898095 661.2832782 633.3181336 587.1975674 637.0673368 661.8140569 668.1838154 644.500743 607.9089085 637.3903665 454.0316321 0 0 0 0 0 0 0 0 0 0 0 0 
0 0 0 0 0 0 0 0 0 0 0 0 390.6666894 584.0583128 581.4912607 585.1018338 653.73081 630.6701964 675.7730975 619.4440124 639.0712274 648.9980925 652.1623084 674.9493685 651.5936532 625.3538174 647.0043048 712.4297376 697.0811611 722.323272 694.912928 667.1235351 638.6722382 718.9384965 704.7063111 696.3867927 672.9991451 660.5841465 701.2598785 722.2469949 684.7495506 752.1957402 714.7124463 758.929324 676.3371393 754.610512 666.5984586 641.0374077 691.0383756 727.351139 672.3464755 690.9990928 732.5298291 756.5572505 704.0761563 719.865434 759.9878908 677.3483698 707.8637021 759.0431042 679.2578273 710.4856911 685.0967043 679.9012069 708.3758324 735.9082716 686.9511798 663.2095414 721.4024771 705.9586256 654.6825923 610.1909177 705.4038375 689.412999 645.7428669 665.5420837 660.834717 637.1260516 671.0100612 659.4292839 628.4184308 656.1846012 630.5425345 632.0659614 655.3482344 638.997528 605.6943386 408.7240252 0 0 0 0 0 0 0 0 0 0 0 0 
0 0 0 0 0 0 0 0 0 0 0 0 518.6457202 628.9018878 583.1255604 625.7109994 562.5855496 586.345133 624.3754978 629.543468 622.4737576 681.4774975 657.8315195 649.3373792 653.4570115 653.6893857 682.6590352 637.734586 702.0292253 691.5368285 642.9820872 677.3114189 693.3517269 718.0636675 698.0520621 696.7127821 677.5021617 663.0352524 676.9964837 721.7497626 700.6768758 711.4560632 723.1829892 673.6413537 757.1038019 729.7630497 731.7661382 758.546686 718.4923003 700.8687539 687.2345639 749.1354846 700.8585258 667.8332262 740.6028665 718.0128282 754.823946 685.3503118 714.4857859 689.8071679 723.4849705 738.5437424 733.3017754 684.019623 715.9887702 718.3377915 686.5410172 685.908476 686.5617917 681.3127426 747.92335 671.0084289 678.997299 730.2180338 670.7746799 678.220696 708.481518 698.0723521 698.7846247 616.1835262 653.4276266 655.5425474 639.4335127 674.6823646 662.6705771 628.6465794 673.420635 501.4207319 0 0 0 0 0 0 0 0 0 0 0 0 
0 0 0 0 0 0 0 0 0 0 0 0 421.5185937 596.4629248 602.0251521 639.2841521 643.6425574 612.2173126 628.3813599 657.8106813 576.8718167 676.1865011 639.9710548 672.7269165 675.0467852 706.493277 653.0021289 645.1818121 691.0174543 697.7829157 610.9415486 696.4186335 675.1029835 710.4748531 735.7535702 664.6460918 705.3679972 694.7062043 732.8405469 729.9463643 702.3824693 698.6699119 725.8071952 698.3018852 718.287736 746.3889567 718.8315983 766.9918758 645.5924656 700.0484635 690.5731923 665.0749204 741.5773083 675.6880815 725.6836984 685.0869192 749.5844926 748.0506323 746.4538925 656.6158181 725.5735503 726.7847334 717.8666617 696.0578809 729.1162431 711.7001941 746.5663588 670.6572568 742.4050404 719.1887323 640.8989715 626.0658436 729.209969 675.646161 735.3218853 653.7301823 683.5019505 680.1252532 743.5662313 651.2968813 707.4180923 654.7686769 670.9874648 683.4275731 676.1429937 684.0705306 597.649936 443.8416818 0 0 0 0 0 0 0 0 0 0 0 0 
0 0 0 0 0 0 0 0 0 0 0 0 425.4969008 645.1464303 600.592185 654.306609 604.7140127 664.8127008 662.0901258 640.2126084 646.5290811 665.4255682 733.5343162 636.0059494 624.1559914 661.6061456 735.2322888 660.9282264 692.7994239 676.5070989 679.1070094 687.5684169 684.3805719 688.5411529 692.6739453 705.8979755 755.78786 694.9860426 729.1042467 718.7311915 689.2091992 689.5064809 705.9514628 730.7650662 677.0232069 726.3885401 706.387701 756.5768174 726.6846784 736.8245407 714.1040378 705.4216413 756.0889849 763.7384796 764.1390393 729.5442462 710.2110432 752.4529579 729.6882456 726.2102668 705.0768325 719.0417553 720.6532669 750.3184977 715.1107145 690.1140642 706.1960649 712.2802603 707.4099997 707.8271255 634.7186113 725.9716989 735.7581359 698.6073849 696.1694057 705.1803548 665.2302781 645.3444472 695.1543881 659.6773452 642.8892159 625.0455197 669.3443008 671.2356666 711.0478908 645.7738347 644.5335443 477.0161076 0 0 0 0 0 0 0 0 0 0 0 0 
0 0 0 0 0 0 0 0 0 0 0 0 457.8111587 621.9407979 606.3249979 602.0256126 708.611146 638.0625579 706.2627823 621.6714315 677.0581536 620.9652265 678.4530648 640.4471662 621.8409996 654.0396443 704.3480217 669.77597 739.9244553 690.5492284 683.1434556 737.9828859 641.9031645 714.6578278 645.3394004 668.1654321 692.2533026 707.6677834 729.0783524 686.2632479 735.5066017 748.4818323 704.7123045 688.9031736 723.3832777 649.7450878 652.727769 742.880783 797.3075492 726.1624959 702.9165071 691.8383511 714.1400741 737.1653991 737.1419309 737.3207751 702.5193007 696.6439203 732.9091326 706.5019824 689.2262871 735.5939571 625.0213936 661.1826758 679.6355873 721.4062042 694.5871795 744.6245431 724.756634 683.0101298 738.1010692 679.2209424 690.1732856 708.1032564 711.835497 718.4155717 698.6864425 670.7282878 676.1690788 668.5628159 639.4354278 623.6938456 675.06983 692.0309584 652.706233 587.8194436 677.6519749 465.4410577 0 0 0 0 0 0 0 0 0 0 0 0 
0 0 0 0 0 0 0 0 0 0 0 0 444.6026012 603.8947151 571.3527129 659.8531897 625.0395227 637.9952576 684.1101294 629.1181727 657.5241714 676.4056829 699.5179865 683.6680813 670.7590518 705.0365713 675.3052112 665.3271794 675.5111224 662.3771151 621.7187672 720.1478876 729.5029187 684.8016942 754.9803369 739.5014694 719.5970091 679.9071524 701.2526807 706.6314494 719.8138126 694.1882356 699.2459899 665.740861 703.0840236 720.191392 699.2215653 712.9343947 764.7883642 763.3133096 724.9303529 746.8742024 730.6043143 726.2250018 761.7000487 733.1678348 792.3169554 761.0271822 739.8293621 735.8266724 758.8348185 701.6001191 702.3447331 697.1140122 739.6069525 722.0295384 701.0062812 686.2082832 711.2631007 735.7708933 670.8944297 761.4198205 658.3892729 738.2750641 724.0893828 721.8302731 679.7267236 686.2686719 662.0104313 738.8726003 667.0142723 665.7521998 643.4382228 683.0874535 691.820595 665.3752981 639.5156248 431.2537212 0 0 0 0 0 0 0 0 0 0 0 0 
0 0 0 0 0 0 0 0 0 0 0 0 468.0702305 599.6921564 616.8050751 623.5859158 678.0572229 660.7080453 668.1949005 702.7101356 685.7081646 651.1737127 704.4718153 711.1766296 634.1325995 669.1925486 654.3538105 663.5777978 697.9748495 722.8967519 750.3431903 717.0372847 751.4277814 686.9716501 724.0089041 701.4561665 698.7975989 694.9782512 770.7703714 679.2631717 711.152172 715.7917722 731.5898066 714.4314013 743.0845144 744.5480093 743.3376485 768.3821554 746.8758727 713.6019797 764.9406852 746.3654979 729.3601511 746.8297371 729.6657567 734.5964293 781.8928006 741.6575895 764.283947 722.1285444 772.3895364 720.931436 741.8303479 736.0839375 684.6475062 705.951902 725.6068436 708.2694865 691.0391113 684.4372264 716.2009709 714.0209566 680.6505314 707.957151 685.9003582 695.4511487 701.7651289 701.7139297 717.604846 693.6417554 730.3575527 656.8748701 706.4997856 694.2397602 676.6254975 586.4558925 633.8999416 464.8112676 0 0 0 0 0 0 0 0 0 0 0 0 
0 0 0 0 0 0 0 0 0 0 0 0 426.196333 609.133212 642.8082721 619.0690158 650.521021 635.3401475 639.7983655 647.4056604 735.3929009 654.4034885 626.4650863 684.466258 619.3164903 736.9982998 698.776805 614.4445131 660.038474 714.3592183 670.4058492 720.0056783 703.2334821 712.3727986 700.8180184 718.2386269 738.064707 718.2310988 760.3674281 719.7545547 727.4940077 718.3596432 794.2201672 725.1906105 693.8518426 738.0832947 728.9407852 751.2413673 762.8970718 737.8855999 771.4036694 718.0434825 767.0689158 755.9815594 735.0792397 778.2453531 718.3953175 699.4017136 725.5923951 704.144269 756.2479981 769.245236 735.8711739 753.9007142 753.8105864 725.3658375 692.7436174 739.5639004 730.877648 675.9243991 705.5239762 741.6819622 688.4095119 740.5185503 685.7540823 768.0146639 753.1396646 610.7068899 617.4328563 707.6020251 707.662432 666.7128807 622.3731641 688.5483353 667.271735 699.4253445 615.1118599 426.5953231 0 0 0 0 0 0 0 0 0 0 0 0 
0 0 0 0 0 0 0 0 0 0 0 0 435.9367947 602.2844668 582.8513099 657.2889803 691.9223815 705.919877 679.4117131 645.2663544 717.1845151 673.5414137 680.812624 691.4036742 719.5625758 642.9702396 694.1438298 700.2101413 689.0971484 698.4153447 653.6734356 689.7934472 719.1549853 701.6625731 729.2899719 679.2975224 741.3393436 725.538122 740.9722448 719.5064757 727.4918868 746.2805181 772.5169824 739.2709812 685.5763416 736.1532662 760.1931066 764.8043786 761.788667 749.8463704 762.3421246 719.8841891 769.9522766 760.4322202 779.5658747 745.6336125 697.9537004 730.0203535 745.3512148 774.4262675 759.7318125 739.3709197 751.4577047 745.0404202 759.3649793 749.0858114 699.4812559 760.7396182 736.0095723 669.0051077 692.6132733 654.4789815 642.0005523 714.2769516 701.6376332 727.2125403 703.7258614 723.5597123 689.2462645 722.3942734 710.0692654 715.2829641 664.1417278 630.8887369 661.0018775 634.2790264 678.1600439 411.6148579 0 0 0 0 0 0 0 0 0 0 0 0 
0 0 0 0 0 0 0 0 0 0 0 0 479.147993 634.2819601 680.2338928 647.0449991 671.9406139 639.4007321 639.2476753 702.4039386 673.6435411 655.7643895 648.2683059 702.6862691 697.8666728 644.9362731 661.8401883 696.6432451 629.1609257 746.7608442 733.5938663 751.9752661 669.9180566 696.5812042 802.4598668 706.9983656 715.4214756 700.3337306 758.0517949 726.1590611 731.5677087 667.0814866 739.2143124 705.542962 725.1512754 728.3230538 708.4885063 772.6898919 739.3736257 740.465968 763.672959 745.7201338 754.003928 739.9112532 764.9269459 769.3612437 723.8711977 744.7999539 755.7912822 735.5142863 734.9215762 734.2699948 690.67149 778.9197654 706.1314891 735.4597861 735.3147018 730.9799903 696.8081908 696.1129447 736.8495763 713.0582093 706.4393528 682.4762437 713.8621622 701.4096129 632.05978 699.4176042 648.1975026 666.7885736 642.0778283 713.1258837 707.9212847 643.9253511 665.7441618 686.9317293 667.0120197 446.2536806 0 0 0 0 0 0 0 0 0 0 0 0 
0 0 0 0 0 0 0 0 0 0 0 0 457.017601 630.0291477 647.482527 608.4802399 626.2796623 624.2115858 705.5479916 644.5308783 652.5881762 676.1464722 619.870249 658.6744204 706.2330085 715.0622629 671.6449621 721.4966612 733.20187 668.8997126 730.8721594 736.6191911 677.9296125 741.6946328 671.002983 704.8574182 734.3757131 729.8571469 675.7813704 666.8840491 733.9838784 700.2585488 765.4635984 746.4392758 753.7533713 729.8647137 697.6216586 753.5735614 735.3945991 776.0147274 689.6398097 810.4574919 722.4295161 706.2227197 739.5909253 702.8778695 745.6614158 745.2059447 720.1590545 756.5995699 729.7788623 737.5340155 782.7967311 777.1352469 737.1706014 723.8258829 781.4338541 719.6601051 759.305128 736.3578697 662.5183931 703.1196456 689.2820688 707.7430479 687.6565477 637.7187675 652.3644746 771.7526545 713.6029632 738.5404581 676.5787772 674.0537475 649.0209784 674.9510764 725.2035311 659.3669661 672.2066589 496.9970897 0 0 0 0 0 0 0 0 0 0 0 0 
0 0 0 0 0 0 0 0 0 0 0 0 419.165159 630.0838208 619.7660164 680.9822044 666.3324579 629.8323491 675.4147155 691.699643 717.6148419 654.4011859 653.8968428 695.7363482 699.2766285 684.1645255 661.9504967 716.202768 716.0286269 692.9293464 729.9258258 681.3839265 728.9031562 743.6946449 712.3935227 736.9275738 784.2609573 757.6826944 751.2728241 728.3928102 759.5479537 701.8737436 780.5832138 700.2772096 784.4954938 740.8135801 774.2672959 752.6571251 725.088709 755.662745 715.3439027 732.2048733 787.7238238 746.3270672 759.4485317 666.3563191 712.1507478 747.6617818 711.2414028 741.0488602 780.4690215 738.4063631 784.5222756 699.8926777 730.9621806 748.4109823 738.7855171 752.9781112 740.5517658 716.7723723 751.3636237 695.6253748 735.649145 698.6886852 774.9260308 697.611837 733.1904557 707.0275912 690.5541322 735.3387358 701.5933292 642.2579253 634.9600405 697.63552 661.8860794 679.3134406 673.8316798 515.0939369 0 0 0 0 0 0 0 0 0 0 0 0 
0 0 0 0 0 0 0 0 0 0 0 0 435.1496756 545.8356806 660.6762014 591.9635735 686.5703631 649.1026352 702.4425376 709.915901 696.0610166 692.3074597 709.35186 661.3163381 757.3646518 711.2522436 653.4506402 711.4896336 744.2277832 683.4326257 653.8941717 739.9294284 728.1301248 720.7741892 777.6150439 671.9919606 685.408228 708.2456471 748.4212849 762.1332196 758.5088728 780.2634608 759.4882329 757.0666751 750.7015835 748.3500268 733.0805939 771.2375551 802.4314377 779.7025577 743.9516061 743.5637532 796.362079 718.3475334 770.2935202 731.7011671 727.2948914 780.5152792 729.7021417 747.592503 770.1424485 780.3983901 754.5596834 782.2342354 730.8028764 751.2584147 784.082831 793.8777256 750.3340036 714.6282942 752.38583 736.2007481 693.6570706 723.4684799 740.454335 693.3305329 738.2248471 654.1304949 675.935186 720.6193225 694.2624299 680.4841089 685.4457851 690.4989927 660.1829376 684.5879986 697.6533243 489.267 0 0 0 0 0 0 0 0 0 0 0 0 
0 0 0 0 0 0 0 0 0 0 0 0 459.3803821 651.2519167 664.4461906 667.5951588 616.9812568 654.6002982 671.8814366 689.849072 668.1171518 683.8626021 625.7131584 691.8675134 686.5660682 799.9034307 684.3388656 712.609958 732.8587001 681.1157283 678.9033709 719.2723082 722.5768922 762.3688312 761.7737421 770.6434108 714.4852166 778.4168297 781.1058391 759.1769863 796.5137216 725.761494 687.6254095 791.5599131 748.4214131 745.6412948 754.2320009 744.8606574 710.3527116 768.5847497 740.9818823 721.5826778 743.9198825 766.1329616 806.7212629 689.0711636 688.8575414 759.9767589 778.2454416 748.2187614 770.3565009 749.6261102 731.2969247 699.2511846 745.9222905 714.7276735 753.5036009 749.4384859 725.1274107 708.4400371 807.2641371 735.442482 690.672934 700.8750882 702.7990271 701.2154084 700.5675801 699.8110191 683.7540781 744.2451446 686.314056 701.3553674 674.1853816 699.100939 681.3633141 687.7077077 713.9223819 471.2115712 0 0 0 0 0 0 0 0 0 0 0 0 
0 0 0 0 0 0 0 0 0 0 0 0 431.232477 655.4557487 674.7816092 671.9337506 596.3465043 627.2774915 714.045459 688.0456931 713.5804966 698.050647 752.9071525 623.8437652 651.5317999 751.3272314 718.2720517 693.3604265 711.6361949 705.5992602 775.2147142 759.2790969 753.5056075 774.1859832 739.4060099 732.4949875 710.8383179 762.7634958 789.8795241 739.2598016 742.7630122 700.2809504 793.4661283 766.2666923 755.0243837 831.1084709 741.3517661 766.8129616 756.3739526 780.4791529 790.8179109 801.9830771 754.0961906 794.2710473 786.6790109 807.5407092 699.8384744 754.4884913 758.5759345 752.5048037 737.9658176 691.9797278 713.4358722 773.0458967 717.8320533 760.5829789 758.4139192 752.8868783 730.5164843 741.6823508 764.5559233 702.2144683 729.9210987 765.4320633 771.364086 760.1484305 677.1281739 700.4938073 725.4126591 692.3865565 740.053286 640.9635709 653.249217 683.3306518 642.445946 681.3248519 632.0364937 517.4265285 0 0 0 0 0 0 0 0 0 0 0 0 
0 0 0 0 0 0 0 0 0 0 0 0 419.6918749 674.3817625 634.1848644 685.2891275 664.7250745 660.7546493 670.1836276 713.9350784 679.2594383 677.274188 695.8681879 723.0507508 712.6713072 722.4084443 707.407317 670.7899174 687.6739579 705.0360423 706.991849 706.5613688 705.2418984 731.6198954 749.5671953 731.2597327 691.9170383 699.6592479 719.8536805 757.4306693 811.1669124 712.0708715 781.0504199 726.7972126 761.5356987 784.2962252 702.9252267 788.4376103 757.7406715 723.060777 704.5136537 762.1602491 748.1649465 771.3150834 759.5005387 767.9354578 747.9791714 724.2510794 753.1204036 743.461939 757.1845008 754.1466037 770.6272666 762.2825372 708.9590709 767.7648337 767.361261 778.7017446 740.1190312 761.6551483 811.5795471 747.7066841 753.5447248 726.0691425 721.550119 739.0551697 708.0735086 719.8317739 744.761951 690.8376164 739.1687308 657.6266503 705.8999025 618.249803 676.3477906 663.9117158 715.4361448 458.3025665 0 0 0 0 0 0 0 0 0 0 0 0 
0 0 0 0 0 0 0 0 0 0 0 0 478.2107015 697.4515463 593.8331449 672.7817811 716.7668166 639.5704249 703.3533688 630.9034997 674.8671105 694.4233154 685.067415 679.8463513 750.2541237 641.2128843 694.3524197 703.1196416 658.6633232 752.9114162 710.5550229 693.4264687 719.6978114 734.8358069 758.1519941 708.2178774 742.7692074 745.1378739 752.3348877 703.8600949 705.7677126 744.0053128 741.1097256 807.1382323 757.392858 728.4203962 763.6227534 761.0459745 735.4594204 784.2116098 791.2920747 707.3284898 803.6356868 739.55424 749.9573966 768.4961797 744.2032368 765.3124822 751.1600048 781.4364337 741.1678916 724.2816167 756.1405266 695.6865607 773.0376251 795.7333913 775.8923725 763.8383254 758.8767252 757.7379623 759.7275565 774.2342793 735.0290373 683.3438116 738.2158835 741.9937699 676.9914956 742.5956405 688.7513681 719.4782364 708.8110114 714.4681551 750.8110572 676.4842874 661.0994187 690.9575494 673.8114615 501.1409324 0 0 0 0 0 0 0 0 0 0 0 0 
0 0 0 0 0 0 0 0 0 0 0 0 453.5083758 695.4443566 694.0831149 672.5973993 744.6061302 701.1127046 675.0643142 685.961279 659.3329959 688.5853899 683.5770639 772.1109187 709.4909117 659.0095078 717.7803212 724.7932794 666.7462532 796.0489177 737.4041123 696.1923039 756.0898643 745.8204703 725.6497524 770.8562868 693.2567538 792.9636469 693.5773002 757.7858698 732.1364368 745.8459282 703.1200087 770.3201002 728.4896733 750.1622142 784.0289154 755.9586058 737.4406822 743.1679853 781.1280675 812.1808987 774.8115027 786.6124608 752.7765962 787.5212836 766.1691343 792.2981639 798.1490613 743.8533753 808.6685878 785.4512895 741.0633658 782.8994299 776.5321675 814.4000941 706.9489903 777.9676912 715.707232 727.0192807 778.7810315 758.3498612 675.1863089 737.2482937 710.2170613 750.5110726 722.3614323 717.1988472 720.5893132 712.1714882 734.5317928 665.7694922 693.4613883 685.8932559 713.5599449 667.1282772 700.2548792 437.1960676 0 0 0 0 0 0 0 0 0 0 0 0 
0 0 0 0 0 0 0 0 0 0 0 0 443.9949407 673.6394223 663.5119165 599.700153 685.9249986 656.4410293 727.5973672 696.356597 715.0051099 657.1934886 709.8002768 640.2225997 641.4936345 662.5747865 679.4699088 742.861977 707.1244833 691.6879662 723.3707831 700.2297697 737.6916474 781.8367753 717.9579685 716.724498 741.642705 776.5858846 745.5866715 764.1882224 794.2493716 783.6966525 851.8283979 760.9902717 761.0113149 810.0993683 724.834427 757.0908996 762.0526001 727.0232205 817.5937286 731.832668 741.8292405 754.6281041 770.7667438 768.4102299 771.4653916 754.1906355 769.6753672 755.9759779 754.7773883 790.5119748 804.1724082 783.3955037 772.2358653 762.8038607 778.4601764 778.6569248 742.7837584 756.4136425 751.8524364 771.2020743 776.0426483 797.147977 773.6951841 692.7036929 736.2202103 695.8350671 712.8422438 696.5220833 717.1642984 688.6708144 680.4653589 670.3720547 709.2411572 657.704303 633.7394 537.9428999 0 0 0 0 0 0 0 0 0 0 0 0 
0 0 0 0 0 0 0 0 0 0 0 0 500.2164419 700.6990423 640.1674448 685.2422191 677.7206249 636.1893066 703.3931701 673.1287349 713.8047666 674.8250362 695.2710294 664.5322048 706.6911249 733.3235796 692.0943264 729.5667869 733.069385 724.4307589 755.1858678 749.9373309 718.4417918 787.1548012 739.8176722 771.2829363 762.9362279 740.3384769 731.1882254 748.8037477 778.6579915 804.0311817 786.3006846 738.4299111 777.5399785 775.5160603 769.674119 800.4172656 780.8778522 788.2637342 749.3403982 736.3287856 749.3181483 753.8491671 753.9922266 809.2750705 725.0063864 739.2951299 790.4060654 747.909034 803.3221458 737.2413206 770.8779861 780.0324869 726.2359657 749.0804429 733.7580615 756.9813706 774.6474828 717.4015427 710.8394283 780.6393436 710.5551609 726.7652888 743.1120173 744.8341131 758.9491001 728.3436395 729.9226829 750.0118119 728.9496098 702.7341802 683.3545163 732.9009337 674.0200529 690.1544524 678.4928846 480.4003944 0 0 0 0 0 0 0 0 0 0 0 0 
0 0 0 0 0 0 0 0 0 0 0 0 456.0800468 723.277931 698.0369627 723.0967397 683.5692606 661.4063504 710.8652038 712.8714149 668.8337558 682.3766331 678.6992358 648.3808372 664.2949789 705.3304869 728.9589735 711.4429799 753.725413 757.8466336 771.4397495 712.2079591 725.9305556 760.9871689 753.2790525 784.4901983 788.0087844 766.3590676 715.3343297 698.9867808 753.5917545 752.1217688 789.0604174 754.5619949 756.6538758 808.0219813 746.9663348 834.772266 838.2637395 744.2411522 710.4518999 773.6178021 786.6080366 789.7496256 744.3010519 815.4171865 770.7830283 784.6823812 737.2838941 723.5326639 736.8975016 807.9798356 766.1804284 767.0782631 783.6784135 701.1139442 753.4668527 731.6466977 778.5142102 781.936982 725.6300922 757.1784012 777.0900236 717.6207108 706.6393108 765.4901883 683.31545 722.7395585 721.6063871 743.3207055 712.2146137 716.1565638 721.3589789 697.2830191 734.5184245 677.0390024 689.2449086 487.1450186 0 0 0 0 0 0 0 0 0 0 0 0 
0 0 0 0 0 0 0 0 0 0 0 0 494.0140866 638.8411351 664.3999776 705.941737 613.2019682 708.8675096 673.5606965 688.1273807 682.3819957 683.2658765 715.0915594 747.7264326 689.3017231 715.1608254 701.5516536 748.974962 679.4436888 732.357225 703.8192379 750.7019523 671.0809814 669.5938231 777.1692229 674.7448509 749.0638571 712.9162217 799.5862206 778.6417562 801.4231424 798.7164373 783.1783833 743.9819299 740.6097165 745.1382427 796.7686631 737.2973718 766.0203413 745.1091719 788.9106145 826.1181694 728.0821379 790.1442824 754.9396209 754.1970442 812.4965025 772.2187649 782.5610634 754.2174826 711.3934469 727.3521388 752.337513 799.7935306 751.6604321 779.2005586 780.0955477 740.9617938 760.4391824 785.9335771 707.5864522 736.3370256 757.184724 725.4889688 766.467884 724.2814127 709.3605334 703.12986 764.9764275 747.2924721 732.2470394 738.5218686 745.8140358 679.5613321 679.3260725 714.9026822 700.8713867 468.7928593 0 0 0 0 0 0 0 0 0 0 0 0 
0 0 0 0 0 0 0 0 0 0 0 0 480.7685603 679.585607 648.2238994 701.9853032 629.0904083 683.8956952 680.7967523 687.8711137 672.5257469 695.3170814 758.2929789 698.2399365 713.364275 685.0832683 731.9270341 773.4419374 732.2937138 772.6545681 747.5895621 765.7924488 733.8108689 768.097145 724.4284417 713.0657775 711.4129644 822.6928972 743.3146006 772.5161859 813.2795528 778.8590263 731.2422162 799.7057061 798.4138055 799.7892125 789.8223929 732.9539901 754.9706851 794.8963394 742.9025917 779.4086544 799.5253074 774.3584788 786.6851295 793.6364653 770.2070324 819.4129382 811.9503335 744.8913494 826.1568521 795.9535962 712.6702377 768.8858944 717.4465719 768.207132 821.1311428 735.9634614 773.3162342 784.7236485 718.8681679 755.9330483 730.2062836 710.9351174 790.8097085 713.1560546 693.9623986 767.1013194 698.2411383 754.5158667 722.3386411 660.9403602 677.2795539 692.7065637 655.9499051 710.7619831 655.7310123 504.3761911 0 0 0 0 0 0 0 0 0 0 0 0 
0 0 0 0 0 0 0 0 0 0 0 0 427.0695257 698.985273 643.3342014 655.4965733 677.7832753 698.6094797 695.4928825 709.6622528 676.9250486 723.4894631 707.5917675 779.4062586 733.0996248 677.7042354 705.063986 728.5628642 742.7808559 772.6506934 720.6109784 773.5448902 736.2125221 749.2179261 763.1018273 757.7909793 722.039896 763.6889605 755.5071303 759.601863 775.1101089 770.1841561 729.1195579 717.7487601 763.9969438 772.4537042 812.4175349 781.8391552 783.9909904 769.5860355 807.5433185 771.0781371 776.9888217 763.7017243 788.7983019 737.3877124 823.2867843 735.5071752 740.8021556 761.9263475 760.6760395 801.9116191 781.9844728 789.9778902 717.8171089 777.7879978 759.8509551 728.1753411 756.7738412 761.6018692 738.5141348 758.6984507 741.3886479 692.0896894 719.757582 688.2803147 732.1059341 766.2704029 728.8951949 726.4046792 775.0701045 728.6870305 722.498826 684.3412286 708.0437553 690.5270657 672.4258543 497.9258138 0 0 0 0 0 0 0 0 0 0 0 0 
0 0 0 0 0 0 0 0 0 0 0 0 417.3584447 618.7692484 684.5833028 642.4609352 722.4670597 684.429922 697.5230557 708.9256322 715.2764913 629.2530381 718.2666861 742.3691454 762.5745065 708.2886972 716.7112292 715.006492 717.0201329 704.4870739 738.0900841 735.8458822 720.8890274 775.1429674 717.9793254 800.7981925 740.4025328 753.2214324 784.8073385 726.9566979 787.7065425 763.0637438 821.1136033 718.6926326 791.6526405 761.0995128 816.6586043 782.0518468 756.6133645 759.6554116 827.1309719 703.3327673 742.8756725 794.7850998 760.7419763 804.5308649 782.067721 724.0504389 774.8900046 809.6765097 798.1975885 752.2230261 810.7141064 797.9236707 744.4500368 785.8317472 735.0732591 712.9156081 754.391468 697.6535219 743.5091044 712.1269406 739.3965766 715.5393061 757.4589258 752.3794445 744.6736753 794.753898 768.7329438 663.148472 712.9166046 704.9264023 703.1374578 674.0891178 696.2579752 694.1877737 720.4406946 486.1224625 0 0 0 0 0 0 0 0 0 0 0 0 
0 0 0 0 0 0 0 0 0 0 0 0 441.7635918 683.1228747 660.5587348 633.7339707 638.6260858 700.8875616 703.6228851 687.1355027 677.7855456 746.655047 734.395609 733.9777594 725.7007913 650.6441177 716.4163296 720.0176764 728.1416275 770.8588279 709.7297176 804.4289669 763.6526958 762.7861507 731.8166047 748.4445511 739.2909253 802.8271942 775.1881325 713.6912385 757.7500114 719.8681974 746.6553644 780.9348214 772.708508 738.4568764 720.4227662 766.0566608 773.5433711 814.2868406 810.7835655 779.7698022 753.8479661 752.135208 762.3223748 775.981973 808.2586916 746.1614885 811.7134914 799.3095512 737.0044337 697.6818401 758.7405853 754.7355786 747.4419247 776.8902762 742.8123334 808.4472341 764.6486738 736.7983806 768.7396372 718.3016294 713.0426323 768.9504382 722.7401526 721.4773465 749.9552686 711.6845426 774.530683 708.0969409 652.1894336 709.2795692 696.4658049 733.1153979 713.4430846 654.2587532 660.1308521 516.6761392 0 0 0 0 0 0 0 0 0 0 0 0 
0 0 0 0 0 0 0 0 0 0 0 0 449.4031776 626.0962196 657.1305007 722.1868085 682.0696455 648.3717453 722.5974268 680.4172395 684.8815379 687.6125376 746.6342624 729.6055704 687.2857689 699.9478878 767.2322393 679.1251892 740.8483968 756.4736638 738.8239352 733.3949908 785.2653021 769.2010781 767.9691291 758.8062668 748.2101101 781.6656538 712.8163 729.8222863 748.8058299 753.6671378 750.0082285 784.2786321 807.4947347 774.2254168 759.6505674 741.716443 740.8484464 752.2914088 795.0680493 759.0027788 755.9729708 756.3397805 800.6157891 804.2195612 834.6584501 828.4439395 811.0379365 784.7943988 778.4888894 750.6594984 766.2710185 717.0177923 778.3810846 755.169676 772.6680641 728.6935202 788.9692856 731.9966402 742.158042 717.3362334 776.1577437 782.1786271 743.5058471 790.9569753 729.5724556 732.9291194 747.3326784 730.8216623 763.7317989 754.916358 740.4468734 714.673921 703.8899183 710.6305569 672.8000911 462.3893049 0 0 0 0 0 0 0 0 0 0 0 0 
0 0 0 0 0 0 0 0 0 0 0 0 449.9330771 704.4576517 633.8232052 679.8040287 705.1505456 661.4575225 697.3834287 640.1103172 650.6971867 745.5250007 682.1081712 734.509582 728.3454373 715.8068046 700.7344075 792.3585851 711.9314064 720.1075003 752.8494345 740.9099578 788.3896952 718.527049 744.4496523 756.5888331 753.8566164 762.825326 739.3643755 761.7485547 732.4837283 779.8044681 779.1650655 773.3426665 735.3187683 775.5225637 767.8850305 757.4015643 788.1342976 774.3458711 772.0207751 745.4698453 791.2387976 832.1364469 734.5500275 735.1286031 818.9245662 798.7209662 765.5036353 782.2149799 767.6285392 770.2818936 729.971553 765.2286662 826.3760504 796.5614525 746.3862179 754.7303851 778.4741555 722.743028 732.2562696 720.4446336 742.7312201 743.7034193 769.0113078 712.1425272 735.479315 773.6576521 712.7534213 771.4543146 742.5836032 715.6518037 682.7478653 723.7086345 745.6597838 726.1190799 666.9129761 457.2517525 0 0 0 0 0 0 0 0 0 0 0 0 
0 0 0 0 0 0 0 0 0 0 0 0 449.9468288 682.2863606 650.3776961 704.5764921 672.3001848 698.7949172 687.8718828 668.6609163 684.7923377 720.6975252 781.3229249 705.6590192 729.360794 743.1942074 722.7296874 701.3877541 756.3177145 732.5448766 730.907986 770.8274016 785.3787287 711.4459283 745.9649118 773.7615438 781.5946805 737.2820352 746.655761 797.4538589 756.7920361 771.8319622 745.0634944 797.4876546 756.4096527 775.940038 768.2882227 761.0508676 753.3596242 773.5825379 736.171418 790.5482303 833.496888 720.2052965 826.694161 754.3588178 797.8303099 783.5154004 807.3185752 761.6330445 783.0656726 805.7958716 711.383575 769.9806492 732.8093821 764.2289326 748.0561897 775.1223355 773.7230943 773.7454016 735.7954706 758.7655311 765.7882596 771.575077 742.8989307 726.9099783 763.6805903 712.3768414 711.0638963 694.1860673 671.407466 759.6101708 740.2150878 718.3723129 734.1038613 715.3096939 660.3693785 482.2569902 0 0 0 0 0 0 0 0 0 0 0 0 
0 0 0 0 0 0 0 0 0 0 0 0 491.6328437 705.9958899 685.5330597 665.2645521 728.9044779 668.7132001 697.0532229 688.0641187 694.609838 693.5791618 719.1740033 722.3449034 707.2513714 690.8430286 739.74285 710.6986118 694.7640096 744.2245777 741.88031 833.6542644 765.0676107 720.0429187 733.1503632 797.2035724 796.7922803 752.003375 749.8999828 760.2019281 759.1885946 836.985707 766.8341067 792.8625464 764.0954236 771.2318205 777.2373159 787.6184566 777.4930897 761.6323247 799.5853287 769.1149359 760.207588 737.7770663 742.4053798 790.3289139 813.0716764 771.552032 760.3316288 786.3825877 793.5692964 760.8498624 743.9969249 798.711711 800.5656476 733.3330968 713.9725888 773.1807141 802.7277189 695.7910234 747.3066943 778.9280092 718.6168938 815.1539133 770.9481322 756.0951589 720.1939628 709.3091944 738.0283674 735.0535368 761.7443592 748.1944913 724.7122698 739.2450892 715.3485803 700.0244494 687.9145043 546.4564017 0 0 0 0 0 0 0 0 0 0 0 0 
0 0 0 0 0 0 0 0 0 0 0 0 479.2510241 646.0697864 679.4768133 730.8943681 692.3530658 684.0130813 674.074821 711.7099636 673.5236616 728.5419633 751.8058973 726.2742299 708.8982781 734.2325484 720.3402328 712.6569482 743.6659741 696.0797205 797.3314453 728.622153 752.8995336 731.2234702 730.2018101 808.6208748 746.6924606 745.0496294 780.0223968 781.3299153 700.235511 782.5904105 784.0934162 782.7418438 794.071482 778.9019204 773.8905533 781.5619043 741.8192239 763.7539978 772.4199552 798.5955809 827.4489786 759.5035061 800.2407787 715.3627547 766.9932385 789.7383702 794.7602749 709.4108511 754.7358472 756.7797288 782.848977 798.1272556 738.1252249 772.0209195 782.8451268 737.8153842 748.2241009 821.563638 740.2127913 742.1371832 725.1440194 757.1144225 736.6519224 709.1094964 710.3508946 698.5136946 726.4280599 720.0552537 644.2526491 708.9687645 715.7246501 723.5609058 705.5276905 660.1404419 737.4506888 463.3563295 0 0 0 0 0 0 0 0 0 0 0 0 
0 0 0 0 0 0 0 0 0 0 0 0 490.60688 597.2842895 670.2287831 660.8280165 695.2641082 646.8179679 702.0322533 700.4045631 720.1336066 697.5806581 713.9894931 721.3778651 731.1272315 745.3026188 703.5931808 762.9785954 729.9221683 694.3759793 690.8945997 742.3628637 776.2287889 742.761772 789.8924243 756.4690976 765.0397088 744.9250666 751.3808316 787.8282266 775.0876484 798.2323179 741.738761 749.6783472 776.7513907 813.256687 767.4811613 771.4911032 781.3458004 808.9710675 777.5880069 768.8925482 796.999525 802.4547608 793.5098988 771.2747898 801.5876929 792.2361723 811.3717402 755.8875467 761.4244101 744.2469912 734.0140953 758.8351519 746.1679582 776.7065471 811.1366369 805.6945144 793.5522228 767.3880803 807.4393035 718.8552716 733.0658967 733.6214503 788.5370619 730.978583 749.5938408 759.6237899 747.2524335 734.85636 757.986908 735.8438648 768.022661 726.374482 669.835835 732.2401585 712.8076385 484.1019459 0 0 0 0 0 0 0 0 0 0 0 0 
0 0 0 0 0 0 0 0 0 0 0 0 471.1913973 673.2585619 686.9739508 687.5765889 701.8791593 658.6602844 650.9862457 711.5693333 724.7593165 698.8982164 721.7116212 729.6957885 742.2408872 722.8128302 707.6686781 736.1617229 709.3890989 749.0672443 761.1158051 783.2469786 772.5283897 719.3557123 793.1021973 738.4564564 790.4307076 735.6344761 811.6224379 761.9597657 753.353311 746.4293273 794.8653555 748.1446463 751.2663907 784.9484225 784.4905499 769.3951738 775.329919 770.3418828 790.2518572 795.9425257 836.8218684 829.7096977 801.6415635 782.465116 803.869748 765.0508232 765.4585153 799.3663445 776.8474653 791.3470702 811.344439 749.8011296 778.9520675 792.9850347 731.1931019 733.949321 795.8592419 749.9676028 723.8028602 745.3157608 702.9237424 742.8526696 790.8390113 773.6910205 720.1821721 700.7653834 694.5735724 760.0934531 707.1795851 722.4462713 736.7232561 669.6452291 731.3428625 694.1810099 707.6678838 470.9997999 0 0 0 0 0 0 0 0 0 0 0 0 
0 0 0 0 0 0 0 0 0 0 0 0 511.1398016 729.6209424 678.7048927 672.2174602 645.3066978 719.8581881 717.8992003 696.7779969 648.3378007 727.8408987 677.5405019 741.287261 736.7108985 735.6579917 736.7515129 667.945639 677.2095872 743.6518259 751.3456134 717.9162052 729.0536326 777.0864772 738.238368 750.4710507 757.1744974 758.0307588 719.0525459 719.5638929 783.5747306 807.5012283 821.5594721 757.7822867 794.5805426 759.7344048 760.0268225 774.7528596 765.8969585 795.8946025 778.9381331 761.5942951 836.2119311 774.6031589 787.5614148 753.9833823 821.882986 780.0514006 805.3662794 744.0421259 721.350428 757.5573993 750.0352946 748.463835 774.0432835 772.3301416 750.9734758 778.6516464 783.2971069 748.6146643 779.9067611 793.4042293 736.0627126 729.061055 698.9073634 706.6559108 736.2760538 704.4295579 784.7145991 733.4855687 717.6458279 733.6961389 741.092792 708.6830839 649.2826473 685.8202892 714.0315621 496.2058332 0 0 0 0 0 0 0 0 0 0 0 0 
0 0 0 0 0 0 0 0 0 0 0 0 464.2602611 633.571456 658.5521764 674.7986603 693.6793544 711.1820113 745.9838916 721.4888512 728.7309566 719.6341558 746.080745 777.7299095 743.9901552 726.7079491 766.9847192 732.5292363 765.9857974 767.3608156 768.7655003 725.1775549 799.656369 728.3300528 752.0491908 769.1839489 731.5987823 746.6447536 783.4262772 816.3243131 762.2423736 799.1464113 746.5301754 783.0251723 820.0842197 786.8128141 808.6367074 808.1993291 763.0902364 803.5516944 784.2219363 742.2818616 755.0401391 767.3493579 822.3820795 760.4400653 755.3897935 797.8861321 769.612996 754.2823652 805.7859941 752.0284456 789.2582065 732.0753125 810.1819441 708.6402129 809.7550847 832.584847 787.9006334 834.2852345 751.3308908 804.6364993 693.0740048 784.5670734 737.49403 755.1191901 728.4799552 670.9616584 694.5466711 728.8846488 774.0583466 736.7135067 718.8587775 660.3314546 707.997395 712.9743618 637.5335384 520.5419202 0 0 0 0 0 0 0 0 0 0 0 0 
0 0 0 0 0 0 0 0 0 0 0 0 480.4366556 682.8816202 690.7005271 686.9012599 686.5776683 641.2532257 730.6306386 686.1676711 711.7926344 724.8212712 712.2553959 707.7124061 644.5407962 724.4136531 728.1430999 768.5037055 724.4198809 773.81295 775.1291855 743.4872378 767.648191 719.222123 750.7349559 705.2804803 760.1725711 775.4857895 735.6064561 759.6026744 791.9559326 821.614439 752.9044344 788.0855608 774.5369243 815.5334322 806.14558 792.8675758 776.8222792 822.2381852 794.5509068 789.6010622 790.0634376 778.4949516 798.3982468 774.3979126 780.7263031 796.741777 783.6574453 811.7605582 800.8540248 791.8458577 752.9603372 797.1750806 764.6431699 813.8511854 770.2391523 765.8052868 782.9725281 748.7909677 720.1018805 747.3131027 769.2713372 722.2906125 721.2297305 787.8742579 748.6971055 753.1812062 694.6474139 734.830895 765.4205722 690.0473654 771.0326518 698.0809261 739.9746829 711.538507 670.3268347 490.6028341 0 0 0 0 0 0 0 0 0 0 0 0 
0 0 0 0 0 0 0 0 0 0 0 0 471.298213 655.8690126 683.8529466 635.0029118 701.0023118 739.7454546 703.5236435 664.7343911 652.2930545 695.4025454 683.6443274 748.1606839 723.3576191 742.5077846 722.6139624 721.3699721 770.3018237 704.8759995 732.7375939 724.8097081 802.7539988 748.6623669 731.0673686 799.4232747 710.2789597 748.7260447 793.5500087 766.0568437 791.8203762 752.8009364 777.7976273 790.8199063 749.8906129 757.9190294 785.0456519 753.3597531 816.5892831 776.095141 814.135056 797.4424076 691.6785141 753.1570713 799.1566132 775.5954422 795.6139202 760.6465739 830.5147898 769.9385052 787.2957309 751.9832037 755.2968956 780.9055579 781.8478152 785.962427 805.9788324 775.9566664 730.7178578 769.0282332 772.8265194 804.8672534 754.6291917 724.7749545 690.6923797 732.5350037 771.6690206 738.8864505 762.9443208 704.9437934 693.8509836 712.1568687 688.7068859 741.9348131 676.6340717 697.3435916 644.439957 483.7690459 0 0 0 0 0 0 0 0 0 0 0 0 
0 0 0 0 0 0 0 0 0 0 0 0 484.4233806 667.8449414 666.5953576 668.066973 735.0203445 689.4130561 751.0783029 722.4806335 727.2321411 719.6153343 727.3152937 763.893324 697.1497202 725.6418064 762.8141834 743.5080344 717.5279796 729.4246692 772.0320194 784.8500631 780.8303985 770.2190126 732.8986561 758.4338753 759.7818866 794.1868971 732.0406355 752.5041848 778.9200588 784.482161 752.7265237 826.614653 757.7683155 803.3976453 810.4968701 771.8545992 790.3172372 748.7645757 776.397212 821.7603028 800.900038 734.832605 729.2039084 823.1800269 863.0760986 810.5088347 778.3219028 709.5298431 796.5276824 745.5166109 781.7688886 769.8420466 770.7670364 781.393917 744.6181783 765.709664 775.7008239 736.0874773 746.8094496 754.7970768 772.384503 775.7022572 781.0282294 757.1202325 755.4106977 735.9409711 709.5928469 735.9540634 736.5588121 688.5513536 713.073314 729.1637092 681.8804885 683.4911728 739.7080688 476.6922747 0 0 0 0 0 0 0 0 0 0 0 0 
0 0 0 0 0 0 0 0 0 0 0 0 488.2505559 622.0290999 652.1523799 706.6335522 618.3480785 651.8433872 684.6381456 664.5101698 726.5711799 726.1936221 677.9164401 720.6749658 783.599923 707.0112987 785.1580603 751.4009548 703.1304431 741.8048799 682.2867626 737.7541622 790.1290889 709.2677415 744.0783173 728.9988116 754.9995538 758.3948327 771.472187 781.2003832 754.8068766 790.2703448 733.0255707 784.8714417 760.1290823 772.1961049 794.5221874 766.8542349 810.303724 794.1501407 728.1099464 822.4080225 778.7732075 755.7015479 833.8788643 755.7217916 742.8944713 781.4736978 823.1829197 789.168165 753.112954 810.194703 777.9214638 742.1126045 791.2843773 789.3965724 771.0468685 817.988638 740.5268789 739.9909605 758.0597504 743.862705 755.8620522 776.3648472 734.6062513 781.3721933 674.2441905 730.8890644 752.4202721 761.3740554 737.8187108 718.4769264 683.6943814 715.6833594 714.8864243 655.7780137 691.2249509 474.6692484 0 0 0 0 0 0 0 0 0 0 0 0 
0 0 0 0 0 0 0 0 0 0 0 0 501.0349888 647.887243 660.1176483 659.6805152 684.2540418 736.2364094 670.499003 706.8964089 711.7535119 747.249171 688.161892 699.038139 695.8274112 717.4625065 715.6403553 729.0836938 771.5257522 724.2302352 731.0860532 768.6887707 707.3386463 737.6591269 774.1368078 770.6105132 769.8818302 793.8693699 770.95607 789.2325117 773.3314017 792.666852 806.1416554 772.6244734 799.6795829 725.1938071 765.4139127 772.3952215 813.3196454 736.0240849 804.8168834 816.7636006 787.5983793 786.4102244 774.466256 822.7960386 748.6864755 777.7625503 735.2623982 685.6284077 748.5792594 778.6586821 796.2170325 725.843381 744.9185426 761.611191 786.9512794 788.7653251 814.160864 780.6710452 785.8369358 730.3248318 769.1763198 739.2902155 746.1549677 726.7227158 773.9032637 731.6574037 732.2658034 747.1763612 696.5515546 688.7656096 724.8300483 706.6324162 676.5117049 675.4983525 703.196695 468.4408076 0 0 0 0 0 0 0 0 0 0 0 0 
0 0 0 0 0 0 0 0 0 0 0 0 475.7157357 695.094876 667.4786841 710.8668523 700.2188475 699.9891569 707.2846343 701.7366051 655.9504731 752.9670661 676.0669964 741.2720669 744.9094759 713.3680574 718.9724162 733.768978 718.8165292 732.3289597 732.8984602 709.3886492 752.7327343 683.222493 774.8460878 750.9077925 753.9616085 725.452338 798.0559877 803.482474 781.4477723 744.18069 747.9176246 729.1549437 792.5024149 786.5785804 784.3539965 800.0321466 826.3619362 777.0052077 748.0188959 795.2517969 789.5564074 865.19541 844.3823983 766.1273996 777.5453563 775.4953317 781.4642531 808.0525974 747.2941202 773.0575478 832.1285246 764.4176272 755.0506148 760.1314173 756.738119 761.9603102 733.7131776 752.8807534 709.6262884 775.0559344 707.3794008 808.5482709 717.2613275 722.5924397 734.7569412 724.039783 743.0994652 747.5158157 681.2524733 688.5022712 744.9406742 718.699812 721.7707967 740.5089826 691.6260597 458.5898729 0 0 0 0 0 0 0 0 0 0 0 0 
0 0 0 0 0 0 0 0 0 0 0 0 484.8210047 646.3759504 675.5254624 635.3653985 634.4524419 646.4146542 720.0143051 732.1084204 717.3850936 724.0245686 712.2530019 750.7846618 696.5556872 722.131072 694.9996268 777.5015944 697.1923656 721.422872 763.4912853 727.5691443 770.5410723 650.0414072 776.8342016 699.7519491 818.4421211 757.0770569 802.2084571 799.9251287 809.368031 787.8564648 766.5178735 743.8336068 809.2069238 791.5293526 763.8560345 782.130625 765.6048926 767.847182 776.5321016 748.9198377 821.9894384 764.4199114 816.1551683 779.5264427 751.5811463 778.7061982 860.6608772 743.4982271 756.391718 707.6891477 756.8473452 761.8919145 769.354309 726.882675 785.9573223 774.6587707 769.2175386 720.163761 776.7995311 765.1647178 744.7455872 756.8141967 778.0229471 788.9388667 781.5411002 722.2210459 743.4712387 689.0483721 712.9521651 763.710892 683.2366548 720.1831904 696.0171611 729.822973 695.5365221 475.0606255 0 0 0 0 0 0 0 0 0 0 0 0 
0 0 0 0 0 0 0 0 0 0 0 0 475.9700408 649.5122125 667.6811013 677.3843555 717.103185 667.3895496 686.8613539 662.8558858 714.8927325 693.5377699 678.0329162 654.2860812 735.1175978 704.1308991 780.400798 755.2661121 735.7790804 761.21156 778.0757591 739.2291349 679.71545 763.0852547 755.4698216 781.8286604 773.8667194 726.490826 788.6036899 786.6686665 756.3230997 739.4616795 757.1223131 793.6321822 774.6071443 749.5211885 771.5430311 812.9507881 770.3849241 822.0481818 806.9661031 716.8323561 774.3125039 746.8822471 804.7744022 741.6882353 749.6379775 773.1780843 831.949974 750.1053243 780.8988769 751.4043308 747.2520205 754.3568578 773.56448 788.6415683 717.0977678 781.1880725 756.8062798 794.1495925 771.1362033 732.6538015 764.7649363 764.6922218 719.5017233 747.4314197 712.9186883 799.5033449 699.9168806 688.4183275 703.6797076 734.5080438 640.4631647 770.5780443 716.6536428 704.1472124 660.0565982 494.0291193 0 0 0 0 0 0 0 0 0 0 0 0 
0 0 0 0 0 0 0 0 0 0 0 0 535.5405878 641.3730779 698.5001588 678.9045115 636.6101361 742.6227947 730.020235 705.8164754 699.9746125 724.0723962 684.0896855 698.8365719 695.2412338 728.2921222 683.932809 756.4085211 802.3171381 730.3675245 703.4159803 715.4538674 766.3255517 736.238549 718.5146032 731.0293968 804.0319903 767.34784 707.9483419 784.492968 770.2878352 811.1957391 809.9511548 714.2612331 820.2335159 764.4384391 786.5366632 764.6851461 758.2930971 792.4146848 803.1056513 745.3809657 826.1192095 773.8534723 768.6224887 753.8118381 774.3184134 812.29981 730.3959881 711.5121385 814.6203792 764.984541 792.7820427 792.8530946 741.6868087 773.2665967 740.1260109 733.0964361 765.3796497 748.0062241 697.6705229 763.8745512 728.5971977 765.379086 718.8353334 735.6014204 716.7222813 689.5759721 766.0334061 718.2993267 682.7949191 711.3480496 695.7157013 715.3385096 719.1758544 754.1987239 710.7897488 510.2407007 0 0 0 0 0 0 0 0 0 0 0 0 
0 0 0 0 0 0 0 0 0 0 0 0 475.2378678 673.8472081 678.8116018 688.3924899 690.5776929 709.800089 647.0873383 735.7475219 703.5294742 703.4630891 699.0166011 752.855328 719.4860544 674.0985518 723.3706451 708.8747374 727.9421192 726.4153535 753.5619915 748.8449356 715.821034 742.941876 740.5618162 753.2084089 770.3070551 759.9966637 785.3434007 736.9581908 738.8876376 747.5863795 745.8029607 785.5684917 775.7267116 794.0557868 771.9819794 798.7616153 763.5449737 816.2914513 795.6813974 717.4235795 808.24764 814.6887655 775.9146286 767.1903473 779.9610675 751.3679877 842.5783778 763.4439199 770.9904246 782.2205614 740.5534859 751.5635767 719.5890576 709.0033489 754.1175042 729.543574 761.6215596 728.0379199 722.6546948 711.3000104 722.583636 770.7342214 699.8763999 725.1111017 718.8944019 733.9070438 760.6368367 733.8202553 709.3367036 705.9454628 718.6467271 714.6504253 732.6519319 698.5990227 689.0261032 515.5285494 0 0 0 0 0 0 0 0 0 0 0 0 
0 0 0 0 0 0 0 0 0 0 0 0 499.195735 678.9644756 634.7627639 697.1512671 657.1173514 687.4210008 681.5126219 658.6411642 713.4034852 724.5798781 706.4985648 685.8923282 723.4732491 695.2373069 743.5533592 692.9951079 674.8332289 735.3472012 758.8638982 726.591883 756.9695559 781.623673 766.4144915 714.7606195 778.8787845 796.7009206 793.5079802 716.8055994 722.4837452 801.0007123 749.8611964 756.3190326 779.3819462 753.8249647 793.440382 769.3490892 777.1593322 725.9015441 756.2720882 758.8090576 750.7887414 774.187983 786.1472558 767.687346 802.2388097 720.0838906 771.8390706 797.2979324 787.1643581 767.0755254 755.2910807 797.2522494 753.2894802 806.2761386 793.2410144 773.3944543 735.7206746 741.831937 754.2805933 729.5287145 773.5783078 738.0701705 712.6862626 695.762331 701.5235992 679.3529836 731.9555423 705.3419704 704.0946984 683.2734902 641.7535072 708.2948659 765.8506082 705.1695207 738.8063667 457.073866 0 0 0 0 0 0 0 0 0 0 0 0 
0 0 0 0 0 0 0 0 0 0 0 0 516.0458671 637.920206 675.2581994 652.9603312 688.7267433 693.0358774 685.8745731 686.970779 717.9322281 709.8655855 694.6827463 721.6018687 685.0504759 705.1026356 756.0712218 700.3841995 733.4653118 775.7663386 688.1944999 739.2493321 718.2778334 716.5779166 731.8340065 761.4499363 708.6943424 760.5251642 758.2368572 838.8516922 809.276302 743.3144663 747.5789196 759.9796747 735.8229588 766.4908044 736.9410541 757.1831621 783.0264007 808.9353888 798.1105763 732.989565 743.8904266 765.7726273 789.1444506 750.9061051 766.4572067 759.8471845 783.4459253 744.4982281 792.0958022 768.5482957 747.5558704 769.232107 784.0393002 788.359232 802.33965 774.6212156 758.0312368 712.5869545 749.0077535 722.1691145 703.6101024 695.0054103 760.580761 729.4272644 759.6215828 716.332979 732.9808169 752.1433577 720.7188757 733.59231 707.9949652 752.0272818 734.7994973 709.9929161 702.4092235 472.1464405 0 0 0 0 0 0 0 0 0 0 0 0 
0 0 0 0 0 0 0 0 0 0 0 0 495.3695404 625.4899128 702.8171561 608.6293393 683.9777017 651.9427206 716.5510414 684.4981108 729.2064912 696.1303583 749.3207603 687.9264151 692.5502135 665.5766294 713.8091758 732.5700039 754.4423355 697.2506849 742.9615754 762.6109456 794.1075505 785.4478004 756.1155514 763.9780215 729.1237537 711.654293 751.1257889 763.2769947 738.0594744 799.064939 766.3950366 780.8295785 772.2711713 782.8112592 787.3571881 793.6427452 816.6832464 828.2058634 782.6424407 761.7754323 771.8853285 812.062878 766.210297 788.4985516 756.8829705 776.0211833 797.6748139 728.1850046 808.7523373 727.6752255 782.4093339 802.976095 770.6635732 697.0808173 767.5776933 783.8548569 738.3501798 746.0296262 716.9849291 783.0341995 760.8036556 755.5193929 745.5347436 734.1830557 712.0018703 700.2216999 700.7991853 753.5345833 737.1997607 768.8242651 675.5841112 693.7845136 706.4672796 713.5917862 725.1673157 476.2784095 0 0 0 0 0 0 0 0 0 0 0 0 
0 0 0 0 0 0 0 0 0 0 0 0 402.6274373 714.782426 646.9325157 662.1753341 692.5462651 702.2347432 697.8946746 639.9869914 672.2814431 681.1684191 694.6287445 713.9107459 724.8369622 728.5299146 736.6980758 771.3031791 705.0698762 698.4482711 727.0086486 760.8024115 751.9606428 764.1988857 781.3875227 778.0685123 751.546785 687.6154183 735.9989061 766.385809 750.8517367 763.7917987 763.8510729 788.5825554 772.2198374 759.9597042 754.5411846 791.2104686 777.3833594 785.9314943 754.0096897 732.1053686 784.9953799 811.3172555 743.9214778 817.3903104 813.1273655 817.155224 752.3079766 741.1526764 692.2859955 769.5160577 808.9476189 753.31092 792.1794823 785.369489 742.8169762 737.6273114 752.5221246 782.3921408 723.9078866 738.8764832 777.0039427 745.7566866 764.4105759 773.0366881 732.6710812 696.1510236 795.4955169 757.0790299 710.7085768 710.1777558 746.0223091 696.4627694 703.3603326 681.3499207 681.3333132 508.8783111 0 0 0 0 0 0 0 0 0 0 0 0 
0 0 0 0 0 0 0 0 0 0 0 0 431.9052533 636.161453 674.6076246 653.9801833 712.7129208 710.5260075 732.4712106 707.1843837 697.34901 627.724149 746.4142659 688.0304243 704.172422 685.539541 712.9186681 788.852034 764.0135895 758.8036364 733.756926 747.9498353 738.6610513 752.2503388 763.7662008 745.5404003 811.4752985 741.4011242 802.9731758 777.7782318 780.1853003 731.7899312 745.3910591 722.8984107 700.9098819 769.9089931 819.318073 752.2795831 756.8148694 787.6953048 743.7884344 754.2049685 750.7263627 796.6828883 775.2297045 733.794509 760.363758 756.2548766 779.5334566 719.607466 774.4403559 783.8555628 740.7801008 731.3228264 780.0577929 743.8569361 781.2873014 714.6018021 760.5721597 748.7913171 731.1204346 717.6471509 766.7269444 720.4782501 726.7547968 709.5281384 727.7317208 726.8494004 731.3683833 746.113562 702.7759409 706.7818031 662.5912886 682.7198576 694.0335116 684.2528995 655.3318922 490.1715432 0 0 0 0 0 0 0 0 0 0 0 0 
0 0 0 0 0 0 0 0 0 0 0 0 467.6941647 574.7666686 724.8790427 661.1385031 628.4603542 637.6316693 691.3968446 745.2172947 712.4318999 712.1736275 733.0702034 705.6025386 698.7562547 680.4687163 766.737673 740.6743774 771.2186864 720.0943705 738.9300645 712.9535767 743.8482299 742.3243817 746.6627855 706.0880072 722.158783 732.8657701 742.5035403 775.1007479 820.009979 786.4826332 706.0906083 762.5361928 783.9026229 750.4289394 848.5095439 775.4017392 767.2919294 780.0508638 759.834019 808.7162871 753.3518173 761.5567107 776.506174 775.8881504 758.3445296 773.8570972 789.9588333 772.4017323 733.6569218 772.4542372 781.1256638 809.6321851 789.4939345 789.8616418 742.7076332 708.095563 731.4669777 742.5632975 721.4314167 734.965818 767.4239672 724.0361096 701.7090015 728.2532928 735.5178931 732.3264611 684.8349954 728.1359079 739.6821756 741.9563997 678.9750651 677.5432304 705.2303274 704.1357373 721.563553 491.3469642 0 0 0 0 0 0 0 0 0 0 0 0 
0 0 0 0 0 0 0 0 0 0 0 0 470.8815087 662.1404337 645.8441061 727.6997583 716.5365249 655.5289504 685.8832874 738.3803892 658.2292777 691.3014713 662.7304668 688.9329088 702.9812509 701.6536275 740.4694463 667.9432838 738.4209959 701.7841537 775.6251821 771.862527 729.9350182 749.5074804 761.9487514 726.9836043 719.6833901 681.8686484 774.6468012 769.1401143 793.7313245 800.1670151 712.0629801 770.8738713 789.8458019 739.0476346 782.8602009 791.3495869 776.69526 829.0531934 751.398659 838.5838479 791.754296 781.7242417 755.201011 786.7121615 743.7604098 765.463628 756.4618555 727.1354167 723.7577646 768.1579906 789.1730872 786.4468862 743.4034957 745.9991382 795.9116386 794.2636871 732.9272047 744.399563 698.4379799 715.8183364 733.7534464 739.6888025 773.8096463 741.5362142 727.1746114 716.6514321 748.5156327 695.4661663 699.9254189 695.2318555 691.4604074 694.2857456 704.9584649 688.0287017 694.2160365 450.1004594 0 0 0 0 0 0 0 0 0 0 0 0 
0 0 0 0 0 0 0 0 0 0 0 0 475.6427728 645.9288125 693.9599197 693.865481 687.5414698 670.3135748 720.1459995 634.7131202 699.6615731 695.4171706 673.1492597 674.2103224 659.9286604 723.3236154 724.3477825 716.225884 701.7936333 701.4286975 707.2086125 706.8662651 683.525034 702.7849384 715.7187943 754.8267234 698.4433049 778.3615856 741.3285565 754.8759256 694.6566373 737.3008431 762.1299109 767.7818468 697.7176998 721.6348479 720.7539876 758.0948156 754.6629985 741.5095207 759.7083771 727.6678748 813.6110353 743.9219932 739.0305369 733.4491917 803.0970626 800.9083495 789.1171903 765.9139647 774.2189508 755.5843035 772.3767112 756.5949038 768.2260584 728.982673 747.3411525 752.0553117 741.9993658 704.1083852 685.3738294 745.8430458 745.2357255 730.966021 755.2770861 742.7013241 687.641089 704.6067925 711.773821 714.435983 741.496394 648.6971993 674.3892589 660.6398443 694.50234 690.091032 697.2765518 477.5151366 0 0 0 0 0 0 0 0 0 0 0 0 
0 0 0 0 0 0 0 0 0 0 0 0 475.1179017 618.5509862 630.1375858 630.0491288 733.6564991 629.1960846 649.9633579 664.6771134 706.5169576 631.3269596 761.4785204 713.2764844 720.4740258 658.5347969 726.0712458 718.6773134 726.0980693 747.327239 748.3964836 730.4311899 703.4557286 733.4655857 767.6628238 688.6825335 709.019706 741.8536039 736.0024618 774.5847274 794.6030125 749.2688656 794.8166516 759.2189313 753.9896049 751.4619972 720.2913858 745.0164387 737.1331346 776.6372545 761.758464 821.6448191 809.2342337 722.283163 692.0201305 764.3492687 777.4597385 744.7244736 738.5881142 744.9717315 702.188086 704.5599805 764.5887926 774.7046393 760.4907509 698.061054 758.9692442 733.858203 756.8220517 684.4304905 728.4581753 737.8540853 754.3440692 729.5921263 729.5732736 790.9233343 749.4810539 739.9542157 732.8518852 719.2389815 702.7089447 734.4207806 712.94668 718.9114227 678.1803964 713.9428997 660.907769 452.0087714 0 0 0 0 0 0 0 0 0 0 0 0 
0 0 0 0 0 0 0 0 0 0 0 0 461.1672048 629.4012711 609.6219034 633.7193987 620.3939732 655.66624 676.3883569 703.9486847 734.9889308 623.5350452 681.3400666 738.1177366 704.0405493 670.415552 704.08675 692.7509067 718.0712872 707.1758975 787.4897161 694.8448735 728.8754092 806.70997 754.2505336 748.5582242 738.4503881 749.6628051 763.0194692 786.0764665 771.4539111 727.0238798 739.4106566 710.0681596 813.2377146 761.772571 775.8713619 739.3799993 736.9629788 738.6927273 809.1844335 721.3128886 747.4581874 746.4801452 788.1859627 750.374648 760.8489301 784.6591653 749.861715 762.8715296 751.4269619 740.4121476 780.5658584 697.5835694 757.0587275 708.9790428 781.2110945 728.2756598 732.9911993 768.324304 784.5253848 727.6963409 723.2060962 673.4128286 759.8741297 688.6473875 712.2691178 656.1458209 718.1025237 666.5308492 733.2439942 711.2141779 653.208291 721.3162868 692.8958825 660.8095077 706.9617919 462.2101289 0 0 0 0 0 0 0 0 0 0 0 0 
0 0 0 0 0 0 0 0 0 0 0 0 452.4737886 616.752393 653.122169 645.9105486 679.7495051 627.831255 680.4526267 718.6792423 735.6584548 628.7290018 749.8590269 751.7029391 665.4203777 666.2994234 714.0412598 704.9144822 680.3764424 743.4770154 751.896945 762.08689 673.8650948 752.5393482 716.8541264 721.3060803 733.9094482 739.9154482 741.9124782 745.9378269 733.2846636 754.32433 771.0383386 723.1324001 700.7994339 697.8653913 712.2803204 751.0360288 715.1408935 753.2076076 723.7720205 739.1710669 778.1686547 708.715614 791.3520782 718.1265732 762.171148 759.4544601 740.3890755 769.2980594 738.5808336 753.2956639 704.3213059 797.665761 739.0450943 779.1623941 747.6212704 734.4563114 720.8123492 757.7625462 673.5035563 727.9526206 712.3537235 734.7483449 670.5779057 765.4456901 731.3929184 700.4670771 713.206181 690.7652243 708.9803505 679.4802657 755.0299104 646.4265038 710.4511095 673.1900057 677.2426687 472.5158728 0 0 0 0 0 0 0 0 0 0 0 0 
0 0 0 0 0 0 0 0 0 0 0 0 450.8796896 643.8021797 676.7717466 622.8228989 636.4136175 633.334261 683.5967014 697.1774785 621.3832817 635.2050435 684.6922384 713.9080005 673.4700107 674.3130273 679.9516405 724.5131534 691.2258879 718.4757884 742.5723014 779.5503184 691.2865604 726.6400843 738.7861574 733.0541512 769.5399492 770.8616865 697.9254693 753.1440032 757.4060452 758.5259579 752.378589 772.1513905 750.4117597 736.2430474 825.5387611 771.2470666 733.8877683 696.6963783 745.9644246 733.1438997 749.3639233 781.8833093 759.4487544 780.4767571 713.6663808 748.7016605 744.7551291 791.338059 745.3922151 764.825002 682.4185533 800.9868186 703.6905785 760.7693009 738.8276813 757.8855895 790.1518728 741.4402339 720.4444807 747.1805599 711.9828239 731.4233004 704.5529922 720.6349606 694.4246106 751.4273215 754.6977667 686.3055883 715.9219817 678.5028104 658.7019716 708.0420011 720.9740004 668.7744248 679.6772163 468.0824051 0 0 0 0 0 0 0 0 0 0 0 0 
0 0 0 0 0 0 0 0 0 0 0 0 442.5444578 706.1556544 633.0193456 643.9991085 651.8942168 601.1951406 662.5269358 674.6299273 665.9448355 700.2737285 659.9949399 701.093184 756.664742 710.9312889 775.3269725 749.4447823 708.0812541 693.5203472 705.1333116 749.5815517 725.573357 673.8438091 778.092616 781.4562637 772.4248827 768.7865028 767.330148 728.5607044 796.3163446 735.9919388 744.724355 730.0094564 780.1350977 762.3146242 736.2232662 716.2786709 803.1501633 729.7715228 752.4851236 739.5201211 777.2655521 734.7263527 723.6267704 768.4568792 795.7378043 775.8858841 736.2893669 744.945299 721.4125388 779.7045294 723.0798222 780.1328459 750.8998217 733.1046016 759.2431797 701.62867 735.2762344 759.4422927 762.3538371 725.3857262 734.0326435 696.9274397 737.7959207 680.6333629 691.5057248 716.6762212 726.363086 699.3873774 693.5950132 693.3581078 723.6440416 716.431438 652.2098574 693.5017036 694.870954 488.8426827 0 0 0 0 0 0 0 0 0 0 0 0 
0 0 0 0 0 0 0 0 0 0 0 0 419.3431926 681.5172684 596.9831186 654.5843707 702.7364827 649.0849568 675.6808441 645.4161154 699.0960885 703.9453251 675.365022 687.9735552 660.1213352 670.7936077 706.0185653 710.7648279 704.7158422 731.420133 672.6649102 739.0157744 686.2902646 739.8599656 738.3544523 706.4112277 738.3263079 779.5875053 770.8320148 729.2765441 723.713172 736.2671268 734.0780164 737.4312596 754.9448018 752.1302742 743.3950748 782.9025611 741.2246496 763.3080278 728.9415982 752.3851134 733.5678067 749.2134739 655.0387867 764.5769438 805.5650084 777.4330678 716.9340676 737.4523491 688.8813216 709.3576864 745.8099151 793.0366047 729.7769942 714.9119339 763.1283448 805.7479611 760.2981833 718.213381 709.6783905 773.7147112 710.5903964 676.2978686 711.57446 702.5072424 681.666766 699.941623 684.5278702 653.4486918 707.9289335 699.8987378 673.6550745 678.0330605 680.757418 685.8206397 629.2054306 483.9529554 0 0 0 0 0 0 0 0 0 0 0 0 
0 0 0 0 0 0 0 0 0 0 0 0 461.7019408 642.7569752 651.0282745 662.2358151 603.3397884 663.6111339 616.8514255 638.7925625 676.9659378 705.8394299 653.3450045 679.3605869 686.2931404 648.3034657 685.889158 666.0125346 699.3604394 739.605961 751.8711733 735.6227207 705.2292824 759.3777715 756.2323095 734.7329055 700.0429247 748.0514239 726.9668821 786.1977532 722.1126645 740.1461912 735.3447672 696.807564 761.7760733 719.9081306 731.4145623 726.7362674 771.3612851 757.1040445 768.2605063 760.8513983 737.2911902 709.0517301 772.9353504 757.2720469 773.648748 722.1788024 735.4978536 745.5854479 714.4005313 690.9734734 777.7441874 748.4933763 727.2269437 762.9540248 722.227397 731.7721166 713.2170967 722.5373454 789.6579875 707.1954961 708.6186986 718.4817091 746.1795745 697.6405021 700.2811831 714.8556888 716.6536586 708.6789662 715.938261 677.2377599 651.5160683 702.7686581 610.1131751 705.1576732 602.0332222 454.3990007 0 0 0 0 0 0 0 0 0 0 0 0 
0 0 0 0 0 0 0 0 0 0 0 0 413.4257384 668.3670887 686.4851871 667.9267966 628.4689489 662.8714158 642.9789585 653.8747553 663.4606225 649.7592503 668.3724605 684.3515408 736.8088474 661.2589654 708.3520291 687.4883099 694.1363961 711.053375 718.5736625 696.7165255 741.8423368 728.7333074 708.7964143 738.6319427 762.5617849 726.5793037 676.3396751 709.4313337 755.5224603 782.7425724 748.921667 767.6573395 727.4517914 763.8396137 761.263471 779.925256 728.2682197 764.3678154 714.8614785 756.9793637 722.8242743 767.4772827 770.5519005 737.6285867 713.0227968 792.3860931 748.4588619 738.5992781 725.6457632 770.719624 746.0592313 742.3003155 749.2303476 724.73335 748.9023281 668.5259717 746.7458039 706.8754721 739.0192759 661.1315605 707.4945598 712.7998369 721.2095321 721.3042124 659.3047642 710.3604482 677.0283866 692.7728688 668.2636715 675.0459215 707.4214221 657.5631292 660.9735595 660.0049439 689.9831308 437.4519671 0 0 0 0 0 0 0 0 0 0 0 0 
0 0 0 0 0 0 0 0 0 0 0 0 459.6137978 592.5303287 633.6496547 645.8100845 589.4777443 678.962164 719.5990843 687.120793 656.222189 695.9653526 658.086367 719.2606598 641.5149287 702.8346861 679.412664 681.3727951 723.8286383 653.7091508 664.0817207 709.1434238 676.6096202 689.432514 715.2677245 744.9746013 702.4952177 772.3009786 726.3327026 704.9869955 717.7924685 717.3643332 741.2028908 736.9157069 701.4399414 745.3984718 707.4671117 720.4708356 712.8237321 708.4322371 731.8482058 710.6949173 773.0546812 767.2438415 745.0451659 757.936209 732.5454992 719.0718771 727.4372272 762.0815307 744.2953061 721.6905903 726.6078669 755.5025795 742.6175233 794.4556023 728.2886778 730.0146102 676.9982449 694.7031155 678.4300387 700.862347 720.8245685 735.8768741 700.0272993 729.1188111 649.0934575 676.7378194 728.688457 638.3891294 736.712865 674.5908621 667.9091994 655.6299423 685.9067708 670.3882884 601.7292954 533.1131173 0 0 0 0 0 0 0 0 0 0 0 0 
0 0 0 0 0 0 0 0 0 0 0 0 470.5621507 608.1684276 598.8005949 672.3907249 684.4671839 657.2067848 610.6862863 679.7814878 686.5704398 706.9878424 696.6364886 632.6484148 668.4524233 655.4274899 674.2616222 713.545842 680.0921155 697.8088133 672.3993434 726.3468906 735.1048566 704.8203979 734.1594349 773.8858659 711.0080976 688.0765645 772.0942289 737.1966092 722.1160968 705.7341872 674.5877342 736.268228 760.864012 743.5611986 751.0445655 700.2323992 750.8504956 783.3446159 798.3445502 728.0718015 775.1107163 721.7734716 706.1125713 729.6978983 755.2926795 727.1826486 722.2830407 759.3122062 732.4217164 722.6581623 765.0855951 762.6692145 736.7498024 739.2311724 741.6282747 759.3236928 693.7740151 779.014794 754.5745906 755.2184552 730.3052357 695.2772139 679.5930963 665.7573486 631.0599633 673.0785964 675.3043996 667.4920301 647.1754477 748.0065994 651.5797062 660.019763 676.050333 616.615091 661.5551318 474.2923685 0 0 0 0 0 0 0 0 0 0 0 0 
0 0 0 0 0 0 0 0 0 0 0 0 421.8921838 704.0109648 650.8032226 653.4922364 683.5884264 655.6717248 677.011864 608.1940566 648.6984243 634.102735 620.1205108 694.5610122 610.8813548 673.9598428 669.2014413 676.6769385 668.4197027 753.7767018 704.3805518 752.3051358 722.7168289 699.882306 706.5875134 732.6562055 711.799597 627.4841224 743.520059 725.2004145 759.7427133 740.7170145 759.2256306 734.0385019 704.5093954 695.5626109 749.0507711 694.0756274 741.7356424 739.7477861 731.1083398 675.1159587 722.9170228 735.5808917 688.6871749 717.5933175 732.7125679 737.1467508 742.4255451 731.1654539 698.0185147 714.3465834 711.1782113 728.1759719 689.0565313 687.2835226 686.4571119 673.4407123 749.9878511 689.0338577 772.390166 694.8470623 703.6766395 716.6340436 712.9067713 711.3073813 692.3482132 697.8975693 711.6136194 700.648395 720.6844044 697.2559324 679.3045256 665.9948394 624.1693378 652.1997896 662.0151985 452.3656506 0 0 0 0 0 0 0 0 0 0 0 0 
0 0 0 0 0 0 0 0 0 0 0 0 379.7062265 623.55743 619.753846 666.2668948 654.3654018 641.4199409 691.858854 657.3738808 697.8944576 605.3806981 677.1446377 709.1266675 739.9901286 699.6994799 726.6721287 666.8746198 686.889195 713.204272 736.3923741 668.4300247 712.3620964 669.213598 753.1549479 687.1176604 731.4535201 706.1606979 744.8369973 720.7775524 725.641547 736.1007138 741.3125027 727.0500521 676.6964857 733.3404331 742.8952063 729.3622438 739.8075694 697.5977237 714.0491001 752.0716698 752.1023094 713.4027612 762.7152944 736.087349 727.7858722 679.1896589 741.6675955 715.9031398 713.4717053 686.2757555 762.2053276 682.6570833 717.5836443 728.3361002 716.3755039 745.0587183 701.9360966 678.6025154 712.8658168 700.6982259 708.020711 708.6610005 683.7277938 662.4153706 656.5129892 633.8449018 660.6987435 690.6811841 679.7882925 649.8148817 706.6215149 654.0779976 622.2031412 674.5773231 653.1872016 433.4070547 0 0 0 0 0 0 0 0 0 0 0 0 
0 0 0 0 0 0 0 0 0 0 0 0 441.6610433 660.0521274 645.3260737 614.0945717 635.9599214 610.1417998 640.3111245 569.3769556 629.3388016 628.8947738 663.5093225 691.579344 679.572241 673.1117702 678.6446921 636.5855628 710.783606 691.3278908 681.9000147 681.4252491 697.4150091 738.7653819 684.1463502 761.2406124 742.873809 686.5839017 725.9511447 662.0398144 733.9723683 666.5569077 713.1456569 688.6281072 746.7166628 749.6007823 704.6303548 674.7588222 714.0457811 712.0046614 776.4627244 692.7395715 762.4436512 726.6587213 734.6428875 707.0892554 716.945204 723.4346488 747.8148214 703.624075 768.942308 773.1176498 695.2914058 738.8809947 717.894768 742.7812939 727.8586657 703.9992385 637.0150746 711.0651979 673.2038648 706.6924197 685.67723 707.1959973 686.3119925 623.3245829 704.8499341 687.2783012 705.8089233 684.6939767 669.1732186 702.9246381 618.0074104 674.9071809 617.6326484 685.8070802 638.8370541 467.4883733 0 0 0 0 0 0 0 0 0 0 0 0 
0 0 0 0 0 0 0 0 0 0 0 0 479.0405404 610.2947157 626.1751068 614.0178776 591.5897552 647.1633696 618.3082213 659.5161041 635.187549 663.0961342 611.2613681 724.0969889 657.8447552 655.4005799 660.9699352 623.7879302 670.9338843 646.2646785 702.3993805 634.7750523 719.2870598 731.0886034 733.562178 703.2434384 696.3433465 704.4572711 709.6914172 707.1764698 690.519182 719.2856532 692.5613939 713.8650515 688.1270945 716.9132602 765.9027145 786.337119 790.3243832 694.1056415 701.7615612 696.6775347 754.4902486 726.4699991 748.1584101 689.2267838 715.0587064 715.2341303 763.0292992 707.4198093 735.0161706 719.4319392 722.835825 711.6451303 681.6239203 704.3617147 728.8056298 719.9619418 759.3629459 721.9999261 647.0771227 695.3720818 740.4559711 694.6214218 667.5211788 707.5226761 697.4790352 648.390526 660.2052022 682.3396869 670.9112972 693.4582184 654.2382358 665.7403622 640.3083375 636.4085799 590.1573834 463.2039002 0 0 0 0 0 0 0 0 0 0 0 0 
0 0 0 0 0 0 0 0 0 0 0 0 431.9251437 633.4060243 613.5626674 651.6258708 617.5484447 602.9660651 660.2487539 642.4788153 616.229065 646.0981797 650.9526845 626.9047309 611.2709466 696.4712805 664.4458963 666.5694719 651.5357267 627.6808798 654.2302343 656.8933321 746.1430071 738.642843 715.6348837 750.4776431 685.0815884 712.8371419 690.1049906 677.7588953 743.5612383 709.1588878 704.2890111 671.0157693 689.6069503 699.2633815 710.9586686 657.9442174 747.6069342 709.6180046 723.7199347 743.5989774 683.0710367 682.9050522 714.7348649 741.5733767 695.3394247 724.8259965 687.8904458 767.9184636 736.4113411 702.604994 729.7967851 724.0261843 697.5503946 695.3809772 733.283094 688.6802311 699.6718943 667.3458929 668.7097511 678.1112333 685.8382773 720.9629371 684.4675484 660.5659073 655.1049675 681.618044 695.5458261 689.6242417 736.9831342 652.7724586 619.0687466 634.0153589 655.5621775 640.0918514 668.547049 405.5283739 0 0 0 0 0 0 0 0 0 0 0 0 
0 0 0 0 0 0 0 0 0 0 0 0 393.5083984 617.8265845 637.1453381 637.2652854 623.2489543 600.5527879 635.7705688 629.2399746 603.7346565 636.9011417 642.5280855 681.6416387 575.0434833 636.1756269 691.750726 669.6152133 660.7790278 638.9277381 666.3803461 693.6440221 685.1442246 682.4727305 656.0569033 717.333497 713.3688223 679.8188702 685.613418 769.181605 722.6320164 685.673018 697.8709426 698.3356367 701.8459468 727.7007357 713.5821036 753.2223743 709.6055376 700.6223482 757.2669302 725.1905748 701.9266709 748.7643949 730.1673434 691.4823235 756.7590109 741.8549558 722.0412608 717.9417514 656.7964153 764.8090071 741.0598447 731.5319193 736.6332014 670.7443043 674.1931908 710.9612464 705.6372121 732.8341007 732.7100274 701.1736223 715.1655266 719.0269444 691.4438822 703.9308217 709.3717648 681.7813404 637.2705681 687.6697024 657.0256954 621.8314464 621.9033867 647.4723733 621.9937335 630.7122142 621.1918091 417.8724623 0 0 0 0 0 0 0 0 0 0 0 0 
0 0 0 0 0 0 0 0 0 0 0 0 367.403558 616.2448796 611.7293626 604.9778489 645.9262589 658.5135242 668.0720378 594.2065818 630.9301241 632.839162 594.0028768 662.5018245 718.4705052 611.9151629 646.0000424 664.3883461 655.0636228 702.8684078 666.7361683 684.1633807 627.2128492 699.9840851 685.2872291 676.4937588 704.033266 730.7256369 722.8810329 717.0441643 678.9632372 697.4991419 704.3283041 694.9081961 697.8291383 729.9081258 679.6043622 754.2036476 708.2192548 759.296841 671.3585449 650.737689 670.0236711 768.1944735 771.1381568 718.1001003 711.7225271 718.4832775 701.0872879 706.9251608 676.8534701 677.0493797 671.457343 655.9365241 690.570185 697.4750608 689.6429239 686.6906359 634.9882059 636.9911882 684.0659692 658.7842222 672.6618552 722.7588121 660.1686669 674.0868367 680.3410381 660.0040752 629.8046849 686.1770647 686.0458979 685.888265 657.9056057 654.0124329 685.015111 665.2489332 645.8279322 493.180158 0 0 0 0 0 0 0 0 0 0 0 0 
0 0 0 0 0 0 0 0 0 0 0 0 415.4175328 619.4915424 592.3685131 604.1248013 688.0246542 640.7461602 628.9852973 652.210856 656.5147985 609.041688 660.1805574 609.5577503 680.7965978 648.3036027 640.8734456 666.2542525 650.5098611 712.266784 662.1172925 679.4732864 671.3769725 730.091652 651.6784833 697.0441328 705.2656693 670.6261156 691.0872594 684.3740869 680.3909221 696.8942429 697.4939922 672.1187127 726.7631116 667.5404528 736.6288135 671.4048292 670.3793907 676.706485 732.8677906 671.9237416 673.6502464 703.0063229 719.7567908 717.2962979 677.1499658 719.2638125 671.0626776 661.3557666 729.3397591 683.3913236 705.9616075 648.1566474 738.7256461 681.4399091 693.7806834 740.4566111 717.9119241 711.0899511 645.4893941 705.0540673 712.7752973 655.2437769 650.8781872 654.4014663 666.3838416 655.8299157 641.0542644 630.5361861 642.5997486 702.7794216 610.2425494 668.8222653 582.1041464 628.3123439 621.1227196 404.4338146 0 0 0 0 0 0 0 0 0 0 0 0 
0 0 0 0 0 0 0 0 0 0 0 0 472.8455451 573.3273629 581.9605052 635.8626416 639.1383073 643.0492903 657.2357395 671.4353337 604.8389688 649.2699095 645.6047215 613.4446449 680.8067198 711.8415831 629.4376354 633.5900699 641.4760187 700.3681188 659.7838398 669.8859562 695.6618023 738.5151338 663.0516238 696.6599328 711.1190896 722.8490182 700.7535831 700.9560551 683.0808477 677.0266695 650.7740954 686.1633253 697.2841973 712.1358109 740.2400006 713.953483 714.3304748 681.573578 694.3191131 667.0609911 741.9590492 684.6239264 727.6043522 679.8396764 694.1189574 738.1275657 687.0536283 668.3906428 695.717343 734.9305684 733.7776837 699.8640955 696.8134176 717.5104241 682.5248879 683.5849588 658.5829625 698.3690282 739.712196 661.8700661 710.5347335 678.7133002 659.4217434 615.0325682 670.0128308 665.011935 727.3221956 662.2202973 667.6992472 607.5276553 656.6488351 598.4134635 630.9067764 634.0604542 634.4293268 425.4813951 0 0 0 0 0 0 0 0 0 0 0 0 
0 0 0 0 0 0 0 0 0 0 0 0 247.6641273 409.620543 417.5692427 395.803075 451.7346343 405.3528411 413.9335328 470.0186749 417.7778014 449.8804818 413.6161903 463.254844 420.0659736 483.4325827 502.8331494 417.0440289 499.0188905 448.8592814 564.0952842 516.8445024 468.4640287 536.028351 467.1463083 498.0708804 470.9847979 448.726202 493.1294761 433.0620874 494.816937 495.8116131 468.0819163 468.7318536 487.8816296 520.0887865 560.1003811 489.967497 417.4017234 493.7009035 494.0530265 465.9830532 474.2981836 503.4519543 458.4430946 512.6964446 446.9337339 513.8818995 488.1406277 485.8760755 479.2846176 487.3673678 492.0702777 516.8647437 471.1208865 472.9603152 444.4246119 499.0295007 508.7788756 442.6751729 505.6680108 481.8719299 476.0504087 488.219651 463.5403594 465.8058579 422.6167102 479.3052724 498.7198441 445.3406321 496.7173293 447.2222835 408.6611244 495.6362691 425.1955582 454.5516242 472.1367039 329.4259172 0 0 0 0 0 0 0 0 0 0 0 0 
0 0 0 0 0 0 0 0 0 0 0 0 0 0 0 0 0 0 0 0 0 0 0 0 0 0 0 0 0 0 0 0 0 0 0 0 0 0 0 0 0 0 0 0 0 0 0 0 0 0 0 0 0 0 0 0 0 0 0 0 0 0 0 0 0 0 0 0 0 0 0 0 0 0 0 0 0 0 0 0 0 0 0 0 0 0 0 0 0 0 0 0 0 0 0 0 0 0 0 0 
0 0 0 0 0 0 0 0 0 0 0 0 0 0 0 0 0 0 0 0 0 0 0 0 0 0 0 0 0 0 0 0 0 0 0 0 0 0 0 0 0 0 0 0 0 0 0 0 0 0 0 0 0 0 0 0 0 0 0 0 0 0 0 0 0 0 0 0 0 0 0 0 0 0 0 0 0 0 0 0 0 0 0 0 0 0 0 0 0 0 0 0 0 0 0 0 0 0 0 0 
0 0 0 0 0 0 0 0 0 0 0 0 0 0 0 0 0 0 0 0 0 0 0 0 0 0 0 0 0 0 0 0 0 0 0 0 0 0 0 0 0 0 0 0 0 0 0 0 0 0 0 0 0 0 0 0 0 0 0 0 0 0 0 0 0 0 0 0 0 0 0 0 0 0 0 0 0 0 0 0 0 0 0 0 0 0 0 0 0 0 0 0 0 0 0 0 0 0 0 0 
0 0 0 0 0 0 0 0 0 0 0 0 0 0 0 0 0 0 0 0 0 0 0 0 0 0 0 0 0 0 0 0 0 0 0 0 0 0 0 0 0 0 0 0 0 0 0 0 0 0 0 0 0 0 0 0 0 0 0 0 0 0 0 0 0 0 0 0 0 0 0 0 0 0 0 0 0 0 0 0 0 0 0 0 0 0 0 0 0 0 0 0 0 0 0 0 0 0 0 0 
0 0 0 0 0 0 0 0 0 0 0 0 0 0 0 0 0 0 0 0 0 0 0 0 0 0 0 0 0 0 0 0 0 0 0 0 0 0 0 0 0 0 0 0 0 0 0 0 0 0 0 0 0 0 0 0 0 0 0 0 0 0 0 0 0 0 0 0 0 0 0 0 0 0 0 0 0 0 0 0 0 0 0 0 0 0 0 0 0 0 0 0 0 0 0 0 0 0 0 0 
0 0 0 0 0 0 0 0 0 0 0 0 0 0 0 0 0 0 0 0 0 0 0 0 0 0 0 0 0 0 0 0 0 0 0 0 0 0 0 0 0 0 0 0 0 0 0 0 0 0 0 0 0 0 0 0 0 0 0 0 0 0 0 0 0 0 0 0 0 0 0 0 0 0 0 0 0 0 0 0 0 0 0 0 0 0 0 0 0 0 0 0 0 0 0 0 0 0 0 0 
0 0 0 0 0 0 0 0 0 0 0 0 0 0 0 0 0 0 0 0 0 0 0 0 0 0 0 0 0 0 0 0 0 0 0 0 0 0 0 0 0 0 0 0 0 0 0 0 0 0 0 0 0 0 0 0 0 0 0 0 0 0 0 0 0 0 0 0 0 0 0 0 0 0 0 0 0 0 0 0 0 0 0 0 0 0 0 0 0 0 0 0 0 0 0 0 0 0 0 0 
0 0 0 0 0 0 0 0 0 0 0 0 0 0 0 0 0 0 0 0 0 0 0 0 0 0 0 0 0 0 0 0 0 0 0 0 0 0 0 0 0 0 0 0 0 0 0 0 0 0 0 0 0 0 0 0 0 0 0 0 0 0 0 0 0 0 0 0 0 0 0 0 0 0 0 0 0 0 0 0 0 0 0 0 0 0 0 0 0 0 0 0 0 0 0 0 0 0 0 0 
0 0 0 0 0 0 0 0 0 0 0 0 0 0 0 0 0 0 0 0 0 0 0 0 0 0 0 0 0 0 0 0 0 0 0 0 0 0 0 0 0 0 0 0 0 0 0 0 0 0 0 0 0 0 0 0 0 0 0 0 0 0 0 0 0 0 0 0 0 0 0 0 0 0 0 0 0 0 0 0 0 0 0 0 0 0 0 0 0 0 0 0 0 0 0 0 0 0 0 0 
0 0 0 0 0 0 0 0 0 0 0 0 0 0 0 0 0 0 0 0 0 0 0 0 0 0 0 0 0 0 0 0 0 0 0 0 0 0 0 0 0 0 0 0 0 0 0 0 0 0 0 0 0 0 0 0 0 0 0 0 0 0 0 0 0 0 0 0 0 0 0 0 0 0 0 0 0 0 0 0 0 0 0 0 0 0 0 0 0 0 0 0 0 0 0 0 0 0 0 0 
0 0 0 0 0 0 0 0 0 0 0 0 0 0 0 0 0 0 0 0 0 0 0 0 0 0 0 0 0 0 0 0 0 0 0 0 0 0 0 0 0 0 0 0 0 0 0 0 0 0 0 0 0 0 0 0 0 0 0 0 0 0 0 0 0 0 0 0 0 0 0 0 0 0 0 0 0 0 0 0 0 0 0 0 0 0 0 0 0 0 0 0 0 0 0 0 0 0 0 0 
0 0 0 0 0 0 0 0 0 0 0 0 0 0 0 0 0 0 0 0 0 0 0 0 0 0 0 0 0 0 0 0 0 0 0 0 0 0 0 0 0 0 0 0 0 0 0 0 0 0 0 0 0 0 0 0 0 0 0 0 0 0 0 0 0 0 0 0 0 0 0 0 0 0 0 0 0 0 0 0 0 0 0 0 0 0 0 0 0 0 0 0 0 0 0 0 0 0 0 0 
# Events [SlitMonitor/SlitMonitor.dat] N:
0 0 0 0 0 0 0 0 0 0 0 0 0 0 0 0 0 0 0 0 0 0 0 0 0 0 0 0 0 0 0 0 0 0 0 0 0 0 0 0 0 0 0 0 0 0 0 0 0 0 0 0 0 0 0 0 0 0 0 0 0 0 0 0 0 0 0 0 0 0 0 0 0 0 0 0 0 0 0 0 0 0 0 0 0 0 0 0 0 0 0 0 0 0 0 0 0 0 0 0 
0 0 0 0 0 0 0 0 0 0 0 0 0 0 0 0 0 0 0 0 0 0 0 0 0 0 0 0 0 0 0 0 0 0 0 0 0 0 0 0 0 0 0 0 0 0 0 0 0 0 0 0 0 0 0 0 0 0 0 0 0 0 0 0 0 0 0 0 0 0 0 0 0 0 0 0 0 0 0 0 0 0 0 0 0 0 0 0 0 0 0 0 0 0 0 0 0 0 0 0 
0 0 0 0 0 0 0 0 0 0 0 0 0 0 0 0 0 0 0 0 0 0 0 0 0 0 0 0 0 0 0 0 0 0 0 0 0 0 0 0 0 0 0 0 0 0 0 0 0 0 0 0 0 0 0 0 0 0 0 0 0 0 0 0 0 0 0 0 0 0 0 0 0 0 0 0 0 0 0 0 0 0 0 0 0 0 0 0 0 0 0 0 0 0 0 0 0 0 0 0 
0 0 0 0 0 0 0 0 0 0 0 0 0 0 0 0 0 0 0 0 0 0 0 0 0 0 0 0 0 0 0 0 0 0 0 0 0 0 0 0 0 0 0 0 0 0 0 0 0 0 0 0 0 0 0 0 0 0 0 0 0 0 0 0 0 0 0 0 0 0 0 0 0 0 0 0 0 0 0 0 0 0 0 0 0 0 0 0 0 0 0 0 0 0 0 0 0 0 0 0 
0 0 0 0 0 0 0 0 0 0 0 0 0 0 0 0 0 0 0 0 0 0 0 0 0 0 0 0 0 0 0 0 0 0 0 0 0 0 0 0 0 0 0 0 0 0 0 0 0 0 0 0 0 0 0 0 0 0 0 0 0 0 0 0 0 0 0 0 0 0 0 0 0 0 0 0 0 0 0 0 0 0 0 0 0 0 0 0 0 0 0 0 0 0 0 0 0 0 0 0 
0 0 0 0 0 0 0 0 0 0 0 0 0 0 0 0 0 0 0 0 0 0 0 0 0 0 0 0 0 0 0 0 0 0 0 0 0 0 0 0 0 0 0 0 0 0 0 0 0 0 0 0 0 0 0 0 0 0 0 0 0 0 0 0 0 0 0 0 0 0 0 0 0 0 0 0 0 0 0 0 0 0 0 0 0 0 0 0 0 0 0 0 0 0 0 0 0 0 0 0 
0 0 0 0 0 0 0 0 0 0 0 0 0 0 0 0 0 0 0 0 0 0 0 0 0 0 0 0 0 0 0 0 0 0 0 0 0 0 0 0 0 0 0 0 0 0 0 0 0 0 0 0 0 0 0 0 0 0 0 0 0 0 0 0 0 0 0 0 0 0 0 0 0 0 0 0 0 0 0 0 0 0 0 0 0 0 0 0 0 0 0 0 0 0 0 0 0 0 0 0 
0 0 0 0 0 0 0 0 0 0 0 0 0 0 0 0 0 0 0 0 0 0 0 0 0 0 0 0 0 0 0 0 0 0 0 0 0 0 0 0 0 0 0 0 0 0 0 0 0 0 0 0 0 0 0 0 0 0 0 0 0 0 0 0 0 0 0 0 0 0 0 0 0 0 0 0 0 0 0 0 0 0 0 0 0 0 0 0 0 0 0 0 0 0 0 0 0 0 0 0 
0 0 0 0 0 0 0 0 0 0 0 0 0 0 0 0 0 0 0 0 0 0 0 0 0 0 0 0 0 0 0 0 0 0 0 0 0 0 0 0 0 0 0 0 0 0 0 0 0 0 0 0 0 0 0 0 0 0 0 0 0 0 0 0 0 0 0 0 0 0 0 0 0 0 0 0 0 0 0 0 0 0 0 0 0 0 0 0 0 0 0 0 0 0 0 0 0 0 0 0 
0 0 0 0 0 0 0 0 0 0 0 0 0 0 0 0 0 0 0 0 0 0 0 0 0 0 0 0 0 0 0 0 0 0 0 0 0 0 0 0 0 0 0 0 0 0 0 0 0 0 0 0 0 0 0 0 0 0 0 0 0 0 0 0 0 0 0 0 0 0 0 0 0 0 0 0 0 0 0 0 0 0 0 0 0 0 0 0 0 0 0 0 0 0 0 0 0 0 0 0 
0 0 0 0 0 0 0 0 0 0 0 0 0 0 0 0 0 0 0 0 0 0 0 0 0 0 0 0 0 0 0 0 0 0 0 0 0 0 0 0 0 0 0 0 0 0 0 0 0 0 0 0 0 0 0 0 0 0 0 0 0 0 0 0 0 0 0 0 0 0 0 0 0 0 0 0 0 0 0 0 0 0 0 0 0 0 0 0 0 0 0 0 0 0 0 0 0 0 0 0 
0 0 0 0 0 0 0 0 0 0 0 0 0 0 0 0 0 0 0 0 0 0 0 0 0 0 0 0 0 0 0 0 0 0 0 0 0 0 0 0 0 0 0 0 0 0 0 0 0 0 0 0 0 0 0 0 0 0 0 0 0 0 0 0 0 0 0 0 0 0 0 0 0 0 0 0 0 0 0 0 0 0 0 0 0 0 0 0 0 0 0 0 0 0 0 0 0 0 0 0 
0 0 0 0 0 0 0 0 0 0 0 0 47 114 106 95 112 106 97 99 100 109 125 134 127 125 107 111 107 116 105 123 115 126 125 143 117 127 126 133 127 128 135 128 146 131 134 133 144 125 149 124 138 103 154 135 152 116 137 135 129 126 131 128 130 130 127 111 129 101 121 134 119 123 118 113 110 101 117 114 117 147 105 113 89 131 88 56 0 0 0 0 0 0 0 0 0 0 0 0 
0 0 0 0 0 0 0 0 0 0 0 0 93 203 212 226 219 225 200 221 196 249 248 213 246 263 228 246 243 248 239 271 280 256 260 240 283 251 277 263 300 287 286 261 261 251 269 260 293 288 260 268 253 246 274 276 267 294 258 283 286 257 238 251 247 273 260 246 237 217 273 231 214 238 232 241 211 227 243 227 217 217 199 216 212 210 207 86 0 0 0 0 0 0 0 0 0 0 0 0 
0 0 0 0 0 0 0 0 0 0 0 0 109 227 219 225 222 211 218 231 244 227 235 217 239 240 234 275 245 258 246 264 245 270 289 234 232 263 249 290 236 267 273 258 283 277 251 271 268 267 271 267 253 289 255 277 244 271 291 263 295 284 285 275 265 268 259 263 266 241 263 238 281 255 245 217 231 255 229 227 202 211 229 233 240 203 208 98 0 0 0 0 0 0 0 0 0 0 0 0 
0 0 0 0 0 0 0 0 0 0 0 0 96 212 194 214 225 229 235 229 231 235 265 260 242 243 238 290 250 267 252 254 253 283 259 254 269 237 279 252 283 311 252 302 251 290 265 242 267 293 265 253 278 301 269 275 290 266 250 292 250 271 263 264 265 268 245 240 270 269 219 240 274 257 238 221 241 224 240 243 205 223 223 208 223 209 215 93 0 0 0 0 0 0 0 0 0 0 0 0 
0 0 0 0 0 0 0 0 0 0 0 0 129 216 208 251 211 238 235 218 228 271 235 246 228 244 262 239 247 281 255 232 273 290 266 265 264 228 259 257 253 252 276 261 280 269 297 295 261 266 275 289 264 261 287 273 300 259 298 247 278 282 275 256 280 271 257 261 262 250 271 239 243 265 237 239 248 249 262 220 224 229 241 214 211 210 221 117 0 0 0 0 0 0 0 0 0 0 0 0 
0 0 0 0 0 0 0 0 0 0 0 0 108 212 221 221 221 214 217 222 198 245 251 257 254 278 230 236 256 232 245 273 262 266 295 237 262 261 274 280 267 272 273 284 249 299 271 289 255 282 257 223 272 242 262 269 292 300 284 252 267 282 270 266 281 261 289 256 267 255 227 212 288 250 264 225 236 239 248 217 252 226 226 252 229 236 193 111 0 0 0 0 0 0 0 0 0 0 0 0 
0 0 0 0 0 0 0 0 0 0 0 0 113 215 214 225 198 247 257 223 228 257 279 211 231 246 272 261 271 253 244 236 266 256 281 273 274 239 294 289 273 275 286 287 264 282 261 280 279 297 272 264 285 292 290 270 270 276 278 275 273 253 264 284 244 251 275 265 262 261 228 270 278 256 255 258 234 217 234 242 236 214 224 219 240 214 214 117 0 0 0 0 0 0 0 0 0 0 0 0 
0 0 0 0 0 0 0 0 0 0 0 0 121 224 209 219 263 242 248 232 250 220 236 233 228 236 272 275 257 259 275 290 258 266 253 249 255 277 297 262 277 292 275 256 281 241 257 290 301 274 268 269 269 301 293 294 265 271 295 263 251 283 229 249 257 252 259 277 260 244 268 255 249 268 266 251 239 231 250 230 223 222 245 239 219 203 236 125 0 0 0 0 0 0 0 0 0 0 0 0 
0 0 0 0 0 0 0 0 0 0 0 0 110 214 212 229 231 220 240 254 253 244 283 275 246 247 229 239 262 252 245 310 270 246 296 276 266 276 266 269 275 261 259 246 272 275 252 261 312 312 277 311 293 283 287 281 304 306 293 269 295 263 247 255 280 267 255 250 264 267 251 291 233 297 264 278 270 246 229 277 231 237 221 231 249 244 213 108 0 0 0 0 0 0 0 0 0 0 0 0 
0 0 0 0 0 0 0 0 0 0 0 0 122 220 205 239 236 247 253 264 254 256 284 266 233 251 247 269 267 283 286 270 295 246 280 280 277 277 302 251 287 264 289 268 296 282 315 300 286 246 315 274 285 285 278 255 316 282 301 269 296 249 267 286 255 255 287 261 260 234 269 249 248 268 236 252 255 256 257 257 264 224 247 246 241 206 208 112 0 0 0 0 0 0 0 0 0 0 0 0 
0 0 0 0 0 0 0 0 0 0 0 0 102 231 215 225 235 226 247 232 274 243 230 276 245 295 262 235 260 274 254 257 277 278 286 276 281 275 302 281 266 281 311 284 270 305 307 285 287 291 296 297 302 299 281 301 264 256 292 276 280 304 265 306 286 257 265 282 265 251 265 281 251 283 247 285 283 208 207 253 257 242 234 226 222 254 211 100 0 0 0 0 0 0 0 0 0 0 0 0 
0 0 0 0 0 0 0 0 0 0 0 0 104 207 208 243 248 252 239 240 261 245 268 254 269 244 281 269 279 271 244 251 278 268 289 273 270 297 273 272 278 281 289 281 273 276 296 304 290 277 310 269 302 301 304 284 287 285 293 291 288 269 284 297 283 282 255 294 270 256 255 244 232 261 255 246 255 260 255 250 238 270 249 214 239 212 236 105 0 0 0 0 0 0 0 0 0 0 0 0 
0 0 0 0 0 0 0 0 0 0 0 0 129 213 245 231 238 234 238 249 273 238 246 277 251 231 262 294 240 285 281 279 266 266 306 264 287 264 305 282 278 277 301 262 294 285 289 301 296 306 303 308 298 298 309 313 267 284 291 276 295 285 244 321 276 281 260 277 238 257 278 250 288 249 268 263 212 260 219 250 231 252 265 203 232 246 226 106 0 0 0 0 0 0 0 0 0 0 0 0 
0 0 0 0 0 0 0 0 0 0 0 0 116 237 239 221 223 213 272 260 234 259 234 243 280 256 261 270 290 273 291 273 265 283 249 275 297 275 273 250 274 276 294 272 284 292 281 255 309 290 247 324 253 276 279 276 286 286 276 302 272 286 305 300 275 286 292 278 294 254 263 260 258 268 261 212 258 293 249 263 236 237 223 237 255 215 226 122 0 0 0 0 0 0 0 0 0 0 0 0 
0 0 0 0 0 0 0 0 0 0 0 0 104 240 226 247 241 238 257 256 264 247 254 257 269 255 242 274 281 250 282 266 285 291 265 291 313 291 298 302 291 275 311 279 308 306 291 286 290 293 301 281 300 285 289 266 289 296 279 296 303 291 287 276 290 281 284 287 273 255 286 246 271 273 299 237 256 249 236 284 270 216 216 254 242 243 246 128 0 0 0 0 0 0 0 0 0 0 0 0 
0 0 0 0 0 0 0 0 0 0 0 0 105 201 225 220 258 220 248 252 258 253 273 254 270 264 259 264 289 267 245 286 290 283 313 264 263 296 300 304 291 298 296 284 281 281 287 303 324 311 277 313 321 272 313 285 279 311 276 285 295 289 289 311 273 285 301 313 281 295 286 278 247 254 262 247 264 247 261 260 247 241 239 242 222 234 245 117 0 0 0 0 0 0 0 0 0 0 0 0 
0 0 0 0 0 0 0 0 0 0 0 0 114 236 245 224 221 245 240 269 243 253 238 270 283 319 260 277 283 253 257 273 294 317 304 292 290 307 340 281 293 289 254 313 280 311 289 291 290 303 303 301 271 313 310 258 273 283 294 286 300 286 294 269 281 273 281 298 261 249 305 269 271 256 255 255 246 238 248 285 257 253 236 245 248 240 243 114 0 0 0 0 0 0 0 0 0 0 0 0 
0 0 0 0 0 0 0 0 0 0 0 0 96 236 231 236 214 222 257 256 251 256 287 231 226 281 274 270 276 267 316 272 309 296 276 289 284 281 301 294 286 255 305 303 287 326 289 306 314 304 306 347 302 323 331 322 247 308 297 292 283 273 273 297 247 285 268 281 259 264 294 247 279 284 282 283 243 263 267 237 267 247 223 244 233 238 214 135 0 0 0 0 0 0 0 0 0 0 0 0 
0 0 0 0 0 0 0 0 0 0 0 0 98 252 235 239 237 262 234 251 246 248 234 277 290 276 260 260 259 293 287 282 276 283 299 267 255 284 286 301 312 262 317 292 299 330 287 307 285 266 274 285 276 316 293 296 282 261 291 273 302 294 306 288 265 301 303 299 294 282 333 279 289 265 251 279 237 273 271 251 252 245 245 211 244 225 251 120 0 0 0 0 0 0 0 0 0 0 0 0 
0 0 0 0 0 0 0 0 0 0 0 0 103 260 207 249 266 223 239 241 260 253 262 258 299 239 269 278 279 294 278 267 278 301 296 269 298 286 303 279 277 297 301 324 312 288 293 317 296 316 315 284 310 304 307 296 279 307 289 301 282 266 291 268 291 294 289 293 294 284 300 294 255 252 273 278 248 267 249 240 258 253 264 245 217 242 225 119 0 0 0 0 0 0 0 0 0 0 0 0 
0 0 0 0 0 0 0 0 0 0 0 0 124 255 254 254 291 264 258 244 261 268 260 303 277 221 282 280 253 306 271 280 286 296 268 329 289 295 248 292 300 305 281 295 284 298 324 315 296 292 312 311 308 314 302 307 308 306 303 293 338 306 291 315 288 305 260 303 280 288 290 292 249 260 255 277 254 261 254 265 268 253 248 235 257 233 249 102 0 0 0 0 0 0 0 0 0 0 0 0 
0 0 0 0 0 0 0 0 0 0 0 0 107 262 242 219 257 259 272 252 266 228 280 251 265 247 258 292 267 263 286 279 285 321 286 284 306 293 290 309 323 326 341 288 305 339 285 304 293 272 312 261 295 320 314 297 307 287 284 297 305 310 318 320 312 291 294 289 288 291 296 274 296 299 293 269 279 247 266 250 257 271 229 227 242 217 215 139 0 0 0 0 0 0 0 0 0 0 0 0 
0 0 0 0 0 0 0 0 0 0 0 0 129 240 244 259 255 239 257 247 260 243 268 272 263 259 264 278 294 272 318 281 272 302 295 310 296 270 305 284 314 322 302 280 310 308 316 294 317 306 289 300 292 292 278 335 270 300 307 296 319 273 286 307 282 263 290 318 288 279 282 293 271 268 268 274 252 271 256 271 249 266 240 272 226 230 238 126 0 0 0 0 0 0 0 0 0 0 0 0 
0 0 0 0 0 0 0 0 0 0 0 0 121 256 255 266 256 228 273 286 245 264 256 244 257 277 289 263 278 288 309 287 300 285 292 327 308 278 258 279 296 290 329 284 286 316 290 340 341 294 280 296 310 312 276 309 313 293 277 286 289 311 301 295 297 279 293 274 295 299 283 289 297 275 257 286 243 283 275 284 256 241 268 233 271 227 230 108 0 0 0 0 0 0 0 0 0 0 0 0 
0 0 0 0 0 0 0 0 0 0 0 0 119 231 240 262 234 259 243 241 259 255 280 279 264 273 263 286 280 283 262 302 248 259 300 256 312 288 321 302 329 325 306 291 305 283 333 261 302 297 293 332 295 309 307 282 342 287 320 280 268 277 303 322 298 301 297 284 291 272 240 281 286 266 267 271 252 231 280 267 249 282 257 238 223 255 245 106 0 0 0 0 0 0 0 0 0 0 0 0 
0 0 0 0 0 0 0 0 0 0 0 0 137 241 243 259 220 241 236 258 230 255 280 245 263 250 258 295 283 312 301 309 271 300 272 273 277 321 293 299 323 308 301 307 302 297 318 294 275 331 289 324 324 313 319 295 301 315 324 284 326 312 263 328 272 324 296 274 281 317 282 285 273 262 315 265 263 278 239 273 257 231 236 216 229 265 230 121 0 0 0 0 0 0 0 0 0 0 0 0 
0 0 0 0 0 0 0 0 0 0 0 0 99 264 236 245 254 279 268 295 242 284 261 285 286 258 263 261 296 318 267 310 277 290 306 285 286 311 313 296 319 305 286 269 283 308 300 313 337 304 334 296 322 287 314 300 328 263 303 292 301 311 302 311 265 314 286 286 279 285 268 264 285 250 261 253 275 287 246 262 300 263 258 234 241 246 231 122 0 0 0 0 0 0 0 0 0 0 0 0 
0 0 0 0 0 0 0 0 0 0 0 0 111 239 254 244 274 250 263 268 278 242 286 294 301 282 286 274 301 280 295 284 270 303 299 326 281 294 315 278 317 302 336 298 323 321 326 295 298 285 358 279 289 321 284 327 291 289 310 312 309 284 306 308 287 279 279 256 281 270 275 273 280 267 297 288 289 301 287 243 260 243 268 247 240 247 252 109 0 0 0 0 0 0 0 0 0 0 0 0 
0 0 0 0 0 0 0 0 0 0 0 0 127 228 230 232 231 280 271 248 260 294 266 288 297 248 279 273 269 285 285 321 307 295 302 291 280 323 326 263 297 292 284 330 322 288 283 324 288 324 311 311 278 293 295 295 300 295 323 321 268 280 305 297 303 303 270 325 321 275 301 289 292 306 286 270 265 248 288 266 244 243 255 264 250 240 224 118 0 0 0 0 0 0 0 0 0 0 0 0 
0 0 0 0 0 0 0 0 0 0 0 0 115 229 229 255 254 249 269 253 259 253 285 243 264 289 322 250 293 293 296 281 296 314 301 317 307 317 296 293 308 317 280 310 328 313 286 314 293 301 318 284 286 284 289 315 339 314 325 301 319 287 304 281 296 320 292 261 298 269 272 275 286 303 289 307 270 258 269 275 259 278 250 271 240 262 230 113 0 0 0 0 0 0 0 0 0 0 0 0 
0 0 0 0 0 0 0 0 0 0 0 0 112 250 244 260 281 256 269 230 260 279 247 277 286 273 285 295 273 286 291 286 303 280 284 304 295 303 299 284 277 307 309 302 299 322 298 309 331 340 316 281 288 321 293 276 311 320 294 303 295 301 287 284 337 299 293 294 292 257 266 274 274 279 289 251 259 276 262 283 275 247 235 255 267 260 219 109 0 0 0 0 0 0 0 0 0 0 0 0 
0 0 0 0 0 0 0 0 0 0 0 0 111 254 252 249 238 255 243 246 256 276 288 273 278 293 294 275 287 282 273 301 300 293 309 306 337 302 285 311 311 308 286 296 297 297 335 304 303 303 299 309 356 259 328 275 311 315 318 288 313 316 264 332 290 314 280 309 313 280 270 282 295 300 289 270 280 269 258 256 237 289 268 247 286 237 244 131 0 0 0 0 0 0 0 0 0 0 0 0 
0 0 0 0 0 0 0 0 0 0 0 0 122 251 263 259 263 251 266 245 253 263 268 286 257 269 288 279 263 273 273 331 307 284 287 311 301 296 292 303 298 324 307 323 313 297 308 296 302 297 339 294 301 286 290 313 321 330 316 309 326 312 284 304 298 293 265 289 322 260 282 309 251 302 290 288 254 261 256 265 290 262 267 265 256 251 234 140 0 0 0 0 0 0 0 0 0 0 0 0 
0 0 0 0 0 0 0 0 0 0 0 0 125 236 248 265 262 240 238 274 262 275 278 275 289 305 276 283 299 281 308 291 257 283 269 338 312 305 312 319 253 318 293 308 315 305 308 314 282 329 319 313 310 319 321 266 314 296 318 273 288 277 304 308 275 299 299 283 307 311 302 281 290 287 279 253 254 252 266 274 215 240 246 277 248 225 254 109 0 0 0 0 0 0 0 0 0 0 0 0 
0 0 0 0 0 0 0 0 0 0 0 0 131 232 257 243 260 256 256 252 273 263 264 267 285 275 269 282 267 256 275 273 299 294 317 299 291 300 302 312 298 310 285 328 308 333 294 298 320 304 301 322 301 309 327 303 323 313 316 295 294 295 281 298 279 310 324 313 313 309 305 267 275 271 289 241 277 284 283 254 285 276 268 279 243 268 250 117 0 0 0 0 0 0 0 0 0 0 0 0 
0 0 0 0 0 0 0 0 0 0 0 0 123 245 242 246 257 232 242 267 274 272 271 290 271 282 263 293 276 281 281 315 311 272 317 304 315 292 318 296 299 285 326 296 294 307 304 297 314 314 313 315 322 336 314 293 305 297 300 332 307 323 313 294 305 304 278 261 315 285 254 286 255 273 298 269 244 251 257 265 246 260 258 231 254 256 253 112 0 0 0 0 0 0 0 0 0 0 0 0 
0 0 0 0 0 0 0 0 0 0 0 0 134 262 258 232 251 272 259 255 242 263 246 281 265 307 309 247 255 290 302 288 283 307 281 306 295 311 304 269 322 298 333 315 324 284 303 319 296 315 327 293 333 300 312 296 325 311 325 275 293 305 292 293 324 313 286 307 303 271 311 298 275 278 262 269 276 258 288 279 250 269 276 256 216 229 241 115 0 0 0 0 0 0 0 0 0 0 0 0 
0 0 0 0 0 0 0 0 0 0 0 0 116 232 247 250 258 261 265 274 281 269 314 304 282 279 291 282 306 294 298 291 314 276 294 295 300 305 317 343 296 330 290 304 306 327 329 324 296 328 322 290 306 310 304 309 316 300 299 291 299 278 318 268 317 260 329 309 299 323 272 311 247 309 272 257 266 233 243 247 279 286 250 223 247 262 230 128 0 0 0 0 0 0 0 0 0 0 0 0 
0 0 0 0 0 0 0 0 0 0 0 0 139 262 262 266 255 245 259 262 269 272 283 283 272 282 268 291 273 330 295 295 299 261 292 270 312 309 297 295 309 327 278 334 278 335 310 306 300 320 318 319 316 309 313 304 295 311 305 319 324 319 280 320 295 329 295 305 304 285 269 278 293 283 286 303 271 284 245 251 263 242 275 252 264 248 247 129 0 0 0 0 0 0 0 0 0 0 0 0 
0 0 0 0 0 0 0 0 0 0 0 0 128 241 256 234 258 291 290 264 251 267 263 286 303 290 281 261 287 295 293 271 313 309 295 324 288 287 315 289 301 314 311 315 292 310 308 311 344 320 332 337 281 306 301 295 308 301 337 296 314 294 303 297 290 302 303 298 267 291 284 306 268 258 256 291 295 275 278 251 234 250 245 270 231 250 207 126 0 0 0 0 0 0 0 0 0 0 0 0 
0 0 0 0 0 0 0 0 0 0 0 0 118 239 248 256 287 246 289 267 261 265 282 270 296 279 310 291 274 282 294 303 291 289 293 300 306 307 292 306 313 298 295 329 280 344 319 307 324 290 313 313 311 271 277 342 354 326 324 263 321 271 303 286 285 278 280 308 287 270 293 274 293 284 287 270 271 273 251 269 269 249 261 263 248 223 260 119 0 0 0 0 0 0 0 0 0 0 0 0 
0 0 0 0 0 0 0 0 0 0 0 0 128 214 221 263 209 237 240 248 301 270 246 264 305 269 318 266 267 308 264 283 316 274 288 309 303 298 282 299 295 311 291 317 300 287 335 310 303 316 287 323 325 291 330 291 297 312 314 313 265 316 299 270 321 276 292 327 258 289 289 291 275 287 281 311 253 270 263 273 282 258 244 258 235 245 228 104 0 0 0 0 0 0 0 0 0 0 0 0 
0 0 0 0 0 0 0 0 0 0 0 0 133 241 235 244 237 260 249 279 275 283 245 253 275 257 251 290 309 286 289 299 300 301 303 314 321 308 303 319 315 299 313 320 320 270 290 296 310 293 319 334 313 324 308 296 296 302 297 264 294 300 314 266 289 278 315 302 292 309 297 284 286 290 286 272 284 273 264 253 252 251 261 247 247 231 240 108 0 0 0 0 0 0 0 0 0 0 0 0 
0 0 0 0 0 0 0 0 0 0 0 0 122 264 271 278 280 270 264 254 267 297 279 291 268 262 279 297 288 278 283 281 302 270 316 312 310 272 327 312 339 289 306 309 312 345 326 321 343 305 291 335 312 353 331 312 329 306 311 325 272 287 328 296 284 287 286 279 292 278 264 290 274 305 261 272 271 254 277 277 249 232 259 270 245 273 220 111 0 0 0 0 0 0 0 0 0 0 0 0 
0 0 0 0 0 0 0 0 0 0 0 0 140 219 246 234 233 230 277 272 260 276 260 297 269 281 279 301 272 297 309 279 307 271 319 292 317 327 336 296 336 311 315 292 339 335 291 317 316 319 303 268 326 298 304 323 309 314 349 283 298 268 273 283 288 278 297 330 303 273 296 279 276 289 293 298 306 247 271 243 250 284 252 264 242 256 242 109 0 0 0 0 0 0 0 0 0 0 0 0 
0 0 0 0 0 0 0 0 0 0 0 0 127 240 240 242 257 235 258 244 263 264 240 240 283 269 303 305 275 283 310 308 276 306 281 317 302 273 307 319 308 290 291 336 304 307 304 317 303 323 321 280 307 299 331 295 286 303 339 299 335 296 289 295 296 296 276 283 295 311 307 299 315 276 280 279 248 293 266 249 255 290 222 285 239 257 215 123 0 0 0 0 0 0 0 0 0 0 0 0 
0 0 0 0 0 0 0 0 0 0 0 0 150 249 272 245 238 282 268 263 264 265 258 272 262 260 273 292 292 275 278 276 300 282 295 292 336 290 273 309 297 324 299 271 319 313 315 309 307 324 347 296 315 323 301 302 317 328 282 292 314 281 322 298 287 315 288 284 301 293 252 297 257 284 265 283 284 249 282 250 256 249 238 265 249 275 243 116 0 0 0 0 0 0 0 0 0 0 0 0 
0 0 0 0 0 0 0 0 0 0 0 0 121 243 250 240 259 262 244 276 277 259 244 288 244 253 269 277 284 277 297 297 274 322 277 298 288 316 330 292 277 295 311 323 306 302 299 311 291 312 317 275 311 307 287 297 308 297 335 306 297 296 302 284 268 251 298 287 298 271 272 260 266 274 254 263 263 251 280 243 271 250 237 264 262 254 235 132 0 0 0 0 0 0 0 0 0 0 0 0 
0 0 0 0 0 0 0 0 0 0 0 0 125 249 230 261 230 253 252 258 265 282 275 287 288 273 278 287 260 295 295 262 289 324 296 281 334 320 322 278 295 319 307 292 310 293 319 284 308 296 301 286 284 305 335 291 296 281 312 314 306 272 287 323 295 288 301 294 292 271 277 265 284 281 234 234 255 237 268 267 229 252 223 239 268 248 284 102 0 0 0 0 0 0 0 0 0 0 0 0 
0 0 0 0 0 0 0 0 0 0 0 0 124 234 221 255 234 267 262 249 270 264 281 294 237 271 289 269 277 329 286 277 263 279 308 306 264 301 299 347 300 296 278 290 294 307 307 313 290 323 313 291 295 310 307 298 297 314 309 284 307 294 274 307 299 303 307 309 283 261 290 269 261 252 289 267 268 255 273 268 259 265 246 265 256 242 262 121 0 0 0 0 0 0 0 0 0 0 0 0 
0 0 0 0 0 0 0 0 0 0 0 0 135 231 278 233 247 239 260 259 274 274 288 268 258 261 266 274 292 267 286 295 310 295 307 284 288 282 293 317 304 323 284 314 307 303 313 307 328 324 311 308 312 321 310 312 293 325 299 285 311 272 309 316 300 256 298 300 277 289 274 293 272 277 271 269 259 269 266 288 261 271 232 243 250 252 256 116 0 0 0 0 0 0 0 0 0 0 0 0 
0 0 0 0 0 0 0 0 0 0 0 0 110 265 247 231 259 272 265 237 251 260 245 279 271 283 271 292 274 278 289 302 298 285 311 302 307 276 286 306 282 300 312 304 322 305 303 327 301 309 303 285 300 326 289 345 333 323 302 277 281 292 322 286 309 301 285 251 280 298 271 279 305 296 264 291 273 257 296 276 251 256 258 244 242 226 244 130 0 0 0 0 0 0 0 0 0 0 0 0 
0 0 0 0 0 0 0 0 0 0 0 0 116 221 236 226 259 253 251 258 263 237 273 246 261 264 273 296 290 307 280 264 276 291 294 304 312 284 327 328 288 281 301 270 280 318 318 314 280 309 287 320 291 316 312 294 284 303 303 271 288 310 275 284 297 283 304 263 288 279 292 265 278 263 270 251 267 237 248 263 249 262 236 252 247 235 228 136 0 0 0 0 0 0 0 0 0 0 0 0 
0 0 0 0 0 0 0 0 0 0 0 0 109 199 264 263 213 209 249 282 262 279 259 266 273 257 310 292 289 272 287 273 290 275 290 286 284 280 303 308 316 299 290 309 308 295 329 296 302 335 289 317 290 303 309 322 305 279 318 289 272 297 321 306 316 305 281 266 280 283 273 279 298 264 262 272 269 274 251 269 267 259 235 250 241 245 246 112 0 0 0 0 0 0 0 0 0 0 0 0 
0 0 0 0 0 0 0 0 0 0 0 0 122 223 236 270 248 249 259 255 261 261 262 274 287 267 285 255 287 281 317 294 275 285 282 309 279 275 326 299 327 321 291 298 307 291 315 294 303 347 291 339 300 310 306 297 298 289 286 293 279 276 316 285 285 283 292 292 285 296 242 276 265 262 281 263 262 261 266 270 246 244 266 250 269 237 249 111 0 0 0 0 0 0 0 0 0 0 0 0 
0 0 0 0 0 0 0 0 0 0 0 0 119 228 248 241 252 271 274 231 280 266 254 262 244 273 288 276 282 263 281 278 257 260 273 293 276 314 308 297 268 299 313 296 269 291 283 295 292 284 280 289 314 271 285 279 336 304 332 290 304 288 272 288 294 254 277 275 279 263 251 278 274 278 272 267 226 236 248 272 256 246 241 220 254 244 270 119 0 0 0 0 0 0 0 0 0 0 0 0 
0 0 0 0 0 0 0 0 0 0 0 0 122 234 233 224 259 237 248 261 265 248 295 292 273 256 280 257 267 295 284 277 283 298 283 269 282 286 302 324 288 285 297 283 294 278 288 302 276 291 310 339 306 286 253 314 307 284 297 286 279 265 273 301 274 269 292 281 305 262 277 266 295 268 281 306 281 267 275 266 244 259 245 279 231 254 234 99 0 0 0 0 0 0 0 0 0 0 0 0 
0 0 0 0 0 0 0 0 0 0 0 0 116 226 220 221 239 234 264 270 283 218 253 283 260 252 274 270 265 280 307 275 274 287 283 299 283 272 286 309 294 288 284 252 316 295 301 297 303 295 331 289 293 312 336 292 283 300 294 312 278 292 288 253 289 265 317 269 284 280 301 282 269 230 281 272 249 235 254 223 263 255 227 264 243 235 246 101 0 0 0 0 0 0 0 0 0 0 0 0 
0 0 0 0 0 0 0 0 0 0 0 0 116 223 260 213 265 236 255 296 267 229 303 280 258 272 263 267 260 276 304 289 257 300 289 280 285 286 291 279 285 317 300 272 251 270 279 316 267 302 283 287 302 264 330 274 302 299 280 302 279 292 286 311 283 300 304 270 274 286 247 255 261 272 234 288 273 246 252 245 255 247 269 227 265 231 249 105 0 0 0 0 0 0 0 0 0 0 0 0 
0 0 0 0 0 0 0 0 0 0 0 0 120 237 236 234 241 238 261 253 226 239 264 254 251 261 238 301 265 271 296 326 246 297 268 288 314 316 270 292 297 308 297 307 293 263 329 284 294 296 295 294 286 309 298 284 258 282 303 314 293 269 270 302 265 294 289 283 273 284 248 269 253 266 254 259 255 294 278 237 257 234 213 242 252 247 230 114 0 0 0 0 0 0 0 0 0 0 0 0 
0 0 0 0 0 0 0 0 0 0 0 0 103 255 219 236 233 228 248 253 249 270 252 265 299 255 299 291 266 277 263 285 279 254 313 300 303 278 306 284 307 270 294 301 310 304 273 263 300 274 279 289 320 293 289 296 315 305 282 284 251 298 280 289 280 274 310 273 273 276 286 259 283 269 279 245 247 274 247 239 240 258 253 259 230 231 248 116 0 0 0 0 0 0 0 0 0 0 0 0 
0 0 0 0 0 0 0 0 0 0 0 0 113 270 215 236 274 232 244 234 254 272 248 270 251 270 275 268 259 262 278 301 278 301 291 263 300 293 274 296 264 294 284 296 293 317 287 319 274 303 270 297 296 300 238 286 327 297 275 286 265 288 275 296 270 278 284 298 279 271 280 298 255 251 264 263 251 256 245 215 273 255 264 246 232 249 212 118 0 0 0 0 0 0 0 0 0 0 0 0 
0 0 0 0 0 0 0 0 0 0 0 0 119 225 232 225 227 259 215 241 245 261 247 258 268 241 274 268 248 310 294 269 281 309 284 281 248 286 284 305 282 298 297 277 312 262 271 290 293 296 307 284 284 266 306 296 303 272 277 284 282 234 295 300 285 287 278 269 284 275 290 276 252 259 276 272 254 256 250 235 262 234 231 266 209 251 185 90 0 0 0 0 0 0 0 0 0 0 0 0 
0 0 0 0 0 0 0 0 0 0 0 0 100 226 239 252 242 248 228 242 250 248 255 249 271 255 242 264 287 294 273 266 275 280 284 283 305 283 251 283 294 310 276 303 288 295 288 299 269 310 263 290 300 292 289 281 272 298 291 286 290 304 276 294 290 278 268 274 277 266 289 237 249 258 254 278 241 282 234 254 235 237 258 214 222 227 244 95 0 0 0 0 0 0 0 0 0 0 0 0 
0 0 0 0 0 0 0 0 0 0 0 0 122 206 249 229 221 234 267 241 251 259 259 285 232 274 262 269 283 254 261 283 249 274 282 291 289 296 297 282 283 276 284 308 273 314 261 284 266 277 277 262 313 298 298 305 286 273 291 271 288 291 292 306 289 304 286 267 249 237 248 260 273 285 255 274 233 219 275 208 267 247 229 226 250 218 210 124 0 0 0 0 0 0 0 0 0 0 0 0 
0 0 0 0 0 0 0 0 0 0 0 0 136 225 210 246 255 235 223 246 261 264 269 238 237 234 251 264 250 261 258 289 274 258 291 282 270 250 290 288 275 269 271 274 307 269 304 269 311 320 311 286 318 271 291 282 321 297 288 293 283 270 296 286 296 295 284 296 257 293 288 277 262 263 249 234 232 251 236 234 226 273 234 225 242 212 225 125 0 0 0 0 0 0 0 0 0 0 0 0 
0 0 0 0 0 0 0 0 0 0 0 0 100 239 218 247 249 243 261 203 248 226 218 258 231 270 255 233 261 300 263 292 288 250 266 292 277 261 294 273 298 292 287 268 274 262 292 274 295 289 288 251 306 279 256 286 275 283 284 279 261 255 275 263 262 259 267 250 271 251 297 239 261 288 239 251 256 252 259 248 257 251 236 236 222 221 218 111 0 0 0 0 0 0 0 0 0 0 0 0 
0 0 0 0 0 0 0 0 0 0 0 0 104 234 230 231 244 234 252 245 264 228 267 257 276 269 270 243 270 261 269 241 265 236 300 257 265 263 285 278 284 286 275 276 252 291 282 285 285 292 264 296 288 274 310 285 286 264 287 267 249 265 280 257 276 279 264 276 262 228 253 263 260 240 249 235 235 241 227 255 236 233 272 222 228 226 221 100 0 0 0 0 0 0 0 0 0 0 0 0 
0 0 0 0 0 0 0 0 0 0 0 0 110 226 234 221 216 212 248 209 222 243 245 237 243 271 264 232 265 272 254 265 248 290 282 317 298 249 265 271 282 258 276 274 298 292 271 266 305 278 305 251 287 268 290 280 278 274 282 266 285 296 271 295 268 270 262 245 252 239 237 260 249 259 243 218 258 255 246 249 223 263 206 233 202 235 212 118 0 0 0 0 0 0 0 0 0 0 0 0 
0 0 0 0 0 0 0 0 0 0 0 0 125 226 229 212 211 223 228 227 230 255 225 277 249 235 248 228 256 221 290 245 274 281 282 260 272 262 271 293 269 276 281 268 251 280 290 306 293 251 260 264 307 298 280 245 286 264 279 272 265 274 268 261 248 270 278 264 286 268 245 263 307 271 236 246 246 220 223 234 247 238 224 242 220 223 177 111 0 0 0 0 0 0 0 0 0 0 0 0 
0 0 0 0 0 0 0 0 0 0 0 0 99 227 240 233 212 225 239 235 227 254 237 224 222 267 259 242 265 226 235 249 278 285 272 312 263 293 250 277 289 261 276 250 271 265 276 233 294 286 278 274 267 250 260 281 262 301 259 304 266 250 273 264 260 262 274 262 245 228 252 246 247 251 243 237 226 238 237 247 270 228 205 229 214 239 242 97 0 0 0 0 0 0 0 0 0 0 0 0 
0 0 0 0 0 0 0 0 0 0 0 0 105 207 217 224 218 217 242 250 240 239 252 257 234 236 260 253 245 227 259 265 262 253 243 274 286 264 276 286 302 259 270 296 271 294 281 303 262 270 291 288 267 274 256 266 272 290 268 267 240 298 294 272 276 241 236 275 275 281 259 273 265 266 255 263 239 251 232 236 231 206 215 208 203 207 206 95 0 0 0 0 0 0 0 0 0 0 0 0 
0 0 0 0 0 0 0 0 0 0 0 0 83 213 234 215 248 226 231 204 218 230 214 245 270 240 253 240 252 236 261 236 253 261 270 280 290 289 277 271 270 277 275 260 272 280 270 292 279 301 247 240 261 275 289 251 286 264 285 286 248 273 233 239 253 264 257 248 236 237 242 240 243 270 216 239 246 238 229 237 252 230 210 231 238 214 228 112 0 0 0 0 0 0 0 0 0 0 0 0 
0 0 0 0 0 0 0 0 0 0 0 0 106 216 218 216 250 243 219 245 257 216 247 222 237 239 230 255 246 275 229 253 250 299 251 265 276 231 259 270 255 254 257 251 275 250 289 265 248 244 295 255 265 272 264 288 252 252 262 241 290 253 244 239 271 252 226 274 243 258 230 250 244 233 229 235 248 228 219 198 219 252 203 214 202 213 203 95 0 0 0 0 0 0 0 0 0 0 0 0 
0 0 0 0 0 0 0 0 0 0 0 0 124 220 212 234 212 258 231 235 217 238 242 220 256 251 244 246 230 262 247 238 268 269 253 265 280 281 282 247 258 260 247 258 255 264 285 264 275 260 264 249 270 241 266 275 244 280 270 251 260 288 267 251 236 285 238 252 232 262 247 220 264 234 240 204 227 229 272 230 235 217 211 200 211 226 215 91 0 0 0 0 0 0 0 0 0 0 0 0 
0 0 0 0 0 0 0 0 0 0 0 0 46 105 111 94 108 99 118 120 105 114 108 125 112 129 141 116 126 117 149 139 132 137 120 117 119 104 139 118 129 134 126 104 127 139 173 132 107 148 123 113 120 138 108 129 124 120 129 125 130 121 123 139 125 115 116 118 119 105 124 122 120 118 117 115 92 132 108 98 121 100 99 116 105 109 114 53 0 0 0 0 0 0 0 0 0 0 0 0 
0 0 0 0 0 0 0 0 0 0 0 0 0 0 0 0 0 0 0 0 0 0 0 0 0 0 0 0 0 0 0 0 0 0 0 0 0 0 0 0 0 0 0 0 0 0 0 0 0 0 0 0 0 0 0 0 0 0 0 0 0 0 0 0 0 0 0 0 0 0 0 0 0 0 0 0 0 0 0 0 0 0 0 0 0 0 0 0 0 0 0 0 0 0 0 0 0 0 0 0 
0 0 0 0 0 0 0 0 0 0 0 0 0 0 0 0 0 0 0 0 0 0 0 0 0 0 0 0 0 0 0 0 0 0 0 0 0 0 0 0 0 0 0 0 0 0 0 0 0 0 0 0 0 0 0 0 0 0 0 0 0 0 0 0 0 0 0 0 0 0 0 0 0 0 0 0 0 0 0 0 0 0 0 0 0 0 0 0 0 0 0 0 0 0 0 0 0 0 0 0 
0 0 0 0 0 0 0 0 0 0 0 0 0 0 0 0 0 0 0 0 0 0 0 0 0 0 0 0 0 0 0 0 0 0 0 0 0 0 0 0 0 0 0 0 0 0 0 0 0 0 0 0 0 0 0 0 0 0 0 0 0 0 0 0 0 0 0 0 0 0 0 0 0 0 0 0 0 0 0 0 0 0 0 0 0 0 0 0 0 0 0 0 0 0 0 0 0 0 0 0 
0 0 0 0 0 0 0 0 0 0 0 0 0 0 0 0 0 0 0 0 0 0 0 0 0 0 0 0 0 0 0 0 0 0 0 0 0 0 0 0 0 0 0 0 0 0 0 0 0 0 0 0 0 0 0 0 0 0 0 0 0 0 0 0 0 0 0 0 0 0 0 0 0 0 0 0 0 0 0 0 0 0 0 0 0 0 0 0 0 0 0 0 0 0 0 0 0 0 0 0 
0 0 0 0 0 0 0 0 0 0 0 0 0 0 0 0 0 0 0 0 0 0 0 0 0 0 0 0 0 0 0 0 0 0 0 0 0 0 0 0 0 0 0 0 0 0 0 0 0 0 0 0 0 0 0 0 0 0 0 0 0 0 0 0 0 0 0 0 0 0 0 0 0 0 0 0 0 0 0 0 0 0 0 0 0 0 0 0 0 0 0 0 0 0 0 0 0 0 0 0 
0 0 0 0 0 0 0 0 0 0 0 0 0 0 0 0 0 0 0 0 0 0 0 0 0 0 0 0 0 0 0 0 0 0 0 0 0 0 0 0 0 0 0 0 0 0 0 0 0 0 0 0 0 0 0 0 0 0 0 0 0 0 0 0 0 0 0 0 0 0 0 0 0 0 0 0 0 0 0 0 0 0 0 0 0 0 0 0 0 0 0 0 0 0 0 0 0 0 0 0 
0 0 0 0 0 0 0 0 0 0 0 0 0 0 0 0 0 0 0 0 0 0 0 0 0 0 0 0 0 0 0 0 0 0 0 0 0 0 0 0 0 0 0 0 0 0 0 0 0 0 0 0 0 0 0 0 0 0 0 0 0 0 0 0 0 0 0 0 0 0 0 0 0 0 0 0 0 0 0 0 0 0 0 0 0 0 0 0 0 0 0 0 0 0 0 0 0 0 0 0 
0 0 0 0 0 0 0 0 0 0 0 0 0 0 0 0 0 0 0 0 0 0 0 0 0 0 0 0 0 0 0 0 0 0 0 0 0 0 0 0 0 0 0 0 0 0 0 0 0 0 0 0 0 0 0 0 0 0 0 0 0 0 0 0 0 0 0 0 0 0 0 0 0 0 0 0 0 0 0 0 0 0 0 0 0 0 0 0 0 0 0 0 0 0 0 0 0 0 0 0 
0 0 0 0 0 0 0 0 0 0 0 0 0 0 0 0 0 0 0 0 0 0 0 0 0 0 0 0 0 0 0 0 0 0 0 0 0 0 0 0 0 0 0 0 0 0 0 0 0 0 0 0 0 0 0 0 0 0 0 0 0 0 0 0 0 0 0 0 0 0 0 0 0 0 0 0 0 0 0 0 0 0 0 0 0 0 0 0 0 0 0 0 0 0 0 0 0 0 0 0 
0 0 0 0 0 0 0 0 0 0 0 0 0 0 0 0 0 0 0 0 0 0 0 0 0 0 0 0 0 0 0 0 0 0 0 0 0 0 0 0 0 0 0 0 0 0 0 0 0 0 0 0 0 0 0 0 0 0 0 0 0 0 0 0 0 0 0 0 0 0 0 0 0 0 0 0 0 0 0 0 0 0 0 0 0 0 0 0 0 0 0 0 0 0 0 0 0 0 0 0 
0 0 0 0 0 0 0 0 0 0 0 0 0 0 0 0 0 0 0 0 0 0 0 0 0 0 0 0 0 0 0 0 0 0 0 0 0 0 0 0 0 0 0 0 0 0 0 0 0 0 0 0 0 0 0 0 0 0 0 0 0 0 0 0 0 0 0 0 0 0 0 0 0 0 0 0 0 0 0 0 0 0 0 0 0 0 0 0 0 0 0 0 0 0 0 0 0 0 0 0 
0 0 0 0 0 0 0 0 0 0 0 0 0 0 0 0 0 0 0 0 0 0 0 0 0 0 0 0 0 0 0 0 0 0 0 0 0 0 0 0 0 0 0 0 0 0 0 0 0 0 0 0 0 0 0 0 0 0 0 0 0 0 0 0 0 0 0 0 0 0 0 0 0 0 0 0 0 0 0 0 0 0 0 0 0 0 0 0 0 0 0 0 0 0 0 0 0 0 0 0 
