# Format: McCode with text headers
# URL: http://www.mccode.org
# Creator:  3.6.14, git
# Instrument: FullInstrument_v5_working.instr
# Ncount: 6250000
# Trace: no
# Gravitation: no
# Seed: 1780146409157593
# Directory: FullInstrument_v5_working_20260530_145330/8
# Nodes: 8
# Param: SourceE=5
# Param: DeltaSourceE=0.5
# Param: EI=5
# Param: A3=0
# Param: A4=-45
# Param: SAMPLE=0
# Param: RV_mono_Bool=1
# Param: RH_mono_Bool=1
# Param: Lv=1.872
# Param: Lh=1.34
# Param: monoShieldingWidth=0.062
# Param: monoShieldingHeight=0.14
# Param: monoShieldingDistance=0.235
# Param: MonoShielding=1
# Param: Be_filter=1
# Param: sampleHeight=0.03
# Param: sampleRadius=0.005
# Param: sampleThickness=0.004
# Param: samplePosY=0
# Param: sampleFluxDiagnosticXWidth=0.08
# Param: sampleFluxDiagnosticYHeight=0.08
# Date: Sat May 30 15:08:26 2026 (1780146506)
# type: array_2d(100, 100)
# Source: PSI_CAMEA (FullInstrument_v5_working.instr)
# component: sample_flux_after_unscattered
# position: 1.5438 0 37.6099
# title: PSD monitor
# Ncount: 50000000
# filename: sample_flux_after_unscattered.dat
# statistics: X0=0.0414608; dX=1.00456; Y0=0.000161158; dY=0.92789;
# signal: Min=0; Max=36549.1; Mean=3376.54;
# values: 3.37654e+07 4228.23 9.25673e+07
# xvar: X 
# yvar: Y 
# xlabel: X position [cm]
# ylabel: Y position [cm]
# zvar: I
# zlabel: Signal per bin
# xylimits: -1.5 1.5 -9 9
# variables: I I_err N
# Data [sample_flux_after_unscattered/sample_flux_after_unscattered.dat] I:
0 0 0 0 0 0 0 0 0 0 0 0 0 0 0 0 0 0 0 0 0 0 0 0 0 0 0 0 0 0 0 0 0 0 0 0 0 0 0 0 0 0 0 0 0 0 0 0 0 0 0 0 0 0 0 0 0 0 0 0 0 0 0 0 0 0 0 0 0 0 0 0 0 0 0 0 0 0 0 0 0 0 0 0 0 0 0 0 0 0 0 0 0 0 0 0 0 0 0 0 
0 0 0 0 0 0 0 0 0 0 0 0 0 0 0 0 0 0 0 0 0 0 0 0 0 0 0 0 0 0 0 0 0 0 0 0 0 0 0 0 0 0 0 0 0 0 0 0 0 0 0 0 0 0 0 0 0 0 0 0 0 0 0 0 0 0 0 0 0 0 0 0 0 0 0 0 0 0 0 0 0 0 0 0 0 0 0 0 0 0 0 0 0 0 0 0 0 0 0 0 
0 0 0 0 0 0 0 0 0 0 0 0 0 0 0 0 0 0 0 0 0 0 0 0 0 0 0 0 0 0 0 0 0 0 0 0 0 0 0 0 0 0 0 0 0 0 0 0 0 0 0 0 0 0 0 0 0 0 0 0 0 0 0 0 0 0 0 0 0 0 0 0 0 0 0 0 0 0 0 0 0 0 0 0 0 0 0 0 0 0 0 0 0 0 0 0 0 0 0 0 
0 0 0 0 0 0 0 0 0 0 0 0 0 0 0 0 0 0 0 0 0 0 0 0 0 0 0 0 0 0 0 0 0 0 0 0 0 0 0 0 0 0 0 0 0 0 0 0 0 0 0 0 0 0 0 0 0 0 0 0 0 0 0 0 0 0 0 0 0 0 0 0 0 0 0 0 0 0 0 0 0 0 0 0 0 0 0 0 0 0 0 0 0 0 0 0 0 0 0 0 
0 0 0 0 0 0 0 0 0 0 0 0 0 0 0 0 0 0 0 0 0 0 0 0 0 0 0 0 0 0 0 0 0 0 0 0 0 0 0 0 0 0 0 0 0 0 0 0 0 0 0 0 0 0 0 0 0 0 0 0 0 0 0 0 0 0 0 0 0 0 0 0 0 0 0 0 0 0 0 0 0 0 0 0 0 0 0 0 0 0 0 0 0 0 0 0 0 0 0 0 
0 0 0 0 0 0 0 0 0 0 0 0 0 0 0 0 0 0 0 0 0 0 0 0 0 0 0 0 0 0 0 0 0 0 0 0 0 0 0 0 0 0 0 0 0 0 0 0 0 0 0 0 0 0 0 0 0 0 0 0 0 0 0 0 0 0 0 0 0 0 0 0 0 0 0 0 0 0 0 0 0 0 0 0 0 0 0 0 0 0 0 0 0 0 0 0 0 0 0 0 
0 0 0 0 0 0 0 0 0 0 0 0 0 0 0 0 0 0 0 0 0 0 0 0 0 0 0 0 0 0 0 0 0 0 0 0 0 0 0 0 0 0 0 0 0 0 0 0 0 0 0 0 0 0 0 0 0 0 0 0 0 0 0 0 0 0 0 0 0 0 0 0 0 0 0 0 0 0 0 0 0 0 0 0 0 0 0 0 0 0 0 0 0 0 0 0 0 0 0 0 
0 0 0 0 0 0 0 0 0 0 0 0 0 0 0 0 0 0 0 0 0 0 0 0 0 0 0 0 0 0 0 0 0 0 0 0 0 0 0 0 0 0 0 0 0 0 0 0 0 0 0 0 0 0 0 0 0 0 0 0 0 0 0 0 0 0 0 0 0 0 0 0 0 0 0 0 0 0 0 0 0 0 0 0 0 0 0 0 0 0 0 0 0 0 0 0 0 0 0 0 
0 0 0 0 0 0 0 0 0 0 0 0 0 0 0 0 0 0 0 0 0 0 0 0 0 0 0 0 0 0 0 0 0 0 0 0 0 0 0 0 0 0 0 0 0 0 0 0 0 0 0 0 0 0 0 0 0 0 0 0 0 0 0 0 0 0 0 0 0 0 0 0 0 0 0 0 0 0 0 0 0 0 0 0 0 0 0 0 0 0 0 0 0 0 0 0 0 0 0 0 
0 0 0 0 0 0 0 0 0 0 0 0 0 0 0 0 0 0 0 0 0 0 0 0 0 0 0 0 0 0 0 0 0 0 0 0 0 0 0 0 0 0 0 0 0 0 0 0 0 0 0 0 0 0 0 0 0 0 0 0 0 0 0 0 0 0 0 0 0 0 0 0 0 0 0 0 0 0 0 0 0 0 0 0 0 0 0 0 0 0 0 0 0 0 0 0 0 0 0 0 
0 0 0 0 0 0 0 0 0 0 0 0 0 0 0 0 0 0 0 0 0 0 0 0 0 0 0 0 0 0 0 0 0 0 0 0 0 0 0 0 0 0 0 0 0 0 0 0 0 0 0 0 0 0 0 0 0 0 0 0 0 0 0 0 0 0 0 0 0 0 0 0 0 0 0 0 0 0 0 0 0 0 0 0 0 0 0 0 0 0 0 0 0 0 0 0 0 0 0 0 
0 0 0 0 0 0 0 0 0 0 0 0 0 0 0 0 0 0 0 0 0 0 0 0 0 0 0 0 0 0 0 0 0 0 0 0 0 0 0 0 0 0 0 0 0 0 0 0 0 0 0 0 0 0 0 0 0 0 0 0 0 0 0 0 0 0 0 0 0 0 0 0 0 0 0 0 0 0 0 0 0 0 0 0 0 0 0 0 0 0 0 0 0 0 0 0 0 0 0 0 
0 0 0 0 0 0 0 0 0 0 0 0 0 0 0 0 0 0 0 0 0 0 0 0 0 0 0 0 0 0 0 0 0 0 0 0 0 0 0 0 0 0 0 0 0 0 0 0 0 0 0 0 0 0 0 0 0 0 0 0 0 0 0 0 0 0 0 0 0 0 0 0 0 0 0 0 0 0 0 0 0 0 0 0 0 0 0 0 0 0 0 0 0 0 0 0 0 0 0 0 
0 0 0 0 0 0 0 0 0 0 0 0 0 0 0 0 0 0 0 0 0 0 0 0 0 0 0 0 0 0 0 0 0 0 0 0 0 0 0 0 0 0 0 0 0 0 0 0 0 0 0 0 0 0 0 0 0 0 0 0 0 0 0 0 0 0 0 0 0 0 0 0 0 0 0 0 0 0 0 0 0 0 0 0 0 0 0 0 0 0 0 0 0 0 0 0 0 0 0 0 
0 0 0 0 0 0 0 0 0 0 0 0 0 0 0 0 0 0 0 0 0 0 0 0 0 0 0 0 0 0 0 0 0 0 0 0 0 0 0 0 0 0 0 0 0 0 0 0 0 0 0 0 0 0 0 0 0 0 0 0 0 0 0 0 0 0 0 0 0 0 0 0 0 0 0 0 0 0 0 0 0 0 0 0 0 0 0 0 0 0 0 0 0 0 0 0 0 0 0 0 
0 0 0 0 0 0 0 0 0 0 0 0 0 0 0 0 0 0 0 0 0 0 0 0 0 0 0 0 0 0 0 0 0 0 0 0 0 0 0 0 0 0 0 0 0 0 0 0 0 0 0 0 0 0 0 0 0 0 0 0 0 0 0 0 0 0 0 0 0 0 0 0 0 0 0 0 0 0 0 0 0 0 0 0 0 0 0 0 0 0 0 0 0 0 0 0 0 0 0 0 
0 0 0 0 0 0 0 0 0 0 0 0 0 0 0 0 0 0 0 0 0 0 0 0 0 0 0 0 0 0 0 0 0 0 0 0 0 0 0 0 0 0 0 0 0 0 0 0 0 0 0 0 0 0 0 0 0 0 0 0 0 0 0 0 0 0 0 0 0 0 0 0 0 0 0 0 0 0 0 0 0 0 0 0 0 0 0 0 0 0 0 0 0 0 0 0 0 0 0 0 
0 0 0 0 0 0 0 0 0 0 0 0 0 0 0 0 0 0 0 0 0 0 0 0 0 0 0 0 0 0 0 0 0 0 0 0 0 0 0 0 0 0 0 0 0 0 0 0 0 0 0 0 0 0 0 0 0 0 0 0 0 0 0 0 0 0 0 0 0 0 0 0 0 0 0 0 0 0 0 0 0 0 0 0 0 0 0 0 0 0 0 0 0 0 0 0 0 0 0 0 
0 0 0 0 0 0 0 0 0 0 0 0 0 0 0 0 0 0 0 0 0 0 0 0 0 0 0 0 0 0 0 0 0 0 0 0 0 0 0 0 0 0 0 0 0 0 0 0 0 0 0 0 0 0 0 0 0 0 0 0 0 0 0 0 0 0 0 0 0 0 0 0 0 0 0 0 0 0 0 0 0 0 0 0 0 0 0 0 0 0 0 0 0 0 0 0 0 0 0 0 
0 0 0 0 0 0 0 0 0 0 0 0 0 0 0 0 0 0 0 0 0 0 0 0 0 0 0 0 0 0 0 0 0 0 0 0 0 0 0 0 0 0 0 0 0 0 0 0 0 0 0 0 0 0 0 0 0 0 0 0 0 0 0 0 0 0 0 0 0 0 0 0 0 0 0 0 0 0 0 0 0 0 0 0 0 0 0 0 0 0 0 0 0 0 0 0 0 0 0 0 
0 0 0 0 0 0 0 0 0 0 0 0 0 0 0 0 0 0 0 0 0 0 0 0 0 0 0 0 0 0 0 0 0 0 0 0 0 0 0 0 0 0 0 0 0 0 0 0 0 0 0 0 0 0 0 0 0 0 0 0 0 0 0 0 0 0 0 0 0 0 0 0 0 0 0 0 0 0 0 0 0 0 0 0 0 0 0 0 0 0 0 0 0 0 0 0 0 0 0 0 
0 0 0 0 0 0 0 0 0 0 0 0 0 0 0 0 0 0 0 0 0 0 0 0 0 0 0 0 0 0 0 0 0 0 0 0 0 0 0 0 0 0 0 0 0 0 0 0 0 0 0 0 0 0 0 0 0 0 0 0 0 0 0 0 0 0 0 0 0 0 0 0 0 0 0 0 0 0 0 0 0 0 0 0 0 0 0 0 0 0 0 0 0 0 0 0 0 0 0 0 
0 0 0 0 0 0 0 0 0 0 0 0 0 0 0 0 0 0 0 0 0 0 0 0 0 0 0 0 0 0 0 0 0 0 0 0 0 0 0 0 0 0 0 0 0 0 0 0 0 0 0 0 0 0 0 0 0 0 0 0 0 0 0 0 0 0 0 0 0 0 0 0 0 0 0 0 0 0 0 0 0 0 0 0 0 0 0 0 0 0 0 0 0 0 0 0 0 0 0 0 
0 0 0 0 0 0 0 0 0 0 0 0 0 0 0 0 0 0 0 0 0 0 0 0 0 0 0 0 0 0 0 0 0 0 0 0 0 0 0 0 0 0 0 0 0 0 0 0 0 0 0 0 0 0 0 0 0 0 0 0 0 0 0 0 0 0 0 0 0 0 0 0 0 0 0 0 0 0 0 0 0 0 0 0 0 0 0 0 0 0 0 0 0 0 0 0 0 0 0 0 
0 0 0 0 0 0 0 0 0 0 0 0 0 0 0 0 0 0 0 0 0 0 0 0 0 0 0 0 0 0 0 0 0 0 0 0 0 0 0 0 0 0 0 0 0 0 0 0 0 0 0 0 0 0 0 0 0 0 0 0 0 0 0 0 0 0 0 0 0 0 0 0 0 0 0 0 0 0 0 0 0 0 0 0 0 0 0 0 0 0 0 0 0 0 0 0 0 0 0 0 
0 0 0 0 0 0 0 0 0 0 0 0 0 0 0 0 0 0 0 0 0 0 0 0 0 0 0 0 0 0 0 0 0 0 0 0 0 0 0 0 0 0 0 0 0 0 0 0 0 0 0 0 0 0 0 0 0 0 0 0 0 0 0 0 0 0 0 0 0 0 0 0 0 0 0 0 0 0 0 0 0 0 0 0 0 0 0 0 0 0 0 0 0 0 0 0 0 0 0 0 
0 0 0 0 0 0 0 0 0 0 0 0 0 0 0 0 0 0 0 0 0 0 0 0 0 0 0 0 0 0 0 0 0 0 0 0 0 0 0 0 0 0 0 0 0 0 0 0 0 0 0 0 0 0 0 0 0 0 0 0 0 0 0 0 0 0 0 0 0 0 0 0 0 0 0 0 0 0 0 0 0 0 0 0 0 0 0 0 0 0 0 0 0 0 0 0 0 0 0 0 
0 0 0 0 0 0 0 0 0 0 0 0 0 0 0 0 0 0 0 0 0 0 0 0 0 0 0 0 0 0 0 0 0 0 0 0 0 0 0 0 0 0 0 0 0 0 0 0 0 0 0 0 0 0 0 0 0 0 0 0 0 0 0 0 0 0 0 0 0 0 0 0 0 0 0 0 0 0 0 0 0 0 0 0 0 0 0 0 0 0 0 0 0 0 0 0 0 0 0 0 
0 0 0 0 0 0 0 0 0 0 0 0 0 0 0 0 0 0 0 0 0 0 0 0 0 0 0 0 0 0 0 0 0 0 0 0 0 0 0 0 0 0 0 0 0 0 0 0 0 0 0 0 0 0 0 0 0 0 0 0 0 0 0 0 0 0 0 0 0 0 0 0 0 0 0 0 0 0 0 0 0 0 0 0 0 0 0 0 0 0 0 0 0 0 0 0 0 0 0 0 
0 0 0 0 0 0 0 0 0 0 0 0 0 0 0 0 0 0 0 0 0 0 0 0 0 0 0 0 0 0 0 0 0 0 0 0 0 0 0 0 0 0 0 0 0 0 0 0 0 0 0 0 0 0 0 0 0 0 0 0 0 0 0 0 0 0 0 0 0 0 0 0 0 0 0 0 0 0 0 0 0 0 0 0 0 0 0 0 0 0 0 0 0 0 0 0 0 0 0 0 
0 0 0 0 0 0 0 0 0 0 0 0 0 0 0 0 0 0 0 0 0 0 0 0 0 0 0 0 0 0 0 0 0 0 0 0 0 0 0 0 0 0 0 0 0 0 0 0 0 0 0 0 0 0 0 0 0 0 0 0 0 0 0 0 0 0 0 0 0 0 0 0 0 0 0 0 0 0 0 0 0 0 0 0 0 0 0 0 0 0 0 0 0 0 0 0 0 0 0 0 
0 0 0 0 0 0 0 0 0 0 0 0 0 0 0 0 0 0 0 0 0 0 0 0 0 0 0 0 0 0 0 0 0 0 0 0 0 0 0 0 0 0 0 0 0 0 0 0 0 0 0 0 0 0 0 0 0 0 0 0 0 0 0 0 0 0 0 0 0 0 0 0 0 0 0 0 0 0 0 0 0 0 0 0 0 0 0 0 0 0 0 0 0 0 0 0 0 0 0 0 
0 0 0 0 0 0 0 0 0 0 0 0 0 0 0 0 0 0 0 0 0 0 0 0 0 0 0 0 0 0 0 0 0 0 0 0 0 0 0 0 0 0 0 0 0 0 0 0 0 0 0 0 0 0 0 0 0 0 0 0 0 0 0 0 0 0 0 0 0 0 0 0 0 0 0 0 0 0 0 0 0 0 0 0 0 0 0 0 0 0 0 0 0 0 0 0 0 0 0 0 
0 0 0 0 0 0 0 0 0 0 0 0 0 0 0 0 0 0 0 0 0 0 0 0 0 0 0 0 0 0 0 0 0 0 0 0 0 0 0 0 0 0 0 0 0 0 0 0 0 0 0 0 0 0 0 0 0 0 0 0 0 0 0 0 0 0 0 0 0 0 0 0 0 0 0 0 0 0 0 0 0 0 0 0 0 0 0 0 0 0 0 0 0 0 0 0 0 0 0 0 
0 0 0 0 0 0 0 0 0 0 0 0 0 0 0 0 0 0 0 0 0 0 0 0 0 0 0 0 0 0 0 0 0 0 0 0 0 0 0 0 0 0 0 0 0 0 0 0 0 0 0 0 0 0 0 0 0 0 0 0 0 0 0 0 0 0 0 0 0 0 0 0 0 0 0 0 0 0 0 0 0 0 0 0 0 0 0 0 0 0 0 0 0 0 0 0 0 0 0 0 
0 0 0 0 0 0 0 0 0 0 0 0 0 0 0 0 0 0 0 0 0 0 0 0 0 0 0 0 0 0 0 0 0 0 0 0 0 0 0 0 0 0 0 0 0 0 0 0 0 0 0 0 0 0 0 0 0 0 0 0 0 0 0 0 0 0 0 0 0 0 0 0 0 0 0 0 0 0 0 0 0 0 0 0 0 0 0 0 0 0 0 0 0 0 0 0 0 0 0 0 
0 0 0 0 0 0 0 0 0 0 0 0 0 0 0 0 0 0 0 0 0 0 0 0 0 0 0 0 0 0 0 0 0 0 0 0 0 0 0 0 0 0 0 0 0 0 0 0 0 0 0 0 0 0 0 0 0 0 0 0 0 0 0 0 0 0 0 0 0 0 0 0 0 0 0 0 0 0 0 0 0 0 0 0 0 0 0 0 0 0 0 0 0 0 0 0 0 0 0 0 
0 0 0 0 0 0 0 0 0 0 0 0 0 0 0 0 0 0 0 0 0 0 0 0 0 0 0 0 0 0 0 0 0 0 0 0 0 0 0 0 0 0 0 0 0 0 0 0 0 0 0 0 0 0 0 0 0 0 0 0 0 0 0 0 0 0 0 0 0 0 0 0 0 0 0 0 0 0 0 0 0 0 0 0 0 0 0 0 0 0 0 0 0 0 0 0 0 0 0 0 
273.7189025 30.56869336 71.29499265 63.20941562 147.2134411 130.4786964 149.5187159 201.1542381 162.5124544 154.3169717 190.2259121 123.5815248 142.7548315 137.3918603 162.0385635 180.9225548 115.9433698 82.30722725 92.6608662 245.9132506 248.044471 191.0264273 163.275735 182.5547484 107.6016769 261.0208138 256.7796789 174.0083947 147.8699337 130.1334791 169.0865852 124.4287218 377.9428184 129.3694506 148.6561839 200.0221879 186.833117 189.2735812 150.5018343 192.6614537 246.8284905 194.3486148 168.4464031 229.7244964 222.2496264 295.5080922 146.6827163 211.8491354 198.8821088 231.7828754 158.2405492 298.9251516 185.2491846 169.9006321 338.3391928 253.7893435 203.1758338 287.1807569 197.2974704 115.1193412 201.1618904 271.616527 321.6744035 147.2431579 233.1701645 220.7913076 388.7227846 345.583212 156.9790895 302.0024114 343.8646349 156.4053631 274.9020309 124.0656376 115.864476 147.7246162 77.61676346 191.1081076 159.1766987 148.6719327 297.9852762 141.8957033 108.8823553 172.0406135 241.1940533 153.4056877 115.5877981 104.874367 277.4674559 122.8265793 154.5871673 264.871366 216.3337705 137.3257774 260.8147404 311.525867 234.0834411 304.0638331 162.8818763 105.1997482 
1298.564536 925.6989132 1341.988072 1219.025632 1298.052357 1394.323315 1513.046083 1687.441221 1480.698408 1830.339417 1961.508667 1540.692584 1181.802109 1500.002205 1817.305111 1560.573869 1395.860379 1378.357873 1107.534739 2009.844404 1468.770783 1478.734563 1762.960396 1805.253867 1936.494542 1794.056388 1864.77485 1668.464012 1436.384468 1228.913029 1969.302945 1708.584363 1463.673629 1669.49191 1693.894128 1758.065 1396.638486 2002.359322 2470.161521 1764.613346 1524.792929 1630.075697 1723.997165 1642.365859 1435.004236 2259.061247 1870.65459 2029.479688 2082.07852 2044.242225 2005.166941 1730.124777 1775.900729 1991.453457 2091.472876 2060.568965 2078.853672 2492.305422 2254.098981 1340.800486 2117.420353 1650.449775 2051.11786 1847.320871 1449.372393 1616.847519 1876.097495 1467.496263 2406.562926 1735.353005 2514.657367 2104.787878 1941.254787 1471.798895 1014.777261 1521.988793 1657.598011 1853.650828 1297.397976 1662.598471 2001.99358 1984.466588 1366.68363 2423.091398 1745.475558 1782.459872 1975.981473 1892.041877 1857.325122 1251.421232 1527.260255 1847.254726 1626.881663 1454.853719 1392.722517 1917.503779 1693.08572 1585.535539 1116.411247 1288.820029 
5263.979517 3745.238463 6277.710856 5005.878247 5400.939193 5216.572687 6160.875631 5951.049987 5209.056232 6201.1092 6565.056432 6243.618685 6131.046459 7568.677655 6021.891066 5340.844928 6422.438564 6138.989177 6817.275959 6530.915858 6475.861547 6813.694336 6262.875976 5787.491063 6849.786343 6704.024963 6142.205138 6357.067751 7490.692094 7674.097057 5867.705421 6879.38229 6759.255641 6664.438556 6630.900799 7022.295708 7233.730932 7170.989125 6947.638685 6396.991348 7147.241278 7647.464623 7455.490357 5338.455058 7560.403528 6535.322978 5722.086566 7224.92034 6725.94651 6438.943532 7989.123464 7353.56953 6622.092539 5992.298526 6838.935727 5674.276167 7131.308192 7242.793005 6608.640636 6409.63326 7705.938308 7432.327531 7868.875728 6927.42176 6092.920166 6803.651499 6555.102225 6401.494263 6729.112071 7132.200102 6970.830556 6347.717705 6373.315385 6682.623399 6872.834627 6949.500677 6173.250342 6524.598697 6268.632816 7984.401584 6134.401119 6668.159222 7045.056392 6431.811495 5573.439048 6062.048324 6160.163991 5928.824347 6572.473277 7035.205034 6200.4436 5769.866738 6364.803158 6417.396946 6129.859271 6096.634809 5964.127761 5163.320995 5345.101883 5187.203088 
9788.309593 10575.95835 12335.30653 10866.20915 11296.67244 11501.9129 11926.49489 12847.99881 11338.9547 10917.17154 12543.96938 10337.19594 11168.14105 12148.68119 13789.30941 12533.72246 11066.18939 11987.23325 12544.16723 12751.17486 13828.01027 12855.83412 12806.14169 11517.22147 13291.10565 14024.64017 16498.96872 13902.90524 14671.25503 14039.41799 14016.42683 13334.83717 14552.31881 8947.364989 7361.150821 6143.705609 6521.057874 7018.940997 6963.645972 8330.967304 7149.23574 7303.124364 6556.276837 9287.118447 7290.871464 6858.578877 6543.962719 6738.809162 7714.693007 7571.809466 6557.853451 6714.814129 7022.801029 7356.062308 7347.721318 7328.789875 7300.485251 6947.233414 5697.087769 7233.858598 6624.474703 6249.572625 8130.708271 7421.948453 7402.895126 7022.458075 9110.032851 13243.31236 14364.46779 13495.95434 14732.41099 15193.73169 13660.31289 14606.72016 16039.3548 13886.61759 15260.2427 14284.34145 14938.61239 13330.20043 15738.04622 13708.08354 11772.25667 14332.423 13510.89246 12479.70964 13936.91983 13510.81141 12760.8906 12383.84618 12371.68343 13343.97821 12265.9986 13535.32613 12604.36368 11944.60831 11362.06439 12011.96484 11442.36114 10304.71371 
13771.69033 16421.1458 16755.31374 19542.76589 17650.08175 20652.60202 17979.02322 17631.40158 18141.0511 18543.74655 21275.82005 18598.69671 21570.35147 19311.92065 19386.06845 20249.4278 20557.07577 19620.72571 21182.73162 20756.66369 20878.21726 19750.71513 21633.70808 22615.37428 22371.70788 21486.37506 21029.11985 21062.37561 22897.02263 21431.37536 22300.78908 22401.7436 22742.32277 6514.411785 0 0 0 0 0 0 0 0 0 0 0 0 0 0 0 0 0 0 0 0 0 0 0 0 0 0 0 0 0 0 0 0 5773.591545 22896.12994 23782.72763 23849.70023 23824.47979 24991.79866 22951.40986 23124.09059 21184.60931 21828.39463 22516.19264 21363.71641 21888.55758 21254.56881 23220.94301 21470.91107 21047.37744 21767.73742 23146.38914 21794.74069 21752.05887 22747.56665 21793.2686 20705.7537 20655.70137 20974.35093 20586.30488 21015.84804 20556.51974 20446.09807 18065.30958 19531.88103 17631.03963 16604.78239 
18916.51536 20525.08982 19515.10506 21437.63852 23961.6913 23927.32287 24848.29438 25851.67575 24375.62862 26728.96479 23600.83796 24223.91911 25273.83695 24197.20727 25054.21477 26433.1073 25058.40043 28395.79555 23912.95858 28922.21971 25478.9897 25431.11373 29156.45939 26763.67495 26996.36031 27062.93768 27171.18481 26347.29869 27656.50351 28107.10933 27831.28998 25905.38917 27661.56177 7953.145417 0 0 0 0 0 0 0 0 0 0 0 0 0 0 0 0 0 0 0 0 0 0 0 0 0 0 0 0 0 0 0 0 6860.986136 28546.18183 28974.68865 29639.80735 32392.87354 30423.69226 27133.01109 30137.05688 27777.79577 28503.89973 26684.74584 26024.15134 29727.87567 27927.21945 29110.22998 26676.70379 29050.02959 27132.87547 26588.76652 28575.94645 26959.72935 25961.90163 27957.00113 26972.98495 26758.07539 26311.38499 23692.22839 28110.80815 25276.06267 28186.28479 24168.01142 24479.54277 24483.58336 22624.07413 
17593.90555 22927.71941 23765.64802 23131.31452 25383.3633 25784.68613 24935.29921 24618.41385 25047.41023 26136.1425 25369.84169 25115.7835 26398.16513 26648.66957 23261.67763 26768.7405 26392.35038 27333.5818 28056.23638 27960.51033 27222.45023 29006.77859 27546.76467 27927.65213 26540.02885 28291.87993 29151.04749 29494.1683 32100.38647 30820.33052 29331.09082 32315.64444 31897.72578 7398.288892 0 0 0 0 0 0 0 0 0 0 0 0 0 0 0 0 0 0 0 0 0 0 0 0 0 0 0 0 0 0 0 0 7432.34631 32421.27592 31350.9231 30850.33029 30946.88033 30171.9832 32959.99258 31564.99631 29821.6206 29311.61297 29144.50444 30806.94588 30468.90157 28912.62384 29949.13983 28903.6752 30687.5533 29021.63455 28104.57249 29177.45 29633.33809 30532.55071 28350.75776 29361.64677 27895.23209 29626.58458 27024.11186 26860.36948 27648.5079 28940.5564 28010.7882 26360.74868 27494.0162 24212.44551 
20039.76489 23444.76897 23096.3383 24743.34318 25141.42718 25982.10234 25044.14013 25830.07369 25091.13917 27822.82864 27694.91605 26061.53709 27295.75528 28120.89777 29837.11593 28448.41179 28928.25202 28221.05293 26924.38851 30138.58181 30815.54276 30477.92581 29989.91398 28764.95798 31576.94466 30160.81792 31722.05291 31908.25578 29195.70272 29799.09357 29797.0444 31697.66612 31202.21668 9280.816566 0 0 0 0 0 0 0 0 0 0 0 0 0 0 0 0 0 0 0 0 0 0 0 0 0 0 0 0 0 0 0 0 7900.070828 32003.15569 32184.26156 32079.69289 32040.68437 31407.72538 31024.64667 31007.8576 29591.35179 32150.36536 32737.97261 29618.4014 31457.87639 32084.50261 29750.43274 30255.2714 31205.35845 30269.31513 28347.05868 31008.13867 30638.9413 30534.85753 27583.64622 27303.06059 31143.11696 30834.15612 29503.40887 30204.35348 28126.08242 26950.66127 28535.0596 26319.49164 27582.64291 24720.18339 
18765.80361 21741.42109 22145.18305 25620.90626 25523.58516 26372.89108 27660.23862 26201.02036 25921.7702 28315.08962 29645.03553 26255.86052 29079.45771 25743.61559 28955.1487 27489.10158 28623.35646 27293.59878 29797.4792 29407.13047 30392.58327 29176.75274 29763.84739 29404.47233 31401.72843 28913.32022 31076.56894 29479.8201 30096.0595 31429.10669 32303.41821 32714.92155 31082.954 8921.254953 0 0 0 0 0 0 0 0 0 0 0 0 0 0 0 0 0 0 0 0 0 0 0 0 0 0 0 0 0 0 0 0 9191.662534 29728.3175 32544.20015 33281.50025 32865.70717 30954.94679 34575.75521 31458.95579 30536.31902 33942.89847 32987.80581 32513.90961 31889.97998 29311.49629 32978.62693 31514.96115 32342.78693 31827.59855 32610.11612 31936.65363 29907.61305 30794.20405 30796.79916 29733.66389 29291.46897 31368.75701 28213.43403 27556.85652 29684.72084 29044.72703 27028.45796 28105.423 28121.20843 23971.9272 
19990.72649 21719.55412 24029.25388 23793.77843 27696.27573 25787.1301 27667.02952 25735.37154 27656.31518 28017.07561 28037.15711 30094.54424 28374.46945 29804.15321 28027.66305 27298.06727 31129.03812 30572.92349 31600.14408 29478.33338 32929.97802 30718.34768 30277.88601 29996.35389 28187.74954 31534.23668 34170.0596 29585.13512 33241.19286 31418.02122 30372.59108 30523.6072 31019.05538 9503.405997 0 0 0 0 0 0 0 0 0 0 0 0 0 0 0 0 0 0 0 0 0 0 0 0 0 0 0 0 0 0 0 0 8616.039091 33301.18071 31921.79685 32199.95048 33159.86904 32852.91161 35885.30964 32048.01772 34777.88812 34061.48628 33012.7185 33687.83352 33415.10501 31144.46809 30745.70556 29347.19659 32183.29963 32472.54291 31993.35062 34101.37481 30318.99573 31564.56881 29366.20961 33214.69329 29903.39766 28639.87946 31618.07886 30251.16599 30621.15536 28924.56281 30038.9766 28906.59075 28674.64358 23996.02156 
21383.55961 21133.08762 23907.72584 25292.95656 26299.44113 25726.09417 28825.05438 24818.62351 27225.85921 25728.43242 27865.84348 27985.24902 28391.15456 27907.76113 28422.17048 30357.8632 28760.00072 30325.45134 31868.95935 30647.73665 31197.97698 29259.64093 32244.56258 27969.60762 30820.91994 30164.07352 34079.85877 31146.84046 31384.5315 33071.51692 32159.17171 35034.32234 33625.93446 10545.40388 0 0 0 0 0 0 0 0 0 0 0 0 0 0 0 0 0 0 0 0 0 0 0 0 0 0 0 0 0 0 0 0 7696.368718 34594.78906 32963.19755 34986.27293 32278.56627 32081.30345 33352.65536 34680.11264 32834.52746 33969.68118 30979.20141 31695.20727 32768.40004 31965.8953 34034.14276 32154.78647 31032.56874 30971.56408 30064.34148 30993.92651 32575.75976 31775.19457 29515.26135 31069.84005 30690.12325 30765.53807 30442.90501 32979.68191 28578.15391 28417.42867 26910.6223 29003.6706 27852.28972 24952.2396 
20402.03786 20625.11918 25837.03634 24580.75936 24975.47735 26080.73137 27582.05535 28626.21806 28425.10959 26939.97431 31025.7389 28845.15618 29988.89848 29387.11904 27775.5984 27461.59333 32130.64651 31175.00319 32397.03365 31258.17009 31204.37644 30136.98089 30519.16775 32051.03714 29519.57924 29358.80137 30434.09631 31126.73986 33434.73292 32328.24413 28608.59815 30120.95798 34285.4465 9840.457574 0 0 0 0 0 0 0 0 0 0 0 0 0 0 0 0 0 0 0 0 0 0 0 0 0 0 0 0 0 0 0 0 7070.83222 33511.75083 35046.57266 31293.73642 33802.99609 35291.64869 33552.12579 33076.0435 31636.11139 36230.50826 34889.54523 32313.21106 32884.38076 33507.52446 30341.44394 30815.35971 32989.44745 31260.29304 31307.19109 30712.41621 32812.25662 29872.93256 30956.01037 29874.74486 31968.57 30673.20978 32094.09675 28918.67518 29816.093 29490.83671 28677.7212 28655.76913 27459.85432 26224.93477 
20866.79199 21346.30548 26292.66126 28307.99387 24758.05247 29157.68258 28833.8697 27994.4677 27979.22357 26629.50681 27203.51811 29475.02657 28869.88021 27791.20307 29272.8704 31450.62725 29322.70768 30533.61859 27797.08272 31532.34722 30617.17664 30318.53701 32870.23776 27757.59856 30949.30721 35874.49887 31659.84203 30394.10125 32425.06803 33172.21097 33252.705 32596.02457 31621.27047 9910.464048 0 0 0 0 0 0 0 0 0 0 0 0 0 0 0 0 0 0 0 0 0 0 0 0 0 0 0 0 0 0 0 0 8989.481881 34585.1592 34712.33237 34431.29019 34345.89171 32929.53858 35306.8323 35146.19186 33305.43214 32652.5193 32813.90633 31839.05558 35666.90407 33323.7599 32445.4348 32530.48594 31298.5519 32649.98168 33680.05157 30775.4882 32684.8332 32472.37633 30677.3685 31859.70102 29910.79571 29589.67247 30719.86776 31013.16657 28958.38913 26691.60052 28881.94583 29660.16954 26299.63193 26215.77059 
20010.24221 21126.13227 24035.03776 25188.22335 26738.6378 25826.73135 25612.144 26449.67402 28762.38699 29048.80043 28325.06131 29735.53232 28394.1182 28609.29533 27633.60089 31218.28373 29292.97917 28511.55545 29425.6454 29995.18354 31146.35309 31808.51249 30813.71081 32616.11374 33428.35235 29707.75144 28129.79089 33782.14643 33582.10295 31975.59143 30241.54923 31483.13152 32516.93307 9858.629349 0 0 0 0 0 0 0 0 0 0 0 0 0 0 0 0 0 0 0 0 0 0 0 0 0 0 0 0 0 0 0 0 9206.311206 34091.37452 33608.73222 34218.57184 35441.71164 35059.12146 33214.90122 35178.87846 33012.09137 33557.13589 33548.80969 36549.11051 34446.46166 33560.77026 31789.24383 31099.85291 32690.85928 32580.34956 29211.74795 32464.72988 33967.09061 31954.52696 30393.43167 28602.5809 28607.0347 30875.15801 29410.09891 27940.16149 29158.7461 31013.97878 27769.12142 27637.75127 28507.79401 27254.76302 
22137.17519 20777.24924 23803.78364 27388.3841 24673.71073 29616.38999 28009.24992 26859.71551 25842.10333 27082.1649 27621.10466 28969.41457 28155.67951 29295.71795 30290.50473 28777.97695 30386.93129 28949.69712 27691.91224 30392.31724 31934.55843 30731.05396 31439.12167 30175.94426 30899.19297 29045.48731 31746.16712 30952.66775 31944.95545 30187.90065 32918.37186 33165.01072 32662.14245 9148.479533 0 0 0 0 0 0 0 0 0 0 0 0 0 0 0 0 0 0 0 0 0 0 0 0 0 0 0 0 0 0 0 0 7933.9018 35026.12681 31847.31995 31812.57632 31203.16449 32977.92538 32073.88193 31431.72177 33021.74497 30517.44851 30889.29632 34425.4399 32773.20161 33907.37775 33942.6071 31055.57794 31400.46989 31278.32063 28723.51372 31172.27976 31247.73427 30482.47144 31899.50086 29748.8371 30541.01699 31695.32686 29976.25584 29515.31752 29460.80018 29059.91722 28537.33903 29758.45089 28945.33063 24717.84118 
19914.56844 22557.23021 24052.80784 25427.367 26728.28986 25360.49474 27108.73565 27072.01922 26689.41447 25756.7648 27376.2776 26267.75334 27645.19581 26592.593 28496.2577 29876.80776 26724.9942 28538.83887 29855.59241 27066.07336 30271.5354 29915.96207 28826.43186 28682.66415 29940.31975 30972.27953 31580.39914 29867.03045 30332.73165 33143.40547 32575.65081 29630.38852 31395.55916 9453.255913 0 0 0 0 0 0 0 0 0 0 0 0 0 0 0 0 0 0 0 0 0 0 0 0 0 0 0 0 0 0 0 0 7623.435297 34667.32688 32209.14411 30729.49599 32617.86205 30591.65475 33489.14301 32559.45428 33101.88897 32599.10122 33921.45446 31802.17694 32576.12654 31573.99606 31988.44283 31087.43576 32712.96067 32937.9569 30529.15422 30129.47152 30831.77202 33201.11139 29999.97267 32081.49695 29542.51381 28236.6645 30637.78801 30202.34372 27593.48617 30052.55938 27409.30193 28018.44348 27414.12279 25768.875 
18949.83047 22442.62217 22068.18612 24945.40663 24723.52268 26777.30076 25427.59339 25130.21874 25455.33386 27017.78475 26978.29296 27162.04642 25767.14331 28238.54018 26949.55964 28121.34481 29722.25108 27149.78183 28187.34341 28531.15031 27517.6846 29743.20057 28588.44638 30493.16419 29419.49436 31017.82355 32056.85249 29898.6849 28519.19045 28327.82874 32459.92205 30069.67188 33316.84853 8560.325856 0 0 0 0 0 0 0 0 0 0 0 0 0 0 0 0 0 0 0 0 0 0 0 0 0 0 0 0 0 0 0 0 8831.341404 32095.41289 32261.19378 30961.8964 31100.12991 31334.76442 31845.92931 32599.61307 32149.74898 31592.19406 32858.65476 31657.50109 32257.14567 29454.96613 31951.55291 30385.17272 31873.27085 29323.44455 30792.98043 28692.61312 28581.18509 30239.14442 28936.00013 28002.90511 28163.49269 30892.1446 28858.0621 29854.78993 28708.33801 27733.32639 27855.34665 25675.46637 28234.57936 24026.31258 
18182.63727 22515.33119 23009.5266 23423.45051 25020.35976 26458.83159 24805.22577 26749.4117 23854.8729 26596.97615 25329.77396 26613.44917 26998.38538 25608.81967 27357.45962 28964.02967 28227.29894 28941.71026 28376.38644 27925.36821 27292.98516 27585.79983 29089.89574 29457.84127 28800.7271 29361.96165 29829.14553 28182.77769 32225.69343 30586.81675 31392.54034 30114.69383 29853.55431 7927.587635 0 0 0 0 0 0 0 0 0 0 0 0 0 0 0 0 0 0 0 0 0 0 0 0 0 0 0 0 0 0 0 0 6957.28873 30917.42255 29286.72017 32614.97042 30426.99982 30321.81255 32795.58243 32879.28628 30213.40064 31330.39917 28831.49231 29896.75886 28287.32873 31153.28443 28042.96661 30371.54426 30182.04689 32721.93517 28416.7278 29794.80192 28062.65328 28253.73739 29791.87323 29209.99925 29079.05544 28391.37141 30454.87647 27050.49707 27413.6844 29353.47855 26556.22225 27949.9618 25604.27932 23585.34814 
17846.54981 18747.0611 19368.54981 19889.77793 22745.70975 24880.17011 24297.42141 26504.35253 23266.56199 24162.01607 22253.01196 25224.81296 24483.85494 24069.31557 27313.39038 23894.69824 27987.72697 29337.02774 26553.94212 27727.22296 26599.33488 27189.82131 27975.01706 26527.11894 29012.14984 27232.03961 26793.7617 27103.62127 28225.73991 28793.05238 28598.50374 27266.70092 27388.06427 7742.101476 0 0 0 0 0 0 0 0 0 0 0 0 0 0 0 0 0 0 0 0 0 0 0 0 0 0 0 0 0 0 0 0 6405.40158 26769.17601 27703.36647 30636.02059 28466.58776 29914.98957 28609.40731 29285.80651 27839.5135 29394.97959 29163.60224 27853.52225 27769.57389 27991.45389 27414.64366 28388.81528 28526.82493 27163.56395 27678.39403 27049.79285 25731.54236 25571.92503 26323.50955 26568.60648 26251.90355 25612.07605 27442.56208 25612.90817 26327.41756 25486.09125 24370.32133 24294.92121 23990.30658 22600.48336 
14699.74342 15288.51614 16467.66556 17177.40763 20335.40945 20064.91044 19676.10375 19271.41747 19395.99489 18576.87437 20217.35812 19586.65992 19685.7651 17842.23561 19165.45352 21351.7717 19653.99356 21740.70016 21660.83146 21226.89286 21600.81725 21519.36703 21072.81595 22667.42508 20087.97398 20272.84488 22336.83489 22125.87076 22673.75464 20879.64004 21480.26236 24057.47425 21706.00831 6338.750501 0 0 0 0 0 0 0 0 0 0 0 0 0 0 0 0 0 0 0 0 0 0 0 0 0 0 0 0 0 0 0 0 5406.307918 24324.21847 24832.66042 21980.27468 21836.05615 21818.29318 20927.83838 22673.04754 24206.94 22573.05387 22009.7524 21748.30373 23770.45587 23876.16893 21377.60386 20108.69593 21775.55925 22693.46345 22430.04411 22174.96235 22618.35966 22483.78298 21221.12982 21124.66879 20656.22873 18825.80272 20105.59473 18700.88677 19623.16078 20143.54614 19774.74271 19318.28972 18395.09257 17281.30045 
8792.150642 9440.513369 9591.621462 11197.16497 11522.27404 12476.94085 11751.82211 12032.20005 13064.3601 13143.16957 12159.59597 12293.05247 12540.3496 10988.08197 11492.93328 12070.9411 12922.86386 13534.53299 12529.34601 11028.06531 11702.46988 14646.12765 13645.15029 13304.55194 13222.95108 14899.84931 14741.65184 13480.35497 14902.48581 13682.8027 14398.04427 14071.7027 13220.7795 9102.933986 7835.462939 7125.539327 7677.03672 7438.497997 5923.344557 6962.891188 7338.416676 7586.174486 6432.05074 7668.081633 7098.315169 7096.338575 6918.270106 7831.869036 7073.828038 7417.401228 7608.653055 6447.347466 6733.925084 7174.576815 7235.672153 6542.744468 7334.394134 6337.313124 7482.784898 6226.305572 8249.484348 8256.136183 7301.713606 6954.475104 6041.900211 7967.613783 8748.494792 14325.8554 14627.31873 15564.81856 15120.77381 14409.41231 12744.04644 14210.01897 13294.86556 13408.22738 14513.67984 14670.80593 13097.57235 16014.82029 13686.84869 12709.96567 13912.80142 13277.38325 12895.54439 13343.96422 13764.45481 12556.3465 12622.0136 11940.43784 14042.25817 12878.11964 12620.08981 12265.96284 11929.19513 12674.58324 12318.831 13242.89944 12556.79306 9967.953174 
3815.480423 4447.366708 5367.275498 4873.08964 5569.5011 5151.331586 5294.647079 5940.029723 4944.874962 6194.041174 6290.712333 6039.017546 5736.971389 5417.607091 6739.595545 5881.710663 4981.628172 5558.311526 6473.328894 6821.101431 6758.834193 7718.618625 6060.734917 6795.146822 6070.576643 6757.96928 6490.638079 7268.627631 7537.655407 6565.566238 6363.548845 4831.414643 6132.26223 6772.072321 7286.35784 6949.858981 7224.716085 6620.446212 6824.674484 6511.852373 7379.708955 7764.919502 7030.795917 5862.826525 6719.61087 6609.544167 6989.649146 6143.443164 7046.356575 7361.557285 6827.340272 7279.101524 6634.043254 6732.182655 7347.45041 6193.676519 6389.831156 5768.590366 6726.6479 6899.846037 6983.244457 8750.418894 7426.757932 5557.995075 5572.039657 6825.788544 6019.969205 6523.292171 7139.048228 7710.87671 7150.00684 7472.091028 6792.229461 6790.7127 6806.44969 6398.115431 5857.162599 6535.60954 6272.776428 7267.599622 6457.619815 6757.334454 6864.836693 6138.323849 7297.344967 5232.833203 7133.084507 7456.750006 6508.147755 6884.66783 6151.258228 5424.480641 6447.425145 5475.036508 5258.139977 6829.025736 6295.683531 5191.970253 5474.980699 5383.701087 
1123.117655 1535.021718 1144.372842 1372.805187 1839.809688 1170.42836 1524.323998 1838.323035 1715.866781 1747.712484 1769.938389 1350.726484 1249.605999 1526.066374 1405.68774 2342.582385 1441.707988 1184.216219 1833.372126 1499.009943 2073.798105 1534.695121 1559.92514 1842.435914 2006.90957 1722.1262 1460.060844 2057.29766 1740.596196 1602.7167 1380.671379 1816.33665 2032.126139 1218.742582 2099.452964 2082.147953 1371.2792 2382.674051 1723.430084 1625.137512 2054.554103 1629.566029 1582.856313 1835.375038 1564.729094 2763.2113 1471.295495 2055.876526 1846.608901 1853.159337 1743.774817 2181.499869 1852.812339 1781.137208 1666.99266 2050.591032 2120.677309 1921.331882 2087.727799 1642.885593 1498.181637 2081.938039 2017.291068 1819.788803 1908.32086 1807.706625 2551.520514 2222.789708 2008.699903 1804.714723 2250.297493 2145.513692 1628.066042 1601.921424 1886.823519 1838.336503 1688.519131 2335.169959 2301.059379 1808.875636 1689.005759 1811.916263 2042.725022 1966.819547 1657.411732 2157.819614 1992.320746 2269.853606 1647.717429 1438.784953 1122.956877 1667.473047 1512.039459 1806.82599 1823.125625 1790.417383 1673.278583 1616.536558 1445.783203 1701.805318 
141.7343095 69.25725939 189.4720321 178.3417584 144.9919551 289.4628494 94.87723481 97.87625877 69.11774684 174.7822767 225.689186 187.8684224 78.08716081 138.5866399 92.7678654 141.3944651 141.799087 143.6856487 90.26550219 169.4474315 180.4185718 192.6116566 230.5446977 287.7497678 69.35604695 163.3558998 212.4217759 184.9232034 139.6966538 147.8235373 224.6236174 257.4118052 116.4626596 275.2817525 208.4844918 126.0885743 128.0952335 85.26200327 246.9866768 422.9876056 284.9132096 91.15382926 350.1415894 97.63992938 281.6943392 344.0525703 312.4681601 121.3476385 153.695786 192.5576414 190.0332348 171.1596332 65.36394752 157.3875829 168.1182194 175.3210487 88.77718863 80.77596449 234.851434 165.3973074 330.0578476 148.9812173 142.5763484 210.64649 206.3410866 147.1701355 128.4308667 240.097058 225.4485435 132.5726991 219.0075165 222.6694405 458.7694975 119.4010258 120.3892469 71.2401025 204.2022544 156.1356191 89.58748866 160.1796889 341.2774765 108.0067974 90.30045401 282.6562706 98.33649772 204.6685984 205.5149743 141.6584223 234.7401927 214.8564579 320.1916946 198.5921644 180.8753172 196.0315674 207.0257985 150.8211548 238.6598559 191.3292933 146.6412727 134.5130288 
0 0 0 0 0 0 0 0 0 0 0 0 0 0 0 0 0 0 0 0 0 0 0 0 0 0 0 0 0 0 0 0 0 0 0 0 0 0 0 0 0 0 0 0 0 0 0 0 0 0 0 0 0 0 0.06487841718 0 0 0 0 0 0 0 0 0 0 0 0 0 0 0 0 0 0 0 0 0 0 0 0 0 0 0 0 0 0 0 0 0 0 0 0 0 0 0 0 0 0 0 0 0 
0 0 0 0 0 0 0 0 0 0 0 0 0 0 0 0 0 0 0 0 0 0 0 0 0 0 0 0 0 0 0 0 0 0 0 0 0 0 0 0 0 0 0 0 0 0 0 0 0 0 0 0 0 0 0 0 0 0 0 0 0 0 0 0 0 0 0 0 0 0 0 0 0 0 0 0 0 0 0 0 0 0 0 0 0 0 0 0 0 0 0 0 0 0 0 0 0 0 0 0 
0 0 0 0 0 0 0 0 0 0 0 0 0 0 0 0 0 0 0 0 0 0 0 0 0 0 0 0 0 0 0 0 0 0 0 0 0 0 0 0 0 0 0 0 0 0 0 0 0 0 0 0 0 0 0 0 0 0 0 0 0 0 0 0 0 0 0 0 0 0 0 0 0 0 0 0 0 0 0 0 0 0 0 0 0 0 0 0 0 0 0 0 0 0 0 0 0 0 0 0 
0 0 0 0 0 0 0 0 0 0 0 0 0 0 0 0 0 0 0 0 0 0 0 0 0 0 0 0 0 0 0 0 0 0 0 0 0 0 0 0 0 0 0 0 0 0 0 0 0 0 0 0 0 0 0 0 0 0 0 0 0 0 0 0 0 0 0 0 0 0 0 0 0 0 0 0 0 0 0 0 0 0 0 0 0 0 0 0 0 0 0 0 0 0 0 0 0 0 0 0 
0 0 0 0 0 0 0 0 0 0 0 0 0 0 0 0 0 0 0 0 0 0 0 0 0 0 0 0 0 0 0 0 0 0 0 0 0 0 0 0 0 0 0 0 0 0 0 0 0 0 0 0 0 0 0 0 0 0 0 0 0 0 0 0 0 0 0 0 0 0 0 0 0 0 0 0 0 0 0 0 0 0 0 0 0 0 0 0 0 0 0 0 0 0 0 0 0 0 0 0 
0 0 0 0 0 0 0 0 0 0 0 0 0 0 0 0 0 0 0 0 0 0 0 0 0 0 0 0 0 0 0 0 0 0 0 0 0 0 0 0 0 0 0 0 0 0 0 0 0 0 0 0 0 0 0 0 0 0 0 0 0 0 0 0 0 0 0 0 0 0 0 0 0 0 0 0 0 0 0 0 0 0 0 0 0 0 0 0 0 0 0 0 0 0 0 0 0 0 0 0 
0 0 0 0 0 0 0 0 0 0 0 0 0 0 0 0 0 0 0 0 0 0 0 0 0 0 0 0 0 0 0 0 0 0 0 0 0 0 0 0 0 0 0 0 0 0 0 0 0 0 0 0 0 0 0 0 0 0 0 0 0 0 0 0 0 0 0 0 0 0 0 0 0 0 0 0 0 0 0 0 0 0 0 0 0 0 0 0 0 0 0 0 0 0 0 0 0 0 0 0 
0 0 0 0 0 0 0 0 0 0 0 0 0 0 0 0 0 0 0 0 0 0 0 0 0 0 0 0 0 0 0 0 0 0 0 0 0 0 0 0 0 0 0 0 0 0 0 0 0 0 0 0 0 0 0 0 0 0 0 0 0 0 0 0 0 0 0 0 0 0 0 0 0 0 0 0 0 0 0 0 0 0 0 0 0 0 0 0 0 0 0 0 0 0 0 0 0 0 0 0 
0 0 0 0 0 0 0 0 0 0 0 0 0 0 0 0 0 0 0 0 0 0 0 0 0 0 0 0 0 0 0 0 0 0 0 0 0 0 0 0 0 0 0 0 0 0 0 0 0 0 0 0 0 0 0 0 0 0 0 0 0 0 0 0 0 0 0 0 0 0 0 0 0 0 0 0 0 0 0 0 0 0 0 0 0 0 0 0 0 0 0 0 0 0 0 0 0 0 0 0 
0 0 0 0 0 0 0 0 0 0 0 0 0 0 0 0 0 0 0 0 0 0 0 0 0 0 0 0 0 0 0 0 0 0 0 0 0 0 0 0 0 0 0 0 0 0 0 0 0 0 0 0 0 0 0 0 0 0 0 0 0 0 0 0 0 0 0 0 0 0 0 0 0 0 0 0 0 0 0 0 0 0 0 0 0 0 0 0 0 0 0 0 0 0 0 0 0 0 0 0 
0 0 0 0 0 0 0 0 0 0 0 0 0 0 0 0 0 0 0 0 0 0 0 0 0 0 0 0 0 0 0 0 0 0 0 0 0 0 0 0 0 0 0 0 0 0 0 0 0 0 0 0 0 0 0 0 0 0 0 0 0 0 0 0 0 0 0 0 0 0 0 0 0 0 0 0 0 0 0 0 0 0 0 0 0 0 0 0 0 0 0 0 0 0 0 0 0 0 0 0 
0 0 0 0 0 0 0 0 0 0 0 0 0 0 0 0 0 0 0 0 0 0 0 0 0 0 0 0 0 0 0 0 0 0 0 0 0 0 0 0 0 0 0 0 0 0 0 0 0 0 0 0 0 0 0 0 0 0 0 0 0 0 0 0 0 0 0 0 0 0 0 0 0 0 0 0 0 0 0 0 0 0 0 0 0 0 0 0 0 0 0 0 0 0 0 0 0 0 0 0 
0 0 0 0 0 0 0 0 0 0 0 0 0 0 0 0 0 0 0 0 0 0 0 0 0 0 0 0 0 0 0 0 0 0 0 0 0 0 0 0 0 0 0 0 0 0 0 0 0 0 0 0 0 0 0 0 0 0 0 0 0 0 0 0 0 0 0 0 0 0 0 0 0 0 0 0 0 0 0 0 0 0 0 0 0 0 0 0 0 0 0 0 0 0 0 0 0 0 0 0 
0 0 0 0 0 0 0 0 0 0 0 0 0 0 0 0 0 0 0 0 0 0 0 0 0 0 0 0 0 0 0 0 0 0 0 0 0 0 0 0 0 0 0 0 0 0 0 0 0 0 0 0 0 0 0 0 0 0 0 0 0 0 0 0 0 0 0 0 0 0 0 0 0 0 0 0 0 0 0 0 0 0 0 0 0 0 0 0 0 0 0 0 0 0 0 0 0 0 0 0 
0 0 0 0 0 0 0 0 0 0 0 0 0 0 0 0 0 0 0 0 0 0 0 0 0 0 0 0 0 0 0 0 0 0 0 0 0 0 0 0 0 0 0 0 0 0 0 0 0 0 0 0 0 0 0 0 0 0 0 0 0 0 0 0 0 0 0 0 0 0 0 0 0 0 0 0 0 0 0 0 0 0 0 0 0 0 0 0 0 0 0 0 0 0 0 0 0 0 0 0 
0 0 0 0 0 0 0 0 0 0 0 0 0 0 0 0 0 0 0 0 0 0 0 0 0 0 0 0 0 0 0 0 0 0 0 0 0 0 0 0 0 0 0 0 0 0 0 0 0 0 0 0 0 0 0 0 0 0 0 0 0 0 0 0 0 0 0 0 0 0 0 0 0 0 0 0 0 0 0 0 0 0 0 0 0 0 0 0 0 0 0 0 0 0 0 0 0 0 0 0 
0 0 0 0 0 0 0 0 0 0 0 0 0 0 0 0 0 0 0 0 0 0 0 0 0 0 0 0 0 0 0 0 0 0 0 0 0 0 0 0 0 0 0 0 0 0 0 0 0 0 0 0 0 0 0 0 0 0 0 0 0 0 0 0 0 0 0 0 0 0 0 0 0 0 0 0 0 0 0 0 0 0 0 0 0 0 0 0 0 0 0 0 0 0 0 0 0 0 0 0 
0 0 0 0 0 0 0 0 0 0 0 0 0 0 0 0 0 0 0 0 0 0 0 0 0 0 0 0 0 0 0 0 0 0 0 0 0 0 0 0 0 0 0 0 0 0 0 0 0 0 0 0 0 0 0 0 0 0 0 0 0 0 0 0 0 0 0 0 0 0 0 0 0 0 0 0 0 0 0 0 0 0 0 0 0 0 0 0 0 0 0 0 0 0 0 0 0 0 0 0 
0 0 0 0 0 0 0 0 0 0 0 0 0 0 0 0 0 0 0 0 0 0 0 0 0 0 0 0 0 0 0 0 0 0 0 0 0 0 0 0 0 0 0 0 0 0 0 0 0 0 0 0 0 0 0 0 0 0 0 0 0 0 0 0 0 0 0 0 0 0 0 0 0 0 0 0 0 0 0 0 0 0 0 0 0 0 0 0 0 0 0 0 0 0 0 0 0 0 0 0 
0 0 0 0 0 0 0 0 0 0 0 0 0 0 0 0 0 0 0 0 0 0 0 0 0 0 0 0 0 0 0 0 0 0 0 0 0 0 0 0 0 0 0 0 0 0 0 0 0 0 0 0 0 0 0 0 0 0 0 0 0 0 0 0 0 0 0 0 0 0 0 0 0 0 0 0 0 0 0 0 0 0 0 0 0 0 0 0 0 0 0 0 0 0 0 0 0 0 0 0 
0 0 0 0 0 0 0 0 0 0 0 0 0 0 0 0 0 0 0 0 0 0 0 0 0 0 0 0 0 0 0 0 0 0 0 0 0 0 0 0 0 0 0 0 0 0 0 0 0 0 0 0 0 0 0 0 0 0 0 0 0 0 0 0 0 0 0 0 0 0 0 0 0 0 0 0 0 0 0 0 0 0 0 0 0 0 0 0 0 0 0 0 0 0 0 0 0 0 0 0 
0 0 0 0 0 0 0 0 0 0 0 0 0 0 0 0 0 0 0 0 0 0 0 0 0 0 0 0 0 0 0 0 0 0 0 0 0 0 0 0 0 0 0 0 0 0 0 0 0 0 0 0 0 0 0 0 0 0 0 0 0 0 0 0 0 0 0 0 0 0 0 0 0 0 0 0 0 0 0 0 0 0 0 0 0 0 0 0 0 0 0 0 0 0 0 0 0 0 0 0 
0 0 0 0 0 0 0 0 0 0 0 0 0 0 0 0 0 0 0 0 0 0 0 0 0 0 0 0 0 0 0 0 0 0 0 0 0 0 0 0 0 0 0 0 0 0 0 0 0 0 0 0 0 0 0 0 0 0 0 0 0 0 0 0 0 0 0 0 0 0 0 0 0 0 0 0 0 0 0 0 0 0 0 0 0 0 0 0 0 0 0 0 0 0 0 0 0 0 0 0 
0 0 0 0 0 0 0 0 0 0 0 0 0 0 0 0 0 0 0 0 0 0 0 0 0 0 0 0 0 0 0 0 0 0 0 0 0 0 0 0 0 0 0 0 0 0 0 0 0 0 0 0 0 0 0 0 0 0 0 0 0 0 0 0 0 0 0 0 0 0 0 0 0 0 0 0 0 0 0 0 0 0 0 0 0 0 0 0 0 0 0 0 0 0 0 0 0 0 0 0 
0 0 0 0 0 0 0 0 0 0 0 0 0 0 0 0 0 0 0 0 0 0 0 0 0 0 0 0 0 0 0 0 0 0 0 0 0 0 0 0 0 0 0 0 0 0 0 0 0 0 0 0 0 0 0 0 0 0 0 0 0 0 0 0 0 0 0 0 0 0 0 0 0 0 0 0 0 0 0 0 0 0 0 0 0 0 0 0 0 0 0 0 0 0 0 0 0 0 0 0 
0 0 0 0 0 0 0 0 0 0 0 0 0 0 0 0 0 0 0 0 0 0 0 0 0 0 0 0 0 0 0 0 0 0 0 0 0 0 0 0 0 0 0 0 0 0 0 0 0 0 0 0 0 0 0 0 0 0 0 0 0 0 0 0 0 0 0 0 0 0 0 0 0 0 0 0 0 0 0 0 0 0 0 0 0 0 0 0 0 0 0 0 0 0 0 0 0 0 0 0 
0 0 0 0 0 0 0 0 0 0 0 0 0 0 0 0 0 0 0 0 0 0 0 0 0 0 0 0 0 0 0 0 0 0 0 0 0 0 0 0 0 0 0 0 0 0 0 0 0 0 0 0 0 0 0 0 0 0 0 0 0 0 0 0 0 0 0 0 0 0 0 0 0 0 0 0 0 0 0 0 0 0 0 0 0 0 0 0 0 0 0 0 0 0 0 0 0 0 0 0 
0 0 0 0 0 0 0 0 0 0 0 0 0 0 0 0 0 0 0 0 0 0 0 0 0 0 0 0 0 0 0 0 0 0 0 0 0 0 0 0 0 0 0 0 0 0 0 0 0 0 0 0 0 0 0 0 0 0 0 0 0 0 0 0 0 0 0 0 0 0 0 0 0 0 0 0 0 0 0 0 0 0 0 0 0 0 0 0 0 0 0 0 0 0 0 0 0 0 0 0 
0 0 0 0 0 0 0 0 0 0 0 0 0 0 0 0 0 0 0 0 0 0 0 0 0 0 0 0 0 0 0 0 0 0 0 0 0 0 0 0 0 0 0 0 0 0 0 0 0 0 0 0 0 0 0 0 0 0 0 0 0 0 0 0 0 0 0 0 0 0 0 0 0 0 0 0 0 0 0 0 0 0 0 0 0 0 0 0 0 0 0 0 0 0 0 0 0 0 0 0 
0 0 0 0 0 0 0 0 0 0 0 0 0 0 0 0 0 0 0 0 0 0 0 0 0 0 0 0 0 0 0 0 0 0 0 0 0 0 0 0 0 0 0 0 0 0 0 0 0 0 0 0 0 0 0 0 0 0 0 0 0 0 0 0 0 0 0 0 0 0 0 0 0 0 0 0 0 0 0 0 0 0 0 0 0 0 0 0 0 0 0 0 0 0 0 0 0 0 0 0 
0 0 0 0 0 0 0 0 0 0 0 0 0 0 0 0 0 0 0 0 0 0 0 0 0 0 0 0 0 0 0 0 0 0 0 0 0 0 0 0 0 0 0 0 0 0 0 0 0 0 0 0 0 0 0 0 0 0 0 0 0 0 0 0 0 0 0 0 0 0 0 0 0 0 0 0 0 0 0 0 0 0 0 0 0 0 0 0 0 0 0 0 0 0 0 0 0 0 0 0 
0 0 0 0 0 0 0 0 0 0 0 0 0 0 0 0 0 0 0 0 0 0 0 0 0 0 0 0 0 0 0 0 0 0 0 0 0 0 0 0 0 0 0 0 0 0 0 0 0 0 0 0 0 0 0 0 0 0 0 0 0 0 0 0 0 0 0 0 0 0 0 0 0 0 0 0 0 0 0 0 0 0 0 0 0 0 0 0 0 0 0 0 0 0 0 0 0 0 0 0 
0 0 0 0 0 0 0 0 0 0 0 0 0 0 0 0 0 0 0 0 0 0 0 0 0 0 0 0 0 0 0 0 0 0 0 0 0 0 0 0 0 0 0 0 0 0 0 0 0 0 0 0 0 0 0 0 0 0 0 0 0 0 0 0 0 0 0 0 0 0 0 0 0 0 0 0 0 0 0 0 0 0 0 0 0 0 0 0 0 0 0 0 0 0 0 0 0 0 0 0 
0 0 0 0 0 0 0 0 0 0 0 0 0 0 0 0 0 0 0 0 0 0 0 0 0 0 0 0 0 0 0 0 0 0 0 0 0 0 0 0 0 0 0 0 0 0 0 0 0 0 0 0 0 0 0 0 0 0 0 0 0 0 0 0 0 0 0 0 0 0 0 0 0 0 0 0 0 0 0 0 0 0 0 0 0 0 0 0 0 0 0 0 0 0 0 0 0 0 0 0 
0 0 0 0 0 0 0 0 0 0 0 0 0 0 0 0 0 0 0 0 0 0 0 0 0 0 0 0 0 0 0 0 0 0 0 0 0 0 0 0 0 0 0 0 0 0 0 0 0 0 0 0 0 0 0 0 0 0 0 0 0 0 0 0 0 0 0 0 0 0 0 0 0 0 0 0 0 0 0 0 0 0 0 0 0 0 0 0 0 0 0 0 0 0 0 0 0 0 0 0 
0 0 0 0 0 0 0 0 0 0 0 0 0 0 0 0 0 0 0 0 0 0 0 0 0 0 0 0 0 0 0 0 0 0 0 0 0 0 0 0 0 0 0 0 0 0 0 0 0 0 0 0 0 0 0 0 0 0 0 0 0 0 0 0 0 0 0 0 0 0 0 0 0 0 0 0 0 0 0 0 0 0 0 0 0 0 0 0 0 0 0 0 0 0 0 0 0 0 0 0 
0 0 0 0 0 0 0 0 0 0 0 0 0 0 0 0 0 0 0 0 0 0 0 0 0 0 0 0 0 0 0 0 0 0 0 0 0 0 0 0 0 0 0 0 0 0 0 0 0 0 0 0 0 0 0 0 0 0 0 0 0 0 0 0 0 0 0 0 0 0 0 0 0 0 0 0 0 0 0 0 0 0 0 0 0 0 0 0 0 0 0 0 0 0 0 0 0 0 0 0 
0 0 0 0 0 0 0 0 0 0 0 0 0 0 0 0 0 0 0 0 0 0 0 0 0 0 0 0 0 0 0 0 0 0 0 0 0 0 0 0 0 0 0 0 0 0 0 0 0 0 0 0 0 0 0 0 0 0 0 0 0 0 0 0 0 0 0 0 0 0 0 0 0 0 0 0 0 0 0 0 0 0 0 0 0 0 0 0 0 0 0 0 0 0 0 0 0 0 0 0 
# Errors [sample_flux_after_unscattered/sample_flux_after_unscattered.dat] I_err:
0 0 0 0 0 0 0 0 0 0 0 0 0 0 0 0 0 0 0 0 0 0 0 0 0 0 0 0 0 0 0 0 0 0 0 0 0 0 0 0 0 0 0 0 0 0 0 0 0 0 0 0 0 0 0 0 0 0 0 0 0 0 0 0 0 0 0 0 0 0 0 0 0 0 0 0 0 0 0 0 0 0 0 0 0 0 0 0 0 0 0 0 0 0 0 0 0 0 0 0 
0 0 0 0 0 0 0 0 0 0 0 0 0 0 0 0 0 0 0 0 0 0 0 0 0 0 0 0 0 0 0 0 0 0 0 0 0 0 0 0 0 0 0 0 0 0 0 0 0 0 0 0 0 0 0 0 0 0 0 0 0 0 0 0 0 0 0 0 0 0 0 0 0 0 0 0 0 0 0 0 0 0 0 0 0 0 0 0 0 0 0 0 0 0 0 0 0 0 0 0 
0 0 0 0 0 0 0 0 0 0 0 0 0 0 0 0 0 0 0 0 0 0 0 0 0 0 0 0 0 0 0 0 0 0 0 0 0 0 0 0 0 0 0 0 0 0 0 0 0 0 0 0 0 0 0 0 0 0 0 0 0 0 0 0 0 0 0 0 0 0 0 0 0 0 0 0 0 0 0 0 0 0 0 0 0 0 0 0 0 0 0 0 0 0 0 0 0 0 0 0 
0 0 0 0 0 0 0 0 0 0 0 0 0 0 0 0 0 0 0 0 0 0 0 0 0 0 0 0 0 0 0 0 0 0 0 0 0 0 0 0 0 0 0 0 0 0 0 0 0 0 0 0 0 0 0 0 0 0 0 0 0 0 0 0 0 0 0 0 0 0 0 0 0 0 0 0 0 0 0 0 0 0 0 0 0 0 0 0 0 0 0 0 0 0 0 0 0 0 0 0 
0 0 0 0 0 0 0 0 0 0 0 0 0 0 0 0 0 0 0 0 0 0 0 0 0 0 0 0 0 0 0 0 0 0 0 0 0 0 0 0 0 0 0 0 0 0 0 0 0 0 0 0 0 0 0 0 0 0 0 0 0 0 0 0 0 0 0 0 0 0 0 0 0 0 0 0 0 0 0 0 0 0 0 0 0 0 0 0 0 0 0 0 0 0 0 0 0 0 0 0 
0 0 0 0 0 0 0 0 0 0 0 0 0 0 0 0 0 0 0 0 0 0 0 0 0 0 0 0 0 0 0 0 0 0 0 0 0 0 0 0 0 0 0 0 0 0 0 0 0 0 0 0 0 0 0 0 0 0 0 0 0 0 0 0 0 0 0 0 0 0 0 0 0 0 0 0 0 0 0 0 0 0 0 0 0 0 0 0 0 0 0 0 0 0 0 0 0 0 0 0 
0 0 0 0 0 0 0 0 0 0 0 0 0 0 0 0 0 0 0 0 0 0 0 0 0 0 0 0 0 0 0 0 0 0 0 0 0 0 0 0 0 0 0 0 0 0 0 0 0 0 0 0 0 0 0 0 0 0 0 0 0 0 0 0 0 0 0 0 0 0 0 0 0 0 0 0 0 0 0 0 0 0 0 0 0 0 0 0 0 0 0 0 0 0 0 0 0 0 0 0 
0 0 0 0 0 0 0 0 0 0 0 0 0 0 0 0 0 0 0 0 0 0 0 0 0 0 0 0 0 0 0 0 0 0 0 0 0 0 0 0 0 0 0 0 0 0 0 0 0 0 0 0 0 0 0 0 0 0 0 0 0 0 0 0 0 0 0 0 0 0 0 0 0 0 0 0 0 0 0 0 0 0 0 0 0 0 0 0 0 0 0 0 0 0 0 0 0 0 0 0 
0 0 0 0 0 0 0 0 0 0 0 0 0 0 0 0 0 0 0 0 0 0 0 0 0 0 0 0 0 0 0 0 0 0 0 0 0 0 0 0 0 0 0 0 0 0 0 0 0 0 0 0 0 0 0 0 0 0 0 0 0 0 0 0 0 0 0 0 0 0 0 0 0 0 0 0 0 0 0 0 0 0 0 0 0 0 0 0 0 0 0 0 0 0 0 0 0 0 0 0 
0 0 0 0 0 0 0 0 0 0 0 0 0 0 0 0 0 0 0 0 0 0 0 0 0 0 0 0 0 0 0 0 0 0 0 0 0 0 0 0 0 0 0 0 0 0 0 0 0 0 0 0 0 0 0 0 0 0 0 0 0 0 0 0 0 0 0 0 0 0 0 0 0 0 0 0 0 0 0 0 0 0 0 0 0 0 0 0 0 0 0 0 0 0 0 0 0 0 0 0 
0 0 0 0 0 0 0 0 0 0 0 0 0 0 0 0 0 0 0 0 0 0 0 0 0 0 0 0 0 0 0 0 0 0 0 0 0 0 0 0 0 0 0 0 0 0 0 0 0 0 0 0 0 0 0 0 0 0 0 0 0 0 0 0 0 0 0 0 0 0 0 0 0 0 0 0 0 0 0 0 0 0 0 0 0 0 0 0 0 0 0 0 0 0 0 0 0 0 0 0 
0 0 0 0 0 0 0 0 0 0 0 0 0 0 0 0 0 0 0 0 0 0 0 0 0 0 0 0 0 0 0 0 0 0 0 0 0 0 0 0 0 0 0 0 0 0 0 0 0 0 0 0 0 0 0 0 0 0 0 0 0 0 0 0 0 0 0 0 0 0 0 0 0 0 0 0 0 0 0 0 0 0 0 0 0 0 0 0 0 0 0 0 0 0 0 0 0 0 0 0 
0 0 0 0 0 0 0 0 0 0 0 0 0 0 0 0 0 0 0 0 0 0 0 0 0 0 0 0 0 0 0 0 0 0 0 0 0 0 0 0 0 0 0 0 0 0 0 0 0 0 0 0 0 0 0 0 0 0 0 0 0 0 0 0 0 0 0 0 0 0 0 0 0 0 0 0 0 0 0 0 0 0 0 0 0 0 0 0 0 0 0 0 0 0 0 0 0 0 0 0 
0 0 0 0 0 0 0 0 0 0 0 0 0 0 0 0 0 0 0 0 0 0 0 0 0 0 0 0 0 0 0 0 0 0 0 0 0 0 0 0 0 0 0 0 0 0 0 0 0 0 0 0 0 0 0 0 0 0 0 0 0 0 0 0 0 0 0 0 0 0 0 0 0 0 0 0 0 0 0 0 0 0 0 0 0 0 0 0 0 0 0 0 0 0 0 0 0 0 0 0 
0 0 0 0 0 0 0 0 0 0 0 0 0 0 0 0 0 0 0 0 0 0 0 0 0 0 0 0 0 0 0 0 0 0 0 0 0 0 0 0 0 0 0 0 0 0 0 0 0 0 0 0 0 0 0 0 0 0 0 0 0 0 0 0 0 0 0 0 0 0 0 0 0 0 0 0 0 0 0 0 0 0 0 0 0 0 0 0 0 0 0 0 0 0 0 0 0 0 0 0 
0 0 0 0 0 0 0 0 0 0 0 0 0 0 0 0 0 0 0 0 0 0 0 0 0 0 0 0 0 0 0 0 0 0 0 0 0 0 0 0 0 0 0 0 0 0 0 0 0 0 0 0 0 0 0 0 0 0 0 0 0 0 0 0 0 0 0 0 0 0 0 0 0 0 0 0 0 0 0 0 0 0 0 0 0 0 0 0 0 0 0 0 0 0 0 0 0 0 0 0 
0 0 0 0 0 0 0 0 0 0 0 0 0 0 0 0 0 0 0 0 0 0 0 0 0 0 0 0 0 0 0 0 0 0 0 0 0 0 0 0 0 0 0 0 0 0 0 0 0 0 0 0 0 0 0 0 0 0 0 0 0 0 0 0 0 0 0 0 0 0 0 0 0 0 0 0 0 0 0 0 0 0 0 0 0 0 0 0 0 0 0 0 0 0 0 0 0 0 0 0 
0 0 0 0 0 0 0 0 0 0 0 0 0 0 0 0 0 0 0 0 0 0 0 0 0 0 0 0 0 0 0 0 0 0 0 0 0 0 0 0 0 0 0 0 0 0 0 0 0 0 0 0 0 0 0 0 0 0 0 0 0 0 0 0 0 0 0 0 0 0 0 0 0 0 0 0 0 0 0 0 0 0 0 0 0 0 0 0 0 0 0 0 0 0 0 0 0 0 0 0 
0 0 0 0 0 0 0 0 0 0 0 0 0 0 0 0 0 0 0 0 0 0 0 0 0 0 0 0 0 0 0 0 0 0 0 0 0 0 0 0 0 0 0 0 0 0 0 0 0 0 0 0 0 0 0 0 0 0 0 0 0 0 0 0 0 0 0 0 0 0 0 0 0 0 0 0 0 0 0 0 0 0 0 0 0 0 0 0 0 0 0 0 0 0 0 0 0 0 0 0 
0 0 0 0 0 0 0 0 0 0 0 0 0 0 0 0 0 0 0 0 0 0 0 0 0 0 0 0 0 0 0 0 0 0 0 0 0 0 0 0 0 0 0 0 0 0 0 0 0 0 0 0 0 0 0 0 0 0 0 0 0 0 0 0 0 0 0 0 0 0 0 0 0 0 0 0 0 0 0 0 0 0 0 0 0 0 0 0 0 0 0 0 0 0 0 0 0 0 0 0 
0 0 0 0 0 0 0 0 0 0 0 0 0 0 0 0 0 0 0 0 0 0 0 0 0 0 0 0 0 0 0 0 0 0 0 0 0 0 0 0 0 0 0 0 0 0 0 0 0 0 0 0 0 0 0 0 0 0 0 0 0 0 0 0 0 0 0 0 0 0 0 0 0 0 0 0 0 0 0 0 0 0 0 0 0 0 0 0 0 0 0 0 0 0 0 0 0 0 0 0 
0 0 0 0 0 0 0 0 0 0 0 0 0 0 0 0 0 0 0 0 0 0 0 0 0 0 0 0 0 0 0 0 0 0 0 0 0 0 0 0 0 0 0 0 0 0 0 0 0 0 0 0 0 0 0 0 0 0 0 0 0 0 0 0 0 0 0 0 0 0 0 0 0 0 0 0 0 0 0 0 0 0 0 0 0 0 0 0 0 0 0 0 0 0 0 0 0 0 0 0 
0 0 0 0 0 0 0 0 0 0 0 0 0 0 0 0 0 0 0 0 0 0 0 0 0 0 0 0 0 0 0 0 0 0 0 0 0 0 0 0 0 0 0 0 0 0 0 0 0 0 0 0 0 0 0 0 0 0 0 0 0 0 0 0 0 0 0 0 0 0 0 0 0 0 0 0 0 0 0 0 0 0 0 0 0 0 0 0 0 0 0 0 0 0 0 0 0 0 0 0 
0 0 0 0 0 0 0 0 0 0 0 0 0 0 0 0 0 0 0 0 0 0 0 0 0 0 0 0 0 0 0 0 0 0 0 0 0 0 0 0 0 0 0 0 0 0 0 0 0 0 0 0 0 0 0 0 0 0 0 0 0 0 0 0 0 0 0 0 0 0 0 0 0 0 0 0 0 0 0 0 0 0 0 0 0 0 0 0 0 0 0 0 0 0 0 0 0 0 0 0 
0 0 0 0 0 0 0 0 0 0 0 0 0 0 0 0 0 0 0 0 0 0 0 0 0 0 0 0 0 0 0 0 0 0 0 0 0 0 0 0 0 0 0 0 0 0 0 0 0 0 0 0 0 0 0 0 0 0 0 0 0 0 0 0 0 0 0 0 0 0 0 0 0 0 0 0 0 0 0 0 0 0 0 0 0 0 0 0 0 0 0 0 0 0 0 0 0 0 0 0 
0 0 0 0 0 0 0 0 0 0 0 0 0 0 0 0 0 0 0 0 0 0 0 0 0 0 0 0 0 0 0 0 0 0 0 0 0 0 0 0 0 0 0 0 0 0 0 0 0 0 0 0 0 0 0 0 0 0 0 0 0 0 0 0 0 0 0 0 0 0 0 0 0 0 0 0 0 0 0 0 0 0 0 0 0 0 0 0 0 0 0 0 0 0 0 0 0 0 0 0 
0 0 0 0 0 0 0 0 0 0 0 0 0 0 0 0 0 0 0 0 0 0 0 0 0 0 0 0 0 0 0 0 0 0 0 0 0 0 0 0 0 0 0 0 0 0 0 0 0 0 0 0 0 0 0 0 0 0 0 0 0 0 0 0 0 0 0 0 0 0 0 0 0 0 0 0 0 0 0 0 0 0 0 0 0 0 0 0 0 0 0 0 0 0 0 0 0 0 0 0 
0 0 0 0 0 0 0 0 0 0 0 0 0 0 0 0 0 0 0 0 0 0 0 0 0 0 0 0 0 0 0 0 0 0 0 0 0 0 0 0 0 0 0 0 0 0 0 0 0 0 0 0 0 0 0 0 0 0 0 0 0 0 0 0 0 0 0 0 0 0 0 0 0 0 0 0 0 0 0 0 0 0 0 0 0 0 0 0 0 0 0 0 0 0 0 0 0 0 0 0 
0 0 0 0 0 0 0 0 0 0 0 0 0 0 0 0 0 0 0 0 0 0 0 0 0 0 0 0 0 0 0 0 0 0 0 0 0 0 0 0 0 0 0 0 0 0 0 0 0 0 0 0 0 0 0 0 0 0 0 0 0 0 0 0 0 0 0 0 0 0 0 0 0 0 0 0 0 0 0 0 0 0 0 0 0 0 0 0 0 0 0 0 0 0 0 0 0 0 0 0 
0 0 0 0 0 0 0 0 0 0 0 0 0 0 0 0 0 0 0 0 0 0 0 0 0 0 0 0 0 0 0 0 0 0 0 0 0 0 0 0 0 0 0 0 0 0 0 0 0 0 0 0 0 0 0 0 0 0 0 0 0 0 0 0 0 0 0 0 0 0 0 0 0 0 0 0 0 0 0 0 0 0 0 0 0 0 0 0 0 0 0 0 0 0 0 0 0 0 0 0 
0 0 0 0 0 0 0 0 0 0 0 0 0 0 0 0 0 0 0 0 0 0 0 0 0 0 0 0 0 0 0 0 0 0 0 0 0 0 0 0 0 0 0 0 0 0 0 0 0 0 0 0 0 0 0 0 0 0 0 0 0 0 0 0 0 0 0 0 0 0 0 0 0 0 0 0 0 0 0 0 0 0 0 0 0 0 0 0 0 0 0 0 0 0 0 0 0 0 0 0 
0 0 0 0 0 0 0 0 0 0 0 0 0 0 0 0 0 0 0 0 0 0 0 0 0 0 0 0 0 0 0 0 0 0 0 0 0 0 0 0 0 0 0 0 0 0 0 0 0 0 0 0 0 0 0 0 0 0 0 0 0 0 0 0 0 0 0 0 0 0 0 0 0 0 0 0 0 0 0 0 0 0 0 0 0 0 0 0 0 0 0 0 0 0 0 0 0 0 0 0 
0 0 0 0 0 0 0 0 0 0 0 0 0 0 0 0 0 0 0 0 0 0 0 0 0 0 0 0 0 0 0 0 0 0 0 0 0 0 0 0 0 0 0 0 0 0 0 0 0 0 0 0 0 0 0 0 0 0 0 0 0 0 0 0 0 0 0 0 0 0 0 0 0 0 0 0 0 0 0 0 0 0 0 0 0 0 0 0 0 0 0 0 0 0 0 0 0 0 0 0 
0 0 0 0 0 0 0 0 0 0 0 0 0 0 0 0 0 0 0 0 0 0 0 0 0 0 0 0 0 0 0 0 0 0 0 0 0 0 0 0 0 0 0 0 0 0 0 0 0 0 0 0 0 0 0 0 0 0 0 0 0 0 0 0 0 0 0 0 0 0 0 0 0 0 0 0 0 0 0 0 0 0 0 0 0 0 0 0 0 0 0 0 0 0 0 0 0 0 0 0 
0 0 0 0 0 0 0 0 0 0 0 0 0 0 0 0 0 0 0 0 0 0 0 0 0 0 0 0 0 0 0 0 0 0 0 0 0 0 0 0 0 0 0 0 0 0 0 0 0 0 0 0 0 0 0 0 0 0 0 0 0 0 0 0 0 0 0 0 0 0 0 0 0 0 0 0 0 0 0 0 0 0 0 0 0 0 0 0 0 0 0 0 0 0 0 0 0 0 0 0 
0 0 0 0 0 0 0 0 0 0 0 0 0 0 0 0 0 0 0 0 0 0 0 0 0 0 0 0 0 0 0 0 0 0 0 0 0 0 0 0 0 0 0 0 0 0 0 0 0 0 0 0 0 0 0 0 0 0 0 0 0 0 0 0 0 0 0 0 0 0 0 0 0 0 0 0 0 0 0 0 0 0 0 0 0 0 0 0 0 0 0 0 0 0 0 0 0 0 0 0 
0 0 0 0 0 0 0 0 0 0 0 0 0 0 0 0 0 0 0 0 0 0 0 0 0 0 0 0 0 0 0 0 0 0 0 0 0 0 0 0 0 0 0 0 0 0 0 0 0 0 0 0 0 0 0 0 0 0 0 0 0 0 0 0 0 0 0 0 0 0 0 0 0 0 0 0 0 0 0 0 0 0 0 0 0 0 0 0 0 0 0 0 0 0 0 0 0 0 0 0 
0 0 0 0 0 0 0 0 0 0 0 0 0 0 0 0 0 0 0 0 0 0 0 0 0 0 0 0 0 0 0 0 0 0 0 0 0 0 0 0 0 0 0 0 0 0 0 0 0 0 0 0 0 0 0 0 0 0 0 0 0 0 0 0 0 0 0 0 0 0 0 0 0 0 0 0 0 0 0 0 0 0 0 0 0 0 0 0 0 0 0 0 0 0 0 0 0 0 0 0 
8.785130653 2.694168395 5.175323582 2.882379611 5.761032379 5.121667308 6.335517001 7.60483263 6.699973449 5.9230901 7.319908746 6.071023425 6.556026323 5.228831946 6.3921925 6.624057056 4.833486853 4.970065127 5.311205028 8.713053946 8.674459883 7.088557294 5.957841761 7.786395679 4.255871733 8.000033586 9.970984106 7.703795644 5.644983549 5.033741108 6.600035076 6.619529902 9.822721477 5.90415688 6.292675978 7.963470533 7.743312752 7.242601851 5.858884216 6.286216949 8.388858614 7.210544192 6.269825047 7.580436061 7.677291798 9.574926816 5.565318805 7.675350326 7.969991644 8.497090945 6.481387546 9.483486789 7.110328789 6.318813358 10.85748016 8.120814716 7.188872268 9.611172824 7.46038714 5.093492619 7.107888973 8.053317754 10.10212642 5.981571091 8.473392697 7.651173173 11.10946931 9.879837383 6.387006549 9.230978749 9.816764939 6.521598685 8.179002041 5.762081409 5.79683078 6.478077552 4.15864678 7.415185617 5.6383738 5.74291681 9.273266301 6.825587994 5.061114012 5.793915107 8.050247608 5.549969626 5.406898082 4.397675287 8.970798831 4.707512823 6.950592901 7.990354244 7.369611766 5.831456141 7.615210715 10.32458656 7.841648552 9.739508807 6.788079942 5.056254958 
24.98289916 20.91477149 23.63082034 21.64920399 23.52479507 23.95653082 25.7235064 26.98471539 26.35129574 27.90730668 30.02732955 25.29843326 23.41145776 25.17974883 28.18435983 26.33799422 24.39238162 23.77529111 21.2249636 28.84379888 24.77771201 25.29808436 27.10969355 28.60971233 29.72862353 28.31733817 27.69033416 28.00116926 22.71070919 23.02092654 29.93254156 26.49886797 25.27995773 26.62551575 26.38393974 27.95966069 24.66712647 28.55297792 32.93292927 28.44879199 25.78306218 26.38319118 26.38390423 26.1767933 24.43073778 31.2255071 29.14206867 29.83095591 29.96998552 29.88275034 29.77944785 28.17652326 27.75858489 30.43004865 29.1730472 29.58493324 30.26234 32.88067126 32.02112002 23.92541543 31.1403399 26.42763108 29.52571933 27.84413074 24.89804943 26.41534959 29.0250432 23.70019683 32.91327518 26.45743317 33.22172545 30.52722986 28.71451552 26.16391716 20.60489355 24.53933712 27.84192852 28.17104165 23.50154746 26.83788558 28.22067535 29.18653336 24.70122046 32.74666536 26.10035089 28.40750587 29.46216434 27.76745603 29.08023683 23.99248679 25.32121602 27.56848366 26.07472873 25.5339763 24.11076962 27.30149257 26.02608373 26.19047887 20.74573514 22.46712297 
54.20573372 45.18741237 58.49390438 52.28005518 54.23628546 52.49770058 57.94735152 57.44780867 53.64938946 57.62615832 60.20320987 56.15991215 57.90327055 64.45706406 56.03214259 53.07791719 58.71166471 57.46317739 60.4247834 59.47130154 60.07586089 59.76921216 58.28505506 55.23832805 60.90985621 60.39292609 59.07473707 57.38072867 63.58039679 65.09830855 56.87634574 61.78381484 59.68436725 60.83776057 60.64626752 61.13360744 62.47108491 62.70601532 61.72494541 57.74103333 61.6599016 64.56222732 63.41352531 51.7350256 64.26292028 59.9986682 53.74823534 62.43435458 59.86971803 59.74785623 64.62006802 62.72826146 59.95650303 56.94590163 60.99742742 54.39345974 62.36034131 62.07460759 59.42832194 58.33736253 64.21224106 64.36935816 64.92925613 61.39748402 57.19578228 59.78402789 59.07412395 59.12174562 58.3059401 61.12260822 60.86510978 57.96716741 57.33610695 60.28558065 60.63081185 61.568182 57.11592906 58.23584354 57.58017179 66.31770473 57.38472525 59.20042307 61.27725709 58.27299601 53.97220471 57.77420551 57.42835636 55.92714668 58.94060698 61.41827247 56.52260657 54.54123803 57.64164718 58.15342653 57.35019816 56.48534263 55.43228644 52.42892293 52.88354263 51.9254519 
75.4410393 77.70279419 84.61525775 78.97382434 80.34559927 80.6953663 82.45516616 86.00513641 78.90083841 79.38797185 84.05000175 76.79871529 79.93243862 83.43093525 89.81725822 85.0750477 79.79116969 82.55801971 83.94645242 85.44609515 88.32523005 85.25485887 85.79322932 80.46230877 86.60713042 89.08901455 98.03794585 88.86409068 92.5929821 88.14304902 88.88424499 87.24531302 91.74999948 70.91697681 65.35539865 57.88734671 61.1583511 63.18395655 63.15147604 68.42979667 64.69012347 64.94178025 62.31337379 73.49451679 65.33822743 63.07507457 60.77804048 61.9095784 67.48795176 66.51955767 60.43398136 62.15409481 63.41026284 64.36177417 64.34944465 65.0137994 65.56437463 62.46925445 57.30075576 63.77722995 62.38895741 59.51203177 67.79315396 65.34223259 64.26205506 63.22352044 72.36623727 86.50200037 89.2663404 87.77636285 91.25083462 92.91894597 87.38730268 90.01260306 94.78868744 88.25807223 93.19237663 90.12867342 91.83278698 85.47313271 94.22182939 86.82853829 81.00801353 89.52752017 86.30733988 83.62426633 88.40070609 88.03761412 84.74055144 83.20549222 82.47998078 86.26623773 82.33181418 87.66949526 82.74351156 80.96265481 78.60807046 81.72698543 79.40576445 75.82557478 
89.5942266 96.94210427 97.93048467 105.8862012 99.67212579 109.0297308 100.9547044 100.5389209 100.9441652 102.4652187 110.1888233 101.5915352 110.6911176 104.7657529 105.0803612 106.4631043 107.885333 105.3681374 108.608343 107.8297688 109.7092343 104.874531 110.9402 112.3991118 111.5900435 110.2692284 108.655373 108.4105001 113.500132 109.2925772 111.3526799 113.0295072 113.9176436 59.81832641 0 0 0 0 0 0 0 0 0 0 0 0 0 0 0 0 0 0 0 0 0 0 0 0 0 0 0 0 0 0 0 0 58.5154573 113.4175939 115.9760695 115.7140878 115.7810574 117.5072797 112.7989121 113.8551511 108.9620382 109.711383 112.8939926 108.8290243 109.4032511 108.2714463 113.4162496 109.3228693 107.81123 109.1740222 112.8249444 110.1974217 109.3356194 112.505466 109.5232159 107.0104016 107.1743632 107.8332369 106.7007268 107.365041 106.8889506 105.8933749 99.53992766 102.557191 97.30281912 95.64786763 
101.2157079 105.3540536 103.7806473 107.3255437 113.8345141 112.6449948 115.4769683 118.458181 114.3546131 121.2381174 112.7361112 114.8469176 117.9729143 113.8096195 115.4887261 118.7971862 115.322865 124.7283821 113.0394633 125.4621151 116.6712561 116.516775 125.9861455 120.3453051 121.962401 120.7449459 121.51691 119.1833263 121.7668131 123.4652019 122.7636233 117.4778011 121.8343033 63.66116417 0 0 0 0 0 0 0 0 0 0 0 0 0 0 0 0 0 0 0 0 0 0 0 0 0 0 0 0 0 0 0 0 62.13567772 123.81736 123.7657589 126.1547562 131.8758226 126.5988031 119.6415836 126.4080636 121.8450754 123.33415 118.0861632 116.8553922 125.1029988 121.0580034 124.0407642 118.8260397 124.4479631 119.3817384 118.0396386 122.2391108 119.4819029 116.8432722 121.2468645 119.3271762 118.3341947 117.2925715 110.3234909 122.1670254 114.6856874 121.8527799 111.9177951 113.5361861 114.7995678 108.0164119 
96.04712213 111.5481863 113.5180135 110.8951342 115.6168744 116.7340395 115.008872 113.351963 114.5047998 118.3600214 115.7325354 115.0523601 118.7403126 118.6193362 110.8079722 118.7173968 117.5144069 120.5419198 120.9825501 120.4251711 119.6701924 122.0288205 119.4682232 122.5436839 118.1059422 122.4274283 125.182165 125.1431593 131.1180678 127.8075592 124.5008709 131.5904631 130.8570599 63.11016038 0 0 0 0 0 0 0 0 0 0 0 0 0 0 0 0 0 0 0 0 0 0 0 0 0 0 0 0 0 0 0 0 63.97162079 130.5820302 129.227539 126.1709064 127.3123962 125.1749416 131.5007042 127.2977647 124.7374729 123.5700155 121.6470637 126.9689979 125.4839061 122.2593496 125.0493617 121.0841901 126.3084989 122.3418417 120.3279165 122.7521827 122.4546553 125.0162926 120.4406384 122.5859465 118.7558769 123.3565722 117.0551084 117.5467999 118.2297099 122.4251105 119.6139934 116.8169342 118.861351 111.640837 
104.692234 112.3238068 111.859579 114.0812357 115.3094317 117.4214707 115.3406805 117.0079318 114.0668981 121.8128501 119.5246139 117.2198844 120.198278 121.9255243 125.9955531 122.5893898 123.8458466 121.7954862 119.7103878 126.3139573 128.0927895 127.6360412 125.9449081 123.725222 130.0307483 126.7598845 130.2258295 129.6588441 123.8358085 126.2265764 125.5293676 129.0059783 128.1748354 69.01024737 0 0 0 0 0 0 0 0 0 0 0 0 0 0 0 0 0 0 0 0 0 0 0 0 0 0 0 0 0 0 0 0 65.24456233 128.9462185 129.0548848 129.1550793 129.742339 127.4523967 127.1203685 126.9749362 123.9654603 130.2074841 131.2187876 123.7753131 127.3676822 128.5861789 123.8048537 124.1373401 127.7419232 124.7423796 119.7514385 126.2399212 126.1057175 125.6468775 117.8637136 118.4578206 126.0094606 126.1667036 122.6153746 123.6955391 119.2708229 118.3279446 121.624075 115.8127175 118.9619354 112.8837607 
98.6659042 107.1552031 107.9597138 116.4336462 117.2996563 118.7511941 121.4993023 119.0187315 115.8953646 123.3098263 126.2102904 117.3430346 123.8387486 116.0874186 124.2092952 121.7394357 122.9725142 119.3127653 125.2426756 125.2411234 126.8887674 124.3658829 125.4179877 124.5820851 129.6292629 122.8829915 128.4830248 124.6325676 125.3812367 128.2945701 130.5866953 131.5516583 128.2730261 66.74299888 0 0 0 0 0 0 0 0 0 0 0 0 0 0 0 0 0 0 0 0 0 0 0 0 0 0 0 0 0 0 0 0 71.31318573 124.9697247 130.4113191 132.26944 131.0426432 127.4177552 134.4066676 127.7958826 124.9461364 132.9235647 131.2316963 130.6223685 129.0070692 123.2288794 130.4334356 127.587254 129.0436187 129.5518487 129.9236595 128.5340592 123.4232691 126.0999084 124.8650445 122.9283277 122.5600849 127.6357868 120.3736429 120.0139392 122.6852338 122.2676256 118.2600716 120.4607696 121.1686916 110.7832961 
102.7733677 108.0714733 113.5925486 113.0037415 122.3769478 116.4464378 120.4200284 116.0867246 121.0396039 122.6938235 121.9581649 126.9863935 122.7469174 126.4016642 121.6595671 119.9029867 128.662687 126.9160697 128.9235496 124.9004837 132.5087431 125.9796973 126.2799782 124.956873 121.6236957 129.4906315 133.9131508 125.1853936 132.1160048 128.5539284 126.3503676 126.3330061 128.2997217 70.14641676 0 0 0 0 0 0 0 0 0 0 0 0 0 0 0 0 0 0 0 0 0 0 0 0 0 0 0 0 0 0 0 0 68.42911413 133.4021123 128.9641657 130.319629 131.6571048 131.1288024 137.0048477 128.3017636 135.0604156 133.6417961 130.3920172 132.5695909 131.5568496 127.340088 125.7192906 122.7000097 129.4249371 129.4955982 128.4031156 132.5830486 124.259577 127.9808152 123.9419307 131.8131458 123.9931972 121.4519325 127.5526787 123.840608 125.3644561 122.3539128 125.4276569 120.8274376 121.5259251 110.468673 
107.8538075 106.5237033 112.1424893 117.1294232 117.8326526 116.4662938 123.3893749 115.0457967 119.5555704 116.5808777 121.579009 121.5183688 122.925873 121.803829 122.7504584 126.5355901 123.1114015 127.2529948 130.1917365 127.6888809 128.9835875 124.0540407 131.3397567 120.359343 128.6613598 124.9291934 134.5352472 127.4204379 127.7901368 132.1691102 131.1408839 136.567473 133.8369225 74.10187097 0 0 0 0 0 0 0 0 0 0 0 0 0 0 0 0 0 0 0 0 0 0 0 0 0 0 0 0 0 0 0 0 64.47154444 134.6551941 131.2165802 134.8931558 128.681366 129.4212666 131.5402875 134.8426903 131.1403343 132.6783263 125.3614181 129.2555652 130.9630101 127.9569591 132.7231926 128.3930655 125.7586931 127.6949441 124.9366169 126.9860777 128.5133226 127.9142198 123.1597036 126.6715168 126.4937529 126.7979852 125.1019765 130.6722198 120.6205121 120.5156465 117.7726234 122.8177569 120.0345934 111.6381669 
105.7282759 103.8169395 118.1121506 114.5398962 115.0750036 117.4685941 121.1738854 123.3213908 123.4646079 120.3270214 129.1199271 124.2719185 126.1049534 124.9984788 121.9989667 120.413405 129.817163 129.8741876 131.1100527 128.7758753 129.1008179 125.8150889 127.2973743 130.2503431 123.4478192 124.1161272 126.2974801 127.9265169 132.3754787 131.1469681 122.0676816 124.8150742 135.1379444 71.3008258 0 0 0 0 0 0 0 0 0 0 0 0 0 0 0 0 0 0 0 0 0 0 0 0 0 0 0 0 0 0 0 0 61.01194459 130.895419 136.3977401 127.1800957 132.8592074 136.2842427 130.7600845 130.4888482 127.923968 137.5399384 134.560122 128.7218157 130.1019219 131.4690096 124.4986277 126.399395 131.2107747 126.5612811 126.6127119 125.9967657 130.0934484 124.1637332 125.9281622 123.2320181 128.2614392 127.1949811 128.7972345 122.3215499 123.9126521 123.1224112 121.7278536 121.888504 118.4466738 116.7554114 
106.8530383 106.9563032 119.1576596 123.3418754 114.9697459 124.208419 123.2357819 122.2672463 121.3709754 117.2529621 119.1377083 124.7561179 124.1434519 121.1785372 124.1274133 128.2261218 123.6470285 127.4924857 120.2479024 128.9519189 126.1735713 126.4751918 131.9867069 121.3113116 127.706601 138.1827686 129.1848935 127.2921977 130.8951573 131.2016723 132.1704472 131.0175502 129.7968993 72.73936906 0 0 0 0 0 0 0 0 0 0 0 0 0 0 0 0 0 0 0 0 0 0 0 0 0 0 0 0 0 0 0 0 69.11538617 134.3947392 134.2409984 134.3023223 134.1953478 130.5668206 135.7134796 136.3061085 131.4943644 131.3382232 130.3009827 127.800418 137.212812 130.3402826 130.1317158 130.2057867 126.8025012 130.9624384 132.2753069 126.581611 131.8118807 129.5968935 125.7363952 127.5817224 124.1858527 123.1393156 125.9071279 127.046144 121.5635265 117.8786795 120.3992567 123.7403482 116.9107597 115.1178476 
103.2268643 106.6954122 113.5711861 116.3615347 118.6542428 116.518822 116.1419 118.5654376 124.4613626 124.6248177 123.2714079 125.0968269 121.8602582 123.8513461 120.4687906 129.2613752 124.2361802 122.1716007 124.4152274 125.1021712 127.7464812 130.4831685 128.0728594 131.5184769 132.9362674 125.5450802 121.1665675 133.265667 134.5631772 129.7470674 126.2537403 128.596741 131.1935823 72.6069124 0 0 0 0 0 0 0 0 0 0 0 0 0 0 0 0 0 0 0 0 0 0 0 0 0 0 0 0 0 0 0 0 69.98799887 133.9281786 131.2486684 133.4474856 136.309626 134.0253605 131.0716298 135.4828678 130.8954604 131.4381741 132.9623772 138.8352463 134.8378327 134.5030173 128.8161265 126.6463466 130.7294525 130.7491788 121.9911155 129.7951594 132.9911597 127.6610918 125.425461 120.1012636 120.9948154 125.7015813 122.8747388 119.6553282 121.0083859 126.6083357 119.343459 119.5773093 120.4575844 117.7040894 
109.2509963 106.1650421 113.9390502 121.1452386 113.9356193 125.4126373 122.0323107 118.7478507 116.8868956 119.8056596 120.5919377 125.0497177 122.2318988 124.5785038 127.0592452 123.1049677 128.2776736 124.5425267 120.8717392 127.2405194 129.5498184 126.1635937 129.3266507 125.7652524 127.0012509 123.0285413 129.6357992 128.3548871 130.6332812 125.4466817 131.6027026 132.2087163 131.1455467 67.85899533 0 0 0 0 0 0 0 0 0 0 0 0 0 0 0 0 0 0 0 0 0 0 0 0 0 0 0 0 0 0 0 0 64.78997087 134.9687021 127.604994 128.4062653 126.781576 130.5858499 129.1364012 126.9261181 130.9172495 125.8700604 126.3880428 133.6368503 130.3439525 132.7688105 133.4108722 127.7707805 127.1915486 127.4859985 120.4138576 127.4832932 126.8110171 125.5895517 129.1037146 124.4231064 125.8012755 127.855986 123.5432786 123.4044673 122.4477427 121.5077339 121.457226 123.9842771 121.4816394 112.0316659 
104.2541796 110.3041676 112.5702607 116.3213403 119.8833739 116.47394 119.9716149 119.8274231 118.8784759 116.2599576 121.142545 117.3558858 121.2630906 118.9222639 122.4703891 125.4140065 119.1779372 122.1746492 126.5007684 119.3795492 127.5446055 126.7389427 122.5699188 123.7462152 124.9862218 128.7196395 128.7660596 124.4330864 127.4376508 132.1354907 131.4919384 125.242251 128.5022772 69.51736505 0 0 0 0 0 0 0 0 0 0 0 0 0 0 0 0 0 0 0 0 0 0 0 0 0 0 0 0 0 0 0 0 62.86243188 134.1918378 129.358242 126.4869336 130.2971887 126.2182174 133.3835786 130.1215859 130.8039739 130.0162812 132.8672345 129.4627316 129.5943602 128.8431661 129.9161856 126.1005104 130.2410115 131.1767074 124.3738514 125.0213457 126.0208855 130.6847661 124.0770138 128.3524492 123.0385064 119.8577039 125.2426868 123.8539737 118.7917038 124.1128709 118.5958548 119.8123658 118.4282504 115.788371 
99.96814996 110.5852993 107.7637647 116.4022793 114.4047192 119.6168769 116.7191115 115.1506327 115.483435 119.5857783 119.7721499 120.5632124 116.9414798 122.2435066 119.509835 122.0656968 125.6714977 119.497802 122.785321 123.0386308 119.9178524 125.56594 122.5938122 127.5483263 123.6389327 128.6242692 129.5150776 124.1715783 122.7056262 121.7614723 132.0340076 126.0934979 134.066205 65.49557993 0 0 0 0 0 0 0 0 0 0 0 0 0 0 0 0 0 0 0 0 0 0 0 0 0 0 0 0 0 0 0 0 70.08474513 129.3675194 129.0107137 126.7040662 128.4018542 128.0126655 128.6418622 129.361395 128.2345754 128.1292526 130.5061494 128.4206974 129.9592345 123.6814744 128.3159026 124.9609535 129.4088062 123.9482581 125.8214843 121.0726406 121.1192771 125.461438 121.0404195 120.9261393 120.7820266 125.7866648 122.2531184 124.2303107 122.1311261 119.2757791 119.9498871 113.7545069 120.8418377 110.861725 
98.75927499 110.6086425 111.1603411 111.1255754 115.7401045 118.9408379 114.5445214 119.3756987 112.659623 119.7089353 117.0153356 117.751051 118.375535 116.115696 120.3667397 123.368484 122.055577 123.1287124 122.4624308 121.1288641 120.9693247 119.9795138 123.8063161 124.2196555 122.9030195 123.5197001 125.1696791 122.1842817 130.6597989 126.1331248 128.7176934 126.6029009 125.4560641 64.21338533 0 0 0 0 0 0 0 0 0 0 0 0 0 0 0 0 0 0 0 0 0 0 0 0 0 0 0 0 0 0 0 0 60.6422197 126.7678872 123.2239989 129.852299 125.5262786 125.926668 130.9013487 130.8883506 125.0650874 127.6029937 121.7252629 124.4248028 120.6202877 127.2682138 120.1864261 126.383256 124.3439183 130.3282688 121.0544528 125.0359069 121.7656785 120.2372438 125.2194323 123.2583472 122.0538315 120.620527 125.4252282 117.8399866 118.2930562 124.0946046 116.6474131 119.3715275 114.1239229 109.941763 
98.52699451 101.3518901 102.0514931 102.5344993 111.2276122 116.5402357 114.2031697 120.2796893 110.9140899 114.3128738 110.2997738 116.7607705 114.6069877 113.8286889 122.1461678 113.5042521 122.891992 127.013532 119.849345 122.8107497 120.5347614 121.4971227 122.2036629 119.643051 124.8040746 121.9733589 120.0863082 121.0309478 123.24641 125.1271969 124.1480012 121.8437322 121.7172172 63.33270456 0 0 0 0 0 0 0 0 0 0 0 0 0 0 0 0 0 0 0 0 0 0 0 0 0 0 0 0 0 0 0 0 58.16075515 119.1596236 121.5429908 128.0930705 123.1503355 126.26852 123.8533479 124.0901309 121.7465783 125.0664447 124.0828163 121.1873121 121.4878523 121.852849 119.9293139 122.6890328 122.1831366 120.1489106 120.4527376 120.0217077 114.7024839 115.7020443 117.3519681 118.8655573 117.0817942 114.7915492 119.7891659 116.3019668 117.3873782 115.3595509 114.2886462 112.9770279 112.4147692 109.7522477 
91.84253634 93.1458225 97.26926446 98.90006237 107.7545786 106.9371696 106.2084896 104.9422122 106.3021416 102.6433555 106.6086517 105.5401586 104.1606043 100.4597269 104.4191251 109.4609328 104.3494345 110.7370722 110.8987486 109.3497459 109.9849578 109.2603259 109.714653 113.1215138 106.2035603 106.7053577 111.7601488 111.4051641 113.1647605 108.7833686 109.7870458 117.1293976 111.6176179 58.54194524 0 0 0 0 0 0 0 0 0 0 0 0 0 0 0 0 0 0 0 0 0 0 0 0 0 0 0 0 0 0 0 0 55.75176795 116.1132348 117.5076564 111.4250322 110.4614481 110.2501758 107.8407326 112.6575946 116.8045118 112.499129 110.8290723 110.2918978 115.3685303 115.7939827 109.5859286 105.2793283 110.3895472 112.0999005 111.4213665 110.6449577 112.325668 111.4072525 108.3389505 108.6259923 107.6849346 102.2744846 105.4682895 100.6649572 104.0685339 105.52437 104.3556488 103.0055404 101.0008153 97.39643233 
71.43495384 74.64346252 74.61398074 80.38174213 81.51993626 85.00013363 81.45127786 83.17948387 86.26337076 87.24544694 83.0264717 84.1110714 85.29906803 79.46072622 81.49578212 82.72593686 85.95775994 88.73646214 84.42101058 79.26947523 81.1951721 92.06400184 88.10039435 87.07214415 87.02085933 93.76010794 91.66790128 86.85323445 91.71131019 88.42429059 90.53995915 90.49935465 86.34998671 71.38842311 67.72148321 63.58820606 67.20037412 65.72144941 58.31266592 63.75371466 66.40264467 67.1548728 60.35240726 66.96457514 64.85899778 64.04763051 62.51955005 66.98345304 64.1113509 65.49813492 66.98267161 61.19448197 61.64440134 64.18740172 65.3751515 61.55337105 64.64415047 59.30147823 65.20532827 59.2019432 68.83839765 68.85944108 64.22533782 63.45935106 56.85622457 67.56341786 71.45129894 90.98752993 90.61617235 94.27848207 92.16133148 90.43907105 83.84485483 89.66668429 86.00287914 86.10535295 90.45277261 90.54755224 85.86159299 94.93000003 87.55109549 83.76044404 88.83388151 86.14466235 84.35033174 86.09064456 88.31205394 83.78911451 84.54007987 80.90170428 87.61523548 84.8657753 84.046294 81.72551255 80.76144864 84.48762121 83.05643115 85.45878205 84.3183599 73.72323409 
45.0407932 48.98501148 54.43667926 51.51561324 55.12180086 52.43501218 53.79073247 56.05188804 51.54515811 56.99542194 58.85814709 57.24712029 55.84648682 53.32836454 60.27344997 55.43904933 51.39166575 54.39958441 59.54139765 60.60835324 60.19812366 64.9777551 57.28921282 60.92780239 57.91457818 61.23834181 58.45936835 62.90828267 64.32343511 59.66644208 58.80113986 50.77183463 56.81418474 60.21491701 63.68513125 60.69036486 61.08360229 59.90327514 60.22155346 59.08267308 62.80194764 65.92040533 61.71074308 56.13760482 59.48080029 59.84561979 60.57063303 57.34401984 61.24542161 63.186148 60.42027244 64.06659487 60.11813309 59.67809343 62.47743167 57.22175219 58.4989364 55.47955769 60.41822501 60.00154622 61.11564464 69.16167314 63.22449984 54.53237625 53.33969255 61.1042341 55.83625819 59.44465364 60.88971432 63.63365773 61.49378762 64.23447836 60.48287357 59.55316456 60.18081208 58.70887556 54.46175111 58.34778073 57.98982933 62.13645453 59.03761155 60.62476445 60.03551024 56.81946315 61.48088142 52.01702867 61.123374 63.01713695 58.33348986 61.21804304 57.63648615 53.57894452 58.03607245 53.94034723 51.69254298 59.0814469 57.25976408 51.79094998 54.27065814 52.94570487 
22.5136719 25.57591272 23.12157324 23.69426867 28.7082575 22.10290136 26.42371733 29.17879918 27.40993179 27.53937356 28.5893375 24.71595217 22.76054616 26.05613989 24.8146505 33.72230023 24.25226526 22.31816034 28.04963378 25.16733353 30.66817955 25.78933459 26.47412189 29.51707474 29.83354635 26.45402068 25.08980238 29.17845056 27.14552431 27.0069723 24.08982384 27.5261273 29.91174596 22.94963882 29.91164595 29.58577195 24.19740098 32.95376062 26.43741255 27.33435155 30.02843821 25.27432351 25.93602601 28.23622834 26.02733107 35.81065329 24.56371648 30.01761431 27.06633088 27.73712061 27.83676344 30.05631252 28.85678316 26.39877498 26.7242973 29.66257304 30.50451606 28.4242018 31.0066677 25.81645349 26.03649148 31.39030639 29.59221792 28.23932337 28.32719515 27.09810267 33.21224262 30.95918556 29.8995544 28.21529795 32.54492348 30.75997972 26.01954297 26.18246696 29.1615219 27.70688586 26.55327244 32.24702865 32.71514567 27.50460201 25.65937743 27.69783319 29.44893652 29.07511887 26.62122552 30.61525046 28.5038814 31.31837161 26.52668925 24.3800116 20.99088585 26.84273664 25.08934315 27.54902545 27.07302173 27.62605412 26.82932804 26.48939659 24.06696777 25.89947879 
6.22737698 3.700789003 7.306345039 7.468691595 6.599181125 9.721451477 5.297989809 5.8048874 3.68350839 7.637706659 7.601198663 7.027789545 4.487233147 6.298581505 5.260080974 6.901387844 5.847612501 6.142267585 4.191771917 6.369893046 6.768200307 7.055492935 7.394592885 9.305953033 4.881785279 6.754960608 8.258209595 6.572707215 6.666936861 5.711387693 7.85433859 8.56859584 6.080795364 9.185281558 7.371668026 5.658155033 5.664476037 4.426007195 8.332068414 11.19557905 8.583705399 5.237635597 10.94869962 5.367717656 9.273826584 9.830256675 9.403587185 5.49642228 6.541329292 8.010266473 7.782849623 5.897793534 4.057989219 6.056126982 6.573122246 6.593456687 5.622394033 4.368051241 7.866860311 6.386453011 10.11304571 5.722962442 5.536225291 7.514498215 7.861720148 5.900421434 5.305136575 8.646298577 7.991979093 6.409038713 8.049295146 8.812708809 12.48965184 5.021633997 5.940128449 3.273780105 7.906659995 6.282061188 4.282071591 6.292665849 9.908267094 4.587772281 3.818411901 9.454372966 5.064267728 7.953061155 6.874412334 5.869264793 8.472827323 7.083973991 9.477020013 6.463852307 6.861233575 6.427346462 7.765264632 5.509021049 6.915746942 6.64027645 6.128924604 5.643233234 
0 0 0 0 0 0 0 0 0 0 0 0 0 0 0 0 0 0 0 0 0 0 0 0 0 0 0 0 0 0 0 0 0 0 0 0 0 0 0 0 0 0 0 0 0 0 0 0 0 0 0 0 0 0 0.006487841718 0 0 0 0 0 0 0 0 0 0 0 0 0 0 0 0 0 0 0 0 0 0 0 0 0 0 0 0 0 0 0 0 0 0 0 0 0 0 0 0 0 0 0 0 0 
0 0 0 0 0 0 0 0 0 0 0 0 0 0 0 0 0 0 0 0 0 0 0 0 0 0 0 0 0 0 0 0 0 0 0 0 0 0 0 0 0 0 0 0 0 0 0 0 0 0 0 0 0 0 0 0 0 0 0 0 0 0 0 0 0 0 0 0 0 0 0 0 0 0 0 0 0 0 0 0 0 0 0 0 0 0 0 0 0 0 0 0 0 0 0 0 0 0 0 0 
0 0 0 0 0 0 0 0 0 0 0 0 0 0 0 0 0 0 0 0 0 0 0 0 0 0 0 0 0 0 0 0 0 0 0 0 0 0 0 0 0 0 0 0 0 0 0 0 0 0 0 0 0 0 0 0 0 0 0 0 0 0 0 0 0 0 0 0 0 0 0 0 0 0 0 0 0 0 0 0 0 0 0 0 0 0 0 0 0 0 0 0 0 0 0 0 0 0 0 0 
0 0 0 0 0 0 0 0 0 0 0 0 0 0 0 0 0 0 0 0 0 0 0 0 0 0 0 0 0 0 0 0 0 0 0 0 0 0 0 0 0 0 0 0 0 0 0 0 0 0 0 0 0 0 0 0 0 0 0 0 0 0 0 0 0 0 0 0 0 0 0 0 0 0 0 0 0 0 0 0 0 0 0 0 0 0 0 0 0 0 0 0 0 0 0 0 0 0 0 0 
0 0 0 0 0 0 0 0 0 0 0 0 0 0 0 0 0 0 0 0 0 0 0 0 0 0 0 0 0 0 0 0 0 0 0 0 0 0 0 0 0 0 0 0 0 0 0 0 0 0 0 0 0 0 0 0 0 0 0 0 0 0 0 0 0 0 0 0 0 0 0 0 0 0 0 0 0 0 0 0 0 0 0 0 0 0 0 0 0 0 0 0 0 0 0 0 0 0 0 0 
0 0 0 0 0 0 0 0 0 0 0 0 0 0 0 0 0 0 0 0 0 0 0 0 0 0 0 0 0 0 0 0 0 0 0 0 0 0 0 0 0 0 0 0 0 0 0 0 0 0 0 0 0 0 0 0 0 0 0 0 0 0 0 0 0 0 0 0 0 0 0 0 0 0 0 0 0 0 0 0 0 0 0 0 0 0 0 0 0 0 0 0 0 0 0 0 0 0 0 0 
0 0 0 0 0 0 0 0 0 0 0 0 0 0 0 0 0 0 0 0 0 0 0 0 0 0 0 0 0 0 0 0 0 0 0 0 0 0 0 0 0 0 0 0 0 0 0 0 0 0 0 0 0 0 0 0 0 0 0 0 0 0 0 0 0 0 0 0 0 0 0 0 0 0 0 0 0 0 0 0 0 0 0 0 0 0 0 0 0 0 0 0 0 0 0 0 0 0 0 0 
0 0 0 0 0 0 0 0 0 0 0 0 0 0 0 0 0 0 0 0 0 0 0 0 0 0 0 0 0 0 0 0 0 0 0 0 0 0 0 0 0 0 0 0 0 0 0 0 0 0 0 0 0 0 0 0 0 0 0 0 0 0 0 0 0 0 0 0 0 0 0 0 0 0 0 0 0 0 0 0 0 0 0 0 0 0 0 0 0 0 0 0 0 0 0 0 0 0 0 0 
0 0 0 0 0 0 0 0 0 0 0 0 0 0 0 0 0 0 0 0 0 0 0 0 0 0 0 0 0 0 0 0 0 0 0 0 0 0 0 0 0 0 0 0 0 0 0 0 0 0 0 0 0 0 0 0 0 0 0 0 0 0 0 0 0 0 0 0 0 0 0 0 0 0 0 0 0 0 0 0 0 0 0 0 0 0 0 0 0 0 0 0 0 0 0 0 0 0 0 0 
0 0 0 0 0 0 0 0 0 0 0 0 0 0 0 0 0 0 0 0 0 0 0 0 0 0 0 0 0 0 0 0 0 0 0 0 0 0 0 0 0 0 0 0 0 0 0 0 0 0 0 0 0 0 0 0 0 0 0 0 0 0 0 0 0 0 0 0 0 0 0 0 0 0 0 0 0 0 0 0 0 0 0 0 0 0 0 0 0 0 0 0 0 0 0 0 0 0 0 0 
0 0 0 0 0 0 0 0 0 0 0 0 0 0 0 0 0 0 0 0 0 0 0 0 0 0 0 0 0 0 0 0 0 0 0 0 0 0 0 0 0 0 0 0 0 0 0 0 0 0 0 0 0 0 0 0 0 0 0 0 0 0 0 0 0 0 0 0 0 0 0 0 0 0 0 0 0 0 0 0 0 0 0 0 0 0 0 0 0 0 0 0 0 0 0 0 0 0 0 0 
0 0 0 0 0 0 0 0 0 0 0 0 0 0 0 0 0 0 0 0 0 0 0 0 0 0 0 0 0 0 0 0 0 0 0 0 0 0 0 0 0 0 0 0 0 0 0 0 0 0 0 0 0 0 0 0 0 0 0 0 0 0 0 0 0 0 0 0 0 0 0 0 0 0 0 0 0 0 0 0 0 0 0 0 0 0 0 0 0 0 0 0 0 0 0 0 0 0 0 0 
0 0 0 0 0 0 0 0 0 0 0 0 0 0 0 0 0 0 0 0 0 0 0 0 0 0 0 0 0 0 0 0 0 0 0 0 0 0 0 0 0 0 0 0 0 0 0 0 0 0 0 0 0 0 0 0 0 0 0 0 0 0 0 0 0 0 0 0 0 0 0 0 0 0 0 0 0 0 0 0 0 0 0 0 0 0 0 0 0 0 0 0 0 0 0 0 0 0 0 0 
0 0 0 0 0 0 0 0 0 0 0 0 0 0 0 0 0 0 0 0 0 0 0 0 0 0 0 0 0 0 0 0 0 0 0 0 0 0 0 0 0 0 0 0 0 0 0 0 0 0 0 0 0 0 0 0 0 0 0 0 0 0 0 0 0 0 0 0 0 0 0 0 0 0 0 0 0 0 0 0 0 0 0 0 0 0 0 0 0 0 0 0 0 0 0 0 0 0 0 0 
0 0 0 0 0 0 0 0 0 0 0 0 0 0 0 0 0 0 0 0 0 0 0 0 0 0 0 0 0 0 0 0 0 0 0 0 0 0 0 0 0 0 0 0 0 0 0 0 0 0 0 0 0 0 0 0 0 0 0 0 0 0 0 0 0 0 0 0 0 0 0 0 0 0 0 0 0 0 0 0 0 0 0 0 0 0 0 0 0 0 0 0 0 0 0 0 0 0 0 0 
0 0 0 0 0 0 0 0 0 0 0 0 0 0 0 0 0 0 0 0 0 0 0 0 0 0 0 0 0 0 0 0 0 0 0 0 0 0 0 0 0 0 0 0 0 0 0 0 0 0 0 0 0 0 0 0 0 0 0 0 0 0 0 0 0 0 0 0 0 0 0 0 0 0 0 0 0 0 0 0 0 0 0 0 0 0 0 0 0 0 0 0 0 0 0 0 0 0 0 0 
0 0 0 0 0 0 0 0 0 0 0 0 0 0 0 0 0 0 0 0 0 0 0 0 0 0 0 0 0 0 0 0 0 0 0 0 0 0 0 0 0 0 0 0 0 0 0 0 0 0 0 0 0 0 0 0 0 0 0 0 0 0 0 0 0 0 0 0 0 0 0 0 0 0 0 0 0 0 0 0 0 0 0 0 0 0 0 0 0 0 0 0 0 0 0 0 0 0 0 0 
0 0 0 0 0 0 0 0 0 0 0 0 0 0 0 0 0 0 0 0 0 0 0 0 0 0 0 0 0 0 0 0 0 0 0 0 0 0 0 0 0 0 0 0 0 0 0 0 0 0 0 0 0 0 0 0 0 0 0 0 0 0 0 0 0 0 0 0 0 0 0 0 0 0 0 0 0 0 0 0 0 0 0 0 0 0 0 0 0 0 0 0 0 0 0 0 0 0 0 0 
0 0 0 0 0 0 0 0 0 0 0 0 0 0 0 0 0 0 0 0 0 0 0 0 0 0 0 0 0 0 0 0 0 0 0 0 0 0 0 0 0 0 0 0 0 0 0 0 0 0 0 0 0 0 0 0 0 0 0 0 0 0 0 0 0 0 0 0 0 0 0 0 0 0 0 0 0 0 0 0 0 0 0 0 0 0 0 0 0 0 0 0 0 0 0 0 0 0 0 0 
0 0 0 0 0 0 0 0 0 0 0 0 0 0 0 0 0 0 0 0 0 0 0 0 0 0 0 0 0 0 0 0 0 0 0 0 0 0 0 0 0 0 0 0 0 0 0 0 0 0 0 0 0 0 0 0 0 0 0 0 0 0 0 0 0 0 0 0 0 0 0 0 0 0 0 0 0 0 0 0 0 0 0 0 0 0 0 0 0 0 0 0 0 0 0 0 0 0 0 0 
0 0 0 0 0 0 0 0 0 0 0 0 0 0 0 0 0 0 0 0 0 0 0 0 0 0 0 0 0 0 0 0 0 0 0 0 0 0 0 0 0 0 0 0 0 0 0 0 0 0 0 0 0 0 0 0 0 0 0 0 0 0 0 0 0 0 0 0 0 0 0 0 0 0 0 0 0 0 0 0 0 0 0 0 0 0 0 0 0 0 0 0 0 0 0 0 0 0 0 0 
0 0 0 0 0 0 0 0 0 0 0 0 0 0 0 0 0 0 0 0 0 0 0 0 0 0 0 0 0 0 0 0 0 0 0 0 0 0 0 0 0 0 0 0 0 0 0 0 0 0 0 0 0 0 0 0 0 0 0 0 0 0 0 0 0 0 0 0 0 0 0 0 0 0 0 0 0 0 0 0 0 0 0 0 0 0 0 0 0 0 0 0 0 0 0 0 0 0 0 0 
0 0 0 0 0 0 0 0 0 0 0 0 0 0 0 0 0 0 0 0 0 0 0 0 0 0 0 0 0 0 0 0 0 0 0 0 0 0 0 0 0 0 0 0 0 0 0 0 0 0 0 0 0 0 0 0 0 0 0 0 0 0 0 0 0 0 0 0 0 0 0 0 0 0 0 0 0 0 0 0 0 0 0 0 0 0 0 0 0 0 0 0 0 0 0 0 0 0 0 0 
0 0 0 0 0 0 0 0 0 0 0 0 0 0 0 0 0 0 0 0 0 0 0 0 0 0 0 0 0 0 0 0 0 0 0 0 0 0 0 0 0 0 0 0 0 0 0 0 0 0 0 0 0 0 0 0 0 0 0 0 0 0 0 0 0 0 0 0 0 0 0 0 0 0 0 0 0 0 0 0 0 0 0 0 0 0 0 0 0 0 0 0 0 0 0 0 0 0 0 0 
0 0 0 0 0 0 0 0 0 0 0 0 0 0 0 0 0 0 0 0 0 0 0 0 0 0 0 0 0 0 0 0 0 0 0 0 0 0 0 0 0 0 0 0 0 0 0 0 0 0 0 0 0 0 0 0 0 0 0 0 0 0 0 0 0 0 0 0 0 0 0 0 0 0 0 0 0 0 0 0 0 0 0 0 0 0 0 0 0 0 0 0 0 0 0 0 0 0 0 0 
0 0 0 0 0 0 0 0 0 0 0 0 0 0 0 0 0 0 0 0 0 0 0 0 0 0 0 0 0 0 0 0 0 0 0 0 0 0 0 0 0 0 0 0 0 0 0 0 0 0 0 0 0 0 0 0 0 0 0 0 0 0 0 0 0 0 0 0 0 0 0 0 0 0 0 0 0 0 0 0 0 0 0 0 0 0 0 0 0 0 0 0 0 0 0 0 0 0 0 0 
0 0 0 0 0 0 0 0 0 0 0 0 0 0 0 0 0 0 0 0 0 0 0 0 0 0 0 0 0 0 0 0 0 0 0 0 0 0 0 0 0 0 0 0 0 0 0 0 0 0 0 0 0 0 0 0 0 0 0 0 0 0 0 0 0 0 0 0 0 0 0 0 0 0 0 0 0 0 0 0 0 0 0 0 0 0 0 0 0 0 0 0 0 0 0 0 0 0 0 0 
0 0 0 0 0 0 0 0 0 0 0 0 0 0 0 0 0 0 0 0 0 0 0 0 0 0 0 0 0 0 0 0 0 0 0 0 0 0 0 0 0 0 0 0 0 0 0 0 0 0 0 0 0 0 0 0 0 0 0 0 0 0 0 0 0 0 0 0 0 0 0 0 0 0 0 0 0 0 0 0 0 0 0 0 0 0 0 0 0 0 0 0 0 0 0 0 0 0 0 0 
0 0 0 0 0 0 0 0 0 0 0 0 0 0 0 0 0 0 0 0 0 0 0 0 0 0 0 0 0 0 0 0 0 0 0 0 0 0 0 0 0 0 0 0 0 0 0 0 0 0 0 0 0 0 0 0 0 0 0 0 0 0 0 0 0 0 0 0 0 0 0 0 0 0 0 0 0 0 0 0 0 0 0 0 0 0 0 0 0 0 0 0 0 0 0 0 0 0 0 0 
0 0 0 0 0 0 0 0 0 0 0 0 0 0 0 0 0 0 0 0 0 0 0 0 0 0 0 0 0 0 0 0 0 0 0 0 0 0 0 0 0 0 0 0 0 0 0 0 0 0 0 0 0 0 0 0 0 0 0 0 0 0 0 0 0 0 0 0 0 0 0 0 0 0 0 0 0 0 0 0 0 0 0 0 0 0 0 0 0 0 0 0 0 0 0 0 0 0 0 0 
0 0 0 0 0 0 0 0 0 0 0 0 0 0 0 0 0 0 0 0 0 0 0 0 0 0 0 0 0 0 0 0 0 0 0 0 0 0 0 0 0 0 0 0 0 0 0 0 0 0 0 0 0 0 0 0 0 0 0 0 0 0 0 0 0 0 0 0 0 0 0 0 0 0 0 0 0 0 0 0 0 0 0 0 0 0 0 0 0 0 0 0 0 0 0 0 0 0 0 0 
0 0 0 0 0 0 0 0 0 0 0 0 0 0 0 0 0 0 0 0 0 0 0 0 0 0 0 0 0 0 0 0 0 0 0 0 0 0 0 0 0 0 0 0 0 0 0 0 0 0 0 0 0 0 0 0 0 0 0 0 0 0 0 0 0 0 0 0 0 0 0 0 0 0 0 0 0 0 0 0 0 0 0 0 0 0 0 0 0 0 0 0 0 0 0 0 0 0 0 0 
0 0 0 0 0 0 0 0 0 0 0 0 0 0 0 0 0 0 0 0 0 0 0 0 0 0 0 0 0 0 0 0 0 0 0 0 0 0 0 0 0 0 0 0 0 0 0 0 0 0 0 0 0 0 0 0 0 0 0 0 0 0 0 0 0 0 0 0 0 0 0 0 0 0 0 0 0 0 0 0 0 0 0 0 0 0 0 0 0 0 0 0 0 0 0 0 0 0 0 0 
0 0 0 0 0 0 0 0 0 0 0 0 0 0 0 0 0 0 0 0 0 0 0 0 0 0 0 0 0 0 0 0 0 0 0 0 0 0 0 0 0 0 0 0 0 0 0 0 0 0 0 0 0 0 0 0 0 0 0 0 0 0 0 0 0 0 0 0 0 0 0 0 0 0 0 0 0 0 0 0 0 0 0 0 0 0 0 0 0 0 0 0 0 0 0 0 0 0 0 0 
0 0 0 0 0 0 0 0 0 0 0 0 0 0 0 0 0 0 0 0 0 0 0 0 0 0 0 0 0 0 0 0 0 0 0 0 0 0 0 0 0 0 0 0 0 0 0 0 0 0 0 0 0 0 0 0 0 0 0 0 0 0 0 0 0 0 0 0 0 0 0 0 0 0 0 0 0 0 0 0 0 0 0 0 0 0 0 0 0 0 0 0 0 0 0 0 0 0 0 0 
0 0 0 0 0 0 0 0 0 0 0 0 0 0 0 0 0 0 0 0 0 0 0 0 0 0 0 0 0 0 0 0 0 0 0 0 0 0 0 0 0 0 0 0 0 0 0 0 0 0 0 0 0 0 0 0 0 0 0 0 0 0 0 0 0 0 0 0 0 0 0 0 0 0 0 0 0 0 0 0 0 0 0 0 0 0 0 0 0 0 0 0 0 0 0 0 0 0 0 0 
0 0 0 0 0 0 0 0 0 0 0 0 0 0 0 0 0 0 0 0 0 0 0 0 0 0 0 0 0 0 0 0 0 0 0 0 0 0 0 0 0 0 0 0 0 0 0 0 0 0 0 0 0 0 0 0 0 0 0 0 0 0 0 0 0 0 0 0 0 0 0 0 0 0 0 0 0 0 0 0 0 0 0 0 0 0 0 0 0 0 0 0 0 0 0 0 0 0 0 0 
0 0 0 0 0 0 0 0 0 0 0 0 0 0 0 0 0 0 0 0 0 0 0 0 0 0 0 0 0 0 0 0 0 0 0 0 0 0 0 0 0 0 0 0 0 0 0 0 0 0 0 0 0 0 0 0 0 0 0 0 0 0 0 0 0 0 0 0 0 0 0 0 0 0 0 0 0 0 0 0 0 0 0 0 0 0 0 0 0 0 0 0 0 0 0 0 0 0 0 0 
# Events [sample_flux_after_unscattered/sample_flux_after_unscattered.dat] N:
0 0 0 0 0 0 0 0 0 0 0 0 0 0 0 0 0 0 0 0 0 0 0 0 0 0 0 0 0 0 0 0 0 0 0 0 0 0 0 0 0 0 0 0 0 0 0 0 0 0 0 0 0 0 0 0 0 0 0 0 0 0 0 0 0 0 0 0 0 0 0 0 0 0 0 0 0 0 0 0 0 0 0 0 0 0 0 0 0 0 0 0 0 0 0 0 0 0 0 0 
0 0 0 0 0 0 0 0 0 0 0 0 0 0 0 0 0 0 0 0 0 0 0 0 0 0 0 0 0 0 0 0 0 0 0 0 0 0 0 0 0 0 0 0 0 0 0 0 0 0 0 0 0 0 0 0 0 0 0 0 0 0 0 0 0 0 0 0 0 0 0 0 0 0 0 0 0 0 0 0 0 0 0 0 0 0 0 0 0 0 0 0 0 0 0 0 0 0 0 0 
0 0 0 0 0 0 0 0 0 0 0 0 0 0 0 0 0 0 0 0 0 0 0 0 0 0 0 0 0 0 0 0 0 0 0 0 0 0 0 0 0 0 0 0 0 0 0 0 0 0 0 0 0 0 0 0 0 0 0 0 0 0 0 0 0 0 0 0 0 0 0 0 0 0 0 0 0 0 0 0 0 0 0 0 0 0 0 0 0 0 0 0 0 0 0 0 0 0 0 0 
0 0 0 0 0 0 0 0 0 0 0 0 0 0 0 0 0 0 0 0 0 0 0 0 0 0 0 0 0 0 0 0 0 0 0 0 0 0 0 0 0 0 0 0 0 0 0 0 0 0 0 0 0 0 0 0 0 0 0 0 0 0 0 0 0 0 0 0 0 0 0 0 0 0 0 0 0 0 0 0 0 0 0 0 0 0 0 0 0 0 0 0 0 0 0 0 0 0 0 0 
0 0 0 0 0 0 0 0 0 0 0 0 0 0 0 0 0 0 0 0 0 0 0 0 0 0 0 0 0 0 0 0 0 0 0 0 0 0 0 0 0 0 0 0 0 0 0 0 0 0 0 0 0 0 0 0 0 0 0 0 0 0 0 0 0 0 0 0 0 0 0 0 0 0 0 0 0 0 0 0 0 0 0 0 0 0 0 0 0 0 0 0 0 0 0 0 0 0 0 0 
0 0 0 0 0 0 0 0 0 0 0 0 0 0 0 0 0 0 0 0 0 0 0 0 0 0 0 0 0 0 0 0 0 0 0 0 0 0 0 0 0 0 0 0 0 0 0 0 0 0 0 0 0 0 0 0 0 0 0 0 0 0 0 0 0 0 0 0 0 0 0 0 0 0 0 0 0 0 0 0 0 0 0 0 0 0 0 0 0 0 0 0 0 0 0 0 0 0 0 0 
0 0 0 0 0 0 0 0 0 0 0 0 0 0 0 0 0 0 0 0 0 0 0 0 0 0 0 0 0 0 0 0 0 0 0 0 0 0 0 0 0 0 0 0 0 0 0 0 0 0 0 0 0 0 0 0 0 0 0 0 0 0 0 0 0 0 0 0 0 0 0 0 0 0 0 0 0 0 0 0 0 0 0 0 0 0 0 0 0 0 0 0 0 0 0 0 0 0 0 0 
0 0 0 0 0 0 0 0 0 0 0 0 0 0 0 0 0 0 0 0 0 0 0 0 0 0 0 0 0 0 0 0 0 0 0 0 0 0 0 0 0 0 0 0 0 0 0 0 0 0 0 0 0 0 0 0 0 0 0 0 0 0 0 0 0 0 0 0 0 0 0 0 0 0 0 0 0 0 0 0 0 0 0 0 0 0 0 0 0 0 0 0 0 0 0 0 0 0 0 0 
0 0 0 0 0 0 0 0 0 0 0 0 0 0 0 0 0 0 0 0 0 0 0 0 0 0 0 0 0 0 0 0 0 0 0 0 0 0 0 0 0 0 0 0 0 0 0 0 0 0 0 0 0 0 0 0 0 0 0 0 0 0 0 0 0 0 0 0 0 0 0 0 0 0 0 0 0 0 0 0 0 0 0 0 0 0 0 0 0 0 0 0 0 0 0 0 0 0 0 0 
0 0 0 0 0 0 0 0 0 0 0 0 0 0 0 0 0 0 0 0 0 0 0 0 0 0 0 0 0 0 0 0 0 0 0 0 0 0 0 0 0 0 0 0 0 0 0 0 0 0 0 0 0 0 0 0 0 0 0 0 0 0 0 0 0 0 0 0 0 0 0 0 0 0 0 0 0 0 0 0 0 0 0 0 0 0 0 0 0 0 0 0 0 0 0 0 0 0 0 0 
0 0 0 0 0 0 0 0 0 0 0 0 0 0 0 0 0 0 0 0 0 0 0 0 0 0 0 0 0 0 0 0 0 0 0 0 0 0 0 0 0 0 0 0 0 0 0 0 0 0 0 0 0 0 0 0 0 0 0 0 0 0 0 0 0 0 0 0 0 0 0 0 0 0 0 0 0 0 0 0 0 0 0 0 0 0 0 0 0 0 0 0 0 0 0 0 0 0 0 0 
0 0 0 0 0 0 0 0 0 0 0 0 0 0 0 0 0 0 0 0 0 0 0 0 0 0 0 0 0 0 0 0 0 0 0 0 0 0 0 0 0 0 0 0 0 0 0 0 0 0 0 0 0 0 0 0 0 0 0 0 0 0 0 0 0 0 0 0 0 0 0 0 0 0 0 0 0 0 0 0 0 0 0 0 0 0 0 0 0 0 0 0 0 0 0 0 0 0 0 0 
0 0 0 0 0 0 0 0 0 0 0 0 0 0 0 0 0 0 0 0 0 0 0 0 0 0 0 0 0 0 0 0 0 0 0 0 0 0 0 0 0 0 0 0 0 0 0 0 0 0 0 0 0 0 0 0 0 0 0 0 0 0 0 0 0 0 0 0 0 0 0 0 0 0 0 0 0 0 0 0 0 0 0 0 0 0 0 0 0 0 0 0 0 0 0 0 0 0 0 0 
0 0 0 0 0 0 0 0 0 0 0 0 0 0 0 0 0 0 0 0 0 0 0 0 0 0 0 0 0 0 0 0 0 0 0 0 0 0 0 0 0 0 0 0 0 0 0 0 0 0 0 0 0 0 0 0 0 0 0 0 0 0 0 0 0 0 0 0 0 0 0 0 0 0 0 0 0 0 0 0 0 0 0 0 0 0 0 0 0 0 0 0 0 0 0 0 0 0 0 0 
0 0 0 0 0 0 0 0 0 0 0 0 0 0 0 0 0 0 0 0 0 0 0 0 0 0 0 0 0 0 0 0 0 0 0 0 0 0 0 0 0 0 0 0 0 0 0 0 0 0 0 0 0 0 0 0 0 0 0 0 0 0 0 0 0 0 0 0 0 0 0 0 0 0 0 0 0 0 0 0 0 0 0 0 0 0 0 0 0 0 0 0 0 0 0 0 0 0 0 0 
0 0 0 0 0 0 0 0 0 0 0 0 0 0 0 0 0 0 0 0 0 0 0 0 0 0 0 0 0 0 0 0 0 0 0 0 0 0 0 0 0 0 0 0 0 0 0 0 0 0 0 0 0 0 0 0 0 0 0 0 0 0 0 0 0 0 0 0 0 0 0 0 0 0 0 0 0 0 0 0 0 0 0 0 0 0 0 0 0 0 0 0 0 0 0 0 0 0 0 0 
0 0 0 0 0 0 0 0 0 0 0 0 0 0 0 0 0 0 0 0 0 0 0 0 0 0 0 0 0 0 0 0 0 0 0 0 0 0 0 0 0 0 0 0 0 0 0 0 0 0 0 0 0 0 0 0 0 0 0 0 0 0 0 0 0 0 0 0 0 0 0 0 0 0 0 0 0 0 0 0 0 0 0 0 0 0 0 0 0 0 0 0 0 0 0 0 0 0 0 0 
0 0 0 0 0 0 0 0 0 0 0 0 0 0 0 0 0 0 0 0 0 0 0 0 0 0 0 0 0 0 0 0 0 0 0 0 0 0 0 0 0 0 0 0 0 0 0 0 0 0 0 0 0 0 0 0 0 0 0 0 0 0 0 0 0 0 0 0 0 0 0 0 0 0 0 0 0 0 0 0 0 0 0 0 0 0 0 0 0 0 0 0 0 0 0 0 0 0 0 0 
0 0 0 0 0 0 0 0 0 0 0 0 0 0 0 0 0 0 0 0 0 0 0 0 0 0 0 0 0 0 0 0 0 0 0 0 0 0 0 0 0 0 0 0 0 0 0 0 0 0 0 0 0 0 0 0 0 0 0 0 0 0 0 0 0 0 0 0 0 0 0 0 0 0 0 0 0 0 0 0 0 0 0 0 0 0 0 0 0 0 0 0 0 0 0 0 0 0 0 0 
0 0 0 0 0 0 0 0 0 0 0 0 0 0 0 0 0 0 0 0 0 0 0 0 0 0 0 0 0 0 0 0 0 0 0 0 0 0 0 0 0 0 0 0 0 0 0 0 0 0 0 0 0 0 0 0 0 0 0 0 0 0 0 0 0 0 0 0 0 0 0 0 0 0 0 0 0 0 0 0 0 0 0 0 0 0 0 0 0 0 0 0 0 0 0 0 0 0 0 0 
0 0 0 0 0 0 0 0 0 0 0 0 0 0 0 0 0 0 0 0 0 0 0 0 0 0 0 0 0 0 0 0 0 0 0 0 0 0 0 0 0 0 0 0 0 0 0 0 0 0 0 0 0 0 0 0 0 0 0 0 0 0 0 0 0 0 0 0 0 0 0 0 0 0 0 0 0 0 0 0 0 0 0 0 0 0 0 0 0 0 0 0 0 0 0 0 0 0 0 0 
0 0 0 0 0 0 0 0 0 0 0 0 0 0 0 0 0 0 0 0 0 0 0 0 0 0 0 0 0 0 0 0 0 0 0 0 0 0 0 0 0 0 0 0 0 0 0 0 0 0 0 0 0 0 0 0 0 0 0 0 0 0 0 0 0 0 0 0 0 0 0 0 0 0 0 0 0 0 0 0 0 0 0 0 0 0 0 0 0 0 0 0 0 0 0 0 0 0 0 0 
0 0 0 0 0 0 0 0 0 0 0 0 0 0 0 0 0 0 0 0 0 0 0 0 0 0 0 0 0 0 0 0 0 0 0 0 0 0 0 0 0 0 0 0 0 0 0 0 0 0 0 0 0 0 0 0 0 0 0 0 0 0 0 0 0 0 0 0 0 0 0 0 0 0 0 0 0 0 0 0 0 0 0 0 0 0 0 0 0 0 0 0 0 0 0 0 0 0 0 0 
0 0 0 0 0 0 0 0 0 0 0 0 0 0 0 0 0 0 0 0 0 0 0 0 0 0 0 0 0 0 0 0 0 0 0 0 0 0 0 0 0 0 0 0 0 0 0 0 0 0 0 0 0 0 0 0 0 0 0 0 0 0 0 0 0 0 0 0 0 0 0 0 0 0 0 0 0 0 0 0 0 0 0 0 0 0 0 0 0 0 0 0 0 0 0 0 0 0 0 0 
0 0 0 0 0 0 0 0 0 0 0 0 0 0 0 0 0 0 0 0 0 0 0 0 0 0 0 0 0 0 0 0 0 0 0 0 0 0 0 0 0 0 0 0 0 0 0 0 0 0 0 0 0 0 0 0 0 0 0 0 0 0 0 0 0 0 0 0 0 0 0 0 0 0 0 0 0 0 0 0 0 0 0 0 0 0 0 0 0 0 0 0 0 0 0 0 0 0 0 0 
0 0 0 0 0 0 0 0 0 0 0 0 0 0 0 0 0 0 0 0 0 0 0 0 0 0 0 0 0 0 0 0 0 0 0 0 0 0 0 0 0 0 0 0 0 0 0 0 0 0 0 0 0 0 0 0 0 0 0 0 0 0 0 0 0 0 0 0 0 0 0 0 0 0 0 0 0 0 0 0 0 0 0 0 0 0 0 0 0 0 0 0 0 0 0 0 0 0 0 0 
0 0 0 0 0 0 0 0 0 0 0 0 0 0 0 0 0 0 0 0 0 0 0 0 0 0 0 0 0 0 0 0 0 0 0 0 0 0 0 0 0 0 0 0 0 0 0 0 0 0 0 0 0 0 0 0 0 0 0 0 0 0 0 0 0 0 0 0 0 0 0 0 0 0 0 0 0 0 0 0 0 0 0 0 0 0 0 0 0 0 0 0 0 0 0 0 0 0 0 0 
0 0 0 0 0 0 0 0 0 0 0 0 0 0 0 0 0 0 0 0 0 0 0 0 0 0 0 0 0 0 0 0 0 0 0 0 0 0 0 0 0 0 0 0 0 0 0 0 0 0 0 0 0 0 0 0 0 0 0 0 0 0 0 0 0 0 0 0 0 0 0 0 0 0 0 0 0 0 0 0 0 0 0 0 0 0 0 0 0 0 0 0 0 0 0 0 0 0 0 0 
0 0 0 0 0 0 0 0 0 0 0 0 0 0 0 0 0 0 0 0 0 0 0 0 0 0 0 0 0 0 0 0 0 0 0 0 0 0 0 0 0 0 0 0 0 0 0 0 0 0 0 0 0 0 0 0 0 0 0 0 0 0 0 0 0 0 0 0 0 0 0 0 0 0 0 0 0 0 0 0 0 0 0 0 0 0 0 0 0 0 0 0 0 0 0 0 0 0 0 0 
0 0 0 0 0 0 0 0 0 0 0 0 0 0 0 0 0 0 0 0 0 0 0 0 0 0 0 0 0 0 0 0 0 0 0 0 0 0 0 0 0 0 0 0 0 0 0 0 0 0 0 0 0 0 0 0 0 0 0 0 0 0 0 0 0 0 0 0 0 0 0 0 0 0 0 0 0 0 0 0 0 0 0 0 0 0 0 0 0 0 0 0 0 0 0 0 0 0 0 0 
0 0 0 0 0 0 0 0 0 0 0 0 0 0 0 0 0 0 0 0 0 0 0 0 0 0 0 0 0 0 0 0 0 0 0 0 0 0 0 0 0 0 0 0 0 0 0 0 0 0 0 0 0 0 0 0 0 0 0 0 0 0 0 0 0 0 0 0 0 0 0 0 0 0 0 0 0 0 0 0 0 0 0 0 0 0 0 0 0 0 0 0 0 0 0 0 0 0 0 0 
0 0 0 0 0 0 0 0 0 0 0 0 0 0 0 0 0 0 0 0 0 0 0 0 0 0 0 0 0 0 0 0 0 0 0 0 0 0 0 0 0 0 0 0 0 0 0 0 0 0 0 0 0 0 0 0 0 0 0 0 0 0 0 0 0 0 0 0 0 0 0 0 0 0 0 0 0 0 0 0 0 0 0 0 0 0 0 0 0 0 0 0 0 0 0 0 0 0 0 0 
0 0 0 0 0 0 0 0 0 0 0 0 0 0 0 0 0 0 0 0 0 0 0 0 0 0 0 0 0 0 0 0 0 0 0 0 0 0 0 0 0 0 0 0 0 0 0 0 0 0 0 0 0 0 0 0 0 0 0 0 0 0 0 0 0 0 0 0 0 0 0 0 0 0 0 0 0 0 0 0 0 0 0 0 0 0 0 0 0 0 0 0 0 0 0 0 0 0 0 0 
0 0 0 0 0 0 0 0 0 0 0 0 0 0 0 0 0 0 0 0 0 0 0 0 0 0 0 0 0 0 0 0 0 0 0 0 0 0 0 0 0 0 0 0 0 0 0 0 0 0 0 0 0 0 0 0 0 0 0 0 0 0 0 0 0 0 0 0 0 0 0 0 0 0 0 0 0 0 0 0 0 0 0 0 0 0 0 0 0 0 0 0 0 0 0 0 0 0 0 0 
0 0 0 0 0 0 0 0 0 0 0 0 0 0 0 0 0 0 0 0 0 0 0 0 0 0 0 0 0 0 0 0 0 0 0 0 0 0 0 0 0 0 0 0 0 0 0 0 0 0 0 0 0 0 0 0 0 0 0 0 0 0 0 0 0 0 0 0 0 0 0 0 0 0 0 0 0 0 0 0 0 0 0 0 0 0 0 0 0 0 0 0 0 0 0 0 0 0 0 0 
0 0 0 0 0 0 0 0 0 0 0 0 0 0 0 0 0 0 0 0 0 0 0 0 0 0 0 0 0 0 0 0 0 0 0 0 0 0 0 0 0 0 0 0 0 0 0 0 0 0 0 0 0 0 0 0 0 0 0 0 0 0 0 0 0 0 0 0 0 0 0 0 0 0 0 0 0 0 0 0 0 0 0 0 0 0 0 0 0 0 0 0 0 0 0 0 0 0 0 0 
0 0 0 0 0 0 0 0 0 0 0 0 0 0 0 0 0 0 0 0 0 0 0 0 0 0 0 0 0 0 0 0 0 0 0 0 0 0 0 0 0 0 0 0 0 0 0 0 0 0 0 0 0 0 0 0 0 0 0 0 0 0 0 0 0 0 0 0 0 0 0 0 0 0 0 0 0 0 0 0 0 0 0 0 0 0 0 0 0 0 0 0 0 0 0 0 0 0 0 0 
0 0 0 0 0 0 0 0 0 0 0 0 0 0 0 0 0 0 0 0 0 0 0 0 0 0 0 0 0 0 0 0 0 0 0 0 0 0 0 0 0 0 0 0 0 0 0 0 0 0 0 0 0 0 0 0 0 0 0 0 0 0 0 0 0 0 0 0 0 0 0 0 0 0 0 0 0 0 0 0 0 0 0 0 0 0 0 0 0 0 0 0 0 0 0 0 0 0 0 0 
1600 300 300 500 900 900 700 1200 1200 900 1500 600 700 1000 1100 800 700 600 600 1200 1100 1200 900 800 1200 1200 800 600 900 1100 900 800 2200 900 1000 1000 1000 1000 800 1100 1300 1100 1000 1500 1100 1400 800 1200 1000 1100 800 1200 1000 900 1100 1500 1400 1200 1000 600 1000 1400 1100 900 1000 1200 1500 1700 900 1300 1600 1000 1600 600 700 700 500 800 900 800 1400 600 700 1000 1400 900 600 800 1200 900 800 1400 1100 900 1600 1000 1200 1400 800 600 
4000 3900 4700 4800 5300 5900 5000 5700 4900 7100 6100 5600 4200 4700 6600 6400 5400 6000 4900 7100 5400 4800 7300 6900 5500 5900 6800 5300 6000 4400 5900 6400 5300 5800 7200 6500 5400 6900 7900 6800 5000 5800 5900 5900 5500 7300 6200 6400 6800 6500 6700 5600 5400 6000 7100 6900 7200 8100 6600 4800 6400 5200 6300 6300 5500 5300 6500 5700 6600 6100 7600 6800 6800 4300 3800 5100 4900 5900 4100 5800 6800 5900 4600 7400 6100 4900 5600 6600 5300 4500 5300 6000 5300 4600 4300 6000 5700 4400 3600 4100 
13500 11400 17200 14000 15300 15700 16500 16300 14700 16400 17800 17300 15400 19500 18200 16100 16400 15900 18700 17500 17700 18900 16900 15800 18200 17000 15600 17200 21300 18800 15700 18200 17900 17300 16200 18400 17900 17300 17800 17600 19700 18800 18400 14800 19300 18100 15700 18700 17700 15200 21800 18300 16400 15200 17100 16100 17800 19000 16600 16000 18400 18300 19700 16900 15200 19300 16700 17300 17400 18000 18500 16200 16700 16300 16200 16800 16200 16700 15500 19400 15600 16600 17000 16500 15200 15000 16100 15300 17000 16600 16300 15000 16300 16400 14600 15200 15500 12700 12400 11900 
24700 30000 30800 28800 28600 31300 30000 32200 30100 27700 33300 28600 28300 31900 33000 30700 30300 31400 33300 32100 32700 32000 33100 29400 33600 34000 37000 35500 34500 37400 34400 32900 36000 21400 17800 15500 16400 17700 16300 20500 17400 17700 14800 19800 16200 17900 16300 15800 16400 17300 16500 14800 16200 17200 17200 16800 16700 17400 13400 16900 15300 15000 18200 16900 17000 16300 20700 31700 33400 31600 34700 35100 32200 34400 36100 32100 33900 34300 35200 31000 35600 32300 28100 32000 33100 30100 31800 31700 28800 29000 29900 31500 29000 29900 29500 28800 26700 25800 24900 22000 
38100 42600 45100 49200 46300 51000 47400 47600 47900 51000 54000 49800 54800 48800 50000 53200 53300 50100 55200 53400 51500 50500 53100 55100 56200 53600 51500 51200 56500 54100 54300 55200 56400 16000 0 0 0 0 0 0 0 0 0 0 0 0 0 0 0 0 0 0 0 0 0 0 0 0 0 0 0 0 0 0 0 0 13500 53000 55300 53900 55600 58000 54700 54700 48800 53000 51500 49900 52500 51000 54400 50200 48700 52500 52500 50000 50400 53200 50100 49400 48100 46900 47900 48300 45500 48000 42700 43300 38600 36800 
54700 58600 56400 63100 68700 69500 69700 69400 68700 69900 67400 67500 71500 67500 67800 69700 73800 74700 66600 75100 70000 69900 75700 72300 70600 71800 75400 72100 76100 75200 74000 70500 74900 19800 0 0 0 0 0 0 0 0 0 0 0 0 0 0 0 0 0 0 0 0 0 0 0 0 0 0 0 0 0 0 0 0 19100 73200 72100 72900 80100 77800 68800 75600 68300 72000 69800 65900 73900 70800 74100 67000 71700 67300 67000 72200 69500 66500 70500 67000 67800 67300 63200 68400 62400 68600 61300 57000 56500 52700 
63300 69300 70600 70500 77500 76700 76500 74000 77900 77800 79100 76300 77700 79400 71300 81000 80700 80400 83000 87700 80400 87400 80000 79000 79100 82000 83800 84900 89400 90800 87800 89800 88800 19000 0 0 0 0 0 0 0 0 0 0 0 0 0 0 0 0 0 0 0 0 0 0 0 0 0 0 0 0 0 0 0 0 21600 88700 83600 87100 84600 83300 89600 87700 78300 79900 83000 83000 83800 79600 82100 81300 82300 80400 75300 80200 80200 81700 79100 79800 78000 81400 74700 72500 75600 76300 73800 65900 68100 61200 
61900 74100 72100 76700 76500 78000 77500 78300 76000 82800 86100 81100 81200 83900 87300 86200 85400 82000 79900 85200 88800 83500 87200 87400 89100 85600 87700 91800 90000 87300 87300 90200 89500 24300 0 0 0 0 0 0 0 0 0 0 0 0 0 0 0 0 0 0 0 0 0 0 0 0 0 0 0 0 0 0 0 0 23700 88500 90900 89600 88400 86500 84100 84900 80800 85600 88800 80500 88000 86400 83700 84200 82700 84500 81200 84500 82000 81400 76300 72900 81900 81700 78500 81600 74700 72700 74600 68000 69900 63600 
65800 69900 71100 80100 77500 78600 80300 78700 80700 85200 85600 81600 84800 80400 81800 81500 82800 82600 88600 84700 86100 84600 87900 86400 88800 88400 88500 88100 86900 91600 91200 93400 88300 23400 0 0 0 0 0 0 0 0 0 0 0 0 0 0 0 0 0 0 0 0 0 0 0 0 0 0 0 0 0 0 0 0 24700 82500 89000 90800 89500 85900 91700 85400 85600 92100 89600 90400 85500 80600 88000 85800 87100 84400 89000 85700 80000 81100 84100 82200 79800 82500 77400 73700 81800 74800 70400 70200 67200 61300 
65600 68500 73300 73500 82200 79600 85200 76300 83900 81400 88100 86300 82600 89100 82800 83100 92700 87700 93800 90200 95000 92900 89900 92100 83100 92700 95400 86000 96600 90000 89200 88900 91500 24200 0 0 0 0 0 0 0 0 0 0 0 0 0 0 0 0 0 0 0 0 0 0 0 0 0 0 0 0 0 0 0 0 24800 88300 89500 88900 89200 89800 94500 89500 89500 90100 90100 93300 89100 85700 84200 81700 84900 85700 87100 91000 83100 85900 80600 87300 80000 76700 83400 81200 81000 77600 75800 75600 69400 62600 
67400 68500 72400 78500 79100 76300 86400 77900 81700 80600 84400 83000 82600 85800 84300 88900 86300 87100 92200 88700 92200 85600 90300 86500 89000 93500 97900 94700 93400 95200 90400 99900 93800 26600 0 0 0 0 0 0 0 0 0 0 0 0 0 0 0 0 0 0 0 0 0 0 0 0 0 0 0 0 0 0 0 0 24100 94000 89700 95600 91000 86700 90400 92000 91100 92100 86300 87100 90800 87400 90800 90000 87100 83800 82800 80100 87900 85800 80300 85000 79900 79800 81100 85300 77700 78800 71100 73100 71800 63400 
65600 67900 78400 76900 75900 77600 82800 85000 85100 79500 87900 84200 88100 88200 81200 82200 93100 86700 91400 92200 92500 89500 88100 94900 87700 88300 88700 92100 95700 93000 84500 90400 95500 24600 0 0 0 0 0 0 0 0 0 0 0 0 0 0 0 0 0 0 0 0 0 0 0 0 0 0 0 0 0 0 0 0 22700 94000 93900 87700 93200 95300 93700 90900 87400 97500 91900 89800 92700 91100 83400 82400 86100 87100 86300 85600 88100 79400 82900 82800 85100 82800 85500 75600 80500 79000 73700 71700 68300 65400 
63600 67800 80900 81900 75700 84600 88000 79800 85600 84100 82700 86600 83800 84200 87900 91600 87900 86200 81500 92000 91300 88600 94500 82900 91100 100200 93100 89900 91600 96900 93000 94000 88900 24900 0 0 0 0 0 0 0 0 0 0 0 0 0 0 0 0 0 0 0 0 0 0 0 0 0 0 0 0 0 0 0 0 27100 92800 99100 94100 91200 89900 94200 91400 92600 88000 87800 87300 93400 87900 88300 85500 90100 85600 88800 79600 83300 87600 81500 87100 80700 80600 79200 81600 77500 71400 76100 75400 65200 67900 
65100 66600 73000 75800 81900 81300 80200 81700 81700 84700 84100 86800 87700 81900 84100 90500 86300 86700 87600 89900 92800 92700 89300 93400 93700 90400 85300 93200 94400 90400 89300 93600 93100 24600 0 0 0 0 0 0 0 0 0 0 0 0 0 0 0 0 0 0 0 0 0 0 0 0 0 0 0 0 0 0 0 0 26700 91700 94600 90500 95100 95500 88300 95100 89400 90000 91000 94700 90300 84600 84800 86200 88000 86300 79500 87900 88900 86700 82900 80700 79700 83800 79600 76900 81400 80600 73700 70000 72600 70000 
69600 65900 73300 82300 76500 85600 82000 79800 80300 81800 81000 82600 82000 88400 87700 87300 85700 85800 83100 88700 95400 92000 92100 92000 89900 89200 92400 90000 94800 88900 94400 92700 91900 25100 0 0 0 0 0 0 0 0 0 0 0 0 0 0 0 0 0 0 0 0 0 0 0 0 0 0 0 0 0 0 0 0 25200 94600 89200 87800 87300 89700 88900 86900 89700 85000 86200 92400 88800 90100 90400 82200 85200 86100 79800 82800 84900 82500 84000 79900 81400 83400 82200 82600 80100 79100 73400 75000 72300 63300 
65200 69800 73500 77500 78100 76200 80800 81900 79500 78600 81800 78700 83300 78000 85900 88900 80700 85300 87600 83400 86900 83900 84900 82900 88800 89300 89700 88300 87800 96000 91900 85700 91700 24700 0 0 0 0 0 0 0 0 0 0 0 0 0 0 0 0 0 0 0 0 0 0 0 0 0 0 0 0 0 0 0 0 25300 93700 88700 87000 88400 82800 90300 90900 90800 88900 89200 84100 87500 83200 84300 83200 86100 90600 84600 81000 81500 87900 82300 87600 81300 76700 82800 80400 75200 79900 73600 70200 69400 62900 
64500 69000 69000 75700 78200 78800 75700 73800 77500 81300 79100 80400 79500 83800 80000 85600 88400 80700 82300 83600 83000 87500 84600 89700 90200 86500 92500 90600 86900 84900 88700 87600 92400 23100 0 0 0 0 0 0 0 0 0 0 0 0 0 0 0 0 0 0 0 0 0 0 0 0 0 0 0 0 0 0 0 0 23600 89700 90100 86000 84200 87400 85900 89200 87600 87400 91200 87800 85700 81800 86000 82300 83500 78700 83200 79600 80400 81400 79700 76100 77100 82900 76600 80400 76000 75400 72900 65600 71100 60000 
59700 68800 69200 73800 74900 78800 73900 76600 73000 76100 77400 79600 82800 78200 77800 83900 84300 86800 85000 83400 82200 83100 86900 87900 82400 87600 84900 81800 91600 87700 91200 83500 86000 21300 0 0 0 0 0 0 0 0 0 0 0 0 0 0 0 0 0 0 0 0 0 0 0 0 0 0 0 0 0 0 0 0 21700 83400 82500 91200 86300 82400 86700 86900 85300 85000 79400 83600 80100 82800 78400 79600 80300 86500 75800 80100 75000 76300 80200 78800 78000 75400 79500 73600 78500 75500 69100 73200 66200 61700 
51200 54800 56800 58400 64500 67700 66700 71100 66800 69900 61500 68900 68500 69600 73300 65800 75000 76800 71700 75800 72500 72300 76000 71800 75400 72300 72600 71200 76100 74900 76000 71200 72800 18800 0 0 0 0 0 0 0 0 0 0 0 0 0 0 0 0 0 0 0 0 0 0 0 0 0 0 0 0 0 0 0 0 19300 68800 73300 76500 73400 75000 73600 74200 67100 75500 74300 69800 70000 69900 70900 70500 72200 67500 70400 68100 66700 65100 68900 65400 66800 65700 70100 62600 65000 61900 59600 57900 55500 52900 
40600 39900 43800 43100 51500 51500 49800 47600 46600 46100 50600 51100 50600 47800 48500 52900 52100 53500 54700 53500 52800 54000 50400 57200 52800 50700 55300 54500 56500 53600 52900 58800 54200 14500 0 0 0 0 0 0 0 0 0 0 0 0 0 0 0 0 0 0 0 0 0 0 0 0 0 0 0 0 0 0 0 0 14000 57900 57800 50700 52800 49900 50500 52200 54000 50600 51400 48800 54600 53700 51000 46800 50100 51600 52100 53600 49900 50900 49600 49900 47900 44300 46300 44400 44200 47200 44100 42200 39300 37000 
24300 24900 25700 28400 30700 29500 31200 31600 34400 32900 32200 32400 32800 29700 28900 31700 32600 32100 32900 30100 31400 34100 33400 32100 33000 35400 36600 34400 36200 34100 35400 36400 32800 23600 18300 16800 19300 18200 14700 15900 15900 17400 16800 17200 16700 15100 16900 17800 16500 16300 16300 14900 16500 16500 16900 14500 17100 16400 17500 15700 18900 18700 18100 16300 14700 19000 19200 32500 34200 34800 35600 33100 32000 31800 31800 31100 32000 34300 30700 36500 32400 31000 30800 31600 31500 31500 31100 29900 29400 28600 33200 29500 29900 30400 27800 29800 27200 30300 27200 23500 
11700 13200 14700 13600 14700 14700 15500 16100 13100 17100 16800 15500 16500 14300 18200 17300 14300 16000 16600 16800 17600 19700 17500 18500 15800 17900 16700 19300 19400 18900 17200 14100 16200 17200 18000 18600 19800 16100 18500 17400 18300 19400 19500 16600 19100 17500 18200 16700 18500 19200 18300 18100 18300 18500 19200 16400 16500 16800 16900 17700 17300 21100 18600 14600 15200 16700 16600 17100 17700 19600 18200 17900 16600 17400 16000 16000 15000 16100 15400 17200 16700 16300 17100 16200 18000 14200 17800 18300 17000 15900 14700 13500 16000 14100 13200 17100 16200 12900 12300 12800 
4800 5700 4200 5400 6500 5700 5700 6000 6200 5800 5600 4900 4400 5300 4900 6300 6300 4400 5800 5600 6500 4800 4800 5800 6100 6500 5200 7400 5900 6300 4800 6300 6500 4900 7100 6300 4600 7200 7600 5200 6600 6600 5400 6100 5900 7800 4900 6400 6500 6300 5500 7600 5900 6400 5800 6200 7000 6800 6200 6300 4600 5600 7000 6100 6000 7300 7400 7100 5700 6000 7300 6400 5400 5500 5900 6000 5700 7000 6300 6000 5500 5900 6500 6000 5400 6500 6300 7100 5000 5500 4500 5700 4800 5700 5800 5800 5100 4700 5000 5300 
900 700 900 1100 800 1400 500 700 700 800 1400 1000 700 1100 800 600 700 1100 800 800 800 1500 1400 1500 800 1000 700 1200 500 900 1200 1400 1000 1200 1400 700 800 700 1300 1900 1400 700 1400 700 1300 1600 1600 600 700 700 1100 1000 400 1100 1100 1100 500 500 1400 1100 1300 800 1000 1000 1000 700 900 1000 900 700 1000 800 1800 800 800 700 800 800 500 800 1800 700 700 1100 400 1000 1400 800 1000 1200 1700 1100 900 1100 900 900 1600 900 700 600 
0 0 0 0 0 0 0 0 0 0 0 0 0 0 0 0 0 0 0 0 0 0 0 0 0 0 0 0 0 0 0 0 0 0 0 0 0 0 0 0 0 0 0 0 0 0 0 0 0 0 0 0 0 0 100 0 0 0 0 0 0 0 0 0 0 0 0 0 0 0 0 0 0 0 0 0 0 0 0 0 0 0 0 0 0 0 0 0 0 0 0 0 0 0 0 0 0 0 0 0 
0 0 0 0 0 0 0 0 0 0 0 0 0 0 0 0 0 0 0 0 0 0 0 0 0 0 0 0 0 0 0 0 0 0 0 0 0 0 0 0 0 0 0 0 0 0 0 0 0 0 0 0 0 0 0 0 0 0 0 0 0 0 0 0 0 0 0 0 0 0 0 0 0 0 0 0 0 0 0 0 0 0 0 0 0 0 0 0 0 0 0 0 0 0 0 0 0 0 0 0 
0 0 0 0 0 0 0 0 0 0 0 0 0 0 0 0 0 0 0 0 0 0 0 0 0 0 0 0 0 0 0 0 0 0 0 0 0 0 0 0 0 0 0 0 0 0 0 0 0 0 0 0 0 0 0 0 0 0 0 0 0 0 0 0 0 0 0 0 0 0 0 0 0 0 0 0 0 0 0 0 0 0 0 0 0 0 0 0 0 0 0 0 0 0 0 0 0 0 0 0 
0 0 0 0 0 0 0 0 0 0 0 0 0 0 0 0 0 0 0 0 0 0 0 0 0 0 0 0 0 0 0 0 0 0 0 0 0 0 0 0 0 0 0 0 0 0 0 0 0 0 0 0 0 0 0 0 0 0 0 0 0 0 0 0 0 0 0 0 0 0 0 0 0 0 0 0 0 0 0 0 0 0 0 0 0 0 0 0 0 0 0 0 0 0 0 0 0 0 0 0 
0 0 0 0 0 0 0 0 0 0 0 0 0 0 0 0 0 0 0 0 0 0 0 0 0 0 0 0 0 0 0 0 0 0 0 0 0 0 0 0 0 0 0 0 0 0 0 0 0 0 0 0 0 0 0 0 0 0 0 0 0 0 0 0 0 0 0 0 0 0 0 0 0 0 0 0 0 0 0 0 0 0 0 0 0 0 0 0 0 0 0 0 0 0 0 0 0 0 0 0 
0 0 0 0 0 0 0 0 0 0 0 0 0 0 0 0 0 0 0 0 0 0 0 0 0 0 0 0 0 0 0 0 0 0 0 0 0 0 0 0 0 0 0 0 0 0 0 0 0 0 0 0 0 0 0 0 0 0 0 0 0 0 0 0 0 0 0 0 0 0 0 0 0 0 0 0 0 0 0 0 0 0 0 0 0 0 0 0 0 0 0 0 0 0 0 0 0 0 0 0 
0 0 0 0 0 0 0 0 0 0 0 0 0 0 0 0 0 0 0 0 0 0 0 0 0 0 0 0 0 0 0 0 0 0 0 0 0 0 0 0 0 0 0 0 0 0 0 0 0 0 0 0 0 0 0 0 0 0 0 0 0 0 0 0 0 0 0 0 0 0 0 0 0 0 0 0 0 0 0 0 0 0 0 0 0 0 0 0 0 0 0 0 0 0 0 0 0 0 0 0 
0 0 0 0 0 0 0 0 0 0 0 0 0 0 0 0 0 0 0 0 0 0 0 0 0 0 0 0 0 0 0 0 0 0 0 0 0 0 0 0 0 0 0 0 0 0 0 0 0 0 0 0 0 0 0 0 0 0 0 0 0 0 0 0 0 0 0 0 0 0 0 0 0 0 0 0 0 0 0 0 0 0 0 0 0 0 0 0 0 0 0 0 0 0 0 0 0 0 0 0 
0 0 0 0 0 0 0 0 0 0 0 0 0 0 0 0 0 0 0 0 0 0 0 0 0 0 0 0 0 0 0 0 0 0 0 0 0 0 0 0 0 0 0 0 0 0 0 0 0 0 0 0 0 0 0 0 0 0 0 0 0 0 0 0 0 0 0 0 0 0 0 0 0 0 0 0 0 0 0 0 0 0 0 0 0 0 0 0 0 0 0 0 0 0 0 0 0 0 0 0 
0 0 0 0 0 0 0 0 0 0 0 0 0 0 0 0 0 0 0 0 0 0 0 0 0 0 0 0 0 0 0 0 0 0 0 0 0 0 0 0 0 0 0 0 0 0 0 0 0 0 0 0 0 0 0 0 0 0 0 0 0 0 0 0 0 0 0 0 0 0 0 0 0 0 0 0 0 0 0 0 0 0 0 0 0 0 0 0 0 0 0 0 0 0 0 0 0 0 0 0 
0 0 0 0 0 0 0 0 0 0 0 0 0 0 0 0 0 0 0 0 0 0 0 0 0 0 0 0 0 0 0 0 0 0 0 0 0 0 0 0 0 0 0 0 0 0 0 0 0 0 0 0 0 0 0 0 0 0 0 0 0 0 0 0 0 0 0 0 0 0 0 0 0 0 0 0 0 0 0 0 0 0 0 0 0 0 0 0 0 0 0 0 0 0 0 0 0 0 0 0 
0 0 0 0 0 0 0 0 0 0 0 0 0 0 0 0 0 0 0 0 0 0 0 0 0 0 0 0 0 0 0 0 0 0 0 0 0 0 0 0 0 0 0 0 0 0 0 0 0 0 0 0 0 0 0 0 0 0 0 0 0 0 0 0 0 0 0 0 0 0 0 0 0 0 0 0 0 0 0 0 0 0 0 0 0 0 0 0 0 0 0 0 0 0 0 0 0 0 0 0 
0 0 0 0 0 0 0 0 0 0 0 0 0 0 0 0 0 0 0 0 0 0 0 0 0 0 0 0 0 0 0 0 0 0 0 0 0 0 0 0 0 0 0 0 0 0 0 0 0 0 0 0 0 0 0 0 0 0 0 0 0 0 0 0 0 0 0 0 0 0 0 0 0 0 0 0 0 0 0 0 0 0 0 0 0 0 0 0 0 0 0 0 0 0 0 0 0 0 0 0 
0 0 0 0 0 0 0 0 0 0 0 0 0 0 0 0 0 0 0 0 0 0 0 0 0 0 0 0 0 0 0 0 0 0 0 0 0 0 0 0 0 0 0 0 0 0 0 0 0 0 0 0 0 0 0 0 0 0 0 0 0 0 0 0 0 0 0 0 0 0 0 0 0 0 0 0 0 0 0 0 0 0 0 0 0 0 0 0 0 0 0 0 0 0 0 0 0 0 0 0 
0 0 0 0 0 0 0 0 0 0 0 0 0 0 0 0 0 0 0 0 0 0 0 0 0 0 0 0 0 0 0 0 0 0 0 0 0 0 0 0 0 0 0 0 0 0 0 0 0 0 0 0 0 0 0 0 0 0 0 0 0 0 0 0 0 0 0 0 0 0 0 0 0 0 0 0 0 0 0 0 0 0 0 0 0 0 0 0 0 0 0 0 0 0 0 0 0 0 0 0 
0 0 0 0 0 0 0 0 0 0 0 0 0 0 0 0 0 0 0 0 0 0 0 0 0 0 0 0 0 0 0 0 0 0 0 0 0 0 0 0 0 0 0 0 0 0 0 0 0 0 0 0 0 0 0 0 0 0 0 0 0 0 0 0 0 0 0 0 0 0 0 0 0 0 0 0 0 0 0 0 0 0 0 0 0 0 0 0 0 0 0 0 0 0 0 0 0 0 0 0 
0 0 0 0 0 0 0 0 0 0 0 0 0 0 0 0 0 0 0 0 0 0 0 0 0 0 0 0 0 0 0 0 0 0 0 0 0 0 0 0 0 0 0 0 0 0 0 0 0 0 0 0 0 0 0 0 0 0 0 0 0 0 0 0 0 0 0 0 0 0 0 0 0 0 0 0 0 0 0 0 0 0 0 0 0 0 0 0 0 0 0 0 0 0 0 0 0 0 0 0 
0 0 0 0 0 0 0 0 0 0 0 0 0 0 0 0 0 0 0 0 0 0 0 0 0 0 0 0 0 0 0 0 0 0 0 0 0 0 0 0 0 0 0 0 0 0 0 0 0 0 0 0 0 0 0 0 0 0 0 0 0 0 0 0 0 0 0 0 0 0 0 0 0 0 0 0 0 0 0 0 0 0 0 0 0 0 0 0 0 0 0 0 0 0 0 0 0 0 0 0 
0 0 0 0 0 0 0 0 0 0 0 0 0 0 0 0 0 0 0 0 0 0 0 0 0 0 0 0 0 0 0 0 0 0 0 0 0 0 0 0 0 0 0 0 0 0 0 0 0 0 0 0 0 0 0 0 0 0 0 0 0 0 0 0 0 0 0 0 0 0 0 0 0 0 0 0 0 0 0 0 0 0 0 0 0 0 0 0 0 0 0 0 0 0 0 0 0 0 0 0 
0 0 0 0 0 0 0 0 0 0 0 0 0 0 0 0 0 0 0 0 0 0 0 0 0 0 0 0 0 0 0 0 0 0 0 0 0 0 0 0 0 0 0 0 0 0 0 0 0 0 0 0 0 0 0 0 0 0 0 0 0 0 0 0 0 0 0 0 0 0 0 0 0 0 0 0 0 0 0 0 0 0 0 0 0 0 0 0 0 0 0 0 0 0 0 0 0 0 0 0 
0 0 0 0 0 0 0 0 0 0 0 0 0 0 0 0 0 0 0 0 0 0 0 0 0 0 0 0 0 0 0 0 0 0 0 0 0 0 0 0 0 0 0 0 0 0 0 0 0 0 0 0 0 0 0 0 0 0 0 0 0 0 0 0 0 0 0 0 0 0 0 0 0 0 0 0 0 0 0 0 0 0 0 0 0 0 0 0 0 0 0 0 0 0 0 0 0 0 0 0 
0 0 0 0 0 0 0 0 0 0 0 0 0 0 0 0 0 0 0 0 0 0 0 0 0 0 0 0 0 0 0 0 0 0 0 0 0 0 0 0 0 0 0 0 0 0 0 0 0 0 0 0 0 0 0 0 0 0 0 0 0 0 0 0 0 0 0 0 0 0 0 0 0 0 0 0 0 0 0 0 0 0 0 0 0 0 0 0 0 0 0 0 0 0 0 0 0 0 0 0 
0 0 0 0 0 0 0 0 0 0 0 0 0 0 0 0 0 0 0 0 0 0 0 0 0 0 0 0 0 0 0 0 0 0 0 0 0 0 0 0 0 0 0 0 0 0 0 0 0 0 0 0 0 0 0 0 0 0 0 0 0 0 0 0 0 0 0 0 0 0 0 0 0 0 0 0 0 0 0 0 0 0 0 0 0 0 0 0 0 0 0 0 0 0 0 0 0 0 0 0 
0 0 0 0 0 0 0 0 0 0 0 0 0 0 0 0 0 0 0 0 0 0 0 0 0 0 0 0 0 0 0 0 0 0 0 0 0 0 0 0 0 0 0 0 0 0 0 0 0 0 0 0 0 0 0 0 0 0 0 0 0 0 0 0 0 0 0 0 0 0 0 0 0 0 0 0 0 0 0 0 0 0 0 0 0 0 0 0 0 0 0 0 0 0 0 0 0 0 0 0 
0 0 0 0 0 0 0 0 0 0 0 0 0 0 0 0 0 0 0 0 0 0 0 0 0 0 0 0 0 0 0 0 0 0 0 0 0 0 0 0 0 0 0 0 0 0 0 0 0 0 0 0 0 0 0 0 0 0 0 0 0 0 0 0 0 0 0 0 0 0 0 0 0 0 0 0 0 0 0 0 0 0 0 0 0 0 0 0 0 0 0 0 0 0 0 0 0 0 0 0 
0 0 0 0 0 0 0 0 0 0 0 0 0 0 0 0 0 0 0 0 0 0 0 0 0 0 0 0 0 0 0 0 0 0 0 0 0 0 0 0 0 0 0 0 0 0 0 0 0 0 0 0 0 0 0 0 0 0 0 0 0 0 0 0 0 0 0 0 0 0 0 0 0 0 0 0 0 0 0 0 0 0 0 0 0 0 0 0 0 0 0 0 0 0 0 0 0 0 0 0 
0 0 0 0 0 0 0 0 0 0 0 0 0 0 0 0 0 0 0 0 0 0 0 0 0 0 0 0 0 0 0 0 0 0 0 0 0 0 0 0 0 0 0 0 0 0 0 0 0 0 0 0 0 0 0 0 0 0 0 0 0 0 0 0 0 0 0 0 0 0 0 0 0 0 0 0 0 0 0 0 0 0 0 0 0 0 0 0 0 0 0 0 0 0 0 0 0 0 0 0 
0 0 0 0 0 0 0 0 0 0 0 0 0 0 0 0 0 0 0 0 0 0 0 0 0 0 0 0 0 0 0 0 0 0 0 0 0 0 0 0 0 0 0 0 0 0 0 0 0 0 0 0 0 0 0 0 0 0 0 0 0 0 0 0 0 0 0 0 0 0 0 0 0 0 0 0 0 0 0 0 0 0 0 0 0 0 0 0 0 0 0 0 0 0 0 0 0 0 0 0 
0 0 0 0 0 0 0 0 0 0 0 0 0 0 0 0 0 0 0 0 0 0 0 0 0 0 0 0 0 0 0 0 0 0 0 0 0 0 0 0 0 0 0 0 0 0 0 0 0 0 0 0 0 0 0 0 0 0 0 0 0 0 0 0 0 0 0 0 0 0 0 0 0 0 0 0 0 0 0 0 0 0 0 0 0 0 0 0 0 0 0 0 0 0 0 0 0 0 0 0 
0 0 0 0 0 0 0 0 0 0 0 0 0 0 0 0 0 0 0 0 0 0 0 0 0 0 0 0 0 0 0 0 0 0 0 0 0 0 0 0 0 0 0 0 0 0 0 0 0 0 0 0 0 0 0 0 0 0 0 0 0 0 0 0 0 0 0 0 0 0 0 0 0 0 0 0 0 0 0 0 0 0 0 0 0 0 0 0 0 0 0 0 0 0 0 0 0 0 0 0 
0 0 0 0 0 0 0 0 0 0 0 0 0 0 0 0 0 0 0 0 0 0 0 0 0 0 0 0 0 0 0 0 0 0 0 0 0 0 0 0 0 0 0 0 0 0 0 0 0 0 0 0 0 0 0 0 0 0 0 0 0 0 0 0 0 0 0 0 0 0 0 0 0 0 0 0 0 0 0 0 0 0 0 0 0 0 0 0 0 0 0 0 0 0 0 0 0 0 0 0 
0 0 0 0 0 0 0 0 0 0 0 0 0 0 0 0 0 0 0 0 0 0 0 0 0 0 0 0 0 0 0 0 0 0 0 0 0 0 0 0 0 0 0 0 0 0 0 0 0 0 0 0 0 0 0 0 0 0 0 0 0 0 0 0 0 0 0 0 0 0 0 0 0 0 0 0 0 0 0 0 0 0 0 0 0 0 0 0 0 0 0 0 0 0 0 0 0 0 0 0 
0 0 0 0 0 0 0 0 0 0 0 0 0 0 0 0 0 0 0 0 0 0 0 0 0 0 0 0 0 0 0 0 0 0 0 0 0 0 0 0 0 0 0 0 0 0 0 0 0 0 0 0 0 0 0 0 0 0 0 0 0 0 0 0 0 0 0 0 0 0 0 0 0 0 0 0 0 0 0 0 0 0 0 0 0 0 0 0 0 0 0 0 0 0 0 0 0 0 0 0 
0 0 0 0 0 0 0 0 0 0 0 0 0 0 0 0 0 0 0 0 0 0 0 0 0 0 0 0 0 0 0 0 0 0 0 0 0 0 0 0 0 0 0 0 0 0 0 0 0 0 0 0 0 0 0 0 0 0 0 0 0 0 0 0 0 0 0 0 0 0 0 0 0 0 0 0 0 0 0 0 0 0 0 0 0 0 0 0 0 0 0 0 0 0 0 0 0 0 0 0 
0 0 0 0 0 0 0 0 0 0 0 0 0 0 0 0 0 0 0 0 0 0 0 0 0 0 0 0 0 0 0 0 0 0 0 0 0 0 0 0 0 0 0 0 0 0 0 0 0 0 0 0 0 0 0 0 0 0 0 0 0 0 0 0 0 0 0 0 0 0 0 0 0 0 0 0 0 0 0 0 0 0 0 0 0 0 0 0 0 0 0 0 0 0 0 0 0 0 0 0 
0 0 0 0 0 0 0 0 0 0 0 0 0 0 0 0 0 0 0 0 0 0 0 0 0 0 0 0 0 0 0 0 0 0 0 0 0 0 0 0 0 0 0 0 0 0 0 0 0 0 0 0 0 0 0 0 0 0 0 0 0 0 0 0 0 0 0 0 0 0 0 0 0 0 0 0 0 0 0 0 0 0 0 0 0 0 0 0 0 0 0 0 0 0 0 0 0 0 0 0 
0 0 0 0 0 0 0 0 0 0 0 0 0 0 0 0 0 0 0 0 0 0 0 0 0 0 0 0 0 0 0 0 0 0 0 0 0 0 0 0 0 0 0 0 0 0 0 0 0 0 0 0 0 0 0 0 0 0 0 0 0 0 0 0 0 0 0 0 0 0 0 0 0 0 0 0 0 0 0 0 0 0 0 0 0 0 0 0 0 0 0 0 0 0 0 0 0 0 0 0 
0 0 0 0 0 0 0 0 0 0 0 0 0 0 0 0 0 0 0 0 0 0 0 0 0 0 0 0 0 0 0 0 0 0 0 0 0 0 0 0 0 0 0 0 0 0 0 0 0 0 0 0 0 0 0 0 0 0 0 0 0 0 0 0 0 0 0 0 0 0 0 0 0 0 0 0 0 0 0 0 0 0 0 0 0 0 0 0 0 0 0 0 0 0 0 0 0 0 0 0 
