# Format: McCode with text headers
# URL: http://www.mccode.org
# Creator:  3.6.14, git
# Instrument: FullInstrument_v5_working.instr
# Ncount: 12500000
# Trace: no
# Gravitation: no
# Seed: 1780316971456083
# Directory: FullInstrument_v5_working_20260601_135958/7
# Nodes: 8
# Param: SourceE=3.2
# Param: DeltaSourceE=0.2
# Param: EI=3.2
# Param: A3=0
# Param: A4=-45
# Param: SAMPLE=0
# Param: RV_mono_Bool=1
# Param: RH_mono_Bool=1
# Param: Lv=1.872
# Param: Lh=1.34
# Param: monoShieldingWidth=0.062
# Param: monoShieldingHeight=0.14
# Param: monoShieldingDistance=0.235
# Param: MonoShielding=1
# Param: Be_filter=1
# Param: sampleHeight=0.01
# Param: sampleRadius=0.01
# Param: sampleThickness=0.003625
# Param: samplePosY=0
# Param: sampleFluxDiagnosticXWidth=0.08
# Param: sampleFluxDiagnosticYHeight=0.08
# Date: Mon Jun  1 14:33:40 2026 (1780317220)
# type: array_2d(100, 100)
# Source: PSI_CAMEA (FullInstrument_v5_working.instr)
# component: EndOfInsertPSD
# position: 0 0 6.176
# title: PSD monitor
# Ncount: 100000000
# filename: EndOfInsertPSD.dat
# statistics: X0=-0.000103729; dX=2.16659; Y0=-0.00410872; dY=4.44352;
# signal: Min=0; Max=413793; Mean=99282.9;
# values: 9.92829e+08 119136 8.62422e+07
# xvar: X 
# yvar: Y 
# xlabel: X position [cm]
# ylabel: Y position [cm]
# zvar: I
# zlabel: Signal per bin
# xylimits: -10 10 -10 10
# variables: I I_err N
# Data [EndOfInsertPSD/EndOfInsertPSD.dat] I:
0 0 0 0 0 0 0 0 0 0 0 0 0 0 0 0 0 0 0 0 0 0 0 0 0 0 0 0 0 0 0 0 0 0 0 0 0 0 0 0 0 0 0 0 0 0 0 0 0 0 0 0 0 0 0 0 0 0 0 0 0 0 0 0 0 0 0 0 0 0 0 0 0 0 0 0 0 0 0 0 0 0 0 0 0 0 0 0 0 0 0 0 0 0 0 0 0 0 0 0 
0 0 0 0 0 0 0 0 0 0 0 0 0 0 0 0 0 0 0 0 0 0 0 0 0 0 0 0 0 0 0 0 0 0 0 0 0 0 0 0 0 0 0 0 0 0 0 0 0 0 0 0 0 0 0 0 0 0 0 0 0 0 0 0 0 0 0 0 0 0 0 0 0 0 0 0 0 0 0 0 0 0 0 0 0 0 0 0 0 0 0 0 0 0 0 0 0 0 0 0 
0 0 0 0 0 0 0 0 0 0 0 0 0 0 0 0 0 0 0 0 0 0 0 0 0 0 0 0 0 0 0 0 0 0 0 0 0 0 0 0 0 0 0 0 0 0 0 0 0 0 0 0 0 0 0 0 0 0 0 0 0 0 0 0 0 0 0 0 0 0 0 0 0 0 0 0 0 0 0 0 0 0 0 0 0 0 0 0 0 0 0 0 0 0 0 0 0 0 0 0 
0 0 0 0 0 0 0 0 0 0 0 0 0 0 0 0 0 0 0 0 0 0 0 0 0 0 0 0 0 0 0 0 0 0 0 0 0 0 0 0 0 0 0 0 0 0 0 0 0 0 0 0 0 0 0 0 0 0 0 0 0 0 0 0 0 0 0 0 0 0 0 0 0 0 0 0 0 0 0 0 0 0 0 0 0 0 0 0 0 0 0 0 0 0 0 0 0 0 0 0 
0 0 0 0 0 0 0 0 0 0 0 0 0 0 0 0 0 0 0 0 0 0 0 0 0 0 0 0 0 0 0 0 0 0 0 0 0 0 0 0 0 0 0 0 0 0 0 0 0 0 0 0 0 0 0 0 0 0 0 0 0 0 0 0 0 0 0 0 0 0 0 0 0 0 0 0 0 0 0 0 0 0 0 0 0 0 0 0 0 0 0 0 0 0 0 0 0 0 0 0 
0 0 0 0 0 0 0 0 0 0 0 0 0 0 0 0 0 0 0 0 0 0 0 0 0 0 0 0 0 0 0 0 0 0 0 0 0 0 0 0 0 0 0 0 0 0 0 0 0 0 0 0 0 0 0 0 0 0 0 0 0 0 0 0 0 0 0 0 0 0 0 0 0 0 0 0 0 0 0 0 0 0 0 0 0 0 0 0 0 0 0 0 0 0 0 0 0 0 0 0 
0 0 0 0 0 0 0 0 0 0 0 0 0 0 0 0 0 0 0 0 0 0 0 0 0 0 0 0 0 0 0 0 0 0 0 0 0 0 0 0 0 0 0 0 0 0 0 0 0 0 0 0 0 0 0 0 0 0 0 0 0 0 0 0 0 0 0 0 0 0 0 0 0 0 0 0 0 0 0 0 0 0 0 0 0 0 0 0 0 0 0 0 0 0 0 0 0 0 0 0 
0 0 0 0 0 0 0 0 0 0 0 0 0 0 0 0 0 0 0 0 0 0 0 0 0 0 0 0 0 0 0 0 0 0 0 0 0 0 0 0 0 0 0 0 0 0 0 0 0 0 0 0 0 0 0 0 0 0 0 0 0 0 0 0 0 0 0 0 0 0 0 0 0 0 0 0 0 0 0 0 0 0 0 0 0 0 0 0 0 0 0 0 0 0 0 0 0 0 0 0 
0 0 0 0 0 0 0 0 0 0 0 0 0 0 0 0 0 0 0 0 0 0 0 0 0 0 0 0 0 0 0 0 0 0 0 0 0 0 0 0 0 0 0 0 0 0 0 0 0 0 0 0 0 0 0 0 0 0 0 0 0 0 0 0 0 0 0 0 0 0 0 0 0 0 0 0 0 0 0 0 0 0 0 0 0 0 0 0 0 0 0 0 0 0 0 0 0 0 0 0 
0 0 0 0 0 0 0 0 0 0 0 0 0 0 0 0 0 0 0 0 0 0 0 0 0 0 0 0 0 0 0 0 0 0 0 0 0 0 0 0 0 0 0 0 0 0 0 0 0 0 0 0 0 0 0 0 0 0 0 0 0 0 0 0 0 0 0 0 0 0 0 0 0 0 0 0 0 0 0 0 0 0 0 0 0 0 0 0 0 0 0 0 0 0 0 0 0 0 0 0 
0 0 0 0 0 0 0 0 0 0 0 0 0 0 0 0 0 0 0 0 0 0 0 0 0 0 0 0 0 0 0 0 0 0 0 0 0 0 0 0 0 0 0 0 0 0 0 0 0 0 0 0 0 0 0 0 0 0 0 0 0 0 0 0 0 0 0 0 0 0 0 0 0 0 0 0 0 0 0 0 0 0 0 0 0 0 0 0 0 0 0 0 0 0 0 0 0 0 0 0 
0 0 0 0 0 0 0 0 0 0 0 0 0 0 0 0 0 0 0 0 0 0 0 0 0 0 0 0 0 0 0 0 0 0 0 0 0 0 0 0 0 0 0 0 0 0 0 0 0 0 0 0 0 0 0 0 0 0 0 0 0 0 0 0 0 0 0 0 0 0 0 0 0 0 0 0 0 0 0 0 0 0 0 0 0 0 0 0 0 0 0 0 0 0 0 0 0 0 0 0 
0 0 0 0 0 0 0 0 0 0 0 0 0 0 0 0 0 0 0 0 0 0 0 0 0 0 0 0 0 0 0 113031.8019 216976.025 211772.3659 210857.6074 209025.7769 211084.6275 208056.712 208796.5067 202698.0025 202348.911 200187.2436 206099.5629 200660.931 198843.9549 197002.7008 196509.9676 198196.4488 195626.9267 195808.2869 197940.3722 196852.6401 195203.6473 196233.1752 197025.4988 198378.5202 200692.6971 200479.5358 201730.5372 203823.2747 204670.5009 205005.6178 209485.1934 208916.017 211925.004 210347.6872 209760.8836 215591.9053 110114.0247 0 0 0 0 0 0 0 0 0 0 0 0 0 0 0 0 0 0 0 0 0 0 0 0 0 0 0 0 0 0 0 
0 0 0 0 0 0 0 0 0 0 0 0 0 0 0 0 0 0 0 0 0 0 0 0 0 0 0 0 0 0 0 205065.7022 409597.0005 400351.4453 395065.3217 391828.5964 393474.9081 393050.7853 384651.8445 387142.869 386380.0458 380641.3628 378684.6371 377776.7638 376628.4289 373419.4635 371224.1486 369709.4506 371591.5814 370498.8616 369261.1774 373705.9689 373770.7579 369966.3208 371305.8245 372330.0366 379528.2803 379560.5178 375762.0534 380560.4523 385306.1119 390809.5968 391649.314 396394.3657 391431.5565 393391.0439 393185.7813 412338.1461 204831.1855 0 0 0 0 0 0 0 0 0 0 0 0 0 0 0 0 0 0 0 0 0 0 0 0 0 0 0 0 0 0 0 
0 0 0 0 0 0 0 0 0 0 0 0 0 0 0 0 0 0 0 0 0 0 0 0 0 0 0 0 0 0 0 204345.0143 404475.1149 399093.5645 395021.6064 394835.9847 396220.9649 393781.5297 389473.7579 383893.7059 384478.9553 381509.1726 376271.6665 378165.5365 376259.9586 370322.9115 369238.9507 369733.5115 368619.2096 375259.0546 374157.6383 373572.1646 372522.3925 374787.646 372642.7784 371880.7979 378060.1773 379151.7316 381886.2725 385096.7018 383491.6679 390870.4613 394062.1961 392772.4191 393710.3937 396034.115 396526.9968 409704.9499 208521.8006 0 0 0 0 0 0 0 0 0 0 0 0 0 0 0 0 0 0 0 0 0 0 0 0 0 0 0 0 0 0 0 
0 0 0 0 0 0 0 0 0 0 0 0 0 0 0 0 0 0 0 0 0 0 0 0 0 0 0 0 0 0 0 207123.6293 408470.5528 396226.1697 391968.935 395722.5668 390280.178 390549.0986 389178.6971 387477.2223 382576.4464 383857.0288 383506.3901 377937.9125 378108.2999 375943.0584 371509.8416 369213.1405 368499.7819 371453.0012 372252.8895 366244.8091 371713.3402 373199.5293 374463.8123 371507.6014 375285.2361 380085.3677 380127.8063 383210.2298 385442.9072 383179.2691 392529.1576 396980.2155 389560.5597 393483.2697 398954.7387 409307.8812 207574.8045 0 0 0 0 0 0 0 0 0 0 0 0 0 0 0 0 0 0 0 0 0 0 0 0 0 0 0 0 0 0 0 
0 0 0 0 0 0 0 0 0 0 0 0 0 0 0 0 0 0 0 0 0 0 0 0 0 0 0 0 0 0 0 206726.9807 403880.2106 399117.3217 391950.8806 395579.976 391039.879 392634.0146 387812.7249 391113.7879 389272.9929 384698.1959 376841.2276 379049.2142 373464.7673 373803.2274 369194.6676 372410.1667 373561.421 371336.7357 370678.8148 365005.1389 370444.6011 369607.8301 370531.9578 373666.4265 376556.6905 380514.4053 380322.1718 380959.4348 384335.8857 394604.5209 392633.1327 393123.8367 394364.4161 398467.3949 396710.4557 409355.1973 208139.6302 0 0 0 0 0 0 0 0 0 0 0 0 0 0 0 0 0 0 0 0 0 0 0 0 0 0 0 0 0 0 0 
0 0 0 0 0 0 0 0 0 0 0 0 0 0 0 0 0 0 0 0 0 0 0 0 0 0 0 0 0 0 0 210704.5777 409465.7689 399139.1318 397381.1623 395782.2184 396007.6808 392447.7077 390098.893 388651.6085 392266.232 381850.7523 379503.5035 380611.9063 375547.8862 374664.9849 375315.777 371001.3952 376380.9128 365808.7897 374162.3768 372955.0811 373067.9889 373400.0625 374976.8895 379399.9448 377838.3574 379455.8821 382766.3313 382209.203 390232.845 390770.0234 392549.9154 392735.3339 397668.9152 396868.7972 393448.1971 411612.9106 211276.9103 0 0 0 0 0 0 0 0 0 0 0 0 0 0 0 0 0 0 0 0 0 0 0 0 0 0 0 0 0 0 0 
0 0 0 0 0 0 0 0 0 0 0 0 0 0 0 0 0 0 0 0 0 0 0 0 0 0 0 0 0 0 0 209856.9271 411500.2789 397886.9353 397176.9741 398267.3042 393372.8525 393828.3936 389880.4035 388301.7122 384605.3289 383156.2103 380115.0296 375652.4036 376296.0171 372982.5863 373833.1635 372250.6116 370581.5466 369602.8914 373744.142 370768.8352 369414.5811 370285.4298 376057.4758 373891.4359 380668.0788 381405.503 381700.5387 385394.6047 386044.9965 389986.6444 394723.1608 400116.0491 393388.3955 399934.2304 397878.0909 410446.1911 206960.5977 0 0 0 0 0 0 0 0 0 0 0 0 0 0 0 0 0 0 0 0 0 0 0 0 0 0 0 0 0 0 0 
0 0 0 0 0 0 0 0 0 0 0 0 0 0 0 0 0 0 0 0 0 0 0 0 0 0 0 0 0 0 0 210074.8683 411422.0732 396703.6222 395336.9425 395378.7343 396077.4972 396669.4788 392237.4064 384448.418 382644.5381 381878.8026 380603.9832 375122.1876 374353.731 375627.5481 373579.63 372691.7026 374940.1471 373191.9882 370772.1515 369206.98 371232.0489 378613.5719 379669.9516 373610.1671 377390.6256 380476.7957 381196.5254 383500.0695 385029.8792 387314.9601 392305.81 397517.7559 394893.7284 393662.9615 396540.5335 407809.1785 204874.2341 0 0 0 0 0 0 0 0 0 0 0 0 0 0 0 0 0 0 0 0 0 0 0 0 0 0 0 0 0 0 0 
0 0 0 0 0 0 0 0 0 0 0 0 0 0 0 0 0 0 0 0 0 0 0 0 0 0 0 0 0 0 0 206241.9274 410869.5635 397979.9517 396409.6442 396396.4848 393992.1423 390645.4003 390997.2278 391187.3768 383764.3803 378993.0154 380026.1045 379643.4897 378686.5629 375423.2888 374526.6729 369934.1365 371353.8592 371217.5858 371353.5191 372342.242 372468.6194 371529.0737 372830.5898 374589.8283 377153.0835 376051.959 382301.8364 384662.082 384781.392 391202.8323 392860.9045 394197.0278 392311.5035 397518.3629 393685.615 406140.1097 209211.8826 0 0 0 0 0 0 0 0 0 0 0 0 0 0 0 0 0 0 0 0 0 0 0 0 0 0 0 0 0 0 0 
0 0 0 0 0 0 0 0 0 0 0 0 0 0 0 0 0 0 0 0 0 0 0 0 0 0 0 0 0 0 0 209083.4182 405232.4647 396203.588 398642.1299 392844.3805 396388.4673 391010.6391 389662.0273 385709.0848 382614.1544 378836.2961 377131.4548 375573.01 372038.2582 377128.9824 372567.6543 372558.7024 370645.9759 370825.2338 370901.2028 371159.2933 374070.2252 375489.3787 373889.5448 374936.1926 375637.0026 380127.3172 383323.2969 380695.7826 382675.7004 389516.3683 391485.0811 393204.6942 398815.9326 398110.5608 397641.8528 411751.9432 207777.4325 0 0 0 0 0 0 0 0 0 0 0 0 0 0 0 0 0 0 0 0 0 0 0 0 0 0 0 0 0 0 0 
0 0 0 0 0 0 0 0 0 0 0 0 0 0 0 0 0 0 0 0 0 0 0 0 0 0 0 0 0 0 0 208040.4068 404978.5246 394447.6878 396877.7129 395142.313 393261.989 399035.088 385331.4632 386436.5521 378201.7111 380128.8409 377884.1083 373295.2391 373024.6591 371527.1556 374780.2299 372179.2143 369362.5382 369730.929 367482.0769 365924.8432 368031.0702 370195.452 370932.0497 373508.1501 376442.1484 377337.5465 380950.51 382252.499 385582.3171 394165.4276 387189.9508 391803.681 393065.9098 392892.8912 393610.7222 404992.0815 205334.664 0 0 0 0 0 0 0 0 0 0 0 0 0 0 0 0 0 0 0 0 0 0 0 0 0 0 0 0 0 0 0 
0 0 0 0 0 0 0 0 0 0 0 0 0 0 0 0 0 0 0 0 0 0 0 0 0 0 0 0 0 0 0 205199.2508 405095.0295 393229.3799 391911.3114 391201.8494 387496.3347 387246.7519 384115.575 384754.5738 380160.3292 378342.287 377424.9241 371613.8737 366228.4996 373082.2743 368299.8301 366579.1645 369948.114 370040.7554 368656.1334 372963.8062 366859.3023 372800.0934 365019.9585 371059.661 371161.9785 377703.9011 378719.4179 378241.5294 383584.5491 383838.9735 388428.4988 392821.3611 388815.8379 391075.8791 393081.1248 408070.2863 204977.298 0 0 0 0 0 0 0 0 0 0 0 0 0 0 0 0 0 0 0 0 0 0 0 0 0 0 0 0 0 0 0 
0 0 0 0 0 0 0 0 0 0 0 0 0 0 0 0 0 0 0 0 0 0 0 0 0 0 0 0 0 0 0 203981.7927 405553.2089 388836.4389 388839.921 388953.154 388116.3837 387796.1927 384404.4149 376823.4321 379136.8702 372501.2076 371727.265 372618.0033 368480.9444 367903.384 364262.0253 361184.6688 364117.0356 363221.5068 360141.9467 366145.9181 366687.5275 367839.3869 364103.3428 372350.1122 372413.1529 371610.0654 378217.7415 378013.6904 379558.5869 378928.2688 385102.1385 387172.0515 387373.0789 387865.0662 390487.977 402011.7631 202540.0192 0 0 0 0 0 0 0 0 0 0 0 0 0 0 0 0 0 0 0 0 0 0 0 0 0 0 0 0 0 0 0 
0 0 0 0 0 0 0 0 0 0 0 0 0 0 0 0 0 0 0 0 0 0 0 0 0 0 0 0 0 0 0 202911.7246 397021.931 386556.4061 386725.3691 385613.8516 387227.497 377245.5703 382734.0086 377787.8445 374354.2567 372087.8578 369813.7009 368851.7183 364613.3755 363744.8428 362930.6963 364666.5848 362358.9691 361193.9621 366242.0939 354881.7573 360371.453 365068.9336 361665.5005 368288.8922 365332.2338 371313.9947 372443.9782 375875.1176 378788.5126 376085.6954 386636.821 384825.2391 389000.007 386395.1699 389285.5866 400842.1412 202299.0956 0 0 0 0 0 0 0 0 0 0 0 0 0 0 0 0 0 0 0 0 0 0 0 0 0 0 0 0 0 0 0 
0 0 0 0 0 0 0 0 0 0 0 0 0 0 0 0 0 0 0 0 0 0 0 0 0 0 0 0 0 0 0 198590.5471 394821.7407 383052.8992 381717.6216 381949.977 377598.903 382066.7108 376659.3994 374091.5831 371892.7487 370002.9296 369392.8746 366087.5776 364506.9247 360614.0133 361196.5286 357063.3439 364157.1033 356318.857 355699.9041 353630.4217 361128.3079 360235.54 364739.1418 363968.2056 361589.1491 364377.048 367747.639 374592.1429 377536.5699 374048.7176 377481.8167 383758.4842 381893.166 381220.0922 386861.1465 396410.1371 202028.7238 0 0 0 0 0 0 0 0 0 0 0 0 0 0 0 0 0 0 0 0 0 0 0 0 0 0 0 0 0 0 0 
0 0 0 0 0 0 0 0 0 0 0 0 0 0 0 0 0 0 0 0 0 0 0 0 0 0 0 0 0 0 0 198140.279 391831.4618 381883.5578 379874.5724 380123.7664 379040.0171 374947.7338 370706.2199 369486.5768 369122.9956 362680.2494 360423.0505 359913.9373 357615.7478 352389.1882 359450.5282 352324.9417 357775.3812 356109.7569 354316.7089 353931.2911 355861.9553 356176.9232 357639.8796 362411.4505 364563.0332 364861.398 369207.1459 370634.5734 364061.7021 375340.9754 376176.4226 380236.6817 380910.9795 379695.1869 382303.5709 392407.2493 201430.1745 0 0 0 0 0 0 0 0 0 0 0 0 0 0 0 0 0 0 0 0 0 0 0 0 0 0 0 0 0 0 0 
0 0 0 0 0 0 0 0 0 0 0 0 0 0 0 0 0 0 0 0 0 0 0 0 0 0 0 0 0 0 0 197880.5553 387079.3558 377365.9816 380573.6928 374845.2569 373485.1499 373834.3616 367564.1293 370809.1733 366270.0677 364815.2437 360642.7666 358913.6483 354979.1964 351342.2096 353539.4751 354809.3357 351371.3583 351647.5438 350889.2558 353287.7898 354618.4552 354273.391 358503.5967 353845.5948 360534.7884 362465.8141 361826.2025 368023.5149 365739.8587 368842.1933 373832.7776 379991.8378 376367.7185 376882.0854 380607.5746 388310.1386 197776.4045 0 0 0 0 0 0 0 0 0 0 0 0 0 0 0 0 0 0 0 0 0 0 0 0 0 0 0 0 0 0 0 
0 0 0 0 0 0 0 0 0 0 0 0 0 0 0 0 0 0 0 0 0 0 0 0 0 0 0 0 0 0 0 197086.6131 387872.3186 372916.4858 374331.4176 372334.7764 373041.5088 370584.7526 363321.5385 362287.6859 359153.7991 357610.8082 358133.207 353063.6258 347770.3004 353026.9095 352595.4029 345868.0156 349877.441 346469.408 347423.4178 347617.1817 348637.1289 349585.3655 351768.9306 352636.5484 354625.5795 354962.7162 360746.5597 362969.4098 360758.4405 366534.6138 365694.2165 373647.6548 373887.197 371401.631 379863.4594 382813.8354 193509.1542 0 0 0 0 0 0 0 0 0 0 0 0 0 0 0 0 0 0 0 0 0 0 0 0 0 0 0 0 0 0 0 
0 0 0 0 0 0 0 0 0 0 0 0 0 0 0 0 0 0 0 0 0 0 0 0 0 0 0 0 0 0 0 192821.8468 383540.855 370421.757 366885.4835 368953.4003 368787.154 361796.5713 362359.212 359455.629 364635.2594 356473.4611 349178.6121 351230.9385 353877.9598 348194.1571 346852.8945 346911.8315 346066.4592 347080.4432 346854.2183 347261.6951 346210.4545 348959.8784 351164.3789 350590.5545 352075.3236 352788.5012 353841.985 360932.0131 361471.0206 361224.9076 363755.4603 367560.9707 368494.5913 367023.3073 371327.8128 380062.1429 196040.8703 0 0 0 0 0 0 0 0 0 0 0 0 0 0 0 0 0 0 0 0 0 0 0 0 0 0 0 0 0 0 0 
0 0 0 0 0 0 0 0 0 0 0 0 0 0 0 0 0 0 0 0 0 0 0 0 0 0 0 0 0 0 0 190245.9435 380487.5553 363068.8862 366056.3454 363015.844 366096.3999 363163.4404 356040.3158 356738.404 354248.8909 351529.1335 351627.5907 348493.0901 346737.0745 346412.7913 344667.6543 342360.3526 342838.9234 341435.6241 339474.563 340155.5579 338177.4387 342603.2657 344004.4594 345569.8123 348208.2834 345823.0169 352704.0773 354557.7829 356380.4555 356808.9136 361781.3223 363833.5689 362747.1297 362323.2107 368144.1497 377909.0944 192040.4224 0 0 0 0 0 0 0 0 0 0 0 0 0 0 0 0 0 0 0 0 0 0 0 0 0 0 0 0 0 0 0 
0 0 0 0 0 0 0 0 0 0 0 0 0 0 0 0 0 0 0 0 0 0 0 0 0 0 0 0 0 0 0 187222.4419 372966.8753 362543.2695 358323.6705 361034.6207 361765.1369 354588.032 356146.8064 356473.8379 349235.4402 346963.4639 345779.8079 347452.7151 341760.9059 335935.5179 338212.7916 342635.5403 337609.2647 339782.2022 337898.5095 340725.7025 339848.4326 340838.2782 340969.4821 345349.0649 346027.404 343741.4239 346348.1913 352772.7252 352140.0291 355945.6377 358040.1803 357156.5483 360046.3058 358215.9194 359911.3129 377187.4952 188314.2187 0 0 0 0 0 0 0 0 0 0 0 0 0 0 0 0 0 0 0 0 0 0 0 0 0 0 0 0 0 0 0 
0 0 0 0 0 0 0 0 0 0 0 0 0 0 0 0 0 0 0 0 0 0 0 0 0 0 0 0 0 0 0 187537.6376 367368.1938 358657.9294 357909.2836 353034.3589 351453.4311 350432.2508 351903.4679 345135.5368 345625.686 347111.7568 342474.805 339687.5457 338367.8974 338637.6 333944.1913 336505.1979 335710.6599 335210.6866 336975.8244 333003.9837 334691.6445 338363.3485 336141.6875 339828.7607 338164.4551 340562.6746 341917.5458 347979.1099 347326.0596 353239.7373 355290.1594 354435.0423 356757.5865 360116.3852 362101.0706 366482.5455 187468.1136 0 0 0 0 0 0 0 0 0 0 0 0 0 0 0 0 0 0 0 0 0 0 0 0 0 0 0 0 0 0 0 
0 0 0 0 0 0 0 0 0 0 0 0 0 0 0 0 0 0 0 0 0 0 0 0 0 0 0 0 0 0 0 183492.0165 365565.5998 354647.7235 349046.854 355366.2024 346642.0416 349464.1514 344792.4006 343307.9284 338984.2587 341821.4357 338268.3331 338060.5963 337159.8148 333574.0797 333795.0194 329390.3656 332767.4602 329731.278 329403.834 329638.2626 331176.5106 333074.2041 331445.5619 333289.0379 337205.2437 336571.4566 337488.1954 342521.1629 345736.6714 345817.8821 348483.9713 348158.9499 351921.6257 349011.9621 354530.4957 364093.4663 184040.23 0 0 0 0 0 0 0 0 0 0 0 0 0 0 0 0 0 0 0 0 0 0 0 0 0 0 0 0 0 0 0 
0 0 0 0 0 0 0 0 0 0 0 0 0 0 0 0 0 0 0 0 0 0 0 0 0 0 0 0 0 0 0 180884.1223 361582.3762 350011.2335 350281.4312 346766.6471 343610.9757 346678.9779 339942.1609 341092.3072 336366.684 336780.4403 330034.3099 329240.0394 328354.7579 327919.7024 332131.9037 324477.8407 330566.4255 328653.449 325144.0062 324967.5198 327758.6119 328411.039 328595.2923 329325.1722 333775.5447 335080.7201 332152.1378 341098.4113 338996.3911 339381.7463 344610.9323 345362.9813 347211.7842 348718.8984 352552.3973 361538.8429 180664.0172 0 0 0 0 0 0 0 0 0 0 0 0 0 0 0 0 0 0 0 0 0 0 0 0 0 0 0 0 0 0 0 
0 0 0 0 0 0 0 0 0 0 0 0 0 0 0 0 0 0 0 0 0 0 0 0 0 0 0 0 0 0 0 181593.9397 357233.7175 344933.6933 344909.515 345406.8965 345463.0404 341464.9454 340303.8523 337540.0899 333828.4791 330170.9122 329996.9977 327867.7025 325814.0004 326021.4579 324816.5107 322615.5909 321593.2224 320800.3545 323333.7842 319707.7848 322398.6542 326380.4469 323477.9105 324651.0269 329181.7888 329342.3517 332770.1426 332598.6824 339731.7393 339967.3204 339909.6861 344354.1574 344326.061 345042.8377 347243.0388 358543.7549 179541.7311 0 0 0 0 0 0 0 0 0 0 0 0 0 0 0 0 0 0 0 0 0 0 0 0 0 0 0 0 0 0 0 
0 0 0 0 0 0 0 0 0 0 0 0 0 0 0 0 0 0 0 0 0 0 0 0 0 0 0 0 0 0 0 178548.5196 352394.2876 339800.3863 346427.9022 338653.4533 340653.4296 337577.942 336828.6411 336355.9202 331706.9133 329506.8291 327825.9039 328566.6754 326039.285 324858.7133 324473.0344 323793.8505 320109.3969 323208.0571 321161.0891 323127.1355 323074.8614 319040.0739 320421.7324 327069.5725 330057.5512 324310.4947 329131.4527 329215.7931 332617.6608 339011.0681 341754.4827 338963.9737 338405.5048 338355.4989 337711.3753 353064.518 178622.9893 0 0 0 0 0 0 0 0 0 0 0 0 0 0 0 0 0 0 0 0 0 0 0 0 0 0 0 0 0 0 0 
0 0 0 0 0 0 0 0 0 0 0 0 0 0 0 0 0 0 0 0 0 0 0 0 0 0 0 0 0 0 0 177131.1908 354517.4712 342363.0295 339765.7625 339865.0818 335304.4014 338305.7405 333689.642 333836.5135 330074.3332 328546.6522 325765.5587 322540.9987 320113.0528 323626.44 316868.8622 322279.8853 320312.8721 321037.0075 316726.3607 318702.0228 317180.9757 320903.779 322369.7417 323400.5514 322281.4714 327722.6824 325844.9353 327861.9257 328986.8996 336708.5092 336416.2695 337813.9059 338292.735 341891.0254 341129.0048 356369.9339 177011.1791 0 0 0 0 0 0 0 0 0 0 0 0 0 0 0 0 0 0 0 0 0 0 0 0 0 0 0 0 0 0 0 
0 0 0 0 0 0 0 0 0 0 0 0 0 0 0 0 0 0 0 0 0 0 0 0 0 0 0 0 0 0 0 176252.5347 353346.6196 337848.3379 338176.3828 338917.1106 338769.1571 336780.0033 333899.0061 336847.0666 328846.2225 325070.5624 328803.5764 323823.2518 323488.4651 321887.333 323767.191 316870.5822 319839.5456 315956.9463 319236.1377 319626.456 316645.387 321264.8247 317389.6625 323790.2569 318623.8204 324270.4458 325396.5659 329182.7381 328820.0541 332698.197 337638.6838 334728.5523 335300.251 337494.7459 339088.2068 349932.2752 179315.5331 0 0 0 0 0 0 0 0 0 0 0 0 0 0 0 0 0 0 0 0 0 0 0 0 0 0 0 0 0 0 0 
0 0 0 0 0 0 0 0 0 0 0 0 0 0 0 0 0 0 0 0 0 0 0 0 0 0 0 0 0 0 0 176431.7878 345700.8844 340622.5256 337984.388 338927.4808 334904.1587 332471.9231 332711.1277 332720.8377 328338.2102 326884.5503 324985.3229 321521.4434 321452.2758 318632.235 318743.0539 315523.8764 316151.9409 316980.0723 318768.7801 314562.4043 316387.6542 316454.1264 318919.8972 321740.6941 320231.5605 322508.5622 324295.9537 329992.2776 326487.0025 337174.5748 335681.5957 337792.3496 336191.6396 336629.3629 338330.2238 348722.0424 180407.3456 0 0 0 0 0 0 0 0 0 0 0 0 0 0 0 0 0 0 0 0 0 0 0 0 0 0 0 0 0 0 0 
0 0 0 0 0 0 0 0 0 0 0 0 0 0 0 0 0 0 0 0 0 0 0 0 0 0 0 0 0 0 0 177737.7596 351955.3112 340690.859 336262.7219 338988.2532 337921.0246 336027.0853 329433.3799 328992.4786 326754.8727 324844.3883 321781.3218 319777.264 318783.5197 321069.3501 319082.5709 320110.7491 317451.4855 319172.6712 315014.8761 315145.1328 316012.7255 313030.9474 318938.7523 318465.7933 321791.2643 324677.4667 328214.812 331813.5945 330515.2384 330575.3814 334453.4618 333634.6983 334780.15 337311.4234 337584.1801 347812.8149 178309.1957 0 0 0 0 0 0 0 0 0 0 0 0 0 0 0 0 0 0 0 0 0 0 0 0 0 0 0 0 0 0 0 
0 0 0 0 0 0 0 0 0 0 0 0 0 0 0 0 0 0 0 0 0 0 0 0 0 0 0 0 0 0 0 176152.6746 351503.2989 335508.9376 336951.3493 333789.5583 340674.2598 333954.2144 331198.9428 328871.8964 328348.7389 325930.8497 322547.4057 319889.3363 319149.3517 317068.354 316999.7762 315844.9692 317043.8858 315593.9124 315764.5745 315773.121 315719.913 313218.3582 320100.5519 321028.8738 322061.6451 322116.7412 324944.4793 324059.4752 330979.4901 334423.0462 329331.3535 336280.5239 333564.0174 337239.809 335896.942 352040.4139 174518.1063 0 0 0 0 0 0 0 0 0 0 0 0 0 0 0 0 0 0 0 0 0 0 0 0 0 0 0 0 0 0 0 
0 0 0 0 0 0 0 0 0 0 0 0 0 0 0 0 0 0 0 0 0 0 0 0 0 0 0 0 0 0 0 175792.8406 346026.7714 341546.5645 337116.1551 336011.2344 333741.9695 332251.439 331763.5944 329686.6418 331176.3666 323083.8729 319881.7115 319175.468 319416.9151 315436.3379 314506.202 317397.8658 315213.8763 319534.2638 315428.8246 319993.4164 319579.2387 320947.0893 317084.9292 318974.1864 322294.1685 322741.2641 322356.8921 328190.3597 330040.6183 330600.3168 332576.2166 336208.5036 335968.6638 338828.3272 338603.708 346831.7307 177704.8707 0 0 0 0 0 0 0 0 0 0 0 0 0 0 0 0 0 0 0 0 0 0 0 0 0 0 0 0 0 0 0 
0 0 0 0 0 0 0 0 0 0 0 0 0 0 0 0 0 0 0 0 0 0 0 0 0 0 0 0 0 0 0 177988.9121 350489.4873 337537.4444 339946.3065 339956.1806 334222.7704 334932.8156 333890.5596 333504.5336 327621.7127 328834.0455 326964.8969 321423.7925 320158.8584 317962.9825 320742.3413 313227.9679 318545.7275 316792.0416 316254.3032 315980.1917 321810.7333 316567.3867 316111.9502 325684.9606 322037.23 323810.2283 326761.6478 326919.0004 330060.584 338190.6518 335354.0167 342467.5185 338496.8139 340827.0878 340139.8699 349956.7413 175199.8412 0 0 0 0 0 0 0 0 0 0 0 0 0 0 0 0 0 0 0 0 0 0 0 0 0 0 0 0 0 0 0 
0 0 0 0 0 0 0 0 0 0 0 0 0 0 0 0 0 0 0 0 0 0 0 0 0 0 0 0 0 0 0 177448.558 350795.2266 342476.5256 338283.4965 341063.1312 339587.398 336747.8499 333773.9088 337662.3725 333287.8859 332654.1666 324615.9867 323114.7278 323229.3613 321966.3508 318271.5149 317576.5092 323064.3178 321201.0065 322093.0432 319177.1636 324661.3042 319710.4693 326719.1074 325086.6533 323650.1486 325592.9789 328948.9827 334937.547 336662.8951 338229.5027 337366.6009 338287.9946 340191.2992 342889.2898 343266.4202 356544.5873 178760.1018 0 0 0 0 0 0 0 0 0 0 0 0 0 0 0 0 0 0 0 0 0 0 0 0 0 0 0 0 0 0 0 
0 0 0 0 0 0 0 0 0 0 0 0 0 0 0 0 0 0 0 0 0 0 0 0 0 0 0 0 0 0 0 180578.3401 355260.0402 345812.194 344173.3423 344078.6569 347111.388 343428.0984 337726.8384 336432.9099 336003.0409 335155.6802 327979.5079 325170.398 329470.183 325622.8417 325598.0954 327855.3262 320405.455 323249.5382 324801.8969 322685.217 324799.1129 321928.9318 324278.0931 326814.1757 331054.3698 333017.7844 331840.0646 335435.4472 337358.692 337822.6502 341678.6436 343876.3036 344148.5938 342578.0481 349678.1581 359123.3504 179706.0787 0 0 0 0 0 0 0 0 0 0 0 0 0 0 0 0 0 0 0 0 0 0 0 0 0 0 0 0 0 0 0 
0 0 0 0 0 0 0 0 0 0 0 0 0 0 0 0 0 0 0 0 0 0 0 0 0 0 0 0 0 0 0 181899.8015 363798.6052 356841.9548 350543.4076 348613.0392 352831.2382 343886.6772 345140.6592 338943.9921 339636.0743 336161.7995 333227.7183 332758.609 334621.9942 329768.9505 326760.0506 328326.7032 330235.2025 330602.7509 323539.0049 326318.3099 328817.8942 332805.1537 329766.4312 332191.5501 337165.9801 338104.7325 342232.432 339904.3312 341975.6489 343099.474 346078.7628 348964.2097 351158.1018 352176.6027 352018.8231 361157.014 183165.0394 0 0 0 0 0 0 0 0 0 0 0 0 0 0 0 0 0 0 0 0 0 0 0 0 0 0 0 0 0 0 0 
0 0 0 0 0 0 0 0 0 0 0 0 0 0 0 0 0 0 0 0 0 0 0 0 0 0 0 0 0 0 0 186653.1178 362509.1226 354997.5409 356394.5092 352225.7933 355010.4769 353267.1635 351928.3923 349712.5927 345532.0428 339050.587 333723.9842 335978.4644 334920.4739 336855.1495 336079.7819 332078.0987 327158.9521 333322.3402 332490.0822 332146.2805 335099.4553 333958.4178 335594.3757 339341.5152 335392.2599 339051.1882 337755.0985 344423.5084 342615.2176 349721.3496 351234.849 353732.8197 356325.3375 354778.733 354441.872 366080.0843 184715.9858 0 0 0 0 0 0 0 0 0 0 0 0 0 0 0 0 0 0 0 0 0 0 0 0 0 0 0 0 0 0 0 
0 0 0 0 0 0 0 0 0 0 0 0 0 0 0 0 0 0 0 0 0 0 0 0 0 0 0 0 0 0 0 187715.1279 366125.5025 362801.2634 355252.7027 355030.1747 356199.7728 352920.6624 350850.8261 351132.841 346718.7742 340073.9289 338594.6591 340355.0641 335368.802 335989.6026 336381.8488 337240.6926 337741.6428 332756.9844 330887.1503 332440.9999 336076.5273 335996.5219 336856.5828 335571.5014 338918.9249 342429.1837 344644.3901 341933.7237 347258.4633 350611.5454 355189.5346 351032.4341 357804.6785 359823.5917 357775.4881 366371.494 187894.8201 0 0 0 0 0 0 0 0 0 0 0 0 0 0 0 0 0 0 0 0 0 0 0 0 0 0 0 0 0 0 0 
0 0 0 0 0 0 0 0 0 0 0 0 0 0 0 0 0 0 0 0 0 0 0 0 0 0 0 0 0 0 0 190148.0507 367517.6942 356729.296 355860.3399 354446.4748 355997.7297 356260.2232 349354.2099 349096.3254 345144.6502 343072.6499 344201.0559 339046.6864 337678.9034 335794.5015 334998.7392 334739.4578 335326.793 333493.236 332121.4458 337338.0258 329461.2853 335670.4233 337523.1516 337723.6519 340083.1026 338025.4606 344876.137 346347.6018 346506.0902 351263.2715 351879.3484 352894.6881 356702.9699 359863.5489 360086.5531 363897.8515 187131.5014 0 0 0 0 0 0 0 0 0 0 0 0 0 0 0 0 0 0 0 0 0 0 0 0 0 0 0 0 0 0 0 
0 0 0 0 0 0 0 0 0 0 0 0 0 0 0 0 0 0 0 0 0 0 0 0 0 0 0 0 0 0 0 185982.0118 366123.039 354934.2728 353937.6341 355287.279 352726.025 350641.722 347375.8411 347779.4549 343392.7692 346086.0361 338668.2588 336761.3568 336957.8051 335369.0328 333190.7001 330734.1894 329393.2542 330562.2395 336009.233 333582.1093 333959.531 336899.8535 333953.5743 339070.1464 336839.4797 337332.616 337149.315 341708.39 345289.9155 348894.5543 352154.5708 352828.1502 349636.6665 353315.275 354680.1057 364576.4811 183389.1148 0 0 0 0 0 0 0 0 0 0 0 0 0 0 0 0 0 0 0 0 0 0 0 0 0 0 0 0 0 0 0 
0 0 0 0 0 0 0 0 0 0 0 0 0 0 0 0 0 0 0 0 0 0 0 0 0 0 0 0 0 0 0 183161.0336 357093.3843 350072.7547 347840.5955 352018.9506 350356.642 342377.0858 343339.7168 344561.8781 340237.5296 336102.4755 333288.8337 334952.1831 330417.4641 334340.8627 332801.291 328136.9331 325863.765 326753.5745 325914.9607 327302.6729 329204.9257 330343.6908 332085.5198 334179.6254 331970.0416 333967.8898 333282.5364 341290.355 341625.6675 345100.4812 344042.4785 346417.4512 348852.2173 349526.2319 350385.4558 363313.7955 185465.4792 0 0 0 0 0 0 0 0 0 0 0 0 0 0 0 0 0 0 0 0 0 0 0 0 0 0 0 0 0 0 0 
0 0 0 0 0 0 0 0 0 0 0 0 0 0 0 0 0 0 0 0 0 0 0 0 0 0 0 0 0 0 0 180351.4706 356595.3817 343696.8014 344499.9722 342330.8021 345771.1221 340112.875 338032.1025 335742.7474 335249.0967 334156.2179 330839.8753 329752.9973 330359.846 323863.0627 324631.2274 325020.9037 325246.2037 322865.0423 319935.2668 325242.3377 322092.8154 321128.0052 325116.1414 330974.9903 328975.4594 332515.0277 332239.4094 335881.1986 336955.9823 338447.868 341751.4245 341800.761 342288.6016 347023.5972 346603.8408 358852.8893 181302.2913 0 0 0 0 0 0 0 0 0 0 0 0 0 0 0 0 0 0 0 0 0 0 0 0 0 0 0 0 0 0 0 
0 0 0 0 0 0 0 0 0 0 0 0 0 0 0 0 0 0 0 0 0 0 0 0 0 0 0 0 0 0 0 182020.451 353314.2041 343327.6154 340403.6965 338624.4564 339487.3784 341537.9572 339990.5904 329521.0168 331451.8763 336338.1182 326711.9908 326774.8678 322370.9818 322557.0775 322465.3973 318191.2702 321154.5625 320515.8307 320347.8123 321310.333 319471.8875 325889.8158 319302.9607 323303.2182 325652.6274 325440.8809 331860.7662 335135.9196 333210.8718 337267.9041 335236.8942 344163.2961 345657.3959 344006.7996 343313.4825 355495.1446 175778.7597 0 0 0 0 0 0 0 0 0 0 0 0 0 0 0 0 0 0 0 0 0 0 0 0 0 0 0 0 0 0 0 
0 0 0 0 0 0 0 0 0 0 0 0 0 0 0 0 0 0 0 0 0 0 0 0 0 0 0 0 0 0 0 176152.0754 344650.0012 340538.3545 340172.0187 337105.7069 333976.6567 335648.8699 335265.4029 325605.6466 325690.3111 325053.0892 325607.1255 324925.1257 320365.6719 318200.4871 317090.5052 318085.4094 320110.8278 317227.967 315954.7579 316089.9564 315835.5364 317750.5829 319137.2588 323192.964 324781.6413 324991.1814 322974.1262 333765.7135 331432.1644 336542.1413 336631.2496 337057.0486 340853.1479 338965.969 337820.5565 348487.6599 176558.7753 0 0 0 0 0 0 0 0 0 0 0 0 0 0 0 0 0 0 0 0 0 0 0 0 0 0 0 0 0 0 0 
0 0 0 0 0 0 0 0 0 0 0 0 0 0 0 0 0 0 0 0 0 0 0 0 0 0 0 0 0 0 0 178250.9812 349458.2765 338190.8988 331570.2079 338428.0842 333098.9418 337149.5912 332340.8822 331475.033 328861.5519 324622.4956 322154.219 320755.6316 318589.5699 315251.7317 316666.6637 311601.8275 318834.3777 315874.1495 314069.8367 316926.8526 317389.5421 317243.7915 317778.7703 320234.8109 322703.3066 323378.6021 326104.3716 326151.4274 329252.871 329439.0816 332878.4193 337219.7193 335422.6573 338327.343 343160.9791 352023.4017 175264.9912 0 0 0 0 0 0 0 0 0 0 0 0 0 0 0 0 0 0 0 0 0 0 0 0 0 0 0 0 0 0 0 
0 0 0 0 0 0 0 0 0 0 0 0 0 0 0 0 0 0 0 0 0 0 0 0 0 0 0 0 0 0 0 177642.7462 348622.9049 335994.1702 338742.8947 338524.4772 333937.3323 335374.3788 333028.4443 331754.3472 328036.9342 322731.5683 324049.6983 323832.9929 321596.1328 315250.0027 316286.2199 315488.3562 314212.7923 319926.9421 310204.1903 317017.7431 318480.3673 316206.7653 317902.8409 319665.6962 319954.9885 325276.5516 323172.2099 328632.6531 328457.2122 329521.6115 334122.5894 335758.3999 334172.8184 332724.7998 335221.7527 348265.1557 174830.6944 0 0 0 0 0 0 0 0 0 0 0 0 0 0 0 0 0 0 0 0 0 0 0 0 0 0 0 0 0 0 0 
0 0 0 0 0 0 0 0 0 0 0 0 0 0 0 0 0 0 0 0 0 0 0 0 0 0 0 0 0 0 0 179123.2869 347897.4135 340019.3067 336087.6827 333331.7898 334967.4291 332232.9542 332982.5746 331895.1613 326449.4201 327524.9191 324449.8756 319628.9944 321198.5644 317291.2739 314062.3353 316405.7708 317974.6309 315073.9757 318322.6597 315042.8778 319085.7201 316780.0347 318217.8528 318836.9806 315974.6529 322941.6256 323345.7735 325903.6932 329835.0138 331338.3354 334003.5422 335040.1848 335037.2254 335577.241 339828.3976 348784.4445 176614.153 0 0 0 0 0 0 0 0 0 0 0 0 0 0 0 0 0 0 0 0 0 0 0 0 0 0 0 0 0 0 0 
0 0 0 0 0 0 0 0 0 0 0 0 0 0 0 0 0 0 0 0 0 0 0 0 0 0 0 0 0 0 0 175625.9756 351307.6031 340483.4222 337091.6596 339529.4367 333381.9491 338147.7841 332143.0243 332217.8921 327140.1397 327310.6686 322475.1142 323508.3357 321517.3321 316038.2622 316982.266 318344.3734 318361.9408 315849.9863 317932.0018 317271.9801 319577.4662 318924.9766 321127.0202 318895.4559 318220.9865 320118.1503 326249.044 332091.1634 331915.8012 328354.7372 337135.6523 337879.8237 336344.8056 337155.3908 338498.6767 347870.4773 177030.5822 0 0 0 0 0 0 0 0 0 0 0 0 0 0 0 0 0 0 0 0 0 0 0 0 0 0 0 0 0 0 0 
0 0 0 0 0 0 0 0 0 0 0 0 0 0 0 0 0 0 0 0 0 0 0 0 0 0 0 0 0 0 0 178794.8831 352919.994 335875.5243 342007.1081 340242.0959 344421.1812 334562.9685 334748.4677 334035.4458 326828.2643 326080.8494 324749.5955 324269.8738 317692.9442 321083.2752 317199.0708 319056.1592 318831.753 318327.2686 315305.4113 315374.1316 316079.8416 315339.5005 320249.2137 318075.3454 319898.2134 321294.7652 329577.374 329042.2226 332574.908 331696.4013 336233.1895 340139.2204 341215.3791 341599.2474 340770.2405 352355.1788 181029.2687 0 0 0 0 0 0 0 0 0 0 0 0 0 0 0 0 0 0 0 0 0 0 0 0 0 0 0 0 0 0 0 
0 0 0 0 0 0 0 0 0 0 0 0 0 0 0 0 0 0 0 0 0 0 0 0 0 0 0 0 0 0 0 177981.7381 354880.1381 339455.8141 338059.2663 339528.5632 336653.8796 336289.0325 337928.4843 337359.3097 329584.1884 328013.5576 325778.9502 321983.2757 321454.855 321935.1907 320526.2511 319795.9623 315995.9614 316857.4287 322790.1307 316365.2509 319687.2386 320392.2192 319953.9784 323980.7208 321234.7946 326543.1897 328928.008 331122.0863 334689.0273 337306.3242 335794.8975 340387.3975 340379.2245 339245.5209 341487.0299 355317.0141 179465.0312 0 0 0 0 0 0 0 0 0 0 0 0 0 0 0 0 0 0 0 0 0 0 0 0 0 0 0 0 0 0 0 
0 0 0 0 0 0 0 0 0 0 0 0 0 0 0 0 0 0 0 0 0 0 0 0 0 0 0 0 0 0 0 176646.3211 354410.2193 342387.0373 342909.9744 344311.5721 341503.334 338031.8069 336830.1909 333748.6189 335411.6525 329962.7163 328111.2727 325440.5336 322072.6673 324385.3448 319350.7004 318657.6368 320557.398 318677.8241 320050.6043 320078.2439 321854.2565 321234.1878 320268.98 325401.0677 325076.6913 327196.9922 323762.8263 327518.6828 331582.1344 338105.0854 337253.2927 336810.2576 343267.5398 342725.7829 342823.0377 351938.2114 178212.6936 0 0 0 0 0 0 0 0 0 0 0 0 0 0 0 0 0 0 0 0 0 0 0 0 0 0 0 0 0 0 0 
0 0 0 0 0 0 0 0 0 0 0 0 0 0 0 0 0 0 0 0 0 0 0 0 0 0 0 0 0 0 0 180248.4603 357271.6754 345316.504 344655.2803 343149.8071 341831.6763 341495.7882 341141.6554 336811.9845 332453.981 330192.9301 329526.6549 328636.6637 324276.8343 324277.2122 328456.5451 325075.8963 323409.9678 322348.7051 325292.5925 322341.805 325504.9881 327477.4862 322091.871 323739.4332 329841.8481 331391.9652 335886.354 337099.0588 335140.1012 338399.6907 338867.8666 340577.9502 342737.0135 346588.8617 345099.071 355034.8138 180968.8627 0 0 0 0 0 0 0 0 0 0 0 0 0 0 0 0 0 0 0 0 0 0 0 0 0 0 0 0 0 0 0 
0 0 0 0 0 0 0 0 0 0 0 0 0 0 0 0 0 0 0 0 0 0 0 0 0 0 0 0 0 0 0 182442.8738 361354.5809 345750.7268 350630.8584 349086.6829 343371.6946 343804.5975 342481.8917 341549.5976 337562.4737 336443.5042 332094.4662 327807.6585 331428.9973 329577.0338 326327.1697 327106.4199 326404.0835 326637.2541 328601.9725 323570.1391 331574.0013 325800.8301 331738.7482 331318.5977 330917.9464 334451.4583 331185.8747 338147.5752 338085.1095 343946.7437 342407.6067 349636.6573 347617.1516 350367.4245 347912.0591 362588.3612 184502.9568 0 0 0 0 0 0 0 0 0 0 0 0 0 0 0 0 0 0 0 0 0 0 0 0 0 0 0 0 0 0 0 
0 0 0 0 0 0 0 0 0 0 0 0 0 0 0 0 0 0 0 0 0 0 0 0 0 0 0 0 0 0 0 185168.0566 360466.6551 355791.4782 352074.5651 350938.6487 350093.6063 351383.1771 343610.37 346934.4836 342207.2219 342475.3 339891.7555 337701.1178 332591.5419 329696.5147 332317.3238 330580.8943 333042.2408 329622.1052 329779.0222 331876.8306 331553.7856 332682.8485 335778.7612 331459.0424 336050.176 339197.7928 343455.9962 340880.5253 344005.8511 343242.3806 348312.7165 353448.8803 352014.608 353929.2103 356230.3314 365519.5479 182896.5321 0 0 0 0 0 0 0 0 0 0 0 0 0 0 0 0 0 0 0 0 0 0 0 0 0 0 0 0 0 0 0 
0 0 0 0 0 0 0 0 0 0 0 0 0 0 0 0 0 0 0 0 0 0 0 0 0 0 0 0 0 0 0 186059.9138 367648.5539 357778.0337 358736.1792 356192.7655 354840.7615 350201.9927 347561.0401 349397.6835 347807.0265 342495.7672 339494.1957 336822.6378 341489.2244 335319.3854 335133.2997 335712.0457 336087.8837 330702.4255 332401.0382 332916.3705 334367.4353 339216.2414 338346.8509 337954.4712 338293.3954 342740.6916 340672.2595 345717.0195 349188.4499 352885.4006 352414.041 357438.1649 357301.5756 361408.8899 358625.0707 366971.6564 187886.7834 0 0 0 0 0 0 0 0 0 0 0 0 0 0 0 0 0 0 0 0 0 0 0 0 0 0 0 0 0 0 0 
0 0 0 0 0 0 0 0 0 0 0 0 0 0 0 0 0 0 0 0 0 0 0 0 0 0 0 0 0 0 0 186548.9496 372084.3186 359492.2004 361110.5654 364169.0693 358581.444 357050.1682 356407.1543 352016.8189 348170.4321 349813.9189 345257.7486 346326.5749 343215.8029 340141.3333 339843.9716 338279.0011 335660.6058 339288.6561 339333.7143 342670.9422 336678.9617 340420.8764 341247.9259 341405.4735 343489.2934 343047.3804 346813.3467 349703.9033 351862.4807 355174.2232 357918.1439 358335.248 361264.7639 361086.34 363000.6073 370988.5995 189541.0677 0 0 0 0 0 0 0 0 0 0 0 0 0 0 0 0 0 0 0 0 0 0 0 0 0 0 0 0 0 0 0 
0 0 0 0 0 0 0 0 0 0 0 0 0 0 0 0 0 0 0 0 0 0 0 0 0 0 0 0 0 0 0 190747.9909 377170.7116 368257.5658 363764.4833 365340.2757 365712.1354 360593.012 353569.8311 356749.607 357367.0258 350675.7281 351907.8636 352642.3198 348476.8537 347025.8138 343972.8535 342717.0135 341985.0923 342410.5527 337419.2479 344019.9185 340064.1733 347805.4203 344577.4573 345694.5108 349478.1434 347822.2337 351516.763 349672.2495 354180.799 358541.9183 363698.7363 359507.987 365139.9793 365335.2695 364152.9866 377722.83 189771.6147 0 0 0 0 0 0 0 0 0 0 0 0 0 0 0 0 0 0 0 0 0 0 0 0 0 0 0 0 0 0 0 
0 0 0 0 0 0 0 0 0 0 0 0 0 0 0 0 0 0 0 0 0 0 0 0 0 0 0 0 0 0 0 194474.3632 384938.4142 367637.1151 370961.4308 369301.4847 368017.1914 366047.2134 365523.061 363614.4693 356887.4475 357515.5022 353800.5933 350129.3574 352376.7222 347085.2439 349997.7954 343979.4822 341770.5956 340506.1323 342275.0423 348100.2613 344692.0645 346347.1289 350785.2965 351871.601 352796.1899 355228.8925 351764.5247 358527.8047 357309.0203 361236.6726 364444.2346 364201.3803 368095.9755 369350.9412 365010.3134 381225.4812 193099.5517 0 0 0 0 0 0 0 0 0 0 0 0 0 0 0 0 0 0 0 0 0 0 0 0 0 0 0 0 0 0 0 
0 0 0 0 0 0 0 0 0 0 0 0 0 0 0 0 0 0 0 0 0 0 0 0 0 0 0 0 0 0 0 194944.1721 386021.5995 369589.9101 373667.0488 372355.853 371267.2479 371329.5281 367255.04 361826.3943 365449.2972 356526.9656 359859.301 352209.5891 351037.1452 352515.2184 349047.8918 346862.4003 348875.7153 350225.4263 352303.3373 350531.3328 347791.5805 347328.7682 353190.1687 352531.5853 354237.0764 357601.1847 361257.8827 361140.7897 365246.9965 367714.1471 368059.2864 373711.9108 370726.45 366060.6148 375169.5629 385138.1536 192836.4606 0 0 0 0 0 0 0 0 0 0 0 0 0 0 0 0 0 0 0 0 0 0 0 0 0 0 0 0 0 0 0 
0 0 0 0 0 0 0 0 0 0 0 0 0 0 0 0 0 0 0 0 0 0 0 0 0 0 0 0 0 0 0 197145.0575 390527.9772 377118.3669 372959.2739 378562.7446 370911.1541 367993.8701 374942.2123 361872.8293 365960.3774 363305.3721 363251.5696 359648.4052 353957.122 357195.2947 357334.3912 354593.2643 352173.6919 351441.6022 350682.1833 354300.7748 353228.0698 352018.5179 356718.4183 354276.1215 359782.7714 359443.5947 362593.1962 361367.963 369682.9668 372439.9565 370326.3998 374759.9794 374942.6929 379457.9789 377717.5712 389215.3111 195313.0746 0 0 0 0 0 0 0 0 0 0 0 0 0 0 0 0 0 0 0 0 0 0 0 0 0 0 0 0 0 0 0 
0 0 0 0 0 0 0 0 0 0 0 0 0 0 0 0 0 0 0 0 0 0 0 0 0 0 0 0 0 0 0 199760.4978 387071.7165 378674.7346 380259.9724 378601.2926 376960.9566 372679.0918 376670.1138 369652.8002 366852.6418 364034.9631 365153.7992 363295.3048 360634.8458 358166.8843 359099.3954 356683.4525 357797.2766 356534.1956 359477.0152 356881.3732 355618.8542 359637.9142 361678.9587 357439.6975 358165.3151 367769.0987 369880.2814 367455.8501 369743.3688 371368.7823 373182.1676 378115.384 377227.222 376003.6807 376210.7277 387651.5268 199456.0225 0 0 0 0 0 0 0 0 0 0 0 0 0 0 0 0 0 0 0 0 0 0 0 0 0 0 0 0 0 0 0 
0 0 0 0 0 0 0 0 0 0 0 0 0 0 0 0 0 0 0 0 0 0 0 0 0 0 0 0 0 0 0 201039.4844 395284.7385 385041.4767 384860.301 382194.2895 379076.7671 378363.3823 377594.9433 372006.1693 374077.5139 369008.8822 365804.2249 362249.4955 362114.9812 357837.4903 357566.5662 353202.804 352256.7073 358698.9855 359317.4514 357949.3803 360312.6569 358463.9247 363560.015 365973.7693 363321.4901 365821.7896 365922.9932 370069.4263 377545.8548 377240.918 380950.4898 380288.7917 380366.0684 386012.8182 379092.5377 395724.4551 199927.2165 0 0 0 0 0 0 0 0 0 0 0 0 0 0 0 0 0 0 0 0 0 0 0 0 0 0 0 0 0 0 0 
0 0 0 0 0 0 0 0 0 0 0 0 0 0 0 0 0 0 0 0 0 0 0 0 0 0 0 0 0 0 0 199321.2824 396136.6712 386877.8667 388574.5426 381840.8778 383970.6925 385275.7677 377925.4143 376339.5331 373415.4746 369044.2377 369643.7217 368278.3188 368071.0222 365205.0832 365494.7541 364364.0049 360817.8358 359521.5846 361851.1165 357900.4881 359601.1255 363157.3259 359359.52 363911.4441 367285.0509 369415.2995 371526.089 372210.1694 378514.9422 380002.6999 382966.716 387008.0321 382276.5969 382888.866 384583.3374 400698.8077 203456.9101 0 0 0 0 0 0 0 0 0 0 0 0 0 0 0 0 0 0 0 0 0 0 0 0 0 0 0 0 0 0 0 
0 0 0 0 0 0 0 0 0 0 0 0 0 0 0 0 0 0 0 0 0 0 0 0 0 0 0 0 0 0 0 202966.3392 395482.6293 389895.3832 391059.1646 387527.5774 386949.3008 380795.7524 381101.6631 378965.726 378638.0243 374163.5149 372892.4399 368121.079 370474.5288 366111.097 371091.2357 363178.4849 360114.1888 364277.5555 366271.1873 365689.5211 360542.9685 363354.3502 367334.825 369923.3031 368829.1749 373074.5104 375605.8784 379361.2863 378576.1547 381599.0774 386460.1564 388513.815 385138.8873 387369.9263 385547.9749 399888.2086 205154.7986 0 0 0 0 0 0 0 0 0 0 0 0 0 0 0 0 0 0 0 0 0 0 0 0 0 0 0 0 0 0 0 
0 0 0 0 0 0 0 0 0 0 0 0 0 0 0 0 0 0 0 0 0 0 0 0 0 0 0 0 0 0 0 203188.9343 404517.9809 390389.2473 394276.6641 395724.6852 389527.7639 388038.4769 386250.2766 381468.1445 383310.2307 374288.913 376062.6723 369691.8523 370832.696 369839.1552 369199.5132 365437.4 371634.6684 367298.5971 364885.0849 371907.9343 367040.2474 367786.882 370058.6858 372262.8511 370000.5402 374491.2683 378093.3609 381217.1052 381330.776 383863.5734 388268.463 390877.3912 391268.9085 387927.7796 393414.5008 402933.4218 201738.3422 0 0 0 0 0 0 0 0 0 0 0 0 0 0 0 0 0 0 0 0 0 0 0 0 0 0 0 0 0 0 0 
0 0 0 0 0 0 0 0 0 0 0 0 0 0 0 0 0 0 0 0 0 0 0 0 0 0 0 0 0 0 0 206685.3009 406694.0962 393907.4094 390695.7156 389581.0822 394381.0667 390082.6857 392409.8591 384558.8708 382518.1409 381465.361 376224.3546 378188.9437 370123.5897 373708.6931 367418.2452 366866.3716 365722.7353 366368.388 365918.1643 365949.1805 373143.9442 366073.1583 367309.5462 371232.3644 374764.4771 377533.4135 374606.4084 384181.2816 381619.6346 390336.2008 392354.3901 395869.5021 389603.2192 392736.1597 393326.4921 408044.3478 203141.8681 0 0 0 0 0 0 0 0 0 0 0 0 0 0 0 0 0 0 0 0 0 0 0 0 0 0 0 0 0 0 0 
0 0 0 0 0 0 0 0 0 0 0 0 0 0 0 0 0 0 0 0 0 0 0 0 0 0 0 0 0 0 0 206570.8665 413792.965 399127.5756 395534.9007 393855.1862 389662.8785 392567.4366 389178.1514 383861.4281 376896.9218 381687.545 374965.8557 376538.0793 375924.9559 375679.5103 375909.7125 371130.2258 369864.7387 371829.4673 369570.1918 371439.6871 372107.8968 368807.1386 368005.6397 376030.1053 375789.399 379515.182 380290.348 386129.217 390850.55 385002.1819 386840.0616 393641.6396 396663.4971 395069.8457 399198.9324 407125.6677 207511.499 0 0 0 0 0 0 0 0 0 0 0 0 0 0 0 0 0 0 0 0 0 0 0 0 0 0 0 0 0 0 0 
0 0 0 0 0 0 0 0 0 0 0 0 0 0 0 0 0 0 0 0 0 0 0 0 0 0 0 0 0 0 0 206174.2069 407007.8674 395371.7296 394048.5228 396250.6456 396330.4218 396094.2523 387330.2461 383549.7279 382745.9899 378622.4144 375321.4121 371256.0499 375324.7238 375920.2861 374019.8263 375073.6147 368812.7039 366661.0593 370951.432 366817.1015 372932.3672 370674.6655 374315.5615 371076.5076 380503.8698 382018.886 385297.7801 388529.1558 391280.4239 394078.3355 394591.7703 395445.9686 394247.838 395102.6226 396633.8343 406568.6157 203862.9981 0 0 0 0 0 0 0 0 0 0 0 0 0 0 0 0 0 0 0 0 0 0 0 0 0 0 0 0 0 0 0 
0 0 0 0 0 0 0 0 0 0 0 0 0 0 0 0 0 0 0 0 0 0 0 0 0 0 0 0 0 0 0 209051.9486 406293.8793 398422.3881 396252.6161 393324.1181 389110.3558 392624.0516 387321.0217 384750.4922 382475.3787 382160.9391 379905.0888 379214.3492 377769.4354 373148.617 376790.7849 371971.4092 370494.72 373147.5191 370395.9262 370666.2767 370869.3856 371403.1343 373043.1375 373501.1073 378208.5409 377317.2796 383151.9389 386692.9377 384274.0877 391079.7586 391459.1361 391123.5475 393486.6245 396906.6439 399675.7726 408110.6142 205346.8698 0 0 0 0 0 0 0 0 0 0 0 0 0 0 0 0 0 0 0 0 0 0 0 0 0 0 0 0 0 0 0 
0 0 0 0 0 0 0 0 0 0 0 0 0 0 0 0 0 0 0 0 0 0 0 0 0 0 0 0 0 0 0 207907.1318 408653.9681 398573.3862 391142.3643 394189.7008 393102.0265 387425.7226 386800.1208 389107.8094 387408.6781 384242.781 379918.4863 375097.5209 374505.4594 374118.2153 371737.7413 371273.5207 372340.7803 369729.7056 372394.6184 372752.308 370756.6118 372247.639 371279.8299 376348.3971 377367.7742 383167.8736 384692.024 387939.7321 387131.0553 387364.7859 390472.1213 394571.2209 390884.9928 392143.582 397993.9879 407056.9267 209129.6394 0 0 0 0 0 0 0 0 0 0 0 0 0 0 0 0 0 0 0 0 0 0 0 0 0 0 0 0 0 0 0 
0 0 0 0 0 0 0 0 0 0 0 0 0 0 0 0 0 0 0 0 0 0 0 0 0 0 0 0 0 0 0 205952.3535 408206.8068 397451.4575 395008.4896 391439.0675 393347.3496 386077.1961 386440.6505 384051.011 383774.4085 382889.2497 378883.8439 376243.5078 374539.1077 369962.7076 371196.0062 371362.0509 369702.0042 371507.1918 369557.3541 366357.084 372315.2278 371546.0701 374030.9249 374232.5985 379283.1807 379608.8773 382198.4069 387818.1044 389228.6886 387844.7012 388276.0306 394988.4882 400780.6331 399549.4833 396861.1427 406234.2995 204609.9851 0 0 0 0 0 0 0 0 0 0 0 0 0 0 0 0 0 0 0 0 0 0 0 0 0 0 0 0 0 0 0 
0 0 0 0 0 0 0 0 0 0 0 0 0 0 0 0 0 0 0 0 0 0 0 0 0 0 0 0 0 0 0 208841.2119 405053.1016 394303.617 394448.294 393924.4831 395192.4119 390859.4993 386409.1443 387522.9744 384675.2926 382254.7378 379193.2607 376638.4161 373832.8056 377109.5826 367277.6062 371876.6759 370217.8483 371600.0242 369744.1626 375398.7136 371345.8278 370863.8687 370202.7231 377068.97 378939.9668 378055.2399 378098.6853 379897.6194 384967.5024 389308.8258 391880.5223 393202.0147 395487.6303 395975.2843 395265.8457 407062.7978 207604.2057 0 0 0 0 0 0 0 0 0 0 0 0 0 0 0 0 0 0 0 0 0 0 0 0 0 0 0 0 0 0 0 
0 0 0 0 0 0 0 0 0 0 0 0 0 0 0 0 0 0 0 0 0 0 0 0 0 0 0 0 0 0 0 206209.2497 411329.2246 393107.3848 394245.8868 392395.2758 392127.442 390749.2213 388888.1148 385377.3742 380982.7376 378944.5961 376966.7368 372690.5844 372936.296 372046.9059 363702.5146 365206.4441 372036.8874 367937.8284 370322.9877 366264.0333 371287.0592 369409.668 376337.3345 372484.2535 378790.8234 378478.3015 378909.0162 381592.6082 386715.7016 386590.7748 391964.7067 394255.52 395286.7764 394579.1238 394829.6496 405968.6889 206428.5267 0 0 0 0 0 0 0 0 0 0 0 0 0 0 0 0 0 0 0 0 0 0 0 0 0 0 0 0 0 0 0 
0 0 0 0 0 0 0 0 0 0 0 0 0 0 0 0 0 0 0 0 0 0 0 0 0 0 0 0 0 0 0 207965.0619 405122.2756 400291.0412 391004.4696 390357.6825 390960.1944 387764.4569 387317.2647 382942.1333 385384.0064 376608.0826 375751.3016 370382.3103 375490.655 375440.2566 369330.0031 369870.1934 365812.4218 370348.6564 369938.36 368067.8561 370824.6868 370995.8086 370497.0806 370727.8061 375281.6692 372898.0624 378529.1501 375873.765 385616.3863 384562.6921 390476.2586 393965.9306 389756.0857 390106.6993 397848.0388 404619.8374 205151.6182 0 0 0 0 0 0 0 0 0 0 0 0 0 0 0 0 0 0 0 0 0 0 0 0 0 0 0 0 0 0 0 
0 0 0 0 0 0 0 0 0 0 0 0 0 0 0 0 0 0 0 0 0 0 0 0 0 0 0 0 0 0 0 206537.585 408510.4133 394787.9994 393764.8241 395952.0029 389001.5147 386872.9515 385812.2634 379958.6118 385245.9916 380660.3519 381376.5003 369510.4091 370227.5247 373198.11 368204.7159 368276.8901 369695.0721 361945.3666 366709.4963 367635.6649 370391.7058 369462.4284 368806.8226 369859.5334 374018.5097 378501.6737 382246.7714 382639.0524 383972.8882 387303.4603 387351.7826 387924.6542 391219.3193 390550.77 393791.8662 409725.1063 205270.2372 0 0 0 0 0 0 0 0 0 0 0 0 0 0 0 0 0 0 0 0 0 0 0 0 0 0 0 0 0 0 0 
0 0 0 0 0 0 0 0 0 0 0 0 0 0 0 0 0 0 0 0 0 0 0 0 0 0 0 0 0 0 0 109641.9426 215156.0412 208658.8188 210476.1187 208104.6213 207306.1795 205988.5131 205468.6022 204438.5902 203682.7784 204576.8099 200697.7543 198987.0664 197136.6215 194677.4203 195334.2205 198264.8171 197967.5856 195650.8639 194666.9608 193589.2806 196728.6695 195131.5847 198341.3664 200800.183 195853.9729 202136.6698 199725.0197 205094.3603 204192.7227 205530.1232 205232.6465 210927.5078 208320.9453 206819.5824 209071.3433 213698.0908 109354.263 0 0 0 0 0 0 0 0 0 0 0 0 0 0 0 0 0 0 0 0 0 0 0 0 0 0 0 0 0 0 0 
0 0 0 0 0 0 0 0 0 0 0 0 0 0 0 0 0 0 0 0 0 0 0 0 0 0 0 0 0 0 0 0 0 0 0 0 0 0 0 0 0 0 0 0 0 0 0 0 0 0 0 0 0 0 0 0 0 0 0 0 0 0 0 0 0 0 0 0 0 0 0 0 0 0 0 0 0 0 0 0 0 0 0 0 0 0 0 0 0 0 0 0 0 0 0 0 0 0 0 0 
0 0 0 0 0 0 0 0 0 0 0 0 0 0 0 0 0 0 0 0 0 0 0 0 0 0 0 0 0 0 0 0 0 0 0 0 0 0 0 0 0 0 0 0 0 0 0 0 0 0 0 0 0 0 0 0 0 0 0 0 0 0 0 0 0 0 0 0 0 0 0 0 0 0 0 0 0 0 0 0 0 0 0 0 0 0 0 0 0 0 0 0 0 0 0 0 0 0 0 0 
0 0 0 0 0 0 0 0 0 0 0 0 0 0 0 0 0 0 0 0 0 0 0 0 0 0 0 0 0 0 0 0 0 0 0 0 0 0 0 0 0 0 0 0 0 0 0 0 0 0 0 0 0 0 0 0 0 0 0 0 0 0 0 0 0 0 0 0 0 0 0 0 0 0 0 0 0 0 0 0 0 0 0 0 0 0 0 0 0 0 0 0 0 0 0 0 0 0 0 0 
0 0 0 0 0 0 0 0 0 0 0 0 0 0 0 0 0 0 0 0 0 0 0 0 0 0 0 0 0 0 0 0 0 0 0 0 0 0 0 0 0 0 0 0 0 0 0 0 0 0 0 0 0 0 0 0 0 0 0 0 0 0 0 0 0 0 0 0 0 0 0 0 0 0 0 0 0 0 0 0 0 0 0 0 0 0 0 0 0 0 0 0 0 0 0 0 0 0 0 0 
0 0 0 0 0 0 0 0 0 0 0 0 0 0 0 0 0 0 0 0 0 0 0 0 0 0 0 0 0 0 0 0 0 0 0 0 0 0 0 0 0 0 0 0 0 0 0 0 0 0 0 0 0 0 0 0 0 0 0 0 0 0 0 0 0 0 0 0 0 0 0 0 0 0 0 0 0 0 0 0 0 0 0 0 0 0 0 0 0 0 0 0 0 0 0 0 0 0 0 0 
0 0 0 0 0 0 0 0 0 0 0 0 0 0 0 0 0 0 0 0 0 0 0 0 0 0 0 0 0 0 0 0 0 0 0 0 0 0 0 0 0 0 0 0 0 0 0 0 0 0 0 0 0 0 0 0 0 0 0 0 0 0 0 0 0 0 0 0 0 0 0 0 0 0 0 0 0 0 0 0 0 0 0 0 0 0 0 0 0 0 0 0 0 0 0 0 0 0 0 0 
0 0 0 0 0 0 0 0 0 0 0 0 0 0 0 0 0 0 0 0 0 0 0 0 0 0 0 0 0 0 0 0 0 0 0 0 0 0 0 0 0 0 0 0 0 0 0 0 0 0 0 0 0 0 0 0 0 0 0 0 0 0 0 0 0 0 0 0 0 0 0 0 0 0 0 0 0 0 0 0 0 0 0 0 0 0 0 0 0 0 0 0 0 0 0 0 0 0 0 0 
0 0 0 0 0 0 0 0 0 0 0 0 0 0 0 0 0 0 0 0 0 0 0 0 0 0 0 0 0 0 0 0 0 0 0 0 0 0 0 0 0 0 0 0 0 0 0 0 0 0 0 0 0 0 0 0 0 0 0 0 0 0 0 0 0 0 0 0 0 0 0 0 0 0 0 0 0 0 0 0 0 0 0 0 0 0 0 0 0 0 0 0 0 0 0 0 0 0 0 0 
0 0 0 0 0 0 0 0 0 0 0 0 0 0 0 0 0 0 0 0 0 0 0 0 0 0 0 0 0 0 0 0 0 0 0 0 0 0 0 0 0 0 0 0 0 0 0 0 0 0 0 0 0 0 0 0 0 0 0 0 0 0 0 0 0 0 0 0 0 0 0 0 0 0 0 0 0 0 0 0 0 0 0 0 0 0 0 0 0 0 0 0 0 0 0 0 0 0 0 0 
0 0 0 0 0 0 0 0 0 0 0 0 0 0 0 0 0 0 0 0 0 0 0 0 0 0 0 0 0 0 0 0 0 0 0 0 0 0 0 0 0 0 0 0 0 0 0 0 0 0 0 0 0 0 0 0 0 0 0 0 0 0 0 0 0 0 0 0 0 0 0 0 0 0 0 0 0 0 0 0 0 0 0 0 0 0 0 0 0 0 0 0 0 0 0 0 0 0 0 0 
0 0 0 0 0 0 0 0 0 0 0 0 0 0 0 0 0 0 0 0 0 0 0 0 0 0 0 0 0 0 0 0 0 0 0 0 0 0 0 0 0 0 0 0 0 0 0 0 0 0 0 0 0 0 0 0 0 0 0 0 0 0 0 0 0 0 0 0 0 0 0 0 0 0 0 0 0 0 0 0 0 0 0 0 0 0 0 0 0 0 0 0 0 0 0 0 0 0 0 0 
0 0 0 0 0 0 0 0 0 0 0 0 0 0 0 0 0 0 0 0 0 0 0 0 0 0 0 0 0 0 0 0 0 0 0 0 0 0 0 0 0 0 0 0 0 0 0 0 0 0 0 0 0 0 0 0 0 0 0 0 0 0 0 0 0 0 0 0 0 0 0 0 0 0 0 0 0 0 0 0 0 0 0 0 0 0 0 0 0 0 0 0 0 0 0 0 0 0 0 0 
# Errors [EndOfInsertPSD/EndOfInsertPSD.dat] I_err:
0 0 0 0 0 0 0 0 0 0 0 0 0 0 0 0 0 0 0 0 0 0 0 0 0 0 0 0 0 0 0 0 0 0 0 0 0 0 0 0 0 0 0 0 0 0 0 0 0 0 0 0 0 0 0 0 0 0 0 0 0 0 0 0 0 0 0 0 0 0 0 0 0 0 0 0 0 0 0 0 0 0 0 0 0 0 0 0 0 0 0 0 0 0 0 0 0 0 0 0 
0 0 0 0 0 0 0 0 0 0 0 0 0 0 0 0 0 0 0 0 0 0 0 0 0 0 0 0 0 0 0 0 0 0 0 0 0 0 0 0 0 0 0 0 0 0 0 0 0 0 0 0 0 0 0 0 0 0 0 0 0 0 0 0 0 0 0 0 0 0 0 0 0 0 0 0 0 0 0 0 0 0 0 0 0 0 0 0 0 0 0 0 0 0 0 0 0 0 0 0 
0 0 0 0 0 0 0 0 0 0 0 0 0 0 0 0 0 0 0 0 0 0 0 0 0 0 0 0 0 0 0 0 0 0 0 0 0 0 0 0 0 0 0 0 0 0 0 0 0 0 0 0 0 0 0 0 0 0 0 0 0 0 0 0 0 0 0 0 0 0 0 0 0 0 0 0 0 0 0 0 0 0 0 0 0 0 0 0 0 0 0 0 0 0 0 0 0 0 0 0 
0 0 0 0 0 0 0 0 0 0 0 0 0 0 0 0 0 0 0 0 0 0 0 0 0 0 0 0 0 0 0 0 0 0 0 0 0 0 0 0 0 0 0 0 0 0 0 0 0 0 0 0 0 0 0 0 0 0 0 0 0 0 0 0 0 0 0 0 0 0 0 0 0 0 0 0 0 0 0 0 0 0 0 0 0 0 0 0 0 0 0 0 0 0 0 0 0 0 0 0 
0 0 0 0 0 0 0 0 0 0 0 0 0 0 0 0 0 0 0 0 0 0 0 0 0 0 0 0 0 0 0 0 0 0 0 0 0 0 0 0 0 0 0 0 0 0 0 0 0 0 0 0 0 0 0 0 0 0 0 0 0 0 0 0 0 0 0 0 0 0 0 0 0 0 0 0 0 0 0 0 0 0 0 0 0 0 0 0 0 0 0 0 0 0 0 0 0 0 0 0 
0 0 0 0 0 0 0 0 0 0 0 0 0 0 0 0 0 0 0 0 0 0 0 0 0 0 0 0 0 0 0 0 0 0 0 0 0 0 0 0 0 0 0 0 0 0 0 0 0 0 0 0 0 0 0 0 0 0 0 0 0 0 0 0 0 0 0 0 0 0 0 0 0 0 0 0 0 0 0 0 0 0 0 0 0 0 0 0 0 0 0 0 0 0 0 0 0 0 0 0 
0 0 0 0 0 0 0 0 0 0 0 0 0 0 0 0 0 0 0 0 0 0 0 0 0 0 0 0 0 0 0 0 0 0 0 0 0 0 0 0 0 0 0 0 0 0 0 0 0 0 0 0 0 0 0 0 0 0 0 0 0 0 0 0 0 0 0 0 0 0 0 0 0 0 0 0 0 0 0 0 0 0 0 0 0 0 0 0 0 0 0 0 0 0 0 0 0 0 0 0 
0 0 0 0 0 0 0 0 0 0 0 0 0 0 0 0 0 0 0 0 0 0 0 0 0 0 0 0 0 0 0 0 0 0 0 0 0 0 0 0 0 0 0 0 0 0 0 0 0 0 0 0 0 0 0 0 0 0 0 0 0 0 0 0 0 0 0 0 0 0 0 0 0 0 0 0 0 0 0 0 0 0 0 0 0 0 0 0 0 0 0 0 0 0 0 0 0 0 0 0 
0 0 0 0 0 0 0 0 0 0 0 0 0 0 0 0 0 0 0 0 0 0 0 0 0 0 0 0 0 0 0 0 0 0 0 0 0 0 0 0 0 0 0 0 0 0 0 0 0 0 0 0 0 0 0 0 0 0 0 0 0 0 0 0 0 0 0 0 0 0 0 0 0 0 0 0 0 0 0 0 0 0 0 0 0 0 0 0 0 0 0 0 0 0 0 0 0 0 0 0 
0 0 0 0 0 0 0 0 0 0 0 0 0 0 0 0 0 0 0 0 0 0 0 0 0 0 0 0 0 0 0 0 0 0 0 0 0 0 0 0 0 0 0 0 0 0 0 0 0 0 0 0 0 0 0 0 0 0 0 0 0 0 0 0 0 0 0 0 0 0 0 0 0 0 0 0 0 0 0 0 0 0 0 0 0 0 0 0 0 0 0 0 0 0 0 0 0 0 0 0 
0 0 0 0 0 0 0 0 0 0 0 0 0 0 0 0 0 0 0 0 0 0 0 0 0 0 0 0 0 0 0 0 0 0 0 0 0 0 0 0 0 0 0 0 0 0 0 0 0 0 0 0 0 0 0 0 0 0 0 0 0 0 0 0 0 0 0 0 0 0 0 0 0 0 0 0 0 0 0 0 0 0 0 0 0 0 0 0 0 0 0 0 0 0 0 0 0 0 0 0 
0 0 0 0 0 0 0 0 0 0 0 0 0 0 0 0 0 0 0 0 0 0 0 0 0 0 0 0 0 0 0 0 0 0 0 0 0 0 0 0 0 0 0 0 0 0 0 0 0 0 0 0 0 0 0 0 0 0 0 0 0 0 0 0 0 0 0 0 0 0 0 0 0 0 0 0 0 0 0 0 0 0 0 0 0 0 0 0 0 0 0 0 0 0 0 0 0 0 0 0 
0 0 0 0 0 0 0 0 0 0 0 0 0 0 0 0 0 0 0 0 0 0 0 0 0 0 0 0 0 0 0 1305.143004 1810.277799 1795.39442 1786.92989 1777.488244 1783.813802 1770.186204 1768.905921 1742.081191 1737.484098 1724.090544 1747.530208 1721.197134 1710.633154 1699.967068 1696.152693 1704.300637 1690.775164 1691.275303 1701.881361 1697.58532 1689.381581 1695.840703 1701.048636 1708.540334 1722.597318 1723.583327 1730.543465 1744.068406 1750.756715 1753.538035 1774.799315 1774.187978 1789.755001 1786.298533 1787.482394 1805.934177 1287.743312 0 0 0 0 0 0 0 0 0 0 0 0 0 0 0 0 0 0 0 0 0 0 0 0 0 0 0 0 0 0 0 
0 0 0 0 0 0 0 0 0 0 0 0 0 0 0 0 0 0 0 0 0 0 0 0 0 0 0 0 0 0 0 1756.830998 2486.304811 2464.357125 2446.262047 2431.734616 2432.792475 2430.646714 2400.09562 2405.077198 2401.43804 2376.050367 2364.684957 2358.294239 2352.143521 2338.99009 2329.983376 2324.783166 2329.089942 2324.620707 2321.245616 2335.261978 2337.194639 2325.551049 2332.784505 2340.00955 2365.089745 2368.29097 2362.157614 2382.430708 2399.212691 2419.036479 2427.358133 2444.702937 2432.187803 2440.484172 2442.557439 2493.927776 1754.091468 0 0 0 0 0 0 0 0 0 0 0 0 0 0 0 0 0 0 0 0 0 0 0 0 0 0 0 0 0 0 0 
0 0 0 0 0 0 0 0 0 0 0 0 0 0 0 0 0 0 0 0 0 0 0 0 0 0 0 0 0 0 0 1749.148408 2466.346833 2456.709666 2442.973776 2436.215223 2440.060303 2428.150837 2409.456765 2391.372135 2388.563981 2374.073032 2352.62636 2355.838145 2346.93454 2324.726693 2319.507356 2320.228789 2315.867129 2335.228811 2331.95404 2332.679233 2329.373023 2338.424837 2333.602039 2332.414353 2356.44061 2362.987051 2376.005601 2389.752008 2388.589713 2415.048944 2428.88201 2426.626517 2433.703261 2444.692226 2448.202675 2479.939052 1768.041689 0 0 0 0 0 0 0 0 0 0 0 0 0 0 0 0 0 0 0 0 0 0 0 0 0 0 0 0 0 0 0 
0 0 0 0 0 0 0 0 0 0 0 0 0 0 0 0 0 0 0 0 0 0 0 0 0 0 0 0 0 0 0 1756.615529 2472.118221 2442.974216 2427.173086 2435.012031 2414.572239 2411.081458 2404.217563 2395.898083 2375.740766 2376.801153 2370.743514 2351.108723 2348.677248 2338.311371 2321.292138 2311.946337 2310.837785 2319.188289 2322.574289 2303.14316 2320.576313 2328.851883 2334.435637 2327.740377 2342.216553 2359.834704 2365.820773 2378.917901 2389.818339 2386.37918 2419.772137 2434.777285 2414.97134 2431.719873 2451.860207 2474.29796 1758.11038 0 0 0 0 0 0 0 0 0 0 0 0 0 0 0 0 0 0 0 0 0 0 0 0 0 0 0 0 0 0 0 
0 0 0 0 0 0 0 0 0 0 0 0 0 0 0 0 0 0 0 0 0 0 0 0 0 0 0 0 0 0 0 1750.229783 2453.032738 2448.163552 2423.295167 2429.317991 2411.033301 2415.508052 2395.262429 2403.716583 2392.738671 2374.832907 2347.143151 2348.54082 2327.633272 2325.652577 2308.008255 2317.164142 2320.742649 2312.933981 2311.624609 2292.198518 2312.563025 2311.608299 2315.600187 2327.7386 2342.093341 2358.922623 2361.262996 2367.455912 2382.135177 2417.847041 2414.248668 2419.254177 2426.574798 2442.756526 2437.845055 2469.404275 1758.172522 0 0 0 0 0 0 0 0 0 0 0 0 0 0 0 0 0 0 0 0 0 0 0 0 0 0 0 0 0 0 0 
0 0 0 0 0 0 0 0 0 0 0 0 0 0 0 0 0 0 0 0 0 0 0 0 0 0 0 0 0 0 0 1767.364467 2466.806803 2441.749211 2433.439482 2425.960113 2423.701686 2409.40972 2396.667869 2390.914895 2397.771746 2361.754416 2349.049296 2350.651413 2330.092686 2324.280754 2326.246096 2310.793721 2325.66084 2290.317597 2319.197357 2315.11848 2317.23237 2317.126089 2326.546118 2344.346228 2341.512415 2347.91725 2362.672721 2368.59573 2396.110479 2400.108114 2408.858302 2412.424921 2430.388253 2432.839307 2425.391285 2471.914344 1766.923905 0 0 0 0 0 0 0 0 0 0 0 0 0 0 0 0 0 0 0 0 0 0 0 0 0 0 0 0 0 0 0 
0 0 0 0 0 0 0 0 0 0 0 0 0 0 0 0 0 0 0 0 0 0 0 0 0 0 0 0 0 0 0 1759.273547 2466.665551 2433.998063 2429.085327 2427.219788 2409.479561 2406.423781 2393.878042 2384.006993 2369.849454 2361.330816 2346.51369 2329.393549 2327.910558 2315.451306 2315.156109 2307.216845 2303.0936 2299.191976 2311.835043 2304.483071 2300.516604 2304.936425 2322.809696 2319.456979 2345.397896 2351.822427 2353.746362 2372.505085 2377.616755 2391.566813 2409.942202 2430.288557 2414.625773 2438.579798 2434.3501 2464.533524 1745.945016 0 0 0 0 0 0 0 0 0 0 0 0 0 0 0 0 0 0 0 0 0 0 0 0 0 0 0 0 0 0 0 
0 0 0 0 0 0 0 0 0 0 0 0 0 0 0 0 0 0 0 0 0 0 0 0 0 0 0 0 0 0 0 1758.039505 2462.779413 2425.797988 2418.390019 2413.78795 2415.435723 2411.918693 2398.017923 2369.470015 2358.405951 2354.235149 2343.3987 2324.071046 2319.306651 2318.184814 2311.88195 2307.225895 2313.436326 2308.233006 2298.540104 2293.862349 2302.449357 2326.80292 2334.109751 2314.03107 2330.752802 2342.977946 2351.131269 2360.765382 2370.863212 2380.970349 2400.38576 2419.119041 2413.803954 2413.674724 2425.571758 2452.697609 1734.535748 0 0 0 0 0 0 0 0 0 0 0 0 0 0 0 0 0 0 0 0 0 0 0 0 0 0 0 0 0 0 0 
0 0 0 0 0 0 0 0 0 0 0 0 0 0 0 0 0 0 0 0 0 0 0 0 0 0 0 0 0 0 0 1736.786539 2457.936367 2427.217279 2417.330822 2415.355416 2404.588741 2392.801593 2387.932218 2384.751508 2357.806433 2339.460568 2338.396624 2335.589934 2328.458707 2317.04005 2312.071827 2295.691751 2298.18582 2298.302751 2297.8002 2302.431934 2303.734137 2302.965006 2306.822662 2314.321714 2326.374212 2328.000822 2354.277507 2363.152194 2365.348194 2390.373272 2398.782417 2404.697855 2401.413236 2423.91961 2413.403427 2444.888228 1751.956424 0 0 0 0 0 0 0 0 0 0 0 0 0 0 0 0 0 0 0 0 0 0 0 0 0 0 0 0 0 0 0 
0 0 0 0 0 0 0 0 0 0 0 0 0 0 0 0 0 0 0 0 0 0 0 0 0 0 0 0 0 0 0 1748.163271 2438.06347 2419.801663 2423.14395 2403.745849 2409.170316 2391.54691 2382.765139 2366.648074 2353.915326 2337.224612 2327.735631 2318.388414 2305.453501 2318.741121 2302.046359 2301.192548 2292.912609 2294.413285 2294.656569 2295.132662 2304.540178 2311.380231 2307.976874 2316.280559 2321.853433 2339.959609 2353.400538 2348.368854 2357.484419 2381.617115 2391.79516 2401.097459 2423.363865 2422.335938 2424.026012 2457.952335 1743.54819 0 0 0 0 0 0 0 0 0 0 0 0 0 0 0 0 0 0 0 0 0 0 0 0 0 0 0 0 0 0 0 
0 0 0 0 0 0 0 0 0 0 0 0 0 0 0 0 0 0 0 0 0 0 0 0 0 0 0 0 0 0 0 1740.920376 2435.433621 2411.272096 2414.774874 2406.864391 2397.903815 2411.905203 2368.138477 2367.987482 2338.998313 2340.410876 2329.704477 2310.478619 2306.525155 2298.514256 2309.846607 2298.751141 2287.714727 2289.108682 2283.562838 2277.566576 2285.739714 2292.129155 2299.01688 2309.420738 2321.619884 2327.887686 2343.780537 2349.122723 2363.537439 2395.552545 2375.669546 2392.663339 2400.022026 2401.592386 2408.98033 2435.627491 1730.690279 0 0 0 0 0 0 0 0 0 0 0 0 0 0 0 0 0 0 0 0 0 0 0 0 0 0 0 0 0 0 0 
0 0 0 0 0 0 0 0 0 0 0 0 0 0 0 0 0 0 0 0 0 0 0 0 0 0 0 0 0 0 0 1729.154502 2433.171002 2405.950996 2398.325628 2391.779103 2375.568337 2374.598477 2360.701218 2361.161407 2341.432353 2334.166274 2325.593885 2303.3374 2283.436403 2302.912555 2286.013135 2277.170949 2288.834576 2288.800919 2283.373876 2297.291002 2278.224584 2299.510061 2277.138619 2297.88922 2301.556902 2327.40185 2334.359451 2335.893873 2356.204367 2362.64273 2377.54497 2397.262599 2385.119667 2395.8552 2405.09538 2441.465689 1727.111051 0 0 0 0 0 0 0 0 0 0 0 0 0 0 0 0 0 0 0 0 0 0 0 0 0 0 0 0 0 0 0 
0 0 0 0 0 0 0 0 0 0 0 0 0 0 0 0 0 0 0 0 0 0 0 0 0 0 0 0 0 0 0 1724.015522 2435.348205 2388.299302 2385.647975 2383.262782 2376.119468 2373.062316 2361.889391 2332.864809 2334.548482 2310.55834 2304.519805 2303.130801 2288.21401 2284.038018 2270.412225 2258.752275 2266.511801 2263.167272 2253.396111 2273.299917 2276.16374 2281.150036 2272.896388 2298.913385 2303.977888 2304.407416 2330.512336 2333.389551 2343.230933 2343.596072 2365.712407 2373.605837 2377.723726 2382.73512 2395.878307 2420.852428 1715.41451 0 0 0 0 0 0 0 0 0 0 0 0 0 0 0 0 0 0 0 0 0 0 0 0 0 0 0 0 0 0 0 
0 0 0 0 0 0 0 0 0 0 0 0 0 0 0 0 0 0 0 0 0 0 0 0 0 0 0 0 0 0 0 1713.748792 2406.120602 2381.691059 2377.517595 2370.734869 2374.393452 2337.524753 2351.082781 2333.176151 2320.175847 2307.232168 2297.370969 2290.014406 2273.453696 2267.538364 2264.465053 2268.459015 2258.810873 2253.626653 2271.239894 2236.020041 2252.123769 2271.575271 2261.662323 2286.073957 2278.37605 2301.776428 2309.849208 2324.246913 2336.115834 2331.230239 2367.841751 2367.558471 2382.753742 2374.398884 2388.585433 2416.97835 1712.149786 0 0 0 0 0 0 0 0 0 0 0 0 0 0 0 0 0 0 0 0 0 0 0 0 0 0 0 0 0 0 0 
0 0 0 0 0 0 0 0 0 0 0 0 0 0 0 0 0 0 0 0 0 0 0 0 0 0 0 0 0 0 0 1695.165063 2394.249069 2366.917917 2357.11987 2356.896102 2339.673464 2353.876318 2329.431601 2320.219064 2309.962382 2299.899925 2292.504461 2277.876204 2273.030092 2256.634124 2256.106927 2240.565194 2261.050951 2238.31477 2233.809217 2230.718298 2253.39341 2254.576693 2270.685546 2269.497357 2264.270114 2276.234728 2289.255673 2318.169082 2332.489684 2324.313385 2335.666338 2359.452085 2357.781489 2357.449522 2380.345096 2400.700864 1710.420658 0 0 0 0 0 0 0 0 0 0 0 0 0 0 0 0 0 0 0 0 0 0 0 0 0 0 0 0 0 0 0 
0 0 0 0 0 0 0 0 0 0 0 0 0 0 0 0 0 0 0 0 0 0 0 0 0 0 0 0 0 0 0 1692.511481 2383.344252 2360.010778 2351.330388 2349.448272 2342.750295 2326.416263 2310.503427 2300.653052 2300.166314 2276.117909 2262.870996 2257.112751 2247.464763 2229.524696 2249.69577 2224.350536 2240.016095 2234.614847 2229.897798 2229.739577 2237.520297 2237.70584 2245.251181 2261.253357 2271.339659 2277.21873 2294.025347 2303.053635 2285.527326 2325.881305 2334.311593 2345.985997 2351.592107 2350.986918 2362.108718 2385.191676 1708.364829 0 0 0 0 0 0 0 0 0 0 0 0 0 0 0 0 0 0 0 0 0 0 0 0 0 0 0 0 0 0 0 
0 0 0 0 0 0 0 0 0 0 0 0 0 0 0 0 0 0 0 0 0 0 0 0 0 0 0 0 0 0 0 1688.530255 2368.651419 2345.164227 2351.044209 2331.007515 2324.067209 2320.788513 2298.656741 2306.107036 2287.821102 2280.276926 2263.474398 2253.211651 2236.268036 2223.667511 2230.326118 2232.161956 2219.960655 2220.269891 2215.754923 2224.655717 2231.796367 2232.505655 2244.931274 2233.649776 2259.697793 2268.97972 2269.25657 2294.528817 2290.054773 2304.339293 2321.492835 2344.32436 2335.49026 2339.444381 2356.056909 2372.576025 1689.489322 0 0 0 0 0 0 0 0 0 0 0 0 0 0 0 0 0 0 0 0 0 0 0 0 0 0 0 0 0 0 0 
0 0 0 0 0 0 0 0 0 0 0 0 0 0 0 0 0 0 0 0 0 0 0 0 0 0 0 0 0 0 0 1686.11788 2369.044418 2329.622496 2331.848136 2322.142254 2322.52174 2310.398851 2285.32039 2276.360495 2263.115646 2255.918442 2254.402862 2233.193287 2210.542742 2228.079861 2222.005542 2201.343076 2212.222083 2201.82014 2205.117803 2204.617382 2208.562193 2215.580912 2223.800329 2230.369993 2238.63695 2243.489195 2267.00533 2277.138519 2272.393418 2293.605853 2296.527666 2325.536572 2326.663386 2322.037538 2352.134273 2353.656046 1670.045889 0 0 0 0 0 0 0 0 0 0 0 0 0 0 0 0 0 0 0 0 0 0 0 0 0 0 0 0 0 0 0 
0 0 0 0 0 0 0 0 0 0 0 0 0 0 0 0 0 0 0 0 0 0 0 0 0 0 0 0 0 0 0 1665.971529 2354.015177 2321.416574 2307.608907 2312.169604 2304.492486 2282.213185 2282.295306 2268.99485 2281.273712 2251.209292 2223.864651 2227.070498 2231.268266 2212.63323 2206.794701 2204.206439 2201.037954 2203.859271 2202.124357 2203.987204 2201.699739 2213.621171 2220.704221 2222.392235 2229.21917 2234.614009 2241.10812 2270.618544 2274.482654 2276.365266 2289.732554 2305.485298 2310.187094 2307.287911 2324.358801 2345.817353 1679.741718 0 0 0 0 0 0 0 0 0 0 0 0 0 0 0 0 0 0 0 0 0 0 0 0 0 0 0 0 0 0 0 
0 0 0 0 0 0 0 0 0 0 0 0 0 0 0 0 0 0 0 0 0 0 0 0 0 0 0 0 0 0 0 1653.900052 2343.946978 2298.324575 2304.687169 2291.088865 2300.542743 2286.492548 2261.239068 2260.015538 2245.899395 2235.581851 2232.415741 2217.771156 2205.7272 2206.475125 2199.735925 2190.194972 2190.63794 2184.4179 2177.497279 2178.797688 2173.937592 2190.367801 2196.16603 2204.151671 2216.77811 2213.32422 2237.80524 2249.243229 2257.972255 2260.556746 2280.816025 2292.536498 2290.9642 2291.207472 2312.882735 2335.32038 1663.310335 0 0 0 0 0 0 0 0 0 0 0 0 0 0 0 0 0 0 0 0 0 0 0 0 0 0 0 0 0 0 0 
0 0 0 0 0 0 0 0 0 0 0 0 0 0 0 0 0 0 0 0 0 0 0 0 0 0 0 0 0 0 0 1640.718702 2321.6266 2294.318456 2279.717651 2283.830613 2282.566342 2258.582622 2260.758374 2259.55862 2231.91397 2218.258358 2209.748712 2215.323531 2193.11812 2169.771559 2176.938237 2189.854479 2173.816528 2178.273859 2172.346815 2182.657477 2181.606712 2183.664741 2188.078497 2204.889081 2209.944251 2206.310543 2218.431534 2241.450397 2244.240013 2258.924839 2268.096518 2268.217923 2280.924216 2277.869414 2287.812595 2333.958275 1646.595863 0 0 0 0 0 0 0 0 0 0 0 0 0 0 0 0 0 0 0 0 0 0 0 0 0 0 0 0 0 0 0 
0 0 0 0 0 0 0 0 0 0 0 0 0 0 0 0 0 0 0 0 0 0 0 0 0 0 0 0 0 0 0 1641.706756 2302.606589 2282.451392 2279.824919 2257.367425 2251.112227 2243.836303 2245.15636 2221.382028 2218.859171 2221.414754 2201.235717 2190.093332 2182.034208 2180.251973 2163.685126 2169.931988 2165.278155 2163.138239 2168.1402 2155.641745 2163.407669 2175.57417 2172.21288 2188.000899 2183.097396 2195.646747 2202.770844 2229.006572 2228.333422 2248.900975 2259.545467 2258.980299 2268.899425 2286.084284 2293.409175 2300.126108 1641.834973 0 0 0 0 0 0 0 0 0 0 0 0 0 0 0 0 0 0 0 0 0 0 0 0 0 0 0 0 0 0 0 
0 0 0 0 0 0 0 0 0 0 0 0 0 0 0 0 0 0 0 0 0 0 0 0 0 0 0 0 0 0 0 1623.133916 2296.826339 2269.194519 2250.847888 2267.122252 2231.660725 2239.06587 2222.435935 2214.855832 2197.157432 2200.311167 2184.960895 2181.562939 2176.731557 2162.195073 2162.738026 2143.959395 2156.288558 2145.70195 2143.813985 2142.77845 2151.964483 2158.711799 2156.928779 2164.918703 2179.635675 2179.132557 2187.176288 2210.847417 2221.554888 2222.965641 2235.784096 2238.890243 2252.0113 2247.898818 2269.886551 2290.753633 1628.24533 0 0 0 0 0 0 0 0 0 0 0 0 0 0 0 0 0 0 0 0 0 0 0 0 0 0 0 0 0 0 0 
0 0 0 0 0 0 0 0 0 0 0 0 0 0 0 0 0 0 0 0 0 0 0 0 0 0 0 0 0 0 0 1612.44511 2282.658428 2252.275723 2250.825266 2236.168414 2223.898896 2229.881513 2203.884338 2207.28002 2187.741893 2184.072613 2157.394548 2154.782738 2145.084952 2141.665656 2153.656142 2127.630005 2146.715501 2140.347822 2129.060124 2129.528099 2136.916745 2141.000402 2143.866523 2151.360141 2167.367361 2172.214237 2168.238776 2201.025173 2200.877188 2204.197471 2222.757032 2230.665652 2237.174099 2245.178672 2262.738524 2281.654595 1611.746394 0 0 0 0 0 0 0 0 0 0 0 0 0 0 0 0 0 0 0 0 0 0 0 0 0 0 0 0 0 0 0 
0 0 0 0 0 0 0 0 0 0 0 0 0 0 0 0 0 0 0 0 0 0 0 0 0 0 0 0 0 0 0 1611.995229 2266.089524 2231.837765 2230.483373 2229.36088 2226.568385 2211.004237 2203.211705 2191.760964 2175.402489 2160.172452 2155.1605 2144.171266 2135.155509 2134.919859 2129.826027 2120.082958 2114.583481 2111.270989 2118.23116 2108.798089 2119.022324 2135.473034 2126.050592 2132.203013 2149.125148 2153.232942 2169.075929 2172.130936 2197.857328 2203.293504 2206.187933 2221.273284 2224.640114 2232.262507 2240.228353 2269.632094 1603.126857 0 0 0 0 0 0 0 0 0 0 0 0 0 0 0 0 0 0 0 0 0 0 0 0 0 0 0 0 0 0 0 
0 0 0 0 0 0 0 0 0 0 0 0 0 0 0 0 0 0 0 0 0 0 0 0 0 0 0 0 0 0 0 1595.761459 2246.649485 2213.720756 2231.166378 2202.030687 2206.563139 2194.990319 2188.732287 2186.090341 2167.03888 2154.647274 2143.388726 2144.904355 2132.788476 2126.022157 2124.33676 2121.641221 2105.193891 2115.846292 2108.707532 2116.542703 2115.794321 2106.149418 2113.156567 2136.41405 2150.609095 2133.131775 2152.644101 2158.925391 2172.985317 2195.306904 2209.499054 2201.703106 2203.053884 2203.456184 2204.58516 2249.626751 1596.438238 0 0 0 0 0 0 0 0 0 0 0 0 0 0 0 0 0 0 0 0 0 0 0 0 0 0 0 0 0 0 0 
0 0 0 0 0 0 0 0 0 0 0 0 0 0 0 0 0 0 0 0 0 0 0 0 0 0 0 0 0 0 0 1586.962324 2249.750722 2218.956934 2206.844281 2202.546714 2185.98675 2193.000046 2175.587879 2172.481398 2157.178778 2148.391155 2133.746457 2121.610458 2108.057638 2119.595227 2094.558859 2111.981902 2106.141048 2106.643887 2091.577752 2099.780595 2093.882863 2108.105122 2113.757566 2120.116225 2121.073767 2142.137169 2139.106106 2145.747377 2156.393244 2186.195493 2186.675946 2192.654087 2199.367666 2214.808632 2212.738889 2257.60036 1588.405027 0 0 0 0 0 0 0 0 0 0 0 0 0 0 0 0 0 0 0 0 0 0 0 0 0 0 0 0 0 0 0 
0 0 0 0 0 0 0 0 0 0 0 0 0 0 0 0 0 0 0 0 0 0 0 0 0 0 0 0 0 0 0 1581.569017 2243.259591 2200.873349 2198.128709 2199.802845 2196.139595 2186.02327 2172.825344 2179.183272 2150.856738 2133.937938 2141.806735 2121.381959 2116.910254 2111.070721 2113.823399 2089.89273 2100.002864 2084.699495 2097.818455 2099.43167 2089.143682 2104.981018 2094.292661 2117.292755 2105.087635 2126.535668 2134.586053 2148.108144 2155.080043 2167.723939 2189.400148 2181.163389 2185.801801 2194.921965 2204.237166 2233.322807 1593.514608 0 0 0 0 0 0 0 0 0 0 0 0 0 0 0 0 0 0 0 0 0 0 0 0 0 0 0 0 0 0 0 
0 0 0 0 0 0 0 0 0 0 0 0 0 0 0 0 0 0 0 0 0 0 0 0 0 0 0 0 0 0 0 1578.016909 2217.276895 2205.946272 2196.605477 2196.546994 2180.231678 2168.790777 2168.231588 2163.754341 2146.782564 2138.147162 2129.349558 2113.02877 2108.780042 2096.071588 2093.761555 2080.790052 2086.523599 2084.775601 2092.153819 2078.731494 2087.401268 2088.924028 2098.325177 2109.836456 2107.365842 2118.684114 2126.625704 2151.959409 2143.099146 2182.785163 2180.760822 2188.599669 2187.620101 2188.952909 2199.062228 2224.740082 1596.009067 0 0 0 0 0 0 0 0 0 0 0 0 0 0 0 0 0 0 0 0 0 0 0 0 0 0 0 0 0 0 0 
0 0 0 0 0 0 0 0 0 0 0 0 0 0 0 0 0 0 0 0 0 0 0 0 0 0 0 0 0 0 0 1586.603306 2233.196448 2205.760781 2186.486245 2195.223778 2189.156311 2178.771615 2152.213759 2147.328164 2140.77699 2127.243382 2114.022753 2103.678625 2098.976922 2105.398368 2092.958112 2097.407026 2087.909227 2092.06824 2077.183953 2079.680018 2083.171864 2074.794214 2096.381829 2096.710873 2113.402252 2126.137993 2137.942355 2156.075488 2155.432719 2156.339756 2172.834659 2173.71078 2181.305671 2192.667977 2192.549802 2220.786895 1588.28888 0 0 0 0 0 0 0 0 0 0 0 0 0 0 0 0 0 0 0 0 0 0 0 0 0 0 0 0 0 0 0 
0 0 0 0 0 0 0 0 0 0 0 0 0 0 0 0 0 0 0 0 0 0 0 0 0 0 0 0 0 0 0 1576.189936 2231.750432 2185.256232 2190.764061 2176.237281 2195.690472 2172.259606 2159.132075 2147.704882 2142.160019 2130.539539 2116.786669 2103.766807 2098.010206 2091.14573 2087.209905 2080.56649 2086.543514 2077.958913 2079.674298 2079.663518 2081.231056 2072.561559 2100.492577 2104.521661 2112.225321 2113.466514 2127.732251 2127.478091 2152.660701 2168.238854 2154.464762 2178.943981 2173.541703 2190.326369 2187.946523 2234.614018 1566.076311 0 0 0 0 0 0 0 0 0 0 0 0 0 0 0 0 0 0 0 0 0 0 0 0 0 0 0 0 0 0 0 
0 0 0 0 0 0 0 0 0 0 0 0 0 0 0 0 0 0 0 0 0 0 0 0 0 0 0 0 0 0 0 1574.093322 2212.891978 2206.316952 2191.33064 2183.94321 2172.419692 2165.01824 2161.210794 2150.427436 2152.084242 2119.744407 2104.962347 2101.050843 2102.291285 2084.148487 2079.609856 2088.020161 2077.590979 2091.236368 2079.585327 2094.189263 2093.77584 2099.51878 2087.825677 2095.454834 2110.896507 2115.166722 2118.029405 2140.151546 2149.72346 2157.674558 2163.859281 2183.136992 2181.828508 2194.459594 2195.470964 2214.080132 1583.019784 0 0 0 0 0 0 0 0 0 0 0 0 0 0 0 0 0 0 0 0 0 0 0 0 0 0 0 0 0 0 0 
0 0 0 0 0 0 0 0 0 0 0 0 0 0 0 0 0 0 0 0 0 0 0 0 0 0 0 0 0 0 0 1585.666488 2229.442934 2193.585958 2198.717205 2197.595449 2172.017701 2173.90925 2169.607543 2167.000055 2139.834495 2138.876049 2131.783352 2109.967245 2102.469817 2092.818032 2101.529723 2075.671151 2090.816905 2086.373411 2080.904483 2080.203384 2102.82766 2086.175778 2085.072833 2123.354162 2111.553317 2120.79846 2135.01586 2138.940416 2151.737343 2183.471341 2175.175955 2203.32998 2192.554142 2201.87357 2201.88634 2228.649427 1572.737905 0 0 0 0 0 0 0 0 0 0 0 0 0 0 0 0 0 0 0 0 0 0 0 0 0 0 0 0 0 0 0 
0 0 0 0 0 0 0 0 0 0 0 0 0 0 0 0 0 0 0 0 0 0 0 0 0 0 0 0 0 0 0 1584.336043 2228.43149 2210.353564 2193.378786 2202.150312 2193.246082 2181.847213 2167.076305 2180.547717 2160.965526 2152.859905 2123.510476 2114.475213 2112.420237 2107.612045 2092.849482 2088.057945 2106.11941 2099.006467 2101.604337 2092.798123 2110.549206 2094.458653 2122.359038 2118.427189 2117.157778 2126.665006 2143.676926 2165.126883 2175.512306 2182.899856 2181.531615 2188.383533 2196.762022 2211.872859 2212.889594 2248.900077 1590.16963 0 0 0 0 0 0 0 0 0 0 0 0 0 0 0 0 0 0 0 0 0 0 0 0 0 0 0 0 0 0 0 
0 0 0 0 0 0 0 0 0 0 0 0 0 0 0 0 0 0 0 0 0 0 0 0 0 0 0 0 0 0 0 1595.063702 2244.857966 2219.806067 2213.218736 2208.179883 2215.012588 2199.30923 2177.340747 2171.095279 2166.545916 2159.495865 2132.088184 2119.825098 2129.195772 2116.695712 2113.51418 2120.76982 2094.608921 2105.506817 2108.644387 2103.130375 2110.601955 2103.746818 2112.576312 2121.575712 2141.066922 2149.572962 2151.193747 2165.361342 2176.425233 2180.257444 2195.037576 2205.266691 2209.501968 2208.099991 2231.986763 2255.010234 1595.050416 0 0 0 0 0 0 0 0 0 0 0 0 0 0 0 0 0 0 0 0 0 0 0 0 0 0 0 0 0 0 0 
0 0 0 0 0 0 0 0 0 0 0 0 0 0 0 0 0 0 0 0 0 0 0 0 0 0 0 0 0 0 0 1600.68009 2267.771804 2253.115619 2227.026812 2220.725667 2232.432237 2199.339198 2198.531086 2177.703984 2176.680492 2160.77085 2148.344177 2143.283466 2146.809486 2124.437082 2116.565162 2120.387122 2123.620776 2125.945232 2102.957936 2111.183708 2119.360616 2137.315506 2128.298248 2136.323574 2157.072678 2166.625616 2179.661256 2177.700749 2188.417421 2195.160864 2204.648486 2218.938729 2229.828476 2237.421249 2236.750829 2257.805086 1606.131681 0 0 0 0 0 0 0 0 0 0 0 0 0 0 0 0 0 0 0 0 0 0 0 0 0 0 0 0 0 0 0 
0 0 0 0 0 0 0 0 0 0 0 0 0 0 0 0 0 0 0 0 0 0 0 0 0 0 0 0 0 0 0 1621.247167 2263.327432 2244.595819 2245.623 2231.038423 2234.945276 2226.035528 2220.589053 2209.939358 2192.353341 2170.105961 2144.852022 2150.921174 2143.832861 2149.617394 2144.882848 2128.990946 2112.828358 2131.976959 2129.686883 2129.159566 2139.654351 2137.382714 2146.066895 2159.286142 2150.578401 2162.483817 2164.457205 2190.236036 2185.349821 2213.540843 2218.669322 2231.193187 2242.712881 2240.570352 2243.51102 2271.325199 1611.824065 0 0 0 0 0 0 0 0 0 0 0 0 0 0 0 0 0 0 0 0 0 0 0 0 0 0 0 0 0 0 0 
0 0 0 0 0 0 0 0 0 0 0 0 0 0 0 0 0 0 0 0 0 0 0 0 0 0 0 0 0 0 0 1622.097869 2270.444309 2268.824504 2240.762919 2237.837964 2237.76167 2226.06495 2217.75777 2213.335145 2194.070947 2170.651504 2161.313636 2165.197889 2144.49097 2144.753039 2145.61851 2148.450137 2146.139362 2127.614791 2124.857971 2130.026849 2139.877258 2142.895857 2147.41498 2145.622708 2158.439995 2173.728953 2184.09322 2181.859347 2201.218652 2213.838315 2233.658709 2221.97241 2247.383584 2257.458694 2253.740281 2271.276171 1624.337559 0 0 0 0 0 0 0 0 0 0 0 0 0 0 0 0 0 0 0 0 0 0 0 0 0 0 0 0 0 0 0 
0 0 0 0 0 0 0 0 0 0 0 0 0 0 0 0 0 0 0 0 0 0 0 0 0 0 0 0 0 0 0 1634.764196 2276.275284 2250.498836 2243.306497 2236.420957 2237.403885 2232.398913 2209.593012 2205.971508 2192.213725 2179.883964 2178.032702 2159.953143 2152.32949 2143.171905 2140.346098 2138.390821 2136.214861 2129.616961 2126.932502 2145.493292 2120.842505 2143.840944 2149.034325 2151.78883 2163.885674 2158.174409 2185.045654 2194.936999 2198.402678 2217.863665 2221.85929 2223.718274 2244.389417 2256.592721 2258.45242 2264.891197 1622.066828 0 0 0 0 0 0 0 0 0 0 0 0 0 0 0 0 0 0 0 0 0 0 0 0 0 0 0 0 0 0 0 
0 0 0 0 0 0 0 0 0 0 0 0 0 0 0 0 0 0 0 0 0 0 0 0 0 0 0 0 0 0 0 1616.236895 2272.552748 2243.285303 2238.917899 2239.364064 2226.636589 2219.29288 2204.340248 2203.490172 2187.237972 2190.989492 2162.453407 2152.730275 2150.822056 2143.377514 2134.452221 2123.44217 2119.235463 2124.350954 2140.810245 2134.578543 2137.037605 2146.930626 2138.555173 2158.28542 2154.361249 2159.158759 2162.988319 2180.364223 2194.5683 2210.413525 2222.048693 2228.233668 2220.49486 2234.638742 2243.634317 2267.52776 1604.907115 0 0 0 0 0 0 0 0 0 0 0 0 0 0 0 0 0 0 0 0 0 0 0 0 0 0 0 0 0 0 0 
0 0 0 0 0 0 0 0 0 0 0 0 0 0 0 0 0 0 0 0 0 0 0 0 0 0 0 0 0 0 0 1606.577081 2247.262375 2231.845305 2221.424092 2232.828716 2223.373772 2194.936086 2196.156636 2196.084799 2181.035521 2158.847346 2146.790784 2149.59393 2132.153377 2143.45973 2138.108478 2119.683282 2111.486042 2115.730941 2107.891332 2116.166416 2124.227882 2125.786037 2134.365363 2144.886379 2141.813507 2150.993041 2150.500096 2181.744325 2186.350306 2198.906361 2199.081373 2209.539874 2220.377467 2223.570574 2232.004823 2264.553286 1615.306924 0 0 0 0 0 0 0 0 0 0 0 0 0 0 0 0 0 0 0 0 0 0 0 0 0 0 0 0 0 0 0 
0 0 0 0 0 0 0 0 0 0 0 0 0 0 0 0 0 0 0 0 0 0 0 0 0 0 0 0 0 0 0 1591.52321 2247.882793 2212.482492 2212.125972 2203.023808 2211.059478 2188.494186 2180.486782 2169.504049 2166.248666 2158.367492 2143.379846 2135.952831 2133.110578 2110.610204 2111.266796 2110.211052 2111.773175 2102.002805 2092.711689 2110.87844 2103.190761 2098.170876 2116.756608 2136.869002 2134.778223 2147.016341 2150.601026 2166.436483 2171.88718 2182.169336 2193.990596 2199.668286 2202.043163 2222.659393 2221.239321 2255.589578 1597.830474 0 0 0 0 0 0 0 0 0 0 0 0 0 0 0 0 0 0 0 0 0 0 0 0 0 0 0 0 0 0 0 
0 0 0 0 0 0 0 0 0 0 0 0 0 0 0 0 0 0 0 0 0 0 0 0 0 0 0 0 0 0 0 1605.106745 2238.255261 2214.014716 2199.525508 2192.100432 2194.643146 2196.386939 2188.921885 2151.53586 2154.911104 2166.032788 2129.205826 2127.081874 2108.893659 2106.542017 2107.195559 2089.467635 2098.192727 2095.474782 2098.163528 2098.691503 2094.346514 2118.879747 2096.435729 2112.055682 2122.858315 2125.807225 2151.878478 2165.46608 2164.493138 2180.542966 2172.926926 2206.10155 2215.762323 2212.557588 2213.219062 2244.856453 1574.257665 0 0 0 0 0 0 0 0 0 0 0 0 0 0 0 0 0 0 0 0 0 0 0 0 0 0 0 0 0 0 0 
0 0 0 0 0 0 0 0 0 0 0 0 0 0 0 0 0 0 0 0 0 0 0 0 0 0 0 0 0 0 0 1577.856839 2209.8774 2204.276198 2200.820823 2185.871642 2174.471744 2176.945761 2171.96933 2138.239927 2133.612678 2128.122455 2124.9263 2120.947673 2102.513742 2092.208839 2088.830523 2089.646267 2095.990774 2085.116586 2081.145147 2083.183997 2084.063889 2090.142194 2097.08385 2113.637681 2121.365413 2123.640999 2120.367879 2161.488514 2155.005332 2178.59163 2179.597962 2184.141434 2200.929803 2196.047736 2192.350867 2223.427007 1578.819768 0 0 0 0 0 0 0 0 0 0 0 0 0 0 0 0 0 0 0 0 0 0 0 0 0 0 0 0 0 0 0 
0 0 0 0 0 0 0 0 0 0 0 0 0 0 0 0 0 0 0 0 0 0 0 0 0 0 0 0 0 0 0 1585.951176 2221.250828 2194.208104 2171.866253 2190.405684 2169.924289 2179.980202 2162.840504 2156.515181 2147.231003 2126.204332 2115.822975 2106.474576 2096.008989 2082.589233 2083.809509 2068.325121 2091.876446 2080.3202 2075.11295 2082.688406 2087.42664 2086.941518 2089.251179 2102.073941 2114.598137 2119.949907 2131.375413 2133.555687 2148.935843 2151.317179 2166.83457 2183.786794 2180.4068 2190.426291 2213.083509 2233.453992 1572.539081 0 0 0 0 0 0 0 0 0 0 0 0 0 0 0 0 0 0 0 0 0 0 0 0 0 0 0 0 0 0 0 
0 0 0 0 0 0 0 0 0 0 0 0 0 0 0 0 0 0 0 0 0 0 0 0 0 0 0 0 0 0 0 1583.976284 2221.40801 2188.066212 2195.235079 2194.072912 2175.008105 2174.490109 2163.816771 2158.582258 2144.264919 2120.446026 2121.889932 2118.450533 2107.074749 2082.642581 2082.855778 2081.309531 2075.904369 2094.300996 2059.26108 2086.113559 2090.080074 2083.87329 2093.769546 2101.602104 2103.009735 2126.593495 2121.43067 2143.645619 2146.035734 2151.974486 2170.710249 2178.079712 2175.723256 2175.971316 2186.045502 2220.65791 1570.700324 0 0 0 0 0 0 0 0 0 0 0 0 0 0 0 0 0 0 0 0 0 0 0 0 0 0 0 0 0 0 0 
0 0 0 0 0 0 0 0 0 0 0 0 0 0 0 0 0 0 0 0 0 0 0 0 0 0 0 0 0 0 0 1592.898501 2219.619001 2202.651454 2185.689258 2173.508761 2178.108988 2166.612421 2166.826563 2159.157489 2138.382372 2138.44607 2121.986666 2105.305699 2105.309615 2090.473112 2078.85549 2085.975558 2088.413712 2078.584543 2091.20018 2077.913982 2095.071175 2087.056806 2093.687011 2096.833823 2090.151967 2117.99878 2122.759879 2137.00361 2152.668346 2157.834333 2173.727157 2179.627996 2179.290745 2184.863313 2201.323656 2223.782246 1581.634097 0 0 0 0 0 0 0 0 0 0 0 0 0 0 0 0 0 0 0 0 0 0 0 0 0 0 0 0 0 0 0 
0 0 0 0 0 0 0 0 0 0 0 0 0 0 0 0 0 0 0 0 0 0 0 0 0 0 0 0 0 0 0 1575.73626 2236.102409 2206.896973 2192.41441 2196.36733 2173.817875 2187.778839 2165.211737 2162.967775 2143.317768 2140.464702 2117.6889 2117.776254 2108.89936 2088.368975 2087.559137 2092.484762 2094.458969 2081.868251 2089.224037 2088.627268 2096.956764 2095.510295 2107.24033 2102.002473 2101.836622 2109.168582 2133.476881 2158.185272 2163.073554 2152.255643 2184.787778 2188.333394 2187.227122 2192.740053 2200.036143 2222.323024 1582.424369 0 0 0 0 0 0 0 0 0 0 0 0 0 0 0 0 0 0 0 0 0 0 0 0 0 0 0 0 0 0 0 
0 0 0 0 0 0 0 0 0 0 0 0 0 0 0 0 0 0 0 0 0 0 0 0 0 0 0 0 0 0 0 1591.835907 2241.212821 2193.386882 2213.039201 2204.183193 2211.732292 2177.772628 2177.569853 2173.428231 2144.163288 2136.662866 2130.465997 2123.779749 2099.447427 2106.612398 2090.47953 2098.090438 2096.437466 2092.872701 2086.246549 2086.765298 2087.821531 2086.077583 2104.149933 2102.005154 2110.46299 2117.991772 2149.034753 2152.245805 2163.986209 2165.781881 2184.114946 2199.874831 2205.803782 2210.103724 2210.109977 2239.896884 1603.804196 0 0 0 0 0 0 0 0 0 0 0 0 0 0 0 0 0 0 0 0 0 0 0 0 0 0 0 0 0 0 0 
0 0 0 0 0 0 0 0 0 0 0 0 0 0 0 0 0 0 0 0 0 0 0 0 0 0 0 0 0 0 0 1591.824071 2251.739795 2207.151873 2200.019685 2204.812061 2191.546245 2187.372688 2190.621174 2185.194058 2157.814174 2145.861106 2134.661598 2119.291691 2113.907298 2114.977522 2107.767584 2105.443405 2091.066788 2093.129691 2112.661237 2091.699136 2102.714306 2107.447006 2107.865731 2123.87371 2116.626879 2136.960495 2148.79875 2163.109311 2176.030951 2189.007811 2183.928733 2203.371526 2207.510188 2204.085942 2214.239201 2253.385292 1599.256392 0 0 0 0 0 0 0 0 0 0 0 0 0 0 0 0 0 0 0 0 0 0 0 0 0 0 0 0 0 0 0 
0 0 0 0 0 0 0 0 0 0 0 0 0 0 0 0 0 0 0 0 0 0 0 0 0 0 0 0 0 0 0 1589.224984 2254.416463 2223.067408 2219.8921 2221.589246 2210.948 2197.118324 2187.361817 2178.464026 2179.251573 2158.395173 2145.587312 2132.484039 2119.403005 2125.056147 2108.663907 2103.813007 2109.849014 2099.471763 2106.820301 2104.927732 2112.832594 2112.541473 2111.952324 2132.250345 2131.890009 2142.421966 2135.468371 2153.440617 2169.466498 2194.853003 2193.102429 2194.64202 2218.498801 2219.425737 2221.395688 2246.94557 1594.257658 0 0 0 0 0 0 0 0 0 0 0 0 0 0 0 0 0 0 0 0 0 0 0 0 0 0 0 0 0 0 0 
0 0 0 0 0 0 0 0 0 0 0 0 0 0 0 0 0 0 0 0 0 0 0 0 0 0 0 0 0 0 0 1605.959411 2266.238073 2235.983158 2230.64226 2223.070294 2213.75549 2209.787405 2207.42734 2190.508116 2170.763905 2161.886144 2154.602307 2149.173698 2131.070044 2129.43351 2141.345063 2124.452631 2121.645702 2116.712662 2127.950093 2116.64134 2129.107918 2136.704534 2120.555856 2129.223914 2152.43371 2161.258189 2178.924627 2189.004358 2182.489041 2196.912667 2204.68995 2209.729647 2219.488492 2237.382418 2234.201058 2257.880804 1610.858963 0 0 0 0 0 0 0 0 0 0 0 0 0 0 0 0 0 0 0 0 0 0 0 0 0 0 0 0 0 0 0 
0 0 0 0 0 0 0 0 0 0 0 0 0 0 0 0 0 0 0 0 0 0 0 0 0 0 0 0 0 0 0 1618.582407 2279.035361 2238.173898 2252.93858 2245.085132 2222.469958 2221.310217 2212.734193 2206.156016 2189.536812 2182.51815 2166.469309 2150.146588 2155.155685 2147.458146 2134.233136 2138.02449 2131.875758 2134.118215 2140.466425 2122.174322 2152.166927 2134.359271 2154.753571 2155.318632 2157.68136 2172.24282 2167.323457 2192.709796 2195.325771 2219.595851 2214.792715 2245.028905 2239.42366 2252.117913 2246.547113 2287.338391 1625.214696 0 0 0 0 0 0 0 0 0 0 0 0 0 0 0 0 0 0 0 0 0 0 0 0 0 0 0 0 0 0 0 
0 0 0 0 0 0 0 0 0 0 0 0 0 0 0 0 0 0 0 0 0 0 0 0 0 0 0 0 0 0 0 1632.279438 2279.216236 2274.972059 2258.664188 2250.898413 2246.589648 2248.095561 2219.413704 2226.367638 2207.46059 2204.98995 2191.29048 2181.414088 2162.607033 2148.589651 2158.883266 2149.888051 2156.397828 2145.67027 2144.898458 2153.108178 2152.821034 2158.088311 2170.558291 2157.886171 2176.080566 2188.016979 2208.077281 2201.747063 2217.259172 2216.075616 2236.845876 2256.851475 2255.457742 2265.36372 2274.412513 2298.011719 1622.599674 0 0 0 0 0 0 0 0 0 0 0 0 0 0 0 0 0 0 0 0 0 0 0 0 0 0 0 0 0 0 0 
0 0 0 0 0 0 0 0 0 0 0 0 0 0 0 0 0 0 0 0 0 0 0 0 0 0 0 0 0 0 0 1636.945377 2303.989364 2279.121278 2279.163733 2268.321049 2261.3036 2243.000497 2231.737846 2235.048125 2226.597521 2206.804906 2190.852625 2177.965379 2192.209841 2168.33877 2166.70823 2168.367096 2167.015151 2148.030299 2154.578477 2154.556696 2161.831219 2179.187604 2178.62568 2179.656319 2185.284487 2202.370817 2197.801451 2219.771991 2234.348638 2249.490566 2250.640552 2269.505523 2272.331417 2289.640534 2281.880934 2301.983609 1642.900467 0 0 0 0 0 0 0 0 0 0 0 0 0 0 0 0 0 0 0 0 0 0 0 0 0 0 0 0 0 0 0 
0 0 0 0 0 0 0 0 0 0 0 0 0 0 0 0 0 0 0 0 0 0 0 0 0 0 0 0 0 0 0 1638.52026 2317.855955 2286.064872 2288.915362 2295.622627 2274.666166 2265.127211 2262.221957 2241.450018 2225.200162 2230.743858 2208.427039 2209.466467 2197.842914 2184.460632 2183.033152 2174.69505 2166.873461 2176.8698 2178.083123 2187.728063 2167.865286 2183.447518 2187.660895 2190.82486 2200.579733 2203.263206 2219.123196 2232.698803 2243.373369 2256.882474 2266.581994 2275.451216 2287.853311 2287.645759 2296.123219 2314.280946 1651.006593 0 0 0 0 0 0 0 0 0 0 0 0 0 0 0 0 0 0 0 0 0 0 0 0 0 0 0 0 0 0 0 
0 0 0 0 0 0 0 0 0 0 0 0 0 0 0 0 0 0 0 0 0 0 0 0 0 0 0 0 0 0 0 1655.748442 2334.619986 2317.06239 2297.243982 2299.237937 2295.517355 2276.493543 2251.261162 2259.97247 2257.536802 2233.137395 2232.206333 2230.424313 2213.514613 2208.286548 2193.839045 2191.195767 2188.461752 2186.215697 2169.845309 2194.702875 2181.027511 2206.834526 2201.019587 2207.187101 2220.148721 2219.402584 2235.228825 2232.172842 2251.673425 2269.01514 2286.7143 2277.95778 2299.681299 2300.854152 2303.090349 2337.698477 1653.64556 0 0 0 0 0 0 0 0 0 0 0 0 0 0 0 0 0 0 0 0 0 0 0 0 0 0 0 0 0 0 0 
0 0 0 0 0 0 0 0 0 0 0 0 0 0 0 0 0 0 0 0 0 0 0 0 0 0 0 0 0 0 0 1676.157583 2358.360318 2312.555152 2320.334526 2313.082554 2306.275814 2296.379892 2291.06902 2281.570654 2256.536569 2252.195383 2239.738869 2221.648257 2228.527625 2207.631881 2215.156269 2194.582525 2185.261242 2183.982998 2188.024667 2205.539943 2195.333204 2204.171097 2221.79891 2225.844393 2231.918606 2243.330532 2235.130251 2261.776263 2261.908704 2277.62768 2289.596982 2291.468129 2308.485996 2315.466921 2305.236512 2347.796165 1668.329458 0 0 0 0 0 0 0 0 0 0 0 0 0 0 0 0 0 0 0 0 0 0 0 0 0 0 0 0 0 0 0 
0 0 0 0 0 0 0 0 0 0 0 0 0 0 0 0 0 0 0 0 0 0 0 0 0 0 0 0 0 0 0 1677.085076 2364.038539 2318.338195 2330.048955 2323.419937 2315.773184 2313.651261 2297.562669 2275.878847 2286.721944 2253.556471 2260.666083 2230.942176 2224.102423 2225.504319 2214.758911 2205.848916 2209.35412 2216.384714 2220.031592 2215.479572 2206.599869 2207.757689 2230.024255 2229.442204 2238.188725 2252.565144 2267.463928 2271.454873 2287.058757 2298.335748 2300.794997 2324.018613 2316.545037 2305.329244 2336.528883 2360.145096 1667.827365 0 0 0 0 0 0 0 0 0 0 0 0 0 0 0 0 0 0 0 0 0 0 0 0 0 0 0 0 0 0 0 
0 0 0 0 0 0 0 0 0 0 0 0 0 0 0 0 0 0 0 0 0 0 0 0 0 0 0 0 0 0 0 1687.827738 2377.538185 2344.086149 2329.80898 2344.516424 2316.49424 2304.017724 2324.470705 2278.452547 2286.625575 2275.13278 2270.007733 2256.118262 2235.299131 2241.587051 2241.215337 2231.336324 2221.4793 2220.104823 2216.413785 2230.258282 2224.693114 2222.953909 2241.384178 2238.351823 2256.876847 2258.549692 2273.652457 2274.096985 2302.703943 2314.495113 2311.341395 2328.777259 2331.394777 2349.559397 2347.691591 2374.351983 1678.97414 0 0 0 0 0 0 0 0 0 0 0 0 0 0 0 0 0 0 0 0 0 0 0 0 0 0 0 0 0 0 0 
0 0 0 0 0 0 0 0 0 0 0 0 0 0 0 0 0 0 0 0 0 0 0 0 0 0 0 0 0 0 0 1699.408693 2369.397634 2349.369909 2354.830356 2346.383591 2335.856485 2319.161988 2329.923505 2303.292592 2289.761006 2279.631657 2280.172825 2268.698347 2257.218633 2248.888059 2248.805344 2238.972888 2240.210994 2237.195861 2247.009672 2238.287738 2235.946088 2249.312364 2258.589515 2247.359105 2252.003001 2288.078158 2298.641234 2294.293283 2304.584485 2311.55362 2322.115705 2339.362231 2339.009877 2340.968187 2344.372796 2371.408426 1699.173592 0 0 0 0 0 0 0 0 0 0 0 0 0 0 0 0 0 0 0 0 0 0 0 0 0 0 0 0 0 0 0 
0 0 0 0 0 0 0 0 0 0 0 0 0 0 0 0 0 0 0 0 0 0 0 0 0 0 0 0 0 0 0 1705.991443 2397.964107 2374.832923 2371.184566 2358.95328 2346.507035 2339.498077 2334.67136 2314.177492 2315.964264 2296.342635 2280.89923 2267.709074 2263.729837 2247.942683 2247.741826 2229.121158 2225.692759 2243.938736 2249.599391 2244.256577 2251.725909 2247.049634 2265.134448 2277.377157 2272.045426 2281.267703 2285.848127 2303.363326 2331.375115 2334.49551 2347.49272 2348.718672 2353.550884 2373.636454 2353.174086 2395.63666 1699.202188 0 0 0 0 0 0 0 0 0 0 0 0 0 0 0 0 0 0 0 0 0 0 0 0 0 0 0 0 0 0 0 
0 0 0 0 0 0 0 0 0 0 0 0 0 0 0 0 0 0 0 0 0 0 0 0 0 0 0 0 0 0 0 1700.386817 2400.994906 2381.963006 2383.254673 2357.982876 2362.826499 2364.135543 2337.582693 2329.043807 2316.982983 2298.799797 2296.523512 2289.977992 2285.530655 2272.888799 2273.641451 2267.454249 2252.988644 2249.369784 2258.308502 2244.924316 2253.333421 2268.46046 2254.205568 2270.461482 2286.229243 2295.648331 2307.524667 2311.707839 2336.813483 2345.052158 2357.611801 2374.468866 2361.734755 2365.346458 2373.879642 2416.780391 1717.28838 0 0 0 0 0 0 0 0 0 0 0 0 0 0 0 0 0 0 0 0 0 0 0 0 0 0 0 0 0 0 0 
0 0 0 0 0 0 0 0 0 0 0 0 0 0 0 0 0 0 0 0 0 0 0 0 0 0 0 0 0 0 0 1717.799902 2401.700715 2391.512953 2393.633922 2378.748449 2373.886012 2349.624217 2349.074045 2340.186352 2336.559582 2316.140481 2308.70127 2291.379785 2295.16449 2277.562213 2293.388108 2265.449559 2254.242537 2268.580966 2272.669737 2271.872571 2256.749265 2267.918113 2282.884509 2293.846712 2289.793271 2310.554311 2320.604091 2339.64352 2338.83576 2349.739217 2369.759994 2380.135126 2370.218711 2381.286357 2379.133338 2417.085861 1727.638749 0 0 0 0 0 0 0 0 0 0 0 0 0 0 0 0 0 0 0 0 0 0 0 0 0 0 0 0 0 0 0 
0 0 0 0 0 0 0 0 0 0 0 0 0 0 0 0 0 0 0 0 0 0 0 0 0 0 0 0 0 0 0 1721.643546 2431.901877 2397.945754 2406.614085 2407.608207 2384.727891 2377.929159 2366.817751 2350.424906 2351.322302 2319.706585 2321.32674 2297.933188 2298.099278 2293.136651 2290.094541 2275.926127 2293.098638 2278.398404 2271.778173 2293.72655 2281.877905 2283.484106 2292.150862 2301.118387 2299.256038 2315.74973 2333.330603 2346.380578 2349.291289 2359.642453 2377.028158 2389.072841 2394.378076 2386.308486 2407.301865 2427.220579 1715.53216 0 0 0 0 0 0 0 0 0 0 0 0 0 0 0 0 0 0 0 0 0 0 0 0 0 0 0 0 0 0 0 
0 0 0 0 0 0 0 0 0 0 0 0 0 0 0 0 0 0 0 0 0 0 0 0 0 0 0 0 0 0 0 1737.668639 2440.678604 2408.655074 2397.041381 2391.815928 2402.841662 2385.134933 2391.251305 2361.946938 2353.815851 2344.084674 2323.322159 2326.116103 2298.276832 2308.352045 2284.842628 2281.976344 2278.202119 2279.441877 2277.820261 2276.583282 2302.427135 2280.533947 2285.480411 2302.47403 2317.120519 2328.546973 2322.945638 2357.209311 2350.285633 2385.331884 2392.304908 2408.311804 2390.612598 2404.518704 2407.469982 2445.612792 1721.034475 0 0 0 0 0 0 0 0 0 0 0 0 0 0 0 0 0 0 0 0 0 0 0 0 0 0 0 0 0 0 0 
0 0 0 0 0 0 0 0 0 0 0 0 0 0 0 0 0 0 0 0 0 0 0 0 0 0 0 0 0 0 0 1737.292528 2465.419178 2428.927127 2414.806126 2407.766344 2389.795107 2394.420287 2381.25068 2361.389691 2334.578091 2347.827702 2323.290701 2323.160801 2319.504772 2315.986517 2314.316434 2299.177608 2290.978159 2297.697827 2290.316272 2298.549044 2298.695802 2292.168446 2290.546157 2317.463777 2319.525385 2337.43095 2341.480388 2365.887835 2381.440239 2368.675663 2377.351004 2400.357209 2416.7009 2411.16664 2428.031295 2444.589937 1743.126794 0 0 0 0 0 0 0 0 0 0 0 0 0 0 0 0 0 0 0 0 0 0 0 0 0 0 0 0 0 0 0 
0 0 0 0 0 0 0 0 0 0 0 0 0 0 0 0 0 0 0 0 0 0 0 0 0 0 0 0 0 0 0 1736.726351 2446.450188 2416.439713 2413.165306 2415.410528 2412.81047 2407.925678 2378.121687 2363.812105 2356.785695 2339.045112 2325.580949 2308.120676 2319.227806 2317.388266 2311.560629 2310.398521 2289.742151 2283.070928 2296.538888 2284.3998 2303.038455 2297.336456 2311.311967 2303.75009 2339.36026 2346.945914 2361.004044 2374.915645 2386.665724 2398.572809 2402.771307 2407.752039 2409.876778 2415.510559 2422.475459 2446.143539 1728.345059 0 0 0 0 0 0 0 0 0 0 0 0 0 0 0 0 0 0 0 0 0 0 0 0 0 0 0 0 0 0 0 
0 0 0 0 0 0 0 0 0 0 0 0 0 0 0 0 0 0 0 0 0 0 0 0 0 0 0 0 0 0 0 1754.252665 2447.131248 2432.851667 2422.540627 2410.968876 2394.950162 2401.84975 2382.769994 2370.080164 2359.447419 2354.274731 2343.14144 2336.642282 2329.862472 2313.476197 2320.553571 2305.265967 2298.185452 2307.491486 2299.351144 2299.973158 2302.991412 2305.063915 2312.37576 2315.342355 2333.439595 2334.588881 2358.692734 2373.376308 2368.632534 2392.850532 2397.875954 2400.09595 2410.13458 2421.82176 2435.63865 2451.958959 1737.167008 0 0 0 0 0 0 0 0 0 0 0 0 0 0 0 0 0 0 0 0 0 0 0 0 0 0 0 0 0 0 0 
0 0 0 0 0 0 0 0 0 0 0 0 0 0 0 0 0 0 0 0 0 0 0 0 0 0 0 0 0 0 0 1750.86516 2459.557033 2435.703236 2409.881863 2415.11144 2409.725937 2387.666447 2382.785357 2388.667346 2379.191205 2365.79577 2347.891262 2327.736187 2321.558444 2319.989791 2309.550813 2305.916106 2309.460257 2299.428199 2309.166141 2310.120633 2305.373998 2310.395929 2310.572959 2329.107579 2335.663443 2357.06024 2365.221759 2380.858626 2380.392051 2385.980336 2398.378677 2413.797693 2407.422066 2412.555228 2433.616591 2455.770256 1757.052927 0 0 0 0 0 0 0 0 0 0 0 0 0 0 0 0 0 0 0 0 0 0 0 0 0 0 0 0 0 0 0 
0 0 0 0 0 0 0 0 0 0 0 0 0 0 0 0 0 0 0 0 0 0 0 0 0 0 0 0 0 0 0 1745.608709 2461.051912 2436.464324 2425.470527 2411.599505 2413.387432 2388.583425 2386.634044 2378.114077 2373.068507 2366.224892 2348.139897 2336.43307 2328.129909 2309.977192 2311.746056 2311.498724 2306.626997 2309.209829 2305.130385 2294.500214 2313.066435 2313.621661 2323.005518 2326.376709 2346.791645 2349.942413 2362.86427 2382.856373 2393.163682 2392.841182 2395.170414 2421.994283 2442.004186 2441.407456 2435.68152 2454.867135 1738.529408 0 0 0 0 0 0 0 0 0 0 0 0 0 0 0 0 0 0 0 0 0 0 0 0 0 0 0 0 0 0 0 
0 0 0 0 0 0 0 0 0 0 0 0 0 0 0 0 0 0 0 0 0 0 0 0 0 0 0 0 0 0 0 1761.354487 2456.632492 2432.382154 2428.839301 2423.617221 2426.670815 2409.921145 2392.58781 2390.672707 2378.941662 2367.273573 2353.588482 2342.469409 2330.995209 2338.996357 2303.647473 2319.517607 2311.326683 2315.742193 2309.723905 2329.106619 2316.28154 2315.040521 2314.64276 2340.28752 2349.623015 2351.089189 2353.685199 2365.455799 2383.159874 2402.235405 2411.869224 2418.206773 2430.587376 2435.752231 2436.180313 2464.876446 1757.069002 0 0 0 0 0 0 0 0 0 0 0 0 0 0 0 0 0 0 0 0 0 0 0 0 0 0 0 0 0 0 0 
0 0 0 0 0 0 0 0 0 0 0 0 0 0 0 0 0 0 0 0 0 0 0 0 0 0 0 0 0 0 0 1752.861002 2483.186936 2433.977047 2434.613031 2425.099612 2421.66415 2413.016266 2406.535724 2390.679688 2374.80535 2363.142919 2351.739971 2334.534849 2333.740834 2327.406565 2298.831282 2302.126211 2323.032151 2308.157683 2315.622305 2301.516463 2320.341661 2318.872286 2341.003884 2330.78169 2354.842285 2355.420893 2360.516871 2375.666539 2396.141128 2398.213415 2416.159856 2428.160671 2433.999712 2434.822211 2437.965896 2464.965973 1755.151286 0 0 0 0 0 0 0 0 0 0 0 0 0 0 0 0 0 0 0 0 0 0 0 0 0 0 0 0 0 0 0 
0 0 0 0 0 0 0 0 0 0 0 0 0 0 0 0 0 0 0 0 0 0 0 0 0 0 0 0 0 0 0 1766.588407 2469.075174 2461.701134 2429.141458 2421.972122 2423.713768 2408.910906 2405.8261 2387.551215 2393.117536 2360.585442 2353.279066 2331.333311 2344.113357 2343.326533 2321.50234 2320.709091 2307.508931 2320.526115 2319.666473 2314.667192 2323.644382 2325.057524 2326.948166 2330.134842 2347.689632 2343.137963 2365.319536 2361.750558 2395.360844 2396.195517 2418.554727 2431.53195 2422.036085 2426.910548 2453.235087 2467.068674 1752.615558 0 0 0 0 0 0 0 0 0 0 0 0 0 0 0 0 0 0 0 0 0 0 0 0 0 0 0 0 0 0 0 
0 0 0 0 0 0 0 0 0 0 0 0 0 0 0 0 0 0 0 0 0 0 0 0 0 0 0 0 0 0 0 1762.115063 2482.4562 2446.197503 2440.819292 2446.740962 2420.348034 2410.610115 2405.351033 2382.996977 2397.16671 2376.840554 2375.321941 2333.702188 2332.090942 2340.009242 2322.694414 2321.807776 2323.934758 2300.739357 2314.165822 2316.972664 2327.562285 2324.466549 2324.600781 2331.657587 2348.679131 2366.845653 2382.523975 2388.754164 2395.582194 2408.800426 2411.702321 2417.787479 2431.20681 2432.615154 2445.284661 2486.871162 1758.044234 0 0 0 0 0 0 0 0 0 0 0 0 0 0 0 0 0 0 0 0 0 0 0 0 0 0 0 0 0 0 0 
0 0 0 0 0 0 0 0 0 0 0 0 0 0 0 0 0 0 0 0 0 0 0 0 0 0 0 0 0 0 0 1285.003942 1803.547351 1780.951875 1788.336903 1774.981359 1769.386522 1761.712362 1755.163625 1748.879352 1744.63964 1744.79244 1725.243203 1713.633654 1702.834494 1691.624465 1692.267981 1705.347374 1702.284422 1691.635504 1685.784334 1681.790537 1697.972649 1692.456564 1707.013404 1718.469899 1700.726858 1730.601195 1723.671681 1749.920663 1750.583303 1756.811193 1757.430101 1784.60011 1776.496917 1771.666118 1782.095774 1798.72918 1284.232541 0 0 0 0 0 0 0 0 0 0 0 0 0 0 0 0 0 0 0 0 0 0 0 0 0 0 0 0 0 0 0 
0 0 0 0 0 0 0 0 0 0 0 0 0 0 0 0 0 0 0 0 0 0 0 0 0 0 0 0 0 0 0 0 0 0 0 0 0 0 0 0 0 0 0 0 0 0 0 0 0 0 0 0 0 0 0 0 0 0 0 0 0 0 0 0 0 0 0 0 0 0 0 0 0 0 0 0 0 0 0 0 0 0 0 0 0 0 0 0 0 0 0 0 0 0 0 0 0 0 0 0 
0 0 0 0 0 0 0 0 0 0 0 0 0 0 0 0 0 0 0 0 0 0 0 0 0 0 0 0 0 0 0 0 0 0 0 0 0 0 0 0 0 0 0 0 0 0 0 0 0 0 0 0 0 0 0 0 0 0 0 0 0 0 0 0 0 0 0 0 0 0 0 0 0 0 0 0 0 0 0 0 0 0 0 0 0 0 0 0 0 0 0 0 0 0 0 0 0 0 0 0 
0 0 0 0 0 0 0 0 0 0 0 0 0 0 0 0 0 0 0 0 0 0 0 0 0 0 0 0 0 0 0 0 0 0 0 0 0 0 0 0 0 0 0 0 0 0 0 0 0 0 0 0 0 0 0 0 0 0 0 0 0 0 0 0 0 0 0 0 0 0 0 0 0 0 0 0 0 0 0 0 0 0 0 0 0 0 0 0 0 0 0 0 0 0 0 0 0 0 0 0 
0 0 0 0 0 0 0 0 0 0 0 0 0 0 0 0 0 0 0 0 0 0 0 0 0 0 0 0 0 0 0 0 0 0 0 0 0 0 0 0 0 0 0 0 0 0 0 0 0 0 0 0 0 0 0 0 0 0 0 0 0 0 0 0 0 0 0 0 0 0 0 0 0 0 0 0 0 0 0 0 0 0 0 0 0 0 0 0 0 0 0 0 0 0 0 0 0 0 0 0 
0 0 0 0 0 0 0 0 0 0 0 0 0 0 0 0 0 0 0 0 0 0 0 0 0 0 0 0 0 0 0 0 0 0 0 0 0 0 0 0 0 0 0 0 0 0 0 0 0 0 0 0 0 0 0 0 0 0 0 0 0 0 0 0 0 0 0 0 0 0 0 0 0 0 0 0 0 0 0 0 0 0 0 0 0 0 0 0 0 0 0 0 0 0 0 0 0 0 0 0 
0 0 0 0 0 0 0 0 0 0 0 0 0 0 0 0 0 0 0 0 0 0 0 0 0 0 0 0 0 0 0 0 0 0 0 0 0 0 0 0 0 0 0 0 0 0 0 0 0 0 0 0 0 0 0 0 0 0 0 0 0 0 0 0 0 0 0 0 0 0 0 0 0 0 0 0 0 0 0 0 0 0 0 0 0 0 0 0 0 0 0 0 0 0 0 0 0 0 0 0 
0 0 0 0 0 0 0 0 0 0 0 0 0 0 0 0 0 0 0 0 0 0 0 0 0 0 0 0 0 0 0 0 0 0 0 0 0 0 0 0 0 0 0 0 0 0 0 0 0 0 0 0 0 0 0 0 0 0 0 0 0 0 0 0 0 0 0 0 0 0 0 0 0 0 0 0 0 0 0 0 0 0 0 0 0 0 0 0 0 0 0 0 0 0 0 0 0 0 0 0 
0 0 0 0 0 0 0 0 0 0 0 0 0 0 0 0 0 0 0 0 0 0 0 0 0 0 0 0 0 0 0 0 0 0 0 0 0 0 0 0 0 0 0 0 0 0 0 0 0 0 0 0 0 0 0 0 0 0 0 0 0 0 0 0 0 0 0 0 0 0 0 0 0 0 0 0 0 0 0 0 0 0 0 0 0 0 0 0 0 0 0 0 0 0 0 0 0 0 0 0 
0 0 0 0 0 0 0 0 0 0 0 0 0 0 0 0 0 0 0 0 0 0 0 0 0 0 0 0 0 0 0 0 0 0 0 0 0 0 0 0 0 0 0 0 0 0 0 0 0 0 0 0 0 0 0 0 0 0 0 0 0 0 0 0 0 0 0 0 0 0 0 0 0 0 0 0 0 0 0 0 0 0 0 0 0 0 0 0 0 0 0 0 0 0 0 0 0 0 0 0 
0 0 0 0 0 0 0 0 0 0 0 0 0 0 0 0 0 0 0 0 0 0 0 0 0 0 0 0 0 0 0 0 0 0 0 0 0 0 0 0 0 0 0 0 0 0 0 0 0 0 0 0 0 0 0 0 0 0 0 0 0 0 0 0 0 0 0 0 0 0 0 0 0 0 0 0 0 0 0 0 0 0 0 0 0 0 0 0 0 0 0 0 0 0 0 0 0 0 0 0 
0 0 0 0 0 0 0 0 0 0 0 0 0 0 0 0 0 0 0 0 0 0 0 0 0 0 0 0 0 0 0 0 0 0 0 0 0 0 0 0 0 0 0 0 0 0 0 0 0 0 0 0 0 0 0 0 0 0 0 0 0 0 0 0 0 0 0 0 0 0 0 0 0 0 0 0 0 0 0 0 0 0 0 0 0 0 0 0 0 0 0 0 0 0 0 0 0 0 0 0 
0 0 0 0 0 0 0 0 0 0 0 0 0 0 0 0 0 0 0 0 0 0 0 0 0 0 0 0 0 0 0 0 0 0 0 0 0 0 0 0 0 0 0 0 0 0 0 0 0 0 0 0 0 0 0 0 0 0 0 0 0 0 0 0 0 0 0 0 0 0 0 0 0 0 0 0 0 0 0 0 0 0 0 0 0 0 0 0 0 0 0 0 0 0 0 0 0 0 0 0 
# Events [EndOfInsertPSD/EndOfInsertPSD.dat] N:
0 0 0 0 0 0 0 0 0 0 0 0 0 0 0 0 0 0 0 0 0 0 0 0 0 0 0 0 0 0 0 0 0 0 0 0 0 0 0 0 0 0 0 0 0 0 0 0 0 0 0 0 0 0 0 0 0 0 0 0 0 0 0 0 0 0 0 0 0 0 0 0 0 0 0 0 0 0 0 0 0 0 0 0 0 0 0 0 0 0 0 0 0 0 0 0 0 0 0 0 
0 0 0 0 0 0 0 0 0 0 0 0 0 0 0 0 0 0 0 0 0 0 0 0 0 0 0 0 0 0 0 0 0 0 0 0 0 0 0 0 0 0 0 0 0 0 0 0 0 0 0 0 0 0 0 0 0 0 0 0 0 0 0 0 0 0 0 0 0 0 0 0 0 0 0 0 0 0 0 0 0 0 0 0 0 0 0 0 0 0 0 0 0 0 0 0 0 0 0 0 
0 0 0 0 0 0 0 0 0 0 0 0 0 0 0 0 0 0 0 0 0 0 0 0 0 0 0 0 0 0 0 0 0 0 0 0 0 0 0 0 0 0 0 0 0 0 0 0 0 0 0 0 0 0 0 0 0 0 0 0 0 0 0 0 0 0 0 0 0 0 0 0 0 0 0 0 0 0 0 0 0 0 0 0 0 0 0 0 0 0 0 0 0 0 0 0 0 0 0 0 
0 0 0 0 0 0 0 0 0 0 0 0 0 0 0 0 0 0 0 0 0 0 0 0 0 0 0 0 0 0 0 0 0 0 0 0 0 0 0 0 0 0 0 0 0 0 0 0 0 0 0 0 0 0 0 0 0 0 0 0 0 0 0 0 0 0 0 0 0 0 0 0 0 0 0 0 0 0 0 0 0 0 0 0 0 0 0 0 0 0 0 0 0 0 0 0 0 0 0 0 
0 0 0 0 0 0 0 0 0 0 0 0 0 0 0 0 0 0 0 0 0 0 0 0 0 0 0 0 0 0 0 0 0 0 0 0 0 0 0 0 0 0 0 0 0 0 0 0 0 0 0 0 0 0 0 0 0 0 0 0 0 0 0 0 0 0 0 0 0 0 0 0 0 0 0 0 0 0 0 0 0 0 0 0 0 0 0 0 0 0 0 0 0 0 0 0 0 0 0 0 
0 0 0 0 0 0 0 0 0 0 0 0 0 0 0 0 0 0 0 0 0 0 0 0 0 0 0 0 0 0 0 0 0 0 0 0 0 0 0 0 0 0 0 0 0 0 0 0 0 0 0 0 0 0 0 0 0 0 0 0 0 0 0 0 0 0 0 0 0 0 0 0 0 0 0 0 0 0 0 0 0 0 0 0 0 0 0 0 0 0 0 0 0 0 0 0 0 0 0 0 
0 0 0 0 0 0 0 0 0 0 0 0 0 0 0 0 0 0 0 0 0 0 0 0 0 0 0 0 0 0 0 0 0 0 0 0 0 0 0 0 0 0 0 0 0 0 0 0 0 0 0 0 0 0 0 0 0 0 0 0 0 0 0 0 0 0 0 0 0 0 0 0 0 0 0 0 0 0 0 0 0 0 0 0 0 0 0 0 0 0 0 0 0 0 0 0 0 0 0 0 
0 0 0 0 0 0 0 0 0 0 0 0 0 0 0 0 0 0 0 0 0 0 0 0 0 0 0 0 0 0 0 0 0 0 0 0 0 0 0 0 0 0 0 0 0 0 0 0 0 0 0 0 0 0 0 0 0 0 0 0 0 0 0 0 0 0 0 0 0 0 0 0 0 0 0 0 0 0 0 0 0 0 0 0 0 0 0 0 0 0 0 0 0 0 0 0 0 0 0 0 
0 0 0 0 0 0 0 0 0 0 0 0 0 0 0 0 0 0 0 0 0 0 0 0 0 0 0 0 0 0 0 0 0 0 0 0 0 0 0 0 0 0 0 0 0 0 0 0 0 0 0 0 0 0 0 0 0 0 0 0 0 0 0 0 0 0 0 0 0 0 0 0 0 0 0 0 0 0 0 0 0 0 0 0 0 0 0 0 0 0 0 0 0 0 0 0 0 0 0 0 
0 0 0 0 0 0 0 0 0 0 0 0 0 0 0 0 0 0 0 0 0 0 0 0 0 0 0 0 0 0 0 0 0 0 0 0 0 0 0 0 0 0 0 0 0 0 0 0 0 0 0 0 0 0 0 0 0 0 0 0 0 0 0 0 0 0 0 0 0 0 0 0 0 0 0 0 0 0 0 0 0 0 0 0 0 0 0 0 0 0 0 0 0 0 0 0 0 0 0 0 
0 0 0 0 0 0 0 0 0 0 0 0 0 0 0 0 0 0 0 0 0 0 0 0 0 0 0 0 0 0 0 0 0 0 0 0 0 0 0 0 0 0 0 0 0 0 0 0 0 0 0 0 0 0 0 0 0 0 0 0 0 0 0 0 0 0 0 0 0 0 0 0 0 0 0 0 0 0 0 0 0 0 0 0 0 0 0 0 0 0 0 0 0 0 0 0 0 0 0 0 
0 0 0 0 0 0 0 0 0 0 0 0 0 0 0 0 0 0 0 0 0 0 0 0 0 0 0 0 0 0 0 0 0 0 0 0 0 0 0 0 0 0 0 0 0 0 0 0 0 0 0 0 0 0 0 0 0 0 0 0 0 0 0 0 0 0 0 0 0 0 0 0 0 0 0 0 0 0 0 0 0 0 0 0 0 0 0 0 0 0 0 0 0 0 0 0 0 0 0 0 
0 0 0 0 0 0 0 0 0 0 0 0 0 0 0 0 0 0 0 0 0 0 0 0 0 0 0 0 0 0 0 9871 19067 18352 18343 18236 18455 18161 18431 17899 17940 17836 18171 17949 17775 17778 17745 17841 17673 17663 17834 17736 17632 17637 17672 17819 17915 17842 17996 18055 18038 18049 18344 18354 18463 18288 18282 18911 9750 0 0 0 0 0 0 0 0 0 0 0 0 0 0 0 0 0 0 0 0 0 0 0 0 0 0 0 0 0 0 0 
0 0 0 0 0 0 0 0 0 0 0 0 0 0 0 0 0 0 0 0 0 0 0 0 0 0 0 0 0 0 0 17955 35413 34362 34176 33949 34116 33987 33506 33810 33846 33419 33481 33548 33369 33212 33145 33006 32974 32993 33028 33184 33149 33012 33130 33018 33397 33453 33053 33335 33680 34124 33926 34371 33922 34026 33880 35500 17773 0 0 0 0 0 0 0 0 0 0 0 0 0 0 0 0 0 0 0 0 0 0 0 0 0 0 0 0 0 0 0 
0 0 0 0 0 0 0 0 0 0 0 0 0 0 0 0 0 0 0 0 0 0 0 0 0 0 0 0 0 0 0 17743 34684 33876 33608 33828 33844 33770 33709 33299 33359 33331 32874 33123 32923 32827 32519 32615 32532 33096 32836 32948 32741 32939 32822 32792 33122 33126 33278 33388 33240 33684 33805 33739 33776 33905 33764 35244 17866 0 0 0 0 0 0 0 0 0 0 0 0 0 0 0 0 0 0 0 0 0 0 0 0 0 0 0 0 0 0 0 
0 0 0 0 0 0 0 0 0 0 0 0 0 0 0 0 0 0 0 0 0 0 0 0 0 0 0 0 0 0 0 17834 34933 33486 33236 33569 33316 33393 33429 33387 33029 33190 33310 32825 32927 32996 32686 32466 32390 32682 32566 32159 32673 32470 32774 32533 32719 33012 33040 33249 33079 32864 33651 33985 33173 33351 33607 34954 17760 0 0 0 0 0 0 0 0 0 0 0 0 0 0 0 0 0 0 0 0 0 0 0 0 0 0 0 0 0 0 0 
0 0 0 0 0 0 0 0 0 0 0 0 0 0 0 0 0 0 0 0 0 0 0 0 0 0 0 0 0 0 0 17718 34524 33410 33198 33528 33365 33449 33156 33389 33457 33080 32618 33058 32477 32762 32412 32581 32834 32735 32397 32219 32401 32290 32285 32702 32633 32772 32968 32850 32986 33666 33464 33413 33487 33694 33606 34990 17738 0 0 0 0 0 0 0 0 0 0 0 0 0 0 0 0 0 0 0 0 0 0 0 0 0 0 0 0 0 0 0 
0 0 0 0 0 0 0 0 0 0 0 0 0 0 0 0 0 0 0 0 0 0 0 0 0 0 0 0 0 0 0 17891 34793 33683 33541 33584 33517 33426 33338 33235 33593 32864 32753 32937 32774 32666 32789 32355 32876 32183 32738 32554 32597 32566 32514 32837 32734 32820 32995 32877 33389 33286 33404 33461 33721 33408 33071 34863 18046 0 0 0 0 0 0 0 0 0 0 0 0 0 0 0 0 0 0 0 0 0 0 0 0 0 0 0 0 0 0 0 
0 0 0 0 0 0 0 0 0 0 0 0 0 0 0 0 0 0 0 0 0 0 0 0 0 0 0 0 0 0 0 17829 34908 33500 33531 33769 33418 33545 33244 33214 33011 32948 32869 32647 32654 32333 32685 32599 32414 32402 32666 32364 32333 32319 32628 32499 32940 32933 32908 32893 32956 33284 33649 33868 33359 33726 33532 35070 17605 0 0 0 0 0 0 0 0 0 0 0 0 0 0 0 0 0 0 0 0 0 0 0 0 0 0 0 0 0 0 0 
0 0 0 0 0 0 0 0 0 0 0 0 0 0 0 0 0 0 0 0 0 0 0 0 0 0 0 0 0 0 0 17816 34884 33343 33262 33386 33446 33536 33363 32852 32739 32773 32844 32524 32479 32724 32393 32498 32656 32514 32473 32184 32321 32936 32992 32533 32704 32764 32692 32898 32909 32978 33251 33711 33306 33178 33395 34498 17521 0 0 0 0 0 0 0 0 0 0 0 0 0 0 0 0 0 0 0 0 0 0 0 0 0 0 0 0 0 0 0 
0 0 0 0 0 0 0 0 0 0 0 0 0 0 0 0 0 0 0 0 0 0 0 0 0 0 0 0 0 0 0 17583 34587 33380 33312 33399 33385 33125 33207 33360 32903 32500 32825 32751 32684 32380 32378 32245 32351 32313 32374 32341 32329 32224 32300 32509 32470 32444 32641 32735 32900 33201 33368 33301 33223 33300 33068 34380 17681 0 0 0 0 0 0 0 0 0 0 0 0 0 0 0 0 0 0 0 0 0 0 0 0 0 0 0 0 0 0 0 
0 0 0 0 0 0 0 0 0 0 0 0 0 0 0 0 0 0 0 0 0 0 0 0 0 0 0 0 0 0 0 17758 34418 33273 33466 33027 33457 33143 33119 32801 32615 32521 32464 32349 32056 32678 32090 32301 32336 32192 32168 32336 32476 32379 32325 32295 32272 32622 32750 32419 32568 33092 32952 33066 33449 33251 33276 34614 17524 0 0 0 0 0 0 0 0 0 0 0 0 0 0 0 0 0 0 0 0 0 0 0 0 0 0 0 0 0 0 0 
0 0 0 0 0 0 0 0 0 0 0 0 0 0 0 0 0 0 0 0 0 0 0 0 0 0 0 0 0 0 0 17547 34073 32966 33182 33206 33048 33653 32649 32736 32126 32534 32437 32118 32062 32085 32192 32172 31944 32066 31792 31814 31839 32062 31926 32156 32336 32356 32487 32605 32616 33170 32840 33023 32959 32897 32879 34214 17351 0 0 0 0 0 0 0 0 0 0 0 0 0 0 0 0 0 0 0 0 0 0 0 0 0 0 0 0 0 0 0 
0 0 0 0 0 0 0 0 0 0 0 0 0 0 0 0 0 0 0 0 0 0 0 0 0 0 0 0 0 0 0 17331 34207 33026 32715 32734 32779 32731 32533 32715 32449 32171 32346 31923 31743 32214 31744 31603 31897 32020 31846 32216 31725 32128 31587 32052 31932 32223 32217 32097 32569 32199 32565 33028 32720 32571 32793 34285 17266 0 0 0 0 0 0 0 0 0 0 0 0 0 0 0 0 0 0 0 0 0 0 0 0 0 0 0 0 0 0 0 
0 0 0 0 0 0 0 0 0 0 0 0 0 0 0 0 0 0 0 0 0 0 0 0 0 0 0 0 0 0 0 17132 34104 32430 32529 32564 32596 32704 32556 31984 32272 31846 31734 31948 31765 31757 31482 31419 31514 31553 31344 31662 31759 31678 31429 31969 31951 31864 32216 32240 32164 32213 32473 32628 32613 32512 32502 33910 17096 0 0 0 0 0 0 0 0 0 0 0 0 0 0 0 0 0 0 0 0 0 0 0 0 0 0 0 0 0 0 0 
0 0 0 0 0 0 0 0 0 0 0 0 0 0 0 0 0 0 0 0 0 0 0 0 0 0 0 0 0 0 0 17270 33364 32337 32296 32411 32561 31952 32560 32108 31974 31775 31525 31742 31470 31507 31485 31509 31440 31600 31760 30980 31358 31673 31252 31849 31604 31820 31930 32015 32193 31963 32572 32322 32701 32444 32456 33628 17058 0 0 0 0 0 0 0 0 0 0 0 0 0 0 0 0 0 0 0 0 0 0 0 0 0 0 0 0 0 0 0 
0 0 0 0 0 0 0 0 0 0 0 0 0 0 0 0 0 0 0 0 0 0 0 0 0 0 0 0 0 0 0 16871 33365 32152 32240 32038 31910 32179 32030 31917 31735 31628 31719 31703 31302 31279 31246 31026 31772 30893 31172 30845 31514 31228 31492 31418 31172 31486 31453 31972 32047 31929 32036 32425 32227 32037 32345 33365 17107 0 0 0 0 0 0 0 0 0 0 0 0 0 0 0 0 0 0 0 0 0 0 0 0 0 0 0 0 0 0 0 
0 0 0 0 0 0 0 0 0 0 0 0 0 0 0 0 0 0 0 0 0 0 0 0 0 0 0 0 0 0 0 16953 33269 32058 31995 32126 31931 31839 31553 31695 31626 31220 31143 31027 30970 30622 31186 30800 31251 31029 30802 30898 30873 30877 30966 31407 31625 31527 31786 31752 31169 31917 31740 32174 32008 31914 32033 33297 17101 0 0 0 0 0 0 0 0 0 0 0 0 0 0 0 0 0 0 0 0 0 0 0 0 0 0 0 0 0 0 0 
0 0 0 0 0 0 0 0 0 0 0 0 0 0 0 0 0 0 0 0 0 0 0 0 0 0 0 0 0 0 0 16812 32782 31811 32124 31772 31637 31833 31394 31706 31440 31297 31108 31047 30849 30607 30776 30987 30622 30732 30636 30890 30791 30828 31088 30675 31211 31241 31171 31594 31132 31457 31817 32214 31870 31661 32105 32912 16817 0 0 0 0 0 0 0 0 0 0 0 0 0 0 0 0 0 0 0 0 0 0 0 0 0 0 0 0 0 0 0 
0 0 0 0 0 0 0 0 0 0 0 0 0 0 0 0 0 0 0 0 0 0 0 0 0 0 0 0 0 0 0 16811 32877 31454 31766 31567 31664 31440 31131 31148 31087 30783 30891 30651 30310 30745 30987 30351 30711 30443 30601 30495 30575 30613 30783 30759 31056 30744 31058 31267 31086 31366 31230 31693 31639 31423 31899 32650 16552 0 0 0 0 0 0 0 0 0 0 0 0 0 0 0 0 0 0 0 0 0 0 0 0 0 0 0 0 0 0 0 
0 0 0 0 0 0 0 0 0 0 0 0 0 0 0 0 0 0 0 0 0 0 0 0 0 0 0 0 0 0 0 16567 32673 31356 31142 31254 31555 30865 31083 30836 31313 30856 30341 30658 30805 30356 30400 30536 30437 30630 30442 30435 30454 30520 30746 30611 30825 30743 30794 31152 31142 31025 31126 31319 31339 31153 31482 32445 16806 0 0 0 0 0 0 0 0 0 0 0 0 0 0 0 0 0 0 0 0 0 0 0 0 0 0 0 0 0 0 0 
0 0 0 0 0 0 0 0 0 0 0 0 0 0 0 0 0 0 0 0 0 0 0 0 0 0 0 0 0 0 0 16383 32690 30815 31081 31027 31296 31244 30641 30816 30775 30596 30560 30231 30501 30338 30343 30100 30243 30268 29889 30098 30034 30240 30257 30278 30469 30253 30744 30713 30943 30807 31093 31184 31029 30830 31397 32520 16585 0 0 0 0 0 0 0 0 0 0 0 0 0 0 0 0 0 0 0 0 0 0 0 0 0 0 0 0 0 0 0 
0 0 0 0 0 0 0 0 0 0 0 0 0 0 0 0 0 0 0 0 0 0 0 0 0 0 0 0 0 0 0 16363 31999 30979 30684 30899 31234 30593 30736 30893 30426 30343 30381 30349 30097 29740 29889 30225 29819 30130 29830 30097 30099 30106 30093 30342 30359 30127 30272 30817 30712 30778 30896 30897 30847 30873 30686 32586 16313 0 0 0 0 0 0 0 0 0 0 0 0 0 0 0 0 0 0 0 0 0 0 0 0 0 0 0 0 0 0 0 
0 0 0 0 0 0 0 0 0 0 0 0 0 0 0 0 0 0 0 0 0 0 0 0 0 0 0 0 0 0 0 16246 31694 30767 30467 30490 30469 30414 30553 30147 30237 30305 30112 29894 29809 30031 29711 29754 29791 29864 30029 29804 29867 30085 29758 29962 29797 29915 30035 30324 30240 30501 30611 30663 30774 30815 30944 31830 16301 0 0 0 0 0 0 0 0 0 0 0 0 0 0 0 0 0 0 0 0 0 0 0 0 0 0 0 0 0 0 0 
0 0 0 0 0 0 0 0 0 0 0 0 0 0 0 0 0 0 0 0 0 0 0 0 0 0 0 0 0 0 0 15980 31629 30443 30125 30680 30267 30528 30128 30115 29695 30049 29939 29936 30037 29734 29623 29494 29694 29328 29460 29515 29573 29626 29452 29582 29845 29698 29867 29924 30197 30200 30359 30287 30467 30106 30591 31626 15961 0 0 0 0 0 0 0 0 0 0 0 0 0 0 0 0 0 0 0 0 0 0 0 0 0 0 0 0 0 0 0 
0 0 0 0 0 0 0 0 0 0 0 0 0 0 0 0 0 0 0 0 0 0 0 0 0 0 0 0 0 0 0 15841 31401 30176 30192 30091 29905 30273 29849 29876 29585 29652 29322 29326 29238 29379 29644 29127 29649 29322 29171 29178 29417 29299 29405 29241 29639 29706 29452 30025 29726 29767 30053 29944 30373 30092 30504 31476 15877 0 0 0 0 0 0 0 0 0 0 0 0 0 0 0 0 0 0 0 0 0 0 0 0 0 0 0 0 0 0 0 
0 0 0 0 0 0 0 0 0 0 0 0 0 0 0 0 0 0 0 0 0 0 0 0 0 0 0 0 0 0 0 15983 31276 29784 30026 30052 30061 29953 29862 29624 29511 29333 29393 29239 29219 28970 29129 28911 28801 28832 29078 28763 29015 29207 29112 29103 29354 29302 29361 29382 29891 29774 29672 30039 30131 30007 30002 31161 15755 0 0 0 0 0 0 0 0 0 0 0 0 0 0 0 0 0 0 0 0 0 0 0 0 0 0 0 0 0 0 0 
0 0 0 0 0 0 0 0 0 0 0 0 0 0 0 0 0 0 0 0 0 0 0 0 0 0 0 0 0 0 0 15847 30903 29462 30108 29697 29811 29648 29681 29497 29187 29198 29290 29136 29260 29218 29150 28917 28871 29005 29040 29057 29067 28708 28755 29311 29364 28906 29361 29155 29422 29818 29878 29852 29509 29749 29415 30876 15697 0 0 0 0 0 0 0 0 0 0 0 0 0 0 0 0 0 0 0 0 0 0 0 0 0 0 0 0 0 0 0 
0 0 0 0 0 0 0 0 0 0 0 0 0 0 0 0 0 0 0 0 0 0 0 0 0 0 0 0 0 0 0 15633 31083 29805 29673 29981 29474 29666 29422 29619 29304 29266 29133 28919 28766 29056 28705 29010 28897 28934 28806 28707 28653 29128 29204 29150 28995 29302 29056 29333 29100 29681 29589 29718 29747 29770 29863 31147 15565 0 0 0 0 0 0 0 0 0 0 0 0 0 0 0 0 0 0 0 0 0 0 0 0 0 0 0 0 0 0 0 
0 0 0 0 0 0 0 0 0 0 0 0 0 0 0 0 0 0 0 0 0 0 0 0 0 0 0 0 0 0 0 15585 31116 29480 29686 29734 29781 29635 29584 29911 29236 29034 29257 29063 29188 28992 29235 28723 28999 28683 28896 29012 28689 29015 28803 29137 28644 29147 29069 29509 29134 29448 29777 29385 29505 29576 29695 30769 15913 0 0 0 0 0 0 0 0 0 0 0 0 0 0 0 0 0 0 0 0 0 0 0 0 0 0 0 0 0 0 0 
0 0 0 0 0 0 0 0 0 0 0 0 0 0 0 0 0 0 0 0 0 0 0 0 0 0 0 0 0 0 0 15689 30555 29830 29621 29815 29575 29442 29456 29599 29162 29222 29017 28849 29096 28876 28873 28834 28644 28873 28885 28619 28747 28762 28794 29007 28923 28930 28997 29356 29021 29732 29616 29756 29568 29570 29595 30721 15962 0 0 0 0 0 0 0 0 0 0 0 0 0 0 0 0 0 0 0 0 0 0 0 0 0 0 0 0 0 0 0 
0 0 0 0 0 0 0 0 0 0 0 0 0 0 0 0 0 0 0 0 0 0 0 0 0 0 0 0 0 0 0 15682 31017 29751 29695 29764 29748 29729 29246 29358 29176 29168 28877 28957 28751 28952 29040 28931 28741 28960 28604 28641 28761 28537 28974 28780 28911 29093 29392 29505 29468 29431 29547 29472 29496 29501 29722 30790 15741 0 0 0 0 0 0 0 0 0 0 0 0 0 0 0 0 0 0 0 0 0 0 0 0 0 0 0 0 0 0 0 
0 0 0 0 0 0 0 0 0 0 0 0 0 0 0 0 0 0 0 0 0 0 0 0 0 0 0 0 0 0 0 15696 30878 29387 29547 29368 29999 29514 29334 29230 29131 29163 28966 28834 28809 28681 28706 28763 28675 28739 28707 28682 28726 28534 29011 28898 28985 29013 29072 29051 29418 29704 29125 29900 29506 29541 29488 31015 15534 0 0 0 0 0 0 0 0 0 0 0 0 0 0 0 0 0 0 0 0 0 0 0 0 0 0 0 0 0 0 0 
0 0 0 0 0 0 0 0 0 0 0 0 0 0 0 0 0 0 0 0 0 0 0 0 0 0 0 0 0 0 0 15565 30558 29787 29434 29343 29516 29384 29320 29299 29513 28899 28791 28813 28696 28627 28459 28715 28780 29050 28589 29039 28874 29164 28772 28805 29176 29091 28934 29279 29513 29294 29480 29570 29604 29718 29589 30766 15800 0 0 0 0 0 0 0 0 0 0 0 0 0 0 0 0 0 0 0 0 0 0 0 0 0 0 0 0 0 0 0 
0 0 0 0 0 0 0 0 0 0 0 0 0 0 0 0 0 0 0 0 0 0 0 0 0 0 0 0 0 0 0 15664 30806 29467 29655 29700 29361 29527 29369 29464 29065 29367 29109 28813 28671 28555 28733 28251 28801 28567 28666 28735 28958 28530 28531 29094 28828 28951 29214 28960 29160 29670 29571 30144 29663 29743 29709 30706 15561 0 0 0 0 0 0 0 0 0 0 0 0 0 0 0 0 0 0 0 0 0 0 0 0 0 0 0 0 0 0 0 
0 0 0 0 0 0 0 0 0 0 0 0 0 0 0 0 0 0 0 0 0 0 0 0 0 0 0 0 0 0 0 15482 30618 29573 29258 29585 29538 29346 29204 29298 29254 29351 28777 28896 28817 28714 28423 28508 28794 28817 28858 28482 29213 28735 29103 28907 28824 28801 28909 29489 29416 29365 29513 29425 29560 29520 29608 30971 15638 0 0 0 0 0 0 0 0 0 0 0 0 0 0 0 0 0 0 0 0 0 0 0 0 0 0 0 0 0 0 0 
0 0 0 0 0 0 0 0 0 0 0 0 0 0 0 0 0 0 0 0 0 0 0 0 0 0 0 0 0 0 0 15573 30402 29474 29446 29530 29867 29561 29436 29396 29132 29162 28730 28494 29123 28787 28860 28915 28390 28569 28845 28401 28664 28473 28622 28793 28952 29068 28925 29124 29234 29323 29586 29519 29428 29237 29891 30869 15531 0 0 0 0 0 0 0 0 0 0 0 0 0 0 0 0 0 0 0 0 0 0 0 0 0 0 0 0 0 0 0 
0 0 0 0 0 0 0 0 0 0 0 0 0 0 0 0 0 0 0 0 0 0 0 0 0 0 0 0 0 0 0 15490 30804 29941 29606 29495 29787 29233 29477 29046 29136 28942 28823 28829 29105 28865 28560 28680 28979 28898 28348 28647 28712 28910 28697 28924 29249 29059 29423 29200 29255 29203 29565 29666 29734 29559 29656 30747 15573 0 0 0 0 0 0 0 0 0 0 0 0 0 0 0 0 0 0 0 0 0 0 0 0 0 0 0 0 0 0 0 
0 0 0 0 0 0 0 0 0 0 0 0 0 0 0 0 0 0 0 0 0 0 0 0 0 0 0 0 0 0 0 15641 30350 29538 29739 29394 29822 29676 29647 29584 29383 28882 28621 28714 28755 28916 28835 28675 28301 28714 28739 28644 28948 28772 28806 29064 28761 29040 28804 29125 28990 29494 29595 29683 29886 29589 29455 30780 15662 0 0 0 0 0 0 0 0 0 0 0 0 0 0 0 0 0 0 0 0 0 0 0 0 0 0 0 0 0 0 0 
0 0 0 0 0 0 0 0 0 0 0 0 0 0 0 0 0 0 0 0 0 0 0 0 0 0 0 0 0 0 0 15713 30580 29916 29537 29570 29732 29436 29289 29528 29154 28757 28753 28965 28562 28729 28774 28799 28826 28696 28471 28511 28868 28785 28765 28644 28895 29004 29127 28839 29207 29380 29555 29259 29771 29779 29556 30561 15735 0 0 0 0 0 0 0 0 0 0 0 0 0 0 0 0 0 0 0 0 0 0 0 0 0 0 0 0 0 0 0 
0 0 0 0 0 0 0 0 0 0 0 0 0 0 0 0 0 0 0 0 0 0 0 0 0 0 0 0 0 0 0 15897 30609 29394 29523 29544 29701 29753 29344 29287 28950 29040 29237 28920 28846 28732 28724 28640 28840 28612 28486 28845 28261 28551 28889 28983 28992 28713 29171 29176 29211 29451 29387 29584 29551 29790 29716 30499 15650 0 0 0 0 0 0 0 0 0 0 0 0 0 0 0 0 0 0 0 0 0 0 0 0 0 0 0 0 0 0 0 
0 0 0 0 0 0 0 0 0 0 0 0 0 0 0 0 0 0 0 0 0 0 0 0 0 0 0 0 0 0 0 15627 30752 29567 29599 29719 29607 29422 29415 29356 29123 29495 29031 28880 28943 28922 28634 28685 28546 28596 28968 28856 28786 28922 28759 29065 28825 28830 28692 28997 29183 29495 29682 29645 29289 29506 29564 30660 15487 0 0 0 0 0 0 0 0 0 0 0 0 0 0 0 0 0 0 0 0 0 0 0 0 0 0 0 0 0 0 0 
0 0 0 0 0 0 0 0 0 0 0 0 0 0 0 0 0 0 0 0 0 0 0 0 0 0 0 0 0 0 0 15585 30392 29502 29331 29795 29787 29222 29359 29578 29152 29012 28816 29139 28671 29004 28919 28683 28473 28420 28603 28768 28614 28798 28949 29045 28642 28875 28880 29173 29231 29466 29376 29452 29675 29719 29337 30892 15773 0 0 0 0 0 0 0 0 0 0 0 0 0 0 0 0 0 0 0 0 0 0 0 0 0 0 0 0 0 0 0 
0 0 0 0 0 0 0 0 0 0 0 0 0 0 0 0 0 0 0 0 0 0 0 0 0 0 0 0 0 0 0 15633 30706 29366 29408 29428 29732 29371 29123 29209 29196 29150 28742 28840 29158 28518 28715 28676 28736 28571 28309 28762 28407 28386 28603 29086 28883 29089 29084 29204 29306 29267 29460 29376 29437 29567 29704 30835 15779 0 0 0 0 0 0 0 0 0 0 0 0 0 0 0 0 0 0 0 0 0 0 0 0 0 0 0 0 0 0 0 
0 0 0 0 0 0 0 0 0 0 0 0 0 0 0 0 0 0 0 0 0 0 0 0 0 0 0 0 0 0 0 15742 30858 29583 29462 29545 29387 29860 29611 28991 29071 29695 29012 29019 28813 28756 28814 28565 28740 28699 28641 28883 28578 29043 28619 28854 29087 28919 29359 29592 29180 29449 29371 29927 29909 29754 29723 30899 15476 0 0 0 0 0 0 0 0 0 0 0 0 0 0 0 0 0 0 0 0 0 0 0 0 0 0 0 0 0 0 0 
0 0 0 0 0 0 0 0 0 0 0 0 0 0 0 0 0 0 0 0 0 0 0 0 0 0 0 0 0 0 0 15590 30278 29647 29589 29582 29326 29427 29500 28867 29022 29038 29182 29216 28797 28584 28570 28719 28916 28693 28653 28565 28503 28728 28664 29024 29220 29052 28852 29549 29270 29555 29633 29686 29763 29598 29526 30572 15537 0 0 0 0 0 0 0 0 0 0 0 0 0 0 0 0 0 0 0 0 0 0 0 0 0 0 0 0 0 0 0 
0 0 0 0 0 0 0 0 0 0 0 0 0 0 0 0 0 0 0 0 0 0 0 0 0 0 0 0 0 0 0 15842 30900 29641 29189 29720 29437 29928 29415 29442 29185 29071 28950 28870 28785 28660 28774 28358 28840 28654 28644 28858 28855 28741 28901 28898 29003 29130 29105 29156 29286 29309 29479 29854 29636 29742 29962 30993 15564 0 0 0 0 0 0 0 0 0 0 0 0 0 0 0 0 0 0 0 0 0 0 0 0 0 0 0 0 0 0 0 
0 0 0 0 0 0 0 0 0 0 0 0 0 0 0 0 0 0 0 0 0 0 0 0 0 0 0 0 0 0 0 15837 30910 29497 29741 29564 29575 29592 29490 29440 29323 28902 29087 29079 28916 28613 28786 28544 28630 29169 28354 28789 28979 28882 28852 28884 28975 29082 29135 29409 29271 29335 29552 29671 29533 29111 29341 30802 15558 0 0 0 0 0 0 0 0 0 0 0 0 0 0 0 0 0 0 0 0 0 0 0 0 0 0 0 0 0 0 0 
0 0 0 0 0 0 0 0 0 0 0 0 0 0 0 0 0 0 0 0 0 0 0 0 0 0 0 0 0 0 0 15782 30797 29802 29551 29454 29550 29402 29532 29386 29043 29195 29079 28805 29027 28741 28499 28715 28688 28725 28867 28565 28911 28776 28895 28937 28657 29038 29047 29139 29199 29545 29526 29502 29749 29507 29732 30622 15573 0 0 0 0 0 0 0 0 0 0 0 0 0 0 0 0 0 0 0 0 0 0 0 0 0 0 0 0 0 0 0 
0 0 0 0 0 0 0 0 0 0 0 0 0 0 0 0 0 0 0 0 0 0 0 0 0 0 0 0 0 0 0 15632 30859 29746 29523 29810 29385 29889 29403 29474 29104 29160 28975 29231 29053 28678 28826 29006 28677 28848 28891 28722 29038 28948 28953 28696 28627 28828 29295 29478 29516 29078 29751 29806 29564 29637 29753 30772 15795 0 0 0 0 0 0 0 0 0 0 0 0 0 0 0 0 0 0 0 0 0 0 0 0 0 0 0 0 0 0 0 
0 0 0 0 0 0 0 0 0 0 0 0 0 0 0 0 0 0 0 0 0 0 0 0 0 0 0 0 0 0 0 15794 31064 29460 29827 29857 30230 29651 29406 29481 29086 29118 29078 28989 28671 28960 28778 28876 28987 28915 28482 28668 28649 28567 29051 28613 28732 28779 29477 29312 29505 29350 29654 29891 29842 29815 29726 31066 15886 0 0 0 0 0 0 0 0 0 0 0 0 0 0 0 0 0 0 0 0 0 0 0 0 0 0 0 0 0 0 0 
0 0 0 0 0 0 0 0 0 0 0 0 0 0 0 0 0 0 0 0 0 0 0 0 0 0 0 0 0 0 0 15665 31077 29573 29514 29740 29632 29665 29653 29725 29100 29280 29083 28825 28851 28883 28934 28829 28568 28532 29208 28599 28884 28708 28774 29080 28797 29184 29367 29341 29590 29573 29583 29896 29687 29628 29805 31203 15795 0 0 0 0 0 0 0 0 0 0 0 0 0 0 0 0 0 0 0 0 0 0 0 0 0 0 0 0 0 0 0 
0 0 0 0 0 0 0 0 0 0 0 0 0 0 0 0 0 0 0 0 0 0 0 0 0 0 0 0 0 0 0 15562 30911 29793 29933 29980 29771 29602 29685 29394 29612 29166 29259 29229 28926 29153 28645 28809 28811 28799 28812 28818 29088 28895 28899 29166 29049 29203 28917 28883 29368 29699 29642 29560 29925 29870 29769 30889 15681 0 0 0 0 0 0 0 0 0 0 0 0 0 0 0 0 0 0 0 0 0 0 0 0 0 0 0 0 0 0 0 
0 0 0 0 0 0 0 0 0 0 0 0 0 0 0 0 0 0 0 0 0 0 0 0 0 0 0 0 0 0 0 15939 31085 29862 29881 29795 29869 29940 29860 29609 29432 29188 29207 29196 28988 28965 29400 29376 28983 29022 29114 28902 29185 29224 28921 29098 29283 29424 29678 29577 29507 29677 29632 29766 29989 30138 29895 30961 15928 0 0 0 0 0 0 0 0 0 0 0 0 0 0 0 0 0 0 0 0 0 0 0 0 0 0 0 0 0 0 0 
0 0 0 0 0 0 0 0 0 0 0 0 0 0 0 0 0 0 0 0 0 0 0 0 0 0 0 0 0 0 0 15915 31527 29990 30189 30241 30038 30009 29993 30026 29617 29699 29570 29084 29657 29416 29298 29311 29255 29273 29320 29131 29498 29320 29507 29599 29358 29696 29117 29709 29801 30054 30078 30186 30173 30240 30124 31564 16135 0 0 0 0 0 0 0 0 0 0 0 0 0 0 0 0 0 0 0 0 0 0 0 0 0 0 0 0 0 0 0 
0 0 0 0 0 0 0 0 0 0 0 0 0 0 0 0 0 0 0 0 0 0 0 0 0 0 0 0 0 0 0 16091 31329 30578 30269 30393 30377 30608 29988 30302 30049 30010 29939 29811 29536 29315 29542 29593 29778 29507 29454 29626 29482 29712 29714 29497 29730 29998 30164 29955 30058 30006 30404 30571 30370 30545 30726 31686 15912 0 0 0 0 0 0 0 0 0 0 0 0 0 0 0 0 0 0 0 0 0 0 0 0 0 0 0 0 0 0 0 
0 0 0 0 0 0 0 0 0 0 0 0 0 0 0 0 0 0 0 0 0 0 0 0 0 0 0 0 0 0 0 16195 31807 30753 30825 30674 30688 30363 30258 30407 30421 30020 29907 29774 30119 29583 29733 29632 29848 29574 29588 29813 29777 30142 30031 29839 29777 30162 30030 30252 30462 30589 30545 30825 30680 30960 30711 31833 16369 0 0 0 0 0 0 0 0 0 0 0 0 0 0 0 0 0 0 0 0 0 0 0 0 0 0 0 0 0 0 0 
0 0 0 0 0 0 0 0 0 0 0 0 0 0 0 0 0 0 0 0 0 0 0 0 0 0 0 0 0 0 0 16140 32075 30627 30981 31137 30948 30819 30766 30635 30339 30468 30144 30565 30080 30006 29941 30052 29804 30076 30014 30345 29922 30215 30063 30120 30265 30240 30310 30535 30540 30730 30995 30730 30867 30967 31055 32055 16316 0 0 0 0 0 0 0 0 0 0 0 0 0 0 0 0 0 0 0 0 0 0 0 0 0 0 0 0 0 0 0 
0 0 0 0 0 0 0 0 0 0 0 0 0 0 0 0 0 0 0 0 0 0 0 0 0 0 0 0 0 0 0 16478 32350 31077 30899 31105 31286 31011 30480 30799 30962 30447 30685 30788 30673 30532 30232 29979 30175 30236 29935 30363 29952 30580 30314 30205 30797 30420 30492 30404 30603 30904 31370 30803 31124 31281 30814 32166 16312 0 0 0 0 0 0 0 0 0 0 0 0 0 0 0 0 0 0 0 0 0 0 0 0 0 0 0 0 0 0 0 
0 0 0 0 0 0 0 0 0 0 0 0 0 0 0 0 0 0 0 0 0 0 0 0 0 0 0 0 0 0 0 16693 32909 31167 31559 31429 31293 31436 31370 31293 30851 30945 30798 30501 30726 30447 30736 30288 30198 30013 30070 30659 30316 30433 30619 30691 30755 30813 30585 31106 30681 31033 31290 31192 31302 31294 30983 32584 16526 0 0 0 0 0 0 0 0 0 0 0 0 0 0 0 0 0 0 0 0 0 0 0 0 0 0 0 0 0 0 0 
0 0 0 0 0 0 0 0 0 0 0 0 0 0 0 0 0 0 0 0 0 0 0 0 0 0 0 0 0 0 0 16657 32867 31454 31673 31483 31599 31708 31443 31157 31405 30749 31114 30718 30699 30803 30488 30391 30577 30609 30880 30650 30402 30394 30799 30691 30778 30910 31217 31125 31299 31546 31500 31657 31471 31148 31654 32926 16517 0 0 0 0 0 0 0 0 0 0 0 0 0 0 0 0 0 0 0 0 0 0 0 0 0 0 0 0 0 0 0 
0 0 0 0 0 0 0 0 0 0 0 0 0 0 0 0 0 0 0 0 0 0 0 0 0 0 0 0 0 0 0 16728 33207 31664 31476 31985 31659 31305 31752 31041 31377 31364 31347 31180 30840 31119 31190 30889 30826 30839 30599 30926 30954 30696 31090 30838 31149 31066 31229 31042 31588 31652 31508 31809 31876 32081 31686 33081 16734 0 0 0 0 0 0 0 0 0 0 0 0 0 0 0 0 0 0 0 0 0 0 0 0 0 0 0 0 0 0 0 
0 0 0 0 0 0 0 0 0 0 0 0 0 0 0 0 0 0 0 0 0 0 0 0 0 0 0 0 0 0 0 17021 32821 31908 31969 31895 31951 31761 32076 31521 31641 31278 31353 31346 31208 30966 31175 31110 31118 31003 31315 31117 31016 31119 31306 31010 31097 31552 31760 31345 31490 31681 31769 32051 31763 31705 31579 32911 16961 0 0 0 0 0 0 0 0 0 0 0 0 0 0 0 0 0 0 0 0 0 0 0 0 0 0 0 0 0 0 0 
0 0 0 0 0 0 0 0 0 0 0 0 0 0 0 0 0 0 0 0 0 0 0 0 0 0 0 0 0 0 0 17141 33478 32243 32258 32049 32041 32057 32078 31650 31948 31394 31386 31211 31286 31133 30847 30901 30732 31327 31197 31119 31345 31145 31500 31574 31348 31443 31473 31657 32044 31986 32234 32152 31908 32353 31814 33356 16991 0 0 0 0 0 0 0 0 0 0 0 0 0 0 0 0 0 0 0 0 0 0 0 0 0 0 0 0 0 0 0 
0 0 0 0 0 0 0 0 0 0 0 0 0 0 0 0 0 0 0 0 0 0 0 0 0 0 0 0 0 0 0 16824 33493 32252 32662 32261 32351 32472 32134 31921 31861 31611 31711 31669 31733 31587 31519 31514 31412 31259 31463 31190 31100 31350 31241 31528 31549 31579 31738 31850 32136 32186 32339 32585 32232 32055 32172 33599 17221 0 0 0 0 0 0 0 0 0 0 0 0 0 0 0 0 0 0 0 0 0 0 0 0 0 0 0 0 0 0 0 
0 0 0 0 0 0 0 0 0 0 0 0 0 0 0 0 0 0 0 0 0 0 0 0 0 0 0 0 0 0 0 17286 33544 32504 32632 32601 32658 32196 32425 32089 32255 31872 32006 31626 31935 31645 31882 31419 31248 31465 31688 31879 31259 31503 31683 31882 31598 32011 32257 32115 32102 32450 32633 32746 32421 32464 32344 33627 17334 0 0 0 0 0 0 0 0 0 0 0 0 0 0 0 0 0 0 0 0 0 0 0 0 0 0 0 0 0 0 0 
0 0 0 0 0 0 0 0 0 0 0 0 0 0 0 0 0 0 0 0 0 0 0 0 0 0 0 0 0 0 0 17204 33965 32634 32948 33169 32842 32701 32678 32391 32669 31937 32153 31756 32000 32069 31874 31665 32086 31716 31701 32199 31813 31797 31985 32033 31827 32000 32257 32273 32426 32569 32817 32833 32726 32431 32873 33947 17113 0 0 0 0 0 0 0 0 0 0 0 0 0 0 0 0 0 0 0 0 0 0 0 0 0 0 0 0 0 0 0 
0 0 0 0 0 0 0 0 0 0 0 0 0 0 0 0 0 0 0 0 0 0 0 0 0 0 0 0 0 0 0 17487 34239 32977 32708 32670 33199 33013 33181 32606 32555 32614 32247 32488 31929 32200 31952 31814 31845 31882 31712 31885 32255 31707 31921 31977 32279 32325 32106 32655 32454 33044 33099 33243 32697 32914 32950 34274 17209 0 0 0 0 0 0 0 0 0 0 0 0 0 0 0 0 0 0 0 0 0 0 0 0 0 0 0 0 0 0 0 
0 0 0 0 0 0 0 0 0 0 0 0 0 0 0 0 0 0 0 0 0 0 0 0 0 0 0 0 0 0 0 17598 34918 33365 33218 33055 32984 33249 33075 32510 32402 32720 32258 32524 32396 32323 32315 32182 32222 32341 32169 32245 32369 31999 31844 32495 32397 32615 32647 32787 33278 32685 32791 33324 33312 33236 33481 34403 17491 0 0 0 0 0 0 0 0 0 0 0 0 0 0 0 0 0 0 0 0 0 0 0 0 0 0 0 0 0 0 0 
0 0 0 0 0 0 0 0 0 0 0 0 0 0 0 0 0 0 0 0 0 0 0 0 0 0 0 0 0 0 0 17520 34543 33361 33091 33444 33509 33622 32959 32799 32729 32574 32299 32260 32382 32503 32303 32656 32167 32067 32303 32047 32474 32277 32619 32230 32801 32865 33020 33232 33324 33621 33441 33571 33233 33120 33439 34403 17260 0 0 0 0 0 0 0 0 0 0 0 0 0 0 0 0 0 0 0 0 0 0 0 0 0 0 0 0 0 0 0 
0 0 0 0 0 0 0 0 0 0 0 0 0 0 0 0 0 0 0 0 0 0 0 0 0 0 0 0 0 0 0 17748 34546 33473 33430 33231 32998 33353 33004 32849 32774 32844 32608 32836 32709 32313 32829 32437 32409 32523 32204 32336 32336 32323 32421 32586 32737 32615 32913 33000 32952 33432 33223 33226 33294 33531 33565 34710 17388 0 0 0 0 0 0 0 0 0 0 0 0 0 0 0 0 0 0 0 0 0 0 0 0 0 0 0 0 0 0 0 
0 0 0 0 0 0 0 0 0 0 0 0 0 0 0 0 0 0 0 0 0 0 0 0 0 0 0 0 0 0 0 17794 34689 33662 33117 33463 33383 33027 33167 33350 33388 33108 32757 32501 32639 32596 32415 32349 32533 32360 32573 32470 32375 32500 32431 32649 32637 33133 33145 33229 33206 32989 33379 33557 33191 33312 33695 34552 17819 0 0 0 0 0 0 0 0 0 0 0 0 0 0 0 0 0 0 0 0 0 0 0 0 0 0 0 0 0 0 0 
0 0 0 0 0 0 0 0 0 0 0 0 0 0 0 0 0 0 0 0 0 0 0 0 0 0 0 0 0 0 0 17614 34724 33578 33530 33322 33542 33132 33125 32972 32888 32988 32752 32670 32565 32403 32369 32401 32245 32501 32490 32256 32521 32457 32537 32589 32789 32891 33099 33350 33154 32979 33076 33434 33941 33747 33475 34651 17624 0 0 0 0 0 0 0 0 0 0 0 0 0 0 0 0 0 0 0 0 0 0 0 0 0 0 0 0 0 0 0 
0 0 0 0 0 0 0 0 0 0 0 0 0 0 0 0 0 0 0 0 0 0 0 0 0 0 0 0 0 0 0 17903 34694 33355 33510 33570 33760 33225 33130 33410 33052 32944 32780 32707 32427 32861 32093 32551 32554 32449 32404 32797 32490 32536 32373 32714 32735 32735 32772 32851 33280 33327 33450 33577 33581 33544 33295 34708 17648 0 0 0 0 0 0 0 0 0 0 0 0 0 0 0 0 0 0 0 0 0 0 0 0 0 0 0 0 0 0 0 
0 0 0 0 0 0 0 0 0 0 0 0 0 0 0 0 0 0 0 0 0 0 0 0 0 0 0 0 0 0 0 17808 35007 33330 33494 33461 33608 33313 33400 33282 32866 32873 32861 32541 32744 32503 31994 32203 32700 32537 32691 32381 32601 32446 32788 32624 32872 32933 32956 33126 33293 33235 33647 33642 33653 33454 33581 34912 17655 0 0 0 0 0 0 0 0 0 0 0 0 0 0 0 0 0 0 0 0 0 0 0 0 0 0 0 0 0 0 0 
0 0 0 0 0 0 0 0 0 0 0 0 0 0 0 0 0 0 0 0 0 0 0 0 0 0 0 0 0 0 0 17955 34847 33977 33445 33632 33548 33509 33596 33250 33469 32831 32778 32655 33062 33039 32759 32627 32500 32750 32726 32650 32785 32931 32611 32661 32838 32760 33037 32804 33515 33276 33545 33804 33449 33536 33901 34847 17761 0 0 0 0 0 0 0 0 0 0 0 0 0 0 0 0 0 0 0 0 0 0 0 0 0 0 0 0 0 0 0 
0 0 0 0 0 0 0 0 0 0 0 0 0 0 0 0 0 0 0 0 0 0 0 0 0 0 0 0 0 0 0 17961 35524 34257 33993 34240 33969 33809 33752 33430 33846 33672 33720 32893 32987 33114 32994 32842 33113 32545 32811 32866 33186 33113 33104 33008 33344 33405 33615 33724 33761 33866 33968 33756 34033 33807 33977 35539 17852 0 0 0 0 0 0 0 0 0 0 0 0 0 0 0 0 0 0 0 0 0 0 0 0 0 0 0 0 0 0 0 
0 0 0 0 0 0 0 0 0 0 0 0 0 0 0 0 0 0 0 0 0 0 0 0 0 0 0 0 0 0 0 9693 18934 18216 18229 18223 18123 18070 18248 18159 18100 18250 17949 17739 17771 17515 17623 17812 17847 17715 17652 17647 17796 17619 17832 17962 17582 18045 17842 18222 18051 18195 18281 18481 18250 18092 18277 18855 9629 0 0 0 0 0 0 0 0 0 0 0 0 0 0 0 0 0 0 0 0 0 0 0 0 0 0 0 0 0 0 0 
0 0 0 0 0 0 0 0 0 0 0 0 0 0 0 0 0 0 0 0 0 0 0 0 0 0 0 0 0 0 0 0 0 0 0 0 0 0 0 0 0 0 0 0 0 0 0 0 0 0 0 0 0 0 0 0 0 0 0 0 0 0 0 0 0 0 0 0 0 0 0 0 0 0 0 0 0 0 0 0 0 0 0 0 0 0 0 0 0 0 0 0 0 0 0 0 0 0 0 0 
0 0 0 0 0 0 0 0 0 0 0 0 0 0 0 0 0 0 0 0 0 0 0 0 0 0 0 0 0 0 0 0 0 0 0 0 0 0 0 0 0 0 0 0 0 0 0 0 0 0 0 0 0 0 0 0 0 0 0 0 0 0 0 0 0 0 0 0 0 0 0 0 0 0 0 0 0 0 0 0 0 0 0 0 0 0 0 0 0 0 0 0 0 0 0 0 0 0 0 0 
0 0 0 0 0 0 0 0 0 0 0 0 0 0 0 0 0 0 0 0 0 0 0 0 0 0 0 0 0 0 0 0 0 0 0 0 0 0 0 0 0 0 0 0 0 0 0 0 0 0 0 0 0 0 0 0 0 0 0 0 0 0 0 0 0 0 0 0 0 0 0 0 0 0 0 0 0 0 0 0 0 0 0 0 0 0 0 0 0 0 0 0 0 0 0 0 0 0 0 0 
0 0 0 0 0 0 0 0 0 0 0 0 0 0 0 0 0 0 0 0 0 0 0 0 0 0 0 0 0 0 0 0 0 0 0 0 0 0 0 0 0 0 0 0 0 0 0 0 0 0 0 0 0 0 0 0 0 0 0 0 0 0 0 0 0 0 0 0 0 0 0 0 0 0 0 0 0 0 0 0 0 0 0 0 0 0 0 0 0 0 0 0 0 0 0 0 0 0 0 0 
0 0 0 0 0 0 0 0 0 0 0 0 0 0 0 0 0 0 0 0 0 0 0 0 0 0 0 0 0 0 0 0 0 0 0 0 0 0 0 0 0 0 0 0 0 0 0 0 0 0 0 0 0 0 0 0 0 0 0 0 0 0 0 0 0 0 0 0 0 0 0 0 0 0 0 0 0 0 0 0 0 0 0 0 0 0 0 0 0 0 0 0 0 0 0 0 0 0 0 0 
0 0 0 0 0 0 0 0 0 0 0 0 0 0 0 0 0 0 0 0 0 0 0 0 0 0 0 0 0 0 0 0 0 0 0 0 0 0 0 0 0 0 0 0 0 0 0 0 0 0 0 0 0 0 0 0 0 0 0 0 0 0 0 0 0 0 0 0 0 0 0 0 0 0 0 0 0 0 0 0 0 0 0 0 0 0 0 0 0 0 0 0 0 0 0 0 0 0 0 0 
0 0 0 0 0 0 0 0 0 0 0 0 0 0 0 0 0 0 0 0 0 0 0 0 0 0 0 0 0 0 0 0 0 0 0 0 0 0 0 0 0 0 0 0 0 0 0 0 0 0 0 0 0 0 0 0 0 0 0 0 0 0 0 0 0 0 0 0 0 0 0 0 0 0 0 0 0 0 0 0 0 0 0 0 0 0 0 0 0 0 0 0 0 0 0 0 0 0 0 0 
0 0 0 0 0 0 0 0 0 0 0 0 0 0 0 0 0 0 0 0 0 0 0 0 0 0 0 0 0 0 0 0 0 0 0 0 0 0 0 0 0 0 0 0 0 0 0 0 0 0 0 0 0 0 0 0 0 0 0 0 0 0 0 0 0 0 0 0 0 0 0 0 0 0 0 0 0 0 0 0 0 0 0 0 0 0 0 0 0 0 0 0 0 0 0 0 0 0 0 0 
0 0 0 0 0 0 0 0 0 0 0 0 0 0 0 0 0 0 0 0 0 0 0 0 0 0 0 0 0 0 0 0 0 0 0 0 0 0 0 0 0 0 0 0 0 0 0 0 0 0 0 0 0 0 0 0 0 0 0 0 0 0 0 0 0 0 0 0 0 0 0 0 0 0 0 0 0 0 0 0 0 0 0 0 0 0 0 0 0 0 0 0 0 0 0 0 0 0 0 0 
0 0 0 0 0 0 0 0 0 0 0 0 0 0 0 0 0 0 0 0 0 0 0 0 0 0 0 0 0 0 0 0 0 0 0 0 0 0 0 0 0 0 0 0 0 0 0 0 0 0 0 0 0 0 0 0 0 0 0 0 0 0 0 0 0 0 0 0 0 0 0 0 0 0 0 0 0 0 0 0 0 0 0 0 0 0 0 0 0 0 0 0 0 0 0 0 0 0 0 0 
0 0 0 0 0 0 0 0 0 0 0 0 0 0 0 0 0 0 0 0 0 0 0 0 0 0 0 0 0 0 0 0 0 0 0 0 0 0 0 0 0 0 0 0 0 0 0 0 0 0 0 0 0 0 0 0 0 0 0 0 0 0 0 0 0 0 0 0 0 0 0 0 0 0 0 0 0 0 0 0 0 0 0 0 0 0 0 0 0 0 0 0 0 0 0 0 0 0 0 0 
0 0 0 0 0 0 0 0 0 0 0 0 0 0 0 0 0 0 0 0 0 0 0 0 0 0 0 0 0 0 0 0 0 0 0 0 0 0 0 0 0 0 0 0 0 0 0 0 0 0 0 0 0 0 0 0 0 0 0 0 0 0 0 0 0 0 0 0 0 0 0 0 0 0 0 0 0 0 0 0 0 0 0 0 0 0 0 0 0 0 0 0 0 0 0 0 0 0 0 0 
