# Format: McCode with text headers
# URL: http://www.mccode.org
# Creator:  3.6.14, git
# Instrument: FullInstrument_v5_working.instr
# Ncount: 25000000
# Trace: no
# Gravitation: no
# Seed: 1780416999208020
# Directory: scan_h35mm_r15mm_t2.0mm
# Nodes: 8
# Param: SourceE=5
# Param: DeltaSourceE=0.5
# Param: EI=5
# Param: A3=0
# Param: A4=-45
# Param: SAMPLE=0
# Param: RV_mono_Bool=1
# Param: RH_mono_Bool=1
# Param: Lv=1.872
# Param: Lh=1.34
# Param: monoShieldingWidth=0.062
# Param: monoShieldingHeight=0.14
# Param: monoShieldingDistance=0.235
# Param: MonoShielding=1
# Param: Be_filter=1
# Param: sampleHeight=0.035
# Param: sampleRadius=0.015
# Param: sampleThickness=0.002
# Param: samplePosY=0
# Param: sampleFluxDiagnosticXWidth=0.08
# Param: sampleFluxDiagnosticYHeight=0.08
# Date: Tue Jun  2 18:23:19 2026 (1780417399)
# type: array_2d(100, 100)
# Source: PSI_CAMEA (FullInstrument_v5_working.instr)
# component: E3aEnd
# position: 0 0 25.8341
# title: PSD monitor
# Ncount: 200000000
# filename: ExitE3a.dat
# statistics: X0=0.828658; dX=2.07382; Y0=-0.0037476; dY=4.56261;
# signal: Min=0; Max=445077; Mean=88203;
# values: 8.8203e+08 111198 1.40788e+08
# xvar: X 
# yvar: Y 
# xlabel: X position [cm]
# ylabel: Y position [cm]
# zvar: I
# zlabel: Signal per bin
# xylimits: -10 10 -10 10
# variables: I I_err N
# Data [E3aEnd/ExitE3a.dat] I:
0 0 0 0 0 0 0 0 0 0 0 0 0 0 0 0 0 0 0 0 0 0 0 0 0 0 0 0 0 0 0 0 0 0 0 0 0 0 0 0 0 0 0 0 0 0 0 0 0 0 0 0 0 0 0 0 0 0 0 0 0 0 0 0 0 0 0 0 0 0 0 0 0 0 0 0 0 0 0 0 0 0 0 0 0 0 0 0 0 0 0 0 0 0 0 0 0 0 0 0 
0 0 0 0 0 0 0 0 0 0 0 0 0 0 0 0 0 0 0 0 0 0 0 0 0 0 0 0 0 0 0 0 0 0 0 0 0 0 0 0 0 0 0 0 0 0 0 0 0 0 0 0 0 0 0 0 0 0 0 0 0 0 0 0 0 0 0 0 0 0 0 0 0 0 0 0 0 0 0 0 0 0 0 0 0 0 0 0 0 0 0 0 0 0 0 0 0 0 0 0 
0 0 0 0 0 0 0 0 0 0 0 0 0 0 0 0 0 0 0 0 0 0 0 0 0 0 0 0 0 0 0 0 0 0 0 0 0 0 0 0 0 0 0 0 0 0 0 0 0 0 0 0 0 0 0 0 0 0 0 0 0 0 0 0 0 0 0 0 0 0 0 0 0 0 0 0 0 0 0 0 0 0 0 0 0 0 0 0 0 0 0 0 0 0 0 0 0 0 0 0 
0 0 0 0 0 0 0 0 0 0 0 0 0 0 0 0 0 0 0 0 0 0 0 0 0 0 0 0 0 0 0 0 0 0 0 0 0 0 0 0 0 0 0 0 0 0 0 0 0 0 0 0 0 0 0 0 0 0 0 0 0 0 0 0 0 0 0 0 0 0 0 0 0 0 0 0 0 0 0 0 0 0 0 0 0 0 0 0 0 0 0 0 0 0 0 0 0 0 0 0 
0 0 0 0 0 0 0 0 0 0 0 0 0 0 0 0 0 0 0 0 0 0 0 0 0 0 0 0 0 0 0 0 0 0 0 0 0 0 0 0 0 0 0 0 0 0 0 0 0 0 0 0 0 0 0 0 0 0 0 0 0 0 0 0 0 0 0 0 0 0 0 0 0 0 0 0 0 0 0 0 0 0 0 0 0 0 0 0 0 0 0 0 0 0 0 0 0 0 0 0 
0 0 0 0 0 0 0 0 0 0 0 0 0 0 0 0 0 0 0 0 0 0 0 0 0 0 0 0 0 0 0 0 0 0 0 0 0 0 0 0 0 0 0 0 0 0 0 0 0 0 0 0 0 0 0 0 0 0 0 0 0 0 0 0 0 0 0 0 0 0 0 0 0 0 0 0 0 0 0 0 0 0 0 0 0 0 0 0 0 0 0 0 0 0 0 0 0 0 0 0 
0 0 0 0 0 0 0 0 0 0 0 0 0 0 0 0 0 0 0 0 0 0 0 0 0 0 0 0 0 0 0 0 0 0 0 0 0 0 0 0 0 0 0 0 0 0 0 0 0 0 0 0 0 0 0 0 0 0 0 0 0 0 0 0 0 0 0 0 0 0 0 0 0 0 0 0 0 0 0 0 0 0 0 0 0 0 0 0 0 0 0 0 0 0 0 0 0 0 0 0 
0 0 0 0 0 0 0 0 0 0 0 0 0 0 0 0 0 0 0 0 0 0 0 0 0 0 0 0 0 0 0 0 0 0 0 0 0 0 0 0 0 0 0 0 0 0 0 0 0 0 0 0 0 0 0 0 0 0 0 0 0 0 0 0 0 0 0 0 0 0 0 0 0 0 0 0 0 0 0 0 0 0 0 0 0 0 0 0 0 0 0 0 0 0 0 0 0 0 0 0 
0 0 0 0 0 0 0 0 0 0 0 0 0 0 0 0 0 0 0 0 0 0 0 0 0 0 0 0 0 0 0 0 0 0 0 0 0 0 0 0 0 0 0 0 0 0 0 0 0 0 0 0 0 0 0 0 0 0 0 0 0 0 0 0 0 0 0 0 0 0 0 0 0 0 0 0 0 0 0 0 0 0 0 0 0 0 0 0 0 0 0 0 0 0 0 0 0 0 0 0 
0 0 0 0 0 0 0 0 0 0 0 0 0 0 0 0 0 0 0 0 0 0 0 0 0 0 0 0 0 0 0 0 0 0 0 0 0 0 0 0 0 0 0 0 0 0 0 0 0 0 0 0 0 0 0 0 0 0 0 0 0 0 0 0 0 0 0 0 0 0 0 0 0 0 0 0 0 0 0 0 0 0 0 0 0 0 0 0 0 0 0 0 0 0 0 0 0 0 0 0 
0 0 0 0 0 0 0 0 0 0 0 0 0 0 0 0 0 0 0 0 0 0 0 0 0 0 0 0 0 0 18536.64006 20453.54129 26311.14663 37048.33912 49359.9931 66764.43296 81146.76275 96130.03029 108673.6029 115987.4993 120878.0044 127557.9827 125576.1966 126405.518 127360.0367 129410.4196 128333.4056 127725.2656 128068.5253 126774.7873 130525.9766 134039.2382 135185.2471 143386.3713 148340.9999 148867.3649 150016.3831 157567.8134 161673.7725 172860.0248 175171.7833 182198.9313 186289.9563 189457.9837 192603.5101 195367.5496 201536.3162 205045.0647 207705.2579 173895.3117 0 0 0 0 0 0 0 0 0 0 0 0 0 0 0 0 0 0 0 0 0 0 0 0 0 0 0 0 0 0 
0 0 0 0 0 0 0 0 0 0 0 0 0 0 0 0 0 0 0 0 0 0 0 0 0 0 0 0 0 0 41240.32036 42103.27234 55615.86007 77540.74929 106558.2207 136450.5736 172208.6385 202897.1118 231248.0013 249824.998 255297.6302 261968.9972 266650.3573 267474.0789 273784.2011 276374.2349 273672.5474 274450.3235 273109.6673 273143.1918 280567.5028 287019.494 289417.307 300068.8682 307730.9448 312323.5038 321619.0202 334912.0425 345458.2766 361992.7838 375408.2082 381289.8492 392565.8451 400628.3274 406907.6217 422462.1072 428950.2598 430646.3232 437982.6762 371504.4143 0 0 0 0 0 0 0 0 0 0 0 0 0 0 0 0 0 0 0 0 0 0 0 0 0 0 0 0 0 0 
0 0 0 0 0 0 0 0 0 0 0 0 0 0 0 0 0 0 0 0 0 0 0 0 0 0 0 0 0 0 40925.46259 41917.52621 55321.66696 78721.79323 107033.0867 140006.4798 172970.1353 206014.0734 229232.5202 249140.1069 256855.8248 264746.721 269402.5714 268053.6222 269047.5087 275216.5009 273629.5185 274883.7227 274224.521 270607.9405 281418.3557 286816.3321 290157.7622 298815.6464 308567.0455 315715.1217 326283.2122 336604.7154 348184.1526 358818.2209 374476.9276 387254.4734 395653.4642 404822.4303 405977.7538 422463.6641 424694.8466 432181.5765 438550.9984 370231.01 0 0 0 0 0 0 0 0 0 0 0 0 0 0 0 0 0 0 0 0 0 0 0 0 0 0 0 0 0 0 
0 0 0 0 0 0 0 0 0 0 0 0 0 0 0 0 0 0 0 0 0 0 0 0 0 0 0 0 0 0 41266.50205 41878.98753 55906.44862 78128.84277 106201.9121 140473.5953 170551.003 203668.0037 229733.1093 248327.4431 259812.6847 267694.7957 267873.6544 270770.8325 270236.2539 278698.418 281184.4333 273631.5719 274438.9338 273469.4234 277505.3731 285530.4803 288033.032 299621.0527 307433.4933 314363.6002 321170.1985 332718.7467 345840.3743 361107.3253 372542.3376 382047.7037 393217.2367 399777.4695 411659.0056 419304.1057 425976.7882 435779.1199 439899.8584 371979.6061 0 0 0 0 0 0 0 0 0 0 0 0 0 0 0 0 0 0 0 0 0 0 0 0 0 0 0 0 0 0 
0 0 0 0 0 0 0 0 0 0 0 0 0 0 0 0 0 0 0 0 0 0 0 0 0 0 0 0 0 0 40328.10434 42091.43141 55787.90639 79458.09093 106863.9571 138671.2446 171970.0579 205119.169 230872.6802 250134.3385 259207.4542 264543.176 266190.5049 266910.6256 272369.3591 273709.2239 279153.4724 276363.4618 271425.0179 272883.3844 277743.864 284093.6084 290100.5856 303146.9104 309677.5174 315809.479 321534.4631 335754.2427 344568.3019 362059.2923 374021.977 382938.1155 392936.6563 405058.4227 407556.8228 424663.2148 423510.9529 432377.0208 439702.9103 369333.5364 0 0 0 0 0 0 0 0 0 0 0 0 0 0 0 0 0 0 0 0 0 0 0 0 0 0 0 0 0 0 
0 0 0 0 0 0 0 0 0 0 0 0 0 0 0 0 0 0 0 0 0 0 0 0 0 0 0 0 0 0 41447.10167 41595.93251 56416.428 78321.82834 106746.0744 137859.5449 171245.2736 203706.3654 231635.8674 247312.9336 260585.2063 264859.0824 265840.3667 267358.7314 271449.5861 275045.1736 274103.7957 278869.9007 274445.3662 273904.917 280290.2735 286595.5529 291359.1068 302017.4776 308795.0344 312832.3342 325568.6537 337707.3296 344067.9288 360613.1002 372778.8999 381016.6187 396022.5619 400830.1179 409484.3426 419722.1093 427595.1448 435175.3761 437937.8098 374613.6007 0 0 0 0 0 0 0 0 0 0 0 0 0 0 0 0 0 0 0 0 0 0 0 0 0 0 0 0 0 0 
0 0 0 0 0 0 0 0 0 0 0 0 0 0 0 0 0 0 0 0 0 0 0 0 0 0 0 0 0 0 40902.54756 43006.50389 56532.44146 77874.62048 106158.9773 136077.9832 172491.2055 204056.7664 231727.935 247299.7194 256951.8574 267553.2773 266343.385 268353.5299 275320.1978 274986.3702 276098.0682 270242.1215 272964.725 273886.7282 279571.9144 288231.9069 286419.2239 298118.3581 306407.3612 312022.1145 325618.6851 338968.2616 341077.6674 360577.5892 373177.2827 383721.9517 395680.0536 400920.7948 409241.3712 416540.1503 422466.8014 428322.1518 440592.8555 369992.1297 0 0 0 0 0 0 0 0 0 0 0 0 0 0 0 0 0 0 0 0 0 0 0 0 0 0 0 0 0 0 
0 0 0 0 0 0 0 0 0 0 0 0 0 0 0 0 0 0 0 0 0 0 0 0 0 0 0 0 0 0 40582.31307 42040.60443 55448.67957 77679.5328 107045.7647 138399.7619 169827.4927 203262.9796 230221.8107 249597.8581 256893.6703 260468.3847 266912.6114 270538.069 271344.4366 271313.8265 271154.7504 277211.4589 269188.9621 270476.9282 280071.5107 283931.0357 286008.3037 303587.0311 311200.926 316024.2608 322110.1957 338823.1302 343870.8489 361876.7761 377891.6882 382671.0521 390890.8599 404354.3268 408206.7172 421649.7124 426259.0099 429405.1999 439201.8962 368019.6105 0 0 0 0 0 0 0 0 0 0 0 0 0 0 0 0 0 0 0 0 0 0 0 0 0 0 0 0 0 0 
0 0 0 0 0 0 0 0 0 0 0 0 0 0 0 0 0 0 0 0 0 0 0 0 0 0 0 0 0 0 40848.09818 42717.61188 56243.2658 78004.44915 106894.3937 135981.7576 174440.3107 200860.7271 230269.7969 243808.7997 257956.0982 264381.4141 266892.1901 272890.6673 268528.5674 275367.1216 276693.1275 274477.1511 272493.2704 274167.1502 280652.8363 287522.2523 286496.3019 302180.0348 309028.0318 312045.9301 323361.6774 336554.5337 346867.7206 357285.68 375128.4527 384419.2599 393543.143 403279.3709 411527.0175 414308.9487 426575.4307 432930.9724 442309.4281 370488.6909 0 0 0 0 0 0 0 0 0 0 0 0 0 0 0 0 0 0 0 0 0 0 0 0 0 0 0 0 0 0 
0 0 0 0 0 0 0 0 0 0 0 0 0 0 0 0 0 0 0 0 0 0 0 0 0 0 0 0 0 0 41113.43202 41911.24438 56224.20471 78512.7499 106775.9986 138024.1634 171839.3079 202112.441 230870.978 245767.1929 257579.0868 262280.6871 263828.9803 269259.3653 268972.2089 274784.8606 276762.4367 270231.6302 273259.3129 272506.2551 279267.5097 282821.8756 287054.3621 300658.0064 310999.1346 311603.3498 320436.8785 336812.626 344220.2663 363968.1706 374023.4992 380779.8614 396761.9178 400594.8676 410669.1614 418283.5627 423558.7012 430451.2365 436732.197 372883.4265 0 0 0 0 0 0 0 0 0 0 0 0 0 0 0 0 0 0 0 0 0 0 0 0 0 0 0 0 0 0 
0 0 0 0 0 0 0 0 0 0 0 0 0 0 0 0 0 0 0 0 0 0 0 0 0 0 0 0 0 0 41479.46345 42192.8988 55987.55292 78848.32335 106671.3067 141190.2197 168191.868 206308.8845 230912.2174 247308.8583 256974.9725 265871.9574 266495.212 265727.0409 271264.6716 271916.8132 276450.5796 270818.9504 275065.5504 269051.2527 277263.832 279598.2232 287709.1431 303227.9297 310182.0533 314408.9578 319148.5105 336973.9877 341718.5519 361229.736 372382.998 381485.3928 391502.8238 398903.5041 410629.2691 414477.0025 430274.0483 435894.6848 438078.4024 369355.9082 0 0 0 0 0 0 0 0 0 0 0 0 0 0 0 0 0 0 0 0 0 0 0 0 0 0 0 0 0 0 
0 0 0 0 0 0 0 0 0 0 0 0 0 0 0 0 0 0 0 0 0 0 0 0 0 0 0 0 0 0 41862.71438 42908.25011 57244.83237 78565.83077 106951.9619 140431.2637 171900.3422 202053.7966 232628.3989 247658.6508 261150.4836 264976.9819 265734.924 267812.143 266979.0905 272662.8862 277970.4307 274835.2157 272355.2047 270474.3072 277076.9022 288583.0337 288048.9845 299586.7605 304279.7685 313012.8355 323899.0699 333876.9721 344434.782 361077.1 376296.3727 381149.049 391284.3209 399181.6476 407442.7301 423822.7903 422048.3101 430106.0717 437829.3897 370146.1812 0 0 0 0 0 0 0 0 0 0 0 0 0 0 0 0 0 0 0 0 0 0 0 0 0 0 0 0 0 0 
0 0 0 0 0 0 0 0 0 0 0 0 0 0 0 0 0 0 0 0 0 0 0 0 0 0 0 0 0 0 41554.22213 42249.93215 56172.69365 79116.80986 106177.2204 138932.6698 172714.5362 205893.8706 231655.1869 247962.8747 257570.2559 264674.162 264950.7005 269362.7971 271136.5651 273552.623 276812.0606 272489.615 272017.9685 276307.1219 275578.4778 282765.774 289606.5379 300777.3859 307694.0089 313003.4293 318332.3909 336870.5346 343689.2412 360341.0097 370641.3806 381998.1447 391315.208 403410.7964 411422.3074 415931.1167 423528.0339 433663.6578 432815.8688 368385.2496 0 0 0 0 0 0 0 0 0 0 0 0 0 0 0 0 0 0 0 0 0 0 0 0 0 0 0 0 0 0 
0 0 0 0 0 0 0 0 0 0 0 0 0 0 0 0 0 0 0 0 0 0 0 0 0 0 0 0 0 0 41467.84211 42459.58906 56217.25359 77952.35066 107049.5288 137296.5018 171936.2135 206131.668 230650.9386 247144.1603 257347.2065 265382.1986 267712.395 265247.2749 270116.7416 275395.4211 277490.8523 271470.003 274899.7605 273326.5847 279988.8604 288623.1441 286838.8882 300628.6227 308884.6813 312176.7151 320480.6332 332705.3803 348817.3236 356266.1719 372000.9672 381848.079 390687.4747 400382.7463 410066.8752 416430.5951 427322.8576 435368.5469 437841.555 370360.2972 0 0 0 0 0 0 0 0 0 0 0 0 0 0 0 0 0 0 0 0 0 0 0 0 0 0 0 0 0 0 
0 0 0 0 0 0 0 0 0 0 0 0 0 0 0 0 0 0 0 0 0 0 0 0 0 0 0 0 0 0 40821.85793 42034.33118 55349.08485 79015.87993 106272.9688 138872.5178 170711.2761 203402.1151 229277.2518 247962.0095 260341.3234 266391.4488 266791.2617 269504.2286 270693.6647 274662.1133 275954.3168 273934.5684 275552.6282 272561.9846 278395.19 284594.3628 283378.5807 297909.7615 303828.476 311243.6532 324156.7625 334094.6356 343455.5201 357669.8018 373796.974 384122.283 385429.0153 400690.5822 409429.0331 417692.1125 423489.1882 434709.2546 442741.2387 369291.3134 0 0 0 0 0 0 0 0 0 0 0 0 0 0 0 0 0 0 0 0 0 0 0 0 0 0 0 0 0 0 
0 0 0 0 0 0 0 0 0 0 0 0 0 0 0 0 0 0 0 0 0 0 0 0 0 0 0 0 0 0 40931.75008 41432.79387 56396.31666 79201.08927 106445.0079 139565.1853 168645.4232 203691.4639 229803.2984 247278.7609 257215.0629 263237.859 266927.0361 270223.9532 272591.2407 274459.841 272555.0532 274790.538 276039.6472 270998.405 279245.2386 286216.9713 290261.956 300744.3348 310280.9213 314730.3764 319928.1393 335579.7673 345204.807 362696.7554 373735.5845 384408.2028 390794.8572 403647.2983 407868.61 414189.144 422135.6235 428823.9962 436460.3615 370732.287 0 0 0 0 0 0 0 0 0 0 0 0 0 0 0 0 0 0 0 0 0 0 0 0 0 0 0 0 0 0 
0 0 0 0 0 0 0 0 0 0 0 0 0 0 0 0 0 0 0 0 0 0 0 0 0 0 0 0 0 0 41806.64306 41759.67943 56860.82083 77779.45555 107580.8271 139973.364 173308.1218 204237.8641 229355.8757 244060.4444 256656.1447 262303.685 270833.0414 266826.1708 270734.6188 275840.6709 275604.7999 276044.6348 275322.5648 266139.995 280375.6449 282577.959 288131.7129 300179.1782 305512.8719 314528.6038 322983.5007 333764.3913 344576.8866 361297.9067 375572.5545 384118.6149 389597.8441 404223.111 406236.1848 420338.9917 425315.7014 432494.9821 437641.6643 372165.587 0 0 0 0 0 0 0 0 0 0 0 0 0 0 0 0 0 0 0 0 0 0 0 0 0 0 0 0 0 0 
0 0 0 0 0 0 0 0 0 0 0 0 0 0 0 0 0 0 0 0 0 0 0 0 0 0 0 0 0 0 40002.50747 42064.05184 55775.64119 78995.4824 105888.5631 138709.3758 170859.141 203063.2552 227366.0998 246084.2875 260770.8488 267474.0463 266960.9141 267949.2234 268749.6089 274915.2217 274374.0052 270944.9527 275028.8713 271925.9672 277903.8533 285298.7533 288131.2068 303833.4982 307812.3883 313060.2378 321315.5228 333123.2895 342236.3723 361626.154 376090.7224 383880.4684 394317.263 403657.0406 408111.0864 419949.9613 425414.4804 428974.746 438927.3379 365855.1824 0 0 0 0 0 0 0 0 0 0 0 0 0 0 0 0 0 0 0 0 0 0 0 0 0 0 0 0 0 0 
0 0 0 0 0 0 0 0 0 0 0 0 0 0 0 0 0 0 0 0 0 0 0 0 0 0 0 0 0 0 40861.54016 42242.86383 56924.71453 79444.76997 105011.8798 139373.6513 171989.1714 206936.9441 232033.4871 246525.121 254258.0488 265323.2345 269109.2595 269978.9018 270604.2782 273134.0598 273082.0703 270640.7249 272142.7002 271839.0733 284472.4008 288392.5704 288592.9412 299155.8129 305944.3841 312382.941 324266.7338 336724.5505 344017.0796 358614.8287 372295.8201 383984.8719 388979.8776 404649.7134 412174.5054 419954.2828 429502.2953 433972.9201 439005.3555 374578.6208 0 0 0 0 0 0 0 0 0 0 0 0 0 0 0 0 0 0 0 0 0 0 0 0 0 0 0 0 0 0 
0 0 0 0 0 0 0 0 0 0 0 0 0 0 0 0 0 0 0 0 0 0 0 0 0 0 0 0 0 0 42013.93413 42598.5797 56259.32852 79348.13675 106638.268 137950.6117 171431.3372 203416.9301 228010.4318 246600.6162 258149.4128 265940.1892 267318.2722 267222.2918 269238.111 276700.5607 276332.5413 274265.0166 275354.4443 271809.4802 280572.9088 286880.3146 290615.2581 300627.2223 313537.3073 314950.6677 323778.8824 338781.5579 343878.5627 365398.9171 379504.4555 383216.4747 393299.7466 403366.6501 410922.5254 415884.5962 425229.396 430907.6053 437919.0992 373306.9405 0 0 0 0 0 0 0 0 0 0 0 0 0 0 0 0 0 0 0 0 0 0 0 0 0 0 0 0 0 0 
0 0 0 0 0 0 0 0 0 0 0 0 0 0 0 0 0 0 0 0 0 0 0 0 0 0 0 0 0 0 42082.31483 43067.74874 55319.99344 77550.45783 106764.0146 140744.696 174660.4349 205037.2172 228674.9161 251008.6237 258577.8732 268832.4632 270343.1484 271970.028 271917.6258 274461.4504 274493.2257 276278.4475 272632.2884 273180.522 279340.4026 285311.3436 285932.8502 302578.0096 311560.9851 313492.8691 317764.1198 335126.6891 343417.9996 363477.2962 373265.4865 382393.4401 394500.0926 402036.0771 409404.7142 418193.8492 423332.7616 428553.4427 436661.0889 376032.1986 0 0 0 0 0 0 0 0 0 0 0 0 0 0 0 0 0 0 0 0 0 0 0 0 0 0 0 0 0 0 
0 0 0 0 0 0 0 0 0 0 0 0 0 0 0 0 0 0 0 0 0 0 0 0 0 0 0 0 0 0 40553.75335 42879.30726 56406.00015 77942.54992 107630.2556 139992.4517 172868.7276 206388.1219 229876.3867 247361.5378 258108.1428 268262.5263 266694.2324 269890.4614 276659.2193 275715.3754 277139.576 274580.4081 277792.8135 272358.8753 279447.3582 284960.5898 292294.5693 297445.7613 307675.4003 312021.8866 326623.3134 334990.5531 347185.6133 363488.4411 374998.4603 389671.0823 394763.6793 403510.9547 409872.6509 419483.0717 426742.6875 437929.767 433559.1553 374599.3159 0 0 0 0 0 0 0 0 0 0 0 0 0 0 0 0 0 0 0 0 0 0 0 0 0 0 0 0 0 0 
0 0 0 0 0 0 0 0 0 0 0 0 0 0 0 0 0 0 0 0 0 0 0 0 0 0 0 0 0 0 41864.1894 43079.48677 55477.59493 79038.26377 107523.2469 137337.2509 171745.2032 205485.2076 231376.4111 248828.9699 259302.2931 266289.7383 269780.8247 269359.8513 270852.3026 277545.7058 274272.2042 274795.5868 273864.8641 273656.8741 278762.4178 287830.2928 284148.7766 302062.365 305715.2829 311616.0335 323427.1399 335371.5013 343823.3812 360437.1811 378054.5023 381388.9619 396883.7495 402189.71 411812.1867 421643.6289 423520.2863 432069.6659 435325.5138 374066.792 0 0 0 0 0 0 0 0 0 0 0 0 0 0 0 0 0 0 0 0 0 0 0 0 0 0 0 0 0 0 
0 0 0 0 0 0 0 0 0 0 0 0 0 0 0 0 0 0 0 0 0 0 0 0 0 0 0 0 0 0 41290.72315 41915.43832 56302.9816 77594.89226 105367.3501 139263.1784 173142.7187 203493.404 229314.9314 244344.0746 260752.8602 265405.4708 265713.6172 270422.6017 273152.4902 275754.0086 279950.8696 277474.0521 271899.2644 271916.809 280047.0039 285834.4201 289036.7361 301878.5651 310590.0054 319107.6619 322600.1966 339502.9509 350713.3191 365322.6136 372321.166 382171.4555 395650.3815 404464.2833 410262.0652 422638.0376 424127.9524 433498.4562 442775.8549 369396.0266 0 0 0 0 0 0 0 0 0 0 0 0 0 0 0 0 0 0 0 0 0 0 0 0 0 0 0 0 0 0 
0 0 0 0 0 0 0 0 0 0 0 0 0 0 0 0 0 0 0 0 0 0 0 0 0 0 0 0 0 0 41497.48783 42500.08938 56988.16967 78292.53887 106005.6749 138795.8274 172372.0237 204554.4179 230006.7573 248845.9741 259716.5003 267229.884 268439.0904 270783.5725 269771.9675 276810.2893 274451.3217 276503.0071 276567.1703 274979.2808 282461.8417 287456.8168 289383.574 302841.8175 309068.5475 315220.4426 323722.4621 337866.2054 345755.8294 364699.2679 380985.4448 387597.7314 395178.0898 405642.9413 413201.5088 420841.3736 425825.8217 440235.2661 441060.9738 380905.428 0 0 0 0 0 0 0 0 0 0 0 0 0 0 0 0 0 0 0 0 0 0 0 0 0 0 0 0 0 0 
0 0 0 0 0 0 0 0 0 0 0 0 0 0 0 0 0 0 0 0 0 0 0 0 0 0 0 0 0 0 41433.3877 42749.7691 55742.36172 76503.43603 106369.8884 138102.6298 175895.758 206702.5033 229395.1338 248114.2191 261897.83 266526.1907 271143.3218 267052.4336 274130.1242 276288.0514 275498.2893 276339.2755 272641.7607 275377.4014 276883.3111 286659.0493 287535.9246 302436.4023 308132.6133 317247.4514 323211.3914 334363.3653 346884.7154 364758.5243 375008.736 386130.8378 392685.839 405772.7527 413179.0577 420941.1549 426417.3572 433854.8755 445077.1049 372394.0614 0 0 0 0 0 0 0 0 0 0 0 0 0 0 0 0 0 0 0 0 0 0 0 0 0 0 0 0 0 0 
0 0 0 0 0 0 0 0 0 0 0 0 0 0 0 0 0 0 0 0 0 0 0 0 0 0 0 0 0 0 40701.6285 43752.12536 55713.97633 77655.51397 105641.9714 139660.1814 171247.6827 205558.5215 230748.9746 248506.1252 259562.1819 261075.0596 273248.7672 273367.0804 269184.4431 274864.8278 279122.8078 277092.3118 272099.8627 274463.3597 280235.34 289376.43 291149.5746 306240.582 310194.4768 316875.6485 323594.1978 338110.4831 349349.0693 367284.863 374649.3872 386481.2693 394059.149 405175.6726 408582.7353 426627.5372 425389.1618 434347.922 443529.9636 376137.0246 0 0 0 0 0 0 0 0 0 0 0 0 0 0 0 0 0 0 0 0 0 0 0 0 0 0 0 0 0 0 
0 0 0 0 0 0 0 0 0 0 0 0 0 0 0 0 0 0 0 0 0 0 0 0 0 0 0 0 0 0 41590.71594 42639.13656 56576.54092 79851.22586 107454.543 139932.5968 170621.8126 205307.8652 234565.8917 250266.2428 259335.4794 264879.3199 268959.977 266768.8896 273300.3116 281134.5002 280893.2695 275436.156 274268.5776 274625.4499 281419.3841 288333.2621 291806.3496 302697.9429 309355.0281 315755.6075 325309.8406 340957.7246 351725.6511 366268.1507 374894.7297 383254.2724 393707.7024 405664.0261 411386.3138 423394.0399 427192.1019 436527.7955 436421.2742 373082.0781 0 0 0 0 0 0 0 0 0 0 0 0 0 0 0 0 0 0 0 0 0 0 0 0 0 0 0 0 0 0 
0 0 0 0 0 0 0 0 0 0 0 0 0 0 0 0 0 0 0 0 0 0 0 0 0 0 0 0 0 0 39806.1682 42410.32179 55585.16676 79710.38095 108085.478 139793.7968 175734.205 207626.9677 232141.9413 248303.4566 260324.0551 267248.0926 270323.2897 267276.236 275244.6215 271588.0442 277277.2443 277966.9247 275117.1296 276332.6472 279341.5576 288112.5886 288932.094 302924.4759 313214.2061 314762.5399 324677.1352 343135.9236 342068.6104 362029.6975 374164.8251 386308.9539 392372.3587 406254.1075 416937.5709 419552.7991 429119.8353 433932.5902 437308.6123 374614.4847 0 0 0 0 0 0 0 0 0 0 0 0 0 0 0 0 0 0 0 0 0 0 0 0 0 0 0 0 0 0 
0 0 0 0 0 0 0 0 0 0 0 0 0 0 0 0 0 0 0 0 0 0 0 0 0 0 0 0 0 0 41107.25325 42227.50509 56464.03444 79483.62327 106483.6814 140689.3647 174015.2506 204073.987 233327.9535 246731.8468 261824.1295 266472.2229 267139.9082 273526.0913 273482.6294 274320.0625 276882.6486 276799.5695 271993.8555 275416.3045 283306.7925 287707.4963 288140.8577 302028.2075 309196.2741 316081.6013 327711.4516 338686.9884 343661.5615 364757.6948 375233.8691 386338.2452 393101.3635 401627.4819 407990.3845 422595.1558 425077.0342 434188.1866 437875.7365 370847.7807 0 0 0 0 0 0 0 0 0 0 0 0 0 0 0 0 0 0 0 0 0 0 0 0 0 0 0 0 0 0 
0 0 0 0 0 0 0 0 0 0 0 0 0 0 0 0 0 0 0 0 0 0 0 0 0 0 0 0 0 0 41617.83299 42621.01849 56074.90657 77219.42823 107774.5622 140872.0863 173122.4687 206267.0084 231633.9824 253886.7065 257611.6936 265419.5731 268346.4609 270602.6788 272936.2452 276332.9185 276457.5839 274431.7989 274883.6336 277465.9021 281883.3949 284938.5822 291140.9853 305145.6337 305054.3122 315808.4555 325726.9022 333274.4375 342603.9461 363642.6201 375140.9851 385345.697 396230.1624 406757.3952 411163.4316 421508.1104 423234.366 436164.858 442264.6183 372467.9212 0 0 0 0 0 0 0 0 0 0 0 0 0 0 0 0 0 0 0 0 0 0 0 0 0 0 0 0 0 0 
0 0 0 0 0 0 0 0 0 0 0 0 0 0 0 0 0 0 0 0 0 0 0 0 0 0 0 0 0 0 40616.66949 42025.00117 57158.57846 77477.59389 106185.543 137241.4306 172568.572 205976.5315 229769.1488 250870.8313 254819.69 262385.4506 268786.2986 269457.2473 272845.4091 274564.355 278973.2977 274927.2281 275494.1136 270697.9529 281585.1806 287473.1534 287136.3332 298283.2931 306501.8168 309738.4545 320760.0105 334097.5413 344097.3331 354586.7163 373758.6844 377653.8715 391847.3898 400622.9407 405937.5646 415338.8367 420691.5755 433367.0536 435604.3358 371466.7923 0 0 0 0 0 0 0 0 0 0 0 0 0 0 0 0 0 0 0 0 0 0 0 0 0 0 0 0 0 0 
0 0 0 0 0 0 0 0 0 0 0 0 0 0 0 0 0 0 0 0 0 0 0 0 0 0 0 0 0 0 40123.15231 42070.31709 56145.55898 76674.69916 104235.1201 138732.8013 169053.3071 201214.6819 229968.1933 243582.4235 254421.4783 263691.7809 264873.6244 265943.6182 267080.0584 272369.1811 269511.9961 274409.6118 270051.7379 270527.3264 280155.2097 287306.7167 284125.3385 302848.653 305784.4435 312286.6719 321628.0905 335513.8583 346734.5398 361322.5139 372346.4419 378400.6645 385368.8495 398999.1304 409418.9568 413627.4987 417095.3379 429811.1718 437435.3122 368508.197 0 0 0 0 0 0 0 0 0 0 0 0 0 0 0 0 0 0 0 0 0 0 0 0 0 0 0 0 0 0 
0 0 0 0 0 0 0 0 0 0 0 0 0 0 0 0 0 0 0 0 0 0 0 0 0 0 0 0 0 0 39111.08907 41166.93835 56293.59771 76769.11063 103746.7487 136351.3199 171983.8065 200378.2911 226522.9316 246069.1309 253529.7826 259384.8537 261615.6423 268259.1878 269925.3728 268987.6018 270232.7589 268614.7047 272263.6924 270206.4549 272611.5183 282960.8053 284946.9008 295928.9468 302423.2349 308522.3752 315423.4271 331524.7703 341202.774 353678.9445 366055.8035 377220.718 386248.3747 399996.1592 404743.3909 411134.4788 420718.1994 429603.539 431003.2613 370237.8598 0 0 0 0 0 0 0 0 0 0 0 0 0 0 0 0 0 0 0 0 0 0 0 0 0 0 0 0 0 0 
0 0 0 0 0 0 0 0 0 0 0 0 0 0 0 0 0 0 0 0 0 0 0 0 0 0 0 0 0 0 39949.41359 41900.22808 54604.3845 75346.55338 103786.6311 135683.2033 167624.5717 200738.0786 225416.8774 243909.5232 255472.7079 260406.8606 263996.003 265195.0686 268193.9586 270238.1216 270168.5067 270517.9948 267526.5151 266131.2066 273529.629 280539.5492 283210.1493 298904.123 302119.331 308696.9669 313775.8696 330409.4049 337724.2207 350964.3006 371455.4149 377307.214 381835.8545 390896.9564 400985.7541 412201.0854 414679.0795 423691.6064 434449.3846 362393.5916 0 0 0 0 0 0 0 0 0 0 0 0 0 0 0 0 0 0 0 0 0 0 0 0 0 0 0 0 0 0 
0 0 0 0 0 0 0 0 0 0 0 0 0 0 0 0 0 0 0 0 0 0 0 0 0 0 0 0 0 0 40448.41392 40825.23079 55300.27142 76354.99981 104720.735 136282.4724 169849.3824 200506.624 227659.1635 244896.1 252105.9921 260543.8847 262022.9899 261951.8878 270194.5047 271091.4894 265164.4249 271258.7635 271618.2529 267109.0192 273925.3452 279804.9358 280280.5343 298477.5504 302932.4063 307779.7079 315270.867 328008.2809 336239.4373 357257.8674 368853.3961 374250.026 381714.6619 393086.0913 405397.8387 413374.3665 418578.253 422503.1859 427524.5731 365041.4696 0 0 0 0 0 0 0 0 0 0 0 0 0 0 0 0 0 0 0 0 0 0 0 0 0 0 0 0 0 0 
0 0 0 0 0 0 0 0 0 0 0 0 0 0 0 0 0 0 0 0 0 0 0 0 0 0 0 0 0 0 40724.18906 41105.40792 55998.93653 76233.9421 105224.5313 137354.1207 169132.551 198052.276 224899.7294 241564.2313 255662.9746 261417.2999 261941.2531 263055.4379 264004.7309 269706.1299 269493.675 272322.7124 268016.0025 267421.603 271837.3378 280962.0441 281620.9614 297565.7104 304796.3222 304794.0741 317171.8988 330652.2799 337029.574 357221.6601 366856.9 373903.3373 384475.9692 394651.6133 406701.1912 404864.0399 417773.4528 421664.4918 434173.7054 364165.0322 0 0 0 0 0 0 0 0 0 0 0 0 0 0 0 0 0 0 0 0 0 0 0 0 0 0 0 0 0 0 
0 0 0 0 0 0 0 0 0 0 0 0 0 0 0 0 0 0 0 0 0 0 0 0 0 0 0 0 0 0 40075.92844 41252.76529 55115.59881 76063.7383 104447.1947 137971.2906 169897.0227 200455.8122 226846.1491 242507.636 253673.3037 259562.2149 264853.552 261265.1757 269685.7791 271384.919 270931.5423 271878.813 267645.2977 265569.2037 274450.3012 282011.1359 281584.0827 295968.297 300572.1348 309366.7345 315770.195 330121.7613 342729.6585 349966.4146 365164.1652 378755.6313 384033.0752 390958.0146 400647.2864 408044.523 414665.5507 423745.1539 429748.387 364836.4327 0 0 0 0 0 0 0 0 0 0 0 0 0 0 0 0 0 0 0 0 0 0 0 0 0 0 0 0 0 0 
0 0 0 0 0 0 0 0 0 0 0 0 0 0 0 0 0 0 0 0 0 0 0 0 0 0 0 0 0 0 40396.74568 40933.49161 55070.24851 75479.69399 104073.019 133993.4378 169581.3138 201451.6944 224711.4156 244028.6195 254594.1355 256095.6933 263522.0313 263292.9062 269051.5806 269263.3769 273120.3258 265417.5719 267628.6928 265732.5116 273765.8893 281656.2815 283082.6308 294287.0869 301784.9711 306898.5537 315402.9291 330043.5291 331505.5451 357408.7294 366146.178 375707.2265 386283.1088 398238.6235 400162.3544 412544.0278 411414.8337 424499.0871 432546.8283 367031.0181 0 0 0 0 0 0 0 0 0 0 0 0 0 0 0 0 0 0 0 0 0 0 0 0 0 0 0 0 0 0 
0 0 0 0 0 0 0 0 0 0 0 0 0 0 0 0 0 0 0 0 0 0 0 0 0 0 0 0 0 0 41241.30489 41990.32801 56304.09941 77050.46753 104493.1152 136510.7732 167232.5823 199181.2457 225089.5812 244465.4393 253193.6871 255901.0969 262995.1611 263866.9941 268283.1646 269140.7757 272815.3226 266319.9059 270268.9221 266176.7325 273708.8503 279145.9126 284672.9522 292948.8253 305000.256 309502.4887 317881.8698 329214.7177 335157.1169 356781.9675 370007.7024 375734.1271 390148.8908 392811.2436 397747.9038 410067.8688 415674.3127 426472.4987 428362.7957 363821.8686 0 0 0 0 0 0 0 0 0 0 0 0 0 0 0 0 0 0 0 0 0 0 0 0 0 0 0 0 0 0 
0 0 0 0 0 0 0 0 0 0 0 0 0 0 0 0 0 0 0 0 0 0 0 0 0 0 0 0 0 0 40132.12318 40861.57829 54401.87891 74633.50865 104018.1022 135778.9307 166607.8638 199384.647 223454.0217 242021.2904 252659.6154 258653.8908 263014.9073 261876.0383 266583.5054 267184.3149 268770.6893 266798.9424 265960.1446 267544.5961 271873.3362 281023.7912 284231.3074 296620.1483 302010.4985 305373.4954 316957.8945 327748.0665 339412.4169 354542.8675 362266.9326 371502.118 383480.0523 394608.5322 400707.4102 413997.9617 421613.4136 420966.5903 429521.6543 363446.3885 0 0 0 0 0 0 0 0 0 0 0 0 0 0 0 0 0 0 0 0 0 0 0 0 0 0 0 0 0 0 
0 0 0 0 0 0 0 0 0 0 0 0 0 0 0 0 0 0 0 0 0 0 0 0 0 0 0 0 0 0 39849.14551 42118.29858 55280.35844 76255.27885 103914.6151 138058.0213 167541.8282 199487.2494 222226.8493 241825.0234 257575.4033 258262.9323 269751.4154 264040.4733 262350.5906 270494.9063 270664.6112 270969.3522 268954.9126 268521.9234 275021.5217 285029.98 283576.5544 298463.5991 302150.7445 311305.4068 312355.2054 324617.5336 340745.6672 353185.2353 367120.2263 374184.6251 386040.6021 396188.5292 402429.2278 411784.4207 418224.9706 425205.9642 425052.7103 360978.3225 0 0 0 0 0 0 0 0 0 0 0 0 0 0 0 0 0 0 0 0 0 0 0 0 0 0 0 0 0 0 
0 0 0 0 0 0 0 0 0 0 0 0 0 0 0 0 0 0 0 0 0 0 0 0 0 0 0 0 0 0 40040.18252 42182.55774 55072.63716 77612.66522 103496.6623 135877.3877 169788.4413 201385.3717 227697.1543 243420.0742 253670.0526 258505.7577 264034.7134 263490.5283 266631.6975 267756.862 269772.4256 266038.2536 266677.0648 264575.9528 273349.931 278843.466 282019.4167 294235.5676 304479.5948 308739.0247 317147.1871 328271.0453 336797.456 349375.5075 365807.4738 370782.1869 384536.2783 395352.1924 401980.1254 411007.6422 419141.9105 422630.7297 431911.6791 364066.2673 0 0 0 0 0 0 0 0 0 0 0 0 0 0 0 0 0 0 0 0 0 0 0 0 0 0 0 0 0 0 
0 0 0 0 0 0 0 0 0 0 0 0 0 0 0 0 0 0 0 0 0 0 0 0 0 0 0 0 0 0 40982.86123 40511.12004 54649.56523 76067.70749 104834.7829 138351.327 167067.8456 198766.021 225351.1224 244742.5683 253508.8698 260795.0305 260736.481 261673.7277 266893.0679 266305.6195 268720.4996 267911.705 270259.7214 267811.8423 269507.9884 283573.148 280100.1772 298003.0878 303737.8607 309134.0171 316194.9842 328104.9685 337321.9479 357561.3529 366734.5388 375569.4902 384033.567 396647.7745 403279.2396 410100.5056 415219.4688 421017.716 433623.1524 363220.5639 0 0 0 0 0 0 0 0 0 0 0 0 0 0 0 0 0 0 0 0 0 0 0 0 0 0 0 0 0 0 
0 0 0 0 0 0 0 0 0 0 0 0 0 0 0 0 0 0 0 0 0 0 0 0 0 0 0 0 0 0 40201.6475 41561.69547 54789.13968 76095.38371 102476.8929 135560.339 168341.548 199957.4797 225951.7369 245436.8374 255234.9086 257689.3363 262622.7958 263680.8834 266745.5161 268023.2127 272200.2109 269499.5995 270563.1624 266447.1822 271554.0096 282096.7675 280174.7066 292255.9301 303365.6606 308707.6831 315559.2361 329958.8429 335156.2383 357407.5344 368420.7453 374715.319 385556.7475 394079.9497 403786.5528 412735.4122 413027.8412 425769.674 431366.7048 364786.8849 0 0 0 0 0 0 0 0 0 0 0 0 0 0 0 0 0 0 0 0 0 0 0 0 0 0 0 0 0 0 
0 0 0 0 0 0 0 0 0 0 0 0 0 0 0 0 0 0 0 0 0 0 0 0 0 0 0 0 0 0 40656.71917 41185.14759 54280.2636 76020.53273 105236.0582 135768.4787 168719.1092 205525.4836 225366.7486 245512.7857 253527.5271 259776.5773 258116.1921 261560.0259 263657.6399 269620.1025 271244.9707 269222.6429 270004.3489 266917.992 274422.0968 278184.8759 281137.6361 294842.4621 300009.7267 307293.9214 316167.028 333108.54 337091.3098 353345.4057 364964.3897 376209.743 387596.7636 391388.1152 400552.4977 409114.8299 420688.8713 425529.6986 429871.0239 358727.0505 0 0 0 0 0 0 0 0 0 0 0 0 0 0 0 0 0 0 0 0 0 0 0 0 0 0 0 0 0 0 
0 0 0 0 0 0 0 0 0 0 0 0 0 0 0 0 0 0 0 0 0 0 0 0 0 0 0 0 0 0 40566.33825 40529.34117 55202.44279 78820.41177 104859.6801 136084.6441 169337.195 200066.7127 228017.2328 243879.6622 254762.4931 264943.5308 261543.6514 267075.3035 267456.1765 269298.589 271792.0418 269979.6783 272375.3431 267888.0771 271191.3233 281875.5062 284796.9799 298366.5559 302727.1976 308680.8519 318317.4286 335203.6534 339424.2291 356521.5161 364907.5472 376389.0306 388672.7765 396818.3188 405505.3728 410878.8887 418643.3232 430803.24 429351.8379 367653.8115 0 0 0 0 0 0 0 0 0 0 0 0 0 0 0 0 0 0 0 0 0 0 0 0 0 0 0 0 0 0 
0 0 0 0 0 0 0 0 0 0 0 0 0 0 0 0 0 0 0 0 0 0 0 0 0 0 0 0 0 0 40471.23323 42426.73544 55588.47089 78815.12479 104562.0325 138251.4326 172226.0135 205660.5665 228842.495 246371.4376 258726.0108 263919.6696 265950.8157 267906.8898 268255.5387 273944.1246 273868.2 271258.9514 272732.7468 271023.3505 275050.1945 282783.9852 290552.542 296973.9387 306077.771 310168.7884 318968.9701 333481.9697 344713.0122 351188.3614 369006.7815 379099.2975 383683.6355 391966.4625 405354.323 419924.9262 420208.9681 425698.6161 437626.779 369287.8386 0 0 0 0 0 0 0 0 0 0 0 0 0 0 0 0 0 0 0 0 0 0 0 0 0 0 0 0 0 0 
0 0 0 0 0 0 0 0 0 0 0 0 0 0 0 0 0 0 0 0 0 0 0 0 0 0 0 0 0 0 41273.90421 41903.14208 55174.62211 79363.03413 105591.9629 139103.0812 171171.3813 204091.7648 229207.3102 247156.7749 260279.444 267629.6099 263719.6123 268201.2789 267896.803 273308.9982 276741.339 275712.2222 272532.2502 271101.8687 282940.1628 290166.7655 289891.8116 299073.2139 308775.5033 312646.4544 321167.0708 334588.8045 348052.2056 359419.1954 367964.9476 380027.6723 392828.5998 400602.4859 409649.3515 423089.1271 423164.2628 429390.2316 435883.4925 372686.0176 0 0 0 0 0 0 0 0 0 0 0 0 0 0 0 0 0 0 0 0 0 0 0 0 0 0 0 0 0 0 
0 0 0 0 0 0 0 0 0 0 0 0 0 0 0 0 0 0 0 0 0 0 0 0 0 0 0 0 0 0 41052.69269 42503.79668 55375.54481 77892.94196 108069.1457 136793.5844 173685.8924 207020.5145 228587.965 250078.8159 258176.8237 265234.2088 268147.2351 270240.345 270208.9004 276765.5168 275532.9895 275680.1064 279851.6541 269893.2372 278523.9822 288346.7741 291717.1831 302753.7009 311078.4562 314704.3726 323015.7156 337397.7805 345319.2408 364799.7373 376925.164 385997.8244 390404.009 404560.2906 409799.2106 424777.2752 427868.014 433756.6811 436127.3285 374024.7544 0 0 0 0 0 0 0 0 0 0 0 0 0 0 0 0 0 0 0 0 0 0 0 0 0 0 0 0 0 0 
0 0 0 0 0 0 0 0 0 0 0 0 0 0 0 0 0 0 0 0 0 0 0 0 0 0 0 0 0 0 41801.17492 41959.992 56758.91743 78260.07395 106084.5897 140878.0074 174530.9185 207814.2241 230880.3909 251647.5416 257227.5364 266294.1454 269844.5149 269457.3543 272477.3251 277888.2592 275478.3825 275782.8868 275900.648 275336.016 282881.4138 285356.5723 289727.4467 304602.6476 309554.5575 316199.1596 321703.005 341287.5894 343886.1258 366526.2916 373802.5042 382319.7098 393975.8819 399711.398 412882.1475 421568.2055 427270.6657 438706.4238 438332.1655 370643.2693 0 0 0 0 0 0 0 0 0 0 0 0 0 0 0 0 0 0 0 0 0 0 0 0 0 0 0 0 0 0 
0 0 0 0 0 0 0 0 0 0 0 0 0 0 0 0 0 0 0 0 0 0 0 0 0 0 0 0 0 0 41377.08531 43343.00656 57119.15863 78433.453 106385.941 137713.4024 174261.2931 205763.9187 232276.5221 249807.7349 262933.9775 267879.3713 268844.3653 268344.8789 274352.1575 276257.4868 280782.9657 272991.1814 275145.1018 272065.4205 281375.118 285209.5115 287604.5871 303728.2556 312523.9292 316288.7769 325174.0345 341916.3868 348565.5521 366135.2363 377955.6978 384701.5259 393472.0667 405265.9115 410639.3956 422674.6582 429951.0743 437368.8886 443627.4391 376762.5042 0 0 0 0 0 0 0 0 0 0 0 0 0 0 0 0 0 0 0 0 0 0 0 0 0 0 0 0 0 0 
0 0 0 0 0 0 0 0 0 0 0 0 0 0 0 0 0 0 0 0 0 0 0 0 0 0 0 0 0 0 40919.5028 43077.47557 55495.14446 79184.17345 106293.4098 137585.7552 172720.6703 203192.72 229668.1088 248683.5713 260140.2738 268789.8644 270359.1038 269860.3825 276700.5297 274246.6984 278976.6386 277865.6358 276460.7616 273517.6975 280578.1576 286811.9414 291150.1389 306639.5006 309846.5205 316051.9803 323384.6045 337651.3977 352315.8538 367264.7454 378311.7088 386675.6013 395500.308 403505.4836 415080.2177 423260.1391 428489.0758 433817.2926 443130.4841 375623.9583 0 0 0 0 0 0 0 0 0 0 0 0 0 0 0 0 0 0 0 0 0 0 0 0 0 0 0 0 0 0 
0 0 0 0 0 0 0 0 0 0 0 0 0 0 0 0 0 0 0 0 0 0 0 0 0 0 0 0 0 0 40131.39713 42213.10195 57384.482 77912.64621 108319.7861 140467.5623 172969.8282 203761.9976 231328.5565 249807.5428 258912.6017 265397.5509 267926.5723 270686.8225 277007.909 276544.3635 278240.4781 277020.9639 275046.8852 274361.2865 275626.6726 288893.8508 287767.9099 304533.7319 311151.4327 316552.4842 321975.3115 340353.9796 346311.2011 358640.7197 376519.4672 384276.725 395689.2505 405641.4206 411008.9054 423148.4127 426511.2581 434160.1892 442497.0402 373653.2744 0 0 0 0 0 0 0 0 0 0 0 0 0 0 0 0 0 0 0 0 0 0 0 0 0 0 0 0 0 0 
0 0 0 0 0 0 0 0 0 0 0 0 0 0 0 0 0 0 0 0 0 0 0 0 0 0 0 0 0 0 40888.13204 42824.60519 56373.85322 77735.89613 107333.0431 137851.8134 171123.4468 207804.101 231908.5386 247071.3607 260317.9048 268023.6562 266785.5966 267102.0184 272694.215 273834.1994 276456.0403 275718.9556 274055.8526 272817.2472 277307.0016 287532.202 290951.3368 300057.5051 309127.5692 317347.5521 326482.6033 337068.9795 347415.2011 363317.6438 380024.775 388046.6421 399049.2217 402630.387 411817.8384 422691.7225 431928.0399 434618.4045 440711.5132 366218.9412 0 0 0 0 0 0 0 0 0 0 0 0 0 0 0 0 0 0 0 0 0 0 0 0 0 0 0 0 0 0 
0 0 0 0 0 0 0 0 0 0 0 0 0 0 0 0 0 0 0 0 0 0 0 0 0 0 0 0 0 0 41656.28328 42578.2721 56107.34421 78495.42987 106312.2445 138334.151 173217.8897 205508.2558 232284.437 248397.5725 259646.3639 266869.5942 268833.7052 269490.3348 272810.1195 276034.0127 277972.662 276080.0224 277140.7815 273132.7159 277194.4535 290011.4737 290789.6377 301014.338 310495.7361 314504.0054 326264.7143 335031.6168 344148.1693 360843.4146 375213.5481 384331.0726 392141.7819 405246.404 407397.7457 420851.5742 427989.1533 433098.1423 443755.268 374427.3828 0 0 0 0 0 0 0 0 0 0 0 0 0 0 0 0 0 0 0 0 0 0 0 0 0 0 0 0 0 0 
0 0 0 0 0 0 0 0 0 0 0 0 0 0 0 0 0 0 0 0 0 0 0 0 0 0 0 0 0 0 41259.17872 41932.29753 56773.19244 78170.52634 110163.7214 139051.8125 171516.4298 204482.1723 230988.3787 247025.9231 257717.4313 265513.615 269539.2646 268741.3437 271653.5922 274782.222 278586.2634 271819.5806 276575.0094 274153.6515 277101.53 288494.1827 291691.6759 302004.2705 307468.1824 319399.5858 322277.4564 333005.1381 344728.4658 363374.3457 373964.6878 383970.6177 393584.8147 403922.2967 408432.571 419982.4145 427670.4101 434901.5715 436480.9929 370028.3803 0 0 0 0 0 0 0 0 0 0 0 0 0 0 0 0 0 0 0 0 0 0 0 0 0 0 0 0 0 0 
0 0 0 0 0 0 0 0 0 0 0 0 0 0 0 0 0 0 0 0 0 0 0 0 0 0 0 0 0 0 40893.65519 43038.91321 56447.52062 79406.46607 106304.084 139362.0679 170361.573 206773.7811 229412.0608 245528.3795 257126.4869 269871.8584 267566.2869 270862.6094 270072.5431 276059.7845 276204.1043 276986.8323 274222.9782 273473.4848 278887.3696 290223.5186 287459.5076 299992.0186 305569.1958 313572.8269 321620.5919 332725.1779 340960.065 360309.7746 375718.1118 378737.3459 390258.9452 404016.9181 408356.0072 417416.7048 428733.5505 434828.4193 444539.5785 369912.8567 0 0 0 0 0 0 0 0 0 0 0 0 0 0 0 0 0 0 0 0 0 0 0 0 0 0 0 0 0 0 
0 0 0 0 0 0 0 0 0 0 0 0 0 0 0 0 0 0 0 0 0 0 0 0 0 0 0 0 0 0 41120.15053 42286.17446 55166.88292 78054.35393 107543.9626 139519.6169 172402.9519 202280.868 228683.4204 246981.191 257945.6804 268561.5155 268734.8492 270483.5899 273574.6513 276313.8951 274444.0239 276166.3931 274742.5551 270911.6593 280708.3301 286555.5227 284976.8134 301955.419 307447.1729 314404.8913 325674.7041 336538.4873 342910.0602 360600.6628 374819.2379 381246.5435 391020.926 402922.0423 407163.8699 423041.2522 416330.4449 431320.9041 441701.3646 371418.9704 0 0 0 0 0 0 0 0 0 0 0 0 0 0 0 0 0 0 0 0 0 0 0 0 0 0 0 0 0 0 
0 0 0 0 0 0 0 0 0 0 0 0 0 0 0 0 0 0 0 0 0 0 0 0 0 0 0 0 0 0 41292.33616 42399.20788 55779.54923 78305.70589 107790.9001 137746.8597 171216.308 204852.124 232659.3222 247157.2836 257930.4308 263252.9365 266138.6522 268562.6557 270381.7201 273208.9634 273409.4925 275674.0776 272050.8012 271130.6219 276485.653 284819.4491 286642.8887 301836.8681 309198.9055 313082.2511 321617.7437 340653.5762 348143.125 359525.4738 375088.5468 385973.8481 394328.599 406683.2902 406119.7233 417495.2058 428567.055 431980.4988 441937.5819 370370.745 0 0 0 0 0 0 0 0 0 0 0 0 0 0 0 0 0 0 0 0 0 0 0 0 0 0 0 0 0 0 
0 0 0 0 0 0 0 0 0 0 0 0 0 0 0 0 0 0 0 0 0 0 0 0 0 0 0 0 0 0 40004.20533 42318.01472 56552.88272 77571.9299 106541.0635 136770.8639 171396.0438 206533.4957 232421.3653 248338.525 261131.1409 261020.6298 266431.6743 267489.5202 272378.4786 276030.6042 277993.5429 276001.9306 275127.9094 268556.4535 276994.6733 285891.2382 285641.4481 305102.9217 311998.0642 317892.4608 324492.3009 335686.7295 341845.5483 358327.3966 376028.0914 381402.8205 389713.8931 401585.4414 410514.2252 420953.1965 423258.9146 436930.1701 437511.0567 371234.9096 0 0 0 0 0 0 0 0 0 0 0 0 0 0 0 0 0 0 0 0 0 0 0 0 0 0 0 0 0 0 
0 0 0 0 0 0 0 0 0 0 0 0 0 0 0 0 0 0 0 0 0 0 0 0 0 0 0 0 0 0 40209.45425 42043.52422 55954.5562 76438.26525 107305.3409 138140.6795 173085.9676 204268.7759 235578.6055 245034.7717 257822.7065 263396.9416 266382.1644 266463.9769 271101.7615 279373.7878 280654.4644 273617.2771 275778.1717 272712.491 278320.1479 284366.3462 290000.0978 302508.6412 310186.4431 308854.4957 323933 333613.0032 344363.9406 364667.3517 373588.7107 380091.8618 392763.848 399226.9983 411119.8749 421985.8752 424177.5786 431748.7846 441383.3511 368459.0127 0 0 0 0 0 0 0 0 0 0 0 0 0 0 0 0 0 0 0 0 0 0 0 0 0 0 0 0 0 0 
0 0 0 0 0 0 0 0 0 0 0 0 0 0 0 0 0 0 0 0 0 0 0 0 0 0 0 0 0 0 40810.85683 41605.72479 56256.64382 77636.58977 106465.4036 138020.6196 173082.1427 204896.922 226463.5964 247970.1566 255921.5629 264712.0306 270511.8454 268793.6 275794.7019 274332.7779 277901.0388 276396.085 276302.2239 272698.8332 281477.5648 288153.0631 287150.8296 303512.9084 311061.7745 312549.6058 322570.7825 333344.682 345316.7166 359069.8446 373765.2868 383472.7653 391701.5685 402450.5394 404615.1765 418922.5805 426062.5573 431268.0907 437368.2476 373508.1279 0 0 0 0 0 0 0 0 0 0 0 0 0 0 0 0 0 0 0 0 0 0 0 0 0 0 0 0 0 0 
0 0 0 0 0 0 0 0 0 0 0 0 0 0 0 0 0 0 0 0 0 0 0 0 0 0 0 0 0 0 41507.24054 41923.73098 56114.52431 78200.82154 107494.681 137185.1676 172385.2441 202528.6674 228196.2425 247568.1955 259432.9501 267977.9517 267218.5757 267936.8434 274498.8998 275097.3896 279352.9295 272443.0547 273013.9054 268779.8628 278885.4508 288645.3134 285194.4966 302840.8409 305727.2475 313380.4681 323376.9084 334752.5172 342270.7096 362579.5853 372163.4734 383030.7919 390876.667 402909.496 407900.655 420380.1886 427123.7835 430621.6705 436835.4962 375744.2982 0 0 0 0 0 0 0 0 0 0 0 0 0 0 0 0 0 0 0 0 0 0 0 0 0 0 0 0 0 0 
0 0 0 0 0 0 0 0 0 0 0 0 0 0 0 0 0 0 0 0 0 0 0 0 0 0 0 0 0 0 40639.9913 41375.40903 56712.61176 78492.94127 105489.1666 138214.7744 168764.0402 202902.1838 227423.4307 249206.2054 259005.4593 263190.9238 264934.9358 266298.9944 274466.3118 272219.6513 277046.9338 274224.4471 275683.2624 274157.8544 278887.1832 285044.0895 286672.8911 306821.7027 307181.9185 311619.45 319469.262 336305.5619 342526.0735 359607.291 378543.2559 386474.5104 392542.8757 399863.9814 409191.7789 421455.6295 421093.3635 433146.0266 436215.1055 371165.2869 0 0 0 0 0 0 0 0 0 0 0 0 0 0 0 0 0 0 0 0 0 0 0 0 0 0 0 0 0 0 
0 0 0 0 0 0 0 0 0 0 0 0 0 0 0 0 0 0 0 0 0 0 0 0 0 0 0 0 0 0 41332.68245 41775.27117 56161.56041 77474.66024 107252.3592 138925.9866 172610.1612 203046.4093 228242.9077 246076.9066 260947.1386 262575.7589 264939.3236 266338.1282 267761.3818 272359.562 275211.7772 273916.8587 271015.2661 273356.041 277515.6507 290089.0373 285211.8861 300724.4775 308524.7004 311462.875 321223.8956 334486.7297 344622.2237 364451.3935 372876.6544 380836.5454 389708.9895 403472.1503 408815.116 416903.3668 423211.9325 435150.7904 437293.8405 369771.0242 0 0 0 0 0 0 0 0 0 0 0 0 0 0 0 0 0 0 0 0 0 0 0 0 0 0 0 0 0 0 
0 0 0 0 0 0 0 0 0 0 0 0 0 0 0 0 0 0 0 0 0 0 0 0 0 0 0 0 0 0 41133.29011 42329.14528 55849.16681 78317.54954 104055.9663 139536.9069 171649.8449 201992.1922 227861.6457 243181.8654 263294.8726 259775.0227 268169.1194 270386.9057 271955.2444 274770.6694 278112.0975 275196.1023 271888.6371 275816.3666 275453.6185 286077.3627 288618.9283 298423.0076 307235.9427 314609.6648 321816.1682 336302.4432 343636.2441 361357.9286 374844.0987 380219.7635 391949.4532 401226.4202 407734.7045 418604.6672 420000.4219 432273.78 436655.1439 370862.1822 0 0 0 0 0 0 0 0 0 0 0 0 0 0 0 0 0 0 0 0 0 0 0 0 0 0 0 0 0 0 
0 0 0 0 0 0 0 0 0 0 0 0 0 0 0 0 0 0 0 0 0 0 0 0 0 0 0 0 0 0 40635.64891 41261.42829 55615.5682 77098.27295 105797.7951 137151.8597 172494.8459 203844.4567 229675.1079 245865.3552 256882.5771 264123.5179 266709.0063 266500.7866 275982.3758 275405.1976 274738.3594 276716.2916 274508.0479 271678.512 276992.3496 284958.4473 285222.3201 303989.2464 308833.1253 313507.675 320620.9923 337060.4453 340105.4139 363038.497 367887.4551 386227.5371 392717.2973 399519.8659 409782.1541 417580.0653 423817.8194 433131.1617 438812.2623 371322.0163 0 0 0 0 0 0 0 0 0 0 0 0 0 0 0 0 0 0 0 0 0 0 0 0 0 0 0 0 0 0 
0 0 0 0 0 0 0 0 0 0 0 0 0 0 0 0 0 0 0 0 0 0 0 0 0 0 0 0 0 0 40363.16678 43088.42471 56570.20817 77649.2143 106703.587 139588.9689 174122.1922 204068.9772 229203.5541 249519.7404 262396.8204 264260.5807 268933.5419 268564.5674 273536.8915 271144.5537 274923.4853 275695.4922 273369.9931 270161.022 277633.0614 284178.7043 288735.7811 301337.7034 307847.8843 312957.2139 322010.7886 335086.3344 341238.6172 360163.4346 375406.4239 385351.059 391729.322 401231.5307 409805.7917 421866.8405 417883.158 433029.0728 438957.0462 367267.5498 0 0 0 0 0 0 0 0 0 0 0 0 0 0 0 0 0 0 0 0 0 0 0 0 0 0 0 0 0 0 
0 0 0 0 0 0 0 0 0 0 0 0 0 0 0 0 0 0 0 0 0 0 0 0 0 0 0 0 0 0 41304.99544 42383.51175 55709.89939 77664.96219 105914.875 135488.2407 169661.6287 203686.2577 229467.5742 248288.042 256375.4323 263722.6461 267398.0216 264481.348 269456.8887 275417.388 273713.8028 273856.909 271723.6563 269808.0495 278734.6599 287832.5167 289973.4005 299157.3891 308052.6159 310360.3931 320030.177 335343.8435 341610.5442 357942.8543 367567.3307 383984.0417 391758.4272 399282.6258 408973.6481 422952.2319 423490.3883 430824.2609 436611.7403 372761.97 0 0 0 0 0 0 0 0 0 0 0 0 0 0 0 0 0 0 0 0 0 0 0 0 0 0 0 0 0 0 
0 0 0 0 0 0 0 0 0 0 0 0 0 0 0 0 0 0 0 0 0 0 0 0 0 0 0 0 0 0 41034.61077 41393.8822 55889.05752 77482.38569 105136.0849 139858.212 172125.0417 206624.6076 231900.3906 247785.8751 255050.7937 265909.9085 268633.6862 266922.7794 273730.7621 273918.7882 275113.4882 271023.971 273075.8186 273193.3711 279383.5788 286222.6615 286396.8014 302375.3374 310642.811 311403.2579 322406.5315 335714.9277 341797.7714 361846.2998 371724.3907 388083.1012 394490.018 403541.9205 411066.626 421788.1083 424308.1313 426957.1492 438966.5795 369527.9391 0 0 0 0 0 0 0 0 0 0 0 0 0 0 0 0 0 0 0 0 0 0 0 0 0 0 0 0 0 0 
0 0 0 0 0 0 0 0 0 0 0 0 0 0 0 0 0 0 0 0 0 0 0 0 0 0 0 0 0 0 40710.51949 43428.55285 55389.22832 78059.68831 106461.4992 138494.5973 172701.3169 204376.5951 229321.6158 247173.9579 255962.1548 263617.2579 270113.4508 269903.4389 272771.0533 272364.2418 278625.2151 277175.1354 273988.9149 270675.8278 276527.3023 282638.9433 284182.4659 302105.6688 307176.5608 316732.1842 321050.0121 333782.263 340409.9908 360496.7613 373374.0469 380142.8455 387937.4776 400332.2635 405558.1097 422455.3247 423718.2447 431797.6604 435614.2389 373440.1038 0 0 0 0 0 0 0 0 0 0 0 0 0 0 0 0 0 0 0 0 0 0 0 0 0 0 0 0 0 0 
0 0 0 0 0 0 0 0 0 0 0 0 0 0 0 0 0 0 0 0 0 0 0 0 0 0 0 0 0 0 41948.73536 42168.37013 55666.62583 79138.91045 106793.0145 141791.0467 173543.5616 203672.1802 228889.5575 246385.5651 259356.8066 265463.4134 267134.7239 269426.387 275883.4495 273518.2614 272384.422 275009.0585 274143.6007 270578.8493 278392.075 286070.9044 290350.15 302664.4151 309834.7426 311757.7008 323860.896 334228.5405 344234.5692 365719.8062 374391.5132 384453.6262 397000.106 406708.481 409374.4751 420098.1825 426778.4978 431403.9735 436856.4993 369167.6441 0 0 0 0 0 0 0 0 0 0 0 0 0 0 0 0 0 0 0 0 0 0 0 0 0 0 0 0 0 0 
0 0 0 0 0 0 0 0 0 0 0 0 0 0 0 0 0 0 0 0 0 0 0 0 0 0 0 0 0 0 41693.1606 42231.4684 55224.39315 78309.39429 107725.8252 138427.6251 173114.2095 203560.5746 231031.1517 247832.671 258737.0084 266222.0334 269189.2548 268882.7667 269493.461 270316.3629 276017.0266 271667.8173 269276.1909 272526.8169 277920.5375 287129.4309 287331.3675 298895.3162 308228.568 310461.0782 324270.3199 334341.5439 342523.8027 362939.1339 372441.5621 384343.0014 388244.2257 402066.6212 409184.4508 417914.7657 423507.476 430321.3132 439624.5451 373672.501 0 0 0 0 0 0 0 0 0 0 0 0 0 0 0 0 0 0 0 0 0 0 0 0 0 0 0 0 0 0 
0 0 0 0 0 0 0 0 0 0 0 0 0 0 0 0 0 0 0 0 0 0 0 0 0 0 0 0 0 0 41506.56734 42047.55357 56492.45046 78333.72173 108992.92 140083.8334 172615.8571 205428.5168 229128.7014 246735.9353 259094.5402 265029.0152 267650.8123 264665.099 272188.4431 274003.0578 274566.7855 276704.4132 272538.5726 266095.4703 274943.2758 287738.999 291408.6763 300200.6669 310316.703 309652.1304 324540.4711 332310.9445 346574.4297 362466.0407 375029.758 381241.2745 391941.8407 403006.5882 408856.9386 422208.8429 424499.7682 432100.4593 438422.3164 369299.829 0 0 0 0 0 0 0 0 0 0 0 0 0 0 0 0 0 0 0 0 0 0 0 0 0 0 0 0 0 0 
0 0 0 0 0 0 0 0 0 0 0 0 0 0 0 0 0 0 0 0 0 0 0 0 0 0 0 0 0 0 41596.77266 41979.82242 56375.88018 78417.76046 107236.5858 137955.26 174281.805 204939.7792 227377.9039 246228.4601 259987.466 266661.6443 268368.4977 267834.4139 272784.7396 271441.9035 277869.1359 272047.6846 273153.4672 273969.7274 279019.6989 287549.8301 289841.1892 299508.2759 308511.8151 314753.0308 320828.3437 331543.2968 349234.9221 358825.4265 376558.6284 387446.4363 393395.3936 402620.0601 404743.9622 419438.0669 421827.1396 436201.0465 436637.7351 370328.6679 0 0 0 0 0 0 0 0 0 0 0 0 0 0 0 0 0 0 0 0 0 0 0 0 0 0 0 0 0 0 
0 0 0 0 0 0 0 0 0 0 0 0 0 0 0 0 0 0 0 0 0 0 0 0 0 0 0 0 0 0 41107.2082 42166.28653 55315.06202 79136.08912 104839.2959 138361.5159 171270.621 206529.1088 228000.2764 249770.1509 258824.2218 266660.3135 268050.7555 265558.0977 272903.6323 273041.8882 277330.6726 273979.2021 273588.4337 272516.8616 278415.9973 283683.3446 287814.2399 301563.9889 305881.6345 309371.9713 324243.7388 333282.2168 346522.5537 357826.2555 372206.6155 380440.268 390487.3477 397993.3998 408903.898 417688.4864 421840.0664 429265.5336 438054.8402 365514.1975 0 0 0 0 0 0 0 0 0 0 0 0 0 0 0 0 0 0 0 0 0 0 0 0 0 0 0 0 0 0 
0 0 0 0 0 0 0 0 0 0 0 0 0 0 0 0 0 0 0 0 0 0 0 0 0 0 0 0 0 0 41044.18507 41946.97404 56129.82744 78594.48287 105286.5306 137888.5145 172342.5156 203962.253 232088.7568 248064.2345 256566.9795 266069.6076 270694.4321 268276.5397 272045.2359 274894.2131 271396.0057 273668.7963 272907.8636 270242.2095 278088.1933 285498.3701 286674.7118 300446.6229 310632.3858 311506.481 322798.377 335644.2319 342978.9223 358314.1026 373868.739 381530.2202 392768.8148 399237.2069 411031.7327 416307.503 424217.3554 425241.0799 438906.8289 375561.652 0 0 0 0 0 0 0 0 0 0 0 0 0 0 0 0 0 0 0 0 0 0 0 0 0 0 0 0 0 0 
0 0 0 0 0 0 0 0 0 0 0 0 0 0 0 0 0 0 0 0 0 0 0 0 0 0 0 0 0 0 41049.59764 41990.25897 56076.73812 77439.95728 104048.2 137981.187 170861.0298 204043.8349 228930.0586 243282.0912 255989.4081 261413.0066 263343.4058 264845.5742 268064.678 270681.8272 274027.3142 269262.2154 272270.3532 267554.9109 274073.6686 279609.9636 282241.0739 295794.1505 304016.4103 310629.1488 319292.766 334206.2496 339918.3995 361272.0474 367127.9717 376757.6527 385541.4107 397678.6746 405728.6876 411411.0039 419103.5742 427763.3951 429868.6491 366109.0746 0 0 0 0 0 0 0 0 0 0 0 0 0 0 0 0 0 0 0 0 0 0 0 0 0 0 0 0 0 0 
0 0 0 0 0 0 0 0 0 0 0 0 0 0 0 0 0 0 0 0 0 0 0 0 0 0 0 0 0 0 18542.43479 19125.26207 26271.79275 35232.46588 48664.62294 62652.27005 80367.70142 94244.81956 105895.0343 111760.7519 117640.4975 122275.1514 123056.5182 123393.8546 125704.9996 126976.337 126549.6414 125679.4609 126592.0496 125231.4247 127153.2367 129577.6465 130877.8459 139476.9863 142966.9024 141244.3192 149112.557 151343.3811 158141.4504 165696.1775 172793.0493 177462.6293 182144.9575 186071.014 190716.6507 190231.4075 195383.9658 200649.7759 203489.1535 168151.7052 0 0 0 0 0 0 0 0 0 0 0 0 0 0 0 0 0 0 0 0 0 0 0 0 0 0 0 0 0 0 
0 0 0 0 0 0 0 0 0 0 0 0 0 0 0 0 0 0 0 0 0 0 0 0 0 0 0 0 0 0 0 0 0 0 0 0 0 0 0 0 0 0 0 0 0 0 0 0 0 0 0 0 0 0 0 0 0 0 0 0 0 0 0 0 0 0 0 0 0 0 0 0 0 0 0 0 0 0 0 0 0 0 0 0 0 0 0 0 0 0 0 0 0 0 0 0 0 0 0 0 
0 0 0 0 0 0 0 0 0 0 0 0 0 0 0 0 0 0 0 0 0 0 0 0 0 0 0 0 0 0 0 0 0 0 0 0 0 0 0 0 0 0 0 0 0 0 0 0 0 0 0 0 0 0 0 0 0 0 0 0 0 0 0 0 0 0 0 0 0 0 0 0 0 0 0 0 0 0 0 0 0 0 0 0 0 0 0 0 0 0 0 0 0 0 0 0 0 0 0 0 
0 0 0 0 0 0 0 0 0 0 0 0 0 0 0 0 0 0 0 0 0 0 0 0 0 0 0 0 0 0 0 0 0 0 0 0 0 0 0 0 0 0 0 0 0 0 0 0 0 0 0 0 0 0 0 0 0 0 0 0 0 0 0 0 0 0 0 0 0 0 0 0 0 0 0 0 0 0 0 0 0 0 0 0 0 0 0 0 0 0 0 0 0 0 0 0 0 0 0 0 
0 0 0 0 0 0 0 0 0 0 0 0 0 0 0 0 0 0 0 0 0 0 0 0 0 0 0 0 0 0 0 0 0 0 0 0 0 0 0 0 0 0 0 0 0 0 0 0 0 0 0 0 0 0 0 0 0 0 0 0 0 0 0 0 0 0 0 0 0 0 0 0 0 0 0 0 0 0 0 0 0 0 0 0 0 0 0 0 0 0 0 0 0 0 0 0 0 0 0 0 
0 0 0 0 0 0 0 0 0 0 0 0 0 0 0 0 0 0 0 0 0 0 0 0 0 0 0 0 0 0 0 0 0 0 0 0 0 0 0 0 0 0 0 0 0 0 0 0 0 0 0 0 0 0 0 0 0 0 0 0 0 0 0 0 0 0 0 0 0 0 0 0 0 0 0 0 0 0 0 0 0 0 0 0 0 0 0 0 0 0 0 0 0 0 0 0 0 0 0 0 
0 0 0 0 0 0 0 0 0 0 0 0 0 0 0 0 0 0 0 0 0 0 0 0 0 0 0 0 0 0 0 0 0 0 0 0 0 0 0 0 0 0 0 0 0 0 0 0 0 0 0 0 0 0 0 0 0 0 0 0 0 0 0 0 0 0 0 0 0 0 0 0 0 0 0 0 0 0 0 0 0 0 0 0 0 0 0 0 0 0 0 0 0 0 0 0 0 0 0 0 
0 0 0 0 0 0 0 0 0 0 0 0 0 0 0 0 0 0 0 0 0 0 0 0 0 0 0 0 0 0 0 0 0 0 0 0 0 0 0 0 0 0 0 0 0 0 0 0 0 0 0 0 0 0 0 0 0 0 0 0 0 0 0 0 0 0 0 0 0 0 0 0 0 0 0 0 0 0 0 0 0 0 0 0 0 0 0 0 0 0 0 0 0 0 0 0 0 0 0 0 
0 0 0 0 0 0 0 0 0 0 0 0 0 0 0 0 0 0 0 0 0 0 0 0 0 0 0 0 0 0 0 0 0 0 0 0 0 0 0 0 0 0 0 0 0 0 0 0 0 0 0 0 0 0 0 0 0 0 0 0 0 0 0 0 0 0 0 0 0 0 0 0 0 0 0 0 0 0 0 0 0 0 0 0 0 0 0 0 0 0 0 0 0 0 0 0 0 0 0 0 
0 0 0 0 0 0 0 0 0 0 0 0 0 0 0 0 0 0 0 0 0 0 0 0 0 0 0 0 0 0 0 0 0 0 0 0 0 0 0 0 0 0 0 0 0 0 0 0 0 0 0 0 0 0 0 0 0 0 0 0 0 0 0 0 0 0 0 0 0 0 0 0 0 0 0 0 0 0 0 0 0 0 0 0 0 0 0 0 0 0 0 0 0 0 0 0 0 0 0 0 
0 0 0 0 0 0 0 0 0 0 0 0 0 0 0 0 0 0 0 0 0 0 0 0 0 0 0 0 0 0 0 0 0 0 0 0 0 0 0 0 0 0 0 0 0 0 0 0 0 0 0 0 0 0 0 0 0 0 0 0 0 0 0 0 0 0 0 0 0 0 0 0 0 0 0 0 0 0 0 0 0 0 0 0 0 0 0 0 0 0 0 0 0 0 0 0 0 0 0 0 
# Errors [E3aEnd/ExitE3a.dat] I_err:
0 0 0 0 0 0 0 0 0 0 0 0 0 0 0 0 0 0 0 0 0 0 0 0 0 0 0 0 0 0 0 0 0 0 0 0 0 0 0 0 0 0 0 0 0 0 0 0 0 0 0 0 0 0 0 0 0 0 0 0 0 0 0 0 0 0 0 0 0 0 0 0 0 0 0 0 0 0 0 0 0 0 0 0 0 0 0 0 0 0 0 0 0 0 0 0 0 0 0 0 
0 0 0 0 0 0 0 0 0 0 0 0 0 0 0 0 0 0 0 0 0 0 0 0 0 0 0 0 0 0 0 0 0 0 0 0 0 0 0 0 0 0 0 0 0 0 0 0 0 0 0 0 0 0 0 0 0 0 0 0 0 0 0 0 0 0 0 0 0 0 0 0 0 0 0 0 0 0 0 0 0 0 0 0 0 0 0 0 0 0 0 0 0 0 0 0 0 0 0 0 
0 0 0 0 0 0 0 0 0 0 0 0 0 0 0 0 0 0 0 0 0 0 0 0 0 0 0 0 0 0 0 0 0 0 0 0 0 0 0 0 0 0 0 0 0 0 0 0 0 0 0 0 0 0 0 0 0 0 0 0 0 0 0 0 0 0 0 0 0 0 0 0 0 0 0 0 0 0 0 0 0 0 0 0 0 0 0 0 0 0 0 0 0 0 0 0 0 0 0 0 
0 0 0 0 0 0 0 0 0 0 0 0 0 0 0 0 0 0 0 0 0 0 0 0 0 0 0 0 0 0 0 0 0 0 0 0 0 0 0 0 0 0 0 0 0 0 0 0 0 0 0 0 0 0 0 0 0 0 0 0 0 0 0 0 0 0 0 0 0 0 0 0 0 0 0 0 0 0 0 0 0 0 0 0 0 0 0 0 0 0 0 0 0 0 0 0 0 0 0 0 
0 0 0 0 0 0 0 0 0 0 0 0 0 0 0 0 0 0 0 0 0 0 0 0 0 0 0 0 0 0 0 0 0 0 0 0 0 0 0 0 0 0 0 0 0 0 0 0 0 0 0 0 0 0 0 0 0 0 0 0 0 0 0 0 0 0 0 0 0 0 0 0 0 0 0 0 0 0 0 0 0 0 0 0 0 0 0 0 0 0 0 0 0 0 0 0 0 0 0 0 
0 0 0 0 0 0 0 0 0 0 0 0 0 0 0 0 0 0 0 0 0 0 0 0 0 0 0 0 0 0 0 0 0 0 0 0 0 0 0 0 0 0 0 0 0 0 0 0 0 0 0 0 0 0 0 0 0 0 0 0 0 0 0 0 0 0 0 0 0 0 0 0 0 0 0 0 0 0 0 0 0 0 0 0 0 0 0 0 0 0 0 0 0 0 0 0 0 0 0 0 
0 0 0 0 0 0 0 0 0 0 0 0 0 0 0 0 0 0 0 0 0 0 0 0 0 0 0 0 0 0 0 0 0 0 0 0 0 0 0 0 0 0 0 0 0 0 0 0 0 0 0 0 0 0 0 0 0 0 0 0 0 0 0 0 0 0 0 0 0 0 0 0 0 0 0 0 0 0 0 0 0 0 0 0 0 0 0 0 0 0 0 0 0 0 0 0 0 0 0 0 
0 0 0 0 0 0 0 0 0 0 0 0 0 0 0 0 0 0 0 0 0 0 0 0 0 0 0 0 0 0 0 0 0 0 0 0 0 0 0 0 0 0 0 0 0 0 0 0 0 0 0 0 0 0 0 0 0 0 0 0 0 0 0 0 0 0 0 0 0 0 0 0 0 0 0 0 0 0 0 0 0 0 0 0 0 0 0 0 0 0 0 0 0 0 0 0 0 0 0 0 
0 0 0 0 0 0 0 0 0 0 0 0 0 0 0 0 0 0 0 0 0 0 0 0 0 0 0 0 0 0 0 0 0 0 0 0 0 0 0 0 0 0 0 0 0 0 0 0 0 0 0 0 0 0 0 0 0 0 0 0 0 0 0 0 0 0 0 0 0 0 0 0 0 0 0 0 0 0 0 0 0 0 0 0 0 0 0 0 0 0 0 0 0 0 0 0 0 0 0 0 
0 0 0 0 0 0 0 0 0 0 0 0 0 0 0 0 0 0 0 0 0 0 0 0 0 0 0 0 0 0 0 0 0 0 0 0 0 0 0 0 0 0 0 0 0 0 0 0 0 0 0 0 0 0 0 0 0 0 0 0 0 0 0 0 0 0 0 0 0 0 0 0 0 0 0 0 0 0 0 0 0 0 0 0 0 0 0 0 0 0 0 0 0 0 0 0 0 0 0 0 
0 0 0 0 0 0 0 0 0 0 0 0 0 0 0 0 0 0 0 0 0 0 0 0 0 0 0 0 0 0 372.1866116 354.4253208 417.0796923 531.8323551 648.2492707 805.951301 931.5054627 1061.244999 1165.912246 1240.688111 1282.784156 1335.452015 1330.498412 1338.299681 1351.904461 1367.742947 1368.571785 1367.637131 1372.516398 1371.776084 1379.821846 1384.432034 1386.951393 1414.804634 1433.106461 1430.219926 1432.16494 1476.272652 1495.806416 1568.607462 1593.295846 1626.005203 1649.168972 1667.00355 1684.518357 1706.569356 1729.795008 1748.748432 1757.671539 1610.339737 0 0 0 0 0 0 0 0 0 0 0 0 0 0 0 0 0 0 0 0 0 0 0 0 0 0 0 0 0 0 
0 0 0 0 0 0 0 0 0 0 0 0 0 0 0 0 0 0 0 0 0 0 0 0 0 0 0 0 0 0 560.2890767 504.8554181 606.5941629 768.1636121 959.1949637 1151.111417 1359.592611 1544.661087 1704.40338 1816.869821 1867.249567 1914.944834 1941.256492 1948.40076 1982.68545 1999.201851 1997.758893 2003.435584 2006.857687 2013.999893 2024.547754 2026.010884 2032.090815 2048.314897 2064.126682 2070.711238 2102.014102 2148.438897 2190.38198 2271.615464 2328.354666 2352.399245 2398.277399 2427.012198 2450.241412 2511.753733 2524.909428 2531.435703 2555.945675 2355.11132 0 0 0 0 0 0 0 0 0 0 0 0 0 0 0 0 0 0 0 0 0 0 0 0 0 0 0 0 0 0 
0 0 0 0 0 0 0 0 0 0 0 0 0 0 0 0 0 0 0 0 0 0 0 0 0 0 0 0 0 0 557.4891142 504.4771183 602.9049293 774.0472867 959.2124048 1165.550225 1366.43511 1554.429429 1696.441823 1813.544485 1873.276987 1924.014041 1950.320985 1948.402842 1963.600946 1996.184246 1996.446342 2008.30642 2010.279779 2002.413911 2026.77302 2027.701319 2033.559545 2041.895221 2064.105781 2082.745491 2112.625621 2159.528871 2202.724699 2262.066194 2326.524257 2372.85741 2402.935272 2443.992677 2446.599626 2508.724061 2511.887696 2537.686746 2560.427294 2350.105011 0 0 0 0 0 0 0 0 0 0 0 0 0 0 0 0 0 0 0 0 0 0 0 0 0 0 0 0 0 0 
0 0 0 0 0 0 0 0 0 0 0 0 0 0 0 0 0 0 0 0 0 0 0 0 0 0 0 0 0 0 562.6747722 504.3703544 608.1073591 768.5885095 957.8980885 1169.765388 1352.373051 1545.460586 1696.508151 1811.012881 1886.509807 1936.050845 1945.736969 1962.251292 1968.667008 2009.114202 2025.315096 2003.972049 2014.191462 2015.465962 2011.408804 2020.428797 2028.916533 2049.547994 2065.807645 2078.679163 2100.378602 2146.978167 2193.369767 2268.909426 2321.785955 2354.947832 2399.95521 2426.227569 2467.150382 2498.856487 2517.938268 2548.742588 2566.534938 2355.923712 0 0 0 0 0 0 0 0 0 0 0 0 0 0 0 0 0 0 0 0 0 0 0 0 0 0 0 0 0 0 
0 0 0 0 0 0 0 0 0 0 0 0 0 0 0 0 0 0 0 0 0 0 0 0 0 0 0 0 0 0 550.4965364 506.0910986 604.7538572 781.4776292 961.1237484 1157.914826 1358.42122 1552.879787 1701.665625 1817.912208 1883.390704 1919.830704 1940.397067 1947.217264 1976.589295 1992.124088 2018.729326 2014.955934 2001.054492 2012.421623 2016.882371 2013.816622 2035.027434 2060.547908 2073.981145 2082.393344 2099.073831 2155.896377 2187.740172 2273.791846 2325.998197 2358.907767 2400.771747 2443.622893 2450.865288 2517.009057 2510.336721 2539.337901 2566.315563 2347.451977 0 0 0 0 0 0 0 0 0 0 0 0 0 0 0 0 0 0 0 0 0 0 0 0 0 0 0 0 0 0 
0 0 0 0 0 0 0 0 0 0 0 0 0 0 0 0 0 0 0 0 0 0 0 0 0 0 0 0 0 0 563.1615545 504.1075579 612.6400909 773.474396 960.2688442 1155.060599 1359.482599 1547.476973 1708.789782 1809.002036 1891.157002 1924.386769 1937.543774 1948.457565 1974.845409 1996.675045 2001.614319 2024.605888 2013.981973 2015.888492 2025.803631 2027.705644 2039.259382 2058.777029 2069.728668 2069.507489 2118.269879 2161.923945 2186.272944 2267.272566 2324.317229 2352.981044 2408.676213 2432.863374 2460.511094 2501.061327 2522.901457 2548.305204 2557.604719 2365.25118 0 0 0 0 0 0 0 0 0 0 0 0 0 0 0 0 0 0 0 0 0 0 0 0 0 0 0 0 0 0 
0 0 0 0 0 0 0 0 0 0 0 0 0 0 0 0 0 0 0 0 0 0 0 0 0 0 0 0 0 0 558.1021071 518.9860595 611.0993404 766.0829438 957.3240198 1146.16612 1361.315161 1549.683307 1705.953244 1808.432468 1874.956798 1936.186876 1941.868885 1952.565768 1989.134834 1996.453905 2011.419413 1991.826285 2009.006794 2017.759221 2022.583851 2032.543623 2025.218005 2043.807424 2062.580601 2072.000726 2114.475302 2166.869594 2175.928417 2271.13072 2324.591924 2363.424399 2407.83069 2428.302091 2459.368824 2492.719514 2505.338755 2529.719157 2564.92446 2349.385001 0 0 0 0 0 0 0 0 0 0 0 0 0 0 0 0 0 0 0 0 0 0 0 0 0 0 0 0 0 0 
0 0 0 0 0 0 0 0 0 0 0 0 0 0 0 0 0 0 0 0 0 0 0 0 0 0 0 0 0 0 552.4221522 508.1540504 604.0833091 769.7862688 962.7703749 1160.375573 1352.988911 1543.82274 1700.263731 1817.443919 1877.159839 1910.325764 1942.688354 1960.943301 1974.801329 1987.950139 1988.675866 2018.32325 1994.945511 2005.011903 2027.016873 2020.371056 2023.828894 2064.114686 2079.343302 2082.261713 2103.727854 2168.925237 2183.93068 2273.222478 2341.436101 2361.988133 2392.486835 2444.998637 2457.184652 2509.307226 2518.443311 2530.113988 2564.591987 2341.817238 0 0 0 0 0 0 0 0 0 0 0 0 0 0 0 0 0 0 0 0 0 0 0 0 0 0 0 0 0 0 
0 0 0 0 0 0 0 0 0 0 0 0 0 0 0 0 0 0 0 0 0 0 0 0 0 0 0 0 0 0 559.4492528 515.068409 608.4943643 768.6712317 963.1550878 1146.516073 1373.074621 1537.230386 1701.296114 1797.089264 1880.228386 1926.125693 1944.631893 1971.232311 1961.840776 2000.786946 2011.632418 2007.488164 2007.583515 2019.77271 2027.253884 2032.558956 2022.549539 2058.17826 2070.22245 2070.826756 2111.949072 2159.202352 2199.404157 2259.494544 2334.001152 2366.920372 2403.988988 2443.684739 2469.640694 2486.17049 2522.891431 2543.122714 2574.305898 2354.479315 0 0 0 0 0 0 0 0 0 0 0 0 0 0 0 0 0 0 0 0 0 0 0 0 0 0 0 0 0 0 
0 0 0 0 0 0 0 0 0 0 0 0 0 0 0 0 0 0 0 0 0 0 0 0 0 0 0 0 0 0 560.5803439 509.5435235 613.6605699 775.5923042 960.2161945 1157.50978 1360.737784 1541.366918 1707.363796 1803.749524 1878.045672 1917.828921 1932.73582 1957.04368 1967.239519 1999.947677 2011.163603 1991.452159 2010.949491 2013.266533 2023.415538 2013.786344 2026.898334 2053.142256 2078.825931 2068.45817 2101.190051 2164.171558 2189.845019 2281.541752 2327.3633 2360.091047 2412.630097 2431.894146 2469.694571 2499.857236 2515.676461 2536.891409 2558.559345 2359.860271 0 0 0 0 0 0 0 0 0 0 0 0 0 0 0 0 0 0 0 0 0 0 0 0 0 0 0 0 0 0 
0 0 0 0 0 0 0 0 0 0 0 0 0 0 0 0 0 0 0 0 0 0 0 0 0 0 0 0 0 0 563.8605683 505.5773237 614.3853838 778.1086928 962.2175753 1175.56051 1342.978145 1560.253476 1706.944629 1809.317031 1876.368034 1931.841607 1943.651574 1942.735346 1978.07199 1988.685666 2011.264542 1995.580946 2020.046675 2002.181972 2012.931603 2003.90287 2032.35317 2063.22166 2076.055129 2081.177423 2094.171045 2163.728137 2181.644733 2273.953918 2322.685543 2359.190682 2395.763524 2426.768685 2465.167498 2489.737653 2531.255551 2554.002236 2561.612065 2352.656083 0 0 0 0 0 0 0 0 0 0 0 0 0 0 0 0 0 0 0 0 0 0 0 0 0 0 0 0 0 0 
0 0 0 0 0 0 0 0 0 0 0 0 0 0 0 0 0 0 0 0 0 0 0 0 0 0 0 0 0 0 568.3391298 518.3779561 622.5974535 777.4447527 963.6794632 1170.07094 1360.482297 1544.033343 1713.681961 1814.844302 1890.721492 1927.585701 1941.84056 1949.740007 1960.543667 1991.98874 2019.961236 2011.035542 2006.807051 2006.863229 2015.356062 2037.232255 2030.839119 2051.478421 2057.33962 2075.080766 2111.256219 2153.373521 2190.963388 2269.979099 2338.936585 2358.898707 2397.957899 2428.637753 2457.517453 2517.195379 2508.967798 2537.311685 2562.207377 2354.261949 0 0 0 0 0 0 0 0 0 0 0 0 0 0 0 0 0 0 0 0 0 0 0 0 0 0 0 0 0 0 
0 0 0 0 0 0 0 0 0 0 0 0 0 0 0 0 0 0 0 0 0 0 0 0 0 0 0 0 0 0 564.8741965 512.3347449 614.4067934 779.6446628 959.7111204 1163.067033 1368.394571 1559.875784 1709.939746 1814.775795 1879.887402 1928.307771 1938.464455 1959.458618 1976.673921 1996.67098 2016.580938 2002.089396 2007.313276 2031.225045 2010.133256 2013.920591 2038.545806 2056.667239 2066.619687 2076.528636 2093.944266 2164.516423 2190.087173 2269.701214 2315.105456 2363.972397 2396.563832 2445.800803 2468.191262 2496.39162 2514.331473 2548.81701 2545.897111 2347.141958 0 0 0 0 0 0 0 0 0 0 0 0 0 0 0 0 0 0 0 0 0 0 0 0 0 0 0 0 0 0 
0 0 0 0 0 0 0 0 0 0 0 0 0 0 0 0 0 0 0 0 0 0 0 0 0 0 0 0 0 0 564.5084118 512.1059776 612.9733819 771.0181086 964.5413163 1157.403433 1363.732473 1557.749111 1707.292219 1810.023726 1878.029262 1931.201455 1949.347026 1944.671699 1972.53321 2002.71337 2017.50464 1998.280849 2019.065675 2017.595776 2025.95404 2039.380278 2026.268642 2053.620945 2069.095744 2073.306415 2100.623568 2150.855705 2209.336538 2256.034547 2322.676314 2362.046504 2393.919673 2432.958232 2464.889864 2495.721628 2523.507897 2553.503154 2559.581627 2352.928622 0 0 0 0 0 0 0 0 0 0 0 0 0 0 0 0 0 0 0 0 0 0 0 0 0 0 0 0 0 0 
0 0 0 0 0 0 0 0 0 0 0 0 0 0 0 0 0 0 0 0 0 0 0 0 0 0 0 0 0 0 559.5869443 505.9177562 605.9726223 779.5286325 961.1530418 1164.574813 1357.107183 1549.774492 1702.273189 1814.272637 1889.45308 1933.529928 1943.035076 1960.198608 1974.502028 1999.897604 2011.132483 2006.757998 2020.591174 2016.13901 2021.377935 2022.202619 2014.162574 2045.01818 2056.950494 2066.234209 2115.85854 2155.614635 2188.216587 2258.30644 2332.349709 2364.366059 2375.265567 2435.174759 2465.528765 2498.292118 2511.205708 2552.903063 2578.725663 2350.835329 0 0 0 0 0 0 0 0 0 0 0 0 0 0 0 0 0 0 0 0 0 0 0 0 0 0 0 0 0 0 
0 0 0 0 0 0 0 0 0 0 0 0 0 0 0 0 0 0 0 0 0 0 0 0 0 0 0 0 0 0 559.36258 498.5704147 614.0248981 775.801084 962.9965487 1164.266979 1345.453129 1550.657235 1701.859241 1813.42825 1877.340768 1921.96884 1946.771344 1961.831828 1982.88156 2001.202597 1996.644214 2012.246242 2022.461961 2008.319461 2023.254094 2029.41605 2040.392804 2054.86916 2076.037086 2081.262824 2096.090547 2161.277931 2192.955761 2279.072 2328.807909 2369.097431 2395.843475 2444.167465 2457.589931 2488.336767 2510.277113 2534.369074 2557.119363 2356.137611 0 0 0 0 0 0 0 0 0 0 0 0 0 0 0 0 0 0 0 0 0 0 0 0 0 0 0 0 0 0 
0 0 0 0 0 0 0 0 0 0 0 0 0 0 0 0 0 0 0 0 0 0 0 0 0 0 0 0 0 0 566.1705427 504.7241259 618.1205306 771.8582632 966.2040604 1170.154637 1369.403383 1549.084583 1700.000005 1799.318747 1875.890057 1916.495297 1960.563226 1949.25159 1976.386425 2002.941012 2008.719838 2016.356903 2021.042886 1992.125482 2028.08486 2017.404408 2031.458281 2055.566928 2060.194564 2081.097139 2106.713375 2154.114127 2188.891795 2274.638296 2334.834308 2369.034498 2391.852245 2445.976726 2450.222202 2503.099236 2521.268844 2545.957652 2561.274969 2360.537229 0 0 0 0 0 0 0 0 0 0 0 0 0 0 0 0 0 0 0 0 0 0 0 0 0 0 0 0 0 0 
0 0 0 0 0 0 0 0 0 0 0 0 0 0 0 0 0 0 0 0 0 0 0 0 0 0 0 0 0 0 550.2777914 509.4327296 609.4570687 781.4336816 955.2016526 1164.877754 1359.225415 1545.804012 1693.948096 1807.871583 1889.503546 1935.602098 1945.19799 1952.309697 1966.125072 1999.398723 2002.443733 1995.967988 2017.406236 2012.907005 2015.981768 2025.380713 2030.876798 2066.31662 2070.078748 2076.223148 2102.343533 2147.500185 2183.373342 2275.842136 2337.927252 2366.195504 2406.54414 2443.48841 2460.141609 2505.903068 2518.522138 2532.628905 2564.907476 2336.34605 0 0 0 0 0 0 0 0 0 0 0 0 0 0 0 0 0 0 0 0 0 0 0 0 0 0 0 0 0 0 
0 0 0 0 0 0 0 0 0 0 0 0 0 0 0 0 0 0 0 0 0 0 0 0 0 0 0 0 0 0 557.0404271 511.8474326 617.5057276 779.565085 953.0362746 1164.081107 1359.530665 1559.430644 1712.504752 1807.491576 1868.85083 1929.417808 1953.779947 1958.817486 1976.008244 1992.156912 1999.678659 1993.990111 2006.908228 2012.250032 2042.307902 2034.236794 2032.899004 2049.331725 2059.741554 2073.31893 2114.320974 2160.431915 2188.920918 2262.841714 2322.451997 2368.70327 2387.77178 2447.345087 2470.095848 2506.024722 2531.615781 2548.345049 2564.605325 2367.091076 0 0 0 0 0 0 0 0 0 0 0 0 0 0 0 0 0 0 0 0 0 0 0 0 0 0 0 0 0 0 
0 0 0 0 0 0 0 0 0 0 0 0 0 0 0 0 0 0 0 0 0 0 0 0 0 0 0 0 0 0 568.5936911 515.5836505 606.9252641 782.7349931 961.3911065 1159.234221 1358.408487 1546.246658 1694.921342 1808.968512 1880.103917 1931.169443 1945.830513 1949.984087 1967.058215 2003.810813 2012.463361 2007.079081 2019.667928 2012.633535 2028.40926 2029.821111 2039.44248 2055.790142 2085.968157 2082.098695 2111.404412 2169.631329 2188.153954 2285.136461 2344.372377 2363.145923 2401.364167 2441.068272 2465.36959 2492.181654 2519.098878 2539.94562 2559.085231 2361.505219 0 0 0 0 0 0 0 0 0 0 0 0 0 0 0 0 0 0 0 0 0 0 0 0 0 0 0 0 0 0 
0 0 0 0 0 0 0 0 0 0 0 0 0 0 0 0 0 0 0 0 0 0 0 0 0 0 0 0 0 0 572.7114525 518.8635883 606.5011264 765.1395487 962.7187922 1170.727725 1374.728742 1556.261558 1696.660421 1823.020127 1883.101748 1942.924917 1957.458794 1966.080128 1976.544395 1997.676213 2003.323035 2014.166861 2008.28851 2015.843627 2024.169632 2021.969413 2020.673405 2060.138043 2081.927171 2075.788581 2089.543283 2156.213756 2187.18392 2276.61785 2329.402226 2360.4373 2403.552774 2437.305333 2462.921068 2499.371318 2511.024526 2529.819221 2554.909553 2372.257803 0 0 0 0 0 0 0 0 0 0 0 0 0 0 0 0 0 0 0 0 0 0 0 0 0 0 0 0 0 0 
0 0 0 0 0 0 0 0 0 0 0 0 0 0 0 0 0 0 0 0 0 0 0 0 0 0 0 0 0 0 555.4060984 519.2182622 612.9424883 771.7679468 969.538897 1164.652399 1362.595744 1557.409662 1701.300839 1810.34797 1881.080982 1939.440298 1941.167087 1958.412936 1994.936286 2001.663025 2015.173578 2005.663037 2024.872422 2014.113267 2020.157376 2020.629868 2047.133295 2039.254261 2066.723725 2071.562548 2118.981889 2154.922967 2197.650371 2278.579098 2334.310947 2382.3162 2407.585522 2438.022425 2461.976711 2503.415438 2518.62772 2555.219996 2548.000931 2364.032452 0 0 0 0 0 0 0 0 0 0 0 0 0 0 0 0 0 0 0 0 0 0 0 0 0 0 0 0 0 0 
0 0 0 0 0 0 0 0 0 0 0 0 0 0 0 0 0 0 0 0 0 0 0 0 0 0 0 0 0 0 567.8057492 517.0295195 603.5298657 776.8623452 966.5956266 1154.437421 1359.478403 1558.052229 1705.498217 1814.321157 1886.167219 1931.085302 1957.409685 1957.547229 1970.545522 2006.548453 2000.77371 2007.015556 2012.06296 2018.276893 2018.396372 2032.315735 2015.714069 2055.535023 2058.403849 2068.637993 2108.345648 2156.306788 2185.970639 2267.10293 2341.97468 2355.316691 2410.004846 2436.395658 2468.162999 2508.767225 2513.153489 2540.62179 2549.103227 2363.541148 0 0 0 0 0 0 0 0 0 0 0 0 0 0 0 0 0 0 0 0 0 0 0 0 0 0 0 0 0 0 
0 0 0 0 0 0 0 0 0 0 0 0 0 0 0 0 0 0 0 0 0 0 0 0 0 0 0 0 0 0 562.5777804 507.519753 610.468514 765.4691955 952.4681997 1162.881217 1365.713086 1549.226594 1696.706521 1794.864356 1889.038029 1928.566411 1937.624481 1960.10171 1980.859165 2000.217781 2020.913416 2017.405612 2002.312356 2012.292159 2025.158386 2023.573723 2033.251158 2056.494172 2073.98597 2094.881306 2104.599088 2168.841432 2210.762908 2284.574853 2318.952776 2356.884986 2406.723628 2441.132423 2459.55142 2510.433607 2512.675462 2542.455709 2571.262653 2346.851458 0 0 0 0 0 0 0 0 0 0 0 0 0 0 0 0 0 0 0 0 0 0 0 0 0 0 0 0 0 0 
0 0 0 0 0 0 0 0 0 0 0 0 0 0 0 0 0 0 0 0 0 0 0 0 0 0 0 0 0 0 563.1240142 514.0224014 613.3316481 774.3897195 957.4864776 1159.612106 1359.752804 1552.317604 1697.379016 1811.349499 1882.66114 1932.531188 1948.338209 1958.730803 1967.531976 2001.637504 2001.889205 2012.71771 2020.853704 2019.555636 2031.317904 2028.375181 2033.084978 2056.847896 2065.984334 2079.530702 2106.837588 2161.062724 2192.989981 2279.671513 2348.826011 2373.122891 2403.466327 2444.613795 2470.603824 2506.025755 2517.120074 2563.591072 2565.949112 2383.739731 0 0 0 0 0 0 0 0 0 0 0 0 0 0 0 0 0 0 0 0 0 0 0 0 0 0 0 0 0 0 
0 0 0 0 0 0 0 0 0 0 0 0 0 0 0 0 0 0 0 0 0 0 0 0 0 0 0 0 0 0 560.2348419 512.8239175 606.2355717 759.5267286 956.0316971 1155.606613 1375.188275 1558.962472 1695.35209 1810.855231 1892.080639 1930.599201 1956.239473 1944.18499 1982.056977 2002.821877 2004.145389 2013.432038 2004.179869 2020.53925 2011.434439 2025.915186 2024.483341 2056.92963 2066.765917 2084.611035 2102.929382 2149.002795 2193.962593 2278.6616 2325.98703 2370.228746 2393.235483 2446.630552 2468.439251 2504.87358 2517.228784 2541.941431 2577.330267 2357.043209 0 0 0 0 0 0 0 0 0 0 0 0 0 0 0 0 0 0 0 0 0 0 0 0 0 0 0 0 0 0 
0 0 0 0 0 0 0 0 0 0 0 0 0 0 0 0 0 0 0 0 0 0 0 0 0 0 0 0 0 0 555.0624239 525.4555942 605.5345144 767.2791285 952.9282943 1160.681605 1356.68378 1553.518131 1699.572383 1810.371839 1882.116107 1907.576378 1966.161978 1968.432235 1962.770023 1994.238189 2018.811456 2013.818876 2001.92591 2017.462323 2022.058586 2037.875514 2034.000008 2069.9024 2069.303591 2084.251203 2105.675615 2160.804461 2201.484472 2289.790255 2323.330123 2370.400308 2397.759933 2441.649306 2450.826918 2524.27938 2514.046416 2543.415169 2572.245429 2366.975316 0 0 0 0 0 0 0 0 0 0 0 0 0 0 0 0 0 0 0 0 0 0 0 0 0 0 0 0 0 0 
0 0 0 0 0 0 0 0 0 0 0 0 0 0 0 0 0 0 0 0 0 0 0 0 0 0 0 0 0 0 560.5847783 511.3716345 609.9060073 783.1615237 963.8186234 1165.696062 1353.243916 1548.97133 1713.797736 1816.711954 1880.045007 1924.244714 1946.404814 1942.864098 1978.62321 2016.113727 2020.348198 2005.805413 2009.942347 2018.05008 2024.168931 2031.928087 2037.338587 2056.919242 2069.499943 2080.049824 2111.394183 2170.041345 2210.210773 2282.884134 2323.817879 2357.918111 2399.212843 2443.218443 2462.425114 2512.579957 2518.191868 2551.312697 2548.35 2356.977343 0 0 0 0 0 0 0 0 0 0 0 0 0 0 0 0 0 0 0 0 0 0 0 0 0 0 0 0 0 0 
0 0 0 0 0 0 0 0 0 0 0 0 0 0 0 0 0 0 0 0 0 0 0 0 0 0 0 0 0 0 545.05164 507.6456006 607.3341726 782.4943178 966.5733187 1165.487408 1373.269288 1559.828126 1704.869101 1810.279453 1883.535575 1929.077136 1950.779198 1942.027822 1984.725077 1978.462878 2007.823674 2014.685138 2009.678978 2025.119993 2018.741285 2028.695168 2029.36672 2056.396328 2080.322297 2073.521826 2107.358398 2177.653568 2172.792763 2268.743753 2324.977707 2367.822671 2395.266834 2441.728115 2478.696499 2497.167094 2522.23036 2538.990962 2551.211365 2359.696761 0 0 0 0 0 0 0 0 0 0 0 0 0 0 0 0 0 0 0 0 0 0 0 0 0 0 0 0 0 0 
0 0 0 0 0 0 0 0 0 0 0 0 0 0 0 0 0 0 0 0 0 0 0 0 0 0 0 0 0 0 555.5527957 509.5702855 613.2082913 781.300351 959.2013608 1167.405888 1366.144659 1543.555751 1710.431056 1797.367774 1887.830139 1924.818592 1941.037581 1966.904153 1977.136515 1988.658258 2007.136846 2010.39099 1999.498084 2019.627208 2030.763213 2028.540874 2023.284392 2052.042938 2064.183243 2078.133643 2119.982227 2161.055457 2181.096925 2277.179058 2328.380494 2364.394301 2394.625064 2426.771258 2448.712078 2503.909366 2510.649006 2541.188308 2552.297278 2346.784209 0 0 0 0 0 0 0 0 0 0 0 0 0 0 0 0 0 0 0 0 0 0 0 0 0 0 0 0 0 0 
0 0 0 0 0 0 0 0 0 0 0 0 0 0 0 0 0 0 0 0 0 0 0 0 0 0 0 0 0 0 564.0352682 510.0619555 610.6907929 764.5196525 964.7241894 1166.479536 1360.331962 1553.693532 1700.90014 1828.554427 1873.252949 1923.667952 1943.849791 1957.811023 1976.14709 1999.059661 2005.844114 2005.325256 2011.246677 2027.632907 2026.517722 2013.76056 2037.238973 2063.958528 2050.912081 2081.275536 2106.917434 2142.807877 2179.547485 2272.318845 2325.757056 2362.668001 2405.73776 2445.622928 2459.803436 2502.184934 2503.922116 2546.369098 2564.313323 2352.821769 0 0 0 0 0 0 0 0 0 0 0 0 0 0 0 0 0 0 0 0 0 0 0 0 0 0 0 0 0 0 
0 0 0 0 0 0 0 0 0 0 0 0 0 0 0 0 0 0 0 0 0 0 0 0 0 0 0 0 0 0 554.1105373 509.4419075 619.8285197 768.1478462 959.3466746 1153.822397 1360.785346 1555.551159 1697.605864 1817.505223 1863.509129 1915.680805 1948.247921 1954.049327 1975.377132 1992.189043 2016.099048 2006.822191 2015.891785 2004.807045 2024.957634 2029.353152 2023.173754 2040.438833 2056.632205 2061.665633 2093.69686 2148.514682 2184.888466 2245.473937 2321.597833 2340.189638 2389.756397 2428.032461 2447.420713 2485.607858 2499.015954 2540.666138 2548.715038 2349.598286 0 0 0 0 0 0 0 0 0 0 0 0 0 0 0 0 0 0 0 0 0 0 0 0 0 0 0 0 0 0 
0 0 0 0 0 0 0 0 0 0 0 0 0 0 0 0 0 0 0 0 0 0 0 0 0 0 0 0 0 0 549.9551638 508.9228317 610.3899157 761.6518712 949.9806505 1161.72428 1346.819108 1540.388205 1700.37277 1794.155633 1866.575472 1922.170978 1935.403868 1943.320097 1959.574604 1987.82801 1985.115824 2007.580197 1996.109299 2007.422963 2024.104766 2030.424516 2012.832501 2062.058641 2059.905166 2071.17359 2102.315258 2156.111289 2197.406371 2271.841294 2322.331993 2348.07592 2373.400673 2427.805974 2459.276071 2484.756833 2491.559337 2531.592142 2557.799386 2345.816375 0 0 0 0 0 0 0 0 0 0 0 0 0 0 0 0 0 0 0 0 0 0 0 0 0 0 0 0 0 0 
0 0 0 0 0 0 0 0 0 0 0 0 0 0 0 0 0 0 0 0 0 0 0 0 0 0 0 0 0 0 544.8561926 502.6606077 612.9800775 765.3802807 944.0513982 1152.265183 1365.888193 1536.897875 1689.88771 1808.658219 1868.199758 1907.755597 1928.882465 1955.140945 1973.237902 1978.075604 1989.747119 1987.544354 2009.768358 2006.84919 1999.616727 2018.012905 2020.784683 2040.308507 2050.363995 2059.407978 2086.664006 2148.507928 2183.037961 2251.523297 2305.482119 2346.151643 2381.946367 2433.81263 2449.007502 2481.176359 2506.245192 2536.744087 2541.361597 2356.212698 0 0 0 0 0 0 0 0 0 0 0 0 0 0 0 0 0 0 0 0 0 0 0 0 0 0 0 0 0 0 
0 0 0 0 0 0 0 0 0 0 0 0 0 0 0 0 0 0 0 0 0 0 0 0 0 0 0 0 0 0 555.6101197 512.5363914 600.8764753 757.3040339 951.3628273 1151.835302 1345.348584 1539.784001 1689.936998 1801.821459 1875.394178 1914.596711 1939.919901 1946.412955 1969.072611 1988.805038 1992.762455 1997.969181 1993.542207 1992.150557 2003.05311 2008.460391 2016.214944 2051.40798 2050.65602 2064.90676 2077.440537 2149.372808 2171.389923 2244.636723 2326.575165 2351.383328 2370.728102 2405.108155 2439.723629 2488.093759 2491.629889 2522.115285 2553.291034 2332.198936 0 0 0 0 0 0 0 0 0 0 0 0 0 0 0 0 0 0 0 0 0 0 0 0 0 0 0 0 0 0 
0 0 0 0 0 0 0 0 0 0 0 0 0 0 0 0 0 0 0 0 0 0 0 0 0 0 0 0 0 0 556.6000031 496.4912586 607.1893835 768.0362627 954.7831295 1152.448079 1357.71666 1539.143677 1699.392297 1806.181918 1861.222194 1916.301041 1929.390801 1933.888127 1977.215757 1989.290116 1974.123896 2001.012123 2009.015299 1998.358178 2005.128653 2008.264357 2006.400276 2051.918788 2056.341322 2066.20497 2087.733216 2138.337668 2169.937799 2264.397028 2317.351892 2337.293415 2369.486773 2415.706228 2456.158666 2489.255626 2503.046735 2518.861011 2535.161882 2344.015677 0 0 0 0 0 0 0 0 0 0 0 0 0 0 0 0 0 0 0 0 0 0 0 0 0 0 0 0 0 0 
0 0 0 0 0 0 0 0 0 0 0 0 0 0 0 0 0 0 0 0 0 0 0 0 0 0 0 0 0 0 559.3763713 499.0974607 613.5838366 764.7317433 960.2695105 1158.892437 1353.248961 1528.083596 1686.004326 1793.721488 1875.038383 1919.5479 1931.754528 1938.076727 1951.39418 1983.945509 1988.40961 2004.492643 1996.17899 2000.832689 1999.589229 2012.500307 2011.485128 2047.281838 2064.383826 2049.459592 2092.547525 2145.510865 2172.840522 2267.1265 2311.366086 2338.290844 2379.106719 2421.465668 2459.680337 2467.85703 2502.13625 2516.924154 2555.405765 2337.087222 0 0 0 0 0 0 0 0 0 0 0 0 0 0 0 0 0 0 0 0 0 0 0 0 0 0 0 0 0 0 
0 0 0 0 0 0 0 0 0 0 0 0 0 0 0 0 0 0 0 0 0 0 0 0 0 0 0 0 0 0 552.2462016 500.2488337 606.4937986 761.3743478 949.4536119 1163.597239 1352.587973 1537.537256 1695.935901 1795.060712 1870.508946 1910.387811 1942.959328 1931.54696 1973.384048 1992.513277 1993.357188 2004.505212 1993.626229 1993.484552 2011.559223 2019.682517 2012.828091 2043.026857 2044.080587 2069.948729 2089.4108 2146.470325 2189.476104 2242.041175 2307.339159 2354.966364 2379.963365 2408.39978 2442.43417 2474.093045 2491.479608 2523.357785 2539.800937 2339.484651 0 0 0 0 0 0 0 0 0 0 0 0 0 0 0 0 0 0 0 0 0 0 0 0 0 0 0 0 0 0 
0 0 0 0 0 0 0 0 0 0 0 0 0 0 0 0 0 0 0 0 0 0 0 0 0 0 0 0 0 0 558.0891456 501.5601946 607.973658 755.4473884 948.9140449 1143.642765 1354.499198 1544.513633 1687.997514 1801.265933 1874.145657 1898.629627 1938.05198 1939.62535 1970.409346 1980.831817 2003.834747 1975.921118 1993.163541 1993.329915 2007.097397 2013.363442 2016.279339 2039.410508 2051.104169 2058.626476 2087.723681 2148.261324 2153.631976 2264.309128 2306.794191 2344.733712 2383.157072 2432.376078 2440.94718 2488.137844 2481.739168 2525.695018 2551.122252 2346.236015 0 0 0 0 0 0 0 0 0 0 0 0 0 0 0 0 0 0 0 0 0 0 0 0 0 0 0 0 0 0 
0 0 0 0 0 0 0 0 0 0 0 0 0 0 0 0 0 0 0 0 0 0 0 0 0 0 0 0 0 0 565.4947965 511.1123542 617.6794686 769.3308073 955.1996844 1155.254217 1344.210164 1534.16797 1684.829262 1803.445395 1867.143981 1899.518968 1932.687401 1941.828383 1967.640386 1982.919725 2002.314811 1981.054029 2004.157957 1992.117718 2005.564266 2010.192544 2022.392174 2028.834418 2065.158913 2072.007648 2096.473128 2146.868895 2165.289084 2266.391807 2320.492285 2346.076555 2397.008983 2413.117804 2434.17315 2482.128334 2495.1461 2532.564142 2538.849069 2336.020639 0 0 0 0 0 0 0 0 0 0 0 0 0 0 0 0 0 0 0 0 0 0 0 0 0 0 0 0 0 0 
0 0 0 0 0 0 0 0 0 0 0 0 0 0 0 0 0 0 0 0 0 0 0 0 0 0 0 0 0 0 556.610665 498.7232597 599.494023 754.1887299 947.0829261 1146.845735 1341.738795 1533.449049 1679.878995 1793.413426 1864.866011 1907.748166 1935.066975 1933.749186 1962.208134 1973.04169 1986.883186 1983.385822 1987.195244 2000.288164 2001.106522 2012.580703 2019.936907 2045.912125 2052.757639 2053.934879 2091.697706 2137.70469 2176.712098 2255.590951 2293.87568 2331.335395 2375.240484 2418.415235 2440.989324 2495.296113 2513.822699 2511.958737 2542.828492 2333.572201 0 0 0 0 0 0 0 0 0 0 0 0 0 0 0 0 0 0 0 0 0 0 0 0 0 0 0 0 0 0 
0 0 0 0 0 0 0 0 0 0 0 0 0 0 0 0 0 0 0 0 0 0 0 0 0 0 0 0 0 0 551.1524844 509.0395076 608.51771 760.2297214 949.0061107 1162.328338 1346.440911 1534.680964 1676.138616 1792.763266 1882.235265 1906.64618 1961.056471 1942.573725 1946.313863 1986.741018 1994.27083 2000.938406 1998.808158 2003.470994 2011.182954 2027.553101 2017.833224 2053.659538 2054.013444 2073.284352 2076.444859 2126.47301 2185.187055 2253.636369 2312.148987 2341.304737 2384.844568 2425.38726 2446.580794 2487.109766 2501.911353 2526.052416 2526.595619 2327.629681 0 0 0 0 0 0 0 0 0 0 0 0 0 0 0 0 0 0 0 0 0 0 0 0 0 0 0 0 0 0 
0 0 0 0 0 0 0 0 0 0 0 0 0 0 0 0 0 0 0 0 0 0 0 0 0 0 0 0 0 0 554.3240126 515.0179352 604.4806485 771.5688954 945.9529747 1151.453502 1355.95514 1542.249833 1698.50024 1801.197985 1867.706654 1907.219645 1938.418629 1938.147257 1963.04358 1974.846098 1990.46794 1979.722668 1990.785867 1988.010375 2003.917659 2004.590502 2012.541976 2035.14092 2067.215066 2061.83691 2094.717499 2138.60911 2169.792987 2238.484359 2308.403767 2329.363232 2381.813445 2422.011042 2444.582955 2483.71559 2504.090692 2518.972883 2548.38919 2339.325428 0 0 0 0 0 0 0 0 0 0 0 0 0 0 0 0 0 0 0 0 0 0 0 0 0 0 0 0 0 0 
0 0 0 0 0 0 0 0 0 0 0 0 0 0 0 0 0 0 0 0 0 0 0 0 0 0 0 0 0 0 561.7309678 494.5126001 603.6497181 761.5736718 957.6737542 1165.129581 1340.905584 1531.224108 1686.269876 1803.876026 1867.38131 1914.096837 1925.679555 1932.175852 1962.635094 1968.780396 1988.227528 1987.606741 2002.704963 2004.303587 1990.403848 2023.77854 2008.268899 2048.609571 2060.424626 2068.569435 2089.511427 2142.517676 2173.246662 2265.634545 2313.113516 2343.787693 2378.767137 2424.861079 2449.001765 2480.46834 2493.045874 2514.376813 2554.694753 2335.730145 0 0 0 0 0 0 0 0 0 0 0 0 0 0 0 0 0 0 0 0 0 0 0 0 0 0 0 0 0 0 
0 0 0 0 0 0 0 0 0 0 0 0 0 0 0 0 0 0 0 0 0 0 0 0 0 0 0 0 0 0 554.3290555 508.3399987 601.8780076 762.2118318 945.2885524 1149.252982 1347.713841 1537.395178 1689.798359 1806.112856 1874.856296 1901.329396 1934.144647 1939.767035 1963.560564 1979.272361 1999.398724 1994.325227 2003.460283 1995.001045 1997.217255 2019.047174 2005.309975 2025.983832 2055.64605 2063.452099 2089.029145 2146.329396 2164.029686 2262.945945 2316.987997 2339.234276 2383.615629 2418.744915 2451.092009 2488.115041 2484.736259 2524.739095 2545.791173 2340.831974 0 0 0 0 0 0 0 0 0 0 0 0 0 0 0 0 0 0 0 0 0 0 0 0 0 0 0 0 0 0 
0 0 0 0 0 0 0 0 0 0 0 0 0 0 0 0 0 0 0 0 0 0 0 0 0 0 0 0 0 0 559.0844819 499.5604986 596.1024512 759.5763135 957.0573706 1147.266023 1350.601086 1560.445687 1688.576325 1808.695948 1868.908679 1912.53819 1915.061368 1930.036128 1950.30932 1982.169668 1997.854111 1993.15124 2001.605908 1996.50241 2007.892584 2003.139595 2007.76763 2038.200299 2045.211443 2060.009856 2087.775493 2153.688875 2171.01748 2252.924278 2306.075949 2344.280803 2388.742273 2409.232252 2438.453704 2475.950408 2508.673697 2530.00799 2542.058124 2318.451376 0 0 0 0 0 0 0 0 0 0 0 0 0 0 0 0 0 0 0 0 0 0 0 0 0 0 0 0 0 0 
0 0 0 0 0 0 0 0 0 0 0 0 0 0 0 0 0 0 0 0 0 0 0 0 0 0 0 0 0 0 555.8588402 494.291233 603.7001999 777.471203 954.9000182 1151.606381 1353.258084 1537.41929 1697.67936 1796.901883 1869.729041 1929.925571 1926.77439 1950.153614 1961.567601 1980.544622 1995.781489 1992.930668 2011.632302 1995.637516 1992.598188 2012.954651 2020.097909 2047.394722 2050.398649 2060.425183 2092.876961 2157.469861 2177.748442 2258.288514 2302.443228 2341.854688 2390.31409 2422.124957 2453.319799 2479.050115 2497.773929 2540.164872 2535.910133 2346.31391 0 0 0 0 0 0 0 0 0 0 0 0 0 0 0 0 0 0 0 0 0 0 0 0 0 0 0 0 0 0 
0 0 0 0 0 0 0 0 0 0 0 0 0 0 0 0 0 0 0 0 0 0 0 0 0 0 0 0 0 0 554.6726974 511.8917337 606.8167924 777.7733889 948.8836417 1161.362747 1362.48077 1554.437511 1695.916112 1804.76576 1882.205364 1921.145159 1938.38353 1950.549661 1963.635399 1991.583534 2000.71419 1992.318203 2005.79907 2005.532459 2003.328173 2012.389315 2039.500653 2041.938361 2058.535573 2063.311255 2091.086015 2148.835125 2187.116491 2237.146635 2310.37475 2345.726892 2365.350598 2402.704565 2445.232551 2502.068703 2500.607309 2519.19758 2557.170382 2347.303163 0 0 0 0 0 0 0 0 0 0 0 0 0 0 0 0 0 0 0 0 0 0 0 0 0 0 0 0 0 0 
0 0 0 0 0 0 0 0 0 0 0 0 0 0 0 0 0 0 0 0 0 0 0 0 0 0 0 0 0 0 560.0268621 505.3881214 601.6876472 778.5305519 951.934428 1162.503854 1353.550827 1547.077932 1695.000912 1805.901937 1883.664242 1934.192771 1926.601316 1945.722754 1956.737551 1986.815625 2006.902196 2008.163775 1999.981319 2004.846424 2030.34094 2036.692669 2032.019008 2044.890767 2065.786005 2068.478168 2096.291642 2149.869452 2195.236352 2260.55933 2301.350841 2346.796542 2394.605816 2424.796779 2457.637902 2509.764732 2505.725429 2525.140359 2546.276928 2354.027803 0 0 0 0 0 0 0 0 0 0 0 0 0 0 0 0 0 0 0 0 0 0 0 0 0 0 0 0 0 0 
0 0 0 0 0 0 0 0 0 0 0 0 0 0 0 0 0 0 0 0 0 0 0 0 0 0 0 0 0 0 555.7932529 511.4053399 600.8956537 768.4919508 964.2492443 1150.150374 1364.983598 1555.832238 1690.719077 1816.120068 1874.265624 1923.474015 1941.541104 1954.844963 1963.181542 1998.781193 2000.850814 2006.991487 2028.313337 2000.364404 2014.499656 2029.912895 2037.057476 2055.453775 2073.540724 2074.880683 2099.718807 2156.217041 2184.651359 2275.647082 2328.481662 2362.379166 2385.498369 2437.494395 2453.428782 2513.825467 2515.781611 2539.390506 2547.019576 2359.374313 0 0 0 0 0 0 0 0 0 0 0 0 0 0 0 0 0 0 0 0 0 0 0 0 0 0 0 0 0 0 
0 0 0 0 0 0 0 0 0 0 0 0 0 0 0 0 0 0 0 0 0 0 0 0 0 0 0 0 0 0 565.9459244 505.6984999 613.4817449 767.390975 951.6430804 1168.344291 1367.250831 1558.615994 1699.017093 1817.26435 1871.974375 1927.904081 1949.899469 1949.719915 1971.594348 2002.122358 1998.640093 2004.939188 2015.603445 2018.336519 2028.042927 2017.150721 2031.219282 2061.747455 2065.991666 2077.348114 2095.520341 2168.181981 2178.400946 2280.172778 2318.22939 2351.781552 2392.254487 2420.306101 2466.050641 2504.367216 2516.333211 2551.584768 2552.766932 2347.704478 0 0 0 0 0 0 0 0 0 0 0 0 0 0 0 0 0 0 0 0 0 0 0 0 0 0 0 0 0 0 
0 0 0 0 0 0 0 0 0 0 0 0 0 0 0 0 0 0 0 0 0 0 0 0 0 0 0 0 0 0 561.7211347 517.1942807 615.4060893 769.1969271 954.1476867 1152.091289 1362.128138 1551.474494 1703.954481 1815.67783 1896.075617 1932.107857 1947.348302 1945.819963 1979.239417 1995.105579 2021.984131 1994.29828 2011.788087 2002.753316 2021.639855 2017.436832 2021.450647 2058.520643 2075.919764 2080.489789 2106.467323 2171.407736 2195.508967 2282.911246 2335.119979 2361.892884 2394.27189 2441.551498 2457.697611 2505.14685 2523.307477 2548.837142 2569.908705 2366.869176 0 0 0 0 0 0 0 0 0 0 0 0 0 0 0 0 0 0 0 0 0 0 0 0 0 0 0 0 0 0 
0 0 0 0 0 0 0 0 0 0 0 0 0 0 0 0 0 0 0 0 0 0 0 0 0 0 0 0 0 0 553.2615282 516.3939425 600.720065 774.0518712 961.0177394 1148.405312 1361.177468 1541.650902 1693.235421 1808.740476 1883.350387 1936.258667 1954.962298 1953.862793 1992.023662 1990.06001 2015.431677 2014.172439 2016.351418 2013.240325 2018.421068 2021.334123 2032.797096 2069.49526 2067.276294 2080.24952 2101.810917 2158.734219 2207.749117 2285.843898 2337.660922 2366.713672 2404.305409 2435.714444 2470.1766 2508.265438 2520.907046 2538.878596 2568.300249 2364.465838 0 0 0 0 0 0 0 0 0 0 0 0 0 0 0 0 0 0 0 0 0 0 0 0 0 0 0 0 0 0 
0 0 0 0 0 0 0 0 0 0 0 0 0 0 0 0 0 0 0 0 0 0 0 0 0 0 0 0 0 0 548.281462 508.1895642 616.554944 762.7502209 964.3880107 1166.55974 1362.004985 1544.372989 1703.626751 1816.716561 1877.966315 1924.405419 1942.365419 1955.514108 1993.44829 1998.398291 2013.614288 2012.994245 2011.244875 2012.757673 2002.197235 2034.719488 2024.592284 2064.990072 2073.070666 2081.648573 2098.239452 2168.775554 2191.079004 2256.226549 2333.058045 2360.389663 2402.266324 2441.89942 2461.41846 2505.899819 2515.793897 2541.76149 2568.125607 2355.610639 0 0 0 0 0 0 0 0 0 0 0 0 0 0 0 0 0 0 0 0 0 0 0 0 0 0 0 0 0 0 
0 0 0 0 0 0 0 0 0 0 0 0 0 0 0 0 0 0 0 0 0 0 0 0 0 0 0 0 0 0 557.1104196 515.6823809 607.4598193 770.1538165 960.5138707 1157.901524 1357.333633 1561.477031 1705.826195 1803.757491 1884.442093 1936.194358 1941.319004 1946.973861 1975.488807 1990.881075 2008.259421 2007.93672 2010.373373 2010.608539 2009.175634 2025.863249 2038.239805 2047.576529 2066.745665 2089.591389 2114.284984 2156.185073 2195.411461 2275.614573 2342.787779 2372.719306 2413.801062 2432.427249 2466.407271 2508.034852 2533.583172 2543.801898 2561.275799 2331.870155 0 0 0 0 0 0 0 0 0 0 0 0 0 0 0 0 0 0 0 0 0 0 0 0 0 0 0 0 0 0 
0 0 0 0 0 0 0 0 0 0 0 0 0 0 0 0 0 0 0 0 0 0 0 0 0 0 0 0 0 0 564.1114532 511.7031221 608.8057832 774.7313594 960.3826188 1154.565478 1364.757403 1553.576796 1706.428327 1808.23471 1884.014359 1930.158999 1948.613888 1952.992898 1977.528053 1999.79497 2012.475791 2010.048077 2021.35618 2014.576408 2011.724321 2037.20244 2037.554514 2050.715599 2072.709112 2076.598277 2114.08999 2151.775117 2186.149138 2265.322032 2329.634324 2365.033799 2393.632557 2444.151731 2450.346583 2506.1995 2520.889637 2540.281182 2575.900481 2362.847799 0 0 0 0 0 0 0 0 0 0 0 0 0 0 0 0 0 0 0 0 0 0 0 0 0 0 0 0 0 0 
0 0 0 0 0 0 0 0 0 0 0 0 0 0 0 0 0 0 0 0 0 0 0 0 0 0 0 0 0 0 563.0435951 509.0427862 614.2194185 768.6168962 976.44159 1159.64905 1360.114409 1547.59865 1699.402128 1805.61328 1876.701687 1925.658606 1952.577338 1950.265902 1975.614044 1994.019934 2016.073794 1994.557953 2019.18216 2015.531468 2009.422778 2031.708375 2043.192812 2055.532735 2063.203842 2094.710225 2101.161081 2146.24602 2185.220195 2275.716021 2322.728853 2359.909287 2397.550889 2438.012773 2454.942207 2502.924854 2519.626164 2545.116717 2549.856076 2348.510848 0 0 0 0 0 0 0 0 0 0 0 0 0 0 0 0 0 0 0 0 0 0 0 0 0 0 0 0 0 0 
0 0 0 0 0 0 0 0 0 0 0 0 0 0 0 0 0 0 0 0 0 0 0 0 0 0 0 0 0 0 557.289472 515.3925083 613.2470423 781.634805 958.0628915 1160.605731 1352.689063 1558.729757 1697.585658 1799.642864 1874.292566 1943.484555 1945.081433 1961.148814 1966.961413 2000.783163 2007.682609 2014.7194 2012.7084 2016.112032 2018.420911 2039.981595 2023.970762 2048.331916 2058.283024 2075.66798 2102.507003 2143.927009 2173.466423 2263.603972 2333.361398 2346.000801 2387.8741 2440.47658 2454.341063 2495.940978 2523.565146 2546.330679 2577.164663 2347.053699 0 0 0 0 0 0 0 0 0 0 0 0 0 0 0 0 0 0 0 0 0 0 0 0 0 0 0 0 0 0 
0 0 0 0 0 0 0 0 0 0 0 0 0 0 0 0 0 0 0 0 0 0 0 0 0 0 0 0 0 0 560.1228216 510.8378581 600.5216792 771.6607693 966.1189253 1163.643005 1361.286739 1538.207424 1694.981868 1805.608571 1879.556401 1937.362893 1950.737898 1957.978367 1981.055626 2001.733943 2001.687343 2010.941499 2012.751971 2007.520088 2025.639707 2026.5475 2013.850907 2056.619213 2064.191073 2077.556725 2114.345718 2156.841596 2182.615674 2266.873208 2327.426846 2352.934881 2387.848772 2439.437218 2452.808058 2513.516955 2487.451534 2536.742717 2568.151147 2351.865908 0 0 0 0 0 0 0 0 0 0 0 0 0 0 0 0 0 0 0 0 0 0 0 0 0 0 0 0 0 0 
0 0 0 0 0 0 0 0 0 0 0 0 0 0 0 0 0 0 0 0 0 0 0 0 0 0 0 0 0 0 561.7140761 513.7203352 604.356954 773.20102 967.9726562 1155.873382 1357.157367 1550.634168 1711.2723 1806.941097 1876.82208 1917.098214 1939.25129 1955.195238 1970.112527 1990.846918 1999.536886 2011.029687 2006.445651 2007.849068 2010.871918 2020.739261 2021.831319 2056.059778 2070.570197 2076.213943 2100.637938 2174.952351 2200.546056 2260.40539 2329.975122 2369.326966 2402.065085 2452.556229 2448.901543 2494.367913 2525.959488 2540.302977 2571.963856 2352.051242 0 0 0 0 0 0 0 0 0 0 0 0 0 0 0 0 0 0 0 0 0 0 0 0 0 0 0 0 0 0 
0 0 0 0 0 0 0 0 0 0 0 0 0 0 0 0 0 0 0 0 0 0 0 0 0 0 0 0 0 0 547.4574935 505.2326282 613.6857691 771.9693832 958.8786145 1148.947733 1358.014606 1563.179891 1709.634933 1812.42941 1891.926023 1912.7028 1940.147688 1948.898915 1976.3059 1999.504507 2014.798487 2010.533664 2013.889895 1996.944134 2012.262834 2024.952449 2018.701406 2068.122805 2082.796259 2091.913212 2113.041544 2158.58854 2182.098603 2262.389953 2333.970706 2353.398463 2389.430784 2434.783069 2463.557362 2507.724535 2507.947245 2556.072279 2555.788016 2356.470909 0 0 0 0 0 0 0 0 0 0 0 0 0 0 0 0 0 0 0 0 0 0 0 0 0 0 0 0 0 0 
0 0 0 0 0 0 0 0 0 0 0 0 0 0 0 0 0 0 0 0 0 0 0 0 0 0 0 0 0 0 552.1908069 510.0929848 609.6770416 761.4053343 962.3010379 1155.078813 1367.414415 1547.662662 1723.85939 1797.618746 1879.647997 1919.897383 1940.475893 1943.602301 1974.030484 2014.585327 2026.495018 2004.343853 2020.36741 2012.753235 2018.349569 2017.733365 2036.959708 2061.293197 2073.425173 2060.395695 2107.106742 2149.072872 2191.308588 2281.436714 2324.392439 2352.881599 2398.708624 2428.961527 2466.213008 2510.584441 2512.56988 2540.565414 2569.81478 2344.393066 0 0 0 0 0 0 0 0 0 0 0 0 0 0 0 0 0 0 0 0 0 0 0 0 0 0 0 0 0 0 
0 0 0 0 0 0 0 0 0 0 0 0 0 0 0 0 0 0 0 0 0 0 0 0 0 0 0 0 0 0 560.0388899 502.7655834 608.6314039 766.5050133 959.8040905 1155.906636 1366.084386 1552.978564 1687.605958 1812.395031 1870.78102 1924.543906 1957.036856 1953.984888 1989.346789 1994.739838 2015.699787 2011.815467 2021.223372 2014.423941 2030.073193 2032.997158 2026.487364 2062.208146 2080.852538 2070.421773 2105.840899 2147.584893 2192.459497 2262.629497 2325.47822 2365.312426 2395.655669 2438.041146 2447.456491 2503.214907 2519.776306 2539.452696 2559.304789 2361.333812 0 0 0 0 0 0 0 0 0 0 0 0 0 0 0 0 0 0 0 0 0 0 0 0 0 0 0 0 0 0 
0 0 0 0 0 0 0 0 0 0 0 0 0 0 0 0 0 0 0 0 0 0 0 0 0 0 0 0 0 0 565.3888061 506.5237169 610.4388996 774.6092448 969.3343123 1156.302101 1365.85168 1541.441054 1694.787969 1812.006032 1884.585819 1937.850962 1946.495755 1950.122438 1985.592589 1999.473646 2022.498442 1997.576849 2009.010382 2000.145065 2020.526128 2035.281256 2020.669848 2061.403508 2061.342244 2074.924089 2109.313262 2151.580786 2180.558905 2275.64146 2319.641136 2361.99276 2391.963317 2439.627122 2456.347759 2503.781327 2522.729642 2535.22844 2555.966563 2367.884328 0 0 0 0 0 0 0 0 0 0 0 0 0 0 0 0 0 0 0 0 0 0 0 0 0 0 0 0 0 0 
0 0 0 0 0 0 0 0 0 0 0 0 0 0 0 0 0 0 0 0 0 0 0 0 0 0 0 0 0 0 555.7548666 499.9781008 616.4243414 777.6503982 954.9902441 1158.752794 1347.986692 1546.697009 1694.22884 1816.268707 1882.865564 1919.343827 1936.665829 1945.97307 1989.278338 1988.90259 2013.381093 2006.174508 2019.41572 2018.567463 2020.642289 2023.186027 2024.380809 2075.888314 2065.751889 2069.628712 2094.74371 2161.54121 2182.335578 2268.231135 2345.614934 2373.738712 2398.247005 2429.797009 2460.222836 2509.953643 2502.508889 2541.896431 2553.049167 2355.612433 0 0 0 0 0 0 0 0 0 0 0 0 0 0 0 0 0 0 0 0 0 0 0 0 0 0 0 0 0 0 
0 0 0 0 0 0 0 0 0 0 0 0 0 0 0 0 0 0 0 0 0 0 0 0 0 0 0 0 0 0 563.568466 504.9038076 608.0535693 766.4647269 964.2655443 1159.952874 1366.65661 1546.670486 1694.637856 1803.334372 1891.646508 1916.56275 1937.167729 1944.72971 1962.525883 1985.681809 2008.171844 2007.198475 2002.341002 2017.924065 2014.027297 2038.345514 2017.923689 2057.415897 2068.340533 2065.564453 2100.5932 2151.058251 2190.39769 2282.362985 2324.351717 2356.637746 2388.096952 2439.965361 2459.152598 2494.81338 2513.51142 2550.958954 2558.618238 2349.555952 0 0 0 0 0 0 0 0 0 0 0 0 0 0 0 0 0 0 0 0 0 0 0 0 0 0 0 0 0 0 
0 0 0 0 0 0 0 0 0 0 0 0 0 0 0 0 0 0 0 0 0 0 0 0 0 0 0 0 0 0 559.8997259 509.3338461 608.5413373 771.1755611 948.9207108 1164.157358 1357.78023 1540.512263 1693.038268 1792.450662 1899.776746 1906.547573 1947.251048 1960.339198 1976.297707 1995.852131 2016.261444 2011.969527 2004.35378 2025.391547 2007.611367 2028.242928 2030.393893 2045.016224 2067.00942 2080.20761 2102.699265 2158.820068 2187.150306 2271.504638 2331.156037 2352.003164 2396.272499 2433.496125 2452.558777 2499.558129 2500.295849 2541.40501 2557.002335 2351.586677 0 0 0 0 0 0 0 0 0 0 0 0 0 0 0 0 0 0 0 0 0 0 0 0 0 0 0 0 0 0 
0 0 0 0 0 0 0 0 0 0 0 0 0 0 0 0 0 0 0 0 0 0 0 0 0 0 0 0 0 0 555.7172545 503.1182647 607.0350298 765.9819968 956.1848992 1152.758132 1363.980478 1550.766164 1698.26789 1803.659434 1874.635423 1921.54195 1940.707047 1945.702172 1991.1719 1999.637843 2002.635395 2014.773332 2015.56018 2009.476416 2014.099872 2019.619336 2018.99703 2066.618617 2070.921239 2077.650994 2096.653676 2162.713625 2175.868561 2277.346605 2304.062773 2369.802969 2398.401417 2427.574989 2460.185699 2493.786038 2511.425645 2545.337727 2563.338112 2357.163057 0 0 0 0 0 0 0 0 0 0 0 0 0 0 0 0 0 0 0 0 0 0 0 0 0 0 0 0 0 0 
0 0 0 0 0 0 0 0 0 0 0 0 0 0 0 0 0 0 0 0 0 0 0 0 0 0 0 0 0 0 554.700404 519.2157983 617.4814597 769.2493281 961.3709069 1165.387872 1371.066969 1550.979483 1699.794651 1816.578333 1895.539373 1923.317873 1951.781966 1953.539208 1985.403273 1979.574358 2003.97065 2012.340139 2008.734751 2004.405019 2016.865925 2017.694991 2033.760372 2057.301445 2067.612157 2073.585292 2102.306214 2153.968892 2178.830235 2269.792125 2332.861721 2368.598412 2394.719196 2432.047967 2462.339459 2510.088313 2494.10763 2543.076376 2563.677668 2342.605938 0 0 0 0 0 0 0 0 0 0 0 0 0 0 0 0 0 0 0 0 0 0 0 0 0 0 0 0 0 0 
0 0 0 0 0 0 0 0 0 0 0 0 0 0 0 0 0 0 0 0 0 0 0 0 0 0 0 0 0 0 561.8871969 509.6459551 609.0158141 766.4425584 955.7566551 1142.76116 1351.821785 1545.067817 1698.468173 1812.231681 1874.250205 1918.953713 1945.897764 1938.157838 1968.699908 1999.217727 1999.800203 2003.853162 2005.199954 1999.582353 2017.679812 2032.018917 2036.182628 2046.710536 2067.373305 2063.928844 2096.872823 2154.770355 2176.944911 2259.928975 2302.744507 2364.141068 2395.272926 2428.073779 2459.079438 2514.820174 2510.574743 2533.061749 2552.811504 2356.893544 0 0 0 0 0 0 0 0 0 0 0 0 0 0 0 0 0 0 0 0 0 0 0 0 0 0 0 0 0 0 
0 0 0 0 0 0 0 0 0 0 0 0 0 0 0 0 0 0 0 0 0 0 0 0 0 0 0 0 0 0 559.4012884 500.1075089 610.4561348 768.0464119 952.3558911 1168.776478 1361.346291 1558.989516 1707.602778 1808.413604 1870.008887 1927.880082 1947.95395 1945.818465 1980.697688 1992.653293 2004.481587 1993.70295 2009.386335 2014.785371 2021.280545 2024.383154 2021.456812 2057.231251 2073.111274 2067.515791 2104.008801 2156.092911 2177.540443 2272.128352 2319.697595 2376.621913 2400.543774 2437.27661 2464.779077 2507.861412 2511.750811 2523.94704 2560.979148 2346.141748 0 0 0 0 0 0 0 0 0 0 0 0 0 0 0 0 0 0 0 0 0 0 0 0 0 0 0 0 0 0 
0 0 0 0 0 0 0 0 0 0 0 0 0 0 0 0 0 0 0 0 0 0 0 0 0 0 0 0 0 0 558.1137935 522.5231975 605.0910267 774.5001283 959.946446 1158.733672 1364.053141 1547.039263 1696.909926 1806.901469 1869.63204 1918.862976 1954.340888 1956.863785 1978.753781 1985.664511 2019.600381 2015.026218 2010.685305 2005.59859 2008.276921 2012.120147 2011.710755 2055.521921 2063.248895 2086.578916 2098.19266 2147.606015 2173.791392 2266.115672 2323.01521 2347.572303 2381.297479 2426.251839 2446.137323 2509.070783 2510.002209 2538.308259 2550.509097 2359.503245 0 0 0 0 0 0 0 0 0 0 0 0 0 0 0 0 0 0 0 0 0 0 0 0 0 0 0 0 0 0 
0 0 0 0 0 0 0 0 0 0 0 0 0 0 0 0 0 0 0 0 0 0 0 0 0 0 0 0 0 0 566.3870646 506.3903141 604.1681871 777.7085577 959.2426039 1172.986262 1365.879648 1546.248645 1695.478815 1800.885434 1883.134081 1926.561108 1942.127552 1953.198657 1990.078052 1987.446573 1989.002231 2006.496141 2011.640979 2002.017117 2014.123744 2022.68469 2035.984246 2057.698972 2072.606526 2070.862335 2107.508096 2147.816783 2187.384049 2284.166441 2326.456523 2362.939218 2405.728166 2444.387578 2455.216389 2500.726285 2517.352174 2537.581126 2551.100712 2344.712551 0 0 0 0 0 0 0 0 0 0 0 0 0 0 0 0 0 0 0 0 0 0 0 0 0 0 0 0 0 0 
0 0 0 0 0 0 0 0 0 0 0 0 0 0 0 0 0 0 0 0 0 0 0 0 0 0 0 0 0 0 566.4846746 510.998656 603.9007137 771.4090634 967.6933519 1155.849409 1363.102109 1541.260193 1703.260893 1805.486152 1880.131703 1927.015392 1948.156223 1951.786524 1964.726869 1976.744599 2006.32611 1993.299466 1993.140881 2010.733713 2016.134341 2025.050299 2023.241074 2043.9051 2063.621507 2062.485027 2106.427642 2149.463761 2180.035823 2271.997708 2318.503259 2361.457538 2377.655019 2432.837966 2453.96651 2496.549443 2506.084714 2529.398767 2557.832618 2359.213029 0 0 0 0 0 0 0 0 0 0 0 0 0 0 0 0 0 0 0 0 0 0 0 0 0 0 0 0 0 0 
0 0 0 0 0 0 0 0 0 0 0 0 0 0 0 0 0 0 0 0 0 0 0 0 0 0 0 0 0 0 560.1621678 507.2806938 608.8336085 772.0578825 974.0642179 1163.577439 1365.032971 1553.8709 1692.046078 1800.320532 1881.840252 1925.659809 1942.649545 1935.173793 1973.433665 1991.801695 2000.149813 2010.532622 2002.600091 1985.644087 2001.140162 2029.391313 2034.368082 2049.30341 2073.394007 2054.949104 2107.77998 2140.751078 2190.398834 2270.732093 2328.832799 2351.731751 2392.704362 2432.498639 2454.19377 2506.711638 2506.281622 2537.171497 2553.695983 2344.31419 0 0 0 0 0 0 0 0 0 0 0 0 0 0 0 0 0 0 0 0 0 0 0 0 0 0 0 0 0 0 
0 0 0 0 0 0 0 0 0 0 0 0 0 0 0 0 0 0 0 0 0 0 0 0 0 0 0 0 0 0 563.8548826 506.0392365 611.949494 771.835311 962.2394284 1153.361153 1369.783258 1548.633771 1686.905976 1801.365943 1884.985591 1929.669786 1945.353731 1945.269148 1975.649778 1980.65475 2013.268975 1989.759102 2004.35253 2014.605193 2015.227961 2028.6594 2032.032172 2042.365715 2063.464146 2075.426314 2094.677268 2139.38698 2200.958046 2258.097809 2330.32663 2369.991384 2395.92513 2433.888039 2441.676313 2497.231019 2500.475399 2545.569874 2549.612734 2346.251179 0 0 0 0 0 0 0 0 0 0 0 0 0 0 0 0 0 0 0 0 0 0 0 0 0 0 0 0 0 0 
0 0 0 0 0 0 0 0 0 0 0 0 0 0 0 0 0 0 0 0 0 0 0 0 0 0 0 0 0 0 557.0170439 509.1989476 604.4653879 779.2535156 950.2934899 1156.135089 1353.812888 1554.604526 1692.712062 1813.864769 1881.994232 1929.46162 1943.989357 1936.066706 1974.670485 1983.876593 2009.320507 2001.862504 2008.2773 2009.435052 2013.786077 2012.647642 2022.706804 2051.584269 2054.25735 2055.402271 2107.953484 2141.852204 2191.470961 2255.518382 2316.522148 2345.958544 2383.538399 2414.900292 2456.053062 2489.654313 2498.734975 2526.767585 2553.430954 2328.465201 0 0 0 0 0 0 0 0 0 0 0 0 0 0 0 0 0 0 0 0 0 0 0 0 0 0 0 0 0 0 
0 0 0 0 0 0 0 0 0 0 0 0 0 0 0 0 0 0 0 0 0 0 0 0 0 0 0 0 0 0 558.3845922 501.0472109 607.7837488 775.0638087 949.4393185 1154.547411 1357.749705 1544.664945 1704.230902 1806.741777 1869.544492 1926.291978 1954.73927 1946.332042 1970.236388 1991.913225 1984.607675 1998.992235 2002.840995 1998.426082 2011.107938 2020.217636 2018.222464 2046.713092 2073.720321 2066.020474 2102.048777 2151.505837 2175.359638 2259.791151 2321.113607 2353.473561 2389.490995 2422.096921 2461.086368 2489.041125 2507.51895 2513.010073 2554.546048 2363.129725 0 0 0 0 0 0 0 0 0 0 0 0 0 0 0 0 0 0 0 0 0 0 0 0 0 0 0 0 0 0 
0 0 0 0 0 0 0 0 0 0 0 0 0 0 0 0 0 0 0 0 0 0 0 0 0 0 0 0 0 0 556.5523298 506.8023046 609.4719376 769.6319117 947.6968555 1152.950917 1355.347364 1544.175894 1691.989781 1784.610783 1864.87548 1904.51119 1923.907328 1934.302425 1956.433899 1973.222195 1996.416931 1980.628579 1998.713417 1987.478063 1994.593121 1994.094216 1997.318201 2027.626894 2046.501031 2057.165121 2086.03197 2144.117668 2167.049939 2264.04016 2298.048502 2337.174391 2365.271328 2410.523643 2441.566978 2471.51967 2490.61113 2520.213624 2525.219061 2328.925277 0 0 0 0 0 0 0 0 0 0 0 0 0 0 0 0 0 0 0 0 0 0 0 0 0 0 0 0 0 0 
0 0 0 0 0 0 0 0 0 0 0 0 0 0 0 0 0 0 0 0 0 0 0 0 0 0 0 0 0 0 369.8528504 340.7403386 414.1136559 514.645824 646.155976 778.4189259 926.266573 1048.392382 1150.79084 1209.454427 1264.018363 1300.699342 1313.064031 1318.570693 1339.307674 1351.022549 1355.10674 1352.205497 1362.086631 1358.542914 1356.850134 1356.745699 1358.412632 1389.948221 1404.724294 1383.196622 1422.061636 1442.027826 1475.962991 1532.858983 1574.55281 1597.799147 1626.749134 1651.465681 1671.885904 1679.443247 1697.765006 1719.661839 1736.436222 1578.850887 0 0 0 0 0 0 0 0 0 0 0 0 0 0 0 0 0 0 0 0 0 0 0 0 0 0 0 0 0 0 
0 0 0 0 0 0 0 0 0 0 0 0 0 0 0 0 0 0 0 0 0 0 0 0 0 0 0 0 0 0 0 0 0 0 0 0 0 0 0 0 0 0 0 0 0 0 0 0 0 0 0 0 0 0 0 0 0 0 0 0 0 0 0 0 0 0 0 0 0 0 0 0 0 0 0 0 0 0 0 0 0 0 0 0 0 0 0 0 0 0 0 0 0 0 0 0 0 0 0 0 
0 0 0 0 0 0 0 0 0 0 0 0 0 0 0 0 0 0 0 0 0 0 0 0 0 0 0 0 0 0 0 0 0 0 0 0 0 0 0 0 0 0 0 0 0 0 0 0 0 0 0 0 0 0 0 0 0 0 0 0 0 0 0 0 0 0 0 0 0 0 0 0 0 0 0 0 0 0 0 0 0 0 0 0 0 0 0 0 0 0 0 0 0 0 0 0 0 0 0 0 
0 0 0 0 0 0 0 0 0 0 0 0 0 0 0 0 0 0 0 0 0 0 0 0 0 0 0 0 0 0 0 0 0 0 0 0 0 0 0 0 0 0 0 0 0 0 0 0 0 0 0 0 0 0 0 0 0 0 0 0 0 0 0 0 0 0 0 0 0 0 0 0 0 0 0 0 0 0 0 0 0 0 0 0 0 0 0 0 0 0 0 0 0 0 0 0 0 0 0 0 
0 0 0 0 0 0 0 0 0 0 0 0 0 0 0 0 0 0 0 0 0 0 0 0 0 0 0 0 0 0 0 0 0 0 0 0 0 0 0 0 0 0 0 0 0 0 0 0 0 0 0 0 0 0 0 0 0 0 0 0 0 0 0 0 0 0 0 0 0 0 0 0 0 0 0 0 0 0 0 0 0 0 0 0 0 0 0 0 0 0 0 0 0 0 0 0 0 0 0 0 
0 0 0 0 0 0 0 0 0 0 0 0 0 0 0 0 0 0 0 0 0 0 0 0 0 0 0 0 0 0 0 0 0 0 0 0 0 0 0 0 0 0 0 0 0 0 0 0 0 0 0 0 0 0 0 0 0 0 0 0 0 0 0 0 0 0 0 0 0 0 0 0 0 0 0 0 0 0 0 0 0 0 0 0 0 0 0 0 0 0 0 0 0 0 0 0 0 0 0 0 
0 0 0 0 0 0 0 0 0 0 0 0 0 0 0 0 0 0 0 0 0 0 0 0 0 0 0 0 0 0 0 0 0 0 0 0 0 0 0 0 0 0 0 0 0 0 0 0 0 0 0 0 0 0 0 0 0 0 0 0 0 0 0 0 0 0 0 0 0 0 0 0 0 0 0 0 0 0 0 0 0 0 0 0 0 0 0 0 0 0 0 0 0 0 0 0 0 0 0 0 
0 0 0 0 0 0 0 0 0 0 0 0 0 0 0 0 0 0 0 0 0 0 0 0 0 0 0 0 0 0 0 0 0 0 0 0 0 0 0 0 0 0 0 0 0 0 0 0 0 0 0 0 0 0 0 0 0 0 0 0 0 0 0 0 0 0 0 0 0 0 0 0 0 0 0 0 0 0 0 0 0 0 0 0 0 0 0 0 0 0 0 0 0 0 0 0 0 0 0 0 
0 0 0 0 0 0 0 0 0 0 0 0 0 0 0 0 0 0 0 0 0 0 0 0 0 0 0 0 0 0 0 0 0 0 0 0 0 0 0 0 0 0 0 0 0 0 0 0 0 0 0 0 0 0 0 0 0 0 0 0 0 0 0 0 0 0 0 0 0 0 0 0 0 0 0 0 0 0 0 0 0 0 0 0 0 0 0 0 0 0 0 0 0 0 0 0 0 0 0 0 
0 0 0 0 0 0 0 0 0 0 0 0 0 0 0 0 0 0 0 0 0 0 0 0 0 0 0 0 0 0 0 0 0 0 0 0 0 0 0 0 0 0 0 0 0 0 0 0 0 0 0 0 0 0 0 0 0 0 0 0 0 0 0 0 0 0 0 0 0 0 0 0 0 0 0 0 0 0 0 0 0 0 0 0 0 0 0 0 0 0 0 0 0 0 0 0 0 0 0 0 
0 0 0 0 0 0 0 0 0 0 0 0 0 0 0 0 0 0 0 0 0 0 0 0 0 0 0 0 0 0 0 0 0 0 0 0 0 0 0 0 0 0 0 0 0 0 0 0 0 0 0 0 0 0 0 0 0 0 0 0 0 0 0 0 0 0 0 0 0 0 0 0 0 0 0 0 0 0 0 0 0 0 0 0 0 0 0 0 0 0 0 0 0 0 0 0 0 0 0 0 
# Events [E3aEnd/ExitE3a.dat] N:
0 0 0 0 0 0 0 0 0 0 0 0 0 0 0 0 0 0 0 0 0 0 0 0 0 0 0 0 0 0 0 0 0 0 0 0 0 0 0 0 0 0 0 0 0 0 0 0 0 0 0 0 0 0 0 0 0 0 0 0 0 0 0 0 0 0 0 0 0 0 0 0 0 0 0 0 0 0 0 0 0 0 0 0 0 0 0 0 0 0 0 0 0 0 0 0 0 0 0 0 
0 0 0 0 0 0 0 0 0 0 0 0 0 0 0 0 0 0 0 0 0 0 0 0 0 0 0 0 0 0 0 0 0 0 0 0 0 0 0 0 0 0 0 0 0 0 0 0 0 0 0 0 0 0 0 0 0 0 0 0 0 0 0 0 0 0 0 0 0 0 0 0 0 0 0 0 0 0 0 0 0 0 0 0 0 0 0 0 0 0 0 0 0 0 0 0 0 0 0 0 
0 0 0 0 0 0 0 0 0 0 0 0 0 0 0 0 0 0 0 0 0 0 0 0 0 0 0 0 0 0 0 0 0 0 0 0 0 0 0 0 0 0 0 0 0 0 0 0 0 0 0 0 0 0 0 0 0 0 0 0 0 0 0 0 0 0 0 0 0 0 0 0 0 0 0 0 0 0 0 0 0 0 0 0 0 0 0 0 0 0 0 0 0 0 0 0 0 0 0 0 
0 0 0 0 0 0 0 0 0 0 0 0 0 0 0 0 0 0 0 0 0 0 0 0 0 0 0 0 0 0 0 0 0 0 0 0 0 0 0 0 0 0 0 0 0 0 0 0 0 0 0 0 0 0 0 0 0 0 0 0 0 0 0 0 0 0 0 0 0 0 0 0 0 0 0 0 0 0 0 0 0 0 0 0 0 0 0 0 0 0 0 0 0 0 0 0 0 0 0 0 
0 0 0 0 0 0 0 0 0 0 0 0 0 0 0 0 0 0 0 0 0 0 0 0 0 0 0 0 0 0 0 0 0 0 0 0 0 0 0 0 0 0 0 0 0 0 0 0 0 0 0 0 0 0 0 0 0 0 0 0 0 0 0 0 0 0 0 0 0 0 0 0 0 0 0 0 0 0 0 0 0 0 0 0 0 0 0 0 0 0 0 0 0 0 0 0 0 0 0 0 
0 0 0 0 0 0 0 0 0 0 0 0 0 0 0 0 0 0 0 0 0 0 0 0 0 0 0 0 0 0 0 0 0 0 0 0 0 0 0 0 0 0 0 0 0 0 0 0 0 0 0 0 0 0 0 0 0 0 0 0 0 0 0 0 0 0 0 0 0 0 0 0 0 0 0 0 0 0 0 0 0 0 0 0 0 0 0 0 0 0 0 0 0 0 0 0 0 0 0 0 
0 0 0 0 0 0 0 0 0 0 0 0 0 0 0 0 0 0 0 0 0 0 0 0 0 0 0 0 0 0 0 0 0 0 0 0 0 0 0 0 0 0 0 0 0 0 0 0 0 0 0 0 0 0 0 0 0 0 0 0 0 0 0 0 0 0 0 0 0 0 0 0 0 0 0 0 0 0 0 0 0 0 0 0 0 0 0 0 0 0 0 0 0 0 0 0 0 0 0 0 
0 0 0 0 0 0 0 0 0 0 0 0 0 0 0 0 0 0 0 0 0 0 0 0 0 0 0 0 0 0 0 0 0 0 0 0 0 0 0 0 0 0 0 0 0 0 0 0 0 0 0 0 0 0 0 0 0 0 0 0 0 0 0 0 0 0 0 0 0 0 0 0 0 0 0 0 0 0 0 0 0 0 0 0 0 0 0 0 0 0 0 0 0 0 0 0 0 0 0 0 
0 0 0 0 0 0 0 0 0 0 0 0 0 0 0 0 0 0 0 0 0 0 0 0 0 0 0 0 0 0 0 0 0 0 0 0 0 0 0 0 0 0 0 0 0 0 0 0 0 0 0 0 0 0 0 0 0 0 0 0 0 0 0 0 0 0 0 0 0 0 0 0 0 0 0 0 0 0 0 0 0 0 0 0 0 0 0 0 0 0 0 0 0 0 0 0 0 0 0 0 
0 0 0 0 0 0 0 0 0 0 0 0 0 0 0 0 0 0 0 0 0 0 0 0 0 0 0 0 0 0 0 0 0 0 0 0 0 0 0 0 0 0 0 0 0 0 0 0 0 0 0 0 0 0 0 0 0 0 0 0 0 0 0 0 0 0 0 0 0 0 0 0 0 0 0 0 0 0 0 0 0 0 0 0 0 0 0 0 0 0 0 0 0 0 0 0 0 0 0 0 
0 0 0 0 0 0 0 0 0 0 0 0 0 0 0 0 0 0 0 0 0 0 0 0 0 0 0 0 0 0 25759 30335 30121 29558 28969 28301 27206 26328 25019 23502 22245 20849 19297 17208 14002 13521 13368 13350 13443 13301 14475 16102 16344 17870 18425 18667 19021 19547 20127 20564 21377 22480 23079 23499 23600 23695 24138 24348 24790 21125 0 0 0 0 0 0 0 0 0 0 0 0 0 0 0 0 0 0 0 0 0 0 0 0 0 0 0 0 0 0 
0 0 0 0 0 0 0 0 0 0 0 0 0 0 0 0 0 0 0 0 0 0 0 0 0 0 0 0 0 0 54364 64507 63472 62474 61519 59680 57928 55170 52897 50077 46716 43622 40932 36372 29855 28689 28499 28685 28598 28647 31362 34030 34797 37079 38546 39430 40483 41639 42385 43706 45504 47353 48433 49607 49888 50974 51164 51563 52410 44980 0 0 0 0 0 0 0 0 0 0 0 0 0 0 0 0 0 0 0 0 0 0 0 0 0 0 0 0 0 0 
0 0 0 0 0 0 0 0 0 0 0 0 0 0 0 0 0 0 0 0 0 0 0 0 0 0 0 0 0 0 54455 64040 63764 62855 61580 60491 57992 55427 52788 49871 46760 43930 41298 36350 29603 28627 28430 28665 28726 28383 31522 34305 34881 37270 38782 39760 40776 41531 42545 43265 45524 47652 49046 49795 50044 50878 51129 51524 52446 45034 0 0 0 0 0 0 0 0 0 0 0 0 0 0 0 0 0 0 0 0 0 0 0 0 0 0 0 0 0 0 
0 0 0 0 0 0 0 0 0 0 0 0 0 0 0 0 0 0 0 0 0 0 0 0 0 0 0 0 0 0 54178 64335 64020 62473 61523 60193 57877 55462 53254 50345 47118 44048 40987 36594 29610 28998 29174 28476 28476 28694 31046 34405 34820 37110 38512 39809 40220 41041 42537 43508 45550 47357 48959 49177 50633 50790 50898 51892 52162 44921 0 0 0 0 0 0 0 0 0 0 0 0 0 0 0 0 0 0 0 0 0 0 0 0 0 0 0 0 0 0 
0 0 0 0 0 0 0 0 0 0 0 0 0 0 0 0 0 0 0 0 0 0 0 0 0 0 0 0 0 0 54482 64685 63949 62393 61269 59960 57712 55384 52999 50628 46940 44311 41081 36207 29664 28420 28960 28580 28634 28679 31148 34296 34888 37513 38479 39978 40432 41749 42423 43495 45723 47537 48646 49620 50094 51123 51006 51396 52184 44813 0 0 0 0 0 0 0 0 0 0 0 0 0 0 0 0 0 0 0 0 0 0 0 0 0 0 0 0 0 0 
0 0 0 0 0 0 0 0 0 0 0 0 0 0 0 0 0 0 0 0 0 0 0 0 0 0 0 0 0 0 54695 64383 63949 62594 61741 60268 57430 55318 52887 50095 46811 43910 40961 36253 29794 28695 28334 28888 28642 28669 31314 34168 35047 37321 38663 39933 40902 41817 42486 43404 45575 47508 48982 49441 50338 50686 51468 51563 52200 45180 0 0 0 0 0 0 0 0 0 0 0 0 0 0 0 0 0 0 0 0 0 0 0 0 0 0 0 0 0 0 
0 0 0 0 0 0 0 0 0 0 0 0 0 0 0 0 0 0 0 0 0 0 0 0 0 0 0 0 0 0 54328 64725 64147 62841 61962 59851 57540 55607 52700 49986 46753 44199 40796 36487 29905 28451 28541 28424 28608 28660 31301 34215 34563 36780 38506 39485 40931 41789 42130 43520 45914 47645 49105 49464 49942 50626 50983 51243 52474 44813 0 0 0 0 0 0 0 0 0 0 0 0 0 0 0 0 0 0 0 0 0 0 0 0 0 0 0 0 0 0 
0 0 0 0 0 0 0 0 0 0 0 0 0 0 0 0 0 0 0 0 0 0 0 0 0 0 0 0 0 0 54249 64329 63840 62587 62037 59829 57367 55185 52517 50315 46764 43629 41216 36423 29682 28280 28265 28651 28415 28452 31287 33677 34647 37475 38685 39943 40697 41596 42376 43589 45908 47191 48673 49582 50198 50695 51151 51408 52177 44817 0 0 0 0 0 0 0 0 0 0 0 0 0 0 0 0 0 0 0 0 0 0 0 0 0 0 0 0 0 0 
0 0 0 0 0 0 0 0 0 0 0 0 0 0 0 0 0 0 0 0 0 0 0 0 0 0 0 0 0 0 54075 64964 63974 62882 61805 60062 58095 55137 52913 49739 46566 43686 40953 36718 29477 28610 28633 28491 28443 28695 31246 34112 34810 37547 38512 39309 40618 41527 42091 43282 45712 47234 48881 49718 50414 50526 51135 51643 52478 44540 0 0 0 0 0 0 0 0 0 0 0 0 0 0 0 0 0 0 0 0 0 0 0 0 0 0 0 0 0 0 
0 0 0 0 0 0 0 0 0 0 0 0 0 0 0 0 0 0 0 0 0 0 0 0 0 0 0 0 0 0 54227 64352 64129 62620 61900 60048 57910 54969 52577 50028 46931 43493 40598 36349 29507 28331 28800 28243 28478 28552 31520 33699 34594 37346 38776 39387 40588 41627 42457 43720 45513 47070 49188 49427 49962 50467 50793 51487 52191 44935 0 0 0 0 0 0 0 0 0 0 0 0 0 0 0 0 0 0 0 0 0 0 0 0 0 0 0 0 0 0 
0 0 0 0 0 0 0 0 0 0 0 0 0 0 0 0 0 0 0 0 0 0 0 0 0 0 0 0 0 0 54571 64614 63592 62986 62048 60365 57380 54969 52410 49476 46281 43963 41037 36132 29532 28277 28610 28291 28637 28325 31114 33508 34588 37325 38821 39842 40423 41503 42017 43365 45296 47186 48792 49218 50098 50558 51571 51643 52523 44780 0 0 0 0 0 0 0 0 0 0 0 0 0 0 0 0 0 0 0 0 0 0 0 0 0 0 0 0 0 0 
0 0 0 0 0 0 0 0 0 0 0 0 0 0 0 0 0 0 0 0 0 0 0 0 0 0 0 0 0 0 54291 64449 63998 62825 61829 60298 57375 54390 52814 49875 47227 43839 40886 36563 29405 28350 28572 28469 28419 28421 31105 34344 34588 37155 38251 39689 40503 41078 42290 43460 45429 47017 48476 49132 49695 51027 50977 51143 52076 44699 0 0 0 0 0 0 0 0 0 0 0 0 0 0 0 0 0 0 0 0 0 0 0 0 0 0 0 0 0 0 
0 0 0 0 0 0 0 0 0 0 0 0 0 0 0 0 0 0 0 0 0 0 0 0 0 0 0 0 0 0 54006 63894 63574 62482 61246 60047 57343 55256 52672 49833 46861 43932 40630 36396 29662 28460 28469 28435 28199 28696 30941 33997 34612 37008 38563 39232 40132 41427 41970 43095 45224 47058 48519 49681 50189 50384 50984 51429 51745 44764 0 0 0 0 0 0 0 0 0 0 0 0 0 0 0 0 0 0 0 0 0 0 0 0 0 0 0 0 0 0 
0 0 0 0 0 0 0 0 0 0 0 0 0 0 0 0 0 0 0 0 0 0 0 0 0 0 0 0 0 0 53970 64059 63609 62223 61607 59416 57302 55296 52984 49876 46438 44009 40729 36161 29565 28516 28678 27972 28772 28471 31205 34009 34441 36918 38604 39513 40299 40952 42317 43025 45470 46947 48421 49259 50060 50278 51013 51435 52259 44738 0 0 0 0 0 0 0 0 0 0 0 0 0 0 0 0 0 0 0 0 0 0 0 0 0 0 0 0 0 0 
0 0 0 0 0 0 0 0 0 0 0 0 0 0 0 0 0 0 0 0 0 0 0 0 0 0 0 0 0 0 53677 64150 63052 62702 61036 59940 57183 54551 52634 50128 46789 43845 40855 36157 29364 28475 28526 28264 28558 28309 30986 33882 34141 36564 38093 39149 40492 41210 42112 42948 45177 47172 48265 48945 49987 50328 50821 51363 52101 44596 0 0 0 0 0 0 0 0 0 0 0 0 0 0 0 0 0 0 0 0 0 0 0 0 0 0 0 0 0 0 
0 0 0 0 0 0 0 0 0 0 0 0 0 0 0 0 0 0 0 0 0 0 0 0 0 0 0 0 0 0 53988 64215 63331 62408 61773 59422 57018 55490 52303 49447 46445 43900 40713 36286 29320 28481 28274 28475 28688 28369 31016 33808 34512 36879 38517 39381 40362 41242 42198 43242 45488 47031 48218 49156 49596 50026 50661 50806 51744 44569 0 0 0 0 0 0 0 0 0 0 0 0 0 0 0 0 0 0 0 0 0 0 0 0 0 0 0 0 0 0 
0 0 0 0 0 0 0 0 0 0 0 0 0 0 0 0 0 0 0 0 0 0 0 0 0 0 0 0 0 0 53799 63420 63454 61986 61354 59888 57184 55104 52424 49594 46355 43349 40982 36169 29364 28378 28225 28402 28366 27858 30905 33410 34370 36716 38083 39173 40632 41123 41963 43239 45381 47045 48292 49129 49492 50319 50654 51014 51760 44739 0 0 0 0 0 0 0 0 0 0 0 0 0 0 0 0 0 0 0 0 0 0 0 0 0 0 0 0 0 0 
0 0 0 0 0 0 0 0 0 0 0 0 0 0 0 0 0 0 0 0 0 0 0 0 0 0 0 0 0 0 53870 63616 63084 62075 61301 59293 57117 54815 52160 49438 46627 43968 40429 35899 29158 28234 28116 27969 28361 28299 30803 33908 34444 36899 38233 39095 40254 41132 41866 43079 45215 46882 48296 49295 49226 50387 50630 50558 51834 44331 0 0 0 0 0 0 0 0 0 0 0 0 0 0 0 0 0 0 0 0 0 0 0 0 0 0 0 0 0 0 
0 0 0 0 0 0 0 0 0 0 0 0 0 0 0 0 0 0 0 0 0 0 0 0 0 0 0 0 0 0 53645 63627 63569 62352 60894 59688 57233 55297 52234 49569 46024 43543 40770 36138 29167 28119 27909 27860 28090 28251 31347 33877 34440 36637 38020 39328 40133 41147 42016 43104 44924 46864 48187 49104 50048 50195 50785 50893 51832 44874 0 0 0 0 0 0 0 0 0 0 0 0 0 0 0 0 0 0 0 0 0 0 0 0 0 0 0 0 0 0 
0 0 0 0 0 0 0 0 0 0 0 0 0 0 0 0 0 0 0 0 0 0 0 0 0 0 0 0 0 0 53915 63579 62973 62321 61132 58897 56929 54722 51997 49193 46266 43510 40677 35704 28956 28338 28373 28087 28375 28146 30836 33815 34437 36848 38709 39502 40174 41421 41836 43472 45437 46613 48289 49067 49589 49914 50603 50970 51783 44615 0 0 0 0 0 0 0 0 0 0 0 0 0 0 0 0 0 0 0 0 0 0 0 0 0 0 0 0 0 0 
0 0 0 0 0 0 0 0 0 0 0 0 0 0 0 0 0 0 0 0 0 0 0 0 0 0 0 0 0 0 53569 63899 63412 61839 61060 59212 57359 54702 51878 49719 46079 43700 40563 36202 29358 28147 28239 28147 28116 28137 30837 33692 34197 36969 38257 39197 39861 41047 41812 43241 44861 46960 48223 48782 49377 50119 50427 50455 51176 44659 0 0 0 0 0 0 0 0 0 0 0 0 0 0 0 0 0 0 0 0 0 0 0 0 0 0 0 0 0 0 
0 0 0 0 0 0 0 0 0 0 0 0 0 0 0 0 0 0 0 0 0 0 0 0 0 0 0 0 0 0 53566 63740 63154 61987 61122 59248 57578 55019 52179 49633 46273 43682 40558 36112 29641 28222 28011 28268 28466 28202 30834 33566 34536 36649 37960 39090 40435 41083 41928 43035 44906 47416 48352 49122 49429 49947 50687 51373 51296 44593 0 0 0 0 0 0 0 0 0 0 0 0 0 0 0 0 0 0 0 0 0 0 0 0 0 0 0 0 0 0 
0 0 0 0 0 0 0 0 0 0 0 0 0 0 0 0 0 0 0 0 0 0 0 0 0 0 0 0 0 0 53752 64068 62731 61815 61293 59492 56680 54732 52143 49675 46274 43564 40391 35883 29302 28359 28057 28176 28212 28406 30849 33878 33722 36809 37848 38691 40010 40973 41801 42781 45026 46496 48322 48842 49758 49636 49982 50877 51285 44655 0 0 0 0 0 0 0 0 0 0 0 0 0 0 0 0 0 0 0 0 0 0 0 0 0 0 0 0 0 0 
0 0 0 0 0 0 0 0 0 0 0 0 0 0 0 0 0 0 0 0 0 0 0 0 0 0 0 0 0 0 53595 63209 63441 61827 60910 58936 56806 54228 51712 49472 46440 43089 39949 36028 29361 28237 28352 28229 28246 28031 30822 33703 34323 36792 38169 39347 39974 41124 42097 43051 44580 46461 48312 49012 49362 49976 50155 50378 52001 44588 0 0 0 0 0 0 0 0 0 0 0 0 0 0 0 0 0 0 0 0 0 0 0 0 0 0 0 0 0 0 
0 0 0 0 0 0 0 0 0 0 0 0 0 0 0 0 0 0 0 0 0 0 0 0 0 0 0 0 0 0 53639 63799 63030 61616 60889 59425 57356 54387 52071 49446 46202 43546 40401 35986 29204 28284 27959 28423 28266 28297 30832 33460 34336 36934 38181 39211 40215 41013 41805 43230 45562 47024 48083 49062 49477 49870 50503 51508 51850 44937 0 0 0 0 0 0 0 0 0 0 0 0 0 0 0 0 0 0 0 0 0 0 0 0 0 0 0 0 0 0 
0 0 0 0 0 0 0 0 0 0 0 0 0 0 0 0 0 0 0 0 0 0 0 0 0 0 0 0 0 0 54011 63297 63253 61592 60958 59271 56975 54902 52091 49491 46486 43537 40651 35878 29547 28261 27963 28443 28144 28608 30600 33633 34054 36765 37997 39378 40071 40600 42061 43320 45149 46751 48299 49020 49479 49817 50374 51029 52034 44491 0 0 0 0 0 0 0 0 0 0 0 0 0 0 0 0 0 0 0 0 0 0 0 0 0 0 0 0 0 0 
0 0 0 0 0 0 0 0 0 0 0 0 0 0 0 0 0 0 0 0 0 0 0 0 0 0 0 0 0 0 53890 63994 63240 61454 61168 59659 56686 55154 52277 49012 46222 42967 41055 36414 29236 28085 28151 28407 28162 28358 30806 33749 34596 36960 38083 39342 40027 41051 41994 43216 45195 46870 48088 49075 49335 50155 50463 50779 51678 44836 0 0 0 0 0 0 0 0 0 0 0 0 0 0 0 0 0 0 0 0 0 0 0 0 0 0 0 0 0 0 
0 0 0 0 0 0 0 0 0 0 0 0 0 0 0 0 0 0 0 0 0 0 0 0 0 0 0 0 0 0 53866 63620 63108 61988 61389 59432 56780 54520 52608 49648 46104 43104 40435 35594 29353 28640 28765 28338 28172 28397 31110 33888 34692 36515 38021 39013 40198 41330 42214 43100 45330 46858 48079 49083 49313 50252 50414 50981 51229 44484 0 0 0 0 0 0 0 0 0 0 0 0 0 0 0 0 0 0 0 0 0 0 0 0 0 0 0 0 0 0 
0 0 0 0 0 0 0 0 0 0 0 0 0 0 0 0 0 0 0 0 0 0 0 0 0 0 0 0 0 0 53260 63742 63077 61897 61061 59227 57109 54877 52641 49171 46645 43472 40620 35579 29551 27955 28210 28294 28470 28340 30766 33784 34422 36679 38249 39248 40128 41364 41651 43025 44630 46792 47880 49138 49705 49650 50274 50982 51295 44438 0 0 0 0 0 0 0 0 0 0 0 0 0 0 0 0 0 0 0 0 0 0 0 0 0 0 0 0 0 0 
0 0 0 0 0 0 0 0 0 0 0 0 0 0 0 0 0 0 0 0 0 0 0 0 0 0 0 0 0 0 53690 63551 63168 61976 61596 59498 57116 55041 52314 49629 46871 43802 40629 36304 29510 28198 28498 28421 28272 28475 31265 33627 34320 36840 38133 39528 40368 41199 41953 42905 45112 47279 48041 49020 49586 50121 50397 51053 51657 44592 0 0 0 0 0 0 0 0 0 0 0 0 0 0 0 0 0 0 0 0 0 0 0 0 0 0 0 0 0 0 
0 0 0 0 0 0 0 0 0 0 0 0 0 0 0 0 0 0 0 0 0 0 0 0 0 0 0 0 0 0 53720 63792 63376 62339 61106 59746 56784 54868 52087 50157 46408 43655 40794 36449 29543 28316 28345 28193 28361 28707 31204 33845 34552 37255 37839 39287 40508 40695 41827 43278 45140 46989 48564 49323 49701 50339 50565 51180 52283 44704 0 0 0 0 0 0 0 0 0 0 0 0 0 0 0 0 0 0 0 0 0 0 0 0 0 0 0 0 0 0 
0 0 0 0 0 0 0 0 0 0 0 0 0 0 0 0 0 0 0 0 0 0 0 0 0 0 0 0 0 0 54148 63484 63197 61497 61149 59089 57305 55157 52310 50090 46191 43483 40568 36112 29388 28350 28602 28392 28431 28204 31124 33870 34199 36894 38119 38814 40194 41058 41862 42673 45144 46597 48335 48714 49526 50132 50373 51227 51474 44577 0 0 0 0 0 0 0 0 0 0 0 0 0 0 0 0 0 0 0 0 0 0 0 0 0 0 0 0 0 0 
0 0 0 0 0 0 0 0 0 0 0 0 0 0 0 0 0 0 0 0 0 0 0 0 0 0 0 0 0 0 53590 63922 62882 61296 60739 59697 56832 54355 52411 49171 46186 43631 40559 35977 29288 28292 28076 28345 28323 28371 31197 33927 34209 37049 38306 39103 40337 41105 42390 43104 45104 46504 47908 48808 50114 49937 50322 51186 51901 44839 0 0 0 0 0 0 0 0 0 0 0 0 0 0 0 0 0 0 0 0 0 0 0 0 0 0 0 0 0 0 
0 0 0 0 0 0 0 0 0 0 0 0 0 0 0 0 0 0 0 0 0 0 0 0 0 0 0 0 0 0 53525 63696 63627 62178 60876 59389 57268 54168 52223 49558 46535 43894 40343 36310 29514 28228 28256 27989 28490 28474 30736 33742 34534 36648 38113 39327 40001 41038 41898 42741 44708 46821 48243 49015 49574 49910 50819 51232 52006 44750 0 0 0 0 0 0 0 0 0 0 0 0 0 0 0 0 0 0 0 0 0 0 0 0 0 0 0 0 0 0 
0 0 0 0 0 0 0 0 0 0 0 0 0 0 0 0 0 0 0 0 0 0 0 0 0 0 0 0 0 0 53506 63749 63508 61806 61047 59468 57159 54666 51971 49508 46374 43628 40526 36099 29333 28146 28098 28397 28071 28311 30974 33814 34365 37117 38095 39135 40242 40932 41845 42668 45419 46796 47885 48804 49500 49991 50457 50707 51962 44408 0 0 0 0 0 0 0 0 0 0 0 0 0 0 0 0 0 0 0 0 0 0 0 0 0 0 0 0 0 0 
0 0 0 0 0 0 0 0 0 0 0 0 0 0 0 0 0 0 0 0 0 0 0 0 0 0 0 0 0 0 53650 63543 62623 61445 60803 59729 57004 54433 51891 49695 45911 43456 40579 35944 29518 28339 27799 28412 28550 28135 31031 33638 34215 37221 38188 38919 39982 40856 41661 43272 45120 46768 48243 48666 49546 50383 50612 50771 51687 44635 0 0 0 0 0 0 0 0 0 0 0 0 0 0 0 0 0 0 0 0 0 0 0 0 0 0 0 0 0 0 
0 0 0 0 0 0 0 0 0 0 0 0 0 0 0 0 0 0 0 0 0 0 0 0 0 0 0 0 0 0 53922 63696 63161 61696 61180 59781 56952 54400 51865 49092 46657 43662 40348 35865 29304 28297 28276 28645 28313 28100 30897 33684 34325 37231 38241 38922 40110 41084 41619 43261 45225 46740 48198 48796 49821 49734 50624 50602 51986 44254 0 0 0 0 0 0 0 0 0 0 0 0 0 0 0 0 0 0 0 0 0 0 0 0 0 0 0 0 0 0 
0 0 0 0 0 0 0 0 0 0 0 0 0 0 0 0 0 0 0 0 0 0 0 0 0 0 0 0 0 0 54139 63536 63530 61999 61161 59371 56946 54638 51994 49535 46469 43635 40491 35789 29752 28214 28297 28407 28246 28042 30742 33734 34215 36802 38183 39185 39968 41137 42311 42664 44598 46914 47979 48560 49434 49656 50613 50871 51721 44397 0 0 0 0 0 0 0 0 0 0 0 0 0 0 0 0 0 0 0 0 0 0 0 0 0 0 0 0 0 0 
0 0 0 0 0 0 0 0 0 0 0 0 0 0 0 0 0 0 0 0 0 0 0 0 0 0 0 0 0 0 53790 63189 63201 61855 61357 59198 57254 54788 52130 49628 46362 43262 40460 36010 29612 28255 28435 28031 28267 28167 30888 34064 34412 36651 38173 39101 40029 40920 41409 43363 45065 46882 48316 49285 49247 50244 50051 51003 51681 44665 0 0 0 0 0 0 0 0 0 0 0 0 0 0 0 0 0 0 0 0 0 0 0 0 0 0 0 0 0 0 
0 0 0 0 0 0 0 0 0 0 0 0 0 0 0 0 0 0 0 0 0 0 0 0 0 0 0 0 0 0 53625 63805 63108 61853 61084 59420 56859 54649 51912 49526 45755 43275 40547 36067 29508 28064 28370 28044 28464 28369 30685 33458 34388 36683 38348 39113 40143 40872 41732 43026 45455 46642 48263 48828 49100 49694 50477 50956 51584 44278 0 0 0 0 0 0 0 0 0 0 0 0 0 0 0 0 0 0 0 0 0 0 0 0 0 0 0 0 0 0 
0 0 0 0 0 0 0 0 0 0 0 0 0 0 0 0 0 0 0 0 0 0 0 0 0 0 0 0 0 0 53424 63801 62856 61474 60714 59169 56364 54615 51531 49248 46349 43286 40797 35877 29369 28285 28129 28057 27853 28279 30672 34042 34527 36845 37865 39050 40143 40888 41877 42950 44773 46451 48020 49099 49435 50140 50875 50741 51512 44416 0 0 0 0 0 0 0 0 0 0 0 0 0 0 0 0 0 0 0 0 0 0 0 0 0 0 0 0 0 0 
0 0 0 0 0 0 0 0 0 0 0 0 0 0 0 0 0 0 0 0 0 0 0 0 0 0 0 0 0 0 53240 63913 63481 61475 61319 59360 56896 54501 51919 49328 46427 43316 40958 36148 29016 28306 28161 28257 28274 28367 30891 33926 34385 37180 37931 39440 39826 40533 41895 42645 45064 46619 47989 49095 49573 50057 50562 50807 51319 44151 0 0 0 0 0 0 0 0 0 0 0 0 0 0 0 0 0 0 0 0 0 0 0 0 0 0 0 0 0 0 
0 0 0 0 0 0 0 0 0 0 0 0 0 0 0 0 0 0 0 0 0 0 0 0 0 0 0 0 0 0 53709 63649 63088 61872 61209 59470 57075 54740 51899 49467 46164 43492 40878 36309 29209 28071 28221 27990 28043 27908 30760 33561 34335 36813 38145 39169 39995 41056 41895 42514 44868 46380 47819 49145 49565 50140 50693 50778 51902 44476 0 0 0 0 0 0 0 0 0 0 0 0 0 0 0 0 0 0 0 0 0 0 0 0 0 0 0 0 0 0 
0 0 0 0 0 0 0 0 0 0 0 0 0 0 0 0 0 0 0 0 0 0 0 0 0 0 0 0 0 0 53694 63299 62786 61446 61128 59753 56798 54466 52074 49850 46213 43776 40729 35927 29277 27994 27954 28074 28424 28167 30625 33725 33934 36922 38193 38972 40100 40658 41794 43265 45021 46542 48053 49059 49582 49993 50439 50756 51773 44403 0 0 0 0 0 0 0 0 0 0 0 0 0 0 0 0 0 0 0 0 0 0 0 0 0 0 0 0 0 0 
0 0 0 0 0 0 0 0 0 0 0 0 0 0 0 0 0 0 0 0 0 0 0 0 0 0 0 0 0 0 53648 63507 62988 62151 60640 59083 57385 54455 52091 49858 46041 43320 40482 35891 29421 28077 28336 28199 28438 28316 30688 33711 34139 36574 38031 39068 39807 40800 41762 43112 45232 46556 48210 48870 49648 50167 50239 51094 51683 44370 0 0 0 0 0 0 0 0 0 0 0 0 0 0 0 0 0 0 0 0 0 0 0 0 0 0 0 0 0 0 
0 0 0 0 0 0 0 0 0 0 0 0 0 0 0 0 0 0 0 0 0 0 0 0 0 0 0 0 0 0 53401 63741 63267 61725 61020 59474 56933 55055 51935 49586 46287 43332 39995 35921 29124 28415 28143 28271 28273 28240 30975 33596 34341 36657 37687 39126 40160 41401 41687 42973 44757 46747 48450 48592 49505 49898 50643 50835 51784 44332 0 0 0 0 0 0 0 0 0 0 0 0 0 0 0 0 0 0 0 0 0 0 0 0 0 0 0 0 0 0 
0 0 0 0 0 0 0 0 0 0 0 0 0 0 0 0 0 0 0 0 0 0 0 0 0 0 0 0 0 0 53606 63755 63323 62140 60927 59436 56984 54367 52177 49385 46624 43553 40353 36296 29333 28096 28176 28117 28227 28451 30796 33799 34267 36869 38333 39362 40050 41199 41721 43055 44592 46675 48131 49092 49371 49997 50467 51077 51520 44664 0 0 0 0 0 0 0 0 0 0 0 0 0 0 0 0 0 0 0 0 0 0 0 0 0 0 0 0 0 0 
0 0 0 0 0 0 0 0 0 0 0 0 0 0 0 0 0 0 0 0 0 0 0 0 0 0 0 0 0 0 53687 64077 63083 62251 61326 59438 57258 54937 52083 49215 46288 43143 40763 35909 29226 28306 28127 28101 28549 28441 30773 33747 34595 36614 38026 39242 40153 41066 42179 42648 44809 46543 47820 48253 49297 50121 50448 50554 51879 44370 0 0 0 0 0 0 0 0 0 0 0 0 0 0 0 0 0 0 0 0 0 0 0 0 0 0 0 0 0 0 
0 0 0 0 0 0 0 0 0 0 0 0 0 0 0 0 0 0 0 0 0 0 0 0 0 0 0 0 0 0 54057 64056 62985 61934 61378 59388 57216 54540 52526 49179 46382 43927 40443 36024 29258 28167 28330 28446 28324 28261 31148 33979 34683 36593 38229 39356 39977 41135 42075 43002 44425 46587 48290 48877 49775 50384 50376 50943 51498 44470 0 0 0 0 0 0 0 0 0 0 0 0 0 0 0 0 0 0 0 0 0 0 0 0 0 0 0 0 0 0 
0 0 0 0 0 0 0 0 0 0 0 0 0 0 0 0 0 0 0 0 0 0 0 0 0 0 0 0 0 0 54128 63850 63440 62146 61344 59468 56688 55284 52039 49805 46325 43463 40439 35935 29385 28297 28090 28367 28863 27905 30773 33885 34580 36973 38094 39199 40064 41186 41935 43168 45282 47434 47775 49298 49530 50258 50540 50948 51691 44791 0 0 0 0 0 0 0 0 0 0 0 0 0 0 0 0 0 0 0 0 0 0 0 0 0 0 0 0 0 0 
0 0 0 0 0 0 0 0 0 0 0 0 0 0 0 0 0 0 0 0 0 0 0 0 0 0 0 0 0 0 53685 63965 63286 61849 61335 59440 57020 55088 52287 49903 46259 43422 40690 36015 29399 28343 28130 28371 28412 28287 31136 33515 34315 36869 38201 39324 40002 41195 41740 43382 44962 46617 48252 48725 49766 49987 50580 51281 51482 44215 0 0 0 0 0 0 0 0 0 0 0 0 0 0 0 0 0 0 0 0 0 0 0 0 0 0 0 0 0 0 
0 0 0 0 0 0 0 0 0 0 0 0 0 0 0 0 0 0 0 0 0 0 0 0 0 0 0 0 0 0 53759 63627 63228 62298 61474 58645 57179 54614 51971 49374 46469 43611 40530 35816 29484 28454 28420 27894 28215 28349 31042 33602 34087 36753 38299 39267 40213 41145 41952 43108 45244 46709 47897 48850 49441 50126 50558 50671 51737 44542 0 0 0 0 0 0 0 0 0 0 0 0 0 0 0 0 0 0 0 0 0 0 0 0 0 0 0 0 0 0 
0 0 0 0 0 0 0 0 0 0 0 0 0 0 0 0 0 0 0 0 0 0 0 0 0 0 0 0 0 0 53856 63735 62742 61982 60611 59032 56767 54467 52076 49060 46408 43684 40747 36159 29457 27967 28360 28294 28222 28211 30878 33892 34444 37007 38048 39118 40064 41180 42352 43266 45151 46864 48161 48853 49530 50103 50536 50911 51727 44405 0 0 0 0 0 0 0 0 0 0 0 0 0 0 0 0 0 0 0 0 0 0 0 0 0 0 0 0 0 0 
0 0 0 0 0 0 0 0 0 0 0 0 0 0 0 0 0 0 0 0 0 0 0 0 0 0 0 0 0 0 53264 63801 63765 61980 61400 59194 56929 54255 52321 49413 46414 43258 40488 36056 29480 28103 28303 28132 28203 28391 30540 33673 34197 36723 38166 39230 39965 41129 41900 42587 44821 46470 48108 48850 49100 50255 50533 50406 51731 44476 0 0 0 0 0 0 0 0 0 0 0 0 0 0 0 0 0 0 0 0 0 0 0 0 0 0 0 0 0 0 
0 0 0 0 0 0 0 0 0 0 0 0 0 0 0 0 0 0 0 0 0 0 0 0 0 0 0 0 0 0 53492 63749 62886 61620 60986 58794 56645 55006 52003 49189 46075 43467 40085 35583 29301 27987 28274 28233 28125 28114 30623 33738 34153 36615 38115 39154 40156 41004 41850 42762 45289 47009 48570 48821 49291 49980 50957 51076 51713 44005 0 0 0 0 0 0 0 0 0 0 0 0 0 0 0 0 0 0 0 0 0 0 0 0 0 0 0 0 0 0 
0 0 0 0 0 0 0 0 0 0 0 0 0 0 0 0 0 0 0 0 0 0 0 0 0 0 0 0 0 0 53732 63182 63313 61608 60716 59104 57144 54712 52226 49585 46102 43533 40428 35927 29278 28239 28352 28235 28429 28153 30536 33924 34077 36600 38038 38959 40134 41016 41589 42971 44896 46789 47935 48630 49232 50096 50760 50673 51774 44566 0 0 0 0 0 0 0 0 0 0 0 0 0 0 0 0 0 0 0 0 0 0 0 0 0 0 0 0 0 0 
0 0 0 0 0 0 0 0 0 0 0 0 0 0 0 0 0 0 0 0 0 0 0 0 0 0 0 0 0 0 53533 63279 63194 61438 61412 58976 56780 54105 52329 49298 45839 43306 40355 35855 28931 28159 28378 28092 28376 28347 30591 33857 34334 36790 37946 39460 40156 40588 41783 42929 45067 46714 47987 48867 49108 49820 50471 50815 51263 44237 0 0 0 0 0 0 0 0 0 0 0 0 0 0 0 0 0 0 0 0 0 0 0 0 0 0 0 0 0 0 
0 0 0 0 0 0 0 0 0 0 0 0 0 0 0 0 0 0 0 0 0 0 0 0 0 0 0 0 0 0 53623 64085 63206 61605 60819 59080 56481 54882 51794 49347 46241 43786 40398 35836 29230 28141 28168 28361 28268 28082 30771 33863 34273 36560 37566 38981 39719 40694 41580 42865 44724 46331 47966 48788 49342 49886 50446 50858 51826 43950 0 0 0 0 0 0 0 0 0 0 0 0 0 0 0 0 0 0 0 0 0 0 0 0 0 0 0 0 0 0 
0 0 0 0 0 0 0 0 0 0 0 0 0 0 0 0 0 0 0 0 0 0 0 0 0 0 0 0 0 0 53860 63412 63007 62038 60915 59177 57031 54247 52084 49339 45826 43684 40479 36060 29377 28318 28110 28328 28164 27972 30924 33905 33895 36556 37927 39043 40272 41131 41452 42752 44871 46470 48249 48883 49216 49823 49972 50743 51918 44554 0 0 0 0 0 0 0 0 0 0 0 0 0 0 0 0 0 0 0 0 0 0 0 0 0 0 0 0 0 0 
0 0 0 0 0 0 0 0 0 0 0 0 0 0 0 0 0 0 0 0 0 0 0 0 0 0 0 0 0 0 53651 63495 63217 61972 61205 59344 57202 54601 52509 49551 46542 43429 40426 35868 29125 28199 28110 28105 27952 28126 30548 33705 34082 36699 38103 38915 39826 41166 42006 42969 45011 46866 48170 49099 49253 49890 50626 50528 51313 44034 0 0 0 0 0 0 0 0 0 0 0 0 0 0 0 0 0 0 0 0 0 0 0 0 0 0 0 0 0 0 
0 0 0 0 0 0 0 0 0 0 0 0 0 0 0 0 0 0 0 0 0 0 0 0 0 0 0 0 0 0 53711 63810 63147 61621 61308 58824 57234 54568 52027 49361 46440 43190 40355 35786 29450 28331 28229 28215 28221 27874 30665 33713 34097 37124 38174 39184 40069 40690 41567 42891 45102 46672 47997 48908 49674 50198 50298 51101 51571 44194 0 0 0 0 0 0 0 0 0 0 0 0 0 0 0 0 0 0 0 0 0 0 0 0 0 0 0 0 0 0 
0 0 0 0 0 0 0 0 0 0 0 0 0 0 0 0 0 0 0 0 0 0 0 0 0 0 0 0 0 0 52982 63289 62783 61912 61583 59461 56778 54360 52544 49507 46550 43487 40466 35794 29353 28429 28529 28199 28452 28167 30777 33646 34545 36759 38359 38802 40468 40859 41842 43126 44922 46265 48319 48874 49537 50353 50472 50870 51949 44283 0 0 0 0 0 0 0 0 0 0 0 0 0 0 0 0 0 0 0 0 0 0 0 0 0 0 0 0 0 0 
0 0 0 0 0 0 0 0 0 0 0 0 0 0 0 0 0 0 0 0 0 0 0 0 0 0 0 0 0 0 53422 63755 63595 62298 61237 59477 57087 54460 51314 49267 46300 43583 40571 36016 29629 28310 28364 28505 28509 28399 31001 34019 34339 37024 38259 39157 39993 40864 41870 43010 44988 47134 47928 48890 49299 49904 50776 50934 51488 44701 0 0 0 0 0 0 0 0 0 0 0 0 0 0 0 0 0 0 0 0 0 0 0 0 0 0 0 0 0 0 
0 0 0 0 0 0 0 0 0 0 0 0 0 0 0 0 0 0 0 0 0 0 0 0 0 0 0 0 0 0 53840 63971 63624 61794 61280 59383 57051 54680 52300 49479 46380 43902 40657 36086 29601 28455 28651 28295 28348 28043 30987 34062 34203 36896 37941 39301 40137 41006 42024 43244 45087 46926 48249 48808 49602 50337 50442 51023 51684 45061 0 0 0 0 0 0 0 0 0 0 0 0 0 0 0 0 0 0 0 0 0 0 0 0 0 0 0 0 0 0 
0 0 0 0 0 0 0 0 0 0 0 0 0 0 0 0 0 0 0 0 0 0 0 0 0 0 0 0 0 0 53493 63577 63417 61893 60973 59427 56465 54833 51680 49662 46609 43447 40364 36023 29561 28119 28394 28279 28409 28368 31043 33682 34213 37160 38002 39063 39978 41139 41920 42879 45339 47144 48158 48954 49628 50423 50458 50862 51732 44435 0 0 0 0 0 0 0 0 0 0 0 0 0 0 0 0 0 0 0 0 0 0 0 0 0 0 0 0 0 0 
0 0 0 0 0 0 0 0 0 0 0 0 0 0 0 0 0 0 0 0 0 0 0 0 0 0 0 0 0 0 54102 63766 63771 62141 61331 59549 57421 54695 52287 49492 46681 43588 40512 36108 29082 28183 28101 28267 28270 28439 31135 34532 34292 36779 38375 39186 40488 41264 41982 43376 45146 46348 47994 49298 49782 50166 50866 51210 52103 44474 0 0 0 0 0 0 0 0 0 0 0 0 0 0 0 0 0 0 0 0 0 0 0 0 0 0 0 0 0 0 
0 0 0 0 0 0 0 0 0 0 0 0 0 0 0 0 0 0 0 0 0 0 0 0 0 0 0 0 0 0 53904 64057 63306 62366 61067 59743 57408 54475 52505 49706 46836 43190 40813 36320 29400 28626 28614 28410 28209 28688 30679 33732 34674 36858 38024 39345 40346 41514 42012 43184 45334 46795 48579 49365 49466 50135 50373 51239 51574 44884 0 0 0 0 0 0 0 0 0 0 0 0 0 0 0 0 0 0 0 0 0 0 0 0 0 0 0 0 0 0 
0 0 0 0 0 0 0 0 0 0 0 0 0 0 0 0 0 0 0 0 0 0 0 0 0 0 0 0 0 0 54464 63604 63719 61803 61413 59578 57226 54820 52343 49443 46884 43820 40882 35986 29933 28552 28355 28683 28347 28217 30801 34135 34341 37125 38519 39323 40489 41359 41747 43229 44776 47491 48730 49295 49529 50245 50665 51316 51958 44762 0 0 0 0 0 0 0 0 0 0 0 0 0 0 0 0 0 0 0 0 0 0 0 0 0 0 0 0 0 0 
0 0 0 0 0 0 0 0 0 0 0 0 0 0 0 0 0 0 0 0 0 0 0 0 0 0 0 0 0 0 53996 64184 63226 61924 61433 59749 57154 54652 52156 49780 46632 43841 41230 36189 29588 28362 28534 28483 28549 28383 30767 33792 34618 36923 38518 39447 40472 41204 41989 43232 45342 47487 48443 49417 50024 50346 50503 51389 52009 44616 0 0 0 0 0 0 0 0 0 0 0 0 0 0 0 0 0 0 0 0 0 0 0 0 0 0 0 0 0 0 
0 0 0 0 0 0 0 0 0 0 0 0 0 0 0 0 0 0 0 0 0 0 0 0 0 0 0 0 0 0 53647 64276 63299 62035 61472 59824 57588 54974 52767 49951 46705 43836 40902 36045 29420 28516 28266 28379 28207 28235 31033 34121 34766 37067 38600 39156 40268 41079 42117 43068 45061 47127 48589 49088 49843 50822 50612 51196 51856 45232 0 0 0 0 0 0 0 0 0 0 0 0 0 0 0 0 0 0 0 0 0 0 0 0 0 0 0 0 0 0 
0 0 0 0 0 0 0 0 0 0 0 0 0 0 0 0 0 0 0 0 0 0 0 0 0 0 0 0 0 0 53840 63989 63459 62195 60838 59408 57553 55066 52533 49843 46419 43833 41024 36077 29749 28315 28401 28051 28290 28548 31032 34017 34284 37090 38649 39054 40419 41471 42018 43336 45200 47373 48887 49268 50231 50620 51044 50958 52182 45050 0 0 0 0 0 0 0 0 0 0 0 0 0 0 0 0 0 0 0 0 0 0 0 0 0 0 0 0 0 0 
0 0 0 0 0 0 0 0 0 0 0 0 0 0 0 0 0 0 0 0 0 0 0 0 0 0 0 0 0 0 53924 64330 63617 62069 61434 59650 57321 55140 52439 49878 46687 43705 41110 36419 29526 28327 28565 28699 28432 28305 30829 33735 34233 37067 38450 39682 40317 41159 41886 43218 45198 47144 48142 49501 49517 50548 50723 51221 51789 44974 0 0 0 0 0 0 0 0 0 0 0 0 0 0 0 0 0 0 0 0 0 0 0 0 0 0 0 0 0 0 
0 0 0 0 0 0 0 0 0 0 0 0 0 0 0 0 0 0 0 0 0 0 0 0 0 0 0 0 0 0 53984 64175 63644 62461 61761 60298 57660 55356 52680 49812 46660 43522 40885 36193 29794 28406 28180 28407 28510 28322 31132 33971 34810 36913 38348 39074 40686 41322 42024 43600 45270 47396 48986 49660 49748 50624 51025 50707 51957 44756 0 0 0 0 0 0 0 0 0 0 0 0 0 0 0 0 0 0 0 0 0 0 0 0 0 0 0 0 0 0 
0 0 0 0 0 0 0 0 0 0 0 0 0 0 0 0 0 0 0 0 0 0 0 0 0 0 0 0 0 0 53842 63715 63254 62285 61411 59903 57772 55098 52572 49957 46977 44176 41064 36263 29295 28313 28331 28229 28028 28460 30981 34048 34501 36896 38476 39254 40625 41204 41895 43243 45132 47180 48299 49226 50168 49829 50941 50956 52222 45054 0 0 0 0 0 0 0 0 0 0 0 0 0 0 0 0 0 0 0 0 0 0 0 0 0 0 0 0 0 0 
0 0 0 0 0 0 0 0 0 0 0 0 0 0 0 0 0 0 0 0 0 0 0 0 0 0 0 0 0 0 53987 64042 64028 62399 62033 59972 57458 55394 52423 49925 46621 43454 40954 36006 29425 28405 28302 28495 28350 27865 30705 33939 34963 36984 38184 39058 40698 41155 42351 43334 45389 47098 48550 49591 49921 50522 51227 51069 52084 44873 0 0 0 0 0 0 0 0 0 0 0 0 0 0 0 0 0 0 0 0 0 0 0 0 0 0 0 0 0 0 
0 0 0 0 0 0 0 0 0 0 0 0 0 0 0 0 0 0 0 0 0 0 0 0 0 0 0 0 0 0 53889 63862 63762 62539 61791 59365 57294 55329 52352 49670 46803 43820 40878 36207 29583 28216 28627 28355 28404 28486 31193 34141 34709 37048 38511 39460 40211 41003 42346 43048 45657 47647 48659 49397 49523 50477 50640 51726 51951 44980 0 0 0 0 0 0 0 0 0 0 0 0 0 0 0 0 0 0 0 0 0 0 0 0 0 0 0 0 0 0 
0 0 0 0 0 0 0 0 0 0 0 0 0 0 0 0 0 0 0 0 0 0 0 0 0 0 0 0 0 0 53851 63985 63322 62194 61367 59675 57560 55229 52388 49954 46574 44006 40816 35775 29579 28451 28533 28324 28413 28418 31114 33670 34694 37146 38032 39187 40669 41215 42079 43117 45127 46858 48677 49028 50184 50379 50824 51172 51948 44502 0 0 0 0 0 0 0 0 0 0 0 0 0 0 0 0 0 0 0 0 0 0 0 0 0 0 0 0 0 0 
0 0 0 0 0 0 0 0 0 0 0 0 0 0 0 0 0 0 0 0 0 0 0 0 0 0 0 0 0 0 53762 64315 63971 62424 61078 59517 57500 55249 52792 49812 46430 44022 41165 36234 29650 28585 28059 28267 28362 28276 31031 34036 34371 37088 38426 39199 40285 41216 42254 43290 45075 46843 48802 49091 49945 50066 50605 50543 52116 45235 0 0 0 0 0 0 0 0 0 0 0 0 0 0 0 0 0 0 0 0 0 0 0 0 0 0 0 0 0 0 
0 0 0 0 0 0 0 0 0 0 0 0 0 0 0 0 0 0 0 0 0 0 0 0 0 0 0 0 0 0 53878 63674 63006 61789 60795 59534 56879 54813 52512 49480 46174 43390 40527 35935 29303 28160 28350 28107 28255 28119 30857 33672 34360 36808 38049 39203 39987 41382 41732 43540 44767 46624 48008 48895 49657 49786 50322 50941 51271 44518 0 0 0 0 0 0 0 0 0 0 0 0 0 0 0 0 0 0 0 0 0 0 0 0 0 0 0 0 0 0 
0 0 0 0 0 0 0 0 0 0 0 0 0 0 0 0 0 0 0 0 0 0 0 0 0 0 0 0 0 0 25277 29604 29974 28975 28454 27572 26761 25554 24415 22863 21583 20434 18832 16786 13825 13145 13157 13140 13237 13236 14295 15606 16046 17393 17993 18199 18863 18907 19569 20075 21249 21991 22659 22843 23463 23255 23564 24014 24273 20526 0 0 0 0 0 0 0 0 0 0 0 0 0 0 0 0 0 0 0 0 0 0 0 0 0 0 0 0 0 0 
0 0 0 0 0 0 0 0 0 0 0 0 0 0 0 0 0 0 0 0 0 0 0 0 0 0 0 0 0 0 0 0 0 0 0 0 0 0 0 0 0 0 0 0 0 0 0 0 0 0 0 0 0 0 0 0 0 0 0 0 0 0 0 0 0 0 0 0 0 0 0 0 0 0 0 0 0 0 0 0 0 0 0 0 0 0 0 0 0 0 0 0 0 0 0 0 0 0 0 0 
0 0 0 0 0 0 0 0 0 0 0 0 0 0 0 0 0 0 0 0 0 0 0 0 0 0 0 0 0 0 0 0 0 0 0 0 0 0 0 0 0 0 0 0 0 0 0 0 0 0 0 0 0 0 0 0 0 0 0 0 0 0 0 0 0 0 0 0 0 0 0 0 0 0 0 0 0 0 0 0 0 0 0 0 0 0 0 0 0 0 0 0 0 0 0 0 0 0 0 0 
0 0 0 0 0 0 0 0 0 0 0 0 0 0 0 0 0 0 0 0 0 0 0 0 0 0 0 0 0 0 0 0 0 0 0 0 0 0 0 0 0 0 0 0 0 0 0 0 0 0 0 0 0 0 0 0 0 0 0 0 0 0 0 0 0 0 0 0 0 0 0 0 0 0 0 0 0 0 0 0 0 0 0 0 0 0 0 0 0 0 0 0 0 0 0 0 0 0 0 0 
0 0 0 0 0 0 0 0 0 0 0 0 0 0 0 0 0 0 0 0 0 0 0 0 0 0 0 0 0 0 0 0 0 0 0 0 0 0 0 0 0 0 0 0 0 0 0 0 0 0 0 0 0 0 0 0 0 0 0 0 0 0 0 0 0 0 0 0 0 0 0 0 0 0 0 0 0 0 0 0 0 0 0 0 0 0 0 0 0 0 0 0 0 0 0 0 0 0 0 0 
0 0 0 0 0 0 0 0 0 0 0 0 0 0 0 0 0 0 0 0 0 0 0 0 0 0 0 0 0 0 0 0 0 0 0 0 0 0 0 0 0 0 0 0 0 0 0 0 0 0 0 0 0 0 0 0 0 0 0 0 0 0 0 0 0 0 0 0 0 0 0 0 0 0 0 0 0 0 0 0 0 0 0 0 0 0 0 0 0 0 0 0 0 0 0 0 0 0 0 0 
0 0 0 0 0 0 0 0 0 0 0 0 0 0 0 0 0 0 0 0 0 0 0 0 0 0 0 0 0 0 0 0 0 0 0 0 0 0 0 0 0 0 0 0 0 0 0 0 0 0 0 0 0 0 0 0 0 0 0 0 0 0 0 0 0 0 0 0 0 0 0 0 0 0 0 0 0 0 0 0 0 0 0 0 0 0 0 0 0 0 0 0 0 0 0 0 0 0 0 0 
0 0 0 0 0 0 0 0 0 0 0 0 0 0 0 0 0 0 0 0 0 0 0 0 0 0 0 0 0 0 0 0 0 0 0 0 0 0 0 0 0 0 0 0 0 0 0 0 0 0 0 0 0 0 0 0 0 0 0 0 0 0 0 0 0 0 0 0 0 0 0 0 0 0 0 0 0 0 0 0 0 0 0 0 0 0 0 0 0 0 0 0 0 0 0 0 0 0 0 0 
0 0 0 0 0 0 0 0 0 0 0 0 0 0 0 0 0 0 0 0 0 0 0 0 0 0 0 0 0 0 0 0 0 0 0 0 0 0 0 0 0 0 0 0 0 0 0 0 0 0 0 0 0 0 0 0 0 0 0 0 0 0 0 0 0 0 0 0 0 0 0 0 0 0 0 0 0 0 0 0 0 0 0 0 0 0 0 0 0 0 0 0 0 0 0 0 0 0 0 0 
0 0 0 0 0 0 0 0 0 0 0 0 0 0 0 0 0 0 0 0 0 0 0 0 0 0 0 0 0 0 0 0 0 0 0 0 0 0 0 0 0 0 0 0 0 0 0 0 0 0 0 0 0 0 0 0 0 0 0 0 0 0 0 0 0 0 0 0 0 0 0 0 0 0 0 0 0 0 0 0 0 0 0 0 0 0 0 0 0 0 0 0 0 0 0 0 0 0 0 0 
0 0 0 0 0 0 0 0 0 0 0 0 0 0 0 0 0 0 0 0 0 0 0 0 0 0 0 0 0 0 0 0 0 0 0 0 0 0 0 0 0 0 0 0 0 0 0 0 0 0 0 0 0 0 0 0 0 0 0 0 0 0 0 0 0 0 0 0 0 0 0 0 0 0 0 0 0 0 0 0 0 0 0 0 0 0 0 0 0 0 0 0 0 0 0 0 0 0 0 0 
