# Format: McCode with text headers
# URL: http://www.mccode.org
# Creator:  3.6.14, git
# Instrument: FullInstrument_v5_working.instr
# Ncount: 250000000
# Trace: no
# Gravitation: no
# Seed: 1780554672963998
# Directory: scan_h10mm_r10mm_t1.75mm_2e9
# Nodes: 8
# Param: SourceE=5
# Param: DeltaSourceE=0.5
# Param: EI=5
# Param: A3=0
# Param: A4=-45
# Param: SAMPLE=0
# Param: RV_mono_Bool=1
# Param: RH_mono_Bool=1
# Param: Lv=1.872
# Param: Lh=1.34
# Param: monoShieldingWidth=0.062
# Param: monoShieldingHeight=0.14
# Param: monoShieldingDistance=0.235
# Param: MonoShielding=1
# Param: Be_filter=1
# Param: sampleHeight=0.01
# Param: sampleRadius=0.01
# Param: sampleThickness=0.00175
# Param: samplePosY=0
# Param: sampleFluxDiagnosticXWidth=0.08
# Param: sampleFluxDiagnosticYHeight=0.08
# Date: Thu Jun  4 09:34:01 2026 (1780558441)
# type: array_2d(100, 100)
# Source: PSI_CAMEA (FullInstrument_v5_working.instr)
# component: BackEndMonitor
# position: 1.78217 0 38.0453
# title: PSD monitor
# Ncount: 2000000000
# filename: BackEndMonitor.dat
# statistics: X0=-0.520642; dX=20.8007; Y0=-0.00066736; dY=2.91106;
# signal: Min=1.43621; Max=3.81428; Mean=2.69511;
# values: 26951.1 7.12585 2.79907e+07
# xvar: X 
# yvar: Y 
# xlabel: X position [cm]
# ylabel: Y position [cm]
# zvar: I
# zlabel: Signal per bin
# xylimits: -40 40 -5 5
# variables: I I_err N
# Data [BackEndMonitor/BackEndMonitor.dat] I:
1.841544988 1.825977287 1.860153053 1.976436806 1.877512104 2.061492195 1.988060776 2.041652511 2.088103352 2.203869658 2.232261331 2.280317094 2.336574185 2.241306565 2.437815406 2.437686608 2.467111802 2.572686023 2.57115202 2.63350677 2.738120721 2.69061431 2.868459406 2.795738752 2.884182021 2.920039068 2.858654386 2.958319751 3.038855753 3.07665449 3.102474357 3.07746912 3.287344903 3.256020054 3.161906222 3.344783729 3.35075832 3.242563815 3.380793688 3.396113727 3.517202088 3.446631427 3.471283898 3.621097757 3.572132277 3.568011359 3.548567832 3.524300287 3.555370638 3.542425229 3.354626934 3.450109521 3.632691312 3.568804417 3.579342868 3.467969074 3.351075113 3.527049441 3.429300394 3.394367387 3.377611976 3.506408305 3.386297304 3.273271914 3.27262238 3.160653375 3.19566709 3.07266869 3.193097211 3.205461456 3.102805992 2.919163085 2.969798075 2.870404906 2.848947383 2.775574907 2.645868011 2.646780004 2.688871842 2.497960552 2.567008124 2.498240577 2.415386173 2.489599754 2.313252919 2.09046425 2.125069786 2.257547207 2.154273151 2.108777827 2.048654096 1.996010915 1.955776054 1.952069841 1.86910774 1.877212518 1.777724871 1.715041318 1.70425676 1.630606625 
1.644354138 1.808985339 1.837838991 1.923009392 1.917976609 1.923352767 2.071303918 2.007754228 2.15578345 2.196869099 2.264488535 2.2511643 2.380835949 2.291714423 2.473617008 2.45447075 2.46578407 2.570006756 2.575263285 2.592714695 2.812231188 2.68558675 2.854984829 2.779518537 2.910076381 2.928910323 2.899555188 2.895050818 2.991552863 3.134535969 3.167325737 3.256974306 3.146028282 3.27056174 3.40753226 3.334591883 3.256815049 3.525630106 3.431995896 3.423384819 3.503762247 3.42956215 3.569963161 3.585512522 3.493765705 3.541827998 3.443849013 3.471764242 3.663724831 3.634921418 3.569856046 3.524101689 3.517988689 3.659554628 3.535138264 3.453452964 3.51252401 3.435077188 3.47753107 3.335340563 3.343013596 3.308512942 3.375659787 3.337750887 3.259046368 3.163418595 3.164923439 3.194755661 3.108687502 3.124467377 2.866142685 2.868161807 2.936403636 2.763893511 2.710271771 2.748667731 2.721247156 2.736406077 2.697070601 2.507884252 2.411060316 2.494532052 2.469446189 2.342764614 2.466328023 2.255484275 2.168690771 2.096290367 2.057507157 2.109461438 2.062138666 2.025227459 1.876403734 1.987384845 1.815413629 1.971235721 1.822406983 1.669688472 1.61775335 1.60567723 
1.759300044 1.814103558 2.001006518 1.988993967 2.009228687 1.940757421 1.993870189 2.105336944 2.179134079 2.222978512 2.352601591 2.232750086 2.404733555 2.429894958 2.5406752 2.438548533 2.492768781 2.689625939 2.631641882 2.567667833 2.77297161 2.680184802 2.705688529 2.72952125 2.743543372 2.734820795 3.024741897 3.028399494 3.104309268 3.171377722 3.055080238 3.23653878 3.168853557 3.443764707 3.36551329 3.285618629 3.291326437 3.371032629 3.451041248 3.310812227 3.419557254 3.465735452 3.636120376 3.659667218 3.699481542 3.555364458 3.510689798 3.565453521 3.460251301 3.56009409 3.614499966 3.510490524 3.482458587 3.453615925 3.45757713 3.596576365 3.436497008 3.445273747 3.423333327 3.475432166 3.26869631 3.220080473 3.202143883 3.33108566 3.208850013 3.192881824 3.11832532 3.123535857 2.970247502 3.044588966 2.941996893 3.009249198 3.05185802 2.732533847 2.719370682 2.782128945 2.585116172 2.62948402 2.715124889 2.676829739 2.467746837 2.554011204 2.406999495 2.236289129 2.323018901 2.234156348 2.268090487 2.096917849 2.201605976 2.119721751 2.040788037 1.899821711 1.959839528 1.897915319 1.839841302 1.835249113 1.868210689 1.691572956 1.625623942 1.681515628 
1.758003601 1.781844037 1.892278093 2.028988142 2.123102851 1.959749063 1.951197205 2.073737822 1.982836454 2.127460544 2.202744744 2.261855762 2.283244448 2.497557565 2.348637825 2.535848503 2.476199953 2.49616325 2.750047012 2.542200171 2.688676851 2.651956766 2.736485366 2.73861662 2.857180704 2.823991232 2.969934078 2.913295701 3.060102095 3.031024439 3.12059171 3.202331473 3.129830118 3.246855079 3.211306304 3.279708099 3.367523232 3.490525266 3.328307413 3.335951248 3.505752073 3.453886177 3.552885755 3.418232378 3.648067181 3.464912381 3.577665004 3.467153603 3.399086887 3.46618269 3.423143767 3.542942872 3.439082844 3.505862438 3.389750604 3.487574498 3.466217281 3.483516193 3.617521948 3.358351197 3.504359734 3.220295498 3.338050139 3.264683387 3.119897119 3.179661361 3.228833766 3.082772067 3.169871825 3.090377887 3.018193439 3.045390981 3.008338477 2.791709489 2.722068278 2.648711298 2.649894764 2.700721638 2.6795944 2.570991379 2.415332644 2.532126366 2.398585811 2.385570387 2.316407803 2.319970001 2.235934353 2.081909311 2.060016883 1.979796997 1.966561329 1.978436878 1.93829482 1.842591268 1.945352688 1.866860839 1.736352568 1.64277676 1.637859797 1.61214067 
1.791625423 1.850007147 1.995086722 1.979582166 1.940079438 1.944477527 2.113745296 2.033920723 2.148631462 2.149893428 2.314124941 2.333948375 2.255064444 2.446260836 2.4002176 2.627878929 2.497531078 2.467041082 2.689987856 2.650488668 2.796192579 2.9138419 2.934029343 2.926816588 2.89787835 2.924815265 2.964679252 3.008123787 3.237542517 3.096092378 3.176237198 3.152185785 3.185524133 3.265350173 3.123393273 3.259828121 3.406807409 3.383469932 3.417355332 3.509556266 3.444784876 3.584130336 3.540921946 3.571186818 3.523381201 3.436185932 3.463819853 3.508535094 3.602130924 3.568295834 3.605402704 3.576962959 3.648250897 3.474309838 3.559753085 3.555738829 3.269326909 3.275683093 3.429722672 3.261027147 3.330813573 3.366511211 3.462285483 3.366241616 3.301399942 3.189398333 3.031452275 3.117084165 3.078065248 3.097159863 3.013129789 2.977365772 2.965550158 2.845071376 2.890838383 2.651819805 2.678277876 2.633558363 2.59418904 2.528695504 2.404708966 2.52292909 2.501757345 2.20105503 2.293116522 2.218564294 2.171617241 2.215067338 2.102686067 2.050382662 2.02186946 2.045398303 1.999897909 1.881464483 1.836430546 1.747751886 1.771827324 1.675582961 1.682363098 1.575983509 
1.745446815 1.823873281 1.801508863 1.868978887 1.97378321 1.946987442 1.959624567 1.989637665 2.120020322 2.152946962 2.211456092 2.209921869 2.243791501 2.280139672 2.5040993 2.420472836 2.617322979 2.58202045 2.523163538 2.572161626 2.658689977 2.861775042 2.838895145 2.812330604 2.865376039 2.89689041 2.961467491 2.908964315 3.024183163 3.032839181 3.301830795 3.162775818 3.092922878 3.269384106 3.407200831 3.431003238 3.344719738 3.323118029 3.39966634 3.477774536 3.426351658 3.505558987 3.398001028 3.510469856 3.475607445 3.72527249 3.570000505 3.661720369 3.507793696 3.618569557 3.639867535 3.45907757 3.355631024 3.52741528 3.559293218 3.536351756 3.461874783 3.426941589 3.464258718 3.458470321 3.304648523 3.271611087 3.323885468 3.183053059 3.156340234 3.043876602 3.163192372 3.176821905 2.936851218 2.973574186 3.12413822 2.941587565 2.939550147 2.820260815 2.772743744 2.733050909 2.693298451 2.656884087 2.660750747 2.585395045 2.564242558 2.535786299 2.29328388 2.35799629 2.29710351 2.27092299 2.154891831 2.205602746 2.331222237 2.02529504 2.090264035 1.929736987 2.034991791 1.906389801 1.796037023 1.820029535 1.852354572 1.705165381 1.796498697 1.583350011 
1.728333281 1.756747269 1.882172532 1.84224627 2.027919643 2.039557315 1.956631011 2.272722985 2.049014551 2.24631419 2.158754902 2.281930796 2.367012051 2.499073661 2.422056387 2.330632338 2.478803518 2.524633631 2.524133922 2.640965233 2.75456227 2.77484773 2.639035379 2.765585376 2.709536164 2.959620419 3.099287104 3.02003648 2.955792818 3.122238169 3.062995543 3.126889842 3.154342172 3.339698333 3.235726026 3.215689706 3.438576538 3.430842734 3.237547873 3.466108795 3.351682992 3.510534075 3.437149358 3.589709121 3.475200553 3.607753165 3.540309766 3.557561641 3.575457316 3.47639047 3.490936198 3.461595577 3.438672508 3.387374631 3.58380857 3.538775006 3.368889376 3.446699295 3.492634838 3.220943927 3.320298921 3.420933075 3.481562662 3.242570444 3.100757758 3.107614014 3.088551051 3.183532368 3.020145319 3.057281712 2.93475861 2.831389612 3.076771191 2.919549479 2.727255966 2.71481377 2.789530585 2.603570606 2.485965918 2.544147833 2.45097467 2.310434756 2.509694058 2.447022489 2.278003433 2.340256426 2.159006074 2.1550428 2.052316161 1.979894595 1.952227578 1.9671401 1.887352897 1.988983672 1.794005512 1.839717603 1.641046641 1.676622947 1.616327584 1.620573221 
1.700798662 1.801785908 1.830784242 1.760597041 1.924801736 1.924410064 1.859418702 2.146164313 2.167574211 2.143189299 2.203640461 2.39893879 2.284432997 2.382917748 2.33337719 2.510380979 2.47724981 2.525051342 2.625903401 2.677812518 2.642109923 2.781482322 2.778459423 2.713566627 2.821587099 2.871428844 3.021377124 2.928485525 3.00852081 3.104755349 3.285793614 3.152601667 3.159071653 3.272274886 3.186310422 3.246031706 3.398712354 3.468258737 3.367931692 3.263104509 3.37873893 3.403262487 3.523952629 3.597880858 3.477275603 3.571626807 3.463636548 3.615083456 3.447561055 3.488598491 3.727425058 3.569891296 3.541910963 3.485811262 3.313923087 3.543162701 3.569188101 3.589214189 3.543913389 3.394119789 3.446303991 3.375158818 3.318279936 3.203460994 3.144341175 3.179874723 3.161658511 2.971131345 3.169203588 3.068285156 3.010988253 2.916426567 2.941971062 2.850440095 2.611358558 2.814883129 2.713722636 2.728961605 2.54710137 2.590290637 2.562422213 2.378051837 2.498621514 2.230388091 2.39451516 2.23260353 2.239790963 2.063086568 2.013729697 2.171109376 2.0532363 1.969522327 2.056094417 1.807496178 1.892069661 1.74175728 1.819385067 1.758868453 1.634769447 1.618324035 
1.793133134 1.916949616 1.756443379 1.8373305 1.855800025 2.075219209 1.996156797 2.037372648 2.106431007 2.094529012 2.123805661 2.300485683 2.200949326 2.285465286 2.463041439 2.462561363 2.523003386 2.408583323 2.570542543 2.637652555 2.640823831 2.838286552 2.807757726 2.841189904 2.749218949 2.930830957 2.987282609 3.054808598 2.989523967 3.075062566 3.078059231 3.160022165 3.169525192 3.258011799 3.295101143 3.263282576 3.455830821 3.300442375 3.512036283 3.541186324 3.518299574 3.512974063 3.378527186 3.485871503 3.612046482 3.509179781 3.620202514 3.54914362 3.602251776 3.574073109 3.493897817 3.443624715 3.493029514 3.651630268 3.512001213 3.544657996 3.319784674 3.472960846 3.476930078 3.291627674 3.283192133 3.402081897 3.292114369 3.330440528 3.169341464 3.234551183 3.150717909 3.061205338 3.002273093 2.894901732 3.052097939 2.938269967 2.864036286 2.775314766 2.802436401 2.848680911 2.716862619 2.724184396 2.704935435 2.621961182 2.564755178 2.359561277 2.363092257 2.315305353 2.227474389 2.343398366 2.210895643 2.194067939 2.092673706 2.03831846 1.933256726 2.015194755 1.884868798 1.797153187 1.839780684 1.812535597 1.802979717 1.672930268 1.628591076 1.633667434 
1.743711737 1.728462941 1.8741574 1.964282903 1.900273376 2.021756362 1.941598567 1.957302798 2.006100202 2.16427246 2.22761055 2.199168817 2.319113547 2.458547062 2.44441561 2.513197392 2.391908232 2.560664704 2.468750425 2.572471542 2.643660027 2.579391652 2.834247451 2.839787813 2.831639942 2.874527113 2.960729324 3.152054422 2.963819676 3.216463505 3.088923408 3.310618288 3.128245209 3.225185621 3.362121119 3.517750068 3.331043385 3.56529926 3.373151423 3.351742039 3.471107284 3.353168166 3.57383328 3.554144328 3.401962203 3.587517556 3.462748066 3.537925691 3.566940908 3.438425042 3.530461169 3.500042401 3.57886449 3.531393655 3.510969287 3.545197266 3.524402788 3.345099166 3.463742527 3.370049132 3.290432799 3.29557497 3.302434145 3.126108992 3.367571262 3.245393681 3.06156685 3.087639404 2.927580303 3.046350399 2.932593474 2.98913407 2.93135165 2.802527044 2.750320826 2.838186013 2.709467508 2.580043462 2.528940323 2.68914729 2.460484537 2.561565257 2.302806025 2.209448489 2.342926453 2.190159739 2.044953299 2.121009327 2.011416415 2.032796909 2.022608376 1.938777517 1.851049503 1.93446519 1.84937705 1.859936948 1.694806596 1.800949777 1.64124112 1.627933217 
1.747999391 1.816722904 1.883303711 1.922791093 1.826553137 2.003998767 1.969920049 2.126956343 2.086617879 2.203756576 2.205703155 2.141953568 2.353034939 2.336610446 2.445486457 2.407182178 2.435220147 2.478842051 2.708666218 2.545058294 2.688376131 2.703410212 2.823338611 2.731255457 2.612064971 2.886145899 3.011242516 3.046728858 3.174456906 3.078146541 3.233060421 3.114634299 3.168768996 3.303726293 3.251561232 3.308803614 3.320011505 3.244339852 3.381954456 3.498456346 3.41293192 3.552377662 3.479465999 3.432968825 3.494099787 3.473248707 3.562127024 3.440519291 3.572046024 3.523217898 3.615565154 3.675542355 3.381118135 3.459026989 3.644487608 3.415710495 3.329489839 3.383173793 3.443185255 3.442528969 3.144563807 3.153446911 3.21899763 3.157492681 3.426052959 3.162785577 3.153468068 2.963418392 2.978361349 2.943328399 2.901847108 2.811555978 2.802648242 2.885785055 2.810766047 2.719140276 2.67234586 2.596586382 2.691091188 2.501298095 2.561784631 2.400912691 2.401827805 2.173453249 2.212491926 2.173873173 2.145483159 2.177570968 2.088623874 2.047755945 2.18454472 1.979145768 1.863151619 1.83543235 1.785554074 1.740270965 1.769213136 1.612362523 1.66355782 1.616636465 
1.715739896 1.819846087 1.871768425 1.950664811 1.861438733 1.957940577 2.029517923 2.018150209 2.138421981 2.191346395 2.131936134 2.221732441 2.249128005 2.445022898 2.475880198 2.361689409 2.426601234 2.482341548 2.622244378 2.569241244 2.604982628 2.644741399 2.791203894 2.768542426 2.838852682 2.859525713 2.966393685 3.01468051 3.055368114 2.957360107 3.032159775 3.117922619 3.344655908 3.31788654 3.202347052 3.357349203 3.196754277 3.458217549 3.343096158 3.519885366 3.344811577 3.625479977 3.424635844 3.603415795 3.516179602 3.542525309 3.548849921 3.572965919 3.514833753 3.446565703 3.40383087 3.459559977 3.610042712 3.52950411 3.504563104 3.497935908 3.423864217 3.471594307 3.405019139 3.396673935 3.433956327 3.319276012 3.279856418 3.190643214 3.241185592 3.119350788 3.232522728 3.091487499 3.13053101 3.078162188 3.016978311 2.991546951 3.007049463 2.89133708 2.851301539 2.771226364 2.692059464 2.607133666 2.505369476 2.504029265 2.494024191 2.429046087 2.404180792 2.243642568 2.200519097 2.190614877 2.091867496 2.227681344 2.251636931 2.079106348 1.985607128 1.963139813 1.964552108 1.866660648 1.869122026 1.816734753 1.781124498 1.667433104 1.605110537 1.610095149 
1.762822765 1.763118072 1.88508572 1.933417383 1.951218321 1.927158738 1.930648749 2.136816171 2.183057978 2.128624797 2.133071084 2.162705016 2.222270895 2.392752834 2.488512362 2.481670919 2.473832975 2.568957803 2.667226508 2.601050655 2.680121414 2.783372389 2.753858616 2.763850268 2.7278537 2.858626408 2.82144151 3.154547153 2.885899537 3.035493241 3.102791954 3.249740485 3.302266215 3.145316147 3.249011155 3.155086585 3.357038803 3.347084149 3.298750595 3.40167354 3.410872584 3.450168082 3.6004933 3.386436524 3.45331406 3.626619935 3.631795833 3.627527038 3.509342483 3.58392235 3.380255438 3.574526454 3.541473444 3.486644728 3.53095933 3.501518211 3.373345949 3.35394718 3.370496148 3.265439135 3.35191094 3.447787682 3.471243232 3.123125054 3.136537868 3.157269102 3.014505874 2.951737806 3.121036151 3.05555627 3.00561729 2.836958457 2.802433089 2.746170792 2.724090977 2.771378335 2.644904934 2.596019547 2.56713044 2.473770183 2.460420633 2.437883182 2.338506891 2.274056744 2.322672348 2.244376108 2.179014261 2.172547607 2.13978398 2.008024104 1.903308767 1.855655613 1.82693637 1.953339633 1.889022024 1.682763496 1.782886088 1.71324338 1.743546012 1.55825587 
1.842681363 1.783205632 1.897177021 1.950221784 1.999004214 2.028760474 2.004817272 2.079974009 2.030442945 2.161953555 2.096560932 2.286253997 2.325640759 2.413353181 2.512588928 2.398298302 2.360501011 2.55815571 2.580147636 2.713896578 2.766491758 2.748725425 2.820759095 2.673542681 2.869715968 2.898738116 3.02851833 2.961930082 3.102919559 3.22498335 3.16844263 3.124794602 3.174119748 3.361150089 3.29900472 3.400998782 3.327237588 3.238808293 3.328699251 3.308128906 3.585839212 3.502260795 3.461961682 3.447573865 3.451885857 3.418198297 3.577870261 3.514043437 3.625264532 3.4499098 3.4634093 3.514477681 3.499005456 3.595063188 3.353506905 3.487159601 3.342859305 3.406106314 3.371977697 3.280694082 3.320031967 3.219593523 3.267924628 3.117654072 3.216307614 3.242410612 3.13468018 3.035479705 3.081771357 2.940736489 2.771278723 3.010080226 2.754470256 2.828680792 2.670822125 2.766906547 2.575896235 2.778665056 2.671933877 2.457393599 2.522911149 2.427469051 2.350276912 2.307761459 2.326187913 2.236362177 2.097771539 2.137857097 2.121562876 1.967978659 2.176911384 1.969760551 1.904313048 1.956783947 1.73686191 1.772780105 1.660794931 1.755418548 1.738591958 1.606138675 
1.867161209 1.845019582 1.77956692 1.712441368 1.995428081 1.948751017 2.018429518 2.112834155 2.123055338 2.163899506 2.182891588 2.197733035 2.214885629 2.19187737 2.459035812 2.477789442 2.332167823 2.435836276 2.62341789 2.695568535 2.647099055 2.726280942 2.895373416 2.809130379 2.859009684 2.983964762 2.984243134 2.914663826 3.098033973 3.012364446 3.152482219 3.164315246 3.289545582 3.183562432 3.284516393 3.158658523 3.330226288 3.290908009 3.276536936 3.321241273 3.410138501 3.413929144 3.51136639 3.481447797 3.499671394 3.597326419 3.474857363 3.54391542 3.622113881 3.511389575 3.501314933 3.650117592 3.449929446 3.544209963 3.446140122 3.393991997 3.323703977 3.488057035 3.33312785 3.311870562 3.259618175 3.189801136 3.249877366 3.229275996 3.257598035 2.993624263 2.966271043 2.994848091 3.107738084 3.027407091 2.911329003 2.899031347 2.828085477 2.825524747 2.6406564 2.767321906 2.686507205 2.623279752 2.658502668 2.534181097 2.55666451 2.588440979 2.391404127 2.299305805 2.268972881 2.296706381 2.236320942 2.126151113 2.204876387 2.144921416 1.957356627 2.015592808 1.895644503 1.94185796 1.839554309 1.758647959 1.667377016 1.688518364 1.770033915 1.622222876 
1.813395514 1.80265313 1.843390693 1.891207979 1.912422198 1.870490027 1.945890563 2.083386421 2.025972753 2.108091528 2.220344018 2.350775802 2.330813492 2.393816812 2.51868304 2.461895193 2.383869758 2.500088163 2.591454579 2.51799597 2.61763628 2.784322943 2.556713142 2.801063742 2.745720859 2.871794405 2.972765851 2.955674052 2.983470412 2.978309594 3.173321691 3.156408351 3.1670949 3.243375943 3.393439306 3.252132293 3.341159337 3.299019513 3.407914248 3.303965073 3.541055592 3.506187993 3.35836978 3.382373169 3.382559182 3.481288296 3.382574807 3.490114741 3.593116945 3.357343714 3.50932601 3.511834744 3.632391941 3.561053107 3.427755701 3.606194418 3.305193332 3.365390224 3.346805994 3.250560671 3.273819973 3.282721279 3.108402841 3.132511375 3.248771022 3.240038649 3.175568365 3.066774803 2.945521545 3.074271639 2.827918797 2.985932002 2.948026671 2.97537762 2.702631548 2.655782936 2.778390619 2.6192565 2.643610054 2.526238669 2.545040519 2.47572492 2.282345631 2.316855717 2.183327911 2.307692098 2.183496069 2.002224716 2.166609674 2.141281415 2.05910408 1.997683461 1.880378566 1.793028285 1.856496765 1.878301501 1.655615997 1.651663675 1.665559495 1.749645764 
1.723254163 1.757681355 1.797535174 1.845308234 2.023684277 1.928426865 1.989774076 1.894957228 2.107421286 2.186857142 2.196552542 2.309862549 2.31698164 2.384143311 2.31618914 2.449146616 2.427338611 2.566274549 2.548441368 2.71138552 2.626165842 2.613296733 2.831563202 2.727695105 2.856698028 2.892735292 2.914246116 2.778041476 2.964706393 2.974929495 3.147934341 3.088161199 3.284008974 3.149790289 3.380864886 3.401149637 3.352814145 3.370407849 3.468939846 3.199599143 3.453883086 3.498963722 3.45758547 3.501758087 3.397540031 3.535429825 3.499359878 3.56053055 3.533570322 3.565270705 3.509887748 3.362985159 3.473523568 3.282610951 3.422987288 3.240858952 3.402536795 3.264365996 3.526673125 3.28031406 3.423647275 3.250368557 3.185194981 3.327497046 3.108649411 3.144487276 3.085348179 3.118913841 3.098094929 3.077161767 2.810428513 2.831860198 2.93817035 2.738458741 2.662446705 2.735979849 2.569352901 2.549902633 2.466289155 2.559864197 2.412206007 2.501397672 2.403570665 2.235019855 2.34105149 2.194643228 2.225234609 2.077970843 2.056197763 2.081976399 1.973924997 1.933295261 1.916746153 1.913657613 1.747817295 1.769091533 1.738704085 1.666319963 1.556708913 1.59561737 
1.752927038 1.818522681 1.878660334 1.938793169 1.907512382 1.962002162 1.971969874 2.003045831 2.096252585 2.135200733 2.230928412 2.072509058 2.404716779 2.359054953 2.44161947 2.505185699 2.4909945 2.389170847 2.637035033 2.539449855 2.599945114 2.638125938 2.733461696 2.803420333 2.864148028 2.972614552 2.82859382 3.115027362 2.902249469 3.023643381 3.146031024 3.165934232 3.137615561 3.26395262 3.0877728 3.173895892 3.282330239 3.393245468 3.394047487 3.421707683 3.482651378 3.362867174 3.295422044 3.464061212 3.551164942 3.599654373 3.399835133 3.389449315 3.437651057 3.479898656 3.397195625 3.520669924 3.45662641 3.349128143 3.31752267 3.368160998 3.422212013 3.187527224 3.354857098 3.569553002 3.233878087 3.339174668 3.16096204 3.156285231 3.245892139 3.15113815 3.227963842 3.146457913 2.905151802 3.126687568 2.91333186 2.882631666 2.843896003 2.818718554 2.884618605 2.743540559 2.669675996 2.622267833 2.618516141 2.499551268 2.403079859 2.369741415 2.298497157 2.377101012 2.227614066 2.28293067 2.079222623 2.147784406 2.009084629 2.043465422 2.013889435 1.993650195 1.863956762 1.900894275 1.804983078 1.836345843 1.813731495 1.705592965 1.630577908 1.601028119 
1.774609637 1.933550251 1.7977476 1.918598748 1.949642111 1.961457456 2.086729443 2.024094496 2.10009403 2.179890469 2.221080266 2.140785516 2.117472073 2.322963658 2.428062651 2.55750258 2.497573862 2.601246641 2.658032184 2.50109794 2.599248285 2.701904939 2.619472907 2.793768856 2.767533421 2.737610486 3.064859913 2.974450351 3.078036067 3.105424814 3.076066346 3.179064245 3.152298156 3.153603033 3.304598558 3.302119354 3.354289978 3.356076286 3.259583864 3.308909638 3.349400123 3.470799508 3.46100345 3.393239791 3.504798749 3.567533022 3.471131947 3.410568194 3.569943062 3.551104936 3.509670541 3.525651177 3.492996343 3.589097682 3.366523298 3.439905026 3.328303314 3.368746361 3.467035147 3.32106367 3.392293163 3.312873586 3.216521341 3.26565938 3.066625409 3.22306289 3.093587434 3.111509476 3.074599579 2.98541503 2.940041774 2.919917429 2.88244398 2.775472933 2.78025381 2.653880063 2.64331231 2.561525263 2.676598536 2.355960448 2.459191665 2.508618417 2.475414729 2.371075642 2.282571188 2.096547047 2.167571695 2.056235884 2.099880783 2.141477694 1.970789571 1.980833258 1.910889306 1.855808613 1.83191818 1.751225843 1.739860755 1.609282866 1.710614248 1.630561825 
1.819575352 1.789746717 1.820821421 1.903729694 1.879636343 2.033456964 2.051514896 1.979428038 2.069832759 2.034610379 2.149742704 2.295060674 2.187897431 2.314935709 2.390853174 2.423717019 2.438817496 2.48022444 2.537725766 2.590955706 2.644815336 2.83906641 2.797032848 2.88413968 2.843439913 2.869180924 2.818156889 3.00912127 2.992468683 2.981896529 3.047998029 3.080209417 3.248487135 3.220950793 3.302585438 3.115912984 3.394209464 3.277938866 3.473237197 3.428956421 3.464045251 3.279549718 3.529701303 3.381244629 3.438748754 3.42262229 3.401470219 3.503275586 3.449063287 3.409803808 3.814277974 3.530491483 3.497655879 3.535075714 3.569841998 3.39854737 3.390154191 3.308976264 3.338626812 3.274981286 3.307900118 3.143335381 3.32017852 3.230989997 3.127579566 3.092942261 2.932599697 2.965716769 3.037144335 3.010071414 2.838048693 2.877451188 2.865128735 2.79215172 2.777247176 2.691693785 2.544727453 2.708320398 2.623096778 2.522642371 2.453702028 2.342776543 2.25993601 2.465963217 2.242559454 2.147733722 2.081468713 2.069466893 2.028134019 2.017246132 1.978170278 1.832383568 1.80027461 1.864276784 1.87831704 1.729522315 1.720967667 1.681975014 1.687300697 1.566975627 
1.648932044 1.785365972 1.711479377 1.922550045 1.952415517 1.853105445 2.056234626 2.069290835 2.031070902 2.23354589 2.227099172 2.298799416 2.298924985 2.443221119 2.284196148 2.35686849 2.549712142 2.554414479 2.547577336 2.519964766 2.492260972 2.72148112 2.700601108 2.918819512 2.833439837 2.883260842 2.793405993 2.95234414 3.206739386 2.992572174 3.048087319 3.185342885 3.189909757 3.156442873 3.235486988 3.259391529 3.255709278 3.288986364 3.359939457 3.324035236 3.431564501 3.461715562 3.369131709 3.483982973 3.546193969 3.446841002 3.595724418 3.426949764 3.410379029 3.474186578 3.409224365 3.355205031 3.428892969 3.324808227 3.322719198 3.564165527 3.453748229 3.442635306 3.346915735 3.270340312 3.197299001 3.421226615 3.280788372 3.159502558 3.061398402 3.166547666 3.142372511 3.011132299 2.968355023 2.962925131 2.953237456 2.979270897 2.843808379 2.734342863 2.67956744 2.671028711 2.653434942 2.644216802 2.603204913 2.60493166 2.417163902 2.450446731 2.231796286 2.326731128 2.307279714 2.13490473 2.20756866 2.110891846 2.049082148 1.982690487 2.073579804 1.974514092 1.942995217 1.789703011 1.944626806 1.702511925 1.716614203 1.675470212 1.765164811 1.581808924 
1.772467344 1.747345678 1.782375081 1.886886992 2.006847576 1.89365823 2.043002572 2.133594992 2.108704588 2.123278663 2.256026968 2.046807332 2.163331174 2.265149717 2.36040902 2.537581805 2.390758803 2.504719847 2.557057154 2.448679364 2.719586001 2.697747824 2.702908166 2.774445358 2.824702932 2.777226099 2.767686221 2.934753545 3.058851901 3.126352532 3.042597215 3.025050251 3.222600431 3.070498455 3.076282312 3.24134473 3.077826774 3.328496698 3.370321434 3.452509649 3.47761237 3.395982701 3.378365768 3.499259733 3.571954151 3.299840421 3.484571812 3.461332547 3.380392266 3.403667153 3.330529253 3.550299714 3.476673418 3.493308271 3.541827165 3.329464865 3.407758259 3.210016144 3.427425945 3.19807492 3.296846689 3.111057078 3.169387387 3.213052407 3.16068811 3.221480213 3.155380972 3.210553779 3.193041353 3.01216775 3.04793124 2.789763723 2.77880512 2.684011016 2.621002888 2.629641522 2.584578866 2.507639458 2.572448865 2.432641107 2.446482213 2.339965796 2.384956713 2.400343176 2.151090593 2.219124089 2.233204724 2.213640962 2.006638496 1.995428045 2.013300383 1.900338687 1.847112733 1.848972903 1.794015921 1.811718391 1.698784694 1.754298753 1.707817416 1.617113529 
1.816463232 1.769977561 1.912546786 1.816129467 1.923691107 2.008745931 2.040263602 2.174046632 2.124331069 2.120346938 2.221809362 2.244477149 2.241370605 2.220287368 2.271637754 2.370432621 2.353943142 2.411481091 2.69540888 2.542185754 2.594836041 2.760831718 2.824938219 2.692830308 2.704240499 2.894438104 2.810846934 2.97909604 2.994848728 3.051100003 3.07708133 3.046931862 3.118283303 3.188493274 3.295110027 3.448465132 3.218277999 3.321380872 3.217148055 3.261196861 3.422221189 3.412733725 3.544766038 3.359997959 3.634389281 3.479747385 3.385455767 3.412364845 3.53100994 3.484756983 3.549915454 3.386687951 3.349163081 3.489828627 3.411587039 3.463712242 3.343031346 3.302140103 3.250730379 3.208732059 3.368893478 3.204166133 3.168692134 3.255155373 3.169310165 3.213055333 3.164322411 3.119165009 3.011044077 2.834930304 2.996819705 2.772373958 2.592476706 2.677620524 2.770704622 2.751709767 2.747982898 2.565749645 2.681553605 2.57511587 2.528754686 2.455432915 2.274942372 2.312699371 2.363131971 2.097657878 2.240910892 2.102599046 2.075750057 2.095275431 1.980860166 1.931708734 1.664340929 1.870573603 1.77357546 1.754383226 1.817901141 1.592852819 1.645630524 1.632628881 
1.774496151 1.79269066 1.855808534 1.889405365 1.818699846 2.100489619 2.112223002 1.913219626 2.149775234 2.141050465 2.221197633 2.21167542 2.229740669 2.217768404 2.276419853 2.50372856 2.363309468 2.41276186 2.568116515 2.611916661 2.60631261 2.633176096 2.582974727 2.712510796 2.872761259 2.917678568 2.90173564 2.995843218 3.033444769 3.231705179 3.11373952 3.151386163 3.161303717 3.201612665 3.064909028 3.285995782 3.028759946 3.290107183 3.34237613 3.421938391 3.323263839 3.328577992 3.529803996 3.199637815 3.464627719 3.283622026 3.452577736 3.461705436 3.487156857 3.574625882 3.566566568 3.530990037 3.364262024 3.480080656 3.387832197 3.385725934 3.345406983 3.433545551 3.234221566 3.26186215 3.236771329 3.299320663 3.175146451 3.191754693 3.191163683 3.221148844 2.941894491 3.076955616 3.005775627 3.040041068 2.83019294 2.884042794 2.806251827 2.999190768 2.631501436 2.729206419 2.737995271 2.507721147 2.461045815 2.53087384 2.305032313 2.347159203 2.328822608 2.3656051 2.273203105 2.21022939 2.219680663 2.10156953 2.092908672 2.08118931 1.910651061 1.902545664 1.884549708 1.892179779 1.793059974 1.675321985 1.559558468 1.605392163 1.712117011 1.685225731 
1.804048722 1.798024786 1.829884147 1.863342027 1.884177305 2.039023942 1.955022662 2.040541323 2.162443905 2.014877328 2.20152083 2.165086129 2.379335981 2.275254397 2.424122499 2.417076262 2.547711987 2.563186865 2.585970714 2.622699024 2.62189607 2.686354357 2.626686814 2.795904951 2.849275415 2.79583185 2.899995225 2.919754176 3.029455818 3.104543263 3.26523053 3.074861211 3.101335272 3.141859692 3.197667028 3.145422274 3.250848371 3.269116081 3.277160205 3.361091851 3.248885306 3.317307379 3.331084815 3.341543051 3.445693198 3.431786817 3.470855948 3.4669289 3.296239117 3.558356075 3.370085139 3.434980351 3.539478849 3.433719309 3.476842944 3.362728785 3.334527304 3.299978996 3.285913189 3.432547918 3.204385433 3.288008053 3.122755729 3.22347493 3.196560332 2.990696503 3.061646449 3.010503589 3.005310128 2.969771934 2.781013146 2.863524839 2.890813834 2.827970021 2.719026321 2.602012112 2.768430818 2.645693853 2.409515459 2.370747431 2.472548908 2.401445398 2.335485689 2.370439603 2.232302904 2.135417941 2.038342342 2.178255456 1.993084104 2.036745862 1.99863755 1.987605377 1.94679009 1.863956417 1.75176957 1.821355858 1.703141561 1.7051551 1.647597951 1.496040348 
1.732025819 1.871481386 1.790970433 1.864776388 1.868180299 1.959339795 1.948876495 1.991632455 2.174876601 2.105098001 2.184473444 2.18813419 2.217359142 2.317807288 2.201899014 2.345943967 2.466241353 2.471835914 2.65727767 2.583739832 2.631139036 2.747425017 2.675189632 2.791204449 2.85320117 3.036521029 2.901850512 2.950242951 3.079269339 3.018585395 3.041616035 3.074688931 3.196162049 3.21492107 3.315726916 3.184478456 3.246436305 3.507130618 3.360512139 3.396069508 3.405356334 3.440691543 3.471802679 3.376726571 3.361487672 3.431723797 3.380072613 3.415539874 3.467684923 3.502159769 3.349297541 3.494481894 3.350578604 3.432372452 3.543649584 3.261966199 3.332794758 3.275602659 3.300088883 3.20587803 3.350109905 3.248145526 3.221132609 3.260293652 2.898574765 3.062180048 3.096566783 2.974564406 2.80883012 3.008412476 2.95895258 2.901513236 2.826345764 2.724759744 2.632045509 2.584667912 2.655576571 2.531445718 2.641213845 2.453029908 2.422454929 2.322310449 2.312457675 2.314840549 2.2842569 2.21092066 2.166685711 2.141452912 2.097800496 2.05944598 2.102924221 1.942543158 1.921581887 1.861314602 1.842325085 1.782700321 1.658011 1.57667374 1.678023708 1.594490624 
1.78221473 1.750166305 1.765586362 1.892223102 1.825080764 1.918600254 1.902966283 1.919633657 2.093716713 2.310747694 2.161639958 2.211393977 2.244428747 2.301217519 2.335510603 2.446432737 2.390585805 2.485454248 2.569918167 2.564447969 2.678317452 2.586613814 2.703974731 2.840883665 2.742977303 2.856687589 2.890994493 2.908090484 2.867560162 2.99082291 3.029723002 3.099439559 3.06665835 3.121215432 3.190305975 3.136224615 3.058395476 3.32560589 3.225345719 3.364725259 3.336130072 3.542885686 3.452374344 3.378811673 3.481855818 3.581518487 3.412994779 3.502846111 3.300107019 3.490606903 3.45601814 3.558160276 3.365901217 3.345117545 3.338719288 3.268259084 3.367046016 3.288103577 3.311877625 3.402529627 3.293291403 3.175498394 3.274427797 3.129979359 3.153642128 3.154493107 3.107403557 3.020185632 2.921465099 2.959214229 2.947669543 2.886853325 2.594127168 2.689369662 2.728648751 2.721137325 2.718143613 2.647654646 2.409021212 2.558905391 2.384996726 2.331584678 2.277740019 2.242552806 2.286210048 2.300670258 2.162074354 2.208095942 1.990397707 1.948453813 1.997371682 1.898700258 1.884268213 1.815985709 1.707841644 1.643136069 1.814726795 1.655396999 1.67247664 1.587360594 
1.662254455 1.796350134 1.877856605 1.860565713 1.903224087 1.942736278 2.023293049 2.070044002 2.204906529 2.149323982 2.142002723 2.129140164 2.363554871 2.291113611 2.274496474 2.2785929 2.468365751 2.553657281 2.627543216 2.554638626 2.595823121 2.731414427 2.672712791 2.772822256 2.85733093 2.835657669 2.925783082 2.843942616 2.956536607 3.070502659 2.985803935 3.084916909 3.100830694 3.130119616 3.253129276 3.341422844 3.378386797 3.226031357 3.360448521 3.375414004 3.277221569 3.330923251 3.49725802 3.468749206 3.45454895 3.53679252 3.416710545 3.508508346 3.480077961 3.424309084 3.47236847 3.441734944 3.435307604 3.392623585 3.355546137 3.340090339 3.375210046 3.210368522 3.231951584 3.302845673 3.173006143 3.308704148 3.232371531 3.154322252 3.043366768 3.091444908 3.05268902 2.880345456 2.904972545 2.9597386 2.831074824 2.828808978 2.763834584 2.732902298 2.755528769 2.654450442 2.522273505 2.676960962 2.478283528 2.529252459 2.328879813 2.299775379 2.284984774 2.161806854 2.319780499 2.164191305 2.282041301 1.957775453 2.121602591 2.013115045 1.950189682 1.925897341 1.939574758 1.839740776 1.759939424 1.654016784 1.711010401 1.743552115 1.609988737 1.578632724 
1.712842126 1.796878803 1.7322841 1.779425283 1.834990248 2.071992535 1.944488336 2.088049944 2.153221814 2.079067231 2.164855049 2.122392582 2.2160871 2.345904355 2.366556747 2.350480298 2.350526036 2.441083171 2.59073979 2.555379501 2.5256507 2.486051393 2.662807918 2.781919485 2.879706436 2.938332369 2.878748583 2.997762476 3.136642744 2.978423524 3.058900434 3.135946364 3.143439382 3.172351702 3.051951297 3.298737919 3.053559461 3.232823917 3.265685753 3.381558292 3.403850878 3.134041573 3.312946214 3.290227414 3.473974344 3.421796464 3.226804936 3.523891076 3.403985988 3.305235142 3.479221386 3.244885611 3.408286014 3.421890219 3.425316606 3.329765235 3.265608065 3.275190059 3.137010009 3.330387744 3.200142273 3.240110248 3.173822274 3.142458379 3.122952699 3.104876398 3.054302213 2.990957384 3.00527317 2.906356267 2.862391853 2.839406007 2.717719212 2.74198741 2.556405734 2.679548771 2.573756135 2.578247828 2.545131 2.53574374 2.397628132 2.326861841 2.257495417 2.239013024 2.259634544 2.227182966 2.142892783 2.082867582 1.941809761 2.022292684 1.936829075 2.055481927 1.891393526 1.787526147 1.773423688 1.794927259 1.737744324 1.628589881 1.618589253 1.664473286 
1.764427005 1.766846288 1.737634014 1.927856083 1.917691839 1.858330634 1.944116035 2.244399032 2.104530113 2.003696654 2.29158818 2.227505937 2.259184351 2.3393309 2.381764402 2.431839539 2.325543395 2.438085131 2.621626595 2.504863623 2.667256398 2.760942582 2.691167169 2.746609923 2.862997024 2.826664225 2.84508576 2.840299415 2.840970859 3.119133728 2.979603903 3.090377666 2.972885538 3.175010979 3.284399487 3.084578819 3.188968155 3.241717319 3.424078715 3.315311643 3.315489996 3.300121493 3.338662535 3.348535727 3.358418147 3.37458388 3.535667061 3.310279481 3.430405703 3.486559873 3.484415499 3.407571693 3.548170289 3.327864645 3.458313763 3.245695256 3.340691921 3.308250756 3.352919618 3.284008905 3.223295491 3.177820881 3.152084831 3.123519147 3.1515201 3.018819475 3.094380578 3.013098207 2.906202495 2.994672063 2.762945221 2.775576274 2.787077873 2.721277115 2.702281297 2.639391336 2.628272867 2.596707947 2.4451607 2.438057581 2.470560907 2.32831683 2.353399328 2.27713768 2.192966996 2.052659402 2.222326471 2.085517644 2.01543706 2.033077416 2.054972958 1.963608052 1.898387648 1.737634673 1.826402759 1.772835535 1.744279939 1.683682165 1.61119643 1.47978845 
1.698039049 1.754725386 1.776307261 1.993406875 1.88705099 1.880492569 1.953678287 1.953977304 2.112948119 2.107903473 2.229670019 2.21284713 2.22395407 2.308434163 2.412696953 2.395492806 2.340853089 2.570300327 2.410213782 2.52845109 2.671269981 2.690305552 2.73273715 2.736689299 2.892125141 2.763322104 2.964201456 2.936466938 3.084446616 2.935962778 2.956523438 3.102052385 3.175052882 3.167410015 3.303613497 3.285724239 3.32984846 3.09260165 3.211874386 3.272278653 3.482150324 3.436593613 3.270226094 3.309380082 3.450325646 3.382332545 3.41947053 3.528440973 3.436314393 3.36862705 3.300692585 3.20928859 3.361230886 3.437769105 3.293654313 3.37013042 3.475355786 3.366510646 3.403920046 3.214383291 3.110523829 3.380645324 3.143779685 3.174850057 3.07678243 3.110152411 2.924086734 3.006194811 3.019500762 2.883133895 2.863393199 2.730759355 2.802862485 2.704361306 2.808580187 2.670390727 2.710549943 2.591245137 2.579200084 2.361380408 2.369601711 2.284581682 2.344862158 2.479889394 2.199358273 2.256942549 2.131402604 2.171353954 2.081800939 1.921304631 1.992060677 1.918298014 1.831542905 1.879551428 1.864755081 1.76406659 1.698241844 1.679436127 1.695045317 1.632253924 
1.681346547 1.738546174 1.841345633 1.798148088 1.967542085 1.792362512 1.924946213 1.952763966 2.042588069 2.105380942 2.283651281 2.162935532 2.147696173 2.333620816 2.315457194 2.416010697 2.482299271 2.416691606 2.497204673 2.559894623 2.61764069 2.80455615 2.591729062 2.798462372 2.823486049 2.752888121 2.81119754 2.752121674 2.95306117 2.99012916 2.9005343 3.119206308 3.10174483 3.07984376 3.24065042 3.254370275 3.209897085 3.191121698 3.291900578 3.366569217 3.210594329 3.552830224 3.353224975 3.270419787 3.41373726 3.388979131 3.419238565 3.456028356 3.511982466 3.450764826 3.329180523 3.388834491 3.283693828 3.405566787 3.351893373 3.448340301 3.479391303 3.481013374 3.21969236 3.280869206 3.17679263 3.161900209 3.292311956 3.102564504 3.144757939 3.207563281 3.011877792 3.063892855 2.894360218 2.944680747 2.833864049 2.772074017 2.89077785 2.779294637 2.741652856 2.660873866 2.636010533 2.638138924 2.568191536 2.591732322 2.29421169 2.308523015 2.37410441 2.226936491 2.159716853 2.254499517 2.15917411 2.074086789 2.122304365 1.970046262 1.92220408 1.842743414 1.875886854 1.79275137 1.89382836 1.748146713 1.612097364 1.700396326 1.6124045 1.483329858 
1.758754811 1.871131887 1.694989588 1.849584603 1.95589619 1.961098794 2.032820869 2.03180696 2.109668404 2.12265099 1.954940165 2.137618838 2.233110175 2.258332318 2.336207904 2.311528302 2.422513253 2.448437349 2.423440296 2.565707109 2.594138633 2.665216465 2.751159759 2.672752954 2.766079797 2.967851829 2.981952138 2.806033349 2.861497165 2.833527955 3.052654414 3.149790046 3.016112263 3.163977601 3.122669181 3.22193956 3.155815954 3.328517486 3.207576891 3.355537651 3.371265491 3.301822654 3.360405524 3.364994045 3.338406997 3.526460997 3.456156666 3.624887865 3.445990259 3.337263098 3.442235952 3.480090032 3.4484159 3.322505445 3.390694605 3.253837839 3.319641852 3.331545531 3.152455198 3.303519289 3.257931409 3.103280006 3.310564331 3.214318887 3.130880688 3.057133273 3.028193779 2.986531749 2.981270148 2.881453127 2.741084486 2.835380518 2.690210865 2.778422959 2.716646627 2.630344906 2.602473683 2.515008151 2.466577407 2.522070349 2.343089295 2.475591022 2.345778403 2.245791454 2.16736892 2.185773373 2.181783338 2.03480321 2.015339062 2.03044828 1.984501473 1.861956647 1.940145028 1.794687422 1.828177229 1.755312805 1.712336796 1.662479603 1.597270398 1.633864906 
1.702165261 1.944695954 1.820833599 1.81446753 1.843645448 1.875578823 2.003235535 2.081903084 2.024747435 2.098356932 2.160684352 2.148096319 2.278395945 2.478257866 2.375966788 2.394579255 2.351708184 2.561400632 2.584647625 2.564621251 2.638982598 2.805795787 2.657163129 2.748945799 2.73712086 2.907840534 2.935057957 2.973410995 2.868109057 3.108598236 3.1772715 3.113690119 3.185013477 3.040363125 3.202825601 3.19226834 3.174974591 3.313928658 3.27844825 3.400385329 3.332886345 3.360863574 3.312382307 3.348638208 3.268000937 3.34022486 3.438217563 3.429531349 3.319118792 3.373547744 3.407778615 3.387291947 3.36835981 3.534019793 3.345551942 3.342728121 3.259515405 3.284889425 3.390299882 3.335512622 3.352179956 3.145036866 3.173193497 3.133311263 3.057388011 3.079437329 2.995537098 2.910580641 3.062961093 2.897605187 2.952802301 2.808205433 2.788858273 2.7038147 2.662975212 2.736013871 2.485150918 2.598736088 2.44844146 2.481031082 2.470596714 2.358836232 2.387987843 2.242338644 2.246040824 2.151039574 2.12368851 2.158696733 1.964503298 1.940241825 2.011289455 1.898270055 1.854670654 1.902243221 1.792911506 1.681778427 1.647527331 1.56964377 1.615562316 1.581715029 
1.672850302 1.823548462 1.703656049 1.859724938 1.807562008 1.933500557 2.106946343 2.071813343 2.078298306 2.10685295 2.134101156 2.187806949 2.309221542 2.271497202 2.334741336 2.270218326 2.469731345 2.363778034 2.498348699 2.516050642 2.592936592 2.637690195 2.673048261 2.663803343 2.718468245 2.880369869 2.876438974 2.847481862 2.934602863 3.107586774 3.064667041 3.162899729 3.0633405 3.098757747 3.181806002 3.274736839 3.112860267 3.249666348 3.258295573 3.329936287 3.391022519 3.416248562 3.41151136 3.317616366 3.464892068 3.519838468 3.418568132 3.440396939 3.42060307 3.350307067 3.395046199 3.505197592 3.422109293 3.415923466 3.322401009 3.216326735 3.284270227 3.38227187 3.307307777 3.206129091 3.309480616 3.129834146 3.176082799 3.226926172 3.194510438 3.016891631 3.100669287 3.022585359 2.907111616 3.00006531 2.806417659 2.885632397 2.786591738 2.658009959 2.663868894 2.658358512 2.631704465 2.507450578 2.431121477 2.352472441 2.379852985 2.31675715 2.237069868 2.228194401 2.09613548 2.1365102 2.212951502 2.132422787 2.041643856 1.971572752 1.948965044 1.86259714 1.900557317 1.722837911 1.821260993 1.591599014 1.709683425 1.699102805 1.650918527 1.562874137 
1.695016268 1.79252103 1.918534693 1.814949364 1.84693654 1.947842768 1.954210443 1.911178864 2.00925216 2.06273453 2.196641751 2.336030901 2.188733398 2.242751778 2.392396585 2.40189414 2.392724897 2.473016337 2.666013262 2.601079668 2.600000861 2.560918001 2.605452221 2.788937226 2.778973844 2.843569104 2.905540188 2.942761785 2.958405459 2.921110724 3.092959 3.093910311 2.969989671 3.147285136 3.262401433 3.26933647 3.306373412 3.278373847 3.352541736 3.428811888 3.477910788 3.351287427 3.385248599 3.450666525 3.290416852 3.412527092 3.303253111 3.353804968 3.447898868 3.543203702 3.466969365 3.341180059 3.423839116 3.234746914 3.310831934 3.219595158 3.368244509 3.311437423 3.268658463 3.207998705 3.321035439 3.149354139 3.182007916 3.180796436 3.129219012 2.970884698 3.029827009 2.970185296 2.858065248 2.790282683 2.829437075 2.837966782 2.706339574 2.671696644 2.605486964 2.53854443 2.506904063 2.635912665 2.436786693 2.499801566 2.474967581 2.390260604 2.330753212 2.398225554 2.177938779 2.241240573 2.041061764 2.046096857 2.020037351 1.991432729 1.83590753 1.931098589 1.926975517 1.817426378 1.85614231 1.65833261 1.701455443 1.746238475 1.690394093 1.436211391 
1.71822165 1.824479008 1.755765411 1.766297316 1.756704734 2.01554733 1.924104504 2.059925603 2.045166397 2.052329877 2.047197141 2.372580967 2.18492205 2.417394569 2.261787603 2.392826261 2.415006777 2.478389894 2.40259224 2.493202842 2.679672773 2.503179966 2.613049994 2.656924078 2.7702957 2.950972257 2.834228033 2.955049175 3.132935468 2.996610726 3.131660279 3.147243625 3.101967684 3.163290642 3.203361844 3.317886926 3.163684717 3.217721863 3.251517742 3.448723431 3.2701175 3.424582478 3.304186688 3.460871576 3.446887526 3.456695549 3.380687623 3.355513059 3.418836059 3.410245171 3.35498418 3.457253707 3.377194484 3.389683601 3.399341565 3.353134812 3.440252813 3.144921149 3.283479212 3.12441789 3.24935504 3.170657398 3.106513251 3.044145177 3.133893269 2.959508871 3.045566554 2.999005528 2.901980978 2.926291473 2.855802921 2.828208485 2.874817693 2.549454436 2.764911874 2.616691792 2.679410832 2.403319234 2.669703389 2.426689596 2.404951512 2.372140053 2.313786757 2.28615217 2.118674312 2.226758415 2.223045587 2.122661828 2.053757086 1.988031466 1.976153562 1.864001684 1.779576733 1.79702847 1.761075168 1.755006717 1.760182368 1.584203868 1.624748759 1.51845079 
1.819405919 1.761075449 1.839132396 1.848899665 1.850557684 1.960968535 1.92617587 2.034838585 2.054315974 2.129643882 2.081164834 2.316626306 2.308741728 2.133184567 2.339427041 2.400636786 2.373244284 2.448950228 2.582456215 2.442407075 2.616319507 2.655371711 2.668266669 2.76835074 2.881396878 2.742955652 2.883349053 2.864258188 2.92949652 3.027147798 3.137444186 3.088095246 3.151282425 3.050118249 2.99028527 3.189168652 3.311137215 3.17382445 3.266929854 3.262627332 3.217587851 3.294198923 3.405241156 3.291514567 3.383158533 3.276827917 3.33410527 3.276405152 3.343304427 3.382310326 3.403435965 3.429202171 3.442734453 3.399493841 3.270202037 3.291780739 3.495450592 3.118064565 3.366123453 3.118833099 3.08562768 3.19191403 3.171542434 3.088462355 3.187603071 3.083723485 2.828510233 2.991821097 3.017465921 2.925029779 2.866607743 2.673356781 2.860325291 2.674138784 2.633299852 2.719639861 2.644803935 2.489062179 2.515763198 2.456848598 2.399518436 2.27262254 2.257047591 2.228933829 2.392458318 2.098648692 2.028569342 2.056019262 2.002836027 1.959390475 1.998364018 1.846378213 1.794817992 1.856919741 1.772077779 1.764828269 1.737540101 1.629133035 1.679467598 1.583611901 
1.737609183 1.78180685 1.802783741 1.852107537 1.915193923 1.908994588 1.865937176 1.964026012 1.937985329 2.204454852 2.075274152 2.151717414 2.159181375 2.339387755 2.254322497 2.243801492 2.311895177 2.566454566 2.467627635 2.550881555 2.641228918 2.550307236 2.705696595 2.740586547 2.699486793 2.775447191 2.930090739 2.826955523 2.971059434 3.031107107 3.086480855 2.973585743 3.068647816 3.206426677 3.095710175 3.121564555 3.141335971 3.134421104 3.237670386 3.379492096 3.284554821 3.314057443 3.335075958 3.364372873 3.443097075 3.418837406 3.41822405 3.470916063 3.375612795 3.383764773 3.327462854 3.410621208 3.367349217 3.17803616 3.31732935 3.269220226 3.259533112 3.215962037 3.24825559 3.10758373 3.285124032 3.047535366 3.034554654 2.967779775 3.136761447 3.037331209 3.046387217 2.909909978 2.93645251 2.840809425 2.768007544 2.816963025 2.718818287 2.554291198 2.686692534 2.604142633 2.611284442 2.531296034 2.552950409 2.429880726 2.43857405 2.232162388 2.333077144 2.228480829 2.237321196 2.105902005 2.093675361 2.067700564 1.949160125 2.034710537 1.878038444 1.94792165 1.821307972 1.776793439 1.709291029 1.705443834 1.72080446 1.643767574 1.649125028 1.495676799 
1.653326854 1.817169952 1.798291001 1.781909897 1.86005789 1.875131196 1.998735632 1.958952884 1.999334823 2.01127212 2.190225937 2.282035722 2.033950993 2.136541555 2.313155609 2.271671583 2.165877452 2.504587359 2.620143545 2.628045991 2.515448853 2.650522152 2.737717744 2.692739583 2.828178476 2.850138276 2.819706418 2.825405995 2.911808939 2.927971792 3.032350044 3.036308072 3.089395584 3.120605867 3.115884387 3.164243444 3.25131446 3.299508258 3.324101497 3.313772879 3.285256542 3.283612082 3.28876921 3.287287613 3.401391468 3.369595368 3.363281509 3.318764368 3.414546604 3.312810352 3.379247625 3.437100402 3.254669757 3.274675458 3.457558181 3.385175939 3.302577612 3.351346148 3.314174999 3.109519692 3.123908545 3.143004975 3.176573113 3.092354922 3.103812308 3.155189546 2.966989222 2.948404556 2.887811422 2.839042532 2.894785039 2.838760514 2.887033213 2.658255213 2.596218221 2.592883378 2.636520322 2.506923525 2.51514955 2.417811476 2.532357102 2.311542226 2.260245359 2.243357308 2.192991184 2.21338858 2.110661766 2.077310829 2.011664898 1.894777512 1.913957683 2.010170616 1.854288543 1.825789529 1.723947935 1.659641957 1.777848859 1.68081805 1.614534836 1.565800195 
1.700228114 1.78658298 1.862292352 1.822523285 1.814309541 1.929336115 1.943344685 1.984036499 2.126024993 2.032194498 2.141932851 2.142790194 2.300171115 2.359117862 2.252738187 2.473662923 2.322173727 2.412363266 2.399216492 2.579373275 2.624985003 2.529084951 2.720529805 2.678400786 2.795824981 2.800907443 2.870064308 2.93347035 2.892732323 2.908204139 3.065283078 3.213315857 3.004856515 3.029681689 3.17698261 3.28690754 3.12277606 3.334795183 3.237349244 3.229865399 3.29885311 3.262698335 3.361515351 3.263619265 3.342380532 3.300708414 3.264314247 3.402443462 3.318920932 3.184805771 3.420168904 3.419415283 3.378565754 3.458766557 3.293395439 3.283613102 3.245300926 3.268905895 3.245165172 3.118308486 3.18264379 3.175594033 3.103595817 3.066429553 2.885285259 3.021906263 3.101633991 2.955936792 2.920194842 2.889225302 2.772602966 2.815134574 2.721081154 2.764583649 2.67581692 2.701707525 2.545256535 2.47375918 2.256480551 2.393275206 2.345297653 2.287411 2.312275112 2.155385372 2.134514528 2.254980682 2.175722572 2.100293774 1.928990906 2.026142794 1.897927816 1.906898782 1.848878367 1.727766379 1.603930617 1.763684489 1.732433859 1.598290444 1.498016567 1.51056174 
1.672452467 1.80524059 1.735750301 1.76351831 1.880482363 1.857122396 1.896124098 2.186794466 2.011583571 2.112608494 2.181935574 2.197197178 2.249691603 2.332433576 2.366694549 2.364417511 2.435311489 2.460608059 2.423744324 2.595711218 2.539807163 2.576231179 2.797383079 2.606461952 2.705993912 2.774216675 2.86804861 2.771383235 2.876117307 2.992489685 3.046660791 3.043639012 3.124505487 3.109100945 3.149723713 3.269645075 3.191043392 3.137865732 3.163268868 3.329472454 3.399042541 3.31533082 3.361898586 3.275496861 3.394737422 3.339418014 3.361743355 3.46158834 3.324100704 3.324655133 3.308128951 3.245962527 3.23594094 3.403130375 3.323554786 3.310687812 3.113138524 3.241644264 3.202554401 3.269764493 3.169929875 3.113166701 3.102385389 3.055691485 2.924187284 3.034038071 3.006330378 2.899999612 2.825347988 2.777200355 2.786540766 2.690445121 2.540809533 2.756443034 2.700468459 2.545425311 2.553953686 2.418586429 2.428994618 2.400683957 2.416530017 2.304937878 2.322310251 2.273148975 2.274843216 2.09848593 2.044057573 2.078497568 1.968659044 2.043056395 1.970567777 2.022678084 1.769178123 1.83239643 1.797602065 1.714892567 1.694108941 1.680312244 1.579884515 1.565373422 
1.772165746 1.694358747 1.830058214 1.78150959 1.768398843 1.899034821 2.020233426 1.94145201 1.945242517 2.183821041 2.197550616 2.032425696 2.196573478 2.200778037 2.292866997 2.333601731 2.418005474 2.390386423 2.341747738 2.558551982 2.545410484 2.49485846 2.692607909 2.771824017 2.8422429 2.797768989 2.991640721 2.891776621 2.778761547 3.018874651 2.981953926 3.029466507 3.102661841 3.107547333 3.114794357 3.113832294 3.303840014 3.248927332 3.19946043 3.185032546 3.151707622 3.21052107 3.267103376 3.45592209 3.37267189 3.209865629 3.389341788 3.422562517 3.216752982 3.248807446 3.271541444 3.367857316 3.268632261 3.313529342 3.253233577 3.279593447 3.249947926 3.345520269 3.27994613 3.172094043 3.194796768 3.228910115 3.006869293 3.151985059 3.16059726 2.89987785 2.940936767 2.947528945 2.750943066 2.678696268 2.878886313 2.731023906 2.691969809 2.592330935 2.660262213 2.518068252 2.615372886 2.344995242 2.527428323 2.388935897 2.455136253 2.407143594 2.371363796 2.203263434 2.222201024 2.120157927 2.053592493 2.061907696 2.029025674 1.987697165 1.943590762 1.880613791 1.749332665 1.744096562 1.780108481 1.64259942 1.583087344 1.668940238 1.591273631 1.556473182 
1.770450222 1.737309967 1.768583576 1.771167137 1.81982331 1.861822069 1.886622043 2.065449219 2.167196844 2.080105167 2.181965487 2.174890587 2.239653419 2.279731469 2.387042678 2.233432349 2.389504246 2.487125418 2.328179408 2.536436873 2.722430028 2.516196166 2.615469339 2.579827679 2.643581409 2.777231612 2.89128423 2.761088786 2.772493183 2.993805384 2.963437932 2.941494472 3.213474374 3.089928286 3.146402505 3.136902965 3.105281928 3.080451303 3.137931551 3.23795429 3.339287321 3.276737326 3.454866884 3.338896209 3.204251087 3.280423666 3.388140461 3.427871186 3.214295571 3.309661483 3.423306539 3.315103882 3.356301981 3.377693847 3.245766565 3.244295611 3.165435639 3.323566997 3.301010223 3.26341364 3.135401034 3.045641359 3.195110477 3.108113921 2.981299442 3.011638939 2.950942021 3.014300375 2.925033981 2.885506994 2.897298059 2.852032349 2.75222102 2.574352285 2.604936706 2.555620308 2.545858156 2.451880896 2.442690369 2.356229307 2.330990313 2.211328036 2.322933519 2.249420821 2.119457809 2.094071812 2.081708189 2.04641417 2.001458533 1.98492844 1.798166052 1.967011429 1.932689543 1.753985629 1.593163281 1.790458941 1.774604331 1.552876943 1.608783931 1.629706143 
1.655338687 1.710208754 1.854750188 1.794331724 1.888936626 1.890783913 1.96289891 2.10602067 2.058746501 2.065827697 2.053468213 2.073604271 2.178013627 2.327515973 2.244625889 2.358860577 2.299875995 2.450877891 2.400905231 2.386140734 2.632190446 2.490873396 2.620407846 2.703340396 2.856520687 2.80453458 2.794259774 3.07756064 2.895152887 3.036072874 2.947792255 3.125282238 2.960921276 3.179533272 3.065701534 3.099493692 3.18323313 3.228828818 3.206683444 3.05062104 3.263121154 3.219329587 3.279121439 3.33647881 3.173279295 3.378325859 3.355444956 3.369390149 3.271343943 3.239600457 3.316595162 3.431831123 3.273464192 3.220636988 3.336427659 3.334388348 3.359378804 3.249648917 3.321059485 3.195334518 3.260050638 3.005661858 3.247185466 3.046912435 3.067249703 3.046287145 2.957619417 2.853277914 2.974783167 2.91972784 2.674427163 2.642252269 2.745463033 2.702836889 2.684596135 2.45939289 2.431484868 2.541238058 2.526314172 2.434365323 2.240993078 2.402802825 2.246996068 2.281986223 2.206702333 2.161937522 2.0826599 1.98343897 1.979211628 1.990379304 1.824963489 1.848830514 1.845310167 1.729049898 1.759555189 1.720955655 1.681150806 1.627257514 1.530880802 1.550000121 
1.702090873 1.634102594 1.740829172 1.780206135 1.8590383 1.9338089 1.886218314 2.003001222 1.958721211 2.147134591 2.081683225 2.112177662 2.188671221 2.246314963 2.401159394 2.337993105 2.359855562 2.448973071 2.436981767 2.504540634 2.635594414 2.669488481 2.675264191 2.694832244 2.755410041 2.827362422 2.731932652 2.874767026 2.887231149 2.941689313 3.009228119 2.946808572 2.998031453 3.165453622 3.311773051 3.024636343 3.021696179 3.115029473 3.071876395 3.215932316 3.169135464 3.332641671 3.262362245 3.299727387 3.257996651 3.249614127 3.273593985 3.281533085 3.241599866 3.474324756 3.328564474 3.265976103 3.247709409 3.50018194 3.254334084 3.194943328 3.183880211 3.183184172 3.342141211 3.03106453 3.201957001 3.135623736 3.049850966 3.125509826 3.121162715 3.01462467 2.975403478 3.107984911 2.813269102 2.886929824 2.738373672 2.761543778 2.594262974 2.574408682 2.668702206 2.567290832 2.583658255 2.425831688 2.422483905 2.428641441 2.416783426 2.280681884 2.174502416 2.229116811 2.181571765 2.097210234 2.033553847 2.024218274 2.011277657 2.03184034 1.923401686 1.831535368 1.85857481 1.712955338 1.725278379 1.648348415 1.760212152 1.672563373 1.629891943 1.638259848 
1.634479423 1.720282443 1.784546308 1.818503042 1.933425991 1.908777915 1.97658775 2.012141663 2.040216485 2.049214293 2.193686585 2.123886606 2.130817525 2.269697988 2.278868685 2.288404036 2.270744949 2.312525511 2.408364383 2.397274102 2.512461239 2.510017203 2.629839608 2.708152706 2.70984768 2.746771163 2.815017518 2.891312117 2.883860048 2.817179042 2.999975243 3.050416724 3.119678093 3.154371269 3.068364579 3.132506135 2.99030507 3.120671202 3.299454796 3.272247201 3.25752126 3.332839181 3.212243761 3.270930025 3.351608619 3.343985026 3.313476753 3.179330596 3.40513887 3.2577101 3.352071681 3.362559602 3.324554484 3.304111918 3.456512602 3.223792431 3.239534097 3.327175735 3.287600112 3.249932643 3.200883913 3.179803076 3.232429696 3.021089828 2.979527305 2.981485984 3.025627502 2.993177988 2.874156973 2.811718279 2.771738397 2.666235165 2.607068359 2.578292592 2.557572605 2.576510535 2.628142872 2.367680444 2.447840014 2.327503427 2.291382921 2.279232783 2.188207721 2.143750089 2.224163562 2.236622575 2.168345872 2.115546603 2.050753336 1.929676873 1.743666534 1.74313103 1.776546185 1.874544366 1.756812027 1.690700204 1.667041916 1.692080233 1.66372621 1.56746181 
1.669337523 1.78759122 1.682688785 1.791331104 1.884626145 1.934515324 1.967656766 1.936178749 1.931052231 2.135244866 2.081973931 2.173345909 2.183116395 2.239567581 2.364116755 2.368748412 2.283823551 2.388450982 2.498311546 2.505370227 2.618858027 2.63523115 2.622533447 2.679363749 2.71803528 2.827715288 2.943865148 2.746950905 2.90398967 2.942955417 3.052839181 2.940357251 2.918889381 2.958556985 3.168214036 3.186940482 3.241288664 3.176298141 3.210424709 3.249602493 3.298292658 3.251431956 3.414127287 3.449701573 3.10805435 3.313242687 3.491459032 3.364890758 3.333269921 3.259926791 3.42344181 3.303987425 3.324136424 3.418849456 3.219234524 3.317799106 3.30423824 3.283793064 3.193740039 3.187161076 3.057867415 3.184366588 2.973292092 3.087658406 3.105618973 2.951586915 2.988345986 2.901477275 2.898085506 2.83546586 2.82311722 2.751326381 2.794723783 2.652489202 2.700488855 2.664484863 2.558010167 2.618895947 2.33205555 2.513321904 2.368205608 2.235477606 2.176778956 2.203191266 2.151668626 2.157202101 2.138756677 2.149543587 2.061769332 1.9914855 1.905688976 1.862873969 1.739339903 1.809835135 1.72833651 1.76478012 1.695585444 1.663701444 1.573078687 1.546514158 
1.68804025 1.987719725 1.796907602 1.897336587 1.857861802 1.892690423 1.972662294 2.051350677 1.973623167 2.17074063 2.117638833 2.229984432 2.159227715 2.332768462 2.276279325 2.332684684 2.365707607 2.449721708 2.492841464 2.541267248 2.477396868 2.591610777 2.627108103 2.813401262 2.564746803 2.790868532 2.847249616 2.876222351 2.849193042 2.898904305 3.08617501 2.892733952 2.957380315 3.0091167 2.988569759 3.115559779 3.158887096 3.347154797 3.162937274 3.355342783 3.391556479 3.191177516 3.306872138 3.288244259 3.250663448 3.261492701 3.347149733 3.234545856 3.272742531 3.470688468 3.323200007 3.286489055 3.385158535 3.422832505 3.265946227 3.3087069 3.197931892 3.251144141 3.090838511 3.259794293 3.253814023 3.184881301 3.088765822 2.964611502 2.984148436 2.991973606 2.959051181 2.962524733 2.842180997 2.885519211 2.788616762 2.802448054 2.672089742 2.733206718 2.651637606 2.556559668 2.524732455 2.520561401 2.4788781 2.396037884 2.237021487 2.295971972 2.233335871 2.203029086 2.177555275 2.103010493 2.163287971 2.028375161 1.878263684 1.91340925 1.982255026 1.807571913 1.914867947 1.812461383 1.715780919 1.613642123 1.667789664 1.575883542 1.608863332 1.646462176 
1.619706851 1.795586754 1.792393693 1.887129291 1.771352143 1.748144853 2.038405676 1.882483988 1.960584457 2.052503326 2.072424491 2.243143389 2.254762221 2.317016741 2.218691004 2.425817278 2.46958617 2.427853455 2.460039274 2.427381385 2.45844015 2.740393893 2.534782553 2.820715392 2.719168038 2.91023545 2.75066517 2.966889807 2.948477597 2.961800646 2.963453664 2.99632281 2.892476539 3.160717974 3.100111128 3.228286597 3.112033401 3.115438074 3.176643993 3.170803075 3.138308535 3.195106306 3.438675887 3.186679011 3.432005622 3.304315452 3.4402154 3.458752312 3.15385831 3.355880065 3.297345545 3.247463663 3.271290242 3.165367651 3.299846282 3.232120392 3.125093986 3.2068904 3.225342785 3.262169505 3.214288703 3.159734903 3.058866163 3.063456044 2.977706207 2.968260526 2.967284326 2.827415723 2.917131311 2.640953434 2.807649349 2.833739165 2.752569866 2.623734996 2.605545376 2.586742224 2.493938485 2.58214275 2.482441334 2.396922273 2.343860004 2.372922543 2.167594096 2.115393307 2.174188439 2.15324014 2.087610847 2.047673286 1.985105262 1.948367708 1.926085568 1.906770887 1.845048369 1.802931657 1.736161401 1.713863376 1.620230385 1.662816103 1.684232046 1.453312228 
1.665981403 1.797917221 1.841851042 1.847774047 1.845256124 1.81222727 1.903139193 2.011428405 2.078084783 2.04631293 2.072899009 2.204109031 2.281424634 2.200042329 2.22043199 2.308760683 2.54664646 2.400601146 2.565724999 2.488515729 2.474211386 2.590710456 2.653602161 2.600379511 2.675636813 2.81729704 2.823567418 2.838157844 2.802014329 2.907148556 2.955690193 2.947054007 3.025143169 2.979799952 3.031630714 3.152493426 3.158995513 3.184227978 3.251097255 3.238335307 3.295151771 3.273671417 3.24167523 3.367690588 3.246401852 3.327302749 3.371295707 3.265667507 3.299997833 3.40850915 3.328216765 3.241602717 3.243643977 3.488137119 3.341523881 3.196132496 3.182627216 3.104565227 3.272878769 3.213855728 3.239866587 3.07893986 3.112422951 3.107096286 3.083969074 2.979799307 3.159045098 2.891801291 2.827564191 2.890025785 2.712690526 2.87306602 2.654973332 2.716048223 2.618728115 2.496410744 2.552433415 2.465738624 2.427939206 2.376955155 2.337726975 2.303183123 2.286154673 2.205185362 2.129319511 2.034668915 2.120975275 2.057450645 1.933848379 1.892447534 1.881034225 1.905948116 1.77067045 1.70075388 1.618793188 1.760210773 1.648059633 1.561793982 1.569615629 1.606619252 
1.702966955 1.752831451 1.670418297 1.866356559 1.786047595 1.88083666 2.035815042 2.01988741 1.986133003 2.048873341 2.175193754 2.043233925 2.183255624 2.345951816 2.115529908 2.329624072 2.330129454 2.53756436 2.450214209 2.409818566 2.546391451 2.634295737 2.682810519 2.763111083 2.738334552 2.727053821 2.784952849 2.892830644 2.850743544 2.767572411 2.896968378 2.898311417 3.014432923 3.160128806 2.951453762 3.057071872 3.287604446 3.263051191 3.151301445 3.304461159 3.165426748 3.431794533 3.285999122 3.322187924 3.40727754 3.323853846 3.296377062 3.311821896 3.163567195 3.268793086 3.400920352 3.291064144 3.226243441 3.260647615 3.260427638 3.302636928 3.326610767 3.172318821 3.120232149 3.264401318 3.17085992 3.206742533 3.064958437 3.159236766 3.054842144 2.948461282 2.916147857 2.947076458 2.917023542 2.952050436 2.84439683 2.979495418 2.702643667 2.658768444 2.599253059 2.559397135 2.585154259 2.53319225 2.531035866 2.455058626 2.202740452 2.371794039 2.155216369 2.163186588 2.223432773 2.142227675 2.117647309 1.992741155 2.104105694 1.86886639 1.916967472 1.844034563 1.808235617 1.845014558 1.675027971 1.745344216 1.624116821 1.577454447 1.447101917 1.539582384 
1.70850806 1.826876982 1.670549124 1.834077357 1.840309456 1.861103978 1.935258171 1.963031077 2.006658646 1.988303391 2.134655637 2.217811209 2.220246247 2.224184362 2.251986271 2.383461533 2.365825045 2.336203013 2.499062069 2.538460945 2.677034739 2.593195223 2.726569248 2.499246643 2.718127328 2.761237594 2.753640714 2.911936568 3.010880354 2.907272489 2.968794423 3.109121816 3.001586086 3.142688148 3.135132492 3.067198175 3.185283509 3.081006949 3.142441788 3.198211269 3.247277941 3.211602983 3.331057982 3.131882927 3.389246729 3.195699399 3.244487781 3.316398948 3.295192317 3.349614183 3.299574854 3.355726334 3.377271265 3.223723244 3.325932199 3.310871919 3.176733651 3.070928918 3.169154403 3.077326332 3.273599121 3.134911187 2.951497349 2.893720048 3.095713606 2.994728802 2.930982341 2.818922379 2.85296008 2.815823555 2.853857798 2.746512391 2.842800515 2.676660867 2.669274526 2.600962355 2.547461099 2.406207 2.456809058 2.383544724 2.299529969 2.236961559 2.110971346 2.016347774 2.193434978 2.139789791 2.102372352 2.062478871 2.012311129 1.81117167 1.881655904 1.804811941 1.831763371 1.858741973 1.780686667 1.739434743 1.646896748 1.60859808 1.520860313 1.476286745 
1.708475729 1.854115216 1.822955246 1.706080109 1.855304376 1.970616107 1.896258117 1.98248582 2.04567225 1.95757547 2.08708767 2.148631253 2.228626635 2.395451031 2.253358664 2.441225831 2.424062238 2.573354295 2.392915732 2.595234566 2.576751393 2.536489877 2.67266127 2.663391764 2.694243986 2.834719015 2.684838 2.866458816 2.922248494 2.914668637 2.91844527 2.965353891 3.101887532 3.063500372 3.18818431 3.094198887 2.991456476 3.244852381 3.185266776 3.283647246 3.257427877 3.262787221 3.239531381 3.315966085 3.218470308 3.267677466 3.260942708 3.326597515 3.286460258 3.374856201 3.280982558 3.333864645 3.266984933 3.293835368 3.234921702 3.185320528 3.32000187 3.16309664 3.226139979 3.088234949 3.287890613 3.068309035 3.089938503 3.062325115 3.048344487 3.166895748 2.980440859 2.956344949 2.770522656 2.921775897 2.837465541 2.769628045 2.730018715 2.70819247 2.618348506 2.451890975 2.462788656 2.504998837 2.4457166 2.294383183 2.351569957 2.265869315 2.298115989 2.162964807 2.089294847 2.064423824 2.062239326 2.023674587 1.937667206 1.869060042 2.028922314 1.854210844 1.787932132 1.661296426 1.727793704 1.617906769 1.720665702 1.647653689 1.645527576 1.501330981 
1.686262874 1.775973365 1.775066993 1.826561257 1.879185548 1.904200486 1.895021023 2.06399516 2.021890921 2.122030763 2.087856424 2.147315338 2.172716225 2.251251915 2.401679599 2.382073752 2.407629699 2.36770459 2.518979262 2.471606851 2.59173566 2.623475985 2.714716037 2.73475422 2.840892593 2.82513682 2.813174707 2.83920262 2.83287124 2.839956685 2.882574462 3.08394744 3.065623178 3.112105998 3.169978256 3.15477826 3.229255316 3.378237537 3.168579805 3.231271965 3.203700998 3.189425095 3.325192413 3.412883053 3.278191996 3.268313766 3.378556838 3.287443646 3.225159995 3.381463591 3.413801343 3.234355415 3.264358961 3.256369436 3.260936213 3.218829033 3.322186733 3.305455085 3.134924445 3.136612156 3.145904733 3.131982763 3.044284697 2.975993841 2.971454894 2.904606965 2.817459302 3.006011173 3.065576102 2.973956402 2.836801271 2.778459811 2.750629506 2.715419169 2.563622878 2.568859678 2.507075626 2.592918607 2.430222996 2.472515303 2.390801836 2.298513251 2.199279321 2.332144011 2.118775153 2.243307406 2.08569385 2.169997407 1.991592847 1.959529841 1.924204315 1.881994209 1.809331683 1.757167405 1.734456015 1.694669041 1.67109447 1.613237722 1.501899205 1.61426828 
1.743270309 1.741187463 1.647453205 1.868856314 1.900049495 1.879336437 1.897843651 2.067489616 2.050906133 2.072401051 2.180701188 2.251244184 2.229604512 2.196308106 2.220412786 2.289004262 2.363086256 2.371282829 2.560609609 2.451713575 2.635449929 2.614345088 2.827190593 2.604500604 2.594723042 2.684118072 2.802165579 2.921663554 2.880489774 2.802473966 2.945663166 3.00625287 2.880328323 3.173583495 3.189962218 3.229109651 3.165922827 3.201744097 3.064048044 3.252101551 3.199310783 3.265921721 3.343098189 3.373473284 3.278435558 3.485566033 3.310656054 3.340706291 3.23559361 3.171923423 3.275636887 3.299525451 3.298718271 3.247537179 3.160803199 3.250732387 3.239152325 3.144334274 3.174924994 3.228770819 3.165014201 3.085921553 3.040807154 2.998624966 3.050929225 3.082844927 2.987612682 2.888101816 2.867293068 2.829775924 2.778170084 2.787247098 2.667674745 2.715177785 2.588026813 2.663403239 2.429363397 2.479938402 2.541388214 2.392023887 2.472785571 2.330255688 2.19020244 2.179133245 2.110527358 2.221529133 2.08431763 1.941176339 1.939364009 1.997573668 1.866985362 1.833723115 1.953065037 1.877415994 1.903147295 1.723949996 1.777861686 1.504991066 1.537785956 1.527866621 
1.606494875 1.697498498 1.856840164 1.741259201 1.838951187 1.897500627 1.863873548 1.993561329 2.081647915 2.124215983 2.182583009 2.125069299 2.195684713 2.241582156 2.20276234 2.285915931 2.480993066 2.387930641 2.408553641 2.473474517 2.502781379 2.660228771 2.608550324 2.638159134 2.652074068 2.753803812 2.806491689 2.857342921 3.005026548 2.968101262 3.01027964 3.004633529 3.043888034 3.105817128 3.158217837 3.177074449 3.139488736 3.121008051 3.201838835 3.221925462 3.326159478 3.181858435 3.327929125 3.51360488 3.377586236 3.25699314 3.400276227 3.130087382 3.241129582 3.457395634 3.498987032 3.395203967 3.325577459 3.29692125 3.286989324 3.352583899 3.448746005 3.020262433 3.343379524 3.148448791 3.165055427 3.009000546 3.05298699 3.143006514 3.017290233 3.133069112 2.942176555 2.9691268 2.861447881 2.757261327 2.777500962 2.682021579 2.714443722 2.674796598 2.608061807 2.709955577 2.343423739 2.318612487 2.367534274 2.455793499 2.372373027 2.334644575 2.352241424 2.172935826 2.233244111 2.125152943 2.154406342 2.102701968 2.086003965 1.984797419 1.964789513 1.914363701 1.858348128 1.763037716 1.776582031 1.74147263 1.670263141 1.645009606 1.646502842 1.537751428 
1.729790796 1.780595824 1.883485292 1.803876164 1.882623885 1.823088639 1.905391496 2.051851088 1.921540245 2.053569806 2.097415142 2.115533316 2.284642431 2.196841105 2.303052169 2.406971226 2.381652361 2.422230058 2.580604249 2.584750462 2.51399766 2.525924914 2.710018015 2.660207705 2.76049767 2.913603985 2.752252282 2.954429579 2.929195293 2.944154307 2.977680578 2.981641674 3.072332608 2.965154216 2.970648132 3.373957453 3.121244122 3.240805553 3.322773964 3.153106279 3.248155894 3.015389015 3.290721668 3.36386414 3.296679175 3.339572365 3.435340687 3.474791149 3.422972943 3.339303676 3.466320736 3.455037288 3.392468336 3.243703737 3.266329591 3.460561276 3.258972958 3.108946738 3.005797201 3.3428236 3.17195508 3.114532787 3.173616172 3.066933352 3.093626839 2.846259423 2.992468271 2.980899011 2.868122021 2.818306072 2.881747978 2.77380436 2.7424544 2.720372952 2.531912365 2.473704892 2.526444361 2.533855291 2.562270726 2.566546884 2.330460752 2.344464087 2.222795266 2.108929969 2.219959843 2.162054724 2.060994631 2.047617125 2.08173852 1.816889926 1.880895409 1.896742025 1.779579104 1.866887822 1.83282621 1.666395275 1.63710683 1.606451701 1.631377863 1.64064266 
1.743972354 1.73354648 1.756330787 1.770007284 1.885416036 1.90412159 1.875103303 1.950614219 2.144864899 2.155670626 2.097930605 2.099071606 2.189450659 2.178287234 2.309763105 2.275152457 2.442771193 2.451188054 2.498750978 2.719671411 2.554248444 2.683224332 2.679766816 2.673612799 2.685838204 2.859427588 2.836884479 2.824805889 2.860086374 3.002071189 2.922216967 3.005111554 3.364609489 3.149030332 3.023305672 3.242783083 3.197160242 3.366543058 3.304411051 3.27595662 3.293772336 3.331788266 3.320350343 3.219814588 3.398661106 3.360610617 3.321109889 3.280768886 3.395817676 3.272489979 3.335718976 3.275293188 3.327770001 3.392945259 3.32715963 3.249834561 3.192511583 3.34807182 3.32974636 3.168454112 3.085989795 3.262384329 3.077511969 3.206507895 3.0822248 3.15443856 2.892042492 2.858868533 2.920460851 2.837410109 2.668748702 2.798799583 2.638255512 2.700860966 2.563626015 2.609419624 2.566047896 2.420436029 2.427891741 2.427616391 2.525232198 2.165929502 2.258344998 2.142831413 2.158313304 2.112892788 2.058188111 1.954110948 2.040766119 1.887449962 1.970665311 1.893701802 1.826701061 1.835347021 1.730798148 1.715364709 1.761864839 1.564030192 1.57804989 1.670860375 
1.741103244 1.802975527 1.680305724 1.839013361 1.851195841 1.943035021 1.962092057 1.92465671 1.978537494 2.077518176 2.206071059 2.218728977 2.181789446 2.235139491 2.370587049 2.185749661 2.396242241 2.511923469 2.566472111 2.503137964 2.418449913 2.438406084 2.690074571 2.710079358 2.665942844 2.857963728 2.757670846 2.88188765 2.933531425 2.915953114 3.092240398 3.143117685 3.035432792 3.067806222 3.124362056 3.263444427 3.25883108 3.16688186 3.213513886 3.279025246 3.383477575 3.322673072 3.316536593 3.430598267 3.302264809 3.303455823 3.435168237 3.363300633 3.19464892 3.305754481 3.423897422 3.132927361 3.450959987 3.234208283 3.454643016 3.235590297 3.282157779 3.333361378 3.200025321 3.205670539 3.203954897 3.205095787 3.076120247 3.227388587 3.0533604 2.97247344 3.066994353 2.940362685 2.934879316 3.076227925 2.928402115 2.801893418 2.666662353 2.694285882 2.57510009 2.66747445 2.561685951 2.442040285 2.444416064 2.442588193 2.315186871 2.312197116 2.345745661 2.20136499 2.154775402 2.169919282 2.124363384 2.047006392 2.127207536 1.882308599 1.94868457 1.803093908 1.729664569 1.805921166 1.693224717 1.760471813 1.644823242 1.720905144 1.511397332 1.642526137 
1.659630526 1.849277254 1.870100192 1.87296584 1.844615755 2.010510302 1.993306064 1.993585563 2.099789457 2.171924875 2.115914433 2.198128826 2.151540569 2.260936332 2.278658592 2.351934629 2.485160457 2.384067834 2.542065276 2.582738888 2.630792367 2.507673988 2.608790622 2.559692498 2.764423653 2.731938172 2.856761508 2.883680576 2.987634517 2.966241725 3.013922034 3.244787645 3.118312624 2.981874603 3.064844272 3.348413146 3.265027912 3.235054315 3.251427068 3.328405271 3.292843658 3.304323529 3.293899252 3.279170744 3.353966795 3.441681714 3.429923383 3.446188329 3.518161656 3.364375059 3.265291289 3.215766795 3.235483042 3.206771984 3.269434019 3.331612765 3.271197975 3.272408668 3.220115143 3.206643394 3.268003572 3.183132647 3.006164092 3.001789021 3.080278446 2.955190408 2.934577417 3.000131883 2.857559549 2.958095875 2.756208239 2.831431394 2.837062776 2.652687836 2.610842295 2.572764031 2.574352395 2.466534668 2.530475542 2.362200117 2.371490387 2.167843158 2.329567078 2.169827535 2.202875027 2.150420029 2.093785293 2.035868461 2.095338795 1.95656866 1.935734669 1.840860782 1.92810333 1.702208366 1.758739894 1.660120562 1.598829789 1.608101582 1.6178676 1.583580362 
1.681473655 1.689709989 1.744677004 1.827084008 1.785437183 1.930195772 2.028995566 2.121469952 2.07065423 2.118890436 2.083842679 2.284083149 2.375496733 2.315645342 2.28906227 2.186471057 2.497736678 2.445690643 2.418556309 2.514668847 2.579721372 2.54100498 2.713980006 2.577529796 2.827846909 2.788862202 2.856049046 2.942666688 3.033704055 3.009509402 3.077324738 3.090969838 3.138113374 3.152976573 3.196284155 3.214054432 3.143175967 3.251537563 3.334508566 3.245635999 3.364216015 3.377246116 3.452637443 3.379998837 3.321060594 3.350651122 3.458968219 3.398912023 3.288568503 3.314871031 3.356554816 3.410142761 3.3764579 3.302787636 3.352157427 3.339226493 3.24186679 3.306455989 3.191051588 3.181255908 3.338985769 3.137983544 3.279162423 3.093587151 3.208159938 2.922684625 3.019570831 3.082780256 2.887734682 3.020205223 2.934608342 2.774647244 2.77934066 2.847626584 2.603956409 2.696455583 2.563094188 2.534367137 2.45771974 2.474756243 2.297295975 2.316791008 2.317067503 2.28609797 2.251672829 2.124868735 2.13325717 2.061547685 1.957767444 1.883003748 2.031504131 1.937243045 1.830917371 1.834447447 1.775888762 1.613766357 1.691863758 1.652261924 1.60962855 1.577867502 
1.707098222 1.758590875 1.830432473 1.898871122 1.834078201 1.855617414 2.086874394 1.95974971 2.111456103 2.006220501 2.146832345 2.251780542 2.086130326 2.441343116 2.275153112 2.398258283 2.382999295 2.380415456 2.66463588 2.554857056 2.590299918 2.823405168 2.692079815 2.672360912 2.783795961 2.807361071 2.828890331 2.943878608 3.093230075 2.970728439 3.057343886 3.068737565 3.07322759 3.08326809 3.215661564 3.222271015 3.03918248 3.197826431 3.210749335 3.259153388 3.210776191 3.30722073 3.380463188 3.513328293 3.479308499 3.398150998 3.467991002 3.28008819 3.263323397 3.396421744 3.35601306 3.370245882 3.44158532 3.257729672 3.34686838 3.38828699 3.323919744 3.317703183 3.15012611 3.2797087 3.154422752 3.253291538 3.17572809 3.176654799 3.097596948 3.083201024 3.089300738 2.883322386 2.841824414 2.838947152 2.775472774 2.753544565 2.814216782 2.726725399 2.661898067 2.631629454 2.460850446 2.485570901 2.446055667 2.550831171 2.287832377 2.368022241 2.369607268 2.240865833 2.199416671 2.150131284 2.106333224 2.162617597 2.111533161 1.982883261 1.996672584 1.799226088 1.893365617 1.822357589 1.697606516 1.709172479 1.697968178 1.58269748 1.545752174 1.563361465 
1.676333314 1.856789561 1.776414621 1.853201945 1.884934799 1.91198707 1.893597363 1.954026742 2.188285911 2.084446256 2.137706783 2.303680555 2.114161098 2.294101111 2.418140953 2.381424702 2.41998604 2.529407497 2.629935432 2.417386467 2.650806304 2.613713216 2.649000101 2.747369641 2.647726843 2.845089944 2.902218742 2.860065498 2.904014649 3.154789427 2.993613075 3.0783091 3.128326 3.049881684 3.219737982 3.218428383 3.230474539 3.241843713 3.435543001 3.231277361 3.341501836 3.339583402 3.383243465 3.439677144 3.493397619 3.365192826 3.380393069 3.289668382 3.326293823 3.492156078 3.314963261 3.356135577 3.244370331 3.320891052 3.434423802 3.240517475 3.221822694 3.330003205 3.270544254 3.254589189 3.231995575 2.995399155 3.16178653 3.348123169 3.120972293 3.096714795 2.993966052 2.959031722 3.00704252 2.94366878 2.8868787 2.717849067 2.734502555 2.788231673 2.66331766 2.748811174 2.531843832 2.517896396 2.344530854 2.440592803 2.359844794 2.41215392 2.341865934 2.257416983 2.293487278 2.087845714 2.113933274 2.116946402 2.06870232 2.032622001 1.879357877 1.834893089 1.834030733 1.799246401 1.763326416 1.646028559 1.717131265 1.579803986 1.682497358 1.584760408 
1.79672446 1.760854158 1.737662932 1.78921007 1.840950647 1.818475798 1.971107753 2.071002295 2.03888186 2.156105124 2.216235313 2.197856442 2.374371151 2.244321671 2.216017477 2.393780561 2.398404306 2.503026474 2.542413811 2.636685364 2.683438378 2.789693635 2.635832684 2.777436523 2.597044058 2.864513358 2.768967566 2.734072807 2.905298781 2.987072359 3.134435054 3.086486638 3.167085085 3.183923858 3.306148198 3.130144407 3.143550514 3.176722211 3.259710274 3.369985096 3.384970859 3.335135959 3.361007639 3.40399876 3.396488161 3.395174553 3.348442395 3.367839731 3.402422163 3.486514531 3.409088703 3.377524547 3.270216854 3.327828299 3.280076106 3.453196029 3.33828183 3.207722514 3.175190037 3.314245295 3.361572048 3.12164158 3.099722836 3.119999059 3.164673414 3.059999954 2.925568679 3.05832728 3.05944311 2.846085547 2.844138089 2.857427186 2.771159485 2.612527487 2.799256945 2.566011793 2.646593739 2.463584105 2.450523515 2.371829477 2.337762504 2.284827567 2.200315949 2.087376797 2.24707418 1.982356064 2.129977624 2.045436756 1.977486777 1.98302861 1.87418158 1.934945068 1.910921225 1.729633395 1.746631559 1.768181689 1.698892952 1.591027278 1.566107502 1.555110317 
1.851688523 1.799847187 1.706337142 1.847426621 1.843892386 1.893575573 2.090017612 1.991365626 2.019213434 2.055850244 2.099152375 2.280940839 2.215693101 2.123313607 2.552784391 2.319410624 2.390572391 2.495134121 2.470274939 2.485474886 2.639446362 2.62883608 2.701968509 2.807227553 2.659599074 2.915589309 2.863310313 2.872901011 2.837326838 3.026636732 2.880892108 2.975706034 3.059690916 3.101091325 3.180941314 3.103307991 3.151735323 3.127913116 3.297012384 3.265308624 3.289487216 3.272613524 3.385903605 3.569726967 3.363147236 3.348436337 3.298151754 3.276386883 3.349640997 3.317424547 3.533310324 3.375328509 3.33202982 3.415554656 3.425810367 3.515894498 3.272009747 3.215975 3.271898075 3.258251492 3.318416205 3.155076641 3.329351071 3.120632503 3.147725371 3.07290015 3.036992112 3.004904813 2.975487786 2.902741055 3.010079153 2.736843098 2.883535319 2.631693599 2.640476007 2.745223022 2.502103315 2.474590769 2.474426668 2.451423783 2.43802096 2.48203965 2.288225922 2.218786154 2.309520808 2.204020014 2.11015716 2.096342848 1.993969466 2.099245757 2.020117281 1.93937687 1.842439076 1.770343584 1.762691652 1.754761183 1.791461998 1.578893241 1.585911993 1.554933889 
1.712658744 1.756373419 1.881960593 1.835303513 1.832234643 1.882018172 2.036426682 2.015754854 2.104622114 2.059401617 2.210738844 2.137058626 2.130225989 2.427167955 2.314082001 2.339653218 2.330661778 2.509970854 2.512325673 2.451201548 2.598012051 2.704315487 2.710090459 2.793535687 2.83900066 2.799627917 2.815326379 2.983387752 2.827144656 3.016702726 3.118914415 3.104348871 3.163993905 3.181630895 3.119891275 3.236449111 3.14804655 3.133863023 3.219505656 3.391313645 3.250777715 3.341542815 3.288579082 3.416918045 3.317124511 3.402403539 3.311797683 3.407519098 3.402349681 3.506273966 3.393926174 3.423892185 3.486978943 3.140865092 3.352573426 3.343378108 3.287311893 3.312518034 3.222537727 3.259643786 3.281356347 3.112926078 3.113845523 3.111931215 3.137133957 3.109085983 2.938319868 3.03796378 2.933010621 2.915657235 2.994454534 2.885574124 2.787736597 2.736954278 2.684749353 2.552888227 2.555255518 2.394104189 2.415889038 2.429131658 2.498623174 2.395003753 2.344586409 2.267645514 2.202871616 2.227373854 2.146373083 2.072985949 2.11926572 1.96053864 1.878055001 1.875739154 1.834116133 1.764870583 1.736348929 1.776808457 1.721884091 1.698768414 1.656477498 1.587156084 
1.719523866 1.637344939 1.757656284 1.83484299 1.890864389 2.038606767 2.095268663 2.01384938 2.013398613 2.219180802 2.168998039 2.075857185 2.27245294 2.323768563 2.350847413 2.312697756 2.421344906 2.361752875 2.580137511 2.411913683 2.518624091 2.6711506 2.605907928 2.811050718 2.731844596 2.957871974 2.848782187 3.002782992 3.038048831 2.853520566 3.099607887 3.026037696 2.966304967 3.102525743 3.149616268 3.170429734 3.265380056 3.311798131 3.33244522 3.322297162 3.441892584 3.458792261 3.35770599 3.383179215 3.291962924 3.27242317 3.331370961 3.297061758 3.265954853 3.502590198 3.490625496 3.570336631 3.336804338 3.235705407 3.520088569 3.469846196 3.260518472 3.244063751 3.147528649 3.341446128 3.260657697 3.278513365 3.241804311 3.16122168 3.144951418 3.127955433 3.092302648 3.010666816 2.887228519 2.941553064 2.889537625 2.829518078 2.908869415 2.799306799 2.604195602 2.612256404 2.725421972 2.478978456 2.454117116 2.38522453 2.484107447 2.368204074 2.366884399 2.355447446 2.293144726 2.232943682 2.164459981 2.107040459 2.018998006 1.975663741 1.986764107 1.974765144 1.917995344 1.932826198 1.761776698 1.748691969 1.710774166 1.649936469 1.606424009 1.581576899 
1.682795963 1.804302604 1.768729105 1.932852433 2.020567682 1.971135531 2.037146883 1.997153979 2.130993377 2.153460708 2.167926571 2.294558343 2.301853126 2.289376258 2.34546843 2.294402609 2.456323099 2.418271469 2.534948117 2.527883729 2.650166483 2.747507023 2.688087698 2.680023907 2.804245052 2.791839307 2.982299617 2.884892693 2.980730264 2.998455613 3.011532044 3.065822197 3.080077078 3.248907396 3.071290697 3.234556975 3.334970238 3.306167211 3.324480942 3.388169483 3.333952628 3.323780506 3.419748661 3.360893271 3.328143782 3.489417111 3.438851759 3.47325517 3.367115386 3.512385807 3.384139419 3.341839397 3.530044995 3.353412561 3.391571789 3.38825033 3.449169384 3.413793228 3.38273231 3.268384741 3.408563274 3.287676335 3.176552806 3.009068351 3.129218229 2.930225344 3.010583897 3.015559745 2.999662874 2.903677283 2.879543921 2.841569738 2.771209003 2.831014728 2.65229112 2.568054413 2.622405531 2.551423673 2.633425336 2.537399249 2.439681738 2.382631657 2.27538706 2.334433614 2.220696273 2.089912577 2.03180903 2.089351074 2.092470913 2.000287309 1.907806054 1.858363741 1.868950248 1.815772408 1.782960653 1.680959477 1.638410036 1.70840467 1.656049845 1.515161403 
1.740124381 1.66591102 1.837908909 1.917632445 1.820745239 1.873294856 1.983447022 2.100899179 2.03062876 2.112728184 2.236129251 2.259654803 2.228597864 2.28991483 2.374377076 2.286609936 2.335942904 2.420067036 2.50168466 2.635657142 2.616885141 2.613031763 2.677294276 2.706247608 2.697750226 2.860840772 2.928740635 2.87285336 3.105963125 2.99857337 2.986786219 2.990891382 3.083698997 3.101042289 3.093929716 3.180888646 3.327575638 3.204396969 3.224238553 3.399322525 3.42062195 3.335216989 3.563791791 3.432114449 3.516756219 3.296463758 3.447931461 3.526451533 3.469814155 3.369918185 3.39282754 3.403490059 3.278010271 3.424397391 3.377136636 3.465375371 3.17153036 3.295214278 3.341948095 3.189067967 3.272673638 3.098599653 3.197826055 3.09215065 3.16898989 2.951008509 3.071361163 3.039996637 3.011835596 2.970366056 2.877440096 2.874099023 2.769741987 2.776730496 2.71810196 2.633815661 2.594156047 2.527887583 2.567973656 2.449542395 2.287060129 2.301235442 2.275037919 2.264498084 2.218507968 2.210355706 2.201231822 2.091163403 2.061324513 2.018754096 1.963216163 1.893189312 1.724503635 1.823977867 1.723345457 1.721662611 1.76727101 1.635700323 1.628568645 1.570194092 
1.716201898 1.859553967 1.85174531 1.790987371 1.93043328 1.867934193 1.919548598 2.054696445 2.075129959 2.149169357 2.061062372 2.19680017 2.179032431 2.21309072 2.325176684 2.29508847 2.404457857 2.399657016 2.542255502 2.530401321 2.499242134 2.612114793 2.706261279 2.734050619 2.815522206 2.850938121 2.70482541 2.984904653 2.86048762 2.959661637 3.03583347 3.158707327 3.071935695 3.199808269 3.144292302 3.178742314 3.320796234 3.419132397 3.266426961 3.350644959 3.390974652 3.348279288 3.388798804 3.395976727 3.42218029 3.272532217 3.296138865 3.330581899 3.497989889 3.416780838 3.340493626 3.499194754 3.49395329 3.29019395 3.398534477 3.278995079 3.364878878 3.31960434 3.322840109 3.269995771 3.29765286 3.25174088 3.143029323 3.1877943 3.110537995 3.073607711 3.020220091 2.966711226 2.984107186 2.940500211 2.916829462 2.825136951 2.824506083 2.706513471 2.546839536 2.669414021 2.462645117 2.518001118 2.437473668 2.401360315 2.420225207 2.318467254 2.267921974 2.280415878 2.180599446 2.17797769 2.166534018 2.081784173 2.007411774 1.965295725 2.110607745 1.982188081 1.86901585 1.895779092 1.750819648 1.776903727 1.792603687 1.575487803 1.628727011 1.601447802 
1.730960968 1.728721733 1.818570757 1.773996705 1.871209094 2.022252689 1.976980437 1.947008076 2.15818842 2.169714644 2.175379214 2.347273174 2.277979535 2.364100954 2.169060395 2.428196783 2.561716641 2.464462295 2.571507683 2.39584273 2.733691437 2.750752257 2.579766716 2.814147296 2.782837441 2.805346172 2.783406362 2.871735237 2.987364548 2.957562727 3.055947663 3.017065834 3.176328978 3.150607657 3.231652852 3.268465837 3.289624483 3.274986757 3.264269221 3.274743835 3.287752913 3.425434363 3.492948794 3.437747858 3.461212069 3.443609429 3.459841722 3.397416536 3.36351756 3.537287308 3.493401356 3.45347767 3.335023203 3.360249469 3.123676797 3.308231974 3.295688202 3.306935003 3.288039102 3.217125554 3.317411046 3.326659197 3.167739332 3.106824338 3.210828717 3.058934372 3.052009547 2.928104055 2.944322617 2.95990937 2.777953539 2.838250599 2.715507879 2.805625115 2.75057394 2.664428718 2.55451462 2.536720204 2.479575743 2.522655694 2.532392642 2.372484434 2.505506309 2.254012345 2.177694557 2.26807152 2.089176079 2.133065058 2.040923818 1.918782971 1.961733205 1.886988079 1.916649984 1.941414791 1.758552008 1.764199623 1.697858467 1.642749235 1.64641531 1.640637794 
1.734346694 1.692530368 1.752070511 1.93934571 1.893286007 1.883131639 1.952673376 2.094017735 2.175262488 2.177661859 2.232280293 2.209682075 2.239362649 2.465412043 2.393946748 2.345500305 2.444858299 2.547408276 2.510086282 2.635562937 2.624670789 2.60603869 2.59824958 2.76314695 2.669737081 2.836528165 2.987669608 2.976872379 2.998251514 3.111325194 3.135596158 3.112624122 3.191071885 3.099392811 3.181614053 3.211742463 3.311850462 3.240160421 3.436594431 3.368927306 3.423432715 3.433870395 3.327742317 3.542706641 3.372006065 3.43034166 3.492625567 3.468087648 3.368103099 3.547929191 3.462611405 3.429357569 3.321570888 3.402637022 3.278599105 3.410056846 3.348508457 3.351371328 3.464721536 3.236293566 3.394984738 3.265369774 3.074262937 3.125621555 3.218315785 3.088569742 3.075716895 3.000866911 3.075678644 2.9643586 2.776338949 2.820992618 2.719991159 2.80595346 2.665195733 2.643629678 2.510713491 2.576280523 2.54049276 2.424156542 2.435513921 2.416365458 2.217389695 2.310724131 2.23302919 2.18153255 2.163198685 2.063951622 2.271491786 1.90984686 1.982322764 1.90358361 1.849794041 1.899928275 1.837960501 1.748043616 1.658040261 1.584243374 1.524390642 1.584731083 
1.750178313 1.85817102 1.842985409 1.825539525 2.045374182 1.898332302 2.084798039 1.974634374 2.106733801 2.12737505 2.180567997 2.235591153 2.155028419 2.298568125 2.389368588 2.304962877 2.419910529 2.519315751 2.546930707 2.51113269 2.62453307 2.659450463 2.622894195 2.660408192 2.814972477 2.778638337 2.848561516 2.895144208 2.870319475 2.862076295 2.980965709 3.041709275 2.985512937 3.134555886 3.343151178 3.246037685 3.263022254 3.311921635 3.33334891 3.432128191 3.272098556 3.496283599 3.28361433 3.513330906 3.572938002 3.510685082 3.541038708 3.356629871 3.37182215 3.614987108 3.433896032 3.424348626 3.407104777 3.526169869 3.250709815 3.370829034 3.387453889 3.312628853 3.296058385 3.457897882 3.243465393 3.349209119 3.156722507 3.196866553 3.163643927 3.028550857 3.129831884 3.066844943 2.999782112 2.804174384 3.001869874 2.811851213 2.717770141 2.657092758 2.642025504 2.594401733 2.592802494 2.47679015 2.462028932 2.580905785 2.533750183 2.258725045 2.333914282 2.240189887 2.313606258 2.27553055 2.148830917 2.08483791 2.064483398 1.944007846 2.014085782 1.885660959 1.84562553 1.900708031 1.81362156 1.696271325 1.623132955 1.741926138 1.732363815 1.687531991 
1.848655614 1.949358676 1.875791904 1.927001126 1.808140589 1.93958956 2.005246841 2.021187822 2.184681599 2.037961971 2.264651998 2.177180367 2.214474005 2.251171443 2.319562565 2.399546057 2.396581228 2.583057343 2.522860825 2.516550141 2.684054592 2.745938612 2.709850492 2.777124073 2.874469551 2.842627308 2.954957154 2.937040562 2.946519349 3.194277957 2.933496033 3.152852059 3.154583104 3.12229035 2.97839775 3.149361578 3.306336776 3.220532813 3.242666475 3.417051874 3.371769165 3.483455766 3.426542418 3.474846607 3.519866093 3.423691626 3.423690883 3.555936667 3.420231143 3.258126529 3.394941682 3.481209397 3.433976536 3.323663208 3.441537962 3.370662518 3.388900005 3.340355499 3.230344242 3.409717638 3.300002526 3.26218979 3.24255537 3.267152595 3.203013403 3.201506643 2.884813968 3.060006691 2.993746964 2.947431751 2.855061276 2.827333827 2.858332769 2.743128834 2.828433887 2.646632595 2.644730936 2.455857989 2.51167693 2.451925358 2.420972321 2.470577627 2.265000471 2.291711637 2.196563927 2.200885168 2.183295223 2.04722601 2.04089105 1.929974819 1.980857691 2.054770822 1.885184183 1.809226389 1.836894378 1.735143725 1.756105648 1.789373931 1.73760678 1.59968684 
1.770576081 1.881036392 1.705638363 1.872335543 1.86976848 2.008154891 2.018756455 1.941613385 2.163013554 2.093620682 2.153168892 2.29326726 2.305628992 2.27671171 2.348280244 2.361047092 2.396545473 2.366270308 2.510597193 2.636496268 2.753537853 2.683517043 2.731452708 2.734546376 2.844201932 2.849453555 2.806899495 2.894957184 2.95903876 3.072179737 3.198389807 3.302754614 3.137786317 3.296835342 3.165278577 3.308653749 3.317007071 3.28607616 3.225547098 3.293505214 3.357858697 3.311348932 3.420204407 3.515406201 3.380825405 3.27176121 3.40547074 3.249238969 3.452020154 3.53961949 3.404040692 3.313659557 3.444233018 3.392869827 3.441718153 3.380229413 3.350301124 3.298876954 3.22039959 3.256350347 3.17257141 3.313174184 3.229502024 3.184761587 3.145190981 3.001861809 2.975235484 3.163244055 2.945066469 3.060067784 2.876298896 2.913234798 2.746584696 2.668903877 2.646308235 2.633350748 2.626435827 2.64998055 2.527154174 2.436278218 2.407825086 2.257877022 2.305279641 2.142743978 2.253780352 2.171147987 2.065086954 2.148386238 2.006908167 2.059092919 1.956014602 1.952707228 1.893170867 1.840292172 1.776385617 1.74437271 1.670062805 1.711755884 1.639851006 1.652834624 
1.786429755 1.777515178 1.775648296 1.801091788 2.01134164 1.949024272 1.878596439 2.080740366 2.034816922 2.217698442 2.269802247 2.253594578 2.281368903 2.279876751 2.516176057 2.349510655 2.451664958 2.621816801 2.562024008 2.67242969 2.624622041 2.54333291 2.646737736 2.760951554 2.907421664 2.879459488 2.878291034 3.075824631 2.937945286 3.071145997 3.227522235 3.014546483 3.049386821 3.187811227 3.09901931 3.339727021 3.412606584 3.242722266 3.389984075 3.378622974 3.339904926 3.449916674 3.268673563 3.357110706 3.344436662 3.368700944 3.385617292 3.564632983 3.543988742 3.359883266 3.431259567 3.435792125 3.509207586 3.449191673 3.487184407 3.376336463 3.333045637 3.262204495 3.399605896 3.266549699 3.312801224 3.268085565 3.262153918 3.303824439 3.159356429 3.09050503 2.948451918 2.963857465 3.09967017 2.93932605 2.925999559 2.822839761 2.902053172 2.775657779 2.755624233 2.537060136 2.628156484 2.539657084 2.494562236 2.449110794 2.408747981 2.551604902 2.304305418 2.288115996 2.2863077 2.240266723 2.228269977 2.085272255 2.043848608 1.992492564 1.972121783 1.826225286 1.882861405 1.815162374 1.859425374 1.765485619 1.647847462 1.539424908 1.591547786 1.662041236 
1.858769198 1.787611852 1.897567658 1.924953069 2.084759447 1.966543999 1.985262921 2.037363631 2.084242573 2.18675672 2.263168626 2.194840114 2.337692247 2.170442807 2.316638754 2.437470745 2.317803219 2.549271275 2.504181629 2.504907346 2.526061963 2.783931395 2.70016846 2.815024006 2.651673743 2.995657988 2.939650613 2.953824058 2.895114519 3.145069819 3.086879081 3.16024096 3.144203439 3.129657437 3.205446626 3.257482619 3.31817586 3.1907278 3.278175463 3.392687677 3.399406638 3.471311151 3.411694116 3.540558039 3.58570378 3.448859725 3.398390723 3.526616299 3.539086991 3.597137692 3.435128232 3.355888338 3.532019774 3.484828397 3.343384367 3.384215711 3.466345603 3.360650647 3.289370224 3.430773584 3.252073673 3.352122249 3.1433341 3.176951289 3.113431787 3.000488898 3.098763554 2.948736227 2.915610743 2.852350152 2.878136436 2.865532969 2.698611743 2.757843528 2.715789706 2.661891927 2.499532349 2.60554209 2.514534035 2.501444663 2.378251201 2.415800404 2.394375371 2.232322579 2.178236104 2.147257802 2.12793661 2.158991684 2.172521808 2.038289195 2.055818417 1.941220072 1.861265845 1.795770518 1.82327152 1.709031697 1.894441516 1.562855776 1.687220264 1.516517065 
1.817234628 1.747843051 1.761810619 1.90243132 1.919738596 2.025011786 2.011508557 2.023247833 2.211741239 2.12462213 2.142549127 2.374946726 2.357548051 2.221455924 2.444024662 2.379455922 2.467025852 2.512943114 2.628908499 2.69673251 2.669344939 2.749202627 2.824510273 2.679484659 2.824778843 2.821753033 2.936582873 3.007882775 3.128101393 3.029373903 3.063090809 3.156816147 3.048757038 3.1548713 3.197611461 3.361592798 3.257398446 3.225839957 3.249451276 3.374682049 3.497864014 3.306048728 3.297835778 3.342593756 3.476352778 3.436702252 3.503118191 3.495244529 3.348272619 3.508521725 3.533422601 3.561643901 3.482190538 3.520524455 3.415073748 3.404304956 3.343918501 3.462724306 3.225219971 3.212763469 3.282385638 3.323864047 3.210056948 3.192896035 3.262410648 3.273981395 3.079130755 2.905579796 2.982633729 3.116155105 2.937268821 2.920219333 2.742048318 2.823985928 2.501439608 2.645373352 2.65323015 2.605469795 2.544315877 2.461567993 2.442252748 2.401399022 2.401168377 2.26988044 2.237363621 2.138515872 2.083621902 2.121103052 1.978585589 2.018551058 1.982224403 1.880809981 1.902963057 1.879586059 1.719829777 1.770109756 1.665327419 1.648085166 1.577600872 1.655825801 
1.706550565 1.73035169 1.957355395 1.786393868 1.855162907 1.981915986 1.970675738 2.080867873 2.160532996 2.157338595 2.106039086 2.217107524 2.282020889 2.28076663 2.429619453 2.433477042 2.421082326 2.486455606 2.670875098 2.654248753 2.623663532 2.757942924 2.728577842 2.86571834 2.733249768 2.793092167 2.894332463 3.074188604 2.967375046 3.020783063 3.134137363 3.083614336 3.237612799 3.212932761 3.184034533 3.360696717 3.370569085 3.263542966 3.358046182 3.259195372 3.374373598 3.543048346 3.416269391 3.364296349 3.443844855 3.401947608 3.463329407 3.545540409 3.360053031 3.505682352 3.318808527 3.397829143 3.430234249 3.513159979 3.368600709 3.515390784 3.412539669 3.427841209 3.322041988 3.333370705 3.314723788 3.360901123 3.201023982 3.171232139 3.204562052 3.184039017 3.099525254 3.048302254 2.971908643 3.052860704 2.92164662 2.744824746 2.815234461 2.741358405 2.683721536 2.689210661 2.571039502 2.524814121 2.482700963 2.59243179 2.399349419 2.363981127 2.394845682 2.322746778 2.222748968 2.230532942 2.074592793 2.050861223 2.037126503 2.052581016 1.950221578 1.937161839 1.849210753 1.699511998 1.780541126 1.812931671 1.716467994 1.567783078 1.624907088 1.631888298 
1.777276024 1.873911103 1.785131578 1.897786389 1.971657007 1.853590804 1.92243848 1.962110418 2.130063871 2.195691994 2.272129499 2.131682629 2.113262306 2.304029116 2.319648284 2.420840781 2.520808501 2.466434869 2.555463231 2.627755337 2.541798045 2.772971761 2.658419075 2.708178855 2.87103698 2.952213689 2.948415002 2.958555212 2.996310003 3.032531037 3.080133711 3.168485039 3.346697505 3.192751472 3.176137028 3.231748875 3.316666359 3.292142077 3.384142526 3.413763413 3.259159856 3.46195415 3.469529319 3.568668197 3.503359587 3.565026757 3.404415997 3.491220828 3.580039042 3.42637639 3.444866874 3.610873704 3.42618772 3.349264307 3.443377335 3.481615218 3.455698838 3.47142906 3.34341712 3.508138204 3.285284761 3.34907607 3.224468347 3.127232393 3.188577594 3.204586108 3.09746088 3.03069247 3.098370866 2.913148635 2.917458973 2.702822748 2.805084275 2.704102806 2.743570103 2.584983213 2.708107659 2.461352376 2.462342473 2.455755465 2.537339598 2.261525302 2.419743153 2.37425684 2.197272695 2.241693825 2.125397294 2.123871041 2.025733606 2.047416931 2.011754135 1.873565851 1.879658467 1.827349951 1.820392003 1.819754328 1.696805189 1.662339892 1.719483156 1.578876791 
1.723069077 1.783195493 1.795415564 1.809312106 1.898805825 1.934009566 2.029679631 2.001289765 2.132269986 2.102834962 2.133102885 2.178027414 2.159630621 2.38005459 2.467142647 2.463559275 2.557478161 2.374563626 2.519238977 2.52873078 2.643724167 2.581453586 2.954828321 2.945839344 2.73238786 2.869654762 2.817406337 2.845298047 3.1260812 3.105131075 3.102503617 3.099392507 3.158989458 3.239912633 3.357157076 3.316892268 3.276037418 3.386934756 3.404305741 3.435084702 3.301703792 3.457354616 3.351809042 3.523108986 3.598184483 3.424367424 3.473240695 3.488966811 3.465698197 3.435783145 3.596552049 3.411283392 3.496375909 3.48911008 3.303711837 3.48406583 3.442194664 3.362779921 3.314482238 3.363346607 3.279318525 3.354838416 3.229908588 3.209068644 3.04737841 3.149800309 3.055526831 3.149510581 2.95724542 3.013091699 2.985654529 2.794800572 2.819202379 2.701352076 2.818041019 2.684578799 2.708104442 2.534623444 2.581320766 2.667009011 2.434824339 2.323243813 2.462279807 2.247364511 2.242173114 2.220084147 2.143947693 2.092979005 2.031891299 2.078877864 1.970767441 1.986906754 2.036541787 1.855125551 1.850741955 1.733248555 1.773250571 1.777086801 1.681223132 1.625833182 
1.741007939 1.808775783 1.915506621 1.904942827 1.912848844 1.977070027 2.041783312 1.946674536 2.006052245 2.154159286 2.194747935 2.285162521 2.259030838 2.318010971 2.404279229 2.396785533 2.520158115 2.589069929 2.562595848 2.532953147 2.627561512 2.865466415 2.750141909 2.892006242 2.897955077 2.917824792 2.842335994 3.23110074 2.874573708 2.929348052 3.004827485 3.062962043 3.058881212 3.068052768 3.25187824 3.24784287 3.216535084 3.423257632 3.283315892 3.523545086 3.369996273 3.372156702 3.502527877 3.492178836 3.532178971 3.489951425 3.482253796 3.361084071 3.482332142 3.548547576 3.605528582 3.514853018 3.468971037 3.412283236 3.519038901 3.578359551 3.521359382 3.527977928 3.312361143 3.271376305 3.213684953 3.37343048 3.128779736 3.190125531 3.103209994 3.149450948 3.051964838 3.096141684 3.152324475 2.991983247 3.004899406 2.874372699 2.89342723 2.878586246 2.737541798 2.679363929 2.599501442 2.614417277 2.557435245 2.50539706 2.450405321 2.439554548 2.314744181 2.317429445 2.177640625 2.237476002 2.1623463 2.18626648 2.077282136 1.932180457 1.901916007 2.045231962 1.908927567 1.875093307 1.777167253 1.810867782 1.679651681 1.617274953 1.583125958 1.556765685 
1.628755018 1.673058266 1.91381795 1.908342502 1.981321887 1.954620713 2.057268335 1.956524859 2.092381356 2.163749408 2.154216522 2.276577713 2.390968922 2.239480295 2.380497861 2.488873927 2.471466623 2.427888358 2.599834306 2.63023097 2.70986727 2.774161652 2.758477967 2.691767621 2.783334931 2.993453835 2.908812785 2.876307396 3.017451651 3.107078069 2.98474789 3.115508149 3.084309266 3.301895058 3.306476753 3.367047523 3.392274711 3.193506572 3.249574564 3.463017511 3.362611523 3.391447314 3.396626783 3.580488869 3.439308674 3.357273647 3.354854256 3.580619925 3.38052754 3.409300489 3.553670625 3.541052489 3.258589434 3.46268053 3.401031191 3.406004139 3.399562216 3.514787161 3.295676163 3.378363857 3.460690708 3.30490218 3.13993039 3.105871662 3.175408302 3.193091011 2.991488219 2.908994681 2.978212871 2.986390694 2.950909622 2.967761217 2.800835529 2.691167262 2.66363062 2.715476205 2.503861372 2.621083223 2.451966741 2.468243071 2.419997013 2.514720762 2.310741183 2.246111357 2.382540424 2.236334455 2.166618325 2.085237252 1.974751469 2.057763412 2.068084411 1.873062707 1.925796744 1.870652937 1.861236549 1.772416338 1.837633177 1.672273337 1.66078588 1.66614756 
1.742254491 1.817251799 1.900493259 1.889762525 1.861940271 1.86948083 2.112400475 2.005149272 2.181157849 2.150575273 2.247528183 2.286513878 2.373670775 2.396386008 2.373345566 2.497417765 2.497742938 2.478609907 2.623230168 2.713842402 2.651139386 2.650418808 2.65892414 2.782695883 2.867619008 3.084817634 3.024914657 3.00516148 2.897922492 3.136889104 3.099164854 3.109170621 3.208990816 3.268337475 3.286788033 3.205974527 3.407487615 3.377134086 3.38436051 3.430571427 3.574148534 3.435362252 3.383151125 3.519657837 3.34931843 3.487909669 3.50839918 3.465859392 3.41942428 3.443149713 3.495486433 3.536212172 3.52111008 3.317288837 3.498438586 3.416329381 3.411400982 3.401819584 3.457200113 3.364989112 3.416606888 3.353151678 3.29784433 3.1826509 3.274277981 3.227617888 2.989909796 3.115384663 3.014352921 3.012494054 2.902204956 2.865353855 2.872594736 2.852642765 2.747809088 2.676753556 2.656147677 2.524873699 2.482509081 2.653070039 2.525058746 2.341447207 2.370997942 2.294198718 2.256973669 2.263369523 2.177147009 2.177933814 2.109100717 2.024666148 2.010951234 2.022558992 1.842370088 1.875569443 1.922057157 1.75671386 1.772832468 1.656060387 1.646762171 1.679822908 
1.780396653 1.6486865 1.747717511 1.803875252 1.973196599 1.8918723 2.075577517 2.164701386 2.261182308 2.094590458 2.162319324 2.277685436 2.163504581 2.407577987 2.390119431 2.42670364 2.40736803 2.443840059 2.532254349 2.699452589 2.60587648 2.75309387 2.799048673 2.85139966 2.770044004 2.938645078 2.732879797 3.053335161 3.145031404 2.993403861 3.211624022 3.150858641 3.150827378 3.167609387 3.325000094 3.288664457 3.200138301 3.449994423 3.320524719 3.373496678 3.4735831 3.490368521 3.471661436 3.409618973 3.416085098 3.693227984 3.421926099 3.490393901 3.506297314 3.642013429 3.496438102 3.480816155 3.447191125 3.471428303 3.425786567 3.518074926 3.476162501 3.447886398 3.299990124 3.228276618 3.350252673 3.214619397 3.304913508 3.216048504 3.261074659 3.055619135 3.049225201 2.978021785 3.01772688 3.146684085 2.936343229 2.890468921 2.922500712 2.714867744 2.650417486 2.759636513 2.661707014 2.542153123 2.558007495 2.593247145 2.4403155 2.338650015 2.493405403 2.244628843 2.281841172 2.296204013 2.07154325 2.20198259 2.023309686 2.025289874 1.944200094 1.947374485 2.046674905 1.83064507 1.813627368 1.786653583 1.742333111 1.762405771 1.672849342 1.672241648 
1.765695486 1.780986945 1.800138726 1.989877521 1.929655256 1.958907741 2.073070665 2.026713107 2.173413905 2.068451168 2.119049876 2.212675288 2.195189636 2.26968607 2.422466546 2.4333831 2.498782312 2.594097041 2.546741173 2.567421256 2.768815227 2.66933874 2.782012785 2.811207649 2.893303697 2.860208792 2.964164037 2.973715681 2.998096187 3.103690619 3.061412754 3.138801803 3.236746559 3.17356439 3.212910388 3.263689694 3.257417299 3.35385419 3.303199063 3.546293025 3.445003338 3.608253977 3.383556873 3.475388754 3.471854454 3.699462485 3.436014493 3.330880821 3.473114682 3.532295542 3.464521015 3.478039201 3.50411136 3.553286196 3.387940387 3.668941112 3.390296203 3.375426911 3.427015825 3.366961273 3.428632467 3.237256455 3.18558363 3.253031833 3.233311032 3.170935871 3.04352336 3.072976163 3.074794959 2.82999568 2.882169033 2.994652658 2.946536646 2.744098655 2.715186554 2.659900477 2.69972749 2.705563846 2.587382175 2.339242838 2.435944458 2.377378758 2.438508433 2.38213335 2.362599799 2.199277192 2.212426925 2.078920316 2.042143812 1.88718799 1.956430443 1.970095808 1.924257804 1.899109073 1.917050375 1.803914668 1.800862114 1.753882516 1.716555837 1.661970879 
1.742563519 1.825641948 1.865505466 2.006728481 1.862695591 1.914149051 2.126255704 1.984483964 2.062562182 2.134911059 2.300705684 2.254387456 2.267098839 2.244593029 2.294883536 2.397346524 2.294950455 2.60178691 2.462281698 2.57442464 2.715138696 2.643446731 2.758511562 2.799126113 2.92127122 2.984227671 3.023996992 2.979696151 3.04629461 3.009664627 3.162683196 3.092861664 3.210077401 3.189517151 3.317103315 3.241454065 3.334552398 3.410687071 3.491174251 3.528659849 3.459619594 3.399063805 3.474105527 3.568646018 3.523239824 3.493318238 3.543228865 3.492850977 3.53419788 3.604708769 3.481369966 3.545156953 3.553306788 3.611596915 3.503254108 3.382915639 3.486554734 3.349923286 3.47898357 3.34516025 3.312165114 3.27052177 3.15108477 3.139375624 3.218619747 3.24030705 3.280797832 3.081042086 3.127742095 2.921195184 2.959760996 2.836376937 2.921592685 2.78453055 2.503239279 2.773473267 2.625618032 2.687861981 2.607576909 2.43329976 2.520887527 2.459324737 2.33325162 2.383163719 2.271047739 2.156574597 2.211266678 2.127060461 2.066954346 2.02213709 2.030752189 1.873391762 1.981685942 1.905334651 1.804190984 1.84910009 1.675346537 1.691304956 1.586019305 1.661081417 
1.86425957 1.788074394 1.852985574 1.884612118 1.837631558 2.008003653 1.976538568 2.116957087 2.156141732 2.310047573 2.155890883 2.250205718 2.306569719 2.336060174 2.467700413 2.482407154 2.461622006 2.388274143 2.691870095 2.673307414 2.635173419 2.699562058 2.720374757 2.801964677 2.858250989 2.941222952 2.995010149 2.933658082 2.947030727 3.081105735 3.21986925 3.149022754 3.080018404 3.30491033 3.368016186 3.297442126 3.344127153 3.313257663 3.378150214 3.426158361 3.38711672 3.50645435 3.557098901 3.464916522 3.416602305 3.443986672 3.516608457 3.664177079 3.467245091 3.457798424 3.5237652 3.390084506 3.448156751 3.560177534 3.443682904 3.448261096 3.638443711 3.249661895 3.284488609 3.349546623 3.544441488 3.315394451 3.3767707 3.230163089 3.310884749 3.178430902 3.064522788 3.126718374 3.04958922 2.932720493 2.970281768 2.841814114 2.780302683 2.87128383 2.699135838 2.660487902 2.736279806 2.618361121 2.4974891 2.476301002 2.54666728 2.482542104 2.23451844 2.264121316 2.329300378 2.396361195 2.15060543 2.164478694 2.082512126 2.094018542 1.908354572 1.934883332 1.872200937 1.895697524 1.861421248 1.801132165 1.661760691 1.679050445 1.765868874 1.634488375 
1.736225549 1.645340836 1.857735411 1.841538458 1.986183137 2.01554101 2.042829941 1.991451874 2.018793191 2.070312427 2.333400204 2.299355886 2.287946976 2.212981467 2.342718084 2.322053338 2.50175903 2.482063824 2.55294743 2.602172886 2.654789906 2.857796241 2.848149228 2.913251891 2.912113306 2.913829149 2.952718853 3.036204618 2.831632866 3.269994504 3.042932874 3.182081244 3.152190216 3.216795847 3.344290082 3.314019061 3.301944157 3.520162519 3.282903085 3.341858104 3.458932531 3.524402082 3.549096537 3.503251984 3.53403226 3.618230448 3.471968635 3.576665437 3.55138881 3.590996975 3.457075328 3.508864437 3.4456723 3.442741027 3.398716618 3.496979026 3.408130438 3.482018422 3.382109739 3.226854904 3.146806549 3.305653732 3.269402572 3.188149167 3.046496342 3.188698951 3.133131407 3.046542507 2.998365016 3.074648052 2.989822582 2.998219519 2.779760051 2.877744868 2.844865547 2.752298496 2.866475263 2.550767497 2.411951166 2.634493597 2.565357527 2.535319744 2.406226515 2.34418775 2.407097108 2.200756788 2.224385403 2.168387468 2.12111397 2.044183135 1.981016959 1.951340391 1.941868359 1.995323822 1.861804993 1.819916476 1.760630699 1.870992651 1.663466547 1.616232305 
1.694970237 1.726039343 1.885463516 1.861774799 1.849532007 2.043307882 2.070096469 1.986549681 2.111560968 2.202145813 2.195765952 2.192101486 2.244390753 2.248175819 2.378246614 2.372123921 2.522362719 2.518049835 2.582060483 2.679738735 2.811161775 2.730453098 2.727712088 2.783185273 2.801403436 2.924659408 3.01490424 2.93529616 3.02770075 3.13903035 3.068457134 3.134446895 3.067917533 3.224512197 3.315771183 3.188774512 3.565913237 3.318446967 3.309519802 3.46815144 3.692394259 3.571691683 3.410714374 3.563751845 3.430080174 3.504685346 3.459537964 3.638777218 3.570167225 3.581681241 3.409030206 3.498457995 3.512079081 3.555309299 3.584284927 3.564754557 3.488008157 3.430152865 3.366686032 3.508745925 3.198016342 3.342468995 3.27831049 3.328530358 3.294191458 3.313991532 3.151213172 3.050359573 3.079211524 2.971803743 3.082264972 2.898995779 2.713337491 2.786632968 2.689541432 2.86788788 2.706316125 2.578878063 2.583074683 2.504111588 2.494520241 2.552331486 2.388116336 2.296771262 2.302908976 2.300954348 2.291403001 2.122177522 2.12611285 1.92771106 1.966254839 1.946638886 1.982544332 1.886437529 1.774221515 1.753471731 1.711271153 1.642429724 1.639072459 1.645770795 
1.700531591 1.793964223 1.816801164 1.852523967 1.919565858 2.020134384 2.05642559 2.000258372 1.961353071 2.23764508 2.220470428 2.215940657 2.358327807 2.362526245 2.335191671 2.356023332 2.451139862 2.438892014 2.75271313 2.598876951 2.740648795 2.642062961 2.646945721 2.867589459 2.803521934 2.789561283 3.003350826 3.010951927 3.002419399 3.231384081 3.152665741 3.158210798 3.183665591 3.074784204 3.233884961 3.266579472 3.185724747 3.308492323 3.366657101 3.541329146 3.360195704 3.368083776 3.701783063 3.495492425 3.627333036 3.48191423 3.501085687 3.457057157 3.592772293 3.598002169 3.562888738 3.484078054 3.449048941 3.424405429 3.598243274 3.43906542 3.411213212 3.415015832 3.249283277 3.395951651 3.30774698 3.262406985 3.231602494 3.194427856 3.265229502 3.169976021 3.022513653 3.053366564 2.987083081 3.041250652 3.0212079 2.898103889 2.789377254 2.768016415 2.811065205 2.630354339 2.789600088 2.70081989 2.550860162 2.465706496 2.532695526 2.4300046 2.452095695 2.333218366 2.280502147 2.294175264 2.130974596 2.222482494 2.091594589 2.072251188 1.919462974 1.917408071 1.956746784 1.810962367 1.776792722 1.893031317 1.706286402 1.841930075 1.629704777 1.678840015 
1.758300852 1.830548323 1.729383199 1.936661542 1.993178773 1.893724881 2.104342207 2.08133957 2.145794977 2.249718134 2.213232289 2.34550057 2.367638012 2.360620804 2.486386762 2.564599329 2.40878647 2.553058648 2.572911993 2.735359432 2.714733641 2.834078976 2.808454678 2.803440125 2.865467409 2.888179447 2.957032304 3.028809445 3.135145922 3.058473026 3.057362499 3.284371434 3.153479557 3.132890598 3.378158066 3.314626775 3.387393069 3.36304305 3.352310624 3.447916414 3.446349172 3.534274962 3.512978127 3.561336495 3.476435441 3.618642702 3.445943439 3.45924796 3.699681314 3.451970466 3.589478418 3.640026527 3.418780716 3.499547562 3.542765073 3.57553597 3.300866227 3.322861814 3.232649759 3.49288356 3.408680711 3.294063061 3.249757829 3.268948498 3.365974757 3.092707564 3.219750956 3.04806062 3.088299686 3.147393218 3.065584193 2.982875193 2.998662821 2.900896225 2.896273689 2.824595644 2.657230687 2.708711774 2.641863896 2.473784191 2.542227003 2.442887203 2.441537953 2.390669062 2.235455797 2.318800146 2.242095118 2.199309366 2.050412162 2.083999624 1.953961498 1.923912689 2.002698435 1.967505271 1.887898201 1.840136383 1.818139227 1.735961185 1.645057469 1.724074217 
1.756070984 1.791032156 1.919605122 2.002313116 1.935915279 1.903684513 2.026255637 2.062861588 2.135768252 2.046132379 2.265790329 2.130224583 2.224059536 2.340213476 2.425483545 2.445259635 2.587995317 2.589501877 2.602100611 2.680020853 2.641570958 2.857312773 2.669448755 2.882662635 2.877347157 2.856673944 3.069639932 3.043922525 2.982207576 3.026265666 3.114828679 3.295704359 3.225536149 3.263293035 3.343553959 3.289021356 3.451384217 3.225547265 3.24528077 3.443670047 3.421590724 3.494209491 3.443868557 3.451921488 3.454669017 3.475561605 3.487865653 3.508259426 3.633332905 3.541656066 3.542860279 3.588926429 3.427455664 3.589141258 3.339083706 3.463784406 3.571969931 3.4474729 3.371693042 3.418341257 3.330706296 3.262851038 3.216517165 3.128673859 3.207873094 3.142199534 3.186760251 3.109432889 3.080707356 3.106588055 2.903601596 2.946626389 2.807869961 2.748604878 2.742253787 2.767251774 2.669224372 2.660423208 2.58346914 2.404776503 2.474162069 2.509020802 2.407849543 2.287523623 2.318070477 2.183150889 2.12477871 2.307704025 2.136760729 1.983507869 2.063911995 2.013988995 1.959594176 1.942414285 1.820641838 1.751646585 1.738786791 1.755716813 1.751505362 1.688160131 
1.789158335 1.77665027 1.70878681 1.85565522 1.890307155 1.87589698 2.076100739 2.071793287 2.082578127 2.066873232 2.092603572 2.172454419 2.138245039 2.433783136 2.390796137 2.490107037 2.578273469 2.474631949 2.578719154 2.61668515 2.756600533 2.796350125 2.892376723 2.890884818 2.83097547 3.030071555 3.072503185 3.046563361 2.999944094 3.100749996 3.130601296 3.243983205 3.111632033 3.537858246 3.282040742 3.281667463 3.332575957 3.515243439 3.414046011 3.436364335 3.571151135 3.545838304 3.593435083 3.267571683 3.483815563 3.588876817 3.601418235 3.618490378 3.411522954 3.546003384 3.593132126 3.569118846 3.371742118 3.5469051 3.385772306 3.54904496 3.540497202 3.496674013 3.316331976 3.359431055 3.472404669 3.291307995 3.163540179 3.24594436 3.246773566 3.341653926 2.906390418 3.136878267 3.103895534 2.911024245 3.014048724 2.819660403 2.908665685 2.916977527 2.691319399 2.680176 2.869881616 2.617133532 2.612353526 2.497211075 2.527179755 2.444219175 2.426522394 2.229779903 2.343654639 2.152846483 2.198203699 2.168316751 2.087445926 1.95532016 1.933286097 1.990435858 2.014985532 1.854704742 1.832172384 1.705744834 1.767917408 1.805052853 1.742265865 1.692249207 
1.817185001 1.801961038 1.815832194 1.942821004 2.06269738 1.943040797 1.943812844 2.191542065 2.168594597 2.102053082 2.248173259 2.250220099 2.397109107 2.412313762 2.461582888 2.475865936 2.469456413 2.455036719 2.522185957 2.571097197 2.566195404 2.743283468 2.663701267 2.901409452 2.934577287 2.796921069 2.874485952 3.086556822 3.084528149 3.152571678 3.132415065 3.34492877 3.227898689 3.032473129 3.398608199 3.265119498 3.26200698 3.348188188 3.397935224 3.40789513 3.36585014 3.385282464 3.33732346 3.272067868 3.455991554 3.598072562 3.480883629 3.465644872 3.487080624 3.490230639 3.518798077 3.59403985 3.531404614 3.436490602 3.506404948 3.682378648 3.440057085 3.554756744 3.338401447 3.376214391 3.147530297 3.406699254 3.200877272 3.378854693 3.237109572 3.232727285 3.203566903 3.153906361 3.156177142 2.937575875 2.899544383 2.912476766 2.892081086 2.756418878 2.684965687 2.688456504 2.599064388 2.693370929 2.489091301 2.563873238 2.411903449 2.411663332 2.358227896 2.336782208 2.328138222 2.117646398 2.289882649 2.170793451 2.11051128 2.157236049 2.045950908 1.974793012 1.869136934 1.942947456 1.768389959 1.853379939 1.765783669 1.652237362 1.742385989 1.583968353 
1.713403859 1.880501006 1.872877583 1.739116156 2.020752785 2.073159877 2.062681413 2.124321032 2.154365143 2.107212442 2.167541761 2.221030964 2.452546335 2.350539352 2.515715058 2.486312806 2.453454 2.503717165 2.575523434 2.674859817 2.811418507 2.789204748 2.809970709 2.797863752 2.845038903 2.995247744 2.889949131 3.09179917 3.058656955 3.255393269 3.133332534 3.166424352 3.269746664 3.335095549 3.324185369 3.296746881 3.429308242 3.379547478 3.624758894 3.414958552 3.380457488 3.487116622 3.349386406 3.535834329 3.353947737 3.497673932 3.488529752 3.463726003 3.540696674 3.579737328 3.580829483 3.426734042 3.607650629 3.48389704 3.530985918 3.517700558 3.495073256 3.426980046 3.25829603 3.430813815 3.376975673 3.345232309 3.179727197 3.084499598 3.317863635 3.165483282 3.079620423 2.918957215 2.943703856 2.947458328 2.876220366 2.896559115 2.833599979 2.825603471 2.878858575 2.839274563 2.632895113 2.579275649 2.641131402 2.498227574 2.478504611 2.498887834 2.427723158 2.500944786 2.277909592 2.244947703 2.193161277 2.178528807 2.161924317 2.059415931 2.020220601 1.910290012 2.027132579 1.935057712 1.876753573 1.852391619 1.737614626 1.709346142 1.682036492 1.607013448 
1.728182897 1.873034765 1.821119576 1.920933806 1.917185688 2.052615767 2.13882501 2.163356771 2.052800331 2.223610562 2.166102629 2.230130394 2.309917286 2.446888949 2.462990395 2.439640217 2.529301018 2.632143847 2.638993572 2.640366722 2.6829888 2.712233681 2.737671039 2.81299374 3.001986241 3.001309417 3.056753677 2.917345394 3.043726846 3.242470935 3.140620065 3.011258344 3.241007121 3.436692852 3.432257254 3.293813567 3.36982073 3.455490144 3.377946166 3.613349905 3.449891306 3.469837623 3.459761834 3.446645566 3.417189105 3.514190177 3.629845846 3.533819421 3.624891258 3.602423999 3.619947953 3.443240216 3.424634095 3.510255389 3.389704719 3.4013822 3.396793886 3.355834682 3.368805667 3.385076784 3.408430017 3.438668134 3.383949193 3.392804999 3.262166641 3.172256292 3.195841724 3.020514951 3.020860469 2.809007833 2.940338542 2.985857627 2.881476907 2.876690181 2.746962337 2.735737958 2.622682846 2.571722219 2.603790944 2.507358001 2.575494386 2.581712846 2.35855722 2.410724305 2.411956712 2.310287209 2.223115995 2.119902086 2.198768769 1.989221778 2.117379504 1.914511064 2.043588623 1.883296894 1.97415258 1.796000005 1.801347242 1.734779693 1.721601633 1.706651102 
1.772758098 1.890186111 1.907565934 1.91089754 1.896022792 1.917732642 2.018907481 2.033121054 2.242566795 2.117554823 2.243243437 2.281367072 2.210995148 2.492226234 2.420815191 2.488582974 2.413137163 2.493551761 2.701670833 2.548881213 2.653158008 2.630633869 2.822281286 2.853123822 2.832753772 2.928440978 2.878017061 3.07660936 3.144077034 3.269247416 3.249288373 3.145805639 3.152291666 3.224103997 3.331619944 3.396392024 3.303438379 3.449587985 3.494924503 3.410227591 3.467363646 3.577858179 3.47936173 3.554752216 3.677766031 3.633522204 3.439839551 3.464356616 3.628569098 3.629467504 3.624549479 3.524162551 3.614409383 3.422734148 3.363842962 3.567166944 3.427318039 3.360056636 3.364042609 3.398696883 3.459022845 3.330414619 3.364619202 3.307827495 3.41372898 3.299498873 3.122745066 3.132035159 3.025040808 2.975629604 3.135775465 3.004647287 2.946888767 2.917392637 2.820823657 2.835534652 2.720109385 2.615641373 2.625575284 2.467130461 2.576647995 2.467621865 2.499004779 2.321878316 2.294392016 2.25363925 2.158760193 2.201284876 2.110103715 2.153440868 1.963450353 1.924459474 2.018662117 1.863714307 1.835849559 1.806415721 1.833235424 1.739609575 1.702474191 1.600678255 
1.760800495 1.858737323 1.822932645 1.810753397 1.905686972 2.056625171 2.025322288 2.135193174 2.079801512 2.190538987 2.285387061 2.254935859 2.294290334 2.33651477 2.361622997 2.508487885 2.538317186 2.493363288 2.54230306 2.72015175 2.787551115 2.671704741 2.969567097 2.78735489 2.88731232 3.006216957 3.078901337 3.080896079 2.884140059 3.119743567 3.192052422 3.185338798 3.213959718 3.1930562 3.273442601 3.412790034 3.387739606 3.440400057 3.306577812 3.219532478 3.608001695 3.430270688 3.46838068 3.446902095 3.555056517 3.653433364 3.575580972 3.784906762 3.558019753 3.628754679 3.499682866 3.612879075 3.488248779 3.581568374 3.494132472 3.399785994 3.576043442 3.490782766 3.441209831 3.395938689 3.33503976 3.296098346 3.4506776 3.275980898 3.303117456 3.258455574 3.063291501 3.261474575 2.903834491 3.032067142 2.87481119 2.868731997 2.850933122 2.924523244 2.864809121 2.845296492 2.708531789 2.680584083 2.620536937 2.607842618 2.490652384 2.37049476 2.392234805 2.355392291 2.214385921 2.313645595 2.263010364 2.193596183 2.054681687 2.020969532 1.993292986 2.023932388 2.036622539 1.913090612 1.875415543 1.844079038 1.725773032 1.667498072 1.660131659 1.790623467 
# Errors [BackEndMonitor/BackEndMonitor.dat] I_err:
0.06133486529 0.06111476494 0.06198933828 0.06394191289 0.06060368806 0.06504679472 0.06355760121 0.06468069486 0.06615280035 0.06732356326 0.06656931714 0.06770556888 0.06996518599 0.06694890709 0.07048177257 0.06997905353 0.07001834748 0.07198807785 0.07226857974 0.07290568105 0.07467786397 0.07411270728 0.07544304208 0.07373554072 0.07645103339 0.07791990615 0.07604861459 0.07711736173 0.07765116813 0.07746111967 0.07800118071 0.07765683877 0.08268341133 0.08014142691 0.07863400787 0.08257790553 0.08292907272 0.07920466633 0.08142649292 0.08231657769 0.08437496518 0.08243544362 0.08183036842 0.08483011963 0.08357030859 0.0839504926 0.08445012776 0.08331333353 0.0837867244 0.08267286202 0.08057197209 0.08167484787 0.08539019411 0.08464164241 0.08418716068 0.0817376039 0.07969885491 0.0823914156 0.08227541735 0.08059643171 0.08103603595 0.08225239492 0.08041898556 0.07903151762 0.0796190208 0.0770645264 0.0779927188 0.07563850195 0.07792798292 0.07978895342 0.07673729528 0.07445626015 0.07436551193 0.0743407793 0.07306040232 0.07168216786 0.07042287937 0.06991663779 0.07059622397 0.06843464309 0.06899566978 0.06842846303 0.06636045588 0.0690950783 0.06574016759 0.0607457767 0.06220512257 0.06426026849 0.0633244368 0.06204572616 0.06071270655 0.06010548124 0.06027759506 0.05998742275 0.05899201675 0.05849613555 0.0563676928 0.05553822279 0.05514600338 0.0545133204 
0.05822746376 0.06060464007 0.06218634619 0.06293363782 0.062936888 0.06257769809 0.0654983975 0.06512603099 0.06618361015 0.06803554473 0.06943533759 0.06826478586 0.06885895884 0.06808236823 0.07128738173 0.07050163709 0.06944748125 0.07244271623 0.073075514 0.07170702927 0.0756282183 0.07352142369 0.07689840829 0.0740436774 0.07659951404 0.07705477377 0.07576687909 0.07597882219 0.07724834315 0.07880514259 0.07929433347 0.08117581422 0.07937265848 0.07991404598 0.08328670137 0.08209048987 0.0807534424 0.08458869038 0.08243304409 0.08375170817 0.08324940027 0.08190860341 0.08440677359 0.08411808302 0.08321257777 0.08356757543 0.0828642522 0.08197003865 0.08348135546 0.08520787309 0.0827666212 0.08314296955 0.08259539139 0.0846047463 0.08259450926 0.08021260618 0.08301377363 0.08077370941 0.08184847021 0.0790847045 0.07975180849 0.07939633078 0.08148347032 0.08039553265 0.07860205878 0.07736363234 0.07885582194 0.07849297049 0.0779573455 0.07642342402 0.07238620987 0.07309459427 0.07395906927 0.07170817566 0.07147324062 0.07164696475 0.07122084843 0.07119599627 0.07080479443 0.067266656 0.0665716141 0.06806975035 0.06715082313 0.06549012036 0.06851086155 0.06452350289 0.06279718357 0.06140123295 0.0610030864 0.06252245218 0.0612702608 0.06123480683 0.05781901273 0.06139935295 0.05697349412 0.06039789451 0.0580076644 0.0544516704 0.05524981691 0.05357499717 
0.06065459749 0.05990632069 0.06449134992 0.063976644 0.06380227484 0.06239961415 0.06451158563 0.06579528852 0.06722352418 0.06714749991 0.0699528176 0.06865281857 0.07127339872 0.07022949441 0.07241144356 0.07016523294 0.07090725554 0.07474513992 0.07188974183 0.07144618932 0.07564519638 0.07385581656 0.07335390672 0.07412150144 0.07362702731 0.07252712983 0.07830669057 0.07848622847 0.07872440922 0.08031808506 0.07780471014 0.08110223607 0.07896338279 0.08453713191 0.08178289058 0.08096652161 0.08079521298 0.08253125632 0.08332011175 0.07972470038 0.08143455334 0.08183816021 0.08499658689 0.08572197935 0.08652133638 0.08350651102 0.08267743617 0.08309882501 0.08154781664 0.08321659547 0.08359595965 0.08286246288 0.08303729356 0.08208321758 0.08216147648 0.08289466773 0.08157507259 0.08152889375 0.08048808171 0.08200420554 0.07869853434 0.07708260986 0.07775448818 0.07996952637 0.07756712185 0.07775865144 0.0768306833 0.07681098748 0.07473935814 0.07586932662 0.07462555647 0.07482175246 0.07651839119 0.07130660723 0.07127912526 0.07238895416 0.06890272549 0.0701816011 0.07101979504 0.07026149625 0.06866683963 0.06893197231 0.06703969209 0.06317581042 0.06556289083 0.06420725321 0.06532772148 0.06206475863 0.06379079206 0.06261136962 0.06143966125 0.05803510254 0.06045095867 0.05886273738 0.05722289525 0.0577170899 0.05906186469 0.05494985475 0.0540345811 0.05579498842 
0.05974841192 0.06034447156 0.06193630657 0.0649312284 0.0660386182 0.06215859577 0.06322596886 0.06456322505 0.06357619212 0.06554652198 0.06796994587 0.06707337768 0.06757804954 0.07182235817 0.06911698194 0.07379505394 0.06977481218 0.07140535463 0.0749266607 0.07116196951 0.07398458717 0.0730904905 0.07297220362 0.07350223447 0.07586176156 0.07541330674 0.07736541614 0.07484541699 0.07881647979 0.07799892252 0.07834118727 0.07956682217 0.07817062624 0.08091406816 0.07963277367 0.08058519596 0.08137177735 0.08385402614 0.0814834419 0.08127267505 0.08408337488 0.08203488656 0.08361989653 0.08161292129 0.08581808888 0.08216392698 0.08409796176 0.0824456926 0.08030152515 0.08145143448 0.08045740764 0.08268594233 0.08166835288 0.08328958909 0.08106976654 0.08221446091 0.08208269135 0.08226148861 0.08360075204 0.08081716283 0.08185194902 0.07778148345 0.07950713675 0.07868654315 0.0766555828 0.07814113078 0.07856407471 0.07576519587 0.07812599435 0.07509650036 0.07522791008 0.07650113074 0.0758934024 0.07196787643 0.07154131219 0.07030778181 0.07020309389 0.07052305806 0.07083883175 0.06973202985 0.06629755524 0.06914340126 0.06656837597 0.0671427872 0.06482157282 0.06586027827 0.06445832301 0.06155130537 0.06019383911 0.06051409423 0.05971531815 0.05967765762 0.05966725078 0.05869231494 0.06037288232 0.05800667791 0.05628036763 0.05399510963 0.05393963354 0.05339311621 
0.06004687251 0.06174972428 0.06473899535 0.06440638797 0.06343032995 0.06254259831 0.06652977335 0.06390258641 0.06540616567 0.06629939056 0.06962177279 0.06893505204 0.06746896272 0.07162979876 0.06951087399 0.07453069696 0.07249376296 0.06991342993 0.07435040379 0.07339244823 0.07552631433 0.07789607942 0.07709839583 0.07666482488 0.07676189846 0.07554728409 0.07715061537 0.07786184786 0.08135251425 0.07838847303 0.07939220943 0.07928367895 0.07951500457 0.08001840478 0.078169916 0.0812978201 0.08235889607 0.08168241377 0.08278429636 0.08323439173 0.08268322405 0.08445624933 0.08433020022 0.08402627309 0.08233962169 0.0817802982 0.08113191763 0.08240394439 0.08340008026 0.08186457271 0.08485704624 0.08347349511 0.08413964089 0.08242016698 0.08322304315 0.08358943708 0.07938428418 0.07893117962 0.08077800392 0.08037209466 0.08015119326 0.07948554975 0.08176639868 0.08066982655 0.07905708251 0.07709059227 0.07439152826 0.07737040227 0.0759942881 0.0765780894 0.07493686624 0.07410462679 0.07458858999 0.07161869344 0.0740045964 0.07041615755 0.07046411647 0.06958461243 0.06848902583 0.06836642884 0.06617205162 0.06765031364 0.06806247176 0.06345739415 0.06483815759 0.06386612974 0.06309215123 0.06374920755 0.06276842985 0.06153137668 0.06039888386 0.06142207198 0.06159812944 0.05790490324 0.05673307184 0.05569485684 0.05666703886 0.05430910979 0.05522930585 0.05316051167 
0.06060972301 0.06149582988 0.06030479083 0.06218267637 0.06392744185 0.06388700328 0.06260733427 0.06337517705 0.06558417846 0.06564539036 0.06712303953 0.06660811646 0.0672547275 0.06812344638 0.07182335149 0.07043788304 0.07294494435 0.07236044215 0.07194370318 0.07073556955 0.07324864049 0.07592434086 0.07575534516 0.07485248677 0.07565494082 0.07705950447 0.07668873257 0.07609711181 0.07753593083 0.07683327 0.08192550525 0.07917933303 0.07855024184 0.0816389013 0.08330290566 0.08215095071 0.08176550653 0.08113898563 0.08253566787 0.08279492962 0.0824011111 0.08338616803 0.08045729472 0.08258911016 0.0821574925 0.08544511339 0.08333305422 0.08537968351 0.0820221388 0.08436070691 0.0849225143 0.08218900685 0.07992449542 0.08294622279 0.08342293802 0.08293668812 0.08065106929 0.08161941196 0.08277393852 0.08083052974 0.07962663298 0.07912499632 0.07920901474 0.07764874328 0.07700090393 0.07568429092 0.07638197281 0.07730463635 0.07340175837 0.07450901447 0.07708133697 0.07453306148 0.07329500385 0.07189404483 0.07187329911 0.07069347483 0.07035612786 0.07018163577 0.06995879418 0.0696354079 0.06868753061 0.0682249744 0.06436009126 0.06638927342 0.06586465476 0.06390450582 0.06202290824 0.06264352342 0.06647144937 0.06035528352 0.06222666397 0.05943786439 0.06149355285 0.05915967281 0.05646193018 0.05719314045 0.05777212609 0.05604568418 0.05683872031 0.05351191302 
0.06007832605 0.06019925957 0.06332463748 0.06075276372 0.06515824502 0.06586302639 0.06201585508 0.0686555268 0.06513235815 0.0683542855 0.06609417742 0.06809290976 0.06994818677 0.07195915489 0.07037238883 0.06778437474 0.07111896486 0.07213648502 0.07022232937 0.07341597793 0.07554466125 0.07572782888 0.07223309514 0.07495574066 0.07324109993 0.07702591242 0.07892759456 0.0774119505 0.07597910875 0.0781718073 0.07779184823 0.0797651307 0.07950891591 0.08106050117 0.07984735447 0.0800684722 0.08331259861 0.08295187123 0.07828321463 0.08248875383 0.08049373088 0.0830528786 0.08214204845 0.08406051695 0.08294151021 0.08410510754 0.08286263325 0.08254572666 0.08252011102 0.08190748784 0.08171770616 0.08188811253 0.08106499805 0.08029888632 0.08424775194 0.0834925469 0.0805091957 0.08059706085 0.08225759378 0.0772872023 0.07869367682 0.08016287203 0.0821843376 0.07883270011 0.07667819791 0.07588216487 0.07578647381 0.07758866648 0.07503489587 0.07553737518 0.07412936351 0.07189212965 0.07663418612 0.07407307487 0.07130860119 0.07029334607 0.0724385203 0.06917281141 0.06740807645 0.06853214213 0.06745521564 0.06464385154 0.06836615489 0.06787685212 0.06515227706 0.06570402114 0.0625661466 0.06211958873 0.0604617391 0.05934458652 0.05913960879 0.05878134345 0.05782316047 0.06024782662 0.05579172871 0.05827550351 0.05375095853 0.05513607697 0.05405305326 0.0542266811 
0.05863380146 0.06106553815 0.06060113844 0.05976670084 0.0623099263 0.06301305712 0.06084433728 0.066583781 0.06659891163 0.06692025481 0.06687947462 0.07135118967 0.06864892771 0.06990772481 0.06764399027 0.07057831181 0.0713171633 0.07128953695 0.07270895607 0.07406887962 0.07273446168 0.07526637013 0.07450054305 0.07312506172 0.07517453325 0.07562306822 0.07699519114 0.07543831156 0.07785942953 0.07813517935 0.08127136983 0.07955080409 0.0791273574 0.08110919039 0.07938783096 0.07924529962 0.08210107978 0.08278638709 0.08146433294 0.07967084482 0.08148837219 0.0813464128 0.08303030373 0.08404849358 0.08260540698 0.08412737366 0.08180918605 0.08342646252 0.08184761098 0.08129642216 0.08520888071 0.08247572322 0.08237656201 0.08038897885 0.08021102198 0.08391003277 0.08349692595 0.08456220191 0.08265026447 0.07966381051 0.08107904585 0.08079163982 0.07993745161 0.07723689892 0.07672760992 0.07655610966 0.07714739945 0.07418845083 0.07744091543 0.07663845433 0.07571345912 0.07436243297 0.07421656317 0.07368978442 0.06800921511 0.07330913588 0.06986720195 0.07033071763 0.06838571912 0.06860971209 0.0687797566 0.06577167794 0.06803919966 0.06315931581 0.06657579553 0.06381549136 0.06318080453 0.06060958391 0.06039307771 0.06263364829 0.06044901921 0.06052764157 0.06191912619 0.05663827239 0.05879892856 0.0555818624 0.05710788743 0.05609024587 0.05386256831 0.05388882406 
0.06032847874 0.06293144373 0.06018811305 0.06180894281 0.06117027652 0.06525828534 0.06501612729 0.06327123551 0.06647432628 0.06495092831 0.06454952012 0.0684894097 0.06694056004 0.06692661763 0.07058259413 0.07138931834 0.07266827671 0.06895872139 0.07222741266 0.07314590649 0.07265720793 0.07577094088 0.07510891112 0.07588286144 0.07376015975 0.07662482781 0.07660620331 0.07811074343 0.07800656232 0.07786663621 0.07740933544 0.07929067655 0.07907671417 0.08049339426 0.08093958283 0.07994597713 0.0835047788 0.08063273164 0.08281583743 0.08348089581 0.08280047961 0.08440115204 0.08163747359 0.08239321836 0.08438973734 0.08190792412 0.08384813882 0.08282048979 0.08358042173 0.08314705846 0.0819210035 0.0814206363 0.08256978706 0.08679126844 0.08260420046 0.08309759192 0.0796850901 0.08202670836 0.08134828836 0.07906394904 0.07847306849 0.08087475103 0.07812639633 0.07903839879 0.07726692572 0.07813024771 0.0771338001 0.07634003184 0.07472674703 0.07277342069 0.07607015997 0.07374748574 0.07296419206 0.07085555178 0.07229534222 0.07224412911 0.07083950197 0.0716212404 0.07071870355 0.0697240324 0.06826177228 0.06553264696 0.06560790824 0.06490329423 0.06418702973 0.06449883828 0.06217299845 0.06310040688 0.06136625603 0.06089604376 0.05927977932 0.06076862305 0.05724866981 0.05634014399 0.05740309328 0.05657857014 0.05683295423 0.0546698435 0.05395170384 0.0531446426 
0.05990351775 0.05886094791 0.06214325447 0.06438766803 0.06201501314 0.0640141829 0.0617063776 0.06381333013 0.06378447744 0.06694622485 0.06740013006 0.06628761292 0.06776416486 0.07144238973 0.0694467902 0.07251885736 0.06910442436 0.07307477635 0.07010306573 0.07105316439 0.0719333764 0.07095045764 0.07517614821 0.07503260484 0.07548734924 0.07574117017 0.07653187184 0.0802830524 0.07741483084 0.08140449112 0.07749162773 0.08059597633 0.077747563 0.08050659384 0.08248775678 0.08401903047 0.08095485947 0.08380467805 0.0804370588 0.08243314779 0.08225637763 0.08113295068 0.08353671759 0.08304249643 0.08138929774 0.08417270026 0.08194871234 0.08365655456 0.08333045669 0.08070677072 0.08147079316 0.08182729227 0.08401095934 0.08248270135 0.08245560062 0.08231385497 0.08189589126 0.08011552974 0.080625416 0.08036478251 0.07990120233 0.07904790942 0.07996892473 0.07644391341 0.0801283727 0.0777757728 0.0754605926 0.07655001235 0.07335165051 0.07619069823 0.07416728875 0.0748645155 0.07367722609 0.07163909548 0.07104304121 0.0729488943 0.0709848076 0.06938320747 0.06711958934 0.06974252143 0.067587055 0.06808120426 0.06546790016 0.06240018325 0.06502664914 0.06232982837 0.06053519175 0.06120724268 0.05992301169 0.06041927573 0.06001913386 0.05946150482 0.05717104201 0.05853671679 0.05826673203 0.05848856276 0.05432413106 0.05748410064 0.05379934384 0.05356494156 
0.05970341349 0.06062308759 0.06235458817 0.06260347197 0.06137243378 0.0641401656 0.06374854014 0.06561258283 0.06521870675 0.06617595777 0.06712841423 0.06537771179 0.0687043111 0.06874635633 0.07183811469 0.07012765177 0.0697782998 0.07040133505 0.07421746837 0.07111294976 0.07306120951 0.07389228268 0.07560345824 0.0731078333 0.07093389729 0.07459127887 0.07836446254 0.07794047594 0.07980333156 0.07814633365 0.0820221545 0.07851533278 0.07971822566 0.08177168029 0.07950902399 0.08104079081 0.08099767375 0.07953966205 0.0812117262 0.08241968326 0.08187226369 0.08346945201 0.08289881722 0.08173989215 0.0823765523 0.08140058499 0.08396299959 0.08106385523 0.08315951064 0.08227158094 0.08259273521 0.08484443404 0.07955589643 0.08097249601 0.085349966 0.08077658084 0.07949632413 0.08081784677 0.08081934619 0.08109066716 0.07612833456 0.07641191091 0.07749387572 0.07696101066 0.08113354285 0.0771534508 0.07675547444 0.0749016949 0.07346970775 0.07360198902 0.07288830153 0.07246466808 0.07275978943 0.07362866293 0.07208741472 0.06974461131 0.07054486559 0.07023674615 0.07016493829 0.06742413771 0.06881432425 0.066206563 0.06677403134 0.06107762521 0.06325063164 0.06282729086 0.0629769436 0.06287894574 0.06181711433 0.06208696366 0.06458224265 0.05927564916 0.05619371039 0.05721056007 0.05603787096 0.05619414982 0.05623699461 0.05345504666 0.05551101595 0.05330610123 
0.05904782578 0.0611225474 0.06153966408 0.06355938111 0.06073387662 0.06355271662 0.06444776528 0.06482750746 0.06505807339 0.06633034833 0.06587365813 0.06719747732 0.06758786633 0.07021083394 0.07003404114 0.06892799516 0.07003832862 0.07040747912 0.07243101894 0.07279046602 0.07203515265 0.07222452455 0.07534618597 0.07401337532 0.07616875531 0.07651711368 0.07807707957 0.0780967987 0.07831929588 0.07635041643 0.07784372733 0.07892977167 0.08152932334 0.0801013535 0.079352702 0.08158183348 0.07852978678 0.08282588441 0.07981665511 0.08292218205 0.08103787875 0.0841153321 0.08174590957 0.0837797071 0.08270812143 0.08329905365 0.08356942097 0.08342275981 0.0828916917 0.08062407741 0.08124734552 0.08062203182 0.08377244065 0.08243505095 0.08176051584 0.08207204983 0.0809634915 0.08101062273 0.08148535816 0.0811388375 0.08028265562 0.07979206298 0.07839439345 0.0772003742 0.0771735554 0.07755186857 0.07762631176 0.07567973086 0.07597274622 0.07588416417 0.07426564223 0.07413781918 0.07428761022 0.07306883926 0.07209064333 0.07110338297 0.06986923763 0.06848069297 0.06711389309 0.06695807232 0.06732951918 0.06627991612 0.06614782137 0.06328921446 0.06312447169 0.06346393018 0.06059306981 0.064083669 0.06430413923 0.06099512801 0.06032027901 0.05938726751 0.05866357452 0.05805652048 0.05756745724 0.05793931801 0.05682624335 0.05437732197 0.05273627945 0.05413235912 
0.06061141793 0.05979555327 0.06244135788 0.06333511347 0.06357673468 0.06212721246 0.06138148641 0.06669217396 0.06693959903 0.0656663677 0.06543578478 0.06580155203 0.06726504936 0.06943115125 0.07111778948 0.07043994563 0.06964915693 0.07206913188 0.07407550161 0.0731766945 0.07386959852 0.07537455059 0.07397866897 0.07395615404 0.07370153578 0.0749616186 0.0744530538 0.07903518573 0.07430076265 0.07741181222 0.07820066587 0.08091962678 0.08032870848 0.07861785346 0.07972204182 0.07899770467 0.08100565283 0.08140100401 0.08011707198 0.08209545609 0.08217462255 0.08189232288 0.08367358405 0.08116381364 0.08188854848 0.08413559676 0.0843899743 0.08387202302 0.08266973526 0.08400653173 0.08035019023 0.08443687924 0.08233420729 0.08181358287 0.08299740398 0.08113987672 0.07960066225 0.07976351694 0.07970373663 0.07836909629 0.07969937377 0.08041682404 0.08109784529 0.07630213279 0.07550004889 0.07643910958 0.07373278133 0.07342450029 0.07612894946 0.07524354384 0.07455553274 0.07260725635 0.0711782238 0.07107004943 0.07035831676 0.07137842666 0.06890764994 0.06883073526 0.06877910961 0.06699301595 0.06650721298 0.06633734735 0.0656167079 0.06317349292 0.0637215647 0.06349236765 0.06295762867 0.06256663603 0.06176807543 0.05984892395 0.05784247824 0.05754904327 0.05648756676 0.06062106924 0.05874813676 0.05391681234 0.05669760139 0.05601429382 0.05588821948 0.05207796214 
0.06091910337 0.0594471963 0.06195685231 0.06223360711 0.06444329519 0.06463257093 0.06410084272 0.06385606744 0.06449173712 0.06572195099 0.06503689514 0.06804945741 0.06835964442 0.06976221655 0.07109365646 0.06973573366 0.06895080093 0.07160475218 0.07177171036 0.07448116554 0.0750803068 0.07369668126 0.07610534493 0.07354950172 0.07546371289 0.07550709656 0.0779308944 0.0751719849 0.07825279689 0.080640882 0.07873301303 0.07927888733 0.07960699596 0.08221362987 0.08053248447 0.08253440798 0.08098978527 0.07901337116 0.08101266297 0.08028989881 0.08394293248 0.08287318263 0.08155873947 0.08167484296 0.08122810662 0.08003683099 0.08346439688 0.08209427206 0.08371892313 0.08028472363 0.08048294079 0.08233227709 0.08105953192 0.08423930645 0.07833419981 0.08189260851 0.07899337079 0.08046676421 0.0806500391 0.07905386118 0.07867372385 0.07725829156 0.07852582547 0.07592391714 0.07779982487 0.07800622732 0.07693711544 0.07525022259 0.07465302373 0.07294163582 0.0711501094 0.07438689125 0.06954606991 0.07130450911 0.07063443746 0.07241060633 0.06779888716 0.07129534045 0.06962250676 0.06720006086 0.06858151131 0.0655294395 0.06470171817 0.06463475146 0.06587102181 0.06398977826 0.0604588175 0.0614317948 0.06122169836 0.05931553675 0.06356684704 0.05867946525 0.05830412085 0.05937699525 0.05485711289 0.05568202682 0.05402725845 0.05557561837 0.05624681204 0.05364747824 
0.06321568312 0.06170242056 0.0593631796 0.05835369224 0.06398109494 0.06209575171 0.06448008251 0.06555884296 0.06618410843 0.06584900993 0.06681230803 0.06694136323 0.06662916097 0.06527351105 0.07037949397 0.07140217762 0.06855331621 0.07022000247 0.07268503599 0.07455570508 0.07348566302 0.07341983595 0.07670203443 0.07510556372 0.07561537199 0.07761567888 0.07778632979 0.07501927572 0.07866447682 0.07650916087 0.07946073272 0.07950621145 0.08112306056 0.07964174961 0.08021844413 0.07764437714 0.08057926234 0.07876178933 0.07964010428 0.0802003298 0.08193205918 0.08037077155 0.08272052184 0.08317699682 0.08206993266 0.08272398888 0.08224111634 0.08173112474 0.08350067915 0.08207962062 0.08115432503 0.08372699033 0.08063874095 0.08218678899 0.08084338542 0.07929386038 0.07842698539 0.08181081377 0.07895638727 0.07837116009 0.07813300763 0.07672974966 0.07684250424 0.07795646669 0.07860249921 0.0732840989 0.07350426192 0.074730673 0.07549142088 0.07477866473 0.07213089888 0.07401493519 0.07201862974 0.07167707834 0.06889046076 0.07234616258 0.07021699454 0.06863141855 0.06893798187 0.06730770566 0.06940992015 0.06857944527 0.06549100784 0.063906159 0.06354057634 0.06419985833 0.06371861514 0.06169241499 0.06321278349 0.06312152716 0.0592310681 0.06086148331 0.05865488717 0.05832466655 0.05690882955 0.05574318952 0.05348606835 0.05467645755 0.05682542599 0.05381749251 
0.06205455571 0.0607396857 0.06086301658 0.06227787912 0.0626907989 0.0607967165 0.0626628601 0.06495058642 0.06442413984 0.06435371391 0.06698356884 0.06975042493 0.06836485685 0.06982313008 0.07110883958 0.07112779459 0.06899333823 0.07024173063 0.07274379726 0.07019489476 0.07229220052 0.07499930683 0.06976210863 0.07423431625 0.07346618728 0.07552988272 0.07684084692 0.07645889786 0.07667230175 0.07625673762 0.07899332332 0.07893083613 0.07890658729 0.07962106258 0.08166682161 0.07903516859 0.08079467428 0.07932535764 0.08116406491 0.08001743902 0.08442898761 0.08262553577 0.08014457896 0.08065203997 0.08074663047 0.08181313875 0.08065145294 0.08290338823 0.08330282799 0.080105932 0.08156407352 0.08305714216 0.08391709036 0.08292247445 0.0807901979 0.08224056609 0.07854100909 0.07979045903 0.07929964518 0.07742310661 0.07728840018 0.07796547504 0.07678597434 0.07586966645 0.07774080194 0.07756230748 0.07670319086 0.07434897209 0.07381773988 0.07539751953 0.07216852355 0.07459633339 0.07366173436 0.07461907193 0.07009949428 0.06932013518 0.07223181537 0.06911052763 0.06986905105 0.06743144392 0.06822769044 0.06785722724 0.06332383826 0.06365602691 0.06258265231 0.06475403774 0.06213244035 0.05899427365 0.06314184374 0.06192391935 0.06081865182 0.05937586647 0.05713141689 0.05544656105 0.05755762626 0.05761727257 0.05363941067 0.05313086807 0.0547907995 0.05620408583 
0.05960348252 0.05939503253 0.06109847211 0.06165608713 0.06497928803 0.06159326367 0.06306164347 0.06148266899 0.06514974122 0.06735750393 0.06686935351 0.06896475833 0.06855301802 0.07026165077 0.06834883895 0.07153135563 0.06882361831 0.07139387545 0.07179271053 0.07386640219 0.07192215358 0.07212441702 0.07571516957 0.07260257091 0.07467541264 0.07569072995 0.07589954364 0.07345389378 0.07617523529 0.07551331656 0.078734599 0.07781268698 0.08088564165 0.07745123334 0.08096250697 0.08195813737 0.08179579485 0.08122632569 0.08319928241 0.07753095612 0.08195559125 0.08272269639 0.08118167787 0.08203128872 0.08122506113 0.08344837914 0.08242724413 0.08252448384 0.0816064806 0.08286825813 0.08135699012 0.07813263153 0.0809315049 0.07907970137 0.08082095495 0.07775225975 0.08068905557 0.07855929634 0.08198792432 0.07824419796 0.07958733747 0.07739911107 0.0773305683 0.0798999458 0.07498289626 0.07705497395 0.07610521665 0.07511553174 0.07578314973 0.07622128404 0.07245408255 0.07219075451 0.0734232164 0.07017238488 0.07032323797 0.07073897217 0.06678996335 0.0676602163 0.06700910186 0.06811443931 0.06581122365 0.06783741141 0.06539920554 0.06365013784 0.06479668636 0.06243528847 0.06359690687 0.06055121053 0.05988304488 0.06056004947 0.05875068104 0.05750033967 0.05819675876 0.0581679286 0.05619238414 0.05546840323 0.05454380501 0.054755317 0.05158600728 0.05266224371 
0.05939081776 0.06031607112 0.06126875286 0.06306209568 0.06185964448 0.06428505947 0.06376598383 0.06321233577 0.06457586821 0.06593234278 0.06813680235 0.06440172544 0.07004015087 0.06916156243 0.07001581204 0.07116133422 0.07066351724 0.06823997763 0.07265673571 0.07157293982 0.07146461913 0.07246527845 0.07370094243 0.07389130428 0.0757721727 0.07613958105 0.07469321482 0.07926263709 0.07615949524 0.07673657802 0.07851016953 0.07895986097 0.07752116218 0.0803132008 0.07676365843 0.07849794806 0.07940135699 0.08138112957 0.08147172831 0.08179597925 0.08183157207 0.08057778688 0.07853852406 0.08246887464 0.0827204552 0.08292900156 0.08042355506 0.08103076225 0.08109519994 0.0815119918 0.08083855623 0.08159304521 0.08185961713 0.07886881151 0.07949594115 0.0784668694 0.08042481044 0.076267897 0.07909980913 0.08302528052 0.07729078283 0.0783692299 0.07600161385 0.07580296 0.07744063429 0.07595425517 0.07777200427 0.07559896903 0.07174194613 0.0759195338 0.07355378119 0.07187153975 0.072073143 0.07164082956 0.07286930163 0.07175551039 0.06869762296 0.06889349077 0.06890181527 0.06753403242 0.06518777741 0.065202984 0.06384264759 0.06567247109 0.06246448842 0.06417857077 0.0599103748 0.06181106502 0.06009742108 0.06065371045 0.05875116147 0.0589752391 0.05675812332 0.05885800889 0.05605772405 0.0574588343 0.05715941612 0.05465954 0.0529609554 0.05313388173 
0.06153118571 0.06329188932 0.06069460971 0.06288901891 0.06318827241 0.06305461081 0.06551076286 0.06392951495 0.06532975142 0.06655169173 0.06682402809 0.06445533862 0.064845283 0.06761988565 0.06973523218 0.07274117082 0.07121463687 0.07282811603 0.07378814409 0.07005376592 0.07216511064 0.07451030329 0.07176945119 0.07413954303 0.07326809194 0.07291922906 0.07778489643 0.07739126623 0.07853979889 0.07796230874 0.07838249942 0.07924410171 0.07941623039 0.07857726442 0.08218401923 0.08023654648 0.08025693 0.08122709112 0.07921811977 0.07991818945 0.08056398854 0.08171480539 0.08143161795 0.08132656675 0.08276202547 0.08240595795 0.08128160747 0.08081782624 0.08364686225 0.08206601391 0.08197939199 0.08235180665 0.08134818637 0.08298078734 0.07871651894 0.08016432682 0.07825068997 0.0797191771 0.08047291201 0.07891874154 0.0789818999 0.07859056974 0.07675636974 0.07817113178 0.07536096239 0.07843105805 0.07644777301 0.075731607 0.07593948887 0.07452287567 0.07336254173 0.07255025059 0.07206250863 0.07151851632 0.07125582553 0.06848334503 0.0690081622 0.06816195548 0.06956171799 0.06350887873 0.06672324766 0.06741037113 0.06710004174 0.06520332785 0.06370379883 0.06077599125 0.06348250191 0.0606994722 0.06087429353 0.06277051127 0.05930049789 0.0593880211 0.05849638465 0.0570498461 0.05723089967 0.05565602919 0.05554018833 0.05323045126 0.05453746066 0.0535251827 
0.05987044792 0.06059507434 0.06037686136 0.06238776673 0.06125811707 0.06448757421 0.06431534431 0.0628796723 0.06452276899 0.06353287479 0.06617364204 0.06809011246 0.06592140886 0.06702731785 0.06992667599 0.06912935253 0.06960199868 0.06944087418 0.07154676168 0.07153339233 0.07285057911 0.07482353148 0.07397152998 0.07656631867 0.07536415614 0.07586396187 0.0743756304 0.07629669245 0.07606794313 0.07619432805 0.07721932959 0.07731396955 0.07938241304 0.0789842444 0.0804020036 0.07659936057 0.08116226484 0.07955655247 0.08294535392 0.08220223278 0.08229864612 0.07888473045 0.08282625914 0.07997239851 0.08115690703 0.08079968254 0.08032040085 0.0820451226 0.08067152254 0.07994589985 0.08697181309 0.08205969631 0.08029413162 0.08313048743 0.08261215912 0.08020853089 0.0795019687 0.07887589204 0.07950205836 0.07706689297 0.07845457077 0.076736863 0.07903298615 0.07724211849 0.07604337167 0.07598999852 0.07262030164 0.0737689181 0.07513763324 0.07361622437 0.07164150754 0.07238772123 0.07151784587 0.07095595959 0.07082817046 0.06962009631 0.06645216987 0.07061007574 0.06948374019 0.06698094161 0.06573125875 0.06417776391 0.06344065843 0.06624376235 0.06335888399 0.06205721723 0.05992789489 0.05970982638 0.05976776767 0.05960530517 0.0598857681 0.05732853931 0.05483273935 0.05861300005 0.05772259643 0.05485619024 0.05431895423 0.05373529228 0.05514332725 0.05174318733 
0.05625965842 0.06078937641 0.05752397893 0.06350101833 0.06267611306 0.06033069798 0.06521112619 0.06563885645 0.06357388088 0.06724017952 0.06618512509 0.06857334099 0.06838522491 0.07028908075 0.0673049662 0.06802697074 0.07155756481 0.07129451513 0.07141441854 0.07022334471 0.06952363786 0.07344439843 0.07356890942 0.07614930545 0.07430693978 0.07602872053 0.07272904274 0.07710280662 0.08015908713 0.07643282665 0.07693110526 0.07910412911 0.0793554722 0.07887871074 0.07945775347 0.07910764793 0.07935270896 0.07997966584 0.08133231604 0.07909093497 0.08197978801 0.08134103946 0.08060066931 0.08210729627 0.0820531864 0.08060270398 0.08283552614 0.0804737315 0.07982910349 0.08123004724 0.07942963117 0.0794731848 0.08008204731 0.07814792566 0.07808839924 0.0820353831 0.08096084122 0.08215681686 0.07900868695 0.0776169447 0.07725741142 0.08078558265 0.07828091708 0.07575874889 0.07434436264 0.07712609413 0.07577133347 0.07422661938 0.07307717218 0.07346098675 0.07424358551 0.07349569794 0.07234260024 0.07019061014 0.06939558311 0.06960074971 0.06938886256 0.06874905595 0.06897139837 0.06849080966 0.06571888117 0.06677680501 0.06277251918 0.06395744948 0.06402489112 0.06036609208 0.06257776994 0.06074753751 0.06037373158 0.05925971416 0.06047113665 0.05868107818 0.05844238974 0.05615698793 0.0585047331 0.05363199769 0.05511704643 0.05387442399 0.05759741238 0.05186609748 
0.06011640691 0.0584632269 0.06017666935 0.06190981812 0.06399921377 0.06143260859 0.06411034772 0.06580871053 0.06540340858 0.06589447421 0.06720300141 0.06263610526 0.0649137512 0.06750763345 0.06791139957 0.07116193087 0.0686425813 0.07068373702 0.07148230853 0.06926431883 0.07368992588 0.07298725318 0.07259724716 0.07457829394 0.0742179756 0.0742809521 0.07274119886 0.07559766743 0.07762755894 0.078399463 0.07708351306 0.07569853009 0.08014407584 0.07648243982 0.07710498172 0.07981607684 0.07671386938 0.08011313873 0.08068775665 0.08222317307 0.08184607003 0.0804951238 0.08067604457 0.08170994074 0.08313085573 0.07851938842 0.08165531967 0.08108614428 0.07960223827 0.07946457071 0.07995103102 0.08209211092 0.08111718658 0.08066800615 0.0818720288 0.07876232996 0.07958487516 0.07645494985 0.08074244375 0.07637420332 0.0782237681 0.07540622087 0.07586781024 0.07733382634 0.07680371728 0.07776273154 0.07644051647 0.07718821104 0.07675381718 0.07405238676 0.07450815673 0.07078896194 0.07018860703 0.06953287138 0.06884312482 0.0682793245 0.0680282772 0.06641747751 0.0685571305 0.06510238785 0.06540888531 0.06503684797 0.06510066969 0.06511348699 0.0615180205 0.06167437891 0.06304741085 0.06262001054 0.05875835468 0.0590115306 0.059711667 0.05788244962 0.05653414358 0.05767852264 0.05624038178 0.05592105992 0.05396131067 0.05568947108 0.05498466554 0.05288708062 
0.0617293375 0.05993137968 0.06177625815 0.05994554817 0.0620951817 0.06355639849 0.06516656404 0.06690657506 0.06562374045 0.06481971517 0.06575330851 0.0664807623 0.06664424289 0.06576477993 0.0667887457 0.06786778877 0.06783370845 0.06914748306 0.07414616703 0.07038878041 0.07170322731 0.07414954793 0.07482615004 0.07275432032 0.07293877159 0.07574579185 0.07399056122 0.07596515344 0.07704147273 0.07722579443 0.07807996432 0.07696725519 0.0791428667 0.07900509333 0.08103934733 0.08265188563 0.07863794969 0.07943461912 0.07869261604 0.0791333538 0.08165111188 0.08087077926 0.08206169028 0.07925618654 0.08444232958 0.08207101292 0.08069442063 0.08026718676 0.08166871722 0.08120753895 0.0820361729 0.08000449093 0.07878126023 0.0815316464 0.07898488609 0.08093992224 0.07914776126 0.07817681017 0.07742206618 0.07679678778 0.07937797729 0.07633864961 0.07597114808 0.07695623705 0.07575210935 0.07694945034 0.07616098037 0.07545643889 0.07463295593 0.07110870913 0.07400881511 0.07065810067 0.06812007306 0.06932478618 0.07046585927 0.07092357248 0.07125381947 0.06848849415 0.06953899845 0.0682647423 0.06775768915 0.06614242663 0.0637275288 0.06415523445 0.06503738372 0.06073932161 0.06336671899 0.05975976184 0.05993570952 0.06017563237 0.05936989824 0.05780007902 0.05291676016 0.05715848146 0.0559232729 0.05492979041 0.05734523126 0.05206032546 0.05426347538 0.0528980325 
0.06020991565 0.06002081232 0.06162228496 0.06114177703 0.05970247043 0.06610299312 0.06565135927 0.06073008959 0.06566805037 0.06691699064 0.06733326996 0.06684174949 0.06675072265 0.06545825015 0.06740104294 0.07046948912 0.06803778078 0.06879102922 0.07178250273 0.07272026841 0.07125350218 0.07238836041 0.07071449446 0.07325157638 0.07566748321 0.07685416639 0.07508999304 0.07608702932 0.07817063211 0.07997366874 0.07763423385 0.07801718052 0.0793960247 0.07882536031 0.07658080987 0.0795719222 0.07555987312 0.07991178752 0.07973730143 0.08080728503 0.07982624832 0.08015999314 0.08245180739 0.07796332588 0.08113135003 0.07712088263 0.07995990339 0.08082659038 0.08055222278 0.08309383818 0.08217694026 0.08221379264 0.07959376287 0.08173625149 0.07946761094 0.07936241215 0.07834132432 0.08081362888 0.07636491913 0.07798020744 0.07671761933 0.07806575033 0.07613612241 0.07668367939 0.07714886006 0.07651960277 0.07336509675 0.07513436375 0.07455573759 0.07408564011 0.07128871469 0.07201441174 0.07188889297 0.07421197167 0.06768022349 0.0696215162 0.0703958773 0.06619867704 0.06634938864 0.06711603508 0.06425938693 0.06577167454 0.06484223795 0.06489622356 0.06246421829 0.0625554467 0.06280422919 0.06070401124 0.06075353093 0.06106583968 0.05734650088 0.05788745334 0.05667616277 0.05758773391 0.05543351992 0.0533385681 0.05111870885 0.05296695926 0.05556700075 0.05421041453 
0.05995133883 0.05967384605 0.06049608582 0.06162819375 0.06196332627 0.06507708045 0.06171428206 0.06425372374 0.06569766216 0.06249993683 0.0673652955 0.06557522553 0.07071370412 0.06724882922 0.06998344254 0.06957053285 0.0711784387 0.07149021519 0.07232279935 0.07194838274 0.07128142123 0.07260629574 0.07178216794 0.07400565847 0.0761344752 0.07348441663 0.07441445886 0.07613647573 0.07799511705 0.07780623915 0.08008360779 0.07745210504 0.07848739204 0.07799201166 0.07754078683 0.07774976106 0.07999646876 0.0792363153 0.07912628928 0.07917225717 0.07786366912 0.07896351853 0.07845422365 0.07875549933 0.08062821689 0.08138589084 0.08122926292 0.08108582406 0.07785199232 0.08279104792 0.0794695308 0.07984187194 0.08153456618 0.07973403009 0.08109365034 0.07900985747 0.07891293574 0.07853543903 0.07718518277 0.08028178443 0.07589565569 0.07860779113 0.07611115984 0.07666551011 0.07655177593 0.07302161039 0.075019469 0.07424000779 0.07415290915 0.07370785417 0.07152598738 0.07161538414 0.07256047063 0.07139711809 0.06964421368 0.06829936149 0.07158986064 0.06906008884 0.06498652269 0.06519018537 0.06719379187 0.06573997426 0.06411791628 0.06556080497 0.06274422247 0.06205183343 0.05972847535 0.06271191542 0.0584910292 0.05921016605 0.05898064424 0.05823733725 0.05855594291 0.05692831478 0.0551389937 0.057410508 0.05476864421 0.05522413498 0.05428373136 0.05098403101 
0.05920902876 0.06182492955 0.05929762591 0.06195327814 0.06101384779 0.062466624 0.06196233588 0.06282643695 0.06783897811 0.0657265105 0.06579302957 0.06581096578 0.06606889446 0.0683870524 0.06557360124 0.06795666065 0.07030973074 0.06952227751 0.07356613014 0.07132506466 0.07191163438 0.073563446 0.07229448932 0.07434176409 0.07470618805 0.07838993002 0.07644467872 0.0756816197 0.07873186109 0.07656826775 0.07810313586 0.07691587936 0.07897418382 0.07901435505 0.08011359656 0.07776113813 0.07946746859 0.08311267347 0.0801713127 0.08061854666 0.08140773376 0.08113494713 0.08148675926 0.08095292229 0.07967210918 0.08151664897 0.08006294711 0.08024963039 0.08171299964 0.08140315718 0.07890309788 0.08145425653 0.07886487924 0.08029015315 0.08136754503 0.07690977658 0.07841695305 0.07775871726 0.07866205732 0.07749111123 0.07890526584 0.07710048738 0.07658484587 0.07727520615 0.07198217495 0.07508491918 0.07535229345 0.0731547682 0.07033893312 0.07322753867 0.0728579444 0.07230205993 0.07057078028 0.06933396483 0.06814071267 0.06734015635 0.0696803245 0.06705589572 0.06860310649 0.06514746143 0.06495214797 0.06365669426 0.06416830811 0.06316680388 0.06333376849 0.06310763876 0.06158269662 0.06148093913 0.06044877664 0.06014033094 0.0613993322 0.05802614544 0.05821201767 0.05702185092 0.05645667752 0.05571255593 0.05367958959 0.05217248248 0.05525104025 0.05184995106 
0.06086619565 0.05981178089 0.05936669625 0.06257707042 0.06017449713 0.06150015941 0.06077545354 0.06163140966 0.06467037783 0.06965405511 0.06629167419 0.06587416342 0.06578008595 0.06787829993 0.06797442383 0.07019771286 0.06829130397 0.07183741675 0.07199805355 0.07206399866 0.07316203632 0.07131060143 0.07304899089 0.07544645263 0.07311482812 0.07513723445 0.07429142511 0.07459098353 0.07500237236 0.07599866147 0.07627334403 0.07823826511 0.07704793009 0.0773558081 0.07913269661 0.07672336918 0.07587207197 0.07958834243 0.07840269002 0.08008756277 0.08010407053 0.08299003049 0.08157840294 0.08064905334 0.08116484489 0.08355450616 0.08077347514 0.08071055668 0.0781808423 0.08054079417 0.08121531314 0.08188031476 0.07848385871 0.07812300711 0.07850340088 0.07762988321 0.07916322499 0.07776176919 0.07860759628 0.0799973224 0.0776489757 0.07611806255 0.07774601114 0.07596761751 0.0757622737 0.07546064798 0.07507137094 0.07392385896 0.07216015289 0.07341752555 0.07355516371 0.07145852955 0.06781227688 0.06896938189 0.0701089456 0.07022212187 0.06985359214 0.06889517998 0.06499268453 0.06855568425 0.06510056746 0.06482936923 0.06228655541 0.06271873067 0.06354013185 0.06424532478 0.06177502651 0.0631447806 0.05900878924 0.05756437018 0.05931727547 0.05783696973 0.05736148534 0.05607307871 0.05337409614 0.052047031 0.05658441546 0.05359160505 0.05333272406 0.05205979085 
0.05719829765 0.06032172024 0.06153670716 0.06128254395 0.06180823636 0.06304706651 0.06441284936 0.06415570528 0.06704187183 0.06451365772 0.0652589885 0.0651239039 0.06849678928 0.06737820807 0.06809220815 0.0659839198 0.070449617 0.07150977153 0.07147622425 0.07112332492 0.07159890264 0.07476895926 0.07252863315 0.07389430211 0.07528564587 0.07458266834 0.07625369869 0.07358128204 0.07478183909 0.07779411296 0.0757190007 0.07667985998 0.07778818685 0.07868162621 0.08012398231 0.08079663713 0.080403959 0.07872822926 0.07963193842 0.08019501413 0.07778310233 0.0798846175 0.08060961808 0.08032669087 0.08227316432 0.08191490529 0.08026256997 0.0816447333 0.08037268402 0.0797986613 0.08013887358 0.08055173583 0.07966168467 0.07973146496 0.07929622558 0.07911878526 0.07983896555 0.07658215417 0.07723479199 0.07738618362 0.07607440735 0.07721520237 0.0780936054 0.07632171409 0.07449650194 0.07417328023 0.07479371612 0.0709421531 0.07282507724 0.07268873977 0.07060772254 0.07124920397 0.07122577332 0.06917836054 0.0709250487 0.06918783441 0.06709714381 0.06860498095 0.06607665441 0.06817920652 0.06303816171 0.06343384184 0.06326320783 0.06135879633 0.06446713383 0.06089084833 0.06351113737 0.05890635107 0.06112427357 0.05846114628 0.05719536952 0.05849401698 0.05779540865 0.05719115911 0.05464575486 0.05371246324 0.05478756969 0.0543632846 0.05191516273 0.0517102351 
0.05939925676 0.05993297128 0.05841348957 0.0589075037 0.06109591815 0.06480144073 0.06288989329 0.06463083811 0.06607320192 0.06424669483 0.0658547882 0.06498945673 0.06643041112 0.06870705075 0.06766620691 0.06836104532 0.06800526003 0.07011195533 0.07169602743 0.07141593514 0.07104055402 0.06867550619 0.07180938875 0.07440122529 0.07574938393 0.0762306737 0.07527730994 0.07645165871 0.07930531816 0.07579318206 0.07733861453 0.07755140061 0.07863351578 0.07808370961 0.07606834397 0.08061888626 0.07611930899 0.07904124783 0.07914011712 0.08124925723 0.08118329696 0.0761505935 0.07884237109 0.079142142 0.08131007028 0.08091340626 0.07723045272 0.08100180689 0.07934446468 0.07820914409 0.08118368785 0.0771083906 0.07980425634 0.07935733559 0.07896627763 0.07827241626 0.07729968678 0.07700597367 0.07555284269 0.07870722172 0.07630886829 0.07682994518 0.07469173337 0.07494692056 0.07459817856 0.07468620902 0.07334220274 0.07375912644 0.07469195613 0.07174696434 0.07169657785 0.07146344201 0.06904197466 0.07027515211 0.06634071179 0.06906454624 0.06818342342 0.06711236497 0.06794187092 0.06701899838 0.06533144416 0.06440322811 0.06211144811 0.06262441842 0.06268639242 0.06240994839 0.0620282804 0.05998110803 0.05758920313 0.05953326556 0.05943907969 0.06105213941 0.05677782235 0.05531839824 0.05475915919 0.05594178372 0.05450991709 0.05259070431 0.05244340287 0.05391293119 
0.06099873085 0.06037013261 0.05853249352 0.06249714021 0.06198116866 0.06050889698 0.06210047626 0.06759983153 0.06535310112 0.06365279958 0.06939985904 0.06709491895 0.06751425115 0.06883593412 0.06918272531 0.06954249276 0.06861646093 0.06902011628 0.0730396667 0.0702501367 0.07301976186 0.0740009343 0.07280773957 0.07288919433 0.07547787714 0.07360824784 0.07377385688 0.07567315222 0.07365011162 0.07888157152 0.07572935623 0.0769290032 0.07586948506 0.07820658459 0.07996482469 0.07632400256 0.07777488901 0.07872568891 0.08156740309 0.07967776248 0.07932875953 0.07911237385 0.07866299021 0.07919661496 0.0799820181 0.08034648668 0.08277219258 0.0786689082 0.08004871638 0.08145344001 0.08051746849 0.07904152622 0.08097064073 0.07895794407 0.08081604037 0.0769726473 0.07819907234 0.07849974319 0.07765109613 0.07707008653 0.07738878873 0.07468721236 0.07566472988 0.07547542554 0.07601637282 0.07510868027 0.07459427149 0.07418204938 0.07137171782 0.07278501109 0.07038448673 0.07013636449 0.07025327668 0.06970307667 0.06961967445 0.0690916828 0.06908261673 0.06795949002 0.06479557015 0.065341126 0.06693780818 0.06386854832 0.06414618081 0.06231239989 0.06202477855 0.05897299065 0.06308974613 0.05987704451 0.05912282982 0.05967294315 0.05999287329 0.0588688108 0.05792410204 0.05595605929 0.05725653397 0.0555562778 0.05445586386 0.05394639649 0.05250102576 0.04970100503 
0.05733549311 0.05898014405 0.0597829714 0.06377900001 0.06200988274 0.06114872802 0.06204631586 0.0629998399 0.06543248842 0.06491952863 0.06681647102 0.06702701993 0.06661807051 0.06720314936 0.07053142211 0.06922202589 0.06718529568 0.07097899589 0.06871961319 0.06976526165 0.07300662139 0.07316682968 0.0730321053 0.07308590357 0.075611195 0.07364295599 0.07667050432 0.0758919033 0.07784160121 0.07453768353 0.07488463312 0.07691790585 0.07864484233 0.0783697955 0.07997234974 0.07966012517 0.08088276769 0.07705162043 0.07769411993 0.07855434953 0.0827075856 0.08053337622 0.07840743104 0.07767597306 0.08082237993 0.08009337613 0.07959916261 0.08238411088 0.08024898393 0.07935389846 0.07871214702 0.07595737332 0.07937908811 0.07998082037 0.07826816974 0.0785834285 0.08076095287 0.07882339594 0.07970874148 0.07692875777 0.07478873793 0.07846760935 0.07550983416 0.07663478536 0.07468367265 0.07488932268 0.07219464159 0.07418628492 0.07342895355 0.07181673945 0.07220516674 0.06937611678 0.07034038484 0.0687070155 0.07024629085 0.06899329892 0.06928533538 0.0677565583 0.06726944599 0.06520386166 0.06384169154 0.06301949248 0.06391455694 0.06716090133 0.06128359243 0.06339417095 0.06062714603 0.06225682797 0.06080585755 0.05687535564 0.05914123483 0.0573403619 0.05601226658 0.05702556594 0.05689559824 0.05474972726 0.05429618486 0.05348823584 0.05437163437 0.05356668885 
0.05744060105 0.05885499001 0.0616917754 0.05967055519 0.06344352395 0.05918306452 0.06290924082 0.06224487059 0.06424143783 0.06495912126 0.06796015954 0.06497689262 0.0654829663 0.06750923311 0.06890168749 0.06900399955 0.07080112358 0.06921002808 0.07083983714 0.07102169726 0.07153702877 0.07542670081 0.07131659053 0.07384633989 0.0740886219 0.07335004983 0.07383053155 0.07241152339 0.07535044756 0.0767773601 0.0733562607 0.07778245122 0.07652399669 0.07688934376 0.0791782182 0.07955293392 0.07852828479 0.07931977079 0.07867855574 0.08075495799 0.07798921486 0.08269325378 0.08025973235 0.07780111605 0.08099935662 0.07998049401 0.07978529237 0.08087174773 0.08021719008 0.08071128023 0.07826635699 0.07923826555 0.07726860448 0.07875096544 0.07785627095 0.0805306751 0.07991861112 0.08057210022 0.07694511426 0.07723992487 0.07568065812 0.07557844506 0.0777724336 0.07465206147 0.07468140589 0.07666796298 0.07293159925 0.07489967454 0.07092320559 0.07379643933 0.07109151145 0.06990173755 0.07149774058 0.07086837586 0.06982095679 0.06840641877 0.06775551177 0.06839815961 0.06664927129 0.06841954251 0.06323631004 0.06325083687 0.06428474199 0.06191451439 0.06063672855 0.06264585707 0.06186090036 0.05989401637 0.0602902125 0.05847961493 0.05664800005 0.05673689693 0.05741992121 0.05488606402 0.05839883631 0.05468613203 0.05277570807 0.05439154894 0.052689051 0.0494940685 
0.05953231698 0.06114381907 0.05742180809 0.06022632014 0.06288866513 0.06223243671 0.06411697616 0.06337751314 0.0658429166 0.06540775626 0.0607328054 0.0658839478 0.06686960024 0.06748264687 0.06672922138 0.06657940738 0.06896607251 0.07062306918 0.06787167448 0.07044291978 0.07205237798 0.07212365966 0.07385997183 0.07160184984 0.07335053517 0.0763893261 0.07595663952 0.07254293932 0.07430241793 0.07348497997 0.07606832799 0.07821850532 0.07604199921 0.07751198334 0.07776632417 0.07867967347 0.07701288969 0.07955865759 0.07869723923 0.07984569519 0.08099187931 0.0793457615 0.07894071912 0.07899710996 0.07991031143 0.08115432425 0.08031051419 0.08300424574 0.07997825966 0.07778530688 0.07926874085 0.08021704407 0.07880754895 0.07752292754 0.07901120183 0.07653213167 0.07763207034 0.07826081905 0.07537721134 0.07808695576 0.07742469486 0.07437365424 0.07675837382 0.07653350802 0.07541188894 0.07440323909 0.07475137107 0.0734978326 0.07245586016 0.07144515214 0.06895785973 0.07149072414 0.06959422914 0.06998660656 0.06886853157 0.06810271665 0.06762917781 0.06607707036 0.06507071149 0.06687395736 0.06437764481 0.06617818934 0.0633253514 0.06170384082 0.06117646537 0.06264516182 0.06227626929 0.05866475248 0.05911607488 0.05877798938 0.05866533723 0.05680650139 0.05787998145 0.05501484987 0.05650331478 0.05665556762 0.05446204329 0.05389283931 0.05310119147 0.05292965424 
0.05848001194 0.06375335966 0.0605150704 0.05930573069 0.06000616101 0.06114931394 0.06345829896 0.06464440217 0.06344341348 0.06452239743 0.06542046273 0.06547114105 0.06817109295 0.07092826945 0.06858135022 0.06927149336 0.06776592 0.07216471617 0.07128675412 0.07129635778 0.07174264823 0.07507593092 0.0724101132 0.07336199331 0.0735398339 0.07546516955 0.07490533393 0.07612133066 0.0740887002 0.0774559926 0.07846318937 0.07668387866 0.07788418844 0.07609479039 0.07882705417 0.077479914 0.07694681784 0.0791007294 0.07859348587 0.0810703762 0.07948296382 0.07873672026 0.07873696174 0.07948755214 0.07773947609 0.07932418749 0.08017783135 0.08047691636 0.07743138819 0.07922351005 0.0790383999 0.07888472979 0.07862051614 0.0808470158 0.07841819282 0.07803550818 0.07648294921 0.07772316946 0.07802827108 0.07818918144 0.07731916815 0.07538890533 0.07528779352 0.07491998548 0.07323408054 0.07506231516 0.07279488349 0.07258423726 0.07453428267 0.07214824946 0.07280673918 0.07022838032 0.07046367435 0.06983823717 0.0676377502 0.06953698466 0.06562171778 0.06731207377 0.06537633818 0.06567424012 0.06544390634 0.06439271697 0.06497599741 0.0627923808 0.06250656793 0.06079492089 0.06169213158 0.06186421314 0.05908445571 0.0586297999 0.05979303051 0.05683687071 0.05613043134 0.0576016515 0.05556427684 0.05364186833 0.05238870817 0.05188417932 0.05246549615 0.05139153447 
0.05724854041 0.06048764645 0.05739544454 0.06104836772 0.05904614227 0.06229182002 0.06497918664 0.06344194474 0.0644179255 0.06557124024 0.06538350596 0.06672812635 0.06793130342 0.06657471991 0.06726849117 0.06636541686 0.06975473451 0.06752072509 0.07071534237 0.07047528099 0.07171731948 0.07248165736 0.07128918994 0.07140434618 0.07245119678 0.07392194783 0.07476547577 0.074224805 0.07506138601 0.07739946093 0.07626636436 0.07743884449 0.0773240847 0.07746235426 0.07796397046 0.07956536715 0.07641403606 0.07822154145 0.07926155206 0.07922474356 0.07965090149 0.0808746288 0.0811771952 0.07896618328 0.07974758406 0.08184619611 0.07973080918 0.08040809823 0.0793701383 0.07896353273 0.0804533605 0.08029675214 0.07903568187 0.07881834714 0.07830094014 0.07733506964 0.07708720164 0.07996172805 0.07799008551 0.07616637474 0.07694507588 0.07450698852 0.07593218969 0.07660504119 0.07589054873 0.07364716982 0.0739418803 0.07310151398 0.07149639602 0.07375574426 0.07074045458 0.07194324774 0.07007640862 0.06808516625 0.06919494197 0.06774481656 0.06810155478 0.06550989648 0.06507920634 0.06333993583 0.06417658195 0.06331661948 0.06227418173 0.06123514984 0.06070394834 0.06057740698 0.06236696379 0.06080462043 0.05913655 0.05806251242 0.05741814797 0.05643154663 0.05715522656 0.05383324544 0.05590897389 0.05106793043 0.05366052792 0.05408849965 0.05288612206 0.05268258969 
0.05886830237 0.0605139028 0.06322680681 0.0591046566 0.06048988574 0.06293416233 0.06312093964 0.06116387564 0.06286377957 0.06343333869 0.06661257513 0.06859429914 0.06603005596 0.06645314966 0.06926911411 0.06910015389 0.06862405668 0.06975448297 0.07310602101 0.07097246839 0.07156041417 0.07107572304 0.07150145811 0.07373935314 0.07333448159 0.07484577819 0.07471882032 0.07630907355 0.07563273648 0.07386154927 0.07707593809 0.07900799697 0.07546999934 0.07772897603 0.07901291813 0.07895634469 0.08049426545 0.07802169348 0.08092718401 0.08100996065 0.0808312745 0.07933011913 0.07963992194 0.08038512912 0.07854419111 0.07977230239 0.07983100379 0.07844084585 0.07982329143 0.0818229106 0.0803465308 0.07841441257 0.07929804612 0.07763315088 0.07828980349 0.0768434885 0.07948355186 0.07657980053 0.07808178531 0.07580696902 0.07691024659 0.07484763542 0.07555103956 0.07541643084 0.07499567141 0.07335810087 0.07332786788 0.07339114982 0.07114420431 0.06965350151 0.07065173482 0.07203215308 0.06967327612 0.067145632 0.06774814203 0.06563524145 0.06589078901 0.06820384856 0.06458586464 0.06600063444 0.0654597249 0.06480516726 0.06383583408 0.06491070818 0.0614267895 0.06206920837 0.05874201954 0.0586699901 0.05795000068 0.05921388971 0.05620277363 0.05717266078 0.05781187702 0.05621595177 0.05622442376 0.05342718515 0.05295547152 0.05562315014 0.0545359571 0.04784080688 
0.05818212944 0.06096594731 0.05878957613 0.05951217833 0.05764990303 0.06429886256 0.06104320017 0.06359532348 0.06342318134 0.06350530035 0.06346275618 0.06993408004 0.06542434769 0.07029201621 0.0664118709 0.06988561721 0.06856219903 0.06867281011 0.0681017726 0.06967352705 0.07230980208 0.06879064338 0.07236216922 0.0714394185 0.07262421527 0.07601813068 0.0737872746 0.0759551406 0.07809155072 0.07640247619 0.0781558523 0.07869958427 0.07666301838 0.07900814951 0.07812812541 0.08089325114 0.07744741552 0.07745984075 0.07817367689 0.08159566166 0.07887615915 0.08098183244 0.07791337033 0.08150267624 0.07995769138 0.08023043027 0.07952213868 0.07841013136 0.07920972984 0.0793782016 0.07906537087 0.07968981306 0.07909636975 0.07907466838 0.07936830842 0.07901025475 0.07845165374 0.0759926328 0.07734880851 0.07523236237 0.07721529007 0.07546887805 0.0751818808 0.0735289159 0.0754821036 0.07238029022 0.07368897188 0.07292269034 0.07149393026 0.07159069557 0.07230500109 0.07077963525 0.07146969519 0.06622429683 0.07074069874 0.06675767547 0.0703345569 0.06429987107 0.06954939268 0.06490377127 0.06498880247 0.06474802912 0.06347763552 0.06344581443 0.05934373538 0.06338329827 0.06316571244 0.0601485601 0.05903810088 0.05784947028 0.05873807946 0.05631776179 0.05524581787 0.05558955484 0.05442115951 0.05477488324 0.05486968841 0.05208250083 0.05305028514 0.05028785622 
0.06137115684 0.05899981049 0.06074188345 0.0603291192 0.06111965656 0.06369160585 0.06058942323 0.06418597755 0.0635830825 0.06465115989 0.06365479138 0.06781674714 0.06792417363 0.06420938511 0.06822620242 0.06985140971 0.06850710925 0.06912703317 0.0715733175 0.06885140061 0.071881238 0.07193282003 0.07182102871 0.07353478165 0.07577564035 0.07244610717 0.0749670379 0.07387933997 0.07491187623 0.07565982755 0.0781329729 0.07732653092 0.07700867487 0.07489265507 0.07469764325 0.07826277415 0.07918817225 0.07743379904 0.07907126211 0.07882941652 0.07637050632 0.0780697783 0.07950530479 0.07776485636 0.0791643586 0.0774940448 0.07956146479 0.07803124211 0.078209332 0.07899559344 0.07934828076 0.07948931987 0.08009923269 0.07891777125 0.07722910108 0.07670712906 0.08114844748 0.07491501984 0.07749807505 0.07521462275 0.07414076414 0.07548931249 0.07598081639 0.07499604551 0.07610066306 0.07402172514 0.07020549941 0.07218550568 0.07298593455 0.07257902273 0.07037872357 0.06851181369 0.07209253027 0.06887537229 0.06688744386 0.06845109825 0.06818179903 0.06556277541 0.06570061915 0.064812379 0.06472634127 0.06266127252 0.0627609281 0.06124353113 0.06578868958 0.06005294182 0.05892480284 0.05870475844 0.05827987616 0.05820768075 0.0579134949 0.05526826216 0.05551582199 0.05667371205 0.05642224856 0.05467232756 0.05528062504 0.05265912429 0.05310846508 0.05205110402 
0.05869456264 0.05993877025 0.05926427494 0.0603003525 0.0618682008 0.06093528305 0.05982221111 0.06263092198 0.0613232492 0.06700003982 0.0632272443 0.06446359659 0.06513064412 0.06755419478 0.06572358168 0.06566317065 0.06690497197 0.07088719899 0.06921720706 0.07083193967 0.07115044763 0.07118395084 0.07286762793 0.07224328172 0.07199188927 0.0730298263 0.07540383563 0.07285035187 0.07606019992 0.0762954151 0.07636619058 0.0749594878 0.07542341934 0.07911412589 0.07715216939 0.07673040049 0.07670157358 0.07677569203 0.07812550481 0.08083736858 0.07847933509 0.08038333075 0.07950913329 0.08009582201 0.08016180953 0.07955584633 0.08006322473 0.07994447026 0.07834211984 0.07945074784 0.07724261918 0.07945481575 0.07778880372 0.07553079169 0.07763369268 0.07667683866 0.0770325338 0.07566552329 0.07643883381 0.07448971678 0.07731772439 0.07406223084 0.07391268177 0.07274468205 0.07586112376 0.0724040851 0.07354880524 0.07223573318 0.07222014447 0.06999712908 0.07001161733 0.07051488333 0.06904518903 0.06552524339 0.0688822782 0.06751662658 0.06748767403 0.06701015341 0.06643322097 0.06561256755 0.06564745561 0.06197259196 0.06351520345 0.06281671779 0.06262273117 0.06064626859 0.0603149938 0.05957078853 0.05802522424 0.05951267741 0.0559006588 0.05803647693 0.05581994709 0.05427477083 0.05364492389 0.0536264851 0.05478532811 0.05181692225 0.05242555939 0.0500642534 
0.05720954881 0.06147513884 0.06077283775 0.05979592584 0.06111852857 0.06062679849 0.06381591537 0.06130871206 0.06228426521 0.06281528207 0.06666239573 0.068773208 0.062115856 0.06461074121 0.06768663106 0.06627047907 0.06465396254 0.07075421357 0.07187248335 0.07260503904 0.06973768737 0.07132206816 0.07456940883 0.07177668605 0.07429665802 0.07465787697 0.07371524327 0.07369064451 0.07498533013 0.07491077121 0.07643915322 0.07652635579 0.07671811505 0.07700978124 0.07685068716 0.07767863846 0.07848244477 0.07870590704 0.07980954481 0.07960329701 0.07765739828 0.07792474575 0.07877301808 0.07758202534 0.07922340192 0.07907441361 0.07896943236 0.07879325035 0.07892597678 0.07704227648 0.07961446264 0.07949267766 0.07624427349 0.07770567084 0.08061699807 0.07904279683 0.07704858718 0.07839423262 0.07664264239 0.0750261603 0.07487648147 0.07543325838 0.07520044683 0.074987632 0.07357112504 0.07519476187 0.07225898458 0.07280767289 0.07231810815 0.07023273547 0.07094543416 0.0715791009 0.07121509254 0.06754431219 0.0673207247 0.06729325177 0.06775799758 0.066071436 0.06619128831 0.06578696422 0.06710104517 0.06313429486 0.0621745907 0.06161688275 0.06073472632 0.06185165157 0.06017820782 0.06019736309 0.05826673319 0.05579448733 0.05725760955 0.05911630541 0.05616463638 0.05532813362 0.0541110671 0.05252670388 0.05490913189 0.0527178335 0.05169034253 0.051269941 
0.05834618738 0.06063140368 0.06153042963 0.05957194008 0.06088518726 0.06320157354 0.06210346805 0.06203650084 0.06521930239 0.0633605618 0.06511160084 0.06532660676 0.06740558709 0.06860302361 0.06648701299 0.07053656421 0.06611058151 0.06710762298 0.06746746371 0.07127871287 0.07145016718 0.06987539196 0.07269496852 0.07163586637 0.07318581839 0.07327823939 0.07496215764 0.07551498793 0.0739405614 0.07433801505 0.0776614646 0.07857633021 0.07486782709 0.07580746932 0.0784734859 0.078887065 0.07725570413 0.07951016651 0.07782878058 0.077166915 0.07826532222 0.07745632281 0.07954187519 0.07902912477 0.07940137146 0.07781255769 0.07750174046 0.07997912588 0.07925465265 0.07546581967 0.07831211491 0.07962745181 0.07885431065 0.07979785213 0.07699474932 0.07740049456 0.07654271625 0.07619172614 0.07608115396 0.07385884503 0.07525625589 0.07522744231 0.07401305346 0.07413382435 0.07107128099 0.07298869545 0.07384534677 0.07179730614 0.0718697519 0.07101462526 0.06946620638 0.07035684107 0.06855209639 0.06924977532 0.06788723751 0.06944549532 0.0657182664 0.06611280338 0.06191358817 0.06312967525 0.06385436765 0.0625658853 0.06282616451 0.05961911946 0.06037565001 0.06271894697 0.06113609273 0.06017891509 0.05721109666 0.05882603248 0.05704528164 0.05588000747 0.05665322537 0.0535334086 0.05129941663 0.05490207858 0.05398846312 0.05200508123 0.04998923243 0.05042225741 
0.05731913493 0.06114620633 0.05815459739 0.05884967441 0.0606921143 0.06031459902 0.06075687826 0.06801327129 0.06300422359 0.06397599987 0.06644846184 0.06561725264 0.06714711381 0.06804244191 0.06810607339 0.06772632886 0.0700711088 0.06958470016 0.06947993248 0.07155210051 0.0705740183 0.07115375332 0.07420274721 0.07065944809 0.07216680553 0.07267817586 0.07462467069 0.07174335513 0.07396180113 0.07575809442 0.07684131774 0.07603693843 0.07653177437 0.07595552962 0.07763520552 0.07829147273 0.07713678081 0.07599625848 0.0766906541 0.07903483802 0.08030850418 0.07851878385 0.07861752919 0.07725734816 0.07934523323 0.07953224832 0.07841475266 0.07989621629 0.07792196365 0.07770703572 0.07810756268 0.07680386752 0.07536432345 0.07839640052 0.07869697472 0.077184147 0.07463114029 0.07633937801 0.0757540968 0.07642440622 0.0748024802 0.07435990586 0.07456066041 0.07352984192 0.07160129127 0.07405784758 0.07296548545 0.07111272429 0.07010782002 0.06947777448 0.06929282914 0.06823277708 0.06577982498 0.06900084269 0.06951925234 0.0667258549 0.0663241291 0.06437074367 0.06493278484 0.06399415589 0.06541842713 0.06324510318 0.06380083292 0.06281215422 0.0643534906 0.05898674283 0.05893611816 0.05946012238 0.0575691725 0.05931218141 0.0590130502 0.05899326594 0.05546897003 0.05634172778 0.05548385716 0.05337864215 0.05365113904 0.05326010864 0.05201674802 0.05135368155 
0.05959643198 0.05787953652 0.06058592632 0.05946025874 0.05969956028 0.06152707362 0.06410571769 0.06224545702 0.06121807358 0.06635730409 0.06582114777 0.0622419301 0.06573986563 0.0655031467 0.06721268549 0.06673932747 0.06713375093 0.06805222646 0.06829740701 0.07100313679 0.06964055537 0.06929871477 0.07244045494 0.07374555172 0.07454163496 0.07371798352 0.07674593506 0.07474373759 0.07193771211 0.07690549914 0.07631403251 0.07584685608 0.07669583163 0.07782708919 0.07677509464 0.07645773089 0.07962511185 0.0780929857 0.07766050129 0.07703404379 0.07573395346 0.07711049365 0.07777940103 0.08100822167 0.07861779007 0.07616277665 0.07952358344 0.07955176788 0.07585146626 0.07640341489 0.07667052235 0.07816836927 0.07712358262 0.0773956843 0.07696530656 0.07685358428 0.07651173727 0.07786628655 0.07748901155 0.07563534 0.0764632995 0.0775553305 0.07243138148 0.0738402206 0.07502200256 0.07199017935 0.07240560188 0.07205206077 0.06908404121 0.0677337099 0.07149482635 0.06799335729 0.06814291538 0.06744299092 0.06881886024 0.06606952158 0.06779648752 0.06347642586 0.06610078094 0.06403924156 0.06562263387 0.06429893142 0.06405354477 0.06276233741 0.06202751613 0.05960539706 0.05929560784 0.05934483522 0.05891759018 0.05846739389 0.05718122791 0.05670773196 0.05368436941 0.05397472172 0.05506636268 0.05273952398 0.05248407696 0.05354917214 0.05235022337 0.05171395957 
0.06061054808 0.0587015162 0.05966454269 0.05921540923 0.05957780015 0.06068344597 0.06036926787 0.06466652823 0.0660876103 0.06342132484 0.06504127197 0.06605811038 0.06710595036 0.06702609173 0.0683241543 0.06516565062 0.06850901324 0.07049014263 0.06700190789 0.07101854238 0.0733405051 0.06937023136 0.07071104771 0.07045700466 0.07037947064 0.07265292388 0.0751823953 0.07222815748 0.07241521557 0.07556753476 0.07392167718 0.07387672549 0.07919570987 0.0767495782 0.07715327031 0.0764338369 0.07743784278 0.07582228034 0.07683134865 0.07849200137 0.0794629169 0.07914583187 0.08118296021 0.07868867111 0.07639910025 0.07813205867 0.07915038595 0.08001035502 0.0759338823 0.07767952383 0.07909987505 0.07751605321 0.07851619782 0.07943938795 0.07601473172 0.07582309115 0.0747793098 0.07804125973 0.07732827912 0.07661115529 0.07474243083 0.07312655454 0.07659386427 0.07385190875 0.07237492476 0.07264299875 0.07154565189 0.07312398807 0.07250944816 0.07174000966 0.0703103768 0.07037495893 0.06882986626 0.06667091078 0.06743111949 0.06643776644 0.06586988068 0.06574722103 0.06451101986 0.06352840661 0.0631710494 0.06136549206 0.06295823826 0.06180583332 0.05896180073 0.0598638789 0.0595169796 0.05889948552 0.05855865256 0.05756931321 0.05439566215 0.05817227696 0.05697969299 0.05434836844 0.05229422417 0.05507809062 0.05424950398 0.05018440173 0.05207243087 0.05179949591 
0.05680518978 0.05804764526 0.06130419873 0.05960757621 0.06187637413 0.06131610425 0.06109475948 0.06537696044 0.06359877843 0.0646796433 0.06363763551 0.06333383076 0.06489165298 0.06855935324 0.06545891101 0.06814547499 0.06618325421 0.06901676574 0.06837218001 0.06726731307 0.07261151657 0.06925888334 0.07079537661 0.07138399664 0.07433564402 0.07255980839 0.07309401495 0.07785075101 0.07435081128 0.0760663254 0.07400582449 0.07748498708 0.07392508964 0.07798096775 0.07553122293 0.07644857964 0.07760920952 0.07876640489 0.07731440076 0.07474028239 0.07799734048 0.07757883296 0.07816728557 0.07976809601 0.07592390748 0.07930784992 0.07886189579 0.07907846716 0.07716391739 0.07671479157 0.0778581562 0.07872844804 0.07657952957 0.07638349696 0.07757995557 0.07816389929 0.07745600633 0.07703916139 0.07736920171 0.07474241083 0.07643930589 0.07270730893 0.07650702468 0.07442567954 0.07457150076 0.0733800305 0.07221410765 0.06990999255 0.07237616354 0.07142147861 0.06789365752 0.06804719587 0.06935187494 0.0691627269 0.06885249485 0.06550834196 0.06414376454 0.06625416104 0.06623620117 0.06513355807 0.06120516919 0.06401151789 0.06257607725 0.06236101412 0.06171228134 0.06006650851 0.05871287836 0.0570120193 0.0586539786 0.05805741193 0.05485147708 0.05580225701 0.05551712068 0.05360007019 0.05583355874 0.05329811797 0.05292040277 0.05277800971 0.05024677103 0.05101060477 
0.05756105702 0.05606381685 0.05865551157 0.05858916338 0.06114017013 0.06161467295 0.06121336731 0.06260653311 0.06119338957 0.06665651375 0.06373639553 0.06436270489 0.06587301869 0.06506246708 0.06884471736 0.06867652596 0.06760900686 0.06888870611 0.06895529286 0.06858555168 0.07213222366 0.07301013616 0.07264736 0.07180330417 0.07303175765 0.07382666859 0.07233289579 0.07431898133 0.07450533731 0.07527598536 0.07560749454 0.0751500411 0.074204942 0.07810225403 0.08032309388 0.07465272546 0.07408257032 0.07576230266 0.0762902978 0.07757440946 0.07643957084 0.07912448509 0.07816228652 0.07827663815 0.07737167567 0.07796520179 0.07788496089 0.07697650648 0.0762825425 0.07978151625 0.07865691374 0.07671476778 0.07674030934 0.08048256362 0.07663244459 0.07571632736 0.07564974896 0.07500438034 0.07763989227 0.07318201247 0.07585648668 0.07508704659 0.07381243728 0.0744326814 0.07476165647 0.07267049433 0.07334870943 0.07435642612 0.07042106396 0.07091590568 0.06848206818 0.06938088414 0.06586574899 0.06584497691 0.06810791086 0.06706335421 0.06740053538 0.06482460189 0.06453317917 0.06500091768 0.06569108841 0.06159518474 0.06025015687 0.06155212846 0.06061358568 0.05916272422 0.05832147311 0.05891376906 0.05875027839 0.05868564955 0.05702192659 0.05569842068 0.05679976728 0.05333734132 0.05400935284 0.05281137487 0.05467903451 0.05296545693 0.05297299261 0.05310222131 
0.0570484608 0.05802239426 0.0596144475 0.06066134685 0.06254899908 0.06194139598 0.06279593211 0.06364685568 0.06328666699 0.06245789587 0.06552949084 0.0649269559 0.06454478851 0.06666775764 0.06717832672 0.06564804348 0.06569979432 0.06609540412 0.0679663329 0.06751368144 0.06982881643 0.06977006134 0.0715251504 0.07308512121 0.07289210179 0.07225111959 0.07344790333 0.07511027394 0.07440401661 0.0731792289 0.07572257271 0.07706904774 0.07726421124 0.07679484768 0.07626118796 0.07752746524 0.0745122101 0.07616099648 0.07995299869 0.07890852968 0.07783597319 0.07944602009 0.07662637008 0.07823211751 0.07767494664 0.07893440504 0.07778351216 0.07637298993 0.07961924698 0.07660936693 0.07714247691 0.07816485714 0.07883363022 0.07718604855 0.07962646885 0.07619715782 0.07743897459 0.07768224802 0.07612887425 0.07715165421 0.07580965396 0.07546640294 0.07585663009 0.07305896643 0.07311124633 0.07254824917 0.07329729949 0.07246554152 0.07035972684 0.07010706098 0.0694751386 0.06814118881 0.06655447737 0.06619417955 0.06639944771 0.06659155342 0.06668695384 0.06281108402 0.0646527031 0.06324029965 0.06246848557 0.06260981848 0.06089442273 0.06066146159 0.06185679233 0.06257262757 0.06041159403 0.05908826061 0.05938161563 0.05723901507 0.05298172769 0.05330206654 0.05455452515 0.05663383078 0.05472211633 0.05283230041 0.05278531992 0.05393678043 0.05270115079 0.05158785358 
0.05729633759 0.06085587119 0.05672219238 0.05953509116 0.06115682099 0.06215257633 0.0620455691 0.06045541134 0.06094360395 0.06569213721 0.06497323759 0.06532260149 0.06598651654 0.06565054187 0.06800488951 0.06822808048 0.066926345 0.06794323257 0.06949707342 0.06967518945 0.07144260966 0.07197308011 0.07100682934 0.07177488992 0.0725195858 0.07416774165 0.07483361064 0.07172539956 0.07427803327 0.07555044214 0.0760772139 0.07459849255 0.07412373062 0.07506809258 0.07787938514 0.07801080348 0.07868539854 0.07786281022 0.07789299223 0.07783908424 0.07860467444 0.07706793199 0.0803627677 0.08018721014 0.07579411049 0.07804276472 0.08069888761 0.07737079427 0.07809533616 0.07620310115 0.0792969262 0.07785625723 0.07809554214 0.07877898214 0.07520475368 0.07715281935 0.07752386631 0.07664223673 0.0759535318 0.07524168787 0.0738125697 0.07531479219 0.07225749365 0.07392004702 0.07408633157 0.0712874244 0.07233843667 0.07157812658 0.07064396218 0.07013942958 0.07003708741 0.06937404371 0.0700472297 0.06780635829 0.06901517627 0.06816458558 0.06720421696 0.06777567095 0.06236449923 0.06623679128 0.06341580305 0.06135025009 0.06123281609 0.06096722529 0.06040571762 0.06175224172 0.06039967166 0.05980505194 0.05958537722 0.05795497485 0.05594154696 0.05599584795 0.05423910547 0.05446130828 0.05338937336 0.05440790749 0.05284342303 0.05227192189 0.05104133611 0.05040203155 
0.05731770699 0.06522717997 0.0608083184 0.06125725534 0.06083517673 0.06202889607 0.06282526454 0.06457164981 0.06308014424 0.06656780354 0.06397990522 0.06776273735 0.06453923284 0.06865153572 0.06730343022 0.06774348517 0.06764179271 0.06884898476 0.06953104741 0.0705344843 0.06856785264 0.0713711176 0.07169538619 0.07401553777 0.06994951185 0.073574645 0.0743238131 0.07448742781 0.07494039076 0.07380735443 0.07753482542 0.07366193885 0.07342390971 0.07520597415 0.07466660992 0.07636896143 0.07787735878 0.07855441182 0.07670232701 0.07984599631 0.07993062794 0.07758068618 0.07846258437 0.07822740283 0.07795124186 0.07765902986 0.0792426259 0.07740801819 0.07711352493 0.08028521371 0.07708843871 0.07605298081 0.07850377174 0.07928502161 0.07716685432 0.07719119123 0.07555816944 0.07639890781 0.07439499322 0.07790043843 0.07681868121 0.07472458706 0.07386960914 0.07264027876 0.07188721885 0.07247189872 0.07124112421 0.07303703145 0.07059659259 0.07140653909 0.06996476339 0.0700895772 0.06804143967 0.06970267805 0.0677438474 0.06693900367 0.0663344965 0.06637307446 0.06585971005 0.06400002379 0.06202277053 0.06279532943 0.06224579529 0.06126080074 0.06081556751 0.06029125395 0.06015212785 0.05892347963 0.05566271864 0.05617166236 0.05787792787 0.05523230617 0.05723582693 0.05546236402 0.05346888042 0.05323355431 0.05266572518 0.05078672981 0.05141560585 0.05280888173 
0.05631361312 0.06061006787 0.05990778018 0.06148027164 0.05900343897 0.05781741084 0.06422164 0.06079683382 0.06110769429 0.06314035535 0.06372986123 0.06683120143 0.06661255731 0.068924269 0.06652474051 0.06910133509 0.07101788964 0.06870764894 0.07090837365 0.06747844543 0.06787830808 0.07340739936 0.06880061126 0.07430411198 0.07195349112 0.0745928359 0.0727218971 0.07609445598 0.07510263444 0.07476355007 0.07481534678 0.07623724455 0.07338503347 0.07626578494 0.07704652799 0.078536456 0.07658019218 0.07543427598 0.0764685143 0.07626377845 0.07591029668 0.07647692927 0.08112535736 0.07612044369 0.07977209882 0.07756028605 0.08116442252 0.08079501123 0.07564038025 0.07795999803 0.07680193024 0.0772387031 0.07694786552 0.07440630516 0.07703085958 0.07697268987 0.07443502727 0.07595655433 0.0757222323 0.0762048225 0.07615591114 0.07509103725 0.07346033027 0.07410558391 0.07192932044 0.07188339063 0.07225931959 0.07055540925 0.07170768218 0.0668916433 0.0696615095 0.07157011406 0.06982289136 0.06688341558 0.06701292187 0.06704792495 0.06597760901 0.06729587939 0.06535900113 0.06494772375 0.06354891043 0.06386089786 0.06022919196 0.05980177653 0.06169476817 0.0609775375 0.0594848891 0.05888758441 0.05813344384 0.05772417347 0.05711582861 0.05695278842 0.05520810249 0.05463846205 0.05398722305 0.05250768847 0.05282498786 0.05296632616 0.053650571 0.04954581124 
0.05848271503 0.05919907945 0.06175706553 0.06080635255 0.06164842922 0.05943453332 0.06158121576 0.06324370206 0.06330631156 0.06420378876 0.0624851952 0.06593636485 0.06729069204 0.06556434352 0.06633418498 0.06665244878 0.07049163666 0.06902797536 0.07029160557 0.06871677636 0.06963416301 0.07079149794 0.07155774157 0.07007617317 0.070926339 0.07461385542 0.07427369339 0.07367927607 0.07268976717 0.07425583153 0.07482457917 0.07468005101 0.07571814149 0.07360038407 0.07488202735 0.07702271135 0.0770303194 0.07638803794 0.07816841944 0.07742612618 0.07743822504 0.07785175903 0.07825872009 0.07882244913 0.07799973913 0.07771486822 0.07855431747 0.07758843424 0.07666344991 0.07919014595 0.07862910709 0.07686351826 0.07723447749 0.08017476851 0.0780274502 0.07600522424 0.07582304007 0.07424380424 0.07611562749 0.07533429372 0.07646068592 0.07304756055 0.07387179851 0.07499097192 0.07473326295 0.07332799694 0.07552211761 0.07042834871 0.06982826112 0.07080795542 0.06904830522 0.07134086358 0.06802627307 0.06886988516 0.06819744899 0.0659160951 0.06634358645 0.06543169366 0.06514671515 0.06460107877 0.06345955492 0.06270969284 0.06263889866 0.06131683898 0.0610383949 0.05773107656 0.06070808182 0.05904223305 0.05772227122 0.05611816919 0.05581402596 0.05728409879 0.05429868448 0.05344455499 0.05199492402 0.05489635528 0.05316617434 0.05091434939 0.05180590396 0.05197655653 
0.05920032346 0.05865631448 0.05725763765 0.06171570608 0.05913757181 0.06043198307 0.06341136576 0.06344080971 0.06242595769 0.06320296735 0.06589340718 0.06238688856 0.0658624458 0.06780537047 0.0642296316 0.06730050875 0.06694362998 0.07053657371 0.06935426103 0.06793678952 0.06937686608 0.07092288411 0.07209518378 0.07323915275 0.07175591713 0.07233491051 0.07229868176 0.07455814545 0.07385756767 0.07159125481 0.07358272991 0.07364429635 0.07584962518 0.07695850087 0.07376499069 0.07506131568 0.07924879045 0.07867536065 0.07649120623 0.07846338513 0.07617326936 0.08178738035 0.07834997285 0.07908652367 0.07914116391 0.07888660837 0.07754322853 0.07782865374 0.0748346448 0.07644657656 0.07848135427 0.07702731489 0.07671402264 0.07662014432 0.07697411853 0.07682404975 0.07693946698 0.07601543291 0.07442431127 0.07710931891 0.07515913396 0.07589176278 0.07246107693 0.07506192304 0.07373642465 0.07263302072 0.07129642499 0.07198075799 0.07106161926 0.07139058395 0.07048071369 0.07319304379 0.06857769023 0.06798615581 0.06636008546 0.06624911449 0.06734375304 0.06529755026 0.06596824647 0.06481177802 0.06101202719 0.06380408504 0.06042376221 0.06060910491 0.06183477959 0.05959425879 0.06077514752 0.05763805719 0.0592949819 0.05654818414 0.05709462847 0.055086487 0.05445132638 0.05599159672 0.05224868786 0.05454371212 0.05162032634 0.05143978822 0.04863533525 0.05078701629 
0.05915039079 0.06071174352 0.05712929194 0.06041262062 0.06161635613 0.06041081979 0.06227712788 0.06131930991 0.06236803956 0.06310912532 0.06542179394 0.06555467351 0.06619287734 0.06647972097 0.0661352881 0.06852641071 0.06720357505 0.06724002729 0.06989754918 0.07069776255 0.071678707 0.07116003177 0.07417571526 0.06865504336 0.0723728294 0.07275097354 0.07150529122 0.0749160094 0.07665110115 0.07321323578 0.07500431264 0.0770773698 0.07501664282 0.07819149248 0.0764512676 0.0752236459 0.07728638765 0.07640792688 0.07606541085 0.0766920945 0.07821250271 0.07645014992 0.0784368785 0.07574434873 0.07920582746 0.07676617666 0.07780259792 0.07757324556 0.07678121205 0.07904860328 0.07754621199 0.07903471023 0.07807666977 0.07606201445 0.07765833613 0.07762734419 0.07565601479 0.07402441347 0.07467084329 0.07325781389 0.0765985282 0.07433247235 0.07172243415 0.07136242829 0.07345786329 0.07220613999 0.07154931132 0.06931910069 0.07065219496 0.07064390087 0.06945487164 0.06918542983 0.0704812965 0.06809104387 0.06807120503 0.06653897376 0.06625978498 0.06454654086 0.06493657675 0.06328114637 0.06166431718 0.06237486083 0.05965346201 0.05756385985 0.06110123784 0.06020813377 0.05989964832 0.0593787637 0.05860795156 0.0549729871 0.05805164789 0.05515502107 0.05495513151 0.0571797893 0.05470100361 0.05394041592 0.05239867628 0.05219437085 0.05026681525 0.0487964557 
0.05764342596 0.06179819404 0.06028816878 0.0577794334 0.06130830188 0.06311899588 0.06198835438 0.06241787455 0.06373284858 0.06154585903 0.06374642692 0.06511396719 0.06589878628 0.06873277947 0.06543957026 0.07002027391 0.06855796834 0.07116857697 0.06892228875 0.07019532549 0.0714464156 0.06933111591 0.07253933997 0.07214250769 0.0717028657 0.07439779637 0.07103814449 0.07400256194 0.07533563117 0.07419141179 0.07388054946 0.07443851176 0.07662782178 0.0755708798 0.07685158575 0.07590182101 0.07441506177 0.07802483437 0.07694151847 0.07793220019 0.07824012619 0.07751636359 0.07730677167 0.07826763533 0.07672270306 0.07775875544 0.07753500662 0.07836339413 0.07705729723 0.07873029335 0.07752691633 0.07896502754 0.07724651503 0.07796394381 0.07530044268 0.07540977518 0.07713184908 0.07528773424 0.07594589985 0.07323557994 0.07704243454 0.07373783895 0.07436929478 0.07441065424 0.07338590155 0.07490190109 0.07338130282 0.07213048542 0.06858320661 0.0718197565 0.07022931206 0.07021887065 0.06876421525 0.06861774871 0.06758088666 0.06484777238 0.06487981314 0.06598431497 0.06486021908 0.06213560014 0.06274428814 0.06152927394 0.06308082852 0.06032233124 0.05913936584 0.0591414245 0.05882205656 0.05820968206 0.05671903861 0.05528420458 0.05850091123 0.05603362562 0.05431761345 0.05269290861 0.05411919664 0.05192828715 0.05421793256 0.05198772567 0.05272432816 0.05016138788 
0.05747396448 0.05945322079 0.05988464458 0.06067523552 0.06055616165 0.06139935958 0.06067757383 0.06406435385 0.06364266855 0.06543915736 0.06352911987 0.06380785567 0.06585512307 0.06644890706 0.06901759679 0.06798308793 0.07003557217 0.06790022432 0.07007398132 0.06855177402 0.07150831475 0.07123501995 0.07261173235 0.07342503538 0.07441057134 0.07412944067 0.07276645113 0.07368502695 0.0726980183 0.07325463192 0.0741516508 0.07683040331 0.07672599681 0.0774013067 0.07746321393 0.07749882858 0.0776741893 0.08066127889 0.07646093862 0.07704593498 0.07726532266 0.07647662412 0.07944016866 0.0801372679 0.07725325406 0.07836129602 0.07967409286 0.07740219684 0.07688511022 0.07918871069 0.07922996993 0.07623069751 0.0764637428 0.07655308567 0.07691958447 0.0765863577 0.07753117862 0.07790486162 0.07373284562 0.07425759447 0.07539565581 0.07506574869 0.07289524965 0.07192070858 0.07270673917 0.07143985011 0.07022600462 0.07286958019 0.07401164551 0.07307868017 0.07056788957 0.06998853688 0.0687148857 0.06814310896 0.06620069948 0.06565707304 0.06553446803 0.06674698419 0.06605873836 0.06452900616 0.06346202514 0.06251475552 0.0608834269 0.06398853682 0.06002075886 0.06302003863 0.05999281329 0.06145572051 0.05795672253 0.0584249965 0.05724172704 0.05605505891 0.05513730602 0.05388106141 0.05391083917 0.052667162 0.05298748217 0.05087404332 0.05027856213 0.05197917832 
0.05899642869 0.05770011417 0.05589115737 0.0618613928 0.06135747928 0.05984648435 0.06092674698 0.06440922752 0.06369380922 0.06416435571 0.06571081475 0.06734409268 0.06682212305 0.06498641787 0.06551883856 0.06626542535 0.06732797522 0.0678902154 0.07102459116 0.06887362278 0.07156449801 0.07092952542 0.07453049526 0.07054308715 0.07051462278 0.07196613185 0.07304006531 0.07482616501 0.07338020095 0.07148337066 0.07556578047 0.07637973413 0.07328158966 0.07755759202 0.07804373868 0.07866184967 0.07715733709 0.07713697575 0.07466332676 0.07776237424 0.07732247121 0.07785526952 0.08013930946 0.07933872601 0.07705118955 0.08019864033 0.07852046595 0.07841490039 0.07687089627 0.07601886446 0.07624404097 0.07670348761 0.07707352165 0.07569977346 0.07485884495 0.07681593692 0.07547701546 0.07473236757 0.0754291648 0.07565778913 0.07432502135 0.07424043645 0.07263536019 0.07247176941 0.07433715782 0.07392525101 0.072018799 0.07125581147 0.07019849675 0.07128949902 0.07114462934 0.06927120558 0.06824133306 0.06956265286 0.06680099182 0.0674371248 0.06436875972 0.06530515915 0.06622542255 0.0637339313 0.0663070828 0.06343413093 0.06106386284 0.05981912509 0.06035159999 0.06185982874 0.05937190575 0.0571731168 0.05781870659 0.05852912011 0.05593956725 0.05550544693 0.05906968921 0.05628903736 0.05713159601 0.05322118519 0.05452069974 0.04901900067 0.05009649361 0.05066184842 
0.05673348633 0.05762328506 0.06137154517 0.05892622196 0.05956412663 0.06137437232 0.06019021911 0.06345759077 0.0655902366 0.06571305297 0.06567410315 0.06532772357 0.06578305301 0.06596531935 0.06487486606 0.06641232449 0.07018630212 0.06740838639 0.06861867317 0.06906776768 0.07019465628 0.0724794903 0.0715172394 0.07155520334 0.07101173902 0.07279646535 0.07328735131 0.07353305648 0.07709664128 0.07521942013 0.07505775239 0.07596254448 0.07607857444 0.07676550797 0.07825873886 0.07766123536 0.07652421973 0.07530730432 0.07740898271 0.07809341722 0.07918782403 0.07659296805 0.07764487001 0.08148851266 0.07995466792 0.07671018837 0.07989652989 0.07462685743 0.07637263604 0.08034486248 0.08081231601 0.07806738677 0.0778406216 0.07689425947 0.07680170401 0.07759826881 0.07907103824 0.07307399352 0.07756923425 0.0745458142 0.07585612933 0.07220016141 0.07359132163 0.07475490257 0.0734386837 0.07460782658 0.07244336005 0.07313302395 0.0710939989 0.06969733436 0.06946862983 0.06826722723 0.06888399953 0.06890385591 0.06717224093 0.06910616628 0.06320841181 0.06291604734 0.06305798901 0.06405760453 0.06395150414 0.06267529135 0.06341875279 0.06045481875 0.06222126568 0.05969460238 0.0611889513 0.05935265933 0.05863441973 0.05825176843 0.05734427209 0.05719867086 0.05571191153 0.05436124956 0.05483754816 0.05314663473 0.05271205078 0.0534507065 0.05337992825 0.05083025472 
0.05866285043 0.06002617485 0.06186914414 0.05991679856 0.0617433207 0.05977961769 0.06067092111 0.06455618695 0.06174299098 0.06379546314 0.06363009746 0.06423524232 0.06724115422 0.06598818512 0.06692329571 0.0691861542 0.06865571984 0.06885098077 0.07096439141 0.07126339392 0.07060171016 0.0695006904 0.07240786443 0.07253581986 0.07293154559 0.07539812343 0.07280086374 0.07534457014 0.07420806613 0.07541927895 0.07595144431 0.07515578423 0.07639026789 0.07469073017 0.07393310027 0.08036027618 0.0752502284 0.07893931604 0.07918859513 0.07641036156 0.07841152476 0.07329136223 0.07799812392 0.07932006204 0.07704554771 0.07844628218 0.07956478978 0.07992045822 0.07950016119 0.07861832991 0.08142114091 0.08006675339 0.07819852004 0.07651314954 0.07755753382 0.07955847422 0.07633417886 0.07387669805 0.07289339993 0.07786281694 0.07544931248 0.07526205974 0.07485652661 0.07406707926 0.07470317439 0.07073382012 0.07303879753 0.07210995811 0.07131265853 0.06994814961 0.07213857557 0.0698347398 0.06903041057 0.06901720057 0.0657994216 0.06526688926 0.0661101131 0.06624130839 0.06649483663 0.06709027702 0.06334944846 0.06352770647 0.06132234601 0.05962544077 0.06201246387 0.05995160658 0.05914407783 0.05927169556 0.06012034986 0.05379432202 0.05665396532 0.05726657923 0.05479950156 0.05677904892 0.05583350869 0.05252466948 0.05292695262 0.05215309117 0.05190610481 0.05277179629 
0.05912296001 0.05888144449 0.05943461334 0.05961982826 0.06057874516 0.06153424442 0.06006776185 0.06126150498 0.06541416563 0.06656845677 0.06326851326 0.06410784021 0.06643982354 0.06525416213 0.06674104512 0.06649742339 0.06886604007 0.06885081301 0.06882127794 0.07306766156 0.0715577977 0.07200407287 0.07296951781 0.07074629241 0.07205618931 0.07626384728 0.07354966496 0.07399107924 0.07367637429 0.07660636183 0.07347367336 0.07512819621 0.08143295486 0.0782824377 0.07625528294 0.07910162224 0.07815630791 0.07988062734 0.07919544568 0.07817213119 0.07893258159 0.07842699784 0.07830055487 0.07646891563 0.0803284822 0.07909329659 0.07830402222 0.07819943158 0.07911462175 0.07768713708 0.07906260295 0.07698857346 0.0777123799 0.07737214435 0.07779623492 0.0759927413 0.07602458311 0.07854464814 0.0780308186 0.07537125674 0.07481571633 0.07689865603 0.0745616186 0.07559506039 0.07463971079 0.07568934249 0.07107329695 0.07036713166 0.07179193114 0.07049964913 0.067406567 0.06999119092 0.06747540791 0.06866211371 0.06579374964 0.06736948946 0.06648833491 0.06423274805 0.06468026279 0.06433611249 0.06677758197 0.06126878317 0.06233365858 0.05985009955 0.06111150054 0.05995977302 0.05920633102 0.05728055156 0.05930225165 0.05668278241 0.0588811829 0.05649717672 0.05629432717 0.05635184714 0.05439543156 0.05392141653 0.05506366211 0.05165043249 0.05121084502 0.05409794594 
0.05871431207 0.05986403508 0.05720847709 0.06036964649 0.0620647607 0.06326471777 0.06273535127 0.06161737292 0.06266017363 0.06398283657 0.06625533161 0.06615943832 0.06549528378 0.06530324698 0.06872829784 0.06441121657 0.06923923879 0.07073354645 0.07119440361 0.06977774056 0.06870213189 0.06828678776 0.07256164332 0.07347476773 0.07229753087 0.07400120267 0.07341060509 0.07470210839 0.07461302337 0.07524933161 0.07741855179 0.0767821653 0.07527868544 0.07531854228 0.07770885594 0.07902156071 0.07930384655 0.07693485273 0.0788237116 0.07787380166 0.0804006598 0.08031206978 0.07861186903 0.08034790188 0.07802934162 0.07849433293 0.07937751491 0.0790724661 0.07628972334 0.07765953365 0.07917970044 0.07508624386 0.07976120743 0.07659051543 0.07939797336 0.07605499765 0.07823531743 0.07778712887 0.07550736432 0.07573650028 0.07515713021 0.07555036465 0.07333966104 0.07584668912 0.07345094695 0.07173214739 0.07432969906 0.07163336306 0.0717584717 0.07393842987 0.0719978781 0.06946360019 0.06777110974 0.06850827351 0.06678679595 0.06790084201 0.06588587903 0.06638220821 0.06468768949 0.06560808598 0.06345876087 0.06380786873 0.06354290923 0.0620696885 0.06089832584 0.06072235027 0.06138514405 0.06015846909 0.06126019992 0.05568402968 0.05733120988 0.05544196135 0.05432062542 0.05553888199 0.05309659537 0.0543932234 0.05292743427 0.05401335684 0.04987979855 0.05341797058 
0.05738351682 0.06079609758 0.06060492271 0.06101547795 0.06144484487 0.06347122516 0.06281298812 0.06246990402 0.06531540137 0.06511479902 0.06381656488 0.06530378639 0.06452696379 0.06589699172 0.06708765184 0.0679570156 0.06966147505 0.06878654823 0.07141220295 0.07444452523 0.07148250332 0.06991903807 0.0712444769 0.06921866231 0.07302150192 0.07382888696 0.0745959639 0.07422124165 0.07579128314 0.07527418293 0.07552712056 0.07941285992 0.078142497 0.07449767625 0.07571808625 0.08129023006 0.07844471982 0.078214009 0.07806156722 0.07859510036 0.0792233467 0.07905195763 0.07796845435 0.07835794148 0.07863677225 0.08045258632 0.0802871114 0.08080660262 0.08120901402 0.07845462609 0.07789453886 0.07636900407 0.07641605823 0.07588005676 0.07735799598 0.07774262698 0.07674357894 0.07713119638 0.07594383382 0.07662816407 0.07777812507 0.07569177903 0.07263357257 0.07288145294 0.07406681983 0.07245981481 0.07270760222 0.07251072976 0.07161597699 0.07173590487 0.06937499383 0.07067927466 0.07074685932 0.067775431 0.06782083092 0.06625500743 0.06601132232 0.06482647786 0.06597888941 0.06250062833 0.06345201891 0.06009629712 0.06331290928 0.06035289019 0.06042401028 0.06075257835 0.05977346821 0.05931650152 0.0605350863 0.05774402099 0.05716200465 0.05621229899 0.05907244823 0.05320541691 0.05447625753 0.0528715945 0.0523976699 0.05183070319 0.05263630317 0.05222695265 
0.05841207716 0.05826199481 0.05836932812 0.05983150918 0.0602227748 0.06244355051 0.06364991963 0.06476155266 0.06537860811 0.06581403631 0.06423360191 0.06719251637 0.06850241856 0.06757012341 0.06762394685 0.06562184754 0.07043134883 0.07008400833 0.06769736609 0.07008520763 0.07200696814 0.07009790231 0.07270570704 0.07018012988 0.07393677771 0.0722638681 0.07402509097 0.07640264615 0.07710395212 0.07619747656 0.07746676763 0.07713483693 0.07782498761 0.07766317741 0.07853424241 0.07869649561 0.07570141466 0.07822296968 0.0798709811 0.07849744807 0.08041656609 0.08001258507 0.08082094092 0.08023362884 0.07856766742 0.07853193774 0.07997632964 0.0792066005 0.07750152265 0.07749897172 0.07826516992 0.07988575348 0.07817691308 0.08027006185 0.07861573051 0.07732802385 0.07701339798 0.07687232463 0.07547579123 0.07571181771 0.07763488523 0.07518335023 0.07676305296 0.07459055925 0.07658821873 0.07199673483 0.07409152691 0.07378396936 0.07120449057 0.0740776536 0.07223223968 0.06917822208 0.0694528912 0.07196220918 0.067529423 0.06869090713 0.06620571597 0.06605411875 0.06452261885 0.06540891819 0.06215091165 0.06343767412 0.06307084816 0.06315178447 0.06201947089 0.06033144716 0.06035102796 0.05931319027 0.05767189376 0.05662480432 0.05852671449 0.05825102871 0.0558539458 0.05514183748 0.05528426514 0.05131427446 0.05409175523 0.05292425603 0.05364026542 0.05112546447 
0.05840358868 0.05940293355 0.06065760053 0.06181347061 0.06046207921 0.06075924725 0.06494741557 0.06312637205 0.06477114449 0.06328621094 0.06555488508 0.06783598382 0.06356074441 0.0701707954 0.06694454571 0.06985520054 0.06836669939 0.06784206529 0.07310718345 0.07165567525 0.07211630158 0.07548121901 0.07184659265 0.07164374421 0.07441146879 0.07384688968 0.07403363467 0.07537349624 0.07819703917 0.075701546 0.07635364146 0.07704086701 0.07685990735 0.07584328437 0.07791014253 0.07822496348 0.07525542066 0.07825232388 0.07764654193 0.0778308661 0.07684712382 0.0786590091 0.07996668655 0.08125502547 0.08148616978 0.07992494338 0.07986734801 0.07782961845 0.07760879827 0.07941638667 0.0788038589 0.07869061667 0.07917346704 0.07684159053 0.07769132222 0.07930818495 0.0778119408 0.07806055719 0.07425407254 0.07714463456 0.075223308 0.07613088093 0.0746681842 0.07545074637 0.07447750609 0.07378861742 0.07395947116 0.07059679184 0.07172731846 0.07060947099 0.06866976605 0.06927272611 0.07065322519 0.06923638248 0.06767350996 0.06715270064 0.06533267137 0.06478435207 0.06491915124 0.06658664893 0.06291461596 0.06449871904 0.06452815706 0.06193812119 0.06200145981 0.06132017776 0.06017471344 0.06175293424 0.06057740353 0.05826511763 0.058564853 0.05568445828 0.05718150649 0.0565055768 0.05384112269 0.05307981193 0.05399399571 0.05158688995 0.05042382816 0.05102950182 
0.05646137011 0.06049603453 0.0587527136 0.06101205858 0.06062801795 0.06161656202 0.06063700094 0.06265256922 0.06683066759 0.06360673244 0.06468152202 0.06851729901 0.06337218059 0.06682107246 0.06976935102 0.06926971003 0.06942034598 0.07115552818 0.07217419126 0.06831294649 0.07235549526 0.07191923374 0.07179010543 0.07290357163 0.07066714979 0.07493721696 0.07405349739 0.0749841785 0.07356527441 0.07823559311 0.07475675021 0.07758467906 0.07756186939 0.07609359457 0.07852483256 0.07800560134 0.07800272574 0.07832701419 0.08103759789 0.07730258618 0.0787440541 0.07933222681 0.07998181471 0.08086790519 0.08097690463 0.07915734892 0.07899916194 0.07772466433 0.07897721683 0.08055883683 0.07783767348 0.07813526459 0.07677637021 0.0775157067 0.08007011414 0.07665179105 0.07681771564 0.07869574399 0.0759979724 0.07611979193 0.07689008042 0.07314316065 0.07576416542 0.07846596505 0.07509498485 0.07482686665 0.07237298036 0.07259590296 0.07340565139 0.07258748946 0.07126155554 0.06862341641 0.06901638667 0.07108733527 0.06838328718 0.06914720144 0.06671884151 0.06675473155 0.06346104858 0.06518675944 0.06409422072 0.06473267829 0.06429331926 0.06269441275 0.06386570231 0.06010348762 0.06091033215 0.06063027855 0.05982449043 0.05926493889 0.06053511897 0.05574786169 0.0559962877 0.05515775258 0.05508579366 0.05224208214 0.05311535158 0.05242311013 0.05364166748 0.05209208614 
0.06001945217 0.06088387429 0.05837282461 0.05805232765 0.06032053514 0.05904630135 0.06262631649 0.06475013531 0.06433293651 0.06672808287 0.06595101031 0.06540403191 0.07025165205 0.06683229424 0.06587895973 0.06940129247 0.06877787316 0.07135600294 0.07015354581 0.07230226082 0.07198041614 0.0750457211 0.07131170511 0.0732710345 0.06984055891 0.07422782439 0.0734401099 0.07166729278 0.07507813868 0.0759821509 0.0775254212 0.07658961448 0.07818006995 0.07810696393 0.08000355279 0.07594302727 0.0765336375 0.07728706061 0.07761206926 0.08072032606 0.0794144565 0.07868726424 0.08006190549 0.07946297805 0.08009851147 0.07974460508 0.07885486515 0.07877471302 0.07883573522 0.08060547376 0.07979965306 0.07892729791 0.07785691221 0.07774991193 0.07693751756 0.07942021074 0.07782388534 0.07594477611 0.07603854156 0.07771993431 0.07851925256 0.07453540697 0.0750399713 0.0751243956 0.07598050847 0.07406262227 0.07183220128 0.07385640435 0.07391886737 0.07165366483 0.07040291745 0.07074642999 0.06980654353 0.06721251117 0.0710593432 0.06800568734 0.06888802279 0.06520889604 0.0651705409 0.06447075874 0.06275669412 0.06283573632 0.06219887574 0.05883521419 0.06225760837 0.05850086723 0.06144663772 0.05887518734 0.05824732183 0.05899351673 0.05631335949 0.05727300935 0.05807075571 0.05343280575 0.0543561573 0.05416045224 0.05325969361 0.0520048252 0.05100542906 0.05124229936 
0.0622552243 0.06062903768 0.0589992357 0.06166143546 0.06091826379 0.06193135028 0.06486664793 0.06276117847 0.06371795556 0.06413405493 0.06416975275 0.06726395083 0.06643975707 0.06341194822 0.07261114918 0.06847960067 0.06859365515 0.06963776036 0.06958534254 0.06904391657 0.07233026742 0.07232903488 0.07265737572 0.07386646316 0.07150898822 0.07482056382 0.07512340046 0.0748361264 0.07347048331 0.0770244287 0.07385305949 0.07544503191 0.07731752262 0.07664528608 0.07870296323 0.0775734203 0.07653553148 0.07727189548 0.07817633705 0.0777698624 0.07838806976 0.07848403982 0.07950404574 0.08275107354 0.07857596296 0.07816914818 0.07748523997 0.07830479991 0.07881436125 0.07841735732 0.08114085971 0.07935914668 0.07816061065 0.0789833709 0.07868708932 0.08089417936 0.07656385367 0.07657361401 0.0770672413 0.07731857319 0.07883886243 0.07585782135 0.07824870921 0.07523888982 0.07523914104 0.07435866627 0.07424152628 0.07301056464 0.07213397837 0.07190764931 0.07297233406 0.06934718994 0.07209451809 0.06802327537 0.06747545444 0.06927210811 0.06567905665 0.06512616268 0.06496536271 0.06532287562 0.06549101038 0.06574893203 0.0625979499 0.06172234602 0.06317504853 0.06146617514 0.06090632597 0.05931482946 0.05820619658 0.06067200822 0.059600951 0.05840403311 0.05628125577 0.05436992396 0.05542679571 0.05523967555 0.05516633776 0.05184292468 0.05255288494 0.05120956707 
0.05853343018 0.05876772648 0.06248823179 0.06134560706 0.0604700827 0.06095159268 0.06435280089 0.06333908697 0.06615009873 0.0641235746 0.06605018757 0.06534933352 0.06467790923 0.06935434361 0.0671008402 0.06805058735 0.06749018532 0.070661617 0.06996901627 0.06851855196 0.07210492942 0.07319345939 0.07251123348 0.07373677741 0.07490558811 0.07303319045 0.07365184623 0.07627675076 0.07371350545 0.07648451048 0.07711473078 0.07811446286 0.07878666656 0.07896218301 0.07749449707 0.07870551932 0.07717234943 0.07669924862 0.07819963403 0.08117807075 0.07877429264 0.07904208111 0.07860348141 0.07959744555 0.0780397572 0.08082240289 0.07780199709 0.08008351639 0.07994960919 0.08134896882 0.07916262905 0.07948068325 0.08054831263 0.07527090897 0.0785766632 0.07756000981 0.07696568675 0.07757437311 0.07654843685 0.07634263947 0.07718386432 0.07570686836 0.07566820828 0.07525084786 0.07438399494 0.07435083027 0.07257699138 0.0728566123 0.07291042753 0.07251430966 0.07366715053 0.07280946739 0.07017796683 0.06987338064 0.06879995857 0.06659456555 0.06640119456 0.06313225317 0.06414701946 0.06491287976 0.06652700837 0.06519176932 0.06347666092 0.06228274275 0.06221730881 0.0621678215 0.06163419457 0.05929261741 0.06110916624 0.05842102779 0.05694177132 0.05700593846 0.0581102591 0.05405475526 0.0541430438 0.0553090971 0.05499283091 0.05378630433 0.05399816479 0.05205618399 
0.05867007634 0.05675327372 0.05909161002 0.06065881386 0.06255149343 0.06409248701 0.06500927284 0.06260997864 0.06300918332 0.06762234433 0.0655344318 0.06414855867 0.06777136591 0.06869800889 0.06790308476 0.06662428133 0.06855470999 0.06790046022 0.07220327525 0.06864407894 0.07139982422 0.0721468797 0.07130378428 0.07421041168 0.07240367929 0.07585085535 0.0736841935 0.07563766446 0.07712355436 0.07399234761 0.07773307149 0.07636333101 0.07470142598 0.0771918285 0.07835126555 0.07721629154 0.07938691116 0.07930317227 0.07982576234 0.07926362276 0.08189137691 0.08126909512 0.0793460311 0.08088319706 0.07846552242 0.07886279229 0.07845858381 0.07799271241 0.07772712854 0.08089805961 0.07993239142 0.08275949772 0.07788106935 0.07751962949 0.08057671849 0.08002785175 0.07604784712 0.07643308372 0.07481965492 0.07808847599 0.07797977136 0.07786607027 0.07725404631 0.07580414681 0.07567705245 0.07502201405 0.07503247794 0.07362503827 0.07201930998 0.07183811633 0.07168767596 0.07086118007 0.07281789139 0.07030640979 0.06817891535 0.0679721279 0.06987153018 0.06574595595 0.0650056617 0.06414432339 0.06594104592 0.06451176548 0.06484099155 0.06433614628 0.06284719816 0.06177830695 0.0616865443 0.06092360559 0.05994722469 0.05841849966 0.05882227762 0.05849386926 0.05731464167 0.05734530894 0.05479519241 0.05461793225 0.05459714956 0.05303169739 0.0520480756 0.05216635567 
0.05785301067 0.06114293608 0.05982984925 0.06231124055 0.06507372031 0.06224864536 0.06412076814 0.06228662533 0.06548740582 0.06669976077 0.06592097417 0.06745146764 0.06794680113 0.06711441058 0.06843532658 0.06720948088 0.06917014368 0.06888162671 0.0710501994 0.07084716995 0.07243767387 0.07279103206 0.07292591297 0.07221563085 0.0742397858 0.07319017671 0.07632066193 0.07390323831 0.07488828191 0.07681411527 0.0766414787 0.07684992672 0.07616915592 0.07863878929 0.07649296006 0.0786228484 0.0798371594 0.07991395446 0.07910640687 0.08101831602 0.07931652606 0.07927519782 0.0806257825 0.07900068071 0.0784441544 0.08152592063 0.08020283569 0.0799877557 0.0789555605 0.08089954692 0.07920403434 0.07899374218 0.08087088733 0.07960289238 0.07892927975 0.07888478324 0.08008143042 0.07957761736 0.07830919307 0.07722593159 0.07955657707 0.07810606846 0.07617259631 0.07405001971 0.07596733403 0.07260245724 0.07331853216 0.07456666773 0.07384833303 0.07237771425 0.07168472802 0.07084503479 0.07110720799 0.07044048106 0.06851732192 0.0671478187 0.0675239795 0.06772941249 0.06877069485 0.06690867536 0.06520751673 0.06443304476 0.06375389253 0.06480632178 0.06104182772 0.06056692438 0.05952796141 0.06035406514 0.06038985423 0.0587218437 0.05742287206 0.05624961478 0.05663695199 0.05595493681 0.05557133057 0.05393674843 0.05266019899 0.05414644766 0.05343106177 0.0500765617 
0.05929782442 0.05721050585 0.06072776548 0.06321253865 0.05959215215 0.0612811487 0.06362557305 0.06533199468 0.06385509053 0.0637438195 0.06751022242 0.06806495729 0.06692729253 0.06813410292 0.0695566212 0.06707348661 0.06809018773 0.06984222575 0.07015432294 0.07278428757 0.07138646596 0.07198814398 0.07111618497 0.07179226675 0.07252578287 0.07502829655 0.07517238786 0.0747203428 0.07738727313 0.07683955358 0.07636549316 0.07611301721 0.07705364496 0.0761639996 0.07681149328 0.07901163122 0.08002694281 0.0781036736 0.07812181052 0.08137403246 0.08090377829 0.08011191208 0.08296620037 0.08052924658 0.08158345361 0.07861440709 0.08100788033 0.0822008218 0.08063472514 0.07820933977 0.07930187599 0.08029668313 0.07729900356 0.08017749056 0.07924201022 0.0809071728 0.07592399021 0.07756212063 0.07857964528 0.07723845573 0.07700757597 0.0748786057 0.07592210447 0.07323809233 0.07659584097 0.0723295097 0.07529036522 0.07433788993 0.07339922597 0.07251109899 0.07273013158 0.07134546041 0.07016125625 0.0706460582 0.0697085294 0.06792771897 0.06704626547 0.06733025977 0.06729559072 0.06588786443 0.06300755412 0.0626481366 0.06339531628 0.06338989096 0.06214223427 0.06329687647 0.0622282778 0.06013066145 0.06030097903 0.05906349924 0.05831430206 0.0573253231 0.05489402264 0.05524214856 0.0537388929 0.05357743966 0.05492759616 0.05266270905 0.05322893114 0.05190536422 
0.05909996963 0.06159513496 0.06075469518 0.05913894248 0.06340866675 0.06141377421 0.06225657513 0.06402473572 0.06388274065 0.06610330936 0.06385362014 0.06539007653 0.06494531455 0.06652276226 0.06804936696 0.06599394513 0.06839120626 0.06791674689 0.07008023511 0.07104864061 0.06920575932 0.07139968577 0.07292417326 0.07298894712 0.07492096137 0.07452291221 0.07252165445 0.07700665982 0.0753044654 0.07577377138 0.07603636787 0.07882794449 0.07569001028 0.07896029353 0.07698120348 0.07786542328 0.08074838368 0.08169815345 0.07852431211 0.07980682195 0.08027658189 0.08044948879 0.08057092944 0.08018530022 0.08120992069 0.07796049452 0.07781516479 0.07940633211 0.08171687936 0.08003002985 0.07938698343 0.0818072413 0.08091173343 0.07783613849 0.07965788291 0.07712839302 0.07925291383 0.07862550798 0.07824818189 0.07775695271 0.07770063034 0.07693021187 0.07479194143 0.07658555331 0.07467459048 0.07388613147 0.07322576674 0.0736860285 0.07364021152 0.07179840869 0.07299877954 0.07035843043 0.07090331625 0.06984244867 0.06632045508 0.06897705926 0.06503349732 0.06603641428 0.06481884511 0.06386815232 0.06439716534 0.06372778168 0.06257969911 0.06300609171 0.06238650736 0.06116726052 0.06057553808 0.0591488944 0.05950032006 0.05874508056 0.061512489 0.0596174667 0.05652576139 0.05753670713 0.05466316344 0.05567896575 0.05623165608 0.05222272845 0.05173777981 0.05279793532 
0.05915023119 0.05781865054 0.06039865686 0.06060869676 0.06100300895 0.06477942262 0.06279627394 0.06215140422 0.06618551799 0.06538485267 0.06642411037 0.06918030757 0.0672807761 0.06866072037 0.06364788417 0.06873089432 0.0730088661 0.0703776094 0.07184775358 0.06693189043 0.07392484919 0.07347470235 0.0714574774 0.0742231188 0.07351594634 0.07304633563 0.07408635256 0.07495869067 0.07605853341 0.07524221225 0.07688736148 0.07582329501 0.07785096215 0.07727190346 0.07908851172 0.07935277668 0.08026112956 0.07863599422 0.07790375119 0.07944547507 0.07858673194 0.08165093784 0.08171959202 0.08119050061 0.08125804949 0.07996668986 0.08076975377 0.07867342407 0.07824015945 0.08056845923 0.08108543049 0.08004474463 0.07829829247 0.07939200046 0.07546188472 0.07846887389 0.07798336046 0.07820452602 0.07709384877 0.07672975339 0.07826859832 0.07806013128 0.07614720046 0.0751241634 0.07691639122 0.07380716907 0.07450571761 0.07271791491 0.07262533364 0.07355893147 0.0709424365 0.07143589587 0.06977152903 0.07097188214 0.06968803063 0.06755317821 0.06750210083 0.06685465104 0.06682015287 0.06708272484 0.06858041225 0.06531871403 0.06740012738 0.06292149576 0.06070794554 0.06344248465 0.06095708012 0.06059884081 0.0596742784 0.05830503269 0.05875484505 0.05662706269 0.05783832888 0.05791615138 0.05513326539 0.05508520778 0.05380200654 0.05358268657 0.05262248006 0.05340352788 
0.05850331431 0.05759314051 0.05913584276 0.06304520396 0.06196666291 0.06134697084 0.06325826533 0.06626753572 0.0656548154 0.06660915345 0.0664195394 0.06634777236 0.06635530813 0.07151494053 0.06969921364 0.06804919038 0.07011055153 0.07156500805 0.06982196743 0.0719824329 0.07184117985 0.07168381981 0.07011506735 0.07350519036 0.07164320903 0.07476740269 0.07620759072 0.07584896066 0.07672177705 0.07783239428 0.07825962936 0.07804905503 0.0787398292 0.0771611239 0.0784155775 0.07870099061 0.07952764144 0.07935217708 0.08100642041 0.07968792828 0.08161490801 0.0808055793 0.0795695968 0.0834050797 0.07977884163 0.08073051645 0.08098221681 0.08075799109 0.08013946359 0.08166764396 0.07965472283 0.08029139751 0.0779708647 0.07902161409 0.07814749469 0.07895158622 0.07845125003 0.07919890003 0.08038143057 0.07689524654 0.08021499563 0.0777358242 0.07393162285 0.07588825805 0.07659035582 0.07569808473 0.07488328465 0.07357299358 0.07461694466 0.07337805099 0.07029297741 0.07165493369 0.07000940168 0.06961146707 0.06857363417 0.06809945468 0.06584127529 0.0682304816 0.06698375061 0.06523420448 0.06560779798 0.06553261138 0.06202187411 0.06346129082 0.06201476121 0.06205786063 0.06069371188 0.06019867918 0.06360375008 0.05764557272 0.0587610689 0.05753342655 0.05633036399 0.05803512649 0.0567002196 0.0559813418 0.05334584312 0.05205323242 0.05048145739 0.05253053611 
0.05947400083 0.06171627985 0.06143295369 0.06106599346 0.06496170117 0.06229209667 0.0653457762 0.06271563727 0.06543584993 0.06547742521 0.06583017714 0.06641296787 0.06465298643 0.06781644345 0.06881896388 0.06654406338 0.06999629583 0.07037854238 0.07188008382 0.07022904177 0.07245183008 0.07193249778 0.07176195387 0.07204829172 0.07338273226 0.07366073369 0.07388541713 0.07556854324 0.07557392016 0.07447457044 0.07585571206 0.07682734887 0.07594414218 0.07712580011 0.08126856328 0.07861603026 0.07970976796 0.07956419979 0.08040690458 0.0806696663 0.07893482582 0.08267130105 0.07828670791 0.08235479982 0.08340822807 0.08157560119 0.08241153205 0.07947758476 0.07952394689 0.08264644959 0.07981972932 0.08069925164 0.08062288371 0.08160255398 0.0776022075 0.07890597214 0.07940490574 0.07771088322 0.07854506287 0.07927903394 0.07672515252 0.07886076981 0.07636775959 0.07700002456 0.07598792564 0.07473350778 0.07552801964 0.07431774715 0.07323433159 0.07005312264 0.07458831227 0.07132482274 0.06953915115 0.0682073113 0.06781647805 0.06857166162 0.06835083291 0.06621426724 0.06564042581 0.06731447445 0.06782340607 0.06244557443 0.06373893355 0.0621740385 0.06427305199 0.06402949933 0.06160559417 0.06029333785 0.06078798427 0.05830761001 0.0586162185 0.05648507043 0.0559250732 0.05684490239 0.05585982099 0.05449225623 0.05212340967 0.05560989454 0.05453546375 0.05373632688 
0.06173975462 0.06350814682 0.0625480336 0.06265734607 0.05939863858 0.06276886278 0.06389980701 0.0643348193 0.06691380995 0.06305831849 0.06742198846 0.06611691098 0.06625549974 0.06675426766 0.06838680564 0.06916027242 0.06887126724 0.07150219131 0.06937257561 0.0710708887 0.07384165285 0.07467555463 0.07272801159 0.07278581379 0.07473966778 0.0754178801 0.07758202792 0.07529445457 0.07596248284 0.07918053682 0.07860688979 0.07800135844 0.07884915817 0.07783600301 0.07484932667 0.0775936059 0.07998627346 0.0778094334 0.07975323143 0.08157920869 0.08100085703 0.08201488799 0.08151690222 0.08128537902 0.08223186823 0.07998986489 0.08033090206 0.08136847268 0.07901083618 0.07772083618 0.07920101144 0.08123765141 0.0805082756 0.07885037388 0.0806704419 0.07874157867 0.07917008667 0.07867124896 0.07771780608 0.0790840452 0.07868576538 0.07822634633 0.07783586786 0.07740050787 0.07674722837 0.07665172804 0.07223703133 0.07522568136 0.07416509712 0.07294412249 0.07191288651 0.07064555643 0.071136255 0.06902096668 0.07145177833 0.06894257681 0.0693211055 0.06609316932 0.06734754587 0.06570066796 0.06482014952 0.06680391547 0.06233280228 0.06394897687 0.06187309314 0.06196520245 0.06136898982 0.06070771078 0.0604275892 0.05747574949 0.05815478993 0.06028363793 0.05772738595 0.05597860178 0.05646169311 0.05567165907 0.05604315141 0.05605061211 0.05491846802 0.05317339238 
0.06109112564 0.06123401333 0.05766723336 0.06181995893 0.06082373431 0.06404328809 0.06391065921 0.06298793777 0.0660286888 0.06487610088 0.06677745159 0.06698405136 0.06863861189 0.06830927892 0.06827580436 0.0681443196 0.07004072809 0.06730540443 0.07085492136 0.07402174545 0.07436479413 0.07319581555 0.07408502091 0.07283225281 0.07469283563 0.07475600831 0.07382453209 0.07615538336 0.07620162336 0.077572395 0.07918333574 0.08130549016 0.07789308595 0.08037908711 0.07817639922 0.08089647569 0.08031105013 0.07943711809 0.0789578062 0.07984445761 0.0803274517 0.07838085029 0.08128483165 0.08181677997 0.07994171139 0.07859992494 0.08004088919 0.07759833566 0.08141599472 0.08292232786 0.07966491257 0.0782935966 0.08021926355 0.07972084083 0.07959723615 0.07898719127 0.07904220219 0.07798314497 0.07642244677 0.07725231402 0.0758567038 0.07807664085 0.0776095276 0.07659641106 0.0750846407 0.07370268044 0.07248265879 0.07574220629 0.07311688071 0.07519338224 0.07144701781 0.07221557968 0.06940134683 0.06814721119 0.0685739907 0.0686862509 0.06886405739 0.07029510539 0.0672561055 0.0660671424 0.06535513966 0.0630230151 0.06402809225 0.06201060046 0.06272865762 0.06267476568 0.05902687627 0.06120367773 0.05897118108 0.06058698259 0.05816333397 0.05859843096 0.05738891541 0.05709031946 0.05545155364 0.05486666695 0.05470278982 0.05532722578 0.053842944 0.0531737616 
0.0609943758 0.05990652223 0.06059666441 0.05908813116 0.06395387118 0.06289765421 0.06066781786 0.06496037419 0.06349840584 0.06667084264 0.06726755956 0.0675328278 0.06830949727 0.0668256648 0.07181360579 0.06881965951 0.06997419011 0.07228315455 0.07096381958 0.07343015373 0.0721781188 0.07019980737 0.07165805574 0.07378923852 0.0762238958 0.07524929265 0.07483914435 0.07881568247 0.07579994078 0.07865286336 0.07964170578 0.07683769874 0.07660124027 0.07895422175 0.07706051215 0.08060611842 0.08235494219 0.07955791335 0.08113182199 0.08029506214 0.07956348959 0.08157999471 0.07795636087 0.07969602798 0.07919453835 0.07886627185 0.07939047253 0.08372850932 0.08165631872 0.07871871153 0.08014155062 0.08004993176 0.08191303776 0.08069673807 0.08050228282 0.07917654924 0.07902735236 0.07717333189 0.07982185687 0.07732189694 0.07757238679 0.07780945197 0.07735247384 0.07782820921 0.07600213618 0.07503061709 0.0729003942 0.07310988054 0.07623921713 0.07270723282 0.07275980825 0.07157412685 0.07368855921 0.0711273653 0.0698867501 0.06697225522 0.06922350378 0.06690685702 0.06639799365 0.06553131362 0.06566642963 0.06876559282 0.06397443134 0.06352657295 0.06368208432 0.0632828011 0.06378567056 0.0602657565 0.0594953777 0.05846739826 0.05813938887 0.05672776049 0.05711340887 0.0572642442 0.05748915368 0.05500211777 0.05280971599 0.05087648685 0.05248013945 0.05419761155 
0.0618200923 0.05960786681 0.06159340288 0.06310086022 0.0667534996 0.0628999635 0.06269218509 0.06414499996 0.06440571354 0.06629934038 0.06775270741 0.06528446914 0.06861187322 0.06470938819 0.06864628179 0.06946977127 0.06743723885 0.07078761758 0.07012735231 0.06970751451 0.0705708859 0.07607445615 0.07278888418 0.07391104846 0.07211487015 0.0783863363 0.07563641087 0.07607316369 0.0738276971 0.07890043623 0.07782254804 0.07844605424 0.07755885303 0.0774397884 0.07954608308 0.07969906226 0.08086329702 0.07803352795 0.07938147613 0.08087177689 0.08080501179 0.08178438618 0.07994876406 0.08238628387 0.08376424421 0.08116034331 0.08019419238 0.08229959596 0.08142839563 0.08245401987 0.08049153107 0.07926216846 0.0815551492 0.08072044814 0.07927827404 0.07846126566 0.08081567154 0.07880963738 0.07893485502 0.08055687954 0.07767698281 0.07952340688 0.07599090925 0.07592062487 0.07563873409 0.07400151032 0.07543917527 0.07326529005 0.07298118451 0.07209312668 0.07224713412 0.07254513548 0.06971889953 0.07076687931 0.07020210293 0.06886520533 0.06599625926 0.06887888436 0.06635014407 0.067366251 0.0649890853 0.0659211924 0.06478552114 0.06243653034 0.06192012055 0.06042525433 0.06148157511 0.06267162247 0.06124586476 0.05954669449 0.06062630874 0.0580858518 0.05733588318 0.0556139148 0.05722708919 0.05420116168 0.05778307723 0.05190928001 0.05488699704 0.05101037153 
0.06068888528 0.05923879426 0.05943244152 0.0626101124 0.06214266044 0.06434386065 0.06321713065 0.06347742199 0.06724816526 0.06559814075 0.06536360443 0.07043530653 0.06986094629 0.06646331292 0.06996478196 0.06806255272 0.07084222189 0.07186334598 0.07297341106 0.07414053891 0.07262605334 0.07339759477 0.07489785257 0.07185735711 0.07443729984 0.0749346068 0.07656007032 0.07739198573 0.07911658286 0.0763141201 0.07803420622 0.07844269123 0.0763927403 0.07840612043 0.07839966672 0.08136401069 0.08008966353 0.07832326253 0.07733285467 0.08091766598 0.0822112422 0.07925175117 0.07842230099 0.07882152298 0.08136801164 0.08125823535 0.08177201084 0.08162937462 0.07947047746 0.08201530759 0.08228755442 0.08141883041 0.08134692151 0.08127320573 0.07942104848 0.08035088537 0.07893713107 0.08069512998 0.07776671562 0.07637616783 0.07760174394 0.07802543361 0.07638715637 0.07687340509 0.07834854893 0.07786131166 0.0748654874 0.07179441119 0.07379672247 0.07594617817 0.07250498502 0.07318894003 0.07024784467 0.0717697815 0.06596030213 0.06839073578 0.06957071254 0.06896644291 0.06834287222 0.06646839353 0.0661763071 0.06563445434 0.06559612829 0.06311505965 0.06237238134 0.06023468772 0.06052239047 0.0609303026 0.05947154665 0.05969731999 0.05836169899 0.05798721425 0.05797293502 0.05776853029 0.05500435855 0.0553688671 0.05273621216 0.0534976513 0.05246174911 0.05461559868 
0.05769748087 0.05971324735 0.0640172198 0.0590324146 0.06166704702 0.06321878851 0.06260524691 0.06475127208 0.06626710677 0.06588852457 0.06511588506 0.06659252912 0.06765622706 0.06686282979 0.06990140363 0.06879609184 0.07061345276 0.06993563891 0.07439403629 0.07296650065 0.07187428772 0.07583468543 0.07306967529 0.07574203799 0.07239078909 0.07430373123 0.07501953921 0.07792801584 0.07596635981 0.07618417739 0.07844630247 0.07715614784 0.0801830345 0.07939255616 0.07910914567 0.08063178419 0.08067442547 0.07874382457 0.08098642622 0.07877299108 0.08061665352 0.0825092785 0.08106529004 0.08042756743 0.0808273883 0.08010859578 0.0818648849 0.08203246014 0.07955023499 0.08107011601 0.07895559122 0.07956559896 0.08188631908 0.08142424319 0.07980276159 0.08084642745 0.08012576211 0.07942034376 0.07885441891 0.07875973406 0.07833907754 0.07933282182 0.07705472007 0.07700016887 0.07710661597 0.07668538544 0.07470601807 0.0763253844 0.07314484256 0.07525584664 0.07312897293 0.0703658395 0.07162693929 0.06999573825 0.06988583205 0.06999071503 0.06844130208 0.06847261161 0.06585437841 0.06787473792 0.06441980192 0.06477512821 0.06655465657 0.06451779974 0.06300658101 0.06270433848 0.05922121287 0.06052414987 0.05963092708 0.06015216683 0.05794878183 0.05861722372 0.0565348684 0.05442441337 0.05489485268 0.05562790965 0.05476087666 0.05201843863 0.05336830517 0.05354145073 
0.05997667931 0.06238198834 0.06077094075 0.06218680829 0.06310977147 0.06021987764 0.06143257747 0.06303466369 0.0652695123 0.06774169631 0.06784048656 0.06522663897 0.06435733075 0.06849651279 0.06832276255 0.06961687102 0.07133478818 0.06978729285 0.07115772543 0.07243648333 0.07073761123 0.07547944694 0.0719505079 0.07338067344 0.07516557316 0.07709689561 0.07577921158 0.07610617007 0.07630481216 0.0765866932 0.07739796446 0.07879865001 0.08165958511 0.07823956239 0.07897030247 0.07898402221 0.0804649104 0.07973958082 0.08026001536 0.08118403111 0.07894865903 0.08211937019 0.0817328639 0.08275094999 0.08207927171 0.08244830685 0.08019095572 0.08123831803 0.08290640506 0.08036638695 0.08071568269 0.08480742211 0.08008077876 0.07853241138 0.08039972047 0.08142843151 0.08071917908 0.08124209827 0.0780537919 0.0809774164 0.07756315905 0.07936522901 0.07867272434 0.07538527813 0.07589984922 0.07694767573 0.07566309516 0.07473524304 0.07582234904 0.07228866865 0.07274464985 0.06909856788 0.07104156526 0.06959268422 0.07073511658 0.06820830269 0.07015436047 0.06612407996 0.06701842815 0.06681786999 0.06726255692 0.06280906174 0.06597838342 0.06640752306 0.06287260439 0.06484295212 0.06157842824 0.06086546465 0.06043999305 0.0599764082 0.05997327125 0.05740063722 0.05686963066 0.05664755371 0.05773473586 0.05685892985 0.0543445817 0.05400472276 0.05539882602 0.05254229114 
0.05983323352 0.06066166912 0.06019974451 0.05990967039 0.06172586169 0.06184920913 0.06418936626 0.06263884875 0.06599478632 0.06408700923 0.06472788721 0.06618890881 0.06543587832 0.06950126085 0.06966679227 0.0702686842 0.07123342679 0.0688567088 0.07029523937 0.0709115682 0.07217388996 0.07070464224 0.07836683565 0.07685621357 0.0732263876 0.07466571457 0.07414425384 0.07405458796 0.07931778005 0.07834627385 0.07823196206 0.07794817161 0.07776655582 0.0801126243 0.08155790109 0.08025275151 0.07967359482 0.08171250691 0.08129984577 0.08172090712 0.08032504638 0.08139250995 0.08002372898 0.08258602228 0.08347620133 0.08075947824 0.08152455836 0.08111500906 0.08100005244 0.08075784603 0.08364646283 0.07998064929 0.08154982419 0.08175415348 0.07860459287 0.08099876528 0.08095412334 0.07832959727 0.0782913418 0.07937242149 0.07859592104 0.07937770558 0.07715377197 0.07755741778 0.07517892695 0.07588449538 0.07464115102 0.07559578456 0.07370222511 0.07438322394 0.07476399537 0.07053265991 0.07043263827 0.06966768137 0.07177004767 0.06947703205 0.07025535087 0.06736624348 0.0692329658 0.06992691817 0.06506722144 0.06467449248 0.06678201756 0.06287013617 0.06437574848 0.06264374451 0.0615716381 0.06208267413 0.06033753269 0.06085936824 0.05913145299 0.05907092361 0.06101159058 0.0565422752 0.05714958482 0.05488017903 0.05683275302 0.05566549295 0.05414462634 0.05414790264 
0.05954911346 0.06060839706 0.06317651203 0.06220673506 0.06194986514 0.06364069266 0.06460131295 0.06221309019 0.06190513571 0.06604142493 0.06620810857 0.06782505521 0.06719010637 0.06830876614 0.06953522761 0.06915303909 0.07073726933 0.07252988755 0.07229541338 0.07179247229 0.07209663807 0.07685610841 0.07419115496 0.07593084029 0.07589697546 0.07637937706 0.07509397054 0.08003277141 0.07452408871 0.07549456191 0.07627431112 0.07768532699 0.07642902588 0.07703724666 0.0800244833 0.08012545223 0.07914724309 0.08241604938 0.08002958952 0.08417133917 0.08005156136 0.08089555877 0.08220827258 0.08067728703 0.08263711987 0.08083827748 0.08089101665 0.08055719983 0.08107413016 0.08278834801 0.08267944381 0.08207343877 0.08016380865 0.08040257915 0.08187860391 0.08313233407 0.08210155646 0.08234331473 0.07830421159 0.07862963416 0.0764058517 0.07942794252 0.07628091914 0.07732397535 0.07497149819 0.07815835733 0.07479030451 0.0747373195 0.0753152851 0.07393010866 0.07361894699 0.07382255744 0.07267641165 0.07243231317 0.07034560299 0.06971114706 0.06837259305 0.06800633193 0.06782662733 0.06607885926 0.06657026801 0.0660249236 0.06424859467 0.06518220661 0.06236499362 0.06299687863 0.06136430726 0.06267688392 0.059632391 0.05831339404 0.057826173 0.06022172151 0.05802843389 0.05771565662 0.05592751605 0.05698476236 0.05460301429 0.05276617926 0.05245538362 0.05207919097 
0.05662062145 0.05879251536 0.06217886789 0.06238079777 0.06516677519 0.06307185186 0.06506757798 0.06117929767 0.06485743739 0.06553824473 0.06577886133 0.06836109492 0.07048505268 0.06682712304 0.06951185951 0.07051412328 0.07146375485 0.06925602296 0.07306355132 0.07222505321 0.07339270596 0.075419574 0.07392516277 0.07168863728 0.0743117535 0.07752717387 0.07579068207 0.07539682239 0.07683871336 0.07780229886 0.07662959852 0.07778628817 0.07740906964 0.08141666701 0.08038468985 0.08126622797 0.08180269178 0.07861011699 0.08014518919 0.08253688575 0.08057701379 0.08072047493 0.08069484926 0.08336573111 0.0810671384 0.07920743527 0.0800582166 0.08384213557 0.07999163298 0.08049347671 0.08224825273 0.08235328219 0.07708641092 0.08164239535 0.07965246147 0.07973555973 0.07981048862 0.0821243091 0.07850203224 0.08051058039 0.08055791093 0.07946030524 0.07682503453 0.07466749363 0.07649975276 0.07654105903 0.07441159712 0.07149945808 0.07464279711 0.07465353776 0.0738988001 0.07404471961 0.07204277501 0.06905640601 0.06934505565 0.0704381535 0.06621759024 0.06879791704 0.06564306702 0.06675501689 0.06495332054 0.06702087729 0.06409084712 0.06192671474 0.06649252468 0.06437992625 0.06150398256 0.06054157507 0.05935748515 0.06005555455 0.06060613761 0.05766446401 0.05801005392 0.05773654814 0.05751014951 0.05650351125 0.05745215792 0.05397201716 0.05377700798 0.05433159551 
0.0596264319 0.06023088382 0.06294470306 0.06184369396 0.06130805289 0.06123445519 0.06681324692 0.06424015271 0.06706532744 0.06595352317 0.0682097504 0.06811663771 0.06912324361 0.07072942829 0.06984895919 0.07170240181 0.06945711071 0.07150583845 0.07328717989 0.07351974769 0.07364919558 0.07240724394 0.0723234516 0.07408607722 0.0767558327 0.07893124846 0.07835297822 0.07833934786 0.07523291258 0.07932933967 0.07795828036 0.07820869814 0.08050528568 0.08104556701 0.08048544614 0.07949268797 0.08169145231 0.0809508397 0.08026630807 0.08126250227 0.08377352651 0.08110438919 0.08042819489 0.08236912481 0.07957436171 0.08327962622 0.08232493079 0.08133514187 0.08120516983 0.08101724927 0.08110805791 0.08265463606 0.08253185492 0.07895221887 0.08146678201 0.08074667855 0.08001062836 0.07982921463 0.0804649586 0.07941696943 0.08026033222 0.0789403598 0.07816706292 0.07701782628 0.07767434194 0.07759198571 0.07363504017 0.07558965578 0.0741911318 0.07524186021 0.07258446634 0.07213959498 0.07277686248 0.07200987583 0.07020166706 0.06985428243 0.07100060834 0.06790840733 0.06684024596 0.0690777306 0.0675344722 0.06411747916 0.06615400433 0.06410580536 0.06416260427 0.06447083407 0.06274985103 0.06227700319 0.06217681554 0.06047264608 0.05990509726 0.0605985262 0.0564764466 0.05792799365 0.05771797593 0.05506611202 0.05669804164 0.05478209928 0.05388926146 0.05517834555 
0.06117049249 0.05762357124 0.05901833552 0.05986969867 0.06380598809 0.06142982631 0.06478951521 0.06605901841 0.06729953146 0.064552312 0.06521295687 0.06776059583 0.06577081921 0.07019145734 0.06824719248 0.06960059613 0.06836540989 0.06988713622 0.07083883323 0.074374589 0.07241242391 0.07355933042 0.07538799546 0.07608104228 0.07395219949 0.07669037207 0.07279995942 0.07860897261 0.07839679656 0.07718118749 0.08063151408 0.07898412716 0.07808039384 0.07823790683 0.08110329559 0.08050653956 0.07852993675 0.08277785595 0.08083034011 0.08087786487 0.08273525473 0.08224592364 0.08126247654 0.08117512101 0.08166156074 0.08570443144 0.08114648179 0.08211965886 0.08261787485 0.08430102289 0.08174112582 0.08188437125 0.08153092484 0.08137230421 0.0798997914 0.08204823316 0.08225247047 0.08096912847 0.0792109637 0.07864039837 0.078568682 0.07759581631 0.07878041773 0.07783599775 0.07816569807 0.07448660072 0.074471251 0.07325984662 0.07506884891 0.07695790116 0.07300433447 0.07239403333 0.07349229132 0.06983893192 0.06956506455 0.07098411219 0.06981632314 0.06811000594 0.0687434931 0.0684105283 0.06696031548 0.06504525336 0.06696122819 0.06289008735 0.06362371732 0.06377171619 0.06017092765 0.0641293568 0.05994081918 0.06072769355 0.05866770354 0.05966927217 0.06009224504 0.05653523299 0.05696101522 0.05669484942 0.05591942412 0.05583170392 0.05365466991 0.05461978737 
0.06045688297 0.06025516452 0.06102917478 0.06447008442 0.06284634583 0.06358906099 0.06522938733 0.06374017484 0.06715469125 0.06487882862 0.06529456451 0.06598206753 0.06552685618 0.06705491637 0.06880514989 0.07046078057 0.07099121666 0.07168805875 0.07177592164 0.07241780838 0.07416399454 0.07239150846 0.07415700012 0.07477010082 0.07546465198 0.07492002048 0.07556974361 0.07618780834 0.07712622018 0.07723392087 0.07778650592 0.07888982274 0.07931672685 0.0794259327 0.07944033691 0.07933975897 0.0802979104 0.08130288993 0.07972536154 0.08183179783 0.08145978944 0.08446595237 0.08186702346 0.08186117176 0.08277877775 0.08466829039 0.08063323568 0.07909020454 0.08114688156 0.08246547042 0.08138624176 0.08131612934 0.08233690969 0.08293607903 0.08004709175 0.08398411575 0.08017178715 0.07998614422 0.08074577696 0.07936515304 0.08073714208 0.07828502609 0.07704601612 0.07791417035 0.07824672885 0.07687236673 0.07470278477 0.07532255499 0.07550299114 0.07233771335 0.07306169952 0.0753732096 0.07407113471 0.07112431886 0.06984250957 0.0701577854 0.06966993962 0.07094948175 0.06881437788 0.06439103763 0.06683984031 0.06488930023 0.06716716196 0.06612326758 0.06485182222 0.06286923564 0.0633608611 0.060493603 0.06030526664 0.05723084206 0.05837591842 0.05961252132 0.05920470877 0.05862978913 0.05889027462 0.05632944605 0.05584675774 0.05495410978 0.05534141392 0.05434229855 
0.0584772097 0.06216929906 0.06202160053 0.06418526601 0.06112729564 0.06126477807 0.06683682795 0.06337790467 0.06469199527 0.06667453727 0.06981737627 0.06848264387 0.06791708243 0.06788926508 0.06754889726 0.07018236994 0.06719031321 0.07310254831 0.06919410897 0.07032980531 0.07433007165 0.07235226749 0.07442552527 0.07549031657 0.0773966513 0.07787888204 0.07807421808 0.07745739789 0.07699469564 0.07662190347 0.07915579336 0.0780584531 0.0798676937 0.07906502171 0.07987602715 0.08005410623 0.08096494748 0.08168192125 0.08271673274 0.08349070719 0.08276052928 0.08072409964 0.08132841475 0.0838534387 0.0831127491 0.08308241406 0.08242194532 0.08262815698 0.08237449145 0.08400216491 0.08057600591 0.08298389027 0.08279064705 0.08318379917 0.08165389258 0.07891607032 0.08134770264 0.07908755625 0.08049536097 0.07994546273 0.07933701182 0.07891813061 0.07555843455 0.07628780796 0.07776922648 0.07842126302 0.07901653077 0.07638747315 0.07644426578 0.07327556492 0.07431759555 0.07204654663 0.07398506492 0.07121701079 0.06655438772 0.07075733588 0.06838209266 0.07075526987 0.06908289457 0.0665843142 0.06857313644 0.06665771154 0.06570541863 0.06608930667 0.06286102014 0.06230623937 0.06255996383 0.06208341189 0.06057455728 0.06075491904 0.0610006153 0.05816794121 0.0594420601 0.058027075 0.05575905307 0.05810069623 0.0543406699 0.05561297422 0.05187169397 0.05542734055 
0.06233454788 0.06099833789 0.0624568995 0.06237918401 0.06108175103 0.06433606621 0.06336133443 0.0657098139 0.06675964668 0.06954383574 0.06597525909 0.06709661285 0.06853097004 0.06904334175 0.07074847977 0.07126286798 0.07061915472 0.06904386863 0.073999073 0.07397561375 0.07223966822 0.07350561366 0.07361268283 0.07477855482 0.07583297066 0.07779917245 0.07702828743 0.07621631297 0.07511302119 0.07878040837 0.08024953997 0.07916166625 0.07724232202 0.08007113653 0.0805642048 0.08074342873 0.08092603952 0.08069042365 0.08114262002 0.08099966205 0.0815535665 0.0822906711 0.08401691896 0.08191925845 0.08021200859 0.0812177125 0.08234069275 0.08534617127 0.08196129495 0.08232288807 0.08173021077 0.07959603792 0.08085425918 0.08328540093 0.08091463666 0.08137313746 0.08505787312 0.07786380522 0.07809537395 0.07952831391 0.08384806966 0.07972713735 0.08080529368 0.07767621868 0.0786684084 0.0770559424 0.07582021342 0.07693684687 0.07535448912 0.07321339135 0.07427475988 0.07157257083 0.07150842845 0.07258470539 0.06993883445 0.07054152636 0.0709225699 0.06973496218 0.06812688893 0.06677315178 0.0689349096 0.06812615953 0.06216649342 0.06307305689 0.06482475495 0.06694496136 0.061288715 0.06341693873 0.06153562299 0.06205592123 0.05756008553 0.0592651911 0.05652010425 0.05804392479 0.05827673374 0.05601966909 0.05456122787 0.05437208035 0.05622190319 0.05308856081 
0.06027543347 0.05716103636 0.06092660117 0.06200196119 0.06440593734 0.06309157297 0.06479703028 0.06301407555 0.06421427065 0.06447828031 0.06898140211 0.06812561626 0.06777735808 0.06614715355 0.06844739868 0.06849189862 0.07097808709 0.07071593518 0.0714848475 0.07192957895 0.07329314293 0.07637813417 0.07679983069 0.07617031037 0.07606356585 0.0763770664 0.07668352933 0.07849578767 0.07356656643 0.08205149744 0.076497444 0.08006310621 0.07945589166 0.08022306879 0.08051238285 0.08036902662 0.08055078963 0.08458775859 0.07933934025 0.08034516675 0.0821289508 0.08366175218 0.08377103738 0.08261736835 0.08225365181 0.08413678944 0.08163929416 0.08406074439 0.08171181166 0.08337678574 0.08164889499 0.08267585875 0.08137552679 0.0807502777 0.08026838328 0.08151450958 0.08065946812 0.0803403929 0.07997549346 0.0776144654 0.07662124929 0.07891990444 0.07835056238 0.07644414253 0.07443860081 0.07674212613 0.07709456692 0.07602721739 0.07491148179 0.07540668973 0.07486862666 0.07488862614 0.07198729891 0.07349166267 0.07142163234 0.07100594684 0.07296794818 0.06797851782 0.06592489524 0.07035619021 0.07049954034 0.06929805867 0.06711993902 0.06482695397 0.06621849719 0.06289689063 0.06248984585 0.06359300611 0.06205901634 0.06120093318 0.05908322622 0.05960628049 0.0592572352 0.05925025621 0.05855163217 0.05653228062 0.05597757454 0.05865809138 0.05400276684 0.05373984957 
0.05858274844 0.05994687497 0.06203483428 0.06162403535 0.06147050498 0.06508632174 0.06548900544 0.06418443153 0.06543715759 0.0665123499 0.06748792875 0.06565699775 0.06592205494 0.06831224836 0.06983073759 0.06983991602 0.07226110178 0.07141930279 0.07269238799 0.07334145311 0.07556088507 0.07429983414 0.07300591902 0.07414569866 0.07404429938 0.07597455896 0.07844399822 0.07648563519 0.07750376779 0.07936455917 0.07755514761 0.07869343329 0.07776458089 0.08005585758 0.08091797887 0.07973830866 0.08444879509 0.08112199732 0.08070730506 0.0828040766 0.08630923736 0.08434995677 0.08171346422 0.08291337114 0.08187431219 0.08145379457 0.0819284426 0.08474199137 0.08354457279 0.08364074053 0.08076503273 0.08184382782 0.08274704752 0.08375082768 0.08325673445 0.08271573798 0.08159339532 0.08088990028 0.08011674979 0.08168363868 0.07804618987 0.07986120759 0.07848345557 0.07964209485 0.07901046549 0.07942379982 0.07708959275 0.07521619525 0.07598918614 0.07351591258 0.07640742532 0.07311866805 0.0710634181 0.0728893739 0.06954433976 0.07461409275 0.07118045713 0.06862743821 0.06861333008 0.06762878829 0.06732997593 0.06916117746 0.06637571423 0.06339183016 0.06451235785 0.06449921704 0.0644012998 0.0612170295 0.06225336649 0.05765517339 0.05878581646 0.0588471965 0.05929345497 0.0580317602 0.05565086757 0.05586165394 0.05477328878 0.05443447297 0.05327646259 0.05356957923 
0.05889743696 0.05955330709 0.06096026606 0.06152272958 0.06239533215 0.06414686528 0.06492917214 0.06314970339 0.06133156208 0.06744712072 0.06653801144 0.06738136678 0.06948063846 0.06983385058 0.0687448608 0.06844870061 0.07016981431 0.06994182742 0.07617986143 0.07146247058 0.07520687686 0.07285124602 0.0724471858 0.07628492786 0.07420370246 0.07335811513 0.07865949433 0.07809898831 0.07754927968 0.07994040753 0.08008556798 0.07915953104 0.07941026727 0.07645036599 0.08048296767 0.08025790106 0.07821526759 0.08081309799 0.08061756196 0.08351182954 0.08085018459 0.08179986321 0.08532646942 0.08249267428 0.08413740468 0.08128545449 0.08253236796 0.08191144568 0.08286784631 0.08393700857 0.08296208611 0.08194983965 0.08105821276 0.08075788947 0.08309408746 0.07989880163 0.08053134136 0.08101580673 0.0772456936 0.07954577052 0.07861201108 0.07924708251 0.07708577417 0.07741673441 0.07860647813 0.07769223692 0.07516138879 0.07550967227 0.07376106069 0.07450016726 0.07425151529 0.07303628141 0.07199276011 0.07117605766 0.07238210157 0.06963703632 0.07105512696 0.0709291724 0.06752339504 0.06675085088 0.06910101299 0.06668317269 0.06697428196 0.06461692831 0.06376096971 0.06411857679 0.06044668491 0.0632026125 0.06072583808 0.06134754506 0.05860916538 0.05891167584 0.05836161754 0.05645103804 0.05672206269 0.05874786524 0.05516192501 0.05713284263 0.0539032857 0.05499326062 
0.05977511432 0.06084549176 0.05900834102 0.06308345527 0.06362411126 0.06142765207 0.06618990403 0.06500211085 0.06607874791 0.06791380715 0.06674818917 0.07014847316 0.0702155416 0.06851285366 0.07075494297 0.07205711136 0.06956850852 0.07245428586 0.07140758112 0.07455678317 0.07360575187 0.07598332891 0.07588278675 0.07520909715 0.0754922004 0.07538093015 0.07685766214 0.0772216625 0.08008370779 0.07804846747 0.07819208492 0.08160259485 0.07849270344 0.07783246227 0.08167685709 0.08093780822 0.08226511128 0.08116397827 0.08114145997 0.08222803642 0.08256183399 0.08401405854 0.08345648799 0.08403850869 0.08255700673 0.0846789008 0.08089042101 0.08199004556 0.08560748444 0.08269200855 0.08328586046 0.08458339532 0.07968535762 0.08138732461 0.08299212413 0.08353826227 0.07861711992 0.07872932416 0.07824978129 0.08234729014 0.08126725259 0.07864879968 0.07752762205 0.07814578168 0.08134877266 0.07605880831 0.07750984874 0.07645202722 0.07576865828 0.0770067317 0.07640920797 0.07450252363 0.07478137932 0.07342897272 0.07349988609 0.07273317471 0.07021723968 0.07047192081 0.07002849402 0.06734325624 0.06818340538 0.06654865491 0.06739661788 0.06610073072 0.06349333943 0.06567673064 0.0644127602 0.06314845009 0.05952202663 0.06181797507 0.05885334975 0.05828878371 0.06089379728 0.06067412199 0.05810734569 0.0581327472 0.05765356001 0.0567246858 0.05432958906 0.0563955797 
0.05932595362 0.05924774983 0.06304112784 0.06477147689 0.06345831972 0.06197937125 0.06466291147 0.06554915937 0.06716337752 0.06339015263 0.06812679504 0.06510264794 0.06767683948 0.06965426281 0.06974798384 0.07154399284 0.07255186645 0.07241805762 0.0735248919 0.07416845762 0.07322675028 0.07590223651 0.07295207922 0.07667391082 0.07652697754 0.07582923198 0.07791870302 0.07795909061 0.0776613288 0.07755311442 0.07856655776 0.08184587588 0.07947736291 0.079768185 0.08268537791 0.08039304604 0.08319784769 0.08084107872 0.07917722752 0.08184225797 0.08234012946 0.08240665405 0.0808735664 0.08140603624 0.08089415765 0.08219600951 0.08214530133 0.08300594352 0.08441433612 0.08342984338 0.08338346823 0.08302256701 0.08096252337 0.08267171642 0.08007009605 0.08164956861 0.08210650882 0.08130427725 0.07971997706 0.08125769181 0.07931064818 0.07796233343 0.0788725958 0.07634800009 0.07802756514 0.07734975952 0.07725568123 0.07678244469 0.07567689679 0.07618836301 0.07437099519 0.07493611023 0.07262506537 0.07127670315 0.07101534231 0.07231292275 0.07015073733 0.06961684564 0.069337305 0.06698689893 0.06689277994 0.06721450099 0.06704469087 0.06399742145 0.06575362848 0.06316725656 0.06211341707 0.06429107648 0.06272895065 0.05925612277 0.06162481173 0.05975421395 0.05919896578 0.05972928147 0.05639729473 0.05590588754 0.05518403804 0.05658986451 0.05615326556 0.05505083207 
0.06125383489 0.06087650216 0.05859911107 0.06068385202 0.0627461645 0.06090370518 0.0649962139 0.06552669789 0.06444796996 0.06489507817 0.06486381947 0.06614409615 0.06583435419 0.07017908059 0.06872728071 0.07176979477 0.07292494061 0.07058069273 0.07132850368 0.0728440314 0.0747426828 0.07648732497 0.07661458589 0.0770653838 0.07600070291 0.07905561618 0.07937697534 0.07747743293 0.07791084691 0.07793647315 0.07992225374 0.08070468283 0.07789883182 0.08411003466 0.08108210883 0.07994436523 0.0812612199 0.08354476904 0.0826217993 0.08281265223 0.08385607863 0.08329220809 0.08432394599 0.08027800882 0.08384446566 0.08409599075 0.08446491973 0.0846341062 0.08087531452 0.08349882924 0.08333232857 0.08371562361 0.08105743922 0.08276323226 0.08025812168 0.08327581398 0.08231024974 0.08166802955 0.07923482811 0.08053331191 0.08208569411 0.07925759463 0.07706829367 0.07896807759 0.07943386185 0.08058139953 0.07247519339 0.07634287699 0.0758656759 0.07316522642 0.07546516451 0.07228759582 0.07344537452 0.07467833239 0.07060817162 0.06921178381 0.07248893927 0.06850820047 0.06916082443 0.06726776399 0.068340599 0.06698128552 0.06714141709 0.06260626392 0.06486982366 0.06211145851 0.06398908118 0.06320653575 0.06172397011 0.05920050775 0.05896610218 0.06048571192 0.060616337 0.05717574578 0.05702546117 0.05438457815 0.05604296749 0.05668525841 0.05647065719 0.05552999497 
0.06157996597 0.06030766944 0.05986206071 0.06438260133 0.06536509393 0.06323861491 0.06287584198 0.06732973565 0.06727256165 0.06517337315 0.06895688485 0.06820390076 0.07078026459 0.0699371364 0.07039158535 0.07140965182 0.07123142224 0.06967742421 0.07092281392 0.07218044195 0.0719063333 0.07417864738 0.07274772382 0.07689113457 0.07716533127 0.07458167019 0.07570784331 0.07970161373 0.07914824069 0.0799012644 0.07919441426 0.08267427295 0.07992666307 0.0768209767 0.0826879154 0.08123336528 0.08049500798 0.08181106135 0.08174773332 0.08203428723 0.08043646702 0.08118079455 0.08066025963 0.07935581892 0.08250905528 0.08385268274 0.08203632199 0.08126104343 0.08269878711 0.08228401474 0.08406651865 0.08383757686 0.08320765846 0.08064972019 0.08321565121 0.08572553096 0.08194899447 0.08347783584 0.07975789729 0.08001058757 0.07667333673 0.08242636694 0.07793952732 0.08019517335 0.07790853937 0.07743725606 0.07772979182 0.07756969848 0.07610005732 0.07391876166 0.0738714811 0.07415745354 0.07297762392 0.07171925386 0.07068833724 0.07100182818 0.07013362249 0.0698024967 0.06887779034 0.06898235305 0.06707905272 0.0667663121 0.06547503605 0.06398597473 0.06605523273 0.06176050455 0.06537620013 0.06280717457 0.06147512239 0.06288301371 0.06065183616 0.0602207112 0.05849992374 0.05979425258 0.05610160618 0.05784277747 0.05653441365 0.0543868745 0.05585924817 0.05308123604 
0.0598432949 0.06207078772 0.06290261356 0.05874744267 0.06308857308 0.06511020117 0.06537492671 0.06626089862 0.06626842011 0.06532983821 0.06648294705 0.06648200161 0.07136158026 0.06920358086 0.07187155317 0.07106114861 0.0708100356 0.07132159302 0.07224631198 0.07413977162 0.07601617972 0.07641448565 0.0759866999 0.07590398689 0.07527003096 0.07789999455 0.07524468416 0.07996399735 0.07880728674 0.08167989357 0.07954749207 0.07952029032 0.08136227735 0.08196935727 0.081644355 0.08062286572 0.08339130874 0.08227148253 0.08437166923 0.08189199501 0.08114324164 0.0828586497 0.08097870731 0.08347118384 0.0813720252 0.08295208421 0.08275311872 0.08235752886 0.08320377559 0.08285318847 0.08398364463 0.08235803141 0.0836730779 0.08151587183 0.08274666867 0.0821829532 0.08172137936 0.0818442493 0.07913921468 0.0819483513 0.07981285185 0.07964124967 0.07815553282 0.07639963782 0.07966443961 0.07769867403 0.0761119044 0.07358345849 0.07352889764 0.07415388313 0.07377222484 0.07361788518 0.07268781437 0.07258886778 0.07428176102 0.07207514973 0.06915586873 0.06913747394 0.07022536188 0.06708443978 0.0669972329 0.06862125638 0.06682435327 0.06778968619 0.06426381445 0.06341279159 0.06314094481 0.06387189403 0.06317705213 0.060722282 0.05991052269 0.05764637414 0.06065006564 0.05913760839 0.05784656792 0.05820597582 0.05570938215 0.05521390694 0.05498945541 0.05278959734 
0.05924106882 0.06177705891 0.06076117803 0.0616383713 0.06272999161 0.06640996459 0.06659628363 0.06697507968 0.06499037868 0.06841945093 0.06594510988 0.06633989715 0.06881511029 0.07106890336 0.0705833124 0.07078355028 0.07120255983 0.07349121921 0.07464259051 0.07257969071 0.07430317904 0.07400702147 0.07455360114 0.07515817438 0.07873490848 0.07922241191 0.07883015083 0.07596995767 0.07839861249 0.08178648299 0.07940522694 0.07661812455 0.08098136798 0.08319878281 0.08330868664 0.08055484255 0.08182137189 0.08264097342 0.08195964714 0.08517257966 0.08284660438 0.0830431794 0.08306592168 0.08137566297 0.08119604126 0.08255427161 0.08479266728 0.0834987129 0.08559580875 0.08449331111 0.08389888524 0.08172113 0.0814489317 0.083044785 0.08064982131 0.081529999 0.08143084604 0.07982424751 0.07963365782 0.08096310633 0.08079855276 0.08106827613 0.0806839544 0.08140003544 0.07888291383 0.07689688447 0.0772196158 0.07486441847 0.07580972118 0.0716837629 0.07444513076 0.0749060322 0.07329632158 0.07320735388 0.07128311532 0.07185823613 0.06966714048 0.06880300375 0.07042467031 0.06818906869 0.06937092924 0.06987452812 0.06591035193 0.067727126 0.06609552462 0.06463094251 0.06450730183 0.06136199903 0.06425005558 0.05997289 0.06273187965 0.0585991004 0.06133574929 0.058038469 0.06015286037 0.05681175542 0.05708444619 0.0558162349 0.05573044045 0.05469849145 
0.05996917616 0.06357577288 0.06271406908 0.06258162739 0.06204400204 0.06173163793 0.06407105579 0.06455785173 0.06867794943 0.06620012858 0.06714662454 0.06805881068 0.06681462659 0.07141044829 0.07086492139 0.07084710402 0.07033701387 0.07192307892 0.07394398281 0.07170197433 0.07213666542 0.07253514864 0.07592062607 0.07632067016 0.0755927227 0.0764178429 0.07551405369 0.07873962571 0.07981306923 0.08151131887 0.08118617905 0.07910367117 0.08035873876 0.07997371369 0.08164008221 0.08338612862 0.08074570352 0.08240313371 0.08332154997 0.08216931588 0.08268348806 0.08448023615 0.08238525115 0.08384931868 0.08566590893 0.08480654323 0.08242952368 0.0826660744 0.0841449044 0.08445296385 0.08471023616 0.08285187599 0.08448041645 0.08100363142 0.08068756853 0.08259064537 0.08230883395 0.08091730184 0.08072746768 0.08115464223 0.08234582153 0.07908360371 0.08002234987 0.07892664596 0.08138416041 0.08034347604 0.07717548151 0.0768374469 0.07565935879 0.07466896408 0.07770828664 0.07531823694 0.07420998591 0.07440657479 0.07180006043 0.07345910404 0.07093377085 0.06987972094 0.06972229543 0.0676388685 0.06970584267 0.06846797521 0.06821982494 0.06522395708 0.06382951107 0.06386487384 0.06240848343 0.06442514912 0.06283018544 0.0627954439 0.05933585289 0.05839286203 0.06116483221 0.05816218267 0.05775275543 0.05723373515 0.05682208088 0.05607174834 0.05509512523 0.05408876979 
0.05999092711 0.06306957054 0.06116838889 0.06004148027 0.06232508932 0.06491508699 0.06506407326 0.06748928319 0.0642963965 0.066847089 0.06910833365 0.06819512652 0.06849535436 0.06859464695 0.06959810221 0.07148373344 0.07238116306 0.07174550983 0.0716803087 0.07477376977 0.07508710234 0.07358635646 0.07867617853 0.07420395176 0.07575216677 0.07886864595 0.0792879666 0.07891814788 0.07520446607 0.08025083687 0.08011290646 0.08058612738 0.08079173212 0.08057937771 0.08080384183 0.08267571135 0.08307933031 0.08368531311 0.08053715087 0.08002796607 0.08528395882 0.08173949551 0.08224023865 0.08251378018 0.08343559814 0.08411685318 0.08446303011 0.08658513257 0.08439378096 0.08445213229 0.08306860131 0.08443926351 0.08234977546 0.08357442104 0.08240001926 0.08162577889 0.08332257258 0.0824432265 0.08154478982 0.08102731679 0.07997023049 0.07998414211 0.08150579354 0.07883490987 0.08032203752 0.08008427337 0.07686594282 0.07914777369 0.07358517877 0.07589388987 0.07286023615 0.07355732944 0.07243551991 0.07377062963 0.07347863961 0.07333403481 0.07072758399 0.0711852405 0.07017825912 0.07112579167 0.06788037994 0.06614615671 0.06592445631 0.06643160481 0.06263513819 0.06517274815 0.06499573883 0.06290471746 0.06065481514 0.05960750625 0.0610205564 0.06118255466 0.06200453168 0.05836937458 0.0586226062 0.0571254659 0.05577484271 0.05476632913 0.05476443408 0.05952136432 
# Events [BackEndMonitor/BackEndMonitor.dat] N:
1756 1764 1839 1890 1906 1951 1948 2007 1995 2069 2253 2270 2247 2237 2386 2392 2490 2487 2467 2611 2616 2674 2798 2810 2806 2896 2851 2942 3023 3084 3114 3098 3132 3262 3191 3313 3236 3318 3378 3360 3383 3403 3487 3581 3568 3494 3477 3462 3544 3552 3402 3500 3571 3511 3560 3525 3430 3485 3352 3429 3384 3446 3385 3363 3270 3220 3192 3101 3166 3122 3105 2948 3039 2837 2942 2864 2733 2755 2753 2555 2633 2554 2572 2471 2372 2267 2239 2317 2199 2154 2126 2038 2025 2023 1917 1938 1853 1809 1774 1701 
1657 1784 1775 1796 1918 1957 1991 1976 2095 2065 2182 2194 2375 2262 2385 2351 2431 2537 2523 2559 2714 2598 2740 2733 2847 2872 2911 2875 2890 3068 3082 3129 3146 3257 3274 3272 3271 3453 3396 3348 3458 3528 3480 3647 3515 3580 3470 3526 3690 3556 3569 3543 3540 3571 3490 3531 3466 3482 3492 3396 3461 3364 3329 3332 3313 3211 3122 3225 3128 3169 2981 2960 3023 2878 2785 2797 2845 2835 2708 2597 2478 2545 2529 2496 2394 2348 2247 2230 2186 2161 2146 2073 1955 1985 1917 1987 1875 1728 1735 1675 
1712 1801 1940 1923 1973 1962 1922 2038 2054 2171 2267 2152 2263 2366 2448 2415 2482 2552 2570 2601 2642 2686 2704 2765 2731 2823 2983 3017 3070 3072 3079 3141 3168 3282 3310 3252 3244 3232 3353 3385 3428 3496 3529 3630 3584 3574 3496 3512 3493 3595 3555 3473 3400 3462 3473 3584 3492 3445 3442 3424 3355 3359 3311 3339 3284 3267 3210 3165 3025 3102 2938 3108 2986 2796 2806 2850 2691 2661 2724 2694 2565 2596 2479 2341 2408 2315 2271 2223 2246 2170 2089 2043 1999 2004 1935 1898 1863 1820 1733 1716 
1705 1771 1836 1921 1981 1929 1888 2007 1944 2122 2103 2245 2241 2363 2291 2354 2443 2521 2609 2518 2670 2613 2777 2807 2772 2745 2878 2972 2960 3045 3088 3159 3187 3162 3220 3258 3430 3416 3259 3335 3432 3481 3539 3467 3599 3485 3537 3476 3466 3514 3517 3623 3487 3524 3451 3519 3445 3458 3508 3413 3462 3332 3358 3304 3286 3257 3270 3196 3186 3190 3065 3073 2969 2983 2846 2770 2787 2829 2763 2595 2539 2549 2464 2434 2404 2322 2331 2204 2239 2099 2106 2084 2012 1891 1922 1947 1803 1756 1768 1705 
1793 1795 1925 1861 1893 1919 1996 1975 2159 2088 2247 2263 2207 2348 2364 2429 2460 2476 2565 2633 2718 2807 2881 2825 2802 2967 2895 2948 3059 3087 3150 3177 3203 3261 3242 3180 3393 3396 3410 3415 3400 3483 3460 3523 3548 3505 3584 3524 3626 3605 3535 3512 3614 3525 3492 3555 3350 3411 3449 3321 3349 3383 3443 3367 3339 3283 3103 3158 3117 3105 3071 3075 2962 3038 2891 2740 2740 2715 2641 2632 2512 2621 2508 2306 2369 2324 2263 2235 2148 2098 2106 2068 2007 1972 1937 1855 1847 1802 1769 1681 
1695 1841 1785 1854 1895 1881 1943 2005 2083 2121 2216 2170 2225 2284 2357 2393 2515 2512 2489 2600 2628 2758 2808 2840 2839 2846 2952 2902 2991 3047 3196 3114 3128 3193 3230 3382 3310 3326 3430 3400 3436 3437 3446 3506 3506 3654 3614 3647 3544 3599 3576 3469 3476 3487 3544 3477 3505 3409 3375 3489 3403 3400 3372 3248 3315 3200 3197 3196 3149 3055 3108 2983 3105 2953 2837 2841 2746 2757 2666 2676 2620 2565 2409 2432 2354 2346 2258 2312 2278 2103 2132 2003 2033 1928 1939 1895 1865 1777 1868 1688 
1696 1714 1809 1861 1906 1964 2037 2141 2049 2143 2170 2186 2281 2364 2419 2366 2399 2448 2528 2645 2633 2677 2711 2711 2753 2936 2983 2986 3035 3085 3081 3092 3141 3276 3319 3241 3358 3374 3343 3404 3392 3555 3420 3517 3442 3552 3611 3663 3565 3507 3479 3456 3471 3463 3533 3479 3432 3465 3469 3377 3367 3384 3481 3320 3173 3317 3180 3211 3089 3115 3033 2945 3058 3007 2853 2833 2764 2743 2622 2670 2549 2437 2545 2467 2378 2415 2247 2304 2208 2101 2052 2165 2038 2083 1940 1870 1730 1754 1704 1688 
1722 1777 1826 1771 1926 1909 1943 1990 2107 2112 2162 2229 2250 2322 2356 2469 2451 2571 2609 2606 2682 2717 2805 2694 2849 2838 3029 3004 2959 3138 3193 3163 3075 3214 3183 3341 3380 3343 3425 3322 3355 3460 3513 3558 3480 3557 3519 3595 3518 3512 3743 3546 3552 3615 3393 3495 3557 3507 3482 3476 3368 3410 3392 3294 3262 3338 3268 3084 3182 3098 3033 2961 2965 2943 2806 2806 2825 2833 2662 2661 2605 2477 2567 2357 2404 2367 2327 2218 2155 2236 2144 2053 2050 1868 1922 1866 1912 1873 1740 1696 
1731 1846 1759 1808 1849 2003 1943 2065 2055 2099 2162 2291 2217 2301 2423 2327 2434 2467 2470 2627 2637 2732 2830 2734 2767 2860 2979 2978 2970 3048 3106 3142 3198 3236 3276 3345 3350 3334 3470 3500 3523 3485 3437 3552 3549 3530 3557 3604 3598 3542 3572 3488 3532 3604 3473 3543 3421 3474 3474 3378 3370 3471 3420 3332 3247 3288 3217 3113 3090 3080 3086 2976 2980 2942 2887 2863 2829 2779 2801 2626 2612 2414 2483 2419 2358 2446 2326 2265 2155 2157 2064 2029 2006 1922 1939 1896 1867 1747 1699 1777 
1755 1713 1805 1871 1921 1965 1942 1960 1970 2115 2187 2228 2302 2411 2373 2398 2404 2468 2503 2633 2616 2670 2787 2793 2829 2860 2959 3015 2941 3080 3153 3239 3253 3133 3300 3385 3357 3470 3412 3360 3493 3389 3616 3564 3443 3534 3486 3539 3623 3515 3683 3545 3591 3576 3496 3534 3585 3401 3514 3470 3328 3383 3272 3257 3385 3398 3175 3140 3056 3076 2982 3025 3048 2891 2896 2947 2777 2707 2730 2755 2576 2633 2391 2418 2453 2355 2192 2231 2154 2159 2160 2012 2001 2042 1870 1881 1815 1888 1772 1734 
1724 1835 1804 1925 1841 1997 2002 2110 2032 2171 2173 2180 2246 2277 2339 2341 2437 2514 2653 2565 2670 2662 2756 2827 2714 2932 2920 3016 3059 3107 3152 3112 3176 3265 3331 3297 3356 3361 3395 3527 3350 3538 3395 3474 3558 3545 3514 3511 3577 3627 3673 3642 3561 3513 3533 3465 3471 3428 3549 3445 3381 3255 3306 3307 3390 3256 3212 3040 3140 3092 2990 2922 2918 2933 2876 2906 2775 2712 2724 2633 2627 2491 2438 2395 2285 2278 2225 2340 2185 2138 2156 2044 1976 1986 1926 1835 1845 1706 1701 1723 
1761 1783 1824 1867 1889 1882 2027 1977 2086 2137 2081 2228 2234 2371 2418 2425 2384 2494 2595 2525 2632 2689 2779 2750 2798 2825 2832 2990 3036 3016 3094 3126 3246 3339 3254 3347 3289 3472 3426 3519 3326 3628 3468 3560 3511 3545 3539 3573 3518 3529 3437 3602 3577 3587 3606 3602 3474 3534 3378 3447 3488 3362 3323 3333 3339 3210 3262 3135 3184 3136 3065 3084 3057 3004 2946 2845 2778 2788 2675 2649 2559 2550 2504 2405 2283 2304 2259 2237 2265 2170 2119 2042 2108 1956 1938 1886 1858 1755 1742 1692 
1756 1734 1802 1856 1926 1967 1945 2078 2120 2084 2138 2155 2189 2378 2411 2493 2511 2520 2608 2576 2606 2750 2809 2799 2740 2957 2824 3088 3019 3030 3119 3157 3265 3237 3293 3252 3441 3291 3336 3378 3463 3460 3576 3415 3556 3617 3621 3626 3627 3580 3577 3572 3613 3527 3503 3535 3479 3455 3423 3383 3386 3479 3484 3231 3266 3346 3177 3123 3248 3121 3064 2987 2935 2857 2859 2881 2828 2778 2671 2616 2568 2539 2402 2469 2477 2367 2286 2260 2239 2126 2029 2025 1908 1955 1965 1817 1811 1762 1797 1662 
1798 1767 1870 1908 1929 1996 2018 2095 2024 2120 2056 2219 2227 2347 2462 2373 2370 2495 2592 2668 2670 2756 2720 2712 2907 2929 2935 3004 3094 3173 3178 3112 3130 3202 3333 3322 3366 3299 3417 3386 3540 3503 3451 3492 3488 3518 3575 3573 3617 3582 3601 3504 3598 3568 3501 3519 3493 3483 3416 3397 3428 3394 3419 3291 3273 3346 3276 3143 3177 3099 2946 3065 2966 2999 2804 2810 2760 2815 2774 2571 2649 2578 2496 2491 2426 2362 2235 2261 2246 2135 2225 2090 2071 2059 1899 1902 1812 1907 1841 1680 
1773 1753 1777 1783 1945 1999 1975 2062 2072 2147 2219 2188 2236 2229 2387 2404 2360 2445 2622 2646 2639 2732 2856 2832 2818 2969 2968 2983 3094 3012 3120 3214 3268 3178 3359 3226 3349 3396 3360 3358 3475 3507 3486 3494 3511 3585 3545 3604 3673 3602 3558 3602 3640 3598 3510 3490 3475 3523 3418 3462 3374 3332 3429 3332 3281 3186 3128 3116 3196 3177 3087 2973 2970 2987 2811 2826 2790 2766 2789 2711 2628 2707 2546 2458 2435 2373 2357 2212 2230 2173 2073 2068 2024 2079 1898 1885 1784 1792 1792 1669 
1754 1737 1808 1836 1903 1877 1975 2018 1998 2152 2197 2230 2314 2307 2439 2387 2341 2498 2605 2642 2652 2747 2709 2844 2849 2890 2954 2943 2963 3067 3213 3172 3195 3303 3355 3308 3386 3379 3427 3354 3506 3547 3372 3524 3473 3616 3458 3488 3556 3446 3578 3597 3607 3628 3529 3712 3455 3429 3499 3372 3424 3447 3233 3290 3331 3381 3260 3276 3067 3172 2934 3112 2974 3018 2822 2783 2835 2701 2765 2648 2599 2508 2475 2504 2342 2424 2368 2199 2187 2215 2124 2109 2033 1957 1928 1925 1800 1823 1744 1820 
1700 1761 1786 1823 1958 1964 2025 1954 2129 2118 2184 2262 2317 2265 2317 2385 2506 2536 2568 2694 2660 2690 2736 2779 2821 2871 2919 2892 2971 3032 3134 3140 3167 3236 3388 3378 3330 3403 3403 3445 3501 3480 3533 3550 3387 3542 3533 3603 3602 3589 3647 3514 3556 3439 3548 3425 3454 3390 3550 3401 3568 3364 3305 3303 3265 3231 3231 3263 3246 3126 2927 2955 3017 2895 2830 2808 2813 2740 2663 2729 2593 2569 2566 2407 2459 2323 2306 2238 2185 2180 2127 2122 2071 2027 1886 1943 1882 1799 1711 1713 
1740 1795 1858 1835 1891 1890 1940 1982 2068 2124 2150 2160 2319 2321 2428 2455 2465 2473 2657 2542 2608 2682 2703 2826 2849 2926 2899 3070 2970 3076 3214 3147 3179 3230 3221 3267 3392 3391 3486 3407 3518 3447 3460 3559 3603 3659 3477 3512 3549 3536 3601 3607 3534 3473 3454 3512 3531 3394 3451 3576 3455 3446 3328 3358 3398 3332 3335 3229 3130 3174 3026 3026 2946 2987 2929 2755 2853 2717 2708 2640 2612 2529 2444 2487 2367 2364 2277 2278 2129 2147 2196 2119 1978 1938 1912 1931 1915 1786 1731 1705 
1675 1855 1807 1874 1904 1939 2073 2013 2037 2132 2170 2244 2178 2350 2421 2498 2496 2580 2559 2524 2589 2711 2712 2824 2790 2833 3035 2977 3033 3150 3062 3246 3178 3193 3275 3302 3303 3391 3399 3412 3425 3472 3519 3473 3425 3606 3625 3528 3590 3626 3630 3608 3598 3606 3568 3566 3533 3489 3485 3412 3543 3390 3414 3344 3222 3242 3221 3268 3166 3099 3068 3066 3024 2912 2904 2879 2803 2762 2799 2568 2602 2601 2553 2476 2385 2288 2300 2241 2232 2152 2085 2087 2046 2007 1950 1907 1823 1762 1804 1717 
1783 1813 1817 1896 1882 2040 2036 2024 2050 2120 2126 2259 2210 2292 2330 2445 2477 2563 2536 2586 2641 2784 2821 2823 2825 2899 2910 3039 3042 3012 3102 3215 3263 3265 3333 3225 3353 3283 3498 3443 3539 3407 3521 3494 3531 3580 3550 3588 3580 3561 3733 3595 3602 3629 3566 3528 3518 3424 3450 3514 3369 3367 3367 3376 3244 3209 3153 3160 3146 3159 3015 2996 3026 2955 2883 2852 2717 2807 2687 2635 2596 2524 2437 2608 2400 2351 2242 2241 2181 2164 2078 1993 2002 1909 1999 1837 1870 1798 1804 1707 
1693 1808 1770 1879 1928 1899 1989 2019 2079 2145 2252 2193 2279 2387 2294 2417 2537 2552 2570 2588 2564 2793 2665 2888 2893 2835 2964 2987 3166 3053 3139 3138 3230 3230 3242 3386 3246 3342 3357 3447 3406 3509 3493 3501 3651 3581 3676 3542 3561 3615 3552 3484 3579 3511 3556 3642 3550 3519 3465 3380 3383 3474 3384 3337 3295 3271 3259 3209 3205 3135 3089 3103 2976 2898 2890 2857 2810 2774 2702 2740 2582 2563 2448 2472 2443 2402 2307 2230 2202 2137 2142 2064 2038 1907 2016 1870 1868 1810 1808 1729 
1758 1782 1801 1851 1956 1919 1990 2027 2122 2078 2217 2149 2201 2284 2425 2452 2405 2541 2553 2530 2684 2752 2739 2818 2900 2866 2989 3006 3019 3166 3101 3171 3135 3230 3212 3297 3268 3363 3361 3472 3537 3456 3591 3561 3634 3512 3544 3588 3495 3566 3493 3578 3590 3625 3613 3493 3485 3442 3472 3424 3417 3300 3309 3380 3292 3304 3288 3296 3225 3165 3095 3029 2924 2892 2764 2842 2747 2693 2681 2611 2602 2530 2558 2497 2341 2360 2322 2314 2207 2105 2078 2072 2032 1976 1933 1899 1827 1802 1814 1729 
1721 1831 1900 1841 1882 1981 1959 2132 2034 2093 2254 2243 2221 2313 2277 2398 2448 2429 2606 2628 2621 2791 2816 2768 2804 2894 2897 3010 3043 3112 3071 3124 3117 3232 3291 3526 3292 3429 3344 3401 3490 3409 3630 3558 3660 3543 3464 3517 3613 3620 3557 3520 3588 3665 3567 3516 3510 3411 3425 3390 3489 3360 3320 3404 3327 3362 3297 3277 3133 3060 3131 2985 2797 2904 2915 2869 2905 2699 2810 2685 2661 2541 2474 2424 2513 2305 2314 2286 2207 2186 2073 2125 1929 1960 1894 1877 1877 1767 1811 1756 
1790 1758 1846 1903 1901 1978 2053 2019 2169 2147 2138 2187 2229 2315 2337 2444 2450 2455 2566 2566 2633 2651 2685 2710 2874 2948 2979 3054 3050 3197 3153 3208 3189 3243 3162 3359 3236 3331 3475 3497 3357 3400 3513 3405 3545 3552 3588 3601 3606 3615 3602 3601 3517 3573 3535 3520 3489 3538 3458 3413 3447 3417 3374 3340 3311 3354 3092 3208 3160 3180 2990 3055 2901 3074 2898 2889 2852 2728 2603 2685 2497 2446 2458 2475 2442 2361 2309 2265 2238 2197 2076 2093 2030 2016 1949 1823 1796 1767 1872 1830 
1775 1834 1851 1847 1872 1995 1996 2057 2112 2077 2166 2217 2278 2270 2427 2391 2551 2574 2543 2703 2673 2755 2648 2869 2816 2859 3019 2982 3062 3178 3273 3079 3154 3194 3283 3269 3360 3410 3383 3474 3374 3453 3502 3502 3627 3560 3624 3529 3517 3613 3568 3688 3610 3625 3600 3508 3515 3474 3504 3545 3467 3333 3371 3397 3330 3225 3193 3161 3137 3158 2998 3084 3028 2948 2882 2836 2821 2787 2639 2510 2639 2517 2447 2514 2401 2281 2241 2312 2154 2181 2126 2184 2112 1988 1879 1918 1881 1816 1740 1656 
1776 1848 1845 1784 1864 1953 2010 2036 2089 2067 2201 2185 2250 2322 2289 2320 2489 2501 2609 2567 2695 2739 2711 2825 2845 2985 2968 3012 3050 3088 3043 3128 3272 3268 3401 3274 3268 3450 3475 3502 3456 3559 3509 3479 3470 3500 3504 3551 3467 3609 3577 3568 3460 3549 3612 3450 3548 3383 3376 3378 3467 3412 3425 3458 3137 3244 3258 3137 3070 3202 3134 3068 3042 2975 2899 2794 2851 2682 2830 2616 2670 2511 2508 2464 2451 2350 2294 2301 2260 2184 2158 2075 2050 2011 1944 1892 1836 1791 1806 1729 
1717 1800 1816 1852 1872 1970 1943 1959 2070 2221 2155 2226 2301 2308 2361 2434 2445 2425 2522 2556 2697 2626 2693 2813 2836 2928 3003 3041 2967 3096 3170 3119 3195 3238 3255 3309 3196 3404 3398 3470 3454 3584 3542 3462 3600 3582 3551 3606 3531 3645 3560 3610 3589 3554 3581 3450 3506 3498 3417 3498 3431 3416 3369 3288 3291 3394 3316 3189 3154 3084 3128 3069 2907 2930 2890 2873 2879 2831 2589 2658 2539 2460 2473 2441 2462 2396 2307 2333 2183 2149 2158 2022 2059 1989 1979 1861 1905 1815 1763 1724 
1685 1824 1838 1847 1921 1959 2051 2069 2136 2180 2177 2148 2366 2323 2313 2432 2510 2557 2632 2575 2590 2715 2746 2840 2903 2886 2998 2986 3137 3163 3122 3232 3158 3149 3289 3379 3437 3334 3507 3443 3495 3487 3639 3563 3543 3696 3597 3603 3682 3605 3622 3550 3633 3544 3524 3563 3518 3485 3470 3472 3456 3439 3343 3346 3268 3282 3191 3173 3088 3125 3061 3013 2918 2935 2900 2799 2761 2866 2627 2624 2590 2518 2454 2368 2455 2351 2422 2195 2229 2233 2105 2049 2122 1969 1936 1813 1828 1854 1791 1747 
1703 1786 1718 1792 1831 1995 1938 2127 2112 2135 2200 2145 2260 2314 2410 2369 2430 2482 2594 2536 2604 2591 2730 2789 2923 2952 2833 3013 3123 3020 3118 3166 3241 3253 3237 3318 3267 3375 3368 3416 3511 3368 3442 3441 3667 3551 3437 3602 3592 3490 3601 3497 3552 3616 3585 3525 3468 3441 3358 3412 3414 3395 3437 3329 3336 3332 3288 3208 3174 3221 3018 2987 2964 2889 2888 2842 2722 2830 2630 2651 2558 2458 2458 2402 2454 2359 2251 2286 2142 2210 2083 2172 2055 1975 1971 1865 1857 1775 1775 1791 
1716 1754 1775 1886 1924 1938 1984 2174 2119 2068 2191 2241 2310 2352 2378 2483 2383 2500 2621 2595 2649 2800 2716 2850 2854 2928 2924 2899 2936 3153 3068 3213 3106 3290 3276 3241 3337 3379 3512 3413 3462 3416 3583 3462 3511 3474 3586 3475 3593 3641 3612 3627 3671 3449 3593 3481 3505 3513 3533 3498 3371 3397 3446 3281 3308 3206 3277 3219 3075 3211 3031 3057 2954 2930 2855 2784 2760 2767 2674 2675 2588 2572 2544 2499 2359 2324 2362 2297 2131 2188 2186 2177 2047 1873 1923 1907 1837 1839 1778 1643 
1744 1786 1808 1950 1844 1890 1979 1983 2094 2169 2219 2214 2216 2350 2354 2437 2457 2607 2505 2604 2728 2711 2785 2821 2879 2822 2976 2984 3089 3110 3078 3201 3257 3217 3377 3294 3386 3303 3362 3422 3505 3542 3438 3515 3616 3522 3541 3645 3617 3530 3532 3471 3545 3573 3513 3537 3627 3502 3533 3438 3379 3519 3345 3280 3272 3240 3196 3167 3239 3096 3069 2961 3006 2956 3012 2875 2907 2772 2743 2559 2546 2550 2543 2581 2367 2382 2293 2269 2286 2166 2144 2065 2001 1995 2018 1890 1823 1829 1810 1753 
1724 1735 1793 1912 1924 1884 1957 2015 2095 2183 2247 2216 2201 2322 2356 2460 2423 2494 2502 2637 2679 2748 2724 2852 2801 2872 2899 2911 3111 3012 3110 3214 3218 3255 3334 3303 3298 3230 3423 3443 3457 3593 3492 3448 3528 3504 3568 3540 3670 3565 3573 3566 3450 3640 3543 3588 3700 3652 3429 3444 3393 3371 3439 3329 3302 3348 3249 3185 3190 3112 3054 3044 3090 2930 2955 2860 2862 2824 2811 2664 2538 2498 2546 2458 2339 2423 2263 2328 2279 2105 2134 2032 2026 1957 1964 1871 1817 1813 1752 1682 
1744 1840 1803 1879 1919 1952 2062 2047 2094 2131 2127 2155 2248 2298 2390 2386 2562 2433 2547 2692 2629 2735 2825 2760 2877 2959 3082 3003 2967 2959 3173 3264 3117 3352 3211 3360 3395 3410 3358 3452 3409 3501 3587 3484 3430 3662 3639 3685 3673 3581 3587 3633 3656 3512 3579 3519 3565 3537 3409 3493 3411 3407 3498 3398 3276 3228 3175 3233 3173 3152 3052 3069 2941 2960 2999 2833 2795 2777 2698 2697 2546 2677 2531 2456 2436 2373 2300 2268 2185 2219 2173 2065 2051 2011 1993 1895 1873 1791 1701 1790 
1710 1870 1864 1815 1906 1900 2040 2057 2086 2170 2161 2221 2267 2398 2404 2369 2404 2548 2576 2613 2684 2722 2761 2844 2804 2936 2989 3054 2977 3242 3256 3224 3319 3189 3271 3330 3390 3467 3392 3492 3431 3575 3432 3501 3459 3565 3612 3574 3588 3554 3595 3602 3560 3641 3552 3509 3512 3550 3573 3527 3584 3371 3392 3348 3295 3238 3202 3109 3287 3093 3107 3014 2991 2927 2959 2945 2774 2829 2708 2679 2637 2540 2561 2453 2398 2363 2244 2285 2137 2120 2135 2089 2038 2036 1953 1837 1850 1776 1743 1785 
1722 1845 1793 1887 1853 2006 2052 2125 2115 2128 2205 2160 2359 2347 2390 2364 2497 2524 2511 2620 2642 2699 2805 2750 2796 3037 2967 2976 3061 3213 3153 3291 3145 3221 3299 3356 3316 3406 3327 3433 3601 3507 3505 3477 3653 3558 3610 3581 3584 3561 3600 3664 3596 3629 3525 3484 3507 3494 3528 3396 3512 3392 3421 3398 3357 3264 3380 3261 3207 3161 3023 3060 3083 2938 2908 2843 2835 2798 2649 2599 2679 2560 2444 2442 2317 2362 2339 2315 2217 2166 2149 2068 2123 1934 1994 1859 1891 1868 1829 1711 
1709 1801 1854 1864 1901 1936 1949 1992 2091 2135 2198 2291 2239 2307 2378 2393 2439 2521 2614 2695 2667 2675 2698 2879 2835 2915 3064 3034 3048 3104 3219 3202 3106 3261 3358 3393 3379 3430 3477 3531 3572 3518 3537 3560 3423 3599 3420 3524 3650 3734 3635 3532 3614 3465 3542 3429 3552 3552 3490 3489 3568 3421 3388 3468 3274 3188 3248 3189 3105 3114 3048 3043 2895 2945 2848 2816 2741 2763 2691 2670 2658 2553 2511 2547 2375 2378 2290 2287 2257 2214 2065 2123 2052 1967 2015 1832 1903 1838 1809 1666 
1759 1862 1827 1786 1871 1971 2016 2110 2094 2111 2102 2321 2224 2390 2330 2425 2460 2604 2488 2557 2686 2633 2707 2819 2880 2977 2938 3020 3226 3029 3153 3217 3218 3282 3345 3339 3343 3437 3417 3502 3407 3537 3460 3565 3685 3607 3498 3485 3547 3601 3581 3620 3572 3608 3577 3511 3611 3409 3460 3332 3504 3358 3266 3309 3366 3219 3336 3240 3190 3168 3023 3040 3124 2862 2919 2889 2866 2656 2794 2705 2653 2584 2525 2511 2386 2350 2323 2276 2282 2179 2124 2087 1979 1956 1941 1905 1884 1788 1819 1695 
1736 1817 1803 1925 1882 1914 2056 2055 2142 2126 2157 2283 2309 2224 2402 2397 2440 2494 2625 2556 2685 2715 2714 2798 2886 2883 2951 3023 3062 3111 3145 3170 3308 3246 3234 3336 3462 3382 3440 3366 3478 3550 3574 3514 3575 3491 3543 3472 3589 3619 3583 3643 3627 3637 3504 3528 3644 3405 3563 3352 3362 3547 3382 3269 3406 3297 3123 3245 3212 3134 3137 2945 3017 2895 2852 2939 2839 2714 2751 2668 2575 2523 2428 2425 2449 2308 2249 2264 2198 2127 2202 2076 1995 1974 1888 1889 1866 1837 1817 1755 
1770 1811 1875 1901 1906 1964 1954 1984 2044 2148 2145 2222 2213 2377 2363 2412 2399 2592 2597 2659 2753 2642 2765 2876 2870 2903 2981 2991 3134 3091 3193 3118 3243 3272 3239 3224 3375 3306 3357 3498 3481 3444 3476 3523 3631 3656 3607 3676 3614 3585 3558 3585 3619 3493 3528 3521 3511 3539 3498 3362 3486 3339 3286 3324 3373 3343 3259 3154 3128 3107 3059 3078 2975 2888 2868 2831 2782 2720 2793 2660 2608 2455 2509 2441 2422 2335 2270 2273 2164 2255 2088 2060 2048 1965 1902 1884 1824 1864 1783 1701 
1723 1806 1801 1812 1886 1967 1986 2076 2055 2140 2191 2263 2243 2259 2347 2365 2317 2554 2635 2637 2726 2761 2711 2825 2902 2970 2891 2989 3032 3016 3080 3162 3224 3212 3214 3382 3403 3490 3469 3469 3511 3533 3550 3478 3545 3526 3635 3517 3576 3570 3525 3673 3567 3606 3562 3580 3499 3560 3551 3413 3373 3363 3406 3274 3408 3393 3283 3152 3140 3159 3116 3063 3080 2935 2856 2820 2889 2699 2703 2609 2695 2489 2520 2520 2442 2440 2290 2248 2217 2145 2099 2135 2034 2000 1952 1869 1978 1849 1778 1733 
1709 1803 1827 1858 1906 1912 2004 2026 2140 2080 2139 2203 2355 2393 2355 2444 2397 2568 2536 2659 2661 2648 2791 2832 2890 2915 2973 2992 3018 3083 3240 3265 3226 3208 3267 3395 3270 3410 3432 3478 3506 3509 3465 3415 3483 3540 3511 3579 3450 3519 3669 3581 3586 3666 3594 3476 3540 3555 3495 3462 3454 3380 3396 3306 3236 3317 3333 3239 3157 3160 3072 3045 2996 3002 2980 2881 2844 2682 2543 2632 2578 2571 2556 2418 2328 2400 2372 2259 2142 2212 2099 2136 2028 1967 1868 1944 1906 1759 1727 1671 
1734 1805 1824 1809 1929 1934 2010 2104 2088 2208 2204 2232 2260 2402 2435 2479 2507 2528 2481 2676 2663 2686 2866 2691 2852 2882 2979 3003 3023 3097 3131 3178 3248 3365 3307 3388 3411 3406 3342 3507 3571 3564 3593 3510 3578 3539 3529 3699 3502 3597 3553 3589 3497 3629 3468 3498 3491 3450 3508 3448 3534 3353 3363 3308 3275 3227 3248 3155 3207 3088 3083 3002 2857 3006 2900 2845 2826 2682 2704 2629 2607 2575 2540 2494 2432 2424 2307 2258 2135 2229 2095 2197 1950 2014 1994 1894 1859 1871 1726 1706 
1747 1738 1875 1823 1812 1912 1998 1993 2089 2181 2244 2136 2272 2297 2374 2394 2487 2478 2452 2606 2674 2654 2750 2818 2936 2929 3008 2959 3023 3144 3160 3215 3298 3196 3303 3268 3473 3427 3417 3422 3443 3476 3506 3586 3644 3579 3625 3626 3498 3627 3542 3674 3554 3612 3539 3551 3487 3559 3484 3465 3393 3384 3369 3435 3354 3225 3186 3188 3080 3071 3069 3061 2987 2802 2877 2770 2819 2636 2795 2661 2681 2611 2482 2392 2412 2374 2259 2308 2237 2157 2195 2075 1988 1983 1998 1891 1786 1857 1711 1733 
1784 1756 1838 1860 1912 1955 1993 2127 2143 2148 2287 2236 2269 2322 2442 2369 2447 2536 2533 2575 2709 2676 2757 2767 2811 2910 3045 2958 3018 3100 3179 3136 3301 3229 3319 3322 3288 3328 3317 3378 3586 3445 3594 3578 3459 3514 3692 3625 3545 3595 3659 3574 3591 3646 3516 3551 3458 3530 3564 3548 3396 3333 3372 3383 3274 3324 3281 3292 3196 3085 3226 3093 3027 2885 2874 2887 2839 2726 2703 2593 2589 2550 2572 2524 2454 2317 2291 2217 2214 2185 2062 2147 2121 1959 1847 1960 1919 1805 1818 1814 
1718 1776 1834 1888 1907 1901 2039 2084 2107 2131 2127 2197 2267 2284 2357 2446 2504 2568 2511 2540 2689 2627 2791 2855 2968 3000 2928 3131 3060 3146 3158 3228 3191 3323 3267 3292 3371 3393 3412 3403 3481 3517 3535 3524 3425 3508 3563 3629 3551 3477 3551 3573 3630 3517 3657 3606 3687 3507 3519 3534 3491 3345 3460 3299 3313 3278 3210 3218 3270 3202 3066 2978 3010 2911 2930 2738 2759 2809 2796 2723 2577 2671 2456 2527 2424 2434 2320 2204 2178 2234 2043 2094 2083 1936 1899 1935 1893 1808 1757 1729 
1723 1754 1817 1869 1898 1974 1970 2052 2089 2109 2157 2208 2318 2370 2453 2349 2482 2527 2541 2688 2701 2712 2761 2814 2849 2927 2898 3024 3090 3095 3144 3131 3234 3275 3401 3207 3354 3418 3248 3419 3422 3532 3443 3530 3591 3408 3529 3554 3609 3581 3541 3554 3535 3670 3557 3449 3475 3495 3581 3382 3459 3415 3364 3388 3350 3338 3192 3241 3095 3191 3074 3057 2953 2943 2945 2766 2794 2735 2697 2663 2637 2564 2475 2494 2406 2338 2315 2247 2189 2225 2155 2006 2039 1947 1904 1869 1878 1863 1836 1774 
1704 1799 1857 1823 1894 1915 1998 2035 2076 2145 2235 2204 2229 2329 2335 2393 2449 2511 2497 2577 2665 2663 2762 2801 2872 2944 2928 3030 3118 2982 3128 3186 3250 3353 3248 3292 3271 3380 3416 3491 3526 3491 3485 3497 3651 3648 3527 3464 3611 3588 3649 3594 3519 3610 3709 3588 3510 3605 3531 3432 3515 3471 3450 3351 3256 3293 3251 3263 3219 3161 3010 2976 2891 2930 2798 2879 2877 2678 2767 2620 2585 2551 2497 2425 2506 2379 2363 2360 2262 2159 2051 1996 1991 2004 1955 1926 1876 1900 1801 1711 
1771 1786 1795 1805 1937 1982 2047 2041 2075 2161 2158 2254 2249 2377 2412 2430 2433 2494 2557 2608 2673 2681 2774 2786 2847 2954 3015 2970 3032 3038 3229 3164 3151 3185 3337 3264 3366 3305 3347 3450 3450 3465 3574 3606 3388 3592 3663 3648 3618 3577 3627 3591 3577 3709 3568 3527 3540 3602 3455 3491 3403 3540 3356 3375 3412 3248 3255 3180 3239 3182 3082 2963 3016 2954 2918 2902 2751 2851 2699 2688 2659 2482 2444 2470 2436 2312 2382 2355 2304 2237 2145 2057 1972 2021 2000 1947 1945 1784 1781 1734 
1755 1858 1807 1879 1923 1980 2032 2086 2088 2122 2196 2192 2226 2313 2368 2412 2493 2513 2675 2632 2598 2641 2749 2873 2705 2835 3021 3003 2970 3124 3206 3113 3217 3191 3237 3393 3352 3539 3440 3492 3513 3431 3571 3541 3486 3529 3571 3488 3562 3654 3631 3634 3679 3618 3451 3596 3472 3530 3419 3425 3501 3456 3424 3252 3269 3292 3252 3292 3101 3087 3064 3058 2947 2988 2896 2815 2770 2750 2711 2589 2510 2521 2547 2480 2434 2350 2411 2291 2205 2210 2196 2010 2078 2013 1931 1797 1881 1783 1830 1778 
1697 1792 1824 1887 1872 1883 2038 2006 2057 2178 2184 2259 2306 2323 2283 2475 2445 2511 2525 2511 2625 2796 2772 2861 2886 3006 2895 3069 3117 3133 3136 3162 3102 3375 3182 3363 3399 3321 3485 3436 3379 3454 3503 3538 3698 3564 3499 3644 3493 3615 3557 3551 3516 3533 3623 3495 3413 3437 3505 3534 3401 3460 3355 3316 3239 3299 3274 3133 3240 3045 3132 3009 2965 2937 2896 2818 2740 2793 2708 2640 2612 2576 2470 2388 2357 2377 2308 2268 2161 2162 2125 2112 2077 2052 1972 1949 1805 1816 1853 1629 
1712 1819 1835 1877 1883 1909 1939 2074 2148 2117 2155 2296 2309 2255 2332 2421 2593 2486 2584 2686 2564 2667 2773 2814 2900 2856 2915 3007 3063 3065 3139 3156 3229 3321 3289 3317 3347 3435 3411 3454 3558 3512 3502 3577 3463 3603 3624 3542 3629 3643 3525 3530 3549 3615 3594 3449 3498 3501 3615 3465 3506 3421 3457 3373 3344 3202 3340 3189 3141 3186 2967 3087 2927 2960 2791 2842 2793 2726 2657 2633 2601 2615 2507 2468 2289 2314 2275 2314 2159 2139 2134 2105 2042 1938 1831 1957 1809 1810 1755 1778 
1680 1762 1767 1917 1832 1959 2025 2031 2077 2110 2199 2219 2259 2364 2258 2428 2451 2606 2562 2598 2685 2687 2791 2869 2916 2875 2989 2991 2943 3042 3121 3163 3162 3406 3235 3303 3418 3467 3379 3519 3479 3530 3536 3556 3663 3574 3540 3597 3507 3603 3571 3539 3510 3559 3532 3606 3586 3549 3387 3434 3505 3490 3425 3439 3415 3171 3231 3204 3162 3219 3117 3130 2991 2895 2955 2809 2823 2787 2769 2708 2501 2590 2407 2394 2430 2371 2283 2280 2297 2063 2178 2056 2043 2022 1921 1964 1812 1711 1682 1712 
1718 1823 1780 1864 1784 1932 2018 2092 2045 2114 2164 2238 2312 2329 2327 2465 2467 2493 2602 2630 2739 2688 2758 2784 2823 2917 2935 3040 3053 3092 3114 3180 3141 3334 3278 3300 3356 3263 3384 3460 3432 3507 3606 3429 3610 3520 3536 3616 3598 3584 3595 3618 3623 3528 3597 3505 3425 3390 3452 3454 3463 3450 3304 3247 3434 3296 3190 3152 3087 3050 3177 3001 3100 2915 2914 2892 2792 2628 2707 2652 2624 2444 2468 2369 2464 2354 2365 2252 2263 2104 2122 2054 2083 1975 1977 1955 1785 1810 1702 1688 
1787 1835 1852 1807 1881 2002 1966 2075 2108 2068 2140 2186 2315 2395 2376 2454 2489 2575 2525 2702 2682 2617 2742 2838 2831 2885 2855 2957 3018 3043 3081 3161 3261 3285 3381 3352 3233 3381 3386 3484 3453 3532 3515 3565 3510 3545 3495 3603 3548 3634 3518 3553 3542 3620 3570 3539 3612 3506 3516 3503 3545 3361 3406 3258 3378 3396 3294 3245 3154 3147 3132 3081 3003 2976 2889 2775 2739 2750 2695 2639 2646 2515 2535 2443 2374 2317 2328 2282 2167 2126 2206 2103 2003 1948 1908 1832 1902 1855 1816 1677 
1745 1810 1772 1878 1946 1922 1992 2120 2044 2148 2195 2287 2231 2355 2435 2420 2455 2494 2634 2652 2733 2749 2786 2835 2884 2881 2979 3031 3025 3065 3038 3228 3168 3274 3289 3347 3447 3466 3342 3532 3491 3473 3498 3586 3605 3525 3533 3595 3600 3579 3660 3524 3648 3588 3509 3461 3561 3533 3494 3448 3471 3410 3357 3296 3363 3192 3118 3262 3225 3184 3138 3071 3087 3041 2806 2902 2773 2798 2632 2727 2676 2561 2426 2519 2381 2399 2360 2346 2199 2173 2046 2131 2009 1991 1914 1921 1860 1832 1724 1791 
1754 1795 1746 1879 1948 1998 1983 2096 2116 2105 2277 2242 2274 2292 2292 2396 2494 2462 2591 2543 2743 2687 2868 2771 2805 2873 2976 2989 3103 3022 3055 3192 3157 3286 3357 3321 3357 3447 3360 3452 3463 3475 3542 3529 3612 3719 3523 3531 3590 3517 3595 3626 3603 3571 3473 3470 3549 3455 3427 3528 3471 3352 3392 3314 3270 3309 3209 3173 3223 3054 3056 3049 2920 2955 2856 2917 2781 2778 2757 2662 2683 2590 2505 2430 2343 2377 2297 2204 2085 2212 2098 2052 2098 2042 2066 1920 1953 1751 1752 1720 
1639 1783 1822 1845 1883 1922 2000 2063 2087 2163 2230 2219 2332 2270 2303 2365 2541 2511 2537 2561 2581 2710 2709 2767 2889 2900 2925 3042 3018 3101 3134 3166 3182 3271 3334 3345 3361 3373 3398 3373 3488 3470 3593 3682 3566 3547 3638 3508 3478 3642 3684 3631 3574 3568 3582 3650 3674 3373 3489 3465 3475 3358 3385 3414 3277 3392 3158 3185 3141 3074 3086 3000 2966 2933 2896 2935 2660 2594 2733 2678 2602 2603 2595 2398 2399 2346 2331 2351 2274 2200 2159 2110 2056 1986 2008 1920 1843 1855 1809 1723 
1740 1786 1846 1837 1904 1921 2005 2062 2056 2123 2218 2191 2330 2287 2374 2460 2454 2537 2572 2633 2551 2677 2811 2745 2942 2991 2871 3094 3031 3058 3062 3155 3276 3145 3207 3464 3406 3365 3421 3355 3429 3345 3550 3574 3624 3563 3686 3700 3622 3563 3556 3660 3586 3497 3527 3705 3481 3401 3426 3554 3493 3312 3456 3302 3363 3156 3230 3229 3139 3031 3134 3068 3003 2997 2837 2843 2850 2815 2826 2719 2585 2572 2488 2417 2377 2426 2276 2229 2208 2124 2099 2133 1967 2037 1998 1889 1840 1781 1838 1791 
1782 1815 1790 1790 1933 1933 1952 2064 2159 2174 2176 2206 2220 2301 2425 2322 2558 2556 2568 2746 2599 2776 2736 2846 2856 2895 2916 2947 2967 3034 3135 3257 3407 3254 3184 3372 3351 3519 3407 3452 3406 3497 3517 3549 3505 3570 3603 3526 3559 3537 3530 3553 3610 3673 3522 3525 3488 3556 3572 3402 3329 3482 3377 3462 3349 3345 3200 3189 3155 3123 3017 3086 2908 2956 2911 2859 2782 2710 2676 2646 2713 2446 2501 2415 2365 2334 2357 2222 2243 2147 2060 2136 2013 1953 1931 1916 1850 1756 1760 1820 
1761 1842 1751 1869 1869 1899 1967 1984 2022 2153 2190 2231 2217 2345 2471 2306 2445 2547 2637 2609 2574 2628 2778 2783 2759 3004 2890 3061 3032 3071 3197 3304 3242 3286 3200 3342 3460 3363 3365 3500 3508 3520 3566 3570 3536 3428 3677 3664 3489 3526 3615 3430 3678 3521 3636 3486 3434 3586 3503 3439 3483 3460 3328 3429 3304 3257 3307 3219 3251 3234 3172 3106 2956 2937 2852 2839 2844 2674 2691 2638 2585 2531 2548 2416 2411 2390 2264 2199 2311 2119 2147 2019 1938 2009 1936 1932 1833 1852 1744 1760 
1698 1820 1880 1846 1892 2024 1984 2019 2124 2226 2198 2257 2232 2345 2328 2449 2505 2444 2525 2615 2708 2680 2708 2745 2855 2884 2916 3012 3098 3043 3107 3279 3160 3206 3295 3303 3432 3469 3384 3564 3462 3424 3510 3433 3614 3578 3542 3613 3591 3596 3539 3529 3572 3429 3496 3542 3534 3530 3503 3444 3497 3356 3280 3338 3361 3240 3165 3315 3108 3169 3044 3099 2996 2928 2870 2818 2808 2745 2774 2660 2644 2411 2510 2422 2476 2377 2367 2258 2251 2084 2175 2032 2025 1905 1974 1849 1754 1784 1776 1723 
1705 1674 1846 1938 1898 1927 2044 2119 2056 2115 2159 2313 2391 2391 2380 2275 2528 2570 2564 2604 2549 2722 2804 2788 2857 2923 2907 2962 3084 3148 3167 3251 3270 3282 3267 3293 3426 3438 3478 3406 3550 3546 3597 3582 3567 3643 3696 3601 3563 3526 3524 3655 3596 3580 3548 3559 3475 3587 3470 3458 3506 3385 3482 3415 3375 3185 3210 3251 3173 3156 3135 3086 3050 2970 2879 2931 2865 2761 2763 2725 2545 2538 2533 2427 2439 2337 2329 2265 2196 2125 2179 2063 2008 2058 1938 1870 1841 1822 1717 1751 
1749 1816 1837 1888 1882 1915 2035 1972 2124 2066 2174 2245 2206 2407 2354 2446 2466 2477 2653 2595 2658 2778 2819 2816 2859 2920 2893 3044 3144 3133 3263 3118 3198 3305 3381 3460 3322 3380 3374 3448 3417 3441 3520 3634 3571 3528 3588 3465 3487 3561 3570 3653 3613 3496 3606 3589 3506 3534 3469 3457 3419 3496 3434 3436 3340 3317 3297 3190 3054 3089 3127 3039 3039 2962 2894 2893 2725 2778 2685 2717 2513 2582 2497 2460 2387 2318 2302 2293 2239 2229 2208 2000 2010 1969 1925 1917 1862 1736 1738 1760 
1760 1933 1823 1875 1947 1900 1950 1988 2158 2187 2237 2280 2278 2396 2442 2411 2437 2575 2636 2540 2674 2625 2709 2852 2778 2888 3065 2991 3061 3212 3186 3153 3262 3220 3251 3290 3422 3336 3541 3467 3510 3528 3496 3570 3607 3626 3600 3509 3515 3627 3571 3609 3514 3580 3544 3491 3489 3474 3591 3518 3483 3262 3377 3416 3367 3261 3281 3184 3167 3121 3168 3030 2956 2946 2932 3008 2853 2751 2612 2660 2602 2642 2586 2428 2452 2361 2304 2301 2235 2233 2077 2065 2028 1975 1918 1858 1930 1747 1853 1674 
1735 1722 1848 1834 1815 1910 2021 2049 2078 2088 2264 2228 2308 2346 2331 2402 2464 2534 2657 2616 2753 2742 2840 2813 2821 2931 2851 2924 3061 3094 3187 3200 3220 3285 3392 3298 3355 3303 3432 3447 3570 3507 3489 3606 3551 3608 3517 3524 3604 3629 3592 3567 3545 3494 3583 3632 3556 3442 3460 3526 3460 3437 3324 3316 3308 3222 3248 3228 3214 3111 3170 3100 2918 2902 2926 2782 2795 2712 2762 2646 2598 2529 2423 2343 2460 2226 2286 2248 2211 2105 2060 2150 2029 1898 1937 1934 1837 1753 1769 1742 
1741 1821 1754 1863 1806 1939 2028 1993 2031 2100 2200 2278 2228 2285 2381 2374 2418 2609 2536 2582 2660 2716 2739 2849 2758 2985 2913 3050 2955 3130 3044 3133 3217 3247 3340 3233 3347 3257 3433 3566 3463 3447 3568 3696 3660 3515 3545 3494 3486 3460 3601 3536 3498 3622 3638 3602 3527 3437 3466 3522 3410 3338 3449 3354 3351 3254 3264 3213 3285 3140 3141 3012 2963 2867 2892 2906 2738 2752 2685 2687 2644 2659 2475 2445 2492 2428 2341 2363 2181 2238 2118 2103 1961 1988 1949 1869 1966 1763 1706 1708 
1718 1804 1842 1857 1892 1945 2018 2035 2063 2080 2233 2129 2202 2446 2396 2374 2458 2540 2616 2612 2608 2777 2834 2895 2901 2987 2933 3054 3036 3106 3141 3139 3213 3201 3285 3370 3370 3359 3417 3501 3412 3506 3461 3644 3520 3547 3644 3611 3586 3614 3598 3669 3611 3463 3549 3564 3524 3528 3470 3513 3413 3315 3287 3314 3378 3299 3210 3220 3129 3078 3174 3075 2982 2941 2854 2846 2765 2725 2642 2608 2615 2592 2572 2446 2358 2401 2312 2277 2239 2135 2010 2068 1927 1958 1927 1885 1812 1841 1784 1740 
1700 1726 1843 1881 1862 2016 2025 2045 2086 2147 2192 2155 2318 2311 2408 2379 2481 2474 2542 2576 2589 2774 2702 2876 2861 3030 2922 3034 3053 3006 3208 3190 3159 3193 3295 3305 3294 3449 3415 3402 3476 3608 3540 3532 3483 3511 3579 3505 3505 3603 3584 3651 3601 3473 3641 3595 3517 3478 3362 3471 3454 3441 3416 3295 3305 3280 3275 3150 3114 3175 3086 3082 3035 2978 2816 2806 2815 2715 2648 2698 2589 2547 2522 2549 2479 2427 2291 2241 2137 2128 2150 2088 2081 2068 1886 1928 1920 1841 1752 1668 
1693 1758 1781 1938 1921 1994 2015 2048 2125 2083 2165 2317 2313 2347 2388 2393 2495 2472 2617 2574 2661 2791 2747 2713 2841 2912 2999 3104 3100 3098 3148 3121 3232 3328 3268 3334 3443 3394 3492 3443 3409 3426 3538 3563 3533 3578 3581 3660 3538 3660 3523 3557 3679 3499 3526 3561 3545 3591 3605 3437 3512 3438 3384 3299 3294 3167 3296 3231 3173 3107 3129 3057 2997 3062 2912 2767 2875 2677 2795 2676 2604 2594 2427 2450 2438 2324 2202 2216 2221 2244 2124 2039 2033 1950 1932 1835 1857 1859 1805 1716 
1701 1772 1866 1878 1852 1901 1982 2038 2050 2172 2120 2272 2255 2278 2350 2425 2405 2427 2538 2656 2621 2707 2812 2846 2786 2891 3004 2858 3162 3092 3080 3088 3205 3251 3144 3257 3347 3382 3320 3498 3515 3433 3630 3608 3619 3460 3541 3652 3597 3623 3626 3601 3532 3546 3536 3574 3423 3422 3497 3358 3449 3294 3391 3350 3327 3243 3181 3196 3212 3163 3061 3067 3027 2942 2876 2906 2852 2713 2688 2625 2518 2569 2502 2408 2396 2348 2339 2222 2236 2154 2145 2066 1867 1999 1903 1897 1892 1839 1745 1728 
1713 1834 1831 1861 1940 1881 1934 2075 2107 2152 2094 2287 2243 2236 2337 2425 2464 2456 2639 2565 2629 2677 2813 2842 2848 2903 2788 3034 3012 3133 3139 3153 3180 3223 3288 3272 3371 3493 3381 3468 3507 3477 3507 3533 3541 3510 3573 3508 3654 3579 3512 3591 3609 3454 3572 3536 3523 3521 3487 3470 3469 3458 3380 3375 3307 3260 3256 3153 3138 3198 3091 3075 2990 2952 2829 2849 2748 2772 2731 2684 2620 2466 2485 2462 2352 2342 2369 2310 2185 2150 2194 2086 2044 2026 1962 1910 1883 1722 1811 1732 
1724 1853 1796 1798 1899 1963 2018 1989 2087 2168 2155 2245 2274 2378 2325 2455 2551 2499 2609 2515 2745 2787 2654 2833 2849 2917 2860 2923 3096 3072 3135 3174 3323 3319 3305 3334 3345 3443 3382 3295 3438 3613 3611 3520 3589 3621 3570 3626 3594 3710 3640 3621 3504 3580 3380 3514 3531 3492 3501 3428 3446 3501 3359 3280 3369 3212 3241 3180 3150 3189 2984 3005 2902 2964 2933 2932 2752 2693 2663 2669 2556 2507 2631 2395 2354 2407 2266 2286 2227 2140 2082 2059 2004 2025 1892 1965 1851 1748 1770 1746 
1727 1753 1761 1937 1898 1887 1937 2015 2145 2140 2262 2227 2325 2382 2381 2406 2421 2558 2622 2670 2666 2663 2722 2856 2837 2910 3015 3087 3042 3177 3157 3187 3262 3228 3261 3330 3397 3326 3498 3479 3522 3559 3450 3530 3564 3584 3619 3582 3445 3619 3611 3601 3522 3604 3450 3583 3482 3404 3542 3420 3519 3427 3337 3297 3363 3267 3180 3208 3265 3157 2933 3009 2897 3079 2857 2854 2750 2758 2765 2611 2590 2631 2480 2478 2441 2328 2338 2229 2326 2110 2144 2018 2023 2042 1974 1833 1880 1745 1697 1704 
1743 1790 1819 1806 1974 1904 2020 1984 2090 2177 2203 2294 2258 2348 2432 2418 2442 2586 2546 2596 2683 2706 2747 2750 2933 2894 2955 2983 2926 3033 3092 3084 3143 3216 3423 3350 3308 3466 3432 3527 3472 3492 3462 3548 3606 3639 3592 3607 3523 3693 3541 3577 3561 3559 3486 3518 3528 3512 3475 3598 3379 3465 3401 3304 3306 3159 3292 3204 3176 3092 3125 3059 2967 2923 2875 2800 2737 2704 2668 2749 2630 2412 2540 2468 2438 2378 2302 2315 2237 2115 2164 2047 2013 2049 1991 1821 1845 1824 1858 1813 
1775 1846 1789 1843 1890 1906 2045 2003 2098 2085 2217 2165 2222 2294 2390 2376 2438 2596 2596 2555 2685 2714 2750 2832 2967 2923 2916 3034 3009 3163 3061 3174 3211 3223 3222 3276 3364 3414 3359 3482 3392 3553 3458 3596 3589 3559 3548 3608 3565 3512 3549 3587 3504 3495 3552 3528 3581 3552 3377 3573 3474 3385 3415 3411 3309 3347 3116 3218 3126 3140 3111 3040 2987 2949 2965 2841 2762 2656 2708 2685 2605 2545 2461 2425 2375 2418 2378 2186 2177 2124 2104 2172 2009 1978 1974 1852 1837 1856 1816 1719 
1735 1863 1778 1825 1856 1976 2002 1905 2122 2120 2126 2311 2277 2261 2333 2418 2436 2443 2552 2580 2690 2729 2730 2845 2886 2907 2841 2908 2989 3056 3182 3307 3164 3379 3301 3265 3343 3359 3367 3364 3436 3468 3477 3576 3528 3456 3593 3540 3510 3545 3623 3540 3554 3585 3595 3536 3518 3421 3440 3455 3436 3453 3366 3334 3370 3289 3241 3321 3068 3068 3042 3045 2982 2924 2896 2793 2762 2771 2705 2625 2580 2493 2524 2308 2390 2320 2322 2317 2213 2189 2111 2086 2032 1933 1954 1906 1803 1792 1739 1761 
1759 1804 1790 1865 1970 1965 1940 2033 2078 2179 2187 2257 2243 2307 2475 2380 2525 2599 2568 2701 2644 2601 2712 2788 2909 2933 2972 3029 3069 3110 3157 3100 3143 3305 3200 3370 3409 3349 3418 3502 3497 3492 3497 3500 3446 3574 3650 3568 3683 3554 3534 3608 3610 3578 3603 3519 3413 3459 3469 3472 3515 3392 3418 3412 3278 3269 3134 3236 3177 3076 3123 3060 3052 2893 2885 2716 2738 2716 2707 2614 2595 2627 2455 2394 2452 2336 2375 2257 2193 2204 2135 2021 2079 1912 1927 1904 1765 1738 1741 1713 
1789 1814 1875 1884 1982 1943 2004 2067 2099 2121 2235 2222 2250 2241 2344 2463 2444 2588 2565 2594 2618 2730 2775 2864 2763 2915 2980 3013 3021 3138 3129 3230 3259 3210 3321 3335 3292 3337 3388 3479 3405 3558 3514 3589 3530 3612 3501 3547 3631 3675 3438 3482 3628 3548 3514 3607 3513 3507 3422 3532 3432 3450 3341 3348 3278 3137 3226 3180 3112 3060 3063 2978 2899 2928 2876 2829 2740 2743 2677 2669 2601 2554 2539 2464 2331 2354 2263 2227 2312 2194 2137 2055 1980 2006 1953 1907 1955 1718 1783 1661 
1795 1718 1741 1827 1957 1983 2029 2013 2115 2148 2170 2253 2289 2209 2437 2459 2429 2488 2625 2666 2691 2750 2910 2774 2814 2848 2911 3017 3082 3069 3108 3271 3179 3240 3262 3344 3256 3372 3492 3442 3486 3494 3407 3549 3597 3530 3613 3572 3470 3533 3646 3669 3564 3613 3611 3519 3508 3537 3382 3449 3418 3425 3402 3341 3337 3350 3205 3127 3118 3157 3161 3021 2925 2948 2875 2820 2736 2672 2688 2663 2598 2552 2543 2448 2394 2364 2290 2326 2105 2144 2154 2008 2043 1981 1871 1900 1810 1804 1723 1749 
1770 1742 1892 1818 1865 1910 1989 2055 2115 2181 2148 2220 2285 2311 2433 2468 2423 2492 2547 2627 2644 2715 2776 2914 2765 2851 2940 3080 2932 3073 3139 3149 3209 3293 3238 3365 3443 3378 3440 3349 3442 3546 3531 3461 3553 3563 3530 3629 3516 3654 3506 3508 3522 3610 3468 3662 3516 3667 3454 3453 3397 3411 3314 3265 3300 3354 3278 3118 3183 3167 3099 2965 2965 2920 2849 2859 2666 2668 2696 2716 2612 2556 2452 2465 2353 2384 2288 2235 2204 2222 2113 2062 1968 1855 1933 1980 1866 1744 1737 1745 
1782 1805 1816 1897 1911 1936 2017 1979 2111 2151 2215 2185 2169 2288 2293 2440 2443 2480 2600 2634 2603 2720 2733 2817 2907 2952 2997 2992 3037 3101 3141 3223 3309 3255 3237 3286 3364 3352 3433 3491 3354 3527 3586 3617 3557 3628 3516 3561 3603 3529 3573 3533 3573 3547 3501 3557 3544 3553 3524 3606 3493 3436 3304 3231 3360 3322 3260 3127 3128 3123 3088 2928 2921 2896 2896 2783 2842 2611 2604 2572 2641 2484 2533 2470 2325 2334 2291 2307 2191 2162 2068 2046 2037 1990 1917 1900 1819 1796 1771 1662 
1681 1713 1800 1835 1899 1928 1980 2017 2092 2154 2180 2184 2274 2366 2463 2359 2527 2403 2575 2561 2686 2664 2863 2902 2799 2939 2912 2901 3037 3176 3170 3154 3273 3225 3335 3344 3296 3387 3506 3403 3325 3504 3453 3560 3648 3509 3525 3626 3547 3577 3594 3605 3480 3557 3438 3599 3549 3563 3482 3461 3420 3472 3364 3318 3297 3329 3228 3321 3091 3165 3066 3012 3002 2918 2946 2897 2830 2709 2702 2732 2648 2471 2568 2433 2324 2366 2303 2225 2131 2202 2070 2100 2088 1995 1996 1862 1856 1839 1728 1722 
1703 1783 1838 1859 1871 1922 1958 2010 2033 2152 2209 2243 2286 2269 2407 2445 2525 2541 2584 2472 2609 2755 2669 2836 2886 2948 2926 3182 2985 3084 3119 3138 3207 3163 3249 3300 3263 3405 3349 3390 3543 3488 3543 3622 3547 3618 3605 3427 3594 3626 3723 3533 3632 3488 3602 3575 3522 3519 3449 3410 3489 3409 3261 3330 3264 3274 3136 3225 3299 3098 3104 2970 2962 2984 2886 2815 2748 2815 2760 2710 2582 2597 2458 2460 2318 2417 2290 2253 2257 2056 2039 2132 2076 1989 1916 1905 1803 1804 1704 1681 
1684 1669 1834 1888 1881 1958 2003 2017 2107 2184 2149 2239 2300 2254 2316 2481 2460 2454 2522 2638 2721 2713 2795 2783 2828 2917 2909 2887 3015 3142 3034 3126 3137 3274 3402 3331 3426 3320 3309 3465 3408 3458 3461 3569 3470 3525 3491 3577 3507 3524 3622 3657 3501 3558 3590 3564 3525 3518 3535 3456 3513 3318 3261 3270 3306 3310 3188 3206 3081 3084 3053 3083 2912 2881 2829 2840 2701 2735 2611 2614 2629 2606 2487 2449 2448 2335 2285 2244 2146 2259 2192 2009 2036 2010 1997 1891 1962 1794 1764 1732 
1753 1757 1796 1871 1859 1883 2015 2044 2128 2132 2208 2230 2313 2296 2365 2437 2524 2482 2570 2684 2631 2712 2698 2799 2806 2971 2968 2955 2979 3157 3106 3132 3211 3166 3298 3303 3384 3383 3394 3505 3554 3489 3441 3559 3420 3528 3650 3634 3534 3549 3599 3529 3543 3501 3546 3592 3499 3530 3496 3478 3479 3488 3434 3365 3363 3292 3165 3194 3117 3134 3009 3026 2924 3016 2895 2796 2726 2671 2664 2711 2612 2549 2461 2450 2425 2360 2270 2291 2214 2121 2142 2060 2030 1958 1989 1928 1853 1735 1747 1751 
1676 1677 1751 1845 1895 1893 1996 2095 2222 2112 2158 2256 2214 2336 2357 2435 2488 2477 2515 2631 2624 2765 2776 2844 2811 2924 2815 2950 3118 2976 3122 3121 3190 3174 3292 3301 3262 3380 3368 3463 3471 3521 3547 3520 3463 3659 3415 3548 3526 3644 3542 3624 3528 3557 3556 3537 3514 3512 3409 3351 3440 3383 3340 3321 3321 3209 3248 3171 3126 3208 3137 3015 3054 2894 2843 2898 2752 2687 2610 2707 2508 2551 2548 2387 2408 2398 2174 2284 2198 2097 2054 2066 2104 1963 1911 1949 1788 1801 1797 1774 
1718 1759 1769 1917 1891 1914 1998 2025 2076 2071 2150 2229 2223 2268 2390 2403 2441 2527 2578 2540 2732 2713 2775 2781 2815 2938 2973 3028 2997 3086 3039 3097 3243 3167 3268 3328 3298 3367 3345 3617 3521 3525 3463 3574 3506 3645 3562 3459 3549 3549 3530 3624 3539 3547 3485 3579 3464 3418 3456 3418 3511 3290 3327 3308 3277 3281 3182 3271 3109 2977 3003 3083 2975 2870 2820 2780 2790 2738 2729 2550 2560 2555 2469 2447 2445 2342 2272 2239 2179 2065 2082 2068 2016 2017 1967 1918 1916 1894 1775 1747 
1734 1789 1829 1930 1861 1917 2003 2001 2067 2094 2195 2160 2241 2216 2335 2363 2417 2550 2562 2627 2694 2686 2768 2790 2911 2873 2942 2960 3072 3104 3156 3107 3202 3228 3356 3258 3419 3404 3464 3601 3476 3494 3483 3531 3514 3497 3580 3544 3562 3634 3666 3633 3551 3581 3572 3524 3562 3511 3534 3459 3362 3371 3299 3275 3259 3351 3303 3207 3209 2999 3076 3003 3017 2885 2728 2858 2794 2772 2681 2571 2562 2590 2465 2398 2445 2295 2321 2251 2186 2148 2093 2028 2050 2066 1925 1932 1801 1768 1726 1705 
1795 1765 1811 1840 1801 1998 1976 2018 2043 2193 2177 2227 2288 2318 2403 2396 2441 2410 2658 2632 2627 2718 2774 2740 2826 2933 2961 2951 2990 3004 3180 3159 3183 3274 3357 3306 3392 3303 3376 3471 3354 3506 3607 3491 3553 3529 3543 3575 3494 3547 3651 3480 3493 3553 3533 3499 3507 3387 3421 3467 3481 3291 3442 3394 3359 3319 3210 3170 3152 3127 3031 2985 2950 2940 2833 2684 2831 2744 2632 2657 2619 2579 2430 2412 2424 2443 2319 2245 2156 2165 2059 2061 2051 1966 1900 1906 1784 1790 1827 1750 
1682 1724 1876 1825 1960 1985 2000 2015 2028 2057 2265 2199 2295 2209 2361 2308 2457 2468 2509 2632 2598 2764 2714 2862 2865 2952 2900 2980 2929 3160 3092 3182 3196 3217 3344 3369 3344 3404 3349 3335 3466 3486 3531 3517 3607 3623 3528 3588 3666 3580 3515 3590 3536 3544 3529 3523 3504 3619 3462 3309 3303 3394 3370 3341 3214 3288 3209 3172 3119 3164 3044 3084 2927 3001 2992 2833 2857 2677 2594 2716 2611 2529 2465 2473 2511 2353 2387 2185 2217 2121 2136 2018 2018 2052 1897 1887 1877 1858 1739 1684 
1714 1710 1836 1886 1848 1970 2042 1954 2065 2150 2186 2202 2312 2192 2354 2319 2498 2498 2542 2584 2718 2679 2742 2805 2842 2971 2974 2988 3012 3050 3113 3173 3126 3199 3291 3251 3469 3280 3362 3418 3566 3510 3477 3649 3495 3543 3487 3578 3559 3534 3441 3569 3452 3549 3535 3573 3505 3436 3421 3515 3332 3399 3397 3337 3353 3326 3260 3125 3170 3054 3105 2985 2816 2863 2814 2888 2742 2710 2665 2579 2579 2593 2508 2405 2363 2350 2322 2231 2230 2102 2128 2076 2072 1945 1923 1868 1821 1754 1781 1705 
1734 1789 1733 1864 1938 2017 2037 1981 2059 2160 2194 2246 2311 2244 2264 2353 2486 2415 2581 2585 2679 2651 2694 2894 2862 2886 2949 2966 2979 3208 3113 3114 3176 3158 3305 3258 3306 3308 3345 3474 3416 3417 3614 3586 3623 3553 3559 3535 3626 3590 3608 3540 3574 3525 3592 3575 3432 3441 3410 3489 3426 3374 3338 3308 3363 3228 3142 3184 3146 3141 3107 3023 2935 2881 2882 2720 2880 2741 2660 2592 2575 2569 2514 2409 2421 2389 2302 2306 2229 2144 2029 2079 2088 1932 1857 1943 1782 1860 1766 1721 
1700 1780 1732 1906 1926 1887 2039 2032 2132 2167 2169 2220 2275 2335 2357 2452 2354 2470 2625 2660 2690 2733 2778 2771 2845 2886 2981 3057 3036 3047 3061 3187 3193 3212 3352 3305 3351 3371 3359 3420 3475 3441 3428 3482 3525 3564 3474 3534 3650 3416 3676 3587 3550 3539 3563 3493 3445 3418 3327 3439 3397 3407 3374 3335 3361 3247 3315 3134 3125 3163 3072 3101 3042 2997 2978 2864 2771 2798 2723 2552 2643 2553 2490 2420 2344 2379 2317 2261 2272 2203 2068 2066 2058 2031 1939 1912 1882 1789 1715 1730 
1753 1810 1858 1892 1848 1889 1982 2042 2030 2089 2190 2184 2199 2289 2409 2363 2537 2493 2483 2575 2648 2814 2691 2761 2875 2866 3007 3070 2993 3044 3059 3176 3223 3331 3207 3306 3370 3209 3329 3408 3462 3503 3502 3549 3494 3450 3481 3517 3599 3614 3528 3598 3473 3574 3484 3425 3608 3454 3458 3493 3388 3410 3288 3253 3244 3208 3278 3197 3141 3210 2996 3011 2973 2892 2861 2782 2755 2816 2672 2531 2601 2669 2495 2438 2423 2246 2182 2384 2183 2126 2128 2141 2045 2023 1925 1911 1835 1802 1773 1724 
1724 1723 1720 1817 1814 1892 2038 2024 2045 2060 2109 2218 2179 2317 2410 2434 2523 2479 2576 2611 2650 2684 2823 2863 2793 2903 2996 2970 3006 3099 3125 3178 3178 3415 3240 3278 3340 3471 3365 3389 3508 3520 3518 3369 3488 3566 3572 3580 3471 3563 3588 3525 3442 3533 3509 3569 3553 3538 3434 3424 3399 3323 3240 3268 3261 3321 3132 3171 3196 3061 3085 2937 2967 2899 2775 2811 2872 2767 2753 2619 2600 2494 2463 2424 2453 2284 2274 2268 2176 2119 2071 2108 2026 1970 1913 1836 1890 1866 1800 1687 
1756 1770 1831 1841 1941 1894 1936 2118 2122 2100 2110 2190 2224 2377 2368 2384 2395 2439 2496 2587 2543 2680 2678 2811 2872 2833 2863 3028 3059 3076 3115 3270 3194 3147 3278 3191 3290 3299 3457 3389 3401 3391 3405 3369 3484 3535 3539 3530 3464 3484 3437 3593 3497 3538 3431 3554 3522 3480 3458 3420 3330 3333 3254 3434 3326 3287 3222 3164 3229 2998 3007 2954 3000 2837 2829 2738 2677 2788 2571 2637 2523 2455 2457 2459 2379 2236 2306 2223 2223 2205 2152 2036 1995 2036 1895 1922 1805 1733 1827 1679 
1640 1822 1807 1774 1997 1982 1951 2057 2092 2075 2128 2217 2285 2279 2397 2446 2369 2483 2532 2567 2726 2650 2714 2706 2858 2916 2868 3038 2965 3169 3035 3148 3180 3248 3297 3276 3335 3351 3524 3388 3396 3528 3395 3548 3336 3436 3505 3470 3567 3532 3546 3434 3555 3539 3551 3587 3506 3469 3369 3388 3404 3328 3289 3170 3293 3199 3181 3054 3110 3052 2972 2948 2917 2862 2884 2883 2776 2691 2645 2573 2611 2549 2470 2523 2411 2366 2284 2224 2203 2160 2133 2059 2053 2014 1935 1947 1880 1807 1790 1757 
1733 1828 1817 1927 1846 1908 2021 2115 2028 2133 2160 2170 2238 2325 2357 2380 2462 2505 2511 2645 2643 2683 2708 2739 2872 2886 2977 2945 2943 3079 3131 3105 3112 3300 3284 3311 3366 3441 3348 3499 3411 3461 3499 3505 3470 3512 3554 3493 3522 3544 3580 3530 3456 3530 3481 3435 3400 3389 3487 3358 3402 3433 3314 3391 3266 3288 3279 3153 3096 2995 2985 3091 3001 2961 2850 2722 2739 2685 2677 2560 2598 2539 2388 2450 2444 2437 2267 2293 2247 2121 2128 2023 2074 1973 1978 1912 1860 1801 1758 1766 
1704 1793 1777 1876 1870 1911 2009 2033 2086 2074 2232 2190 2181 2362 2307 2454 2400 2482 2575 2560 2672 2606 2804 2768 2823 2919 2887 3021 3086 3155 3113 3110 3040 3179 3310 3248 3368 3336 3413 3363 3433 3464 3483 3575 3581 3644 3450 3486 3564 3559 3503 3539 3568 3463 3422 3559 3449 3396 3448 3448 3426 3417 3407 3291 3360 3273 3233 3210 3132 3029 3130 3065 3051 2923 2904 2854 2757 2637 2715 2563 2605 2476 2517 2427 2427 2352 2243 2285 2170 2145 2077 2059 2081 1914 1882 1845 1921 1801 1829 1669 
1698 1733 1787 1821 1839 1950 1942 2019 2089 2156 2185 2157 2279 2349 2332 2445 2516 2506 2529 2665 2740 2634 2815 2815 2866 2838 2902 2978 2928 2978 3077 3082 3104 3146 3196 3313 3298 3391 3377 3256 3526 3421 3453 3438 3539 3627 3504 3686 3467 3503 3469 3545 3480 3502 3529 3424 3535 3463 3412 3433 3383 3357 3426 3267 3325 3187 3124 3224 3021 3099 3001 2929 2941 2923 2935 2875 2780 2730 2649 2595 2510 2428 2456 2405 2282 2362 2315 2238 2191 2142 2042 2096 2019 1996 1970 1890 1812 1733 1789 1755 
