# Format: McCode with text headers
# URL: http://www.mccode.org
# Creator:  3.6.14, git
# Instrument: FullInstrument_v5_working.instr
# Ncount: 25000000
# Trace: no
# Gravitation: no
# Seed: 1780352554380781
# Directory: scan_h10mm_r15mm_t0.5mm
# Nodes: 8
# Param: SourceE=5
# Param: DeltaSourceE=0.5
# Param: EI=5
# Param: A3=0
# Param: A4=-45
# Param: SAMPLE=0
# Param: RV_mono_Bool=1
# Param: RH_mono_Bool=1
# Param: Lv=1.872
# Param: Lh=1.34
# Param: monoShieldingWidth=0.062
# Param: monoShieldingHeight=0.14
# Param: monoShieldingDistance=0.235
# Param: MonoShielding=1
# Param: Be_filter=1
# Param: sampleHeight=0.01
# Param: sampleRadius=0.015
# Param: sampleThickness=0.0005
# Param: samplePosY=0
# Param: sampleFluxDiagnosticXWidth=0.08
# Param: sampleFluxDiagnosticYHeight=0.08
# Date: Tue Jun  2 00:29:09 2026 (1780352949)
# type: array_2d(100, 100)
# Source: PSI_CAMEA (FullInstrument_v5_working.instr)
# component: SlitMonitor
# position: 1.44281 0 37.5811
# title: PSD monitor
# Ncount: 200000000
# filename: SlitMonitor.dat
# statistics: X0=0.026856; dX=0.833925; Y0=0.000452105; dY=0.841055;
# signal: Min=0; Max=12584.7; Mean=5550.05;
# values: 5.55005e+07 27049.7 6.1275e+06
# xvar: X 
# yvar: Y 
# xlabel: X position [cm]
# ylabel: Y position [cm]
# zvar: I
# zlabel: Signal per bin
# xylimits: -2 2 -2 2
# variables: I I_err N
# Data [SlitMonitor/SlitMonitor.dat] I:
0 0 0 0 0 0 0 0 0 0 0 0 0 0 0 0 0 0 0 0 0 0 0 0 0 0 0 0 0 0 0 0 0 0 0 0 0 0 0 0 0 0 0 0 0 0 0 0 0 0 0 0 0 0 0 0 0 0 0 0 0 0 0 0 0 0 0 0 0 0 0 0 0 0 0 0 0 0 0 0 0 0 0 0 0 0 0 0 0 0 0 0 0 0 0 0 0 0 0 0 
0 0 0 0 0 0 0 0 0 0 0 0 0 0 0 0 0 0 0 0 0 0 0 0 0 0 0 0 0 0 0 0 0 0 0 0 0 0 0 0 0 0 0 0 0 0 0 0 0 0 0 0 0 0 0 0 0 0 0 0 0 0 0 0 0 0 0 0 0 0 0 0 0 0 0 0 0 0 0 0 0 0 0 0 0 0 0 0 0 0 0 0 0 0 0 0 0 0 0 0 
0 0 0 0 0 0 0 0 0 0 0 0 0 0 0 0 0 0 0 0 0 0 0 0 0 0 0 0 0 0 0 0 0 0 0 0 0 0 0 0 0 0 0 0 0 0 0 0 0 0 0 0 0 0 0 0 0 0 0 0 0 0 0 0 0 0 0 0 0 0 0 0 0 0 0 0 0 0 0 0 0 0 0 0 0 0 0 0 0 0 0 0 0 0 0 0 0 0 0 0 
0 0 0 0 0 0 0 0 0 0 0 0 0 0 0 0 0 0 0 0 0 0 0 0 0 0 0 0 0 0 0 0 0 0 0 0 0 0 0 0 0 0 0 0 0 0 0 0 0 0 0 0 0 0 0 0 0 0 0 0 0 0 0 0 0 0 0 0 0 0 0 0 0 0 0 0 0 0 0 0 0 0 0 0 0 0 0 0 0 0 0 0 0 0 0 0 0 0 0 0 
0 0 0 0 0 0 0 0 0 0 0 0 0 0 0 0 0 0 0 0 0 0 0 0 0 0 0 0 0 0 0 0 0 0 0 0 0 0 0 0 0 0 0 0 0 0 0 0 0 0 0 0 0 0 0 0 0 0 0 0 0 0 0 0 0 0 0 0 0 0 0 0 0 0 0 0 0 0 0 0 0 0 0 0 0 0 0 0 0 0 0 0 0 0 0 0 0 0 0 0 
0 0 0 0 0 0 0 0 0 0 0 0 0 0 0 0 0 0 0 0 0 0 0 0 0 0 0 0 0 0 0 0 0 0 0 0 0 0 0 0 0 0 0 0 0 0 0 0 0 0 0 0 0 0 0 0 0 0 0 0 0 0 0 0 0 0 0 0 0 0 0 0 0 0 0 0 0 0 0 0 0 0 0 0 0 0 0 0 0 0 0 0 0 0 0 0 0 0 0 0 
0 0 0 0 0 0 0 0 0 0 0 0 0 0 0 0 0 0 0 0 0 0 0 0 0 0 0 0 0 0 0 0 0 0 0 0 0 0 0 0 0 0 0 0 0 0 0 0 0 0 0 0 0 0 0 0 0 0 0 0 0 0 0 0 0 0 0 0 0 0 0 0 0 0 0 0 0 0 0 0 0 0 0 0 0 0 0 0 0 0 0 0 0 0 0 0 0 0 0 0 
0 0 0 0 0 0 0 0 0 0 0 0 0 0 0 0 0 0 0 0 0 0 0 0 0 0 0 0 0 0 0 0 0 0 0 0 0 0 0 0 0 0 0 0 0 0 0 0 0 0 0 0 0 0 0 0 0 0 0 0 0 0 0 0 0 0 0 0 0 0 0 0 0 0 0 0 0 0 0 0 0 0 0 0 0 0 0 0 0 0 0 0 0 0 0 0 0 0 0 0 
0 0 0 0 0 0 0 0 0 0 0 0 0 0 0 0 0 0 0 0 0 0 0 0 0 0 0 0 0 0 0 0 0 0 0 0 0 0 0 0 0 0 0 0 0 0 0 0 0 0 0 0 0 0 0 0 0 0 0 0 0 0 0 0 0 0 0 0 0 0 0 0 0 0 0 0 0 0 0 0 0 0 0 0 0 0 0 0 0 0 0 0 0 0 0 0 0 0 0 0 
0 0 0 0 0 0 0 0 0 0 0 0 0 0 0 0 0 0 0 0 0 0 0 0 0 0 0 0 0 0 0 0 0 0 0 0 0 0 0 0 0 0 0 0 0 0 0 0 0 0 0 0 0 0 0 0 0 0 0 0 0 0 0 0 0 0 0 0 0 0 0 0 0 0 0 0 0 0 0 0 0 0 0 0 0 0 0 0 0 0 0 0 0 0 0 0 0 0 0 0 
0 0 0 0 0 0 0 0 0 0 0 0 0 0 0 0 0 0 0 0 0 0 0 0 0 0 0 0 0 0 0 0 0 0 0 0 0 0 0 0 0 0 0 0 0 0 0 0 0 0 0 0 0 0 0 0 0 0 0 0 0 0 0 0 0 0 0 0 0 0 0 0 0 0 0 0 0 0 0 0 0 0 0 0 0 0 0 0 0 0 0 0 0 0 0 0 0 0 0 0 
0 0 0 0 0 0 0 0 0 0 0 0 0 0 0 0 0 0 0 0 0 0 0 0 0 0 0 0 0 0 0 0 0 0 0 0 0 0 0 0 0 0 0 0 0 0 0 0 0 0 0 0 0 0 0 0 0 0 0 0 0 0 0 0 0 0 0 0 0 0 0 0 0 0 0 0 0 0 0 0 0 0 0 0 0 0 0 0 0 0 0 0 0 0 0 0 0 0 0 0 
0 0 0 0 0 0 0 0 0 0 0 0 1944.79575 3058.11426 3368.196186 3602.207678 3587.961848 3583.71089 3563.443252 3940.790914 3836.031173 3504.721895 3928.889425 4198.648502 4174.024706 4093.559833 3390.148629 4296.538979 4195.738922 4112.997339 4235.203541 4123.104685 3944.616844 4228.354832 4532.046451 4730.096845 4541.351114 4633.672112 4205.305561 4335.959159 4461.068179 4783.535006 4686.926589 4703.048997 4070.798491 3988.025272 4249.971399 4598.532728 4687.800569 4507.283476 4571.043281 4621.208315 4609.491804 4750.365094 4610.548211 4555.441279 5080.916981 4512.518277 5099.248761 4362.796686 4349.196103 4598.831057 4367.192595 4656.848143 4454.16814 4162.928677 4526.190898 4623.534678 4480.017885 4757.936926 4395.975455 4518.022964 4384.464215 4084.97288 4463.089261 3933.396799 4006.264899 3567.015843 4445.701419 4273.644284 4267.566662 4019.885472 3742.132526 3823.225965 3432.98904 3309.966898 3760.03412 1840.609519 0 0 0 0 0 0 0 0 0 0 0 0 
0 0 0 0 0 0 0 0 0 0 0 0 3769.379677 7107.619682 7231.12202 7557.525939 7068.0058 7680.989377 6988.97968 7046.119271 7447.388272 7611.387144 7716.077922 7659.472723 7843.395518 8228.866795 7804.968171 8261.016802 8026.364985 9070.237575 7926.783367 8541.89946 8161.777875 9297.304658 7975.708191 8324.404723 8892.245368 9248.381077 9328.685414 9543.410399 8841.574202 9491.583176 9714.466167 9378.095159 9256.482564 9536.901904 8671.748823 9024.377685 9275.94469 9191.422951 9545.669916 9338.069925 9731.473493 10056.08046 9950.696149 9241.764914 8443.468354 9267.407266 9600.785563 9082.847217 9428.284286 8862.753459 9789.388021 9212.684078 8566.733845 8963.749849 8997.559046 8885.270993 8882.144077 8521.481408 8646.64015 8582.441623 9171.450749 8743.6075 8251.662911 9118.898463 8570.548176 7994.254014 8123.845503 7771.194535 7921.852369 8057.018961 8419.148661 7904.42267 7722.66427 7396.82081 7537.891326 3780.613097 0 0 0 0 0 0 0 0 0 0 0 0 
0 0 0 0 0 0 0 0 0 0 0 0 3537.20185 7218.785086 6475.015059 7432.277792 7359.282014 7350.676069 7628.313377 7190.980265 7199.268297 7916.298977 8774.429118 8000.781378 8334.677756 8092.972297 8207.421144 8397.626967 7939.15838 8335.680614 8070.307932 8625.192221 8537.401542 9457.717733 8871.234824 9229.899973 9076.134508 9473.668701 9317.083594 9308.418886 8909.959389 9410.547403 9501.388836 9772.378277 9110.674437 9338.702454 9783.180747 9347.162572 9498.883411 9514.872254 8952.770759 10114.42093 9482.503129 9535.995249 9469.983597 9126.023376 9448.927495 9293.056514 9175.253842 8949.344227 9395.769785 9725.893082 9489.098318 9828.433867 9548.324854 9882.135643 9311.069756 9211.877726 9208.395366 9222.229301 8756.676958 9191.365651 8385.071968 9378.01696 7861.825926 8303.252478 8875.735616 7825.625598 8517.134347 8467.479935 8042.303721 8798.351963 8134.131108 7781.389099 7839.268863 7358.76865 7767.348422 3549.83766 0 0 0 0 0 0 0 0 0 0 0 0 
0 0 0 0 0 0 0 0 0 0 0 0 3633.260287 7734.348489 7130.335863 7234.225075 7204.763436 7578.211686 7506.875486 8163.277085 7832.139244 8211.070782 7727.958254 8239.362237 8197.917334 8301.556076 8708.323706 8719.485895 8387.452461 9531.078436 9112.649634 8437.750877 8804.713768 8913.826552 8713.25457 9158.384318 9313.675141 9139.531858 8553.323499 8865.344288 9508.003705 9195.010071 9066.779418 8971.566248 9271.394462 9999.812828 9966.89826 9567.479169 9260.802052 9346.153595 10573.7709 9372.411146 9741.992002 9967.155507 9302.388523 9420.307631 9824.383837 10476.13362 9718.690079 9674.988157 8801.690292 9583.081376 9796.337214 9157.990676 9487.997265 8852.56046 9407.873993 9595.273728 9176.509623 8906.336715 9377.613253 9722.571734 9109.475002 9103.805093 9733.633225 8709.53775 9021.578874 8798.97367 8807.972233 8686.603652 8357.007381 7996.082711 8564.291351 8413.467958 7914.504261 8133.51299 8166.421876 4150.86049 0 0 0 0 0 0 0 0 0 0 0 0 
0 0 0 0 0 0 0 0 0 0 0 0 3748.961341 6998.89057 6827.920363 6756.203181 7463.53969 7624.816514 7722.714918 7594.821624 8501.901307 7553.744006 8029.189358 8285.516629 8407.096111 8596.260778 8837.003672 8222.44266 8101.102634 8211.627563 9250.984921 8933.780231 8938.809388 9152.899769 8950.013054 8879.220484 9023.024841 9729.479485 8726.57429 9582.595599 9008.683361 10044.43364 8978.837322 9587.696211 10100.79118 9494.373415 9613.029931 10307.9699 9650.662361 10144.2991 9530.039575 9338.90312 9477.887306 9801.795027 9638.997705 9590.656884 9174.115109 10250.49061 9949.020317 9645.966942 9605.298344 9324.176902 10015.15355 8890.711691 10220.23279 9212.845142 10006.73015 9253.603379 9650.21213 9058.39902 9280.798011 9456.500992 8650.965495 9164.384585 8195.503717 8686.215719 8638.683405 8388.793071 8762.746914 8765.128213 8553.174974 8428.349718 8236.262992 8250.453789 7766.803069 7486.164189 8208.269616 3889.418844 0 0 0 0 0 0 0 0 0 0 0 0 
0 0 0 0 0 0 0 0 0 0 0 0 3800.092893 6940.87279 7019.103026 7460.042726 6894.629749 8038.578181 7910.218348 7692.928185 7927.480143 8112.762175 7625.621022 8312.197787 8520.523219 9247.390119 8233.648137 8370.935734 8598.189457 8698.304519 8988.645303 9508.819939 8907.800019 9296.956909 9278.203063 9350.769301 8705.448891 9415.198 9424.997946 9384.286115 9753.515212 9730.054077 9793.104139 9705.597281 9436.091968 10134.074 9388.355708 10312.2101 9820.430907 9408.16393 9315.247136 9620.037036 10082.35939 10120.6032 10107.15516 9448.115472 10055.48883 9465.624569 9869.852876 10073.41678 9673.689706 9603.742161 9320.818701 10106.58358 9872.998337 9651.043455 8811.967822 9802.386329 9317.249658 10140.25419 9554.700681 8865.549435 9152.224101 9484.096873 9019.190177 9041.413029 9084.333123 8749.350019 8439.646368 8699.213772 8602.785974 8988.446923 8767.035852 8635.767421 7645.576453 7647.283693 7622.513521 4137.365865 0 0 0 0 0 0 0 0 0 0 0 0 
0 0 0 0 0 0 0 0 0 0 0 0 2996.987688 7468.112353 6941.884203 6989.027357 7614.013509 7958.994543 7545.292222 8326.730465 7523.975428 7839.853794 8091.7102 8333.606435 8460.448729 8660.179103 9101.971683 8746.105782 9001.903639 7790.922943 8745.207487 9016.813028 9556.395747 9689.146277 9687.387239 9482.233025 9749.601074 9605.576482 9186.868045 9280.589547 9667.808138 10469.26979 9223.259814 9606.072953 9521.754522 10150.58965 9249.994331 10178.46073 9775.359292 9653.662161 9805.96153 9715.71503 10004.59611 10066.6162 9470.988206 10621.87388 9666.998985 10227.28073 9828.198462 10138.6451 10345.6764 9165.198165 10499.32727 9754.034652 10012.64805 9487.217604 10130.09899 9442.128612 10018.02297 9569.673541 9424.87555 9016.923273 8949.793986 9012.217354 9470.862482 8938.420862 9189.977211 8844.053527 8800.570858 8452.670782 8605.764122 8776.768682 8248.566252 8521.136883 7877.549239 8430.029856 7901.014295 3861.883482 0 0 0 0 0 0 0 0 0 0 0 0 
0 0 0 0 0 0 0 0 0 0 0 0 3429.700083 6631.599685 7035.992448 7123.59731 6979.618068 7875.585743 8015.444957 7740.795726 8009.809014 8213.739802 8088.718356 8052.015334 8801.423474 8394.303992 9128.309264 8532.501017 8942.463763 8969.201521 9130.620987 9570.639231 8478.359556 9638.695635 9340.266392 9482.82959 9618.888563 9056.2141 9108.336187 9416.710862 9606.091018 9805.201809 9665.316906 9927.235783 9728.881105 9106.036557 9617.738681 9975.102448 10149.57052 9650.634317 10148.99258 10366.86802 10036.22926 10615.44919 9910.616752 9432.998753 9671.467515 10013.76836 10077.39466 9568.517943 9011.026418 10702.35339 9739.476091 10492.35121 9575.778985 9699.677538 9502.558033 9264.938173 9686.350074 9794.012644 9644.584512 9262.239612 9275.032935 10154.38104 9484.451601 9362.063107 8955.572473 9519.934219 9260.391055 8845.861316 8997.991807 8211.292704 8191.853452 8941.584528 8750.544563 8553.803102 8476.213975 4118.112462 0 0 0 0 0 0 0 0 0 0 0 0 
0 0 0 0 0 0 0 0 0 0 0 0 3316.035017 7134.334042 7456.352776 7668.605148 7485.819322 7760.823943 7846.584156 7414.338844 7880.586263 7956.606622 8188.019546 8393.444724 8653.88014 8121.018157 8238.03376 8741.045002 8740.219341 9001.089884 9052.597533 9494.402791 8780.017051 8752.510057 9415.217867 9564.236497 9441.636758 9569.368543 9240.329266 10008.48238 9690.589505 10316.56766 10585.91674 10029.47278 9604.570703 10004.14599 10388.50247 9717.874777 10064.11225 10069.3812 10137.00102 10426.68413 10703.23259 9782.673143 9895.754995 9490.666287 10152.66687 10599.90897 10268.94172 10568.55477 9764.14342 9841.870087 9910.400752 10328.67953 9471.576973 10482.58161 9752.082627 9750.357208 10018.06391 9968.242037 9828.094361 10112.27693 9527.180755 9636.471795 9044.545996 9299.870354 9471.574732 9392.374876 9030.038912 8817.700985 9035.90626 8860.788337 8793.359649 8269.597676 8647.793883 8020.9111 8241.126286 3902.139957 0 0 0 0 0 0 0 0 0 0 0 0 
0 0 0 0 0 0 0 0 0 0 0 0 3960.787925 7628.113625 7379.989711 7946.080917 7911.688255 8097.111775 8714.51598 8037.771372 7626.636123 8729.534473 8024.612358 8696.369693 9001.026405 9169.053447 8914.137707 8084.825607 8812.674113 8553.852949 9146.564939 9846.003505 9762.652726 9914.707381 9252.347318 9831.407354 9461.838059 9618.765233 9342.414946 10071.46191 9672.443417 10125.15243 10181.22577 10112.1629 10355.44457 9803.415481 10513.72525 9938.974641 9864.797046 10717.79033 10015.08984 10132.15843 11044.25808 10649.14384 9699.268691 9936.116206 10925.93214 9875.116847 10064.17167 9719.450468 9424.825786 10610.11463 9548.744847 9919.885685 9762.850693 9698.459704 9890.511139 10140.69666 9448.822914 9647.51276 9541.539764 9956.401606 10147.7363 9672.21891 9633.28284 9476.810189 9505.947998 9254.669955 9277.584806 8502.103506 8296.996998 8977.88353 8188.956752 8749.37018 8742.192943 8450.624985 8037.670445 4035.777277 0 0 0 0 0 0 0 0 0 0 0 0 
0 0 0 0 0 0 0 0 0 0 0 0 3916.99562 7518.064277 7447.084628 8656.669324 7732.951118 7689.97438 7774.788375 8119.527865 8184.889492 8671.788507 8131.909779 8627.332385 9212.683377 8982.082167 8824.272003 9277.089223 8578.66364 9464.975435 9387.882049 9562.431419 9052.943586 9516.902325 9507.793611 9639.630518 9372.327378 9741.309387 9690.135329 10011.62248 9811.351641 9786.144667 9975.468596 10434.97355 9329.815319 10095.9391 9820.958167 10232.79939 10903.13139 10398.87968 10072.15135 9776.57803 10333.89578 9992.791119 10841.31943 11046.87156 10474.53474 10589.82284 10607.4862 9924.184574 10392.45944 10935.29371 10124.95434 10127.22165 10632.55588 10421.47545 9554.719693 10250.45188 10503.30319 10153.55103 9660.748449 9625.508916 9254.756197 9681.459415 9786.737602 9662.789484 9606.391052 8997.524437 9686.749812 8823.076476 9125.185037 9115.29531 8765.798647 8718.029581 8160.171255 8062.820025 7954.638122 4216.275459 0 0 0 0 0 0 0 0 0 0 0 0 
0 0 0 0 0 0 0 0 0 0 0 0 3937.935645 7713.882525 7730.819 7467.962969 7867.204749 7575.225023 8085.907082 8383.204664 8271.256487 8208.611559 8051.637825 8750.105935 9154.545814 8736.476584 9396.571418 9086.340941 8499.027649 8515.384972 9466.946103 9507.302894 9737.982263 10337.57963 9108.063063 9746.623492 9504.260722 9945.812537 10510.53926 9686.735612 10133.42294 9903.498255 9584.025022 10302.57259 10566.10652 9689.693116 10650.91265 10327.50365 10133.82327 11010.47063 10533.12367 10183.32661 9379.419925 10682.7691 10690.70831 10579.02235 10659.02441 9961.417427 10349.71055 10192.8217 9875.000573 9634.532726 10111.80748 9410.534209 10458.18178 9881.287872 10823.67884 9715.673569 9603.048229 10073.10542 9793.671726 9960.872871 9984.588346 9817.754567 9642.984792 9945.734525 9597.345987 9726.015283 9485.340434 8925.581111 9400.931662 9721.831878 8798.38497 8760.129979 8889.870281 8912.996516 8807.499281 3991.541195 0 0 0 0 0 0 0 0 0 0 0 0 
0 0 0 0 0 0 0 0 0 0 0 0 3525.212588 7732.519781 7279.639042 8329.06343 8271.901044 7766.359158 8475.566609 8460.262309 8660.123613 8913.9637 8440.635044 8334.280583 9623.243831 8430.311647 8792.149068 9625.794598 9347.076367 9499.044844 9545.92881 9417.855654 9310.501908 9437.470198 10158.6718 10694.84186 9308.796309 9570.169779 10068.2639 10637.34125 10198.61473 9108.540002 10528.94211 10404.15213 10628.69591 10758.76877 10086.38495 10699.30635 10306.65049 10512.53185 10209.54657 9861.426068 10466.55457 10091.32092 11179.48942 10719.98654 10903.34812 10653.2738 10702.7258 10525.85646 9663.2136 10007.93391 10332.94552 9997.227373 10565.23082 10046.37353 10218.7485 9966.483723 10177.26772 9647.629192 9778.3461 9853.091265 10301.44046 9997.280365 9068.271667 8927.126821 9061.739944 9364.795482 8743.156456 9665.345653 8792.718634 9471.907607 8872.521378 8854.479578 8315.305872 8813.664645 7877.105888 4368.093624 0 0 0 0 0 0 0 0 0 0 0 0 
0 0 0 0 0 0 0 0 0 0 0 0 3940.410666 7638.649002 6888.304153 8597.905477 7867.016675 8216.506678 8244.627659 8166.402347 8040.412767 8599.075567 8635.222594 8174.788356 8650.310559 8467.101196 9104.99882 8939.161575 9120.902839 9145.811209 9662.459667 9672.71116 8999.283979 9532.794484 9784.428448 9986.282107 10531.26735 9711.956749 9898.417594 10479.93394 10697.20875 10236.37561 9842.743752 10480.78777 10634.72572 10806.34478 10628.14042 10171.73423 10391.08562 11019.77822 10288.19241 10623.43001 10235.82588 10194.79661 10364.7775 11031.27108 11489.50126 10349.5585 10518.97428 10669.74613 10293.56661 10064.03 10631.51843 10654.29842 10003.30644 11137.33935 10705.85864 9760.857673 10272.20494 9980.44087 9968.446787 10586.40242 9554.574717 10485.34703 9118.463644 9778.805709 9581.598601 9456.344665 9489.06828 8782.733171 9348.270532 8732.740013 8942.715915 8875.265812 8508.259338 7874.114616 8383.120114 4019.042218 0 0 0 0 0 0 0 0 0 0 0 0 
0 0 0 0 0 0 0 0 0 0 0 0 3433.987926 8141.443163 7537.819223 8225.545991 8371.721695 8200.992458 7952.312512 8817.477974 8540.764719 8111.694122 9530.979075 9007.179253 9543.742214 9066.361038 8730.36371 9380.423868 9358.415991 8790.240825 9004.327359 10041.90802 10768.07636 10035.09484 9620.124168 10606.31427 10074.75219 10257.88969 10444.8155 10752.71452 10169.19057 9932.126642 10119.64837 10346.02994 10119.02099 10154.38069 10885.1694 10537.40933 10724.20931 10447.14341 10896.01746 10642.66995 10654.80897 10338.02259 10588.41658 10455.30766 10486.84853 10550.15377 10280.63496 10781.32179 10218.36284 10676.22796 10006.30915 10942.36518 10091.31841 10557.28205 10456.19425 10120.41335 10522.57117 9710.815559 10253.17757 9874.608526 9805.251586 8884.510508 10034.52636 10046.3823 10272.84559 9733.503018 9542.344482 9311.056226 8860.688841 8850.001056 9111.668455 8718.29116 8966.985945 8934.760634 8640.639503 4813.389831 0 0 0 0 0 0 0 0 0 0 0 0 
0 0 0 0 0 0 0 0 0 0 0 0 3637.5992 8264.930302 7818.008136 8648.806495 7767.704408 8616.241161 8327.69094 8533.844384 8857.014347 8680.263691 9291.44955 8877.520831 9122.213564 9047.91007 9090.728084 8958.281363 9823.609472 9578.658366 9348.021015 9369.333739 9565.540741 9849.756295 10512.54163 10709.20433 9444.199767 9973.569979 10160.32273 9095.103344 10448.58252 9853.545928 9988.814985 10716.5288 10534.07788 10490.22124 10636.71878 10552.63842 10539.91351 10056.76934 10750.34292 10509.85228 10122.49502 10491.64595 10341.73429 10344.99089 10298.00558 10993.06646 10132.29675 9827.369412 11376.35189 10495.73469 10617.5891 10458.82583 9956.869061 10145.9756 10672.45701 10544.7071 10068.96747 10336.87294 10819.75167 10666.07382 9889.317114 10245.56127 9655.63613 9646.980354 9863.280792 9505.469826 9893.156288 9690.444464 9725.125112 9184.716513 9462.341948 8864.194436 9378.896567 9398.815604 8264.030805 4385.844792 0 0 0 0 0 0 0 0 0 0 0 0 
0 0 0 0 0 0 0 0 0 0 0 0 3861.538865 7396.473666 8624.861983 7946.582287 8402.080041 7844.539135 8178.596715 8945.849621 8416.554549 8993.658901 8924.201914 8634.076581 9542.057198 8927.325328 9683.199749 9302.759984 9737.648593 9034.522725 8920.040677 9914.665519 9509.505835 9677.882899 10190.16824 10282.56528 10179.72199 9971.150913 9949.623127 10243.67036 9766.459355 9918.485803 10859.74138 10254.56384 10345.37016 10598.17675 10386.00123 11010.62405 11148.79643 10454.04714 10486.73158 10840.1136 10645.12999 10123.29545 11072.12816 10842.59727 11057.96533 11439.12447 11250.07406 10628.04804 10938.19956 11222.36117 10521.3914 10686.40409 10956.88561 10745.23959 10201.03325 10170.42408 10996.09056 9725.158143 10877.34995 10034.14557 10297.46846 9846.356543 9575.750785 10236.76623 9716.675999 9800.347958 9065.867906 9687.163197 9367.484691 9656.413591 9406.491521 9389.367081 8416.314058 8802.97906 8121.461571 4371.108091 0 0 0 0 0 0 0 0 0 0 0 0 
0 0 0 0 0 0 0 0 0 0 0 0 3771.520841 7630.054257 7474.049959 8440.940445 8476.712274 7962.351068 8660.27904 8879.194076 8459.364001 8887.602097 9103.485252 9257.378619 9540.559182 9434.816452 8890.335374 9018.246747 9647.674037 9982.877575 9580.645724 10387.11294 10285.82728 10292.07611 10001.24454 10233.24317 10744.88254 10443.696 10348.39228 10013.26911 10404.4139 10142.2834 10737.52787 10839.03617 10373.6442 10856.67965 10273.13695 10696.26746 10721.25328 10926.92192 11299.84112 11234.22254 10978.39376 11188.10741 11027.95217 10635.3872 11161.13765 10143.60553 10576.07031 11169.91631 11012.34402 10382.73283 10560.77579 10543.17859 10994.17333 10841.70045 10011.45218 10724.98765 10570.94882 10481.2924 10534.3694 9492.296266 10027.75102 9833.783062 9882.117203 9838.221598 9523.333802 10300.84984 9800.648336 9603.641148 9335.728778 9273.569291 9171.142056 9448.409521 8949.828172 8752.936398 9292.390264 4096.138772 0 0 0 0 0 0 0 0 0 0 0 0 
0 0 0 0 0 0 0 0 0 0 0 0 4025.125972 7741.405233 8410.763529 8870.233336 8397.103531 8769.817977 8626.717412 8776.664108 8823.286759 8752.557793 8697.653506 8575.803532 9260.479496 9175.994447 9662.557464 10234.34851 9525.593304 9790.859524 10346.51362 9642.135351 9471.381966 10395.23229 9861.85006 10332.68171 10223.90803 11063.74365 10929.39015 10964.51341 10793.59454 10885.18631 10152.49911 10507.84429 10630.6175 10368.86355 11298.02554 10848.29155 10605.54625 10855.49654 11064.81367 10720.02305 11429.8896 10744.06678 11221.82374 10629.18282 10685.46398 10848.94919 10706.92795 10412.94639 10693.9115 10562.16199 10041.99299 11418.0833 11184.44779 10957.73497 10455.01639 9991.268138 11477.93365 10179.18009 10193.86067 10415.98234 10348.25482 10020.55817 9634.798956 9245.058348 10550.18694 9412.247824 9543.757778 8904.796957 9533.748693 8782.894481 8987.204365 9469.098247 8678.50769 9041.17439 7823.755179 4461.10141 0 0 0 0 0 0 0 0 0 0 0 0 
0 0 0 0 0 0 0 0 0 0 0 0 3564.404344 7436.47124 8491.64141 7426.292613 8551.950096 8249.164725 9301.484058 8752.95344 8936.056067 9458.704723 8607.239442 9053.661282 9123.097506 9466.909106 9013.949824 9824.254837 9176.234234 10213.78408 10144.0657 10516.86308 10289.62327 10152.09314 9820.585945 9883.618068 10123.97497 10154.67353 10191.7847 10583.46307 10192.45011 10487.9925 10654.96711 10844.46239 10932.16749 10125.10029 11049.33333 10888.95605 11037.25424 10948.77867 10763.23401 11710.15679 10793.86313 11372.6244 11207.58285 10911.50823 11787.53114 10461.68632 10373.8605 10700.68792 11668.941 10886.66239 10554.00702 10935.38877 10964.17406 10609.06687 10080.42963 10903.79728 9923.877921 10275.88489 10539.65264 10175.71237 9783.492534 10225.62024 10625.86605 9816.430363 9416.608674 9506.031524 9358.556696 9600.324147 9330.963088 10160.0095 9440.115819 8762.137011 8756.888196 8271.775651 8851.088778 4685.59886 0 0 0 0 0 0 0 0 0 0 0 0 
0 0 0 0 0 0 0 0 0 0 0 0 3822.922768 7721.537975 8384.506855 8532.889855 8594.075865 7818.45138 9414.472649 8489.401558 8723.204398 8938.585834 8665.521834 9014.63336 9342.619908 9708.423643 9336.001365 9734.550365 9347.384863 9915.417407 10085.8385 9865.117669 10714.14687 10270.15463 9951.519065 10656.82997 10525.32939 10067.25058 10495.06627 10228.65042 10825.58642 10594.87179 11392.78027 10973.91606 10697.92146 11082.22391 11605.35664 12174.0308 10774.29872 11305.31472 10995.39713 11561.07577 10845.05513 11734.23816 11018.88099 11112.3957 10500.69802 10451.96843 10543.34923 11453.6178 10338.02764 11496.51038 10719.10685 11241.94191 10994.19423 10960.82958 11238.1012 9920.991347 10311.31913 10838.70692 10456.91826 10424.68307 10085.48399 10564.96755 10139.85536 10534.002 9660.696852 9673.024913 9287.700284 9280.114919 9977.170004 9550.447524 9144.306906 9852.690634 9138.77168 8890.494803 9372.583775 3979.875629 0 0 0 0 0 0 0 0 0 0 0 0 
0 0 0 0 0 0 0 0 0 0 0 0 3806.593157 8205.606567 8517.782049 8439.649745 8126.924095 8741.575834 8493.332606 8472.949363 8522.010802 8795.656202 9583.960879 8474.490536 9338.858798 10174.65033 9427.972493 9686.216575 9291.491423 10094.83189 9643.62899 9828.600017 10253.52894 10239.08379 10361.29592 10821.54202 10510.4932 10608.25337 10392.67479 11483.0591 11171.02774 11098.08837 11485.30888 11346.24616 11309.7139 10709.46159 10496.3496 10740.36484 10909.6243 10415.67335 11269.44565 11831.60212 10928.08514 11311.52026 11088.57925 11314.02032 10848.79947 11096.74021 10981.25137 10765.18712 10651.27093 10967.03733 11775.15754 11164.21816 10672.69898 10475.11399 10488.30189 11620.53563 10798.25935 11393.02129 10738.21658 10591.81653 9867.646713 9883.540649 10752.51891 10565.75902 10583.26662 9614.57079 9876.830268 9986.447249 9789.364824 9750.031389 9739.155887 9071.154604 9406.760562 8952.674766 9361.56049 4909.260605 0 0 0 0 0 0 0 0 0 0 0 0 
0 0 0 0 0 0 0 0 0 0 0 0 4063.932117 8225.415776 8720.413017 8616.875247 8991.614456 8830.991521 8694.782618 9325.524114 8889.370363 8366.875688 9111.513765 9095.984165 9486.802039 9579.549374 10409.64207 9447.262574 10223.71771 9866.137097 10013.20003 10880.37061 10231.23564 10487.27245 10551.69777 10202.4842 10343.59914 10893.59003 10445.1144 10657.21818 10606.68712 10877.43811 10730.08193 10524.29849 11393.55385 10917.98969 11129.84931 11553.67044 10405.3219 11238.41283 10453.54189 10943.73643 11581.62301 10810.77725 11474.14017 11342.56585 11689.44549 11100.10325 10913.71772 11248.19643 11332.38733 11152.89913 11244.65334 10811.67412 11067.21206 10869.52197 9915.169685 10800.3363 10427.94975 11469.6072 10006.8798 10739.61677 10272.88252 10124.55075 10433.9916 10388.89027 10429.89205 9703.001297 9448.319388 10458.93356 10442.92541 9232.153606 9674.872407 9756.029382 9753.222473 8768.280195 9035.341385 4123.585767 0 0 0 0 0 0 0 0 0 0 0 0 
0 0 0 0 0 0 0 0 0 0 0 0 3866.727274 7945.180065 8009.256333 8783.34965 8315.120831 8706.156705 8535.082618 8806.217183 9049.106248 9661.547998 9281.190682 8758.49283 9391.49163 9612.686202 9697.255021 9671.176798 9716.115918 9874.946289 10116.58399 9889.455044 10208.46691 10355.6489 9865.750261 11001.22674 10630.58778 11153.0058 10824.31858 10706.73631 10699.28568 10673.5134 11085.06019 10302.57185 10980.29579 11059.31405 10972.67277 11183.33284 10437.84144 11706.21278 11600.02546 11289.71934 11873.62236 12187.37493 11171.30987 11913.00117 11292.51706 10967.72023 11278.08572 10758.77214 10662.97857 11033.96321 11047.25215 11060.47779 10490.51235 11068.70565 11300.4176 11091.94281 10802.35563 11352.80891 10919.17805 9714.808896 10260.65285 10578.31128 10496.37785 9833.707836 9517.677471 9995.73239 10107.51832 9986.304509 9904.028405 10157.05794 9927.488586 9620.048239 8810.25821 9046.352328 9125.725898 4630.23858 0 0 0 0 0 0 0 0 0 0 0 0 
0 0 0 0 0 0 0 0 0 0 0 0 4249.762702 8132.43901 7847.932842 8509.935841 8314.479484 8896.132445 9226.165222 9007.171515 9415.064928 9527.670425 9305.220013 9044.263451 9044.20078 9401.209914 9816.913309 9234.48451 10240.18536 9871.171948 9849.335058 9986.245095 10092.94124 10445.60301 11033.63196 10744.51381 10796.8966 10627.03911 10276.04398 10351.52026 10426.27911 11189.79324 11118.12958 11012.94923 11216.62679 11065.10348 11645.94631 11535.957 11864.64235 11010.14146 11462.78473 10729.51267 11254.14306 10844.40248 11590.70217 11982.75258 11596.42574 11162.0373 11479.32094 11414.30757 10912.87452 10983.94329 11276.34404 11119.47922 11015.61362 10906.17925 11369.78479 10908.33777 10585.58657 10831.65809 10625.36088 11074.0636 10750.86364 10496.29355 10645.77831 10625.28342 9848.136537 10424.16463 10159.21763 10141.6351 9506.181491 10026.629 9825.301127 9462.644364 8882.496425 8785.546185 9393.939156 4368.195341 0 0 0 0 0 0 0 0 0 0 0 0 
0 0 0 0 0 0 0 0 0 0 0 0 4301.058501 8165.622483 8299.129875 8071.151012 8109.410175 8808.806862 8323.498393 8735.167072 8791.973506 9060.282899 9714.399632 9205.740304 9246.507312 9667.700404 9976.698938 9865.722641 9938.311668 10133.30845 10249.92361 10048.14775 10488.829 10561.62044 10381.38524 10819.34667 10456.80052 10824.68142 10834.05011 10792.37658 11515.03378 11065.7621 10787.18552 10771.08271 11434.23648 10904.30069 11389.75046 11170.29305 11845.13636 11138.39037 10984.0348 11357.78171 10810.29165 11211.02746 10723.55179 11967.40704 11829.64843 11136.43542 11549.13437 11252.81111 11362.1424 11574.9442 11488.00407 10690.36601 11638.69226 9983.897765 10843.5067 10996.00834 10915.79057 10593.25261 10624.72881 10628.74856 10122.05502 10486.52702 10167.7532 10489.80285 10472.69676 10160.45974 9651.186235 9927.118707 9942.390275 9877.969952 9408.245398 10453.59227 9090.937501 9529.581075 8814.774772 4413.587699 0 0 0 0 0 0 0 0 0 0 0 0 
0 0 0 0 0 0 0 0 0 0 0 0 4074.952762 8469.117911 9298.155005 8113.182448 9166.723753 8663.211368 8517.362747 8898.42018 9242.883379 8944.478305 9351.24835 9041.258089 9383.408027 10605.81929 9841.503276 10071.97066 9530.260852 9831.505562 9568.432752 11015.66996 10291.97144 10389.4683 10057.52234 10255.82687 10607.63118 10326.94218 10902.07667 11142.66784 11662.22722 10442.44635 11004.61307 11239.28637 11048.20917 11746.24907 11070.17153 10654.50666 11476.96919 10926.82553 11193.08126 11166.90038 11748.87656 10944.91934 11226.89218 11397.75856 12159.7477 10662.51857 11429.97247 11464.82946 10882.61781 11339.60503 10917.55308 10838.47764 10592.93994 10732.55836 10911.79249 10585.42261 11164.95676 10508.1176 11700.49867 10819.6877 10465.40559 9626.495968 10514.74832 10417.65877 9963.168755 9844.74414 9794.459141 9675.646468 9598.332309 9162.927139 9472.317039 10066.80911 9582.626097 9553.619738 9908.141403 4601.204662 0 0 0 0 0 0 0 0 0 0 0 0 
0 0 0 0 0 0 0 0 0 0 0 0 3831.799934 8147.492721 8260.020061 8870.741198 8275.157227 8493.179067 8795.994715 9036.517444 8944.464565 8946.487885 8690.281952 9482.849427 9017.01528 9378.77889 9496.162199 10066.81609 9937.762308 10079.68424 11020.21005 10410.08001 10197.25669 10748.70999 10793.9591 10759.2712 10454.29464 10910.59617 10862.97373 10713.06666 10993.19669 11469.52254 10807.96576 11014.06131 11592.18184 11306.99794 11029.80132 11590.69596 11017.09147 11643.28409 12138.23319 11172.68605 10726.19616 11611.51209 11400.2182 10978.07923 11690.23705 10533.53311 10622.26199 11436.68931 11725.52918 11684.1154 10764.0191 11117.14489 11028.55855 10829.52676 10905.04477 10827.84007 10698.8188 10242.07541 11239.02921 11103.77771 10474.49631 10723.47906 10416.04898 10143.41331 10042.50604 10457.54713 10265.1517 9711.217783 10163.13786 10066.15923 9783.271472 9861.846039 9437.450299 9879.444244 9617.603086 4629.843486 0 0 0 0 0 0 0 0 0 0 0 0 
0 0 0 0 0 0 0 0 0 0 0 0 4191.609586 8242.364829 7810.681832 8553.5608 9070.753083 8304.74134 8904.365933 8915.457917 9302.651286 9172.487131 9760.302685 9196.556357 9514.51335 9431.410639 9966.981967 9946.235766 9849.766425 10807.38741 10516.42675 11029.34437 10609.75266 10106.98529 10530.77118 11022.54928 10805.0076 11116.86455 10471.87947 11653.7408 11034.30336 11169.63831 11160.96084 10954.82675 10932.96296 11237.08254 11178.33419 11407.13855 10387.87795 11139.18721 11359.05549 11436.67291 10892.61114 11780.25755 11074.06807 11416.44924 11384.81619 11838.45468 11337.45137 11315.32651 11231.628 10754.01207 11079.14227 11024.51634 11315.35063 11539.30597 10971.20658 11005.4442 10858.6201 10441.50067 10705.60416 10746.33695 10333.76417 10756.85662 9955.224605 11182.43564 10772.23453 10444.50444 10794.38332 10387.20282 9812.320331 9665.568076 9072.583717 9750.920986 9723.579935 10207.36472 10488.50533 4773.662435 0 0 0 0 0 0 0 0 0 0 0 0 
0 0 0 0 0 0 0 0 0 0 0 0 3922.408433 8925.025679 8346.194088 8851.534782 8759.850076 8953.830837 9173.390679 8739.277328 9602.626677 9009.26525 9343.858241 8951.714849 10044.65874 9033.208751 10276.12845 10058.26527 9591.705377 10194.18304 9553.837316 9884.789264 10292.51002 10204.35721 11028.92327 11224.34144 10657.3417 11433.44277 10933.40354 10413.17773 11018.48361 11227.24205 10585.19513 10889.81655 11616.62654 11106.63592 11867.14766 11007.70298 12253.17137 11161.96989 11318.27172 11399.46035 11973.80521 10967.33588 12170.35381 11981.90493 11230.57603 10567.32021 11465.47487 11989.38458 11051.30086 11265.54126 11681.18524 11105.04851 11168.49786 10825.64447 11300.30444 12143.33548 10592.56528 11413.4514 10835.33798 10906.01012 11012.53485 10799.71518 10136.95454 10586.72387 10816.82224 10295.24426 9829.282478 10052.35183 9651.222448 9665.59847 9347.20986 10482.82437 9511.162083 9678.537186 9600.676376 4528.906927 0 0 0 0 0 0 0 0 0 0 0 0 
0 0 0 0 0 0 0 0 0 0 0 0 4128.431463 7976.732129 8422.526333 8461.188469 8904.642545 8884.58431 8736.543872 9545.455962 9424.271029 9516.973737 9442.123903 9732.75584 9528.036966 10116.93502 9317.672152 10150.94524 10087.56473 10281.05435 10546.56276 10353.52739 10328.8292 10693.86637 10660.13521 10785.61191 10696.78029 10686.12248 11409.03967 11513.37471 10507.1472 10761.76934 11760.59916 11523.37222 11186.74276 11690.9705 11069.52732 11651.76859 11339.62753 11053.43123 12382.22166 11480.56533 11476.18087 11371.18962 11878.61148 11303.24875 11059.05614 11573.4641 11050.2323 10851.98465 11593.2422 11420.09154 11335.35377 11131.81298 11103.48822 10216.47561 10637.52939 10811.06924 10924.73722 11657.16491 10046.39088 10502.16759 9715.146473 10300.41188 10830.63878 10677.71385 9909.818766 10013.15631 9872.206186 9818.028666 9309.606634 10104.2298 10054.83221 9271.248315 9338.199726 9277.994083 9468.945969 5240.385284 0 0 0 0 0 0 0 0 0 0 0 0 
0 0 0 0 0 0 0 0 0 0 0 0 4156.69993 8782.690033 8480.160256 8162.479122 9064.501866 9382.617584 9095.827721 8795.58094 9552.232427 9067.496809 9384.102015 9844.603058 9458.618663 10045.16383 9550.73095 10139.27122 10542.56117 9974.88086 10575.05102 11586.63957 11218.21483 10504.64732 11289.15012 10764.63587 10816.09501 10671.98113 11178.06068 11977.72194 10960.24896 11014.44887 11572.11388 11054.61114 11612.40107 11262.86425 11658.4905 11232.19808 11504.39514 11489.4187 12007.04787 11054.33685 11830.49289 10976.83969 12190.8343 11262.45156 11814.03608 11585.92775 10884.37118 11205.21217 11248.30189 11769.41218 11083.37103 11040.74946 11422.10864 10551.08531 10925.118 11471.15296 10888.64614 11064.12621 10487.67297 10904.62513 10793.0569 10779.5689 9702.30395 10829.39462 10534.79422 10800.34555 9943.478096 9706.615149 10076.41848 9665.848428 9630.384978 9547.12977 9348.191885 9958.108701 9970.285201 4946.662786 0 0 0 0 0 0 0 0 0 0 0 0 
0 0 0 0 0 0 0 0 0 0 0 0 4574.082085 8851.218486 8684.359664 8293.522437 9043.289675 9197.026291 8713.911658 9445.912757 9065.083059 9072.292114 9728.32959 9101.356022 9566.959158 9880.438531 10260.38442 9534.849283 9781.279453 10864.49651 10310.07469 10593.43735 10904.71731 10009.05077 10424.39977 10699.69803 11323.91448 10408.60136 10531.50779 10679.56993 11281.62387 11491.97881 10673.10497 11399.76787 11433.25688 11771.97834 11533.36669 11463.72891 11805.5467 11200.95533 11881.22338 11527.04582 11506.92223 11756.06565 11982.54593 11100.88147 11370.45746 11198.84019 10506.11612 11273.88956 11553.0975 11859.18956 10967.08324 11865.90937 10773.59644 11333.67767 11727.9029 10993.26844 10805.37863 11083.08643 10533.32369 11231.74597 10676.56919 10914.73297 9809.9283 9772.724775 10175.77168 10764.00753 11050.21218 10774.58889 9978.828268 9560.061601 10132.38916 9394.838379 9373.001353 10019.76022 9592.185514 4503.415615 0 0 0 0 0 0 0 0 0 0 0 0 
0 0 0 0 0 0 0 0 0 0 0 0 3969.890539 8822.922847 8896.229571 8286.4457 8431.784504 8713.353856 9074.297375 8467.359243 9352.134463 9842.687958 8955.19528 9894.595732 9271.712524 9629.275738 9776.745975 9490.32189 10071.98301 10248.78153 10392.32014 10498.72015 10303.08056 10885.35978 11039.41195 10302.47441 11360.20279 10819.32294 10349.68124 11355.97498 11193.71396 11329.35167 11818.60952 11433.1642 10992.05721 11665.16919 11487.79471 11564.30141 11287.97001 11731.80856 11992.51586 12078.64851 11524.04475 11408.64334 11255.70353 11089.14247 11209.12325 11773.3983 11884.58609 11210.82508 11456.05447 10903.13553 11860.46135 11270.20543 11473.41652 11560.30331 11082.73373 11133.65793 10915.61053 11020.68529 10841.15525 10872.09382 12042.77055 10904.69776 10176.41115 10306.36423 10479.48185 10416.08008 10222.00894 10196.24295 10117.53001 9649.615649 9918.551719 9596.096563 10751.50464 9865.359014 9510.773572 4833.617391 0 0 0 0 0 0 0 0 0 0 0 0 
0 0 0 0 0 0 0 0 0 0 0 0 4375.710082 7813.108935 8461.678452 8975.41742 9154.826535 9184.886088 9410.088653 9106.022506 9713.622772 9446.557223 9546.708301 9431.3143 9788.185039 9701.264733 10092.43079 10350.6266 10011.70481 10535.70107 10865.64698 10700.89336 10868.53738 11384.76192 10639.4303 11698.30009 11168.75106 11107.92338 11280.44784 10973.58287 11009.30496 10810.04854 11163.80787 11687.53379 10742.77937 11442.24983 12013.10809 11989.34048 11951.00659 11429.89937 11316.77264 12184.79922 11833.05815 10605.19418 11346.95211 11501.83736 11119.73209 11888.32085 11843.92468 11517.79621 12077.21692 11159.10837 11433.48648 11214.25613 11256.1001 11251.71666 11900.20075 11468.26841 10549.00785 11377.46616 11571.50289 10723.88924 11180.9774 10870.20344 10477.02381 10573.13291 10737.89572 10782.94176 10592.63995 9835.304395 10045.81575 10001.92131 9747.118085 9810.366068 9533.294154 9766.832613 9057.195881 4734.971891 0 0 0 0 0 0 0 0 0 0 0 0 
0 0 0 0 0 0 0 0 0 0 0 0 3897.015215 8262.638922 8799.848428 8713.375504 9365.175705 8421.623358 9100.188437 8738.368571 9445.238545 9389.043001 9144.702774 9828.365508 9762.452599 9764.799095 9898.859575 9843.991084 10446.19168 10231.15959 10223.96108 10616.77689 10227.49756 10653.06532 10870.7499 10914.52959 11201.6813 11083.24814 11452.90942 11220.44871 11376.65995 11401.32567 10488.40138 11752.64164 11475.45365 12043.76391 11398.58394 11457.5889 11570.31141 11141.02559 11462.70056 11333.38142 11536.23807 10730.84014 11103.66211 12278.44093 11551.35126 11640.94201 11136.61022 11606.39837 10948.88803 11721.21682 11416.02993 11012.77839 11135.63499 11355.55473 11712.43804 10974.34428 10621.95141 10957.12127 10665.88883 10919.32383 11097.51471 10649.96388 11010.24076 10356.84133 11094.52675 9814.335162 10288.00103 10489.36035 10233.16405 10649.5714 9358.327783 9663.146016 9134.823245 9276.633836 9419.468453 4649.832952 0 0 0 0 0 0 0 0 0 0 0 0 
0 0 0 0 0 0 0 0 0 0 0 0 4263.048507 8348.999962 8939.110023 8755.526756 9288.855578 9312.302114 8665.233019 9597.83852 9938.267683 9868.528978 9191.355673 9459.672405 9967.358066 9494.391897 9767.24584 10311.81771 10534.38508 9885.475794 10017.4797 10091.85563 10753.14462 9884.27575 11632.2057 10434.58368 11355.1693 11193.60501 10797.14797 11002.80467 11069.39052 10561.35012 11711.1452 11286.45343 11414.18626 11341.20349 11795.48404 11523.51118 11768.73144 12200.19891 12206.06567 12227.70308 11518.71897 11583.04505 11920.30854 12034.66343 11368.1431 11963.30398 11063.09564 10947.81109 11000.90343 11728.80146 11362.94426 11362.28227 11802.60143 11145.75843 11081.53382 11057.45837 11005.31053 11685.16025 11188.38047 10987.02967 10491.00143 11181.43928 10926.38953 10088.62448 10650.40424 10461.08656 10396.36614 10124.97816 10544.85342 9394.210087 10541.88145 10019.16212 9415.047284 9456.766511 9044.61383 4373.414574 0 0 0 0 0 0 0 0 0 0 0 0 
0 0 0 0 0 0 0 0 0 0 0 0 4425.381864 8141.119322 8817.375057 9586.467712 8914.341159 9733.26606 8875.49044 8897.204075 8747.531428 9172.62483 9454.74496 9921.553881 9751.181001 10582.74912 10161.16025 10240.27423 10285.73129 10094.90713 9907.021484 11101.69598 10568.18281 11158.65427 11011.12614 10365.41829 10990.61312 10410.59926 11667.75252 10935.6547 11000.20256 11289.3439 11454.68511 11546.8523 11519.4966 11132.84023 10930.4999 11426.47203 11010.25334 12298.80076 11435.37741 11678.25021 11352.61627 11726.22241 11807.99213 11993.93228 11281.79314 11769.11274 10993.1837 11895.36255 11794.42309 11641.43381 10619.73781 10739.37786 11534.19445 10793.27291 10749.0301 11183.04436 10885.76494 11320.43314 10704.85824 10833.16548 10750.82495 10980.02522 10801.68198 10521.57592 11059.10312 10545.78797 10335.77375 10239.66342 9955.387891 10381.89711 9876.674192 10045.84056 9584.466251 9675.869442 8870.940239 4586.935045 0 0 0 0 0 0 0 0 0 0 0 0 
0 0 0 0 0 0 0 0 0 0 0 0 4127.264572 8072.639678 7900.899651 9141.451574 8385.163667 8994.271061 9254.575224 9574.94657 9561.46826 9622.079339 9413.388995 9030.652873 9380.710667 9672.606091 10004.66356 10257.9838 10203.11226 10095.37589 10196.37278 11495.11737 9935.936425 11040.94723 11472.04995 10828.86176 10657.18783 11005.0217 11141.78317 10963.06928 11220.24613 11798.15812 11638.39757 11723.88063 11350.18503 11119.55137 12169.57406 11714.18628 11378.33872 11599.3824 11813.40397 11087.75749 11600.44801 11648.23241 11337.12593 11459.87141 11846.04133 12584.70455 11809.29693 11352.90365 11275.78147 12357.16099 11350.26259 11318.10519 10599.14378 12261.78612 11734.74478 10679.84683 10834.36899 10700.9833 10647.53068 10883.73167 10779.42998 10871.00562 11593.33386 10712.77033 10253.2444 10286.72454 10651.05876 9957.309135 10052.21805 10070.08109 10368.44401 9765.238187 9254.040705 9939.145302 9533.274822 4680.640985 0 0 0 0 0 0 0 0 0 0 0 0 
0 0 0 0 0 0 0 0 0 0 0 0 4243.82184 7451.504308 8413.294263 9190.354105 8697.433325 9194.329625 8858.935218 9423.625151 9846.777372 9224.88406 9330.21935 10068.02006 9579.906018 9705.069862 9921.801239 10267.55694 10500.42644 10337.62653 9876.881467 10053.24812 11044.40931 10775.88968 10896.33041 11148.63668 11347.39895 11099.88235 11089.26422 11057.55523 10936.80965 10272.75171 11643.59015 10679.78964 11287.76416 11376.13814 11460.06939 11253.40353 12137.18603 10957.76595 11206.71985 11897.0955 11708.65054 11495.20917 11261.33223 11980.49907 10738.51231 10904.31117 11905.97964 11357.72138 12173.53191 11420.06389 10872.3311 10924.73703 11447.75382 10885.09529 11178.42061 10916.63949 10819.23207 11027.06537 11050.06745 11144.9588 10211.54653 10528.17873 10569.41061 10397.51449 10148.87438 10120.40874 10411.53377 10719.52404 10508.55218 9808.960382 9526.650141 9621.432594 10270.40781 9810.603396 9600.937035 4938.682901 0 0 0 0 0 0 0 0 0 0 0 0 
0 0 0 0 0 0 0 0 0 0 0 0 3883.8801 8278.783269 8176.001829 8252.666478 8403.885428 9173.184497 8966.625706 9252.320254 9355.024609 9198.997546 8830.779571 9533.544672 9470.857292 9346.113196 9826.118447 9556.751559 9955.941842 10710.79553 9897.38349 10970.85519 10363.90665 11354.3678 11157.55182 10759.40151 11331.38308 11074.79049 10334.47599 10732.70999 11181.01551 11025.51233 11659.64843 12314.50884 11996.83363 11606.51248 12313.3853 11771.00107 11133.81866 11681.66759 11632.58519 11676.00301 11440.12554 11662.3222 12280.20562 11306.09353 11665.80176 11856.85086 12141.95274 11596.73701 11520.81789 11573.98964 10955.58053 10855.32835 11311.41214 11093.91498 11683.60793 11617.38961 11041.02288 10910.632 10847.68432 9980.802448 11009.70058 10316.82629 9740.173236 10541.88462 10617.19336 10764.80213 10625.08536 10073.77717 9834.480391 9778.077095 10007.60603 9751.692774 9211.316835 8636.87915 9432.408032 4172.535907 0 0 0 0 0 0 0 0 0 0 0 0 
0 0 0 0 0 0 0 0 0 0 0 0 3689.261181 8047.500743 9244.865796 9019.062294 8886.178977 8878.945807 9697.820164 9505.102087 9415.518424 9005.452091 8997.263257 9752.085145 10228.5669 10318.71046 10103.91601 10378.03661 10271.20137 10659.5178 10248.42103 11148.24897 10547.98621 10010.0246 10768.09653 10467.23787 11289.87337 11299.36964 11364.01743 11915.64502 11122.8679 11851.46446 11378.5749 11431.99785 11507.44775 11025.80307 11611.73613 11552.58656 11140.88364 10970.97249 11625.34136 11279.51159 12568.7755 11147.04515 11161.38528 11435.12298 11016.11623 11366.02237 11156.93042 11502.27464 11266.35877 10351.46748 11197.37062 11296.91303 10848.14901 10555.75972 11127.80951 11273.47947 11289.54896 11477.73068 11434.31428 11012.32174 10435.63125 10873.50431 10215.93525 10350.43577 10524.84059 10724.14452 10216.02778 9844.932834 10089.50964 9503.540346 10070.56133 9620.805188 9736.958966 9020.804199 9950.937529 4663.559013 0 0 0 0 0 0 0 0 0 0 0 0 
0 0 0 0 0 0 0 0 0 0 0 0 4336.161337 8653.153937 8709.968242 8330.008969 8774.180283 8471.34072 9261.446156 8675.626488 8944.391819 9191.691111 9208.499423 9753.044679 9234.209001 10251.36994 10012.61023 9697.213814 10481.40378 10299.11749 10089.05099 10121.56944 10720.48012 9884.785609 11145.62688 11081.05536 10915.49535 11569.02085 10688.37825 10501.58139 11506.63372 11379.43573 11124.5553 12180.79462 10526.51696 11538.21924 11408.96623 10821.54015 12079.82749 11042.56124 11480.96115 11394.22089 11429.44545 10637.95777 11827.42943 11656.48748 11125.10669 12107.34394 11966.84807 11511.588 11360.87259 11800.67987 11637.12838 10582.4669 11358.41167 11535.93188 11082.08229 10320.91237 11910.58925 10977.18917 10411.30988 10461.31437 10993.93021 11071.10008 10363.42904 10707.51297 10107.1884 10515.59591 10428.26321 9895.787792 10406.41999 9292.310457 9569.451828 10414.56589 9108.972523 8912.209606 9537.717294 4992.402076 0 0 0 0 0 0 0 0 0 0 0 0 
0 0 0 0 0 0 0 0 0 0 0 0 3780.450455 8475.502469 8664.18873 8660.389707 8441.389643 8337.128292 8640.285152 8674.680214 9712.073207 9676.596135 9344.774366 9460.626077 9277.327228 9260.890089 9640.523917 10231.35973 10222.21101 10640.55744 11227.77747 10512.96563 10795.55811 9907.524832 10825.47878 10861.2035 10689.90847 10815.91263 10563.3171 10639.50536 11203.02889 11549.80468 11170.58567 11334.40759 10996.79651 11261.41039 10778.68934 11658.97306 11131.99384 11360.83708 11859.69153 12101.83282 12033.04358 11188.69847 10845.38536 11428.50747 10942.41895 12246.31883 11557.58557 11980.70126 10974.65917 11231.75021 10851.77239 12218.06823 11288.6554 10762.81812 11163.76438 11090.44099 10748.13117 10769.4598 10986.33313 11224.65059 10462.61912 10397.64127 10948.20082 10529.873 10696.03415 10352.11484 9628.399387 10436.72328 9611.594475 9896.228759 9649.055497 9822.499001 9424.511157 9762.149297 9514.301712 4849.512596 0 0 0 0 0 0 0 0 0 0 0 0 
0 0 0 0 0 0 0 0 0 0 0 0 4150.666194 8827.223581 8543.701271 8622.25153 8741.530076 8669.278584 9114.328904 9434.471539 8590.676757 9238.390447 9219.378412 9815.174466 9383.365245 9562.576186 9619.535926 9880.979362 10477.63384 10343.77119 10771.7129 10480.28445 10218.42502 9741.150429 10542.12205 10608.52062 11047.12738 11116.86695 10650.26839 11098.42172 11906.38597 11581.65332 11599.4234 11130.84721 10837.4235 11062.99041 11521.14981 11222.66065 10986.11215 11492.01624 11848.03223 11592.37872 11609.44767 11799.26662 11501.96188 11344.51537 11462.77944 11699.10032 11248.71755 11663.93985 11266.98435 11203.95104 10779.99347 12064.27336 10691.87562 11280.56191 11120.29032 11007.09481 11153.22515 10307.8947 10517.6358 11658.69645 11063.04632 10660.24729 11008.53061 11038.3788 11145.00431 10646.0647 10651.88735 10034.95085 10045.26135 10132.50156 9845.46018 9341.429539 9232.908325 9631.369794 9768.661786 4744.148493 0 0 0 0 0 0 0 0 0 0 0 0 
0 0 0 0 0 0 0 0 0 0 0 0 3985.935086 8399.375031 8370.249599 8659.044213 8743.402706 8338.042226 9235.049464 9117.603782 8805.084965 8730.674694 8968.497033 10136.29808 9525.529238 9665.373759 10029.06031 10505.10609 9818.555127 9864.479188 10446.47939 10594.6442 10305.64899 10840.31456 11219.75303 11185.10049 11054.78891 10961.86656 9904.160167 11081.61169 10785.77309 11448.53499 11327.67192 11944.06071 11929.74392 11383.80142 11428.29944 11070.63075 11078.12313 11294.77242 11425.5917 11472.74964 11284.00967 12341.71063 11536.25672 12160.88039 11208.85682 11395.78284 11142.34546 11430.11821 11345.30478 11542.03867 11906.90396 10567.79158 11214.38122 11290.28368 11900.52128 11461.17546 11308.13445 10732.44421 11202.63331 10631.26266 10628.29715 11219.0523 10748.16665 10330.58118 10344.6142 10452.09267 9782.08259 10150.91648 10201.72764 10419.72392 10626.76714 9892.422132 9643.122647 9596.855978 9365.750597 4241.045587 0 0 0 0 0 0 0 0 0 0 0 0 
0 0 0 0 0 0 0 0 0 0 0 0 3929.422229 8465.040766 8621.222262 8512.584717 8218.444387 8479.201232 9518.316689 9260.44546 9481.135267 9624.281205 9597.614518 9362.81215 9837.601687 9855.53153 9992.260076 10116.05217 9971.246092 10827.00348 10665.73099 9872.550494 10548.64785 9638.86176 11100.9904 10582.65819 11048.06023 10744.44332 10541.38468 11038.08166 11548.54135 10645.41412 11622.24106 11153.6088 11351.29673 10985.45934 10989.9003 11768.03625 12014.52814 11392.11509 11324.45894 11549.87596 11131.31569 11557.82003 11332.85671 11189.25176 11656.89111 10850.05336 11023.30808 10279.8885 11719.39407 11725.16739 11384.98579 10842.61401 11400.09872 11381.38936 10654.76666 11146.92366 11327.10164 10839.4614 11480.06177 10675.97858 10729.38299 10593.09118 10307.45636 10307.78374 10571.9421 9994.749605 9569.672172 10497.46149 10371.18128 10041.91411 9412.840725 9549.652033 9947.158363 8903.413004 8999.62564 4444.220108 0 0 0 0 0 0 0 0 0 0 0 0 
0 0 0 0 0 0 0 0 0 0 0 0 4044.250496 8169.195021 8756.757507 8811.751505 9059.103248 8588.280834 8556.758052 8497.762755 9087.627123 9269.199254 9541.429716 9967.111986 9482.75514 9495.925926 9412.583029 9238.159319 9666.116015 10178.93501 9722.973207 9706.602065 10590.06659 10276.48815 11239.26037 10571.2358 10715.42794 11364.85423 11363.63079 11537.6391 10918.54612 10638.02328 11186.6401 11458.46301 10786.62024 11230.57701 12173.81948 10986.63462 11178.30061 11159.19749 12290.40397 11268.63997 11722.32883 11857.05677 10771.80968 11732.33874 11647.78379 11190.27594 11249.27929 11761.18105 11359.58807 11505.56004 11439.32206 11222.61848 11244.55325 11368.56594 11681.5353 10969.16692 11756.96059 10813.0608 11523.87508 10531.51005 10355.44081 10953.66001 10408.15673 10682.4728 9962.771166 10373.80034 10161.60285 10140.91379 9281.273984 9641.665214 9661.787806 9064.468237 9517.68454 9467.66611 8650.625576 4780.13744 0 0 0 0 0 0 0 0 0 0 0 0 
0 0 0 0 0 0 0 0 0 0 0 0 4773.156992 7954.897416 8332.623971 8372.460753 8942.684391 8728.939083 9387.62665 9540.069617 9369.798621 9105.376539 8579.817117 10320.16799 9189.363111 9287.425129 9689.00744 10000.53086 10226.60392 10977.86007 10533.11232 10882.44694 10157.57553 11086.40171 10846.33753 10779.13467 10916.77573 11277.96445 10592.24752 11708.88517 10456.38109 11076.67942 11231.87034 11611.007 10748.8065 10670.18891 11462.1756 11588.00769 11224.06119 11219.83658 11277.74853 10735.75065 11824.35541 11650.61821 10965.96699 12170.62466 11605.00236 12052.86836 11531.19378 11320.73755 11367.57906 11090.75852 11073.5888 11635.89987 10762.32262 11391.91581 10759.10325 11111.50072 10824.9313 11492.40977 11151.73905 11170.74257 11327.43204 10752.29226 11126.2518 9619.016666 9805.999025 10273.56223 9939.355154 9955.6546 10045.43471 9888.189675 8899.223808 9829.412757 9733.466607 10074.18973 9212.123542 4474.022994 0 0 0 0 0 0 0 0 0 0 0 0 
0 0 0 0 0 0 0 0 0 0 0 0 3827.382789 7922.666054 8844.141784 7785.631645 8698.218209 8347.976552 9071.88585 8416.928129 9316.901133 8983.931973 9626.603895 9846.82274 9622.119043 9614.143714 9823.256771 9987.647561 10180.98161 10484.38766 10455.32204 10597.1713 9988.208966 10898.54639 10456.58453 10197.31857 10536.91809 10746.38553 11068.16342 11532.57145 10955.94381 10486.65562 11522.19438 10661.40805 10949.14416 10759.63056 11658.95996 10915.31647 10815.54101 11471.06319 11186.33749 11812.21201 11188.00308 11053.61754 10999.36004 11536.11084 11439.83003 10652.34478 11124.89891 11256.16322 11732.27003 11524.07237 11408.89232 11663.29656 11474.53637 11096.52594 11092.42417 10699.67587 10664.02367 10314.06845 11083.30453 10723.47493 10520.86989 10917.04322 10554.36519 9984.357305 10030.28603 9992.473961 9843.488208 9977.425214 10442.39919 10070.74121 9540.060375 9544.421986 8880.091813 9203.285953 8791.250858 4813.102403 0 0 0 0 0 0 0 0 0 0 0 0 
0 0 0 0 0 0 0 0 0 0 0 0 4182.916902 7954.589708 7901.908743 8335.288931 9124.688413 7938.388887 8794.644106 8572.738318 9350.084532 9369.747472 9207.207238 9248.249474 9690.374733 9874.161572 10092.63947 9457.688961 9873.406471 10216.4023 10245.42713 11062.03306 9772.325123 10534.73245 10946.65112 11049.83925 11238.20248 10499.73521 10883.63504 10992.52964 10317.85677 10923.25066 10800.34746 11260.89485 12146.03839 10753.166 11161.03437 10966.43743 11144.07323 11254.15507 11286.57568 11059.44494 10511.96858 11520.48098 11412.24526 11121.99114 11264.94754 11405.25058 10855.31701 11605.49091 10857.94502 11419.54669 11342.91867 11177.132 10595.14108 11424.37453 10658.92503 11232.51023 11256.27951 11084.18518 10806.75767 11060.09817 10585.28238 9587.853912 10273.6485 10565.3226 10627.1394 10270.78835 9810.801842 9664.396275 10479.72708 9345.048101 9704.770916 9842.770251 9170.639719 9396.034682 9505.66446 4739.017133 0 0 0 0 0 0 0 0 0 0 0 0 
0 0 0 0 0 0 0 0 0 0 0 0 4111.013746 7659.380304 8113.289119 8641.145072 8579.726009 9184.221955 9102.602605 9095.924538 9367.983757 8418.096117 9008.740279 8667.985184 9042.189773 9858.184477 10628.01478 10463.03099 10363.23886 9364.808639 9948.431596 10344.75132 9548.312378 10032.24567 9943.435318 10579.87563 10872.73391 11178.56611 10439.94281 10500.86546 10714.28325 10895.52363 11837.89173 11813.45241 11265.39361 11345.69126 10516.8576 11142.53358 10913.81673 11508.76837 11019.68065 11909.91499 11488.06607 11386.86848 11320.79125 11460.00463 11266.99706 11620.2797 11246.24782 11188.77308 10761.98346 11376.2058 11148.40765 11265.91954 11471.716 10769.32476 10533.80691 11172.55096 10950.07491 10368.75092 11845.92692 10514.24448 10663.10806 10644.00029 10239.90331 10480.73017 9921.902221 10108.82427 10712.23765 10124.26936 10005.08993 10027.45301 9812.659395 8801.549336 9416.896448 9283.169073 8727.561839 5116.199214 0 0 0 0 0 0 0 0 0 0 0 0 
0 0 0 0 0 0 0 0 0 0 0 0 3949.02395 8284.092275 8259.141571 8461.584772 8608.980718 8938.312119 9236.410271 8471.948053 8360.720275 9242.917277 8779.117483 10088.91455 8944.673074 9902.171433 9329.837711 9167.671094 10129.69896 9782.790164 10608.4231 10620.33978 10454.83437 10192.79168 10635.33681 10874.18102 11104.34932 10863.1131 10806.45185 11106.22994 10849.12362 11390.33591 11792.83064 11445.63969 10949.02067 11439.21539 11412.02715 11608.41366 11099.81179 10891.26883 10950.63987 10824.64348 11277.07906 11391.32264 11487.24023 10578.55843 12158.57814 11292.53856 11495.35094 11429.57459 11106.98625 10675.14148 11508.24129 11358.39789 10962.55257 10459.99571 11367.72355 9975.318008 10678.55053 10727.25878 10828.1621 9871.782478 10178.40182 9924.099779 9491.037936 9949.870753 10093.06042 10229.29619 10317.14891 9639.10101 9375.071233 9486.979451 9372.462154 9478.056544 9294.128162 9397.719387 8986.52065 4312.250962 0 0 0 0 0 0 0 0 0 0 0 0 
0 0 0 0 0 0 0 0 0 0 0 0 4280.721299 8253.759167 7736.466208 8245.354347 8484.468647 9081.385151 8408.419236 9193.309984 9140.820761 8890.923594 8884.153301 9360.285887 9509.479656 9661.16548 9338.504693 9623.633413 9926.510161 10263.8497 9878.998008 10068.69218 10452.53852 10540.06113 10089.20102 10724.61849 10766.29619 10512.36456 10109.59757 10797.75816 11114.59407 10900.58152 11030.94003 10817.9465 11073.37717 11432.40983 10721.07856 11197.19267 11716.65286 10985.82192 11413.35897 10939.52312 11405.82527 10792.89791 11577.02042 10882.59761 11066.67515 10639.99663 10816.0551 11754.53795 10962.31441 10944.90565 11066.63788 11430.27599 10757.08571 10728.21824 10096.49607 11116.7936 11486.18062 11057.17123 10606.09059 10409.41799 10272.79209 9443.328191 9551.895657 10441.72969 9462.569481 9737.441228 9831.438323 9645.356661 9653.728582 9028.757588 9799.563942 9593.794785 9239.875482 9126.780645 9020.351897 5113.971136 0 0 0 0 0 0 0 0 0 0 0 0 
0 0 0 0 0 0 0 0 0 0 0 0 3855.011619 7971.303614 8089.40766 7815.123069 8598.580479 8836.502242 8468.16315 8982.875823 8919.597757 9775.970937 8951.181138 8951.8511 9438.944804 9939.526292 9737.190731 9655.338315 10780.51196 10390.04594 10342.43577 10064.9853 9734.152564 10354.19412 10887.61634 9793.880756 10975.85945 11288.55537 11051.6188 10336.08756 10690.58328 10326.77935 11497.90223 10282.5053 11162.9416 10963.27823 11366.02588 11245.89474 11805.72098 11914.18922 10956.77427 11480.78631 11526.80861 11089.78268 11567.89241 11364.77027 11222.11599 11308.64227 11081.71528 10778.19658 10597.28639 10671.87021 10927.96706 10493.40765 10154.18609 10735.80593 10443.0309 10674.9855 10104.07778 10416.44203 10907.2373 10550.64094 10499.80009 10552.97903 9682.276642 10555.67897 10158.22799 9873.052901 10173.33751 10031.36391 9300.535193 9709.046173 9209.451655 9415.462753 8988.642294 9366.512941 9611.336603 4373.591052 0 0 0 0 0 0 0 0 0 0 0 0 
0 0 0 0 0 0 0 0 0 0 0 0 3957.309505 7859.71301 7739.385688 8410.864188 8692.240738 8762.037157 8850.150408 8671.437447 9493.2026 8733.149263 9051.616032 9726.292356 10146.75886 9715.145153 9168.598343 9413.916426 10025.15638 9828.519602 10423.97468 9658.161031 10097.89231 9832.755978 10153.52141 10098.37864 10611.20855 11134.43671 10479.29612 11354.9712 10660.7391 11150.78735 10494.821 11191.3179 10133.12409 11566.53324 11308.41356 11561.35849 10843.25266 11068.78544 11421.5789 11688.1428 11596.15149 10719.014 11477.87436 10774.09334 11137.24006 11399.67412 11418.37322 11543.84327 10782.80542 10426.23669 10900.31268 11270.50464 11394.7449 11018.71533 10484.60399 10438.11332 9935.627877 11005.06549 10201.4799 10793.9214 10225.82 10220.76473 10150.7883 10218.81335 10074.52105 10084.68104 9859.073074 9510.081756 9569.887879 9578.642574 8998.63893 9158.790308 8997.208954 9134.927512 9851.890531 4323.328821 0 0 0 0 0 0 0 0 0 0 0 0 
0 0 0 0 0 0 0 0 0 0 0 0 3883.257342 7396.476976 8424.586235 8372.909068 8466.991537 8143.775618 9027.054183 8301.495709 7909.172675 9316.04173 8755.862482 9359.538435 9726.750016 9378.993232 9245.670815 9382.836439 9324.401647 10258.20524 9643.678673 10210.48105 10665.45658 10838.20872 10629.06612 10137.08847 9845.711636 9527.433442 10596.14417 9990.370858 10375.47882 10559.50885 11167.24068 10658.02641 11480.01771 11555.93185 11389.26881 10428.60167 11394.60308 11317.29105 10675.0153 11377.04988 10736.46418 11164.19582 10616.72872 11140.20987 11905.95766 11250.3471 10803.98573 11485.35984 10976.64998 10395.02405 10698.70184 11630.97468 10945.00011 10157.50542 10339.88267 10237.87318 10487.01777 10699.24537 11098.09088 11016.9014 10302.82354 9959.556215 9677.689145 9792.71937 10348.22534 9597.859082 9616.324956 9226.09209 9953.586547 9489.555908 9543.97832 9073.37498 9514.447571 9148.887708 8806.658448 4146.556195 0 0 0 0 0 0 0 0 0 0 0 0 
0 0 0 0 0 0 0 0 0 0 0 0 4254.906745 8175.126548 8065.828303 7717.985793 8715.295415 8669.467621 8637.968976 8706.923479 8630.13627 8771.009169 9371.455765 9330.057157 9123.014765 9372.675337 9358.518047 9665.452304 9373.993893 10360.53382 9635.065282 9766.920775 10197.67215 10578.18472 10588.63316 10263.58344 10733.28918 10510.1004 10284.06043 10139.67152 9662.643293 10964.75613 10087.19723 10881.54452 10819.67559 10863.3212 10471.19853 10366.8314 10116.29569 10483.96715 10515.78373 10984.26524 11194.21634 11371.57215 10827.59202 11318.15791 10833.67791 11138.27495 11193.24833 10790.03789 11640.93607 10356.01477 11060.67547 11218.47602 10674.19723 10787.82364 11175.73644 10802.8402 10910.67315 9867.278996 10279.27814 10567.0455 9684.369546 10093.87653 9783.237347 10140.37951 9505.466449 9766.54132 9285.013184 9910.863971 9247.10796 9137.783538 9614.412623 9616.331421 9215.430616 9143.654329 8624.519496 4826.99396 0 0 0 0 0 0 0 0 0 0 0 0 
0 0 0 0 0 0 0 0 0 0 0 0 3977.99254 7430.80151 7646.786497 7925.052178 8339.685872 8306.921266 8679.469488 9249.194825 9127.542146 9417.873544 8313.746244 8933.951032 9872.965277 9388.472072 9255.974339 9391.040355 9847.691771 9875.210086 10679.34851 9617.852103 10090.45131 9934.794432 9495.055074 10570.55871 10046.94604 9987.514934 9914.376267 10294.79845 10645.38159 10469.5959 11086.34752 10943.43135 10611.90782 10286.84271 10997.74924 10866.85493 11223.46164 10410.02487 10803.9013 11498.24908 10559.53505 11015.46078 11514.14296 11431.64823 10946.26809 11009.89468 10518.92642 10781.56525 11118.95896 10509.3391 10782.00551 10583.95167 10671.26583 11008.36445 10602.98703 11163.62828 10377.33499 10451.17964 10332.01037 10257.41749 10131.13643 10327.83253 10194.12973 9418.633998 10455.13934 9715.110316 9226.016763 9648.6542 9510.494036 9255.125551 9028.987448 9611.66071 9226.477624 8635.73763 8415.648976 3905.509672 0 0 0 0 0 0 0 0 0 0 0 0 
0 0 0 0 0 0 0 0 0 0 0 0 4138.671324 8295.423676 7491.774908 7310.907155 7930.298005 8174.405251 8279.475882 8327.2614 8971.170778 8476.014349 8869.631523 8883.922365 8833.403192 9183.304612 9123.981757 9179.73967 9497.382972 9826.628593 9367.424519 9855.082357 9766.476275 9812.349362 9786.119638 9971.421339 9683.538081 10032.68993 9953.847436 11246.61751 10761.05348 10526.72463 10634.25059 10843.27693 10546.54095 10787.27884 10002.88727 10601.06947 10362.21558 10020.3788 10899.13233 10626.55991 11011.07824 10510.61908 11130.03423 10985.16082 10699.61525 10924.43248 10597.54191 10892.75308 10514.06852 11069.52738 10417.69834 10648.21974 10692.38027 10463.31529 10780.65816 10622.18451 10135.23492 10103.39142 10569.92668 10028.54997 10202.38263 10048.23992 10335.26908 9909.090972 9453.82519 9783.141821 9349.773997 9299.044384 9225.74311 9540.289212 9204.910622 9033.415355 9356.275969 8996.471758 8914.501063 4216.618856 0 0 0 0 0 0 0 0 0 0 0 0 
0 0 0 0 0 0 0 0 0 0 0 0 3691.520112 7567.485155 8139.785468 8308.190557 8004.636024 8187.142435 8277.769322 8587.910251 8490.71798 8534.652815 8704.120451 8744.738624 8959.125915 9217.755693 9018.478671 9701.833499 9703.778092 9328.57674 9667.068047 9679.016656 9407.45701 10253.55431 9842.717806 10117.07879 9421.471674 10472.42047 10144.10711 10627.28492 10838.85895 10121.72104 10167.02233 10664.15584 10685.15608 10171.64392 10059.94758 10403.07438 10773.60385 10802.92326 10684.56294 10859.17789 10293.49613 10569.60928 10993.05916 10604.60991 11726.68766 10490.58854 11364.00553 11350.32935 10516.14582 10558.84993 10423.43499 10097.55257 10347.17936 10133.64527 10247.4303 10065.37636 10160.37328 10037.284 9743.788772 10137.90759 10417.60896 9689.012147 9864.821031 9888.208471 9474.934643 10294.94561 9326.763527 10025.50364 9162.71847 8794.03969 9668.002177 8993.232024 8693.7725 8525.37872 8472.428399 4778.029669 0 0 0 0 0 0 0 0 0 0 0 0 
0 0 0 0 0 0 0 0 0 0 0 0 3749.697121 7641.552434 7358.593077 7684.081826 8337.698383 8048.717892 7886.349471 8158.755569 8314.235731 9005.2124 9177.626229 9231.436655 8894.960212 9502.281965 9353.944796 9676.62366 9679.938492 9820.081221 9685.057194 9453.526418 9851.163554 9473.006397 9917.053256 9275.591963 9832.688062 10458.60668 10202.72758 9724.451936 10627.88926 10215.67389 10838.6032 10365.35152 10893.55569 10166.28885 10578.10612 10472.75781 10986.38989 10643.27675 10232.80941 10882.78796 11161.66768 9778.149722 10975.83829 10917.98067 10810.11951 10747.3607 10714.25804 11711.29199 9733.931935 10916.14244 10306.0316 11254.86459 10183.76984 10950.46979 10271.12785 10674.56467 10291.56059 10108.03809 10036.1805 10174.16999 9693.528045 10023.88417 10186.82779 9916.624137 9913.25358 9607.518918 9593.381884 9170.762158 8604.534452 8983.163927 9592.782806 8611.574811 8711.792932 8707.061893 8327.48427 4459.413175 0 0 0 0 0 0 0 0 0 0 0 0 
0 0 0 0 0 0 0 0 0 0 0 0 3840.995003 7603.188352 8200.38723 7887.77185 7609.887465 8176.444391 7731.882089 7761.117191 8503.542678 8688.1538 8470.423211 8855.117953 8907.388936 9514.3628 9151.834515 9366.071287 9160.854367 10135.39988 9823.954095 9950.684225 10207.64458 9553.974467 10015.02246 9327.709182 9845.958277 9913.802635 9760.765841 11074.02198 10654.73658 10552.96583 10274.69768 10222.1353 10766.56312 10727.30939 10804.29231 10680.89053 10772.88052 10405.31926 10661.40051 10534.35692 11007.72408 10139.5383 10732.90895 10148.90018 10808.65074 10133.38838 10558.02956 10353.1429 10457.101 10207.10524 10551.42796 10266.9938 10002.88235 10229.13713 10081.73657 9515.30624 9964.49868 10445.26257 10849.87237 10013.7631 9312.475115 9324.840854 9702.384995 10403.8664 9699.984732 8948.818599 9483.271402 9236.235989 9139.862232 8773.381558 9684.394418 9043.741464 8462.67325 8673.808059 8743.115173 4125.509404 0 0 0 0 0 0 0 0 0 0 0 0 
0 0 0 0 0 0 0 0 0 0 0 0 3684.958942 7625.616793 7151.229894 8071.669426 8190.507013 8150.213207 7864.564735 8081.583282 8902.115793 8923.831874 8383.326784 8785.239729 9048.949473 8555.338288 9245.754272 9105.994185 9577.264475 9176.727959 9857.920636 9438.05362 8970.60358 10558.45168 9827.251661 9585.714186 10029.23867 10063.02788 9482.212397 10018.27978 10688.29145 10947.7932 10229.43388 9797.316838 10426.79377 9875.873876 10246.41447 10357.82797 10577.17691 10646.39528 10797.81102 9815.273324 11164.96182 10402.43812 10378.70094 10360.56357 10376.48431 10195.49739 9633.826271 10545.72829 9910.979808 10712.79291 9908.152441 10108.75134 10019.30429 10069.69509 10555.67408 10540.06209 10400.06336 9640.228698 9664.692968 10068.77031 10098.06529 9555.777332 9462.350931 9436.779063 9726.151581 9092.488459 8748.371355 9087.309061 9862.834784 9261.084346 9060.034426 9129.206627 9035.281181 8594.831743 8680.005131 4574.24524 0 0 0 0 0 0 0 0 0 0 0 0 
0 0 0 0 0 0 0 0 0 0 0 0 3704.439026 7847.569173 7087.548153 7562.478843 8104.823138 8420.062957 8451.154586 8541.132745 8113.43449 8790.162355 8583.494019 9036.523557 8567.290651 9402.276025 9283.098829 9140.839573 8682.926867 9237.661906 9538.885999 9466.308613 9362.378924 9019.99588 9781.58089 10049.18424 9620.041966 10032.56338 9922.717513 10076.61177 10231.30351 10285.0708 9395.93422 10451.15599 10372.77911 10348.5482 10386.94426 10247.66583 10804.76965 9902.848841 10354.19882 9837.544998 11079.36208 10899.40161 10149.37895 10619.21014 10162.19717 10670.17197 9456.955823 10085.97368 10013.24757 10339.05057 10384.36298 9860.407704 10272.55349 10397.25709 10276.37748 10423.38919 10011.14811 10127.69494 9370.703623 9520.949102 9464.660707 10153.28289 9395.279258 9079.836303 9679.288745 9502.581016 9278.216466 8849.491349 9310.641289 8478.78609 9119.381076 7725.53561 8777.954731 8250.716604 8141.631503 4314.572398 0 0 0 0 0 0 0 0 0 0 0 0 
0 0 0 0 0 0 0 0 0 0 0 0 3747.754137 7315.339427 8182.894759 6820.623848 7721.194125 8014.575396 8155.239045 8241.885241 7875.712531 8428.213215 7931.764014 8255.7745 8384.575839 9377.669673 9017.274788 8636.4542 9230.723684 9038.316674 9564.05955 9369.453984 9675.483964 9494.482821 9685.20327 9610.018113 9612.689888 9905.380775 9827.395284 10529.54427 10615.21514 9883.449762 11067.89765 10430.06892 10763.83994 10487.77691 9837.842035 11173.50776 10647.46431 9591.088354 11024.4922 10547.4931 10538.03072 10386.15915 10191.10629 10766.29577 10325.75781 10551.73873 10138.90045 10876.5209 10951.73467 10266.23917 10432.91238 10285.21105 10656.91085 10072.59778 10092.88948 9702.235504 9846.927275 9973.496765 10318.20983 9994.723205 9445.814916 9727.334331 9340.243684 9286.025005 9089.861754 9409.138332 9284.63537 9282.331348 9381.21071 8330.424474 9120.340661 9138.726598 8043.201759 8366.690287 8305.489238 3969.953263 0 0 0 0 0 0 0 0 0 0 0 0 
0 0 0 0 0 0 0 0 0 0 0 0 3817.706797 7026.752536 7452.143028 7459.184284 7441.505705 7575.154477 7570.438845 8568.227479 8222.786233 7933.421977 8745.611543 8555.016977 8156.416253 8581.320386 8514.205254 8877.988095 9183.087684 9753.826451 9959.248849 9341.872514 9730.833888 9036.069211 9529.198236 9553.405485 9156.040647 9934.814381 9710.034148 9541.485547 9886.097942 9856.077817 10057.5538 9886.889865 10267.6159 9810.47209 9478.234779 10403.63536 10096.55501 10215.51568 10886.05275 10494.79488 10672.72119 10153.98402 9950.977166 10020.5985 10536.12694 10087.41059 9506.104307 10128.82975 9352.809758 10245.20786 10357.65357 9710.445413 10497.16675 9557.370639 9915.970346 10125.27695 10264.9276 9957.030979 9936.001118 8692.165735 9914.130165 9382.558896 9462.417334 9127.308423 8378.038349 9412.012902 8700.552013 9467.140365 9235.448597 9230.213338 8268.073604 8346.509102 7978.175497 7856.706089 8725.658491 4428.808493 0 0 0 0 0 0 0 0 0 0 0 0 
0 0 0 0 0 0 0 0 0 0 0 0 3826.182503 7194.042583 7937.331075 7222.886116 7912.080157 7521.459719 8294.049309 8583.481114 7929.557329 8177.109577 8026.977972 7774.599315 8476.677354 8569.509863 8769.52985 8171.690618 9317.822645 9273.110693 9185.314537 8990.170129 10089.80955 9476.410136 9191.31395 9963.327923 9512.926324 9984.925626 9861.210499 9859.509117 9742.540881 9730.007731 9610.022192 9913.798914 9721.786524 9947.809061 10102.45164 10287.34642 9908.381973 9378.542419 9964.007252 10065.61921 9645.135186 10311.22885 10650.43421 9979.939665 9209.201816 9933.987699 10018.28566 9911.349908 10165.54703 10061.59423 9590.900431 10240.09067 10009.5863 10164.55952 10553.11415 9621.938474 10381.53998 9563.307351 9684.193081 9880.679354 9407.539705 9508.058237 9865.684987 8798.979328 8926.401887 9115.682098 9049.606797 8869.97571 8419.689291 8370.275078 9276.97194 8169.444752 8629.174119 9046.633932 8709.211397 4149.058836 0 0 0 0 0 0 0 0 0 0 0 0 
0 0 0 0 0 0 0 0 0 0 0 0 3444.679983 7333.403545 7469.687691 7321.079453 8082.502362 8025.84758 7799.63865 7826.207857 7986.896736 8716.441722 7605.742455 7953.97758 7830.651314 8550.612366 8567.160814 9083.58922 8475.336586 8747.961818 9281.584247 8457.076786 9351.393245 9063.287039 9548.044165 8730.755633 9623.806463 9367.285516 9296.553171 9667.174375 9651.005561 9876.78208 9225.340691 9294.775416 9491.065423 10782.16548 9599.161564 10224.07494 9719.56332 10116.67827 10497.61924 9839.792147 10485.18377 9949.129358 10331.72869 10153.39438 9835.272268 10293.42328 10056.74404 9838.161425 9567.289139 10369.53397 9838.113733 10015.19995 9757.415499 10144.64357 8966.01593 9139.554 10202.34405 9932.28348 9301.286776 9663.646595 9704.496608 9057.997935 8923.240332 9042.962183 9004.05666 9200.206989 8974.447878 8654.606188 9046.29798 8429.920771 7747.519397 8765.334432 7408.732681 8142.618661 8158.202394 4175.449748 0 0 0 0 0 0 0 0 0 0 0 0 
0 0 0 0 0 0 0 0 0 0 0 0 3619.851118 6791.819798 7663.44256 7379.403407 7970.867578 7617.479927 7818.877762 7789.277435 8519.312161 8110.901013 8201.766256 8208.958803 8346.802066 8143.431688 7932.530996 8608.604804 8952.704898 9216.348681 8961.322514 9053.453939 9517.686282 9268.40824 8690.388742 9104.303614 8983.847336 9388.249646 9026.782033 9597.235518 9877.593458 9663.285773 10155.7226 9952.834632 8952.691052 9764.43372 9804.825243 9334.165776 10663.14654 9676.138832 9697.837234 9885.862551 9879.260499 9886.467841 9775.905638 10294.91421 9766.373326 9599.336699 10127.18771 10071.87625 9806.26471 9153.209815 9517.200471 10104.26214 9759.802911 9547.482393 9843.115868 10112.23436 9425.894627 10093.92272 9795.502119 9949.176939 9603.345271 9150.953546 9080.991859 9434.769643 9843.805651 8788.846466 8885.931939 7795.521201 8538.823799 8418.250019 8628.982946 8006.699403 8529.302855 7892.115755 8434.432253 3802.13127 0 0 0 0 0 0 0 0 0 0 0 0 
0 0 0 0 0 0 0 0 0 0 0 0 3392.815357 7668.997864 7671.20926 7564.178307 7105.836922 6848.533473 7885.315496 7278.686122 8040.688204 7986.237656 8368.089037 7836.276364 8248.267492 8778.467654 8477.799516 8513.102658 8657.005332 8566.720827 8638.084255 8656.506041 9738.186671 8554.645208 9383.285142 9123.669043 9541.437233 9771.164397 10042.08362 8750.649373 9595.554891 8640.772521 9968.419041 9856.022744 9679.530046 9788.816193 9897.621833 9165.057411 9733.76712 10440.23756 9456.641395 9705.98852 10011.4023 9369.112096 9585.88249 9810.336481 9349.982184 10451.10826 10540.24072 9755.30411 9861.121646 9522.547997 9556.274821 9754.452285 9732.7979 9901.601949 8469.930735 9488.595586 8910.433021 9892.155197 9128.381974 8886.797415 8856.592236 9210.612512 9092.127543 8965.850812 9301.445099 8958.648215 8484.846188 8798.220103 8471.798529 8892.380803 8281.194674 8002.37057 8340.481577 7660.155816 8367.136185 3909.898502 0 0 0 0 0 0 0 0 0 0 0 0 
0 0 0 0 0 0 0 0 0 0 0 0 3751.010017 7462.475162 7191.748212 7305.737294 7859.527834 7521.773096 8501.863341 7686.282751 8139.26543 8550.971013 7741.480719 8150.39193 8158.775317 8123.427391 7846.464234 7738.719216 8175.546772 8857.198239 9265.203123 8555.629831 8473.149804 8866.195189 8552.196865 8826.15234 9540.791472 9122.141761 9306.179933 9337.917813 9214.955975 9333.104517 10071.38495 9160.744426 9134.625734 8953.085806 9941.898084 10073.36403 10229.28159 9756.032854 9729.514211 9505.773624 9670.411266 9948.713751 10164.8071 10519.73895 10020.9149 9960.029928 9867.647421 10315.33865 10146.92249 9944.402836 9674.630035 9432.121427 10200.81258 9108.447448 9581.047598 9433.322852 9971.95976 9107.909418 9136.626352 9237.613012 8919.758549 9024.504996 8818.071763 8480.829053 8879.3278 9002.277574 8787.62859 8558.023513 8296.03244 8558.432876 8266.617214 8200.506269 8089.394989 8431.620746 7706.733276 3689.546237 0 0 0 0 0 0 0 0 0 0 0 0 
0 0 0 0 0 0 0 0 0 0 0 0 3372.019978 7283.458702 6733.621194 6862.854717 7486.59569 7360.196396 7443.023997 7677.279337 8075.555808 7632.353582 7958.764209 7827.228271 8358.674508 8259.919525 8712.364637 8723.542504 8771.303194 8207.11746 8792.324961 8732.221196 8871.844531 9705.128049 8738.232574 8943.819753 9243.821026 8828.148797 9015.054547 9633.266448 9478.602177 9426.336612 10179.09177 9558.2485 9110.392624 9147.303114 9252.916994 9859.753902 9906.265183 9589.110743 9765.595331 9198.182826 9672.114781 9527.710765 9912.011823 9031.684407 9505.277322 9692.89204 10208.23028 9880.093327 9303.084976 9411.166556 9135.593242 9767.389739 9824.25153 9011.314044 9372.303482 8791.349689 9413.419887 9473.680007 9091.592844 9285.218806 8215.215372 8488.566842 8836.271657 8681.997429 8457.557318 8585.310923 8821.008473 8773.7331 8183.452936 8150.197358 8069.556985 8280.771443 8110.02481 7736.756755 7408.078348 3501.45173 0 0 0 0 0 0 0 0 0 0 0 0 
0 0 0 0 0 0 0 0 0 0 0 0 2927.805392 6354.782364 6635.527099 7147.066512 7137.921583 6346.196618 7494.543299 7487.282005 8074.896827 8001.168317 8130.651831 7522.210373 7906.423796 8365.181743 7758.683395 8724.38219 8363.002768 8277.802898 8129.854409 8336.034711 8975.050091 8970.060191 8910.300211 8882.550477 9206.302139 9106.430865 9686.612069 9408.25791 9028.69486 8687.202887 8734.227001 9762.528801 9325.448764 9223.169663 9955.868608 9291.791583 9051.643591 9199.242276 9273.924545 9446.667253 9060.20337 9510.684395 9528.520412 9319.246085 9647.519732 9548.036695 8846.951569 9853.9818 9452.594016 9987.169082 9080.758984 9859.783882 9035.576075 9617.383102 9585.666527 9030.505171 9524.899042 9203.150853 9597.778182 8825.289429 8702.263218 9077.989526 8935.778393 8340.244292 8598.837974 8770.734625 8582.606713 8632.563888 7969.092068 8484.005564 7797.571622 7884.746087 7495.972578 8386.748365 7282.710301 4092.572541 0 0 0 0 0 0 0 0 0 0 0 0 
0 0 0 0 0 0 0 0 0 0 0 0 3304.176853 6576.332215 7022.208546 7256.050527 6682.822848 6926.978291 6921.773152 7707.665709 7687.098831 7681.246686 7951.060404 7836.192139 7935.045455 7515.259684 8204.131879 8517.728963 8103.512528 8005.395211 7804.412431 8276.109778 8647.127126 8663.477011 9124.853916 8824.621543 8940.372683 8709.739704 8517.373787 8467.525586 8767.603376 8895.872321 9078.733133 8972.13706 8763.870868 10019.49828 9053.691469 9055.771056 9269.70989 9874.983652 9648.814863 9375.450005 9344.955208 9482.410963 9013.740589 8991.541966 9706.230195 9784.732931 9243.819494 9352.876316 9012.626194 9233.755159 10035.99234 9707.911463 9054.491849 9306.638748 9284.954584 8431.47112 9229.693124 9327.069994 9174.693648 9753.160586 8167.296677 8991.480477 8314.015293 9049.384132 8797.684951 8568.171193 8218.074571 8178.34533 8312.029605 7953.679953 8067.004447 8276.361493 7340.75878 7603.35642 7523.444554 3532.37974 0 0 0 0 0 0 0 0 0 0 0 0 
0 0 0 0 0 0 0 0 0 0 0 0 1505.042779 3119.663246 3458.66114 2906.565061 3385.962687 3711.467132 3376.064919 3576.452244 3979.498317 3981.553378 4346.476137 3926.183919 4157.724496 3999.345685 4139.267915 4409.794989 4253.13782 4059.530464 4427.455688 4253.046207 4485.01009 4159.364282 4038.406609 4376.78071 4550.107504 4541.246829 4704.41471 4269.843427 4522.682607 4691.557181 4426.016687 4553.135819 4432.718317 4876.270944 4194.372351 5110.680677 4535.680229 4490.28616 4948.125719 4148.730362 4744.758861 4701.17564 4774.441589 4921.103741 4638.290048 4518.734676 5041.772299 4604.272901 4336.7582 4904.175209 4191.740662 4737.11695 4426.709453 4472.300147 4059.615519 4602.30451 4482.414508 4500.476708 4598.100188 4556.146071 4729.363951 4165.10316 4062.697649 4661.243528 3744.704709 4125.39755 4290.885748 4056.549379 3944.714937 3922.844955 3903.520868 4181.755463 3295.403564 3681.958327 3882.16134 2102.059819 0 0 0 0 0 0 0 0 0 0 0 0 
0 0 0 0 0 0 0 0 0 0 0 0 0 0 0 0 0 0 0 0 0 0 0 0 0 0 0 0 0 0 0 0 0 0 0 0 0 0 0 0 0 0 0 0 0 0 0 0 0 0 0 0 0 0 0 0 0 0 0 0 0 0 0 0 0 0 0 0 0 0 0 0 0 0 0 0 0 0 0 0 0 0 0 0 0 0 0 0 0 0 0 0 0 0 0 0 0 0 0 0 
0 0 0 0 0 0 0 0 0 0 0 0 0 0 0 0 0 0 0 0 0 0 0 0 0 0 0 0 0 0 0 0 0 0 0 0 0 0 0 0 0 0 0 0 0 0 0 0 0 0 0 0 0 0 0 0 0 0 0 0 0 0 0 0 0 0 0 0 0 0 0 0 0 0 0 0 0 0 0 0 0 0 0 0 0 0 0 0 0 0 0 0 0 0 0 0 0 0 0 0 
0 0 0 0 0 0 0 0 0 0 0 0 0 0 0 0 0 0 0 0 0 0 0 0 0 0 0 0 0 0 0 0 0 0 0 0 0 0 0 0 0 0 0 0 0 0 0 0 0 0 0 0 0 0 0 0 0 0 0 0 0 0 0 0 0 0 0 0 0 0 0 0 0 0 0 0 0 0 0 0 0 0 0 0 0 0 0 0 0 0 0 0 0 0 0 0 0 0 0 0 
0 0 0 0 0 0 0 0 0 0 0 0 0 0 0 0 0 0 0 0 0 0 0 0 0 0 0 0 0 0 0 0 0 0 0 0 0 0 0 0 0 0 0 0 0 0 0 0 0 0 0 0 0 0 0 0 0 0 0 0 0 0 0 0 0 0 0 0 0 0 0 0 0 0 0 0 0 0 0 0 0 0 0 0 0 0 0 0 0 0 0 0 0 0 0 0 0 0 0 0 
0 0 0 0 0 0 0 0 0 0 0 0 0 0 0 0 0 0 0 0 0 0 0 0 0 0 0 0 0 0 0 0 0 0 0 0 0 0 0 0 0 0 0 0 0 0 0 0 0 0 0 0 0 0 0 0 0 0 0 0 0 0 0 0 0 0 0 0 0 0 0 0 0 0 0 0 0 0 0 0 0 0 0 0 0 0 0 0 0 0 0 0 0 0 0 0 0 0 0 0 
0 0 0 0 0 0 0 0 0 0 0 0 0 0 0 0 0 0 0 0 0 0 0 0 0 0 0 0 0 0 0 0 0 0 0 0 0 0 0 0 0 0 0 0 0 0 0 0 0 0 0 0 0 0 0 0 0 0 0 0 0 0 0 0 0 0 0 0 0 0 0 0 0 0 0 0 0 0 0 0 0 0 0 0 0 0 0 0 0 0 0 0 0 0 0 0 0 0 0 0 
0 0 0 0 0 0 0 0 0 0 0 0 0 0 0 0 0 0 0 0 0 0 0 0 0 0 0 0 0 0 0 0 0 0 0 0 0 0 0 0 0 0 0 0 0 0 0 0 0 0 0 0 0 0 0 0 0 0 0 0 0 0 0 0 0 0 0 0 0 0 0 0 0 0 0 0 0 0 0 0 0 0 0 0 0 0 0 0 0 0 0 0 0 0 0 0 0 0 0 0 
0 0 0 0 0 0 0 0 0 0 0 0 0 0 0 0 0 0 0 0 0 0 0 0 0 0 0 0 0 0 0 0 0 0 0 0 0 0 0 0 0 0 0 0 0 0 0 0 0 0 0 0 0 0 0 0 0 0 0 0 0 0 0 0 0 0 0 0 0 0 0 0 0 0 0 0 0 0 0 0 0 0 0 0 0 0 0 0 0 0 0 0 0 0 0 0 0 0 0 0 
0 0 0 0 0 0 0 0 0 0 0 0 0 0 0 0 0 0 0 0 0 0 0 0 0 0 0 0 0 0 0 0 0 0 0 0 0 0 0 0 0 0 0 0 0 0 0 0 0 0 0 0 0 0 0 0 0 0 0 0 0 0 0 0 0 0 0 0 0 0 0 0 0 0 0 0 0 0 0 0 0 0 0 0 0 0 0 0 0 0 0 0 0 0 0 0 0 0 0 0 
0 0 0 0 0 0 0 0 0 0 0 0 0 0 0 0 0 0 0 0 0 0 0 0 0 0 0 0 0 0 0 0 0 0 0 0 0 0 0 0 0 0 0 0 0 0 0 0 0 0 0 0 0 0 0 0 0 0 0 0 0 0 0 0 0 0 0 0 0 0 0 0 0 0 0 0 0 0 0 0 0 0 0 0 0 0 0 0 0 0 0 0 0 0 0 0 0 0 0 0 
0 0 0 0 0 0 0 0 0 0 0 0 0 0 0 0 0 0 0 0 0 0 0 0 0 0 0 0 0 0 0 0 0 0 0 0 0 0 0 0 0 0 0 0 0 0 0 0 0 0 0 0 0 0 0 0 0 0 0 0 0 0 0 0 0 0 0 0 0 0 0 0 0 0 0 0 0 0 0 0 0 0 0 0 0 0 0 0 0 0 0 0 0 0 0 0 0 0 0 0 
0 0 0 0 0 0 0 0 0 0 0 0 0 0 0 0 0 0 0 0 0 0 0 0 0 0 0 0 0 0 0 0 0 0 0 0 0 0 0 0 0 0 0 0 0 0 0 0 0 0 0 0 0 0 0 0 0 0 0 0 0 0 0 0 0 0 0 0 0 0 0 0 0 0 0 0 0 0 0 0 0 0 0 0 0 0 0 0 0 0 0 0 0 0 0 0 0 0 0 0 
# Errors [SlitMonitor/SlitMonitor.dat] I_err:
0 0 0 0 0 0 0 0 0 0 0 0 0 0 0 0 0 0 0 0 0 0 0 0 0 0 0 0 0 0 0 0 0 0 0 0 0 0 0 0 0 0 0 0 0 0 0 0 0 0 0 0 0 0 0 0 0 0 0 0 0 0 0 0 0 0 0 0 0 0 0 0 0 0 0 0 0 0 0 0 0 0 0 0 0 0 0 0 0 0 0 0 0 0 0 0 0 0 0 0 
0 0 0 0 0 0 0 0 0 0 0 0 0 0 0 0 0 0 0 0 0 0 0 0 0 0 0 0 0 0 0 0 0 0 0 0 0 0 0 0 0 0 0 0 0 0 0 0 0 0 0 0 0 0 0 0 0 0 0 0 0 0 0 0 0 0 0 0 0 0 0 0 0 0 0 0 0 0 0 0 0 0 0 0 0 0 0 0 0 0 0 0 0 0 0 0 0 0 0 0 
0 0 0 0 0 0 0 0 0 0 0 0 0 0 0 0 0 0 0 0 0 0 0 0 0 0 0 0 0 0 0 0 0 0 0 0 0 0 0 0 0 0 0 0 0 0 0 0 0 0 0 0 0 0 0 0 0 0 0 0 0 0 0 0 0 0 0 0 0 0 0 0 0 0 0 0 0 0 0 0 0 0 0 0 0 0 0 0 0 0 0 0 0 0 0 0 0 0 0 0 
0 0 0 0 0 0 0 0 0 0 0 0 0 0 0 0 0 0 0 0 0 0 0 0 0 0 0 0 0 0 0 0 0 0 0 0 0 0 0 0 0 0 0 0 0 0 0 0 0 0 0 0 0 0 0 0 0 0 0 0 0 0 0 0 0 0 0 0 0 0 0 0 0 0 0 0 0 0 0 0 0 0 0 0 0 0 0 0 0 0 0 0 0 0 0 0 0 0 0 0 
0 0 0 0 0 0 0 0 0 0 0 0 0 0 0 0 0 0 0 0 0 0 0 0 0 0 0 0 0 0 0 0 0 0 0 0 0 0 0 0 0 0 0 0 0 0 0 0 0 0 0 0 0 0 0 0 0 0 0 0 0 0 0 0 0 0 0 0 0 0 0 0 0 0 0 0 0 0 0 0 0 0 0 0 0 0 0 0 0 0 0 0 0 0 0 0 0 0 0 0 
0 0 0 0 0 0 0 0 0 0 0 0 0 0 0 0 0 0 0 0 0 0 0 0 0 0 0 0 0 0 0 0 0 0 0 0 0 0 0 0 0 0 0 0 0 0 0 0 0 0 0 0 0 0 0 0 0 0 0 0 0 0 0 0 0 0 0 0 0 0 0 0 0 0 0 0 0 0 0 0 0 0 0 0 0 0 0 0 0 0 0 0 0 0 0 0 0 0 0 0 
0 0 0 0 0 0 0 0 0 0 0 0 0 0 0 0 0 0 0 0 0 0 0 0 0 0 0 0 0 0 0 0 0 0 0 0 0 0 0 0 0 0 0 0 0 0 0 0 0 0 0 0 0 0 0 0 0 0 0 0 0 0 0 0 0 0 0 0 0 0 0 0 0 0 0 0 0 0 0 0 0 0 0 0 0 0 0 0 0 0 0 0 0 0 0 0 0 0 0 0 
0 0 0 0 0 0 0 0 0 0 0 0 0 0 0 0 0 0 0 0 0 0 0 0 0 0 0 0 0 0 0 0 0 0 0 0 0 0 0 0 0 0 0 0 0 0 0 0 0 0 0 0 0 0 0 0 0 0 0 0 0 0 0 0 0 0 0 0 0 0 0 0 0 0 0 0 0 0 0 0 0 0 0 0 0 0 0 0 0 0 0 0 0 0 0 0 0 0 0 0 
0 0 0 0 0 0 0 0 0 0 0 0 0 0 0 0 0 0 0 0 0 0 0 0 0 0 0 0 0 0 0 0 0 0 0 0 0 0 0 0 0 0 0 0 0 0 0 0 0 0 0 0 0 0 0 0 0 0 0 0 0 0 0 0 0 0 0 0 0 0 0 0 0 0 0 0 0 0 0 0 0 0 0 0 0 0 0 0 0 0 0 0 0 0 0 0 0 0 0 0 
0 0 0 0 0 0 0 0 0 0 0 0 0 0 0 0 0 0 0 0 0 0 0 0 0 0 0 0 0 0 0 0 0 0 0 0 0 0 0 0 0 0 0 0 0 0 0 0 0 0 0 0 0 0 0 0 0 0 0 0 0 0 0 0 0 0 0 0 0 0 0 0 0 0 0 0 0 0 0 0 0 0 0 0 0 0 0 0 0 0 0 0 0 0 0 0 0 0 0 0 
0 0 0 0 0 0 0 0 0 0 0 0 0 0 0 0 0 0 0 0 0 0 0 0 0 0 0 0 0 0 0 0 0 0 0 0 0 0 0 0 0 0 0 0 0 0 0 0 0 0 0 0 0 0 0 0 0 0 0 0 0 0 0 0 0 0 0 0 0 0 0 0 0 0 0 0 0 0 0 0 0 0 0 0 0 0 0 0 0 0 0 0 0 0 0 0 0 0 0 0 
0 0 0 0 0 0 0 0 0 0 0 0 0 0 0 0 0 0 0 0 0 0 0 0 0 0 0 0 0 0 0 0 0 0 0 0 0 0 0 0 0 0 0 0 0 0 0 0 0 0 0 0 0 0 0 0 0 0 0 0 0 0 0 0 0 0 0 0 0 0 0 0 0 0 0 0 0 0 0 0 0 0 0 0 0 0 0 0 0 0 0 0 0 0 0 0 0 0 0 0 
0 0 0 0 0 0 0 0 0 0 0 0 159.414383 201.7295667 213.452139 222.603897 218.8692752 219.7109576 217.028695 229.3458764 226.6280998 213.7533906 228.5750985 236.871936 235.5067306 229.5629089 210.8553024 240.3895474 235.535531 229.9028783 235.0235647 233.9289129 228.6937709 236.5584337 245.5311412 249.9795533 243.0946554 246.5028774 235.8725584 237.6756881 244.6307212 253.1901524 248.4820104 247.0268008 229.648994 229.069537 236.3373055 246.0258598 247.012022 240.9161616 242.6684509 245.5041406 245.3823082 249.3586263 246.7309121 243.0076826 259.8190164 241.4402203 259.3533986 238.3710771 237.1749163 245.19444 240.006453 246.0098019 240.4432488 228.543702 243.2081049 246.9752305 241.1476125 247.6651954 241.2185511 241.0758621 238.49027 226.3717998 239.2764367 224.5628637 226.3944612 211.3956055 239.3228302 232.5043984 232.6730118 228.20242 219.4211701 218.8660691 205.8906792 206.754286 218.3665709 153.7704511 0 0 0 0 0 0 0 0 0 0 0 0 
0 0 0 0 0 0 0 0 0 0 0 0 226.0584722 307.3223881 310.056716 316.4600762 305.2339809 320.6144898 301.5064029 306.3005503 313.1516695 318.5198581 319.9782063 315.0449945 321.2250012 331.2611858 321.2530647 330.3304158 327.2659145 348.0670996 319.0764993 337.3323258 326.4608271 352.405587 322.9750283 329.8055821 342.4483615 350.7073685 349.5365706 354.2914041 340.8093592 356.5748325 359.4560433 349.179896 349.5752091 354.7740227 338.5645047 342.3581511 348.5529044 347.7222755 354.8967528 347.1416275 356.4089753 364.3929374 365.2367285 349.4973827 331.4286372 347.4892062 354.4935645 343.1437974 349.8083323 338.5721878 355.0660415 346.5447316 333.5619254 342.2592458 341.4409918 342.5397822 337.2396227 332.8977682 331.3982041 334.1870857 346.2942536 336.4714272 326.0765155 338.5667598 334.125187 319.4256266 325.9610755 315.2333903 317.2333237 322.8492268 330.4684574 318.9281777 314.4861097 309.2905506 309.7381005 219.2743961 0 0 0 0 0 0 0 0 0 0 0 0 
0 0 0 0 0 0 0 0 0 0 0 0 218.810271 309.2589837 291.9716824 312.7707757 313.5853994 312.5296461 319.617386 308.3403171 309.583742 322.7829933 343.3451488 326.8590657 330.0736376 323.9316339 330.8369706 333.0629364 324.0571825 328.1701091 324.2883295 340.2430099 335.4722016 354.9094418 339.5412794 348.5630585 347.4862778 353.6975687 349.9813871 349.0601052 339.5591614 351.0492911 354.8159717 359.5354021 346.3741356 352.2998985 356.6562969 348.2492758 355.3339057 353.3949751 343.9918891 364.5389923 351.186934 353.7186478 352.3332233 344.6590024 350.554275 348.6568224 349.1078915 338.768861 351.531267 357.8277294 351.6205826 357.393737 353.6579162 361.4634776 347.5141733 345.2348616 341.7092144 344.1676041 335.7087896 343.7026617 330.6883983 350.8065028 318.7861836 327.2643983 338.8737136 313.4353512 330.9980291 327.3641372 321.5193375 338.0089445 324.4167694 316.0753182 318.3092298 307.2568723 315.8381118 211.8940686 0 0 0 0 0 0 0 0 0 0 0 0 
0 0 0 0 0 0 0 0 0 0 0 0 221.6344414 322.2809321 310.6989156 308.9883895 311.1450451 317.2171232 314.3756676 328.882727 319.867972 332.2670177 320.1005723 331.9094442 329.8230444 332.3071117 340.3156646 339.9091199 332.8968851 355.8038271 347.3849166 335.1837452 344.3940541 343.4093269 339.8386626 347.4177388 352.182152 344.7846377 336.163926 344.4713373 353.873366 346.6765072 344.4840286 343.2836141 349.1166825 362.6979775 363.6016853 353.9920259 349.6855402 348.6438626 374.7171574 349.8433768 357.5545624 361.7450608 348.5089182 350.453484 358.860973 371.6697009 360.0023384 355.9759886 336.9174069 355.68927 356.4936925 341.5551878 350.5229961 338.3644484 349.4994461 355.1199005 343.4353297 339.8532349 347.0322713 358.7119661 343.802143 346.5042483 354.5214952 334.3270193 339.934992 336.3524683 338.786832 333.893604 325.7726052 315.7578877 334.1040652 328.7576166 316.0148692 322.6031274 322.2809358 230.6428793 0 0 0 0 0 0 0 0 0 0 0 0 
0 0 0 0 0 0 0 0 0 0 0 0 221.9728213 308.4659523 299.4376784 297.2493286 315.8910667 316.9118377 321.8582301 313.9427663 337.8893077 317.7051548 327.5492067 331.1464094 335.3650892 338.2672397 343.6934396 330.1196492 324.6663359 331.5306938 352.8528056 343.5674139 345.5432905 350.1401239 344.2602986 343.8526323 342.1882652 359.9077659 336.8733534 356.7341883 345.1873358 362.6467952 342.4132423 353.5609962 366.8778106 351.582095 356.1689395 368.3072003 355.2917281 365.7651795 354.7724295 350.4655087 349.9610689 357.0968311 355.3629255 355.2332729 348.8383551 366.431852 362.2811889 354.9455127 355.0751502 347.6643416 360.1374094 340.0839683 364.7510179 346.4329378 363.4287439 345.3173128 354.4179686 343.513711 345.3239737 351.3467106 334.1611117 343.8988425 324.3144834 335.720572 334.6845958 326.8635517 337.9633527 335.0673751 333.4132613 331.0743932 324.5643861 324.328745 314.4587312 311.2024007 324.1217417 224.7782572 0 0 0 0 0 0 0 0 0 0 0 0 
0 0 0 0 0 0 0 0 0 0 0 0 223.8772487 300.830083 306.2426584 317.1081507 303.2150261 326.8263325 324.2952373 320.4329595 327.1672517 327.5972558 317.4441755 331.8693229 334.596464 350.1835611 328.1969711 330.4753569 336.9729349 341.3972905 344.554684 355.6928325 345.6337164 347.4987107 350.3428797 352.0630747 337.7182733 354.6388673 356.0990895 350.697 356.910415 358.2322281 357.8560439 358.9082435 351.3234362 365.85833 352.4205644 366.3862769 356.5982513 349.9583071 348.4639582 355.4934933 367.4656527 365.0565545 362.7174114 351.1825463 362.1780721 353.0301923 360.9163224 361.1613796 356.6686965 354.0696361 345.8888053 362.0809552 361.4127844 354.8234314 336.6271602 357.7870199 348.3295435 363.6725908 349.7576105 339.540038 347.8187482 351.5550623 340.3396059 341.5588185 345.170075 334.8786007 331.9186468 334.5759658 331.9542566 343.4292778 337.6594009 336.8274849 311.4857381 313.7880367 312.3368983 229.0170119 0 0 0 0 0 0 0 0 0 0 0 0 
0 0 0 0 0 0 0 0 0 0 0 0 197.7663984 313.7745051 301.3791447 302.7523008 318.4742248 325.3425473 318.9150951 333.0746 317.6714123 321.3925278 326.9871617 335.1589102 337.6774451 339.6365302 346.6321289 339.9981803 343.4063935 321.8759264 338.9137973 343.7790609 357.1948776 357.7503929 358.0931068 353.5164419 361.9835113 358.4403132 348.6422727 344.4821865 357.9790076 369.720995 346.1106646 355.3954085 352.0870337 365.1793442 348.4331145 365.1580778 358.6843007 352.7439893 358.0545703 357.0151319 364.6020561 364.4760165 350.9141589 376.6397637 357.4435996 364.608435 358.7786755 363.223761 369.2952665 344.9955061 372.0891037 356.9281108 362.2763633 349.3868182 363.6390008 351.0078638 360.4710061 353.0103406 349.5070893 343.303779 342.3257652 343.0394568 351.4052304 340.0923085 347.5606137 336.6587017 335.5552203 330.0074282 332.5766842 333.8637902 323.0541314 330.4168229 315.4472125 327.7720462 319.6338843 223.5595002 0 0 0 0 0 0 0 0 0 0 0 0 
0 0 0 0 0 0 0 0 0 0 0 0 212.4231215 295.0969765 305.6590112 308.583481 301.1054353 321.5196365 326.3734882 322.1888088 323.4015682 330.7213701 328.1960348 326.0844462 340.031475 331.3510611 350.4085971 335.8258028 343.9488562 345.8288668 349.0896412 359.6258303 334.4651881 359.6072806 350.5035062 355.0269797 356.4645903 345.4190661 346.1846358 353.4289457 357.1639064 359.8979823 357.1303723 363.9677264 358.2651573 343.8955431 355.3669695 363.6841994 367.3348712 353.7526788 364.4870375 368.9216581 363.1907693 373.8817169 361.6295754 353.5376492 355.4720614 363.076346 359.8551231 351.8479946 340.4517746 375.1360376 356.5467782 372.2935539 354.2424138 357.3050218 353.3225123 346.6486538 356.75316 355.5959235 351.6559435 344.7152653 343.9421535 364.2579612 350.2160732 349.2294011 336.0573772 351.6031794 345.0008553 339.5016268 340.9358397 323.4714321 326.4634366 341.0915649 335.4908879 332.3844953 332.4204988 230.5403265 0 0 0 0 0 0 0 0 0 0 0 0 
0 0 0 0 0 0 0 0 0 0 0 0 210.445287 308.9533296 316.6811354 322.4133161 316.7613151 322.6360191 320.4763074 313.393182 321.3390054 324.1512421 327.4161595 331.5501457 338.3676534 328.8741371 328.4645493 338.5033319 336.6979705 347.4988865 344.3599705 356.1291528 341.9697104 338.7006036 352.4894724 357.9567305 356.2531451 356.7554169 349.7836137 367.7511825 358.2692123 369.2886946 373.8078898 364.5758021 354.0983789 364.702656 369.7843835 360.7627703 359.8472521 364.6956332 362.4184309 373.302135 375.9182402 357.3540719 359.9804056 350.2693346 365.5929543 372.4491604 367.494801 368.8249798 357.134402 357.7520927 361.7022509 368.9429865 348.0775274 369.3269603 355.6162745 353.3001862 363.2411355 361.3206934 358.174623 364.191592 352.9055265 353.8241244 340.6537554 347.9634385 351.2575293 347.450588 342.5641638 338.7605697 341.8291332 338.3920944 335.8870747 327.4756759 333.7367403 321.197781 323.7325955 223.9864305 0 0 0 0 0 0 0 0 0 0 0 0 
0 0 0 0 0 0 0 0 0 0 0 0 232.0298604 316.7228884 314.6014034 326.892989 326.3224413 329.7493144 344.6602175 326.5595986 320.0585974 342.1208305 324.5769428 338.1706443 347.6103627 349.1131203 342.1672419 324.9569856 345.3899436 338.44765 348.9912865 360.7771794 358.9960279 364.1590789 347.1844306 361.065842 353.1901329 355.7915416 352.2991911 365.3628954 356.6362908 368.0897484 366.1690958 365.6579988 370.0648712 356.5998421 374.1207687 361.3961739 361.8792167 374.4926864 362.3817398 368.2610688 379.8531615 372.4890445 357.2249727 360.6565223 379.8426791 359.8355781 363.2248247 358.2690422 351.3633108 373.8491785 352.1181169 358.7274508 356.1308125 354.0398146 360.9678568 363.7566897 351.3058868 353.8789725 353.9024112 359.6987341 361.8235713 353.1073998 355.0067505 349.1791923 353.0885269 346.5830186 348.2706497 328.9013917 325.7596654 340.788274 325.4421145 339.1681946 337.1593873 328.043811 323.7143482 226.5043829 0 0 0 0 0 0 0 0 0 0 0 0 
0 0 0 0 0 0 0 0 0 0 0 0 228.8941897 315.4841945 315.3357956 340.5861604 323.8260473 321.8525777 320.9496323 327.0502469 331.1990612 337.1052257 326.8211395 337.9266333 351.2834827 346.4300236 342.6830879 351.2082653 336.8386421 354.8834483 354.2054808 356.8973249 346.0041346 353.7234426 357.3025165 358.4198892 349.1721861 359.3905856 358.4423233 367.5578804 361.3173123 359.1157819 361.9472614 371.5554326 348.4344984 364.465986 359.853563 369.2925182 381.1514092 370.8758203 363.9788683 358.2823766 368.1040764 363.7063943 378.6412198 382.5404986 371.070857 373.9846892 371.4394568 357.9900747 369.9941607 379.2674519 366.0259135 362.3102398 374.6043807 369.1476321 352.9583955 368.0296307 371.7288162 365.0963807 355.8924343 349.4276866 345.7437325 354.8011033 356.3703528 353.37885 353.1847683 343.8061092 354.9520832 336.4801132 343.8980475 341.624713 339.47061 337.1087175 324.3325333 321.6566748 319.8222599 232.6910448 0 0 0 0 0 0 0 0 0 0 0 0 
0 0 0 0 0 0 0 0 0 0 0 0 230.545803 323.3506414 322.08509 316.3657296 326.7466646 316.4503054 328.6684842 334.17151 331.7801604 329.5193908 329.0607304 341.4016878 350.4794076 341.122767 351.8469976 349.2298433 335.4332876 335.7383672 355.4713853 354.3050771 360.33308 372.0911398 346.386218 358.6471746 356.5385785 362.805112 373.3531813 358.3545423 366.5772351 362.0969496 353.443466 366.8573511 376.3758512 356.8929064 375.8794837 369.1781587 363.5951131 380.8638296 374.2455693 367.0840788 348.9645327 370.3312141 375.1269393 373.0975475 374.2910435 360.5708659 366.7127141 364.7812834 361.504637 354.7861724 363.3354678 349.9152349 368.8623795 357.6297425 378.6044186 356.4786597 353.3578593 362.2312674 357.8371058 360.0984863 360.318878 358.033593 356.0656585 362.3291759 353.8285248 355.6212435 350.2280852 340.9018657 348.2475783 357.2173848 337.033718 334.0513929 341.0925889 339.4767607 338.494917 227.4745394 0 0 0 0 0 0 0 0 0 0 0 0 
0 0 0 0 0 0 0 0 0 0 0 0 216.0654472 321.1592966 310.2861461 335.5624552 329.5621133 322.2679159 337.1549452 337.8538161 338.801176 343.8114232 334.4169198 334.9948868 357.1302479 335.2979508 340.1971661 358.2899123 352.8603851 353.912331 354.8944581 355.4617715 350.2770913 352.6984278 371.3387181 374.4408476 349.7206301 357.4532469 364.5490446 374.832449 368.4016513 347.2708765 373.3245035 371.541204 375.6469768 381.5714133 363.7124588 378.1962911 368.753978 375.297165 365.4385349 355.5333902 371.4878748 363.3992617 384.3225658 374.7172166 378.264704 375.3846051 374.615647 370.3158548 354.0813315 360.7795471 371.0539964 363.9652696 372.1274165 362.3619702 364.8536714 361.0173816 362.8341986 355.770214 355.6451541 357.9970923 367.5283582 360.0921479 338.1517578 343.5777388 342.5390415 342.8865716 334.6740994 353.763302 340.2183387 351.2128118 338.6541823 336.6356631 328.534945 337.176855 317.5658813 237.5521184 0 0 0 0 0 0 0 0 0 0 0 0 
0 0 0 0 0 0 0 0 0 0 0 0 233.7674047 321.4687352 301.117948 341.7216808 324.6362523 332.4323195 332.7764947 330.0534418 325.144671 341.7458637 339.6159685 328.1963799 337.5051202 333.1945617 350.1464925 343.5436946 347.6759625 348.0454183 360.9144031 358.9413228 344.3023088 351.6926306 360.122161 360.8442292 375.9535644 358.1094274 360.026926 374.6775317 375.8697542 364.7924434 360.5271441 373.180417 376.0955852 379.1562464 374.1270714 365.3430364 372.1329033 380.9816831 367.7989833 373.1138503 367.9168855 364.120144 370.0359459 380.3803087 390.3526429 370.7930293 372.333783 377.015684 368.4916925 361.9043713 374.8457415 372.1562153 364.2437088 382.0614332 375.1756105 356.0061204 365.3192204 357.7465493 362.0880328 371.8253703 353.169172 368.1487384 344.455647 351.7012379 351.7657196 350.1705101 350.9101993 336.5783929 347.8359659 332.522526 338.4943261 337.6963091 329.8747004 313.6658996 328.8106319 225.9523439 0 0 0 0 0 0 0 0 0 0 0 0 
0 0 0 0 0 0 0 0 0 0 0 0 217.7397598 330.1519519 317.3263681 327.6225463 333.6213376 330.8598039 325.7026494 343.7872352 339.3039683 326.8392088 358.844088 344.6977293 356.8799789 347.3687187 342.1777056 356.4587482 351.8085042 340.1389092 343.7149413 363.0100534 382.7628453 363.7667661 359.0781937 376.066836 366.7187003 367.9949127 373.3052599 378.1782053 366.3820008 363.6116873 366.6856901 370.9507639 367.3492998 367.9183691 380.7851919 371.8020231 374.7588892 369.5654913 379.2171191 375.5781482 373.5751506 369.9952183 372.5578682 372.0131477 370.3871869 370.254581 366.1728026 376.6640729 367.0618912 376.2672069 360.861779 379.9566477 364.0823689 375.3679721 369.9919769 364.069512 370.3503466 354.334029 363.8455452 358.947677 355.4308213 339.0602147 361.0615477 360.0248801 367.261512 355.7006571 353.294182 348.0925192 338.3425608 337.3345926 342.4599738 333.9483289 339.5375264 340.698856 330.0299949 250.3353001 0 0 0 0 0 0 0 0 0 0 0 0 
0 0 0 0 0 0 0 0 0 0 0 0 221.0659163 334.3836577 324.136616 344.77507 321.6675197 339.0436647 334.4850253 339.7342441 345.2417132 336.4622531 351.8885992 344.0198799 348.315166 346.6946405 347.0014898 345.8591842 364.0421134 358.1022781 355.9122548 352.9736799 354.3679714 364.0278937 376.1752821 378.5404625 355.1571124 364.1437808 367.5364611 348.5301377 373.5321554 357.100608 365.800975 379.5528288 373.9307402 372.4239151 377.676286 375.6065228 371.5735325 363.7852692 376.9224662 371.5533021 364.6274545 370.2286146 368.235465 370.3687652 365.0966883 380.2038851 365.0575237 357.2511712 389.0941669 367.7166707 373.0709488 370.0885519 360.0119114 367.2308374 373.3533286 372.960293 361.622595 366.6573617 376.2947212 373.1434013 357.7678599 366.2221105 349.5716414 355.5788568 358.0519281 349.2432651 359.39317 354.047035 355.2377549 347.2136315 350.0845756 338.2946879 350.9090217 349.0585491 322.9741084 238.8361229 0 0 0 0 0 0 0 0 0 0 0 0 
0 0 0 0 0 0 0 0 0 0 0 0 227.0997409 314.9585605 340.5381821 325.1322965 335.2153078 322.8947609 329.726554 345.3298697 334.4852427 347.8375681 345.4015628 339.0162391 358.1680058 347.4677861 360.4689267 351.2112003 361.3173277 347.2360733 341.283591 363.8638486 354.60991 357.1142064 366.2232464 370.0019116 370.345343 364.3025902 362.3989327 366.8426307 359.3064259 361.3798107 381.4175504 369.0158306 369.4806859 375.7006144 369.6126898 380.4981058 384.1871539 372.8280968 369.8515656 378.4199015 370.6367443 363.0115957 382.1961362 376.0377678 379.9471514 389.1272714 386.7775205 375.3141193 381.1383356 385.6639727 370.6920385 377.7359206 379.379541 377.4319891 364.3364958 365.2344734 380.6876187 353.6295889 377.2000041 358.9772465 365.6523731 358.6096691 352.6722286 366.1374758 355.2692289 358.8841388 341.8886099 354.0964656 348.2973768 352.3993877 348.4484961 350.3015781 329.9992285 334.1485016 322.4034303 236.51085 0 0 0 0 0 0 0 0 0 0 0 0 
0 0 0 0 0 0 0 0 0 0 0 0 222.7430122 317.9581348 316.6376352 339.6225207 334.0282638 325.0945262 342.6739348 344.9881512 335.3789344 345.5511692 346.4483744 352.276887 358.9089382 357.950796 344.369519 346.4505095 357.2213633 363.3673024 358.5345825 371.4115458 372.8336563 369.5176229 363.6257752 369.7187539 377.2688968 373.8066673 368.901945 365.4243404 370.9373693 364.8465978 378.0448445 378.9391164 370.3267494 379.5239846 368.6106288 376.7149978 376.3815608 380.3647562 384.8462156 387.3634647 383.5307679 386.1085412 382.8536075 374.6401816 384.0578795 366.7344489 372.2081378 383.2147292 381.410193 368.5170136 373.5300788 370.9100662 379.6183869 378.2281376 361.2688795 373.2843919 374.4834671 370.0003993 371.9002927 350.6183272 360.9739961 359.3912133 358.5558923 358.7359611 352.5347989 366.8506196 355.3467133 352.5760901 347.3163721 346.8063386 344.9597713 351.6119842 339.5930053 335.2864695 349.063285 230.6736471 0 0 0 0 0 0 0 0 0 0 0 0 
0 0 0 0 0 0 0 0 0 0 0 0 232.0456519 321.2719102 336.4289138 343.0472181 338.1614412 343.436384 339.8154135 343.1023153 342.3374067 342.8095057 341.7478441 338.1636105 348.7893681 350.4856479 360.9213692 372.2206648 357.8206328 358.3129617 372.2380068 354.5888231 352.8336333 372.21525 361.6132261 372.1756146 370.295734 381.1519499 382.9305223 379.1191392 378.1225055 378.7771366 367.872684 372.981822 373.1710165 371.2112771 386.786878 379.6949181 375.8213347 378.1373793 383.239215 375.6307366 389.4677064 374.8792979 382.9676477 374.4477034 375.2994526 376.5006847 375.4659247 369.2195898 373.4515362 373.3636851 360.7538276 388.0564129 384.9127463 380.7170262 366.6926659 358.6591347 388.8153397 366.567606 362.9901228 368.2216342 370.0526126 359.4092068 354.9742854 350.1621913 371.4127822 349.2392896 351.9893913 339.8506213 352.9467239 337.6190104 338.7983785 348.0943599 332.0369404 341.3718806 316.7663616 238.3931946 0 0 0 0 0 0 0 0 0 0 0 0 
0 0 0 0 0 0 0 0 0 0 0 0 216.7644836 313.6498593 336.2210469 311.3541245 337.3860291 331.5116585 356.5877305 342.9344575 348.7330173 357.8294736 337.844174 345.5150906 350.787841 358.2423693 347.3630409 362.3596708 348.5151217 369.6869595 366.3131469 372.0265404 370.7703951 363.9487433 359.7309895 361.0885156 367.1005325 367.3874915 367.8263226 375.0372168 367.7519876 373.8459429 373.1787541 378.8327157 381.630216 365.0997853 385.6712707 380.205996 383.285944 380.8268312 374.3753941 395.3736094 377.9063424 388.4749219 385.198541 376.801994 394.2163171 371.0994135 369.7519669 376.4370391 390.6315096 377.4539918 373.1551827 378.8337013 380.6456591 373.3852172 362.1650749 375.9551546 358.8595884 368.3481932 373.2118076 364.7379521 354.4656951 366.4972705 375.2245041 355.7591974 346.6467455 350.294187 347.5288878 354.1493291 348.1526851 363.9215131 350.3877489 336.0985558 334.376509 325.7011587 338.7521891 245.6394015 0 0 0 0 0 0 0 0 0 0 0 0 
0 0 0 0 0 0 0 0 0 0 0 0 227.3426298 320.4705247 337.4092702 340.075127 340.1001545 321.5502901 356.3873857 336.4552741 342.5296525 344.3172913 340.31818 346.0014094 353.9791589 357.696971 353.3546548 362.17441 353.3778289 363.9269168 368.1921364 362.779636 378.9065583 370.8167807 363.0657284 376.9729695 375.8718246 364.2676234 372.3221872 365.895564 378.7569603 374.5885091 387.455809 381.5883506 376.5025187 383.6070746 391.7986052 403.1037424 378.7760793 383.8458193 382.7577934 390.7887263 377.9544869 397.7634096 384.0379023 383.1035605 373.1039566 371.6254779 369.6726114 389.4150774 368.8051179 390.4359976 377.2573587 384.0279674 376.9603852 377.3368986 384.1844617 358.7912839 364.7688163 377.5356184 370.2150434 368.859335 360.9853629 371.5720889 365.9826058 370.6700393 355.6243806 352.80842 347.2157678 346.8500537 360.591445 352.1331784 344.3142952 355.5941345 342.8290366 337.6274384 347.4766724 226.0187974 0 0 0 0 0 0 0 0 0 0 0 0 
0 0 0 0 0 0 0 0 0 0 0 0 225.675924 330.5995099 339.6707409 335.5194799 328.6813326 340.8410885 338.1807202 337.0343444 338.2671386 340.0461909 358.821711 335.9437107 355.0323257 370.6281042 352.6161104 358.0944886 352.3025327 367.4780412 360.7032331 363.1687796 367.8869147 368.654066 369.9254933 380.9928816 374.7253825 374.4155984 372.4661855 392.5703598 385.8846352 383.1219115 390.292824 390.0688062 390.4103859 377.6768331 369.4134587 373.4709838 377.8928538 369.8469405 387.5412055 395.7008895 381.0886506 388.2570429 385.0601356 387.4628221 375.8766147 381.8354547 380.5793963 376.390441 373.5088767 379.9296717 395.9047838 384.2890562 373.8638661 370.5786378 369.2485229 389.8716022 377.1043274 387.0561472 378.7283043 372.434293 358.1107543 356.8750793 371.4856394 371.2655327 373.6080842 351.9116717 357.3029582 361.6149691 356.5092915 356.6043509 354.8772084 340.3874525 351.5456028 338.3085671 346.1610771 251.9750356 0 0 0 0 0 0 0 0 0 0 0 0 
0 0 0 0 0 0 0 0 0 0 0 0 234.4944296 333.8780241 342.6343831 337.6799485 347.0544927 345.1978251 340.6857069 353.9378184 345.3504577 334.5377886 349.7834133 349.8474046 356.6438838 357.7734729 375.1431827 354.8949043 369.6950748 362.5305193 368.0250448 383.8084661 369.4180181 373.2447296 373.1370537 368.8453447 371.3917128 384.2207788 370.9579656 375.6069129 376.1484974 378.9223466 378.9180373 376.1583044 390.2057972 379.4311597 384.7099968 390.6020526 369.9284587 386.6553445 371.9985547 381.1641413 392.0799572 376.7578614 389.2209804 388.8254229 392.2189535 380.3085017 379.1040255 385.2367413 387.7626964 383.1747006 387.2463555 378.9504894 381.1777585 377.7118094 359.7968263 375.7055032 368.263583 388.1817664 359.8986508 376.8008944 366.2175375 365.8236509 367.0414653 370.8304578 369.3721046 355.1924747 351.7076906 367.6736988 365.5880876 343.9953091 355.5890251 358.0387755 354.1798228 334.2583133 342.6260732 230.5337805 0 0 0 0 0 0 0 0 0 0 0 0 
0 0 0 0 0 0 0 0 0 0 0 0 225.9647886 325.5204483 325.6121648 344.2148269 335.4035974 342.2667355 340.6093939 343.3147316 349.0093279 359.5502835 349.020243 341.294869 354.2341873 358.9529583 356.589436 358.2756164 359.7557179 360.0376202 367.9103688 364.6476916 365.2199547 371.5172847 361.5883949 384.7193501 375.9740972 385.993861 382.003153 376.4608941 376.1780693 378.3625133 384.6905373 367.8305889 384.2880904 382.4364077 381.5060155 383.9024583 369.8053643 394.0355738 390.7095627 386.9203585 398.6092148 403.6723021 383.3115372 397.6871317 386.3982766 377.4559331 383.5716784 377.0644836 373.2170508 383.9933895 383.4982975 381.941258 371.479296 382.0665464 385.7196989 380.2039607 375.7921474 385.8953945 377.296753 356.8356375 366.3252221 371.7778944 368.9434574 358.5299394 352.0924441 360.4902828 360.4144163 360.3203838 357.5702062 365.8702532 360.2919709 353.2747663 337.5953849 344.3854658 344.2015038 244.6329421 0 0 0 0 0 0 0 0 0 0 0 0 
0 0 0 0 0 0 0 0 0 0 0 0 239.250714 329.3547653 319.7830339 340.5744462 332.0752527 343.9923959 353.1353324 346.5526498 355.9980762 358.0578901 354.4084446 345.6826159 345.9129736 352.2733661 361.9364768 350.7496448 371.0849927 363.0699753 363.1573521 363.9037634 368.274165 372.2692203 385.266791 378.6123744 379.8680179 375.1359327 368.6554276 371.5312728 373.4506165 385.5730206 383.8883546 381.397214 386.9777666 382.7111486 389.7763741 391.2250628 396.315461 382.0067147 387.3574269 378.4816414 385.9692508 379.4065388 393.8413857 397.914409 392.5177174 386.4135962 389.6417364 386.6445139 378.163065 379.4008898 384.0454236 381.3948382 380.8816281 380.3653447 387.5342654 378.2136033 375.285962 376.8766775 372.4561178 382.0903414 374.9592158 369.2712654 373.8177346 373.0076131 357.5609044 370.6699148 365.6996467 361.4041368 351.6045491 360.7370384 359.0750754 350.1252009 336.9005334 335.2937837 348.7740057 236.9104406 0 0 0 0 0 0 0 0 0 0 0 0 
0 0 0 0 0 0 0 0 0 0 0 0 238.3613233 329.3706121 335.3996154 329.5847072 326.7967031 344.6724981 332.7328887 343.9793256 342.9171644 350.5812968 363.2526584 349.6630134 353.278254 360.5526481 368.1290634 363.7397091 359.7616032 369.2961676 371.1272111 363.7784358 371.8566505 376.2994097 370.4978643 378.7435518 373.6528516 380.7427643 381.588227 379.6465908 393.7554389 381.9534672 379.2841821 378.89545 389.3531052 379.1125311 389.18417 382.5072654 396.8227854 384.0174255 385.0743676 389.9499121 376.3699045 385.7132864 373.2898357 400.0596117 397.8232864 381.4433018 388.6122567 386.6068008 388.3019212 389.3283692 385.6770612 371.9754766 392.8357991 361.2322042 376.3986489 379.6636551 378.1140029 372.9451765 372.932206 368.5860628 364.3983148 369.7202204 363.4543954 368.18836 371.394915 364.2254165 352.1912077 359.6711174 356.6946895 359.2092253 348.600366 371.7069295 344.8712354 349.9978836 337.4273806 241.4322622 0 0 0 0 0 0 0 0 0 0 0 0 
0 0 0 0 0 0 0 0 0 0 0 0 234.6557304 338.3699544 356.4543206 332.2915777 351.6254841 339.4926995 334.7057487 345.2837664 352.8754225 346.1313718 355.0901062 347.5457696 353.1564342 377.4354721 361.5787484 366.8500245 357.1374901 362.4376612 356.9638545 383.913485 370.7588379 373.4438882 366.7126483 371.1766008 375.169239 369.005633 381.9078731 384.5792319 394.8950626 370.4155127 382.0007389 387.2413896 380.9380263 394.975592 382.1011276 374.7383792 388.1212054 377.932518 388.6732559 384.7226822 392.5258216 381.9781075 385.8943079 389.3526597 404.0342575 371.5496618 388.8335957 388.2370504 379.1803344 387.9556292 380.6048401 377.3301345 369.1091678 377.2458167 376.3971319 372.3867442 382.970219 369.9463837 392.9861101 375.4676063 369.0377972 353.9197983 369.0123234 372.2384618 361.007613 354.0575454 358.0666921 355.2913996 352.9332319 341.534086 351.763492 363.5800708 354.3572048 355.1367833 358.2341935 244.9228012 0 0 0 0 0 0 0 0 0 0 0 0 
0 0 0 0 0 0 0 0 0 0 0 0 227.7887169 330.3846385 333.4416815 345.2971527 330.9322292 339.3060397 342.1812467 348.727014 345.6655883 345.8312967 337.48972 356.9824773 347.1083875 355.3966911 357.348267 367.0477231 363.9879569 369.7103654 385.2041528 371.8753679 366.8474905 379.8523196 378.729036 377.4764453 374.4838962 382.6527423 378.0620032 378.3735414 384.4462698 390.4622619 378.5192562 382.8334438 390.8504393 388.2684482 382.491674 392.0699861 378.8649418 392.4566337 405.0354458 384.7606935 376.245481 389.4462162 386.5446792 380.2047453 390.9894818 370.4559384 372.7567872 388.4723768 391.4396101 393.9150683 374.8044044 381.866235 379.9929502 376.9545196 379.100043 375.3953651 376.2803381 365.2234821 382.1655115 384.1210559 370.1977529 375.7572557 369.787128 361.1995823 359.1850107 370.6929155 363.1146956 354.2191046 365.6770277 362.1248228 358.4936162 361.1235647 350.8060776 359.6514849 352.2443714 244.2386051 0 0 0 0 0 0 0 0 0 0 0 0 
0 0 0 0 0 0 0 0 0 0 0 0 236.4312497 334.4231224 320.9228503 337.0092103 349.2694661 331.8019732 346.8014334 345.4299853 352.8207038 349.1571029 363.2621781 350.6298796 356.6992957 353.2903883 364.6769416 365.5119372 364.2235093 382.2546851 373.9219844 383.0902021 377.9944724 366.2425343 374.8018542 383.8847568 379.9624148 385.6914646 373.9494971 393.8151186 384.734886 385.8176829 384.8947985 377.5158029 380.7061547 387.6489318 384.3989459 389.6395466 371.1100586 384.7338705 387.1341423 390.1657111 379.9785696 394.5960578 382.3629524 391.0986332 387.9943034 395.5319354 385.794696 384.863426 386.2212924 375.2710734 379.2612351 380.7550808 384.8069138 389.1645272 381.2104097 380.8264576 375.8689956 371.7485426 374.1711147 375.6627051 366.5046217 374.0481668 358.5695224 381.4576227 377.48936 368.8355052 371.8609465 369.412182 355.7364661 352.1366401 342.7600453 355.0159107 355.2283919 366.5263355 369.674598 251.4794163 0 0 0 0 0 0 0 0 0 0 0 0 
0 0 0 0 0 0 0 0 0 0 0 0 230.0425502 347.3060275 333.6448897 344.806161 343.2145055 348.1261523 349.4139632 342.3760965 358.7371094 348.5000073 353.7404065 344.727922 367.6023632 346.3863431 369.8532682 365.1872094 357.6870479 367.4068922 354.7211841 362.9439198 371.8374147 369.4730484 382.6411313 385.3031424 376.7632516 391.2904627 383.2678625 371.0450783 384.0145626 386.0247524 373.9268848 380.422384 394.6530193 382.5900313 398.3367426 379.9756868 402.9854183 380.1377449 387.9395612 391.385482 399.7726391 379.2935484 404.8646571 398.5152444 385.4168133 373.717359 388.4292051 398.3974066 380.7020956 387.1479765 391.9960117 381.4158694 382.8361392 377.040111 386.3450364 398.9466843 372.9199073 384.5945896 375.6499745 374.7548574 380.8510952 376.444604 365.4017294 371.024839 374.2086484 366.53259 356.0041107 362.1465699 354.2721364 354.8237932 347.4856001 368.5861946 351.4046259 352.8732527 353.7600112 244.0406965 0 0 0 0 0 0 0 0 0 0 0 0 
0 0 0 0 0 0 0 0 0 0 0 0 237.0230125 326.710044 337.1020965 333.9747925 345.5644349 345.3608714 341.8505833 360.1755458 355.0208634 358.8621888 353.9811154 361.4820717 355.6593387 367.8473147 351.7923476 369.8337068 366.4551553 369.7436804 372.568435 373.8657367 370.4568187 375.8447429 379.1332619 378.7047904 378.829039 379.7942144 391.8260559 391.100527 372.2364263 379.9326142 394.230833 391.7427228 387.8507543 394.0395231 380.1724192 396.9444225 387.1335664 381.950653 408.7753002 391.4639147 392.4571725 388.1143329 395.0540229 384.296618 380.7117694 392.4662517 381.9718164 379.2460371 392.0175961 386.4206273 386.8275849 382.5248744 383.0585988 364.7335828 370.8493366 374.3095234 378.3556922 392.7893287 363.1479111 369.1059613 355.8066579 363.3986723 378.1058193 371.7026269 359.3784355 361.0841841 357.5845944 356.4895918 345.60777 361.4455411 363.4015537 347.3890446 346.2299266 345.7851993 351.3106426 258.8171075 0 0 0 0 0 0 0 0 0 0 0 0 
0 0 0 0 0 0 0 0 0 0 0 0 235.3151508 344.1510923 338.5339382 332.6718993 351.3476135 352.8249823 354.1287819 346.2282462 357.9118698 348.0977493 352.5182358 364.5017041 357.4895071 363.7776567 359.6728098 369.324938 374.7471516 365.5919306 375.0155266 396.5742416 386.2468747 374.1678314 390.0894038 378.2971773 380.6840748 377.1060019 384.3507112 400.332383 379.3856014 380.1359614 389.0163638 382.0312331 391.9640603 385.1554771 396.2156312 388.7589771 390.5458357 391.0151234 400.3077983 381.3289176 395.867448 379.9928142 400.0889812 388.3614035 393.6326082 391.5126336 379.2412686 384.3335574 386.7381644 395.0406353 382.0715313 377.7635403 388.781026 373.153731 376.4706272 387.6323199 379.9584035 379.9750093 371.2127697 376.7294412 377.6624514 374.0124328 354.8425372 376.8814086 371.1562564 377.6404508 357.9250466 356.8457954 362.1549917 353.0289021 353.0751801 350.9951748 347.9696568 361.6615925 358.1036912 255.5595364 0 0 0 0 0 0 0 0 0 0 0 0 
0 0 0 0 0 0 0 0 0 0 0 0 249.7526454 344.3947326 342.4204407 335.2150658 349.7871726 352.5743767 344.2216316 355.7322814 348.7921325 347.7539009 361.4323526 349.280063 359.4253543 362.4343118 368.3803392 356.9273692 360.127676 382.3382708 371.9100015 376.1114403 386.4982311 362.593742 374.8317086 377.994021 386.4648922 370.1258025 372.509717 377.4072337 385.0401863 392.2420352 374.2791998 389.5378374 393.817557 394.0547955 393.1055758 387.0395423 396.3180196 383.030333 397.2577713 392.2675639 391.2925161 393.3020156 395.730573 380.4406811 387.6452574 384.5944998 370.7772059 389.4910696 392.7030953 398.7616965 378.5694827 395.2877333 373.8839052 387.448702 394.5110363 377.6827686 377.3616911 381.813722 372.4444048 382.474362 375.1108603 376.3015778 357.486137 355.6625876 362.6052369 373.6263168 380.6429847 373.9522934 359.8422502 353.9121348 362.8335395 349.2325204 348.5173616 361.9860848 353.1245939 241.1076864 0 0 0 0 0 0 0 0 0 0 0 0 
0 0 0 0 0 0 0 0 0 0 0 0 226.9537415 345.3567215 344.5792698 331.0868794 333.6303559 343.0261012 349.0586475 338.0865907 356.182053 362.1222068 347.1317848 365.0382275 352.0580548 355.389962 360.9158954 356.1158237 366.6719125 371.9596383 369.9182397 374.7646658 369.5130444 382.8770955 383.7902073 369.2225561 388.6684669 380.10494 369.640079 390.5979403 389.041397 389.6159183 397.7971574 390.6088761 381.5896843 391.9401347 389.909669 393.3029166 388.6173925 395.3677666 398.1422501 400.8208106 391.9983968 387.1897916 384.6793092 379.6554317 381.5350414 391.5340108 395.0294045 384.5365906 390.0935279 377.6654032 396.8406833 386.00842 387.2317285 390.2282657 381.4835077 382.6632192 377.3019944 382.5180893 375.1663742 377.8351681 399.3519981 376.8300814 362.1089326 368.3489373 367.4962823 369.5687234 363.3876531 366.5754781 362.0671768 353.8208278 359.27633 351.1912852 376.2324908 358.6210962 347.5001544 250.8176941 0 0 0 0 0 0 0 0 0 0 0 0 
0 0 0 0 0 0 0 0 0 0 0 0 242.7736306 322.5041885 337.777976 347.8954225 351.9112743 353.6673988 355.6450404 350.5276753 361.3307747 357.0892976 356.2430775 353.8314982 364.3044302 359.3289703 363.3386705 372.7417642 364.8924192 376.9359486 381.7528511 377.4237205 380.5952816 392.9221103 379.7432106 399.8627415 386.5483086 384.4728376 385.6958988 383.0351831 381.9696793 377.6155895 384.207232 394.254192 375.3073236 388.7457593 398.9870675 401.7698903 398.2139924 388.3202309 385.640424 402.4076445 397.1078636 372.9315132 386.5856652 390.1603557 384.26876 397.5206691 397.2000349 390.413159 397.4000902 387.5278758 390.7175198 383.7403893 385.046958 384.4578895 396.24707 390.6299296 372.0009538 385.1494624 392.4054691 376.4282875 381.126521 376.4558438 368.7183468 374.1539153 373.0701541 379.6595364 374.0526605 357.6897025 360.6266424 361.3193015 355.7480297 354.481862 353.175557 359.2903852 342.8032748 248.5277065 0 0 0 0 0 0 0 0 0 0 0 0 
0 0 0 0 0 0 0 0 0 0 0 0 229.1931853 333.2371674 344.1072494 341.9724084 357.5388438 336.2421212 348.914594 339.255246 357.5248425 355.2736908 352.1838999 361.7859757 361.0848922 362.5380001 361.7007009 361.8391069 374.3957985 368.4524795 371.5122084 374.7007067 368.0155199 373.9053635 381.8317922 381.3141094 385.8149309 385.9994423 390.6511117 385.8331616 390.0987252 388.5962346 371.9466208 395.8188587 390.6978177 404.0387707 388.0347804 387.847553 390.5973892 383.5639574 387.6169221 388.8284531 390.1801035 373.954899 382.878499 403.1600839 388.795928 390.3677119 383.3221286 393.4971734 381.2188702 392.6585731 385.8358313 379.3385249 384.3132973 387.4830211 393.7675951 380.7571736 373.0065803 377.3177152 372.4099227 377.2005352 381.5524525 374.4866569 376.3581908 367.9611105 380.8800734 356.4476474 368.1190021 369.5885896 365.9931584 373.2141499 348.4129701 357.6504487 341.767239 347.7750222 349.3852033 245.2529057 0 0 0 0 0 0 0 0 0 0 0 0 
0 0 0 0 0 0 0 0 0 0 0 0 239.6626554 335.6007644 345.8679702 344.296144 354.7786582 354.1327699 341.582019 358.546527 368.5211995 363.5221468 349.860577 356.1592491 365.3242445 357.3591614 361.4447363 374.1135595 376.4650273 362.709253 366.9077032 366.3127096 376.7113133 361.3112799 393.3883954 370.7053501 391.1594891 384.9086381 378.9206766 381.339239 382.0481461 372.3570404 391.5658442 388.9918592 388.8656123 389.0808653 397.5285295 391.7479964 396.574101 402.9633082 402.2950547 403.5808121 389.8882066 392.4918846 398.4725283 401.3346256 390.0689065 397.6231616 380.7274847 381.3773741 380.7395816 392.5188998 389.4268714 388.6170739 394.6256016 383.8450434 377.047253 382.4593909 380.0140243 392.6494906 382.0913536 380.0656845 369.5786049 382.1698599 379.5337129 364.6528527 372.8394881 368.9432646 367.3370822 363.7295068 371.9047193 350.4866562 370.154693 362.0791991 347.7871042 349.77405 340.4699555 237.0243406 0 0 0 0 0 0 0 0 0 0 0 0 
0 0 0 0 0 0 0 0 0 0 0 0 244.1872018 332.0618489 345.404081 359.7346663 345.2601719 364.1722642 343.660917 342.7676498 337.8867245 350.2442167 354.2344381 366.4558795 362.2897531 376.3184781 371.2402336 372.9566125 371.666623 367.2617007 365.2411434 384.8612396 377.0332809 386.2231431 384.4006276 370.4896096 382.2607265 370.9384087 397.012304 381.5645473 382.8968111 386.265131 392.3547115 392.4292448 392.1691418 386.8152768 381.1777134 389.7390888 379.0554031 405.7131419 390.2098892 394.4486221 390.3813093 392.3857598 395.8161957 397.0808129 384.1391571 395.4483348 379.6584971 395.1906489 394.1490876 389.8560654 371.8814993 374.9767989 390.7425436 377.7285233 375.3937766 381.7240927 378.2022183 385.4163263 373.9852874 374.4790582 374.3033534 380.0029355 375.7831708 369.0846892 381.289415 370.2479848 367.9861603 366.6197369 357.8820966 370.3799722 360.3658067 364.0444152 353.3533058 354.3901128 339.9814515 243.1459992 0 0 0 0 0 0 0 0 0 0 0 0 
0 0 0 0 0 0 0 0 0 0 0 0 235.6760179 331.1139532 327.7381213 348.9180971 335.3177979 346.1673879 355.8801368 361.1939749 359.6466903 357.3709808 355.7792751 345.9107884 356.5011405 361.6510502 365.4546601 373.7253795 368.0827059 365.1642494 370.3289321 395.4362992 363.9044083 384.9790661 389.9480836 380.3667312 376.5083298 381.8735375 380.7563765 381.8428774 385.621139 395.9730131 391.2502227 391.9082587 389.8425262 383.2303024 402.875975 394.7862704 388.4979979 395.0595067 396.1785225 383.6419008 392.306791 394.4429428 385.791355 390.8497322 396.7806814 411.58159 396.4643149 388.0915853 388.6913653 405.1550578 390.1222469 387.323083 371.6621219 403.4542362 393.3988932 372.8958656 376.8030593 374.776601 376.1334283 377.4278434 378.2574662 376.2303585 391.4689092 376.7814229 365.8328677 366.8509996 374.3971441 357.3910296 361.551236 363.2225175 366.3243207 354.4792175 345.9290506 361.4004458 350.7057201 244.8039131 0 0 0 0 0 0 0 0 0 0 0 0 
0 0 0 0 0 0 0 0 0 0 0 0 237.6806885 316.1961585 336.627276 351.6953739 340.9804899 350.9504668 345.9336652 352.7170171 364.4709584 348.8189261 353.9902842 367.2480436 358.2756762 361.8352155 366.3920299 371.1273264 376.4754934 372.8284913 361.2223395 367.8790785 386.3349784 380.7643179 381.6872435 388.7071031 390.0592068 383.2000547 385.5091632 383.2873214 381.5264714 368.1734508 393.9901885 377.4381943 388.854075 388.8807109 386.6913722 384.6897696 403.3048987 380.4209448 385.2989423 400.2200454 395.8237849 392.5899683 385.2118886 398.4532892 372.5238419 379.4131072 398.0713414 385.9724222 402.3202188 392.1254405 377.0772506 377.3183807 390.8746196 377.6594489 382.7076864 378.6687944 378.6984041 381.0143375 380.7397372 382.5751697 365.1687265 370.100095 374.1209349 367.5591665 363.0383493 362.5982921 369.8155195 373.4534548 369.6708872 356.2402248 351.6530843 351.9818515 364.2707926 355.5685802 352.2856012 252.0332131 0 0 0 0 0 0 0 0 0 0 0 0 
0 0 0 0 0 0 0 0 0 0 0 0 225.8134351 333.7040531 334.4964871 333.2389694 333.7209514 352.7792265 349.8606484 352.5659748 354.4135832 353.9049688 345.7932521 356.5013427 355.2464878 351.637465 360.9648123 355.6824899 363.2957455 377.8952147 363.1324134 384.539165 372.27738 390.0038168 385.2095824 378.3335935 387.7093996 383.774284 371.5593735 380.5966754 384.2282662 383.8000795 395.8480667 405.4036227 400.7001958 391.5763961 402.3613024 394.1265294 384.8917849 392.5502115 392.8906037 395.8089148 388.2124112 394.581988 404.4451184 386.0116677 394.4674254 392.7675069 401.1315614 392.3769762 388.1295002 393.0499374 379.6054073 376.7582671 385.3250354 380.3664271 390.5429952 393.2672919 381.4315315 377.715559 377.9834079 360.1799281 379.7387161 365.8112494 355.181363 372.0952805 372.651231 374.3207065 371.856595 362.516676 357.7576198 355.8264779 361.4622973 356.2282127 342.8719142 333.3161117 346.0698266 230.3995667 0 0 0 0 0 0 0 0 0 0 0 0 
0 0 0 0 0 0 0 0 0 0 0 0 220.4074812 327.290343 353.9535307 349.0719215 347.1982083 344.395064 362.6891126 358.5562319 354.4331316 346.056083 346.8839259 359.5288746 373.1517423 373.0817336 365.9964994 371.8257452 371.0967023 374.1109143 371.0891535 384.2491577 376.434974 363.1637753 380.2242119 374.5769342 387.7068997 391.0170248 391.1856778 401.384739 382.7912947 395.336049 389.32937 389.2941494 393.2164755 383.1995725 390.9146983 393.2091195 382.8761502 383.3721507 391.7155748 388.3847431 406.8331388 383.4815653 384.3294109 389.0519148 379.9809971 387.820641 384.7846502 390.0956236 385.9051279 370.8190217 382.1714066 387.7586854 378.2546002 373.1305993 383.1853257 384.1881295 386.4193363 389.3701247 388.1600112 378.4622166 368.1662334 374.321633 364.8006868 367.5469364 369.3637137 373.8242898 364.9265993 356.0513316 363.2769527 352.0234829 360.9849119 355.9996514 357.2691606 339.8495349 356.091713 246.1054397 0 0 0 0 0 0 0 0 0 0 0 0 
0 0 0 0 0 0 0 0 0 0 0 0 240.9248717 342.7453384 343.6741127 333.655851 345.2506169 335.8541275 353.3742779 341.7834683 344.2453128 353.3525844 350.9397298 362.0490983 350.1818222 371.6738647 364.4814839 359.6402756 376.3811459 372.2997999 368.0955988 366.3253108 380.7398737 364.6359431 385.5879993 384.7647098 381.0699776 394.2163446 376.5503246 372.2598153 390.1701656 387.9913791 383.9873559 405.3024777 376.2961501 390.162151 388.1326392 376.8702392 400.3802664 382.6346025 389.8164483 389.1818535 388.7992909 373.827714 395.7208961 393.5132462 383.6146218 399.7293402 396.821812 387.0171832 385.3638247 393.1745525 396.007559 372.0397058 385.2810886 388.5662615 381.4508181 365.9576389 396.3866442 378.3352996 371.1925776 367.5892909 378.8378856 378.6953709 368.8469772 373.5716077 363.9653924 372.9802387 366.1907282 359.8498517 368.5591475 345.2252944 352.6780631 366.6828038 342.9549499 340.8095438 352.60386 256.7485767 0 0 0 0 0 0 0 0 0 0 0 0 
0 0 0 0 0 0 0 0 0 0 0 0 223.2494363 338.0629958 341.2620577 342.1941723 337.5895347 333.70978 338.7300784 341.9716658 363.4657847 358.1729724 353.3310723 353.8777559 352.8978028 349.8709365 357.0375082 370.7416982 368.8961982 376.838347 388.2167753 374.8240506 379.4675714 362.4888061 379.4878468 382.2763427 378.5398719 378.834729 376.714641 375.7770455 387.7398063 389.6700028 385.2315947 387.8752838 382.3608324 384.5254165 377.2291118 392.2658396 383.7752113 388.4082016 399.0997885 405.0283973 400.4066368 385.3427951 378.2850874 389.4698162 379.0562646 404.4096811 388.3610261 397.4784092 379.3886956 382.2835519 376.3047545 402.639918 385.0534041 376.5983769 382.126095 380.1154301 375.2112072 377.3176931 379.4847966 384.3829551 368.8504448 368.7828603 378.1421876 370.6297959 373.4742412 364.4433027 355.5702376 370.2681293 353.4639984 357.6207399 354.7959418 355.820132 350.7111674 357.3293299 351.7231376 253.3616786 0 0 0 0 0 0 0 0 0 0 0 0 
0 0 0 0 0 0 0 0 0 0 0 0 236.9808545 345.8644187 339.5628508 338.9711359 344.2554197 342.7733713 351.298332 354.4608267 340.8589975 353.3350251 350.0541728 362.1673842 355.4780267 357.5135318 357.3742734 361.8655813 376.1948505 372.5778928 380.14039 374.6923653 366.6763318 359.3545373 374.5481229 377.3087199 384.6797798 385.1338639 378.1656861 384.2806046 399.4721244 391.2444658 394.0400495 383.699618 376.8004396 382.5547984 392.1654716 387.892794 381.9208234 390.2865151 396.1420178 394.805216 388.9761753 396.3165087 389.0706504 386.7210669 391.8492523 393.8287776 383.9008687 392.8963792 386.955629 381.9942932 376.7101357 400.3172605 376.2860667 385.2381802 383.1699114 379.3745808 385.9307172 366.1817457 368.0943282 390.6482385 379.3660485 374.4856309 380.6167062 381.9411199 384.3868226 374.4221433 373.4779812 359.0029172 360.0929508 363.4488247 357.4080832 347.6216463 345.4364318 352.460011 355.7430717 249.3420202 0 0 0 0 0 0 0 0 0 0 0 0 
0 0 0 0 0 0 0 0 0 0 0 0 230.8568801 335.6805063 335.7556727 343.6632256 342.4095874 333.4603894 352.0039064 352.0332249 342.3434662 341.9100295 347.303223 369.8001544 358.3518626 360.6243363 367.091122 375.724442 361.4908023 363.3376565 374.9652108 375.3425231 369.5326403 383.5904161 388.8224917 387.6741146 384.3722194 382.3929578 360.579313 384.246168 377.6957558 391.3307714 389.1534851 398.6402798 396.7109457 387.9194249 390.0326667 381.3337573 383.3704713 388.6499444 389.0838787 392.0416443 388.0103032 407.1443569 389.6206636 402.359719 386.0708407 386.7909145 381.7773729 387.538089 387.2241247 390.0954084 396.1790792 373.1804706 383.1534809 385.6219984 395.7075351 389.5567987 387.4926854 375.9689345 384.0503805 374.2812414 372.6991241 387.7943135 374.381423 367.9194296 367.1715044 368.4852203 354.4988365 360.3096792 363.4318984 371.8797116 371.8998144 358.6329861 353.7647652 352.1964216 347.8495131 235.3657397 0 0 0 0 0 0 0 0 0 0 0 0 
0 0 0 0 0 0 0 0 0 0 0 0 229.4764482 335.6711123 341.1266429 337.5162942 334.0607632 334.2151699 359.5412167 355.3293128 358.8463343 360.9272615 358.074563 355.1793991 362.0243172 365.3626273 368.1921749 368.8922769 364.0265552 377.6611024 375.7066381 358.1417675 373.8607491 356.7054816 385.460999 374.8357168 382.2893472 376.5648409 374.6290355 382.5070395 392.5721763 376.2492962 394.1031706 383.7238041 386.7620521 379.85974 380.7566746 392.5495358 402.2129995 388.3663559 386.4427992 389.5113912 383.1627441 392.1286824 386.8415625 384.7669929 391.4458574 376.4087622 379.5077239 366.3225216 394.4617842 391.617932 386.9519105 376.1691985 386.0926639 388.0552794 374.3347482 383.4821253 384.6391256 378.6264351 387.8504977 373.8380847 373.7224474 371.0579186 369.0750497 367.6684301 373.369669 359.4302013 353.6733919 370.2392281 366.6853034 360.4558575 351.2869087 356.4506065 355.7994185 335.1123694 338.3971951 237.0563278 0 0 0 0 0 0 0 0 0 0 0 0 
0 0 0 0 0 0 0 0 0 0 0 0 231.5713798 330.6871066 343.3461416 345.3594201 347.5343458 340.3232085 338.5665302 336.6299626 349.6876881 353.3923966 359.5038208 368.188 358.3445787 354.4715502 353.2960132 351.0937538 359.01021 366.4760041 357.5972522 359.6623015 376.7072388 368.6321428 389.0216761 375.0735235 380.69985 388.0704076 390.8234846 393.2617308 382.601679 377.0121645 382.2481781 391.2771473 379.9929286 386.1705263 403.690015 379.7888088 385.014161 383.2611976 405.4359732 383.943563 392.1717067 397.0049423 376.8980423 391.8714269 393.4002394 384.0191972 385.3784014 392.9275672 387.9102898 394.5226879 387.7964368 385.6488511 383.5590601 388.3627995 393.5566097 377.8721242 391.310347 375.9095388 389.5396924 371.2659404 368.3039515 379.655429 369.9215773 372.3148105 357.317461 367.8022255 362.8629908 363.2331673 348.9316439 353.8662577 354.4714571 342.1785874 352.1641247 350.4887141 334.0132549 247.7985764 0 0 0 0 0 0 0 0 0 0 0 0 
0 0 0 0 0 0 0 0 0 0 0 0 255.7920263 328.1372061 335.4741248 334.5832651 346.4621356 342.4212391 351.4727953 356.9183133 355.4292342 346.8155825 339.1022868 372.1356362 351.5138002 351.4298753 358.8503319 363.8434085 372.4766577 384.6940163 374.7348015 379.2216354 367.634496 388.1827244 381.0954193 377.9258244 381.8400406 389.4586815 374.0380891 394.1126428 374.685321 386.9345079 385.1669347 395.7191493 377.4732726 373.6669142 391.1399648 391.856388 382.5151916 387.3894906 383.3145848 376.3587733 396.5001564 395.8163683 378.6461365 400.7298552 389.8061101 400.4198737 387.5385382 387.1765297 384.78438 381.0293373 380.4605828 393.8825092 376.0645503 385.0391607 374.6083958 380.845677 375.9607615 389.9894351 381.6769161 383.8164273 385.7537336 376.8065777 383.0131275 352.2253128 353.8388631 365.0942859 360.4727157 359.7917365 362.2935192 357.5044226 337.4140444 358.2658836 354.3011217 361.8512457 347.1686528 240.9253683 0 0 0 0 0 0 0 0 0 0 0 0 
0 0 0 0 0 0 0 0 0 0 0 0 228.3947826 325.0860788 346.5424181 323.2359774 342.7368836 334.2427332 346.1132356 334.7086837 353.8635425 343.8451856 360.9773063 363.8531752 358.4328989 357.438819 363.7586463 366.1662131 370.5522001 375.0320732 371.6567894 376.1429677 365.5365556 381.4515842 373.8671744 369.6361972 373.945208 379.4679071 383.5083007 390.406093 381.8934082 370.9129427 390.7427655 377.4852805 379.5674824 377.1156727 396.7977737 381.4361903 380.096346 390.9063808 386.1196577 397.0167593 385.4816532 383.5475861 379.0151095 393.3284139 389.4241695 374.0382437 380.6136068 387.4171232 396.2501513 388.8059768 387.484133 393.6254013 387.2129557 384.0855907 384.0376839 374.5603096 373.2967801 364.9197116 380.2786536 374.9972056 370.0928106 377.6576418 376.3744349 359.2482358 362.2021676 358.7980955 357.8068481 362.0134197 367.7746162 362.4100157 352.3239296 352.2021411 338.7157242 344.8925786 334.2310031 249.3449841 0 0 0 0 0 0 0 0 0 0 0 0 
0 0 0 0 0 0 0 0 0 0 0 0 236.9077004 328.361444 323.026212 331.5362606 348.1500854 324.1454105 341.5486203 339.0006049 353.8263888 356.3651427 354.4672362 351.9131123 360.4635801 361.9733594 369.3301968 355.9664216 363.3130775 369.269005 368.6970568 385.2666782 360.1081709 374.4729385 383.5250024 381.411541 385.7226798 372.4817907 380.2278919 383.6988785 371.3710913 380.1100613 378.8263706 388.6152559 402.5127928 376.2970405 381.8677139 382.4984981 385.1273818 384.7422144 385.2057897 380.2774437 371.549753 390.240233 386.9820311 381.3475354 384.4483587 387.9758461 378.5374762 392.9952617 377.3965332 388.4801823 385.9124369 381.1868386 370.5453126 389.6637244 371.8544055 381.7566554 383.8651548 382.5513815 375.3375351 381.6416159 372.6440125 350.9257806 364.4894112 372.929107 373.5683268 367.7401448 358.5758453 352.7445075 369.3289667 348.5516214 353.180035 355.354817 343.0371058 349.5003635 349.9085458 249.2945864 0 0 0 0 0 0 0 0 0 0 0 0 
0 0 0 0 0 0 0 0 0 0 0 0 236.0203838 317.8602627 332.3044709 340.1414387 341.7704422 349.5754038 346.2600786 350.837037 355.1279047 335.9063597 345.4346087 341.797729 347.1520939 362.0621082 378.8897152 374.7783144 371.8476297 353.4092636 364.6561243 369.6959788 355.216214 363.1294363 360.2570787 376.8734242 379.8633471 385.8039372 372.9520393 373.8419264 375.997702 380.5254788 397.4134367 398.7452324 387.0134998 388.8946782 373.6385735 383.7389871 380.9256469 390.7310974 381.4624819 400.8372064 390.5078409 386.9567634 387.0069424 389.0662132 387.6275424 391.9521996 384.0896133 382.8878623 376.1313454 389.3590089 382.7863787 386.9129931 390.8197709 376.2637459 371.573869 385.2938796 376.907341 369.0576052 395.5304505 372.9135348 371.7372811 372.3441295 366.2518407 369.2006013 358.8040692 361.291252 374.3678556 362.3119137 361.5680325 361.3386799 360.2288518 337.5137296 349.3857262 345.5978189 336.1092456 258.7046686 0 0 0 0 0 0 0 0 0 0 0 0 
0 0 0 0 0 0 0 0 0 0 0 0 231.376088 333.2996962 332.7127948 338.2795888 340.7092503 348.4228162 353.6903238 335.7569728 333.8807914 354.2001554 340.8671921 370.1168948 346.229605 365.0127555 353.2737802 349.8568491 370.3827419 359.0600455 374.6302191 377.6315121 372.9007847 368.4811093 376.7005912 383.3475638 385.4036921 379.3513358 380.5204431 385.4969365 376.8460075 389.9048385 398.0569958 389.5217112 381.2678175 392.9317744 389.4597959 395.0656457 382.9830091 379.5840171 380.5317336 380.055719 386.3910767 388.216489 390.4693124 373.4062483 401.4548745 385.6447129 391.7649629 390.1307436 383.3800534 376.568745 388.2401254 386.369377 380.3935591 371.7323507 386.0921102 359.222562 372.6626031 375.8421702 377.2225842 358.8660123 361.055831 358.2029653 350.6792138 360.5433311 363.3841505 364.6282926 367.0459227 356.1493857 350.244041 354.0449928 348.3325684 350.0916703 344.1313948 349.3092094 339.4001292 237.8734188 0 0 0 0 0 0 0 0 0 0 0 0 
0 0 0 0 0 0 0 0 0 0 0 0 240.4975382 334.0502785 318.1049974 334.51044 337.8280088 350.0097258 336.9083613 353.7617288 348.2933446 344.7547447 342.6936052 352.0700477 356.5560353 360.2397794 352.6770355 359.5484529 364.4009714 372.1516275 361.587424 367.0870938 376.3414402 374.3386295 365.8987722 378.8430816 381.3400624 374.0785505 363.8975196 377.860613 387.6490323 381.4579868 382.8415411 377.860946 385.2902226 389.5586182 371.9311959 385.5987953 392.7844339 381.2664013 390.0681538 381.4025331 388.346621 374.8684644 389.8220418 376.7430559 380.1226013 373.2398795 378.0788044 390.5372608 379.4934269 379.4840567 382.1146364 387.0320347 373.1475151 373.3569573 361.6632107 382.5389285 387.4002806 378.534466 372.6182813 371.0994142 367.210985 347.7372931 350.7887262 367.2929746 349.8036429 355.1679197 356.1044491 357.4167688 354.4478943 341.9645335 357.0718495 352.1992552 341.4902143 342.4564571 341.656027 255.4369595 0 0 0 0 0 0 0 0 0 0 0 0 
0 0 0 0 0 0 0 0 0 0 0 0 226.7800405 324.5233712 327.1909085 321.6628319 339.4635116 342.5704701 337.9748436 345.930287 342.8564386 361.3079816 343.7378832 346.8567888 356.2545747 365.3276595 363.3024334 360.0605318 378.3697638 372.4581272 371.7065635 367.6848441 362.886857 371.436288 380.7172668 358.9523657 382.6919776 388.2800295 383.7369538 371.5682082 376.5610769 370.0276914 392.7058313 370.3850084 385.8578948 381.9991184 389.253708 383.8267507 397.9401403 398.0635253 381.3294529 389.8328299 390.8813638 384.6551007 392.7045026 388.4092313 386.2148243 386.9318297 382.332418 377.5404866 373.6289157 375.311862 378.1679792 373.5121984 367.6532543 375.366404 369.2482231 374.008669 363.5346507 368.7997903 378.8390643 373.6444663 371.1478164 369.4626632 351.5156196 369.7532194 363.7018484 356.0170691 363.5693755 358.9436798 349.1704454 354.3752152 344.8259165 349.1865398 340.518002 346.9009834 353.0210343 234.951693 0 0 0 0 0 0 0 0 0 0 0 0 
0 0 0 0 0 0 0 0 0 0 0 0 230.7869284 327.3728854 323.77621 338.0978391 342.9055662 342.8425862 345.5973854 340.9010892 356.2071236 338.0192732 347.7741521 361.4444955 368.6846817 363.4119716 349.8200072 356.3200899 364.9773473 362.6243662 372.8263343 361.5330947 363.7027424 360.4979771 367.0772234 364.9605171 378.2818993 386.9048189 372.6943881 391.2168759 377.2051986 385.5273142 372.491395 386.6404755 366.6157968 391.2557284 389.5033976 392.1422514 381.659978 383.0613802 389.6413693 393.6248547 392.7193759 376.6455289 389.8160433 376.8656096 381.6209337 390.8551087 385.7783431 389.2243447 374.35794 370.4317124 377.093063 384.5849285 386.321572 381.0667702 371.7624372 369.3018025 359.3422975 378.1461991 367.0988111 375.1890156 365.381289 364.7270817 362.8989071 364.215124 360.3320288 361.9491468 357.2610877 353.7251499 351.0609942 350.643661 338.5949913 343.8925773 343.8210741 345.6045404 358.2503294 234.9331179 0 0 0 0 0 0 0 0 0 0 0 0 
0 0 0 0 0 0 0 0 0 0 0 0 229.2804594 313.9350357 337.960383 334.8768247 337.7372565 331.6507812 347.1077962 331.1201754 325.394289 353.7758857 339.8743156 352.4161459 362.5492911 352.8605334 350.6471891 351.4399429 353.0181873 370.544292 360.854427 371.3220867 376.6569483 380.8930113 376.5776374 366.193473 362.4086251 355.1085908 378.3834469 366.3235903 370.2079979 377.3100783 387.0064957 377.7125846 389.5547237 392.7254889 389.2740183 369.2507494 389.6050602 388.8830936 374.8651254 386.3745284 374.8855121 382.8130936 373.3697623 383.2185725 399.4686623 383.722693 377.1430074 389.3432574 379.5947068 368.5164004 376.8839853 390.3807129 377.7534993 365.1816203 367.7086911 366.8831319 368.6045926 373.2619179 380.5160473 381.7590801 366.6194711 356.681169 355.9766546 357.0954723 369.4066503 354.766277 354.957572 347.0030998 359.3028 354.6928596 352.5154798 341.524877 351.3526908 344.5531775 338.7200027 226.8288292 0 0 0 0 0 0 0 0 0 0 0 0 
0 0 0 0 0 0 0 0 0 0 0 0 240.7825338 332.3339273 328.4626515 320.8429356 341.0747486 340.3629537 340.827386 341.9818858 340.7217071 342.9758453 353.2460109 353.09467 346.251457 355.0773599 353.0088487 359.4290754 353.3439625 374.3878924 356.5555546 359.8919592 368.5299052 377.756106 377.2020284 371.8397972 375.0806073 375.0480569 369.94165 365.7562319 359.9192392 381.4194417 367.1658691 379.6460729 377.6921343 379.4356871 373.1685383 368.9667747 363.6486258 371.9371103 373.2518915 381.1464686 385.2815288 385.3464688 379.8463699 386.5310431 375.8509338 382.5400287 386.5932051 376.4078716 394.6878197 369.0773791 380.5598972 385.3741501 374.9712403 375.7052559 383.1603566 376.4912826 376.5111207 359.2129388 365.7061773 372.571899 356.9976406 364.0444453 354.89855 362.8466012 352.4639104 356.4582449 344.1484541 356.5901104 344.3898433 342.6279631 351.497421 351.8698405 346.5158141 343.0822765 331.6671398 252.6442605 0 0 0 0 0 0 0 0 0 0 0 0 
0 0 0 0 0 0 0 0 0 0 0 0 230.595738 316.511174 321.1409499 324.9342066 333.729646 333.7991746 338.5689548 353.7919162 349.5996208 356.5972993 331.1620994 346.5661766 365.0760462 356.2476883 351.5364162 356.0114518 361.8559116 361.2606886 378.5351892 357.3104133 365.8207256 363.9462709 353.764901 376.709003 365.3056924 362.6746502 362.0497772 369.2072607 375.5426586 371.8070132 384.4069155 381.1639493 373.5281071 369.0423485 385.343668 378.3158479 385.1727514 371.0468579 378.1327567 391.7349401 375.0765361 379.5241052 387.7956746 390.7287018 377.6777901 383.6225496 374.0901871 375.8698773 384.8111933 373.7278537 378.3356872 375.2484085 371.8138246 383.8108795 373.3887081 382.5804735 367.5333736 367.5989087 368.1432957 363.6007869 364.8224734 369.2961079 366.30628 350.5855528 368.8691122 356.1989505 341.7571576 355.0960073 350.3168922 345.4643054 340.5882033 351.8413364 348.5805938 335.0430898 330.7778565 222.7548858 0 0 0 0 0 0 0 0 0 0 0 0 
0 0 0 0 0 0 0 0 0 0 0 0 233.5768747 332.2934371 315.2682044 308.6711745 322.9809179 332.7335374 331.5576683 335.8419001 345.491722 335.6173162 344.4152963 346.3862457 340.8885364 349.2825325 348.2273112 351.5364699 355.4144293 362.6931123 352.1641784 362.9014392 361.0750527 363.0029117 361.2171669 364.8371292 358.1568996 366.2681134 362.8805249 387.1961848 379.3639706 374.6449623 373.8001521 379.7379793 372.8346237 380.5886414 360.404549 373.1325593 369.4222441 362.4686134 381.7836615 373.9338788 381.7925997 371.6742271 382.6548344 377.4172377 376.4558517 377.0193009 375.0480547 378.9431644 371.5583492 381.7447727 369.6141972 373.3395845 373.6188597 371.0996622 377.4346397 374.8843735 363.9076919 363.5845266 374.5040402 364.2732226 365.5922164 363.3992864 367.3361094 358.8086141 351.7546797 358.5993 348.7688626 345.0537435 344.6022491 352.9223639 346.8173322 342.4321497 348.6979331 342.7915727 339.7087008 231.9216217 0 0 0 0 0 0 0 0 0 0 0 0 
0 0 0 0 0 0 0 0 0 0 0 0 225.4637394 317.3993252 328.2892895 336.2813416 328.0849208 331.9920915 332.9053416 338.1830834 337.6357404 338.0681694 340.3088348 341.0469947 345.0603014 350.8403692 347.1860941 359.9532227 361.9548822 353.8412645 360.0821441 358.8329213 353.6313116 371.7335261 362.0521008 365.6923828 350.6822655 374.5625507 366.3202731 376.8991406 380.7605355 362.7070412 365.6545574 375.5566499 375.8305548 367.3486633 365.6441288 371.6047551 377.3007801 379.0661378 375.4159638 377.3622233 366.8122997 374.0276734 380.7407616 374.4055271 395.8885115 373.1268948 385.43617 387.5905018 373.4604674 374.2145205 369.4744993 363.5148962 367.0626711 364.165075 366.849686 359.9574781 364.9012225 361.7678493 355.9175807 360.7637271 369.2146179 355.1054222 360.2596412 357.4947553 350.9485099 366.0002798 349.1308725 360.8219586 344.5652994 333.3269872 356.505361 342.9371895 335.056012 331.5467809 329.1074454 249.7088063 0 0 0 0 0 0 0 0 0 0 0 0 
0 0 0 0 0 0 0 0 0 0 0 0 224.7440547 322.4076071 315.0665824 321.5577142 333.8919859 327.9723747 323.6705356 328.4295584 330.2944409 346.3241192 350.2505604 351.9138442 345.5498826 354.0557481 355.4161531 358.7932509 359.9126778 361.7496235 358.0273849 354.756032 361.4528665 350.7588929 360.8700189 349.3083086 360.3474967 374.4714007 366.9635724 359.9114059 374.4311291 363.9874772 378.0164511 371.5479266 379.0575763 365.9155429 375.5398762 367.043033 380.3151875 372.2911892 367.2931018 378.2622627 385.730873 355.091687 379.1317403 379.4668287 378.1622984 375.8294211 376.1842119 394.0671419 355.5290744 379.0100272 369.4598459 386.7406418 363.21837 381.0777451 366.9846195 372.5120666 368.0394152 362.7132976 361.8214487 365.7901587 353.1837347 361.0295519 363.8431918 359.7788662 359.0468793 352.352407 352.7622972 342.8784345 333.0386486 339.5238509 353.2122367 331.4476793 335.3926332 335.2270388 326.9165219 242.5485751 0 0 0 0 0 0 0 0 0 0 0 0 
0 0 0 0 0 0 0 0 0 0 0 0 227.6843288 320.5501239 333.0060212 326.4586982 316.9867728 330.8020293 319.2935949 321.2199289 334.4466378 339.3266311 335.6493041 344.4832847 342.7374695 359.9877513 351.279321 354.4512953 349.3125049 366.9688318 364.4074651 365.6518284 368.7534628 354.228286 365.1665638 352.0546089 360.8107465 366.0955517 359.078373 383.0456954 377.3592989 374.2628663 367.2524159 368.7483134 378.5426467 376.0632033 378.2912509 376.480466 376.031665 369.2621986 373.2383365 371.7651496 380.5530923 364.650418 376.990253 364.3114026 374.6359706 364.0974046 369.1543182 369.9644694 371.6413227 363.6483816 371.7956658 365.7897064 359.2075273 365.9668689 358.8159918 352.8425216 361.1553033 370.0497444 377.3476276 363.0791513 351.0791999 349.5036109 353.5341876 367.4974864 355.2939029 340.5391916 351.0551165 346.4199862 343.6792992 335.1273261 352.857438 340.2795818 331.1155785 334.6477204 337.1856952 232.0315303 0 0 0 0 0 0 0 0 0 0 0 0 
0 0 0 0 0 0 0 0 0 0 0 0 220.7291495 319.3957732 311.3052087 327.2383694 333.464594 329.6566153 324.6616019 325.716768 346.7388269 345.4783024 336.336128 341.2650485 346.5507219 335.441098 355.1090282 348.1657615 358.5044584 347.9685556 361.7841523 354.7969355 344.0808304 377.0701617 363.7907087 357.8481873 366.0326442 367.1245562 354.7837535 367.2020763 376.6000907 383.6459457 369.3447426 358.4380884 373.3868633 358.6973069 367.0709014 368.9785303 375.003247 373.9891913 376.2808404 358.3188313 382.2178169 369.727539 370.6840807 368.5016056 370.3483597 367.263031 355.5187247 370.1854837 360.7990096 375.3443465 362.4226709 364.5062084 362.5986961 363.680003 370.1191419 371.3611185 368.9741861 351.6650536 357.0590137 363.0842908 361.7573235 352.1916992 350.9075054 350.8557806 352.9146453 343.6168068 336.1101653 339.862301 358.7260588 345.3861643 341.825275 341.780979 338.7436837 335.1215329 332.7658028 240.4431015 0 0 0 0 0 0 0 0 0 0 0 0 
0 0 0 0 0 0 0 0 0 0 0 0 220.363628 322.399033 306.0213046 314.8628798 330.3161155 335.7770437 336.7020539 339.0507122 328.6470121 341.2659153 338.3031293 349.4147652 337.1685309 354.9729609 350.5597591 348.6970903 340.4728334 351.6005463 357.990734 355.688428 351.6124977 344.8713555 357.0652084 363.464462 356.0696332 366.0160448 363.2293545 366.2680082 365.7073694 368.4185727 350.1091697 372.5086653 371.6553669 367.0794465 371.9525305 367.9937504 376.1423553 360.272837 367.8153983 360.7978657 385.9354799 380.1499669 366.6366435 373.6211118 365.8140346 372.5928591 349.0715626 362.827051 362.4320886 369.6084509 368.3832327 359.4813454 368.4055052 370.3266114 366.9401513 371.0157622 362.7626463 362.8566408 347.0826274 349.6648863 351.7759078 364.4191785 349.2486279 342.1176863 356.0794932 351.2651876 348.6049738 338.0434683 349.0202675 331.4494936 345.3062461 314.4784445 337.6255478 323.6038935 323.0630028 233.7369272 0 0 0 0 0 0 0 0 0 0 0 0 
0 0 0 0 0 0 0 0 0 0 0 0 225.5952323 313.5017794 331.7860752 299.0534573 319.5882238 328.7229009 330.594267 331.2662724 321.9849552 337.4696052 325.073837 331.3817767 335.9344772 349.8406845 344.3370781 338.6672222 350.7033427 344.0864071 359.4886014 352.5357975 360.1449861 356.4059758 359.1816574 356.6334573 358.2660971 362.5344804 362.7149485 375.1508012 375.8781873 362.8577384 385.6557624 369.0244759 378.2555182 372.1023793 359.7495616 382.4976948 377.0979592 355.2690698 383.7185688 373.8460624 374.7227775 368.7588875 365.9410074 378.5665311 369.4085897 369.1934133 366.2674552 378.1101339 382.3185119 366.8206444 367.2453561 366.1675129 373.9979652 362.0640008 365.9570609 355.4342943 355.852439 361.9577044 367.7388372 361.7082968 349.7169603 357.6776112 346.2197343 345.5861301 341.2706193 348.8030515 348.8423704 349.871073 349.2632802 330.0570864 340.7691019 344.1890802 323.3882959 327.8524751 324.8865059 227.3341494 0 0 0 0 0 0 0 0 0 0 0 0 
0 0 0 0 0 0 0 0 0 0 0 0 226.6136367 306.0257084 315.0299658 312.017438 315.1310851 317.6059378 316.5024875 337.1519242 329.3436688 322.249141 340.9695777 335.7582029 326.5873125 335.5181264 335.4260372 342.2523182 350.0980678 360.8435563 365.2044866 352.3695911 358.8018222 345.8111104 355.9807495 353.7074588 344.9647403 362.5284276 359.178233 354.1400515 362.0852683 359.293807 363.6173769 361.0643569 373.2055988 359.0542719 353.0099956 369.1094503 363.4056846 366.2721842 378.4971919 370.70766 375.2005429 365.0479378 361.2846431 360.952159 372.8102593 365.3368098 354.5163038 364.692716 353.0086536 365.1927613 370.9975324 356.8087021 368.647913 353.6607099 360.1516097 363.6280722 366.1150992 360.7398914 361.8037038 334.780087 363.7265926 347.522924 352.1490276 342.660679 327.0900686 348.5812443 333.6226548 349.779609 345.2892872 345.8193216 325.9237553 326.3776055 318.3288389 317.7483296 335.5340896 238.3579328 0 0 0 0 0 0 0 0 0 0 0 0 
0 0 0 0 0 0 0 0 0 0 0 0 226.639318 307.4432506 323.3019194 310.8715413 326.3583731 314.0785924 333.0067464 338.4287867 326.324976 330.2263549 327.7796093 319.7624237 338.4494701 337.9832575 341.9808625 328.4975722 352.5380862 348.4106757 348.6289255 344.2648224 367.2162946 354.0441373 347.9236924 366.6088437 355.73917 364.681375 360.1299951 361.0894248 358.337446 358.5679772 357.0730435 359.4065081 358.1432421 361.9668885 362.6655161 363.9217088 361.1800704 349.8638263 359.1618449 361.1060831 355.0822448 366.5438351 372.6198713 359.23467 343.7712957 362.6214332 363.3347103 358.4556253 363.5077487 363.1934237 353.0264099 367.0905534 361.49275 364.8609486 373.6648306 353.1072443 368.6560751 354.7673734 353.8644139 357.7324268 349.7146411 351.7132684 359.8852234 333.728375 338.7031058 344.4820569 340.2224656 338.7764036 330.6255163 328.9124129 349.0088651 321.9404579 335.291627 341.5334322 336.1782937 232.4881616 0 0 0 0 0 0 0 0 0 0 0 0 
0 0 0 0 0 0 0 0 0 0 0 0 217.2124313 311.6932013 317.5737609 314.0356225 330.6037907 329.8790447 321.3518309 324.6364458 327.0104385 340.8101452 316.4949556 324.6370326 324.6671247 336.896661 334.962069 345.6159428 335.6001741 339.2753679 352.1477159 335.5159213 353.1921661 344.0260782 357.5550372 336.6211065 359.1472207 354.0843166 347.9408929 357.1066186 356.3557268 358.4067468 350.2089195 348.8255405 354.8940176 378.5569856 356.8960826 368.0870125 359.4237491 363.859249 372.9657229 359.162413 370.5241137 358.5720669 363.5327782 363.9068944 360.6281154 369.2468305 363.5149008 361.0388894 353.9891088 372.6015094 354.4470152 363.1232122 356.9727339 365.2266484 341.4923139 347.1076795 365.6128203 365.5357231 344.839149 354.043452 358.319538 344.8826972 337.7587605 339.2934862 341.6075213 345.8950913 339.9890935 338.2267375 340.8803317 328.93705 315.1843808 334.728571 307.6850275 322.1959837 322.4916321 233.5417589 0 0 0 0 0 0 0 0 0 0 0 0 
0 0 0 0 0 0 0 0 0 0 0 0 219.0671461 300.0567598 321.0566383 318.1708996 325.1111814 316.9645066 321.3073133 323.812274 338.6346778 325.6898239 334.0084573 333.9049553 332.4038981 328.605117 323.6305833 335.9891583 341.3361335 351.616952 345.183202 346.4680051 355.357108 350.0898539 339.436294 345.7712573 345.3734567 353.8042325 344.0682965 356.6510777 362.4867758 354.3880008 366.1105211 362.8742219 341.458963 357.6242963 358.7048057 347.8817218 375.2554773 359.4877612 358.6723266 360.4269007 361.2613943 358.8571117 358.601962 367.3074793 356.4707946 354.0832365 365.7755925 363.1009344 358.7850821 346.0344293 352.9949339 364.8516399 356.3747911 353.8726012 360.2209477 365.3970435 347.7047074 360.6325176 359.164373 360.8774283 354.9395736 348.0535755 343.807277 349.5735695 356.9513879 337.7887118 341.740955 315.861975 332.1967412 329.5320156 334.022043 321.5346498 329.9592434 316.8369812 328.7915815 219.1588135 0 0 0 0 0 0 0 0 0 0 0 0 
0 0 0 0 0 0 0 0 0 0 0 0 213.7563784 323.4853845 319.1228414 314.3359482 305.772763 300.8166664 324.8282909 311.2743112 325.9242258 325.5666805 332.8391011 324.2833589 332.3130412 340.9499316 335.5323131 334.5668042 339.4704442 338.3541323 335.4762632 338.3194144 362.8499603 335.4172408 352.2614638 345.1420094 358.7949491 359.9214048 366.3974884 336.1490806 355.1672544 336.8236106 360.584604 359.9676608 358.5958329 358.2155602 360.670703 344.116691 357.9760228 373.7201627 351.084367 354.5994497 361.5413623 348.9291379 352.5686325 354.2239491 351.0533547 371.436897 375.035697 356.866771 357.9557611 351.8118598 351.9644667 356.8257571 355.5057626 358.3935088 330.585568 350.3435457 338.6212782 359.6277299 346.6664476 339.9327765 337.2329004 347.6549563 343.2197804 340.2892274 351.0548392 340.6965222 329.0214391 337.0495912 329.4454774 340.7463358 328.1760584 319.2680115 328.1511361 313.1214688 326.2988346 226.0502665 0 0 0 0 0 0 0 0 0 0 0 0 
0 0 0 0 0 0 0 0 0 0 0 0 223.8320016 314.9250037 309.4480933 310.3349055 321.5721317 316.5769377 337.5236206 320.8320751 327.5960033 339.2967844 320.3590265 331.290031 330.7586 330.4306721 323.1339099 319.5963088 327.4637564 342.2428632 350.0632592 336.5845657 333.6869565 342.3113787 335.9864038 339.5877607 355.5649675 350.4576278 351.490287 349.2019122 348.4967986 351.5277165 364.4878512 349.2271576 345.864525 341.3056877 363.1687557 363.8771589 368.5780732 355.1423197 356.2151546 353.0249448 354.5967632 360.2918991 366.020824 371.8022479 362.1682476 362.3634489 358.5546787 366.1234582 366.215165 361.9919495 357.4758966 349.8112935 364.780067 342.5494922 355.4331667 350.4117693 364.6452663 341.9457803 345.0139427 345.1718163 340.4083227 343.75323 337.6453919 331.4894542 338.1313574 338.7818166 336.9537353 331.6950057 329.6134514 334.5336884 327.4672066 323.6830997 321.736454 330.2114246 314.0257898 217.0935594 0 0 0 0 0 0 0 0 0 0 0 0 
0 0 0 0 0 0 0 0 0 0 0 0 211.7348643 314.4636829 298.4247549 306.1463431 315.9324449 312.0370193 314.8633127 318.8915934 328.3571739 321.098526 322.3862326 322.329823 333.8171682 331.9911916 343.3975509 340.6076876 341.0497537 331.4915209 341.5134208 342.2690664 342.298661 359.9617937 338.2990501 346.3972468 349.0068811 341.5160084 344.7167907 360.1682309 354.4776777 355.6042507 365.3131482 356.8933459 345.2979132 346.9015334 347.124771 361.2685814 362.4057138 355.4332555 354.2311927 346.1903296 356.3772107 353.4094402 362.2108365 341.9387052 353.8905263 359.5013083 365.7952583 358.6520056 349.6469342 351.2148596 341.4068864 358.6489616 358.3746293 342.3948769 347.364509 337.9968414 349.9038903 349.2487475 342.8765574 346.1414482 324.9136796 333.6101073 337.2242903 333.9448838 329.188851 332.8438878 337.6186654 335.9591553 326.1491556 323.8787179 318.817676 325.5851069 324.28409 313.2790865 307.7396792 212.8121167 0 0 0 0 0 0 0 0 0 0 0 0 
0 0 0 0 0 0 0 0 0 0 0 0 195.837733 288.8247821 295.5159669 307.6779254 307.2637945 287.4051471 313.607359 315.7316557 330.2168382 325.5101503 329.6456913 313.4279638 323.7864242 332.1763673 319.8348647 337.2617165 331.1527971 327.9137479 328.6228487 329.9914115 345.7985561 345.5833402 345.708838 341.5820657 347.6122571 344.6903109 355.2703806 353.8053234 344.5250715 334.8718852 338.8526695 358.3337882 345.6496344 349.4588967 362.5758569 348.6704141 343.0998884 344.997018 349.6257698 353.2606578 344.3424476 352.0024411 352.1221641 347.8724525 352.9208288 352.5758471 341.3137374 359.2656601 351.1466393 361.4026667 344.7187073 357.4153159 342.8975343 355.7113062 353.6991509 341.8005625 354.8514036 345.6292438 354.0925306 339.9466403 334.3470197 343.5136463 341.0928204 329.1853976 333.352243 338.0521473 330.110637 333.5209596 320.2589321 332.2875088 317.7527962 317.7136804 307.9134046 330.0966831 303.4288446 228.6435894 0 0 0 0 0 0 0 0 0 0 0 0 
0 0 0 0 0 0 0 0 0 0 0 0 208.8884157 296.2397814 303.564501 311.0668831 296.0875213 303.9660172 300.8346729 320.1564937 321.1157037 320.7083956 325.9719393 321.7563636 323.8114102 315.5599084 329.4288226 338.3795903 328.0445393 326.3152629 319.6532064 327.5847746 338.921643 338.2513686 345.9661471 342.0541111 345.5125431 338.0733215 333.317502 331.664241 337.7272437 341.5136639 343.3893198 340.9777529 336.8464834 362.6738023 343.9965481 345.5797872 348.9241971 359.7302208 355.352279 349.5363427 348.5022526 346.751976 343.6474242 341.0226004 356.3563828 357.9740682 346.9850843 351.9048489 343.1516447 348.806008 361.1949884 356.8038571 344.1422894 349.1958587 347.3240689 330.6792668 346.5475192 347.8889228 346.340148 355.9127333 324.0753541 339.5264656 325.1007941 342.3696418 339.9574047 331.72401 324.8783236 325.1311446 325.8851775 319.4128816 321.4142684 327.5640026 307.488284 311.6963017 308.1967994 211.2111196 0 0 0 0 0 0 0 0 0 0 0 0 
0 0 0 0 0 0 0 0 0 0 0 0 142.394683 203.445049 214.0282431 195.2495128 213.5232864 222.1337257 211.0259588 216.5611909 230.2663781 229.2887073 242.7389841 226.6493383 234.5411854 230.8142677 233.8451698 240.5940191 237.9547062 232.4097249 243.7888427 238.6597046 242.9580299 233.8612939 230.2165951 241.4677042 244.9221461 245.6347233 245.9179545 238.0369662 246.6818008 248.6590355 240.7447083 245.7448204 240.9467874 254.734151 232.3402361 257.2698572 245.1898071 242.8318403 255.3252611 232.1026175 249.7900718 245.941664 252.7821477 253.6899666 242.8842297 243.2685631 257.7088763 244.6277193 238.0106558 254.6876421 231.8252383 249.6144519 242.1197701 237.9812526 230.1092193 241.3575429 238.4015741 243.9592377 245.3565303 246.7715394 248.3529248 229.593727 225.5123921 246.5983034 216.7035573 229.4622322 234.3799887 227.8733654 222.7651025 226.5651214 223.5573909 233.2067656 204.2574157 215.2427382 222.0259629 165.7203785 0 0 0 0 0 0 0 0 0 0 0 0 
0 0 0 0 0 0 0 0 0 0 0 0 0 0 0 0 0 0 0 0 0 0 0 0 0 0 0 0 0 0 0 0 0 0 0 0 0 0 0 0 0 0 0 0 0 0 0 0 0 0 0 0 0 0 0 0 0 0 0 0 0 0 0 0 0 0 0 0 0 0 0 0 0 0 0 0 0 0 0 0 0 0 0 0 0 0 0 0 0 0 0 0 0 0 0 0 0 0 0 0 
0 0 0 0 0 0 0 0 0 0 0 0 0 0 0 0 0 0 0 0 0 0 0 0 0 0 0 0 0 0 0 0 0 0 0 0 0 0 0 0 0 0 0 0 0 0 0 0 0 0 0 0 0 0 0 0 0 0 0 0 0 0 0 0 0 0 0 0 0 0 0 0 0 0 0 0 0 0 0 0 0 0 0 0 0 0 0 0 0 0 0 0 0 0 0 0 0 0 0 0 
0 0 0 0 0 0 0 0 0 0 0 0 0 0 0 0 0 0 0 0 0 0 0 0 0 0 0 0 0 0 0 0 0 0 0 0 0 0 0 0 0 0 0 0 0 0 0 0 0 0 0 0 0 0 0 0 0 0 0 0 0 0 0 0 0 0 0 0 0 0 0 0 0 0 0 0 0 0 0 0 0 0 0 0 0 0 0 0 0 0 0 0 0 0 0 0 0 0 0 0 
0 0 0 0 0 0 0 0 0 0 0 0 0 0 0 0 0 0 0 0 0 0 0 0 0 0 0 0 0 0 0 0 0 0 0 0 0 0 0 0 0 0 0 0 0 0 0 0 0 0 0 0 0 0 0 0 0 0 0 0 0 0 0 0 0 0 0 0 0 0 0 0 0 0 0 0 0 0 0 0 0 0 0 0 0 0 0 0 0 0 0 0 0 0 0 0 0 0 0 0 
0 0 0 0 0 0 0 0 0 0 0 0 0 0 0 0 0 0 0 0 0 0 0 0 0 0 0 0 0 0 0 0 0 0 0 0 0 0 0 0 0 0 0 0 0 0 0 0 0 0 0 0 0 0 0 0 0 0 0 0 0 0 0 0 0 0 0 0 0 0 0 0 0 0 0 0 0 0 0 0 0 0 0 0 0 0 0 0 0 0 0 0 0 0 0 0 0 0 0 0 
0 0 0 0 0 0 0 0 0 0 0 0 0 0 0 0 0 0 0 0 0 0 0 0 0 0 0 0 0 0 0 0 0 0 0 0 0 0 0 0 0 0 0 0 0 0 0 0 0 0 0 0 0 0 0 0 0 0 0 0 0 0 0 0 0 0 0 0 0 0 0 0 0 0 0 0 0 0 0 0 0 0 0 0 0 0 0 0 0 0 0 0 0 0 0 0 0 0 0 0 
0 0 0 0 0 0 0 0 0 0 0 0 0 0 0 0 0 0 0 0 0 0 0 0 0 0 0 0 0 0 0 0 0 0 0 0 0 0 0 0 0 0 0 0 0 0 0 0 0 0 0 0 0 0 0 0 0 0 0 0 0 0 0 0 0 0 0 0 0 0 0 0 0 0 0 0 0 0 0 0 0 0 0 0 0 0 0 0 0 0 0 0 0 0 0 0 0 0 0 0 
0 0 0 0 0 0 0 0 0 0 0 0 0 0 0 0 0 0 0 0 0 0 0 0 0 0 0 0 0 0 0 0 0 0 0 0 0 0 0 0 0 0 0 0 0 0 0 0 0 0 0 0 0 0 0 0 0 0 0 0 0 0 0 0 0 0 0 0 0 0 0 0 0 0 0 0 0 0 0 0 0 0 0 0 0 0 0 0 0 0 0 0 0 0 0 0 0 0 0 0 
0 0 0 0 0 0 0 0 0 0 0 0 0 0 0 0 0 0 0 0 0 0 0 0 0 0 0 0 0 0 0 0 0 0 0 0 0 0 0 0 0 0 0 0 0 0 0 0 0 0 0 0 0 0 0 0 0 0 0 0 0 0 0 0 0 0 0 0 0 0 0 0 0 0 0 0 0 0 0 0 0 0 0 0 0 0 0 0 0 0 0 0 0 0 0 0 0 0 0 0 
0 0 0 0 0 0 0 0 0 0 0 0 0 0 0 0 0 0 0 0 0 0 0 0 0 0 0 0 0 0 0 0 0 0 0 0 0 0 0 0 0 0 0 0 0 0 0 0 0 0 0 0 0 0 0 0 0 0 0 0 0 0 0 0 0 0 0 0 0 0 0 0 0 0 0 0 0 0 0 0 0 0 0 0 0 0 0 0 0 0 0 0 0 0 0 0 0 0 0 0 
0 0 0 0 0 0 0 0 0 0 0 0 0 0 0 0 0 0 0 0 0 0 0 0 0 0 0 0 0 0 0 0 0 0 0 0 0 0 0 0 0 0 0 0 0 0 0 0 0 0 0 0 0 0 0 0 0 0 0 0 0 0 0 0 0 0 0 0 0 0 0 0 0 0 0 0 0 0 0 0 0 0 0 0 0 0 0 0 0 0 0 0 0 0 0 0 0 0 0 0 
0 0 0 0 0 0 0 0 0 0 0 0 0 0 0 0 0 0 0 0 0 0 0 0 0 0 0 0 0 0 0 0 0 0 0 0 0 0 0 0 0 0 0 0 0 0 0 0 0 0 0 0 0 0 0 0 0 0 0 0 0 0 0 0 0 0 0 0 0 0 0 0 0 0 0 0 0 0 0 0 0 0 0 0 0 0 0 0 0 0 0 0 0 0 0 0 0 0 0 0 
# Events [SlitMonitor/SlitMonitor.dat] N:
0 0 0 0 0 0 0 0 0 0 0 0 0 0 0 0 0 0 0 0 0 0 0 0 0 0 0 0 0 0 0 0 0 0 0 0 0 0 0 0 0 0 0 0 0 0 0 0 0 0 0 0 0 0 0 0 0 0 0 0 0 0 0 0 0 0 0 0 0 0 0 0 0 0 0 0 0 0 0 0 0 0 0 0 0 0 0 0 0 0 0 0 0 0 0 0 0 0 0 0 
0 0 0 0 0 0 0 0 0 0 0 0 0 0 0 0 0 0 0 0 0 0 0 0 0 0 0 0 0 0 0 0 0 0 0 0 0 0 0 0 0 0 0 0 0 0 0 0 0 0 0 0 0 0 0 0 0 0 0 0 0 0 0 0 0 0 0 0 0 0 0 0 0 0 0 0 0 0 0 0 0 0 0 0 0 0 0 0 0 0 0 0 0 0 0 0 0 0 0 0 
0 0 0 0 0 0 0 0 0 0 0 0 0 0 0 0 0 0 0 0 0 0 0 0 0 0 0 0 0 0 0 0 0 0 0 0 0 0 0 0 0 0 0 0 0 0 0 0 0 0 0 0 0 0 0 0 0 0 0 0 0 0 0 0 0 0 0 0 0 0 0 0 0 0 0 0 0 0 0 0 0 0 0 0 0 0 0 0 0 0 0 0 0 0 0 0 0 0 0 0 
0 0 0 0 0 0 0 0 0 0 0 0 0 0 0 0 0 0 0 0 0 0 0 0 0 0 0 0 0 0 0 0 0 0 0 0 0 0 0 0 0 0 0 0 0 0 0 0 0 0 0 0 0 0 0 0 0 0 0 0 0 0 0 0 0 0 0 0 0 0 0 0 0 0 0 0 0 0 0 0 0 0 0 0 0 0 0 0 0 0 0 0 0 0 0 0 0 0 0 0 
0 0 0 0 0 0 0 0 0 0 0 0 0 0 0 0 0 0 0 0 0 0 0 0 0 0 0 0 0 0 0 0 0 0 0 0 0 0 0 0 0 0 0 0 0 0 0 0 0 0 0 0 0 0 0 0 0 0 0 0 0 0 0 0 0 0 0 0 0 0 0 0 0 0 0 0 0 0 0 0 0 0 0 0 0 0 0 0 0 0 0 0 0 0 0 0 0 0 0 0 
0 0 0 0 0 0 0 0 0 0 0 0 0 0 0 0 0 0 0 0 0 0 0 0 0 0 0 0 0 0 0 0 0 0 0 0 0 0 0 0 0 0 0 0 0 0 0 0 0 0 0 0 0 0 0 0 0 0 0 0 0 0 0 0 0 0 0 0 0 0 0 0 0 0 0 0 0 0 0 0 0 0 0 0 0 0 0 0 0 0 0 0 0 0 0 0 0 0 0 0 
0 0 0 0 0 0 0 0 0 0 0 0 0 0 0 0 0 0 0 0 0 0 0 0 0 0 0 0 0 0 0 0 0 0 0 0 0 0 0 0 0 0 0 0 0 0 0 0 0 0 0 0 0 0 0 0 0 0 0 0 0 0 0 0 0 0 0 0 0 0 0 0 0 0 0 0 0 0 0 0 0 0 0 0 0 0 0 0 0 0 0 0 0 0 0 0 0 0 0 0 
0 0 0 0 0 0 0 0 0 0 0 0 0 0 0 0 0 0 0 0 0 0 0 0 0 0 0 0 0 0 0 0 0 0 0 0 0 0 0 0 0 0 0 0 0 0 0 0 0 0 0 0 0 0 0 0 0 0 0 0 0 0 0 0 0 0 0 0 0 0 0 0 0 0 0 0 0 0 0 0 0 0 0 0 0 0 0 0 0 0 0 0 0 0 0 0 0 0 0 0 
0 0 0 0 0 0 0 0 0 0 0 0 0 0 0 0 0 0 0 0 0 0 0 0 0 0 0 0 0 0 0 0 0 0 0 0 0 0 0 0 0 0 0 0 0 0 0 0 0 0 0 0 0 0 0 0 0 0 0 0 0 0 0 0 0 0 0 0 0 0 0 0 0 0 0 0 0 0 0 0 0 0 0 0 0 0 0 0 0 0 0 0 0 0 0 0 0 0 0 0 
0 0 0 0 0 0 0 0 0 0 0 0 0 0 0 0 0 0 0 0 0 0 0 0 0 0 0 0 0 0 0 0 0 0 0 0 0 0 0 0 0 0 0 0 0 0 0 0 0 0 0 0 0 0 0 0 0 0 0 0 0 0 0 0 0 0 0 0 0 0 0 0 0 0 0 0 0 0 0 0 0 0 0 0 0 0 0 0 0 0 0 0 0 0 0 0 0 0 0 0 
0 0 0 0 0 0 0 0 0 0 0 0 0 0 0 0 0 0 0 0 0 0 0 0 0 0 0 0 0 0 0 0 0 0 0 0 0 0 0 0 0 0 0 0 0 0 0 0 0 0 0 0 0 0 0 0 0 0 0 0 0 0 0 0 0 0 0 0 0 0 0 0 0 0 0 0 0 0 0 0 0 0 0 0 0 0 0 0 0 0 0 0 0 0 0 0 0 0 0 0 
0 0 0 0 0 0 0 0 0 0 0 0 0 0 0 0 0 0 0 0 0 0 0 0 0 0 0 0 0 0 0 0 0 0 0 0 0 0 0 0 0 0 0 0 0 0 0 0 0 0 0 0 0 0 0 0 0 0 0 0 0 0 0 0 0 0 0 0 0 0 0 0 0 0 0 0 0 0 0 0 0 0 0 0 0 0 0 0 0 0 0 0 0 0 0 0 0 0 0 0 
0 0 0 0 0 0 0 0 0 0 0 0 228 392 394 432 438 421 441 465 448 446 467 494 497 496 457 482 501 513 482 485 483 503 528 543 528 522 494 517 533 542 531 539 497 479 509 533 517 524 530 522 525 551 528 525 554 527 555 492 477 518 503 510 501 485 485 507 484 533 476 503 474 479 494 449 422 418 475 469 480 440 428 424 384 371 428 198 0 0 0 0 0 0 0 0 0 0 0 0 
0 0 0 0 0 0 0 0 0 0 0 0 451 877 895 921 883 884 884 877 926 889 940 961 954 958 935 960 931 1048 992 1013 971 1038 942 994 1032 1065 1068 1101 1009 1051 1070 1085 1036 1075 976 1065 1060 1042 1085 1090 1080 1140 1084 1047 948 1062 1083 1019 1066 1036 1081 1013 966 974 1006 967 1013 964 973 911 978 966 894 1003 922 902 893 889 897 889 917 866 861 808 815 425 0 0 0 0 0 0 0 0 0 0 0 0 
0 0 0 0 0 0 0 0 0 0 0 0 460 889 821 910 894 895 890 873 860 941 1013 968 1031 973 958 983 938 1016 953 996 1016 1067 1060 1051 1042 1080 1061 1086 1062 1052 1083 1088 1060 1059 1112 1084 1096 1100 1007 1100 1077 1065 1080 1035 1083 1024 1007 1013 1019 1081 1058 1063 1032 1036 1027 1028 1030 993 968 1020 937 998 870 918 981 895 927 951 889 951 870 861 844 832 852 386 0 0 0 0 0 0 0 0 0 0 0 0 
0 0 0 0 0 0 0 0 0 0 0 0 441 919 851 886 884 920 949 958 958 954 955 974 948 940 1052 1018 1000 1105 1035 999 992 1017 1026 1064 1068 1069 1004 998 1100 1056 1016 1026 1072 1123 1098 1075 1043 1066 1181 1061 1070 1090 1044 1076 1103 1129 1050 1061 1025 1054 1064 1021 1074 983 1035 1026 1012 961 1037 1045 1001 983 1031 979 974 948 945 938 926 907 902 918 891 851 902 436 0 0 0 0 0 0 0 0 0 0 0 0 
0 0 0 0 0 0 0 0 0 0 0 0 456 855 851 835 885 942 923 940 1001 906 963 1014 983 1030 1010 959 967 995 1065 1033 1021 1051 1063 1026 1038 1101 1021 1105 1031 1120 1069 1114 1117 1102 1075 1181 1106 1111 1072 1034 1096 1089 1103 1068 1004 1120 1080 1044 1075 1005 1114 1005 1085 1034 1070 999 1042 1012 1019 1008 970 1001 965 983 937 929 929 964 928 913 883 900 860 811 869 426 0 0 0 0 0 0 0 0 0 0 0 0 
0 0 0 0 0 0 0 0 0 0 0 0 452 827 869 917 851 962 955 928 919 954 923 981 1034 1067 993 1039 1006 1036 1057 1098 1059 1108 1062 1064 1017 1087 1042 1082 1100 1078 1124 1095 1075 1098 1038 1155 1110 1067 1073 1092 1092 1089 1117 1056 1088 1057 1109 1098 1083 1060 1041 1091 1052 1070 1022 1080 1013 1099 1047 950 976 1060 1017 995 959 929 907 930 942 961 920 921 866 834 855 441 0 0 0 0 0 0 0 0 0 0 0 0 
0 0 0 0 0 0 0 0 0 0 0 0 414 902 841 890 912 926 885 982 900 960 981 951 975 1012 1044 1022 1046 925 1044 1060 1109 1097 1084 1066 1101 1089 1041 1070 1084 1153 1091 1100 1099 1121 1073 1129 1112 1109 1100 1085 1090 1170 1078 1134 1054 1147 1092 1086 1125 1038 1129 1074 1072 1047 1088 1011 1114 1049 1017 998 990 973 1024 978 973 979 954 918 949 976 916 935 858 906 846 408 0 0 0 0 0 0 0 0 0 0 0 0 
0 0 0 0 0 0 0 0 0 0 0 0 419 839 877 872 891 971 956 938 987 980 951 977 1046 974 1025 1025 1030 1078 1069 1072 1009 1076 1077 1103 1096 1026 1047 1102 1078 1115 1093 1149 1118 1042 1098 1076 1093 1122 1161 1165 1134 1135 1081 1055 1067 1113 1144 1104 996 1156 1084 1119 1043 1035 1058 1042 1034 1082 1072 990 1010 1074 1027 969 1015 1015 1010 942 967 899 886 935 922 905 873 438 0 0 0 0 0 0 0 0 0 0 0 0 
0 0 0 0 0 0 0 0 0 0 0 0 430 850 891 935 887 938 939 921 964 960 998 1003 1025 981 996 1016 1054 1014 1071 1076 970 1024 1070 1059 1034 1108 1086 1104 1123 1158 1164 1104 1083 1149 1146 1068 1162 1104 1144 1163 1170 1120 1087 1093 1140 1148 1154 1174 1082 1089 1080 1120 1055 1123 1091 1089 1085 1073 1046 1077 1021 1052 999 1019 1008 1004 961 942 934 960 956 874 922 865 922 425 0 0 0 0 0 0 0 0 0 0 0 0 
0 0 0 0 0 0 0 0 0 0 0 0 471 941 888 925 941 957 1007 969 933 979 971 1011 1051 1071 1059 977 1006 1013 1051 1132 1128 1133 1108 1101 1092 1114 1073 1132 1118 1114 1140 1106 1148 1128 1144 1087 1126 1173 1139 1090 1228 1200 1110 1105 1200 1088 1107 1068 1057 1151 1061 1090 1082 1076 1071 1077 1036 1081 1030 1062 1097 1017 1025 1033 1019 988 1009 941 916 947 894 921 936 907 875 429 0 0 0 0 0 0 0 0 0 0 0 0 
0 0 0 0 0 0 0 0 0 0 0 0 453 921 911 1000 966 924 954 951 955 1027 997 1024 1065 1044 1055 1107 1014 1097 1100 1093 1044 1111 1091 1095 1075 1112 1129 1102 1101 1120 1117 1177 1081 1134 1103 1168 1164 1131 1131 1087 1130 1084 1169 1168 1145 1162 1176 1098 1127 1145 1099 1104 1144 1087 1052 1059 1125 1087 1034 1038 1030 1023 1022 1046 1042 972 1032 955 954 976 936 915 876 872 877 447 0 0 0 0 0 0 0 0 0 0 0 0 
0 0 0 0 0 0 0 0 0 0 0 0 475 914 962 928 919 901 950 996 970 997 970 1026 1087 1029 1074 1030 994 1013 1079 1108 1110 1165 1083 1113 1065 1099 1198 1120 1133 1127 1107 1173 1143 1104 1170 1122 1180 1217 1136 1157 1085 1176 1174 1159 1153 1096 1145 1128 1071 1054 1104 1059 1125 1098 1162 1080 1068 1071 1068 1073 1036 1049 1031 1029 1001 1051 1011 952 1017 1037 956 934 938 929 928 418 0 0 0 0 0 0 0 0 0 0 0 0 
0 0 0 0 0 0 0 0 0 0 0 0 416 928 867 959 1004 938 1003 1026 1024 1057 985 1012 1101 1002 1049 1085 1074 1100 1119 1075 1048 1087 1110 1197 1061 1079 1158 1171 1156 1049 1192 1154 1158 1170 1162 1167 1138 1142 1161 1130 1168 1135 1217 1172 1177 1128 1189 1154 1084 1102 1115 1064 1139 1121 1112 1082 1089 1032 1085 1059 1086 1054 1039 959 989 1029 970 1006 946 1006 935 943 910 941 859 455 0 0 0 0 0 0 0 0 0 0 0 0 
0 0 0 0 0 0 0 0 0 0 0 0 457 910 842 977 922 980 964 987 1000 998 992 1004 1016 1006 1016 1054 1060 1056 1033 1087 1079 1108 1133 1143 1155 1114 1128 1142 1170 1147 1151 1151 1157 1182 1156 1140 1135 1209 1153 1208 1122 1172 1116 1200 1181 1138 1122 1128 1128 1124 1124 1159 1070 1171 1126 1078 1126 1116 1059 1106 1008 1143 995 1073 1015 994 1011 963 1013 967 973 947 919 879 881 435 0 0 0 0 0 0 0 0 0 0 0 0 
0 0 0 0 0 0 0 0 0 0 0 0 437 963 882 987 990 976 957 1021 1001 971 1061 1039 1092 1047 1000 1057 1101 1034 1035 1172 1203 1123 1070 1170 1132 1126 1156 1174 1147 1121 1163 1185 1133 1120 1184 1180 1178 1164 1206 1170 1150 1134 1172 1159 1165 1162 1142 1157 1113 1149 1099 1161 1101 1092 1117 1083 1120 1074 1083 1054 1060 967 1070 1062 1070 1007 996 1003 927 969 978 921 959 942 933 490 0 0 0 0 0 0 0 0 0 0 0 0 
0 0 0 0 0 0 0 0 0 0 0 0 446 980 938 959 950 990 972 967 1019 1031 1032 1058 1061 1086 1044 1073 1099 1086 1067 1073 1108 1085 1134 1176 1093 1136 1159 1052 1197 1157 1112 1179 1174 1191 1137 1169 1172 1133 1182 1143 1118 1165 1141 1142 1150 1167 1095 1106 1229 1171 1163 1128 1076 1048 1130 1106 1082 1112 1145 1134 1064 1080 1068 1031 1047 1029 1032 1039 1034 944 1003 944 969 992 887 458 0 0 0 0 0 0 0 0 0 0 0 0 
0 0 0 0 0 0 0 0 0 0 0 0 465 912 1031 968 1001 968 1013 1052 1041 1024 1026 1000 1108 1080 1113 1086 1100 1044 1090 1141 1109 1106 1166 1163 1109 1093 1148 1159 1126 1126 1184 1132 1168 1176 1189 1230 1220 1158 1179 1186 1186 1118 1200 1192 1216 1214 1182 1126 1166 1170 1179 1130 1145 1120 1104 1089 1139 1064 1136 1077 1089 1048 1020 1064 1011 1006 979 1028 1008 1021 997 993 889 938 888 461 0 0 0 0 0 0 0 0 0 0 0 0 
0 0 0 0 0 0 0 0 0 0 0 0 473 944 910 980 1001 951 1010 1019 1058 1030 1070 1087 1090 1093 1052 1050 1123 1146 1075 1168 1116 1157 1155 1172 1177 1160 1160 1136 1176 1151 1163 1185 1163 1183 1161 1183 1173 1163 1228 1210 1182 1221 1210 1170 1215 1112 1147 1169 1190 1126 1114 1131 1163 1119 1076 1151 1117 1095 1120 1068 1079 1041 1061 1029 1014 1075 1070 1009 979 989 960 981 956 926 973 427 0 0 0 0 0 0 0 0 0 0 0 0 
0 0 0 0 0 0 0 0 0 0 0 0 472 926 959 1025 983 1047 1024 1040 1007 1022 1046 1027 1082 1057 1104 1097 1046 1132 1177 1152 1112 1186 1107 1160 1134 1195 1191 1223 1191 1246 1131 1154 1192 1144 1228 1193 1160 1208 1206 1171 1228 1155 1239 1152 1160 1179 1156 1116 1137 1135 1106 1217 1163 1147 1129 1070 1162 1072 1141 1116 1088 1079 1032 951 1104 1013 1016 969 1023 930 953 1005 940 963 866 472 0 0 0 0 0 0 0 0 0 0 0 0 
0 0 0 0 0 0 0 0 0 0 0 0 459 923 993 951 1031 994 1014 1034 993 1080 1022 1060 1046 1110 1059 1158 1061 1139 1178 1175 1158 1179 1115 1141 1170 1131 1142 1187 1154 1119 1182 1171 1188 1144 1214 1209 1223 1181 1175 1278 1186 1202 1192 1201 1279 1145 1127 1125 1274 1178 1145 1144 1182 1132 1093 1185 1095 1067 1081 1078 1092 1053 1126 1029 1011 1016 1007 997 988 1060 994 935 936 877 938 479 0 0 0 0 0 0 0 0 0 0 0 0 
0 0 0 0 0 0 0 0 0 0 0 0 483 947 1000 977 992 967 1067 993 1011 1051 1015 1087 1069 1126 1062 1075 1080 1128 1140 1139 1184 1146 1147 1183 1165 1141 1168 1177 1184 1173 1269 1208 1205 1229 1251 1288 1196 1231 1181 1238 1191 1258 1173 1219 1153 1145 1149 1193 1118 1197 1159 1201 1180 1170 1197 1072 1123 1122 1114 1114 1077 1099 1074 1097 1034 1029 1007 992 1017 1008 963 1030 960 950 999 437 0 0 0 0 0 0 0 0 0 0 0 0 
0 0 0 0 0 0 0 0 0 0 0 0 450 987 997 992 980 1046 989 995 1005 1030 1083 1013 1071 1156 1095 1118 1070 1086 1087 1122 1171 1155 1198 1187 1154 1190 1177 1223 1196 1292 1244 1217 1205 1195 1205 1215 1223 1184 1188 1292 1169 1210 1185 1210 1181 1213 1162 1173 1160 1198 1195 1186 1124 1126 1128 1194 1147 1178 1093 1119 1095 1067 1145 1101 1081 1024 1038 1028 999 1036 1008 973 981 936 974 501 0 0 0 0 0 0 0 0 0 0 0 0 
0 0 0 0 0 0 0 0 0 0 0 0 471 957 1024 1024 1041 1022 1001 1062 1036 1013 1055 1029 1090 1075 1180 1118 1159 1097 1098 1166 1172 1185 1185 1112 1142 1166 1197 1187 1190 1234 1168 1177 1241 1219 1216 1241 1153 1227 1159 1202 1253 1188 1219 1204 1228 1191 1187 1173 1180 1183 1191 1138 1195 1154 1068 1150 1120 1181 1106 1114 1117 1064 1106 1069 1074 1015 985 1081 1116 990 1019 1013 1029 936 940 428 0 0 0 0 0 0 0 0 0 0 0 0 
0 0 0 0 0 0 0 0 0 0 0 0 481 967 973 1034 943 1031 990 1026 1066 1115 1100 1036 1084 1090 1153 1112 1126 1157 1157 1118 1163 1182 1117 1171 1173 1206 1186 1188 1210 1168 1185 1141 1209 1159 1211 1215 1206 1260 1269 1247 1246 1267 1201 1274 1201 1184 1206 1178 1129 1171 1151 1186 1128 1176 1204 1166 1152 1156 1140 1030 1103 1086 1111 1049 1010 1056 1096 1036 1053 1044 1027 995 969 943 928 484 0 0 0 0 0 0 0 0 0 0 0 0 
0 0 0 0 0 0 0 0 0 0 0 0 492 956 976 972 985 1057 1021 1042 1098 1101 1079 1017 1066 1093 1137 1070 1199 1137 1163 1140 1154 1203 1216 1173 1177 1161 1170 1132 1173 1232 1209 1204 1220 1229 1276 1243 1277 1182 1233 1205 1214 1143 1208 1276 1236 1147 1204 1222 1143 1199 1209 1190 1162 1186 1162 1140 1101 1130 1142 1153 1145 1115 1093 1107 1033 1076 1065 1082 1001 1021 997 997 941 962 1024 474 0 0 0 0 0 0 0 0 0 0 0 0 
0 0 0 0 0 0 0 0 0 0 0 0 540 966 982 979 1017 1003 1004 1002 1001 1026 1117 1038 1045 1105 1118 1110 1188 1139 1133 1125 1192 1184 1182 1210 1130 1189 1171 1202 1215 1215 1182 1166 1260 1236 1223 1242 1253 1225 1190 1195 1184 1224 1162 1260 1255 1188 1240 1197 1229 1243 1243 1172 1199 1105 1147 1148 1167 1143 1122 1142 1079 1122 1063 1113 1078 1082 1018 1041 1059 1038 988 1056 970 999 922 429 0 0 0 0 0 0 0 0 0 0 0 0 
0 0 0 0 0 0 0 0 0 0 0 0 485 1006 1006 965 1065 997 1029 1051 1060 1035 1080 1047 1086 1187 1133 1149 1098 1106 1109 1188 1137 1161 1135 1181 1147 1140 1203 1224 1242 1167 1208 1255 1221 1296 1209 1174 1260 1192 1194 1214 1250 1182 1194 1222 1268 1168 1202 1247 1176 1190 1121 1144 1179 1123 1159 1128 1180 1118 1203 1136 1091 1036 1127 1067 1030 1074 1011 1009 1020 993 992 1011 975 975 1039 467 0 0 0 0 0 0 0 0 0 0 0 0 
0 0 0 0 0 0 0 0 0 0 0 0 475 942 984 1007 1005 996 1067 1063 1040 1066 1029 1106 1018 1032 1082 1136 1140 1132 1215 1178 1138 1186 1249 1207 1161 1185 1227 1156 1196 1284 1198 1226 1285 1243 1233 1260 1219 1217 1233 1233 1178 1249 1218 1183 1259 1152 1171 1238 1229 1219 1179 1171 1151 1163 1151 1149 1118 1123 1188 1118 1111 1154 1092 1106 1083 1100 1084 1011 1050 1063 993 1002 971 1003 1019 471 0 0 0 0 0 0 0 0 0 0 0 0 
0 0 0 0 0 0 0 0 0 0 0 0 495 978 951 1012 1071 985 1034 1037 1096 1102 1099 1066 1112 1106 1123 1124 1099 1161 1181 1265 1132 1147 1177 1227 1149 1204 1181 1262 1191 1269 1230 1212 1189 1221 1206 1221 1169 1218 1224 1196 1142 1224 1173 1187 1238 1266 1201 1221 1172 1169 1181 1168 1197 1240 1145 1151 1145 1084 1117 1139 1096 1149 1079 1171 1101 1088 1147 1074 1038 1042 967 1036 1025 1027 1067 470 0 0 0 0 0 0 0 0 0 0 0 0 
0 0 0 0 0 0 0 0 0 0 0 0 477 1029 973 1036 1017 1012 1074 1018 1084 1034 1093 1049 1114 1066 1151 1171 1103 1159 1124 1117 1143 1142 1226 1225 1167 1253 1199 1165 1221 1254 1176 1185 1237 1222 1267 1239 1334 1278 1206 1208 1255 1205 1265 1241 1195 1146 1209 1280 1183 1186 1222 1170 1183 1137 1179 1246 1135 1222 1132 1169 1142 1151 1062 1123 1134 1098 1059 1035 985 993 989 1067 1004 992 990 470 0 0 0 0 0 0 0 0 0 0 0 0 
0 0 0 0 0 0 0 0 0 0 0 0 480 920 1009 1018 1021 1045 1033 1093 1121 1091 1111 1112 1122 1152 1099 1125 1149 1150 1201 1131 1171 1184 1160 1227 1158 1172 1238 1252 1188 1182 1267 1270 1186 1253 1210 1231 1250 1185 1278 1223 1229 1208 1248 1236 1173 1204 1189 1159 1202 1213 1192 1193 1169 1099 1158 1157 1175 1214 1057 1130 1053 1091 1111 1108 1058 1087 1052 1020 992 1043 1047 941 1003 958 966 542 0 0 0 0 0 0 0 0 0 0 0 0 
0 0 0 0 0 0 0 0 0 0 0 0 496 1009 1017 990 1036 1078 1035 1023 1076 1029 1102 1116 1068 1159 1095 1148 1175 1131 1199 1252 1221 1204 1231 1191 1198 1189 1250 1272 1206 1252 1273 1218 1275 1247 1245 1215 1228 1245 1271 1208 1239 1189 1322 1193 1286 1213 1182 1210 1177 1239 1182 1200 1180 1122 1184 1195 1138 1190 1126 1122 1128 1139 1035 1138 1109 1111 1058 1028 1054 1024 992 1003 972 1001 1022 489 0 0 0 0 0 0 0 0 0 0 0 0 
0 0 0 0 0 0 0 0 0 0 0 0 516 1046 1007 984 1013 1020 1008 1111 1063 1053 1105 1107 1068 1118 1141 1137 1141 1200 1145 1149 1177 1122 1123 1177 1266 1195 1181 1185 1252 1237 1202 1210 1198 1271 1232 1237 1261 1248 1263 1256 1235 1281 1295 1227 1212 1225 1181 1204 1214 1220 1163 1261 1176 1187 1216 1176 1132 1147 1091 1180 1121 1137 1063 1044 1110 1122 1134 1133 1033 980 1059 971 990 993 994 491 0 0 0 0 0 0 0 0 0 0 0 0 
0 0 0 0 0 0 0 0 0 0 0 0 499 1012 1062 1020 999 1013 1048 1010 1070 1110 1039 1123 1071 1113 1127 1108 1144 1149 1197 1148 1129 1215 1223 1154 1245 1211 1191 1213 1241 1258 1280 1228 1204 1249 1235 1251 1198 1235 1309 1286 1265 1216 1208 1227 1217 1261 1240 1217 1191 1169 1256 1207 1213 1202 1159 1182 1164 1135 1133 1141 1217 1142 1090 1081 1107 1065 1067 1032 1066 1022 1023 993 1091 1020 1003 496 0 0 0 0 0 0 0 0 0 0 0 0 
0 0 0 0 0 0 0 0 0 0 0 0 518 938 1021 1018 1015 1056 1073 1049 1075 1034 1099 1116 1097 1080 1174 1128 1136 1179 1204 1171 1202 1211 1175 1242 1231 1232 1272 1214 1205 1214 1198 1281 1190 1217 1262 1276 1288 1220 1217 1292 1249 1173 1257 1234 1189 1251 1250 1222 1293 1148 1183 1210 1176 1160 1234 1177 1147 1178 1200 1109 1178 1121 1114 1101 1136 1078 1061 1062 1041 1040 1030 1043 970 996 940 475 0 0 0 0 0 0 0 0 0 0 0 0 
0 0 0 0 0 0 0 0 0 0 0 0 459 976 1024 1029 1078 1004 1030 1065 1079 1067 993 1112 1087 1114 1128 1129 1167 1133 1145 1187 1160 1174 1192 1214 1225 1204 1253 1203 1225 1273 1171 1220 1242 1288 1253 1245 1276 1191 1243 1201 1237 1209 1139 1316 1257 1253 1211 1212 1148 1240 1205 1186 1142 1206 1211 1131 1128 1159 1140 1134 1151 1129 1162 1080 1146 1062 1063 1091 1054 1087 956 986 969 956 960 492 0 0 0 0 0 0 0 0 0 0 0 0 
0 0 0 0 0 0 0 0 0 0 0 0 498 981 1047 1003 1047 1035 994 1110 1087 1106 1088 1106 1115 1092 1086 1165 1164 1162 1143 1144 1202 1113 1263 1185 1285 1239 1184 1222 1241 1189 1260 1243 1261 1260 1267 1245 1244 1300 1318 1280 1242 1217 1270 1242 1216 1266 1190 1156 1179 1271 1201 1174 1236 1161 1192 1153 1169 1195 1206 1163 1123 1166 1121 1052 1115 1068 1102 1034 1061 971 1063 1044 991 977 933 471 0 0 0 0 0 0 0 0 0 0 0 0 
0 0 0 0 0 0 0 0 0 0 0 0 510 957 1015 1073 1006 1061 1024 1038 1021 1071 1093 1148 1125 1188 1162 1162 1111 1161 1117 1218 1149 1226 1217 1157 1215 1185 1254 1224 1230 1235 1241 1265 1226 1223 1200 1238 1229 1314 1232 1251 1214 1257 1269 1235 1231 1235 1197 1281 1238 1232 1140 1155 1209 1136 1156 1201 1151 1172 1125 1127 1153 1140 1118 1126 1134 1092 1052 1060 1071 1084 1026 1011 1009 997 928 474 0 0 0 0 0 0 0 0 0 0 0 0 
0 0 0 0 0 0 0 0 0 0 0 0 507 955 953 1059 1016 1024 1032 1075 1089 1125 1089 1049 1064 1107 1124 1149 1164 1164 1157 1247 1152 1165 1247 1204 1161 1235 1237 1210 1273 1293 1288 1286 1233 1209 1264 1257 1242 1232 1257 1228 1236 1222 1221 1212 1256 1298 1207 1195 1182 1299 1183 1207 1158 1263 1219 1121 1135 1144 1089 1131 1110 1142 1129 1080 1064 1096 1110 1060 1073 1024 1061 1006 973 1011 977 487 0 0 0 0 0 0 0 0 0 0 0 0 
0 0 0 0 0 0 0 0 0 0 0 0 489 900 993 1070 1036 1053 1027 1084 1116 1061 1065 1116 1092 1103 1105 1132 1147 1164 1158 1102 1238 1191 1169 1182 1214 1237 1204 1173 1177 1156 1248 1192 1211 1204 1257 1249 1285 1174 1231 1250 1225 1237 1228 1233 1204 1182 1295 1264 1253 1206 1165 1196 1173 1174 1170 1156 1134 1135 1133 1172 1098 1098 1061 1108 1061 1052 1072 1127 1076 1017 982 1026 1052 1015 991 513 0 0 0 0 0 0 0 0 0 0 0 0 
0 0 0 0 0 0 0 0 0 0 0 0 478 936 966 974 993 1045 1061 1055 1065 1025 1042 1127 1103 1138 1131 1130 1146 1186 1106 1208 1155 1263 1212 1202 1248 1233 1128 1175 1253 1234 1249 1310 1286 1250 1337 1271 1174 1269 1264 1241 1269 1232 1297 1217 1218 1260 1268 1198 1240 1180 1177 1170 1195 1177 1214 1200 1143 1162 1126 1087 1123 1085 1044 1125 1101 1125 1121 1055 1036 1040 1023 1037 960 917 1004 452 0 0 0 0 0 0 0 0 0 0 0 0 
0 0 0 0 0 0 0 0 0 0 0 0 456 982 1081 1032 1024 1026 1070 1061 1082 1048 1043 1132 1118 1184 1169 1161 1150 1195 1138 1239 1149 1143 1161 1184 1245 1204 1210 1269 1236 1299 1220 1236 1221 1168 1285 1258 1269 1209 1254 1194 1286 1243 1225 1199 1170 1200 1183 1216 1212 1100 1211 1182 1127 1121 1172 1166 1160 1175 1196 1149 1100 1171 1068 1073 1099 1129 1070 1000 1037 1005 1035 1024 1030 956 1064 472 0 0 0 0 0 0 0 0 0 0 0 0 
0 0 0 0 0 0 0 0 0 0 0 0 512 1006 977 998 983 997 1070 1006 1074 1036 1045 1136 1064 1145 1164 1108 1145 1153 1147 1135 1174 1126 1240 1269 1223 1263 1194 1158 1258 1244 1224 1284 1135 1254 1221 1179 1293 1184 1257 1237 1241 1114 1260 1241 1186 1301 1259 1232 1217 1252 1208 1144 1227 1203 1178 1125 1226 1153 1110 1137 1136 1140 1081 1117 1052 1095 1083 1025 1102 987 999 1069 969 923 980 493 0 0 0 0 0 0 0 0 0 0 0 0 
0 0 0 0 0 0 0 0 0 0 0 0 471 1027 1017 989 972 966 1014 1007 1135 1128 1081 1090 1055 1083 1120 1150 1148 1183 1229 1176 1192 1140 1179 1195 1169 1222 1176 1182 1221 1241 1247 1221 1216 1239 1177 1267 1246 1222 1264 1260 1281 1217 1165 1214 1170 1248 1222 1287 1178 1199 1140 1256 1217 1153 1204 1177 1128 1113 1144 1166 1124 1072 1143 1093 1121 1106 1025 1069 1027 1067 1018 1017 975 978 984 481 0 0 0 0 0 0 0 0 0 0 0 0 
0 0 0 0 0 0 0 0 0 0 0 0 488 1000 1002 1008 1028 986 1023 1063 1002 1070 1076 1118 1114 1087 1108 1143 1153 1146 1169 1162 1141 1144 1155 1183 1192 1224 1195 1241 1300 1257 1253 1216 1207 1209 1244 1215 1160 1223 1295 1214 1277 1259 1233 1202 1186 1235 1202 1214 1169 1218 1143 1246 1146 1172 1171 1160 1147 1100 1096 1185 1181 1097 1144 1112 1100 1085 1100 1048 1061 1055 1035 975 978 980 1015 462 0 0 0 0 0 0 0 0 0 0 0 0 
0 0 0 0 0 0 0 0 0 0 0 0 468 999 1021 1005 997 1003 1102 1049 1066 1033 1049 1163 1098 1113 1120 1183 1127 1148 1152 1168 1152 1200 1244 1235 1234 1179 1156 1209 1213 1274 1241 1277 1288 1239 1230 1210 1200 1197 1249 1220 1197 1279 1241 1321 1196 1260 1200 1206 1198 1260 1231 1127 1178 1176 1254 1175 1196 1116 1196 1124 1130 1126 1157 1079 1074 1102 1045 1098 1073 1066 1101 1029 992 1000 958 452 0 0 0 0 0 0 0 0 0 0 0 0 
0 0 0 0 0 0 0 0 0 0 0 0 469 1017 972 997 960 1027 1064 1023 1085 1094 1095 1052 1128 1103 1133 1114 1115 1200 1172 1161 1184 1132 1203 1200 1211 1214 1171 1231 1247 1142 1241 1235 1222 1215 1221 1258 1279 1235 1236 1254 1213 1255 1186 1183 1248 1184 1213 1118 1231 1274 1209 1165 1191 1189 1141 1162 1177 1127 1196 1105 1129 1126 1072 1093 1093 1046 1007 1082 1095 1079 980 966 1073 957 950 460 0 0 0 0 0 0 0 0 0 0 0 0 
0 0 0 0 0 0 0 0 0 0 0 0 485 936 1019 1006 1041 966 995 993 1039 1073 1067 1129 1073 1113 1106 1085 1094 1144 1116 1123 1167 1150 1208 1200 1186 1251 1238 1243 1193 1178 1213 1237 1153 1232 1305 1219 1215 1201 1312 1259 1271 1239 1180 1262 1220 1205 1217 1241 1196 1174 1203 1195 1215 1193 1193 1171 1222 1130 1186 1113 1081 1113 1080 1123 1047 1084 1080 1051 974 1028 987 946 972 1000 908 493 0 0 0 0 0 0 0 0 0 0 0 0 
0 0 0 0 0 0 0 0 0 0 0 0 535 921 953 1021 1030 1017 1077 1085 1050 1083 1000 1149 1059 1100 1109 1141 1145 1225 1171 1232 1206 1183 1200 1221 1226 1221 1220 1306 1153 1207 1223 1238 1169 1199 1262 1274 1248 1170 1263 1188 1267 1231 1207 1280 1245 1242 1238 1183 1212 1185 1186 1175 1153 1194 1173 1154 1138 1204 1181 1133 1171 1088 1143 1048 1062 1106 1021 1070 1037 1038 958 1017 1038 1020 983 482 0 0 0 0 0 0 0 0 0 0 0 0 
0 0 0 0 0 0 0 0 0 0 0 0 468 951 978 933 1007 985 1064 1021 1074 1086 1097 1095 1077 1092 1097 1122 1127 1168 1186 1182 1148 1210 1163 1117 1180 1185 1211 1245 1219 1167 1268 1188 1251 1194 1255 1196 1163 1201 1206 1247 1202 1217 1193 1228 1210 1154 1176 1221 1199 1242 1197 1222 1217 1166 1141 1106 1148 1134 1151 1138 1107 1156 1061 1057 1070 1050 1032 1044 1085 1048 995 986 950 975 958 503 0 0 0 0 0 0 0 0 0 0 0 0 
0 0 0 0 0 0 0 0 0 0 0 0 479 960 966 1007 1060 948 1029 997 1077 1049 1019 1053 1120 1114 1133 1083 1139 1156 1200 1212 1129 1177 1194 1207 1270 1189 1205 1220 1147 1205 1186 1198 1297 1197 1262 1208 1211 1234 1189 1240 1125 1249 1222 1209 1245 1235 1181 1206 1160 1220 1214 1203 1170 1195 1166 1185 1167 1183 1124 1150 1115 1027 1108 1100 1096 1070 1020 1075 1090 972 1020 1045 980 956 986 483 0 0 0 0 0 0 0 0 0 0 0 0 
0 0 0 0 0 0 0 0 0 0 0 0 504 950 940 1016 986 1087 1126 1054 1051 1000 1051 1022 1080 1126 1153 1192 1162 1069 1127 1163 1077 1151 1132 1179 1198 1222 1180 1179 1224 1203 1292 1267 1197 1250 1196 1230 1221 1260 1192 1266 1220 1248 1216 1189 1200 1250 1214 1213 1163 1192 1202 1179 1202 1126 1101 1133 1151 1119 1205 1076 1132 1112 1075 1105 1050 1084 1087 1078 1027 1045 997 916 985 990 917 525 0 0 0 0 0 0 0 0 0 0 0 0 
0 0 0 0 0 0 0 0 0 0 0 0 451 978 965 993 986 1046 1022 1004 983 1040 1077 1104 1008 1111 1082 1072 1143 1167 1209 1214 1204 1167 1184 1185 1241 1156 1219 1204 1211 1208 1265 1278 1210 1213 1226 1232 1218 1172 1167 1182 1227 1202 1206 1181 1294 1191 1171 1201 1193 1122 1229 1215 1170 1115 1194 1073 1175 1139 1119 1050 1096 1069 1016 1040 1075 1067 1064 1002 976 970 983 989 995 966 940 455 0 0 0 0 0 0 0 0 0 0 0 0 
0 0 0 0 0 0 0 0 0 0 0 0 481 933 986 959 981 1037 1004 1041 1098 1041 1057 1070 1090 1073 1080 1082 1114 1143 1113 1131 1161 1180 1142 1166 1170 1189 1169 1240 1182 1184 1214 1248 1219 1201 1223 1217 1239 1197 1214 1219 1214 1192 1235 1183 1211 1182 1133 1272 1179 1168 1157 1187 1156 1178 1108 1209 1212 1187 1114 1079 1084 1042 1035 1107 1018 1064 1028 980 1015 949 1014 995 984 965 954 551 0 0 0 0 0 0 0 0 0 0 0 0 
0 0 0 0 0 0 0 0 0 0 0 0 480 952 978 948 1015 1040 976 1052 1067 1125 1063 1025 1067 1105 1089 1104 1216 1147 1131 1141 1115 1175 1236 1156 1212 1224 1196 1134 1192 1143 1211 1143 1246 1208 1220 1253 1271 1275 1189 1241 1218 1188 1216 1187 1208 1218 1154 1175 1140 1138 1193 1135 1097 1186 1136 1137 1106 1134 1136 1095 1100 1125 1071 1124 1053 1057 1075 1074 983 1049 970 1031 951 970 989 478 0 0 0 0 0 0 0 0 0 0 0 0 
0 0 0 0 0 0 0 0 0 0 0 0 488 919 895 944 1010 1049 1030 1013 1070 1037 1061 1072 1174 1083 1042 1090 1143 1093 1151 1082 1142 1143 1146 1181 1133 1222 1188 1217 1131 1229 1171 1207 1131 1247 1212 1264 1157 1195 1223 1269 1265 1170 1229 1167 1206 1213 1235 1226 1214 1115 1153 1197 1204 1163 1106 1103 1074 1188 1074 1126 1072 1075 1100 1090 1093 1066 1057 980 1039 1014 973 983 925 955 1009 470 0 0 0 0 0 0 0 0 0 0 0 0 
0 0 0 0 0 0 0 0 0 0 0 0 437 932 956 994 1000 948 1024 997 966 1081 1040 1090 1068 1081 1049 1101 1065 1154 1079 1122 1203 1197 1209 1134 1121 1103 1139 1082 1183 1133 1184 1177 1231 1235 1208 1154 1232 1221 1176 1255 1193 1222 1150 1210 1225 1193 1158 1244 1162 1110 1153 1218 1173 1065 1117 1113 1136 1140 1153 1143 1083 1094 1029 1021 1075 998 998 968 1030 982 1002 974 996 959 919 450 0 0 0 0 0 0 0 0 0 0 0 0 
0 0 0 0 0 0 0 0 0 0 0 0 493 965 955 902 1013 1006 1022 1023 1002 1046 1101 1059 1061 1078 1072 1103 1091 1145 1105 1134 1164 1151 1152 1085 1226 1142 1143 1143 1103 1183 1114 1231 1229 1199 1146 1169 1142 1139 1172 1192 1176 1247 1183 1219 1163 1206 1163 1158 1214 1126 1195 1188 1121 1147 1185 1138 1185 1060 1088 1132 1024 1076 1056 1075 988 1043 988 1054 1006 980 1004 1014 973 966 910 475 0 0 0 0 0 0 0 0 0 0 0 0 
0 0 0 0 0 0 0 0 0 0 0 0 466 877 922 947 969 969 1045 1057 1045 1068 994 1022 1130 1080 1079 1085 1139 1153 1159 1096 1150 1113 1090 1203 1119 1120 1158 1143 1221 1178 1224 1187 1174 1135 1199 1193 1244 1128 1200 1227 1136 1197 1254 1227 1182 1143 1123 1185 1157 1112 1130 1145 1164 1141 1112 1189 1162 1140 1102 1091 1062 1075 1078 1001 1105 1006 1018 1018 1038 992 1012 1036 943 916 921 428 0 0 0 0 0 0 0 0 0 0 0 0 
0 0 0 0 0 0 0 0 0 0 0 0 506 1011 904 898 982 957 964 963 1032 960 1028 1022 1018 1084 1060 1066 1094 1133 1057 1107 1087 1120 1104 1150 1107 1152 1133 1223 1159 1191 1163 1195 1186 1181 1111 1170 1152 1127 1195 1162 1198 1183 1200 1200 1160 1187 1137 1172 1111 1174 1117 1152 1139 1106 1158 1129 1076 1082 1065 1097 1078 1044 1084 1038 1002 1042 995 1030 948 992 964 967 957 931 920 449 0 0 0 0 0 0 0 0 0 0 0 0 
0 0 0 0 0 0 0 0 0 0 0 0 450 928 965 934 943 971 983 990 991 1003 1026 1025 1040 1070 1029 1107 1113 1089 1091 1093 1057 1126 1162 1193 1092 1177 1178 1178 1181 1152 1142 1178 1189 1123 1134 1181 1185 1162 1155 1205 1134 1164 1214 1119 1257 1125 1224 1223 1108 1119 1137 1108 1118 1121 1079 1084 1111 1109 1058 1111 1117 1015 1056 1064 1012 1072 987 1046 980 988 986 948 928 938 908 501 0 0 0 0 0 0 0 0 0 0 0 0 
0 0 0 0 0 0 0 0 0 0 0 0 447 917 906 916 983 971 948 1003 1017 1079 1033 1081 1044 1084 1036 1078 1095 1108 1099 1064 1102 1119 1148 1085 1110 1158 1164 1104 1167 1192 1160 1161 1194 1164 1148 1178 1205 1185 1142 1184 1206 1121 1221 1172 1164 1176 1183 1251 1075 1143 1126 1183 1142 1132 1114 1117 1120 1072 1092 1069 1049 1062 1088 1056 1045 1013 1011 986 935 974 995 941 914 923 900 481 0 0 0 0 0 0 0 0 0 0 0 0 
0 0 0 0 0 0 0 0 0 0 0 0 453 902 955 935 935 984 933 962 1009 1042 1009 1014 1020 1025 1054 1072 1045 1160 1119 1143 1141 1120 1148 1089 1141 1115 1117 1215 1136 1128 1160 1152 1180 1209 1181 1208 1193 1125 1167 1176 1214 1120 1154 1141 1180 1131 1169 1111 1128 1130 1164 1137 1092 1138 1102 1024 1062 1107 1128 1066 986 1002 1051 1083 1021 972 996 991 977 935 1040 964 906 941 907 428 0 0 0 0 0 0 0 0 0 0 0 0 
0 0 0 0 0 0 0 0 0 0 0 0 465 900 874 973 949 960 942 963 1033 1008 992 1037 1087 1047 1043 1055 1113 1064 1139 1100 1012 1177 1103 1070 1112 1124 1111 1110 1166 1203 1138 1129 1125 1111 1138 1164 1189 1186 1213 1122 1235 1131 1127 1159 1112 1087 1062 1171 1106 1197 1083 1094 1099 1104 1115 1138 1102 1047 1049 1073 1081 1020 1015 1002 1034 971 934 980 1022 976 953 982 973 902 915 482 0 0 0 0 0 0 0 0 0 0 0 0 
0 0 0 0 0 0 0 0 0 0 0 0 432 958 869 942 967 983 1004 989 959 1006 1027 1053 1019 1066 1103 1057 1033 1047 1064 1099 1108 1059 1123 1113 1106 1117 1109 1158 1154 1161 1094 1165 1155 1133 1097 1124 1187 1105 1211 1110 1180 1152 1096 1161 1116 1145 1103 1122 1087 1079 1134 1066 1115 1091 1099 1083 1056 1107 1052 1031 1022 1069 1021 1008 1032 1018 1011 968 979 923 955 840 907 911 901 461 0 0 0 0 0 0 0 0 0 0 0 0 
0 0 0 0 0 0 0 0 0 0 0 0 457 862 994 865 968 938 1002 987 982 958 976 975 1030 1077 1048 1002 1064 1067 1077 1091 1096 1119 1075 1098 1089 1109 1106 1124 1175 1144 1188 1164 1150 1175 1118 1251 1157 1084 1186 1146 1129 1165 1115 1147 1122 1167 1126 1163 1143 1108 1155 1116 1141 1096 1090 1069 1073 1054 1094 1083 996 1004 1018 1022 992 1028 967 959 981 897 981 960 875 909 871 412 0 0 0 0 0 0 0 0 0 0 0 0 
0 0 0 0 0 0 0 0 0 0 0 0 447 901 912 939 899 962 916 1020 960 961 1050 1007 976 1021 1040 1037 1050 1113 1125 1079 1093 1090 1105 1085 1078 1133 1078 1109 1102 1112 1129 1113 1099 1112 1098 1149 1131 1166 1209 1138 1181 1107 1109 1122 1154 1088 1032 1095 1005 1093 1109 1046 1140 1078 1097 1068 1087 1075 1059 968 1031 1037 1017 1015 917 1022 948 987 965 987 907 926 888 853 925 467 0 0 0 0 0 0 0 0 0 0 0 0 
0 0 0 0 0 0 0 0 0 0 0 0 455 864 982 872 934 936 1000 983 927 955 950 942 978 997 1030 988 1089 1075 1064 1045 1133 1090 1098 1118 1092 1139 1129 1120 1126 1103 1062 1119 1117 1126 1124 1166 1147 1088 1140 1152 1080 1157 1199 1099 1075 1094 1086 1115 1084 1089 1074 1112 1089 1095 1127 1050 1128 1007 1049 1072 997 1014 1056 983 987 958 980 975 927 906 960 914 899 942 918 443 0 0 0 0 0 0 0 0 0 0 0 0 
0 0 0 0 0 0 0 0 0 0 0 0 392 877 894 885 930 950 939 962 950 991 921 948 959 1004 1039 1055 1020 1051 1075 1003 1058 1098 1104 1030 1062 1085 1071 1098 1083 1141 1032 1067 1079 1213 1084 1119 1059 1143 1171 1143 1180 1103 1217 1104 1067 1117 1107 1079 1055 1092 1080 1092 1073 1092 999 1002 1086 1056 1055 1048 996 978 987 1004 971 979 971 917 993 907 831 949 838 892 874 417 0 0 0 0 0 0 0 0 0 0 0 0 
0 0 0 0 0 0 0 0 0 0 0 0 456 850 950 891 968 913 958 924 964 997 930 951 984 1002 987 1029 1069 1062 1035 1011 1107 1057 1014 1061 1063 1058 1049 1142 1074 1114 1123 1104 1043 1091 1098 1054 1160 1048 1073 1085 1106 1090 1073 1125 1101 1083 1104 1096 1085 1065 1051 1096 1072 1017 1072 1072 1042 1080 1052 1039 1030 981 972 989 1012 969 949 861 926 912 910 866 924 863 882 425 0 0 0 0 0 0 0 0 0 0 0 0 
0 0 0 0 0 0 0 0 0 0 0 0 401 922 910 956 908 850 925 916 929 973 983 935 984 1028 1005 994 1019 1023 1040 1018 1056 1025 1057 1049 1047 1098 1155 1072 1083 990 1125 1105 1104 1107 1131 1069 1063 1117 1070 1097 1107 1066 1088 1107 1064 1137 1132 1090 1103 1067 1053 1054 1061 1106 961 1024 995 1076 967 983 1016 994 973 1003 984 956 914 982 942 934 882 893 912 841 912 410 0 0 0 0 0 0 0 0 0 0 0 0 
0 0 0 0 0 0 0 0 0 0 0 0 458 916 899 898 982 916 994 931 950 983 960 952 961 965 954 985 951 1008 1061 990 1004 1018 1033 1038 1102 1003 1049 1086 1089 1055 1133 1041 1063 1061 1123 1165 1102 1111 1107 1104 1106 1097 1128 1147 1098 1084 1093 1131 1114 1069 1044 1063 1112 1028 1028 1027 1057 1000 1020 988 1016 977 966 917 970 992 929 942 872 920 921 900 883 907 837 407 0 0 0 0 0 0 0 0 0 0 0 0 
0 0 0 0 0 0 0 0 0 0 0 0 425 879 862 830 891 902 912 934 942 879 958 933 983 995 969 1004 1003 964 1004 1033 1055 1129 1063 1044 1051 1036 1058 1060 1067 1060 1119 1073 1059 1052 1072 1078 1123 1085 1116 1039 1074 1079 1089 1051 1048 1078 1123 1123 1062 1060 1062 1051 1059 1013 1044 985 998 1021 1027 1015 923 943 993 949 932 941 960 959 891 904 902 909 879 868 798 375 0 0 0 0 0 0 0 0 0 0 0 0 
0 0 0 0 0 0 0 0 0 0 0 0 391 817 845 883 868 837 916 926 971 968 967 910 934 1022 951 1020 1007 1006 959 1027 1047 1033 993 1047 1071 1069 1126 1057 1057 1045 1029 1100 1096 1038 1115 1043 1042 1075 1054 1039 1010 1077 1077 1067 1094 1045 982 1079 1045 1079 1002 1099 974 1063 1048 1011 996 1021 1045 965 984 988 992 913 932 940 974 983 882 938 842 860 823 890 831 439 0 0 0 0 0 0 0 0 0 0 0 0 
0 0 0 0 0 0 0 0 0 0 0 0 396 796 860 860 825 870 885 956 918 944 994 950 941 918 979 1002 967 954 962 997 1010 995 1074 1028 1021 1012 994 1000 1027 1044 1056 1073 1065 1127 1051 1050 1059 1094 1114 1060 1053 1106 1019 1046 1068 1108 1029 1003 1022 1010 1083 1060 996 1004 1005 941 989 1025 959 1021 926 970 946 964 923 956 889 889 932 875 887 888 811 831 835 388 0 0 0 0 0 0 0 0 0 0 0 0 
0 0 0 0 0 0 0 0 0 0 0 0 183 381 422 423 416 438 424 455 489 502 492 458 508 471 500 512 509 499 505 502 509 490 469 500 524 526 566 496 514 534 521 511 525 537 479 563 514 494 541 481 530 514 528 536 538 506 546 525 468 538 491 519 504 521 452 524 515 495 477 480 495 464 463 490 440 466 480 438 430 438 442 434 389 436 407 225 0 0 0 0 0 0 0 0 0 0 0 0 
0 0 0 0 0 0 0 0 0 0 0 0 0 0 0 0 0 0 0 0 0 0 0 0 0 0 0 0 0 0 0 0 0 0 0 0 0 0 0 0 0 0 0 0 0 0 0 0 0 0 0 0 0 0 0 0 0 0 0 0 0 0 0 0 0 0 0 0 0 0 0 0 0 0 0 0 0 0 0 0 0 0 0 0 0 0 0 0 0 0 0 0 0 0 0 0 0 0 0 0 
0 0 0 0 0 0 0 0 0 0 0 0 0 0 0 0 0 0 0 0 0 0 0 0 0 0 0 0 0 0 0 0 0 0 0 0 0 0 0 0 0 0 0 0 0 0 0 0 0 0 0 0 0 0 0 0 0 0 0 0 0 0 0 0 0 0 0 0 0 0 0 0 0 0 0 0 0 0 0 0 0 0 0 0 0 0 0 0 0 0 0 0 0 0 0 0 0 0 0 0 
0 0 0 0 0 0 0 0 0 0 0 0 0 0 0 0 0 0 0 0 0 0 0 0 0 0 0 0 0 0 0 0 0 0 0 0 0 0 0 0 0 0 0 0 0 0 0 0 0 0 0 0 0 0 0 0 0 0 0 0 0 0 0 0 0 0 0 0 0 0 0 0 0 0 0 0 0 0 0 0 0 0 0 0 0 0 0 0 0 0 0 0 0 0 0 0 0 0 0 0 
0 0 0 0 0 0 0 0 0 0 0 0 0 0 0 0 0 0 0 0 0 0 0 0 0 0 0 0 0 0 0 0 0 0 0 0 0 0 0 0 0 0 0 0 0 0 0 0 0 0 0 0 0 0 0 0 0 0 0 0 0 0 0 0 0 0 0 0 0 0 0 0 0 0 0 0 0 0 0 0 0 0 0 0 0 0 0 0 0 0 0 0 0 0 0 0 0 0 0 0 
0 0 0 0 0 0 0 0 0 0 0 0 0 0 0 0 0 0 0 0 0 0 0 0 0 0 0 0 0 0 0 0 0 0 0 0 0 0 0 0 0 0 0 0 0 0 0 0 0 0 0 0 0 0 0 0 0 0 0 0 0 0 0 0 0 0 0 0 0 0 0 0 0 0 0 0 0 0 0 0 0 0 0 0 0 0 0 0 0 0 0 0 0 0 0 0 0 0 0 0 
0 0 0 0 0 0 0 0 0 0 0 0 0 0 0 0 0 0 0 0 0 0 0 0 0 0 0 0 0 0 0 0 0 0 0 0 0 0 0 0 0 0 0 0 0 0 0 0 0 0 0 0 0 0 0 0 0 0 0 0 0 0 0 0 0 0 0 0 0 0 0 0 0 0 0 0 0 0 0 0 0 0 0 0 0 0 0 0 0 0 0 0 0 0 0 0 0 0 0 0 
0 0 0 0 0 0 0 0 0 0 0 0 0 0 0 0 0 0 0 0 0 0 0 0 0 0 0 0 0 0 0 0 0 0 0 0 0 0 0 0 0 0 0 0 0 0 0 0 0 0 0 0 0 0 0 0 0 0 0 0 0 0 0 0 0 0 0 0 0 0 0 0 0 0 0 0 0 0 0 0 0 0 0 0 0 0 0 0 0 0 0 0 0 0 0 0 0 0 0 0 
0 0 0 0 0 0 0 0 0 0 0 0 0 0 0 0 0 0 0 0 0 0 0 0 0 0 0 0 0 0 0 0 0 0 0 0 0 0 0 0 0 0 0 0 0 0 0 0 0 0 0 0 0 0 0 0 0 0 0 0 0 0 0 0 0 0 0 0 0 0 0 0 0 0 0 0 0 0 0 0 0 0 0 0 0 0 0 0 0 0 0 0 0 0 0 0 0 0 0 0 
0 0 0 0 0 0 0 0 0 0 0 0 0 0 0 0 0 0 0 0 0 0 0 0 0 0 0 0 0 0 0 0 0 0 0 0 0 0 0 0 0 0 0 0 0 0 0 0 0 0 0 0 0 0 0 0 0 0 0 0 0 0 0 0 0 0 0 0 0 0 0 0 0 0 0 0 0 0 0 0 0 0 0 0 0 0 0 0 0 0 0 0 0 0 0 0 0 0 0 0 
0 0 0 0 0 0 0 0 0 0 0 0 0 0 0 0 0 0 0 0 0 0 0 0 0 0 0 0 0 0 0 0 0 0 0 0 0 0 0 0 0 0 0 0 0 0 0 0 0 0 0 0 0 0 0 0 0 0 0 0 0 0 0 0 0 0 0 0 0 0 0 0 0 0 0 0 0 0 0 0 0 0 0 0 0 0 0 0 0 0 0 0 0 0 0 0 0 0 0 0 
0 0 0 0 0 0 0 0 0 0 0 0 0 0 0 0 0 0 0 0 0 0 0 0 0 0 0 0 0 0 0 0 0 0 0 0 0 0 0 0 0 0 0 0 0 0 0 0 0 0 0 0 0 0 0 0 0 0 0 0 0 0 0 0 0 0 0 0 0 0 0 0 0 0 0 0 0 0 0 0 0 0 0 0 0 0 0 0 0 0 0 0 0 0 0 0 0 0 0 0 
0 0 0 0 0 0 0 0 0 0 0 0 0 0 0 0 0 0 0 0 0 0 0 0 0 0 0 0 0 0 0 0 0 0 0 0 0 0 0 0 0 0 0 0 0 0 0 0 0 0 0 0 0 0 0 0 0 0 0 0 0 0 0 0 0 0 0 0 0 0 0 0 0 0 0 0 0 0 0 0 0 0 0 0 0 0 0 0 0 0 0 0 0 0 0 0 0 0 0 0 
