# Format: McCode with text headers
# URL: http://www.mccode.org
# Creator:  3.6.14, git
# Instrument: FullInstrument_v5_working.instr
# Ncount: 25000000
# Trace: no
# Gravitation: no
# Seed: 1780368962506865
# Directory: scan_h20mm_r7.5mm_t0.5mm
# Nodes: 8
# Param: SourceE=5
# Param: DeltaSourceE=0.5
# Param: EI=5
# Param: A3=0
# Param: A4=-45
# Param: SAMPLE=0
# Param: RV_mono_Bool=1
# Param: RH_mono_Bool=1
# Param: Lv=1.872
# Param: Lh=1.34
# Param: monoShieldingWidth=0.062
# Param: monoShieldingHeight=0.14
# Param: monoShieldingDistance=0.235
# Param: MonoShielding=1
# Param: Be_filter=1
# Param: sampleHeight=0.02
# Param: sampleRadius=0.0075
# Param: sampleThickness=0.0005
# Param: samplePosY=0
# Param: sampleFluxDiagnosticXWidth=0.08
# Param: sampleFluxDiagnosticYHeight=0.08
# Date: Tue Jun  2 05:02:30 2026 (1780369350)
# type: array_2d(100, 100)
# Source: PSI_CAMEA (FullInstrument_v5_working.instr)
# component: sample_flux_after_unscattered
# position: 1.54621 0 37.6105
# title: PSD monitor
# Ncount: 200000000
# filename: sample_flux_after_unscattered.dat
# statistics: X0=0.0641762; dX=1.09202; Y0=-0.000708456; dY=1.01336;
# signal: Min=0; Max=10466.5; Mean=3695.57;
# values: 3.69557e+07 2211.27 4.04546e+08
# xvar: X 
# yvar: Y 
# xlabel: X position [cm]
# ylabel: Y position [cm]
# zvar: I
# zlabel: Signal per bin
# xylimits: -2 2 -2 2
# variables: I I_err N
# Data [sample_flux_after_unscattered/sample_flux_after_unscattered.dat] I:
0 0 0 0.1274267268 1.405538294 30.08381925 4.547000044 65.12777608 67.93650712 59.27014677 95.69633007 139.782632 145.846543 132.0294035 175.8775978 212.9619097 172.6465029 239.2451169 166.3033797 220.7093057 184.13252 222.0834824 233.6618885 224.3343087 182.1877585 202.2895721 157.2323238 227.0499327 212.8143822 232.4357953 257.9140899 220.8304412 219.7234558 193.8997933 197.5660866 239.1683746 163.9469365 237.3535298 208.0451067 211.9090536 255.8500341 320.6635112 300.9558661 181.029286 368.3290215 325.119599 282.8314284 291.1202683 200.4238754 325.3692956 309.3534971 191.6188626 236.4693208 304.5173956 185.2134402 183.841637 204.8915852 282.3617404 264.4618581 224.0557505 293.5179023 222.8530772 217.827529 256.3166277 246.293968 341.7282677 217.0627337 301.7330296 228.6935292 152.577636 210.7807638 184.2340765 254.5266014 286.376034 239.6598799 225.9368306 233.5483337 321.7405062 270.2295612 231.5522378 226.067714 286.7988272 141.2224597 272.1748381 180.9798849 195.7532371 170.0211475 221.2567008 148.3390922 162.6120906 89.70785613 147.2901565 79.6228955 84.93747937 80.7776883 20.4312984 28.50897769 0 0 0 
0 0 0 4.424782483 24.76064565 7.548920329 82.58028158 83.09905743 102.2775299 115.5066015 89.4312692 169.9481869 212.5986098 202.4902263 160.2431672 251.5955418 297.1045676 261.6354993 204.6002882 254.9704503 265.3193721 283.0832943 150.2186794 195.2035696 216.7354657 259.405794 208.8978166 322.8199489 330.2777547 329.7818259 338.7842393 325.4929851 230.2101291 288.9072606 439.4806227 377.9624595 318.2985819 303.7169725 308.0896396 299.2215338 234.6983919 321.8761071 312.4370676 281.0902185 251.0905078 399.103972 284.4645472 278.5026348 269.6873225 243.2975966 368.2370407 243.0843721 324.8979982 403.9142329 331.4486402 406.2596929 336.4994948 337.6159607 364.2094038 343.3851932 289.5110112 277.8304326 368.2798186 385.8882221 289.3738221 339.868482 335.4292594 221.3341384 252.5826212 382.4759507 312.883438 277.3367767 368.8772237 375.993345 343.9034028 291.4718825 315.6771044 262.2691571 228.5095369 255.2360329 266.8545763 326.6282043 346.8403999 218.9591629 309.5758006 209.3701809 233.3727173 307.5557974 255.1922702 202.2319144 173.3470799 161.757776 124.7869106 85.72992662 83.23897535 14.80895187 37.45144143 0 0 0 
0 0 0 14.76033231 26.74569654 16.18835395 134.3071512 157.3320707 212.5090883 245.2592425 185.892305 252.5891509 319.1596965 263.3716149 278.423487 366.484927 449.4221627 455.689172 530.9779882 462.7363671 400.2396466 452.1143006 443.0506069 487.4849497 537.1638334 457.1777195 554.0805277 457.6259128 478.9221493 466.5082844 532.0041277 394.5212414 414.454134 426.999875 440.8867071 567.9798777 563.6521241 535.5877253 815.5164594 587.6870719 487.9061885 581.578651 473.8617935 590.0279959 453.7650265 530.9563122 570.7531616 357.8154818 493.0838877 522.8194802 582.512107 479.8897718 664.6910091 523.0680389 468.3232235 709.5742964 459.0968472 424.3127165 522.9038432 522.491879 594.3288484 508.7639108 430.716044 580.8168775 520.2077506 636.462044 654.7960354 589.2619317 473.0406006 567.3802218 466.1129769 500.2716051 404.5526364 523.9326 518.8711917 365.0939835 543.2901201 560.4923218 381.4213844 623.3887428 405.8997144 470.0319803 459.4338488 498.2466622 391.709178 524.9792846 561.8897462 533.5442265 373.2758253 383.1896747 266.1255768 230.7744195 222.5131663 202.6693098 148.9871116 96.71696546 14.21148109 0 0 0 
0 0 0 3.971250353e-05 47.57567548 56.74021884 113.818868 190.7670615 255.9624382 275.8902192 420.3169356 404.2991169 502.3980888 403.2831463 494.0347922 698.7734001 744.7227203 714.6515657 568.7707648 649.9582359 605.7302013 685.7620376 626.3158613 560.0130166 658.6033238 640.9875425 682.4221659 655.4830571 896.0069287 630.2610615 655.9402171 716.3107813 711.1343467 815.7345028 636.1191874 653.3116899 585.7942028 647.7115845 787.2044683 663.0791092 659.4026625 698.7295308 786.4466609 740.2371087 680.5377121 1026.598871 744.7452598 866.5840123 617.9955155 827.6115328 899.9523807 753.8019445 815.2716827 713.8680517 652.5646477 536.5850834 760.5124954 789.0334729 578.4095144 989.9188036 720.3722697 792.9642396 761.266787 860.5089456 723.0809189 686.838647 896.6008935 796.5835323 624.2858925 758.3330457 791.6057367 772.1451995 733.4023474 725.4334396 553.9926242 684.0694267 628.0697705 797.7370248 662.2205846 766.0126962 719.024523 665.7153939 750.89085 659.4693745 758.8082356 583.7976261 657.0370034 458.3673347 500.6440029 510.0024329 242.9355832 374.9129465 350.8942463 257.9180091 198.7795536 77.54211507 17.67600842 13.62445687 0 0 
0 0 0 29.90972625 39.24822831 95.99177068 285.2750439 326.5868935 344.7199657 350.0486851 504.3809849 552.1302863 614.9469702 744.4323609 578.7759002 690.151696 785.4550549 838.4731257 732.8823499 840.9960579 916.7492705 899.4140036 768.6917884 883.2775426 898.5595266 998.1196819 803.2261102 1032.731108 941.3369527 853.7428618 785.9422249 1010.767802 826.5298915 853.4575476 804.657355 930.6768222 999.4046017 957.6449484 944.2628457 1039.813398 916.7737235 1005.451324 1017.351904 925.001263 1094.656222 975.3321735 923.0643184 830.9652379 946.0433737 982.1705456 886.4416654 981.122271 888.0463378 1011.58791 1096.115815 1049.612489 866.6415215 887.521783 1003.808941 1143.699437 866.4509527 941.7942068 988.5165094 973.4402959 1031.147905 859.8818997 804.2068736 992.3312466 1017.227547 926.7110728 874.8674149 995.9989704 1052.193309 915.8082982 812.3948404 744.8711734 932.7804711 871.6245831 909.2192152 987.0816545 985.9762271 1020.895284 727.5051901 939.8779434 862.8940027 686.603423 782.6492647 543.4067863 578.4177135 605.7416647 742.1575359 452.4795139 386.6258486 260.0367553 139.2847938 152.7875505 29.42727101 8.671894119 0 0 
0 0 0 59.03053972 86.42162 57.34749493 151.767587 418.3591253 524.7803332 519.6791657 761.3451912 658.156511 904.3376256 988.4500892 827.8752011 1016.789045 1082.151999 1168.976458 1219.167783 1185.876364 1052.115107 1108.706566 1262.831064 1185.659582 1265.740909 1254.198426 1218.041545 1131.065163 1371.160343 1260.146994 1362.640502 1521.210247 1607.102631 1208.658818 1386.383984 1437.288172 1528.586388 1251.421351 1276.017914 1351.300655 1213.826241 1500.300419 1411.826987 1613.648841 1563.295919 1386.624918 1353.859666 1575.2761 1376.586536 1447.73165 1496.909965 1454.443028 1681.653774 1442.633755 1285.135827 1357.448212 1435.031447 1391.407083 1254.873095 1170.130064 1346.954858 1575.148129 1525.421931 1423.140724 1364.864223 1462.051268 1385.413819 1659.115835 1277.12824 1657.041778 1406.69978 1238.456706 1603.427542 1323.760492 1473.731886 1314.234011 1366.767004 1230.124721 1499.224228 1212.585184 1358.086025 1349.123954 1156.372842 1164.935415 1179.396324 1110.610601 1194.762425 917.7353951 778.6538244 798.1628783 793.0935552 494.0840353 569.0074724 421.2262633 255.5235415 223.7927295 62.97132091 0 0 0 
0 0 0 38.21871411 150.0762668 113.8040685 247.5202784 422.177914 502.4278762 622.2658153 870.7798171 1015.685124 1022.97172 1282.759772 1379.299809 1276.973345 1445.971301 1139.38885 1301.560355 1162.077855 1577.657657 1556.416967 1528.237255 1442.899642 1319.696241 1502.16044 1732.698432 1647.04974 1442.840643 1328.690874 1416.908112 1487.074556 1528.728462 1611.62204 1792.224751 1511.424178 1465.378284 1216.639368 1505.508141 1916.31446 1720.704234 1705.996602 1768.167574 1666.304366 1457.940947 1835.340648 2033.064222 1756.271131 1843.142063 1563.921123 1664.734621 1625.55788 1882.84347 1910.466892 1566.530878 1851.621153 1641.343352 1593.374456 1665.562807 1838.056678 1966.605158 1432.496981 1779.636573 1806.209788 1839.268656 1384.368732 1560.064674 1585.334103 1459.616942 1665.691294 1413.527851 1672.553902 1625.126669 1409.590371 1480.237109 1559.584451 1455.251265 1529.57022 1328.293566 1399.41165 1685.408935 1509.901092 1505.075289 1540.264609 1385.243609 1502.461615 1426.143175 1203.054876 881.9973617 906.7012272 753.045558 677.0251572 626.0601411 497.3214376 276.019606 259.8018673 67.50071491 14.22320319 0 0 
0 0 0 38.51939138 111.1537516 198.5010437 411.9058688 548.4122189 744.7342615 962.688307 1217.784213 1120.071836 1595.16272 1231.495035 1805.513005 1347.587542 1589.332225 1889.349901 1709.28344 1608.825386 1513.038882 2079.136921 1939.646119 1791.349683 2201.026153 1731.307449 1824.301229 1768.879627 1713.56693 2052.038692 2104.298968 1711.840735 2039.017931 2214.403364 2090.531265 2000.468765 2259.592833 2013.706978 1798.85908 1980.069977 2273.977335 1983.527486 2088.546587 2010.113773 1914.275961 1924.736226 2090.195873 2076.532014 2385.112887 2168.126079 2189.837825 2253.784417 2089.377255 2351.518899 2342.50219 2243.418403 2174.386716 2145.79481 2204.439388 2358.099685 2110.522608 1990.82665 2007.944268 1958.446804 2084.348662 2161.329338 2365.345568 2212.768067 2007.036816 2041.133393 1803.42241 1786.199828 2014.889331 1634.650017 2109.081065 1500.541222 2291.917866 2078.114093 2197.931225 1794.448379 1989.94426 1975.046585 2119.730035 1779.279046 1671.756915 1815.303045 1830.099626 1571.415399 1293.529413 1323.617255 886.6793593 973.9656253 738.8285701 551.4402548 457.8643109 246.2232681 131.5290234 0 0 0 
0 0 0 25.95528699 112.5110415 262.3309173 500.6190911 731.9534787 853.8831517 997.4863699 1447.542715 1531.920324 1649.710312 1941.353029 1679.164729 2021.039261 2353.912378 2347.991492 2297.478744 2230.347799 2086.657028 2153.148548 2082.440848 2218.515833 2491.397331 2318.830596 2478.301641 2533.201481 2151.165596 2217.741284 2454.95898 2133.941154 2505.806296 2618.275513 2314.821232 2440.158552 2351.692964 2454.972214 2316.133451 2547.755267 2696.73058 2669.177479 2539.146619 2657.072647 2628.266915 3089.085587 2587.898866 2568.331505 2543.487254 2684.722538 2852.611999 2498.975897 3078.572732 3056.515287 3009.841281 3025.521838 2834.762035 2513.055319 2845.734879 2441.706546 2739.115308 2904.039472 2687.541621 2449.24344 2709.406441 2375.925989 2589.495736 2480.247573 2780.043998 2313.670429 2811.015885 2305.419728 2591.753095 2368.344006 2103.643245 2332.655434 2439.190541 2468.21268 2660.593269 2388.39487 2594.332248 2438.56324 2541.170841 2050.965978 2208.91583 2276.848783 1722.927251 2046.016141 1834.732173 1643.581406 1318.455549 1088.724641 971.9290414 1025.194346 543.7675579 374.3890712 126.0773719 18.50426233 0 0 
0 0 0 30.03306646 140.8555087 152.7268091 596.6869044 925.3442562 1175.029661 1565.908387 1380.070143 1787.504177 1898.373186 1971.344585 2199.533696 2385.094103 2569.826372 2561.012462 2608.452172 2560.930244 2891.539821 2473.653579 2567.068996 2200.520397 2835.689222 2613.674186 2941.39316 2641.528592 2678.147651 3073.048118 2953.739236 3267.638652 2646.91387 2968.382819 2793.439963 3121.389938 3048.586722 2867.611822 3019.352098 3284.675351 3000.98772 2995.219078 3309.315265 3117.579229 3047.637491 2612.655761 2988.986927 2707.703238 2893.652126 3030.08387 3265.423312 2850.687847 2588.16273 3240.619518 2966.694191 3462.512607 2778.166185 2985.890739 2821.091919 3051.204614 2713.661086 2915.003702 3122.892179 2810.760196 2900.017062 2647.929978 3175.655113 3280.10302 2963.574778 3065.642803 2633.95645 2496.378325 2978.551955 3124.436053 2750.298621 2948.72558 3064.415801 3055.549443 2535.639595 2804.88621 2428.623194 3008.072746 2641.951237 2851.064333 2573.835502 2456.152028 2696.415641 2408.044926 1971.662442 1543.928059 1475.096106 1134.649601 1130.507984 902.1980524 649.75431 274.4254797 216.5923656 6.654846166 0 0 
0 0 0.000284136732 90.92754698 215.4761544 267.3190428 568.7089167 1159.468606 1387.931642 1655.2378 1834.915071 1872.733867 2003.203908 2569.669728 2602.783453 3136.388686 3163.415873 3595.190277 2925.219336 3411.049428 2963.023588 3329.293999 2999.343347 3119.606856 2736.817267 3047.693384 3535.281201 3170.209795 3170.877098 3351.309761 3749.393079 3278.044582 3751.142883 3395.628318 3499.192151 3467.37656 3760.885883 3329.712477 3455.143987 3944.210341 3505.267574 3494.539045 3390.84358 3896.647888 3198.277547 3380.02515 3799.497184 3456.659934 3426.362782 3457.876062 3709.775035 3495.945099 3375.301229 3894.949835 3344.004224 3757.687686 3900.305977 3238.516852 3633.341977 3466.691996 3448.888421 3279.001822 3755.614155 3584.534344 3202.650079 3536.916715 3884.168745 3554.877949 3676.024881 3322.06253 3674.354495 2985.362208 3814.328328 3269.068226 3242.493889 3214.039973 3127.563371 3016.587538 3106.339061 3470.706023 3138.676489 3087.584217 3259.864449 3160.968646 3170.26837 3478.118835 2679.931569 2472.752057 2379.643244 2191.040621 1788.953587 1573.770336 1386.278573 938.6378448 848.8712041 395.4783474 210.5406076 9.260191474 0 0 
0 0 7.039744845 99.82736222 202.6804915 359.6122643 554.1655247 1115.534308 1182.639754 2013.145767 2416.79406 2212.599691 2593.842708 2626.171813 3107.330354 3306.2553 3049.637226 3486.304417 3673.605138 3352.752465 3439.835868 3263.366414 3975.19024 3864.48199 3970.641605 3871.914827 3403.147537 3930.315042 3910.911463 3820.216177 4043.946854 3820.729548 3640.249491 3700.92841 4066.119698 4382.748321 3726.081203 3928.578026 4000.985098 4106.990223 4372.947196 4467.674966 3559.251285 4112.764284 4165.734681 4348.669259 4343.631084 4308.790499 3983.184734 4288.081701 4750.077394 4359.080184 4377.410226 4345.224482 4044.682198 4419.107007 4096.939501 4048.491624 3863.564382 4449.155624 4308.431702 3870.945857 3748.794927 4077.723477 4038.976506 4122.174727 4162.03298 4421.131021 4105.348876 4424.081834 4125.87719 4232.824466 4114.275009 4197.782326 4082.034604 3658.919702 3794.762714 3989.860714 3839.17931 3834.312949 3810.693957 3948.296877 3622.238266 4079.212054 3343.553057 2945.58386 3740.461893 3013.888092 2482.045325 2221.41755 2217.011413 1777.650156 1696.396717 1014.64767 820.5224726 689.240829 242.2092737 5.245560114 0 0 
0 0 0 191.0696395 222.4335608 380.9551995 622.704389 1398.433074 1952.448842 1809.011787 2569.042375 2812.867698 2896.915013 3273.680744 3340.302335 3499.831693 4071.205224 3505.261772 3779.946917 4546.597777 3612.618337 4141.321589 4047.556136 4155.305707 4158.169147 4591.786791 4285.723225 4645.494336 4246.260046 4453.528759 4224.194958 4161.960087 4336.568588 4447.999238 4965.818668 4606.002757 4708.111985 4615.960942 4730.96757 4651.892933 4686.887971 4299.34636 4700.381021 4794.799712 4646.57671 4805.962238 5010.754517 4901.723438 4728.071921 4595.263582 4829.039995 4847.496889 4756.961778 5163.418279 5136.724077 5144.952275 4393.744928 4757.439644 4740.358647 4769.96769 4208.312459 4926.803738 4556.464046 4573.636568 4203.301171 4514.670517 4251.658839 4601.057027 4661.399749 4429.484859 4706.540876 4779.323491 4659.773464 4835.068468 4266.24542 4764.365279 4498.393065 4449.249372 4072.25402 4675.531764 4205.224348 4216.158779 4172.221607 3970.684541 3729.348716 3783.23076 3732.421486 3253.483782 3053.646835 2622.190161 2017.468149 2019.032535 1563.467915 1341.127979 845.6411796 666.095665 233.8775151 0 0 0 
0 0 7.32901787 119.256882 294.0474674 255.0971283 866.8239693 1467.854873 2285.355531 2655.587621 2957.488047 3023.543301 3330.545862 3629.174829 3179.120567 4086.810869 4777.496209 4507.52727 4753.582917 4440.821751 4460.152827 4463.687217 4803.493785 4221.671265 4948.156498 4985.045068 4774.062602 5073.936468 5086.740745 4694.240392 5281.261657 5429.545002 4814.058025 4844.979233 5133.483376 4733.036367 5331.751842 4367.970938 5565.124438 5304.7954 5052.257934 5617.819787 5131.923054 5077.582902 5208.233183 5077.688929 5234.288025 5493.964879 5504.363153 5131.617468 5452.732485 5564.277084 5271.678927 5028.017848 5266.000671 5768.904353 5319.062088 5489.104718 4967.037937 5365.846352 5932.17561 5395.882007 5283.940668 5427.173607 5037.139654 4984.683144 4915.897371 5170.579449 5526.365043 5125.961219 5205.025799 5438.505443 5365.523781 4897.143523 5504.031798 5077.575118 4932.772706 4413.799237 5245.844341 5008.68908 4542.152226 4966.029061 4818.57047 5367.687236 4906.718795 4276.266632 4528.692861 3876.662551 3178.888089 3144.016319 2587.047715 1970.69507 2121.412315 1467.428314 892.7599103 670.1946798 355.2144178 13.68565767 0 0 
0 0 0 164.9005421 364.0852527 524.2604139 974.7671278 1724.423388 2469.242071 2622.959062 3107.135123 2880.902661 3699.587758 3985.440621 4331.76208 4495.882563 4845.285843 4872.68492 4488.736064 4528.335592 5120.879068 5062.086996 5395.92826 5361.867141 5142.567652 5143.424667 5218.72917 5467.182143 4805.13456 5829.206917 5783.496233 5256.501044 5101.902574 5667.175535 5417.344378 5433.054 5516.016112 5241.06907 6324.856867 5924.810515 5355.170376 6125.468603 5856.572712 6163.312369 5724.733202 5857.016151 5903.579502 6085.417991 6008.245556 6620.194821 5954.755575 6240.794768 5518.689533 5951.445482 5471.993938 6068.893886 5641.288555 5734.805193 5677.377577 6052.16725 6239.905484 5814.496033 5958.369489 5900.966719 5766.63403 5498.166191 5735.450256 5648.50708 6289.804031 5856.878693 5290.442307 5692.129236 5565.693591 5357.343944 5419.279766 5271.910449 5163.168928 4971.799629 5588.941315 5416.353298 4972.705402 5567.290367 5266.334881 4749.040063 4850.166658 4741.470778 4936.89336 4272.07641 3494.476791 3495.815812 2538.442052 2515.723165 1735.142131 1853.434631 1164.106582 948.2774578 266.1042279 35.9995508 0 0 
0 0 0 127.915344 307.9686974 568.5897653 1105.930145 1723.150978 2161.11771 2831.744646 3261.375573 3365.718446 3831.215669 4107.677937 4785.038439 4563.474593 4655.963678 5338.600092 5823.525908 5608.546535 5410.935768 5706.498797 5313.479082 5628.827396 5980.866137 5819.643141 6376.759136 5239.400427 6284.259633 6196.306145 5536.200943 6359.359852 6108.823098 6113.75611 6031.809639 5920.843665 6090.072122 5765.840625 6273.230743 6596.053311 6149.731901 5211.875661 6286.518577 7192.807076 6904.814268 6831.659856 6377.606341 6691.648286 6409.461273 6421.789348 6714.100955 6811.323674 6158.478495 6454.605872 6651.193578 6335.942906 6725.138486 6321.068299 6631.960119 6205.253276 6329.41535 6472.350276 6464.6832 6300.385969 6742.504312 6036.701309 6427.788183 6378.649089 5677.494721 6066.995578 6326.451591 6018.395996 6433.816306 5965.271095 6564.57044 5839.533745 6172.123947 6476.649613 5900.541362 5809.661467 5962.192242 5455.115049 5591.823907 5378.358125 5691.285688 5222.792622 5201.257508 5104.195529 4542.270599 3746.68272 3193.250355 3221.851756 2141.650857 1753.019524 1138.661965 720.5001618 439.7298585 8.095285189 0 0 
0 0 0.006294542459 196.1216143 357.6976143 533.5442373 1239.82287 1817.195702 2710.107221 3115.458038 3512.812293 4277.404263 4113.639493 4650.651857 4856.377357 5221.699855 5506.903014 5618.637456 5414.253023 6349.141508 5854.986734 5830.812277 6382.804083 5775.845417 5932.395826 5680.178329 6199.730305 6650.510433 6416.537538 5979.970538 6225.522259 6591.323973 6321.930901 6978.367953 6537.69966 6691.909777 6088.493809 6766.410943 6833.37409 6957.787808 6821.304248 6508.163189 6866.133157 6674.966374 6979.915128 6991.902504 7415.570669 6939.0228 6668.455382 7206.504987 7087.245873 7222.694276 7447.755051 7063.575583 7629.671077 7234.90283 6939.418192 6864.898659 7044.814585 6737.595294 7036.083747 6957.559711 7446.941208 6915.979301 7214.601994 6966.217055 6813.865244 6516.912961 6522.613192 6306.607093 6135.848383 6911.970041 6492.003577 6519.636077 6736.817336 6764.901172 6793.677059 6780.108095 6305.252913 6314.716144 5877.377118 6276.129809 6713.538996 6199.872795 5778.606509 5436.131092 5913.674833 5187.452706 4471.839053 4225.541821 3426.697937 3178.687432 2412.651848 2035.561223 1361.722518 877.5656036 411.4462639 14.18282723 0 0 
0 0 0 174.9634217 421.8451443 566.1044072 1389.11993 2111.893686 2967.990539 3323.716171 3607.418482 4365.951477 4959.574683 4838.394055 5428.34368 5871.446377 5993.803977 5926.479446 5876.822763 6098.540648 5991.270413 6371.695027 6576.88729 6424.173128 7001.548455 6627.391838 7089.565821 6713.721957 6744.900261 7336.212608 6751.278894 6432.662441 7126.984368 6925.342695 6940.810393 6742.403497 7128.241373 7483.514115 7360.074938 7192.429442 7271.10188 7341.922463 7453.721748 7230.114543 7255.418145 7754.96005 7651.742654 7473.687927 7786.998635 7244.263176 7509.72268 7648.960556 7833.749889 7896.317133 7180.432175 7723.652083 7608.325315 7603.694676 7505.786526 7082.734435 7133.326152 7721.631861 7317.678984 7195.642895 7228.260537 7274.16223 7118.774121 7115.488618 7085.694476 7369.389774 7428.863217 7076.155025 6858.367678 7269.833445 6782.442731 7161.852899 7497.911148 7281.288736 6904.438454 6925.132108 7004.700645 6559.751377 6776.010085 6549.441567 6591.799629 6132.222324 6525.773441 5199.052666 4909.854085 4103.979154 3770.076386 3145.629717 2637.22739 2062.990237 1475.303065 1068.543697 485.5240539 19.6402911 0 0 
0 0 8.762817154 196.5069927 424.6647246 645.9507529 1493.172519 2043.696876 2624.531362 2898.230395 3775.429834 4636.424212 4654.779321 5430.132056 5424.124203 5786.750344 6090.580155 7227.833494 6686.511125 6824.926519 5961.885264 6719.739901 6629.977207 6588.312683 7191.077731 6850.217149 7071.430471 6799.049592 7221.802045 7446.384407 7548.83341 7593.741361 7510.518512 6926.484354 7857.788338 7852.643685 8321.172431 7812.974245 7667.577807 8257.175359 7697.920799 7933.605567 7900.269325 7816.17398 7448.444508 8041.879023 7261.559164 7574.089352 7923.726344 8200.551888 7967.906427 7662.44053 8243.20936 7899.015038 8525.371113 7790.035574 7673.127794 8408.559512 7778.499766 7403.055662 7551.449497 7684.381034 7455.909831 7910.771036 7135.69147 7683.793456 7104.031669 8114.65697 7600.850672 7591.992874 7459.557478 7556.658733 7207.971558 7256.603597 7518.384114 7278.415435 7117.921582 7472.454739 7285.120563 7432.495634 7192.57017 6803.0269 7002.927921 6658.499584 7062.117487 6608.336919 6097.193782 5292.06557 5211.713442 4784.392464 3728.796283 3049.334916 2931.655094 2017.52908 1805.30198 1031.804635 319.6765036 26.22025957 0 0 
0 0 0.2791380737 212.3428767 496.3957603 594.8315466 1187.398 2337.006888 3070.247217 3791.470441 4420.149755 5100.236801 5394.903103 6029.75014 5531.166583 6549.063345 6434.656594 6935.292599 6835.230193 6693.280259 6663.652274 6892.398717 6523.205341 7121.819029 7520.407734 7446.01324 7579.018749 7333.069797 8192.31961 7309.058273 7461.832133 7392.205084 7632.366651 7878.740754 8026.468488 7913.367841 8439.244708 7698.764159 8142.759734 8239.665368 8336.752964 8249.634775 8440.181785 8677.931748 8005.526748 7924.450716 8476.310286 8138.962222 8053.396343 8228.530473 8144.294005 8076.642542 8386.579665 7963.050607 8819.267875 8667.319844 8596.08067 8326.705665 8400.914101 7998.435475 7809.285531 7511.369013 8521.125255 8176.418687 8270.248469 8635.057292 8834.803277 8197.260328 8341.486805 7805.36508 7907.848659 7949.241857 7818.031859 7671.909838 7572.704404 7966.362981 7712.671647 7155.440954 7693.52102 7413.09917 6857.60633 7354.145445 7675.18524 7462.86718 7361.716958 7122.011501 7133.895627 6007.754579 5298.999812 4942.352452 3941.0957 3524.727505 2854.298354 2395.30081 1523.463854 1205.540328 508.3563389 15.34771145 0 0 
0 0 0.01130367613 176.4905364 430.0146484 744.6133938 1396.589658 2500.654277 2876.427869 3727.927753 4336.279901 5114.042125 5352.059295 5662.786275 5951.043129 6628.087306 7066.447057 6406.940108 6637.97093 7060.027321 7315.861953 7231.755601 6788.004656 7081.065186 7528.858663 7573.211174 7511.175382 6958.002053 7527.395902 7673.28551 8277.546901 8120.404488 8217.474321 7954.704231 7474.191171 7978.058245 8451.705865 7768.056228 8282.095472 7423.703664 7493.031861 8675.661603 9114.340167 8163.685254 8323.611094 9057.034128 9133.025356 8475.509388 8433.905567 8479.407959 9126.376701 8312.099336 7981.070249 8856.754256 8805.647057 8786.605783 8046.770749 8731.77606 8766.777112 8841.131129 8624.491045 8509.791342 8394.588916 9006.251909 8407.022152 7959.30033 8901.454653 8344.003623 8562.437712 7989.403852 7499.825833 8533.365942 8413.226313 7838.476816 8188.390167 7921.430864 7663.603154 8168.181987 8084.094518 7505.807961 7817.22038 8342.692408 7711.512536 7326.752595 7643.532804 6654.608407 7532.69195 6381.875199 5482.512764 4853.950722 4039.850765 3912.316623 3130.835205 2510.182487 1819.335103 980.4279801 500.1372422 27.20984822 0 0 
0 0 11.15993659 277.6114034 538.9477639 631.2540646 1185.590655 2464.08158 3201.021567 4113.54988 4204.814236 5270.631006 5050.858863 6029.863003 6550.813732 6623.094099 6948.815395 7895.256606 7342.115865 7662.135449 7513.292604 7118.170464 7209.242724 7975.484355 8156.894915 8030.151519 7622.105754 7872.370783 8516.280121 7879.305214 8086.679826 8170.436079 8317.746724 8731.254058 9152.807255 8631.586163 8238.923899 8868.616781 8372.812723 8788.555001 8530.66877 8920.39032 8746.209836 8958.371178 9408.619838 8907.367969 8946.839019 9089.414309 9045.240858 8449.067463 8539.923136 8709.281295 8552.307793 8727.824244 9213.349606 8587.383139 9223.02693 9501.021189 8982.72381 8583.326123 8907.69686 8475.34188 9018.632968 9439.499742 8602.90547 9083.873992 8484.863861 9171.931677 8834.529418 8743.988196 8859.962703 8574.350334 8837.534932 8799.110733 8770.047732 8313.365329 9105.783372 8100.708916 8390.800998 8563.890433 8266.181191 8526.74077 8035.351805 7660.449358 7560.862995 7501.465605 6942.702668 7188.466723 6149.640696 5411.47435 4000.379698 3724.054077 3228.495673 2294.725383 1818.435205 960.2360424 537.8934353 6.208114651 0 0 
0 0 11.20574913 236.2744498 433.4341829 800.1868585 1558.925334 2242.71369 3141.224958 3479.033616 4199.487316 4966.577497 5371.489229 6161.336775 6465.679486 6997.577919 7361.310734 7483.169024 7283.270052 7906.7182 7608.116283 7489.35106 7536.920893 8294.005897 8233.001937 8159.032548 8578.850188 8379.111598 8847.208749 8070.415156 7843.00209 8104.841666 8965.848688 8647.07297 8415.879035 9107.828289 8196.016151 8989.281068 9217.70277 8664.494366 8876.577925 8617.772138 8884.327807 8709.304992 8741.970593 9452.574693 8869.696984 9957.551676 9064.843813 9117.550168 8510.778066 9062.092639 9334.173332 9658.570949 8160.787493 9661.207507 9426.481924 8609.835908 8836.656436 9117.812437 8714.048011 9506.140126 8936.994008 8912.299235 8681.715752 9107.166718 9159.026875 8564.247312 8935.925309 8821.51507 8405.422981 8871.384488 8801.213857 9609.225955 9062.568488 7982.44425 8528.091809 8309.948041 8972.618202 7976.260652 8266.955313 7979.73094 8198.624889 8294.569658 7983.251261 7543.998969 7085.091157 6721.657318 5634.024061 4912.330915 4389.986978 3918.100576 3225.052366 2394.660323 1829.912366 1285.91591 571.5812402 21.57452547 0 0 
0 0 0 204.2572751 400.0420521 670.8301331 1811.340018 2558.153296 3570.697564 3951.805454 4730.577754 4620.877119 5061.807992 5949.369526 6140.351368 7145.108935 7357.507293 7311.848248 7551.388267 7365.034114 7803.4938 7640.839305 7925.618986 7958.643929 7960.480532 8467.482469 8315.92643 8845.800304 8458.896312 8477.264974 8296.840956 8867.385112 8239.191858 8635.138997 8388.068889 8654.72024 8422.150304 8190.232814 8416.845994 8594.152176 8585.040714 8563.867935 8217.36247 8624.889633 8865.008796 8143.37662 9569.19417 8528.83133 9010.235928 8308.811534 8801.888719 9086.491171 8552.383993 9136.056251 8809.533227 8804.591848 9032.160156 9133.622245 8883.424028 8825.57454 9137.150186 8985.410125 9202.632743 8412.900847 9008.675384 8027.753401 8497.234613 8881.442566 9264.381441 9198.98037 8210.3516 8566.952643 8537.84584 8998.551827 9398.672374 8415.257337 9043.911683 7996.830009 8243.659297 8290.963005 8136.293644 8258.489429 8188.161395 7855.361289 8394.750721 7355.590459 7379.460553 6818.43678 6316.002841 5181.561771 4831.192574 4020.794459 3201.717946 2378.613814 1859.837461 1266.186745 568.9623769 16.97864707 0 0 
0 0 3.595571727 257.6158426 538.5611561 768.6589336 1568.863835 2679.274986 3360.515241 3779.539059 4104.034753 4897.603811 5475.535815 5904.183394 7577.260255 6647.554661 6941.886184 7848.387792 7742.530223 7796.613601 7458.563296 7555.041066 8504.033691 7838.965502 7765.860378 7958.185643 7698.807105 7629.24311 7932.172157 8714.727386 8559.398479 6871.248461 6310.361769 6398.773477 6147.374017 6269.202776 6531.044016 6000.519866 5914.178441 5839.157438 6070.014775 6361.131686 6235.380971 5941.145471 5787.759831 5821.096504 6219.356048 6262.31669 6062.968474 6417.06735 5784.457096 6356.849183 5912.475474 5917.748115 6239.063918 6539.819797 6386.933523 6009.767901 6366.087817 6177.779528 6002.314724 6210.843627 5928.539645 6267.113393 6499.861582 6315.006562 7042.914343 6373.777345 6826.479111 8381.802692 9140.461727 8966.055438 8317.268395 8865.480096 8616.593156 9128.648296 8579.929018 8714.589345 8852.75215 8637.574718 8512.571633 8785.795778 8143.137342 8047.393431 8324.528271 7724.950024 7393.81369 6110.150798 6579.245327 5202.270229 4803.876517 4197.695401 3051.497441 2551.055327 2227.84027 1394.203029 596.4325674 43.589391 0 0 
0 0 0 194.1485816 608.4174149 660.1339493 1613.388449 2507.590918 3835.44822 4186.845481 4436.938027 5407.008722 5639.054664 6198.299437 7369.43694 7145.735877 7829.299401 7732.497425 7913.953733 7504.551708 7839.517884 8055.387452 7762.214259 7867.530505 7436.553968 8677.139959 8069.182815 8121.963898 8349.413332 8605.749104 8174.02866 2439.935845 791.1921374 516.4824351 448.282451 418.8194374 388.0276898 310.6194698 204.5341522 182.4121041 168.3239727 151.9257479 104.5520057 63.48257728 93.47854671 57.25332956 63.04116523 29.82147019 21.55942633 13.59276457 0.00587111085 18.9666927 33.12966926 33.51095798 40.03584947 94.63344132 109.2137022 164.1642611 188.9723431 272.6789854 220.6156406 212.5717619 299.4940429 418.8203416 432.2188652 671.4050531 665.9870198 827.4147033 2304.83495 8959.73881 9271.003892 8827.596807 8604.374213 8972.299386 8981.362759 8698.855951 8229.989555 8592.370496 9154.049653 8433.813329 8595.012142 8939.377811 8545.443785 8018.52474 7894.568924 7660.814451 7388.616505 6804.671967 5734.507521 5953.817608 4872.871302 4284.903224 3351.318097 2624.537129 1804.727548 1136.349318 510.7305176 27.32250498 0 0 
0 0 0.5875899199 133.5215514 474.3128456 810.4364043 1482.000445 2679.530486 3804.233468 4002.389743 4496.602747 5195.118312 5491.538144 6530.804958 6780.995893 7119.339548 6976.595343 7528.304051 7755.535107 7491.232604 8413.281357 7698.995065 8066.499621 7884.084797 8012.093101 8483.922663 8150.441004 7889.208986 7940.349197 7890.698553 8270.032287 1738.131979 0 0 0 0 0 0 0 0 0 0 0 0 0 0 0 0 0 0 0 0 0 0 0 0 0 0 0 0 0 0 0 0 0 0 0 0 1163.235787 8613.728425 8965.836339 8751.782926 9627.118534 8664.238954 8789.573895 8956.523043 8520.062232 8365.854161 8434.001576 8656.778858 9119.301717 7952.581767 8459.524179 8647.386024 8550.924524 7851.81738 7891.076782 7409.559478 6307.043915 5951.128152 4828.536466 3797.165369 3498.058483 2855.948072 2108.041693 1137.633242 597.8118649 6.269624922 0 0 
0 0 0 244.9787546 515.1498743 711.2323217 1357.873341 2588.802775 3226.701309 4420.970722 4933.35591 4786.274096 5516.8704 6472.941796 6593.723957 7515.560385 7379.555101 8021.668577 7817.12202 7857.718637 7756.916582 7399.172412 8220.793251 7374.217168 8198.44011 8539.636515 8110.563776 8914.490867 8057.742815 8474.754889 8108.688136 1398.729531 0 0 0 0 0 0 0 0 0 0 0 0 0 0 0 0 0 0 0 0 0 0 0 0 0 0 0 0 0 0 0 0 0 0 0 0 1181.217497 8265.408857 9085.253602 9439.60263 8976.312038 9023.500223 8673.970452 8773.39153 9131.479756 8679.687259 7960.007536 9071.178133 8881.235487 8529.104705 7918.164926 8621.834765 8574.162076 7454.794789 7634.857588 6634.149423 6625.185408 5271.993226 4505.071071 4011.407708 3608.420972 2749.730761 1987.375848 1425.511737 620.7683632 29.77703952 0 0 
0 0 13.17882986 207.861621 442.5857248 746.68915 1512.846756 2667.14654 3389.16889 4289.496771 5124.549989 4953.281972 6054.193164 6302.421247 6641.76225 7536.243767 7347.008421 7609.140032 7612.726744 7792.284672 7422.265512 7957.042915 8098.248013 8511.975272 8340.329004 8278.706314 7976.662171 8759.19512 8776.114994 8297.027574 9258.005937 1523.242161 0 0 0 0 0 0 0 0 0 0 0 0 0 0 0 0 0 0 0 0 0 0 0 0 0 0 0 0 0 0 0 0 0 0 0 0 1216.586223 9091.593011 9229.343525 8723.72769 8924.526222 9447.051722 9477.750415 8701.609575 8736.281194 8818.259255 8723.036031 8105.624599 8721.040735 8180.578117 8335.227196 9181.600246 7725.260048 7651.069297 7847.789038 6807.546951 6178.851095 5369.221655 4916.737485 4609.228459 3531.775401 2793.442154 2195.200158 1146.310849 486.317156 33.38867011 0 0 
0 0 0 183.8251916 491.4024155 807.6223511 1312.906365 2532.84077 3560.618894 4301.377838 5232.679041 5240.02943 6269.937059 6555.944492 6433.750538 7627.508304 7826.998377 7706.740148 8155.123791 7277.591042 8092.31855 7643.263072 7893.789061 8200.839718 7731.884358 9054.205262 8585.431449 9135.688065 8729.328997 8379.500063 8211.062959 1446.444811 0 0 0 0 0 0 0 0 0 0 0 0 0 0 0 0 0 0 0 0 0 0 0 0 0 0 0 0 0 0 0 0 0 0 0 0 1143.457487 8625.657114 9965.630752 8841.366793 9515.61815 8822.520485 8872.134796 9151.342875 9234.960914 8605.571572 9177.91861 8500.609206 9167.290388 8882.00883 8443.616766 8315.539517 7400.539955 8004.591756 7306.737515 7034.37355 6405.383934 5268.551899 4942.419962 4167.796189 3707.584189 2865.782336 2115.321979 1182.237592 501.3195013 39.33622528 0 0 
0 0 0 232.0835705 566.8892797 714.1904629 1664.015475 2462.717838 3489.494347 3734.460193 4673.888918 5462.740551 5441.838686 6589.082069 6795.800052 7701.254965 8173.054895 8244.385513 7038.63055 8002.031308 8093.410363 8240.233336 7881.460861 9131.454566 8757.425391 8158.392137 7995.413979 8607.891526 8854.429124 8447.641291 8437.186732 1480.039139 0 0 0 0 0 0 0 0 0 0 0 0 0 0 0 0 0 0 0 0 0 0 0 0 0 0 0 0 0 0 0 0 0 0 0 0 1304.719459 8538.946173 8742.802518 9408.160506 9522.06334 9285.235208 8954.241985 8813.072973 8728.918353 9057.230684 8879.091136 9159.090437 8073.808806 8146.290678 8217.055684 9499.282615 8208.927024 7601.887273 7370.458175 6909.716675 6202.360324 5951.57965 4919.88554 4285.287077 3443.711705 2671.707378 2139.7904 1073.536484 466.5464804 26.84369512 0 0 
0 0 0 195.9897906 441.021635 690.342214 1549.624744 2492.698054 3403.272494 4409.850462 4762.847452 5321.054004 5711.736237 6342.464837 6537.719253 7638.855128 7541.609894 7751.968346 8073.417058 7497.61296 8552.372548 8573.846462 8210.829763 8245.790101 8602.741592 7965.075968 8419.78764 8783.004586 8565.575523 8881.485678 8900.22772 1850.655308 0 0 0 0 0 0 0 0 0 0 0 0 0 0 0 0 0 0 0 0 0 0 0 0 0 0 0 0 0 0 0 0 0 0 0 0 1342.502736 9441.358573 8844.072236 8866.159962 8878.152514 9149.197443 8701.749691 9317.498202 8419.880831 9037.712011 9088.162897 8615.780473 9058.446072 8334.638259 8459.252645 8884.908435 8133.344882 8385.285728 7943.085676 7072.205612 6464.889853 5238.393512 4553.519003 4216.895798 3199.027732 2543.452299 2069.926007 1489.165103 598.2880382 32.7982843 0 0 
0 0 7.283708574 221.13471 491.4547571 685.1777214 1554.759695 2614.240506 3604.267003 4276.206414 4562.112445 5239.01461 5846.884043 6167.262602 7520.504043 7305.320263 7689.177864 7824.60102 7713.457846 7504.712249 8339.26884 7964.632429 7414.515162 7888.808748 8452.501921 8318.197194 8261.512404 9206.207858 8379.498625 8306.578029 9385.47738 1650.351933 0 0 0 0 0 0 0 0 0 0 0 0 0 0 0 0 0 0 0 0 0 0 0 0 0 0 0 0 0 0 0 0 0 0 0 0 1422.105938 8641.162078 8994.104536 8850.688978 9734.360581 9034.03084 8876.346101 8629.54957 9513.765713 9435.569745 9290.511702 8777.193378 8690.515175 9458.655968 8593.680456 8943.865997 8579.576359 8369.326049 8165.967015 7514.256909 6294.274029 5795.958653 4573.349508 4068.318969 3351.511106 2637.450246 1912.59783 1402.88727 532.7811526 63.41796979 0 0 
0 0 6.57773129 238.830218 619.0254683 734.7487984 1748.421955 2672.380717 3230.430473 4230.631518 5388.141384 5340.116069 6081.992912 5718.229197 6611.74054 7689.853538 7338.151577 7765.58509 8126.598589 8011.248475 8506.2613 8713.019001 8127.94208 7856.877517 8727.108621 8556.975526 8763.667538 8718.399365 8952.198346 7810.034204 9125.884451 1569.331033 0 0 0 0 0 0 0 0 0 0 0 0 0 0 0 0 0 0 0 0 0 0 0 0 0 0 0 0 0 0 0 0 0 0 0 0 1533.303131 8951.860003 9870.361109 8912.72566 9928.035898 9022.25119 8495.822829 9131.319238 9033.323045 9330.168237 8657.381206 9352.338973 8728.909578 8184.281197 9053.513966 8068.84056 8164.839559 8430.252218 8093.576285 7166.036138 5332.714771 5814.167639 4565.632949 4058.647079 3480.537687 2873.266581 1976.326197 1213.616767 618.457074 21.43603447 0 0 
0 0 0.9942706703 209.7577794 479.1282108 881.0279381 1458.283978 2668.04037 3090.855581 4092.797455 4616.462545 5409.869454 6167.803194 6643.494536 7296.89998 7120.833807 8112.504301 7643.969161 7702.133942 7749.746372 8355.014519 8222.319568 8466.256646 8638.662677 8572.780372 8816.614095 8267.266847 8908.036891 8991.905065 8100.096167 8711.025397 1667.498036 0 0 0 0 0 0 0 0 0 0 0 0 0 0 0 0 0 0 0 0 0 0 0 0 0 0 0 0 0 0 0 0 0 0 0 0 1307.034312 8969.279269 9511.526384 9521.638184 9380.6872 9086.280922 9363.031049 8721.73651 9302.888556 9255.38548 8225.594761 8569.339226 9571.163784 9168.934527 8934.207868 8638.284943 8744.478182 7976.483043 7839.89313 6884.729454 6950.167251 5311.612602 4787.893463 4413.535252 3526.644037 2789.832257 1704.670899 1239.609152 677.1044586 33.97083817 0 0 
0 0 0 171.5913783 382.5712212 900.0517975 1449.351518 2610.362782 3795.114452 4450.822475 5412.067109 5386.048183 5323.242318 6689.612535 6833.58009 7798.178341 7658.908348 8068.468613 8008.541548 7920.700869 8510.458483 8199.432148 8994.780721 8343.014961 8383.225796 8502.109609 8799.108943 8978.538426 9279.001598 8474.354365 8866.35337 2003.739752 0 0 0 0 0 0 0 0 0 0 0 0 0 0 0 0 0 0 0 0 0 0 0 0 0 0 0 0 0 0 0 0 0 0 0 0 1435.900482 8854.091741 10114.65433 9124.306298 9375.518489 9265.383659 9384.755419 9234.598066 8940.955145 9014.776333 8659.622183 8796.218692 8655.247901 9011.833832 8403.024979 8812.543337 8591.995146 8487.656465 7977.912327 7461.679457 5881.329912 5509.717613 4856.134927 3607.235227 3643.566924 2590.629201 1899.433837 1216.545365 727.3223929 2.7911076 0 0 
0 0 0.316242576 217.504969 449.5732684 863.1663978 1669.287163 2327.595577 3306.699533 3867.480598 5023.984193 5033.939344 6451.088389 6372.324213 7120.279321 7335.117494 8424.40724 8197.869279 7877.222128 8344.748944 7695.326775 8257.437935 8426.068765 8497.626112 8574.789259 8605.729498 8857.052462 9050.69829 9054.140726 9037.91043 8753.459986 1494.110157 0 0 0 0 0 0 0 0 0 0 0 0 0 0 0 0 0 0 0 0 0 0 0 0 0 0 0 0 0 0 0 0 0 0 0 0 1432.498615 9182.132076 9513.54594 9839.098353 9211.03099 9736.869448 9027.132506 9524.778008 9340.128602 9209.940877 9379.322012 9859.874628 8445.198258 8715.858734 8612.627044 7899.135837 8138.163885 8311.450601 8073.375783 7526.260808 6570.776652 6184.525411 4648.671731 4200.726447 3414.476792 2840.575716 2218.986885 1273.32346 599.8020416 19.39944922 0 0 
0 0 16.02132433 278.6771116 466.0210655 861.7145353 1516.256341 3308.590738 3746.185532 4102.288044 4719.579927 4950.676041 5847.135296 6266.274922 7307.655927 7830.109368 8043.191851 8086.405758 8149.147804 7901.901403 8239.419648 8641.6319 8706.129346 8205.611099 8356.673099 8627.642314 8512.543476 8802.053434 9761.97901 8843.47101 9029.134669 1406.175749 0 0 0 0 0 0 0 0 0 0 0 0 0 0 0 0 0 0 0 0 0 0 0 0 0 0 0 0 0 0 0 0 0 0 0 0 1134.49767 9203.063088 9520.39252 9023.445485 9254.116234 9061.481745 9432.008632 10327.14948 9862.521244 9450.00513 9165.338283 9001.974785 8806.295761 8558.190576 8123.857892 8484.535847 8466.987296 8972.800878 8531.453356 6961.198641 6470.763201 5879.032322 5231.703842 4084.178748 3666.675759 2833.248362 1880.18866 1426.926111 593.1419322 21.36176457 0 0 
0 0 1.984438584 238.8963371 701.2114167 697.1428216 1504.061445 2600.25264 3873.869719 4428.640464 5129.987585 5622.478685 6211.300042 7316.919217 6966.775897 7612.393661 7326.004206 8024.374283 7542.051046 7813.382467 8412.067041 8196.793512 8183.125423 8298.377518 8879.914277 8421.230521 8675.243678 9634.638473 9258.385761 9221.494928 9023.351878 1713.352556 0 0 0 0 0 0 0 0 0 0 0 0 0 0 0 0 0 0 0 0 0 0 0 0 0 0 0 0 0 0 0 0 0 0 0 0 1310.484602 10152.292 9092.255024 9728.20375 9595.300738 9315.975403 9339.548036 9433.18142 9281.66144 9477.762749 9359.375101 9427.074811 8742.358647 8874.134207 9005.084012 8720.227822 8660.844185 9164.285477 8331.746151 7748.639665 6323.847931 5874.958211 4837.389272 4709.03261 3562.689229 3131.02062 1989.002822 1241.89871 528.3384518 15.49592706 0 0 
0 0 0.001359012886 180.5073731 628.6402375 786.7264244 1548.49654 2751.010308 3735.126761 4670.897205 4907.446335 5400.944301 6476.989098 6452.714386 6769.334001 7645.192693 7242.132791 8212.51654 7728.416516 8237.006249 8919.398625 7968.895813 8728.123473 8570.831598 8623.929413 9400.273216 8464.051025 8636.211494 9198.288353 9341.686163 8416.358718 1573.764151 0 0 0 0 0 0 0 0 0 0 0 0 0 0 0 0 0 0 0 0 0 0 0 0 0 0 0 0 0 0 0 0 0 0 0 0 1318.328779 9066.42332 9511.37182 9971.844756 9747.580741 9478.661347 9753.20787 9057.690585 8559.021488 8912.551849 9692.373366 9305.56255 8612.813055 8804.212529 8746.273411 8539.293885 8236.675957 8231.747594 8091.979032 7613.588578 5999.448162 5247.083374 5232.680662 4358.910728 3674.185449 2950.793803 2015.644274 1278.523507 474.8550546 15.94199069 0 0 
0 0 0.1542250355 278.7669929 443.4376741 665.3047225 1324.798902 2477.355046 3783.235094 4109.438987 5049.926197 6135.859776 6057.052625 7082.707174 7378.566824 7725.816209 8624.824426 8181.962631 7897.03468 8741.607568 7976.514768 8847.964916 8473.515919 8574.699738 8181.553909 8820.543457 8644.356058 8944.928083 9107.884809 8506.932574 9204.371039 1549.848796 0 0 0 0 0 0 0 0 0 0 0 0 0 0 0 0 0 0 0 0 0 0 0 0 0 0 0 0 0 0 0 0 0 0 0 0 1310.554647 9514.921162 9919.273585 9402.954847 9240.545587 9388.996263 9457.500985 8920.756033 8850.415612 9018.205074 9101.320875 8879.392971 8929.825566 9544.566219 8986.440623 9362.452219 8582.024894 8342.630071 8014.841919 7626.292119 6047.844884 6068.020145 5115.628887 3976.036458 3539.239455 2708.689745 1857.038144 1081.075176 521.0415988 30.48269061 0 0 
0 0 0 200.1098617 482.1738664 772.7422751 1598.239838 3058.49573 4257.500015 4117.808085 5264.923018 5572.77898 6272.785705 7139.471966 7565.079689 7191.386384 7772.803114 7999.173457 8326.729835 7597.017904 8127.243776 7509.800328 8785.770063 8319.316574 8666.144626 8871.885287 8355.430053 8754.183023 8929.321664 8925.553882 9242.126942 1600.145345 0 0 0 0 0 0 0 0 0 0 0 0 0 0 0 0 0 0 0 0 0 0 0 0 0 0 0 0 0 0 0 0 0 0 0 0 1515.642661 9061.250647 9537.716789 9439.204384 9630.195679 9235.59766 9354.767897 9368.604344 9736.617723 9362.915428 9757.068851 9024.8727 9582.996311 9051.94883 8600.071082 8356.660645 8747.044217 8923.310771 8784.418576 7497.327639 6090.946648 5804.098972 4997.999499 4135.912952 3756.187817 2835.850599 2247.959713 1172.213624 600.8956613 37.35234872 0 0 
0 0 17.31777318 149.0148881 441.7660483 677.5713289 1629.588771 2851.609672 3564.606304 4441.233778 4851.429087 5461.800742 6187.025118 6677.301212 6878.602074 7560.414833 7723.963403 7716.828539 7547.78778 8278.709912 8145.089245 8515.778034 8842.416343 8417.692322 9304.095224 8722.157469 8782.61467 9307.408669 8538.865291 9555.104084 8968.635497 1376.757618 0 0 0 0 0 0 0 0 0 0 0 0 0 0 0 0 0 0 0 0 0 0 0 0 0 0 0 0 0 0 0 0 0 0 0 0 1451.797361 8911.505492 9478.424324 10087.99951 9478.404197 9945.406212 9867.238994 9777.01629 9668.567413 8589.036879 9069.540517 8812.080382 8902.615804 7949.955721 9051.694824 8569.103226 8367.396156 8687.663318 8407.278107 7694.029816 6919.196228 5757.168393 5192.237491 4264.559906 3425.257864 3108.793122 2404.981526 1230.556378 514.8112372 36.42188616 0 0 
0 0 0 185.5222684 461.7375417 732.9222245 1578.297854 2761.314805 3396.823312 4042.927759 4792.148691 5770.866743 6154.107942 6690.141404 7123.984455 8122.813388 7855.471129 7682.023658 7923.649093 8635.425089 8244.406463 8198.898646 8796.728102 9303.978774 8147.657573 8494.225803 8806.51078 9124.679102 8528.272549 9136.114643 8390.158495 1883.08181 0 0 0 0 0 0 0 0 0 0 0 0 0 0 0 0 0 0 0 0 0 0 0 0 0 0 0 0 0 0 0 0 0 0 0 0 1401.685532 9510.836944 8921.967213 9818.925863 9580.929763 8862.471368 9010.718037 9765.816248 9053.588872 9134.342362 9179.150313 8864.631255 9029.898516 8838.421868 9101.469996 8930.116482 8621.228806 8794.890513 8152.202018 7312.791624 6413.236777 5843.554132 4935.301267 4439.182892 3541.044372 2760.584957 2058.604308 1466.747316 493.011886 27.52862478 0 0 
0 0 20.14794255 259.8486936 462.746808 614.7515762 1606.50393 2898.702834 3452.575169 4592.909784 5237.509518 5208.83798 6089.829785 6614.522615 6827.546311 7508.078333 8260.416914 7868.204048 8382.716787 8339.131498 8153.203737 8849.258945 8678.428905 8505.327723 7952.073832 8743.815058 8995.145868 8626.32874 9242.761025 9048.887951 9402.354968 1633.281581 0 0 0 0 0 0 0 0 0 0 0 0 0 0 0 0 0 0 0 0 0 0 0 0 0 0 0 0 0 0 0 0 0 0 0 0 1445.78098 8640.29077 9364.517384 9895.005407 9539.514413 9733.260372 9345.749806 9879.311458 9204.02154 8969.565367 9271.862786 9115.049714 8909.855333 8418.257639 8811.419982 8406.217367 8600.134168 8433.806624 8221.135433 7250.125818 6916.702642 5882.604649 5054.765498 4376.132934 3671.730672 2582.832231 1971.383148 1245.91348 593.4626558 2.4989263 0 0 
0 0 6.966329492 257.1667046 526.6172482 804.7829978 1579.451307 2961.243106 3384.930701 3918.563314 5177.38601 5183.233377 6468.715168 6638.154896 6861.120358 7845.057007 8045.160483 7919.239065 8006.806478 7929.531134 8570.051318 9017.966242 8576.773671 8584.260309 9268.467805 9235.689814 9089.19817 8406.415359 9684.253717 8756.869635 8786.757531 1546.098649 0 0 0 0 0 0 0 0 0 0 0 0 0 0 0 0 0 0 0 0 0 0 0 0 0 0 0 0 0 0 0 0 0 0 0 0 1379.705127 8840.039862 9453.681147 9566.349305 9138.862956 9514.09158 9800.575449 9179.345456 9346.862331 9066.410984 9348.135935 8967.463914 9027.52537 9159.854087 8795.00949 8636.493235 8714.441737 8253.475191 7904.249083 7490.049525 6772.633921 5336.05495 4862.706876 4000.52749 3606.558648 2806.545728 2174.41827 1230.739542 518.1925103 15.07366894 0 0 
0 0 0.2273619788 270.0988308 680.0405431 839.0305331 1703.709874 2629.596152 3698.991438 4204.361474 4951.663314 5763.406465 5325.958844 6650.886833 7475.740061 7200.928064 8257.399229 8046.234979 7926.983429 8231.871484 8352.436897 9037.358288 8230.388835 8593.713485 8837.99688 8544.706017 9441.36865 8580.594332 9287.323026 9167.240379 9435.116742 1529.142571 0 0 0 0 0 0 0 0 0 0 0 0 0 0 0 0 0 0 0 0 0 0 0 0 0 0 0 0 0 0 0 0 0 0 0 0 1433.997911 9267.385182 9385.51516 9900.44574 9623.56887 10178.23943 9302.393148 9667.477425 10191.06361 9391.317872 8867.847551 8910.591535 8781.753198 9040.82022 9482.63262 8832.329803 8859.134511 9289.119174 7351.342918 7267.78775 6607.183709 6353.472298 5223.394974 4194.97755 3671.985378 2547.946469 2014.960198 1186.180369 616.5282648 13.38151666 0 0 
0 0 4.355706694 210.3818339 486.0508555 744.520769 1604.646729 2847.870465 3328.81129 4592.238161 4308.90298 6087.257798 6476.104151 6453.69113 7672.375019 8021.702757 7770.124293 7792.723352 8347.0196 8284.514762 8069.550333 8643.218606 8590.044686 8471.528872 8603.208409 8527.883014 8638.179001 8625.045601 8899.203212 9517.616725 9453.412611 1853.160763 0 0 0 0 0 0 0 0 0 0 0 0 0 0 0 0 0 0 0 0 0 0 0 0 0 0 0 0 0 0 0 0 0 0 0 0 1511.472017 8941.696032 9032.525931 9830.149401 9415.234692 8871.156101 10186.31198 9927.317983 9194.065753 9596.773178 8928.374947 9744.717198 9318.795291 8744.847691 8608.780234 8771.46453 9814.598476 8432.314107 8330.053616 7827.18691 6666.232245 5935.769471 5084.26495 4067.765534 3514.788779 2718.27736 2186.624784 1132.849213 523.6677975 32.52543542 0 0 
0 0 2.868964153 198.3493639 493.5614818 836.3827436 1544.271661 2687.704228 3710.674125 4521.502219 5038.100946 5519.948514 5738.427384 6392.408096 6860.032319 8601.321904 8182.304943 8410.529011 8849.220247 8422.656362 8539.887411 8269.009773 8824.697747 8390.873197 8712.863273 7962.157194 8709.067031 8892.652159 9012.015202 8830.336099 8657.085332 1626.283753 0 0 0 0 0 0 0 0 0 0 0 0 0 0 0 0 0 0 0 0 0 0 0 0 0 0 0 0 0 0 0 0 0 0 0 0 1451.661911 9366.691167 9373.883158 9808.958264 9187.685106 9506.027054 9127.620474 9729.144244 9535.187418 9370.991599 9277.83545 9372.381644 8930.482513 9375.162797 9195.641458 9071.10761 8916.829993 8013.475139 8585.012907 7409.387706 6590.730395 5755.162172 5114.696641 4384.594701 3781.573545 2862.666918 2087.91205 1310.570253 528.1351314 16.77132437 0 0 
0 0 0.01724075285 265.783742 541.1123412 742.267868 1445.880141 2471.530973 3643.621041 4620.068809 4858.992304 5463.891814 6287.929128 7232.396871 7001.595707 7603.997594 7626.835693 8115.175129 8729.562631 8285.330671 8337.140027 8242.288881 8952.345447 8457.283924 8510.377893 8907.14431 8454.285574 9205.704367 8888.816911 7805.824253 8854.461309 1584.665958 0 0 0 0 0 0 0 0 0 0 0 0 0 0 0 0 0 0 0 0 0 0 0 0 0 0 0 0 0 0 0 0 0 0 0 0 1516.546283 9520.659072 9433.343237 10026.29994 9588.103454 10002.6326 9656.794705 9718.945778 9343.253896 8746.555587 9427.030882 8965.715502 8815.984926 9389.5049 8593.830068 8869.252996 8287.333539 8906.030574 8515.8031 7096.561014 7086.113143 6161.940106 5440.689707 4151.309785 3650.096963 2926.683262 2326.944491 1301.232331 652.4509495 23.31016322 0 0 
0 0 0.105612342 182.0241527 507.15013 797.226587 1543.461544 2995.929873 3616.108016 4828.210937 5073.610698 5297.580323 5928.68224 6965.006214 7162.620405 7337.48352 7761.395126 8384.609533 8559.159066 8876.581216 8294.286056 8272.618734 8427.916144 8897.457648 9203.173938 9128.056958 8957.05978 8395.380285 8875.437471 8705.10668 8279.785397 1665.647057 0 0 0 0 0 0 0 0 0 0 0 0 0 0 0 0 0 0 0 0 0 0 0 0 0 0 0 0 0 0 0 0 0 0 0 0 1248.258851 9256.285975 9491.035025 9690.910122 9522.17341 10466.5471 9522.825548 9493.927301 9974.73069 9074.139818 9340.252071 9456.843534 8627.684991 9023.777736 9133.240537 8248.219649 8981.535858 8614.141924 8112.259115 7096.606395 6756.765964 5576.770805 5018.086791 4329.019375 4005.726981 2897.371289 2114.703411 1237.092141 535.4452564 27.27954183 0 0 
0 0 24.94975815 300.9279242 364.6722213 793.5297776 1730.607498 2837.087164 3810.997832 4292.743699 4203.9845 5598.058299 6549.440309 6720.819084 7012.195825 7950.169668 7714.054464 7408.398263 7967.584338 8798.05277 7978.634504 8515.716307 8857.698155 7895.613225 8883.700638 8355.55822 8761.228012 8732.390429 8730.912256 9027.008873 8957.308301 1682.309963 0 0 0 0 0 0 0 0 0 0 0 0 0 0 0 0 0 0 0 0 0 0 0 0 0 0 0 0 0 0 0 0 0 0 0 0 1376.284501 9523.77298 9082.657709 9591.534418 9879.68131 9710.760264 9423.500384 8955.914478 9763.785954 9580.280715 8853.948337 8892.148556 9268.435379 8927.799366 8519.937592 9083.771224 8375.966663 8493.634992 8618.692544 7013.821642 6397.767489 5638.182105 5544.743781 4093.85162 3647.736227 2955.712798 2037.414022 1427.635643 649.9025534 8.765661214 0 0 
0 0 0 221.4122857 549.0628718 684.6761182 1699.196744 2728.222505 3642.523669 4703.655874 5070.426676 5633.473283 6149.506419 6100.518945 6832.042349 7921.623602 8265.794189 8057.650279 8084.662396 8052.211428 8431.415462 8736.682216 8938.778476 8254.634583 9137.500293 8762.301877 9564.271775 9227.788004 9079.264218 9129.148565 8812.271351 1548.223165 0 0 0 0 0 0 0 0 0 0 0 0 0 0 0 0 0 0 0 0 0 0 0 0 0 0 0 0 0 0 0 0 0 0 0 0 1443.78917 9996.548778 9025.096108 9989.540437 9539.905512 9900.894269 10195.65812 9276.603766 9535.160031 9169.916356 9532.499887 9215.473516 9457.530133 9201.192491 8553.629405 8954.891423 9087.035382 8611.899471 8305.638413 8034.25161 6923.530885 5593.749502 4987.619914 4121.275555 3543.734622 2570.674179 1928.759172 1374.380082 596.0430475 39.59463135 0 0 
0 0 0.4648362429 130.1121755 504.9893816 765.2215192 1617.888069 2389.250762 3391.540392 4324.821495 4956.154735 6139.630312 5953.413252 6773.84349 7374.284308 7808.142903 7998.732283 8070.138986 8444.638841 8804.313702 8060.940451 8261.62385 8360.806067 8602.355017 8654.967039 9304.697106 8688.856948 9116.879671 9417.609859 9092.930116 9406.592554 1716.45624 0 0 0 0 0 0 0 0 0 0 0 0 0 0 0 0 0 0 0 0 0 0 0 0 0 0 0 0 0 0 0 0 0 0 0 0 1635.898949 9296.520841 9473.74911 9800.13021 9167.501994 9428.815454 9322.625388 9538.434474 9087.035888 9152.278145 9335.981727 9816.953043 9276.826519 9204.855391 8967.092192 8708.842473 8706.29974 8779.48524 8167.947417 7444.090249 6968.12628 6489.8661 4424.434354 4496.541346 3572.163965 2822.543322 2379.762027 1350.209802 679.7270324 17.06641632 0 0 
0 0 0.006112952962 230.7492122 541.1118411 852.892057 1626.995884 2585.334391 3845.682814 4579.457984 5349.463396 5388.689239 5713.72574 6385.168137 7027.207933 7345.971457 8150.080235 8117.701684 8460.16973 9310.26944 7842.728366 8934.153561 8028.082229 8911.589296 7845.786503 9604.471192 8923.372301 9165.814817 8640.301497 9052.675035 9207.346384 1624.259573 0 0 0 0 0 0 0 0 0 0 0 0 0 0 0 0 0 0 0 0 0 0 0 0 0 0 0 0 0 0 0 0 0 0 0 0 1294.738455 9519.186275 9845.598351 9638.304562 9966.432007 9650.855123 9669.188584 9737.373788 9886.95899 9651.300309 8815.951278 9019.061443 8903.866777 8877.146794 8898.802169 8758.056373 9139.263477 8853.93564 8494.84431 7216.316599 6902.09029 5973.898389 5318.030605 4623.199075 3712.062927 2766.163189 2245.819444 1315.193673 604.3930624 15.99279623 0 0 
0 0 0 196.1500878 599.1598158 894.1821073 1561.36815 2038.647558 3648.145165 4367.872237 5106.899634 4901.400911 6700.104923 6126.795922 6972.407461 7426.389081 8014.930166 7372.20021 7907.150523 7744.431933 8230.575946 8522.515389 8894.873458 8916.765718 8463.980643 9045.547178 8800.05855 9153.255786 9705.616863 9041.050216 8972.719241 1521.021448 0 0 0 0 0 0 0 0 0 0 0 0 0 0 0 0 0 0 0 0 0 0 0 0 0 0 0 0 0 0 0 0 0 0 0 0 1656.720764 9029.458966 9275.072373 9890.691658 8955.793033 9781.811222 9393.093589 9138.395573 9230.802378 9430.659512 9451.187822 9179.101139 9154.929834 9198.881973 9389.638882 8613.096646 8697.797301 8955.146179 8328.521372 8063.214978 6445.554336 5779.525737 4934.699608 4905.153412 3580.926228 2836.306218 2017.327082 1590.964162 610.6468798 7.884834982 0 0 
0 0 0 277.8389481 688.6507804 928.0007274 1978.552116 2896.071776 3644.796379 4236.687164 4726.459296 5677.498308 6142.026912 6527.031994 7101.676161 7454.368536 8390.350728 7723.554132 7939.098335 8052.995825 8642.623455 8772.268987 8390.713286 9035.305011 8301.662126 9068.012225 9121.296642 9369.894763 9238.883677 9589.621124 8986.673931 1873.747725 0 0 0 0 0 0 0 0 0 0 0 0 0 0 0 0 0 0 0 0 0 0 0 0 0 0 0 0 0 0 0 0 0 0 0 0 1381.672267 9257.846703 9607.778493 9248.064584 9223.777814 9826.469503 9393.965611 9131.444843 9561.520233 8982.945939 9808.31459 8782.231257 8454.513147 9197.117733 8846.232523 9015.415427 8545.088722 8423.085305 8334.661845 7735.872388 6844.837735 5686.090437 5047.092018 4447.654585 3525.354663 2939.09486 2103.863487 1440.687457 705.1047155 32.05003867 0 0 
0 0 5.17388614 260.0350579 440.5132046 812.7640548 1590.070898 2834.735334 3208.748346 4639.443144 4376.764136 5357.072784 6369.357781 6205.809875 7340.818863 7584.800357 7793.331248 8212.260625 7877.732274 8621.527417 8388.185649 8586.851429 8773.657986 8802.924948 8287.271382 8502.459796 9489.400378 9039.485201 9113.935148 9366.723569 8526.688378 1573.499122 0 0 0 0 0 0 0 0 0 0 0 0 0 0 0 0 0 0 0 0 0 0 0 0 0 0 0 0 0 0 0 0 0 0 0 0 1536.49446 9139.898893 9658.069963 9609.930995 10183.15401 8797.981722 8855.453153 8865.472207 9181.393376 8917.638248 8893.603659 9286.118705 9191.099605 9249.501333 8705.933161 8872.628751 8703.535284 8262.031262 8613.045135 7301.329903 6785.221567 6126.151612 4818.275729 4192.827445 3785.206239 2665.137036 2493.15322 1192.412307 586.6517643 21.62784094 0 0 
0 0 13.0893367 154.481807 717.3569445 873.6217143 1545.005651 2704.899845 3428.476303 4483.65666 4747.723978 5209.981404 6138.93232 6223.975197 7239.93251 7024.868932 7758.187722 7541.603486 8033.661407 8944.204957 8221.236208 8948.855043 8623.300952 9146.463746 9010.206154 8587.545233 9040.347477 8737.362927 8772.608942 9475.288196 8754.115632 1632.267095 0 0 0 0 0 0 0 0 0 0 0 0 0 0 0 0 0 0 0 0 0 0 0 0 0 0 0 0 0 0 0 0 0 0 0 0 1324.515493 9263.055975 9640.164244 9780.546079 9091.636785 9661.412043 9890.805882 9565.753586 9332.870071 9244.584984 9419.599429 8479.765614 8586.6746 9340.094217 9527.593183 8429.305124 8726.256297 8406.079548 7703.085446 7429.34323 6547.47648 6151.146006 5405.870494 4104.309252 3822.1972 2943.157903 1953.354856 1338.960923 523.7275296 21.32367882 0 0 
0 0 0 184.3409178 547.7434072 797.9518286 1522.617967 2475.611041 3614.91043 4192.240519 4498.194919 5287.000431 5615.098004 6845.434184 6933.793648 8098.689602 7839.411446 8507.422798 7695.313426 8036.112969 8061.141845 8144.993239 9066.1283 8098.34625 8676.90548 8329.029156 8775.082436 9894.000697 9449.462359 9213.963254 8911.734915 1441.186979 0 0 0 0 0 0 0 0 0 0 0 0 0 0 0 0 0 0 0 0 0 0 0 0 0 0 0 0 0 0 0 0 0 0 0 0 1482.197113 8781.362129 9266.30708 9200.334122 9901.465964 9468.838093 9031.057359 9466.404912 9070.586158 9018.037214 9048.958549 8921.650119 9529.419833 9187.348843 8349.17117 8910.596168 8599.123509 7940.612076 7777.777036 7436.858257 7090.164203 5754.381103 4920.806781 4429.253309 3937.115139 2800.590334 1814.579214 1185.407581 628.8702415 24.98277008 0 0 
0 0 7.336330972 303.9584793 553.3481168 817.4576583 1713.881592 2706.443536 3366.722583 4393.265661 4652.322896 5162.793496 6119.275028 6565.699089 7370.887465 7382.000795 7564.718674 8115.771838 8254.293535 8100.906303 8530.510654 9054.299381 8096.141857 8829.240671 8809.270936 8841.240242 8957.939248 9225.200806 8861.301621 9117.544564 8712.597369 1493.397724 0 0 0 0 0 0 0 0 0 0 0 0 0 0 0 0 0 0 0 0 0 0 0 0 0 0 0 0 0 0 0 0 0 0 0 0 1750.738166 8974.720509 9696.275965 9428.20518 9516.155824 9635.834844 9226.014661 9095.450565 9943.198812 9669.229085 8908.718885 9178.570764 8685.220467 8434.328055 8748.495143 8678.647527 8921.888832 8525.043989 8500.711533 7462.040721 6601.891183 5787.884261 4971.645405 5169.157044 3487.240563 2337.114988 2162.085755 1157.033037 627.9773416 32.64592148 0 0 
0 0 10.62742554 190.4471071 563.2193573 929.7905475 1673.424758 2907.878532 3671.115415 4789.838295 4629.918521 5460.668171 6029.335274 6480.588679 7471.579209 8024.71763 7847.270867 7824.635645 8161.573264 8399.426228 8036.241125 8480.86713 8372.582019 8436.132775 8702.435654 8206.611809 9004.593906 9022.376242 9146.542555 9349.295399 8691.313451 1678.361537 0 0 0 0 0 0 0 0 0 0 0 0 0 0 0 0 0 0 0 0 0 0 0 0 0 0 0 0 0 0 0 0 0 0 0 0 1534.778069 8821.256618 9449.056789 9792.45188 9007.917637 9578.078476 9679.843834 9339.856696 9413.014281 9013.661826 9375.792205 9145.759613 7969.254964 8425.680269 8392.509146 9010.586819 8455.913334 8649.503508 8029.988764 7303.036889 6648.545036 5623.383482 4814.955917 4570.22714 3736.030286 2906.841013 2064.022055 1279.333191 754.2481051 27.33797697 0 0 
0 0 6.828401437 291.6106924 475.5250494 723.5753003 1601.910806 3028.586403 3997.247922 4601.769995 5091.547728 5634.771493 6168.359705 6123.869325 6362.555015 8053.201811 8335.309629 8401.043757 8082.522104 7677.854036 8038.97755 7605.95747 8486.918982 8150.663468 8189.171387 8655.067786 8675.505374 8290.559277 8818.586164 8308.128699 8518.891303 1711.504774 0 0 0 0 0 0 0 0 0 0 0 0 0 0 0 0 0 0 0 0 0 0 0 0 0 0 0 0 0 0 0 0 0 0 0 0 1469.57132 9344.352126 9765.001849 9397.488885 9613.440734 9728.400123 9833.107264 9642.509568 9003.992183 8882.999327 8831.985677 9264.31596 9227.798439 8489.446756 8989.728952 8812.028607 9236.604794 8586.132994 7222.860823 7307.499701 6173.94525 5902.825226 4865.378246 3935.088523 3377.165309 2716.539318 2319.689965 1203.009091 516.0285961 29.78377067 0 0 
0 0 9.523756622 179.0935811 554.8232215 781.9474347 1441.243938 2573.013086 3759.964666 4067.169664 4333.947837 5159.652826 6297.745271 6237.305683 6869.436136 7642.702429 7936.909702 7833.87978 8346.16038 7768.006281 7652.575683 8953.174279 8211.472524 8776.64524 9106.225255 8545.369323 8214.890704 8563.085786 9481.814832 9556.900738 9099.593219 1759.688357 0 0 0 0 0 0 0 0 0 0 0 0 0 0 0 0 0 0 0 0 0 0 0 0 0 0 0 0 0 0 0 0 0 0 0 0 1231.287613 8543.286177 9969.063326 9495.358296 9127.659525 9290.645791 9258.360831 8816.052161 9787.724401 9313.026258 9023.853964 9021.242931 8943.573069 8915.701125 9052.66076 8955.949087 7928.24682 8107.215218 7913.39356 6843.77795 6434.157713 5827.59627 5164.603863 4115.847061 3400.408851 2841.048091 2081.201472 1328.001154 608.5723025 18.04980571 0 0 
0 0 0.1408011137 252.4657611 448.1035203 683.5064401 1573.447383 2792.290712 3636.03719 4215.876451 4930.689986 5511.373674 6220.002302 7083.757823 7058.193206 7564.171418 7424.628115 8110.725715 7503.58088 8478.141081 8088.453279 8731.341365 8668.969118 8535.589227 7906.774296 9255.51372 8823.701752 9058.861859 9009.893386 8946.453506 8556.276544 1951.253423 0 0 0 0 0 0 0 0 0 0 0 0 0 0 0 0 0 0 0 0 0 0 0 0 0 0 0 0 0 0 0 0 0 0 0 0 1394.328609 9560.748467 9709.438061 9173.553468 9407.403205 9488.365196 9491.338516 9293.023775 8806.244568 9036.750781 8781.267408 9071.282556 9402.627983 9035.073406 9075.651198 8770.10465 8363.541219 8307.946714 8032.066815 7426.585641 5968.365082 5763.332725 4962.515368 4226.075737 3238.207871 2710.242745 2226.861265 1344.946406 549.9192343 31.29706582 0 0 
0 0 1.734848291 135.69739 637.6882866 705.7784168 1348.065368 2639.549544 3699.348044 4344.779237 5036.932505 5328.581015 5605.008992 5697.81888 7176.123766 7471.176213 7996.551047 8108.701322 7852.254796 7823.551965 7973.895533 8694.964113 8472.728291 8372.535205 8432.112613 8848.839926 8571.758375 9029.816817 9090.980701 8918.739773 8814.03086 1530.415343 0 0 0 0 0 0 0 0 0 0 0 0 0 0 0 0 0 0 0 0 0 0 0 0 0 0 0 0 0 0 0 0 0 0 0 0 1390.081411 9605.748807 9517.333255 9442.162252 9919.009373 9366.256433 10017.01456 9144.479089 8336.446871 8981.730813 9559.908461 8603.476141 9025.090226 8908.808428 8753.826987 9333.434733 8659.366148 7805.526611 7814.157454 7651.934283 6480.418709 5454.20015 5184.206022 3814.046248 3366.53354 2715.987695 2263.334017 1092.583512 535.2225861 0 0 0 
0 0 27.73627834 235.6784536 577.0489333 679.654714 1439.343437 2839.791829 3517.064284 4332.042654 5236.066266 5202.192289 5681.784736 6261.296806 6664.666192 6913.034821 7827.269835 7855.211243 8161.128479 7724.942803 8243.665855 7378.83176 8994.017637 8945.523246 7903.142358 8045.691802 8717.350073 8950.23678 8999.246298 9003.739925 8551.667981 1882.343272 0 0 0 0 0 0 0 0 0 0 0 0 0 0 0 0 0 0 0 0 0 0 0 0 0 0 0 0 0 0 0 0 0 0 0 0 1469.117605 8858.415202 9595.02016 9297.630672 9169.32743 9121.737318 9062.663028 9165.978994 9023.740399 9293.341376 9204.396551 9358.64222 8972.767597 8805.895531 9072.143215 8142.423449 8528.228503 8711.865985 7990.929034 7134.217474 6949.750227 5564.71221 4612.771634 4619.820229 2920.49878 2564.28902 2200.518718 1231.030208 574.1722231 34.15603597 0 0 
0 0 0.9023139076 220.496549 585.5628165 828.2234653 1627.770221 2481.17344 3626.85532 4186.96358 4866.522978 4947.039741 5597.581126 6605.533739 6958.38751 7653.469436 7577.825282 7541.501259 8027.804582 8335.848708 8349.748783 7985.141116 8494.603874 7906.651154 8485.448507 7920.911575 8914.189461 7994.064491 8506.330538 8784.79635 8706.851624 1473.160045 0 0 0 0 0 0 0 0 0 0 0 0 0 0 0 0 0 0 0 0 0 0 0 0 0 0 0 0 0 0 0 0 0 0 0 0 1367.540358 9159.414946 9092.951495 9416.667461 9175.275759 9619.636161 8969.980093 9032.605427 8809.392261 8915.22443 8846.210903 8824.668367 9148.236582 9082.44484 8377.358657 8288.441445 9103.577891 8737.444533 8290.437414 7575.574057 6138.367169 5698.427697 4888.722377 4074.136088 3742.483797 2728.079095 2108.195659 1088.713428 471.7378346 17.0506575 0 0 
0 0 0 233.185185 574.0291138 817.0386382 1505.861559 2581.97783 3487.520008 4040.248824 4498.38133 4731.516347 5685.569806 6545.958878 7147.365593 7760.337107 7918.298424 7307.146508 8011.9825 7610.073234 7514.0351 8126.331357 8301.938606 8068.71489 8449.971095 7881.276356 8864.743143 8485.956176 8668.454715 8313.875427 8565.196904 1577.924605 0 0 0 0 0 0 0 0 0 0 0 0 0 0 0 0 0 0 0 0 0 0 0 0 0 0 0 0 0 0 0 0 0 0 0 0 1411.193369 8793.662127 9008.845511 9583.961159 8743.485446 8988.19778 9335.496345 8758.715888 9130.925182 9444.956113 8712.169284 8782.223911 8802.715183 8978.308325 9081.800948 8945.657486 8178.10477 8287.841476 7339.522881 7041.043378 6351.044778 5746.799307 4734.059719 4138.271357 3484.912601 2806.716664 2021.059167 1153.921287 665.9045481 30.39364313 0 0 
0 0 3.264936891 241.2695897 492.3145356 670.9510717 1505.224674 2503.927389 3364.94566 4206.762261 4200.351943 5431.843043 6302.039722 5933.109124 6407.021689 7289.77731 7697.758716 7723.051329 8420.723554 8113.371591 8291.72933 9077.399283 7820.775412 8378.748884 8355.542178 9000.835658 8762.168708 8482.454703 8796.995118 8740.063556 8438.985948 1625.021077 0 0 0 0 0 0 0 0 0 0 0 0 0 0 0 0 0 0 0 0 0 0 0 0 0 0 0 0 0 0 0 0 0 0 0 0 1489.041791 9079.962076 8853.10601 9370.889757 9048.934263 8571.599344 9219.133817 9609.701293 9192.978524 9229.888366 8996.189361 8645.165505 8462.725875 8308.764237 7770.418972 8311.160277 8298.113534 8413.974726 8049.539753 6920.391628 6370.578876 5481.767786 4939.191466 3894.4852 3639.460707 2937.515351 2063.095467 1188.877115 557.8774265 18.12643851 0 0 
0 0 9.866092364 136.5019431 499.6725746 803.8157959 1335.868544 2649.694972 3626.761931 4142.531861 4800.676753 5572.804474 5863.462833 6426.474454 6577.802584 6782.062874 7227.813205 8217.294713 8198.628002 8223.726544 8193.068072 7436.855044 8271.931256 7846.323018 8632.91559 8191.16664 8193.769983 8680.860537 8227.159875 8544.759612 8857.924369 1700.421671 0 0 0 0 0 0 0 0 0 0 0 0 0 0 0 0 0 0 0 0 0 0 0 0 0 0 0 0 0 0 0 0 0 0 0 0 1509.892017 9625.67075 9652.387058 9347.563889 9131.702438 8492.68286 8520.951136 8955.049915 9011.053643 8476.932025 8905.92631 8313.213848 9041.985936 8450.221183 9232.284823 8140.859656 8354.543769 8138.205366 7607.572478 7462.68966 6156.80664 5557.63642 5252.025935 4029.219595 3301.288285 2759.198593 2119.688292 1130.991591 573.6488027 42.50617056 0 0 
0 0 0 308.3624149 576.9081237 731.6367778 1478.549229 2787.949901 3591.604756 4229.508821 4819.488348 5309.902216 5672.623523 6410.74773 6536.944548 7229.90137 7457.444564 7998.739902 7806.861998 6806.538347 7758.591757 7614.753622 8295.917807 8412.462373 8502.267173 8414.463198 7408.29284 7882.286704 8074.779757 8668.68792 8554.387721 1397.780734 0 0 0 0 0 0 0 0 0 0 0 0 0 0 0 0 0 0 0 0 0 0 0 0 0 0 0 0 0 0 0 0 0 0 0 0 1380.226049 8674.563075 9039.168769 9237.358097 9037.717754 9220.756676 9598.478495 8947.930425 9111.407621 8674.856598 8599.811512 8797.07012 8614.094246 8643.156747 7967.470131 8243.17424 8484.223274 7975.371647 7900.240876 7060.853064 6192.869136 5570.770835 4477.483158 4402.779836 3685.934417 2876.592457 1944.45912 1281.482711 586.0894559 28.30092282 0 0 
0 0 2.936008624 157.3962041 490.7709972 761.526698 1503.091215 2603.304566 3075.92095 4148.327844 4694.066257 5132.346309 5576.067464 6519.782912 6492.588009 7203.975823 7610.727281 7348.340314 7516.472503 7913.175079 7374.801594 7780.724639 7623.084232 7719.854121 8428.506546 8401.81268 8183.133746 8248.984261 8619.829277 8922.828948 7821.809051 1586.312728 0 0 0 0 0 0 0 0 0 0 0 0 0 0 0 0 0 0 0 0 0 0 0 0 0 0 0 0 0 0 0 0 0 0 0 0 1419.87061 8507.198425 9044.320642 9336.490146 8758.492553 8552.116782 9011.859878 8564.608925 8653.157785 8952.009707 8578.069348 8526.231347 8304.72747 8255.929865 8712.307395 7717.964236 8946.365812 8178.16452 7846.463638 6939.019542 6408.126543 5796.214271 4792.396915 3743.344755 3006.960045 2845.429421 2054.195899 1282.199993 538.8001738 3.400105532 0 0 
0 0 0.01862227053 295.2373526 478.6932957 723.3768554 1643.445719 2486.96186 3027.484168 4237.163368 4604.622651 5243.130691 5459.931261 6067.227487 6710.505481 7388.530023 7615.917492 7875.298918 7364.231754 7791.392893 8161.882333 7572.257666 8219.975508 8382.390358 7982.192166 7747.593857 8472.37603 8480.581395 9095.98396 8656.669471 8234.046391 1451.92399 0 0 0 0 0 0 0 0 0 0 0 0 0 0 0 0 0 0 0 0 0 0 0 0 0 0 0 0 0 0 0 0 0 0 0 0 1558.969382 8306.346597 8950.400118 8668.138055 8801.953682 8846.395648 8224.899934 9041.069818 8730.986133 9105.492033 8706.406356 8314.905628 8478.635807 8424.139055 8523.993844 8147.670776 8256.131676 8591.278827 7072.500422 6262.348465 6102.039154 5923.938947 4816.390018 4428.574879 3237.072492 2460.0748 1966.599877 1332.116017 626.1787707 47.37718842 0 0 
0 0 0 237.7019573 491.8380458 769.9098171 1417.318108 2684.760075 3500.980556 4217.906506 4791.842715 5296.011926 5217.89202 6212.626665 6407.082463 7176.926032 7801.179237 7411.545809 7648.525918 7437.669257 7899.585054 8104.111975 8027.560209 7812.200268 7997.489229 8149.352746 8160.888937 8578.112201 8535.838793 8831.32179 8324.760232 2483.118049 623.8414312 533.8778646 466.0125426 436.9751547 291.93928 347.0721829 257.2359624 217.6638956 251.7521489 107.2026395 118.3166122 74.85187906 103.3500292 13.55935476 52.47155395 0.0008381413232 17.80086112 8.685175613 4.921733258 15.9682958 33.58536075 47.25809535 67.53493221 87.65037832 96.04203 138.8871862 149.1539332 151.7822763 173.4607131 285.5698834 299.9546134 249.8733038 577.2389301 412.9718186 765.018828 899.5532848 2300.220771 8609.421629 8541.805656 9029.433165 8480.310479 8900.454585 9309.171608 8876.563386 8971.222623 8270.609762 8235.956126 8273.090867 8751.109475 8218.587071 7993.371586 8552.885037 8189.808926 7906.870308 8244.778586 7165.132509 6097.467755 5173.35893 4552.133796 3556.131576 3255.512102 2614.348894 2028.411994 1102.546289 435.6139018 56.30389145 0 0 
0 0 0.0002375585882 206.7638768 544.175649 726.2315478 1390.941304 2255.543418 3282.750197 3918.380863 4669.128297 4586.24116 5430.133214 6021.247868 6725.144636 6786.308724 7046.110757 7459.647928 7928.696443 7911.901236 7596.012867 7904.801814 7464.854831 8593.399806 8055.139041 8285.838603 8634.476541 8211.960763 8551.096022 8262.249783 8419.400823 7317.871473 6463.160549 6339.351766 5419.280269 6187.066176 6170.436421 6571.188238 6192.548532 6546.743905 6060.838005 5998.505648 6273.994496 6518.836016 6360.866835 5968.438466 6010.611431 6043.881158 5903.901344 6116.229726 5918.608883 6055.864168 6202.795799 6352.042266 6158.730056 5564.505943 6188.664164 6204.193875 6524.472686 6446.009545 6069.356063 6062.970664 6555.806042 6411.814966 6673.08788 6364.347713 6893.564998 6793.371143 7190.509497 9005.789136 9208.02375 9479.635282 8674.895941 8578.030771 8405.259152 8682.761917 8500.915196 8628.070372 8264.277865 7895.39628 8285.276165 8950.669661 8071.688973 8455.357092 7970.172042 7634.362525 7150.241027 6231.607035 6378.05423 5457.657145 4863.256997 3998.283505 3311.056821 2637.540698 2007.776774 1224.797341 574.709991 20.24834001 0 0 
0 0 0 247.6886797 273.0069185 646.6220912 1571.188959 2229.688467 3059.808246 4116.074224 4554.393703 5445.691435 5948.934819 5841.508721 6599.082199 7176.492813 7203.31664 6829.938409 7251.660594 7246.209841 7225.318808 7085.792382 8083.667597 7537.495769 7694.431084 7560.513427 8067.963339 7445.639175 8054.678929 8651.572641 7809.39597 8629.520593 8165.223239 8693.273484 8613.203387 8415.590587 8743.67297 8477.100224 8911.651448 8176.219119 8097.950019 8236.594205 9003.21857 8846.802171 7812.189487 8945.395467 8677.552652 8329.813791 8230.842961 9187.944458 8857.598561 9328.624894 8888.632685 8039.015668 8685.97556 8992.535461 9715.755397 8454.226474 8827.658492 8771.258906 9558.566797 8962.019959 9270.046523 8827.950946 9123.360676 9345.481521 9322.175899 8885.37638 9324.479396 8930.001242 8988.740526 9008.203898 8993.942347 8999.474616 8152.664514 8588.14258 8367.812619 8429.657899 8393.872758 8140.153317 8216.79625 8210.976167 8825.144291 8174.013894 8243.292838 7921.753765 7569.124131 7129.610079 6432.742344 5307.752027 4555.510877 3796.647863 3781.700617 2785.52632 1859.39945 1159.718024 491.9285415 33.26665188 0 0 
0 0 1.073901174 190.9808399 459.9737152 894.0711845 1307.046716 2246.188539 3292.393363 4424.980924 4518.592193 4884.556528 5273.329529 5879.598377 6712.550784 6878.00827 7311.132585 7521.817935 7189.142769 7184.187292 7079.380684 7084.081725 7772.412341 8544.634715 7777.039532 7670.066339 8039.835238 8374.327582 8273.359555 8244.578871 8154.182101 8358.599803 8368.457723 8882.364369 8888.472021 7913.196324 8074.308016 8502.216065 8316.700375 9168.719203 9246.83202 8260.934805 8834.556011 8762.860347 9246.489761 9484.468643 8694.616245 9067.301195 9137.843338 9057.247286 8865.370237 9260.435948 9083.819622 9216.074441 9027.149704 9144.342036 9649.136092 8964.707867 9026.543598 8767.377307 9058.749649 8811.238583 8923.485683 9185.2097 8896.147157 8655.580771 8508.169462 9046.504918 9041.606544 9132.273662 8364.967504 9067.018271 8771.442651 8488.099264 9035.493807 8233.270931 7808.301707 8770.906572 8602.147685 8060.771336 8195.174455 7825.945473 7607.344133 8379.511216 7796.727367 7637.514735 7338.690408 6489.310196 5916.217163 5370.880306 4715.541938 3973.60194 3272.664006 2465.840864 2107.254591 932.3061193 489.4415873 41.08438731 0 0 
0 0 36.89680849 278.7118685 369.4716755 826.6430753 1509.101451 1881.006004 3597.427834 4350.323183 4479.744307 5368.191508 5355.298267 5757.905977 6649.664615 7080.896279 6801.772786 7418.333115 7270.735053 6772.738411 6902.176267 7967.161917 7691.496875 7647.101946 7577.162564 7178.438298 7848.465939 7660.417973 7678.040911 8222.612966 8553.308999 8420.246023 8185.601084 8565.650861 8213.113375 8909.9091 8087.418677 8800.23837 8986.64817 8835.129306 8729.054303 8496.506083 9677.208721 9046.051787 8658.008914 8591.581892 8973.264388 8291.404417 9044.635522 8911.907207 9000.90013 9253.054134 9116.502079 8963.28187 9170.773379 9361.21194 9013.733711 9277.652947 9856.855891 9043.667017 9459.176735 8834.440813 8696.740018 9403.618461 9019.452416 8687.390894 9042.82789 8790.217705 8441.335005 8866.753824 8555.820779 8228.127474 8836.86303 8824.278018 8642.363471 7622.222362 8182.788531 8374.570004 8234.430816 7953.163874 8077.040177 7909.146201 7558.565712 8075.187173 7915.513575 8086.142078 7082.30852 6818.354724 5983.900583 5435.179319 4420.020376 4011.217288 3057.808432 2638.277569 2096.616788 1161.657783 597.740452 29.59374121 0 0 
0 0 0 148.2392202 472.019175 650.3551387 1419.110893 2452.772456 3082.757432 3735.047894 4364.829605 4963.592152 5057.134303 5544.031224 6445.992217 6966.453964 6972.924523 7016.176181 7126.119603 7659.018603 7452.563842 7130.008641 7549.107839 7400.361978 7426.390251 7684.821944 7547.666358 7532.947943 8181.792361 8151.391829 8480.024063 7563.869435 8209.180314 8111.969469 7734.488674 7969.788747 8174.156194 8090.196167 8194.07133 8457.568629 8148.785591 9065.366813 8174.236186 8696.133992 8585.887467 8358.315736 8797.940811 8674.230432 8196.322011 8427.900672 8662.152791 8877.479221 8640.603466 8521.684901 8392.278437 8432.370215 8615.128733 8431.048615 8478.682425 9044.154303 8869.390156 8317.088949 8144.40186 8246.716075 8296.541666 8807.524563 8563.178614 8823.907261 8206.730658 8577.618611 8278.947369 8746.407774 7906.603183 8068.557526 8332.272736 7900.708611 8030.176933 8566.510956 7951.863909 7674.012856 7677.146618 7523.688533 7311.865899 7362.006195 7215.113827 7775.529245 6582.193394 6007.38398 5774.553499 5376.146196 4323.307434 3710.529357 3069.747076 2348.01454 1703.1401 895.0681892 469.02456 34.52295132 0 0 
0 0 0.6802667974 216.6625605 464.3079238 858.3532261 1483.148655 2253.101898 2822.466121 3686.672469 3824.294623 4540.972622 5071.945232 5923.132663 5973.156371 6732.567066 6945.765016 6875.760545 7134.331122 7101.26215 6870.614222 7033.00381 6955.580074 6673.036801 7562.266321 7174.481075 7170.102345 7350.049338 7197.96201 7928.486404 7540.568537 7873.210829 8066.846423 7741.061542 7950.38891 8051.821571 7751.091463 8302.163252 8452.94705 7984.674154 8500.070257 8527.831793 8626.57288 8611.529845 8323.596627 8357.597567 8236.736945 8295.212695 8615.60764 8537.303948 8704.425618 7954.965085 8701.058511 8304.472731 8628.857729 8192.233773 7749.065067 8671.045981 7963.356076 8440.949792 8254.382503 8521.585497 8199.565391 8449.713622 8411.408834 7870.383285 8549.850281 8523.481039 7578.283441 7764.839616 8104.029055 7575.310296 8195.254459 7476.664202 7431.213451 8181.292749 7755.624043 7679.746659 7761.478108 7671.813925 7543.276547 6904.062291 7281.94059 7796.974108 6934.628181 6880.580357 6611.5034 6360.550229 5643.550539 4780.679288 4170.82116 3851.182496 2920.366686 2400.492066 1645.938765 1168.058822 454.338348 13.37264554 0 0 
0 0 3.777847589 163.6412252 509.3543279 687.1009218 1319.930209 2047.42277 2719.56952 3784.833319 3891.337733 4485.79562 4657.010699 5104.796938 5523.364489 6068.06908 6493.591388 5992.768402 6667.325635 6958.647164 6801.428647 6642.529547 7209.361962 6896.098669 6473.518263 7135.853124 6933.414586 7347.182373 6748.62098 7070.232878 7084.970757 7270.123109 7077.32823 7220.801305 7906.897021 6705.895191 7618.17906 7330.686001 7757.601812 7922.700064 7130.403065 7577.150005 7826.633897 8476.346629 7101.444152 7711.744479 7674.44474 8342.275512 7908.047226 8135.478321 7716.207254 7642.342202 8263.666738 8388.73785 7642.68496 7998.42885 8074.919724 7599.193417 7659.440757 8247.758207 8354.252404 7380.007662 8059.14559 7729.048357 8238.272137 7413.803695 7991.985435 8234.556422 7495.263447 8291.092457 7720.743495 7563.880982 7493.728174 7699.589186 7029.329548 7946.17466 7177.972132 7156.447516 7473.811164 6936.706892 6928.004388 7733.890507 6851.362362 7063.161689 6560.645587 6790.028941 6509.608534 5242.116048 4990.794201 4581.25659 4127.133932 3466.511105 2845.27428 2258.529763 1624.650632 940.116177 498.6411953 13.24262675 0 0 
0 0 8.579635264 194.9265406 469.9533876 596.3006192 1166.932173 1936.102458 2959.635856 3341.192419 3742.695999 4570.753519 4710.444453 4753.978998 5393.786376 5655.020739 5891.288324 6055.606758 6222.346374 6173.391889 6580.675158 6192.434427 5961.119714 6117.854612 6379.481463 5898.717235 6675.315426 6663.371419 6789.187512 6698.895373 6670.798768 6847.659235 6750.505579 6507.732138 7360.412786 6547.58943 7143.445994 7160.431705 7306.555917 7343.066254 7596.510396 7255.294894 7099.777618 8027.48786 6944.139882 7698.101264 7527.938314 7139.522751 6847.012907 7503.870246 8282.727843 6854.804369 7235.546779 7508.431199 7391.011979 7542.78517 7464.162705 7910.21288 7583.391788 7620.069053 7573.974417 6901.00494 7694.031321 7847.439614 7822.323012 7401.045141 7056.267604 7782.919634 7033.694156 7323.830475 7605.358243 6911.784721 6858.97117 7719.310235 6931.035794 7056.876981 6692.602161 6834.196076 7113.45755 6899.626102 6650.437726 6765.445884 6761.555596 6602.118098 6152.465273 6508.632463 6566.793945 5712.552631 4874.009855 4299.483284 3772.307112 3248.254649 2967.221908 2127.895082 1606.596491 979.7651182 414.2100608 16.73437626 0 0 
0 0 0.01458536567 137.8111519 322.6193235 683.5328848 1139.679526 1722.212002 2560.965106 2962.061087 3713.879489 3857.546479 4437.203526 4779.72164 5381.923684 5078.816335 5639.563976 5667.961712 6131.60903 5166.951116 5912.022653 6096.759713 5964.564247 5927.364571 6564.556064 5909.430056 6245.863651 6053.699859 6716.269814 6009.153173 6370.002939 6272.044456 6440.876022 6749.201414 6409.681698 6714.156589 6956.085537 6794.270961 6907.190023 6799.471053 6344.385457 7575.480091 6801.372259 6383.949589 6709.626022 6853.073052 6813.71227 7479.023556 6803.732027 6776.17969 6716.33855 7262.102969 6900.597618 7874.466899 7554.397926 7199.990052 6977.977348 6901.672294 6714.9633 7106.550013 7080.066311 6962.326823 6909.71484 6675.38128 7127.358184 6320.411821 6454.533745 7431.056773 6974.677142 6494.250724 6348.055732 6643.096784 6714.823942 6550.194609 6471.260824 6010.70033 6236.848575 6414.574435 6554.635578 6065.77084 6010.734948 6546.032528 5543.968402 5885.173668 6066.203542 6265.463251 5812.23307 5183.98391 4616.138416 3726.099183 3143.863062 2826.800223 2400.447089 1976.367092 1299.166604 1022.242926 354.9650902 9.292328119 0 0 
0 0 12.23163649 129.7024019 338.1552612 577.8278903 804.9567523 1601.762803 2223.254254 3154.44771 3194.275211 3498.397593 4092.56713 4520.169719 4626.560756 5175.845474 5536.630334 5192.703423 5060.809392 5158.104785 5216.767547 5132.989988 5410.487238 5530.482959 5312.631351 5814.597799 6125.744562 5789.360174 5824.476516 5915.283402 5989.519143 6226.018276 6266.326334 5917.806017 5899.87019 6388.163481 6531.748487 6316.14018 6499.059961 5858.578236 5958.316711 5881.299359 5755.546346 6507.98527 6099.972058 6502.491683 6623.218047 6527.170229 6660.553557 6237.487712 6108.671556 6248.025452 6437.231509 6665.623402 6600.135564 6312.517077 6296.546521 6717.712232 6899.762613 6714.370217 6702.47574 6210.380293 6397.015208 5913.227893 6195.482478 6266.025692 6184.859549 6438.646299 5883.468008 6493.340888 6688.376144 6179.467078 6011.97844 6364.865658 6111.440075 6173.023619 6229.457418 5635.915074 5822.408768 5890.938048 5644.816022 5753.794747 5448.720363 6042.790141 5090.635582 5392.146133 4833.791748 5277.719253 4215.399638 3757.512964 3101.294041 2582.292339 2318.357308 1840.005347 1450.991911 691.1000929 362.7790035 0 0 0 
0 0 0 163.0309422 289.1999395 702.8300208 979.1466751 1669.019422 2222.329634 2343.999297 3157.236569 3210.618383 3805.889081 4007.054202 4324.34754 4690.363968 4980.994861 4965.710472 4454.045275 4597.23369 4342.542062 4970.344564 4800.771736 5158.932108 4910.580432 5432.8022 5220.103766 5298.049157 5078.81325 5471.531597 5807.046671 5107.333445 5392.108138 6155.298966 5173.289621 5512.266484 5170.838443 5579.778317 5217.069426 6178.543939 5688.5458 5816.626621 5355.134773 5727.469113 5900.464805 5505.143581 5949.385648 5280.686944 5688.465026 5606.344245 6215.960386 5963.757593 6016.077813 6037.985387 6123.480834 5142.667137 6132.628885 6494.587771 5944.824819 5891.079416 6006.675725 5909.828029 6087.449769 6561.948965 5988.070152 5151.166326 6376.633327 5534.866653 5667.70683 5234.166218 5968.376625 6398.335606 5722.17512 5436.37326 5393.891986 5376.322597 5596.56708 5805.150851 5437.107599 5233.306579 5305.571219 5027.265625 4834.566085 5721.922703 5321.065515 4947.154297 5046.705905 4303.373525 3597.608737 3390.257103 2333.10603 2569.288991 1866.381017 1892.651898 1189.358868 860.2627713 271.4262144 9.044745651 0 0 
0 0 0 114.9869987 279.8882146 366.2077025 771.0740364 1593.705136 2089.613394 2298.013046 2663.772384 3519.235575 3213.711203 3325.744956 3351.673339 3699.623903 4525.421436 4316.569658 4329.335615 4518.894786 4715.733034 4601.319252 4518.166341 5147.804052 4674.873864 5030.801649 5022.973327 4792.24221 4818.364465 4632.972022 4828.44038 4756.134903 5684.134394 5269.275669 5003.843041 5224.431827 4766.576309 4838.598943 5385.699689 5498.385334 5247.130828 5268.096785 5418.059318 5300.258775 4987.830392 5810.929188 5372.721793 4980.6218 5132.128543 5403.040239 5340.942299 5174.673922 5704.113355 5438.092925 5085.801076 5602.774711 5464.756642 5295.485483 5304.516554 5527.709222 5012.326448 5461.528015 5075.441312 4984.423243 5417.175357 5618.842445 5129.017281 4861.734884 4715.314008 5163.314484 4685.536691 5337.148384 4985.80351 5318.560088 5138.291124 4721.530424 4836.847248 4611.526587 4999.066131 4590.877242 4885.970283 4549.110197 4668.188638 4465.510888 5052.378973 4809.476147 4237.167884 4128.855057 3619.973536 2827.653348 2433.262242 2067.346664 1854.266863 1532.673177 1171.827231 736.3943263 262.6854755 18.6642265 0 0 
0 0 0 91.32264782 176.0438331 247.8668177 702.1380429 1096.844624 1760.855026 1824.153107 2267.85179 2642.691172 2743.5092 3081.91986 3202.175749 3645.96652 3780.438039 4136.474109 3527.805237 4083.999602 4077.559128 3845.278554 3995.778155 3686.51432 4142.933917 3792.514844 4092.611375 4106.16576 4288.421269 4085.566812 4750.390129 4226.446102 4388.639486 4287.528871 4387.632278 4382.377287 4235.010093 4521.413304 4714.949803 4569.894642 4501.861756 4903.759383 4740.523538 4873.88882 4779.879779 4071.372826 4693.100248 5034.335592 4787.349944 5047.926031 4774.022413 4619.420549 4965.230919 5045.69649 4893.525056 4508.532303 4542.943387 4636.843266 4566.441269 4804.242331 4063.632495 5543.714284 4420.782619 4811.750205 4511.758731 4651.691634 4662.792481 4401.696716 4851.309854 4302.569571 4508.746571 4321.773848 4939.722937 4446.131289 4373.049605 4451.323663 4358.443421 4368.400407 4678.1477 4206.058175 3844.799857 4539.415889 4483.242283 4095.570417 4318.634095 4068.478191 4136.639773 3372.343759 3035.027759 2884.934351 2296.239658 1843.554457 1429.63544 1082.942335 820.6132469 510.173378 296.05854 8.584350089 0 0 
0 0 0.1501176409 125.7606195 309.6017133 287.1383939 693.2049919 1123.641469 1554.462463 1496.826676 1872.045391 2736.333039 2630.919711 2685.694305 3098.491387 3268.045342 3079.979184 3516.395686 3533.443278 3482.99276 3795.988055 3519.301038 3774.055668 3428.067153 3592.547978 3822.566175 3965.204198 3539.541587 3724.151565 3396.2615 4325.488794 3803.993257 4086.749637 3774.113843 3730.34103 4091.843968 3530.340225 4061.573215 4112.711509 4257.047688 4291.166031 4397.640012 3666.1059 4337.65958 3662.530412 4388.999586 4536.007149 4830.621485 3947.115652 4664.730082 3991.804164 4130.240926 3313.381831 4228.478429 3701.389019 4049.53128 4007.330519 4029.66988 4212.171931 4220.637849 4758.29101 4027.272472 4012.143615 4264.542514 4101.314109 4016.341936 4201.323036 3986.591876 3820.13856 3675.81014 4049.730249 3708.102296 3753.300039 3677.748723 4025.741267 3860.787984 4096.542387 3681.470805 3989.900296 3665.598684 3809.358139 3680.510981 3480.609251 3922.526908 3743.893778 3991.124154 3539.106777 2788.88116 2292.047998 2121.875457 2047.054693 1426.790257 1476.516314 1145.183266 1005.761154 595.5906351 257.6612105 4.704163174 0 0 
0 0 0 71.47972722 174.4774801 319.9250371 611.8301734 899.8511174 1416.651269 1431.531797 1764.913985 2149.924735 1895.586612 2696.370312 2586.849313 2805.596046 3269.302056 2878.101047 2559.039679 2708.126223 2949.266915 3164.576919 3245.36147 3119.310139 3325.781353 2857.63933 3320.296218 3220.84965 3273.073266 3263.777793 3101.603613 3435.132763 3207.04863 3205.42819 2967.630917 3271.928862 3648.597281 3933.405616 3665.166006 3429.270028 3507.660049 3742.623453 3308.102754 3877.557491 3887.782219 3635.04035 3679.820805 3768.215739 3694.093385 3685.732918 3801.764488 3852.722749 3624.675059 3519.166822 3639.428625 3618.964417 3372.014375 3607.425341 3690.935672 3670.17911 3599.443984 3666.134484 3672.189294 3256.308154 3848.230335 3820.077298 3629.559647 3602.211961 3259.752378 3077.688359 3131.035047 3452.66243 3268.785061 3277.110695 3390.481081 4013.0358 3512.115701 3429.26931 3672.832889 3543.792293 3185.530759 3221.389284 2898.201286 3126.026113 2557.097295 3358.347286 2679.916002 2463.380017 2139.924177 2038.951205 1925.617026 1487.999162 1376.812839 839.611431 799.2636359 380.907985 177.7608783 9.231928509 0 0 
0 0 0 110.1423944 132.0437951 226.8616617 434.3288305 846.2742381 1187.82839 1403.302793 1854.098386 1838.800017 1654.545403 1643.021714 1901.976665 2214.038552 2297.065815 2340.483334 2762.567954 2418.668785 2970.559189 2520.07383 2075.216041 3098.086058 2681.614218 2829.068533 2962.243744 2630.182675 2690.545523 2626.632848 2770.777974 3039.891465 2893.64854 3185.261939 2974.958172 2751.784153 2799.613963 2941.666553 3001.350256 3197.917265 2958.498192 3311.706136 3350.071489 3004.59841 2948.590261 3448.164111 3239.037884 2967.918489 2935.06567 2947.073646 3185.948119 3041.98851 2674.860074 2983.687539 3360.854277 3060.198711 3117.508872 3017.860932 2973.365344 3011.934943 2990.092272 2748.763018 3350.879597 3091.361557 3014.69884 3036.813727 2863.110777 2866.13404 3308.720355 3184.492664 3133.010114 2843.496747 2904.621107 3123.913793 3070.310229 2865.554749 2852.7299 2733.308776 2804.359867 2490.576545 2454.372728 2679.669281 2547.328762 2695.611232 2584.930355 2620.976049 2408.451949 2251.194125 1825.750272 1878.15596 1449.850326 1003.133168 1135.792885 842.4211605 732.8607614 376.537407 158.6441646 8.722353249 0 0 
0 0 0 51.20653775 99.81172643 248.9494423 347.8938006 779.2353038 1080.022603 1089.651349 1393.741305 1366.607186 1731.56574 1771.359647 2066.098916 1947.215513 2200.333243 2245.054479 2438.326783 2127.211045 2353.861787 2120.229574 2585.578611 2436.248279 2459.66259 2548.015162 2189.101842 2199.806571 2116.159052 2535.285524 2569.079428 2501.647023 2365.388636 2285.644462 2763.739735 2327.490996 2631.935214 2637.957005 2666.42688 2252.099888 2349.30777 2747.730818 2747.513831 2823.083133 2545.537138 2699.19133 2650.612119 2414.308057 2598.981484 2551.704034 2635.794512 2717.168964 2641.344962 2502.311711 2482.13796 2366.342138 2635.115295 2861.18814 2693.741714 2851.068703 2617.470619 2762.060609 2680.494 2583.086061 2434.615342 2568.87465 2866.692032 2489.502425 2386.013702 2605.665337 2513.133542 2575.299201 2333.329778 2459.522125 2231.882592 2514.074115 2315.11665 2554.26659 2521.999731 2341.68624 2013.440683 2275.797952 2266.859182 2337.083195 2155.234322 2391.737389 1910.200714 1827.80271 1679.968033 1759.901505 1361.222386 1252.210893 827.1146347 746.9114564 514.2133189 284.5529708 130.1270324 0 0 0 
0 0 0 96.65415679 92.4991588 155.6508075 380.5472748 564.6047459 799.8363581 1063.296747 1015.071896 1167.08128 1302.663439 1476.59586 1628.055412 1496.228844 1368.940979 1640.24855 1768.557265 1641.421754 1506.004612 1711.747292 1879.556097 2002.862008 2098.168114 1907.076041 1737.614538 1833.54751 1774.314129 1765.082933 2027.75934 2011.823766 1879.478251 1830.152808 1810.667925 2212.771712 2215.474058 2239.348436 1966.118239 2059.174701 2033.543322 2095.482498 1795.292106 1963.00112 2500.399686 2172.245961 2251.117443 2039.999007 1844.043015 2231.168578 2005.803475 2014.761315 2199.83499 2017.391938 2032.469405 2123.986725 2239.342143 2069.241136 1910.604392 1830.206516 2154.289915 2112.340534 2065.759173 2265.171294 2399.610673 1788.973151 2098.924489 2172.660852 1910.244988 2108.511435 1980.441754 2113.400045 1974.323812 1824.928337 1742.999536 1931.752106 1899.363815 1750.24251 1997.747615 1980.540892 2001.979309 1982.28612 1755.517707 1730.9292 1687.101119 1706.031189 1649.530386 1663.108927 1446.795176 1445.617257 989.5130153 931.4824528 745.8647749 550.4944496 530.3113849 270.2737885 75.8289092 0 0 0 
0 0 5.300569144 97.03879042 106.9624426 106.3713299 318.4600906 464.7600229 663.7195254 460.8089593 901.6214866 904.3851677 1081.409348 1193.10692 1112.079787 1466.245056 1352.871363 1216.326971 1329.177614 1396.047987 1203.087154 1210.32465 1595.518976 1388.605841 1348.874654 1729.959544 1819.784151 1832.698932 1345.475161 1805.849974 1654.234368 1737.453968 1763.860389 1507.40379 1732.571932 1589.092763 1489.464692 1494.380965 1480.847036 1666.114965 1450.612102 1573.525404 1745.296956 1662.013155 1621.446324 1458.084776 1889.916939 1803.263094 1610.508123 1579.698725 1471.175384 1653.437644 1494.296525 1723.495723 1576.516286 1724.456058 1834.737142 1521.348125 1605.403914 1770.767287 1740.651211 1544.591958 1814.695702 1925.303992 1650.812723 1724.645208 1672.839037 1761.410355 1648.383492 1653.027442 1176.306623 1668.981541 1726.084756 1471.817251 1393.741704 1572.965504 1565.819691 1718.316441 1529.287282 1072.791581 1401.475383 1469.290981 1485.890283 1539.08405 1708.459869 1567.920843 1318.794885 1395.943925 1222.812067 888.1994388 917.4674437 790.7217554 547.9838697 403.2011988 385.99269 222.78744 104.2915796 0 0 0 
0 0 0 7.945500322 106.4729546 93.83576463 210.4676845 400.8645543 426.4207133 718.7564032 975.2658305 548.1721713 913.3961624 861.2516964 979.1434002 1096.964083 1316.458862 1189.057087 1424.096398 1083.337239 1308.112007 1104.264987 1205.111313 1212.535134 1301.484338 1090.740625 1214.511053 1282.060265 1284.662957 1240.48319 1228.765074 1290.688575 1260.973904 1330.283056 1385.921736 1338.941638 1556.478852 1461.21398 1420.119899 1237.11244 1411.909771 1707.513596 1682.337421 1382.292407 1500.89777 1342.325936 1313.133357 1272.552864 1309.984066 1364.931333 1562.112076 1265.498512 1391.411043 1309.333827 1598.20171 1170.498164 1297.383483 1365.964966 1456.414541 1314.988775 1407.844132 1383.905471 1194.294811 1598.936074 1428.226618 1253.448189 1673.613735 1295.296955 1253.479572 1357.402803 1226.806763 1308.623324 1286.75772 1456.249489 1295.634992 1029.286291 1261.294681 1527.036372 1333.619996 1124.069757 1287.226766 1288.68745 1465.761608 1019.31422 1135.311379 1402.139381 1302.936239 953.1577763 797.7104036 986.641986 623.1120872 588.5413328 580.8156898 355.375467 398.7300395 110.0684912 50.50172224 0 0 0 
0 0 0 21.53957827 57.6320004 32.96692088 148.4398202 314.0177142 301.0638193 439.9408657 372.5780427 448.0682018 604.3322155 605.8931833 826.4088053 758.8773435 732.5514397 773.7120261 783.4391717 615.8671005 787.8340331 788.9090515 866.3524547 880.6813815 959.9002025 916.2417051 883.9525551 799.7287855 954.5367116 778.3326739 743.9113348 848.4011717 824.5288622 946.9960616 879.4769279 813.8671886 1093.371508 759.1041587 1039.598173 949.6558525 834.0843042 878.2932035 949.9676878 1079.549099 829.2748105 1045.682486 830.7761998 728.2583132 1195.2645 1096.790056 1194.242795 1122.303867 936.4398946 1189.933085 964.8047027 923.9606407 852.5620771 947.7553989 1145.623327 864.2307841 1073.446616 1086.448648 874.3337441 1189.666261 948.7369484 1044.60708 827.7133784 898.9242229 913.0729281 1017.013868 1138.760319 808.7552162 935.7186834 743.5223462 940.1778109 876.4112538 909.5045575 976.9758224 895.8070012 911.1786565 911.5482779 916.242499 960.0499762 927.7302163 691.8220441 826.5481783 781.8068709 644.7829594 652.3342909 554.0823916 507.3143288 534.0611453 333.5832079 243.1400838 154.8623645 165.431244 44.66980287 0 0 0 
0 0 0 46.44108826 76.9371585 60.65329115 137.3907044 314.5284819 357.3399878 356.9948831 333.1670148 421.0738144 419.7557582 359.1147079 370.6791217 573.1593803 598.3620013 509.5556993 560.6134026 659.6292555 523.6293034 517.1221472 552.8445615 591.3446019 588.9703568 663.2628628 565.7405148 601.1828677 610.7414182 671.3167664 649.6403112 789.0037279 697.6599895 645.662526 616.6071296 709.1028721 784.4540711 697.5744645 705.6750762 769.3300139 718.8458626 731.1134674 848.2323746 731.8993858 758.3035592 679.1212162 748.6803333 627.6164944 753.4458772 711.3482448 780.2802197 828.6485297 557.3505989 822.1592548 724.5284777 936.1040055 857.0685251 741.7522672 784.9153635 671.429055 720.6633836 771.9974869 778.5539554 653.5971616 641.6148229 694.4136108 848.5164961 736.5485254 617.4065154 740.5588344 845.4768891 651.8581085 647.3962859 698.3173215 744.8757105 835.5425136 688.2076102 757.1624394 754.0765736 795.5828575 561.7208201 636.1555774 635.9673318 804.7545295 691.2823951 664.358073 608.1465787 441.6719629 470.0756082 367.8822398 505.0356344 346.9105378 194.1215639 232.9440746 171.7349362 61.76987927 55.45090326 0 0 0 
0 0 0 20.09386973 17.75052765 37.07992852 77.88931982 87.99494505 169.4830573 201.9566074 210.5774524 251.3248789 354.1681761 368.9223787 256.0944654 384.094126 393.2746118 386.4637874 382.9294577 426.0316515 354.9517808 490.595945 509.2709052 400.1742906 445.1867859 527.5701502 450.4835639 435.5761325 563.3992103 381.971267 459.2110142 544.0874079 480.5781616 483.4899587 631.9702492 518.9121039 487.8596871 441.3291821 415.7592642 591.0683121 637.4754953 530.1326847 481.9937691 557.4034264 604.7738458 368.6539262 576.2760809 595.8880666 504.1517822 419.7953007 505.3153381 554.7509348 560.9750451 601.7071357 489.7722694 561.3097294 625.141677 477.2249681 528.4709267 386.974482 340.3723021 426.6249343 459.2847136 461.8009112 586.1510577 601.0869163 453.1557218 488.6781413 566.8376924 494.2720541 410.4690556 419.5299859 497.0963172 464.9990301 496.3959075 595.9843884 558.5379602 395.332803 543.536973 567.4618179 393.8117655 562.6047464 319.1918578 431.0605486 374.7747142 616.4908017 483.6619096 379.5359052 333.6295441 334.5442176 267.3696135 222.3150014 195.6575065 138.1142831 114.6486523 97.76407332 20.58489688 5.69411091 0 0 
0 0 0 0.002792902497 11.97880878 7.00386271 35.94573063 83.31390546 92.99856583 111.1347574 127.7781701 163.0995157 215.3879474 214.4543552 284.757321 353.8633437 166.6592071 149.7713494 287.0383219 263.301248 223.0682629 297.591731 227.8380535 293.2618878 281.083392 221.9096855 251.2894649 338.6429015 274.63516 242.3869398 249.2619013 286.8984314 299.2806202 275.8309936 280.7906343 350.8262993 318.9565768 328.3838502 479.2280422 240.0980655 300.2740845 359.5171971 295.9757876 304.4846734 289.7812441 295.0092616 255.5808312 341.8663935 421.1117419 380.8466629 252.8662974 349.5681849 353.7906841 371.2004816 279.2716286 337.3961533 406.7724179 309.0176872 316.3065505 331.2849419 357.1879575 393.1275493 282.0374339 238.6623837 357.429567 305.6181715 366.11707 276.0859927 371.3957349 281.4582574 327.4160566 238.4434408 260.390313 300.2867186 327.8490525 347.7611623 253.0012294 371.468515 332.9715572 217.538783 302.709675 336.7254376 347.4363499 262.1093999 256.6084213 287.549598 215.1689494 219.0581042 291.4690787 169.9787868 147.9209393 91.8653016 129.5385861 99.29510678 70.25709006 44.8842597 13.33261797 0 0 0 
0 0 0 0 20.67785563 14.55005179 39.78010983 59.13142274 89.38083209 213.2413251 89.71447528 183.5911111 156.022623 226.2297473 76.89766682 97.64733266 198.15909 164.7789047 114.0577179 235.6234567 216.7013894 194.8796187 181.8607837 281.3826174 211.7601621 207.4445218 266.2775245 243.8621166 204.1072271 298.9232552 170.6972865 196.2968932 230.0910268 189.8286421 228.6414571 223.9679758 229.0851068 289.8708361 282.5424276 244.0092997 150.5630416 354.4328555 273.7142423 221.7908103 188.284174 302.6332684 192.3091659 274.4410509 249.5066931 280.0994528 258.7194875 205.2243387 226.3591385 250.102009 297.8548736 280.6828203 230.8537363 223.3510667 268.2709992 220.7592036 243.717416 288.2797859 291.5059576 209.3209073 289.8634644 354.4075105 302.8582775 221.5266027 203.3109773 278.4540204 175.767279 279.6494767 276.5030903 214.3695425 312.7172593 241.8951075 258.2420944 296.0645457 250.2738034 175.0270083 218.1130292 218.6289626 235.3509951 269.7508812 162.4061842 265.3681182 248.2595245 140.5066863 177.8894523 153.638809 190.7725338 73.94949011 140.9103649 50.28656623 54.08038221 6.292792629 29.59627951 0 0 0 
# Errors [sample_flux_after_unscattered/sample_flux_after_unscattered.dat] I_err:
0 0 0 0.01274267268 0.1354793405 1.368972728 0.4539603236 2.17551794 2.340367343 2.172068822 3.000548882 3.547211313 3.725988845 3.486591805 3.854336034 4.378589885 3.860889419 4.73112631 3.864774699 4.29270254 4.146990066 4.439965091 4.49461616 4.427273968 3.946621098 3.965898502 3.74775362 4.231035074 4.385131519 4.337782646 4.779320759 4.358432185 4.221795634 4.215108543 4.092875387 4.502569705 3.639984324 4.548200317 4.170074338 4.193783112 4.74082267 5.196532356 5.105004075 4.132682063 5.683872835 5.276976037 4.836707688 5.119990956 4.0685273 5.186479181 5.056462494 3.972627775 4.381240974 5.126558365 4.025510077 3.938835808 4.066032164 5.025496003 4.743423594 4.455411155 5.043463438 4.396828075 4.336680817 4.676298092 4.664196469 5.743023272 4.333152647 5.006504047 4.54184164 3.406668453 4.187466438 4.008696431 4.636281375 4.929680519 4.447799135 4.203254178 4.488617511 5.419699323 4.808323957 4.308247035 4.418024017 4.850341887 3.244963025 4.767050896 3.754690461 4.022443131 3.536923516 4.171114007 3.39510668 3.682876903 2.643444821 3.389958675 2.428431547 2.705514501 2.489204946 1.220746175 1.346929041 0 0 0 
0 0 0 0.443007151 1.1110469 0.7446881371 2.788782024 2.60670841 2.975416051 3.079775947 2.706969139 4.189095551 4.505739787 4.480031408 3.613791542 4.878400265 5.11992862 5.048600393 4.335667935 4.906086264 4.897166432 5.053234139 3.690254782 4.111378785 4.428706509 4.835576479 4.051373997 5.341639223 5.766593818 5.555314883 5.701177773 5.607039654 4.396679082 5.165397823 6.590085692 6.109148648 5.450531767 5.185804614 5.307611896 5.285600905 4.671150683 5.298683444 5.457419662 5.216848136 4.690858325 5.905589414 5.22626864 4.883083989 5.010198369 4.594366528 5.952233872 4.477239893 5.597888655 6.130895706 5.668592982 6.009762117 5.423344796 5.701915044 5.782300772 5.578682766 4.96525205 5.073617888 5.92223558 6.023712182 5.120375458 5.625473183 5.473513005 4.429031258 4.730880354 5.890450721 5.28442941 4.609740178 5.889965146 5.719795377 5.658722537 4.882760695 5.417140062 4.678075615 4.201371608 4.730690603 4.970317993 5.539433847 5.75852336 4.07673289 5.148867275 4.227965622 4.581097257 5.506929877 4.86137733 4.202291696 3.975084353 3.904135315 3.106622134 2.544703666 2.519946648 0.9153131475 1.610611052 0 0 0 
0 0 0 0.9500347781 1.515239334 0.8965685269 3.620464468 4.140890525 4.609994163 5.078885133 4.114301242 5.371018743 5.909231516 5.425516914 5.401918375 6.128925811 6.917092995 6.915075645 7.755291713 7.086889595 6.664909704 6.988834865 6.558693054 7.231266297 7.487832742 6.979351847 7.595192174 6.845129121 7.083451905 7.20255817 7.497885442 6.385770442 6.566732233 6.610015159 6.748531635 7.62566559 7.868973984 7.615006074 9.164856572 7.84099085 7.194619584 8.011301533 6.837199557 7.847191689 6.732472938 7.363235311 7.854783202 6.360969292 7.392355149 7.112849591 7.871215169 7.134309982 8.489052778 7.327835209 6.932653791 8.667545207 6.971039078 6.468844446 7.410753853 7.316490045 8.06627545 7.133552791 6.68660243 7.672388915 7.336401404 7.98553494 8.559803312 7.846544632 7.201555754 7.789133549 6.756594136 7.078513355 6.430954024 7.41907828 7.503502183 5.972125921 7.43000467 7.507525358 6.250692265 8.182524072 6.26776553 7.041782462 6.992679895 7.09152822 5.987474353 7.436400152 7.93851813 7.431286385 6.075371546 6.406625571 5.020157395 4.80132851 4.676431735 4.047479721 3.609947095 2.985915234 0.9374194035 0 0 0 
0 0 0 3.598349194e-06 1.851870388 2.107309997 3.474691584 4.643444731 5.268910763 5.456037771 7.109096407 6.672083785 7.559434608 6.810148158 7.457354757 9.132018806 9.204548502 8.911908924 8.108702806 8.846729892 8.307758358 8.844685717 8.379069338 8.036579231 8.674674689 8.527195866 8.695321283 8.714553127 10.19958601 8.324514584 8.531697455 8.866025882 8.883349713 9.75787745 8.552584924 8.609892032 8.063322365 8.84388689 9.463182099 8.555140252 8.456720936 8.706056063 9.510535886 8.781253349 8.573750445 11.13551672 9.257041964 10.21511991 8.059298438 9.645758045 10.31324106 9.225502811 9.380305445 8.932138366 8.438634352 7.722207836 9.377235045 9.353735704 8.197808587 10.66539871 9.165738743 9.602700543 9.117999665 10.26519021 8.915687746 8.671258771 10.03358559 9.236451433 8.268656687 9.24327293 9.423115359 9.392078547 9.115190844 8.775330793 7.885677058 8.902238304 8.416502561 9.554312347 8.497500514 9.31081552 9.188359301 8.610396409 9.190392521 8.334926116 9.179580494 7.907803565 8.501881596 7.020682638 7.59284945 7.329137824 4.67349894 6.091598374 6.164002595 5.284318246 4.418944804 2.56449865 1.069132966 0.9750175519 0 0 
0 0 0 1.725597493 1.604951985 2.651815899 5.82276497 6.293976265 6.368743014 6.455863324 8.019882481 8.15355018 8.827671391 9.529253515 8.254253036 9.084053729 9.806610497 10.10632947 9.258410119 10.02266543 10.50375635 10.53594392 9.340546886 10.28762582 10.29311159 10.96505987 9.837751742 11.10447809 10.51601416 9.966743742 9.509512267 11.33208485 10.14926463 10.17563627 9.838045222 10.58932979 10.84160667 10.729627 10.69293595 11.14733007 10.20435763 10.78823749 11.12274421 10.2558863 11.56980676 11.10786845 10.16973912 9.858973516 10.25176497 10.55015099 10.17350637 10.69274695 10.2301907 11.0687386 11.58544604 11.41350566 10.01114219 10.35626862 10.88157398 11.79839968 10.125268 10.6214561 10.99217529 10.58024703 11.10902535 9.915613851 9.643778691 11.00523554 10.70799788 10.13150388 10.07475228 10.53067107 11.25649531 10.33091755 9.740026692 9.37278486 10.3854228 10.25026063 9.966263983 10.8902609 10.56886866 11.06413653 9.496943537 10.56776249 10.34825613 8.887798935 9.540150812 7.889267397 8.107012331 8.296254138 9.323227183 6.961548545 6.218231182 5.191320323 3.47660776 3.875365138 1.646122582 0.8671894119 0 0 
0 0 0 2.239213939 2.677796704 2.624581072 4.07382483 7.195880393 8.280115171 7.919226165 10.09410042 9.163079186 10.92663561 11.37359241 10.48160227 11.44022698 11.84883243 12.22623577 12.68902865 12.31715825 11.49897531 12.0289412 12.87541643 12.04742217 12.8920789 12.6520069 12.14788066 12.08983533 13.15790999 12.68950345 13.35904507 14.00166435 14.30068198 12.36857227 13.49838926 13.40217669 14.11690011 12.52950307 12.56025024 13.00103414 12.48083915 13.93663205 13.67226559 14.5041157 14.26008872 13.30470461 13.13248927 14.46120373 13.34328803 13.48920087 13.7938104 13.24539457 14.79267212 13.52671531 12.88677236 13.11279276 13.36773323 13.27483124 12.66293707 11.97268884 12.83829772 14.3407113 13.98572785 13.62699665 13.04249859 13.86414847 13.20315889 14.51387889 12.62232446 14.47887818 13.3193147 12.4207626 14.3656678 12.83656476 13.84163349 12.85373672 12.68999327 12.58583939 13.86737114 12.28539526 13.01304285 13.01198402 11.94189176 11.9010482 12.06741804 11.70275587 12.04960378 10.87736156 9.608565745 9.878254027 9.713079718 7.409874512 8.043754636 6.714617011 5.198834439 4.275887541 2.520930839 0 0 0 
0 0 0 1.712596092 3.730765943 3.380167401 5.442771132 7.41925144 8.297300636 9.057900949 10.88230678 11.88104326 11.63058222 13.28431814 13.76790342 13.13464025 13.81302949 11.97356653 13.05219469 12.14913871 14.42469723 14.16720273 14.32268126 13.58493284 13.0082959 14.19979261 14.88920593 14.44780558 13.89696618 12.92474811 13.52443029 13.80559483 14.11600222 14.72183387 15.22778252 14.01860658 13.82881206 12.40256599 13.90468768 16.15485694 15.03258861 14.85975788 15.39308412 14.70359658 13.6304478 15.70509958 16.45631489 15.12765021 15.11704718 14.08385373 14.68442364 14.3540419 16.07084083 15.69464493 14.31855366 15.54293694 14.60379003 14.39570336 15.01315138 15.4358929 16.02330148 13.45907708 15.14447909 15.21399853 15.60807419 13.08821433 14.31784611 14.13702308 13.72823016 14.58065368 13.38348361 14.70823038 14.69347034 13.52833119 13.86112127 14.08265239 13.84489785 14.08750819 12.93419825 13.49755953 14.53020821 13.81063972 13.91764484 14.17804628 13.06217162 13.88188337 13.79234737 12.59829507 10.37105991 10.4184766 9.395011186 8.909019918 8.461583414 7.465496192 5.455795236 5.156634227 2.498091253 1.020674659 0 0 
0 0 0 1.945686526 3.287422875 4.149128309 7.130973272 8.749800557 10.26802478 11.56275375 13.04911658 12.42730121 15.14682004 12.87737472 15.8642748 13.25023855 14.72003162 15.92704985 15.17946361 14.70810645 14.09371325 16.73575686 16.22008258 15.44572212 17.31450041 15.37213294 15.74572623 15.33674854 15.12836313 16.76067663 16.81500256 15.08304799 16.63953526 17.49727315 16.57804449 16.48847174 17.5329423 16.25895102 15.63163657 16.19659579 17.683355 16.28627401 16.82619545 16.22936631 16.03065313 16.2081038 16.86333614 16.82599037 18.05045351 17.16434572 17.00230388 17.74884602 17.05066258 17.76427785 17.65556698 17.25210675 16.9710575 16.82046406 17.10058616 17.54114731 16.98110787 16.3897827 16.41906554 16.1738025 16.52608586 16.93335132 18.0124846 17.08031417 16.50311491 16.34293289 15.29235993 15.27861111 16.43128928 14.73085691 16.61358145 14.17216915 17.35727759 16.66488987 17.16164098 15.67465158 16.22160027 16.27827338 16.76973884 15.21964922 15.10844389 15.56338809 15.57493758 14.10713332 12.80956638 13.03999023 10.47108319 10.85342174 8.979538945 8.009193891 7.129926696 4.937393129 3.50893911 0 0 0 
0 0 0 1.30123233 2.861899597 5.038500187 8.141680347 10.33357848 10.87394514 12.03998277 14.23464017 14.79074073 15.38082028 16.33596009 15.45614953 16.54396577 18.13219247 18.24437664 17.77822202 17.60229211 17.25857113 17.42813105 16.83203561 17.61705443 18.66263692 18.12423415 18.45582307 18.80832782 17.11622245 17.59655966 18.1176038 17.18774228 18.65474501 18.97888392 17.87334142 18.34294878 18.07154501 18.25093752 17.94985151 18.67271527 19.25394735 19.21774966 18.25768622 19.27735692 19.2605454 20.92628076 18.85760584 18.66797461 18.61333957 19.31515595 19.74296169 18.50645401 20.7257825 20.52805167 20.59302663 20.51410601 20.02672931 18.54339158 19.40931139 18.36174921 19.37110532 20.34259506 19.33521783 18.44411084 19.24176516 18.04625866 18.9462442 18.37776436 19.29989247 17.52703387 19.58702634 17.66181042 18.6716557 17.80953376 16.89872061 17.75329488 18.16975396 18.54846418 19.0520285 18.12926723 18.87460293 18.10724386 18.50483201 16.6888392 17.3310612 17.2080321 15.22916377 16.33609357 15.61740813 14.25295625 12.70522222 11.70917168 11.17340318 11.01802411 7.749599075 6.409758964 3.439152075 1.308556048 0 0 
0 0 0 1.59465384 3.645872233 3.67248055 9.081632697 11.53215608 12.97808916 15.13534222 14.01073063 15.95833417 16.54084549 16.63256239 17.81403777 18.45857918 19.09297524 19.19230251 19.10538129 18.84427078 20.10126474 18.54589386 18.73713629 17.26672532 20.16618474 18.99295505 20.69119354 19.4117392 19.34067433 20.79014717 20.34696563 21.38715532 19.29358585 20.20831676 19.62243278 20.78476412 20.43456513 20.12064464 20.49380362 21.53464842 20.42238593 20.32566195 21.55521357 20.90024032 20.38782035 18.7599052 20.72114928 19.28904311 20.06337622 20.70009112 21.51098428 19.99195516 18.88109659 21.11702279 20.17956067 21.76091026 19.56003163 20.13742979 19.69045091 20.74878589 19.27808035 20.29112983 20.98472398 19.56127321 20.32058495 19.09029743 20.94711269 21.15327052 20.34275591 20.26011711 18.93184333 18.34645967 20.12868276 20.99136732 19.31754678 20.01781072 20.42144692 20.56780401 18.46394386 19.74768213 18.03211141 20.34100214 19.03620717 19.93150083 19.01118961 18.61019584 19.17052856 17.96231235 16.36198498 14.31481051 13.71070857 11.98238042 11.73658295 10.3733908 8.469304773 5.209252521 4.53679571 0.6654846166 0 0 
0 0 2.84136732e-05 3.046788391 4.323515867 5.174565785 8.802178383 12.61201739 14.26033091 15.49920165 16.27303801 16.52122127 16.9958541 19.3935951 19.43092274 21.11725886 21.44412205 22.78113549 20.16464014 21.98630696 20.59020127 21.94381969 20.79053086 20.94764117 19.6013519 20.54502072 22.36471243 21.1612211 21.00884399 21.696136 23.29805321 21.39951028 23.16487624 21.85332573 22.30454902 22.09089009 23.00945708 21.64714451 22.1008499 23.66045889 22.22731989 22.30578985 22.11552336 23.63634521 21.25555129 21.92132322 23.02886212 21.94026324 22.14720923 22.23517824 22.71794186 22.38828186 21.89472985 23.44923742 21.74100179 23.10870367 23.46698121 21.37317709 22.61912608 21.89862982 21.67477183 21.31126081 23.07644403 22.44423328 21.2284384 22.11371481 23.31856554 22.32174196 22.68537378 21.46843308 22.33700101 20.51010294 23.2274801 21.43484209 21.29892346 20.9533959 20.67317657 20.30747541 20.60457138 21.84063645 20.91125982 20.6837513 21.20664211 20.91362449 20.93963652 22.05904754 18.99962464 18.27148377 18.01641148 16.95936582 15.12986756 14.21307159 13.07422628 10.62262175 9.509825786 6.444617546 4.408575021 0.9260191474 0 0 
0 0 0.7039744845 3.027310523 4.297595763 5.883386042 8.432350611 12.45736768 12.87947182 17.22650956 19.02484994 17.9387967 19.50582962 19.31570359 21.38654412 21.86128678 20.91837936 22.20913339 23.21374565 21.94809386 22.18468321 21.57587548 23.89160041 23.53279094 24.16567244 23.39819935 22.12469005 23.82541726 23.7750754 23.33193239 24.01474494 23.37222869 22.73926309 22.83417999 24.29080581 25.12717543 23.18580738 23.59641011 23.97572007 24.30079659 25.03323097 25.33830228 22.43543108 24.07375523 24.36098722 25.06918956 24.8593821 24.76860672 24.04022405 24.79173507 26.00197997 25.04352537 24.95173306 24.86636622 23.88744635 24.84381514 23.95285487 23.83519147 23.38643007 25.14436614 24.83960883 23.35476737 23.10368991 23.95253432 23.72971277 23.916522 24.3467135 25.06744084 24.19097321 24.8668288 24.04227057 24.43983147 24.25495184 24.08649541 23.73278928 22.65685475 23.19650356 23.53131566 23.12466684 22.99698389 22.84111236 23.4432627 22.21410132 23.95673761 21.41742613 20.16346382 23.02570166 20.36029829 18.11490371 17.36156161 16.83764762 14.95983113 14.65896872 11.18118635 9.589849736 8.843287465 4.767471194 0.5245560114 0 0 
0 0 0 4.273055668 4.411404302 6.090908607 8.852136788 13.96060508 17.06171454 16.17149905 19.25049282 20.43693658 20.31071907 21.63836509 22.20058548 22.48535033 24.36677234 22.48359778 23.37032881 25.71626681 22.59910678 24.42488897 24.13742637 24.29031191 24.35816449 25.58536069 24.85182779 25.81154822 24.7156656 25.33317346 24.78731592 24.20472328 24.8381659 25.3440897 26.7121509 25.53343288 26.20759565 25.78720853 25.98814202 25.7916141 26.09495424 24.41194193 26.07423049 26.02507251 25.90678291 26.34049161 26.83080059 26.48466844 25.7906987 25.51882754 26.41423165 26.09909584 25.88577715 27.23357276 27.1167265 27.00698064 24.93453946 25.74799781 25.91915819 25.79819451 24.6140557 26.28784026 25.27795724 25.32283839 24.45383489 25.21253573 24.5078816 25.38513715 25.70591464 25.01452178 25.89248207 26.06478597 25.43117979 26.05308228 24.44755578 25.894725 25.17743476 25.17512628 23.98865535 25.67170994 24.49145106 24.28736379 24.24928578 23.51032434 22.90465711 22.85044921 22.71805338 21.1939668 20.34204442 18.97398801 16.34469998 16.11302771 13.78612989 12.76932517 9.915351166 8.293703698 4.870205166 0 0 0 
0 0 0.732901787 3.288512518 5.240097619 5.000937302 10.66731035 14.33757213 18.44048449 19.77498084 21.11149601 21.25772995 22.08624901 22.98744768 21.42252423 24.29726381 26.51217161 25.56952685 26.23851116 25.10713968 25.11324777 25.13720601 26.3781777 24.45897208 26.88922778 26.64922164 26.22721037 26.94990945 27.18117591 25.87237483 27.49780743 27.90369382 26.12677505 26.34437508 26.88541484 25.79037096 27.36135452 24.9479682 28.22311738 27.58463647 26.93903317 28.27665937 27.10107224 26.90603075 27.14413241 27.01020981 27.36668496 27.89286084 28.26781938 27.10964878 27.92137728 28.22535258 27.38244806 26.39850095 27.2366655 28.57541014 27.71405406 28.02162982 26.50798059 27.68852158 28.8776624 27.61752746 27.45981363 27.85506762 26.56230742 26.45988246 26.45245438 26.92173709 28.03665894 27.2911258 27.10316157 27.63876905 27.37555823 26.43088423 27.787019 26.59677092 26.31519884 24.84403354 27.05420134 26.48589404 25.3436026 26.45138148 26.20972035 27.40263809 26.38985995 24.4727491 25.15378711 23.16799285 20.76828586 20.52144705 18.39935351 15.7543015 16.36076847 13.09246803 10.1953885 8.351497467 6.085350784 0.9712596627 0 0 
0 0 0 4.027239485 5.644487463 7.48598515 11.63479258 15.95232625 19.10397061 19.55834011 21.46502347 20.48984234 23.17102798 24.16395426 25.17094636 25.45725511 26.4844342 26.37048432 25.16308548 25.53813805 27.04360721 27.03080382 27.59467802 27.74579332 26.99548802 27.00081771 27.1992103 27.94171109 26.1975667 28.85957942 28.86601397 27.32427371 27.04081414 28.16110517 27.79926799 27.86600799 28.14349401 27.36698899 30.18023898 29.27142501 27.63595878 29.4892529 28.80340497 29.33559295 28.61469151 28.77565355 29.00950282 29.52783778 29.05975634 30.82285558 29.15972404 29.73150812 28.00230016 28.9292468 27.75695899 29.44254601 28.16442058 28.49421507 28.00190526 29.27989493 29.67219417 28.85943668 28.84864102 29.11933789 28.53719708 27.75707087 28.67267983 28.40850547 29.95851448 28.62856255 27.30551556 28.27771344 28.04600778 27.29309506 27.74461974 27.14744083 26.92149806 25.98720372 28.0734024 27.56121483 26.37643876 27.86418275 27.13995146 25.65718916 26.17460546 25.6715334 26.26339157 24.14151966 21.64952186 21.77933825 18.04138035 17.98750346 14.64600624 14.95798376 11.56456241 10.15037763 5.397683147 1.8786786 0 0 
0 0 0 3.47600378 5.21013198 7.686600471 12.16606648 15.87509521 17.65711941 20.23731231 21.82491705 22.10331891 23.74560657 24.36958247 26.13945914 25.3662219 25.82642321 27.54044459 28.8187095 28.19615553 27.73326756 28.69782779 27.44037816 28.32504469 28.97562274 28.91751327 30.39846854 27.40404218 29.86682885 29.87844018 28.13792003 30.10059835 29.49996697 29.47445725 29.48479949 29.0076304 29.30504993 28.52814116 29.90055328 30.80303545 29.27179325 26.98016043 29.97307672 32.1729828 31.29896934 31.07128732 30.26742709 30.78112255 29.98401219 30.17718456 30.79720839 31.24511871 29.5413235 30.31072477 30.61269803 29.84002191 30.80050956 29.97311601 30.37285342 29.45015038 29.83810642 30.20549808 30.2190475 29.90900094 30.72250945 29.01737131 30.03612031 30.01010241 28.16862574 29.02259316 29.721235 29.07805819 29.7822113 28.87790582 30.53911765 28.61299715 29.4496798 29.97862255 28.55531518 28.27813215 28.85444716 27.57383458 27.78219505 27.20125457 28.2041206 26.96078195 26.78101778 26.55716269 24.69942403 22.21611198 20.2847206 20.38923754 16.28460475 14.52914874 11.28743005 8.71203776 6.5249457 0.8095285189 0 0 
0 0 0.0006294542459 4.242079176 5.470702654 7.423384454 12.37657458 15.87633957 19.90509151 21.27428024 22.50237024 25.07119843 24.21401546 25.93603497 26.5174201 27.3786742 28.01216768 28.22401892 27.5360899 30.05039973 29.18387317 28.76949998 30.0718928 28.69449954 29.01767702 28.23062884 29.42619101 30.96528867 30.24968586 29.19607302 29.57897834 30.46386954 29.80244773 31.2990395 30.45168938 30.63616326 29.37779841 30.54497025 30.8926542 31.42201789 31.19138911 30.1397412 31.04054217 30.5537789 31.33678556 31.4166193 32.23649793 31.26046635 30.75099854 31.84169646 31.728881 31.75429333 32.29276794 31.67434974 32.96248697 31.58626464 31.29630029 31.17069899 31.47669859 30.82542941 31.47151431 31.02089083 32.27828411 31.03649774 32.05515732 31.25890545 30.87344992 30.04755094 30.18783868 29.85248521 29.00720152 31.03926295 29.96304632 30.09475718 30.60558115 30.67042637 30.62118321 30.86289451 29.51456559 29.38562561 28.64266884 29.32811079 30.56052827 29.12281849 28.22011282 27.3547273 28.7243957 26.73082605 24.47899991 23.86957084 20.67096763 20.39457208 17.12959603 15.45790643 12.33801113 9.314462408 6.43329518 1.030277985 0 0 
0 0 0 4.049758369 6.184676447 7.539595248 13.33452566 17.33594768 20.62463272 21.67130541 22.96421523 25.17758217 26.80877335 25.93964944 27.45668108 28.68286814 29.04017464 28.80687044 28.64173423 29.17338034 28.77847669 29.71226991 30.44396707 29.98613067 31.64432087 30.57303368 31.60928875 30.61193295 30.79775598 32.28451266 30.74924404 29.98315397 31.76485799 31.28342503 31.16164851 30.3099769 31.34270635 32.48621624 31.9937145 31.82784567 31.68527582 31.94237093 32.15062616 32.00071918 31.99039581 33.08118261 32.72185868 32.2240647 32.89196041 31.85116186 32.53215982 32.73382427 33.14673477 33.06310466 31.5882245 32.9834265 32.44040801 32.49203865 32.30674634 31.08383805 31.50471675 32.52335493 31.90373141 31.99639975 31.59340265 31.84600356 31.45045075 31.31334423 31.18583176 32.10161609 32.15701872 31.1206414 30.655859 31.53453758 30.69768395 31.29374147 31.99955803 31.88668261 30.89396042 30.57741245 30.88804052 29.87342706 30.41276968 29.8839623 30.31966098 28.88049544 29.76580279 26.64959452 25.56523214 23.3515163 22.16272045 19.95158206 18.02374447 15.77354197 12.79060643 10.38837087 6.792041261 1.477950177 0 0 
0 0 0.8762817154 4.151358966 5.945666581 8.023352697 13.73906079 16.41788402 18.99005305 20.13176113 23.15820934 25.6340651 25.26149928 27.84909935 27.55971775 28.22168122 29.23359529 31.80026253 30.46192744 30.67224129 28.73934931 30.63978401 30.33770092 30.25818479 31.61465492 30.87172449 31.1925486 30.69136151 31.324425 32.04541584 32.46839058 32.45703286 32.17776309 30.79908441 32.91710683 32.99609297 33.91135214 32.88632957 32.71415405 34.10898746 32.45290611 32.88067568 33.2421511 32.72058331 31.98128247 33.29487889 31.59756428 32.23869651 32.98428074 33.3872483 33.00306782 32.38260166 33.6797686 32.99156332 34.12089651 32.81811019 32.44657041 33.98128901 32.64828621 31.56190665 32.24213953 32.31969709 32.10037662 32.8306962 31.21072835 32.45035814 31.03013247 33.51945653 32.06566764 32.04168785 31.92081151 32.07581573 31.42382896 31.39404215 31.77546036 31.60481829 31.08795968 31.75658887 31.5479718 31.69047036 31.15721615 30.09196582 30.60416076 29.65477525 30.86508554 29.83634837 28.34517178 26.44230627 26.34641034 24.85094179 21.75222915 19.32117778 18.791661 15.4379182 14.17399851 10.54693625 5.638451147 1.515438842 0 0 
0 0 0.02791380737 4.299044919 6.513982941 7.48024205 12.1665508 17.92356569 20.39698874 23.06702732 25.13106579 26.75887682 27.55270782 28.91347985 27.6637572 30.18839574 29.64457787 30.93523444 30.61260792 30.0251459 29.98068265 30.62978058 29.46740341 31.23025653 31.83900815 32.01803275 32.21967395 31.68773727 33.74041606 31.51129471 32.1482163 31.78861269 32.25540133 32.66590176 33.22680375 32.63638146 34.12201394 32.22958114 33.31096156 33.77155396 34.01896565 33.60613827 33.9971124 34.12403883 32.89276843 32.83318828 34.19417792 33.22286767 32.93478866 33.17543698 33.41379433 32.94951087 33.53778712 32.75734313 34.58965858 34.33126818 33.81096916 33.47697277 33.867431 32.61545514 32.66246869 31.92314002 33.86699069 33.25261341 33.17702155 34.21646679 34.48393691 33.36563363 33.80088736 32.29116247 32.75043353 32.90896616 32.20674161 32.13663979 31.85226466 32.95224729 32.27964419 30.55428167 32.16858194 31.31015135 30.40543242 30.97845821 31.99549577 31.2946488 31.34438582 30.72938397 30.91140901 28.12669582 26.06617453 25.15117581 22.40846771 21.03519256 18.69502719 16.72787617 12.90603371 11.07971597 6.843868975 1.088108441 0 0 
0 0 0.001130367613 4.011061894 6.163812669 8.786266213 12.95618626 18.54701063 19.7476203 22.80819997 24.08075475 26.46758589 26.97459844 27.50526228 28.42057787 29.88152728 31.07415117 29.28238222 29.71954857 30.82117652 31.65125085 31.11891713 30.34515817 30.96706419 31.74617159 32.11776054 32.14737603 30.58029114 31.80573432 32.00320908 33.61507985 33.07097876 33.10288228 32.63231015 31.71283508 32.53050184 33.9736013 32.36405409 33.2649776 31.52412529 31.71618767 34.16849489 35.2895357 33.19609385 33.55680983 34.90791994 34.921825 33.49439546 33.66059866 33.71360809 34.99411015 33.26965101 32.69097933 34.60681925 34.40391829 34.71717669 32.63954502 34.47724648 34.25967919 34.58683495 33.94884031 33.69117907 33.2720007 34.85332107 33.20710173 32.67630416 34.54003356 33.3094409 33.66808206 32.69925015 31.56603437 33.63094841 33.44869473 32.24203577 32.80512733 32.53232273 32.18335063 32.83996344 32.87662552 31.54846903 32.30379135 33.15096443 31.93262857 31.14529974 31.77409302 29.54138386 31.49120656 28.8955195 26.7249565 24.74410494 22.2205669 21.61479197 18.98552269 17.13753193 14.16083262 10.26347654 6.773481816 1.433328844 0 0 
0 0 1.112616701 4.875985496 6.704642942 7.665354351 11.68135804 18.20617331 20.84572152 23.64874395 24.1107704 26.98469869 25.91881459 28.85779826 29.91894066 29.71293157 30.27638263 32.70113419 31.23778758 32.00836829 31.66094522 30.88905714 31.36226496 32.89479202 33.03437363 32.50347066 31.66532993 32.33963339 33.58540155 32.33578566 32.92476808 32.76203299 33.22595786 34.27511088 34.89837347 33.93496837 32.75223919 34.43181185 33.59891199 34.05117184 33.74515639 34.46406962 34.05929841 34.61168571 35.49402596 34.42491415 34.55028876 34.59776081 34.82941342 33.71393947 33.75770676 33.79091751 33.51127943 33.85469177 34.79835861 33.61974999 34.8840286 35.52657473 34.35508124 33.56967695 34.28425793 33.39788916 34.49856899 35.42837525 33.49275091 34.44273858 33.1125923 35.1939817 33.83919025 33.74410484 34.19542962 33.363263 34.02204446 33.75083256 33.68185658 33.08725452 34.58756661 32.54403499 32.88950817 33.4406569 32.59584706 33.26472148 32.37958984 31.68110606 31.35783651 31.397114 30.11906003 30.68081609 28.03981669 26.33809061 21.6950647 21.00765131 19.45545298 15.97191 14.0765478 9.733489304 6.989726728 0.6208114651 0 0 
0 0 0.8179956788 4.574530448 6.052117951 9.297621243 13.79404738 17.27687517 20.25704017 21.57275208 23.99328025 25.80590446 26.7015727 28.77802286 29.75048142 30.80128028 31.29248693 31.28703148 31.30775146 32.32488685 31.93957439 31.72648579 31.69086517 33.20605143 33.08059471 32.68037575 33.68468721 33.52435651 34.31083696 32.65253011 32.27604994 32.50637628 34.536149 34.00981371 33.2261775 34.70727617 32.74055973 34.39184502 34.87886353 33.81061684 34.26049748 33.57237408 34.11631005 33.83263192 33.9755293 35.47513602 34.00573051 36.56358891 34.36949596 34.46143543 33.41478504 34.50183234 35.11622024 35.66376319 32.5006709 35.66534814 35.49984646 33.58584344 34.2297952 34.38354431 33.65606293 35.30709143 34.41547796 34.19933763 33.63371615 34.20798895 34.59882913 33.47924303 33.93589307 33.77778036 33.41222782 34.43592361 33.72980655 35.15081311 34.50967449 32.03632199 33.38495998 32.76514241 33.96004775 32.07441691 32.77519115 32.08909935 32.52442477 32.81332523 32.0518396 30.84754425 30.36765247 29.42787756 26.73310286 24.70042762 23.09522048 21.19388284 19.19550518 16.59021625 13.95303685 11.31327867 7.302613346 1.286687067 0 0 
0 0 0 4.257222619 5.615824064 8.207840156 15.22534373 18.04399204 21.77054937 23.17777325 25.19683822 24.80496429 25.77929527 28.31102253 28.69243935 30.76471129 31.28961002 30.99968556 31.6868337 31.18155099 31.93631841 31.56334131 32.41767063 32.33103664 32.20947903 33.66397575 33.36002824 34.26484876 33.39870752 33.39879171 33.11678248 34.22267438 33.00242606 33.91749503 33.39342087 33.70464649 33.35109349 33.1300537 33.64997751 33.90664108 33.63670704 33.71560357 32.94535395 34.09300701 34.5418275 32.93179553 35.93088491 33.61935971 34.68084001 33.33563518 34.27900304 34.87935035 33.84310149 35.08543976 34.23133341 34.33757323 34.65767666 34.79629691 34.39667546 34.45698036 34.58546912 34.51437408 35.04982911 33.00001622 34.67887154 32.3591056 33.13108214 33.87210281 34.57656808 34.51877485 32.57195489 33.30960343 33.18969307 34.02406655 34.88892576 32.93505191 34.43092768 31.94724586 32.12560508 32.48752839 32.07012603 32.76204066 32.3024847 32.02305953 32.82005118 30.53394033 30.84749301 29.52294276 28.58107864 25.12505677 24.38615695 21.88337615 19.19395485 16.22006067 14.1265795 11.12180003 7.317775275 1.204152043 0 0 
0 0 0.3595571727 4.970442047 6.672714103 8.344137892 13.76993595 18.43796756 21.10238855 22.54493025 23.4594016 25.63797806 27.22880804 27.9549676 32.14586365 29.75155918 30.26718415 32.19235676 32.33623832 32.46974147 31.32387836 31.30375494 33.45335477 32.08838006 32.05448937 32.30374575 31.70487081 31.3833971 32.10262799 33.98092044 33.77770439 30.15241134 28.92170109 29.22368779 28.54218395 28.7045385 29.32752342 27.98532296 27.94962246 27.81520494 28.10189225 28.81855309 28.55969472 27.92917697 27.4284578 27.72405426 28.43425661 28.56640006 28.14995973 29.26177589 27.69891325 28.52857172 27.56579994 27.53282487 28.37921449 29.42098058 28.8271791 28.03465782 28.71804696 28.17501598 27.92211598 28.70711084 27.65733928 29.02312237 29.05026818 28.75011375 30.21185411 28.86388076 29.88065235 32.94249502 34.39700011 34.14008301 32.71812122 33.81379781 33.27882563 34.54225959 33.28886748 33.13640039 33.68917454 33.17122791 33.2974505 33.71682709 32.46440562 31.98105942 33.09432979 31.2240296 30.62686081 27.77171506 28.85762075 25.31608294 24.37537962 22.37668282 18.57848267 16.84648628 15.51133411 11.83628743 7.280782561 1.890513865 0 0 
0 0 0 4.072445062 7.362947209 8.119285488 14.15763929 17.93726625 22.86432978 23.8840706 24.41493369 27.06304261 28.077105 29.03989191 31.25912835 30.54835433 32.16168266 31.98018695 32.64648713 31.31327949 32.24211039 32.56257645 31.81442673 32.19962774 31.27969012 33.85367867 32.42632548 32.5183414 33.09554524 33.79935317 33.05698015 17.0443087 8.76819387 7.154913532 6.604536456 6.646365233 6.444861315 5.704047346 4.632329773 4.397851341 4.00176523 3.982018826 3.203548599 2.544586 3.089035042 2.444958676 2.435799553 2.109402828 1.376410854 0.9614040435 0.0005845606791 1.363496118 1.906788902 1.659156208 1.946830336 3.334808885 3.559169329 4.036268625 4.475098572 5.419841724 4.395000361 4.598134685 5.608504845 6.482214874 6.731782472 8.404419188 8.234205268 9.369829258 16.95981751 34.15543755 34.61991159 33.74645283 33.35756479 34.15619406 33.93710613 33.19875834 32.74825844 33.28844666 34.37844248 32.9269675 33.4027822 34.06819027 33.24246449 32.15150813 31.62689318 31.31306086 30.88105811 29.36871881 26.63942369 27.47955339 24.16413492 22.79272525 19.80302305 17.20704573 13.89916289 10.62469863 6.917159377 1.437254325 0 0 
0 0 0.05234125131 3.272491469 6.376437489 8.734635713 13.36341093 18.92037015 23.06269147 23.34108171 24.49299201 26.53969647 26.85773332 29.69909809 29.8815264 30.49135233 30.00597805 31.5950772 32.06081494 31.59851576 33.38933442 31.86510054 32.32463138 31.99658357 32.37902988 33.61048581 32.57201676 32.51782383 32.27105503 32.05954776 33.07081197 15.01353108 0 0 0 0 0 0 0 0 0 0 0 0 0 0 0 0 0 0 0 0 0 0 0 0 0 0 0 0 0 0 0 0 0 0 0 0 12.75534425 33.5475986 33.94205711 33.50111179 35.3256309 33.35523273 33.5290235 33.88242924 33.05583252 32.56775193 33.03689714 33.34945201 34.36026552 31.99295624 32.98292263 33.48053457 33.51910599 31.75829929 31.81564896 31.03273383 28.09566107 27.17821803 24.12670135 20.94643123 20.22997057 18.06090991 15.1623749 10.43740426 7.182648701 0.6269624922 0 0 
0 0 0 4.836894733 6.690312004 8.144262295 12.9325737 18.33512506 20.69606643 24.74763165 25.67995289 25.3114054 27.25704773 29.3653696 29.67492808 31.67916355 31.24526398 32.59774095 31.98445541 32.35131451 32.14044159 31.0813724 32.86624463 31.20758613 33.03993547 33.6231617 32.50438797 34.14165143 32.34374963 33.27250922 32.76206747 13.3432872 0 0 0 0 0 0 0 0 0 0 0 0 0 0 0 0 0 0 0 0 0 0 0 0 0 0 0 0 0 0 0 0 0 0 0 0 12.46778763 32.54207251 34.60959632 34.89218934 34.0967845 34.14350361 33.56006398 33.75737895 34.418095 33.23997969 31.85564128 34.41452314 33.84229974 32.92549876 31.99829387 33.2258443 33.17376386 30.8794203 31.0611275 29.3099518 28.96681167 25.30518185 23.41810117 21.77269193 20.60532252 17.28044836 14.52904239 12.20194639 7.696415517 1.524679874 0 0 
0 0 1.022122333 4.205256071 6.037761878 8.592374458 13.1702023 18.81471654 21.16318411 24.32908811 26.46263123 25.94223619 28.50707428 29.16450176 29.76148701 31.66717985 30.99833216 31.67184033 31.82117581 32.08718812 31.2052816 32.25267412 32.59081655 33.96996693 33.30348681 33.14121715 32.52755861 33.94213301 33.96374612 33.31976969 35.11872217 13.96919836 0 0 0 0 0 0 0 0 0 0 0 0 0 0 0 0 0 0 0 0 0 0 0 0 0 0 0 0 0 0 0 0 0 0 0 0 12.87589621 34.5196682 34.54226575 33.35559053 33.91598815 34.89586657 34.89645907 33.60044488 33.56643537 33.49035412 33.67027904 32.16459166 33.36584023 32.14371209 32.66667816 34.58108371 31.42382207 31.12300073 31.65121104 29.27967909 27.8561588 25.71690593 24.52370501 23.46281335 20.33591454 17.50063253 15.38011488 10.61253407 6.630791222 1.884275101 0 0 
0 0 0 3.984653025 6.404883458 9.356277108 12.46625537 18.62132363 21.87042179 24.08800674 26.58571265 26.79207075 29.25817556 29.61532506 29.19066259 31.73236438 32.03159887 31.77417959 32.6067482 30.81897664 32.4718824 31.40150582 32.03691974 33.08873396 31.74670963 34.75757242 33.50251848 34.74110147 34.08309054 33.21331764 32.74141889 13.22470495 0 0 0 0 0 0 0 0 0 0 0 0 0 0 0 0 0 0 0 0 0 0 0 0 0 0 0 0 0 0 0 0 0 0 0 0 12.27313376 33.63595831 35.94863709 33.78876167 35.22197841 33.53401705 33.69767018 34.22866732 34.62064204 33.20058981 34.35067742 32.91442477 34.39054165 33.71366479 32.80082254 32.74510593 30.6099013 32.17878662 30.47503766 29.8213448 28.23193612 25.67038137 24.58389891 22.23783302 20.45500118 17.86933304 15.29644864 10.81507425 6.879796907 1.795195256 0 0 
0 0 0 4.549770724 6.995565205 8.495636197 14.26323648 17.80283009 21.80479495 22.37698249 25.11691705 27.18986878 26.90270823 29.42473242 29.75552006 32.14028892 32.98193694 33.05236635 30.29356244 32.42766299 32.69385364 33.20011651 32.28885507 34.83914584 33.94653324 32.9335725 32.47466977 33.70808776 34.16028858 33.34613724 33.26465845 13.63788969 0 0 0 0 0 0 0 0 0 0 0 0 0 0 0 0 0 0 0 0 0 0 0 0 0 0 0 0 0 0 0 0 0 0 0 0 13.3677008 33.3476581 33.64024363 34.95918988 35.04163709 34.77908328 33.88953744 33.69153816 33.87611377 33.87478294 33.61641052 34.22409846 32.03967074 32.35991311 32.49574485 35.28621574 32.63148661 31.16755293 30.76797151 29.28535155 27.94977265 26.99048393 24.35953888 22.74641214 20.05330009 17.38407179 14.9694028 10.32055076 6.496840884 1.550391594 0 0 
0 0 0 4.023259209 6.051846412 8.263004213 13.84828745 18.27637794 21.1605518 24.50717327 25.48979099 27.02338665 27.68005058 29.0796253 29.2760729 32.18905742 31.55732133 31.7759564 32.86077992 31.35439661 33.70166051 33.70598762 32.87314167 33.02583389 33.66206429 32.36872528 33.30727623 34.26653437 33.488534 33.94248473 34.69491151 15.30217347 0 0 0 0 0 0 0 0 0 0 0 0 0 0 0 0 0 0 0 0 0 0 0 0 0 0 0 0 0 0 0 0 0 0 0 0 13.67831504 35.16765537 33.62453977 33.72857629 33.97008707 34.36017086 33.43745754 34.83180907 33.05194779 34.04473261 33.98346118 33.2835281 34.00849321 32.58561107 32.90490777 33.93817956 32.18435811 32.90048803 31.91205014 30.02016577 28.18883483 25.42246303 23.10503479 22.34613812 19.0942969 17.05960554 14.58950125 12.51437772 7.500465651 1.548250769 0 0 
0 0 0.5155437651 4.563279275 6.320099061 8.120547121 13.6009362 18.42384962 22.26065755 24.18251102 24.75849839 26.9479085 28.04697026 28.97896441 31.65672204 30.94833987 32.20429953 32.39465702 32.05967645 31.39475451 33.29777814 32.20814877 31.09237843 32.12700897 33.68521615 33.14816267 32.70053786 34.84956022 33.18564194 33.06396707 35.39390349 14.53946229 0 0 0 0 0 0 0 0 0 0 0 0 0 0 0 0 0 0 0 0 0 0 0 0 0 0 0 0 0 0 0 0 0 0 0 0 13.84243494 33.27727223 34.09386251 33.82777589 35.66656235 34.48571922 33.75925193 33.28864257 34.79902395 34.9169985 34.60551207 33.57445646 33.22606 35.06314768 33.02070436 33.79815676 33.4834708 32.86850708 32.42561271 30.96113101 28.03806048 26.83074093 23.28812533 21.77555765 19.57720509 17.29603426 13.93424463 11.87098206 6.805724729 2.30457636 0 0 
0 0 0.6585975756 4.704711945 7.305357417 8.683022244 14.41733125 18.27517586 20.80877634 23.65162011 27.10611171 26.50626301 28.85284872 27.46628134 29.65562273 31.97773809 31.23721297 32.17894116 32.79215983 32.57869875 33.6559008 33.87077339 32.60640625 31.92923284 33.73966509 33.58159691 34.04164104 34.07954268 34.41482337 31.81805161 34.99701033 13.95933235 0 0 0 0 0 0 0 0 0 0 0 0 0 0 0 0 0 0 0 0 0 0 0 0 0 0 0 0 0 0 0 0 0 0 0 0 14.51272651 34.26194497 35.919821 34.06546599 36.12936024 34.29353565 33.03655925 34.20923796 34.04752127 35.00124199 33.36933532 34.54732426 33.38712219 32.39748865 33.90315764 32.06072051 32.37188269 33.05728357 32.05752185 30.1293448 26.01785903 26.69358608 23.51913972 21.7538618 19.8322981 17.87510864 14.58541117 11.0084674 7.632073465 1.271468888 0 0 
0 0 0.09791761362 4.187707366 6.105882629 9.361933348 13.20031562 18.6753668 20.1735105 23.39102 24.97530471 27.14482078 28.88738668 29.88602756 31.33113491 30.83936445 32.9185599 31.62775631 31.96793379 32.18557686 33.4225859 32.99655533 33.20968925 33.92830093 33.62641613 34.25987672 32.97203196 34.35859803 34.77656001 32.46647532 34.22025764 14.57288949 0 0 0 0 0 0 0 0 0 0 0 0 0 0 0 0 0 0 0 0 0 0 0 0 0 0 0 0 0 0 0 0 0 0 0 0 13.00070062 34.13560269 35.41160261 35.14817365 34.59244143 34.43521688 34.85827487 33.4721513 34.78203628 34.33929908 32.61172255 33.08509047 35.01484385 34.15035142 33.7552463 33.28007697 33.74817539 32.07760918 31.87922055 29.31665097 29.61818033 25.63763346 23.94121632 22.48205029 19.91128451 17.69875729 13.47311407 11.09021242 7.749859355 1.583820872 0 0 
0 0 0 3.91076154 5.681571581 9.881421771 13.35248474 18.49256631 22.82304691 24.45882857 27.2007643 27.04859755 26.81955945 30.04616087 30.1015099 32.30403404 31.93884679 32.79385089 32.75828404 32.2908441 33.58194507 33.05462173 34.64355874 33.22579974 32.78176011 33.66072715 34.16525473 34.44585181 35.30402037 33.40731373 34.51018084 16.22050141 0 0 0 0 0 0 0 0 0 0 0 0 0 0 0 0 0 0 0 0 0 0 0 0 0 0 0 0 0 0 0 0 0 0 0 0 13.73208123 34.10436509 36.68129265 34.26576259 34.75558088 34.56311993 34.92570232 34.60778987 34.02784111 33.99321104 33.43606435 33.49745721 32.89914476 34.21163181 32.66175733 33.47749848 33.21625157 32.97865483 32.34728722 30.87710157 27.11478024 26.13879719 24.12279238 20.10038417 20.22774705 16.80702976 14.21949797 11.04331336 8.160136012 0.27911076 0 0 
0 0 0.0316242576 4.323407486 6.160201692 9.164906134 14.18140196 17.5338335 20.83351517 22.93759172 26.02197163 25.6741448 29.67698878 29.0691984 30.87194201 31.26893443 33.85459844 33.11324499 32.45718783 33.36840928 31.76257985 33.09914121 33.47153896 33.50335067 33.54159019 33.64575059 34.43586122 34.22224661 34.54584995 34.59752072 34.07816615 13.96045999 0 0 0 0 0 0 0 0 0 0 0 0 0 0 0 0 0 0 0 0 0 0 0 0 0 0 0 0 0 0 0 0 0 0 0 0 13.79436418 34.73212216 34.80919656 35.5850328 34.46597362 35.5349267 34.26228363 35.00715235 34.793601 34.53253709 34.43554831 35.51155198 32.69081294 33.40870268 33.00491603 31.66735504 31.87125152 32.81609484 32.03145825 31.06826566 28.63313771 27.64707091 23.44646349 22.28408552 19.92802387 17.9315513 15.24956936 11.23806489 7.477317443 1.095238378 0 0 
0 0 1.092990275 4.982796181 6.416588914 9.344678389 13.42242279 20.98257188 22.53629995 23.53411048 25.19283965 25.93699267 28.07432808 28.79343455 31.45294162 32.22668165 32.68640841 32.79949374 33.00997998 32.08001692 33.04536973 34.15143523 33.96712274 33.06371683 33.21673713 33.81158322 33.47159251 33.919018 36.24957914 34.39462541 34.45425152 13.27093095 0 0 0 0 0 0 0 0 0 0 0 0 0 0 0 0 0 0 0 0 0 0 0 0 0 0 0 0 0 0 0 0 0 0 0 0 12.26349812 34.80648879 35.23443604 34.07057171 34.47191091 34.09206788 34.76199296 36.63758451 35.70730915 34.63660575 34.41288162 33.94649874 33.5317131 32.93552467 32.21189144 32.89979909 33.07665371 34.05910013 33.05293025 29.58298924 28.65781703 26.97647324 25.0668843 21.66044967 20.58390339 17.91361825 14.19800136 12.02861349 7.282219004 1.257710332 0 0 
0 0 0.1986659105 4.577458014 7.662257869 8.30675768 13.14185704 18.33045614 22.85384104 24.36776232 26.26753653 27.92544013 28.88545757 31.45520862 30.33952219 31.76561808 30.96264047 32.28397063 31.40842461 32.36005761 33.39787551 32.81764395 32.99394035 33.35879578 34.26169457 33.28751698 33.84855002 35.84244964 34.98776851 34.92830495 34.63605662 14.96008388 0 0 0 0 0 0 0 0 0 0 0 0 0 0 0 0 0 0 0 0 0 0 0 0 0 0 0 0 0 0 0 0 0 0 0 0 13.2516677 36.72014816 34.21087332 35.60403742 35.0807511 34.74363596 34.87401943 34.99697131 34.3486117 34.87597574 35.18282981 34.87424703 33.52514388 33.7898584 34.15565779 33.41720089 33.49002885 34.56361097 32.85258175 31.74090855 28.08164178 26.96057163 23.71503934 23.60720888 20.33049387 18.66781519 14.40465468 11.29333516 7.021803942 1.11947574 0 0 
0 0 0.0001359012886 4.019964628 7.249045506 8.679737204 13.8138476 19.04787167 22.44558521 24.96462855 25.67869633 27.08707438 29.80900266 29.43618257 29.91576099 31.84090446 30.93786218 33.03229522 32.18217249 33.06316934 34.48117861 32.69209379 33.97891828 33.64395733 33.71566834 35.30408832 33.02359151 33.78195614 34.5037081 35.21852425 33.46394705 14.11339027 0 0 0 0 0 0 0 0 0 0 0 0 0 0 0 0 0 0 0 0 0 0 0 0 0 0 0 0 0 0 0 0 0 0 0 0 13.40189909 34.58531058 35.04065771 36.16852481 35.5573092 35.16102124 35.69745132 34.18634155 33.06001175 33.7924047 35.0743102 34.57208949 33.47154669 33.20674204 33.48739378 33.14603864 32.23080736 32.45674492 32.53283257 30.94609097 27.09277968 25.30998192 25.38889972 22.73702741 20.70910968 18.29564273 14.72084358 11.17307036 6.577124111 1.169056766 0 0 
0 0 0.01542250355 4.933337148 6.005727356 8.140201384 12.65369459 18.40590863 22.54579029 23.63451556 26.43670991 29.19526993 28.61232371 30.56982249 31.6554493 32.06182476 33.69020065 33.0647464 32.41076091 34.16952677 32.4872684 34.44780081 33.50145004 33.93935671 32.84206381 33.94718328 33.67714288 34.25881906 34.85288006 33.42682134 35.0918664 13.97557273 0 0 0 0 0 0 0 0 0 0 0 0 0 0 0 0 0 0 0 0 0 0 0 0 0 0 0 0 0 0 0 0 0 0 0 0 13.34538496 35.20595134 35.98131315 34.62113058 34.57187261 34.81331219 34.99578619 34.04918349 33.83905276 34.09993171 34.26869447 33.73195127 33.9108368 35.08576728 33.92452298 34.79260197 33.32485446 32.69401562 32.13237843 31.29711423 27.56230983 27.42614792 24.63956269 21.95894387 19.96077102 17.05236569 13.89359743 10.42852159 6.794304929 1.441574966 0 0 
0 0 0 4.032420214 6.284094715 8.991069966 13.78922395 20.00628492 24.19189855 23.33083373 26.83731446 27.36252389 29.13850745 31.15294866 31.97134694 30.85836284 32.12553527 32.55980582 33.08735881 31.58285208 32.88298609 31.29336705 34.3455806 32.94005951 33.84879305 34.56598079 33.41109728 33.7947124 34.1647489 34.21011556 34.95623188 14.13547709 0 0 0 0 0 0 0 0 0 0 0 0 0 0 0 0 0 0 0 0 0 0 0 0 0 0 0 0 0 0 0 0 0 0 0 0 14.17730832 34.63905259 35.0782762 34.84011783 35.14971219 34.25142214 34.81379694 34.77309415 35.46753475 34.79815177 35.47852109 34.12526017 34.71216636 34.15076323 33.26795134 32.63018418 33.3336611 33.82705339 33.59998921 31.08932471 27.42902477 26.65462392 24.36583847 22.0518251 20.70197163 17.51840177 15.31345833 10.92966113 7.460858444 1.633895093 0 0 
0 0 1.248475647 3.486819772 6.025571237 8.005220761 14.19217713 19.44401428 21.95737692 24.71642849 25.36154125 27.25136148 29.09649 30.03103481 30.43529453 31.59340513 31.81451593 31.78020464 31.556709 32.96039302 32.88017098 33.58363976 34.41484282 33.51107266 35.14467524 33.87595395 33.76867926 35.07817919 33.42093532 35.54690459 34.63526617 13.18686705 0 0 0 0 0 0 0 0 0 0 0 0 0 0 0 0 0 0 0 0 0 0 0 0 0 0 0 0 0 0 0 0 0 0 0 0 13.77312462 33.97098395 35.15741515 36.38255243 35.00550302 36.06614188 35.94814705 35.63492903 35.62705505 33.33797551 34.16360996 33.41471873 34.0690823 31.84120185 34.1284326 33.04781824 32.68336815 33.47208067 33.07179804 31.48662244 29.58964693 26.49996416 24.97125865 22.27714709 19.81698027 18.52244317 15.92985626 10.99722341 6.778584665 1.863107043 0 0 
0 0 0 3.849053838 6.131219576 8.804305999 13.7138145 18.91101486 21.21658149 23.53264374 25.45811466 27.98339231 28.74922443 29.98337495 30.82843708 33.01811563 32.32799788 31.70462203 32.3741079 33.61960831 33.25066681 32.89310003 34.1296949 35.185277 32.86141807 33.46563049 34.11972739 34.72868798 33.17544034 34.83843858 33.43136717 15.39508996 0 0 0 0 0 0 0 0 0 0 0 0 0 0 0 0 0 0 0 0 0 0 0 0 0 0 0 0 0 0 0 0 0 0 0 0 13.66993603 35.4149371 33.72221417 35.7047791 35.50627676 33.75857492 34.14535275 35.77940428 34.15751852 34.25174852 34.39447112 33.6044682 34.22317783 33.89297579 33.96683946 34.13177353 33.33191791 33.42302215 32.50405743 30.77719394 28.47330777 26.91514957 24.45613575 23.13456971 20.46090371 17.53854417 14.87656377 12.31840051 6.541274648 1.683644416 0 0 
0 0 1.383813346 4.642253231 6.175793159 7.817576685 14.20182324 19.42766472 21.37767694 24.91783658 26.7171355 26.42238859 28.95020409 29.62386939 30.09787832 31.59945876 33.13054797 32.10796721 33.57160747 33.27285854 32.68482146 34.49060921 34.03619608 33.6029794 32.14076463 34.09121906 34.14329346 33.73405844 35.16150253 34.53887261 35.21158697 14.19176769 0 0 0 0 0 0 0 0 0 0 0 0 0 0 0 0 0 0 0 0 0 0 0 0 0 0 0 0 0 0 0 0 0 0 0 0 13.80123527 33.34297965 34.62631309 35.89777121 35.16191386 35.50630587 34.81841895 35.85061588 34.6080888 34.04628712 34.4765241 34.12535467 33.7473399 32.81581846 33.39886883 33.04313619 33.37211704 32.89782973 32.57927014 30.41887878 29.11973544 26.87896165 24.51494807 22.68055898 20.63024703 17.18755773 14.47925465 11.17273874 7.583907705 0.24989263 0 0 
0 0 0.6184380425 4.787576625 6.878831303 8.266462128 13.78130226 19.99249432 21.20287992 23.09255174 26.49460968 26.38084274 29.68264261 29.58515871 30.27178755 32.46514416 32.6733032 32.42752169 32.6320166 31.99917098 33.94849039 34.54066844 33.75590644 33.7035909 34.93683844 34.91625572 34.63069567 33.2041291 36.12302412 33.83021294 33.96022865 13.94798608 0 0 0 0 0 0 0 0 0 0 0 0 0 0 0 0 0 0 0 0 0 0 0 0 0 0 0 0 0 0 0 0 0 0 0 0 13.59699046 33.95837232 34.97242793 35.00818054 34.30445677 35.02417665 35.58563896 34.47645169 34.69680749 34.24405917 34.72312877 33.91721698 34.23131435 34.62905195 33.71603057 33.24950246 33.62358617 32.28845756 31.72736341 30.81721236 29.09787828 25.60025285 24.24993415 21.78807459 20.75141035 17.7034432 15.07909547 10.87349845 6.7059532 1.098295101 0 0 
0 0 0.02273619788 4.735860435 7.706130036 9.079970738 14.38211907 18.67344446 22.55267997 23.81798163 26.18688247 28.01131046 26.62895018 30.08327562 31.77734125 31.06986299 33.16671388 32.47345484 32.43844494 33.29018047 33.34962266 34.52379588 33.0324662 33.82837875 34.51951669 33.64607434 35.76772117 33.24944734 35.02960753 34.90881441 35.41070567 13.76061604 0 0 0 0 0 0 0 0 0 0 0 0 0 0 0 0 0 0 0 0 0 0 0 0 0 0 0 0 0 0 0 0 0 0 0 0 13.73304239 34.83892104 34.71528813 35.77154425 35.30308003 36.47010888 34.48625396 35.49443978 36.56484871 35.00298249 33.77946055 33.75916839 33.55036093 33.98251889 34.93632333 33.37969839 34.1462712 34.94520062 30.47381968 30.19075038 28.75729626 28.17641734 25.10832551 22.5591785 20.75118601 16.50153449 14.5353949 10.83556977 7.586363316 1.338151666 0 0 
0 0 0.361973823 4.139731597 6.459700652 8.45184629 13.60885763 19.22394472 21.10336607 24.95233144 24.21036386 28.90557639 29.51114217 29.31638151 32.09730872 32.8235675 32.08229067 32.07707758 33.39014196 33.38954798 32.86772985 34.01668238 33.95154902 33.5168756 33.87759306 33.74551131 33.93530544 33.84086501 34.27862879 35.36585885 35.3779148 15.55901706 0 0 0 0 0 0 0 0 0 0 0 0 0 0 0 0 0 0 0 0 0 0 0 0 0 0 0 0 0 0 0 0 0 0 0 0 14.38878161 34.11156233 34.00482789 35.68251543 34.6557251 33.74543582 36.30758303 35.88165294 34.04393336 35.15677927 33.7749797 35.50712367 34.71257681 33.52154101 32.89300332 33.64722546 35.82667743 33.03204795 32.78249182 31.70385462 28.95983324 27.08474343 24.73040799 21.95763241 19.91610714 17.18056798 15.37221903 10.47245342 6.855137752 1.635892476 0 0 
0 0 0.2871304854 4.228552213 6.395793789 9.227944057 13.69372585 18.93727406 22.53734768 24.74515127 25.96339536 27.2782614 27.93869698 29.23487574 30.37966658 33.56441538 33.03297204 33.29935635 34.18279038 33.32125051 33.63672305 33.29652372 34.28741916 33.38479909 33.81730307 32.29231009 33.98088138 34.01818617 34.63864289 34.12954926 34.06710371 14.32872419 0 0 0 0 0 0 0 0 0 0 0 0 0 0 0 0 0 0 0 0 0 0 0 0 0 0 0 0 0 0 0 0 0 0 0 0 14.06356954 35.03476834 34.84533159 35.7777484 34.41961809 34.9662121 34.48049511 35.27955355 35.29180545 34.57364142 34.72629769 34.79667159 34.14767589 34.6508802 34.26956668 33.9813435 33.79852945 32.25204369 33.2377313 30.47925041 28.94333715 26.42869996 24.76811033 22.71510436 21.2230225 17.66222504 14.87987596 11.36146002 6.802490918 1.248435235 0 0 
0 0 0.001427523695 4.725128699 6.852669676 8.745930912 13.07464636 17.82082588 22.21184535 25.1360263 25.61698404 27.24578935 29.09755967 31.48144992 30.59937116 31.86394073 31.78826606 32.81169117 34.2093557 33.20198574 33.31962668 33.16196195 34.31729312 33.23684107 33.55610319 34.55593574 33.30966621 34.74932907 34.39016344 31.83428774 34.4277209 14.34865706 0 0 0 0 0 0 0 0 0 0 0 0 0 0 0 0 0 0 0 0 0 0 0 0 0 0 0 0 0 0 0 0 0 0 0 0 14.57087446 35.49998413 34.92552891 36.23389948 35.21037449 35.8292001 35.04994974 35.42788519 34.65853261 33.30554134 35.23163027 33.80567591 33.68421505 34.87540058 33.1844165 33.55102974 32.65119808 33.91443945 33.30695121 30.27362001 29.95182915 27.8534869 25.50363057 21.78240872 20.47427105 18.31435895 15.83800163 11.28402337 7.571539737 1.367094999 0 0 
0 0 0.01032829657 3.853868149 6.679071569 8.630895794 13.57202344 19.88674794 22.13252221 25.69265967 26.48225886 26.69356996 27.90221675 30.4448078 30.85566228 30.99329583 32.13884138 33.52826259 33.7825189 34.15963482 32.82428117 33.2070689 33.18390024 34.17653256 35.00862649 34.85798714 34.60833265 33.13973492 34.12392001 33.60306132 33.21846594 14.58322152 0 0 0 0 0 0 0 0 0 0 0 0 0 0 0 0 0 0 0 0 0 0 0 0 0 0 0 0 0 0 0 0 0 0 0 0 12.80885776 34.79927128 34.9600235 35.60480263 34.71849295 37.13820766 35.10621962 35.10574457 36.09448021 33.94587462 34.95765284 35.19454124 33.45273081 33.94488144 34.40480906 32.4745934 34.07570788 32.98865677 32.17399922 29.9515947 29.17447211 26.41359576 24.59586217 22.57838757 21.61247593 17.79616891 15.09400417 10.95640628 7.006985241 1.577199221 0 0 
0 0 1.402726324 5.203626449 5.158375827 8.822261332 14.40411024 19.19802332 22.86380121 24.24191662 23.53908751 27.57229718 29.79711098 30.11703198 30.88126586 32.85544402 31.98318753 31.10032656 32.39834143 34.1882981 32.26228619 33.46097202 34.46953914 32.29490263 34.30160759 33.10148152 34.04569963 33.61547786 33.98414653 34.56525193 34.64602951 14.56062823 0 0 0 0 0 0 0 0 0 0 0 0 0 0 0 0 0 0 0 0 0 0 0 0 0 0 0 0 0 0 0 0 0 0 0 0 13.67716386 35.24040011 34.13296127 35.17111553 35.86931492 35.46668659 34.77390555 33.77079567 35.21627674 35.03823863 33.67653643 33.86664422 34.51466421 33.75781983 33.17739205 34.04523783 32.73870212 33.10239508 33.60835439 30.20721951 28.3049716 26.29820877 26.05162492 21.77541878 20.30466451 18.00808033 14.50202688 12.03987287 7.670417267 0.7787558323 0 0 
0 0 0 4.419284686 6.793585401 7.849328033 14.56534972 18.8301507 22.30510412 25.71973793 26.29065149 27.62566009 28.44151317 28.44302898 30.23101197 32.55021577 33.03955328 32.49243891 32.68421605 32.86000899 33.20714481 33.97023806 34.59483616 32.99783509 34.82095324 34.12697017 35.64430298 34.96587019 34.83141792 34.71098956 34.18601624 13.93384996 0 0 0 0 0 0 0 0 0 0 0 0 0 0 0 0 0 0 0 0 0 0 0 0 0 0 0 0 0 0 0 0 0 0 0 0 14.03781423 36.16464607 34.03568338 36.14913067 34.80169499 35.53770064 36.16385615 34.66344961 34.93010272 34.59681162 35.10538598 34.54374227 34.52428562 34.36692264 33.09373438 33.88498314 34.12065897 33.19814982 32.29954631 31.94011051 29.44697598 26.6130506 24.34576665 21.85749062 20.30927086 16.86535534 14.4713768 11.73269548 7.135252737 1.919450349 0 0 
0 0 0.04000233487 3.195047539 6.481584383 8.578689246 13.99157207 17.6123182 21.5540448 24.23621884 25.78151853 28.65035074 28.27366582 30.06916577 31.55063305 31.98877133 32.66853024 32.62180374 33.50797659 34.10900861 32.35683559 33.20582946 33.15847975 33.66351577 33.90992796 34.90569159 33.63555461 35.04648793 35.41120015 34.55539313 35.39680485 14.59764689 0 0 0 0 0 0 0 0 0 0 0 0 0 0 0 0 0 0 0 0 0 0 0 0 0 0 0 0 0 0 0 0 0 0 0 0 14.79417268 34.75996208 35.14052597 35.60375036 34.26418774 34.83199507 34.83047646 34.9039159 34.14888118 34.41998865 34.70442546 35.89463662 34.76353403 34.43075239 34.19319748 33.75545931 33.33704996 33.51809735 32.26297672 30.78333223 29.80919107 28.3779604 22.8589403 23.04129675 20.29247565 17.60485515 15.87102154 11.514714 7.778698533 1.212502473 0 0 
0 0 0.0004322899722 4.606259775 6.788643113 9.413984942 14.09478089 18.52758635 23.10126453 24.94147599 27.34636674 26.9961832 27.57340519 29.16134804 30.78312841 30.99727765 32.99697311 32.74715022 33.46129056 35.10627414 31.94666762 34.27068314 32.50070296 34.56676912 32.04280198 35.91899403 34.69654005 35.02477627 33.95802228 34.64768505 34.92856368 14.32998775 0 0 0 0 0 0 0 0 0 0 0 0 0 0 0 0 0 0 0 0 0 0 0 0 0 0 0 0 0 0 0 0 0 0 0 0 13.05843107 35.56183047 36.0109044 35.49730062 35.7894946 35.55918897 35.23431583 35.56093417 35.71478333 35.17373642 34.02366331 34.09213212 33.72486047 33.63082011 33.96006418 33.40982118 34.35886794 33.90397383 33.28203585 30.52403188 29.4899374 27.26831822 25.40476891 23.30270983 20.64156519 17.3982103 15.64420023 11.55384915 7.549230691 1.032875485 0 0 
0 0 0 3.957858735 7.011666746 9.732655546 13.5676025 16.29926363 22.02832532 24.40117022 26.33290961 25.69699189 29.93756029 28.71219183 30.57418692 31.2700288 32.51162565 31.0621631 32.42394682 31.99951824 32.90782561 33.66843449 34.2610743 34.40867864 33.504463 34.49659097 34.12257657 34.61769127 35.93038033 34.44172449 34.28223204 14.07341305 0 0 0 0 0 0 0 0 0 0 0 0 0 0 0 0 0 0 0 0 0 0 0 0 0 0 0 0 0 0 0 0 0 0 0 0 15.00220591 34.50906177 34.6866544 35.7840568 33.56153545 35.70723358 34.82682627 34.49872463 34.55869028 34.87790043 34.77498596 34.60835256 34.26880288 34.28765201 35.06258294 33.1638962 33.50958156 34.05105047 32.7760258 32.23298356 28.36703563 26.83078932 24.51424797 24.31978081 20.48870359 17.7522631 14.61463799 12.89847579 7.752396271 0.7884834982 0 0 
0 0 0 5.00921362 7.528064177 9.488731959 15.85127681 19.68147867 22.07213016 24.29579682 25.37119312 27.90494147 28.93593071 29.80468792 30.89444338 31.56260967 33.33752209 32.21009218 32.66423609 32.53562614 33.84816788 33.99222533 33.35622526 34.56171998 33.05393578 34.64246527 34.83980346 35.44342682 34.62622623 35.62599279 34.50826797 15.28302107 0 0 0 0 0 0 0 0 0 0 0 0 0 0 0 0 0 0 0 0 0 0 0 0 0 0 0 0 0 0 0 0 0 0 0 0 13.67756359 34.83105229 35.24445706 34.33421778 34.33560999 35.59644918 34.88964222 34.18174511 34.98074215 33.71437843 35.74454905 33.80396499 32.81648688 34.31317752 33.70615889 33.95597404 32.9272638 32.4466937 32.94449141 31.53504881 29.21595296 26.36957649 24.91544397 22.85595718 20.08396355 18.13983876 15.16844213 12.13784187 8.205845806 1.565274369 0 0 
0 0 0.4064385746 4.741673413 6.188334755 9.00150787 13.93095501 19.36788544 20.90288408 25.12455111 24.22519664 26.93032694 29.42203549 28.93335216 31.07472946 31.70100457 32.22387417 33.05502549 31.99824225 33.79042902 33.08581502 33.80120342 33.96536845 33.77472987 33.03539224 33.48800943 35.41860777 34.62047884 34.48138753 35.26485467 33.7751876 14.02856304 0 0 0 0 0 0 0 0 0 0 0 0 0 0 0 0 0 0 0 0 0 0 0 0 0 0 0 0 0 0 0 0 0 0 0 0 14.83316959 34.24823248 35.39889903 35.2178099 36.51524356 34.03034607 33.42711339 33.52903219 34.1834504 33.80437646 33.71433101 34.50132117 34.27523183 34.61233061 33.45310737 33.75893476 33.47397137 32.68964965 33.08613468 30.29692918 29.19907011 27.61476337 24.10719354 22.41192668 21.10746415 17.14280189 16.44000364 10.81668391 7.404051967 1.326251117 0 0 
0 0 1.04454706 3.428629845 7.960165259 8.99304656 13.56513519 18.74154503 21.13505844 24.70314891 25.66744576 26.4666168 28.47914015 28.98873695 31.31794925 30.37950096 32.00936573 31.60289406 32.47341807 34.49495624 33.00493366 34.52103373 33.78031029 34.88577816 34.36954252 33.60512007 34.77649972 34.05624837 33.95336857 35.37497002 34.33707407 14.382754 0 0 0 0 0 0 0 0 0 0 0 0 0 0 0 0 0 0 0 0 0 0 0 0 0 0 0 0 0 0 0 0 0 0 0 0 13.33664492 34.4900991 35.49234311 35.55634474 34.23989966 35.67900456 35.78155977 35.24248904 34.60524376 34.60116266 34.54758352 32.73467958 33.07840601 34.89884882 35.30564028 32.98563986 33.27389581 32.7568978 31.46474245 30.9363689 28.56314685 27.67099641 25.51785582 22.08575615 20.96052962 17.93665816 14.24828936 11.57380468 6.660472109 1.320631331 0 0 
0 0 0 4.094042292 6.734304103 8.940848414 13.34021894 18.02874277 22.00931569 23.79078407 24.5189037 26.72347081 27.42996177 30.38109469 30.41570621 32.87889261 32.16530583 33.79583815 31.903523 32.47031787 32.51682748 33.07800736 34.49647997 32.76379856 33.7965444 33.29570905 33.84653118 36.46372332 35.49137161 34.88040552 34.75270346 13.32618735 0 0 0 0 0 0 0 0 0 0 0 0 0 0 0 0 0 0 0 0 0 0 0 0 0 0 0 0 0 0 0 0 0 0 0 0 14.3273439 34.01808614 34.49000184 34.51702782 35.75471792 34.91921136 34.30458816 34.83358692 34.26149606 33.84935113 33.95767229 33.91800382 35.29252777 34.45413187 32.72513472 33.84736154 33.1494442 31.77210978 31.63979729 31.04063999 29.97220615 26.56860847 24.25367975 22.95611209 21.37667328 17.74638944 13.79158273 10.97004075 7.373121195 1.600258243 0 0 
0 0 0.7336330972 5.3479016 6.832572441 9.160671513 14.23672923 18.72100944 21.05952777 24.41646064 24.6450379 26.34993518 28.84894911 29.72248061 31.60469196 31.27066608 31.76591064 32.59915267 33.40086874 32.67602865 33.60262387 34.73301907 32.63340329 34.52890433 33.59023767 33.96909038 34.51874511 34.78234121 34.14553015 34.72152354 33.98488136 13.92726113 0 0 0 0 0 0 0 0 0 0 0 0 0 0 0 0 0 0 0 0 0 0 0 0 0 0 0 0 0 0 0 0 0 0 0 0 15.61257205 34.40607889 35.65141036 35.16141157 35.04488347 35.1264382 34.55810792 34.0658715 35.759947 35.44288644 33.79738788 34.18750964 33.51231771 32.73418111 33.67913544 33.51289048 34.02992836 33.32514004 32.95023396 30.64793538 29.06505672 26.83308251 24.53691232 24.78876838 19.80723937 15.90654499 15.40981292 10.67314607 7.572478575 1.6507832 0 0 
0 0 1.063764581 4.024212275 6.894476287 9.786266452 14.00526441 19.60371337 21.84366783 25.70255218 25.09395677 27.09292117 28.72257439 29.55941399 31.92266565 32.61159277 32.29654761 32.13414494 32.87288912 33.41987371 32.496412 33.86299592 33.31119216 33.4482658 34.24264409 32.61236189 34.62481677 34.45844433 34.67886398 35.34405925 33.66755395 14.95187716 0 0 0 0 0 0 0 0 0 0 0 0 0 0 0 0 0 0 0 0 0 0 0 0 0 0 0 0 0 0 0 0 0 0 0 0 14.35934814 34.00974701 34.94658696 35.62008726 34.35829141 35.37066739 35.44428787 34.7373677 35.03544087 34.07816558 34.77277846 34.50582521 31.55510639 32.80466909 32.94673828 33.8449577 33.16946712 33.30494083 32.11154661 30.4108294 28.93722046 26.56919028 23.84532458 23.22221203 20.96942011 18.19452842 14.56187093 11.40816052 8.399539979 1.579136921 0 0 
0 0 0.6833607358 5.12787574 6.080652485 8.715475565 14.17712209 20.06444571 23.67742352 24.93875557 26.45113747 27.48519338 28.56397099 28.63122885 28.94277553 32.90476149 33.06130055 33.3182327 32.76320756 31.54757738 32.45577368 31.53004701 33.49384859 33.12185195 32.82345122 33.94169532 33.88603102 32.89940635 33.99836887 33.07211929 33.3474757 14.66512504 0 0 0 0 0 0 0 0 0 0 0 0 0 0 0 0 0 0 0 0 0 0 0 0 0 0 0 0 0 0 0 0 0 0 0 0 13.90896748 35.15885166 35.66460337 34.86066412 35.38606792 35.26857703 35.99439081 35.58165764 34.23766578 33.92685439 33.37927786 34.76534886 34.67579927 32.98902627 34.02427602 33.70889384 34.72559262 33.18340213 30.37476932 30.70092763 27.76724916 26.98361765 23.93304361 21.4680354 19.81696165 17.32636356 15.69661706 11.04937719 6.731286396 1.428274245 0 0 
0 0 0.9532218839 4.03470745 7.000086206 8.853743756 13.15750656 18.15245497 22.4076276 23.39944459 24.34239171 26.4571895 29.0420656 29.00614083 30.0342424 31.98512328 32.41714441 31.92569397 33.13244689 32.0157865 31.93183223 34.71044059 32.98744049 34.30145783 34.88725836 33.4523989 32.92611185 33.52342751 35.674185 35.16683761 34.78490556 15.119756 0 0 0 0 0 0 0 0 0 0 0 0 0 0 0 0 0 0 0 0 0 0 0 0 0 0 0 0 0 0 0 0 0 0 0 0 12.67463052 33.16483241 35.88992721 35.29544889 34.34294404 34.70349936 34.54001704 33.59335431 35.64734051 34.41729945 34.14325829 34.05955742 33.97755633 33.90274486 34.44188082 33.83938795 32.04957015 32.06563375 31.79515306 29.1449164 28.42021652 26.81489006 24.9907767 21.92452884 19.7430985 17.90006864 14.94881888 11.42481674 7.639498103 1.199171853 0 0 
0 0 0.01010889152 4.770499952 5.980186113 8.127774264 13.88908837 19.05441263 22.06719137 23.86053736 25.82597593 27.16180617 28.79741051 30.57266335 30.85917374 31.92855693 31.17789915 32.75411702 31.13923953 33.88024708 32.77770722 34.18790398 34.02338047 33.50978223 32.34244065 35.1215906 34.05151767 34.65204854 34.24398097 34.3169876 33.56002707 15.95191847 0 0 0 0 0 0 0 0 0 0 0 0 0 0 0 0 0 0 0 0 0 0 0 0 0 0 0 0 0 0 0 0 0 0 0 0 13.55965974 35.40473887 35.40148033 34.69626788 34.94813631 35.05096973 35.47876401 34.57241281 33.72235941 34.1604639 33.47762661 34.18642635 34.91715473 34.40500388 33.93760061 33.41639227 32.78628251 32.7146098 31.83804005 30.89904963 27.42653227 26.83156776 24.58066238 22.31980562 18.95226471 17.19877098 15.25105529 11.59892529 7.225537385 1.630672212 0 0 
0 0 0.1734848291 3.269592793 7.361872422 8.105860766 12.68340944 18.54212598 22.22054097 24.31689191 26.39256582 26.64919824 27.39684117 27.61825395 31.03016667 31.68634726 32.52754712 32.81330729 32.39428773 32.10580284 32.49308813 33.84943011 33.4963974 33.30451802 33.57641301 34.29346783 33.66571989 34.75556207 34.72733912 34.66607364 34.1757883 14.17337263 0 0 0 0 0 0 0 0 0 0 0 0 0 0 0 0 0 0 0 0 0 0 0 0 0 0 0 0 0 0 0 0 0 0 0 0 13.78189082 35.30704061 35.20556416 34.94687691 35.89175417 34.86605884 36.26295603 34.41761284 32.94585854 34.18887146 35.04316378 33.1824309 34.26373811 33.82487105 33.61367475 34.90323162 33.48423006 31.53418837 31.71845501 31.23034191 28.67642011 26.02318163 25.17599758 21.2989991 19.50752795 17.74745132 15.3149549 10.19048154 6.837596315 0 0 0 
0 0 1.615220474 4.537494353 6.809753192 8.345863633 12.93836903 19.22383043 22.10493877 24.26741992 26.70885846 26.73248272 27.94976291 28.76810887 29.80686526 30.30394978 32.19666714 32.37857016 33.00574975 31.7948145 33.12000568 31.29593053 34.54381754 34.54483113 32.53765031 32.64414944 33.51048077 34.41008109 34.302537 34.55440833 33.68607821 15.54486687 0 0 0 0 0 0 0 0 0 0 0 0 0 0 0 0 0 0 0 0 0 0 0 0 0 0 0 0 0 0 0 0 0 0 0 0 14.06655806 33.89254117 35.27602276 34.46579715 34.25382295 34.41360541 34.33897135 34.07817799 33.95590416 34.54933839 34.41624563 34.91704665 34.14553263 33.57083572 34.19045492 32.21313009 33.11969295 33.50376089 32.00795401 29.8401248 29.57895736 26.13579699 23.57221013 23.46157864 18.0609269 16.61923352 15.23185891 11.08901129 7.219183516 1.713004815 0 0 
0 0 0.09023139076 4.483389225 7.009663994 9.420160831 14.00228183 17.90723853 22.27646492 23.82513734 25.62621349 26.0049113 27.3521848 29.62845872 30.68433615 31.99072191 31.65387977 31.69545284 32.63532907 33.29831144 33.33627611 32.61476354 33.40726965 32.19596382 33.59125697 32.18744492 34.28108312 32.09430701 33.42673791 34.10233166 33.8526461 13.38174228 0 0 0 0 0 0 0 0 0 0 0 0 0 0 0 0 0 0 0 0 0 0 0 0 0 0 0 0 0 0 0 0 0 0 0 0 13.56756534 34.70320165 34.40511771 35.16327118 34.21029036 35.38096092 33.89430888 34.02866853 33.82087573 33.78661315 33.79504561 33.54955235 34.31599503 34.09394589 32.47315003 32.62965123 34.26297557 33.43429601 32.9543997 30.92589058 27.7960002 26.52181701 24.09041661 21.70312692 20.76044912 17.35648619 15.09888317 10.22335567 6.473312168 1.038676341 0 0 
0 0 0 4.542751594 7.107340604 9.074494624 13.58621005 18.43594526 21.77854231 23.17927154 24.4792359 25.16590148 27.84902702 29.58718495 31.07849457 32.12639441 32.42609037 31.07143338 32.61968842 31.50684148 31.18610596 32.60461784 33.09926641 32.82469678 33.60622379 31.89995043 34.49419166 33.54405644 33.78303566 32.96376383 33.71505844 14.1115567 0 0 0 0 0 0 0 0 0 0 0 0 0 0 0 0 0 0 0 0 0 0 0 0 0 0 0 0 0 0 0 0 0 0 0 0 14.06381658 33.88580397 34.12760266 35.22870073 33.70459875 33.94058157 34.64897977 33.61044476 34.54120809 35.29361472 33.63850328 33.52476685 33.431308 33.98956749 34.1217662 33.82070082 32.32576633 32.99986229 30.72804491 29.89376424 28.31947942 26.84477865 23.69968799 22.137782 19.66209669 17.98943312 14.91053242 10.66491637 7.944040101 1.608361582 0 0 
0 0 0.3264936891 4.649734715 6.473030606 8.133821485 13.33278437 17.95728777 21.51200148 23.82484415 23.79576373 27.44714522 28.7895148 28.00966042 29.25278803 31.01660612 31.88234295 31.67580093 33.43661872 32.75657025 33.13597659 34.99619736 32.08077421 33.53475175 33.0367501 34.57916519 34.13553102 33.46956518 34.01616776 33.85743842 33.33774464 14.57265019 0 0 0 0 0 0 0 0 0 0 0 0 0 0 0 0 0 0 0 0 0 0 0 0 0 0 0 0 0 0 0 0 0 0 0 0 14.24941828 34.51009832 33.7039718 34.6823774 34.12312269 33.13955935 34.54979227 35.25865604 34.65655728 34.64504214 34.212793 33.3431805 32.98872952 32.50045068 31.63602382 32.56385521 32.9117504 32.68592464 32.31592229 29.69202783 28.08401702 25.84637405 23.95019654 21.2143038 20.42001111 18.18532564 14.69220779 10.92500965 7.259112426 1.282583418 0 0 
0 0 0.8125205892 3.225365915 6.612362781 9.010737718 12.56858385 18.62695251 22.1324862 23.52508858 25.32575835 27.63031327 27.84109317 29.41909689 29.6170642 29.95518159 30.67274901 33.38789286 33.08792911 32.92038429 32.97169409 31.41547575 33.00919659 31.96027502 34.01400866 32.69413025 32.79381229 33.72913488 33.04300643 33.76511453 34.45876882 14.60278407 0 0 0 0 0 0 0 0 0 0 0 0 0 0 0 0 0 0 0 0 0 0 0 0 0 0 0 0 0 0 0 0 0 0 0 0 14.37301344 35.42306061 35.24059432 34.82787526 34.33864968 33.05309455 32.98245751 34.15322884 34.07179658 32.96893382 34.20952946 32.84766573 34.22372769 32.99024922 34.24595139 32.364484 32.81221751 32.04421902 31.04462933 30.98832195 27.65704416 26.34728727 25.46319621 21.49998962 19.52763408 17.48670446 14.91861994 10.7018488 7.178453985 2.031965491 0 0 
0 0 0 5.312136859 6.942636278 8.609555553 13.27063773 19.02269392 21.96718992 23.9845848 25.61332884 27.04307748 27.32675486 29.32249456 29.44895761 31.02225502 31.12803859 32.80947471 32.27685116 29.73862335 32.05025082 31.69781778 33.12935121 33.53749914 33.59508134 33.44284126 31.1908778 32.24677763 32.70035821 33.53608489 33.71357745 13.28139533 0 0 0 0 0 0 0 0 0 0 0 0 0 0 0 0 0 0 0 0 0 0 0 0 0 0 0 0 0 0 0 0 0 0 0 0 13.94169015 33.57875097 34.21553938 34.64841562 34.29300297 34.42881917 35.36281317 34.01495704 34.49778006 33.79245874 33.13313063 33.56913525 33.17462274 33.39159176 31.735697 32.31363785 33.30856183 32.0675391 31.74987463 30.16022856 27.95834147 26.49797837 23.342931 22.84879025 20.65760316 18.08431452 14.34782588 11.53045508 7.322854056 1.658859632 0 0 
0 0 0.2591707729 3.493819674 6.490499405 8.703523386 13.13666303 18.67152412 20.05877624 23.83132022 25.24432077 26.39551666 27.22385371 29.79011923 29.70287983 31.01762955 31.75821607 30.97054313 31.69629139 32.33508978 31.17777419 32.14198943 31.75148944 31.88099188 33.29282622 33.38811318 32.94224509 32.95450466 33.65453138 34.48099218 32.14830849 14.23211516 0 0 0 0 0 0 0 0 0 0 0 0 0 0 0 0 0 0 0 0 0 0 0 0 0 0 0 0 0 0 0 0 0 0 0 0 13.68689203 33.3402335 33.95028147 34.89725402 33.70117578 33.18012068 34.09612901 33.18748684 33.0358985 33.82976389 33.48625086 33.35113701 32.57625364 32.54392452 33.16854736 31.30278664 34.03415467 32.33702149 31.65064969 29.96746456 28.30990999 26.66553559 24.05953291 20.70469529 18.61533659 17.82390311 14.79496456 11.38575582 7.015145544 0.3400105532 0 0 
0 0 0.001820980655 5.225755695 6.515729802 8.671046953 14.13225019 18.17129269 20.43977969 24.00945196 25.01848281 26.58432439 27.05096754 28.36045657 29.97674782 31.38471983 32.00153732 31.99275513 31.01342653 31.88241791 32.9806764 31.47012958 33.11253238 33.35168078 32.66788675 31.73908788 33.31351791 33.56178985 34.85265175 34.00023427 33.13163354 13.54561819 0 0 0 0 0 0 0 0 0 0 0 0 0 0 0 0 0 0 0 0 0 0 0 0 0 0 0 0 0 0 0 0 0 0 0 0 14.52926087 32.83160255 33.95977089 33.66937511 33.85297502 33.83642089 32.47532255 34.03176027 33.46292154 34.36873435 33.42157862 32.56745999 32.83199578 33.08670386 33.01027945 32.40805863 32.44253314 33.55820019 29.95140303 28.1597368 27.5725807 27.34068462 24.00487357 22.90927835 19.35148496 16.36416877 14.40963366 11.79138102 7.453284061 2.030699193 0 0 
0 0 0 4.635965862 6.439604267 8.841720502 12.9881806 19.01896776 21.85452508 24.22556784 25.33969407 26.82586315 26.5404208 28.85820711 29.29922413 30.58364047 32.28607283 31.35145319 31.89599057 31.24835803 32.5630496 32.78971851 32.65790229 32.46721817 32.57300688 32.92491682 32.67048439 33.5231906 33.5534163 34.08709392 33.33747727 17.21578405 7.551044867 7.581999211 6.522319244 7.047244285 5.478561811 6.060713733 5.108270109 4.560449293 4.76201891 3.165258937 3.330075351 2.636375609 3.284531725 0.9623317687 2.35671395 8.381413232e-05 1.258623045 0.8676535916 0.4926857224 1.124050016 1.8230634 2.444985958 2.748993261 3.021007918 3.105495112 3.607468474 3.914600085 3.829430959 4.281696304 5.477184673 5.094389778 4.770025756 8.034879428 5.997675853 8.942343127 9.609084522 16.90532846 33.41944394 33.03678119 33.88833908 32.98560738 33.97422019 34.63285596 33.66371858 34.2233785 32.56980493 32.655049 32.3160619 33.78968808 32.32579921 31.68679598 33.07792812 32.61567942 31.6198846 32.68660961 30.15043016 27.50981763 25.39106087 23.54977073 20.21507046 19.78422886 17.1500284 14.81534784 10.29027987 6.402507696 2.353329298 0 0 
0 0 1.723401171e-05 4.236476424 6.841160086 8.772048195 12.83910202 16.80530586 21.33820208 23.12153141 25.06421316 24.81312507 26.92483049 28.55236299 30.28847482 29.78721316 30.53210554 31.64651472 32.25548232 32.45370196 31.84595887 32.56583877 31.69520519 33.68011037 32.63655041 32.83230342 33.87564362 33.03664787 33.87629727 32.93674724 33.21866593 31.22374477 29.45030034 29.14329434 26.81771398 28.24638023 28.26947443 29.81600843 28.58448559 29.54573839 28.2594962 28.03685133 28.87165647 29.56534488 29.3670348 27.8695331 28.14532567 28.41782384 27.72604492 28.34621907 27.65654943 28.09641104 28.32163681 28.58518399 28.34462023 26.79018156 28.38842782 28.56320504 29.35233488 29.0857568 28.22960925 27.78500852 29.32488739 28.98573519 29.52968671 28.5691309 30.22613079 29.66165412 30.88701702 34.27226166 34.06846141 35.1328864 33.26619019 33.33401373 32.9465827 33.55981211 33.19948385 33.32385276 32.42528239 31.93857892 32.83048126 33.98717733 32.18048046 32.78608392 32.13421869 31.1400198 30.33647178 28.20448331 28.30546128 25.93663496 24.10587945 21.86456583 19.29104449 16.98082292 14.570515 11.3159851 6.986213743 1.260353915 0 0 
0 0 0 4.523849727 4.571782383 8.26806089 14.00008293 17.14170112 20.23762206 23.49001216 25.12584148 27.10064477 28.28881589 28.22240625 29.85729824 31.09142249 30.69735997 30.11097832 31.03199711 30.99413098 30.82204958 30.61032149 32.73577992 31.66919609 31.93886886 31.55164044 32.74252738 31.33814408 32.40202978 33.5978467 32.24719643 33.59598515 32.77441326 33.94718364 33.83946836 33.33932359 34.08157269 33.66882697 34.39710395 32.97120654 32.74628298 33.33185549 34.76283806 34.27510148 32.46136883 34.44774419 33.93773293 33.00880613 33.12494481 35.1325683 34.51657362 35.61380394 34.37290663 32.58580396 33.95189116 34.59150373 35.84983466 33.42435496 33.99413042 33.97114045 35.54626396 34.55065987 35.01977084 34.26475243 34.43420416 34.88963805 35.1329728 33.9706373 35.00620613 33.93971796 34.28442051 34.1818745 34.17084306 34.04661593 32.40700311 33.43606181 32.881849 32.94434684 33.1249404 32.36112528 32.71679876 32.56803792 33.72747912 32.33527534 32.51829612 32.01702837 31.04782799 30.36049955 28.46809965 25.80561012 23.27672694 21.13726603 21.15288739 17.60853609 14.0750948 10.93994445 6.58735394 1.670435725 0 0 
0 0 0.1073901174 4.127502779 6.154016031 9.410960858 12.50991607 17.21185556 21.3042167 25.00119645 24.96220938 25.47940634 26.67173386 28.09559971 30.16856232 30.42639204 31.10644969 31.46354103 30.70439802 30.63244366 30.4790107 30.34944275 32.03487825 33.57952439 32.0011869 31.67969174 32.6740486 33.20199904 33.09578896 32.97924127 32.72673729 33.04212699 33.30276619 34.49790326 34.44153708 31.89398617 32.22650751 33.4655066 33.28595319 34.897006 35.28015545 32.93068258 33.85455729 33.69236336 34.97067357 35.56754139 33.50478659 34.53162463 34.74675002 34.48334397 34.03213681 34.80195809 34.58047822 34.78922095 34.55431264 34.62626033 35.91433134 34.45332306 34.48231981 33.7221151 34.68828078 33.79927948 34.2022141 34.82836238 34.07782387 33.62865111 33.19077278 34.17411486 34.12161676 34.6513441 32.91800198 34.64748325 33.87019401 33.2838057 34.24102695 32.56144676 31.86227554 33.64850611 33.62049047 32.3811969 32.5190686 31.88022566 31.15895672 32.51702721 31.87124679 31.44511945 31.00631306 28.76664745 27.28721541 25.70738987 24.28344901 21.70259736 19.57045955 16.73920281 15.03102525 9.6182233 6.610623442 1.702502131 0 0 
0 0 1.865500447 4.787898504 5.720446707 9.443075463 13.23674647 15.4606578 22.28886012 24.38635011 24.7644855 27.35436593 26.96343716 27.64084007 30.17818941 30.80273202 30.19718208 31.58268684 31.08606355 29.94147513 30.29072894 32.84816566 32.05305484 32.21525982 32.08585638 30.69258181 32.20455754 31.94110653 32.11260377 33.09451569 33.90273362 33.50508189 32.92082223 33.78451164 33.07196476 34.43502769 32.77366198 34.38851297 34.78883561 34.54321597 34.05673039 33.28239969 35.98824612 34.75652456 34.03615425 33.74558589 34.37587834 32.82714282 34.56979491 34.29593843 34.33040575 35.34314597 34.46292206 34.51823859 34.89232199 35.39720274 34.60650766 35.04177024 36.2585982 34.70229803 35.49559188 34.214655 34.05034889 35.11410186 34.53323945 33.92716068 34.23229775 34.00830594 33.04447221 34.33925965 33.51136819 32.85858301 34.01299047 34.13372487 33.86945758 31.53888111 32.8168611 32.79391738 32.82612548 32.37385322 32.22302 32.09800183 31.2974503 32.4952081 32.07905399 32.56929181 30.44648935 29.6184117 27.5021357 25.91749016 23.40972779 22.24937648 18.89839458 17.41294202 15.19988162 10.63405294 7.495120708 1.507487057 0 0 
0 0 0 3.428721235 6.357219317 8.164975514 13.05283663 18.04441259 20.43572615 22.93027173 24.53004283 26.30881128 26.58250469 27.677547 29.65601283 30.75759642 30.83269153 31.00509836 31.14048562 32.28633277 31.49908536 30.90924417 31.70234709 31.74334814 31.43705603 32.39154226 31.9308999 31.68935208 33.2816621 33.06231009 34.06251964 31.88826531 33.64741822 32.97008772 32.18841869 32.69595538 33.26877264 32.91470398 33.35028817 33.86346761 33.057361 35.01470491 33.25054822 34.48574498 33.94371878 33.38347018 34.30932512 34.14502289 32.98925223 33.69558699 33.98672513 34.54175534 33.92620376 33.7285751 33.43861269 33.78471115 34.05679799 33.663842 33.68718595 34.7875454 34.4528799 33.48400182 32.92090951 33.15903693 33.23530896 34.33568854 34.14176585 33.99106903 33.12608979 33.74771219 33.35085821 34.24501336 32.30619867 32.53314598 33.3992273 32.47530874 32.7686316 33.89557008 32.49150678 31.73210372 31.97466765 31.26847955 30.7930631 30.98349536 31.03012194 32.07307072 29.4007744 28.0364507 27.3579497 25.97330902 22.68232935 21.23890107 19.17658621 16.58740867 13.67529498 9.410186145 6.646376419 1.581492693 0 0 
0 0 0.05099252041 4.464047441 6.441019994 9.674760491 13.41869519 17.44541796 19.72579013 22.99283911 22.81062178 25.14164521 26.57174917 28.72648284 28.60523925 30.31711185 30.85416891 30.79078997 31.31311636 31.16983167 30.65946285 31.01354612 31.06343516 30.18652127 32.26475738 31.24267231 31.22349912 31.79662549 31.21133843 33.16741732 32.20912058 32.86774738 33.19126178 32.55422549 32.9183147 33.2068034 32.54213005 33.61040978 33.9213982 33.22733276 33.96427573 34.29831197 34.52539131 34.52584682 33.56788043 33.73875928 33.48971029 33.535384 34.32948053 34.02099092 34.37328455 32.827093 34.53608343 33.54537916 34.36115454 33.28045949 32.48579481 34.24806051 32.7326881 33.92236386 33.6843591 34.11085233 33.24753634 33.46979881 33.81175887 32.57592142 34.05539269 33.84563348 31.67186452 32.2426623 33.36246888 31.9033636 33.26955506 31.61382601 31.33742454 33.24054305 32.08486705 32.14653845 32.13333568 32.04431952 31.69461103 30.22216756 31.2517989 32.23903967 30.08803905 30.25248364 29.88490587 29.13510005 27.0602365 24.58291828 22.86947511 21.702507 18.73899007 16.61701519 13.48139861 10.96604291 6.615323571 0.9606663163 0 0 
0 0 0.3777847589 3.754399078 7.00990731 8.370635088 13.10055773 16.70618339 19.70392721 23.06604935 23.52880758 25.13451125 25.82186171 26.89446621 27.71058246 29.13935004 29.84407583 28.96467903 30.72610874 31.29078711 30.64938092 30.2811365 31.48201551 30.96186207 29.74783484 31.61088343 31.16825181 31.93112867 30.42799173 31.34846128 31.49277119 31.90347904 31.16049299 31.59559206 33.13740353 30.25747452 32.59712844 31.75801469 32.60010626 33.15880184 31.43214852 32.23872809 32.87514272 34.22406798 31.44780297 32.59179039 32.42222732 34.09179007 33.08652144 33.60624543 32.28343211 32.51072955 33.72523665 34.01741607 32.32324152 33.22849352 33.26207801 32.23018688 32.26762659 33.68947378 33.93517778 31.5736014 33.45593274 32.53430083 33.39866309 31.81098774 33.05284634 33.65544799 32.20943446 33.75006891 32.64872187 32.19129628 32.00532786 32.25001198 30.67957339 32.997657 31.07374245 31.14752927 31.92379187 30.71673556 30.7180908 32.42054711 30.3331221 31.00850172 29.62066613 30.47637885 29.58343081 26.61281434 25.78064983 24.24635532 22.80106953 20.70539114 18.72343744 16.27591281 13.37658499 9.878133163 6.892059779 1.324262675 0 0 
0 0 0.8579635264 4.249212319 6.583224935 7.600925427 11.99347602 16.34391182 20.61619018 21.6759692 23.11559139 25.66777245 25.90305532 26.23266628 27.72864238 28.16735869 28.90543586 29.26605928 29.63018888 29.60956794 30.49197713 29.57283372 29.01011915 29.10566324 29.97523339 28.76096866 30.59482215 30.43434085 30.93235196 30.71491745 30.55628279 31.13177611 30.63998028 29.89452777 32.09742127 30.14202689 31.6481856 31.71393251 31.9418231 32.17986892 32.39928456 31.77368094 31.44843817 33.62411738 31.34161893 32.8164357 32.53162964 31.51560452 30.893722 32.32729265 34.00346449 31.07474788 31.87264473 32.29944442 32.12641622 32.33795785 32.25728475 33.04689291 32.47124554 32.39467012 32.35925442 30.95538523 32.71556 33.03377037 32.86155995 32.20781065 31.15930956 32.637776 31.17827655 31.82650266 32.29842503 30.80959746 30.85738451 32.6097663 30.71488591 31.26971281 30.34745728 30.58204659 31.30971729 30.71895703 30.06410744 30.44702716 30.24828933 29.99577038 29.00215967 29.91504015 30.0398785 27.96103183 25.52857999 23.65635154 22.0750941 20.33624183 19.23613268 15.9004541 13.69660263 10.4205521 6.315989665 1.185070799 0 0 
0 0 0.001458536567 3.601902281 5.472766631 8.731985116 12.16328724 15.5227633 19.22542876 20.66866921 23.4223478 23.5887215 25.39758386 26.44879466 27.99325978 26.88008005 28.27098855 28.21165014 29.52049575 27.12525104 28.81998285 29.343072 29.3113627 28.85660328 30.44551357 28.95830779 29.59456745 29.2516345 30.73076653 29.2851587 30.24633319 29.68297806 30.0419783 30.94848897 30.14601814 30.95656139 31.21448174 31.15555845 31.13702758 30.91861966 29.96246357 32.82270796 30.87063814 29.7066097 30.6452909 30.92758486 30.90183404 32.5935363 30.88250822 30.80372796 30.59881572 32.09817605 30.9907592 33.40576716 32.74775973 32.02880336 31.21166414 31.13237196 30.68151329 31.51971987 31.55160296 31.18417705 31.36487044 30.51571884 31.63246852 29.55994742 30.02717874 32.2455219 31.3935076 30.14023735 29.83966794 30.37036175 30.79585704 30.03447932 29.93296417 28.91168434 29.39765895 29.8159914 30.11222117 29.11623159 28.97927127 30.09237701 27.56536383 28.27965079 29.02145022 29.37386555 28.24262625 26.77903838 25.05700608 22.16518587 20.07289877 18.75074639 17.13224033 15.2584446 12.36700373 10.44915399 6.075780248 0.9292328119 0 0 
0 0 0.9482810393 3.57588046 5.45214417 7.713047569 10.13742576 15.18467266 18.25551712 21.66257611 21.26549049 22.77120967 24.42043386 25.34375148 25.7723161 27.19427949 28.19328741 27.02485902 26.77958898 27.07730798 27.17907932 27.21005414 27.72902915 28.03944995 27.44364273 28.79724911 29.54928524 28.75299668 28.83689304 29.15406045 29.27631227 29.45746564 29.87131244 28.95728962 28.84593519 30.01478412 30.39378012 30.06138108 30.4187839 28.7202144 29.08846028 28.96657773 28.70342742 30.36168029 29.33040866 30.44554039 30.61982114 30.26442598 30.56100413 29.77109515 29.22295081 29.89261918 30.37190314 30.44757465 30.77945148 29.78176788 29.89995626 30.84854814 31.10255022 30.80889166 30.55484759 29.74771161 29.81779885 28.6631133 29.67523443 29.6433395 29.7238224 30.12027769 28.7177235 30.2780094 30.75636984 29.26817471 28.84182797 29.894115 29.17014074 29.55669776 29.61478904 28.0006334 28.4972556 28.66408786 28.16772259 28.29941387 27.52399716 28.99857384 26.62135313 27.33101948 25.67412575 27.07826127 23.8399674 22.46457732 20.31179975 17.99177901 16.83757038 14.86975174 12.95652122 8.490938438 6.010254941 0 0 0 
0 0 0 3.897906639 5.218796875 8.889426079 11.21313571 15.33073578 17.8040247 18.26840422 21.66914354 21.77219548 23.75590543 24.05807633 24.57200038 26.03954791 27.01131858 26.65060905 25.0985837 25.76701013 24.74940638 26.76382105 26.27733459 27.31504075 26.7107326 27.66954463 27.05095958 27.77426321 26.71626594 28.2160085 28.92017831 26.96960426 27.90143489 29.64371501 27.19768403 28.19497936 26.85151861 28.227959 27.36483601 29.80665266 28.52565902 28.83103143 27.33110098 28.60534238 29.12864912 27.84946413 29.09669073 27.49338079 28.49954167 28.05395198 29.79729873 29.28624492 29.32539344 29.37317182 29.49918982 27.05771257 29.54165149 30.59811742 29.00597817 28.86069789 29.30500604 28.85775781 29.28601451 30.38229711 29.11237773 26.72812868 30.01853932 28.00866895 28.01489394 26.78806945 29.01195149 30.10070508 28.62403213 27.5673252 27.28609273 27.53017326 28.06473712 28.5626207 27.67082452 27.03957824 27.41509974 26.28502423 25.8278519 28.18264986 27.16989241 26.13268514 26.81370991 24.09723692 22.15645983 21.04478744 17.41913958 18.06057733 15.1866706 15.22107312 11.75928594 9.547402736 5.097147572 0.9044745651 0 0 
0 0 0 3.229000703 4.776408179 6.343696468 9.642536908 15.17939046 17.69485543 18.57054029 19.61501399 22.98906638 21.68210955 22.24750357 21.95964559 22.98712284 25.42625221 24.87057322 24.84881131 25.47422442 25.98536014 25.72364198 25.41986058 27.23783468 26.00647055 26.97897342 26.88804305 26.27413777 26.31115718 25.77766566 26.36334789 26.44495109 28.64123008 27.65604014 27.03724014 27.46955572 26.07848093 26.20056801 27.92050908 28.06606881 27.27513264 27.63999087 27.9490356 27.38650626 26.57641796 28.94078771 28.06917097 26.55684695 26.86341254 28.04206513 27.59172273 26.97152676 28.68787352 27.83443913 26.76224159 28.42207824 27.87463648 27.5375182 27.46339807 28.17804154 26.7381396 27.8086336 26.63155092 26.67420633 27.74013092 28.43841149 26.85092523 26.21945501 25.50256712 26.87172246 25.5306486 27.52070225 26.6038043 27.40493343 26.97720053 25.69465736 25.90178215 25.45542957 26.69667492 25.56655378 26.09347317 25.47393667 25.57942089 24.99719531 26.4322623 25.97200483 24.40244753 23.8545122 22.56149385 19.17046701 18.09250562 16.38524552 15.06816167 13.57126774 11.80098677 8.945001972 5.155810929 1.319769073 0 0 
0 0 0 3.05471167 3.87115123 5.06539004 9.682037212 12.30208197 16.2866868 16.24051509 18.39895542 19.66730221 20.07425442 20.97885135 21.43875463 22.9283619 23.22501297 24.48517355 22.21381387 24.22524767 24.22127118 23.52123413 23.9008106 22.78895248 24.37338786 23.25196474 24.0335977 24.06306344 24.82374983 23.99853293 26.11002641 24.20924296 25.10142658 24.64050979 25.26152186 25.18186868 24.69691187 25.26742784 25.85693911 25.46158545 25.58125962 26.52559515 26.03959536 26.81274527 26.28360474 24.1410788 25.78244786 26.94851696 26.17096732 26.89978555 26.14029096 25.80258748 26.77728124 26.85555908 26.56974096 25.38368714 25.25400861 25.66231065 25.14991623 26.03013795 23.95332843 28.12386095 24.87324901 26.33208307 25.18869015 25.82929542 25.77684504 24.67522453 26.1604995 24.75485122 25.09607386 24.48096157 26.33953436 24.9298464 24.71069106 24.9525983 24.6659484 24.79479098 25.44621173 24.29611332 23.03500753 25.37569222 25.02930973 23.7937482 24.59796083 24.03714032 24.03284578 21.6018506 20.59468816 19.73894196 17.3902242 15.35225628 13.38512533 11.59665194 9.819186301 7.578735819 5.412230031 0.8584350089 0 0 
0 0 0.01501176409 3.471579006 5.328778208 5.386260211 9.24947717 12.44603536 15.12260008 14.56456705 16.38073799 20.02910547 19.59208707 19.67982436 21.11748217 21.72509527 21.10382122 22.59433839 22.38130502 22.27372129 23.43165786 22.42534941 23.33054981 22.2368995 22.77334798 23.16173879 23.66782503 22.71187191 23.12320069 22.07463909 24.95707496 23.27125949 24.06097265 23.1603212 23.07787179 24.07630546 22.63273884 24.02350745 24.08835503 24.46940998 24.73874815 25.05111679 22.88787639 24.88503179 22.77966626 25.08256141 25.07593828 26.36641492 23.49702866 25.83791176 23.79865824 24.04887474 21.76389915 24.56952911 22.76497905 23.85313875 23.93898974 23.84890874 24.21686037 24.43619657 25.96765611 23.65470598 23.67672042 24.71699619 23.84566749 24.02959055 24.32909422 23.68555552 23.12370417 22.92057268 23.9494733 22.98759203 22.96613521 22.66324897 23.49442817 23.2238718 24.11570525 22.39573343 23.3148333 22.67267275 23.08441389 22.64041431 22.26886839 23.51924421 22.88871877 23.78092545 22.47465431 19.51718751 17.43223399 17.10463649 16.7560573 13.44885358 13.63439868 11.78942906 10.70496176 8.192101595 4.919681617 0.4704163174 0 0 
0 0 0 2.548616532 3.997558181 5.818049806 9.051801318 11.30206165 14.41300789 14.428689 16.15767041 17.78925029 16.48978692 19.84998834 19.34392054 20.04076984 21.65133701 20.13403926 18.91826822 19.71484093 20.56067397 20.96496741 21.42543583 21.20345373 21.90713715 19.85976672 21.60652909 21.2682254 21.67296751 21.51549799 20.7271259 21.98495223 21.21932253 21.32017166 20.64610109 21.45516731 22.61533581 23.78460896 22.92182121 22.17411676 22.31664137 23.22137869 21.59802388 23.45601497 23.79586805 22.69770578 23.02627566 23.20876498 22.89425236 22.61620912 23.23479773 23.43449749 22.65201838 22.00446179 22.54427708 22.32667995 21.59504757 22.87697454 22.60041893 22.63360797 22.74362084 22.68863447 22.59040645 21.23724402 23.0409111 23.27561663 22.56539687 22.51059944 21.13952264 20.65552697 20.82075978 21.85871192 21.52454482 21.56063937 21.53661306 23.8626329 22.22694222 21.93345776 22.44305432 22.25338373 20.89796427 21.14390609 19.71134468 20.89489754 18.36014943 21.373723 19.34470738 18.04721043 17.36281934 16.62833931 15.96525404 13.49151573 13.03373747 9.731906979 9.615032377 6.431645934 4.256240924 0.9231928509 0 0 
0 0 0 3.12632101 3.323386393 4.781245427 7.500643515 10.70131071 13.03938846 14.20437147 16.31581629 16.40091043 15.39929897 15.27919551 16.46143699 17.78716757 17.93622125 18.3344423 19.71235934 18.25712854 20.80109673 18.71670818 16.88230612 20.85745252 19.29857232 19.90147919 20.4786493 19.11951357 19.44390475 19.3595021 19.59755695 20.73897255 20.19850588 20.9098299 20.43238287 19.57505832 19.98015523 20.24085611 20.6681529 21.10764035 20.21984908 21.74463592 21.84098103 20.78526467 20.29839467 22.04931959 21.15756797 20.12312256 20.23827961 19.99122911 20.89182403 20.60968616 19.57083962 20.14283801 21.47336825 20.89923898 20.83654082 20.47043515 20.2159262 20.45450219 20.42567367 19.37276385 21.66004548 20.76154655 20.44592989 20.41594838 19.8863756 19.86007144 21.50068561 20.84919016 20.75954213 19.78579034 20.142247 20.69574372 20.77868184 20.06468595 19.59387605 19.50691658 19.4480793 18.31098027 18.27799193 18.90379845 18.54946221 18.95494415 18.7252714 18.89571308 17.86855164 17.30376248 15.40625882 15.44350249 13.6620692 11.00465216 11.75478327 10.11124867 9.076948199 6.350232388 4.020429519 0.6568759352 0 0 
0 0 0 2.235945528 2.97625273 4.870896449 6.439525575 10.45676246 12.33244442 12.392244 14.31199078 13.88634604 15.74653016 15.56223442 16.78888643 16.3066768 17.72074447 17.79014285 18.41403324 17.31353947 17.927908 16.95866242 19.16881591 18.3018937 18.67665651 19.12886982 17.28717824 17.78287522 16.92788787 18.79211342 19.08636556 18.84217424 18.04513784 17.61069956 19.70628833 17.9464587 19.28183072 19.060246 19.27673879 17.60768788 18.01900192 19.75262203 19.37543654 19.75738732 18.71003214 19.13524682 19.15474356 18.17024483 18.73866322 18.61554055 19.1310232 19.45105401 19.19350956 18.74840064 18.31127489 17.85796516 19.24364391 19.93847111 19.28334752 19.6977424 19.07259368 19.63114872 19.24492364 19.04904717 18.18005679 18.73919242 19.96344266 18.41570143 17.87999066 18.83361877 18.41179999 18.73438008 17.90478991 18.30462661 17.3279597 18.51825974 17.64392732 18.76504172 18.51875075 17.97729229 16.59891018 17.37835743 17.52152068 17.71459253 17.06832843 18.00079363 15.96803306 15.72325911 14.63690856 15.21448723 12.95526881 12.62328063 9.976576338 9.464933918 7.619510592 5.313041549 3.361227809 0 0 0 
0 0 0 3.037951469 2.651668342 3.749918002 6.657550468 8.492877515 10.24562153 12.22475923 11.69849498 12.4621941 13.39367882 13.99298316 15.03722688 14.47962017 13.39139598 14.96289738 15.31078753 14.83708053 14.1887561 15.35207556 16.09814719 16.79832104 17.03573195 16.35449314 15.22229908 15.90450049 15.79526176 15.2432143 16.66731141 16.5992096 15.78174776 15.61085335 15.8592324 17.32754632 17.31011458 17.61400569 16.41930853 16.70960934 16.74259595 16.86336163 15.29282465 16.22471355 18.54517203 17.21774731 17.45418077 16.54303508 15.67687943 17.32677263 16.27269773 16.42803394 17.65151351 16.59224824 16.40391683 16.92686014 17.62961312 16.66701898 15.91646364 15.34659391 16.77715096 17.01449371 16.57705049 17.44857468 18.12979863 15.28609347 16.65255979 17.02608717 15.99402525 16.64854835 16.24772952 16.939609 16.1570486 15.23752701 15.13184977 16.15742952 15.89432194 15.21512343 16.37809547 16.16060033 16.43520264 16.21937185 15.17128714 14.92479859 14.79709241 14.77297085 14.40809632 14.68943718 13.47840569 13.51218945 11.29658771 10.63197247 9.357944191 7.975165249 7.578338962 5.415064209 2.752559708 0 0 0 
0 0 0.5300569144 2.872218087 3.035203398 3.09723701 6.159523595 7.920209445 9.145647278 7.795098589 10.8277454 10.94459331 12.42091775 12.57601995 12.02982014 14.14949411 13.30008084 12.74054552 13.21615092 13.35196402 12.10412921 12.43561583 14.5972262 13.26811178 13.52163214 15.30742204 15.28902626 15.68812917 13.02762936 15.31603083 14.68458034 14.89122718 15.29801409 14.21613251 15.22645617 14.44338734 14.00858809 14.06221906 13.83274245 14.74854605 13.77205707 14.42536643 15.3254931 14.76278165 14.62984267 13.83429604 15.78670214 15.09740434 14.3850508 14.32261174 13.77743782 14.76211399 13.53780324 15.06828379 14.35334258 15.17895502 15.60082366 13.98245204 14.14463327 15.31840453 15.02961775 14.27376938 15.60612683 16.00863337 14.648326 14.72839573 14.64742991 14.96173991 14.53492164 14.51430635 12.43902264 14.64211588 14.79778525 13.78463767 13.13654633 14.4382467 14.25427828 15.0241855 14.12816976 11.29152532 13.39515232 14.01097542 13.92922762 14.24315224 14.83751109 14.14159991 12.92611828 13.32621326 12.65950037 10.67260665 10.37949201 9.810603991 7.5698028 6.404765394 6.490818243 4.701647834 2.950495185 0 0 0 
0 0 0 0.6538786879 2.989013384 2.923979606 4.957464693 7.015700673 7.528712226 9.788942357 11.68316257 8.083598877 10.70272728 10.71872083 11.47637552 11.95875557 13.18261824 12.35269855 13.75198181 11.56709937 13.16979208 12.04373023 12.1516737 12.51732255 12.92467726 11.87148081 12.49299651 12.72419184 12.60301611 12.50970923 12.33822081 12.77174506 12.82041455 12.99220343 13.56635768 13.10896489 14.1811268 13.74720244 13.62466865 12.69002908 13.43664552 14.99784106 14.67814295 13.35458659 13.8397666 13.24846829 12.68124806 12.76765882 12.54088818 13.23407998 13.9558933 12.71864814 13.7131775 12.68007108 14.2292013 12.21278011 12.96410297 13.15946895 13.46420043 12.88916627 13.40456905 13.032478 12.13005019 14.36604644 13.44424303 12.46709985 14.79363377 12.56634378 12.67284723 13.02630493 12.43372074 12.73401803 12.74439456 13.41590771 13.00667464 11.33488369 12.45517382 13.71566452 12.85831371 11.63993441 12.87578918 12.71922986 13.80861002 11.08345909 11.84749119 13.56486278 13.01665596 10.81461029 9.818788688 10.77766106 8.884285206 8.376302653 8.091878875 6.185681081 6.537953646 3.289084625 2.049148764 0 0 0 
0 0 0 1.179465276 2.026756227 1.631481594 3.899473945 6.533506 5.908765919 7.179753558 6.803793068 7.342809109 8.521383004 8.516986099 10.0342303 9.144559314 9.38440681 9.715528853 9.793069369 8.675111874 9.618298609 9.618526272 10.33886351 10.45132868 10.97978719 10.66350604 10.44555442 9.714115816 10.65351662 9.501381955 9.658599143 10.16949471 9.781393876 10.46450666 10.23041449 9.835561603 11.60919652 9.543811065 11.20909125 10.76297516 9.609326557 10.20921826 10.99727413 11.463284 9.983713206 11.22884631 9.921463776 9.483825935 11.91140708 11.47956857 11.70655951 11.58396674 10.51728771 11.94215716 10.60067138 10.56522765 9.962997297 10.53860781 11.70482384 10.18084994 11.45932281 11.37530002 10.08934132 12.01326504 10.32599849 11.30635669 9.764786153 10.10436441 10.44751239 10.82506134 11.7263443 9.738028084 10.73377335 9.299690755 10.39759844 10.02985086 10.36541169 10.69420915 10.22473896 10.5151539 10.5976989 10.24043232 10.75996723 10.39643021 9.165074309 9.853389762 9.351550216 8.668221458 8.745191194 7.86065888 7.589452073 7.473301403 5.99961729 4.915161825 4.130082346 3.957845658 1.834590039 0 0 0 
0 0 0 1.955623027 2.399565534 1.930201716 3.680838607 5.926510499 6.547327885 6.587785933 6.073254874 7.101061225 6.948234641 6.321945113 6.265856821 7.944486051 8.323478991 7.44690843 7.911830748 8.729862004 7.678149454 7.851165982 8.031597368 8.078752177 7.994771356 9.047609453 7.988347158 8.316313229 8.423630351 8.812022521 8.425752105 9.591434991 9.088437685 8.698330484 8.367256215 9.183088357 9.423348779 9.008854139 8.94552813 9.203215914 8.833625888 8.950391747 9.981472148 8.874869064 9.327605981 8.470064227 8.923456352 8.315928186 9.189381039 9.079177277 9.584966495 9.694604101 7.821049072 9.6857874 9.418910151 10.0579447 9.934837684 9.14195443 9.707332227 8.624778662 8.840441422 9.447752679 9.122537959 8.55365193 8.505187474 8.696255319 9.780263928 9.130294911 8.401296526 9.193952729 9.851342681 8.480632245 8.486616983 8.746146782 8.931842509 9.732388275 8.655378128 9.314266758 9.163505417 9.403591863 7.975594478 8.377549206 8.13747031 9.482491438 8.58637884 8.582345471 8.295242854 6.851076589 7.16504525 6.294706773 7.186845388 6.016847971 3.98459658 4.654032037 4.264016541 2.109580989 2.005953699 0 0 0 
0 0 0 1.167768503 1.253192269 1.262259961 2.738488419 2.908010557 4.418884784 4.855051159 4.764566416 5.345552897 6.19627302 6.354455444 5.007173012 6.246147984 6.473635929 6.265816171 6.2528631 6.670873589 5.995242203 7.33039373 7.474704758 6.590147584 6.991936029 7.779645591 6.873935337 6.865544427 7.611004346 6.255748225 6.883872645 7.677417907 7.031836579 6.873577026 8.349933215 7.243963475 7.20170227 6.577962888 6.79060479 7.879070993 8.098389683 7.483880426 7.084967756 7.841286749 7.978758549 6.205689521 7.853321831 8.177268945 7.483648381 6.602581553 7.45845968 7.836939975 7.657875155 7.99981628 7.299303064 7.759622512 8.247307265 6.89037882 7.580767487 6.291193582 5.824602207 6.453679412 6.778872834 6.83281523 7.899676533 8.020173305 6.653107902 7.139184256 7.744058206 7.111788102 6.690817651 6.730122263 6.962281841 6.741409117 7.250543422 7.935709916 7.821403878 6.503217416 7.401161213 7.934985852 6.346788032 7.86927212 5.783763998 6.659761805 6.073274377 8.359171987 6.930864736 6.244021307 5.904373002 5.877166494 5.248199024 4.434700441 4.441686481 3.536199628 3.098181928 3.189235599 1.34899427 0.569411091 0 0 
0 0 0 0.0002792902497 0.7751102851 0.5059517438 1.568827999 2.782048983 3.043023208 2.921612114 3.645624081 3.8351896 4.372195065 4.40630975 4.968464111 5.764657499 3.888480242 3.531445864 5.246855742 4.834155819 4.593037117 5.464805233 4.394784051 5.12042172 5.159146351 4.563159639 4.746652675 5.579339816 5.011451297 4.860237993 4.701345092 5.34736692 5.125068215 4.953500061 5.013232139 5.779432779 5.262621949 5.576875236 6.811525204 4.568294074 5.131615031 5.819980444 5.112354196 5.291318133 5.214415461 5.177522713 4.571403269 5.647507809 6.126060589 5.947156534 4.833320922 5.928181607 5.889574826 5.910609578 5.013166296 5.418688982 6.180333987 5.164936816 5.145781663 5.651971225 5.6239433 6.146920668 4.927774412 4.527536376 5.711010268 5.571374767 5.699141492 4.937449576 5.850361305 5.069385644 5.411093046 4.374010899 4.91104687 5.199163489 5.54066132 5.640880451 4.778244943 5.72396169 5.399140725 4.272609605 5.190372661 5.419163362 5.547789832 4.68844559 4.72188973 5.120903526 4.349341676 4.318046791 5.189333641 3.915110856 3.670987473 2.843884146 3.223720518 2.75644465 2.432511715 1.606091429 0.8364132971 0 0 0 
0 0 0 0 1.058163405 0.9446909356 1.677484337 2.211432237 2.818081547 4.55191071 2.782470221 4.092792584 3.753419219 4.486566346 2.559029819 2.855140999 4.074066584 3.723011197 3.060819879 4.589314353 4.287436965 4.346394195 3.898982434 4.972624537 4.327663774 4.129901175 4.853229805 4.73290986 4.078247412 5.294217498 3.60589694 4.107119815 4.596550083 3.966545747 4.314229634 4.231228562 4.360955116 5.242752314 5.052358155 4.498120491 3.612066428 5.689453814 4.825530507 4.140455886 4.131462853 5.268803326 4.023158214 4.947374865 4.786005506 4.99139442 4.696429772 4.199877345 4.330603645 4.408436923 5.221883422 5.017434837 4.420731994 4.380099837 4.934620155 4.484453605 4.429576591 5.238332836 5.18958187 4.020425177 5.03383845 5.772009558 5.082942461 4.34773862 4.132664081 5.025482641 3.909924091 5.144920114 4.799888608 4.320177377 5.150092133 4.685058986 4.765623956 5.008875697 4.751378765 3.741653799 4.200806411 4.437401022 4.535676013 4.842350216 3.86065613 4.876539098 4.530348039 3.368422206 4.00305453 3.615131361 3.975454553 2.325687291 3.336560446 1.924432245 1.885807093 0.6292792629 1.403052035 0 0 0 
# Events [sample_flux_after_unscattered/sample_flux_after_unscattered.dat] N:
0 0 0 100 300 900 400 1600 1700 1800 2000 2600 2400 2600 3100 3000 3200 3900 3700 3600 3500 3400 4400 4100 3400 4100 3100 4300 3500 4800 4200 3800 4000 3100 3400 3400 3500 3700 3500 4000 4300 5300 4400 2800 5700 5300 5200 4600 3900 5100 5000 3600 4300 4800 3300 3500 4000 4500 4000 4100 4500 3800 3800 4600 3500 5000 3400 4400 4000 3200 3600 3200 3900 4700 3900 4000 3600 5100 4300 4200 3300 4700 2600 4200 3000 3300 3000 3600 2200 2300 1700 2200 1600 1200 1200 300 500 0 0 0 
0 0 0 200 1000 700 1700 1500 1900 2500 2100 2600 3100 3900 3600 4400 5300 3500 3900 3700 4900 5400 3700 3700 3800 4500 4000 4900 4700 4700 5300 4400 4000 4700 6100 5400 5200 4700 5300 3800 4000 5500 4200 4300 4000 6400 4400 4700 4100 4200 5400 4000 4400 6500 4700 6400 5100 5000 5600 5100 5000 4400 5100 5600 4100 5300 5000 3800 4500 5300 4700 5000 5300 5900 5000 4600 4800 4700 4100 4000 3900 4600 4800 3800 5200 3200 3200 3700 3500 2900 2200 2100 2000 1400 1200 300 600 0 0 0 
0 0 0 500 600 1200 2100 2600 4400 3700 3700 4200 4500 4800 3900 6000 6500 6700 7100 6300 6600 6600 6700 7000 7300 6200 7200 6300 7000 6100 7600 6400 5800 6500 6100 7900 7200 7800 11000 8000 7300 6400 7600 8600 6800 8300 7500 4600 6400 7500 8300 7000 8400 7200 6800 9000 6400 5900 7000 7100 7000 7300 6100 8600 7200 8600 7200 7800 5900 6200 6400 6700 6200 7200 6000 5200 7500 8200 5200 7500 5300 5900 5900 7100 6600 6500 6300 6500 4900 4400 3700 3200 3000 2900 2000 1400 300 0 0 0 
0 0 0 200 1300 2500 2400 3400 3800 3900 5900 6100 6800 5900 7500 9200 10000 8600 7700 7700 7900 8600 8700 8500 8800 8800 9700 8500 11000 9300 9000 9600 10400 9500 7900 8700 8000 7900 9800 9200 9500 9200 9400 9900 9900 11700 9700 9500 9100 10500 10200 9000 11100 8000 8400 6500 8300 9600 7700 11200 8500 9500 10400 8900 8400 8600 10400 10000 8400 8800 9700 9000 8500 9100 7500 8700 7900 8900 8500 8900 8000 7600 8800 8300 8400 7000 7900 5600 6100 6200 3400 4700 3800 2900 2400 1000 300 200 0 0 
0 0 0 500 1700 3100 4800 5100 5400 4900 6400 7700 7700 9700 8000 8700 9200 10600 9200 9900 11700 11300 10700 11700 11200 12300 10900 12400 12100 11600 9600 12100 10000 9900 10300 12100 12000 11000 11900 11900 11800 11800 12300 10900 12700 10700 12400 10100 12700 12400 10300 11300 10800 11400 12000 11500 10600 10700 11600 12800 10100 11000 11900 12500 11800 10900 10200 11000 12700 11300 9900 11800 11300 10900 9400 8200 10200 9400 10900 10600 11000 11300 7800 11300 9300 7500 8300 6100 6100 6900 7600 5200 4700 3000 2000 1800 400 100 0 0 
0 0 0 1000 1900 2100 2900 5900 6100 7800 9300 8200 10900 12300 11200 12300 12500 13500 14100 14300 12900 12400 13800 14200 15100 13900 14500 14000 14400 15200 15000 17300 17900 14000 15500 16200 17100 14900 15600 14800 13900 15600 16200 17600 16200 16000 14700 16000 14800 15800 15700 17100 16900 14800 13600 14800 16100 15800 15100 13900 15300 15800 16200 16100 16200 15200 14700 17500 14000 16700 15100 14200 16000 14600 13900 13500 15600 13000 14500 12300 14500 14500 12400 12800 12600 11500 11400 9500 8600 8400 8000 6600 6400 4600 2800 3000 700 0 0 0 
0 0 0 800 3000 3400 4400 6400 7100 8400 10400 11400 12200 13000 15100 14900 15900 14600 14200 15000 18300 17400 17300 16500 16600 15900 20200 19100 17100 15400 16700 16100 16800 17500 19300 17200 17200 15700 17000 19000 18100 19500 18600 18000 17600 19000 21300 18400 20000 16700 17700 18700 19100 20100 16600 19200 17500 17600 16300 18900 20900 15500 19600 17600 18800 16400 15400 16700 15600 16600 15000 17600 17100 14700 15100 15500 14300 15800 12900 14200 17400 16200 15000 14900 14600 14700 13700 11400 9400 9400 7800 6900 6700 5500 3000 2800 800 200 0 0 
0 0 0 800 2200 5900 6300 7300 8600 13000 13000 13400 16200 15500 18300 16800 17900 19900 20600 18700 17400 21700 20400 19800 23100 18500 20900 20000 20300 21800 20900 19100 21100 22400 22500 21800 22000 21400 19900 21200 23400 20400 23100 21400 20800 19700 21600 21100 22900 20800 22600 21000 20700 23200 24400 23100 23300 21800 22300 25000 21400 20000 20500 19300 20900 22200 23200 22500 20500 20800 19000 18700 19600 18300 21200 15300 22300 20500 21100 17800 19500 19700 20100 17800 16800 16300 16600 15000 13200 12600 9200 10000 8300 6000 4600 2800 1600 0 0 0 
0 0 0 800 3000 6500 7700 8700 10800 12000 17400 17400 18100 21300 20200 23800 24500 24300 23700 23500 22100 21200 23500 24800 25600 23900 26400 25000 23700 24700 26200 23500 25000 26200 23100 26600 24500 26900 25200 25600 29100 27900 26600 25700 25900 27700 26200 26700 27000 26600 28600 24800 30600 29000 28800 30100 27800 26000 29100 23500 27600 27400 25900 23400 27600 23000 25000 25200 26200 23300 26000 22600 25300 24100 20800 22900 23200 22900 25600 23000 24700 22700 23600 20200 21800 22000 16000 20100 17300 16400 13700 11100 8700 10700 5700 3800 1500 200 0 0 
0 0 0 800 3100 5800 8000 10400 14300 17000 16000 18900 21600 21900 22400 25300 26000 24200 27500 26500 28600 25600 26600 24400 28200 28700 28200 27200 27700 30400 28800 31900 28300 30500 27300 31900 31100 29100 31400 32800 29300 30700 33400 32500 31400 27100 29500 27800 29700 28000 28900 28000 27100 32700 28900 34800 28000 28500 28100 29200 27700 28600 31100 28900 26000 26000 28600 31100 28000 29700 25100 24300 28200 28600 26100 29300 28800 28500 24600 26800 25300 29600 24800 26600 23400 21400 24000 21500 17800 14400 14400 10800 11200 9100 6600 3000 2400 100 0 0 
0 0 100 1500 4200 6800 8500 14300 16100 19600 20800 22900 23500 27000 27900 34300 32900 36200 31200 34800 30300 34000 32100 32000 30000 31700 34400 32500 34000 34400 36900 31900 37200 35300 35400 34700 38600 33900 34700 39200 36000 35600 32300 36800 31300 33500 37900 34800 34100 33400 37100 33700 33600 36800 33500 36500 37100 31200 34200 33300 33200 32700 36900 35700 30500 33800 36300 33300 36200 32200 36300 29200 34000 30500 30100 31600 29400 29000 29400 32700 29900 30400 30600 29800 28700 29200 24200 22400 21600 20100 17100 14700 13300 9600 8900 4100 2500 100 0 0 
0 0 100 2200 4700 8900 9800 13900 15700 21500 24800 26000 28000 29100 31800 34500 33100 36700 34400 35900 35000 33400 39600 39200 37900 39200 37700 38400 37300 38900 40300 39800 37700 38700 40500 43100 35300 39900 38500 39100 42300 42000 35500 41500 39100 41400 40200 39300 38400 40800 45000 39900 42700 41700 38000 43700 39500 39100 37600 41400 39600 37900 34900 39300 39100 38300 38500 41700 38300 40700 39000 39800 38100 40800 38000 34100 35400 37900 36200 35100 35900 35400 33900 36400 30700 26100 31800 26900 23600 20800 20200 17900 15800 10100 8400 6600 2800 100 0 0 
0 0 0 3100 6200 9900 11600 18400 20500 21800 28300 28000 32300 34300 35500 36800 41200 36800 39000 43900 38200 41000 40300 42100 41300 44300 42700 47000 42100 45000 40100 40400 41600 41200 46700 46200 45200 44400 46900 46800 44100 43100 43500 47400 44900 44800 46900 43600 46000 45000 43100 49400 45600 47600 47700 47300 41600 45800 45800 44800 39200 46500 44600 46400 39600 42700 40800 42200 43700 40400 42100 44500 42700 43700 38400 44800 40400 39900 37600 42600 37600 38300 38400 36900 33500 35100 33500 29200 27600 22600 18400 19400 15600 13200 8200 6900 2500 0 0 0 
0 0 100 2600 6600 7000 14100 20200 24000 27800 31000 30800 35000 38300 34400 40400 46100 44100 46300 47200 45000 46900 46500 42900 49600 49900 47200 49400 48800 47100 52000 53900 47200 47700 50200 48700 52900 44800 52300 48700 50400 51400 49500 48500 50400 49500 51700 51500 51100 48300 52000 53800 49200 46700 48800 52500 48200 50900 47100 49700 56000 51700 49400 50200 47200 47100 45000 48100 49100 45000 46900 50500 48800 45400 50300 46800 45900 40600 47300 45600 41600 45400 43800 47300 44000 36800 38700 34100 29200 28000 24200 19600 20200 14600 8300 7000 3700 200 0 0 
0 0 0 3300 8600 11200 16400 19200 25600 29400 33300 33300 41200 40100 45000 47100 48400 50500 49100 47300 52800 50000 54700 52400 52100 51800 53800 52600 49800 57000 55900 54300 50500 56700 52900 54300 52700 51600 59000 55500 54200 57600 56100 61400 54800 57100 54300 55900 56100 61200 55800 58400 51800 56000 52400 56000 53900 53900 55600 54400 58300 53600 55900 53100 52900 52000 51100 53300 57700 57400 49200 51100 51400 49200 49100 50100 48500 48300 50300 49800 46900 49600 47500 44900 43600 41000 42500 37300 31600 32000 24800 23100 17500 18500 11200 9600 2600 400 0 0 
0 0 0 2900 9200 12200 17500 20800 25600 31400 35200 36700 41500 43100 50600 50100 48200 55700 57900 55800 55600 56700 55900 55800 57300 56200 61800 49800 58900 58500 55400 62400 59200 60500 57900 62300 60200 58100 59700 61900 61400 53400 59400 66900 63000 65500 60600 63600 60400 61100 64300 61600 57100 61700 62900 61600 61600 57400 61300 59900 59600 60300 60600 56100 62100 56900 58900 58200 55200 57900 60300 54000 61000 55100 58800 53300 54700 59100 55500 54100 54300 51400 51500 49600 52100 46500 44800 44200 40900 34600 30200 30400 20200 16900 11100 7600 4900 100 0 0 
0 0 100 3600 8300 13600 19800 22900 29100 33500 39600 43800 45300 49400 52900 53600 56500 55600 58600 61900 58800 58300 65300 59200 60500 57200 63300 67600 62500 56300 62600 66100 65200 68400 64100 68300 61100 69800 69600 66100 66300 64500 67000 66200 66400 67700 70000 66600 64400 68500 66100 67100 69300 67900 69900 68900 65000 65000 67100 64000 66800 66700 69800 65800 64300 65200 65600 61400 62300 58300 58500 64300 61100 60900 62100 63300 64100 62200 59200 58900 53200 58300 62600 58000 55800 48700 49700 44400 40900 37700 33100 28500 23500 19700 13900 9700 4400 200 0 0 
0 0 0 3400 9300 13100 21600 25900 34400 36900 38600 47400 54000 53000 59200 64400 62500 60400 62400 63500 63700 66700 67800 68700 69400 66900 70300 67100 67400 73900 67600 66000 69400 69600 71000 69700 74100 73000 74500 70800 71600 73000 73800 68900 70700 72200 74100 74500 75400 70000 72000 71900 77000 74800 70100 73600 72500 74400 72900 68800 68900 72900 68300 66800 68500 70000 67900 67700 67600 67800 69400 67100 65200 67700 63100 67800 69200 66400 64000 63700 65200 62800 62600 60300 58900 55200 56000 47000 46100 37800 36300 29600 25100 19900 14900 11600 5600 200 0 0 
0 0 100 4200 11300 14800 25200 26300 31500 34800 41900 51900 52100 59300 60300 64100 65600 75300 67000 70800 63500 69300 70100 66900 73300 71100 77500 70600 76000 76800 74700 77100 75900 72300 79700 76700 82000 75700 75900 79100 79700 79100 78000 80400 76200 77500 73200 76400 78300 79000 81000 75300 78700 79800 81500 74400 74500 79000 74000 74000 72200 73000 73600 76000 69700 74500 70400 74500 73100 74000 70800 72500 70600 69300 72400 67500 66600 71300 66200 71700 68700 67000 67700 64200 66000 58800 55200 49900 46900 43800 37500 29800 28900 20200 18400 10600 3400 300 0 0 
0 0 100 4800 11900 17800 22400 29800 38600 43600 47500 58300 59700 66500 62600 69600 70200 75600 74500 73400 73000 72500 71800 76000 78100 77100 78900 75500 82800 74700 79900 77600 80700 83800 80100 83600 85800 81000 81300 82100 82600 80700 83500 86800 80300 80000 83100 83500 80300 84400 81200 83000 82300 81000 87000 85100 85000 83200 80400 80300 76500 74000 84300 78800 81900 83600 86600 79300 78500 75700 74400 77200 75500 74900 73900 76000 73700 71100 74500 70600 66100 73300 72100 72300 68600 64800 64600 56000 49700 47300 38800 34400 28500 24000 15300 13200 5900 200 0 0 
0 0 100 4400 9900 19200 23100 32800 37200 45200 54100 56600 64100 68800 67500 73100 78200 74000 77600 78100 79700 81900 74900 77300 83300 80300 80700 74800 82300 84300 86800 89100 87000 83600 81600 88100 87100 83800 88600 79500 80800 92000 93100 85400 85700 93600 90400 87300 87600 85500 91000 86700 84400 87900 88900 85100 82800 84700 87900 86500 88200 84300 84100 89000 84900 78400 86800 84400 86000 81200 76400 84400 83600 78100 80600 79100 74900 79600 78400 74200 75300 79700 74900 74500 73600 61600 68900 59300 52200 48700 43300 40200 32800 25000 18500 10000 5900 400 0 0 
0 0 300 6000 14300 17300 23900 32700 39200 47600 53200 61900 64400 70300 73500 76700 79200 86300 81100 84700 83000 79600 80100 84300 87800 90100 86000 89300 92600 89100 88100 91700 90500 94100 98800 95000 92500 93200 90100 93200 90700 96000 94600 95100 96100 93400 92300 95300 95900 88600 88200 93500 89600 91900 95400 92600 93400 96900 93600 91400 91000 86800 91000 94700 90200 94300 88400 90700 90200 90800 87100 86400 88200 90200 88400 82500 91800 82600 85800 85300 84100 86600 80100 76900 76900 71400 65400 68000 58800 51300 42900 39600 35100 24600 19000 10900 6600 100 0 0 
0 0 300 5100 12500 21900 28000 32900 41900 45800 54400 61700 65300 74100 77400 81400 86800 88000 84000 88500 85700 87100 87800 92800 93300 94100 97800 91800 94300 91200 89300 95000 97800 94200 92500 100600 91400 98600 99300 96100 100100 95100 98800 97100 93300 101500 97600 106500 98300 97300 93200 96900 98100 102700 92000 103700 98800 93000 95500 98300 93000 100800 92900 94000 92700 95300 97600 86100 94300 93100 85400 90500 92900 98100 93100 84700 90500 89000 95100 86100 86100 82900 84600 85400 82000 76500 69700 66200 57200 50600 45800 44600 35800 25500 20200 14800 6900 300 0 0 
0 0 0 5300 12500 20500 29200 35300 47000 51500 59000 62400 68300 73100 76600 88800 88400 88600 89300 86200 90900 91200 92100 91900 95200 96800 94300 100800 100800 96800 95500 99100 95600 97600 94300 97500 92900 92500 94500 95200 93800 91500 90800 94900 96200 90500 101300 93500 98700 88700 94600 97400 91000 93000 97500 92200 96000 96000 94900 93100 98600 96500 96000 91800 94900 89300 91200 97100 99900 96200 90400 91400 93300 98700 96800 90300 93700 89500 91400 91800 91100 87100 86500 82700 88900 76700 72300 69300 63600 55000 50700 44500 35700 26700 20900 14900 7000 200 0 0 
0 0 100 5800 14100 24200 32300 39200 45800 50400 57200 65000 68500 77500 91000 82800 85900 92200 92500 92800 91500 91100 97100 93100 95200 96500 94700 95700 98600 102300 101500 83500 76600 73100 71700 73200 78400 71900 68600 70500 72100 72300 73700 71400 69300 68100 72800 73100 71000 73200 66100 73600 70300 71100 70000 72600 69800 68700 75500 69000 67800 67000 66600 70000 73200 68200 78700 70700 73500 91400 99300 93600 93300 95600 97100 97800 92700 96100 100100 93400 88500 95300 88100 89300 86100 81700 74200 65000 70600 56200 51400 46000 36700 28500 24200 15700 7600 600 0 0 
0 0 0 5800 14100 21100 29800 39200 51400 51900 58100 71500 71900 79100 88400 89500 93900 92600 91300 93500 98900 96200 94600 91500 89400 100600 95300 95000 98800 100200 92000 31000 14800 10800 7700 7400 6900 5400 4400 3200 3300 3100 2300 1100 1400 900 1000 200 300 400 300 300 600 800 900 1700 1400 2400 3000 4100 4600 3800 5200 6900 6800 10300 10600 13400 31100 98400 100300 97500 93000 96100 97500 96000 89500 94600 100300 91000 90700 93800 93000 87900 85100 81100 73400 71100 61100 61800 54400 46900 37200 28900 20200 13800 6400 400 0 0 
0 0 300 5100 13500 22300 29900 36700 46700 53300 60800 66300 73600 79600 84900 92700 88300 90600 94200 94300 98000 94400 96600 97400 94200 101000 97600 94200 96400 99200 94300 16300 0 0 0 0 0 0 0 0 0 0 0 0 0 0 0 0 0 0 0 0 0 0 0 0 0 0 0 0 0 0 0 0 0 0 0 0 14800 95700 98700 96600 102400 95900 95500 98400 95300 94000 91500 95400 94300 87100 91700 91900 89600 80700 80800 72500 64900 62400 54100 42400 38700 32200 22800 13900 7900 100 0 0 
0 0 0 5500 14900 22100 27600 38800 45700 55500 63700 66300 72900 85000 80000 93200 87900 96100 92600 93900 93900 93300 95400 93400 95500 100200 96900 107800 99300 102400 95200 14900 0 0 0 0 0 0 0 0 0 0 0 0 0 0 0 0 0 0 0 0 0 0 0 0 0 0 0 0 0 0 0 0 0 0 0 0 15100 96400 95900 102700 99400 98800 95000 97400 99300 92900 89300 97200 95500 93100 86200 93200 91900 78000 78500 68200 67500 59300 49900 44900 38800 31300 21900 16100 7700 400 0 0 
0 0 400 5200 11400 22200 32000 40700 47200 58900 65000 69700 74700 77200 84200 87200 89700 93900 94100 93500 91600 96000 94400 97800 98000 98600 94200 101400 105100 95200 105200 15500 0 0 0 0 0 0 0 0 0 0 0 0 0 0 0 0 0 0 0 0 0 0 0 0 0 0 0 0 0 0 0 0 0 0 0 0 14500 97900 102500 97600 97800 103500 102600 97900 97800 99400 93100 92400 95500 92900 93500 99600 84400 80400 80200 70900 64700 56700 53900 49900 37900 31600 24100 13900 6300 400 0 0 
0 0 0 5200 13700 22700 26500 36800 46300 57100 63800 69000 76900 83300 84600 90800 97400 95200 98800 87600 98800 96600 93800 96700 97700 104800 99800 105700 100300 101400 98000 15700 0 0 0 0 0 0 0 0 0 0 0 0 0 0 0 0 0 0 0 0 0 0 0 0 0 0 0 0 0 0 0 0 0 0 0 0 15700 94500 105600 96800 101200 98900 100000 97400 98800 92800 99700 89200 95600 96500 94200 91200 83800 81800 74200 74300 67600 54800 52500 46300 42100 32500 23100 13600 6200 500 0 0 
0 0 0 5600 14400 20200 31000 38400 43700 51600 62500 67900 72700 87300 85100 95700 95700 97500 91100 96500 96600 99900 94800 105900 103100 97600 94800 99300 102800 99900 98900 16900 0 0 0 0 0 0 0 0 0 0 0 0 0 0 0 0 0 0 0 0 0 0 0 0 0 0 0 0 0 0 0 0 0 0 0 0 16100 94400 95600 101300 105300 96800 98000 98500 95000 100700 98400 97100 92300 89300 88100 98900 88600 77600 73100 72000 64200 63200 54000 45900 38000 30500 24200 12400 6200 300 0 0 
0 0 0 5500 13300 21400 30200 36300 47300 57900 62500 67900 74100 80500 81700 92200 90600 93700 94200 93100 103000 102700 97300 99800 100400 97700 101100 100500 102000 105100 101400 19100 0 0 0 0 0 0 0 0 0 0 0 0 0 0 0 0 0 0 0 0 0 0 0 0 0 0 0 0 0 0 0 0 0 0 0 0 15400 101900 97600 98600 99000 97700 95900 99400 90800 99000 99400 94100 98700 90200 90400 92800 88100 85100 78900 73600 68900 56900 52800 45700 35800 27700 23800 16600 7200 500 0 0 
0 0 200 5600 13400 21800 30700 40200 44900 53500 61900 65600 74800 79200 91700 90000 93800 90500 93800 93800 99700 93300 92600 95400 97200 99300 100600 109200 97500 98400 103600 16500 0 0 0 0 0 0 0 0 0 0 0 0 0 0 0 0 0 0 0 0 0 0 0 0 0 0 0 0 0 0 0 0 0 0 0 0 18200 100100 100700 97200 102800 97200 97700 98100 103500 101900 100000 94700 95200 101000 94500 98700 89400 86100 82800 77300 65600 60700 52100 45800 37700 28700 23000 16300 6800 800 0 0 
0 0 200 5600 14900 21400 32800 38600 44100 55300 65800 71500 75100 77300 82900 92000 92300 90300 98100 96900 102500 101500 96600 96000 104000 104900 101500 102000 105500 98100 102300 16300 0 0 0 0 0 0 0 0 0 0 0 0 0 0 0 0 0 0 0 0 0 0 0 0 0 0 0 0 0 0 0 0 0 0 0 0 17100 96500 105600 99100 106300 95500 98400 100200 97200 98300 94000 102400 96600 90700 98000 88800 87800 85400 83600 72700 57000 62600 49600 46100 40100 31000 21000 13900 7800 300 0 0 
0 0 200 5100 15300 24500 30700 40700 46700 54000 62500 67500 75500 84300 87900 90500 95800 95300 92700 91300 102400 101500 100500 101000 100700 102000 99800 102800 103000 98100 96600 17500 0 0 0 0 0 0 0 0 0 0 0 0 0 0 0 0 0 0 0 0 0 0 0 0 0 0 0 0 0 0 0 0 0 0 0 0 17200 99300 100200 104500 106000 98900 99500 95200 98100 100500 88500 93600 102700 100100 97300 90400 93100 82300 79000 71800 71900 57800 52600 50800 40000 30400 19000 14500 8600 500 0 0 
0 0 0 5000 13600 23100 30800 37900 47800 57000 65200 67200 69500 83600 89900 94800 92100 100200 96800 97900 100300 95600 103900 100400 99200 98400 103700 103900 107600 98700 100300 19700 0 0 0 0 0 0 0 0 0 0 0 0 0 0 0 0 0 0 0 0 0 0 0 0 0 0 0 0 0 0 0 0 0 0 0 0 17000 96300 108400 101600 102200 99700 102800 98900 97900 98000 95400 96000 96200 91900 91400 97500 92400 87200 77400 77000 62800 57800 53300 43800 40600 30500 21500 14400 9100 100 0 0 
0 0 100 6100 11700 23800 33300 37400 46700 51700 63100 67300 79700 79800 89200 91000 96800 97900 92600 99900 94900 99000 98500 98600 102100 103300 102400 109600 104100 103900 98100 15100 0 0 0 0 0 0 0 0 0 0 0 0 0 0 0 0 0 0 0 0 0 0 0 0 0 0 0 0 0 0 0 0 0 0 0 0 17800 99200 105400 106900 98400 106600 100200 103700 100200 96600 101900 105000 93300 95500 96000 87200 91300 83400 81400 74200 67900 65800 52500 45200 37700 31000 24500 14800 7400 400 0 0 
0 0 300 6400 12800 23800 31600 42600 51700 54100 62700 65500 77000 80100 88500 92500 100600 94500 95800 97800 96700 104300 101800 97700 102100 101800 100600 104500 108700 102700 104100 15400 0 0 0 0 0 0 0 0 0 0 0 0 0 0 0 0 0 0 0 0 0 0 0 0 0 0 0 0 0 0 0 0 0 0 0 0 17300 98400 101000 98800 101800 99600 102600 107900 105500 104100 98600 99600 95800 93500 87900 93000 88900 89700 85800 72700 68300 62100 55400 46900 41000 31400 21100 16500 7900 300 0 0 
0 0 200 5900 18400 20800 31400 38300 51300 57200 65600 69500 79700 91300 88300 93200 94500 97500 91100 93400 100900 99400 100600 96100 104200 98100 102900 111500 106100 107800 102700 18000 0 0 0 0 0 0 0 0 0 0 0 0 0 0 0 0 0 0 0 0 0 0 0 0 0 0 0 0 0 0 0 0 0 0 0 0 16300 106400 99800 105400 103300 100800 100400 100100 103200 101900 97000 97800 96100 95700 94500 95800 93400 89500 82400 76000 67400 61300 54000 50500 39000 34500 22500 14000 6300 200 0 0 
0 0 100 5600 15900 26100 28800 41100 50000 60100 62400 70100 82200 83700 83900 93600 89200 100100 93200 96500 103500 92700 102000 101900 104200 106600 103800 100700 109100 107800 98500 16900 0 0 0 0 0 0 0 0 0 0 0 0 0 0 0 0 0 0 0 0 0 0 0 0 0 0 0 0 0 0 0 0 0 0 0 0 16800 99100 104400 105200 106000 101700 105700 100300 94200 96400 104600 99200 91400 102200 96000 91500 92400 85100 80100 77900 63800 58100 55400 47700 40300 32000 22300 15100 5800 200 0 0 
0 0 100 7400 12900 21000 27300 37100 51600 54700 62200 73200 77600 91200 90700 92000 104100 95100 95900 99500 93500 104200 103300 102900 99900 102300 100100 107000 107300 100600 104400 16700 0 0 0 0 0 0 0 0 0 0 0 0 0 0 0 0 0 0 0 0 0 0 0 0 0 0 0 0 0 0 0 0 0 0 0 0 16200 102800 105500 105900 100800 102700 103100 98800 95500 98200 97500 99500 94600 100100 94600 97400 89900 85100 81100 76000 66000 64400 56400 44500 40800 30900 21500 12600 6700 500 0 0 
0 0 0 6100 12800 22600 30700 42600 52900 56600 65500 71100 81000 85000 90300 88500 95800 97600 99500 96000 97600 94400 105700 98400 102500 103400 98300 106600 103900 106200 106200 17100 0 0 0 0 0 0 0 0 0 0 0 0 0 0 0 0 0 0 0 0 0 0 0 0 0 0 0 0 0 0 0 0 0 0 0 0 18600 96700 104500 103200 104000 102200 100600 101000 106600 100000 103000 98100 102500 98900 91200 91100 93900 90100 86300 74800 64300 62200 54800 47000 42800 32100 25800 13400 7500 600 0 0 
0 0 200 4700 13500 21300 30100 40300 47200 54300 64200 69400 77800 80200 85100 93900 96700 93400 89100 98400 98200 101100 98700 97500 106800 104300 103400 109100 105300 110000 100400 15200 0 0 0 0 0 0 0 0 0 0 0 0 0 0 0 0 0 0 0 0 0 0 0 0 0 0 0 0 0 0 0 0 0 0 0 0 17100 98800 103800 107800 102100 103500 107300 104300 100500 94100 99700 98700 96800 86300 99000 92000 89500 88100 84000 77200 68800 62700 56400 47200 37900 35000 27000 14700 6800 400 0 0 
0 0 0 6000 13900 20900 30300 43300 46400 50200 62800 73200 79400 85600 92800 94900 96800 92700 94600 104700 98800 98400 104800 106400 97500 102800 102900 104600 102300 107100 95300 19700 0 0 0 0 0 0 0 0 0 0 0 0 0 0 0 0 0 0 0 0 0 0 0 0 0 0 0 0 0 0 0 0 0 0 0 0 16600 101400 100100 107400 103700 100800 97500 106400 102200 98600 99100 97100 97600 93500 101700 94000 90400 90500 80900 74200 66200 61400 52900 48400 37600 31800 22700 16600 6400 300 0 0 
0 0 400 6000 14300 20700 30800 40100 48200 58100 65300 67600 75300 83800 88900 91900 98500 97200 100300 99300 98100 102200 102000 99700 97400 104000 107100 101500 106000 109100 106800 17500 0 0 0 0 0 0 0 0 0 0 0 0 0 0 0 0 0 0 0 0 0 0 0 0 0 0 0 0 0 0 0 0 0 0 0 0 18600 95400 101800 105700 105700 102700 101600 106600 98900 97400 100600 100700 94900 91700 94500 90700 91300 87200 83400 75600 74000 60900 56700 49300 40300 27800 22100 14400 7000 100 0 0 
0 0 400 6200 14500 24000 26800 42200 46200 50900 65300 69400 79700 84000 86500 92600 96100 94900 97200 99900 101000 105900 103000 99400 109100 110400 105000 101100 109100 105600 102600 17100 0 0 0 0 0 0 0 0 0 0 0 0 0 0 0 0 0 0 0 0 0 0 0 0 0 0 0 0 0 0 0 0 0 0 0 0 16700 97300 102900 103000 99100 101500 106000 98700 104800 98100 100200 96900 96900 96800 94300 94100 89400 86600 79400 77000 69000 60100 52200 44200 37300 31000 24800 15000 6800 200 0 0 
0 0 100 6700 17400 23000 30500 39500 49700 57400 62000 73500 70100 79700 88200 87800 99600 98500 97500 99400 94800 106600 100700 100100 102700 99800 106100 103100 108100 108400 106200 15500 0 0 0 0 0 0 0 0 0 0 0 0 0 0 0 0 0 0 0 0 0 0 0 0 0 0 0 0 0 0 0 0 0 0 0 0 17500 98400 102300 106900 103400 107500 102600 101400 107800 98800 98300 96400 96600 98800 100500 97800 89400 90400 74400 74800 70000 65100 56200 43700 38600 29600 22200 14200 7600 100 0 0 
0 0 400 6900 14300 21400 33800 41400 45800 61000 57600 76000 83700 79700 94800 92100 95600 89900 99800 94100 99000 103900 99500 101400 102100 101300 99800 100500 103800 111800 105400 18100 0 0 0 0 0 0 0 0 0 0 0 0 0 0 0 0 0 0 0 0 0 0 0 0 0 0 0 0 0 0 0 0 0 0 0 0 16800 100300 100700 105400 106400 101200 110700 106100 102600 104900 100100 103600 99700 94000 95900 92600 98900 87000 85200 78300 71300 64500 55200 45200 39900 31100 23800 13600 6500 400 0 0 
0 0 200 5100 12900 22500 29800 39000 48100 56700 65600 69200 74500 81400 86500 99300 96800 101100 106700 100700 98400 98300 101800 99500 100000 95700 104400 105400 108400 106200 96500 16900 0 0 0 0 0 0 0 0 0 0 0 0 0 0 0 0 0 0 0 0 0 0 0 0 0 0 0 0 0 0 0 0 0 0 0 0 16600 100400 104900 106000 103200 103100 98100 105900 98400 101800 100900 99800 96800 99800 100200 99600 95700 81100 85200 78300 67100 63900 57200 48900 39700 32700 23800 15500 7200 200 0 0 
0 0 200 6100 16000 20100 26600 39700 48800 59600 63200 71300 77100 87900 88800 91800 93800 97800 100800 96500 98500 96500 105600 100900 101300 106200 103900 106400 101400 96100 99300 16600 0 0 0 0 0 0 0 0 0 0 0 0 0 0 0 0 0 0 0 0 0 0 0 0 0 0 0 0 0 0 0 0 0 0 0 0 18500 101500 104400 108600 105600 105900 107900 105500 101700 96800 98700 98600 93100 99800 94500 97600 90500 89200 84500 72400 72700 63000 59400 48100 40600 31500 26100 15400 8400 300 0 0 
0 0 200 5500 15300 23600 30900 41100 47200 58500 63500 69600 79300 87400 89600 92800 96400 95300 101600 105200 96500 99300 102300 107900 108300 103900 105100 100000 102100 105400 92800 17500 0 0 0 0 0 0 0 0 0 0 0 0 0 0 0 0 0 0 0 0 0 0 0 0 0 0 0 0 0 0 0 0 0 0 0 0 15900 99600 104600 104800 104800 108000 100000 101200 104200 99600 99500 101500 93100 96100 96800 90900 94800 87400 83000 72200 70000 60300 53500 48400 43800 34000 23100 15000 6800 300 0 0 
0 0 500 6300 13800 22400 33000 42200 48900 57100 58000 71800 80700 82100 87400 95200 92800 92700 97700 102800 97200 105500 104700 95400 103000 101200 105900 106700 102800 106500 101000 17700 0 0 0 0 0 0 0 0 0 0 0 0 0 0 0 0 0 0 0 0 0 0 0 0 0 0 0 0 0 0 0 0 0 0 0 0 16400 103200 101400 105800 107500 103600 105600 97600 106800 103400 99000 94400 98800 95900 90700 93400 93500 85800 82400 69500 69000 60500 57300 44800 40700 34000 23200 16300 8000 200 0 0 
0 0 0 5400 15100 24400 33100 40400 45800 59000 64500 70300 77000 80500 83800 95700 98200 97200 95100 96700 103600 103300 104400 99700 106500 103500 108500 105600 103400 104400 100200 16800 0 0 0 0 0 0 0 0 0 0 0 0 0 0 0 0 0 0 0 0 0 0 0 0 0 0 0 0 0 0 0 0 0 0 0 0 17400 106800 103400 107800 107000 109800 107400 99300 103900 99100 101700 96300 104900 98000 92800 96500 94900 87200 84800 81000 72400 56600 54700 47200 39000 29100 21600 16100 7900 500 0 0 
0 0 200 3800 14800 20800 29900 35000 44700 55900 66800 75800 75700 85200 89900 96400 94800 98700 100700 101300 98400 96600 101600 100400 101800 111300 105200 103900 108300 106200 106800 18200 0 0 0 0 0 0 0 0 0 0 0 0 0 0 0 0 0 0 0 0 0 0 0 0 0 0 0 0 0 0 0 0 0 0 0 0 19800 98700 104900 107000 100500 101400 101700 103700 99800 101000 100000 101900 99200 99100 95800 90900 92900 90300 82400 76200 71300 67800 51200 48900 39800 31700 26700 16500 8600 200 0 0 
0 0 200 5100 15700 24900 32200 41200 46800 58500 65100 70400 74200 79700 87600 91000 97800 99300 102000 106200 98900 105600 98400 100700 94100 108400 102900 105000 101500 103400 105000 16700 0 0 0 0 0 0 0 0 0 0 0 0 0 0 0 0 0 0 0 0 0 0 0 0 0 0 0 0 0 0 0 0 0 0 0 0 17000 101100 104200 101600 109700 103200 104200 104200 103500 102600 95200 95400 98700 99200 94800 96500 95500 87500 84900 73700 70500 62800 57300 52000 40100 30000 24200 15200 7600 300 0 0 
0 0 0 5900 16500 24400 31900 35400 51200 56100 64400 66600 84200 79300 85800 91800 96300 94400 94300 90700 99700 99600 104300 104400 98700 107600 103800 107700 110600 107700 101300 16100 0 0 0 0 0 0 0 0 0 0 0 0 0 0 0 0 0 0 0 0 0 0 0 0 0 0 0 0 0 0 0 0 0 0 0 0 19200 96700 103300 106300 99700 106600 100100 100000 100800 101900 103500 99000 99500 98600 95900 92800 95400 90800 84400 79000 68600 61400 53500 53200 39100 31700 22600 17600 7000 100 0 0 
0 0 0 5400 18100 25500 35000 39100 48600 53400 62000 71800 76800 81000 85900 92300 99600 93800 98000 95900 102000 105000 97600 105500 98800 104400 107100 105500 110000 109000 101300 20200 0 0 0 0 0 0 0 0 0 0 0 0 0 0 0 0 0 0 0 0 0 0 0 0 0 0 0 0 0 0 0 0 0 0 0 0 16700 102300 107100 104400 102300 107800 104100 99900 103900 101000 102000 93700 94500 97400 96300 97500 93600 90100 82500 78600 72100 62400 53600 49600 39500 32500 22700 16700 8700 500 0 0 
0 0 200 6600 12300 23700 30400 40200 42300 59800 58300 70400 78500 76200 90900 93100 95900 99800 95500 103600 103300 101600 102900 105200 98000 98800 110700 104100 108300 108000 97900 17400 0 0 0 0 0 0 0 0 0 0 0 0 0 0 0 0 0 0 0 0 0 0 0 0 0 0 0 0 0 0 0 0 0 0 0 0 18000 103200 104700 106000 110200 93400 99800 99100 99100 97500 97700 101700 99300 99200 92800 94000 93500 83200 88300 74700 71100 63400 50800 46900 41000 29800 26300 13800 7000 300 0 0 
0 0 300 4600 18000 23400 30200 38200 48900 60500 60200 66500 78000 76400 86600 91300 93500 92200 96600 103500 97900 104900 101000 107600 106800 100800 104500 101900 104500 107200 98000 18000 0 0 0 0 0 0 0 0 0 0 0 0 0 0 0 0 0 0 0 0 0 0 0 0 0 0 0 0 0 0 0 0 0 0 0 0 16600 101100 102400 105900 99400 101600 103300 101400 104300 102500 103700 96300 94500 97100 99700 89900 93400 87500 77300 74800 70400 64000 56200 45100 41500 33700 22400 15300 7300 300 0 0 
0 0 0 3900 14100 21000 30300 39100 46900 55600 58900 64700 71700 83100 90300 95800 97700 99100 94700 98800 99300 99300 108300 96400 103600 100600 101300 109400 108800 109200 100900 15500 0 0 0 0 0 0 0 0 0 0 0 0 0 0 0 0 0 0 0 0 0 0 0 0 0 0 0 0 0 0 0 0 0 0 0 0 17300 96000 101100 101600 110100 101400 99500 104900 98200 101200 99400 95500 98100 98100 89800 93500 91300 82000 78900 73700 70800 61300 53600 48500 43500 30300 21200 13600 8400 300 0 0 
0 0 100 5800 13300 22000 32700 42400 43500 56100 65200 67900 77800 84100 88700 91600 94300 100400 98700 100700 100000 104000 99100 97700 103600 106800 101600 105200 103500 104800 101800 16000 0 0 0 0 0 0 0 0 0 0 0 0 0 0 0 0 0 0 0 0 0 0 0 0 0 0 0 0 0 0 0 0 0 0 0 0 20500 97800 104900 102100 103600 107500 100100 98400 105400 101200 97200 99000 93800 91400 93700 93300 91600 87200 84400 74900 67300 60700 53500 56600 39500 26800 23000 13900 8100 400 0 0 
0 0 200 5900 15400 24200 34400 44200 50500 61200 62500 70100 76600 85200 89300 99500 93000 95000 95600 96900 98100 98400 98900 101000 100900 99500 102200 105100 107600 104700 97500 17500 0 0 0 0 0 0 0 0 0 0 0 0 0 0 0 0 0 0 0 0 0 0 0 0 0 0 0 0 0 0 0 0 0 0 0 0 18100 97000 104600 103900 96100 105500 102200 101500 98300 97800 99800 99200 90100 92100 88900 96700 90100 90000 79700 75400 68800 59100 55000 50800 41500 31300 23300 14600 8900 400 0 0 
0 0 200 6100 13400 22900 29800 40700 50800 56800 62700 74900 80300 76300 83500 97000 102900 101400 96000 97800 96400 92900 99600 92200 100900 101100 101600 101300 106700 101000 99000 18100 0 0 0 0 0 0 0 0 0 0 0 0 0 0 0 0 0 0 0 0 0 0 0 0 0 0 0 0 0 0 0 0 0 0 0 0 18800 101100 104900 101400 103700 103900 104300 103800 96200 96800 97900 97600 97500 93700 96400 92800 95400 87700 73600 73400 64900 61900 53900 45300 37700 31800 26200 14100 6600 500 0 0 
0 0 200 4100 14500 21300 28400 40200 51000 53500 57500 65700 79100 83000 83500 92400 95300 98200 99500 95200 95400 102500 100700 102700 102600 100600 98000 100900 109000 110600 100600 17500 0 0 0 0 0 0 0 0 0 0 0 0 0 0 0 0 0 0 0 0 0 0 0 0 0 0 0 0 0 0 0 0 0 0 0 0 15700 97200 105500 103000 99500 100900 104000 98200 103800 102400 100300 95800 97900 94800 95200 95800 84200 84700 79100 71800 66000 60900 56200 47100 37400 31400 22800 15700 7700 300 0 0 
0 0 300 5500 14000 20300 31700 41600 46000 55800 64100 71100 81500 89000 88200 91200 90100 93200 94600 95200 96600 103000 101900 100100 95800 108500 101700 105000 105900 102000 99900 18600 0 0 0 0 0 0 0 0 0 0 0 0 0 0 0 0 0 0 0 0 0 0 0 0 0 0 0 0 0 0 0 0 0 0 0 0 18200 101300 105700 100500 100500 100300 98000 101200 95800 99100 96100 100500 100800 94300 99800 95300 87600 83800 82800 75000 63700 61600 53100 48300 38300 31500 24900 15900 6900 400 0 0 
0 0 100 4200 16200 22400 29100 41900 51000 54600 65500 71600 71200 77000 87100 92500 93700 94900 92600 96300 99100 103500 99700 99200 97500 105100 104600 103100 106000 103700 101100 16000 0 0 0 0 0 0 0 0 0 0 0 0 0 0 0 0 0 0 0 0 0 0 0 0 0 0 0 0 0 0 0 0 0 0 0 0 16200 103100 104200 102700 106300 102000 106000 98200 90500 96500 102000 92100 97000 94800 94100 98300 91600 80800 79300 77000 66600 58200 54400 42000 37800 29200 26000 13400 7200 0 0 0 
0 0 300 4900 14500 21000 31900 41400 42700 55900 63200 69200 71600 78300 79700 89900 96200 96400 100500 93000 97000 92600 103800 105300 92800 97500 103100 105900 104900 104000 97600 19500 0 0 0 0 0 0 0 0 0 0 0 0 0 0 0 0 0 0 0 0 0 0 0 0 0 0 0 0 0 0 0 0 0 0 0 0 17700 97300 102000 103900 99700 102200 97100 98500 95900 101000 98100 97900 96900 95500 97700 89300 90500 88100 79700 74400 73400 61000 51200 49900 33700 29300 24600 14700 7400 400 0 0 
0 0 100 5700 14200 24200 32500 37700 49000 56400 60100 66200 74100 81300 85500 95600 91700 90700 95500 99300 99500 95900 103400 95700 99500 97000 106800 102000 104200 104000 99000 17900 0 0 0 0 0 0 0 0 0 0 0 0 0 0 0 0 0 0 0 0 0 0 0 0 0 0 0 0 0 0 0 0 0 0 0 0 16700 97300 99300 99800 102700 102000 99500 97700 93600 95400 97500 98000 99100 97900 89300 91500 95200 88800 81200 77900 64000 59300 54300 44400 41400 30500 23400 13200 6400 300 0 0 
0 0 0 5700 16400 22300 27300 38200 48100 51500 62400 63300 73700 82400 86400 94400 96300 90100 91500 94200 92900 94900 100500 97800 99500 95100 98000 101300 102900 100600 98000 16900 0 0 0 0 0 0 0 0 0 0 0 0 0 0 0 0 0 0 0 0 0 0 0 0 0 0 0 0 0 0 0 0 0 0 0 0 18000 94600 99500 102900 94100 98500 99600 95300 97200 96600 95800 96500 96300 96000 96700 95800 86600 81900 72800 75000 66200 59200 51000 44500 40100 29900 21600 13900 8000 400 0 0 
0 0 100 5500 15900 21400 29400 39200 46500 54500 58800 67100 82100 73600 83100 91600 92300 94800 98800 97000 97200 103800 94900 98500 96500 103500 101400 98700 102100 102900 97700 17000 0 0 0 0 0 0 0 0 0 0 0 0 0 0 0 0 0 0 0 0 0 0 0 0 0 0 0 0 0 0 0 0 0 0 0 0 18500 99600 100600 103500 101400 95700 98200 103700 96700 97200 96200 95400 93700 94600 84200 91200 89100 87600 79200 70400 67600 57800 57200 45400 40100 32300 23300 13700 6700 200 0 0 
0 0 300 4400 14500 21600 27900 37400 46300 56300 61300 71500 77000 80700 83200 87000 91000 95100 99300 96000 95100 88800 98600 96700 102000 100700 98700 103000 98300 100900 101200 18400 0 0 0 0 0 0 0 0 0 0 0 0 0 0 0 0 0 0 0 0 0 0 0 0 0 0 0 0 0 0 0 0 0 0 0 0 18500 104600 103400 103100 100300 94600 95100 97500 96700 95600 93700 89600 97100 91600 100600 90700 88000 84100 78100 75700 62300 58400 54000 46000 35900 31200 23400 13600 7500 500 0 0 
0 0 0 5600 17400 20700 29900 39500 48600 56800 62200 69200 74800 78800 84000 89000 92800 95000 94500 87900 87700 91200 98700 101300 101400 97600 89000 98700 96000 101500 95200 14900 0 0 0 0 0 0 0 0 0 0 0 0 0 0 0 0 0 0 0 0 0 0 0 0 0 0 0 0 0 0 0 0 0 0 0 0 17000 94600 97100 98600 97600 99400 103100 98300 98700 90200 95300 95700 95300 94300 89700 91300 88300 81300 79800 72300 65100 59000 49500 46400 40500 30500 22100 14400 7400 300 0 0 
0 0 200 4200 13100 23300 31700 40900 42100 54400 62400 67800 76800 81100 80400 85800 91700 93100 88900 94700 86500 91300 91900 92200 98600 101400 97100 99400 101600 101600 90200 16700 0 0 0 0 0 0 0 0 0 0 0 0 0 0 0 0 0 0 0 0 0 0 0 0 0 0 0 0 0 0 0 0 0 0 0 0 18300 96500 100000 100300 101000 95500 98800 95400 94300 98900 91600 91000 91200 92200 94400 87400 93200 84700 79300 73200 65800 63400 50300 44000 33700 31800 23300 14900 6800 100 0 0 
0 0 200 6300 13600 20000 31100 39000 43700 55700 59100 67200 70800 79400 84800 87700 90400 99300 91300 94600 96900 91800 94800 99100 95100 95200 102100 99800 102000 101300 95700 16400 0 0 0 0 0 0 0 0 0 0 0 0 0 0 0 0 0 0 0 0 0 0 0 0 0 0 0 0 0 0 0 0 0 0 0 0 18100 91100 98600 95100 96600 98000 94800 98800 94700 98100 94300 93400 94500 91500 92500 86900 87500 85800 71900 64800 64000 60800 52900 47800 34800 28800 21800 14400 8000 600 0 0 
0 0 0 5500 13500 22400 30000 39400 43800 54400 60900 66400 71300 78000 80600 90400 89500 88100 95500 90900 93300 93900 93600 90000 91700 97200 100600 102500 101100 101500 94300 33400 12500 9500 8400 7200 5600 6300 4800 4100 4300 2000 2300 1500 1500 500 800 100 400 300 200 300 400 500 1200 1300 1400 2200 2200 2900 2800 4700 5900 5300 7900 7800 12100 15400 32300 95900 96400 102300 94000 97100 100600 100400 97100 89800 88400 94900 92200 90200 91700 93200 87100 81400 81500 72700 64700 56200 49200 40800 35600 29700 22000 13300 5100 600 0 0 
0 0 200 5200 12800 21500 28700 35000 43100 49300 60500 60800 70500 76400 83200 88800 87900 88000 98000 95500 91600 91700 87200 99800 96600 99900 100500 95800 96200 98500 100100 83800 71900 74500 68400 73900 73600 73100 69800 73500 72300 68500 71300 72000 72100 69300 71100 69500 66700 72100 69400 68800 73200 72300 68500 64500 69400 69800 73100 71600 69200 69100 72600 72300 74700 73400 73300 75800 78700 98000 100500 99500 96000 93400 93200 94300 91300 92300 91600 87500 91200 96800 87400 91600 85800 78800 73100 64500 66300 58400 53100 44000 38100 30400 22800 13700 8000 300 0 0 
0 0 0 5800 11100 18900 28700 34400 40900 53700 56700 65700 74500 72800 79700 84500 87700 83600 86900 86300 88400 85800 91200 88200 90000 93600 92000 89200 95900 99800 89400 98800 94100 98300 94400 93000 97600 94800 99800 91600 89000 91600 96600 95900 85600 97500 94500 92700 90000 96500 95600 98800 96000 90400 92800 94900 100300 91100 97500 93200 101600 93200 97100 92800 98700 98700 95800 96900 98700 95400 98500 97400 98900 95500 88300 92000 90300 91500 90300 87700 89500 89100 92800 86700 87600 80700 75100 71200 66900 55700 49600 40800 40300 30400 20800 12900 6500 400 0 0 
0 0 100 5000 13300 22100 24300 33000 39400 51700 54800 61200 64400 69400 78500 81900 86200 88700 87600 84900 88000 82900 87400 95500 87900 89000 94000 94200 92600 93100 90700 96900 93500 97700 99300 93800 95500 96700 96100 98100 97900 92000 100500 99900 99500 99500 97500 97400 99000 98100 96300 101300 97200 99500 94200 96800 98300 94800 94800 96100 94800 92800 95600 94400 93100 90200 91800 96800 96300 96200 88800 93500 88700 88400 96200 88200 83600 90200 88100 82300 85100 81600 84000 90000 79100 75300 69800 64700 58200 56200 46400 43000 33800 26300 22800 10600 6200 600 0 0 
0 0 500 6200 8500 21800 26800 29800 42300 52400 51300 61400 63600 70200 77700 80000 78300 83700 82500 77800 79400 86800 84300 85100 82400 82600 86000 85900 84400 91500 92200 92600 86300 91500 89700 92300 88100 91500 94100 92500 93500 93000 102700 95700 90900 92600 94500 90300 95700 95100 94300 95300 94900 91600 96200 94100 91800 93000 99400 91400 94600 89100 86700 96600 93100 88300 94600 87400 90200 89900 86700 85600 89100 88200 86100 78300 82900 87400 84500 78500 83000 79200 78600 81300 80400 76900 65900 66200 59200 55500 44100 39100 32600 26400 22000 13200 6900 400 0 0 
0 0 0 4300 13700 17100 25500 32400 39300 44100 52200 59400 56100 66500 73000 75900 73800 78100 77300 83400 85800 78400 81500 82300 81700 83400 84900 84600 88400 83700 87800 80400 85500 86700 83700 88800 85800 85300 83000 86300 85100 95200 83500 88800 86500 88800 92800 88600 87400 85200 89000 90900 87600 86900 84900 84600 85800 83200 87300 89800 89000 82400 82400 83000 84500 87100 83900 87000 83100 83000 82400 83900 80400 81600 81300 79400 76700 83300 77600 78700 74000 76600 73800 74600 69900 72100 62500 56900 56600 54100 45300 36500 30600 24300 17200 10200 5400 500 0 0 
0 0 200 4400 11400 18100 24100 31400 33900 43700 46800 50900 58500 64000 68000 73600 72600 73500 75600 73700 76200 74100 72800 71900 81000 75900 73400 74100 75700 77600 78300 82200 82600 79100 83000 82600 78400 85300 86100 79500 85700 84200 87900 84700 84900 81800 81400 83700 84000 84900 87100 80000 84700 81600 85200 79300 76200 83400 80000 83300 80500 83800 80400 87500 79300 78000 82200 83200 75800 74200 76900 73900 76000 74300 74500 77600 73600 72500 75300 73700 72900 68100 68700 73800 68100 63300 57500 57700 53600 44600 41700 37300 29000 23700 16300 12700 5100 200 0 0 
0 0 100 3700 10800 14900 22600 27200 34100 40800 44500 51600 50200 55100 63500 65500 68300 65300 69700 72500 69800 68000 72300 69800 70900 71900 71700 74600 70600 74900 70800 74700 74700 74800 78900 69800 74900 75000 76500 77900 72300 76400 79800 82500 69900 76900 77300 81400 74800 77200 77300 73600 76700 84500 77600 75800 77000 74900 73100 78700 78600 72000 76600 74400 81500 71400 76300 78500 71300 79500 72400 72600 71700 74300 69900 73200 69200 68300 69800 64000 64700 71800 65300 64500 63700 59500 57400 47400 46100 44400 39300 33700 27200 23100 16700 9800 5700 100 0 0 
0 0 100 3800 9400 14400 21100 24400 33300 38300 42200 48300 52000 50600 56900 57300 62000 60800 65000 65100 68100 65600 62300 65600 64300 60600 67600 68100 67900 70100 68100 68300 71700 69700 72400 67900 70400 72500 71800 73400 74200 70100 69500 76200 66800 73600 72000 71000 68700 73500 78200 68000 69600 69700 70000 73300 72600 73700 72000 72700 74600 65200 70900 74300 74200 68500 69000 72900 65300 68900 71900 65000 62400 70600 67500 66200 63300 64300 64500 64400 63300 63200 65400 61100 56500 57200 56100 50400 44900 41400 36600 30300 28300 20400 14900 9600 4700 200 0 0 
0 0 100 2700 8300 14800 19300 21500 28400 33500 40500 42200 46600 51300 55500 54000 57400 60300 62600 52400 62400 63000 60200 60900 66100 61500 63400 61600 65900 60100 59600 64000 67600 64600 62800 64200 69000 67600 67400 65400 60900 70700 69200 61700 66600 65200 66300 69000 65000 66200 65600 70100 64500 74900 70300 66900 66000 65600 63900 66200 65400 65300 65100 62200 66100 60000 61300 69800 65800 61200 58200 60900 61900 61000 60000 55500 58000 60900 60800 54200 56700 60300 53500 55100 54600 54900 50000 45300 40300 34600 29500 27800 22800 19500 12500 10400 3600 100 0 0 
0 0 200 3300 7900 12600 14500 22800 23300 33400 35900 37500 43500 47000 52800 51900 55400 53400 52300 53900 55600 49700 53800 52900 53700 60400 60000 57200 57600 58400 56300 63200 59100 60400 58000 64000 64400 60900 61800 55700 57200 57200 56200 62500 59700 62700 63900 62300 62700 58800 59700 60300 60800 64600 59600 62100 58600 62300 65300 61400 64500 57100 61200 56300 56600 57900 56000 58600 55700 58900 59100 57300 57300 57900 56100 55000 57000 53200 54200 54000 52400 53100 49200 55200 47300 48100 41500 45900 37900 34700 28800 24600 22500 17600 13600 7200 3900 0 0 0 
0 0 0 3600 7500 13300 16600 20200 26500 28700 33300 36400 41700 42800 49100 48300 50400 50300 46700 46500 45800 49100 48900 52700 48400 53600 54000 52100 51000 52600 58000 51900 51300 57500 51100 51200 52800 54900 51600 59100 55400 56800 54700 55600 55900 55300 55800 51900 56000 54800 58200 56100 55800 56800 57000 50100 58000 58300 58100 56300 56200 55200 54900 59800 55700 50600 58100 50400 51000 50200 56400 57100 52600 51300 51200 49200 51300 53600 49200 49800 49100 47200 46500 52600 47700 43500 41400 38900 31900 32100 22700 24600 17900 17700 11500 8800 3000 100 0 0 
0 0 0 2200 6800 8500 15100 18600 22600 26400 29900 36000 34500 33900 36900 39200 45000 44200 46100 48100 47700 47200 47000 50200 47100 50200 48000 47300 46600 46900 48000 45500 51900 49200 48500 49900 45800 50500 51600 53000 49200 49900 51900 50200 49400 54200 50100 48700 49500 49100 49800 51200 53900 52100 47900 51900 51000 49100 49300 50200 46700 50200 48000 48100 49000 51300 48800 44300 45200 49100 45700 50000 46800 47400 47100 44700 44200 42700 45100 41400 43600 40800 42100 41500 44000 40400 36800 36400 30400 27300 22200 19700 18400 15400 10900 7500 2800 200 0 0 
0 0 0 2000 6200 8800 10500 15200 19800 21800 25900 29100 28600 33100 37300 39500 38600 41900 37000 41400 40500 38600 40500 39200 43300 40400 43300 41700 41100 41400 45500 42500 43100 44500 43200 41900 41700 47000 45500 45000 43500 48100 45400 44000 45000 39900 45300 46000 44900 47400 46600 42800 46300 48000 45200 44000 45100 43700 46600 44400 38900 51000 43400 43100 42600 40700 42300 42600 45300 40800 43800 41300 45800 42100 41600 41500 41200 38200 44900 40000 37100 40200 40600 36900 38900 34700 35600 30000 25900 25800 20600 17300 13100 10200 8200 4900 3400 100 0 0 
0 0 100 2200 5500 7500 11800 14100 19300 18400 21900 27900 28500 29500 32100 33500 30400 36500 35900 35100 37700 37700 37100 34700 37100 37900 39100 36100 37400 34400 41000 38900 40300 37000 37600 40400 34500 40500 41700 42800 40700 40500 37100 42500 37100 42100 45700 42900 40800 43000 37400 39700 32300 38800 35700 38700 38500 38300 40500 40400 43000 37500 38100 39500 40300 36100 39100 37600 37500 36100 36800 33900 35700 34700 38900 36700 37300 35800 38700 32900 36000 33900 32000 34500 34500 33200 29100 25800 21900 18700 18200 14100 14100 11100 10100 6000 3000 100 0 0 
0 0 0 1900 4500 7200 9700 11800 15800 16800 20000 21100 22600 29000 28000 29100 32200 32200 28700 28100 30800 34600 33700 31800 33000 32500 34700 32000 33700 32000 33000 34200 32800 34700 29400 33400 38200 37300 36500 33300 34500 36400 32400 36300 34900 35600 32700 36600 36000 36400 36300 34900 34600 34900 36500 37500 32200 34000 36700 35400 33100 34500 35700 31600 37800 36000 34700 35000 31800 30400 29900 33100 29500 30300 32800 34200 32400 31000 34600 32800 30800 31000 28800 27800 26500 29800 23200 22700 17700 18700 17800 15200 13600 8700 7800 3800 2000 100 0 0 
0 0 0 2000 3700 6500 7700 10900 14500 16100 20600 19500 19000 19400 23000 24600 24800 24400 29100 25800 28300 26900 25100 31300 27700 28100 30000 28500 27400 27100 28300 30200 29500 30900 28500 27500 27500 31600 29300 31600 29600 30400 32200 29600 29300 33200 32200 31000 30300 28800 33500 29000 25200 29000 33000 29900 31700 29900 27600 28200 29300 28000 31300 29100 29200 29700 26500 29100 31200 29800 30200 26700 28200 29900 26300 26700 28100 25600 26900 25000 23600 25900 24800 26200 24600 23900 22300 21900 17200 19200 14600 10800 10800 8300 7200 4000 1700 200 0 0 
0 0 0 900 2700 6200 7000 9800 11600 13500 15300 16500 18900 21700 22900 22600 22400 21700 26000 21900 24800 23600 25500 25400 24300 24900 24000 23500 22500 25300 26000 26000 26000 23900 27600 23900 26000 27600 26100 24300 25200 27700 27700 29900 26400 27400 26700 24700 26000 27300 25500 25900 26400 24600 26000 24600 25100 28400 26800 27300 25900 25800 25600 25200 24900 25600 26500 24600 24500 23800 24600 24900 22200 25900 20900 23900 22700 24500 23400 22300 20500 24400 22500 23000 21700 22000 18300 17200 16200 16600 14000 11600 8800 7300 5200 3200 1600 0 0 0 
0 0 0 1600 2000 4800 6100 8500 10100 11900 12000 14300 15300 17400 17400 16600 16200 18500 19500 20100 17600 19200 19100 20200 20700 20800 19800 19800 18400 19800 20900 21100 21100 20300 19500 22500 22100 23200 19800 22000 22000 21900 21100 20600 23800 21800 21800 22000 20800 23300 21500 20500 20600 20300 21600 21700 22500 22300 20900 18900 21500 21500 21700 23300 22800 18300 20800 22100 19600 22400 19600 20500 20000 20100 18900 19600 19000 18500 19500 20700 20800 20100 18000 17100 18000 16100 16300 15400 14600 14500 9900 9500 8400 5400 5600 2800 800 0 0 0 
0 0 100 1600 2700 3600 5400 6500 8600 7900 10600 11500 11300 14400 13700 16000 16600 15400 15700 15800 16500 14600 17900 16800 15600 18600 20200 19000 15800 19900 18200 19400 18900 16400 19500 16600 17600 17400 15900 18500 15900 17000 18000 17700 17500 15600 19700 19800 17600 17000 16800 17800 17300 18600 16700 16700 19000 17300 20000 18000 19500 16400 17300 19100 16800 18500 18100 18300 17300 17100 13300 17500 17600 16300 15700 15100 16300 16600 15200 12900 14400 14800 14800 15200 16800 14800 12800 13800 12000 8700 9900 7800 6500 4800 4100 2600 1300 0 0 0 
0 0 0 700 2300 3200 4200 5400 5500 8500 10700 8700 12900 12100 12400 12700 15100 13700 15200 13300 13300 13000 15300 14300 14200 13700 13900 14800 14900 14900 14600 14000 13800 15300 15600 15600 18000 15800 15000 14300 14800 17400 17600 14800 16800 14300 15200 13800 15700 14300 16900 13900 14900 14200 17300 13600 13500 14400 17200 14900 15000 14700 13600 16200 15400 14500 17700 14800 13600 14900 13200 14300 13900 15500 13100 12100 13900 16200 13700 12700 13300 13300 15100 11400 12400 12400 12400 9900 8300 10200 6600 6400 6800 3900 4300 1200 700 0 0 0 
0 0 0 800 2200 1100 2500 4300 4300 6200 5200 6200 8400 8400 10600 11100 9300 9300 10700 8900 10000 10300 10300 10100 11600 10700 10600 10800 11300 9900 10000 10200 11300 12500 11000 9900 12400 10400 11800 11400 10000 10000 10100 12000 10600 12100 9900 9400 14200 12800 15000 14000 11100 13600 11100 11100 10800 12100 13000 10600 12200 12200 10400 12300 12300 11000 10700 10600 10200 12100 13100 9700 10100 9500 10900 10600 10300 10700 9900 9400 10200 10500 10900 10900 8500 8900 8700 6900 7000 6600 6000 6200 3700 2900 1600 1900 700 0 0 0 
0 0 0 700 2100 1800 2900 4700 4800 4600 5000 5800 6300 6000 5600 8600 7800 7300 8300 8200 7700 6700 6300 8100 8100 8100 8100 8700 8100 9300 8600 9200 8100 8400 7800 8900 10100 8900 10400 10100 10600 9500 9700 9900 9200 9700 9800 8300 11200 9500 9600 9800 8500 10100 8500 11000 9900 9300 9200 9000 9500 9400 10200 7900 8700 10000 10000 8500 7600 8900 9800 9100 7700 9100 9600 9200 8700 8600 8800 9700 6600 7700 8200 9600 8400 8000 6600 5500 5500 4300 6200 4200 2900 3000 1900 900 800 0 0 0 
0 0 0 300 300 1900 2200 2200 2400 2700 2900 3500 5900 4900 4000 5800 6500 6700 6300 7200 5600 6200 7100 6000 6300 7200 6900 6200 8000 6000 6700 7600 6100 7500 7700 7400 7800 6900 6000 8200 8100 6800 7400 7400 8400 5600 7000 7300 6100 6100 6300 6600 7400 8400 6700 7300 7800 6700 6300 6400 5400 6500 6500 6900 7600 7800 6300 6500 6600 7800 4800 5400 6500 6300 6500 7500 7000 5300 7600 6700 5600 6700 4700 5100 5400 6900 5500 4700 3700 4100 3300 3400 2800 1900 1600 1100 300 100 0 0 
0 0 0 100 700 900 900 1400 1400 2500 2900 3200 3700 5300 5400 6000 3100 3200 4000 4400 3900 4800 4600 5000 4500 4400 3800 5200 4500 4000 4800 4600 4600 4400 5000 5200 5100 5400 7100 4500 5500 6000 5100 4600 4500 4500 5100 5200 6900 5400 3900 4900 5100 5800 4800 5600 6000 5100 5200 4700 5900 5100 4500 4300 5600 4000 6400 4300 5500 4500 4300 3600 3900 4200 5100 5000 4200 5500 5500 3800 4300 5200 5200 4100 4100 3900 3400 3100 4000 2600 2200 1100 1800 1600 900 900 300 0 0 0 
0 0 0 0 700 500 1200 1800 1900 3000 2200 2900 2900 4200 2200 1900 4600 3100 1900 4100 4100 3100 3000 4000 3200 3600 4400 3600 3600 4800 3400 3300 3800 4000 4400 4300 4200 4200 4500 4300 2600 5500 4500 4300 3200 4800 3200 4000 3600 4500 4300 3700 4400 4500 4200 4100 4000 3600 4100 3800 4000 4300 4100 3400 4700 4700 4800 3800 3100 4300 2800 4100 4700 3300 4800 3700 3600 5400 3700 3500 3300 3200 3600 4200 2700 3300 3800 2300 2500 2100 2900 1400 2300 900 900 100 500 0 0 0 
