# Format: McCode with text headers
# URL: http://www.mccode.org
# Creator:  3.6.14, git
# Instrument: FullInstrument_v5_working.instr
# Ncount: 6250000
# Trace: no
# Gravitation: no
# Seed: 1780250193901943
# Directory: FullInstrument_v5_working_20260531_195126/3
# Nodes: 8
# Param: SourceE=5
# Param: DeltaSourceE=0.5
# Param: EI=5
# Param: A3=0
# Param: A4=-45
# Param: SAMPLE=0
# Param: RV_mono_Bool=1
# Param: RH_mono_Bool=1
# Param: Lv=1.872
# Param: Lh=1.34
# Param: monoShieldingWidth=0.062
# Param: monoShieldingHeight=0.14
# Param: monoShieldingDistance=0.235
# Param: MonoShielding=1
# Param: Be_filter=1
# Param: sampleHeight=0.05
# Param: sampleRadius=0.0125
# Param: sampleThickness=0.002125
# Param: samplePosY=0
# Param: sampleFluxDiagnosticXWidth=0.08
# Param: sampleFluxDiagnosticYHeight=0.08
# Date: Sun May 31 19:58:14 2026 (1780250294)
# type: array_2d(100, 100)
# Source: PSI_CAMEA (FullInstrument_v5_working.instr)
# component: sample_flux_hitting_sample
# position: 1.52668 0 37.605
# title: PSD monitor
# Ncount: 50000000
# filename: sample_flux_hitting_sample.dat
# statistics: X0=0.0181091; dX=0.705353; Y0=7.90927e-05; dY=0.879009;
# signal: Min=0; Max=10228.9; Mean=4438.88;
# values: 4.43888e+07 48480.4 1.21421e+06
# xvar: X 
# yvar: Y 
# xlabel: X position [cm]
# ylabel: Y position [cm]
# zvar: I
# zlabel: Signal per bin
# xylimits: -1.25 1.25 -2.5 2.5
# variables: I I_err N
# Data [sample_flux_hitting_sample/sample_flux_hitting_sample.dat] I:
0 0 0 0 0 0 0 0 0 0 0 0 0 0 0 0 0 0 0 0 0 0 0 0 0 0 0 0 0 0 0 0 0 0 0 0 0 0 0 0 0 0 0 0 0 0 0 0 0 0 0 0 0 0 0 0 0 0 0 0 0 0 0 0 0 0 0 0 0 0 0 0 0 0 0 0 0 0 0 0 0 0 0 0 0 0 0 0 0 0 0 0 0 0 0 0 0 0 0 0 
0 0 0 0 0 0 0 0 0 0 0 0 0 0 0 0 0 0 0 0 0 0 0 0 0 0 0 0 0 0 0 0 0 0 0 0 0 0 0 0 0 0 0 0 0 0 0 0 0 0 0 0 0 0 0 0 0 0 0 0 0 0 0 0 0 0 0 0 0 0 0 0 0 0 0 0 0 0 0 0 0 0 0 0 0 0 0 0 0 0 0 0 0 0 0 0 0 0 0 0 
0 0 0 0 0 0 0 0 0 0 0 0 0 0 0 0 0 0 0 0 0 0 0 0 0 0 0 0 0 0 0 0 0 0 0 0 0 0 0 0 0 0 0 0 0 0 0 0 0 0 0 0 0 0 0 0 0 0 0 0 0 0 0 0 0 0 0 0 0 0 0 0 0 0 0 0 0 0 0 0 0 0 0 0 0 0 0 0 0 0 0 0 0 0 0 0 0 0 0 0 
0 0 0 0 0 0 0 0 0 0 0 0 0 0 0 0 0 0 0 0 0 0 0 0 0 0 0 0 0 0 0 0 0 0 0 0 0 0 0 0 0 0 0 0 0 0 0 0 0 0 0 0 0 0 0 0 0 0 0 0 0 0 0 0 0 0 0 0 0 0 0 0 0 0 0 0 0 0 0 0 0 0 0 0 0 0 0 0 0 0 0 0 0 0 0 0 0 0 0 0 
0 0 0 0 0 0 0 0 0 0 0 0 0 0 0 0 0 0 0 0 0 0 0 0 0 0 0 0 0 0 0 0 0 0 0 0 0 0 0 0 0 0 0 0 0 0 0 0 0 0 0 0 0 0 0 0 0 0 0 0 0 0 0 0 0 0 0 0 0 0 0 0 0 0 0 0 0 0 0 0 0 0 0 0 0 0 0 0 0 0 0 0 0 0 0 0 0 0 0 0 
0 0 0 0 0 0 0 0 0 0 0 0 0 0 0 0 0 0 0 0 0 0 0 0 0 0 0 0 0 0 0 0 0 0 0 0 0 0 0 0 0 0 0 0 0 0 0 0 0 0 0 0 0 0 0 0 0 0 0 0 0 0 0 0 0 0 0 0 0 0 0 0 0 0 0 0 0 0 0 0 0 0 0 0 0 0 0 0 0 0 0 0 0 0 0 0 0 0 0 0 
0 0 0 0 0 0 0 0 0 0 0 0 0 0 0 0 0 0 0 0 0 0 0 0 0 0 0 0 0 0 0 0 0 0 0 0 0 0 0 0 0 0 0 0 0 0 0 0 0 0 0 0 0 0 0 0 0 0 0 0 0 0 0 0 0 0 0 0 0 0 0 0 0 0 0 0 0 0 0 0 0 0 0 0 0 0 0 0 0 0 0 0 0 0 0 0 0 0 0 0 
0 0 0 0 0 0 0 0 0 0 0 0 0 0 0 0 0 0 0 0 0 0 0 0 0 0 0 0 0 0 0 0 0 0 0 0 0 0 0 0 0 0 0 0 0 0 0 0 0 0 0 0 0 0 0 0 0 0 0 0 0 0 0 0 0 0 0 0 0 0 0 0 0 0 0 0 0 0 0 0 0 0 0 0 0 0 0 0 0 0 0 0 0 0 0 0 0 0 0 0 
0 0 0 0 0 0 0 0 0 0 0 0 0 0 0 0 0 0 0 0 0 0 0 0 0 0 0 0 0 0 0 0 0 0 0 0 0 0 0 0 0 0 0 0 0 0 0 0 0 0 0 0 0 0 0 0 0 0 0 0 0 0 0 0 0 0 0 0 0 0 0 0 0 0 0 0 0 0 0 0 0 0 0 0 0 0 0 0 0 0 0 0 0 0 0 0 0 0 0 0 
0 0 0 0 0 25.75493264 0 0 0 0 5.311804929 0 0 0 0 0 0 0 0 0 0 0 0 4.987517496 0 0 7.790726549 20.55408177 0 0 0 0 0 0 0 0 0 0 0 17.60275013 0 0 0 19.81159863 10.04048369 0 0 0 23.70345372 0 1.83443037e-06 0 0 20.05261861 5.516176811e-07 0 0 0 0 0 5.461394375 8.009771012 36.61573529 0 26.25874996 13.7621354 0 0 0 0 0 0.1562439803 0 0 0 0 0 15.42229931 0 0 11.63626366 42.16533591 0 1.335153031 0 0 20.58627657 0 0 0 23.5192043 0 0 0 0 16.44308364 0 0 0 14.55663581 
24.42780655 13.97982046 10.30173311 17.60269799 76.76334054 1.710247531 19.1339209 96.29304831 0.01238498603 38.36942788 80.79199821 123.8079722 47.49400766 0 0.000679188998 33.87387349 45.92824593 14.19053853 41.83932859 27.25825695 35.13591969 0 13.40872671 0 0 41.90042651 68.10178869 17.65467048 23.36749548 65.16342795 25.63905007 80.60665828 36.37507546 15.27650458 41.08113386 33.97266127 0.1763415951 24.71112236 20.97610778 0 36.98956608 14.31006434 21.39774004 47.91747491 18.29504393 57.41506036 14.28166159 68.92274311 26.71119659 14.53115828 0 26.7648387 26.26079433 23.0790711 83.89384732 20.68076139 91.75458912 18.42679631 14.11713095 38.52132482 63.42789282 26.18671274 177.9168548 9.23520455 26.70779299 27.53697937 81.35092576 7.591193681 56.40198126 114.3151586 92.90167634 68.31020446 0 18.01607505 26.29269134 56.3951554 100.0340093 73.08872383 32.86095927 0 15.57063609 78.77276593 60.36186674 0.2163904509 19.86495107 46.05540092 31.37136593 39.70906591 38.40541901 58.48368228 0 36.17988511 58.34138026 0.004130275266 11.62881726 37.86922599 55.09524704 10.19433835 41.32864439 51.53589456 
65.71362376 23.21804653 50.49416804 97.52638863 79.2665164 34.88527473 205.9972123 112.747562 66.87113623 59.86580711 19.96021938 127.1561292 121.4282947 88.58303265 106.0053632 127.9040767 119.6209021 81.20735116 28.99194267 145.5002132 71.36645302 133.1845469 140.1701931 54.53081161 52.68525737 47.72420104 143.6769908 142.0243752 62.14071193 49.52217948 93.12088091 52.16639936 137.7518236 153.0643874 273.2277598 145.1245915 31.88444397 40.72392148 11.57368128 82.43279094 45.28220119 127.5449025 56.17342526 122.8949132 83.76792974 44.93515104 30.96921451 33.54498365 116.2416116 91.96682413 59.557754 256.6533368 209.4108119 63.6264622 51.73903533 113.8135873 61.25591938 131.3890439 33.27232612 139.8173991 68.56796746 148.8367959 176.0042486 63.34189427 102.1505983 129.6485204 171.3726494 185.4148451 126.5058127 34.09438995 74.67342968 119.3642415 29.18792895 183.1730805 77.43067826 216.6474442 100.693015 117.9734838 0.0007541484887 96.27074187 67.3890892 136.4679025 51.59939113 73.97803734 40.88619612 43.01538828 57.81354864 14.7790903 89.7152835 58.76998634 172.3061564 102.858196 88.01994761 43.38243843 84.96233433 94.22010558 57.77523876 173.4695105 85.2386805 107.5775681 
167.4134101 262.7073046 274.4719725 88.95534684 133.8071669 196.7846549 222.7580015 20.11951258 261.1046315 136.5557876 190.745592 250.5674966 238.0940317 178.0381274 228.4232102 157.6568038 259.8060997 177.6731236 223.8246623 121.2812566 332.6233896 143.4125789 156.5778696 412.6654958 212.2823852 178.7148743 244.7746125 194.7685424 196.5506422 377.3302058 152.7413143 245.7231911 385.7581573 236.8083481 286.4774617 330.5926194 208.4204023 257.772296 175.8126585 244.4468928 254.1292135 132.2173901 79.14502914 62.52575622 84.58995783 103.3590053 138.1060597 131.2982789 317.5738056 72.85320145 324.3768513 270.2747544 158.3558114 180.4614864 148.4746202 303.1220071 78.23573571 292.0419686 357.7049184 129.8411506 329.3916623 148.6842284 156.153471 228.100192 313.8464209 157.2836805 212.9291463 146.2794715 259.9378444 221.9905028 268.2966768 200.8907147 95.98848568 182.4756411 219.6886747 178.2724527 268.2131411 376.1813244 104.6300213 152.4763244 150.1209877 241.5817547 151.3574259 288.8804604 244.5917877 131.1720436 141.0078238 300.9200259 298.5178993 155.3609457 230.4161057 206.094608 67.73759537 251.6487371 143.1854878 273.0777785 251.0114309 169.308701 231.3228846 285.8482491 
397.7136409 534.8941919 317.0357213 403.7129054 672.9356283 158.4113432 318.5453603 565.2098386 385.9455973 198.4001766 197.9728655 280.8646084 420.0872345 181.8528651 331.0265131 334.3129154 342.8752288 281.04357 376.4398698 366.6628383 290.007892 420.0144259 321.5047554 177.7433853 485.7429819 438.4605396 290.5557983 387.4629386 354.9350386 622.4920737 439.5609108 368.8814247 441.1291018 525.614063 269.711199 550.3806516 442.6801554 568.420568 503.912886 578.0418555 334.3482194 533.1154183 428.450675 365.7392732 292.9321879 449.3167143 359.7950859 325.4922507 496.127513 329.5474383 444.5835169 668.0061153 468.7502158 404.771253 398.5963352 705.9342471 335.0460368 499.47098 446.9361543 425.7315124 139.2586392 574.276278 577.313605 427.0926019 115.0474569 678.5802024 508.9649594 434.241739 462.279863 331.4073171 219.8009716 603.6221429 265.5973206 323.923553 164.5360053 350.1301451 343.7289704 276.3151735 446.5201232 472.368305 539.8640459 431.1271187 155.8218659 378.9964285 458.0364811 363.4255 348.2614085 615.2068667 520.7696855 495.6645887 386.8348467 544.4072611 352.9215479 493.4392128 410.7402683 364.7886952 433.5217599 416.6076701 608.6649364 359.8916374 
340.9699787 841.4586875 651.0956427 860.2314454 738.8304449 595.7604519 601.3256211 639.7810576 512.987029 467.632493 381.4269587 625.8273128 797.1222515 630.6752529 480.0933777 360.5814502 451.746566 669.2367472 845.4213372 800.2059927 438.9513802 940.6268789 843.5813128 545.1106164 922.754955 557.6165855 482.0363001 557.8221901 673.3197304 563.9452721 659.4154553 795.5380652 775.9120241 611.2421394 731.3143714 776.5008148 736.6544401 986.2168882 802.6700434 721.0826702 785.3507475 710.3535706 835.6261575 551.9058653 760.7677839 593.3197387 690.8226572 792.7129738 710.913608 710.4079787 644.9646545 479.8831564 461.7429107 623.19187 813.6821479 789.8121423 1009.738599 493.0811762 995.4366192 773.7009609 799.487272 559.184255 464.9411544 529.8470761 564.1391872 1008.433854 921.150524 669.5479973 755.9300404 623.1757311 703.6800594 657.6670592 370.0919635 1162.85425 706.7315932 566.0798832 898.3826302 644.0204421 856.6560554 574.0546167 560.7993031 807.4652251 443.8864423 602.0876022 489.5435135 531.1756303 627.5275592 492.7740243 699.045352 616.202379 729.2019656 664.8062504 940.1417087 520.2999785 765.2047055 616.5084838 787.3642374 851.5918883 313.8847668 261.5075632 
965.5368732 633.1210379 832.7311866 706.3849184 1483.287637 1052.199337 970.1517489 792.1465916 504.4157297 914.2250823 764.1261505 1019.405076 895.028505 1109.953369 1105.874399 1302.080625 850.44375 1282.383852 920.6570019 1040.36601 815.7530947 1034.406232 764.4401415 1394.523544 940.3867165 1144.225872 1025.787472 992.5541889 1199.198518 1663.987316 675.3274372 741.8304385 1099.015359 1132.981514 1055.864396 1144.081096 1094.81357 907.0363778 986.403398 1017.814334 905.6364642 978.3329423 1367.651587 696.4588309 1007.293079 1227.676828 686.4435117 1217.379565 842.6084265 1473.922038 945.5639896 1436.50454 1923.895184 938.3509987 1324.800217 892.9198893 839.8653276 1194.309563 1479.046314 1607.487082 1294.660672 1237.252399 1280.375693 756.4659489 991.3754954 1017.68716 1149.106136 1458.099382 1131.778366 1059.134252 1054.705677 687.2648196 941.2438386 1032.049898 939.5140405 1454.857697 903.6564458 953.1298886 765.6757033 1074.064904 1014.807865 997.0877957 833.2921437 1090.711925 1200.822454 900.1351131 1218.659671 1110.086517 1252.474178 1058.226963 791.8921557 1357.501999 1436.379095 1348.593207 1116.585757 791.6330861 913.4262969 1135.901861 1124.803912 1139.884717 
1261.021078 716.5288787 1503.745011 1234.74986 1491.182804 1061.764693 1143.930602 968.8754466 1373.845736 1449.759236 1397.09433 1578.351375 1404.987905 969.0251293 2030.050812 973.8807135 1212.059725 1520.985966 1271.25165 1320.26276 1725.397923 1153.879244 1693.221217 1838.095875 1668.91427 1182.412769 1714.715582 1540.210036 1433.532084 1736.367366 1527.42094 1360.258025 1578.02793 1807.233501 1425.549647 1397.081766 1838.96841 1735.694957 1546.282939 1650.581075 2007.092658 1301.346721 1554.746051 1166.867043 1507.220184 1238.593605 1291.05258 1552.298316 1576.16737 1498.628583 1683.777354 1572.181957 1845.941208 1173.734212 1666.082621 1351.409913 1458.20017 1449.397368 1473.133955 1907.740748 1596.99312 1675.05978 1426.359833 1554.854283 1178.044957 1995.944011 1699.370833 1452.167192 1507.355862 1179.18435 1083.309956 1527.007692 886.9258988 926.8127856 1459.392157 1471.064988 1523.135673 1682.766045 1713.723249 1436.64826 938.1849021 1436.988328 1970.694736 1536.651549 1338.331328 1551.644143 1390.686198 1146.655704 1398.509031 2001.275695 1081.963168 1767.3236 1518.05357 1101.701515 1148.862794 1211.774086 1695.406908 1242.766164 1050.172418 1168.598294 
1447.716258 1363.528594 1343.33755 1556.635232 1686.175835 2205.275826 1749.523788 1502.980592 1097.021858 1846.214968 1761.902756 1775.644218 1974.581474 1409.234484 1361.759754 2623.412346 1895.379641 1747.695468 1920.938043 2119.516956 1605.002157 1517.128363 1889.086502 2100.74465 1605.211187 2037.63376 2146.172712 2186.949714 1945.794176 2227.963624 1577.727351 2126.209797 2193.147056 2161.346085 1794.048912 1845.691053 1815.172848 1240.671664 1144.176834 2328.55887 3353.371141 2574.083948 1886.900525 2619.124916 1673.25389 2770.847008 2663.065171 1796.950481 2160.982109 1726.05865 2054.645075 2301.700864 1845.389935 2087.868027 2396.984901 1639.313792 2137.369264 2130.953082 2390.23086 1825.922429 2157.822883 1785.638686 1942.635325 1828.693987 2223.132823 2191.014447 2283.511733 2765.008601 2251.993869 1995.79242 2393.317513 1887.561578 2380.095588 1997.769898 2439.138026 1504.44322 2626.509869 1925.744415 2615.388221 1279.012751 1515.719807 2469.036506 1928.402841 2154.824451 1967.51578 2836.815647 2410.136511 2098.789819 2282.289912 1493.809556 1310.94495 2108.336493 2486.803928 2039.076845 1684.241274 1809.532581 2369.977555 2043.811827 1453.159637 2023.02592 
2251.763504 2277.546616 2557.413636 1631.342707 1696.69549 2227.285735 2224.914286 2116.990407 2278.160726 2446.7445 2360.018709 1989.690373 2947.974267 3124.152636 1832.494923 1930.335967 1958.171379 1387.420202 2554.238208 2179.306524 2261.39748 2534.341379 2629.361061 2794.055974 3109.346476 2374.647478 3157.143022 2686.802265 1994.27206 2214.754994 2894.713593 2707.825104 2673.254491 2677.647697 2833.027077 2654.019029 2767.940934 1806.545557 1523.032582 3434.762252 3628.340359 2180.031575 2222.944335 2876.212797 2286.938907 2699.828351 3157.288458 2518.438047 2709.484059 2780.451557 1787.357371 3088.073764 2594.370231 3143.565911 3180.525166 2755.540461 2902.934185 2811.134115 3340.473107 2259.591887 2278.481555 2509.032199 1900.508786 2383.595039 2498.238849 2859.53538 3589.616363 2745.291831 2529.389843 2455.833329 2520.041707 2729.06252 1733.168834 2601.048505 2593.293885 2620.158869 2954.768151 3215.022877 2450.964489 2615.394136 2736.420294 3097.431238 2272.702942 3293.358368 3451.386828 2277.179891 2354.194263 3560.748231 2281.571604 2029.886067 2269.362281 2727.391735 2500.830916 2335.803029 2386.722812 2622.889546 2315.724588 2137.590174 2187.355779 2872.432864 
2549.804376 2490.049937 3316.72174 2223.056298 3546.281558 2804.812264 3226.707688 3060.076959 2919.472784 2622.488125 2772.65179 3500.521289 2770.733348 3242.457175 3357.22675 3464.662733 3540.489208 2963.705468 2689.476267 3126.567685 3293.186853 3453.358392 3413.563941 3089.538978 2704.661876 3443.937204 3312.551632 3266.862439 3493.172719 2981.557982 4137.382598 3545.472876 4438.7483 3888.018534 2466.480793 4436.320099 2764.134693 3686.002542 3758.268332 3755.052571 3815.554383 4057.020308 2617.214314 4062.223712 2586.226964 2856.610456 3982.184128 3678.015289 2968.510661 3382.91149 3024.922471 2806.153692 4386.734482 2843.930865 3751.881756 2906.926433 3715.71054 3719.457402 4029.516479 3396.644202 3384.798082 3425.860776 2981.769083 4072.619007 3657.756227 3438.451873 4404.578454 2819.278814 3968.839426 3720.160022 3306.007433 3034.887055 3071.896043 3483.814426 3758.642313 3216.582006 3701.87882 3276.857969 3000.812065 2893.463148 3335.246512 4169.153074 3607.231334 3894.340981 3732.223919 3232.146642 3280.57076 2965.552688 3426.643841 2862.633693 3187.310061 3232.634247 2681.229862 3374.75512 3049.596644 2972.772486 2135.216861 3422.58222 3120.614634 3332.948883 
4014.544506 3763.85132 3059.19173 4197.211028 3174.067495 3026.774707 3429.827337 3768.679081 3006.505301 3446.302513 2934.190944 4029.21707 2998.390633 4210.312049 2837.340382 3651.004666 4511.882186 3904.343419 3833.212219 3926.457306 3631.799708 2889.890065 3801.229477 4096.102471 3599.907442 2758.55421 4605.45874 3303.457703 4206.56957 3258.387381 3463.887563 4070.784638 3501.794926 4107.888101 4458.435791 4682.262351 3453.053436 4252.896714 3223.664098 4272.660551 5091.030584 3248.113257 4086.001221 4035.129288 4216.351054 3547.61582 4063.839503 3693.362869 3603.582897 3833.657139 3560.432921 4155.431658 3615.196876 3795.953461 5050.264496 3891.095454 4069.859454 3112.800127 4407.331573 3460.091173 3423.733048 4037.531371 2197.747773 3604.881817 5149.50221 3727.932287 4043.759685 4318.468501 3896.555637 4857.210205 3994.321454 4281.834131 3463.425603 3865.374891 3715.273285 3837.033911 4667.746339 4277.452826 4509.397599 3830.123038 3666.711289 3738.450481 4210.395977 5022.397832 3408.835596 2809.479601 3554.045854 3770.698206 4058.971999 4297.777328 3678.433161 4334.897681 3477.622781 4309.86217 4239.480578 3869.225147 4472.984837 3526.608375 3524.994245 3546.44588 
4039.838412 3245.477419 3491.022107 3783.319496 4228.051987 3682.61491 3777.669202 3990.788216 4306.853582 3971.737547 4613.820279 4243.113654 4034.635548 3978.413244 3750.349968 3447.70847 4549.314247 4987.290518 4779.20831 4671.03218 4233.268411 5070.1249 4639.097946 5650.649603 4858.181941 4437.051126 4900.348506 5077.431345 5497.249501 4460.043728 3924.313694 5512.124667 3995.239855 5091.593044 4291.995195 4303.26989 5478.137859 4121.910447 4829.038638 5197.970191 4882.715678 5495.95027 4743.886233 4995.614407 5131.849202 4628.557563 4874.387933 4767.448962 4567.959792 4681.078288 4449.170008 5682.940889 4823.29056 4598.021882 4505.772466 4602.720333 5297.650624 4886.718118 4606.691041 4951.609675 4735.433962 4682.685259 4096.902939 4404.714263 5250.251127 5867.982697 5297.683961 4510.216878 5182.009208 4510.773438 4550.861535 4951.9713 4557.178192 4514.895777 4868.156914 5365.774815 4395.15671 4841.528523 4958.142935 4225.851313 4208.864037 4195.035129 4499.414558 4501.521193 4541.61519 4523.281986 5409.514994 4229.404171 4273.021806 5097.732024 4328.232737 4127.301721 4804.656622 5058.944723 3790.847012 4116.482085 4547.585584 4297.333545 3592.98671 3955.694604 
5381.562174 4961.426145 4768.513529 4387.704122 4332.24723 5397.119163 4238.476165 4459.982963 5148.355374 5031.157486 4520.829466 3665.55629 4391.847663 4981.114424 4606.358101 4916.381954 5776.10645 4830.626081 4627.046064 5078.944582 5518.819579 5183.86478 4215.848212 4902.343689 6250.633589 5447.476555 4953.209983 5144.244328 5047.583235 5140.879323 4118.515367 4590.465125 5847.923222 4416.611823 5203.719633 5028.881382 5973.789284 5225.519009 5324.085595 5383.664255 4595.236359 7297.40343 4841.63578 5403.407218 5034.065411 6558.340801 5055.593801 5936.810553 5274.170407 5263.773363 5928.57065 6332.099345 6277.085843 5506.066983 6155.117814 4908.917749 5817.19774 4705.798041 5295.393215 5828.672129 4506.585581 4478.725005 5545.092383 4254.603138 4986.12359 5756.33511 5641.073033 5499.997753 5906.316222 5218.906097 4933.165532 5492.465492 6284.254841 5071.883199 5918.445072 5504.737302 6224.440476 5328.394818 5490.241308 6066.480969 5095.066788 5333.94518 5949.122147 5018.081285 5260.507827 5322.133051 5840.351286 4451.274417 5564.410475 5543.848732 5435.758996 5241.823271 5543.471559 4905.362695 4510.63485 5757.767644 5303.525194 4315.34549 5089.691248 5146.257832 
4927.766024 4487.689759 6295.286412 4573.71309 5131.941378 5018.222537 4593.946619 5340.637363 5010.675997 4685.814958 6856.923486 5251.866276 5406.556891 5334.347426 6433.031468 5980.599144 5232.545113 5156.19459 5443.697667 5652.25325 5713.536717 6353.609188 5855.240097 6264.076449 5384.628186 5600.167386 6523.440273 6483.212045 6133.440879 4908.645634 5724.834105 6886.291417 5226.623336 5430.785888 5666.16616 5445.525057 5527.786582 5561.23358 6174.490441 5687.900007 6614.85501 6160.834935 6003.453191 5773.748594 6388.830457 5926.135772 6152.474174 6772.554542 4900.394318 6309.094894 6108.128172 6579.539878 5905.101211 6452.856837 6444.533794 5851.785313 6034.490112 5996.548353 6010.481108 5306.015372 6289.007055 6407.304887 5146.172698 6712.330914 5031.02187 6119.632426 6418.520495 5464.042569 5621.815009 7514.501182 5973.828928 6337.397429 5510.011416 6104.348194 6272.868584 5261.05105 5491.84071 5118.116922 5440.748679 6141.336666 6524.029359 6944.914951 5625.102049 5070.031079 6686.229064 5758.349318 5703.84629 5938.369157 5132.299327 4909.210986 5308.298267 5383.272382 4619.267436 6121.491965 5270.563022 4243.823612 5533.208541 5657.006855 6301.694717 4872.657846 
4837.539267 5188.380891 4744.42308 5969.182585 5696.536738 5448.16459 4883.16204 5942.728189 5266.331594 5799.578907 6003.449756 5993.861022 6008.655816 6922.717044 5749.88584 5397.488789 7194.160073 5980.237186 5705.259417 5850.410144 6215.381273 6572.12063 4845.638869 6770.890313 6147.908851 6973.839261 6497.581144 6949.460258 6929.239936 7113.571966 6172.053272 5988.91051 6008.971051 7030.040534 6223.113842 6693.807915 6717.07623 7143.092447 5501.942432 7346.835147 6723.301242 6391.39996 6586.406076 6654.319666 6445.343086 7487.56728 5425.508163 6299.106828 7456.146578 7416.239527 6541.205677 7483.461154 6401.466763 5948.089172 6587.869575 7302.193278 6675.209182 6612.122294 6587.874766 6548.100503 6907.249906 6821.943155 7322.9112 6766.724961 6620.697383 7537.662379 6751.075566 6167.2402 6580.434641 6117.116378 6816.610004 7590.807166 6241.843303 6482.059243 6510.145725 7547.248377 6118.256828 7460.081091 6972.762849 5692.87422 6942.090647 6693.499505 5967.109935 5673.909152 5896.252781 6675.031606 5393.588984 6713.121955 6198.085294 6835.900544 5753.833216 6046.951795 5107.578227 5760.811864 6000.058988 6079.962061 7042.576201 5832.442738 4939.061096 6848.540968 
6591.604186 5555.164437 5705.23824 5733.760267 5911.861698 5791.433561 6545.479916 6515.128282 5228.741748 6154.527059 5704.866224 5415.306732 7033.798639 6643.053667 6344.459638 6532.127625 5029.906644 6308.731146 6352.758659 6503.41776 6587.831241 6354.245358 6795.987165 6291.775552 5989.464394 5987.184683 6067.966956 7223.701387 7704.082486 6249.403101 7039.293563 6620.8893 6901.257045 6741.4409 6581.522431 6205.937914 6515.157225 6727.231772 6340.034175 6673.723062 6548.516888 7920.72933 6638.410328 6978.523127 7122.958385 6739.589215 6399.423209 6989.377858 6891.859121 5797.449429 6545.399798 7275.570948 6318.03456 7214.459287 6625.754834 6728.764631 5940.185034 6608.706785 6580.689443 7331.766614 6006.895719 8042.577448 6902.922933 6978.538968 7223.803154 7458.728122 6859.252004 6929.788946 7101.382843 6147.411964 7273.738205 8239.378994 6326.793991 7084.287219 6851.762183 7478.994351 7218.435546 6411.944594 6133.999907 6935.756358 7350.463047 6574.690457 7282.836984 6520.72679 6358.498338 6683.316423 6756.498652 6344.664715 5650.842562 5976.997387 5321.732447 6278.250185 6933.267897 6536.086188 5735.043067 6448.7392 5073.151104 7233.743581 5492.837434 6838.393724 
6537.245607 5151.202436 5368.610281 5715.510748 5280.778812 6406.226869 6465.966272 7647.715703 5723.978911 6313.225615 7353.284941 6534.177105 7064.949112 7281.521428 5956.331838 5956.560698 6234.021404 6778.371408 6467.885903 5926.520309 6672.897811 5920.831707 7420.950151 6862.502226 6669.519397 7599.278098 7268.080739 6868.191582 6185.327793 6600.251533 6733.587692 6835.36264 7809.105897 6812.890507 7293.373859 6277.818727 6896.545906 7916.298652 6415.526222 6575.645779 7820.222857 6191.941477 6424.082579 6625.649171 5935.676289 8076.301641 6482.980972 7176.457112 7860.376077 7078.202082 6751.304533 6884.245454 7403.908185 7816.404552 7802.721947 7407.170164 6081.744007 7418.64974 6984.342691 7004.766697 6947.707817 6718.522741 6470.308583 7235.492455 7166.570994 8004.396709 7591.078599 6863.864257 7180.750165 6451.249551 6951.97827 6936.412664 7529.535722 7563.831443 6770.328527 7000.199709 6271.620903 7868.657323 7133.174032 7271.384628 7646.813684 7100.26741 7784.754202 6888.161112 7462.162639 7672.528464 6025.498183 5765.173852 6403.263934 6167.587018 6003.490333 6577.225706 6647.93128 7121.484887 7156.395081 7235.202314 5651.296712 6211.913359 6595.466396 6553.568354 
5306.152059 5958.367755 5350.440451 5892.927936 5627.339793 5627.590858 5749.544659 6570.925658 5610.238074 7063.012091 5902.732106 6196.240916 6196.639723 5702.381854 6291.211351 7933.854895 6801.543637 6365.335851 5745.98497 7718.704671 6682.379742 5643.013947 7377.842317 8426.822687 7916.906131 7099.126243 5777.470228 7244.402056 5970.137068 7062.140829 6590.613696 6469.591421 6740.865726 7774.169441 6650.751083 7768.357842 6949.348091 7379.602597 7860.150148 7515.095816 6601.004943 6369.194954 9297.732056 7583.077192 6753.940617 8233.677978 7359.426937 6987.479024 7362.680216 6913.592963 7541.05403 7590.4799 7199.031656 6728.180715 8438.227944 7289.306156 6513.330648 8156.560713 7863.0972 6600.848848 7480.108757 7386.532031 6390.330767 7282.668185 7353.9446 6586.430962 6838.902196 7152.530931 6614.136988 6354.014101 6509.640005 7585.382942 7199.068506 6071.46667 7211.928479 7214.113012 6737.084708 6539.709424 7734.250391 7998.61573 7339.747642 7511.091059 7398.187038 7232.865104 7312.364257 7389.403945 7138.255698 7690.665365 7268.241075 7235.892475 6655.000538 7212.391274 7289.406786 6942.023167 6893.666539 6756.452292 7101.951988 6443.660248 6877.94498 6412.888507 
6114.255625 6443.828874 6043.044734 5922.773745 5398.11137 7170.167009 5359.071005 6274.944408 7335.73874 6207.42465 6489.711797 6527.151333 5815.996324 6176.656558 6842.465326 6969.587076 6362.896055 6380.836996 6075.64796 6580.461439 7745.54134 6903.74178 7763.345445 7210.671615 7246.951559 7580.769999 6568.594326 5934.396242 6048.490403 6956.992377 7035.894586 6206.702073 6313.094194 7908.482489 7861.559795 6881.880706 7611.904299 6442.1251 5498.082811 6511.11716 6985.938592 6860.407293 7105.219796 7468.627581 7096.159306 7492.774072 8482.009019 7301.657845 7761.556759 7107.136363 7498.86688 8150.303436 7034.519692 8487.95833 6400.03139 7758.902364 6751.278968 7990.880257 7151.35414 7387.702044 6476.748378 7345.277145 7224.790175 6574.833101 7101.631832 7003.188092 6329.332955 7668.919044 6514.796475 7521.95756 7430.236661 6944.23523 7046.728771 7371.410184 6489.454543 7638.697494 7112.921318 7485.966565 6566.994042 7368.251308 7128.671004 7514.166987 8273.484896 6353.653876 6653.256255 7710.20806 6549.164774 7210.931508 7183.617045 7118.717541 7283.527785 6013.622993 5972.183937 5549.138805 5313.686054 5769.547097 6518.767321 6799.559604 6015.035659 7532.689852 
5485.433701 6516.841221 5901.414417 6022.503156 6745.542188 6051.171251 6266.231091 7277.393624 7487.408482 7207.109081 6067.788257 5879.561582 6750.653256 6787.083557 6575.540446 5976.107336 6277.401476 5861.823499 4949.310493 6570.565488 5656.227674 6317.482233 6298.353948 6542.073199 6976.219978 6710.285113 6277.902003 7431.890428 7101.773044 6848.61055 7107.957285 5568.193631 9132.170811 6323.774809 7196.611302 6343.278259 8557.972327 6328.334674 8043.01921 7505.008607 6798.986154 8445.694974 6533.866621 7106.804348 8067.346523 6702.894536 7750.645852 7719.262628 8070.708117 6990.494947 8457.516846 7690.939394 7687.283112 8657.971672 7703.061489 8902.538089 7534.013451 8490.931529 7698.168053 6959.975182 7212.597136 7866.02512 7420.545314 7279.465949 7375.374102 7946.786136 7494.017833 7773.092865 7916.931375 8332.102903 6469.028157 5925.104928 7674.945482 7203.155897 6187.658357 7188.301394 6626.04416 6982.084378 7459.947242 7549.204725 7098.628678 6729.295089 6905.315728 6707.970814 7129.554922 7326.633388 7713.179048 7337.759783 7735.839363 7506.777624 6449.434578 6945.235244 6243.923272 7107.374131 5913.15779 6377.81525 6110.585134 6883.350666 6993.028269 6441.517529 
6704.896654 6835.802105 6412.586716 6950.941279 6580.529556 5110.68056 7100.15181 5890.246611 6234.650806 5160.314598 6714.318108 6674.313416 6288.831712 6961.772811 5923.852043 6643.21337 6527.394749 6577.231042 6314.489375 5823.62705 7322.36447 6474.876847 6781.449697 6155.039389 5891.076063 6777.167025 7107.505909 7509.213116 7072.820995 6981.068976 7512.298839 6678.651595 8392.054257 7557.532815 7301.738932 7165.735401 7387.439806 7586.498428 7036.358911 6869.284993 6692.937356 7814.135092 7477.406102 6940.784149 7376.159508 7274.211202 7668.166773 7793.080539 7360.203116 6967.603812 7709.192795 7105.019896 6691.34136 7219.795197 7482.043241 8641.870172 8692.573638 7294.700641 7279.436588 8214.429228 7852.661572 6486.00571 7107.98491 7151.990458 7611.466158 7476.034668 7712.336276 7580.482313 6548.26269 7491.793961 7084.199251 7227.051867 6646.660897 7330.572212 7895.072842 7022.941432 6837.397633 8326.868454 6180.792014 7920.828154 8808.459081 6855.23225 7106.3041 7653.853225 7302.728326 7298.989873 6622.828657 7630.208075 7541.833501 6599.511625 7235.219562 7291.819382 5886.01448 6820.020818 6383.255989 6767.35335 6473.684504 7430.17606 6205.503657 7329.779593 
4744.692579 5851.469887 5641.489811 5444.98706 6250.237599 6578.36107 6739.929157 5734.85705 6201.104796 7532.239117 6652.014012 6320.055164 7253.850086 6167.415986 7224.227376 6910.177398 6614.507322 6794.31267 6728.017949 6019.171942 7515.610413 7562.842113 7047.708462 7971.143942 8247.935171 6855.266518 7554.877936 8156.986519 6882.392103 6374.879478 7151.228486 6335.215273 7913.054232 7247.134828 8965.068331 7313.448636 7690.233107 8180.75785 7315.853838 7584.472087 7143.787884 6984.252534 7186.210107 7343.222421 7828.210802 7196.537729 8608.731064 7433.136345 8088.348956 6819.252008 6168.148998 7449.570184 7648.41939 8253.532626 9390.598155 7074.041739 6612.749257 7028.890081 7738.328434 8109.825377 6759.897005 7474.676002 8058.532877 7938.078516 8353.823818 8122.200303 7857.228922 8386.405135 7777.023083 7569.15307 7971.832861 7252.634114 7431.48704 7543.297538 7026.387683 6931.677066 7842.728912 7337.479193 7170.451876 8276.518696 7862.560625 6839.132831 7632.392573 6487.678056 7226.725402 7522.733673 7519.373329 6008.04428 7664.999755 7482.147076 7771.562417 6391.243702 6525.191476 7676.438705 6274.386663 6393.421686 6767.883631 6949.137248 6596.160829 6220.563312 
5800.441076 6535.162272 6671.537563 5293.301148 5416.711577 7519.643074 6733.713583 7276.983034 6668.316416 6793.848079 6779.875222 6271.005917 6800.270783 6400.313199 7015.483419 7037.657243 6173.58447 6001.283288 7969.258394 7292.385106 6174.999627 7055.391996 7341.368557 7356.932437 8222.424496 7687.856663 6963.025268 7460.976506 6660.987148 7403.399948 8421.763945 6277.457063 6422.742052 7286.833949 6405.84987 7899.990103 8503.656662 7243.421531 7211.344656 6061.562345 7121.598899 7591.560813 7062.430606 7582.759902 8092.864145 7794.805039 7357.303063 8269.685163 7122.159135 6535.451134 7905.480168 7439.883472 7438.687286 7897.796459 6654.306888 7632.573375 7194.268967 6600.290044 6832.248227 6384.139006 7564.796442 7437.703105 7989.358501 8461.571602 8665.794099 7199.491928 7739.155698 7423.54882 7445.803569 8511.093803 7280.093779 7454.399976 9008.501922 8295.304116 6748.854821 7504.742715 6639.054143 8861.568064 7804.699849 7678.377651 8223.731493 7398.005486 7970.16377 7709.533257 6545.722172 7871.277613 7897.775724 8894.771855 7188.989624 7066.655146 6474.764992 6107.025026 7124.951771 8174.891895 6420.410031 7476.599219 7108.243513 6370.292589 7535.243023 6359.950358 
5470.581925 5678.082149 6003.991426 5953.028645 7140.690704 7392.190821 6959.875758 5993.405271 6702.493861 6799.825484 7146.063861 7167.227112 5141.651532 7234.090081 6507.771634 6541.147268 6278.008139 6415.555942 6985.516726 7294.553123 6797.475115 7536.878352 5783.187882 7503.673078 7714.683056 7966.615605 6430.935534 7363.588645 6977.797805 6934.324147 6510.583256 7660.791113 6823.646463 7807.041868 8060.393751 6714.260788 7237.808868 7192.645429 7379.555676 7315.009513 6815.002283 7457.814235 7054.050727 8097.101785 6297.923299 8280.559353 7356.597615 7109.551822 7406.731056 8548.616067 7308.07476 7284.242657 7668.567563 7462.102865 7057.169186 8560.078164 7174.701945 8625.246081 7254.489333 7756.379842 7752.26565 8411.476712 7340.346679 7803.675276 7462.522903 7605.755548 7957.733679 7549.146113 7086.444147 7341.581633 7146.828799 7718.500498 8289.234415 6593.676245 7288.543315 7266.392459 6788.89305 7499.293919 6054.822845 8003.164292 7554.168735 7870.708221 8123.887294 6332.533365 6195.490661 6764.905834 7280.235411 8150.502572 6752.347091 8120.726483 8184.385143 6493.632283 7035.038371 6920.336094 7374.386064 6322.43468 7300.578209 7015.837864 6788.681015 7094.514566 
6406.53974 5786.835786 7958.59898 5981.895882 7235.89037 5123.046714 7997.794121 7542.84849 6103.10551 7067.007357 6689.788134 6642.868268 6045.952798 6968.999109 7574.11427 7336.703459 6082.522027 6514.943018 5729.555952 6712.892173 6130.260565 6927.949297 7128.579037 6516.373798 7417.505585 7054.113522 6950.111785 7533.556299 7291.103406 8323.760518 9000.835542 7630.472534 7990.292582 8706.066476 8548.705088 7013.770738 8221.235844 8142.550965 6993.523957 8192.066945 6952.828132 8067.652473 8355.891999 7776.679043 8261.12376 7074.660162 7674.966935 8481.27986 8227.798323 7559.548168 7826.519889 6714.135615 6614.433603 7179.730358 8267.757525 7577.437722 9399.636225 7269.026954 8163.12859 7698.273071 7876.025235 7982.319577 7365.831294 7240.175605 8132.768414 8746.667055 7185.007315 7918.413878 6546.016303 7400.087239 8496.459532 7502.616579 7522.833874 7915.260501 7694.211029 6982.816909 8178.518385 8271.371766 7531.578549 7440.262188 7855.721818 7632.855658 7250.917404 7651.634871 8485.59875 8085.987381 7549.155255 7148.378726 7537.680256 7187.043442 7416.716204 7121.149376 8459.743367 8016.538761 6133.42508 7512.510893 6154.973491 6578.275474 6810.461855 6979.191224 
6112.254368 6398.877886 6608.83595 6624.990783 6331.818858 6102.795257 6848.062291 6776.375237 5950.017766 6052.016697 6383.386021 6979.300597 6234.656945 7703.684643 7810.522812 7382.039819 7107.821005 6594.003918 6731.655026 8308.772295 7412.813516 6630.66019 7583.153907 7890.171184 8125.470399 6621.212892 7103.372626 6860.853143 8678.323468 8163.135504 6506.20778 7819.332609 8479.525206 7758.715939 6922.882513 8029.110331 7457.718698 7766.836883 7746.064193 8573.558942 6895.067643 7384.498715 8429.360139 7687.5818 8257.265431 8312.652109 6191.144864 7296.575195 7630.674052 7452.749286 8498.171136 8566.378562 7716.14914 7338.490443 6364.036751 6773.796967 8087.605028 7843.662982 8285.285835 7943.533443 7373.015017 7534.675103 6926.330669 8207.646754 8402.461805 7457.351013 7313.747735 8666.252569 8411.525472 7999.301353 7932.061683 7534.36842 8013.972485 7060.768983 7227.503805 7288.678001 8572.344242 8025.778308 7454.038864 7988.860518 7073.525168 7899.235142 7487.931643 6964.833031 6762.155684 7566.128417 7499.713498 6950.974402 7175.149876 6748.674855 8308.852163 7059.268309 5977.137615 6750.063859 7154.358778 7693.707759 7747.204612 6757.711013 6983.321113 6571.188471 
5381.975105 6455.017108 5876.746175 6246.345487 5820.516682 6767.016219 5676.705444 5649.898284 7199.370259 5901.497351 6896.880081 7038.30153 7159.886804 7718.373505 6408.058673 7445.989661 5712.124859 6980.376151 6878.151396 6300.318981 7379.199369 7289.045058 7324.798245 7636.132794 8143.079783 7167.351174 8147.357562 7855.986713 7026.742776 7771.98947 7737.059992 8141.2042 4966.066196 8662.176706 7888.424578 7127.105123 8060.138289 6812.600436 8322.032193 6645.282176 7613.389719 7754.143207 7449.439057 8142.982064 7313.292281 7711.29614 8825.136337 8712.39311 8231.260431 7966.55211 8526.522217 8051.132475 6984.581563 7496.416826 8197.456665 7519.664522 7363.235282 8240.704769 7069.271597 8453.05083 7874.025576 7561.620913 7592.950071 8729.434402 6992.8599 7431.354377 7185.230212 7126.520016 8200.12669 7772.640675 7687.55214 7514.640743 7016.39059 7794.458567 7329.373956 7820.799874 9673.790635 8447.127132 7602.74039 8663.421043 7201.405234 7869.665622 7140.892595 6961.198352 7696.692654 7364.962796 6263.905658 7798.076552 7687.189403 7262.59439 7442.201934 6330.94331 7536.278815 8256.036195 6922.13801 8273.192227 7967.991016 8798.096565 6258.119998 7299.032502 
6971.926511 7381.271578 5945.34468 6114.764878 5777.947972 6752.264919 6477.771395 6002.111272 6326.98832 6155.976818 7156.814996 7444.968949 6859.460744 7674.00706 7147.580027 8148.551718 7145.642616 7622.05262 7319.016342 7042.447172 7808.739189 7321.910535 7593.875712 7566.708663 7568.30005 7351.972962 8095.839191 7675.342638 6464.778205 7502.657917 7982.734089 7102.820344 7226.181901 7514.409757 6445.898736 8406.78899 8162.976478 8249.202331 7493.97883 8942.982047 7100.957634 8280.021946 8347.842361 6684.414845 7475.805467 8492.372857 7478.854929 8052.020838 7426.497099 9054.214134 7561.773099 7608.848727 6982.907474 7334.209314 6944.182185 7829.480762 8207.994805 7897.404811 8233.833463 8535.755021 7349.990142 8346.756082 8611.153341 7163.052961 7550.554217 8056.434484 8090.128293 7473.550505 7938.918158 7233.28719 7225.887616 7641.56326 8148.26371 9248.764418 7663.23895 7770.945455 7459.540214 7140.128928 7733.972718 7830.605091 7427.491121 8474.551371 6978.356056 7558.823725 7244.229798 7973.55639 7629.832454 7696.896901 7476.690079 7904.674329 7594.876389 7632.510209 7553.563437 6875.668091 7259.711556 6430.246394 6983.182114 8872.756901 6840.354403 7277.717852 
6539.292086 7220.538192 6663.260418 6016.818512 6832.299364 6413.202503 7621.860867 6666.010042 5904.726216 6037.81914 7869.051282 7353.930318 6597.088346 6803.886417 9318.573372 6907.991192 7542.191624 7306.640902 7931.681893 7960.241163 7401.630169 7700.651378 6942.884284 5983.91773 7129.172341 6957.610505 6924.92942 7126.037112 8180.651604 6866.882928 6788.001913 7203.038152 7034.507704 8056.705155 6699.940534 7858.396845 8560.605451 7593.764271 8530.255377 8465.910985 8082.506939 8280.167248 7865.833823 7647.348209 8446.472378 7168.452768 7890.460887 7767.626377 7072.509024 7648.430007 9126.850401 8203.625631 7397.397498 8178.633818 9453.145756 10228.88002 9695.629244 9243.139271 8513.198546 8625.654883 8740.883872 8060.937342 7315.741079 7472.430397 7152.903006 7732.41742 8989.26207 7261.279216 8214.885779 7869.222687 7971.272921 8111.630273 8350.641798 7731.421362 7311.842054 7912.174982 8211.747017 6803.493622 7172.424291 7661.697633 8310.691951 8107.93159 7775.557542 8523.95361 7137.791285 7345.752285 6962.16203 7627.57978 7110.982791 7995.299586 6895.021574 8105.754749 6983.237925 8041.431154 7281.826547 7375.970077 7256.38124 7064.420468 6256.329642 7550.756194 
6467.293316 6293.196243 7396.27885 7744.369649 6843.579261 8098.899699 7266.800824 6823.764322 6785.906703 5971.213027 7344.25989 6676.716013 8343.158771 6569.855888 7554.41361 8212.100453 8996.908406 6639.51996 6945.458305 7066.933124 6723.106748 8712.029135 7746.217174 6756.72463 7996.882945 6387.895156 8617.447175 7749.818178 6449.159894 8189.266456 8508.44992 6599.857965 6551.755145 7542.422008 7849.276973 7458.635535 8617.409275 8745.639055 8323.976946 8535.414574 8148.40099 6675.863561 7183.275213 7392.427083 8493.410506 8100.43239 8850.306577 7933.108727 9128.049262 7976.26354 7525.367797 7752.366814 5941.797172 7926.276304 7701.47467 8191.962353 8982.140612 7080.772153 8161.015138 8041.67249 6451.110266 7809.543066 8982.526563 6887.320017 9065.09907 9455.597729 8404.787425 7641.391097 8558.724509 8741.67335 8118.595548 8566.045519 7863.923261 7391.547446 8475.416346 7587.589835 7296.396053 7734.328947 7697.789547 7615.968428 7996.239925 6541.553121 6992.857782 7327.761225 8132.945175 7336.337384 8244.177349 8311.185381 6827.96991 7277.754392 7076.344771 6724.229323 7246.043157 6908.870482 6211.924644 7426.62898 8228.581266 7291.107136 6242.143151 7798.395908 
6457.037948 6582.954225 7076.615657 7184.816044 7686.311802 6196.537758 7487.779899 6362.756202 6440.222153 5551.747262 7213.556572 7391.329598 7250.253224 7143.79511 7027.805884 7644.445492 6455.283395 6883.303571 6871.243076 7206.855437 8054.326481 8186.333276 7221.382013 8281.952805 7165.774004 6682.195893 8099.207549 8083.345608 8012.132942 7854.912187 7956.3771 7496.470525 8265.583996 7620.140932 7657.428809 6189.072736 8332.421337 8614.204847 8389.359797 7685.818244 8302.07076 8048.180216 8351.417534 7366.491468 7225.220259 8090.052011 7527.948428 8771.963428 8287.817166 7460.899869 7972.145091 8412.288138 7395.677416 9328.124263 8393.902451 8480.203911 8454.324756 7555.81991 9853.365978 8006.8966 8753.985933 7681.509862 7301.479766 8222.116217 7601.789478 7137.46571 7645.025566 6976.385098 8004.68898 9107.04518 8288.093366 8941.51498 7516.108103 9538.688472 6972.635458 7791.450469 8378.412403 7185.267429 7778.239788 7234.81598 8134.275177 7243.360424 7967.803209 8537.551608 8228.855662 6766.086523 8044.82409 7483.938097 7137.282139 7037.487808 7534.408873 7479.672946 6907.436647 7482.572984 6236.015306 7522.78457 6705.632637 7667.58407 7333.955851 7723.570398 
7172.553825 7109.094485 5457.462122 6010.392924 7200.555362 6046.805146 7132.682704 6867.886049 7412.104518 6723.671361 6448.176365 6398.459999 6436.194311 6713.301977 7096.013629 7342.452202 6579.677175 8402.035589 8210.315803 6681.879914 7697.269668 7243.832765 7017.396477 6780.550045 7702.219303 8332.244445 7138.496984 7078.865045 7313.671414 7119.845974 7406.966321 7374.39832 7589.123318 7680.008786 7622.056954 8182.680872 8135.133553 7557.977 8378.818366 7941.747305 7487.283858 9391.023285 8627.300863 7586.943937 8232.890164 6739.46378 8454.762392 8650.397663 8441.761734 8162.193085 8273.1418 8709.453422 7779.611009 7300.742585 8459.4254 8413.048878 7592.541497 7414.981752 7188.060546 8496.766668 6684.998267 8233.602859 8329.561972 7051.591772 8254.018713 8139.944822 8280.713891 7434.116717 8047.595238 7058.334254 8440.098019 7803.024257 8242.558313 8108.309166 6854.862371 7334.601533 8127.39412 8027.422401 7475.851177 7553.654451 8959.913885 6557.87764 7233.857991 7655.712811 7741.636175 7622.504654 9692.404246 7514.191454 7166.965171 7538.294049 6895.185836 8101.575119 6603.836592 7126.342323 7861.857107 7547.957206 7922.820148 7228.168179 5907.393436 7954.59251 
6675.853693 6818.805784 6972.461752 6598.692836 6684.489108 6520.904616 6270.178033 6673.834941 7219.353399 5719.887609 7445.671796 7315.727214 6772.850975 6383.539598 7294.788253 6395.835983 8414.667887 7198.861203 7798.12491 6887.73053 8134.531471 7184.927053 6984.483538 7056.27474 7175.101409 6703.357712 8505.219657 7893.455842 7311.460487 7586.976593 8211.376269 7996.486595 7943.028727 7779.752473 7947.21233 7667.317481 8285.895386 8791.726312 9286.874929 7739.168759 7001.54615 8312.045109 8291.482403 8022.013455 8701.69163 8167.377051 7989.558973 7628.952526 8504.062214 7808.079994 7645.7614 7474.375032 8558.164246 8482.780262 8460.31365 7348.803926 8196.989956 8339.223258 9694.406199 8482.395307 8338.633735 7591.450589 7137.703177 7730.757548 8477.456609 7816.448004 9487.867425 8373.235724 6763.505994 8370.657619 7051.051505 7755.787449 7766.209793 8071.146952 8161.493968 7047.450592 8463.598347 7948.765948 8759.180793 6998.409327 8680.569613 6983.043122 8392.85222 6689.303413 6813.35074 7654.689404 7141.642129 7303.669613 7617.378567 7249.940685 7788.404342 8363.054756 7171.059339 6039.268102 7261.756607 7029.157372 7053.803829 7611.522834 7308.312235 7195.134129 
6551.050953 7717.595933 6908.804854 6945.152854 7000.068133 7113.451315 6206.808367 7476.401686 6926.874263 7145.257667 7731.789453 6672.270702 7365.064005 6938.434768 7242.717999 7935.711345 7827.542602 6398.298311 6712.887799 7328.104542 7573.001777 6764.279433 7867.122173 8041.670399 6984.540644 7026.77979 8649.233723 8141.195767 8763.016487 8016.84955 8567.522475 8661.956166 7190.879336 9028.945034 8651.316383 7094.445555 8660.176963 7059.596474 7067.683928 8185.993269 8103.619454 7313.475202 7067.153745 7607.701956 7175.433366 7249.430024 7367.613944 6640.210907 7646.807775 7734.336924 7990.95099 7325.478662 7638.893881 7262.062061 8127.623408 9125.673373 8703.718092 8164.369183 9051.392826 7542.800477 7633.221852 7293.081213 7058.964604 7653.956642 8360.448452 7330.543161 8088.377204 9278.729296 7803.197062 7564.27244 6979.072077 8882.624389 7778.4713 7925.077441 7905.29475 7818.754977 7732.082572 8181.268261 7858.454251 8842.150147 8425.025974 7053.667507 7421.899966 8146.916327 8221.410171 7253.627073 7017.926638 8671.689663 7519.549902 8543.893035 7718.690847 9029.258759 6867.755918 7282.024427 6860.176526 6556.579468 7447.060129 7567.208058 7035.556339 8964.127153 
5812.048841 5893.145313 6639.870619 6242.825035 6158.158075 6135.146065 7710.321883 7677.415011 8230.841843 6858.115333 7437.826626 6828.690752 6945.958332 7032.167797 7565.568618 7430.466006 7070.954708 7799.026843 7599.61262 7606.95911 7775.595683 7465.415683 8355.433826 6863.45959 8307.415793 7260.536829 8414.734541 8850.979633 6723.082955 7345.674771 6962.347066 8262.493677 9247.076267 7229.50727 8133.952809 7688.277378 8045.135203 8532.382187 8854.696231 8319.331198 7865.685889 8031.805921 7938.339013 7131.412516 7731.443156 7487.013399 8790.861119 8863.717254 7452.770176 7541.263173 7187.428589 7470.414352 8387.041846 7350.639043 8339.571311 9268.623062 7747.479412 7440.503888 7302.66074 7911.743517 7433.125167 8599.229066 8592.278553 7601.670363 8633.357085 8795.545318 9458.700239 7959.965084 8388.045819 9077.178444 8966.751401 8161.663737 8324.159293 7463.802773 9030.526422 7976.499791 7630.37428 8715.806473 7799.127554 8566.821603 8011.696291 7076.919664 6482.046308 6989.498188 7926.437689 7346.940511 8125.347481 7537.006122 7795.252873 7241.250799 8175.898996 7123.803616 6581.675949 7078.149119 6513.575711 6889.59345 7412.614225 7480.522007 7605.912679 7180.020008 
6580.871863 5966.27754 7927.641042 5966.948585 7430.370444 8093.722711 7467.181493 6832.234154 7181.718045 7336.477571 6836.404205 7331.962974 6937.523709 5899.129142 6812.682189 7508.877868 7881.621575 6695.404164 7050.856604 7419.367541 7322.965667 7915.259095 7634.213877 7881.951297 9547.681746 7345.701596 7995.502696 7291.918414 7263.45763 7412.269752 8048.696881 6915.734192 8325.623907 7874.249315 7892.936055 7816.683816 7808.319634 7280.938059 7895.444722 8797.56735 7125.656533 8184.946016 7593.381452 6917.344562 7870.322623 8633.220969 8913.660424 8471.088931 7688.440678 7661.486905 8493.536207 7732.373894 7464.641402 8113.848057 7892.052279 9120.615473 8080.789378 7844.973178 8492.266691 8458.741348 8434.871674 8383.173161 8275.408202 7510.718812 8065.560539 7043.357272 8054.150979 7767.493046 8171.264738 7610.346924 8170.054723 8557.009391 8105.847033 8186.009042 6226.586314 7571.466783 7986.618205 8151.693288 7702.132096 7192.425636 6829.121794 7506.081946 6976.875896 7247.223835 8176.390013 7539.574424 7795.934337 7861.094738 7329.82375 6948.237498 7160.970131 6963.047232 6949.774703 7169.323476 7209.608592 7867.744467 7330.8062 7170.143997 8300.486365 7499.650818 
7744.82209 6496.18876 6606.07224 5946.430763 6546.51551 6227.93875 7146.743638 6281.927299 6988.244424 6831.941416 6239.557444 6456.008814 7135.61893 7901.141302 6870.618025 7607.124829 7586.867378 7077.751227 6210.240145 7286.290752 7935.751367 7439.579359 7269.024236 8495.560892 7225.230276 7845.488613 8758.746667 7431.599576 7708.77687 7131.186296 7311.032884 7187.049138 8367.828735 8278.284938 9620.255235 7410.230081 7423.45538 8330.50716 8944.989561 8221.134115 7788.654366 7058.89684 8291.587942 7980.32639 8580.263822 8195.411606 7574.231378 8852.41948 7250.243929 7905.541659 9276.3207 7969.80469 8389.014048 8845.028453 7528.17973 8829.885538 8867.433334 8422.682966 8808.725985 7449.254843 8867.349418 9181.166659 7876.793028 7731.153353 8107.729 8264.809426 8515.695088 7084.584345 6574.393384 7877.32154 9366.558966 7027.313042 8041.735855 8054.606769 8470.150098 7299.863847 8297.156806 6955.965015 8161.606067 7483.838503 8591.607093 7956.236514 7495.67238 7320.95322 7232.25566 7514.688664 7413.431995 7095.887965 7998.154294 7680.094398 7517.449269 7831.799009 7074.664184 7115.364383 7380.706768 7608.829711 6691.646805 7856.575366 8397.021709 8208.20562 
5391.252606 6666.040421 6137.170117 7118.66782 5957.871124 7018.328482 6758.187223 6364.826608 6628.285219 7550.680288 7138.815536 6589.201367 7260.356903 8110.052505 7146.293904 7679.797766 6511.11037 7108.785488 6737.754225 7353.393558 6079.556664 7922.254408 6998.926086 7893.557275 7029.538163 7018.230608 6259.337417 7736.195815 7653.805868 8556.195517 8325.793308 7661.980419 7728.208836 8414.215739 8300.862761 8502.50073 9201.609088 8164.644967 8419.087172 7937.615036 8485.990584 7772.696921 7203.273508 7255.609668 7754.367026 7977.512814 7664.235592 7907.149335 9138.657128 7901.550263 9876.979432 8256.775494 9483.853003 7932.929902 7442.899327 9405.542315 7860.771729 7920.450957 8544.930915 7937.266273 8520.718844 7425.839131 7641.778177 8166.655948 7506.067462 8662.130673 7501.6449 8914.612868 6619.614427 8374.80676 8340.223982 7764.812828 8952.599984 8237.82694 7884.817342 8396.806558 7498.55213 8491.747414 8481.726327 8458.262573 7409.639055 7760.561051 8833.855423 7267.954086 8481.073017 8749.510636 7323.012726 7979.220841 7857.688645 7838.27954 6785.91839 7814.234698 7968.263133 7548.774272 6982.81092 7795.625519 8077.135702 7179.056408 8097.990717 5890.183217 
6464.616478 6096.182978 6502.222119 6524.05168 6548.950673 6471.658337 6773.293923 6807.11166 7277.488756 7164.715649 7599.169827 7058.308806 7491.763824 6584.944572 7762.842509 6238.649736 8082.573196 7040.101068 7453.020722 6721.129727 7009.454126 6636.232594 7267.170822 7865.816059 8829.324045 8504.986657 7850.695502 9193.878845 8495.558259 8185.647308 7813.619337 7495.075245 7642.135353 8982.708042 8427.557852 7922.252591 7351.838651 8640.990289 8244.417189 7258.3531 8193.52415 7898.807942 6417.767551 7956.654719 8174.638719 7138.13631 7833.968431 8788.778121 8380.602149 9306.236898 8419.711358 7542.102418 7807.811507 8269.003642 7494.947298 7676.298442 7414.242199 8592.096634 8457.185641 7990.167261 8485.452874 8251.615218 7949.396353 8162.762681 7866.107316 7499.56746 8220.592547 8864.041017 8875.505086 7363.704792 8645.584452 7995.173127 7944.619504 7480.412095 7683.734116 8532.950427 7350.182297 9034.160727 7263.921487 8338.915504 9625.486161 7879.135539 9017.767639 7506.926914 8005.113346 7953.018806 8340.514154 8557.285337 6574.91365 7682.540098 7794.105438 7155.869467 7587.9829 7601.164134 7803.117017 6766.567512 7269.213063 7403.656146 7213.164547 6953.488267 
6825.383223 6446.464213 7185.059591 7644.278794 6245.267939 6629.609301 7285.843536 7317.603121 7588.516874 7358.799564 7711.94054 7211.403152 6775.080923 7772.661415 7336.539302 7056.108836 6932.47897 7014.56922 7214.340641 6827.206967 7962.571192 7026.875317 7231.723854 7404.895332 9164.277196 8276.806057 7627.790645 9427.140109 8563.238994 8502.752726 8070.464619 8835.082195 7688.047316 8492.884332 7352.742439 7879.003122 7310.305549 7752.64906 7864.422192 8150.417978 9072.30936 7955.503045 8674.561074 8366.045216 8098.501493 8562.105731 8313.30655 6207.489711 9685.729924 8030.256988 7622.20433 9286.752492 7922.525684 9636.399722 7561.139438 8501.735694 8071.418232 7720.196151 7335.923313 8429.596229 8534.906846 7855.413795 8165.668954 7886.480075 7943.367181 7712.38931 7243.372144 9096.706912 8625.646065 9335.478508 7752.136214 6054.909539 8586.45506 8260.899945 9211.779929 8003.024369 7030.910474 7330.520204 6811.013388 8092.701421 8266.998542 7362.563013 7571.587678 8581.618695 8049.172112 8331.433266 7679.828401 6301.141798 7646.556761 7197.613925 7357.661344 6550.624872 8224.633314 8140.37959 7294.544528 7610.003118 6629.760424 7510.40306 7314.406725 6816.634047 
6833.069332 5192.314942 6147.282952 6645.697889 7440.198681 7614.883006 6687.907338 6427.915932 7723.262588 6830.172377 7299.290533 7058.289025 6516.849657 7297.122347 7321.358438 7610.974799 5701.348021 6956.403049 8090.061922 7159.65403 6100.010847 6932.230402 8259.749345 7632.110709 9002.910649 7173.358293 7142.787032 7461.516419 8103.469289 7888.430334 7339.180108 7946.075092 8516.929038 7490.790456 7698.828711 7881.62028 7586.485807 7811.746836 8388.338047 7625.480251 7749.845396 7430.091916 7394.991683 6960.724599 8044.746036 8380.428569 7794.456926 8262.986425 7029.988385 7253.373349 8071.012521 7904.979577 7967.870049 7848.246796 8157.33488 7928.321359 8267.774584 9032.605528 7948.43153 9105.711986 8649.409908 7599.37094 8835.667468 7634.36775 7372.70857 7543.130803 8007.441557 7998.990243 9082.019171 8568.133367 7843.434839 7183.839692 7779.205423 8746.717496 7986.964088 7763.563494 8440.049746 8779.044606 6778.083637 7155.666908 6777.253394 7698.215791 7560.646888 7191.541403 7810.351983 7892.549143 8343.272627 8022.604596 7676.110133 8202.108289 7886.794198 7143.339442 8221.341733 7988.572793 7398.566281 6777.789903 6548.164135 6453.906438 6221.263644 7499.431444 
7134.88481 7077.922878 6669.274178 7034.656388 6615.91661 7406.997691 7172.077666 7893.026721 7001.364136 6952.477281 7037.648805 6945.623317 8253.674577 7957.516087 7894.267866 7552.825546 7188.680651 7487.15606 6357.242135 7302.887227 6982.876384 7414.503135 8421.77646 8679.892179 6947.824794 7739.98534 7882.512452 9442.044005 8081.221129 7512.243408 7251.40875 7662.109994 7641.692178 8704.156449 7513.138513 6435.080835 9073.026888 8693.432883 7865.126015 7738.186152 7441.197244 7885.534728 6771.462207 7379.976533 6937.910439 7227.7436 7698.976337 8339.168374 9747.551969 7548.648721 7616.854029 9286.300848 7289.185954 9522.161336 8300.72491 8591.329114 6982.789859 8385.37516 7807.595972 9453.635558 7406.190847 8279.03151 8051.496995 8743.503743 8361.781452 6878.507926 7501.313575 7014.438044 7845.373444 7425.561801 7221.599404 8363.356099 6738.88134 8267.502401 7571.424845 8043.630703 7691.010955 8630.78756 7724.620251 7466.905055 8989.749571 6365.321451 8041.154787 7156.256967 8061.9178 7360.518133 6910.785007 7126.845937 7576.920961 6877.464075 7060.947098 8220.596932 8137.554678 7703.4015 7166.491171 6967.687567 8104.734254 8149.845012 6517.570761 8039.452531 
6948.749215 6414.66201 6966.495607 6057.450737 6432.362581 8542.866066 7251.617066 7012.226269 6822.579474 7988.909826 6965.434148 5886.428809 6870.467752 7480.126108 7154.979776 7603.917467 8201.922527 6657.016806 6739.874904 8544.328602 7629.627377 7382.796335 7157.089852 7632.92245 6916.288849 7359.273649 7581.379438 8430.983326 7541.932147 7610.471845 8118.196062 7379.348724 8187.726834 8438.90322 8616.77463 8545.009633 8630.452994 8111.679346 7842.201227 9196.536139 6827.034989 7496.30528 8767.411257 7597.757477 6729.378345 7625.94835 7068.894704 8763.891544 8434.973688 8176.836528 8401.899808 8464.289931 9209.632054 8616.816033 7078.146149 7422.823258 7716.079638 7850.338028 7423.765905 8112.516121 8474.792907 8519.233576 7834.015717 7921.877018 8924.657699 8482.5638 7669.354908 8209.870609 7992.705331 7630.418926 8930.528621 8314.32785 8783.760572 6888.860504 8298.110666 7851.645857 7243.540045 7406.129582 7005.113597 8543.833187 7795.59311 8725.852766 8671.223777 8455.328959 7919.497126 7805.824216 7765.51503 7055.936916 6820.08431 7504.71073 7990.527377 8403.35594 7615.703507 7306.676164 6617.754143 7306.662228 8188.707615 7595.452498 6644.36305 7953.256746 
6778.474404 6622.645622 6379.45221 6246.676612 6051.173426 6274.080084 6878.938661 6611.226506 6058.792431 7320.654634 6625.42399 7261.809671 7440.7215 7845.857044 7130.818693 6680.521264 7950.605045 7486.627435 7292.514077 8325.985783 6636.933725 6691.827961 8612.64442 7225.854752 6699.101678 6755.232776 7774.632647 7292.463905 7525.45301 7710.850969 8099.44665 8375.414437 7717.182866 7660.076117 7585.280958 7606.798381 7172.245128 8946.434203 7460.224874 8417.316856 7397.07629 7570.41697 7432.711864 8602.419304 7099.753427 8946.186963 7598.70791 8156.159011 7731.158298 8901.690153 8029.03324 8153.100185 6962.707406 8096.285074 9083.18052 9041.812124 8217.960944 8339.878933 8281.158708 8867.436039 7632.772915 7746.570997 7398.003549 8026.094961 7870.944779 7730.786158 7384.083354 7293.222455 8174.143145 7775.665359 7559.966187 8348.825599 7426.409259 7358.201089 8543.842427 8664.243926 9470.273129 7958.878352 8418.130915 8741.89184 8070.514228 7023.333536 7705.243587 7503.930431 7171.765378 7376.912153 7540.476018 6891.724737 7623.650713 8041.943026 6772.191076 8225.727862 6363.001522 7068.112076 7397.137298 8124.77201 7659.674282 6766.179665 7139.619858 6925.599794 
7515.954294 6286.974569 6574.517385 8250.466673 6045.534479 6319.189322 6669.247363 6621.555194 7097.346563 6974.526927 7016.158521 6092.510562 7297.206112 7120.73755 5846.280114 7728.275817 7429.509929 7067.770587 6800.702659 8296.292125 7667.64472 6687.794355 7903.591019 7455.003871 7002.114313 6475.709941 7782.169912 7005.712006 7530.79163 7179.850502 6799.180337 7898.617452 7273.924509 8076.841688 8011.465508 7772.290047 7289.313878 8268.847033 7139.001494 7729.876971 7483.395276 8721.273708 8185.693346 7393.722065 8252.939398 8267.344237 8717.480178 8028.563635 7896.940408 8665.780866 8250.00181 7047.744753 7593.126795 7249.516609 8101.459638 9206.371678 8614.33699 8546.931836 7812.107971 8234.124174 7667.275191 7476.27353 8460.460229 8778.999848 8576.998014 8555.392646 7505.317471 8300.503901 7777.129443 8166.038337 8058.192392 8712.789363 6884.660646 7731.770899 8591.23946 7213.474094 8290.135229 8072.771257 8242.920817 7027.660295 8107.706933 7846.946581 7635.128127 7949.083685 7585.630805 7666.806433 6432.837147 7126.604899 7916.557432 7078.351185 7541.043027 6256.26208 7975.197737 7581.326976 6856.408915 7533.45626 7002.033263 6420.9476 7363.135222 7066.749942 
7755.804159 6789.937023 5461.037139 6663.180241 6956.935927 6841.39633 5636.287483 7359.037637 6673.199968 7368.719163 7072.032339 7826.120064 6015.388042 6926.363193 7293.200546 7480.244902 7818.163452 6680.47544 8055.249898 6334.457213 7244.710702 7199.287247 7288.401801 7619.639132 7335.999606 7000.250505 7099.172547 7027.325632 6746.767908 8586.671403 8572.427941 6603.249844 7606.740692 7631.848589 7429.449241 7745.468411 6876.88387 7348.520648 6981.477235 8061.535054 7809.431168 8630.886334 8421.832813 8696.463082 7417.154924 7000.512114 8548.627229 8330.384025 8541.446633 7687.702184 9359.947347 8543.616244 8468.356867 8847.765401 8026.609104 8478.615255 8263.698481 8488.534017 6927.081813 7510.679364 7775.047524 8295.45885 9070.025309 7561.483692 8242.237985 8658.834051 8620.282734 8401.045713 8368.421748 8429.974943 8056.693721 8169.835986 8143.756249 8136.277339 7971.196708 6850.649804 8119.81432 6737.037513 8663.520641 7857.067272 8239.33166 7429.371714 7707.204633 8339.265275 7655.46833 7186.090072 6233.311312 7396.330495 7529.715342 7072.351818 8522.712392 7081.664821 7633.156439 8679.462044 6320.577192 7568.593434 6271.48905 7978.326998 7497.691598 7192.086484 
5886.493924 6995.698493 6620.122259 7453.892593 5089.455205 7274.289864 6273.537176 6202.881079 6577.453517 6317.009749 8217.373545 8123.429846 7396.693215 6715.62368 8207.452413 7697.799047 7808.970747 7855.387749 6530.934557 7206.222991 7780.970244 6989.380736 7400.35246 7864.169086 8687.465604 8351.541477 8886.598004 6887.112744 7977.126114 7504.983947 7234.339412 7255.529822 8133.500605 7391.534113 7601.140968 7030.566673 8300.057857 8316.131908 8289.343981 7765.449341 7439.007384 7590.961085 8787.341679 8430.366312 7340.291966 7754.605784 7029.348488 8191.237085 8963.415282 9012.467028 7896.640921 8817.519422 8382.143405 8801.367397 8005.85564 7150.922299 7801.888141 7118.109547 7524.652294 7683.190469 8045.554925 8278.663889 7474.067594 7793.908564 7741.190334 8168.329632 7227.859408 7889.56176 8177.411507 8223.827084 8185.664913 8236.425281 7797.278853 8084.18401 7910.763415 7356.425005 8381.788371 8264.745206 8686.036214 8432.16915 8708.467132 7946.935084 8172.624328 7755.163697 6465.363806 6764.413185 8157.206176 6126.562703 7189.688479 7114.072182 7399.289189 8366.227706 8233.929298 7116.509129 6949.775073 7409.149375 8010.365549 7159.594207 6479.184327 7686.732436 
5863.950782 6447.30959 7070.569112 6825.828822 6586.31268 6328.206172 7384.633196 6726.095162 8636.977872 6733.064333 6588.825841 7338.11565 8616.347049 6585.669616 6539.85952 6802.871557 7947.277482 8247.922403 7751.206239 7565.485594 8693.222403 7260.341696 7230.381491 6857.742553 7522.179897 6155.77432 7028.71948 8076.528799 6378.138913 6779.383509 7219.931484 8562.580035 7944.030563 8271.884317 7574.369015 7293.0092 7897.17003 8596.18442 6681.57286 7683.452049 8380.692603 8384.550947 8277.228161 8919.370229 7544.910532 7713.664873 8033.037511 7912.323504 8761.821374 8117.416721 8183.651609 8443.690294 8625.505898 7863.171111 7348.454409 8439.594401 9007.90382 9073.052516 8317.233809 7012.083681 6786.259184 8952.127901 7219.495937 8827.869213 7417.413565 7836.016384 6865.344145 7454.882892 7589.468782 9250.800464 7891.785572 8836.253863 7820.111287 7680.377468 6687.399486 7779.882377 7292.883123 7249.789864 7540.236754 7743.798924 8307.884088 7489.307871 6949.94688 8216.666332 7541.896945 8339.525889 6677.659935 7200.67591 7292.053014 7541.824635 6300.556616 7100.266255 6794.553804 7945.796471 7645.390525 8038.169762 6872.654926 6674.757647 7630.076586 5803.088488 
5665.501461 6187.965683 6488.200735 6415.804723 6797.121593 7333.401117 6599.675001 6767.367169 6815.046366 7502.218804 7117.945188 6101.342919 6991.162993 5347.555691 7565.244098 6520.887793 7924.42596 7337.93447 7705.063414 8101.850041 6603.257835 8383.449707 7809.574754 7387.957972 7456.51716 8159.094351 6718.504293 6939.175366 7074.4 7808.444293 7629.724954 8863.856179 7382.679717 8434.254831 7226.744294 6513.912537 7391.44154 6352.415696 8201.948757 7419.697143 8461.016678 7234.801466 7982.510657 6959.294631 8190.188525 6811.884193 8004.252234 7815.286777 8314.997428 8516.955763 8424.588487 7926.980558 8906.003623 8053.179804 9275.083933 7757.207159 9047.123886 8870.360227 7610.168151 8709.89291 8399.571103 7389.814327 8068.345428 8536.860601 8473.807494 8286.366152 8684.587814 7401.969816 8109.824094 7943.013694 8061.62376 8471.226273 7559.360328 6186.779858 8980.869612 8218.732966 7442.820323 8090.592364 8397.783181 7489.026252 7929.219915 8116.835642 6658.945643 7151.189413 7463.185375 7337.229886 7399.831437 8001.718126 8502.683942 7141.196807 7173.839567 6937.353219 7755.324184 7084.606296 6363.224471 7164.209557 6264.953047 7286.884459 7022.113385 7782.366089 
6557.894477 6592.208466 5508.986345 6515.127467 6034.018351 6852.93458 6570.281274 7210.573411 5931.639957 7729.186708 6795.783128 6732.601235 6632.093742 7020.067845 6444.038274 7089.529972 7584.951221 7463.553272 6987.47407 7498.250815 7841.638964 7485.882753 7236.262143 6805.882815 7509.267775 6601.555311 8646.361712 7950.955266 7372.41855 7146.079008 7012.511894 7281.721579 7466.465918 7221.816932 8233.368654 8378.473996 7901.009626 7349.397634 6796.305095 8169.851751 8874.274345 7824.773268 7436.679123 8280.692819 6964.456099 8131.561381 8554.190762 7060.17138 8582.722769 6527.234988 8541.45271 8944.37616 7194.858144 8532.45197 8867.777686 8126.934128 7123.737482 8573.347445 8737.155338 7726.799147 8446.445392 8372.075805 8720.556938 7407.342572 7975.976584 7739.387229 8971.644191 8245.786958 7650.049342 7543.622109 8015.727344 8803.876197 8419.332482 8739.31777 8131.740612 8509.622968 7361.293868 7496.682457 6715.448064 7128.764789 8026.803458 8674.723368 8005.246501 7641.052247 7868.569871 8039.373961 8059.89051 6435.179564 7765.235463 8367.03238 6609.276769 7188.208272 7485.794712 7973.36105 6348.79403 6860.852412 7483.256042 8504.829347 7906.97349 6503.941542 
6661.861185 5981.063377 5791.07291 7051.261637 7076.299594 7801.998743 6190.964799 6822.705592 6730.636098 7844.420725 5929.962039 8092.832233 5958.083795 6791.959804 7559.483124 7406.96739 7484.451262 6287.178296 7196.540756 8151.716541 6975.036845 6865.564586 6533.821246 7400.688019 7874.703391 7423.544597 8211.898907 8689.287523 8542.260681 8729.198566 8092.674385 8651.411302 7086.05159 7113.244432 7611.21021 7213.190784 8727.942964 9173.915228 7620.939041 7465.490776 7597.339357 8628.137416 7472.242978 7637.996343 7184.583859 7811.20833 7415.580234 6987.486352 8123.344704 7923.703012 8380.788526 7133.891582 7416.653874 7980.160326 8538.214618 8150.675861 7883.664975 9675.602329 7801.454513 8042.042605 7313.623013 7409.64619 7821.897975 7267.407138 9264.713798 8002.114512 8678.369801 8490.960059 7476.800352 7900.923446 8541.962836 7514.495097 7119.593931 7972.031511 8568.847409 8190.200353 7317.125281 6964.236533 6661.943258 7953.091363 7615.361783 6445.178216 8596.316502 8193.293773 7021.008497 7501.889568 6447.018718 7533.164068 7274.163967 8286.920962 7527.740931 8276.126779 6479.166267 6889.955095 6961.363321 6806.287712 6704.306967 7251.083103 7408.114025 7841.957914 
6490.61277 5968.818833 6904.898416 6732.422183 8191.221167 7859.530781 5702.018932 7503.335439 8590.637195 6385.374815 7304.969697 6433.912957 7079.497588 7086.048257 5874.824901 6648.319799 7022.774728 8447.29782 6879.253877 6981.389554 7242.413632 7951.108354 8545.165402 8070.128753 6893.230421 8137.483558 7205.271434 7789.681788 8736.588277 8133.87849 7658.184419 7258.173156 6550.522771 7821.637896 7547.741925 7657.59427 8865.181309 7516.586737 6769.308497 7845.634676 7136.248334 7481.337306 8683.158597 7281.643131 7090.218336 7567.232419 9132.139245 7471.554607 8193.937829 6792.373047 9012.13844 8364.666524 7425.040628 7646.28545 8208.706052 7336.957398 8825.393155 7811.164164 6882.688511 7413.740078 8735.550252 7684.007616 7919.3059 7307.495237 7306.674314 7729.46921 7781.655843 8044.48737 7485.546425 7531.38156 8218.05693 7737.724837 7879.935826 6353.301475 7666.954505 7775.028185 7708.526556 8061.844418 7032.120823 8051.404216 6414.033549 7907.477152 8041.254463 7120.050709 7284.68568 8135.708976 6809.833436 7725.187161 8101.525233 8073.266255 6530.292868 7668.809063 7754.078648 7100.562091 7164.767665 8381.377017 7935.434217 6790.483218 6918.183762 6935.202832 
7090.164023 7046.8324 6125.940831 6067.486157 5767.015125 7148.719867 5996.75938 6497.622143 6995.436993 5970.407485 7025.522056 7846.384061 6195.145103 7490.107206 7701.631143 6801.753521 7484.765163 7047.145101 7429.31723 6833.647918 6360.482405 6839.593274 7663.052164 7296.930573 7455.240546 8225.243084 7212.946619 7680.193644 6769.89927 7515.871446 7781.962663 6984.464599 7420.998942 7770.443758 6804.041886 7610.466521 7639.425725 8373.162899 7132.349403 7623.172896 7895.164154 6561.534953 8548.663955 8221.140751 7546.483775 6944.039324 8204.805757 7947.944563 7940.409018 8753.050929 9309.386608 8753.702416 8841.137162 9002.122674 7291.843069 7991.720742 7013.855624 8324.0108 8021.094589 8320.417447 8445.679453 7659.614175 7022.715763 8875.585606 7214.473518 7811.519078 7901.827494 7465.274507 8171.56966 8232.599682 7327.271309 8358.695734 7728.458954 7635.614661 9246.648291 7007.8225 8576.34062 7672.904953 7828.254501 7046.898817 7534.397295 7947.481243 7832.316331 7918.427111 7110.015256 8037.752524 6726.736604 7597.586637 5948.768802 7700.029759 7172.911677 8100.520008 7855.049645 6340.62043 6952.924382 6855.794418 6991.842867 6555.098191 6411.268618 7176.721603 
6377.552512 6820.205042 6216.416945 6345.446679 7518.377252 7150.348298 5535.933929 6458.813769 6791.514433 6791.026213 7430.396542 6172.336809 6655.013473 7284.400886 8475.220498 7116.358131 7893.839287 8532.278782 7109.385995 7023.292797 6070.565155 6313.717986 8277.453337 7757.430018 7204.084851 8116.514508 7406.559451 8416.243572 7655.247113 6552.972497 8626.967276 7414.297387 8531.465745 6959.580118 8139.402449 7317.801523 7867.148188 7722.263672 6975.581317 7233.832557 8697.662307 7043.103308 8173.011858 7415.960017 7823.537014 7480.858735 8176.874054 6361.463359 8262.632398 7113.171129 8485.83596 7037.236791 9658.699113 7944.503241 7913.414845 7312.152822 8000.888189 8655.654825 8748.934008 7216.68194 7680.087424 7598.581096 8513.000001 7746.015068 8722.702395 7021.808054 8662.234427 7505.353103 7933.976547 7231.922224 8476.172499 7156.404684 7386.328886 7896.493108 7067.717822 8319.212062 7613.244738 8536.698201 8122.880398 8218.219511 7872.026109 8016.158644 8665.621971 7372.202387 7254.57539 7935.573439 7693.1772 6612.096959 7929.013717 7149.50175 8067.683182 7280.305857 7604.89291 6894.039906 7618.387633 7281.184375 7882.939941 7251.034481 8328.410155 7105.369229 
6407.446025 6678.714191 6784.170376 7003.004295 6429.385686 6507.652992 6794.124243 6554.228232 6992.022265 6925.797944 6254.892628 6986.104273 7392.484435 7516.98671 6551.646113 6779.390692 7691.903809 6591.637221 6931.486033 5979.501105 6529.69545 7070.968861 7323.41407 6379.488485 7242.090665 6887.578079 7816.372871 6757.545445 7015.756992 7247.586984 7811.515961 7288.045724 8433.015965 6272.789454 6654.670847 7376.419536 7323.313286 6946.551391 8425.222259 7586.979917 7420.734144 7795.031776 7833.493062 8149.369197 8464.559576 6778.225589 7120.997877 7697.996293 8152.897999 8114.061059 6544.371394 7736.40008 8228.880439 7265.797646 7471.203819 7735.817406 7966.475494 9468.917669 8440.623371 7471.411842 7529.642334 7979.047695 8258.062367 8640.300958 7468.110807 7912.487413 7851.94207 6828.086468 8048.208756 7529.668453 8414.710615 7652.976652 7469.105634 7081.64482 8003.390759 8389.033588 8176.476367 7307.242948 6710.499414 6903.377579 6212.159485 7137.158257 7600.761979 6822.611565 7533.6949 7257.863437 7767.292159 8162.274453 6995.189049 8076.049583 6549.013104 6075.012691 6075.610386 6936.386517 6947.4807 6969.505056 6761.17272 7271.57336 7655.850239 7381.903515 
6027.404718 6037.567253 6122.477534 5707.2947 4752.068447 5678.603765 6418.357114 6328.523594 6330.190841 6714.867465 6406.792184 7441.936907 5796.557901 6556.801632 6899.969444 6924.433811 6600.001294 6085.908004 6204.020538 6715.900665 6333.388826 7173.153965 6904.396239 6972.554613 8289.22689 6243.897119 7744.059631 8515.768321 7965.998745 7008.733973 8347.91274 6714.113754 8234.392691 8162.87237 8131.17499 9166.028844 7497.963419 8108.373834 7866.879587 6967.22158 8465.349614 7104.151129 7929.908807 6814.538537 7718.485067 8197.780456 7867.765043 8303.640436 9464.53504 6341.32466 8128.67648 6994.927132 8405.020493 8249.303214 7645.772626 8693.422515 7564.68191 6717.638691 7435.032969 7454.331239 7109.927492 6867.712813 7611.001399 7822.536552 7703.552308 8003.681033 7955.141093 7515.650736 7762.265671 8577.153118 7240.146318 7173.358785 7011.680279 6738.624347 7844.942974 7249.679024 8340.234344 9026.666548 7886.297468 7360.635811 7780.428453 7418.79969 6940.759407 7705.965721 7870.727683 7534.102151 8867.050158 7069.494289 7613.749912 7619.473128 7215.39027 6764.53137 6930.838516 7580.113286 6832.345773 8340.047387 7429.916082 7696.581179 6867.885889 7388.964952 
7323.772538 5758.47074 5257.347083 7020.167221 6939.551539 6181.600599 6343.732211 6014.998278 5953.411504 7604.655631 5581.616579 6552.900474 6142.808163 8020.931125 6860.354315 7502.810341 5887.436711 6878.68889 6877.363987 7153.646675 7681.371848 6994.489599 6408.983101 7607.980618 8363.477557 7523.977994 7196.003487 8437.393002 7421.292593 7584.689533 8364.912271 7043.762095 7900.63913 6558.342151 7093.064289 7831.619087 7428.646352 8714.023686 6614.768542 8183.749638 7268.844727 7321.626864 6730.354936 7417.154229 7173.913657 7586.057332 7294.84956 8151.941623 7836.541962 8918.126452 7475.013584 7874.666312 7349.522874 7711.971181 7530.392714 8124.870198 7395.365234 8594.789358 8580.801011 8011.386244 7852.890734 6967.148255 6872.97754 8495.029962 8182.106466 8060.981042 7731.914716 7290.831786 6529.19249 7466.820834 7920.206074 7910.588682 7190.233877 6946.376189 7381.764075 6876.519403 6655.482745 6970.760658 7354.977969 7052.801737 6253.738873 6616.973507 7145.012449 7630.99681 7079.544646 6196.322155 6865.026688 7059.370695 7220.751087 7622.025538 7320.42188 6774.911672 6772.237543 7101.830881 7120.551767 6809.638467 7043.018814 7711.657873 6423.463625 6777.831481 
5988.989203 7332.616477 6262.118132 6103.597144 5624.568141 7090.119414 7041.96605 6566.367765 5781.539234 6322.594083 6448.242752 5945.885992 6863.162683 6771.536669 6859.126687 7442.143354 7079.420986 7091.037464 7483.733181 6546.452321 7184.137651 7543.769691 6834.755415 7603.824588 6739.380403 7001.495169 6902.146412 6619.96503 7730.323416 7455.501548 7825.437018 7101.796971 6760.701619 7581.531284 7836.237706 7472.477514 7245.653691 7517.902144 7723.958917 7444.892658 8021.653945 7999.529066 7567.724636 7352.137674 7655.810714 8237.97186 7613.707228 5970.241116 7896.513242 7883.825234 7692.007672 7730.186029 7693.161437 8274.188188 7904.439963 7160.672804 7554.601636 7259.91788 7451.702094 8267.717897 9213.19254 8444.982757 6596.50516 7945.132954 8083.228948 8114.219168 7593.415101 7276.747419 7643.228999 7118.262001 8095.006103 7513.674377 7869.378843 7021.223752 7380.614791 7044.271093 8933.531384 7066.687249 7487.287038 6176.881614 6804.909579 6963.35605 8003.814168 8022.59599 6160.516594 6581.71017 8431.703903 6656.801305 6816.34487 7126.40198 6779.162491 6593.733115 6685.594922 7776.162387 8491.487889 6844.870967 6351.28809 6328.631982 6966.242595 5878.433204 
5447.920443 6310.642993 6931.01706 6739.725815 6619.340689 6126.005232 6260.850591 6322.093174 6287.871397 6570.902731 6976.17538 5370.442959 6603.722738 7361.428707 6969.47236 6545.944738 7414.054726 6650.771864 6844.641561 6443.547786 6295.150083 7402.102716 6592.652722 6719.803531 8114.564499 7897.028579 6851.669581 6911.338313 7662.064085 7191.154489 6956.770663 8212.174756 7377.740397 8149.392548 7878.828643 7257.000201 8502.442358 7255.404821 6682.606165 6914.464286 8103.801404 7545.970853 7472.616926 7621.685344 8183.895204 7433.145427 7694.149308 7603.525735 7478.559315 6694.709546 6894.289828 7573.850975 7587.510045 6705.680197 7056.50033 6530.961127 6743.459202 7029.520566 7251.049826 6624.766026 7556.907375 7479.585581 8883.125284 7709.841882 7332.803266 7827.69393 8133.733847 8383.965991 8051.429666 7481.231206 7769.330001 6999.017283 7301.253211 7011.761339 7696.945362 7325.75561 7962.892448 6495.458091 7437.301465 8146.010107 7758.440467 7390.088642 7332.60006 7087.562045 6545.090214 7657.78074 7200.474989 6756.371449 8521.548281 7339.50799 6809.990229 6969.58831 5804.942209 8016.87605 7274.79568 6687.477448 6901.880491 7486.957625 5483.597617 6175.683937 
6504.212152 5473.830649 6256.975655 5633.558631 6696.554758 6265.980355 6637.317474 6776.258901 5975.879601 7996.09727 6210.946016 7509.488395 6385.729625 7385.856498 6213.398899 6997.39911 7163.406307 7460.945874 6358.320792 7713.06631 7563.800738 5407.32522 7173.628488 7321.789869 7545.163975 7794.459836 6566.602824 7345.909379 6879.717797 6611.739947 5447.833594 8574.78532 8639.929142 6881.030989 6261.418083 6999.006359 6707.987681 6805.581294 7328.208637 7512.113838 7384.744708 7292.684316 7735.932602 6966.620722 7875.785996 7655.404431 5349.851715 7138.378302 7400.195392 7180.247762 7975.954387 7051.633373 7414.091325 7199.818352 7524.936578 7887.575411 7789.297699 7774.552492 8457.241568 7247.901135 6568.797642 7516.323365 8455.275603 7763.956476 7892.518367 7034.28123 7797.86198 6908.871422 6958.932984 7812.488124 7092.241815 8202.954662 6986.68775 7732.865102 7101.522278 7837.522118 7654.685312 7548.238591 8476.107189 6245.96768 7886.342415 8214.644557 6971.123837 7234.885548 6064.216475 7277.612852 7300.568049 7622.852555 6818.167773 7448.556177 6823.723005 6697.50627 6715.498364 6223.34078 6248.990796 6067.71102 6834.853096 7066.631876 6094.519654 6506.107315 
5997.65425 5778.254817 6313.470603 5385.390966 6024.583209 6463.185505 6497.619751 6844.613551 6648.990782 5943.558744 7185.545634 7238.7495 7325.163156 7245.290543 6429.42316 7010.675536 6809.236991 6985.676744 7095.113437 6047.8613 6574.0221 5973.717007 5744.404939 6915.891846 7212.310148 6269.145665 7566.410103 7188.180399 7124.029299 7093.204106 7106.209196 6535.900957 8143.441692 5857.639973 7736.986634 7265.926577 7886.623457 6605.020016 7129.70764 7720.583662 7669.989545 7467.026323 6846.890467 7618.616278 7447.110264 7713.161587 7250.330106 6427.376487 6544.132742 7361.567022 7656.245989 6759.594055 8265.391626 7504.991971 7249.860591 7849.078767 7985.628355 6730.453596 8200.456593 7616.429666 8400.563649 7992.002509 7928.052777 7820.898073 6738.405062 7119.059698 8293.732659 8490.384064 8919.341881 8346.811831 6511.736856 7029.035584 7829.067267 8320.623525 6196.622019 7354.948727 7470.175553 7015.220725 6632.682161 6615.262768 6316.495113 6511.04703 7476.346793 6384.515953 7117.266228 7354.022692 6753.730559 7074.48475 7084.966048 6936.283649 7263.517665 7167.007611 6962.865627 6277.639449 7322.440447 6971.994264 6471.140634 7073.106017 7084.330076 6998.652841 
5690.564517 5753.371515 5475.834991 5289.643517 5280.172426 6512.32255 6959.24517 5946.269061 6421.808593 5908.008408 5490.869268 6641.714373 6704.978596 5711.383113 6739.321972 7132.963726 7241.475015 6848.059025 7113.018616 6136.905878 6157.886403 8045.325829 8156.536663 6388.979668 5787.726782 7145.972991 7385.188575 5999.919977 7518.014586 7603.087515 7581.907055 7808.859313 8234.246527 6861.165148 6352.242918 7190.364386 7297.065259 7003.835116 7820.174818 7767.611691 7070.604122 6683.662427 7682.835388 6783.098867 7180.237359 8133.077124 8186.959028 7666.7836 7265.267047 7629.9689 6959.188933 8385.82481 7174.635135 7607.014527 6845.020968 7309.487545 7560.461601 7853.576785 8932.206488 6773.250558 8031.299487 7601.425026 8156.293982 7852.343148 6778.782121 8051.044729 8233.361851 7152.574612 7463.575414 8145.114871 7259.830432 6974.366085 7542.776277 6481.865315 7984.812666 7816.527233 6481.905917 8184.501121 7146.621688 7610.381888 7860.567524 7271.573657 6748.589103 6608.730473 7128.781918 6355.051833 7622.982646 6869.636332 7632.050834 7434.182907 7326.511625 6271.194901 6790.008298 7199.086909 6252.947162 7046.815767 6544.287633 6094.256994 6473.700754 7752.55252 
5971.906498 5568.190316 5489.535027 6179.400933 6449.759598 6060.633642 5067.402236 6138.235188 5878.309346 7080.371887 6620.900454 5826.207483 5319.951189 6774.341728 7044.284545 6187.119241 6307.667491 7125.1742 6900.572288 7735.112623 6163.716362 7491.674919 6634.143293 7814.367563 6464.101292 5748.143518 7569.227664 7158.919445 6607.103397 6855.097742 5703.162838 6694.930971 6434.857089 6395.632996 7792.660443 6797.274009 7501.987914 7555.035284 7347.571734 7243.677696 7531.002698 6501.125926 6672.212996 7145.099078 7129.747943 7026.826819 7108.069878 7333.033829 6953.155637 6780.024141 6442.405348 7864.057079 6892.986725 8537.567548 6976.670341 7384.571882 6638.276916 7795.886928 8387.816037 6892.027939 7249.371121 6915.885428 7771.133776 6958.38044 7635.588787 7802.281576 7065.372113 6890.028184 7365.429923 6407.639777 7097.124058 7038.671117 7497.194286 8159.073685 6921.05582 6924.182198 7651.830408 6292.377845 6563.246051 6909.451701 7694.298268 7406.77152 8560.05224 6895.136689 6436.118811 6891.559482 6154.840046 6605.405151 7123.133287 6398.152587 6775.567482 7048.689116 6822.841603 6820.602173 7295.288436 6534.649998 5986.25741 7380.177249 6277.8017 5875.86547 
5859.661976 6285.188757 5799.995946 6709.925174 6620.481158 6105.587913 6410.890353 6130.726238 5739.838959 5588.820566 6135.905247 6736.25762 6492.431237 5790.189749 6848.709067 6820.069613 6892.594663 7120.841143 5925.210799 6702.094658 7608.373349 7028.455587 6920.96881 6164.023491 5497.538683 7316.559054 6230.91184 7938.7695 7309.033166 6069.659785 6565.158194 6085.453835 6123.050953 6797.150723 6183.999087 6479.729799 6335.90799 7555.813361 6229.822293 6709.462477 7094.69166 7199.715899 8607.693522 7081.775039 6462.625897 7144.893715 7689.805489 8212.171259 6920.9235 7482.042096 7241.435353 7664.750386 7006.732 7989.579597 6644.431879 7884.423947 7358.687322 7447.96653 7060.556564 7894.421391 6539.418182 6956.285422 8003.775659 6838.406342 6712.004147 6835.70586 6335.520341 6207.676674 7079.994232 7282.697684 8030.952619 5772.439507 6612.516511 7569.597986 7156.076391 8433.71617 6037.512549 7584.41012 7091.059808 7765.232726 6545.464284 6382.513113 7106.099369 6350.831143 7476.028211 7083.294045 7743.689696 7942.428371 7443.758454 6778.103155 6320.558682 6672.288213 6612.414746 7345.394236 6095.201247 6268.40995 6398.217551 6834.390352 5555.738713 6674.588023 
6091.759773 5810.351664 6128.961102 5718.047863 5658.008693 5432.419429 5471.981682 5922.983842 5893.244628 4857.17779 6229.811028 6008.949078 6754.067416 5299.703777 5620.183412 5781.326633 6434.557132 5162.078456 6497.071025 6018.518009 6154.680805 8003.313965 6311.534298 6600.166904 6638.790595 7144.935371 6143.024142 6324.671467 8141.991411 6789.849428 6913.359973 5857.011121 7343.366563 7549.377817 6338.387333 6304.244647 8092.074499 6552.32492 7294.210562 6684.779005 7608.051895 7503.64938 6552.675573 7556.131235 7425.514365 7277.151337 6981.607102 6582.241945 7002.470543 7163.305885 6176.060794 6463.283786 6831.400859 7722.671982 6839.145302 6835.40116 6937.231032 6219.642464 7567.475638 6824.200685 7761.296637 7389.12419 6780.030394 6983.462101 7631.725632 7061.018199 7470.437227 6660.458109 6858.517881 6953.411497 7258.332762 7547.751382 7340.194139 5949.202181 6639.598836 6592.274861 7711.955226 7217.079251 6038.209374 7629.09917 5385.271597 6226.423284 6229.972509 6785.088315 6128.936502 6057.092382 6421.315085 6267.616654 6232.709359 7115.850302 5672.468635 5317.573513 6586.231873 5635.618718 6166.231253 5728.82445 7215.351187 6535.286067 5977.743797 5856.196293 
5704.275792 5019.177159 5890.539873 4713.527149 5526.016132 5842.911386 5824.404149 6231.620461 4890.789717 6713.040934 5879.832237 5749.804338 5669.707075 6168.172461 6026.220557 6452.962596 6910.427083 6300.939649 6614.582333 5341.983772 5707.003505 5513.975594 5870.212762 5502.649254 6021.189003 5698.434027 5278.84465 7237.823602 7536.453614 5878.993289 6177.047595 5921.739152 5504.478965 6302.267957 6787.298144 6526.346739 7407.087832 5812.829845 6182.967407 6497.387413 6119.853449 6831.310063 6522.150015 6814.919995 6767.129622 7002.873006 8807.263207 5941.047102 6818.176058 6362.946635 6154.442141 6398.97763 7553.087784 5894.24662 6546.15324 5830.316805 7725.002774 7198.854169 6433.623341 7139.628424 6649.838241 6147.143848 7663.219105 7067.9374 6707.281588 7329.935273 5794.196837 5763.690138 6652.145991 6783.490247 6995.212706 6214.796405 6218.398252 7064.232748 5778.62832 5618.809943 6843.600933 5853.928498 6436.449133 5704.671204 6346.203387 5505.418635 6279.647399 6069.766775 5828.547424 6308.052828 6477.563971 6077.15605 6342.812417 5746.317559 5976.365366 6435.439631 5282.649762 6655.828724 6391.220382 5535.482142 5941.233696 5671.737053 5640.434155 5897.934692 
4267.948063 4889.177629 3363.186781 5531.529913 6338.563609 4597.375174 5668.118028 5612.740538 5110.852186 6059.419074 5738.033115 4794.418377 5192.463759 4838.382738 4637.716591 6449.770233 5225.266784 6490.320111 6264.034667 6168.959092 5388.392785 5493.832952 4896.535383 6416.529818 5897.628147 6170.223236 6162.463844 5926.67786 5169.229927 6112.46787 5977.539402 5800.038346 6442.004668 5731.072113 5157.197564 6091.358857 5941.97876 5204.808279 5349.708017 5100.642657 5582.613675 5760.961772 5383.780655 6171.657342 6082.851031 6000.747416 6497.366026 5089.430907 6281.712201 5915.049777 5390.732538 6168.195246 6347.736543 6769.285959 5265.818169 5761.685264 6433.671277 6668.094557 6216.803813 6115.282115 5857.748165 5183.860501 5643.058599 5664.123914 5753.503201 6547.869734 4850.040731 5419.223798 4751.836989 6282.287053 5634.810274 7003.098334 5752.787217 6573.94571 6084.74017 6422.500741 6340.983241 5515.64075 6824.685257 6802.517449 6086.914972 4594.946163 5953.19657 5359.319846 5304.370762 5830.54253 5785.731884 5763.88632 5416.98101 5828.639824 5264.061888 5893.431025 6344.3106 5608.186836 6200.127413 5231.978182 5655.805462 6105.907171 4591.10807 6071.083428 
4175.538264 4828.670938 5005.923177 4870.55745 5851.291998 4850.701633 4027.519788 5775.663381 5186.091218 4657.684746 4101.042982 4456.884173 5146.591044 4269.67256 4810.194978 5593.479073 4303.274892 4204.963971 5109.543756 4817.453337 4029.255004 6233.038891 5607.436641 5238.946547 5906.358345 5545.246133 5055.734363 5557.07566 5992.82575 5217.539021 5976.702358 4330.441719 5199.631164 4883.342075 4878.637327 5713.025837 4650.169813 5332.233836 5209.327821 5265.094919 5346.969305 7306.85274 4913.702477 6139.310423 4877.257674 5358.92563 5045.256882 5535.86002 5397.776357 5079.505058 5155.542861 5654.341298 6250.272774 6354.788522 4768.119237 6224.809207 6434.291477 6215.625791 5360.332306 5651.925681 4298.274626 5414.117012 5064.701974 5648.561109 4836.833648 4962.278369 6572.821531 6044.724767 4352.454726 5756.853338 5213.484581 6031.341192 5069.18298 6166.042598 5652.759148 5395.929282 5458.176261 5889.584399 4364.560416 5632.902886 5086.6481 5855.240261 5597.751214 5080.3001 6047.113759 3972.62556 5656.41135 4932.875661 4354.51856 5657.306716 5164.786408 5680.044245 4434.991469 4452.860581 4280.63339 5709.245045 5141.966457 4680.236974 5402.932738 4442.447137 
3694.159356 3164.99293 3894.249233 3409.593022 3972.823962 3606.749594 4157.13559 3861.181371 4152.32231 3700.782197 4470.430586 5039.262647 4544.770444 4302.911878 3746.589739 4549.214028 3896.201973 4351.108252 4407.011146 4527.411008 3960.271415 4569.93173 3822.64644 5407.018168 4896.901325 4213.136489 4168.64068 5637.02913 4548.656132 5221.375754 4628.813081 3905.915794 4778.328594 4158.313746 4556.13788 4959.377744 5506.49726 5543.89796 3387.841861 3855.634689 4203.888016 5214.462852 4845.693826 3763.455467 4059.343193 4034.343237 4821.856875 5483.719403 5189.027074 4075.381426 5036.850248 4501.786036 4430.740953 4846.813863 4034.640832 4910.581356 4240.499822 5719.756931 3976.037826 4566.292382 3869.918095 4714.805348 4552.35023 4303.109169 5179.015491 4625.060944 4346.036637 3858.36 4754.856616 6427.9725 4718.162745 4421.842935 4756.557179 5531.628145 5192.809323 3557.802588 4850.565036 3718.807994 5012.727686 4100.22708 4615.192324 4516.881178 3188.847398 4201.774712 4380.832009 4189.420806 3847.566777 4628.147011 4724.4309 5229.64859 3655.04038 4200.611983 4085.220552 4977.44767 5124.882994 3985.89445 4848.980009 4692.488639 4418.576926 3916.187531 
3533.656106 4030.297149 4032.088294 3465.595343 2450.216965 4374.129873 3474.236359 2508.173381 2809.737056 4387.244037 2965.22908 3007.734599 3308.582094 4238.587593 3104.079238 3230.807512 3247.838994 3350.347321 4146.04005 4401.080659 3282.134815 2868.39685 3256.937846 3873.986317 3266.667381 4094.357833 3869.457505 4162.646687 4206.580949 4355.602789 4002.130983 3732.637225 4522.268381 4055.779358 4150.872838 3399.625304 4012.873225 3722.4296 4554.550514 2925.092732 4488.245699 3877.400024 4033.134863 4685.305314 3510.830952 4369.817571 4888.33485 4045.727861 4416.557192 3799.160601 3823.935082 3933.472017 4305.069523 4101.578227 4253.469126 4072.678099 3821.669186 3961.595368 4991.842906 3673.645187 5014.625579 3497.17029 4986.187272 3983.364058 4734.77931 4277.247785 3945.376764 4337.019504 4861.744806 4116.580763 4685.07885 4173.518773 3979.072073 3957.013159 4270.458833 4115.882232 4442.91206 3637.701585 3924.475275 3847.041228 3719.852281 5092.649454 3617.036145 3481.198302 3638.972851 3100.052326 3677.194591 3461.516623 4314.504501 4179.493499 4213.627906 3788.703357 4435.367445 3590.78291 4231.660182 3443.64323 4418.937416 3628.033225 3177.473469 2913.970783 
2880.79377 3104.908832 3194.551924 2996.481705 2319.468445 2101.076596 2878.238071 3222.587393 3233.827355 2837.597321 2883.696284 3200.965939 2414.966915 2819.038519 2935.201714 2815.438458 2645.804695 2888.280089 3161.624424 3122.213164 2873.16043 2632.635005 3205.583388 3352.875576 3480.458975 2574.137412 2526.135262 3156.514552 3372.054365 2891.405287 3030.703964 3653.49934 2934.975941 3494.315322 2784.20223 3619.439639 4379.570434 3199.030199 3436.930755 3430.769287 3086.118412 4153.536963 3724.850301 3396.187658 3185.467572 3561.516164 3547.848702 3058.398961 3679.253163 3720.067367 2908.913216 4067.126803 4483.33082 3877.136573 3322.424803 3400.40378 3702.254769 3038.963057 3541.853479 4142.475958 4025.13833 4136.016153 3162.621369 3380.136511 3420.884052 3913.73781 3593.864876 3452.11882 3272.852426 3838.78984 3460.611693 3144.788818 3214.931996 3831.130643 3893.447702 3087.820359 3255.877229 3693.485222 3389.97026 3603.218645 3502.884916 2540.532213 2329.084609 2381.203763 3994.741425 2965.918709 3628.999646 3858.215786 2652.827604 3285.703096 3554.581225 2760.164704 3396.809326 2221.428179 2243.429042 2767.187479 3040.425239 2908.100245 2564.009267 3526.288891 
2351.703273 2447.022769 2275.538414 2034.03992 2430.927074 2080.30414 2828.140369 2785.070371 2623.838024 2791.494791 2470.613177 2018.440985 2252.964709 2436.842514 2428.769011 2549.853467 3163.751335 2869.085591 2544.293564 2704.018617 2079.436497 2035.188181 2255.096819 3394.12929 2602.147451 2690.500884 3303.19412 2572.440263 2751.674567 2817.881263 2372.115992 2857.911795 2963.409611 1744.66609 2335.895188 2613.813198 2475.529934 2404.949062 2616.440144 2394.421256 2926.809717 2397.790882 3334.244889 3543.957967 3446.009362 2942.742189 2721.32696 2857.991156 3158.231335 2048.425734 2262.618692 3055.533192 3008.965518 2743.688616 2164.807519 3179.596195 2323.980187 2491.336648 3141.272686 2735.317077 2935.917138 2394.570348 2765.393057 2445.771357 2583.729256 3271.364997 2602.90838 2561.722183 2444.091698 2399.541481 2823.332515 2612.551314 3041.418482 2687.685382 2143.386687 2813.485231 2776.687943 2838.564191 3109.291025 2526.972811 2859.213553 2599.367366 2737.037743 2329.80028 2190.326132 2897.736901 2751.107672 2382.508096 2087.972253 2804.789041 2939.732123 2456.002136 2004.05135 1944.59657 2303.361048 2642.229038 1969.451046 2388.559367 1825.743497 3330.266818 
1838.67419 1955.19777 2261.531813 2027.867003 1874.799344 1469.937709 2652.844266 1272.47659 1810.67898 1832.354985 2169.989841 1571.244934 2354.414482 2175.612524 1967.932647 1626.555273 2634.961687 1774.552255 1481.330885 2540.511665 1658.222317 2526.587277 1825.109941 1585.364418 2459.342504 2282.928017 1771.724817 1757.264765 2060.474121 2177.659006 2360.244199 2078.7307 1811.178076 2032.36178 2626.506473 2517.74026 1469.700111 1789.290505 1694.834025 2387.124439 2049.463469 2250.165737 1496.018844 1603.884729 2497.248263 2139.024669 2020.409865 1563.712218 1704.866313 2011.747305 2376.368241 2287.966004 1776.544354 2010.269488 1967.213573 1807.860237 2063.091299 2405.110539 2645.034924 2101.665188 2479.755416 2201.507151 1774.470568 1731.482316 1705.932435 2294.992957 2060.845193 2406.546515 2321.539882 1461.094043 1737.447578 2109.585671 2278.903753 1709.510684 2818.166437 2685.188106 2011.940161 1811.219095 2590.876295 1834.878181 2112.135715 3114.645791 1979.243722 1693.141233 1520.581225 1714.737632 2526.56345 2189.669193 2058.883184 1777.922412 1258.313917 2107.227881 1907.464847 1850.13154 2030.250453 1888.364944 1965.71022 2046.984337 1797.719704 2302.445445 
1210.779066 1375.817225 1446.363935 1391.678279 1564.155344 1297.746004 1236.785736 1537.340588 1663.609834 1172.382514 1616.804849 1265.943701 1513.911934 1080.715366 855.0598791 1748.107211 971.2120783 1398.452226 1847.604222 2245.637367 1616.981388 1340.112701 1457.581128 1322.559234 1727.256366 1278.821952 1571.139157 1656.306866 1124.054079 2415.921011 1687.877803 1696.976768 1807.872971 1499.793041 1586.33813 2267.845263 1463.784661 1817.873378 1587.683085 1343.812196 935.9532747 1602.307641 1581.296763 1576.182085 1437.809082 1095.510807 1631.276681 1490.176155 1215.230814 1579.928475 1431.236424 1681.690147 1864.731954 1515.250568 2348.615603 1388.762588 1389.488842 1183.555408 1254.19767 1699.854753 2107.46381 1757.222783 1584.389549 2204.776747 1378.166462 1458.197219 1494.3598 1658.154531 2029.485848 1373.451312 1166.684888 1549.561739 1635.656031 1630.989524 1538.555167 1536.958191 1391.770002 1509.65203 1856.425786 1637.437316 1768.299601 1493.505559 1522.99584 997.4371417 1373.433262 1310.216871 1420.525745 1632.167409 1142.872138 1260.441408 1184.34362 1499.056062 1357.036292 1518.754895 1622.406825 969.0187426 1592.661406 942.2627637 1442.094845 1624.933623 
797.3190692 1004.471582 751.9469445 1412.486571 875.319563 859.1311824 1040.075597 1475.665423 802.9052519 801.0396437 1012.461233 994.6510889 1124.417191 1072.608281 711.450111 734.2215698 1145.719159 833.5295705 908.4041922 831.1686608 1229.557924 880.891885 952.0543675 1074.451542 1244.198717 1199.566081 573.4297818 956.2645495 1167.375551 1040.513901 1441.624631 1168.211385 1208.782281 710.9651925 1423.591777 1325.040663 1519.623349 1033.893136 812.4998681 1078.648834 1381.849571 1313.956165 1270.122854 791.1442676 961.9072436 960.6726229 1445.965303 1205.764627 891.8108549 1112.182109 1143.924591 1531.397989 1107.07773 1308.072935 1034.652804 910.5167774 1288.569044 934.4079031 1291.808287 1104.169949 1025.198263 1381.288703 1406.167229 953.7105973 1098.491733 1128.815911 1022.091141 890.5644227 965.6223481 1127.910763 1132.545879 1049.689915 856.6210874 848.8726819 947.1877471 1197.546404 1529.208819 961.7980441 1405.733457 1159.074265 1007.965867 1089.458054 897.857957 1079.107204 699.7128828 1133.19192 1744.30583 807.1543794 1082.314947 896.8832174 972.7638691 693.0408474 705.0945697 1228.582986 516.2711192 837.8990597 864.5130161 1172.080281 953.9997852 1120.425982 
573.3017003 436.2888329 759.7196036 518.276871 401.300463 375.6075374 589.7169274 697.4336815 602.7151639 543.3686154 532.7644014 662.0256331 464.912734 531.4085398 721.2599779 292.1523268 701.8118856 666.3813473 575.5075965 540.1726586 588.8522145 630.3186324 527.5876099 485.2675316 597.359728 753.1808636 607.870982 623.4312026 233.533241 776.6816111 500.1049439 730.989147 595.7556643 1013.387333 516.3419518 529.6530888 460.7621054 549.550008 676.9979009 484.2280316 738.8243282 663.5366968 1209.283347 717.8993792 450.9940295 775.3705715 541.5990425 880.1982248 626.2373372 848.5919542 541.0049623 820.2460277 679.2197734 681.1292905 783.2704996 1184.219004 392.9896301 734.6015734 684.8318041 711.370798 436.9954608 604.816973 785.2444768 598.7116707 845.2937325 833.5465528 608.6365244 400.0101219 1128.905174 637.4363714 768.9435211 528.1019331 1068.655525 742.3367318 1064.948024 706.5974108 618.2628498 687.2034378 774.7710082 555.9638155 171.9937425 547.488268 880.3446217 346.8436089 697.6812089 359.4940925 471.9547232 722.3417081 770.5399273 676.6676834 313.0041752 691.4516644 550.797107 643.2427208 501.4756708 600.8915222 430.7441912 504.3365813 372.6376827 883.8679946 
471.7026839 441.183329 269.9478874 331.3757237 523.3935449 209.9453724 496.269516 427.5591023 296.1258207 194.7813277 283.5173951 553.1449969 375.6765799 231.6428541 311.9436724 441.4074421 417.8183339 263.4116861 449.6350489 600.2127788 263.1317166 293.355213 352.9586127 140.3803271 338.9801724 261.9391165 335.016015 295.4243433 248.9110477 219.7155239 379.7422225 501.9299196 494.8451183 473.8600011 335.8205432 291.2247515 580.2730498 351.4123678 359.5214923 249.6808644 640.9656217 555.3863934 640.7504177 416.4840486 450.6088064 589.1259271 585.6630296 279.5478408 298.4766769 403.4812649 462.7781139 324.4944529 432.4560952 372.129477 516.8339781 304.8455683 190.0668495 388.9846513 305.0253332 482.3305584 501.4083448 419.8534258 280.7668929 379.443918 488.8649714 549.7568358 189.430429 479.6797991 516.960371 661.8491329 451.3043046 475.4403032 464.4923094 359.5814041 391.0533611 577.1938485 668.0570064 473.4967261 417.6234782 558.6134146 549.9207492 392.0830528 541.715451 355.0550408 451.9544793 390.4014246 399.2630044 487.7239535 374.0615549 480.5913617 320.8850769 177.9836036 165.3488801 313.8623026 298.9177624 303.6276727 495.6472888 331.2287626 631.6657945 334.6203491 
139.8953898 90.61533829 96.18732103 177.9159313 41.27764019 87.24718807 311.7867871 110.8428419 163.0771621 85.40395236 194.9306907 93.5971406 218.9606318 100.8717706 189.9429142 122.1187243 231.3336025 180.4049534 248.429649 180.8762824 146.6489413 269.9697556 236.356418 114.5648335 164.8110028 57.13570289 177.1201213 54.48128515 320.7648291 158.8172611 190.8311324 249.1353875 235.8845481 267.8795905 390.429473 143.5920582 184.0583151 174.5750104 249.1218036 243.2220419 185.8858156 71.16264824 133.3098948 230.6113923 221.4389663 185.2097585 331.7613434 243.5856123 93.58458873 293.5086448 271.6332051 119.5513948 165.6069533 125.6738409 334.3074228 328.1919048 182.0013669 45.89294189 243.450922 207.8894026 165.30089 307.1944738 375.7144272 282.720911 292.4778186 232.3990679 250.6460593 146.6163258 342.3358676 237.0964848 371.5060182 89.59640756 273.4651525 224.4781938 304.6891067 225.9794208 409.7146548 79.32023564 140.8599421 77.48324405 263.2656903 290.5349031 182.4523535 139.7690176 565.3169175 224.7979733 249.2240686 127.2341954 148.5619208 340.3326786 384.8827555 240.9412755 166.8671001 292.7311085 267.4437301 160.8431095 151.0898525 172.158766 109.3837722 226.8387318 
3.838561786 63.45898699 67.09525621 25.0898982 57.57067496 47.56865433 42.625927 4.156368524 75.27387046 25.48592354 86.74379495 168.8146299 56.19608331 48.761797 57.73478442 58.86649615 72.8419169 38.07383051 200.7522715 57.44380599 67.08063616 61.92523557 2.274731764 118.7313114 63.67939401 53.35354269 84.76214978 105.4534057 129.4617103 219.9745099 77.93119784 154.6759701 112.5676131 226.2968389 91.73544724 130.9316942 33.0761137 73.02637471 125.1018667 111.5287939 139.6833962 72.47246992 109.1093565 69.21773906 7.697802514 26.51358049 44.14973694 120.0858712 115.4129489 69.12513165 148.2743969 141.738598 91.49004659 88.13839459 0.7563389467 21.78279955 169.3939304 94.08743676 112.0253944 109.7245283 89.96382129 179.2377607 61.82817591 164.3667612 82.84138189 121.4937987 67.47931299 115.2327333 65.71646249 169.5502733 25.022619 53.08474864 146.0341679 188.5609148 0.0001468786429 117.0671193 27.09395225 135.6480931 25.66168932 147.8430326 128.8455517 77.91318468 97.64077977 85.90892673 127.9245483 174.359958 215.1503556 3.282962939e-05 158.8211191 79.78097257 85.3640226 39.99201904 74.83118412 41.15937547 128.702388 21.44262683 138.1745165 70.01168204 105.5411132 70.50110206 
0.004268552631 59.07960581 0.2510461996 66.55214152 50.35707214 74.31233872 43.11922256 16.16300535 32.85685056 31.59452704 47.09321066 41.1503797 14.09726507 88.61915407 21.53970347 21.81448678 10.88076609 1.018513559 0 25.2618129 0.05843086999 76.04149041 32.5189692 41.75461694 0 78.58490505 0 57.1917802 123.7447725 0 19.23226393 38.38071938 46.37739267 91.61829264 64.5890559 52.90161764 43.56793807 0 10.73111608 7.65399268 14.77115644 71.99252684 23.81963051 16.25852215 20.51170787 26.19006664 0.01088265074 28.18580962 0 0.1592616285 0 47.73141235 20.63172165 0 72.21612531 35.8567371 21.58761781 36.23968206 38.07250106 47.91351689 34.61495648 74.30053343 7.520393896 8.211588989 35.05729036 0.6454837606 47.48465566 71.98109334 24.50938441 61.68225291 8.761109316 13.71325925 64.38291471 15.14853997 25.66044679 27.30600089 24.00954073 81.54484681 26.5730924 93.09053258 51.63139955 24.22987886 31.54640388 40.01156358 45.84767294 38.58062876 3.414420075 13.38300639 49.97551031 66.1165579 16.04536602 0 0 24.99538935 50.25436694 6.279412523 53.19801899 26.0024863 44.35061847 16.51961243 
0 17.20390519 0 0 0 0 0 0 0 0 0 0 0 0.001877697476 4.934855403e-06 21.03679345 9.296618688 0 0 0 9.061507058 20.28254379 0 0.03679645164 0.1128394748 20.1580882 0 0 0 0 0 0 0 0 0 0 0 0 0 0 23.99684141 0 0 0 0 26.69132903 0 24.44953822 10.36542069 0 0 0 0 1.689734902 0 0 0 48.51547422 21.8059393 25.94722288 0 0 22.48998777 10.64386017 0 0 23.60878588 0 0 6.415212141 0 0 0 0 0 0 8.279082354 2.563581659 0 0 0 0 0 0.1442914191 0 0 2.374019689e-06 19.54291564 0 0.03611219314 0.08921821566 0 0 0 0 0 4.069888993 0 18.27949445 0 
0.02196198053 0 0 0 0 0 0 0 0 0 0 0 0 0 0 0 0 0 0 0 0 0 0 0 0 0 0 0 0 0 0 0 0 0 0 0 0 0 0 0 0 0 0 0 0 0 0 0 0 0 0 0 0 0 0 0 0 0 0 0 0 0 0 0 0 0 0 0 0 0 0 0 0 0 0 0 0 0 0 0 0 0 0 0 0 0 0 0 0 0 0 0 0 0 0 0 0 0 0 0 
0 0 0 0 0 0 0 0 0 0 0 0 0 0 0 0 0 0 0 0 0 0 0 0 0 0 0 0 0 0 0 0 0 0 0 0 0 0 0 0 0 0 0 0 0 0 0 0 0 0 0 0 0 0 0 0 0 0 0 0 0 0 0 0 0 0 0 0 0 0 0 0 0 0 0 0 0 0 0 0 0 0 0 0 0 0 0 0 0 0 0 0 0 0 0 0 0 0 0 0 
0 0 0 0 0 0 0 0 0 0 0 0 0 0 0 0 0 0 0 0 0 0 0 0 0 0 0 0 0 0 0 0 0 0 0 0 0 0 0 0 0 0 0 0 0 0 0 0 0 0 0 0 0 0 0 0 0 0 0 0 0 0 0 0 0 0 0 0 0 0 0 0 0 0 0 0 0 0 0 0 0 0 0 0 0 0 0 0 0 0 0 0 0 0 0 0 0 0 0 0 
0 0 0 0 0 0 0 0 0 0 0 0 0 0 0 0 0 0 0 0 0 0 0 0 0 0 0 0 0 0 0 0 0 0 0 0 0 0 0 0 0 0 0 0 0 0 0 0 0 0 0 0 0 0 0 0 0 0 0 0 0 0 0 0 0 0 0 0 0 0 0 0 0 0 0 0 0 0 0 0 0 0 0 0 0 0 0 0 0 0 0 0 0 0 0 0 0 0 0 0 
0 0 0 0 0 0 0 0 0 0 0 0 0 0 0 0 0 0 0 0 0 0 0 0 0 0 0 0 0 0 0 0 0 0 0 0 0 0 0 0 0 0 0 0 0 0 0 0 0 0 0 0 0 0 0 0 0 0 0 0 0 0 0 0 0 0 0 0 0 0 0 0 0 0 0 0 0 0 0 0 0 0 0 0 0 0 0 0 0 0 0 0 0 0 0 0 0 0 0 0 
0 0 0 0 0 0 0 0 0 0 0 0 0 0 0 0 0 0 0 0 0 0 0 0 0 0 0 0 0 0 0 0 0 0 0 0 0 0 0 0 0 0 0 0 0 0 0 0 0 0 0 0 0 0 0 0 0 0 0 0 0 0 0 0 0 0 0 0 0 0 0 0 0 0 0 0 0 0 0 0 0 0 0 0 0 0 0 0 0 0 0 0 0 0 0 0 0 0 0 0 
0 0 0 0 0 0 0 0 0 0 0 0 0 0 0 0 0 0 0 0 0 0 0 0 0 0 0 0 0 0 0 0 0 0 0 0 0 0 0 0 0 0 0 0 0 0 0 0 0 0 0 0 0 0 0 0 0 0 0 0 0 0 0 0 0 0 0 0 0 0 0 0 0 0 0 0 0 0 0 0 0 0 0 0 0 0 0 0 0 0 0 0 0 0 0 0 0 0 0 0 
0 0 0 0 0 0 0 0 0 0 0 0 0 0 0 0 0 0 0 0 0 0 0 0 0 0 0 0 0 0 0 0 0 0 0 0 0 0 0 0 0 0 0 0 0 0 0 0 0 0 0 0 0 0 0 0 0 0 0 0 0 0 0 0 0 0 0 0 0 0 0 0 0 0 0 0 0 0 0 0 0 0 0 0 0 0 0 0 0 0 0 0 0 0 0 0 0 0 0 0 
0 0 0 0 0 0 0 0 0 0 0 0 0 0 0 0 0 0 0 0 0 0 0 0 0 0 0 0 0 0 0 0 0 0 0 0 0 0 0 0 0 0 0 0 0 0 0 0 0 0 0 0 0 0 0 0 0 0 0 0 0 0 0 0 0 0 0 0 0 0 0 0 0 0 0 0 0 0 0 0 0 0 0 0 0 0 0 0 0 0 0 0 0 0 0 0 0 0 0 0 
# Errors [sample_flux_hitting_sample/sample_flux_hitting_sample.dat] I_err:
0 0 0 0 0 0 0 0 0 0 0 0 0 0 0 0 0 0 0 0 0 0 0 0 0 0 0 0 0 0 0 0 0 0 0 0 0 0 0 0 0 0 0 0 0 0 0 0 0 0 0 0 0 0 0 0 0 0 0 0 0 0 0 0 0 0 0 0 0 0 0 0 0 0 0 0 0 0 0 0 0 0 0 0 0 0 0 0 0 0 0 0 0 0 0 0 0 0 0 0 
0 0 0 0 0 0 0 0 0 0 0 0 0 0 0 0 0 0 0 0 0 0 0 0 0 0 0 0 0 0 0 0 0 0 0 0 0 0 0 0 0 0 0 0 0 0 0 0 0 0 0 0 0 0 0 0 0 0 0 0 0 0 0 0 0 0 0 0 0 0 0 0 0 0 0 0 0 0 0 0 0 0 0 0 0 0 0 0 0 0 0 0 0 0 0 0 0 0 0 0 
0 0 0 0 0 0 0 0 0 0 0 0 0 0 0 0 0 0 0 0 0 0 0 0 0 0 0 0 0 0 0 0 0 0 0 0 0 0 0 0 0 0 0 0 0 0 0 0 0 0 0 0 0 0 0 0 0 0 0 0 0 0 0 0 0 0 0 0 0 0 0 0 0 0 0 0 0 0 0 0 0 0 0 0 0 0 0 0 0 0 0 0 0 0 0 0 0 0 0 0 
0 0 0 0 0 0 0 0 0 0 0 0 0 0 0 0 0 0 0 0 0 0 0 0 0 0 0 0 0 0 0 0 0 0 0 0 0 0 0 0 0 0 0 0 0 0 0 0 0 0 0 0 0 0 0 0 0 0 0 0 0 0 0 0 0 0 0 0 0 0 0 0 0 0 0 0 0 0 0 0 0 0 0 0 0 0 0 0 0 0 0 0 0 0 0 0 0 0 0 0 
0 0 0 0 0 0 0 0 0 0 0 0 0 0 0 0 0 0 0 0 0 0 0 0 0 0 0 0 0 0 0 0 0 0 0 0 0 0 0 0 0 0 0 0 0 0 0 0 0 0 0 0 0 0 0 0 0 0 0 0 0 0 0 0 0 0 0 0 0 0 0 0 0 0 0 0 0 0 0 0 0 0 0 0 0 0 0 0 0 0 0 0 0 0 0 0 0 0 0 0 
0 0 0 0 0 0 0 0 0 0 0 0 0 0 0 0 0 0 0 0 0 0 0 0 0 0 0 0 0 0 0 0 0 0 0 0 0 0 0 0 0 0 0 0 0 0 0 0 0 0 0 0 0 0 0 0 0 0 0 0 0 0 0 0 0 0 0 0 0 0 0 0 0 0 0 0 0 0 0 0 0 0 0 0 0 0 0 0 0 0 0 0 0 0 0 0 0 0 0 0 
0 0 0 0 0 0 0 0 0 0 0 0 0 0 0 0 0 0 0 0 0 0 0 0 0 0 0 0 0 0 0 0 0 0 0 0 0 0 0 0 0 0 0 0 0 0 0 0 0 0 0 0 0 0 0 0 0 0 0 0 0 0 0 0 0 0 0 0 0 0 0 0 0 0 0 0 0 0 0 0 0 0 0 0 0 0 0 0 0 0 0 0 0 0 0 0 0 0 0 0 
0 0 0 0 0 0 0 0 0 0 0 0 0 0 0 0 0 0 0 0 0 0 0 0 0 0 0 0 0 0 0 0 0 0 0 0 0 0 0 0 0 0 0 0 0 0 0 0 0 0 0 0 0 0 0 0 0 0 0 0 0 0 0 0 0 0 0 0 0 0 0 0 0 0 0 0 0 0 0 0 0 0 0 0 0 0 0 0 0 0 0 0 0 0 0 0 0 0 0 0 
0 0 0 0 0 0 0 0 0 0 0 0 0 0 0 0 0 0 0 0 0 0 0 0 0 0 0 0 0 0 0 0 0 0 0 0 0 0 0 0 0 0 0 0 0 0 0 0 0 0 0 0 0 0 0 0 0 0 0 0 0 0 0 0 0 0 0 0 0 0 0 0 0 0 0 0 0 0 0 0 0 0 0 0 0 0 0 0 0 0 0 0 0 0 0 0 0 0 0 0 
0 0 0 0 0 25.75493264 0 0 0 0 5.311804929 0 0 0 0 0 0 0 0 0 0 0 0 4.987517496 0 0 7.790726549 20.55408177 0 0 0 0 0 0 0 0 0 0 0 17.60275013 0 0 0 19.81159863 10.04048369 0 0 0 23.70345372 0 1.83443037e-06 0 0 20.05261861 5.516176811e-07 0 0 0 0 0 5.461394375 8.009771012 26.72420023 0 26.25874996 13.7621354 0 0 0 0 0 0.1562439803 0 0 0 0 0 15.42229931 0 0 11.63626366 31.90747313 0 1.335153031 0 0 20.58627657 0 0 0 23.5192043 0 0 0 0 16.44308364 0 0 0 14.55663581 
24.42780655 13.97982046 10.30173311 13.53634155 40.11529131 1.710247531 13.79166912 44.28738027 0.0151683196 29.36618126 41.38196283 53.78987213 34.4276632 0 0.0004802593345 25.93679808 32.98966278 14.19053853 32.83977351 31.44197368 31.04518907 0 13.40872671 0 0 29.75917784 39.50697877 17.65467048 28.38523191 40.90200203 25.63905007 46.55556595 31.00736308 15.27650458 30.61005871 25.22330184 0.2150662796 29.70316686 20.97610778 0 29.96705302 14.31006434 21.39774004 33.88402264 18.29504393 35.92277982 14.28166159 40.81849576 23.06095716 14.53115828 0 30.83699561 26.26079433 23.0790711 47.04083874 25.16842902 46.7171003 22.56316358 14.11713095 27.72138133 36.71321972 30.66822853 68.41253602 9.23520455 32.66409721 21.11453097 48.29284626 7.591193681 37.3946964 48.36557639 45.1513175 39.90007652 0 18.01607505 29.9370489 36.60873984 53.34662048 34.11860254 26.58031226 0 15.57063609 47.36899077 36.34370208 0.2163904509 19.86495107 35.70204082 24.98549235 28.92495803 23.56893535 37.83244832 0 27.87159289 47.77007254 0.004130275266 13.60129239 31.10223637 32.50627566 10.19433835 29.85486458 31.91713228 
51.97399592 17.7660515 45.96908569 61.07303662 48.82772821 30.05835107 77.11614664 63.54618511 44.63305269 39.69551581 16.82937584 70.44971483 62.91247624 52.302548 46.550968 56.28625015 61.53326013 54.56563989 22.4264271 68.42168441 55.92458959 70.95119827 67.53660213 30.10202398 33.85198969 33.80186706 68.08326305 68.87296814 48.2519961 35.04426551 61.23447149 40.00782046 65.58298909 75.90271289 90.98857846 63.302522 31.88444397 30.05055957 11.57368128 53.00133836 51.83405433 58.79609071 43.70521486 61.08807598 40.73740912 51.83252142 26.29959208 20.96694799 62.30515075 49.71307106 36.65449069 94.72609266 79.00702759 51.30748966 33.25458001 62.23103004 37.97550548 71.05535286 35.49295639 68.02319092 46.0200164 66.64051228 69.26974803 35.76819959 55.25916733 69.79385891 76.05228046 85.81981188 60.77949322 26.29325771 54.4057212 72.24653867 21.53370652 75.26361352 46.24350942 85.30712169 57.68036505 60.94878393 0.0007541484887 50.30957836 50.42105924 66.25686489 43.33883164 44.79635461 50.07514553 52.66485037 44.02176252 16.44745406 57.78700721 43.81221849 70.53152517 53.8306638 54.8763719 31.68056898 57.10729823 49.84194517 33.80358219 80.63096315 54.62291279 58.81767624 
87.79073319 94.864837 102.6529771 53.87795847 72.69740922 79.34552907 85.81239 14.11578702 99.65556343 71.99869389 81.60598155 93.52180121 93.88158018 91.25048541 92.40415436 82.22952976 99.6708963 74.91578717 89.98935058 64.45584719 114.2200793 66.40989355 74.71003489 130.4222997 92.31680761 83.75349728 94.80671468 74.56680801 78.57638294 128.4958883 73.13188774 96.0590632 117.1461215 87.06126113 105.4040285 115.0319687 84.97228912 99.54901348 72.62416686 95.81651884 100.2390956 72.77335321 50.07730153 51.90127027 49.87884039 57.80592945 64.94666133 75.90802308 110.3341371 55.67563473 113.3302547 105.3296137 69.74895397 84.68065718 72.72278151 108.8508472 41.61217682 104.9794235 118.7591659 65.60587392 116.3392427 72.7388939 69.72277662 88.15061054 105.2680654 76.53242342 84.05218362 75.83832483 94.29516477 89.59151347 93.03192258 86.83385628 57.11598362 78.11087387 85.01093354 78.44654474 107.538806 118.4588971 63.5455881 61.06458304 73.59296049 94.15798931 71.98716025 107.1676108 92.19185938 71.82122609 67.42994652 104.9695986 109.0301915 77.12413099 83.79499063 92.04336244 38.47951637 95.66746919 74.88268089 104.5555758 99.73234275 66.65953694 89.2268321 97.82113263 
141.7388616 142.5552241 113.3338933 121.4106788 165.2824633 81.75919299 110.1394776 160.1158265 121.990085 86.78065881 91.4127049 113.3008142 139.9690846 81.54312554 113.1186214 113.5721353 113.9459624 111.2723186 137.633319 127.3460481 109.5005787 136.8728374 118.9370968 92.3956355 141.3560371 136.3051363 107.0285774 123.9845831 122.0965392 168.5298227 140.2232074 126.919405 139.0929752 151.5452957 101.0563307 159.9896177 143.8058017 154.4836666 142.3026039 168.8056488 109.7975005 166.510454 138.7601231 126.9355562 112.6014279 141.7186743 130.1781646 116.5506097 146.4309446 116.134827 136.8142507 172.8761258 130.1755209 129.6888386 141.7528154 175.837972 124.3090481 159.42699 130.872717 134.8804691 65.60282775 163.2678809 154.2878237 142.0718255 64.4449538 171.6506647 147.7202211 138.9753866 148.3695083 119.3529103 96.98244493 160.4082598 104.9417312 110.1218631 59.61431905 123.7986195 115.0840277 108.3634043 135.2617348 145.5088331 153.2656954 133.6173809 80.56055738 131.4159991 137.8067684 119.0139209 122.8764062 166.8916589 152.5077184 137.2872056 131.5647002 144.2302425 120.7279272 149.6888461 134.9241663 129.8579429 139.0721261 129.1215971 160.6624499 124.3798672 
129.4879889 199.4661324 175.6149914 206.6842811 200.2527241 165.3628828 169.0776927 172.1720988 165.0278373 146.4515769 116.0012105 165.2988591 198.3551811 168.1174403 148.5002517 122.5540754 138.0506761 187.7487253 199.2639666 202.917603 135.0805895 215.1910361 204.8135309 166.8177065 216.0718509 153.0526545 156.1047191 165.1830847 183.2482563 169.1981493 177.6030528 195.4578766 195.1695162 174.5459066 188.0834717 190.8287692 188.050303 230.0463716 204.4706362 181.3115518 194.0773262 190.3927449 204.9326068 166.0754121 195.1885661 168.1328704 172.8584593 197.7514695 178.3260975 175.1208811 171.5433225 143.8703353 154.3961632 163.5878111 186.9792451 184.3361693 212.9825609 152.0014736 219.5331209 190.3096413 197.8076567 155.8668332 141.6355735 164.6408617 159.3959313 216.9661269 204.2303075 175.5211386 185.6585308 176.7066965 172.8977991 161.27322 124.212049 230.2807813 180.055679 168.783601 206.5337179 183.4499201 202.3301794 160.0588591 155.3638567 205.81822 136.2905638 167.1732595 138.4869178 155.0610038 171.9967679 141.3927681 183.6463717 158.3194169 185.9825286 180.6266389 205.3368574 158.8148758 185.1001437 160.3446529 193.9653214 208.8341943 126.0027912 111.8350167 
223.3609357 183.7202166 204.4789251 199.2138909 281.2904656 233.8806108 217.4111053 194.8258076 163.063059 222.8459438 194.1608942 226.3743227 220.4859026 248.5899757 234.3098979 264.8283747 197.2512401 270.079771 213.0703815 220.3895314 203.9538268 223.5850284 207.5259001 270.2988982 221.1657513 240.0585705 236.2472582 224.0996716 244.5401808 293.6429697 178.8900995 205.0442303 230.2237812 250.0498865 227.7997325 252.7218796 239.8984024 207.932679 222.9893576 225.4052711 198.9077971 227.1688759 264.0840193 178.4599948 230.843483 235.1622034 186.1514719 251.5369963 203.7184923 271.0019455 219.2179735 279.9301811 329.1209399 218.9572846 267.1973179 204.5743245 205.4934887 248.2766356 283.0427025 293.7660896 267.7784382 253.7428526 265.8127284 187.7805147 224.3221976 239.2097061 249.7001458 263.9684273 236.1886518 231.0619856 245.2168607 197.2410344 209.6780286 232.2659888 219.2467262 272.2650478 214.2884486 220.17316 185.2181515 228.0395744 234.0994007 221.5818475 207.8107961 223.788615 244.6162194 220.0804583 254.9916378 247.0545708 262.0901062 233.1486829 195.2127287 259.2327007 280.7379445 257.6618437 239.1262116 200.6815906 223.3131792 234.7062426 235.5363195 241.5266815 
261.0728853 185.7759903 294.762006 257.9692928 293.9733168 235.0813726 240.4339113 227.36864 269.1881428 285.0318984 274.7729501 292.9276338 282.2801542 231.7935695 332.8451916 222.8090571 244.6000566 282.1628513 267.5196972 259.4800461 316.2040399 247.538367 297.5572347 324.1588595 301.8455235 247.3417899 306.4070357 292.8903141 283.8581144 299.1838719 269.0193831 272.762321 292.2572184 315.3769633 273.3650061 270.6161716 319.4704477 301.4273921 303.5090823 293.6478467 339.4281183 266.4237069 286.0545729 261.6975142 283.4187219 252.0493291 271.5860358 289.3515892 292.7895241 288.5747364 298.2868458 288.8405012 323.0461216 241.541973 297.2158562 269.5033336 267.106869 274.7081902 285.2153476 326.1495821 291.2506175 300.549966 282.9791425 287.182848 252.3277123 330.5392864 318.1394404 269.919544 292.5288083 240.1666769 237.7047153 298.9685967 201.035847 215.3508978 282.5093944 285.0510312 285.1542882 297.0710201 295.2954862 288.6780564 217.8523058 272.4118553 324.2771402 282.884752 265.6204605 284.4450369 273.7165919 247.6198171 266.5319061 334.9723116 241.3803785 310.153228 286.3023687 238.2429115 245.4585896 254.890442 302.6458982 261.8903595 227.3310941 242.596293 
288.1430327 271.8290393 280.5436905 290.5999663 312.0463597 357.0233856 305.0068149 287.2196714 245.6906414 313.9523729 303.9319753 306.5348497 336.1753166 275.6644124 261.9862624 384.9839134 329.641486 315.0015467 329.0547355 337.8422883 313.5054042 277.3417216 327.2895651 336.8589472 296.4509235 332.0499342 342.4192699 358.223554 331.6419913 359.405766 293.7460047 344.6576583 358.2963107 347.8223864 311.9066136 308.7050605 311.8778037 253.7239645 242.2552355 362.5889779 440.8743714 384.6156245 326.1824511 389.6206084 308.9210431 397.0375028 390.6214855 319.7322775 348.8068694 314.2761172 337.5968094 360.4469126 314.4437341 345.4072687 365.0159169 298.9416678 343.7624903 345.399879 369.2442957 321.0879094 339.6937999 300.7252295 318.2942505 310.099686 349.9358656 347.2516883 356.7615103 394.8166751 356.5957792 330.1546094 360.5386675 319.2300701 358.9406412 328.2093189 371.6566967 285.8541109 380.1683076 319.1979659 377.6104087 259.2439286 291.8225354 367.699816 326.1900144 349.4264125 322.8758439 397.7747895 373.5719257 348.6416255 350.3738542 295.3622979 267.5261107 342.4201979 381.7569158 338.0001293 298.8557416 318.1061398 354.9305098 335.0368227 275.5484256 333.1171367 
361.6856706 352.526719 385.2842514 301.516594 305.5789668 355.3075472 357.0181543 351.9156036 361.1753979 373.6127748 377.2117863 332.302365 404.0817833 424.6300591 318.6154613 329.1194905 344.3957229 269.9183401 378.6208946 343.9952739 357.2201174 378.8134524 381.7616936 409.8663114 422.7088448 363.9067529 418.6357043 395.311601 320.2172715 355.3235444 411.9722 388.6195578 387.0768071 393.2544853 398.2709173 380.6215782 406.1913348 322.8122736 276.8483052 440.0610409 441.7175814 355.0868324 360.1586342 402.4310278 357.9764125 397.5563855 431.7779926 378.3119503 382.5335774 401.4627556 308.7852238 418.8260373 379.0066157 422.8357742 432.8107059 398.1127909 399.5390513 394.4665278 445.4048261 352.6038216 361.6896016 376.6280559 320.5349333 358.0780371 370.9670958 402.9691338 450.5035498 382.0616448 375.0902611 373.068062 379.9707916 386.5240178 304.9479883 379.3148768 376.7614382 379.1787625 412.6592205 425.9883677 374.9384073 388.1680008 385.5589316 412.8935912 358.6278405 434.1203827 443.5031255 354.5613021 367.5643326 456.6191 355.5973171 328.9334799 345.8849504 400.833929 370.6758794 376.2861707 367.5577497 380.3367461 352.6634483 337.0478801 353.9452054 403.2270632 
379.7152645 373.248418 433.2602841 357.4561882 454.624064 398.1260206 432.074856 419.996365 413.6197333 383.1635618 398.6775342 449.9571602 402.1110908 428.480252 438.7900645 452.2223673 444.7714089 412.7168645 382.9852051 430.8308129 435.7469586 450.3887013 455.2238534 419.8871293 393.9292483 451.0779193 438.7273476 437.9854701 453.3827294 417.7857397 482.4990047 452.1642014 513.4304144 463.8040737 384.5414372 512.6267741 396.9723099 456.6243117 467.1236396 461.5218792 469.3208308 492.0512118 388.5092654 494.8265023 378.7509056 400.1202935 473.0591671 470.245921 407.9257916 433.2653368 423.2140168 399.5683801 510.1372114 399.4952988 464.3188301 402.1075923 469.4601106 462.5460705 481.3521789 433.9573947 444.2750907 432.3535175 407.4238465 495.7719929 457.5076143 448.0181203 508.7225161 395.2215821 470.6373108 457.1375529 440.1638219 420.6636591 412.5186406 436.682695 453.6198342 427.2357243 460.5271317 432.1666572 413.7759562 397.430421 426.0632361 486.4903122 465.9761836 471.3389234 469.071277 425.5393608 436.3586177 397.6180542 439.0283684 396.7915698 431.6718399 423.6236789 389.0847403 431.4864423 414.9719731 415.6682924 338.6764462 436.9515255 423.2578061 432.7936558 
483.2743665 477.1329966 412.8434566 493.9845087 420.026905 415.7854252 442.3540205 462.5752284 421.8940075 451.3471206 418.1294973 492.3018187 408.6510428 493.6869275 400.0993414 448.6741437 510.9936 471.3904074 474.9619863 471.4541584 459.3982998 402.2835839 468.7306108 483.4284521 456.5341534 389.3829558 520.134835 445.0569304 492.9739761 435.415772 447.6014074 479.2373138 449.2577303 485.1558022 508.0671135 517.837703 445.7511541 504.4985978 421.4389727 491.8907659 544.9456426 430.0460105 485.0787431 490.25838 479.3878581 459.8227177 484.5922112 456.806706 453.9867119 459.1463807 450.0995089 484.5101127 454.3912098 470.0239869 530.3965781 462.729234 486.643342 419.2574181 495.8095513 438.6181509 440.1222101 487.277969 352.5382946 455.0758366 540.1941807 453.8625675 479.9061886 498.305483 473.3847394 531.8734419 473.2146643 492.2280028 442.1030041 461.0671751 465.3837029 456.6720305 518.258057 490.815848 509.4822376 473.3262116 453.2537292 462.906466 483.7575831 531.3581836 436.2497429 390.935952 449.0160312 444.1020275 482.5788097 493.4347781 452.2893988 499.177366 435.2944204 495.2926001 490.0604908 465.3760766 507.5774875 450.6154907 438.5073254 439.0366533 
480.2230662 427.7049254 448.5920766 454.3588734 498.0083146 464.2135945 468.6768577 470.6344021 493.6029101 476.2839565 517.3678429 497.4862876 480.9222177 478.9728441 460.0628935 438.9305089 514.0100154 541.8475302 529.6303003 518.3846969 492.2769067 543.5264254 511.0896331 566.3707838 522.0245723 502.1927802 535.8211952 539.2974859 563.5015881 503.9785661 480.2308814 565.8144919 473.7197013 542.1959478 508.32447 492.7124515 560.2223973 482.0012036 525.0695634 544.3223794 523.5505302 562.4778233 522.6354055 536.7344784 551.4531335 507.4700615 533.5061264 521.3273808 510.797057 516.1702867 506.7674819 574.4609309 530.098863 501.8763326 499.9128068 512.1404759 556.1447455 522.948172 514.9240526 522.4623607 499.077393 510.3610713 486.47962 491.221126 547.8192902 576.0408812 550.2858418 500.7633619 530.4404403 504.9029729 508.2786108 522.3183506 505.0249377 505.406867 522.8524894 553.486148 504.4212879 525.5929244 531.9306563 490.4964036 489.4542786 487.6753032 505.924878 506.6057684 502.017208 490.4817047 549.7626842 482.884295 488.3416465 533.5328374 497.3289822 485.9912604 517.7510816 538.3342554 461.6844972 474.2205093 506.7216936 498.5557621 454.8354407 467.3548939 
551.3222912 539.0472991 518.714792 498.9230423 495.249157 565.0435546 491.8211501 504.1568306 545.5058519 537.5506969 503.5242024 445.2440986 498.4309332 532.0543668 515.6598936 534.213754 574.0946182 521.855751 509.8754518 540.4704316 569.1843196 545.4697849 490.979249 518.640361 605.2449453 554.2765946 528.4639797 532.3282974 536.9276555 539.3638198 473.5029193 502.0605275 576.036461 494.3229117 549.2650607 525.9904372 590.6559232 547.6668874 553.1770263 547.5764216 504.7693082 651.7621384 523.8330734 552.9864011 531.2934731 608.2679894 537.6600819 581.7255852 543.7160808 543.0367467 588.7823724 602.5163204 596.1378211 547.6581079 580.1473879 525.5212956 574.7803557 516.8213859 545.8993793 575.3134411 495.5868344 500.4977104 552.347706 482.3409607 534.9617928 566.9589283 562.7856528 558.9660867 581.0410275 554.8736817 522.269779 548.2234745 586.7555837 533.3075727 574.1910015 546.1884408 588.7831963 544.2480531 555.5011019 581.0700201 522.8737023 545.9740144 587.958673 527.6254442 540.6367057 551.924989 572.8508261 503.0236951 554.0502545 564.9103985 546.694287 529.2869134 557.0523357 526.9323959 496.8395765 558.7016895 543.3474801 482.0423928 532.6406511 530.8212926 
518.7985177 505.5277412 600.2649449 505.2298404 534.3703464 531.7181637 502.3331965 542.017785 520.6522781 492.9937383 630.8976567 540.3738824 550.7881981 549.2734857 600.1589795 567.1509641 540.5607479 537.8322253 554.5794091 567.5526303 563.9172348 597.7372891 561.5569821 593.0877116 547.0597451 561.3808031 613.1109983 601.113225 585.2882096 520.4223898 562.5183725 610.1334472 535.4304113 550.6194673 560.1890136 549.9529989 547.0040397 553.66652 592.2461048 559.2578443 613.1417682 587.0447394 585.9567919 570.6768922 600.5726453 571.5014159 583.7483097 611.0477601 521.3342875 598.2959239 580.9096864 615.719839 572.6565455 597.1674813 606.2697102 565.3619244 573.3758657 581.8524602 585.0035253 547.5112316 591.6882853 590.3625273 529.8356164 611.6577404 530.2676917 580.6882069 603.4132319 553.584444 555.8285443 644.1273376 578.2691595 591.395765 556.6901921 586.0839199 591.6677084 535.0991968 553.0792381 535.9897425 534.6100891 585.6226776 589.9637104 618.1032182 554.3685249 521.9946368 611.0407219 562.738277 560.7009703 572.2913406 528.6786845 514.9742424 537.9563163 547.6693553 505.3921541 584.5607093 544.2017024 484.0577534 533.76089 562.4993599 590.6444921 514.5611611 
507.7588821 535.2820301 506.8767494 578.748905 555.3737819 542.7609634 518.7027415 573.0019331 526.7361915 563.629995 578.155158 578.6640671 567.5170792 617.400013 565.4301431 540.7840017 630.6212066 586.7195391 567.1778549 568.3893299 591.6765948 605.0275626 515.564585 621.0768208 574.5580441 622.2001467 601.6148345 618.1625378 615.6931633 619.2945735 579.6962739 571.6352619 572.5044026 615.6580373 572.3150817 606.0832465 615.4709227 627.8307869 540.731209 636.8370736 598.4719622 587.1766983 606.1338001 593.2227844 590.3597907 638.3369187 541.0806347 579.8372372 638.6848321 641.8060724 592.3565014 648.8343135 589.2224962 561.6437103 606.5196159 630.4193263 608.2716313 603.0769095 595.7552414 596.4525651 616.6156662 614.0372527 634.4959411 605.6977499 596.2728095 638.9691679 609.080217 577.3230919 596.7789115 571.5872634 606.7794414 639.5859832 580.170472 591.5455841 589.9282856 631.807094 578.4474378 629.4725124 609.7329005 555.6410339 608.3199658 593.7865668 566.5911021 544.2810798 561.5680672 597.3169368 537.5454486 599.4829914 581.3549374 612.5307545 555.8324174 571.2299692 510.0953242 563.4514203 567.5221139 583.054202 620.8727882 555.5946073 501.1951148 607.7563376 
604.3141049 551.5729512 554.3857935 542.3324179 560.725729 555.2716713 591.2190205 589.4597997 521.4614402 573.4418804 533.2733737 533.8975706 623.0571673 608.3827509 582.8742287 592.4049231 512.8917904 581.0500047 579.7024664 591.1851377 586.0834251 590.5426371 595.7430252 585.150398 563.8192879 569.162868 568.6269514 624.3013388 650.8007529 585.7355056 627.4706555 586.2258103 603.2025142 604.2326584 585.6669707 580.0577511 601.1576803 603.1701838 586.0913736 594.6560785 596.6597729 658.9881587 588.7490057 609.5384631 612.9125991 604.5732704 574.9080382 619.244005 601.2593254 554.92041 592.2704259 613.0367925 567.1158767 632.1377325 593.7964086 603.2577009 557.05329 591.4667581 585.7247269 628.72185 567.2474782 656.1001356 614.0805359 607.6391272 614.709747 630.7422639 599.2543439 606.6277522 614.1358276 571.5067113 622.1504987 671.1335711 576.2896337 601.0537447 600.9334858 627.0446327 615.555642 583.1378864 561.150933 604.2855804 626.9885764 597.4611532 614.5115783 589.5758543 590.0053041 595.8306256 601.3839929 579.1134979 533.1632795 560.7552968 531.8566101 579.5452923 601.5874193 571.0889895 538.2873181 590.2762823 512.5583562 621.9352071 536.3514759 593.186684 
594.8878937 520.2598956 540.8373655 547.9775538 528.3658758 590.32849 591.0673352 644.1746903 554.1495181 581.6658329 626.8312802 588.6313424 617.4479878 617.9276901 556.1549652 561.0177232 575.9313851 600.4196597 583.6626011 555.548805 599.4289703 569.9588093 617.6230611 608.9493056 585.3233144 629.4303778 619.8468961 606.2256788 571.1347888 591.0484136 597.2860635 599.0809737 645.2365181 586.5568458 625.2337348 580.4581198 605.4806031 643.609059 582.5276737 588.4707038 649.3517996 565.1658473 584.0984296 588.482532 556.4333603 648.9925241 575.3982167 620.0250878 651.6350781 609.8635476 596.5914454 597.0974498 624.9624343 638.581963 642.3874805 628.8063681 556.9732201 619.420242 609.8870144 609.492675 595.5000402 593.5200704 580.7162895 614.9284364 618.8570494 644.1340803 639.4360557 597.0438348 609.2266869 583.4536541 598.5964865 609.0967292 627.8102931 629.6854732 594.1731744 604.8891741 561.2285282 646.7538235 612.6436768 617.9177877 624.2982885 614.4338038 633.909109 613.3445953 634.8779631 637.9267701 554.0923125 537.5775544 572.5152148 559.592216 556.8690266 575.5576205 588.8519842 615.5757711 621.2357705 624.9278323 536.5691854 568.5424779 578.6119288 587.2845638 
521.6571027 563.5864113 525.8062558 558.7482641 531.2683386 535.5598084 552.0325333 597.6465943 540.2816106 604.2464151 546.9163338 572.3276866 573.0735488 543.7704873 578.9873297 647.3572658 601.8888382 576.2074773 550.6282081 647.7076516 597.0268764 541.9154798 624.9733905 673.4447256 645.5047443 620.5706271 547.4035155 613.7188837 562.397837 597.8939921 596.4274205 585.7648962 598.9293262 640.1586444 588.9444874 649.2523065 605.5038081 627.3362554 649.6142099 620.8213464 586.8554328 577.3972852 701.9171325 621.6224875 588.0814844 665.7568021 618.4697828 603.5692053 630.3152479 597.2338052 629.3062629 620.9311456 614.2100623 588.2023967 676.8301717 616.7264654 579.7440824 655.8273387 641.5939336 583.0837398 628.3846667 616.9684415 565.1887971 607.264084 622.0294999 582.9161841 591.7828017 612.5134006 581.4751463 567.1510511 574.4731737 623.3127663 603.2524322 563.0397867 612.8718868 612.4192398 588.4916644 568.5788417 633.7579328 654.0484348 603.4596343 629.3108136 609.4157499 614.8966269 615.3440132 613.5659344 597.8442532 627.4271457 617.0714394 604.6872408 581.5250796 611.0492224 619.7938402 596.3771025 597.0920151 592.2622231 604.3573924 575.022265 592.911 576.8325578 
563.9578442 585.9482733 562.1175357 566.7905179 536.8081824 621.6883534 531.9679034 575.8375809 637.1880428 572.1870589 587.2946727 589.7474549 554.8102395 574.2761115 599.5670014 612.1243658 582.7520899 570.0263047 566.669357 601.3808605 629.7175033 598.1984454 639.9371705 616.513262 624.9893818 636.1257612 605.4629762 548.8850868 556.9403577 599.3764503 613.7961187 570.2349117 571.1089855 643.7405244 641.7011395 585.0729282 632.5925908 584.4592269 525.7978595 576.8204841 606.1044432 598.4930109 602.0581956 621.0613315 624.7940122 629.6708062 666.9248307 610.7544019 636.9202373 618.1782564 621.133909 659.7729547 608.3183848 686.2162691 590.4883824 642.3763025 596.5768253 653.7026593 608.950871 620.9867607 575.7628647 625.9983914 613.5802332 587.5553585 608.8761328 603.6307526 562.9835548 639.6645069 594.0779431 625.8259327 615.0466254 599.4170248 595.7463275 604.6270408 583.4783596 633.1395624 615.2482015 631.9657257 579.6156044 616.3194827 600.7874032 625.8292852 659.977441 575.0152525 589.479153 643.8926435 570.2248455 608.1022342 616.4919918 603.0641555 614.0868786 552.1007085 552.4656123 521.8762551 520.2996409 520.1878051 574.8613371 588.9936674 562.7287719 628.3739779 
542.9220241 594.7873733 559.291341 563.8826323 598.4151359 572.6358997 573.5482909 624.0196506 632.2504034 621.9484314 560.8871039 553.3987133 593.7580803 610.1813486 582.6223379 561.6889242 586.8263605 548.9493786 502.4985813 575.587781 547.434346 579.6197973 576.4434599 577.767835 611.6014767 602.1231176 573.4008653 631.2358479 608.8193717 608.2684378 618.0670928 533.4649851 701.6408825 583.4076337 613.4858626 573.9819125 674.7791715 582.9731977 647.6253897 629.3001358 596.6591592 674.8299119 580.8819358 603.5471712 654.8349799 578.335119 633.7264446 646.2459794 638.6914246 599.609516 677.0836456 635.9480736 639.855441 660.4540995 639.9211875 682.94958 618.5522866 678.9888514 644.7845632 612.4326801 611.3689852 657.3352534 634.8935126 614.3316671 627.2597612 638.7041596 627.1418521 641.2723252 651.4342434 661.9667888 586.6804986 546.7258373 632.0119644 604.9433832 565.8907406 612.5302599 585.6215544 598.8926239 618.1616253 622.7052776 614.5943492 602.7784997 591.6320533 586.6315291 617.7764569 609.5548752 638.8776032 611.4713603 631.5235531 635.3403066 580.7919811 606.887127 577.5376295 607.8391909 541.2847395 567.1854689 555.9185073 596.5217277 596.5825945 581.13268 
602.0966465 611.2737889 574.0527069 603.3388435 584.5719743 517.9153202 621.3855354 554.4033288 572.8276076 523.4505842 594.8998898 597.0301132 585.126032 612.685516 549.0567024 603.1099221 578.2602094 596.6099009 570.4196787 550.1851234 622.1721885 573.3838907 593.9727654 572.7521107 560.9513839 596.3970918 605.229427 635.9384191 611.3090863 613.8558622 635.7589744 589.6949265 670.4723824 626.6814934 625.6423346 611.7300896 633.7541776 629.8386257 606.3971024 597.8510613 591.7071641 640.1892485 634.6109998 606.433874 625.824118 631.5289359 624.6893335 639.4674902 624.4421576 605.8443607 620.5089182 611.5439826 579.8514957 612.6881575 612.5690749 669.6090549 684.4136134 616.8291185 607.4980681 663.0058739 651.1374787 588.5518039 602.8799828 603.7507482 639.0691523 632.8456811 636.882573 630.9695402 579.9617697 638.3292718 601.6913462 610.0289623 581.0003831 621.651597 642.2516532 609.1492652 592.1238816 658.1390064 556.9589739 633.5508339 687.462328 593.1672877 610.3867347 628.9352585 621.8282403 617.258014 585.5500008 640.9221316 625.4577411 583.3225612 624.1224659 619.1101448 544.3579033 591.7065966 561.3534807 596.9422132 579.4033466 617.8503777 561.6011061 612.4195596 
495.7051975 564.0541365 549.641971 533.1088088 572.1257547 593.6086742 599.4654889 552.3921542 571.0920346 637.7450021 592.1483893 565.316548 624.7264869 568.2729341 617.1182511 601.916213 602.5358382 604.5570865 592.0497335 563.5683635 637.8635219 633.0626329 613.3529856 657.8294321 667.4318739 610.920964 636.5278614 653.8637976 607.7376618 582.0166416 608.5584623 585.1418468 641.3824355 619.5061217 694.8358251 625.7649472 641.0607422 655.0611202 628.4666579 637.8458135 611.0112591 611.2215856 613.4434817 618.0337186 651.9086881 606.207041 671.0811651 631.8993269 658.8448183 592.8352834 570.7229334 622.1899681 612.4413911 665.8838027 708.8923501 607.8156957 585.8659127 610.9264625 630.5251491 658.5771554 596.0066932 616.0133069 654.8782637 641.4790675 666.5158762 657.1800065 643.9197247 672.6348564 638.053863 623.0181592 639.9841351 620.4515998 618.3145312 633.4976475 609.2294543 604.420683 644.2236439 632.5702982 618.8076503 658.1339259 637.2695174 591.8345415 627.0599524 567.4695925 609.4913302 635.3659091 620.3389706 557.5116055 634.1830297 612.4080702 632.779062 565.2275508 579.5231692 630.2584011 560.265214 576.2992635 593.8717378 604.8913897 583.6497985 561.4700179 
550.5405943 590.1403601 596.4433446 523.8740806 526.6875409 629.6786981 597.57968 636.813386 604.9798075 595.015746 601.6796344 569.1290112 594.6072413 579.8870886 590.650015 612.2800346 570.0053334 561.4334023 645.1723879 623.8201548 566.0233939 612.0370858 630.2208408 631.4610448 671.6204394 625.8717394 609.6488388 625.1929654 576.6356167 622.4023069 672.4031431 566.4391171 587.5289048 625.2276626 578.832115 636.5918948 671.5293012 618.6023404 610.4607311 552.1968179 609.3945756 622.529749 604.6798335 635.7453407 653.2574239 652.0898436 616.7815814 655.4463891 603.2081916 577.7595053 645.8706262 619.6389296 618.4918274 652.1602494 590.8255839 631.996834 614.9675029 585.8106626 592.583047 569.8828201 627.5074285 632.4255053 648.758985 664.5258041 668.7769944 611.4532649 628.4686999 623.1673698 633.4928437 669.5153824 614.0366306 622.787762 672.0544986 656.5155641 590.775792 615.010964 583.8009063 695.1516262 639.6649075 640.5436858 667.0286634 613.6673048 641.7671709 629.2657561 574.9181831 633.5288308 645.7466241 687.9647216 610.7301403 617.1630987 577.0582429 555.3453575 617.6316074 654.2442074 575.7368904 632.6186318 608.3978152 568.5997006 626.1338028 564.8178204 
533.2948427 539.0644235 568.103674 562.8456803 626.0105023 623.1532623 611.7899105 560.3670424 595.7642034 601.7674407 615.9557942 623.8854343 519.9867821 629.7214015 588.4777325 588.5378874 582.7825204 577.838368 609.5271523 631.1447538 592.1859947 639.588487 538.1231218 628.7741288 631.9852879 663.1061003 583.8980954 610.6586518 601.2325818 602.5018856 576.6214153 638.6542261 605.6373177 641.6301463 650.1436553 595.3144461 616.3198752 615.240509 615.5339936 626.0882787 596.7398548 639.3439738 602.1837436 660.1957041 572.969566 661.1695404 621.5508777 611.7661882 614.4794735 670.0398486 616.9030239 618.8297825 641.3610693 616.1257569 605.1592698 666.6796464 609.2253905 678.9592367 609.2607587 641.7683658 637.1214268 651.6290318 622.3823653 642.3711336 615.5976272 636.7024663 639.2066546 629.5582517 607.8093107 616.4938716 605.9578806 635.1335731 668.55095 588.7479882 612.4528902 619.0391646 587.8814078 624.7709924 546.4408189 657.2070043 642.8311893 642.6992526 651.2700267 574.9901697 557.0690631 578.7587075 619.4572887 649.1011282 585.0897648 653.6248671 655.0099395 566.965392 599.4658965 598.8602771 625.6217443 571.5319501 621.1036954 596.4736492 588.837209 599.1814366 
595.8904769 548.0591231 664.3039027 548.523059 614.5089109 514.4265443 658.8426934 621.9893253 567.8122123 612.7690972 596.9581226 589.7153941 566.5576425 601.7165011 621.4077001 624.1313909 565.7773226 586.7551187 541.2855871 595.770938 559.3394444 614.1646411 607.9569209 597.2794183 641.0387075 611.1186043 603.6900927 626.0356067 620.1275465 663.7852906 697.0119699 633.2973853 644.288088 673.1586572 670.9447633 605.2952152 656.7064199 669.9777982 602.7771136 662.355613 602.643956 657.6770508 672.0690925 645.4525342 664.0130141 598.4582576 638.3622534 664.0717665 656.3229978 625.4815225 641.7943232 581.0149561 583.5684157 617.8979358 665.060988 634.540519 702.7533268 612.6334407 646.8244603 642.3411618 645.2713095 645.1020016 614.5327802 625.6486944 655.2535881 672.4966522 610.2059295 634.31207 576.571389 622.1563615 661.3052464 621.4521187 630.6210184 636.4785936 615.4179457 602.2415221 651.6474198 650.1135608 633.6909796 620.4369488 647.1737053 633.2698709 615.448209 624.2242012 668.8887217 649.1752435 630.7606945 617.2740913 615.4955503 606.7478096 620.243966 606.6479948 659.1307585 646.0888666 563.7461661 634.0319442 554.494406 585.3300352 588.7589271 607.8318261 
558.4044666 589.2107579 595.140251 586.3128702 580.5682888 573.0449787 603.0811224 596.9746172 561.636512 558.6710717 575.3291591 614.6820621 562.2951704 637.8980607 640.5627157 624.9431931 616.5647846 593.7783242 590.5262786 674.0412375 623.9523017 586.5257805 628.6320129 645.2028865 654.7113537 592.3913315 622.0203276 593.5282895 673.5518518 662.9624658 582.6141432 633.4177356 678.7215575 633.897725 595.4136386 641.6857043 631.0951772 637.6380486 644.5771473 673.2240487 607.5027527 623.3778438 671.5223131 633.2158993 660.3936522 672.6162071 558.4050686 626.7351274 638.2784746 630.4321952 672.8070012 671.4349818 646.9274996 625.4561159 564.6293106 596.8289491 644.6939305 660.0700269 664.6996385 647.4259337 623.9687584 624.6903055 588.2289451 650.9726706 668.4436793 625.6748619 613.1774978 679.8917215 665.9559054 644.7990987 638.4430025 631.959938 647.4283939 615.4229034 608.2853813 617.966284 668.8053712 653.8615398 630.9676658 652.7517829 619.529529 641.4481947 625.5442131 593.5130684 588.7075236 631.8085413 638.2606927 604.0004389 605.7189033 599.6985301 662.5203447 595.8662228 542.413493 584.7714621 607.9870932 638.1506084 636.9738149 579.0488819 601.5481964 589.4392043 
524.7096682 574.7001648 557.6009776 575.633548 552.1875917 600.6809527 551.5216408 539.5100147 608.9059207 566.6097194 603.0872444 624.7127658 618.9253008 645.0538562 578.4783293 634.304066 547.7029296 608.216234 618.8317238 571.5206793 619.8529693 616.7695786 618.6665998 634.8993242 663.9475532 617.3012312 661.9861637 663.0428671 605.731091 643.115692 635.5068348 657.4159244 505.315768 683.6015717 641.2581553 612.0241854 653.2729257 591.702387 663.3833146 581.1724127 639.5867198 641.2335872 619.82292 645.1949267 613.6136671 631.4518995 687.9566278 676.2031521 663.8988877 647.5372826 678.462221 656.834195 594.081171 631.0358557 659.4955348 621.1823989 620.0556753 661.09038 601.5895028 656.8261399 641.8074004 630.9512141 629.5845801 687.235375 606.1106686 611.4582175 616.7882348 615.548244 656.2701106 640.6456154 633.0560078 628.0714438 597.096912 641.8692283 619.3708129 638.867169 718.0276441 657.110343 630.2733347 669.3647598 606.7498102 642.9957705 598.0564758 605.4786547 626.2103029 615.0871402 559.0161296 633.2432694 633.8076172 618.1089108 613.0282516 564.3299969 627.5321092 651.6635018 605.3950036 656.101591 642.7213375 679.2085385 579.2896199 618.3649606 
604.8914324 624.2113502 576.5478135 574.0919969 557.2101231 602.3935111 581.3715193 561.1594385 573.5345408 567.2826056 618.0825204 628.9063854 596.498497 645.0775674 618.9222476 661.6252042 616.1084121 639.203303 619.3511307 610.0839985 641.9072572 635.8518203 634.5069872 637.4045398 636.0811263 624.9904394 654.1722324 645.7777532 590.0194114 618.6712137 649.9539516 610.851772 611.9703977 643.8307134 592.8117586 673.8039704 655.2010436 661.0546381 624.7690425 694.1435297 613.218454 667.634011 670.2478708 590.4881662 625.5263121 680.2909176 616.5266512 658.6603781 617.4226784 692.2889748 629.5216258 623.6722956 614.2245228 632.2172537 595.4974241 651.9387757 656.0009745 644.9944416 658.4777968 673.3183384 609.1861471 661.8442469 676.7001965 609.2684006 631.2574239 650.0292244 652.6606017 625.1509994 639.0465532 613.120515 611.5944111 640.8396169 653.2757574 693.7413555 636.6252894 635.8533868 629.1030179 602.8425049 634.1574752 632.6523119 620.5082763 662.8457559 603.3326987 625.1550035 612.6899745 644.7803867 621.1183023 627.0886397 621.3953702 637.5428472 627.2278744 631.2151818 613.9971095 586.0513626 616.7535684 576.7664805 595.2031109 681.2461424 593.2899187 610.2398851 
586.7446123 618.6604024 597.7791417 563.9515731 602.086857 582.3844358 628.714661 595.2625874 554.9950529 558.7518716 644.1809793 634.9247169 596.4902072 596.7295916 707.0492421 604.6771654 629.0428792 634.1585177 656.3246335 653.4547617 624.132614 620.2895026 609.656526 551.2129021 610.3575041 607.4956545 610.9910635 625.0138872 663.4334869 607.2191362 604.0077084 609.0814732 598.569638 658.0845953 596.8468967 642.0719257 675.1192639 643.3082111 675.7618995 674.4296661 648.8718119 673.1846195 653.7698162 638.9239025 677.1218995 606.8046167 645.6978553 628.7598638 603.2824557 636.8258467 692.4095422 671.9536683 618.9369134 654.735945 712.7098168 745.2230467 711.3819274 700.0509038 668.6928875 669.3751905 683.6844338 648.0942066 616.2075937 625.5235059 612.4680262 626.0513167 696.0193383 616.8788722 658.2242061 652.3757036 635.8881323 656.4067932 661.2345306 640.4738715 622.1342261 651.5382297 656.2953164 598.639825 618.7913013 630.2725714 661.5647724 645.8308399 629.4511984 665.8664594 601.7966558 616.7879019 613.0486811 644.1096775 601.7814957 645.4749854 596.5086487 648.1219532 594.1952223 649.6396033 614.81205 616.9728542 601.3298023 613.7360757 577.7145484 632.2676578 
579.3545218 560.2226104 622.8723338 629.05257 604.5051734 663.4609288 618.5931517 596.6466168 592.3649273 550.5197327 626.0452841 607.5619666 672.5640979 583.1330857 634.8418906 664.1210901 694.3179121 594.6580443 601.4156996 614.1453294 603.099536 678.9170328 639.9991082 593.8297064 656.7137819 578.2346789 679.259711 642.1435324 585.1127899 650.2723504 678.3402661 580.7045953 587.7900793 631.1519099 636.5775384 630.6915223 683.1450872 685.8283731 672.3908932 672.7901906 655.2611373 586.7997439 613.081034 630.1058811 663.6526524 650.1051607 677.6501094 644.888521 711.5145961 655.0454484 637.9893285 647.9885391 547.5631187 637.0430103 638.315349 654.9621718 691.8865662 600.8361527 656.0455123 654.506413 589.6814805 642.6682817 685.8304976 582.272269 695.19382 712.9603218 657.3824288 639.8525122 672.0535157 674.0486296 665.0536147 672.883751 643.4716991 626.0533406 669.2662446 630.5224634 620.2874645 635.7457363 640.5898949 617.177579 650.0477745 578.7837695 603.7402924 614.4076938 650.2034445 615.6181114 658.905169 663.8915127 595.8390428 617.7548646 607.5847804 586.2957665 602.2558348 601.5827282 564.0589989 634.9083801 663.3653256 615.4623301 564.9822847 644.8463558 
579.0784808 591.3914049 606.9968905 618.2193259 640.1497322 575.5262049 637.7149725 587.1820955 578.3907932 534.5711478 618.8172254 623.9405751 619.2096804 620.1063636 617.7229933 636.0422549 578.237789 610.1444663 612.6814938 614.0357601 665.7186721 665.9478146 620.2144245 656.2485545 609.5144535 594.8202618 657.6741466 655.8386012 661.8984836 650.2082697 650.3089038 625.4044222 660.9317448 624.3717241 642.2453368 567.0793182 665.1052357 677.9071597 669.9411924 640.483832 669.5306622 661.0887379 670.8799112 622.0298907 621.1692155 651.5787489 632.6742561 679.4194036 657.0648798 610.3831932 650.8223796 672.0239094 631.9677653 712.6901553 666.5151842 672.3759501 665.6680791 623.460473 729.913787 648.0505315 677.2345011 638.5773545 625.8181913 666.5076458 631.4046622 616.6199559 628.8276339 594.5066825 645.2380302 679.1324532 646.7005194 683.8158567 633.180161 705.3282725 595.1108395 639.5130362 657.6241334 614.9586121 640.3222516 611.2974079 647.397026 612.3244473 649.3954823 681.1385085 660.2226391 592.55887 642.3751819 637.3518908 609.3175395 603.2944305 620.7417049 616.7620992 602.5268068 625.4663248 572.6555795 621.4564368 589.7712741 632.9060005 617.8511721 635.7555571 
623.7754452 615.9657979 548.1490442 567.8252148 626.5385268 570.0755091 618.8014171 605.0266448 628.0706996 597.6188803 581.8575778 576.3396329 579.4351589 591.7060217 608.3447592 614.16148 584.3067083 672.8169319 663.2483108 591.5530542 643.5658214 615.4317275 602.0742857 595.7528738 640.4435827 665.7037583 605.6675923 602.1541875 625.2443573 609.7375063 627.1857336 624.7875407 627.6231294 632.7259503 638.9319614 655.7876207 658.6734423 626.1747373 671.1479897 634.0600755 623.0614319 711.6040861 675.0392399 631.4633898 646.307703 597.2603513 669.3540323 670.350248 666.1615864 663.1721792 660.8969496 682.9198023 636.0286262 611.89055 677.1432387 656.5768014 623.8010255 625.9280229 609.4488427 673.6898308 590.8301115 659.4580203 663.6699021 604.1401251 648.3899279 651.0247937 656.9138907 629.3506682 647.9810129 614.7016795 659.9290186 641.9925778 661.1633787 654.7908339 598.1869828 616.3914991 652.5035059 639.8333781 624.1649924 629.0699395 676.1417255 566.5994123 611.4502891 638.4665483 640.3787355 626.2075605 706.7376584 625.522714 611.0773121 624.5172943 593.2656067 656.2029346 584.2688055 595.9289995 638.1457948 634.1339819 640.9318624 618.0599053 550.1182267 640.5674516 
604.8877674 606.5904596 617.6091614 593.7200297 589.6612844 593.4633236 577.8720535 600.0743719 611.2148838 549.3998835 637.1618122 626.6634493 597.5000529 580.3070816 625.3123303 590.053076 670.3999181 621.8390088 642.5477379 605.3415587 644.9116632 625.3260679 605.1948303 606.6648638 607.8251908 587.1258622 666.6380406 653.8960259 631.518018 641.6625132 664.1045503 647.3097894 637.880657 645.0221315 645.9268055 641.4846473 657.7515419 682.2596767 702.8815098 642.698205 615.5595141 664.0236994 666.7211156 647.6551089 691.3902476 662.4723447 641.4354881 628.7849076 666.7205458 642.1615404 630.9676081 623.1298253 657.2959686 669.0989206 667.3784828 618.4985277 653.1002998 665.030867 718.3904911 674.433425 665.9239434 634.4791109 616.5510801 631.4863138 666.9172223 638.0062146 711.5549983 655.8584189 593.7442731 654.9154367 602.9327648 634.0748791 637.3138634 651.5095114 658.1211741 599.3440653 666.3905997 653.7441007 681.4016987 603.0114035 675.8773193 600.4583026 662.4764525 584.6016386 589.2064213 633.4569206 607.141304 624.6118104 629.9317675 605.4526271 632.6590227 657.2671432 600.539611 556.067716 610.4636532 592.5266267 605.1758207 639.2872573 608.6379536 605.5323494 
585.5313468 649.0414289 604.8801253 610.898395 608.1927748 618.3156638 577.2018234 635.8750931 597.6593531 606.5674179 654.4223734 594.9780072 615.2897573 612.0857435 622.0575341 657.5263095 648.0713307 572.0316751 600.8075489 612.8580967 635.1019244 601.231763 649.9266855 662.024458 602.953699 599.5952975 683.0494662 657.0155285 682.7213099 643.1735072 683.1749143 688.1485221 624.5718653 686.5863993 677.9541608 608.6405644 682.9106632 609.8681483 606.7235958 653.3954477 666.4215376 621.706686 608.4464014 631.1487051 612.876382 614.721651 621.5885298 588.2609897 622.1013548 633.7467661 648.6443666 611.3791239 630.8120757 604.1571424 652.8871972 689.6795694 679.0584466 654.531901 691.1194656 637.5358559 633.9267614 608.7574116 597.3916783 631.8296578 659.0669074 611.0322678 644.2372523 699.0624043 630.7039762 619.9364136 592.6946317 683.0306893 646.8663981 638.8102085 649.3443313 646.0921954 639.2719662 644.2834542 631.779696 684.50463 656.6673303 604.4212416 618.9552313 662.3734473 658.9085494 614.8296253 596.3055414 666.1121824 627.1428705 659.4366982 624.2078277 686.6612969 591.875458 612.2869585 598.2332257 578.9992039 631.7254125 625.6257302 607.5507695 684.9889293 
555.3027099 556.3275363 590.10641 568.174932 581.3624021 570.3649299 646.5793941 634.0762367 669.3204647 599.1240438 635.8683894 597.4731342 598.8100823 604.5945426 638.896406 622.9897687 626.2839041 634.4740721 622.0594787 633.2863995 642.9605626 623.4362986 668.9156795 598.7185246 655.5318102 621.0644105 676.5313433 696.3107513 587.1800466 619.2627558 603.0551118 660.2311448 691.824941 624.0628685 646.0283465 634.4170949 653.6455112 672.1020432 682.7129985 664.7664296 640.1093504 652.6608398 647.7167871 615.7033936 631.5175468 621.8570023 676.2286432 680.0002684 626.1217996 623.626838 625.8490917 625.2428667 660.3352774 625.5415287 667.7508325 702.1471821 643.1106061 626.7302382 627.9577349 638.7864422 628.9018899 682.7071499 676.5135269 636.5735025 668.6305113 684.4342861 706.5175477 649.6424955 651.0103389 691.8070579 696.8620116 643.2432018 661.4566174 629.0317832 683.5778286 633.9324275 645.1795266 667.2643623 645.3813372 667.2393542 641.930337 601.5187038 577.6199402 599.4184068 636.1284524 615.1245913 651.3380907 630.2617657 634.9288836 619.5377098 663.6031254 598.503824 579.8971069 592.1643045 579.4272928 600.3171325 616.967241 609.6986543 633.189048 600.6922778 
589.5139736 567.105107 658.2295137 556.4343414 635.8545407 662.7040519 628.0541805 598.8299418 616.7196489 623.8252357 601.7832645 628.5964102 605.3891674 549.5674252 598.0023232 623.746504 652.7028365 594.9427022 613.1085447 625.3978117 628.1509423 646.8576459 634.7028713 641.3833511 718.0455839 617.0256184 658.4373003 623.2129165 621.2850168 621.9517651 650.3052603 603.8943863 666.7575559 638.45083 651.1499232 644.7295446 651.040548 615.215346 649.767901 691.7628133 614.4141721 666.7763527 637.7080302 601.0028585 640.2573149 675.3041347 686.9138167 674.7097829 633.4215848 635.5282407 663.8115522 629.7549114 624.4369595 656.9320507 641.2830444 700.5438948 652.9777032 646.8341256 676.6456861 666.7342164 662.9488286 659.4106706 659.4102883 630.6954551 641.9726312 612.888916 655.8350395 637.0335445 663.2525467 629.7037824 657.3655124 665.5050241 644.0047753 661.2441448 562.6143833 639.208803 639.4350487 661.8258741 629.9463721 602.9016822 594.3522491 624.7112315 593.4311353 620.8328492 653.3463177 632.9796349 633.8138364 637.5582264 605.145356 587.2106719 616.2583179 599.0022616 595.3328692 594.3199938 619.5066098 640.0813905 610.8838195 607.1282844 663.8335961 605.6773318 
643.6498918 589.449295 599.0909194 562.1146777 595.7226194 583.6091616 613.986775 579.3553546 611.1488403 597.4196331 580.4690607 573.6752177 613.7170938 650.7620081 602.6207351 629.4119323 624.5450175 601.5770087 574.9016066 621.8232546 636.0360911 628.1722212 617.1138234 672.7623471 623.2604517 647.311644 682.3788605 627.3840643 635.9846863 605.7908982 607.8565127 608.2718989 664.9577687 661.4097639 716.714033 629.5805145 626.2279056 665.6147091 695.5139651 660.4473324 646.285083 595.3522987 663.036442 645.9794063 672.8441865 654.6976872 636.284423 685.6371691 624.4885033 645.9967372 704.0603074 634.9126106 667.721302 689.4857829 631.08233 684.9774544 694.2670437 662.883104 674.2191075 627.8334308 684.0602087 690.3881029 631.9943835 639.0855437 662.9838726 653.883126 674.8955662 610.0866087 578.5273051 651.3639387 701.8763908 613.9576995 655.2349639 636.3700238 655.7006442 607.4724889 656.9970589 602.6877153 648.2710939 626.2739442 667.9787944 646.1870148 616.4927835 618.1212401 616.7997326 624.8338668 612.5548241 609.1990853 650.8093251 641.9152179 624.3277339 637.3258972 606.7729525 611.7548832 629.0143799 628.7985238 588.3144888 638.465499 655.5515298 653.4465174 
534.5204709 611.9025479 566.9623936 612.3073151 562.444321 619.5077655 593.3653355 572.5269953 585.5570937 637.7270085 613.5678867 589.3780205 622.4928874 652.5973207 616.315919 637.1275931 572.5670612 606.2476091 598.3695409 621.9608978 566.9993405 647.2865431 614.6158974 649.4481668 603.794388 597.0357992 562.1565394 629.4764413 642.5052675 684.2172442 664.3570303 620.3734811 629.5187418 669.8456127 677.7533489 671.8048116 702.237411 657.6878123 670.4650543 653.6569943 676.6561694 649.1106768 606.6857848 612.200968 638.6857905 653.7374361 646.0435762 649.5473634 698.739998 646.6842164 728.171536 648.571061 712.2473104 653.3721679 628.1008128 705.238736 648.7704432 658.8945083 673.1004425 644.1924988 671.7508208 620.2520496 626.7578031 658.3975224 626.8154986 683.7775035 639.4073803 682.7814338 592.1698135 664.8415885 661.324163 635.5104114 688.8209891 669.4481156 635.8009908 652.6021185 621.9306488 671.5446593 664.0081272 665.3196199 627.87039 636.6384571 695.6352014 616.2289932 674.322351 681.055241 604.8716897 645.9957616 635.5377998 645.3149524 595.5589472 637.1498111 629.467721 628.0412002 604.7143957 652.3242379 647.5581937 615.3763284 651.874746 557.2879186 
577.9373725 575.948369 588.2846874 596.5154235 577.245682 593.7752628 601.3060729 621.9914351 619.0377098 608.9891637 635.4371425 619.3808158 636.9849271 592.5940245 661.4542018 577.3360317 655.178059 623.0924944 636.460638 600.4900706 608.7610354 588.4515705 615.8781102 639.1673961 690.5823016 664.8967233 654.0773699 704.1628994 679.5387066 672.745544 643.020398 630.6832853 632.689664 694.5356318 670.5972826 638.0993289 618.3049805 676.1120108 665.3220177 610.4623915 656.6322866 657.6684496 571.4826934 653.07531 659.7334882 622.6970622 650.8740002 686.4038679 671.1467331 705.2931622 668.0716512 628.4020568 644.3928139 653.6440952 624.7181259 634.1834978 626.3400082 669.3915433 665.6285924 643.4970534 669.2749157 659.9430621 639.0939173 656.7305767 643.7248429 635.2063102 669.2177257 684.2537155 689.5842193 615.5793512 675.7417501 637.1120035 645.5322301 630.6738445 628.5074694 674.8935246 626.1886916 691.0583166 615.6157423 646.4701468 704.6724173 648.8384244 695.3858936 621.7293121 638.8774273 650.3646454 656.7017533 671.9690334 574.9831211 626.1733233 633.7097289 599.9236696 618.390105 629.7234194 634.7722256 580.2667555 614.3064373 626.5469793 608.777171 598.9833721 
608.8037967 576.6134248 611.3819604 645.2678357 574.2007274 588.8175199 624.485163 620.2515633 638.7413374 634.6345353 644.8156836 620.1576432 594.3153072 644.355369 622.8043472 615.8565646 603.8327244 609.0331065 615.4841296 605.4616051 651.0803589 610.9525096 617.8865857 633.6846327 703.4838148 661.0921273 630.651475 707.434625 679.1402482 670.0976666 647.9055803 677.5085563 635.5666324 672.3375196 625.1392954 642.4477348 623.167742 633.0073915 642.1464214 659.4454478 686.6810456 640.6065574 675.2673003 669.1612989 652.6733128 674.4652429 667.5307583 562.4719878 716.0376457 649.0340544 628.4738437 709.3822305 639.2166054 716.7631218 622.219145 665.8440292 653.0311388 627.2777032 624.3013965 663.3512399 665.7082666 634.2892983 653.8299788 636.2531991 644.3028696 627.365315 611.3206595 684.1790376 666.5039497 696.018162 631.3698373 550.1271063 678.3147826 655.322315 704.6235407 645.9370615 603.8072822 610.559962 590.5274818 641.8043078 660.4225482 619.1115934 637.3418131 665.051483 643.6560694 658.8129197 630.969253 574.8934926 631.8755085 613.2966824 625.3055518 578.584207 661.9309092 650.0186563 614.0187798 626.70141 582.2079414 625.3808878 601.1723846 589.855299 
611.7178867 522.3138269 578.627004 599.9162086 635.0102607 635.8390727 595.389988 573.369392 651.7576922 596.2352167 615.6064814 611.9173526 599.2302081 624.3534087 626.9929 636.3878021 545.0343707 606.0542666 661.7453971 610.7582528 575.4659125 596.6666641 670.9642899 633.4766123 682.4972437 616.0953282 600.1378048 631.8209543 649.1516311 650.3657818 617.3259011 648.1047346 674.0406046 638.1586303 628.1424858 653.9946701 639.8805323 648.2990305 663.1100908 636.3680824 632.5997883 622.6096124 624.3310521 598.2514777 647.1459366 661.6290896 643.4592387 671.7213156 612.0812741 612.6203142 655.3925162 647.586359 646.5532015 649.86098 661.9772758 654.8224935 658.9119183 682.9239802 640.0875548 698.5542782 674.8133256 623.6224926 683.6442731 637.3895748 618.0467945 643.6647404 644.1511341 657.4367364 694.8054179 671.0546377 638.600677 612.0887293 636.690657 676.6021832 648.4464753 626.8233593 659.1260304 673.7654204 582.5831849 603.3726093 583.6399828 635.2299274 628.3256259 592.4801349 633.5966017 637.1255658 661.2629489 648.8481186 617.781727 655.5787407 645.4307028 605.2401246 646.1316094 640.1605408 607.0144745 593.0847262 569.2785148 581.2711282 563.8006694 620.0792897 
618.0878671 616.4514005 604.160219 614.23298 594.1740839 643.1273512 616.7119191 659.3926326 598.8619484 600.7866571 612.2787066 608.0982133 664.7487123 653.9479533 645.4741066 641.5855395 623.5388442 634.4162781 577.7604936 617.7005951 606.6642993 623.8226148 676.3886921 680.749186 591.4877212 643.1307073 647.2100254 712.6318965 650.1953882 637.365251 613.9481146 634.5622743 633.7288109 689.5911457 623.2994073 576.4180533 695.4176325 667.1529015 637.1341853 643.0279047 636.58824 639.4216223 597.3868313 618.495226 597.8855164 616.6505977 627.0200329 665.9448516 721.5655712 623.8215552 629.3423334 697.7326774 623.3864976 701.5976947 663.3479509 674.8137841 592.5220353 659.2822784 643.3211027 707.4789412 623.473445 655.2742344 649.158183 684.7121486 661.2323252 603.0009105 625.3909133 600.5891846 631.1182174 616.1218264 615.6577521 662.4750905 586.2640261 659.1115855 627.4833494 660.0614955 625.8207088 672.432721 634.0797992 611.4987756 680.1730344 569.0504432 650.3381501 615.8061988 654.4257546 613.9509742 588.6082599 612.5538526 619.5549742 601.2660716 601.7429858 650.6416411 654.1414225 632.2629858 597.5741749 607.3353035 663.4046701 647.1657572 584.4526047 641.1739609 
613.047952 577.9159154 616.5656725 564.0369999 585.3012856 673.5059712 616.4108569 614.2926715 609.8997419 645.4637141 614.2399141 554.3412579 616.9769657 622.3870014 617.0869163 626.8546996 662.0901413 597.6447333 595.8990607 687.7863951 628.4062031 618.7349149 622.7542693 638.7267303 609.3792857 638.7747117 624.939367 671.6541006 627.9998025 635.3489805 655.5886793 625.9414774 658.8176883 671.3353907 679.8517693 669.6006949 679.9439373 661.1987517 639.3545554 706.9179293 593.4572113 623.9735671 673.9901678 635.5024657 591.8485687 627.5940316 605.9610822 674.0970076 662.8397143 656.3535669 662.6731837 677.8250682 698.9987258 684.5661811 608.6131359 616.0382175 635.3801212 637.6769935 610.4373384 670.8462947 665.6774925 660.0123365 639.2498431 642.6431527 685.6568715 676.6606802 633.4458905 656.1865978 648.7380025 616.1621911 680.3663641 666.987407 681.1985592 599.9283146 652.0521113 638.3586832 629.1620519 607.1008564 598.9941795 663.3038772 629.5203875 676.6574691 675.5154305 652.1553948 641.4638495 639.4053222 638.4361293 603.2156369 591.8994629 624.1893577 650.192596 660.60357 629.2510542 619.8586954 570.402556 601.7212817 657.9467005 628.197104 579.2536045 646.6576318 
604.3115431 595.4052326 587.5713375 573.6772529 576.1172919 578.1383329 611.9802561 585.5046849 562.8103285 620.0209116 587.8704661 630.9977091 622.6772249 651.7430017 631.9240826 592.0930898 651.7673651 630.3848208 624.0938271 670.0254664 580.6384996 590.9346736 680.1173971 620.9197936 597.0231913 591.6284494 637.6977782 625.3249345 635.5462766 653.2832407 666.6134849 666.0357806 638.7936309 644.3233539 628.3149999 635.5220778 609.0875559 697.7485646 624.2033106 658.0898362 618.8160055 624.2307278 622.6429096 676.2705806 605.0214007 684.1163354 634.7684022 666.9478035 643.9415406 691.5612752 647.277658 653.7459693 598.3717162 650.7247572 703.8818488 696.7145423 648.0789303 666.485776 672.2517823 684.7181096 627.8149288 642.4920942 621.4348075 650.6484293 646.3284641 640.0591768 613.276772 621.9146978 657.3884145 628.3792067 624.3210808 655.0462477 624.2432701 615.872582 674.6714512 682.5432283 712.6115737 634.6794988 661.3540391 687.2607073 652.5163156 601.5228512 629.6947689 609.256987 600.919533 622.8811275 627.9699725 588.7537889 624.1782178 652.0840667 585.5762035 657.22422 553.2568761 609.4619454 615.8543542 651.5811831 630.5708301 597.4820531 609.6682926 603.2943507 
635.0110812 573.9764457 585.5096909 661.3694609 560.4230601 590.0138814 597.2288013 593.4566682 607.9116673 603.2671009 611.6824539 560.7292032 629.0092937 612.0201175 561.3381747 639.8092793 629.1663868 599.8347134 600.6347718 666.9039494 646.255338 585.719311 645.9555052 625.7839562 601.9411289 584.4178221 646.3508007 611.1456938 631.3907218 625.7605843 600.2202992 643.1962553 623.1673879 654.3861366 655.1659021 646.1946474 628.078272 659.0750453 615.2530267 629.9040974 632.2657793 680.2197966 654.4636219 608.0741002 656.999125 660.2950802 669.9191627 633.3253259 636.6531294 681.6936647 654.3597832 611.336982 627.4107495 616.8175531 664.1775145 698.9048444 676.6690616 672.0802305 649.200367 661.2498475 639.9997261 633.6577386 661.5081599 677.2989717 668.09436 668.7400225 623.4945629 662.1496212 642.8239581 651.4679202 648.0094415 670.3618886 598.5863016 626.1394751 659.9619903 611.5588891 650.0257502 646.4172849 661.6700914 601.1944715 658.7257211 646.0779685 637.4005151 650.1146146 626.4625794 629.3562375 577.987708 609.98982 637.3044606 598.3813426 632.5805408 565.028582 642.5791667 625.6771825 580.6249964 626.3124865 602.9850528 575.7283443 611.8135584 606.2543898 
645.7350236 587.8071087 539.0928032 594.2190996 610.5758757 602.3712655 541.1500349 624.6279354 593.7872137 629.5417173 618.5162888 647.9385826 569.7281203 613.6487567 613.6404216 630.7074597 646.5703017 592.3420517 654.4286464 572.8331954 620.6439956 616.1579257 624.9432298 636.779549 616.567643 603.3993799 615.8806321 610.2294517 588.5436229 671.7840995 681.545972 587.3935549 638.4920504 630.1046542 632.4254142 636.7053207 592.4344201 631.2333176 600.7180314 658.1337126 651.2528863 685.1962406 660.8123503 678.5449293 619.0854697 599.0678193 675.6606161 663.3159967 683.778089 643.8753633 718.7708691 675.0747308 664.0843009 686.0512867 650.519443 676.1480071 669.207561 669.8038776 599.8340843 629.2636538 643.7078379 661.0197777 689.4363107 616.8532804 651.8925934 683.6997017 658.5224821 663.4602747 665.6506543 676.6866675 652.5617055 646.8798501 654.7240812 663.2581439 641.2116036 584.5360362 652.2703958 589.7364473 675.8717572 643.3190258 666.9193537 624.8299794 628.9489311 658.3055587 629.0585265 614.0183707 561.7032432 613.8798723 623.2582418 612.3663587 661.8650568 605.7037571 636.0754786 663.8444686 567.1490881 618.6342205 563.8791918 639.3778881 629.1964257 610.8808325 
557.6410405 609.168111 595.1252508 626.5161382 516.8885383 608.8811839 586.9511998 563.4480279 591.3497491 578.7660529 664.9075913 660.4148832 634.9332972 594.9992225 655.6975231 628.5380049 653.0074277 632.5799867 584.1684385 612.9777922 654.3749853 617.6090144 626.23499 650.2110441 679.2870187 666.2408099 688.1940386 595.0688293 651.1380254 624.7826148 614.1930896 627.054181 673.5076143 622.9024795 632.9404261 607.1017862 670.1066309 659.9816313 661.0938693 639.7830247 637.6544891 643.0716723 691.9986893 660.6580607 619.9096269 646.2471079 613.3774579 659.3702197 687.0004351 694.8144327 644.1642998 685.4706442 659.1313971 682.907703 648.7666003 612.9609927 637.5165351 605.6791711 628.9821636 626.9600964 655.553314 654.2640695 621.9881394 636.9203277 639.3471772 665.7506178 610.1851201 648.7253819 654.4808324 656.1708121 651.5333618 667.0967252 642.0366825 656.5027442 640.3845768 612.1257157 653.5245394 656.0477764 679.2677597 653.0463632 672.2372215 648.8256564 657.5334135 633.4297423 572.4993893 593.7560559 648.7044214 561.8807406 608.725066 590.420882 621.9480463 666.936785 653.8365337 602.8724626 592.3236284 611.6062315 645.7516623 609.1076329 586.5025139 637.409633 
563.0701545 583.5179914 616.5181286 602.7053345 595.1687102 587.8328345 623.8073312 593.2153273 678.3258475 611.3349502 594.6109081 632.9140853 692.1894884 591.6262958 589.0196607 596.3996304 643.6066894 676.1196471 640.8905583 629.7610508 685.3971579 637.0724282 615.4056281 603.0233474 619.4041637 568.0717499 609.3341033 657.7233845 558.7609063 603.4274513 618.9795114 662.8058163 654.2520615 670.7369866 625.5852986 628.4896886 645.9899247 673.8118926 591.4980113 635.9839558 670.6464537 665.8095481 659.2331148 690.5942484 641.1673449 630.1733876 650.8344665 645.3695808 684.0320851 667.8069409 657.2117367 665.8492628 674.6818069 636.1874212 621.0262337 662.5409357 687.7760856 702.2727674 663.1043384 603.9750334 585.6215998 693.2366202 609.8292979 688.8951905 624.6675721 641.4239897 604.0635381 627.4023081 630.8786904 693.6642368 639.4013771 690.3797426 649.546944 631.0815004 593.4654959 640.7463106 618.8749676 614.4604193 620.3199179 633.9141294 655.6034244 622.3073627 597.4567804 659.6275839 637.0231773 659.7103344 592.5442039 614.1706813 601.0023555 624.4859052 569.9481259 603.8568284 591.9203187 639.7515175 624.461233 649.8613334 592.2745924 587.4776843 641.4387448 531.8757913 
558.4610311 566.9514116 591.4417233 587.581818 614.6548884 615.6061178 587.4135358 595.9994391 610.89495 636.2597645 620.4793165 558.0969714 602.2959232 527.379393 640.5788412 581.3113187 643.7667982 629.3018595 643.4589074 658.2555846 595.4227983 677.8619844 638.3955848 624.5407133 626.1943435 656.7913576 603.8136411 604.2244529 606.7075098 646.5633713 638.4174356 688.7006916 617.3748922 661.9380716 618.0327367 578.1072371 630.1383492 582.7873045 657.0489854 622.034683 663.6309888 620.3771849 649.0510036 610.4946059 656.4551701 601.6129675 650.8597866 646.9700975 657.7399183 675.1344932 651.0453364 641.8935116 696.8369692 654.3638403 708.3419213 651.1316728 689.0383483 690.2320034 630.2692278 678.2110779 670.1280108 631.0243449 656.8661209 666.0433445 688.5728598 650.1480829 669.0262255 620.36724 647.8581461 645.4683051 647.5659088 671.0923133 632.2988951 560.8083364 690.2263297 665.2288205 628.7830449 643.5185737 662.1129183 628.4637246 643.9379575 648.7490633 573.0759637 605.3942219 617.7419543 604.8144753 625.6709636 638.884121 671.5746592 603.2980995 614.3803286 597.8395677 643.9891079 606.5983759 574.3116168 617.3462665 558.109283 629.2630494 602.2922845 633.8060174 
576.5686814 595.4057098 534.0672106 584.8320987 571.7011254 605.4964765 585.8830797 616.1732423 561.8517124 647.4966258 598.6337563 599.4448821 600.2529336 598.2003688 579.3192481 613.3383449 630.0621237 627.6231279 610.2205898 622.8202717 643.322576 628.8208572 611.5693187 612.3805284 636.1395436 589.1741553 691.7312068 647.8977116 619.8994314 618.2628573 608.1887378 625.8829017 628.7719111 620.7945884 653.1959823 665.9376291 640.2043213 619.2252004 590.4565901 664.5295053 680.6078656 632.5054787 620.5472021 666.41954 597.6692466 669.2920323 676.0798232 613.6234576 686.1020632 586.4625643 680.5880335 691.5569753 621.5229265 668.00758 682.1931014 656.2243305 608.4554192 670.9838971 690.329854 638.318718 673.4397289 662.0254539 681.367399 624.8021085 652.405612 636.1688882 695.0965465 658.8386524 632.8455088 619.7229397 648.2749569 674.5162009 666.2973555 682.4090084 654.0856212 664.0497947 611.5208062 625.7691021 600.7023616 611.2512056 646.2988047 674.4079919 638.9440467 635.1204101 638.2214772 650.0479646 646.579555 566.3155793 632.2919175 656.0673707 577.9259162 602.6513012 625.6948279 641.3054542 570.4830343 594.3516874 621.1505337 667.4079572 644.2585087 577.706287 
591.1311371 548.7261661 560.4086334 618.9628074 613.4372245 656.0257394 579.2589623 604.2973605 596.3761331 639.3522459 563.9455928 654.5166698 551.3388007 590.7597456 630.5943063 627.8178237 632.9749553 568.1812093 608.7574747 652.9232927 608.937304 601.0650547 587.0210583 629.9008765 653.5505127 628.9738475 659.7762862 678.8694735 680.7632144 681.1912595 653.5025121 678.8129494 611.253789 608.7741306 638.3516852 614.8069275 687.4039831 702.1730948 630.4493679 620.5790616 640.9655869 681.6822794 623.0917844 637.285879 612.6539271 644.1016886 614.7952042 607.1808701 652.4880424 634.9438843 671.838859 605.0527285 615.4179747 645.6600283 668.5367909 653.9174296 644.5502326 714.3130989 643.3204699 651.1864987 624.2174587 628.5839286 643.5633105 612.9684051 699.0387269 647.6912195 668.8462447 670.3282916 621.6476871 651.7605342 672.5743397 617.8524041 598.2843329 637.8151353 664.3802619 650.9822672 623.9401562 587.9828845 587.7616429 643.1959394 621.7682966 566.9398328 673.2621744 655.3053068 592.2012963 613.5960374 573.5402124 621.9407692 624.9108613 656.1191119 624.9469459 663.3869004 573.9280196 600.4453273 595.1261157 597.0169701 588.9626957 607.8244077 621.9068189 635.116174 
583.5735233 563.4297824 603.6100551 597.5352532 668.4356975 641.5485725 562.7830077 633.7005772 677.9340447 578.4765223 625.7427273 586.6179758 610.458065 613.0339592 547.9765074 600.466733 605.2244219 673.7814884 608.1264845 605.8502978 620.8068084 654.1449218 674.2562587 653.9144424 598.207778 666.7725216 619.1903324 635.0210296 690.538164 656.4179706 624.2042188 605.0608739 581.2451782 643.4852051 632.4335881 628.3885993 694.7354253 627.2454753 602.9680551 645.7894313 603.1271017 624.7098296 674.9461718 612.8993984 603.0755098 629.2283944 685.1901122 627.7235057 650.7960888 588.9611796 691.237526 670.7179693 620.7395381 629.5022958 665.310191 620.0492531 677.5646521 636.5491008 602.7454108 625.2334991 679.9591479 642.8834621 648.2809196 608.5489111 628.4195496 631.8367583 649.440543 645.3008331 626.0774064 631.0928826 653.271245 633.6091019 634.2274625 573.2767677 628.708033 648.3772075 638.2813402 645.2615707 599.256501 647.2591329 564.1318508 635.8763176 640.1617016 608.6722398 622.928645 651.9056091 594.2161902 637.2993762 639.891913 641.5613173 579.950926 640.6413549 632.9611921 603.6874983 612.3863408 657.0845285 646.6507081 598.9253215 589.2544816 601.9896804 
615.9000478 608.4104891 562.430483 558.5148954 543.2026286 613.5330401 560.7424858 592.8273444 601.7637466 565.5396171 612.4303897 640.7577334 562.9010276 630.1180603 624.5233464 599.2175328 629.7570269 601.1251447 623.1436649 599.9658486 577.1190531 600.1706546 630.4721341 614.0610529 623.0792121 666.4561802 615.8254613 639.4112196 598.4265206 633.3476797 638.7978591 611.5124937 628.7375737 638.3187907 598.2540662 630.6632491 631.6750392 666.5393535 605.2358599 629.2237886 643.0661252 585.3584829 669.3186801 669.6227816 630.750576 602.4517351 655.5579884 645.0667055 643.1246218 686.2721657 698.9371511 673.0305056 687.7671581 681.8153959 624.3357522 647.5098259 601.6789844 661.6914006 654.0091232 658.9256753 668.3570134 628.6029881 606.6687779 688.0032309 613.9478263 637.9670245 645.9943523 621.6035613 656.4581473 645.1254913 618.1878804 681.3590251 632.5815212 642.5918057 702.797453 606.2817298 677.2058865 631.1407785 636.6731576 608.628642 631.3199928 644.231493 642.1536759 643.8540044 596.009998 648.1947909 586.03628 616.9012952 553.5974984 635.051281 606.1385656 652.1002168 631.3275412 577.0413205 591.4561164 598.690185 589.2926876 586.9572949 581.250249 613.5263698 
580.8358847 611.1735077 565.8608277 584.6984912 628.1088724 618.3406897 541.1534552 587.0701045 599.630109 609.2867493 622.8851338 573.0124517 594.3304027 620.8741831 669.4471263 622.5076189 648.2463306 674.5114686 611.1966514 617.2913591 556.5265268 579.8918692 668.4302908 642.4547022 615.9960997 661.5328081 617.4291782 670.9692067 635.3121657 585.7604041 678.2186936 634.1781132 671.7349581 604.7198345 664.6013742 626.1232336 642.2454318 641.1170803 601.6668406 617.4884194 682.2424479 612.9676978 660.7486022 622.3163786 642.0021797 633.5285202 664.2094502 564.4189753 657.164491 621.1640785 664.1786921 592.7019226 721.7158134 651.1041252 649.1784518 619.0204523 651.1626984 673.9883744 680.8402288 611.0772217 628.7186081 625.8512978 655.3269716 627.0637853 672.6209873 595.4917111 680.4600325 627.6738136 646.5455618 616.3094231 658.7591899 616.5836107 622.024511 648.895032 602.0559176 661.8941669 634.1721048 673.7985561 661.3898475 658.1534855 653.7902667 644.3677828 673.2655006 615.1751283 615.2536416 632.6071719 624.0674816 588.5018747 644.8251809 607.7252799 648.4093691 615.3789921 624.0816007 608.1250039 628.9655214 611.2209345 639.2146253 623.9803891 663.995619 617.7561976 
585.5099297 600.3236829 601.1268085 608.3752072 583.5400443 599.955905 600.7721864 590.4934568 612.427688 611.2759401 573.5684034 611.5378862 624.050444 628.756901 588.0811157 601.4398062 646.0602935 588.4603952 612.8853219 555.5294089 595.9701935 618.5932646 628.9564039 581.0026091 617.3247718 610.4085448 645.8969017 586.6456578 608.8586468 619.0663994 654.3306857 629.5697557 675.6218969 570.3357177 592.7712811 616.4844226 617.8137493 604.2109383 680.8038033 639.2487667 630.4664177 651.7133364 644.4017183 641.1276601 670.177137 586.119286 610.8447073 636.9343474 656.275094 656.1603937 588.1551021 648.2601236 654.2451532 605.7071211 618.4919328 644.1697321 643.8145014 703.1703133 665.0534695 627.1648704 625.5083943 646.4661012 655.6870265 679.7408917 630.6215756 651.1841153 637.401543 592.3875395 650.5452654 623.1567599 675.0278656 632.8353463 626.16454 609.1735517 638.9569714 660.8954104 648.1183842 620.8558587 592.5019061 594.0066247 556.2882432 610.9112059 632.3685664 592.4589045 617.5191428 617.9521201 635.1476153 655.4328286 594.7750441 646.3107649 587.389946 553.0599767 573.250487 599.859061 598.5544138 590.5382781 600.3135185 617.7227282 634.6273362 619.5036045 
563.2252149 568.6211672 562.6685096 556.8237347 499.6927816 547.3058285 591.3772661 581.821062 584.6247193 595.661952 580.8505362 629.5157705 546.893739 584.3025062 606.3117331 609.8157613 590.0041176 574.9568052 572.0582159 596.8320641 580.9860849 617.3881864 591.5954861 603.5611127 665.3093619 567.379207 635.8556835 671.9733307 643.1786148 602.8640758 673.4712214 593.2030529 662.9930702 637.3345004 648.7718001 708.8876765 628.6782668 646.4282537 649.1415998 606.9946652 679.2832122 612.7196631 639.0953608 590.5653246 633.2266572 660.222107 649.9524122 665.6999726 708.6192047 577.6465846 659.442283 602.2031122 665.8289024 656.4646733 643.0271608 685.3492921 622.7184002 594.009336 616.8745101 635.288205 609.9875686 599.5983493 623.2771399 639.0902274 631.2289946 647.4801546 651.8057321 636.9484047 638.2658307 675.315912 613.4806162 611.0307833 594.4222797 589.2814466 641.3959021 620.7931563 654.3352513 680.6377911 636.9587936 626.0870971 637.9362059 624.4979692 604.2442845 626.5467066 632.7858838 625.0789155 687.0091736 600.3711133 635.344032 624.3239054 611.6583246 605.5987326 601.5867748 624.9025718 597.6909121 647.9624431 631.8200344 628.7695926 580.8905757 617.5572795 
617.7459367 549.0858329 530.644602 615.4780434 604.5602183 573.9154463 579.1401021 562.6892305 554.534783 635.7514685 540.6814478 582.9502606 561.5021738 650.3585465 614.5313314 638.5410199 558.6582665 585.8952904 605.421338 610.2979274 629.9001509 605.4114078 572.8506316 636.5782864 660.183555 634.1772255 616.3070339 674.7262899 636.135225 637.9828124 665.5110303 599.6770636 648.3457059 590.0791429 610.636936 634.0551773 628.3312827 677.5469398 591.1545342 649.0855457 625.3500853 616.8644662 589.7562662 624.1937672 613.1396196 635.754814 618.7395613 664.0031428 643.2926513 684.9118389 618.5166828 635.7679969 615.1114282 653.1971878 629.8125863 658.594536 627.7779714 660.7354697 684.5120853 656.3673119 637.163805 595.8289978 605.7381443 675.1058775 656.2314558 658.9322489 640.591742 612.2612566 582.9651376 625.0181107 649.4370028 647.9339093 613.9270134 597.981078 625.6420345 605.5772555 592.8748564 596.7492609 615.4940047 602.0438287 566.4603457 581.7420502 616.4345013 636.6375815 594.9614121 559.2499712 590.7558148 600.8572163 610.0179935 632.2741365 620.6585912 584.0144142 581.5207575 612.832563 611.9282204 577.4810196 608.5747929 629.024449 575.5508341 601.5641879 
563.2707168 621.8761236 568.4775702 556.690046 540.6634412 625.2395841 626.1846337 582.6145487 558.447395 577.0895113 579.4396686 565.1350185 604.6037485 593.6360191 602.6510882 639.7351173 615.8357108 607.3845137 632.8989265 585.277098 623.101403 634.0500252 600.811848 636.0575218 587.9845502 608.3027125 610.4677335 578.6077799 640.4766807 634.7739936 641.1920202 618.9367535 583.8124091 637.8657993 643.7639892 623.6026319 615.7848499 629.3164894 638.9439213 628.5378862 650.0212664 644.2097386 629.5761079 619.4965906 643.0867242 668.3183335 634.7631466 548.9451466 647.3834776 644.6242857 633.2488269 639.1966615 632.7755376 660.8105419 651.9908319 600.3273902 624.5808242 615.2217996 615.6184026 663.8798151 697.0241876 660.631491 587.2064187 646.7646219 646.8465777 646.5636435 622.6863546 615.3997987 626.0737826 613.5765143 657.5517083 626.1483286 635.4967667 606.7250784 620.1137214 611.6633333 693.7057278 603.8241006 628.24881 569.6892718 589.1350867 602.3738308 647.8416749 650.3222132 559.8907589 581.671706 661.2954838 595.8170841 590.9186351 617.5789811 595.0685229 590.4952145 591.4972597 632.5522988 673.2325204 601.9390827 574.6116913 569.7338525 601.1556562 556.3357106 
544.3006273 565.9002498 598.8021971 606.8516822 596.7447665 572.0958659 573.8179538 573.4209483 562.4623049 588.2321143 611.5662593 522.8209992 592.7094921 624.3575753 598.8887699 595.2280705 629.3843112 607.1720645 605.8099433 588.7596002 571.0589478 627.6166319 585.8820059 606.8616897 666.9591058 658.563146 596.0856962 604.1614367 643.4335426 608.2487932 614.0568748 667.5940805 640.6588201 652.8262351 635.8043014 623.3043713 673.2296439 600.7532801 594.9424577 597.8931311 652.3381753 626.9996575 632.3120737 637.6969061 652.1617073 618.7506731 631.7309213 626.2572702 631.5997804 592.1477496 598.4208187 642.6300219 639.3858932 606.7806961 613.4216043 580.7691964 594.5514637 605.1317746 613.3377913 593.4555656 633.8464995 632.465768 688.0399911 624.6007033 624.6427084 626.0238634 660.3634489 667.0453791 659.162153 627.4560389 640.424412 605.5464813 622.8916181 602.478494 637.8838677 627.1063181 641.7733605 578.5720828 621.407216 647.1732307 623.5027434 614.1271727 612.1490281 612.6079652 587.39667 644.1175845 624.8792014 585.1866831 671.5122684 619.6736503 591.9178769 599.0300718 545.695158 652.1264864 604.4778239 588.7715314 603.6665873 613.5244373 518.1227565 564.5410141 
591.9823557 551.0614871 579.6600296 552.5646441 594.797247 591.0755727 599.0959863 598.8407413 556.7257396 657.136979 565.1307975 626.2677939 577.4001622 623.9058825 573.3523186 611.2202824 618.1741872 639.0301152 583.5385764 643.2423631 642.7282294 527.1805972 621.6749844 621.7710172 632.8159085 629.03811 588.1287293 613.9614013 612.3987657 594.8015619 537.7533056 679.2834376 679.4482055 588.5133349 573.1333596 600.6706884 594.0826788 599.5528039 617.3349258 623.6824454 627.613609 617.8373268 638.0042907 602.3152807 654.2430624 636.5656929 525.3336092 619.6964582 626.8724546 606.3702608 641.4838066 612.9507179 629.8686737 602.3332061 623.0010084 645.6159972 647.0875285 642.0768264 662.2762281 612.4929829 593.2567902 634.0620117 662.0819456 640.9841938 638.9952951 606.9034033 634.0486249 604.7272969 600.2248207 630.6094115 608.6169057 650.0288099 600.2815425 630.7216009 613.3222339 649.2594669 628.9903848 623.554423 678.1427046 571.3364492 646.1362337 657.6637198 597.4534231 619.6714757 550.5295879 613.8306851 610.6009784 619.0359891 582.0014899 618.9751248 591.9444813 585.5386954 576.9039115 560.3252207 568.8566145 570.476119 602.6432243 596.7830909 561.6904705 578.5008388 
557.2104526 544.0770243 588.4937853 535.0352354 560.7551699 589.9250427 586.8803902 603.1878503 590.1689157 567.90539 622.8183446 631.3230125 612.2846528 629.011125 587.3275812 606.1892584 601.4704351 614.0066825 608.2315665 564.6483151 591.6893045 559.1715595 558.9405667 605.8585554 611.9111894 576.9723182 636.797083 618.8731295 615.4561215 612.7757945 614.5243104 588.8382147 653.6290164 550.8624407 642.9235334 620.3612983 640.2548332 580.6702811 618.7780085 643.6030217 625.7925733 628.0907188 594.5294342 636.5530778 624.822343 637.1552098 616.0117459 573.6203752 584.1807407 621.633546 622.7418174 591.8728405 663.7607938 624.7309064 613.5224586 632.9818094 642.1494828 596.9902263 659.9008509 638.1232888 678.4621153 639.3392471 650.6544827 640.4617936 595.3796675 609.9874215 660.0018621 677.6249349 688.0620071 674.2254386 574.235241 600.6348632 635.439651 656.7195498 560.7326556 627.9247677 618.326151 605.1544812 572.7728356 596.5005873 575.4278925 575.7973546 629.8440023 575.4964393 608.117621 620.9239944 594.0075108 600.469002 607.0457182 605.2045942 610.8841694 606.6802058 605.8506881 566.6445018 611.0601286 605.2212196 574.4445877 610.2441897 608.6706579 603.7759711 
536.2418229 549.4577622 540.9179883 531.175274 527.4051168 585.9921154 621.8640433 555.4877615 590.6914865 561.1530791 537.1797024 597.8096696 598.0124704 545.0436002 608.1586853 617.1158289 611.2459518 602.2208369 619.2167412 570.256719 562.5097084 640.163818 672.6583415 574.6491946 560.9064114 614.3154724 623.6547538 564.3971984 628.0116131 630.6856408 637.359683 637.8971641 661.0733429 604.7282146 577.5104914 622.5041123 616.9720652 606.7764858 637.8476933 642.4310667 618.8901401 586.3556 643.8477835 612.420142 611.8610968 656.867557 659.7390352 641.2396548 616.0441552 645.2044905 603.9750904 675.5228279 605.7353419 626.4861751 577.2431631 631.4579037 631.5827962 645.559144 681.7819003 590.214787 659.7727487 620.768445 653.0711065 640.6098204 595.2746086 646.0510335 660.0214115 603.4303263 629.2012132 665.8041745 620.4269147 584.6419814 622.0982262 578.5889755 643.5581487 633.9353402 583.3648474 654.9570492 612.38965 633.8619237 645.9238093 607.7931964 602.1963455 572.5844118 605.7849865 578.2941023 627.0260543 595.1968 632.1992033 624.6075475 618.474721 563.2952367 602.9588749 608.6718886 564.3970823 613.9537843 580.6097913 554.7839141 574.5111296 644.7286601 
565.3975093 534.7691551 542.912684 574.1419766 593.383216 569.9560707 520.5784751 573.8178203 555.8738012 618.5814155 589.6890169 549.4752247 517.5868071 596.3640119 614.5088845 561.4467206 574.4754395 601.1117476 608.7533375 645.2470941 570.4769778 634.0938924 592.5491647 648.1867801 588.3841474 545.2790707 637.6358575 621.0769068 589.2180808 601.2496192 538.9967112 580.7941839 573.3623163 596.7800397 637.0976119 592.951977 637.5416766 628.4957744 625.6917285 614.3808501 629.1163458 588.2245817 594.9198209 616.6968354 601.0653458 602.7278796 609.7204128 620.6766605 606.535656 600.0697975 576.4373546 653.6930375 605.1718647 681.3501015 604.6560101 634.0199653 585.0441534 633.1112776 656.2150181 596.9234605 606.6155966 600.5570728 635.9991123 604.2900504 647.7721718 640.8797604 617.4492037 610.4390316 623.5386975 570.9144589 610.5486188 607.845557 630.9192578 654.0059343 609.1180257 595.5728004 627.4638831 567.3367594 589.9968848 600.8397205 633.0072159 603.9591646 670.6684011 598.1480156 582.7674569 592.9247997 576.5101905 584.6532542 593.5769342 574.5726404 592.652519 598.5491091 584.7351094 594.7461879 618.125475 586.9471749 558.6840686 614.7232589 568.9709255 543.2850467 
566.6719428 580.2814281 552.1917892 601.2067262 595.6745568 570.0341878 573.4870211 581.5007437 546.5960007 532.5010317 573.8318426 603.8811169 584.9764613 553.5442092 614.1547055 595.9521936 606.2434396 608.2335037 558.9775315 608.8316984 632.2068962 614.9291379 615.0705672 560.6807239 530.4826324 614.9686408 562.03825 657.7130217 628.1915272 572.5788259 592.5905024 569.7775047 567.5520905 597.5993518 568.472783 591.5566626 578.749201 632.8317293 574.418334 593.7379071 620.8917937 615.1757857 669.9580342 614.8755881 583.6667164 609.9454974 629.7967455 655.7320866 604.4396352 624.685538 627.1871767 643.8145918 608.4730526 653.6616641 586.5759743 648.3906587 623.3386619 627.2639221 620.4650454 645.3649506 587.0924832 603.2353941 652.5223292 600.5569011 598.6632383 598.2644229 574.7697116 574.9927946 605.0883292 613.2916373 655.5309271 549.8549969 589.9759432 623.4344194 613.1000768 661.9656657 554.4109651 636.5173498 605.8032349 636.8836331 584.2061667 575.9217907 612.8238393 570.8623045 626.7357463 617.5162598 641.9843449 651.9378769 617.8787821 602.8045296 573.9240907 586.3906799 589.0406356 622.5949967 558.9554792 563.1993497 578.6992525 593.2669364 536.7837273 583.1011721 
575.3346833 560.3679069 566.8196094 544.5631959 548.5813306 553.1828593 533.5164778 553.7547051 556.5313391 518.1915912 587.6999581 570.0076752 591.2762432 530.9785114 542.8358078 558.7280968 595.1119078 519.3083301 586.2990755 563.237387 564.7490028 653.9352678 585.6772842 605.369113 599.5182842 616.7516905 569.6606317 594.194326 670.1121885 603.1102771 610.7726357 563.2639506 623.2616509 647.6701217 596.6248287 581.1699195 662.5378212 592.7660009 625.0256013 601.1612897 650.8172278 641.3782428 593.8324233 639.5828183 635.8968918 619.8443019 607.5429739 594.1427759 614.2265512 614.5521104 581.045611 589.3688065 604.5815283 647.2687482 613.6825911 603.7796131 604.4754523 571.4700938 634.5508819 600.6041562 641.3623115 627.9696241 597.5942363 616.6734193 636.7594303 612.8428176 629.0634292 595.5121638 593.7212004 609.4472616 618.324288 628.4678076 622.8243767 558.9745435 590.7858901 582.5024848 636.1489975 621.1969963 561.1028848 644.0409338 526.4651375 578.4638228 571.6327186 600.5846554 578.8766032 570.987098 576.1586377 565.3395756 571.7656216 607.3251308 542.6303564 531.6303898 580.7506822 542.1633305 570.876083 547.0198182 610.27662 583.1813563 564.2469309 553.8697132 
569.9760746 517.8873055 568.9113143 500.0968269 544.5633957 575.716376 560.0454491 593.8618385 516.0116707 599.4824713 569.0504954 562.7233927 557.7525857 576.1086912 578.1614631 591.5791184 622.2737859 590.0233794 609.8981952 545.5130575 560.1109318 559.868684 570.4047713 551.0819805 565.6620386 560.1759646 527.1467351 623.2438759 652.1181031 557.6213118 578.4024872 573.4115094 545.3475754 593.3342197 601.2015228 600.4285064 637.345722 562.1563779 585.8515327 594.1459492 569.4579059 599.9773454 599.693944 614.0276443 607.3524767 621.4881065 702.0296693 565.8828217 614.0487212 587.9781246 576.9111648 586.9126728 631.3668449 569.3382346 598.4740954 559.7098043 649.3740059 633.1478477 602.7170567 626.7118926 600.4323943 581.9361717 658.4699287 616.7016674 604.1020775 626.7800726 559.6371435 563.9938935 602.4193591 601.8491929 619.8111434 581.522322 579.6437889 621.5029112 560.1423254 551.4001344 617.3686591 560.6858458 592.5577197 552.5840644 597.3021032 550.9506651 578.2993583 571.3292696 551.9734556 582.3833504 595.2639862 572.0941611 589.6139349 557.7036693 571.6384235 593.255222 532.3563119 603.1936289 589.057901 533.8184522 557.7148448 552.5524107 542.5294199 560.9087726 
477.972583 529.2254968 425.1570667 565.9207565 593.1728249 510.2135252 562.0748365 569.0997141 530.8375499 593.3190527 570.7856091 521.2585864 535.9699399 518.4572984 505.8798466 615.8973741 544.8967586 601.6049974 595.1305137 592.7438614 556.5070831 536.0551315 521.9725926 600.8583758 575.2241217 580.6986637 590.2529532 573.3827048 531.6468027 582.0107426 575.5178831 573.4603755 590.5960282 567.8194258 537.9963596 584.8024803 580.876624 536.9995247 544.9566188 540.2774386 563.9162014 570.1338346 541.1481895 585.2100817 581.0254229 575.051286 601.3746097 526.4817325 588.567714 569.0550293 538.8602975 589.3071584 598.3474547 617.2866833 539.7879367 567.3509947 595.5675399 609.536468 584.3453172 591.2086627 557.3791556 528.4593728 559.5623126 552.705577 558.9648256 597.4464771 521.0265582 545.0036509 511.8722333 590.0839057 552.2378023 633.596612 565.4365502 600.9682408 583.5063391 603.8306182 587.9421803 552.0999766 611.0272818 608.54712 577.1475085 500.9790215 568.0263971 550.2744893 543.0913331 563.4128337 560.3770545 565.2689803 556.174286 572.2604804 541.8360351 565.3381418 586.9878758 558.9492663 589.5883257 539.1730214 553.766537 578.8043125 498.0621981 570.1106704 
495.8129979 535.0610503 538.7036966 534.5924215 576.9811738 538.4972589 473.4330516 572.9375654 549.2130402 511.5482321 475.7004991 505.6604496 540.9152113 493.5035362 520.4798938 558.9203222 491.2227256 487.1942685 536.147439 519.081442 479.4991517 600.4293105 562.2900796 545.6229812 574.3057747 552.2109798 536.2464817 562.7960162 582.3066085 551.5396593 584.464057 499.2713288 547.6732753 527.8804702 522.6567438 567.601608 507.4662887 544.9804799 554.2220006 547.5940925 545.6884416 647.0769434 525.2982798 600.3844367 525.0784906 546.4985461 539.6995764 562.4153758 553.19515 530.4277547 544.9357952 562.9329772 597.9908406 602.7226336 521.9902118 597.502783 597.6455913 599.0438069 558.5246039 564.3650262 479.2875795 554.3950475 527.384639 559.199536 526.5260491 532.0677622 613.4996684 579.3466708 495.6698186 569.6407837 534.4634714 590.0816512 532.8032377 590.0032054 555.925194 547.5695462 558.7397937 575.8646902 498.4214279 574.5034482 531.2947163 575.5374338 567.3585826 528.1489808 587.690314 459.7832426 561.2480931 523.5486632 499.2767863 562.7264065 545.5173741 567.4417895 495.7427967 500.075262 475.8020443 563.4669547 533.5263614 512.5925325 548.5002548 500.3579439 
461.4167835 428.5909263 466.1495194 438.854203 484.5226091 464.3289508 495.5912974 482.5962421 490.2459374 462.2408063 504.6393592 535.6748828 509.6497041 503.1156595 465.5396771 513.6560099 472.7350034 494.8632928 506.1873415 516.3772231 469.1391363 508.5900907 466.2153095 569.0257915 522.7891378 484.5789979 480.681714 576.3814998 517.0738888 550.2499427 514.5717159 467.5798232 519.515475 488.9641311 515.8837043 544.6538276 569.4187299 571.6025012 436.6056972 467.858806 485.3155933 542.0490265 531.0271423 452.9730166 480.1262231 478.2942587 524.0420095 561.2414486 546.8658633 485.400407 541.9910748 500.5577649 496.4078487 520.1016539 474.9902306 518.8950174 490.0995996 573.4872513 469.800019 510.3364053 463.2029338 519.043588 502.3650616 500.9965564 546.2451585 522.437687 499.7153397 469.134758 515.0775842 604.5027272 521.3242853 503.2703841 515.3749578 560.1158655 549.9376482 457.2457237 527.1057419 454.6590542 536.3484305 484.1189767 503.2798291 502.3049369 423.1210242 489.5605216 497.4560942 495.7998332 464.5390627 510.6878297 524.5225138 541.9226119 451.6372709 484.0033923 486.5822565 534.8683387 544.7636183 469.3606413 528.5794994 510.0089027 499.226509 473.4854373 
460.4722576 483.5911451 484.4131588 443.2498256 376.7959128 506.2199413 454.0231769 370.1132468 398.8554914 502.1631433 420.4339377 417.6297677 438.308503 502.1566191 418.8889152 428.7982719 427.9324425 445.0251266 484.5213082 504.4092461 442.8295516 404.2598317 436.5594466 463.6454456 435.8838119 487.6584326 467.5772433 489.1557083 489.2697932 504.4830765 478.1015639 470.9346009 515.2923952 490.2672393 496.269831 443.933586 485.590157 449.9536162 517.5456721 405.1252692 505.2172586 475.669415 476.8043361 529.0490446 452.2482689 505.3922362 532.6077657 493.6600302 500.7301219 462.2814505 473.6755029 471.4456073 494.858532 476.7590004 504.4993963 478.5234958 474.175842 483.1453087 535.9314218 443.3398768 542.5899534 448.4006828 534.6686645 473.4424459 525.1695945 494.3070399 478.8754305 503.0465007 526.1546256 475.7033275 521.1110273 488.8475466 470.0119822 470.969574 495.7740018 478.3286446 500.4646109 454.9836187 469.2396828 458.5831158 458.9009166 542.44616 452.2244434 440.9568548 461.4071376 408.9054746 463.8015364 439.279587 500.1021776 482.7072269 493.679112 461.6607921 500.709147 437.9972904 481.2452644 441.5676302 505.1472258 448.6953575 423.214346 406.3391935 
407.1985534 422.0478863 428.717704 413.8059924 362.3381882 344.317346 411.739496 442.4018977 426.8536858 408.4607905 409.1599375 436.6651851 374.2611096 400.3621343 403.486027 408.2840779 383.395004 407.5805293 425.6907439 426.7193677 406.3035486 372.3441322 423.1680369 450.5061828 443.3436527 371.4759983 384.0057885 431.2216647 438.7503397 399.3322259 416.1277382 464.7996164 406.3585277 457.326125 402.7160887 460.3442813 501.550434 431.6680771 459.3894677 443.5129009 430.7592198 492.4926489 458.8032105 444.7801875 421.3788291 455.4677025 456.3464034 416.9981053 460.822007 463.6989603 402.2554047 478.838289 509.5696599 483.2261728 432.9358356 445.6730267 462.6681051 419.1603398 445.8327284 492.7103849 479.6754825 492.9700106 431.2779885 438.2720587 436.841918 465.5488802 442.7699408 444.6670715 433.8103635 470.6576373 443.0668143 415.7286518 431.3771208 473.8802389 464.6797229 418.9044989 432.7063833 463.8216064 436.5005157 452.9432172 446.2537124 377.706735 357.083017 363.9648942 476.0452572 403.4050254 456.7793579 477.4515001 376.9214892 427.1276001 456.3011402 387.3948271 436.4364049 355.7647498 361.4573911 396.2540245 414.2805442 412.4253385 379.0025976 445.8001116 
369.5397985 373.9568402 359.4800744 339.5680736 373.2535881 339.6872019 423.2615148 396.6902086 388.9127025 402.2255416 385.3912208 324.6524908 360.7701041 368.4859312 366.6649633 388.318459 426.358646 412.8526434 378.7950342 394.0216251 342.1110392 335.2760883 345.9433692 440.9059446 389.2713112 394.3090653 430.458014 387.8526781 382.9446106 409.8978708 364.7590802 411.6426182 420.0393771 312.6154598 354.6973004 385.426793 362.022172 371.9228372 386.1694785 373.2921487 407.0828362 377.9134359 441.458096 449.3557832 457.1678899 399.8947741 385.2059929 406.4229458 431.0471704 339.4143535 353.7852655 411.2863029 409.6219999 396.5336889 341.1473565 426.6868778 355.3838401 364.4574805 419.3718717 384.0048994 406.2741352 360.6198222 392.190268 372.1072482 384.5949257 430.6754766 387.5306155 377.3700488 371.8982695 363.7942426 398.473469 381.8090846 417.2776777 388.9620313 353.3492332 410.0841045 386.3787526 403.3088314 423.2435663 377.1044148 404.8809437 378.6272292 381.6788286 355.8084686 344.9278351 402.6526855 399.312286 364.4884251 339.4224302 398.7017831 407.6560753 374.7338824 339.9083212 317.1380151 357.9337973 379.0624459 326.0180253 364.8902889 316.4345777 437.3371946 
323.2820247 324.2890393 363.0283421 333.9928108 323.9194071 290.4675058 385.1960772 259.5074088 322.1241613 315.0921739 345.6738548 288.318025 358.8840346 345.5613222 335.148644 298.6875765 384.1149296 319.2694343 292.7577674 388.7033661 307.4176487 378.992974 328.0625019 286.2362715 370.2011367 366.8316834 306.8419909 317.4176645 335.3210596 358.8883934 366.4375297 331.5152928 306.3378946 337.9860943 377.7430884 380.8991357 280.3577226 317.3333066 313.0870291 370.2710022 345.3407495 349.1686609 284.9880826 294.9313365 379.1482197 348.6889771 338.3484188 287.1181636 306.2891543 336.4242885 361.9352552 360.6513458 311.2283074 330.9275207 332.1518365 314.282733 338.1138418 367.0040194 389.0191424 347.3393321 378.1809016 341.8394143 305.7668061 306.8085654 313.9918443 357.9789993 334.9228219 367.991739 367.4360741 276.5009008 303.6778312 343.564738 354.688261 303.5074134 392.2549694 392.5451778 344.4611035 329.1669658 382.1564518 316.5415804 331.6876459 417.9622364 332.6536136 295.6336411 284.825238 296.4440039 375.0311537 338.7198055 339.7354904 317.1037342 260.3510151 333.6355039 325.6369691 316.3571944 339.8573458 317.6266575 339.3480604 324.2845538 322.9095636 356.3924852 
241.8174615 265.7386044 281.4649208 271.4360029 292.6607902 254.4973628 267.1585879 297.7485613 297.4629179 253.4573368 300.3630653 255.9465151 288.8751853 232.9601063 212.565626 308.1299463 217.4955534 274.9356346 313.7267808 354.140278 288.4896485 270.4580455 280.621495 272.1118776 303.6673895 267.3578845 291.0017938 296.0339414 240.8977435 359.9293607 307.282859 303.7717117 312.089473 291.1837449 281.2146747 349.7225325 276.6892711 310.6839226 288.2226347 271.6668868 228.7979997 295.1790359 295.8961343 286.1267024 273.5485191 245.4768443 285.686508 295.5011954 266.0146028 293.7285005 276.3000484 294.5376093 318.9116815 294.5111979 354.0733207 267.5925247 276.0171036 266.9204608 259.1761887 310.144078 335.8079448 303.8828668 295.371096 343.6636333 260.2992615 281.8080538 280.5135917 305.6003194 332.2078856 276.0798998 231.1961688 292.2630772 288.3137438 299.6328268 286.8906081 286.1978114 265.0012914 277.1548409 315.1635059 295.540226 302.9991499 267.4356261 282.570925 218.3214936 268.1508151 264.5561061 273.9542199 298.4864739 249.5972965 260.6053813 256.0884152 282.8607663 259.3880325 283.6862102 294.9393036 230.2895677 295.3224313 215.3261409 277.0996778 297.2272304 
204.3703257 229.515874 203.4567906 277.7780039 211.9098207 214.3721947 228.6545453 274.1223237 198.1113283 201.2511346 226.9423847 217.5380205 242.5375957 236.6607115 183.9788003 195.640983 248.4702756 206.5491656 209.5739201 204.0348461 244.2148177 216.106752 226.3402701 230.5397249 270.5543597 260.7848312 160.22091 222.3160757 250.8410953 228.0483029 270.3080908 242.4138418 254.1568375 190.4137317 278.7405216 264.8475204 285.640808 229.8025658 206.8649619 237.0527047 271.3261117 258.8476185 243.9196236 218.072226 224.1537946 215.5308413 277.5768247 248.1746443 223.4990623 239.3475914 249.3210097 275.8643514 236.7564226 264.5049979 230.0335422 217.4548871 252.1431841 224.0560735 258.6151178 227.1429281 226.0831852 268.9007041 280.4253113 226.666286 240.0236409 251.9731209 225.0003682 207.9569221 223.4263931 247.9274436 242.76061 225.1172637 206.4304828 201.1761839 226.6253483 255.6076564 279.300695 228.9394619 273.2815272 243.3446911 215.1948234 230.9977865 223.0632299 242.6888164 192.1869036 237.5613878 301.148029 200.3947932 239.6063723 214.8880098 221.7260794 183.5569986 181.1957248 260.1386547 142.5292655 218.1667596 212.5390728 247.8123594 217.0254491 241.7559361 
168.6630029 154.8604949 174.5063392 156.7656099 131.6035199 139.6200297 165.4342374 179.6172986 176.7076415 161.3017377 161.7418078 175.9727204 156.9392286 153.7512362 180.1464812 103.3364417 182.6211892 178.8544363 164.8469001 162.9656508 169.723846 164.7294057 155.7201866 142.1148029 163.7657687 174.6438926 175.0697622 176.4292751 101.1861286 197.2537488 156.6689445 185.0306864 172.3510764 223.8530357 154.1801941 157.5571529 137.2159194 151.2836026 183.390608 153.1141091 186.0677132 172.4127815 243.3766125 188.2874909 138.3035289 184.1292266 148.1074221 203.6014944 171.1344083 204.0209601 157.1869559 191.3933562 168.7560892 182.5049972 195.1856003 239.5019643 130.484853 181.345896 176.5315517 189.3667813 132.7989881 160.5286807 204.1433185 174.2227132 203.548545 190.4301419 163.0230418 138.2223758 235.2577111 171.5476485 183.6538774 161.5064276 223.1789527 189.8001632 215.0458308 176.3589048 165.0301104 179.7534691 178.9697846 161.0035517 96.68861175 162.2910808 213.0791187 131.510619 176.5673375 130.5537413 141.7032664 189.8595871 190.6452235 184.7286378 118.8127714 183.0213079 160.9846277 172.4673134 151.4446249 174.0692891 134.8570041 148.9108777 125.7530556 205.7842126 
136.4379944 138.5234785 108.6847064 124.4765457 156.0131505 101.9151716 147.0913449 135.4592547 112.6524771 86.56123346 98.65967394 156.6871813 122.808753 98.34910464 114.9019641 142.4282714 139.3363465 113.3334812 134.5886486 168.1818182 106.8333193 120.3273647 127.4732932 75.05423174 127.4064626 108.6778273 117.1792794 105.1013946 98.92977462 91.75837713 125.2072653 150.9653143 149.2909366 134.7796525 115.4196108 111.9635837 149.3587198 119.5772528 130.2161859 101.3209049 157.1591658 164.5197585 168.5202733 138.6697796 132.1318904 165.1125016 162.7517816 106.4150715 112.3785613 132.8822221 135.6388672 121.5956738 141.2937747 126.9961338 148.5414479 117.5033383 85.30550474 135.1325988 118.7861273 144.6673894 133.9043964 140.6126642 110.7258303 127.8614498 144.213269 155.1094851 78.89234818 142.8352916 151.6427883 169.4619082 136.3435642 142.0685327 141.1864457 123.6467261 126.4311685 150.7522816 166.5453162 145.7514982 130.1394512 169.2708092 156.8245528 126.2395974 159.9696942 126.5206516 142.8681972 131.6279502 127.7687744 146.5982509 127.3173007 145.8433225 119.8442208 89.43042553 84.3528037 106.4480839 105.2280169 108.4372436 155.5855727 107.6087834 163.4998714 118.5531387 
68.52373102 59.22217652 53.67163905 75.84671287 31.0047953 54.96049295 110.6671914 68.16448696 79.63719538 48.19120915 89.61322228 63.770461 96.89312428 61.35286576 79.18389886 60.88635665 100.9261096 69.57619487 91.87057212 72.88033497 77.17542493 107.0991072 93.88942624 67.12064619 81.51582198 47.71140925 79.52127378 46.3234266 104.7660596 85.42798112 86.73883001 95.95300011 92.89693951 94.12701754 121.9236244 60.79066159 85.68856381 74.78327149 98.26185418 95.81703648 81.81816128 46.85470803 71.16886878 86.57258527 101.1203571 82.68904297 116.9156758 94.82124351 46.81755551 99.27370574 101.8461335 55.21869917 89.35344712 67.02759374 103.2082734 106.4686245 79.15777839 34.55412928 86.95066068 90.63520512 75.31282846 97.98963727 123.5731971 100.1249541 98.90710271 89.04188798 93.54830018 75.5641549 107.759629 95.00978659 117.4638083 52.67810285 104.3982815 96.56044442 110.6404856 92.33698412 124.9276698 51.24750836 69.09887999 40.6117947 97.59548977 111.5459783 82.68522854 64.35418376 146.2995012 79.03910067 88.7086433 61.66427942 67.52838452 107.2723575 125.4453919 93.11604287 74.85108994 102.5506729 96.06510727 72.09525521 75.80732551 73.81425062 59.60897422 99.28492173 
3.397710235 53.97472404 38.44482907 29.76918745 54.57166904 34.17958731 42.625927 5.081115418 51.52386757 31.13831742 48.62590483 78.59709994 34.63189875 31.82469725 35.91782707 45.00783622 46.57556242 28.32690967 80.67847597 47.50152392 40.58563135 37.91688054 2.500688578 69.35504319 38.3932031 36.45255719 52.30189958 56.2880401 53.5916357 81.46718273 41.86258713 73.61779737 51.82245515 90.90623622 47.72142811 69.789125 28.83652806 58.53424074 63.42406883 62.07498904 65.87928721 42.55605941 64.35236694 53.71116965 7.697802514 29.09870277 44.14973694 53.17211432 50.62199914 54.16883216 75.26462872 69.84660745 53.34897594 53.36094661 0.7563389467 26.0006597 69.26594474 46.05206758 62.67764509 66.94789041 46.2835505 75.4471948 45.28747463 80.36161317 45.74201184 67.20534423 51.81520872 49.46594638 42.55417085 74.76972423 25.022619 40.61995422 67.67297573 75.57272821 0.0001468786429 55.15539539 20.46761174 75.02099717 25.66168932 69.05467166 60.7662289 45.15670967 48.27322044 61.07498061 61.60735703 82.45117679 83.31309152 3.282962939e-05 74.26251107 46.07827713 43.98788033 27.25654218 40.45339969 41.15937547 55.4822743 26.07579383 68.62797809 50.61034693 57.34487973 51.87804867 
0.004268552631 39.46367761 0.2510461996 49.49763267 33.24050638 42.90557939 33.17005051 16.16300535 28.22630432 30.52169536 32.09396218 30.6613423 14.09726507 45.61427919 26.38055344 21.81448678 10.88076609 1.018513559 0 17.94982656 0.05843086999 40.20623799 24.86354166 30.35179138 0 45.38607193 0 35.79233633 55.52933175 0 23.32832744 27.73694036 31.38902678 44.65174214 37.61212436 32.10221739 33.25637568 0 13.14275708 7.65399268 12.49043053 41.71014925 23.81963051 11.49770911 20.51170787 19.00315862 0.01088265074 19.93068798 0 0.1592616285 0 34.05880927 15.89042674 0 33.87011068 30.06043579 26.43930934 25.62697212 29.08072586 34.11053617 27.2993578 40.62102685 9.173129635 8.211588989 26.47510756 0.6454837606 36.91009104 41.91045281 28.09624004 40.49047782 10.53791613 16.76972641 38.32484167 11.74839859 18.29891896 20.86583008 26.1536154 44.11313911 26.5730924 48.72370011 39.23988367 29.67541065 24.03987232 29.70327652 35.24006679 30.16475838 3.414420075 13.31536308 29.89762168 33.2548902 16.04536602 0 0 30.61265014 30.54141576 6.279412523 31.45107364 26.0024863 28.44284813 19.19851148 
0 21.07038096 0 0 0 0 0 0 0 0 0 0 0 0.001877697476 4.934855403e-06 13.45901003 9.296618688 0 0 0 6.429941 20.28254379 0 0.03679645164 0.1128394748 20.1580882 0 0 0 0 0 0 0 0 0 0 0 0 0 0 19.3564588 0 0 0 0 26.69132903 0 24.44953822 10.36542069 0 0 0 0 1.689734902 0 0 0 33.22756157 21.8059393 25.94722288 0 0 22.48998777 10.64386017 0 0 17.08740818 0 0 6.415212141 0 0 0 0 0 0 8.279082354 2.563581659 0 0 0 0 0 0.1442914191 0 0 2.374019689e-06 19.54291564 0 0.03611219314 0.08921821566 0 0 0 0 0 4.069888993 0 18.27949445 0 
0.02196198053 0 0 0 0 0 0 0 0 0 0 0 0 0 0 0 0 0 0 0 0 0 0 0 0 0 0 0 0 0 0 0 0 0 0 0 0 0 0 0 0 0 0 0 0 0 0 0 0 0 0 0 0 0 0 0 0 0 0 0 0 0 0 0 0 0 0 0 0 0 0 0 0 0 0 0 0 0 0 0 0 0 0 0 0 0 0 0 0 0 0 0 0 0 0 0 0 0 0 0 
0 0 0 0 0 0 0 0 0 0 0 0 0 0 0 0 0 0 0 0 0 0 0 0 0 0 0 0 0 0 0 0 0 0 0 0 0 0 0 0 0 0 0 0 0 0 0 0 0 0 0 0 0 0 0 0 0 0 0 0 0 0 0 0 0 0 0 0 0 0 0 0 0 0 0 0 0 0 0 0 0 0 0 0 0 0 0 0 0 0 0 0 0 0 0 0 0 0 0 0 
0 0 0 0 0 0 0 0 0 0 0 0 0 0 0 0 0 0 0 0 0 0 0 0 0 0 0 0 0 0 0 0 0 0 0 0 0 0 0 0 0 0 0 0 0 0 0 0 0 0 0 0 0 0 0 0 0 0 0 0 0 0 0 0 0 0 0 0 0 0 0 0 0 0 0 0 0 0 0 0 0 0 0 0 0 0 0 0 0 0 0 0 0 0 0 0 0 0 0 0 
0 0 0 0 0 0 0 0 0 0 0 0 0 0 0 0 0 0 0 0 0 0 0 0 0 0 0 0 0 0 0 0 0 0 0 0 0 0 0 0 0 0 0 0 0 0 0 0 0 0 0 0 0 0 0 0 0 0 0 0 0 0 0 0 0 0 0 0 0 0 0 0 0 0 0 0 0 0 0 0 0 0 0 0 0 0 0 0 0 0 0 0 0 0 0 0 0 0 0 0 
0 0 0 0 0 0 0 0 0 0 0 0 0 0 0 0 0 0 0 0 0 0 0 0 0 0 0 0 0 0 0 0 0 0 0 0 0 0 0 0 0 0 0 0 0 0 0 0 0 0 0 0 0 0 0 0 0 0 0 0 0 0 0 0 0 0 0 0 0 0 0 0 0 0 0 0 0 0 0 0 0 0 0 0 0 0 0 0 0 0 0 0 0 0 0 0 0 0 0 0 
0 0 0 0 0 0 0 0 0 0 0 0 0 0 0 0 0 0 0 0 0 0 0 0 0 0 0 0 0 0 0 0 0 0 0 0 0 0 0 0 0 0 0 0 0 0 0 0 0 0 0 0 0 0 0 0 0 0 0 0 0 0 0 0 0 0 0 0 0 0 0 0 0 0 0 0 0 0 0 0 0 0 0 0 0 0 0 0 0 0 0 0 0 0 0 0 0 0 0 0 
0 0 0 0 0 0 0 0 0 0 0 0 0 0 0 0 0 0 0 0 0 0 0 0 0 0 0 0 0 0 0 0 0 0 0 0 0 0 0 0 0 0 0 0 0 0 0 0 0 0 0 0 0 0 0 0 0 0 0 0 0 0 0 0 0 0 0 0 0 0 0 0 0 0 0 0 0 0 0 0 0 0 0 0 0 0 0 0 0 0 0 0 0 0 0 0 0 0 0 0 
0 0 0 0 0 0 0 0 0 0 0 0 0 0 0 0 0 0 0 0 0 0 0 0 0 0 0 0 0 0 0 0 0 0 0 0 0 0 0 0 0 0 0 0 0 0 0 0 0 0 0 0 0 0 0 0 0 0 0 0 0 0 0 0 0 0 0 0 0 0 0 0 0 0 0 0 0 0 0 0 0 0 0 0 0 0 0 0 0 0 0 0 0 0 0 0 0 0 0 0 
0 0 0 0 0 0 0 0 0 0 0 0 0 0 0 0 0 0 0 0 0 0 0 0 0 0 0 0 0 0 0 0 0 0 0 0 0 0 0 0 0 0 0 0 0 0 0 0 0 0 0 0 0 0 0 0 0 0 0 0 0 0 0 0 0 0 0 0 0 0 0 0 0 0 0 0 0 0 0 0 0 0 0 0 0 0 0 0 0 0 0 0 0 0 0 0 0 0 0 0 
# Events [sample_flux_hitting_sample/sample_flux_hitting_sample.dat] N:
0 0 0 0 0 0 0 0 0 0 0 0 0 0 0 0 0 0 0 0 0 0 0 0 0 0 0 0 0 0 0 0 0 0 0 0 0 0 0 0 0 0 0 0 0 0 0 0 0 0 0 0 0 0 0 0 0 0 0 0 0 0 0 0 0 0 0 0 0 0 0 0 0 0 0 0 0 0 0 0 0 0 0 0 0 0 0 0 0 0 0 0 0 0 0 0 0 0 0 0 
0 0 0 0 0 0 0 0 0 0 0 0 0 0 0 0 0 0 0 0 0 0 0 0 0 0 0 0 0 0 0 0 0 0 0 0 0 0 0 0 0 0 0 0 0 0 0 0 0 0 0 0 0 0 0 0 0 0 0 0 0 0 0 0 0 0 0 0 0 0 0 0 0 0 0 0 0 0 0 0 0 0 0 0 0 0 0 0 0 0 0 0 0 0 0 0 0 0 0 0 
0 0 0 0 0 0 0 0 0 0 0 0 0 0 0 0 0 0 0 0 0 0 0 0 0 0 0 0 0 0 0 0 0 0 0 0 0 0 0 0 0 0 0 0 0 0 0 0 0 0 0 0 0 0 0 0 0 0 0 0 0 0 0 0 0 0 0 0 0 0 0 0 0 0 0 0 0 0 0 0 0 0 0 0 0 0 0 0 0 0 0 0 0 0 0 0 0 0 0 0 
0 0 0 0 0 0 0 0 0 0 0 0 0 0 0 0 0 0 0 0 0 0 0 0 0 0 0 0 0 0 0 0 0 0 0 0 0 0 0 0 0 0 0 0 0 0 0 0 0 0 0 0 0 0 0 0 0 0 0 0 0 0 0 0 0 0 0 0 0 0 0 0 0 0 0 0 0 0 0 0 0 0 0 0 0 0 0 0 0 0 0 0 0 0 0 0 0 0 0 0 
0 0 0 0 0 0 0 0 0 0 0 0 0 0 0 0 0 0 0 0 0 0 0 0 0 0 0 0 0 0 0 0 0 0 0 0 0 0 0 0 0 0 0 0 0 0 0 0 0 0 0 0 0 0 0 0 0 0 0 0 0 0 0 0 0 0 0 0 0 0 0 0 0 0 0 0 0 0 0 0 0 0 0 0 0 0 0 0 0 0 0 0 0 0 0 0 0 0 0 0 
0 0 0 0 0 0 0 0 0 0 0 0 0 0 0 0 0 0 0 0 0 0 0 0 0 0 0 0 0 0 0 0 0 0 0 0 0 0 0 0 0 0 0 0 0 0 0 0 0 0 0 0 0 0 0 0 0 0 0 0 0 0 0 0 0 0 0 0 0 0 0 0 0 0 0 0 0 0 0 0 0 0 0 0 0 0 0 0 0 0 0 0 0 0 0 0 0 0 0 0 
0 0 0 0 0 0 0 0 0 0 0 0 0 0 0 0 0 0 0 0 0 0 0 0 0 0 0 0 0 0 0 0 0 0 0 0 0 0 0 0 0 0 0 0 0 0 0 0 0 0 0 0 0 0 0 0 0 0 0 0 0 0 0 0 0 0 0 0 0 0 0 0 0 0 0 0 0 0 0 0 0 0 0 0 0 0 0 0 0 0 0 0 0 0 0 0 0 0 0 0 
0 0 0 0 0 0 0 0 0 0 0 0 0 0 0 0 0 0 0 0 0 0 0 0 0 0 0 0 0 0 0 0 0 0 0 0 0 0 0 0 0 0 0 0 0 0 0 0 0 0 0 0 0 0 0 0 0 0 0 0 0 0 0 0 0 0 0 0 0 0 0 0 0 0 0 0 0 0 0 0 0 0 0 0 0 0 0 0 0 0 0 0 0 0 0 0 0 0 0 0 
0 0 0 0 0 0 0 0 0 0 0 0 0 0 0 0 0 0 0 0 0 0 0 0 0 0 0 0 0 0 0 0 0 0 0 0 0 0 0 0 0 0 0 0 0 0 0 0 0 0 0 0 0 0 0 0 0 0 0 0 0 0 0 0 0 0 0 0 0 0 0 0 0 0 0 0 0 0 0 0 0 0 0 0 0 0 0 0 0 0 0 0 0 0 0 0 0 0 0 0 
0 0 0 0 0 1 0 0 0 0 1 0 0 0 0 0 0 0 0 0 0 0 0 1 0 0 1 1 0 0 0 0 0 0 0 0 0 0 0 1 0 0 0 1 1 0 0 0 1 0 1 0 0 1 1 0 0 0 0 0 1 1 2 0 1 1 0 0 0 0 0 1 0 0 0 0 0 1 0 0 1 2 0 1 0 0 1 0 0 0 1 0 0 0 0 1 0 0 0 1 
1 1 1 2 5 1 2 5 2 3 4 6 6 0 2 3 2 1 3 3 3 0 1 0 0 2 3 1 2 4 1 3 3 1 3 2 2 2 1 0 2 1 1 2 1 7 1 3 3 1 0 3 1 1 4 2 4 2 1 5 3 2 8 1 2 3 4 1 3 6 5 3 0 1 2 3 5 5 2 0 1 4 3 1 1 3 2 2 4 3 0 3 3 1 2 2 3 1 2 5 
4 3 4 5 5 2 11 7 3 5 3 7 4 3 6 8 4 4 3 8 3 5 7 5 5 2 7 7 4 2 5 3 7 6 11 7 1 2 1 5 3 7 2 6 7 3 5 4 5 5 4 9 9 4 5 6 4 6 3 6 3 6 8 6 6 5 7 6 7 4 3 4 2 7 3 7 5 6 1 4 2 5 3 6 2 2 3 3 4 2 7 5 3 2 4 5 3 6 3 5 
6 10 9 7 5 9 10 7 13 5 9 9 10 5 9 6 10 7 8 6 16 10 6 14 7 9 10 9 11 14 7 11 13 12 10 11 11 8 11 9 9 5 4 5 3 4 7 3 9 4 12 8 7 5 7 12 7 10 12 7 14 6 9 9 11 6 8 4 11 8 10 7 3 6 9 6 9 11 4 8 9 9 6 13 8 6 7 12 11 5 9 8 4 9 6 7 7 11 9 12 
14 16 17 17 20 8 12 16 15 7 8 11 13 7 15 14 14 12 11 10 11 14 13 6 15 15 11 16 15 20 14 14 15 17 11 17 15 21 15 14 14 12 13 17 13 14 16 10 17 11 18 20 18 12 12 26 10 12 17 15 9 18 21 13 6 21 15 14 14 9 10 20 12 12 9 10 11 11 15 15 19 13 6 14 16 12 11 20 15 19 13 20 10 17 13 11 13 13 20 9 
11 26 20 24 19 19 20 20 13 17 16 24 22 18 19 15 19 17 30 22 15 29 23 15 26 20 14 19 17 16 19 21 22 18 19 25 17 23 21 27 20 22 22 14 21 18 22 23 21 25 22 18 13 19 25 31 31 14 27 21 20 18 17 14 18 30 30 22 21 19 27 21 17 33 19 16 25 16 22 14 18 18 18 20 22 17 15 16 21 18 19 16 30 14 22 19 25 21 14 9 
28 19 21 20 39 24 28 28 20 28 24 32 25 32 34 35 30 32 26 33 26 35 23 35 31 35 28 25 30 37 24 21 35 32 29 25 32 26 32 29 30 25 39 29 29 40 20 28 22 40 28 32 44 26 34 25 20 30 38 34 35 32 35 24 26 26 31 38 34 29 33 18 30 25 25 38 23 25 25 28 25 24 23 30 32 24 30 25 28 26 21 36 34 36 28 23 25 32 27 28 
33 24 34 34 40 32 32 31 38 38 35 42 40 35 51 29 34 44 33 38 39 32 46 44 41 34 42 37 38 42 45 39 41 46 43 37 44 42 31 47 48 34 42 29 39 38 35 39 35 34 45 43 46 36 44 31 40 37 35 48 39 50 37 37 33 47 40 46 39 37 27 34 28 25 34 34 34 40 42 38 30 34 45 46 28 38 35 30 40 47 31 40 40 24 31 31 40 26 30 33 
38 41 42 41 44 51 45 44 32 52 52 52 45 49 39 65 44 47 52 57 34 54 48 62 42 53 56 52 51 50 46 54 51 51 47 57 51 39 35 56 78 59 48 59 50 65 70 48 58 49 52 55 51 53 55 40 55 51 54 49 59 50 47 46 54 59 52 67 50 47 56 52 57 54 55 41 60 55 62 33 39 54 49 47 47 60 50 48 56 34 38 47 51 44 39 41 55 49 37 46 
66 60 63 49 49 62 53 53 61 65 59 63 73 75 45 50 54 43 64 57 66 61 61 68 79 63 79 64 59 61 70 72 66 61 64 69 65 45 49 80 85 47 58 67 56 60 75 64 72 67 52 72 71 73 75 63 71 76 73 57 55 57 53 64 60 67 82 71 65 59 64 73 46 65 63 66 72 74 54 59 64 76 45 74 81 59 57 70 62 45 58 54 58 60 59 63 57 55 48 60 
67 66 86 55 78 69 84 82 65 69 79 83 71 87 85 83 81 72 73 73 82 84 72 78 72 87 78 78 77 64 109 80 103 95 65 94 72 89 92 93 89 88 71 85 68 78 92 77 74 87 77 66 99 70 88 70 81 82 92 79 78 85 66 81 80 78 96 73 94 85 77 64 76 89 86 78 84 73 65 73 79 90 72 82 91 71 74 77 77 62 70 70 62 85 75 65 55 82 71 80 
96 91 82 103 81 84 94 101 81 80 67 91 88 94 74 93 110 98 87 88 90 81 100 96 96 78 106 85 101 82 89 105 89 95 100 104 90 99 87 96 116 83 105 90 112 78 93 89 88 108 83 97 84 84 112 97 87 75 107 84 83 91 60 86 109 89 97 95 85 108 96 91 90 91 93 91 112 93 105 82 93 82 98 101 85 73 79 89 92 95 82 100 80 95 91 91 95 76 83 96 
94 83 92 107 104 94 99 98 107 104 99 103 104 99 96 89 113 121 111 121 102 123 119 130 124 113 121 115 127 109 94 120 111 120 107 105 125 111 111 132 122 124 110 113 117 121 115 119 117 112 107 127 111 107 116 115 120 121 110 118 121 105 93 110 115 135 119 118 137 101 105 114 109 110 110 128 97 110 107 99 93 105 97 106 105 111 122 97 96 107 100 91 108 116 90 100 107 92 82 89 
132 124 122 113 108 125 120 110 123 118 119 109 115 116 115 124 139 118 123 120 121 128 111 125 140 135 132 130 131 122 113 122 134 116 124 142 128 122 131 136 119 147 120 122 124 156 114 140 131 131 130 149 136 139 145 120 133 109 130 134 117 109 142 106 115 144 134 122 137 108 122 135 142 114 141 136 137 127 131 136 122 127 125 124 122 120 130 103 132 122 127 118 126 106 109 132 121 108 119 122 
130 129 149 129 136 131 130 146 139 134 149 135 140 140 156 149 135 124 136 140 141 158 158 154 135 135 154 152 143 126 140 165 134 133 150 143 134 145 142 143 157 150 149 137 157 145 142 153 124 143 142 147 142 158 159 149 144 144 139 124 154 152 127 153 134 152 138 142 134 184 139 143 132 141 139 133 136 128 129 155 172 157 128 130 148 139 140 130 120 126 136 129 108 142 119 96 135 127 148 111 
146 128 122 152 150 154 134 149 154 153 159 147 168 174 147 134 179 164 140 141 147 164 129 172 166 186 162 165 172 185 164 149 154 183 167 159 165 174 145 178 170 151 153 172 167 185 143 162 178 175 161 169 165 155 158 176 164 161 166 167 170 154 185 167 161 179 154 154 159 152 168 182 154 159 166 181 134 190 164 137 164 165 141 141 139 167 130 158 155 156 140 144 133 132 146 138 159 143 124 151 
164 151 160 162 166 156 183 180 144 168 171 163 178 180 166 164 153 169 171 169 189 177 186 164 169 174 167 181 197 165 169 169 190 180 191 163 162 172 171 177 170 194 175 184 183 181 173 170 180 166 167 193 175 186 174 166 161 182 170 183 166 197 170 174 180 188 179 187 188 162 178 197 160 182 172 187 177 164 164 167 173 157 176 168 161 171 166 161 159 149 136 153 168 170 152 153 128 178 138 168 
190 164 152 163 163 179 186 205 168 174 193 191 191 193 176 169 185 181 181 181 181 162 207 185 192 209 205 187 170 178 189 189 196 198 202 158 184 219 172 173 210 185 184 177 169 213 193 193 204 188 191 200 195 207 203 199 169 205 188 180 194 181 181 198 183 205 178 185 198 165 189 175 201 195 176 178 183 202 176 186 203 181 203 166 184 187 168 163 171 163 160 177 177 177 191 178 147 164 170 174 
182 183 159 178 180 176 173 188 172 205 189 187 196 176 185 219 192 192 175 219 182 175 206 218 214 191 189 207 163 207 181 179 194 202 187 215 208 203 214 226 192 178 241 207 195 234 202 190 205 197 201 213 195 190 217 209 180 213 207 195 210 205 198 196 205 180 191 194 187 194 191 212 194 177 195 211 194 186 208 206 213 204 207 196 200 206 201 201 185 198 191 180 199 190 197 187 184 181 189 169 
192 200 184 162 170 211 167 185 195 190 187 193 175 195 195 192 192 197 183 185 225 212 213 219 212 214 188 183 189 212 203 188 194 217 225 219 214 212 174 198 207 200 213 213 189 212 236 218 221 196 206 216 199 217 183 206 197 222 203 209 185 205 192 184 196 196 186 219 168 221 211 198 197 207 175 196 193 191 196 212 198 209 211 178 189 204 194 210 186 196 202 163 169 170 150 192 185 194 174 188 
164 185 185 178 200 178 180 205 223 200 197 194 198 181 205 167 184 172 169 204 178 183 206 201 202 200 190 209 209 198 196 180 242 179 210 191 243 184 214 214 184 219 183 209 238 205 223 210 224 200 217 208 201 237 216 229 212 223 192 195 210 191 201 206 197 226 200 219 208 219 179 175 209 218 174 198 176 197 203 209 192 167 189 183 184 204 196 202 207 193 171 183 174 184 169 183 176 180 179 180 
186 193 193 197 196 164 194 180 206 156 203 189 168 190 181 191 191 194 185 174 199 199 195 177 190 198 212 227 201 197 203 197 233 216 205 209 212 221 198 194 204 206 211 195 206 197 226 210 207 192 229 192 192 213 211 224 227 207 207 225 218 184 204 214 211 203 217 209 190 205 194 203 194 198 207 189 191 224 181 244 229 195 194 214 197 192 182 197 197 188 187 187 170 181 178 180 182 195 165 192 
156 183 184 181 192 188 189 183 198 203 205 203 198 185 197 210 190 200 189 186 216 212 213 215 225 190 204 235 191 181 204 175 221 204 233 215 225 233 203 204 217 216 201 211 214 202 241 222 232 195 178 203 217 234 253 212 191 204 216 213 187 220 207 217 223 220 206 210 212 214 225 199 197 205 194 201 210 201 194 220 214 192 205 187 204 197 209 172 193 211 207 175 182 208 175 177 176 191 176 172 
185 195 189 164 173 234 202 195 188 208 196 198 207 202 210 210 188 189 217 215 196 215 217 211 211 229 190 211 202 207 238 203 185 211 198 225 230 223 210 192 202 220 210 205 211 204 206 226 207 200 223 220 206 221 198 218 202 192 201 184 206 213 224 226 237 205 218 216 202 234 196 201 243 215 197 214 193 229 209 196 200 201 211 204 191 216 201 239 195 181 182 160 189 219 172 190 190 166 196 184 
181 184 190 184 198 206 203 167 199 215 212 195 167 203 198 197 180 190 200 213 197 205 192 208 231 212 193 215 197 207 210 207 199 208 224 205 214 200 222 208 208 203 212 225 189 225 206 212 211 238 205 207 205 220 200 248 202 232 203 207 200 244 202 205 218 206 229 199 191 224 202 211 208 180 213 202 193 192 175 200 191 211 218 192 177 190 200 213 195 210 212 177 199 182 190 177 194 192 194 195 
174 177 217 191 213 180 224 229 197 216 201 195 177 209 220 208 184 193 190 207 193 193 206 192 200 197 190 222 197 239 238 213 220 239 233 204 222 209 209 229 195 224 239 218 224 205 221 258 244 209 215 215 198 196 219 208 259 204 234 204 237 232 205 186 215 234 200 215 195 211 238 215 199 213 219 188 228 222 212 204 208 213 204 209 215 226 201 191 199 209 213 199 227 200 160 197 171 170 189 180 
184 181 194 218 175 188 196 194 190 185 195 209 191 229 227 216 213 193 190 234 216 194 222 221 232 193 200 202 245 233 192 233 234 231 209 242 230 211 217 233 199 212 232 213 218 231 180 210 204 206 224 234 212 198 184 202 227 207 227 216 192 215 198 227 222 185 211 239 237 208 216 206 218 196 199 190 237 213 199 212 183 215 205 201 187 205 191 195 195 168 212 209 180 188 200 189 199 195 176 171 
183 195 185 171 181 211 175 176 214 168 210 194 201 223 189 220 176 207 191 192 221 231 218 213 217 207 226 209 201 224 207 229 166 240 219 205 226 209 225 193 211 224 215 231 224 218 240 237 220 219 221 211 211 206 225 203 218 223 204 229 208 197 222 218 197 209 203 183 222 208 213 215 210 196 196 226 249 221 213 233 202 210 209 182 214 204 171 219 202 195 209 180 199 222 184 219 225 222 151 197 
199 213 172 184 161 201 193 200 186 182 208 214 213 219 200 224 206 217 220 206 218 221 200 216 216 204 229 206 190 217 230 206 212 210 185 234 226 223 218 244 197 224 211 201 207 236 232 216 219 247 216 217 195 187 201 223 241 225 233 229 220 214 229 198 215 232 205 216 230 214 197 196 215 243 206 204 191 187 213 215 209 221 189 207 189 216 210 212 207 223 207 205 213 198 195 182 191 220 198 192 
194 209 197 193 207 194 221 210 183 185 222 201 199 194 248 193 225 197 207 239 217 229 198 190 209 203 204 198 226 207 195 214 197 226 192 215 226 207 216 224 219 216 215 209 234 206 217 227 201 219 238 218 204 224 252 258 252 250 226 230 237 221 193 209 209 213 223 195 220 211 210 233 220 211 194 207 230 177 199 209 224 223 201 221 194 193 171 201 203 221 195 212 198 220 200 189 199 169 165 191 
191 199 213 236 199 224 218 206 197 191 208 183 223 203 217 231 246 199 214 209 197 252 218 213 221 184 231 213 177 229 230 205 205 217 213 212 246 231 233 231 223 195 205 212 227 224 234 217 235 202 204 208 197 223 213 222 225 200 230 217 184 200 242 202 239 238 232 202 226 227 204 226 212 200 222 209 200 220 217 212 205 190 197 212 219 184 216 214 182 199 196 200 198 181 176 185 204 185 168 207 
196 186 203 217 220 186 209 188 204 170 212 210 216 204 194 213 193 201 198 211 218 231 197 245 211 200 228 235 226 216 220 216 230 212 216 186 221 228 227 208 219 224 234 224 213 239 212 241 228 231 222 211 202 235 220 218 229 230 250 220 233 207 208 205 205 197 210 204 207 253 239 236 206 241 198 215 222 191 206 204 216 196 208 206 217 194 224 193 195 186 214 205 186 194 167 201 180 192 196 192 
209 202 166 172 213 193 205 202 213 189 201 209 204 219 208 216 207 236 228 217 214 213 208 212 214 226 202 216 211 210 222 214 226 207 214 243 215 216 232 222 220 248 233 213 224 205 219 238 233 215 229 244 223 211 234 236 219 212 213 218 211 225 220 194 237 218 235 214 209 197 239 218 221 210 200 200 226 223 202 207 243 186 202 205 200 204 254 197 199 205 180 207 192 197 211 195 209 183 170 205 
199 189 217 212 193 193 183 185 208 175 198 218 212 189 205 198 232 216 228 197 236 198 210 204 221 207 236 217 200 213 227 235 246 209 219 208 225 251 246 221 196 214 223 231 224 226 222 219 236 225 212 205 244 246 229 212 229 229 259 235 222 226 199 210 227 213 240 234 194 229 200 206 200 224 224 206 216 194 221 198 219 200 219 179 194 196 182 206 199 202 206 225 184 164 189 192 191 200 190 194 
196 212 199 206 199 192 183 201 212 210 218 216 210 196 222 236 223 201 201 221 212 190 219 219 213 204 221 233 245 236 218 231 205 250 239 206 242 198 206 226 216 213 204 221 203 201 218 202 235 227 212 211 223 207 221 234 231 223 256 203 192 207 212 203 222 210 225 236 227 217 201 237 194 215 210 211 209 233 217 237 243 196 193 207 216 195 196 236 195 232 211 229 187 206 180 186 194 204 197 225 
184 177 213 182 173 192 220 217 217 209 195 192 208 208 217 228 205 231 227 206 232 219 244 204 246 211 219 240 212 215 211 230 261 209 224 219 222 242 239 232 225 210 233 204 210 219 261 239 198 213 201 223 231 201 226 240 206 201 209 241 213 227 227 208 232 224 248 212 244 240 233 227 224 195 253 234 200 223 204 216 225 208 180 201 213 213 220 200 212 203 202 201 185 196 182 199 196 214 201 186 
185 182 223 190 206 228 206 207 202 217 199 209 217 172 200 232 206 204 199 210 220 226 218 228 262 217 216 222 198 217 226 203 218 220 223 229 212 204 230 225 200 211 210 200 220 236 249 232 222 216 229 226 202 229 218 242 221 209 220 221 233 229 239 217 221 194 208 214 221 202 229 248 234 215 182 190 216 213 210 204 190 212 185 188 219 186 222 202 208 191 193 188 180 202 193 201 195 198 203 226 
209 210 183 183 191 198 230 193 201 209 179 211 201 230 181 210 237 206 189 223 243 211 222 237 224 220 237 223 211 209 220 209 229 238 266 223 220 222 234 239 220 212 228 220 214 216 212 238 204 217 241 226 224 240 208 240 235 243 235 210 233 247 235 212 218 237 226 221 196 202 244 186 216 219 239 202 222 190 221 187 225 211 201 197 189 211 206 194 205 203 204 213 183 182 183 215 185 207 218 207 
173 180 186 206 192 205 203 190 214 227 206 192 222 225 210 222 210 213 203 205 199 212 193 207 207 221 193 233 218 225 240 236 239 229 228 221 252 228 226 215 214 216 212 217 222 228 204 210 243 221 260 237 255 217 219 242 204 213 223 220 215 224 219 224 211 224 203 239 181 227 218 222 222 210 229 233 207 220 225 229 193 208 218 194 222 227 200 209 212 205 180 196 221 200 181 203 214 190 213 155 
206 185 192 200 198 182 210 196 209 212 217 192 202 199 216 192 218 203 214 201 205 207 204 216 242 244 227 247 227 213 229 225 211 259 235 226 214 224 230 199 222 211 186 237 228 200 232 223 222 256 236 211 228 245 210 217 208 229 234 214 228 227 230 226 208 205 215 235 237 210 235 210 203 208 213 214 203 239 191 243 250 216 228 222 225 200 222 214 199 220 216 197 208 199 212 203 195 200 195 195 
197 202 210 199 187 200 222 223 219 203 217 203 208 223 211 208 201 216 222 200 228 210 213 206 252 232 218 259 225 238 226 252 208 237 207 234 204 205 219 226 247 241 247 231 220 231 225 179 256 211 226 235 229 252 223 246 230 221 191 246 242 215 219 220 219 226 199 239 225 245 219 191 226 216 231 216 204 211 189 227 223 200 201 228 209 222 204 175 210 199 186 182 201 216 194 189 173 197 208 183 
183 171 175 204 204 220 190 197 221 202 217 217 187 207 210 209 174 197 217 223 171 208 224 219 254 218 215 214 227 224 223 220 235 210 228 214 216 213 242 212 218 219 221 205 234 244 220 224 200 202 217 207 218 202 205 203 229 249 235 246 227 224 237 199 223 201 218 211 252 234 214 202 213 222 208 209 217 239 201 203 194 215 202 200 222 213 217 208 236 210 205 196 220 212 218 183 184 173 166 197 
196 207 196 202 203 212 201 194 212 207 200 215 241 223 208 208 208 224 190 220 208 213 248 247 220 224 215 270 237 199 223 214 219 225 207 197 245 245 213 210 200 225 189 206 205 213 220 222 254 214 216 253 205 261 232 218 222 224 219 246 222 211 214 218 229 194 205 192 221 197 186 224 193 221 205 198 213 229 211 207 237 187 220 186 219 200 199 195 205 196 196 218 205 194 201 178 212 218 176 215 
192 185 192 189 198 230 220 202 180 220 197 182 195 222 225 228 231 207 195 230 218 224 194 201 190 217 224 233 209 214 228 206 223 245 230 237 230 237 227 238 190 206 244 216 198 218 205 248 241 235 227 221 248 213 208 201 216 223 227 217 216 242 208 222 233 221 213 245 204 218 243 223 230 213 233 211 185 214 188 240 214 230 220 226 214 195 203 191 184 188 203 229 203 195 192 206 209 194 177 207 
193 200 191 193 193 200 193 202 181 199 194 205 216 211 193 185 221 224 219 235 198 204 228 218 205 211 240 212 216 217 220 231 214 212 206 218 207 231 212 237 207 223 208 227 193 236 201 218 221 247 237 242 205 225 228 229 230 236 219 238 212 217 207 215 225 207 204 203 234 215 211 226 203 197 214 231 239 224 217 214 201 203 208 210 216 208 212 204 214 207 195 211 180 188 207 218 205 178 196 180 
223 181 190 232 185 180 199 194 206 197 208 196 213 209 169 218 204 215 203 227 219 212 233 208 213 177 214 210 211 209 207 213 202 230 211 213 203 225 209 226 215 230 225 233 226 224 241 229 214 230 231 199 215 202 208 245 241 234 209 236 223 197 246 229 237 233 204 227 205 213 230 241 186 212 246 201 220 219 225 192 203 215 205 200 205 196 183 197 217 195 190 171 223 210 196 204 193 174 198 184 
219 196 169 206 191 191 178 213 194 208 211 232 173 208 212 221 213 203 230 212 207 217 199 221 225 215 218 202 204 241 231 200 220 215 219 220 206 214 198 234 218 223 240 232 209 214 225 224 230 223 245 224 227 242 223 215 214 228 207 193 215 234 234 222 238 215 237 227 216 209 224 238 216 195 219 193 213 187 245 210 213 207 217 232 209 192 184 200 215 180 238 193 202 233 180 200 184 204 200 200 
199 192 195 207 168 218 186 193 193 191 244 228 212 199 229 236 213 230 194 207 215 191 223 210 237 226 253 202 234 212 209 218 213 206 217 193 224 231 236 215 205 205 233 224 223 214 196 221 255 242 215 241 239 225 214 197 223 199 210 223 219 227 205 223 208 213 201 209 235 225 206 221 210 211 223 210 237 223 232 237 222 215 220 212 184 178 225 175 188 220 193 202 208 193 202 218 203 187 176 188 
168 193 203 196 178 181 209 193 229 184 190 191 230 196 194 209 240 217 220 224 232 203 213 202 225 182 203 219 200 188 215 240 226 219 198 221 231 234 196 224 242 246 219 230 206 222 211 223 231 221 242 238 223 227 203 237 237 245 222 213 209 229 206 248 212 214 187 197 215 247 215 217 209 218 181 219 197 193 203 219 215 210 193 212 194 225 188 200 208 199 179 187 184 213 205 199 193 189 183 171 
162 187 185 190 200 216 206 199 197 217 205 194 209 175 201 196 222 201 220 228 194 232 220 233 229 239 192 199 209 214 210 230 211 235 214 200 210 189 228 214 238 212 227 193 228 193 227 221 228 219 245 213 236 217 252 204 240 229 210 231 215 211 228 234 210 223 247 215 221 223 226 226 217 199 236 221 202 217 221 200 202 214 206 194 200 199 187 222 215 191 185 182 190 191 163 192 178 180 194 203 
192 189 178 203 176 203 200 204 189 215 213 197 203 213 192 203 214 214 188 207 225 215 226 195 216 196 224 226 209 206 203 202 222 206 232 233 220 211 194 232 243 219 214 217 219 210 238 203 213 191 229 242 207 233 239 224 217 237 224 217 230 223 229 204 222 210 233 218 212 211 223 252 222 231 219 229 203 190 179 195 210 233 210 205 218 210 223 206 219 224 183 210 215 212 167 183 194 214 199 178 
210 189 168 199 210 216 179 199 204 217 174 233 171 219 215 203 207 189 210 228 205 205 196 217 224 211 221 231 214 236 218 231 204 212 206 199 237 245 217 220 197 241 218 210 218 224 200 215 227 225 227 193 208 230 238 223 218 249 208 225 197 218 214 205 254 212 243 219 216 199 222 214 207 220 247 217 203 197 188 219 205 197 231 210 207 205 193 201 203 214 198 228 189 190 196 185 184 198 189 209 
204 176 202 188 242 226 169 222 235 187 202 178 212 218 180 195 210 232 196 204 201 220 235 231 217 215 198 242 237 227 238 223 200 229 211 212 238 209 192 206 214 223 244 226 207 217 236 209 238 195 239 219 208 221 209 198 244 223 197 211 241 211 223 203 198 214 226 213 191 199 238 205 220 187 200 208 209 224 195 217 193 219 211 195 192 215 196 211 230 223 176 197 203 196 198 222 200 179 188 179 
197 205 196 189 182 211 186 200 200 188 209 233 196 217 231 205 216 211 229 203 189 193 209 226 212 216 210 232 209 203 218 198 209 218 196 205 222 251 203 236 229 202 226 228 223 207 237 216 221 227 237 234 238 256 199 235 202 230 210 226 222 207 196 230 219 211 211 218 222 217 215 214 213 208 226 185 233 213 217 195 207 218 202 208 203 216 183 210 169 201 207 212 202 167 196 180 188 166 180 193 
178 189 187 195 221 214 193 186 201 197 219 191 202 218 241 201 228 237 213 197 200 202 228 215 220 220 221 230 231 199 232 203 258 203 229 203 230 206 187 210 231 188 207 215 218 218 206 179 224 192 238 212 253 205 199 210 204 225 240 200 223 227 244 211 231 212 234 200 205 201 233 212 201 201 191 222 218 217 214 213 196 215 229 217 204 217 215 188 215 195 202 195 218 182 203 199 220 191 212 184 
193 204 202 206 189 186 203 198 193 201 192 206 209 219 190 186 221 199 202 182 178 199 206 199 207 193 222 211 197 211 215 210 221 188 186 212 201 200 224 212 214 202 210 224 238 193 213 215 232 215 189 209 235 221 223 211 223 245 232 207 220 224 231 222 206 213 205 209 217 210 208 211 205 207 224 236 221 197 180 190 197 200 204 192 214 195 213 220 194 203 169 168 150 179 189 194 188 195 196 191 
178 181 189 160 148 187 180 194 195 191 198 218 182 202 208 209 187 186 176 196 195 215 204 204 243 195 219 234 236 212 220 213 240 238 222 236 212 226 217 198 237 205 229 197 220 204 223 220 252 175 215 211 237 227 197 236 213 194 214 207 200 192 214 232 207 204 211 192 213 239 209 194 191 190 212 190 223 241 207 194 206 199 187 234 215 220 231 202 198 200 196 176 173 201 186 223 188 204 183 199 
229 190 165 210 209 190 197 175 182 228 186 198 173 228 190 208 176 218 193 210 221 209 201 225 234 193 214 227 205 209 239 206 219 186 211 228 200 237 184 223 199 221 195 204 205 207 208 224 218 240 232 211 203 192 213 216 183 245 223 223 220 197 188 235 211 213 197 214 192 220 212 205 197 216 189 188 180 203 207 203 181 178 199 199 199 177 201 191 201 200 202 182 192 184 184 193 191 201 181 175 
184 215 204 195 169 197 195 194 170 198 197 174 198 202 196 228 208 216 205 215 203 205 196 211 201 217 188 194 223 214 225 194 219 211 228 208 205 216 221 207 233 224 213 211 212 219 216 190 220 218 211 211 224 235 218 219 220 214 222 233 245 229 188 213 221 229 204 209 225 203 215 208 218 192 198 187 222 206 196 172 182 188 216 208 194 193 216 183 181 180 180 190 183 203 215 188 183 174 189 152 
170 205 200 199 184 185 188 190 193 195 221 175 207 208 220 184 229 177 198 182 197 218 196 194 217 211 205 201 205 204 192 229 190 226 229 202 228 221 205 207 219 215 206 230 231 215 223 213 194 189 216 203 196 183 198 183 189 208 217 180 199 207 245 218 193 230 218 230 214 200 213 201 195 188 213 200 224 188 209 222 209 203 210 191 173 190 188 189 222 201 186 193 167 203 196 199 188 201 172 157 
204 163 190 171 206 172 185 196 190 232 190 213 177 208 185 205 205 206 186 215 218 194 195 204 219 224 198 224 191 213 170 244 236 220 182 194 197 186 213 211 207 204 215 207 206 215 161 190 217 210 228 203 197 215 213 217 207 203 232 206 185 201 225 204 207 198 231 196 201 213 201 243 193 211 190 207 207 199 209 190 209 212 197 188 191 203 194 199 191 187 186 176 190 166 171 169 186 197 156 179 
188 190 177 161 185 189 193 192 189 175 206 190 206 201 199 213 193 205 209 189 207 183 176 196 216 193 212 203 207 199 207 181 235 173 216 194 227 196 198 202 222 217 195 218 200 209 204 204 214 204 228 198 227 218 204 212 230 185 233 228 228 224 217 217 203 196 218 220 242 208 195 201 218 225 179 199 210 188 189 171 183 187 194 180 190 212 172 196 182 187 200 194 176 165 202 187 175 188 182 185 
172 171 160 162 170 184 183 184 191 176 171 210 187 191 197 200 216 182 197 192 185 225 218 192 177 206 206 180 231 213 206 213 218 179 196 197 211 200 209 219 201 202 210 184 213 212 221 213 207 211 205 223 220 214 219 197 221 226 236 199 225 219 224 222 196 222 222 192 198 201 197 214 211 188 217 207 175 219 193 190 198 200 181 188 195 178 196 189 201 205 195 183 175 194 169 181 174 173 185 197 
177 185 174 186 180 190 151 185 190 207 193 176 178 197 202 180 185 216 194 225 193 203 192 206 195 177 224 197 187 189 169 194 195 176 229 199 210 209 203 202 205 184 188 201 199 211 194 218 203 190 196 211 188 214 198 192 189 205 230 192 209 185 219 192 206 203 186 179 196 185 200 195 202 214 188 185 214 188 184 184 210 204 220 186 179 189 155 180 201 174 194 189 192 182 186 175 158 193 165 173 
171 161 159 191 180 175 188 162 157 163 156 182 175 172 178 184 188 199 181 172 200 184 202 171 175 209 189 205 196 160 189 177 171 182 180 178 168 205 166 192 191 207 225 200 178 201 209 219 194 202 190 195 194 204 176 206 196 192 179 211 173 190 199 187 172 175 188 164 192 191 210 160 176 204 194 203 173 184 187 191 176 172 185 174 197 172 200 195 197 158 159 178 172 188 160 173 165 180 153 175 
157 147 182 162 150 140 143 163 171 142 170 165 181 152 160 161 172 146 170 163 178 205 171 182 177 185 168 159 199 175 185 150 191 182 162 162 195 180 175 171 184 184 182 181 187 188 181 161 186 194 163 169 179 190 172 188 188 163 186 172 184 183 172 164 186 176 187 168 174 165 188 190 177 151 168 169 189 167 161 178 144 155 157 168 152 153 159 160 163 182 142 139 165 144 158 151 167 163 148 151 
152 130 151 132 151 152 165 149 127 175 156 148 143 163 149 157 179 158 166 136 145 139 146 145 164 149 138 191 172 152 160 156 142 154 180 181 177 144 156 168 159 177 160 160 169 179 205 150 162 159 153 156 187 147 163 157 182 165 158 170 155 152 178 175 168 174 158 154 166 176 177 149 153 165 146 146 157 146 158 137 149 128 156 144 148 152 147 149 152 147 143 152 132 161 158 133 140 137 135 145 
117 131 107 137 160 134 136 134 139 141 147 117 130 126 126 154 127 158 147 146 132 152 121 176 156 162 142 140 129 150 147 137 174 144 142 141 141 136 126 119 138 137 147 141 150 146 153 129 152 159 145 150 151 164 134 144 156 154 151 137 151 129 148 139 141 154 113 135 119 147 147 159 130 161 132 155 147 137 161 159 139 113 146 124 122 146 138 132 128 138 117 136 154 127 144 119 132 143 111 140 
108 108 114 126 136 109 105 131 127 121 104 116 126 115 127 140 112 112 125 120 119 141 134 123 138 138 129 139 139 121 139 111 122 118 126 131 114 136 130 120 126 166 128 144 124 132 116 128 125 125 130 136 143 141 119 151 151 144 119 131 115 127 120 132 108 121 144 139 104 128 124 136 122 142 127 127 134 135 102 120 119 130 124 120 131 100 133 113 104 126 123 121 102 104 105 125 124 114 116 100 
96 84 100 97 90 89 102 103 104 96 113 119 114 100 88 106 103 99 103 105 93 115 97 126 120 117 104 130 116 121 112 97 112 104 111 117 112 126 90 95 118 120 123 97 98 94 109 122 127 103 117 105 103 113 101 120 105 120 98 98 91 104 108 98 113 111 102 99 109 131 110 101 104 125 113 84 103 93 110 97 106 98 87 99 109 94 95 98 105 117 88 100 86 112 112 98 109 106 104 83 
90 93 97 90 74 106 83 71 82 101 72 81 77 95 76 86 87 82 97 100 76 74 81 95 78 94 90 95 96 92 91 86 102 98 94 83 99 95 105 82 110 92 98 107 87 102 110 90 105 105 90 86 98 98 97 96 88 96 113 97 104 83 114 91 108 109 86 98 105 95 104 102 91 95 94 90 99 87 97 90 93 104 88 84 85 75 80 82 87 106 97 81 101 84 91 83 89 81 72 69 
75 82 81 75 63 56 72 70 83 70 75 83 61 80 79 74 66 67 77 80 69 66 72 70 96 71 66 73 87 74 79 82 80 79 73 80 100 77 86 77 74 90 89 81 76 83 85 77 81 90 71 88 97 99 77 76 90 76 87 93 97 82 66 78 81 91 82 82 79 85 85 71 78 81 86 76 71 82 78 85 75 61 62 64 99 78 83 85 77 73 78 72 79 55 50 63 65 62 62 71 
55 57 60 58 57 58 58 77 60 72 59 57 61 58 67 65 76 61 62 68 54 52 59 87 68 63 82 65 73 63 58 67 65 49 63 65 63 67 65 61 72 56 74 77 71 77 64 67 72 50 60 68 77 59 57 75 61 67 73 70 71 66 70 62 63 74 58 58 60 59 67 61 67 66 50 60 68 61 71 61 65 60 67 59 56 67 61 57 49 63 63 55 47 49 58 64 53 53 46 66 
50 53 52 53 48 42 63 39 48 49 61 45 60 57 54 54 63 43 39 56 44 64 46 48 54 51 52 39 54 49 60 54 53 58 69 59 39 45 43 60 51 63 49 42 61 47 52 43 44 62 54 51 46 50 52 54 54 55 64 48 61 56 45 49 42 52 56 56 52 42 48 49 56 47 65 58 41 42 59 40 59 66 46 39 39 45 59 50 51 43 33 52 46 47 43 45 47 52 40 52 
40 36 35 37 42 38 29 40 41 39 41 42 41 32 27 42 30 35 49 51 44 33 39 36 41 31 40 49 41 58 44 45 48 36 48 53 41 42 47 33 24 39 40 48 42 34 43 38 37 43 39 45 47 40 55 37 33 28 35 39 50 43 38 53 41 35 36 43 48 39 38 36 46 43 41 37 33 38 43 42 48 40 39 28 35 35 39 37 27 38 32 35 38 37 38 23 35 30 39 35 
21 26 19 37 23 22 31 39 26 23 27 32 34 28 27 24 29 29 29 25 35 32 27 34 27 31 21 28 35 28 38 33 32 22 36 33 37 27 23 29 35 31 39 17 28 30 38 29 25 31 28 45 31 35 30 29 35 23 31 35 30 36 31 27 27 25 27 27 26 28 27 30 21 28 29 30 39 29 32 30 32 30 24 26 23 29 41 26 31 25 27 24 26 29 21 21 20 30 28 29 
20 16 26 20 17 14 22 24 17 20 17 26 19 19 25 18 20 20 23 21 17 17 21 20 19 23 18 16 10 27 19 22 14 25 16 21 21 23 23 14 21 21 31 24 15 23 26 23 20 24 20 30 24 18 23 29 13 23 24 19 20 20 21 17 26 28 23 15 31 18 22 19 30 23 28 22 16 20 28 19 7 16 25 11 23 8 17 18 24 17 13 15 16 15 14 16 14 13 14 23 
15 14 14 12 17 8 16 12 11 7 15 16 12 9 12 12 12 13 13 18 9 9 12 9 10 10 12 15 14 9 14 16 13 17 12 13 17 13 12 13 22 15 18 13 14 16 16 10 10 12 15 11 10 11 15 13 7 11 9 19 19 12 10 14 14 15 8 15 13 22 15 17 14 10 10 19 21 15 12 14 17 15 16 12 13 12 12 14 10 13 12 5 4 12 11 9 12 12 19 10 
8 4 6 10 4 7 12 6 10 5 7 6 9 5 8 9 7 8 12 10 6 9 10 6 6 4 7 4 12 8 8 11 10 10 15 8 7 9 9 11 9 4 7 12 7 7 11 9 7 10 11 7 6 4 17 13 9 2 13 6 9 14 10 11 12 11 11 8 11 8 12 5 11 8 8 9 13 4 6 6 8 8 6 7 17 12 11 5 6 11 12 10 11 14 9 6 7 11 5 8 
4 2 6 2 3 2 1 2 5 2 4 6 4 3 5 3 3 5 8 4 5 4 4 4 3 4 4 4 8 12 4 7 6 9 4 5 4 3 8 4 5 4 3 4 1 3 1 9 8 2 5 5 4 5 1 2 9 5 4 3 5 10 4 6 5 7 2 7 3 7 1 2 6 8 1 6 2 5 1 5 8 4 5 2 5 7 8 1 5 3 6 3 4 1 7 2 6 4 6 2 
1 3 1 2 3 3 3 1 3 2 3 4 1 4 2 1 1 1 0 2 1 5 2 2 0 3 0 4 5 0 2 4 3 7 5 3 3 0 2 1 2 3 1 2 1 2 1 2 0 1 0 2 2 0 5 2 2 2 3 2 2 5 2 1 2 1 3 3 3 5 2 2 3 3 2 4 2 4 1 5 3 2 3 2 3 2 1 2 4 5 1 0 0 2 4 1 3 1 3 2 
0 2 0 0 0 0 0 0 0 0 0 0 0 1 1 3 1 0 0 0 2 1 0 1 1 1 0 0 0 0 0 0 0 0 0 0 0 0 0 0 3 0 0 0 0 1 0 1 1 0 0 0 0 1 0 0 0 3 1 1 0 0 1 1 0 0 2 0 0 1 0 0 0 0 0 0 1 1 0 0 0 0 0 1 0 0 1 1 0 1 1 0 0 0 0 0 1 0 1 0 
1 0 0 0 0 0 0 0 0 0 0 0 0 0 0 0 0 0 0 0 0 0 0 0 0 0 0 0 0 0 0 0 0 0 0 0 0 0 0 0 0 0 0 0 0 0 0 0 0 0 0 0 0 0 0 0 0 0 0 0 0 0 0 0 0 0 0 0 0 0 0 0 0 0 0 0 0 0 0 0 0 0 0 0 0 0 0 0 0 0 0 0 0 0 0 0 0 0 0 0 
0 0 0 0 0 0 0 0 0 0 0 0 0 0 0 0 0 0 0 0 0 0 0 0 0 0 0 0 0 0 0 0 0 0 0 0 0 0 0 0 0 0 0 0 0 0 0 0 0 0 0 0 0 0 0 0 0 0 0 0 0 0 0 0 0 0 0 0 0 0 0 0 0 0 0 0 0 0 0 0 0 0 0 0 0 0 0 0 0 0 0 0 0 0 0 0 0 0 0 0 
0 0 0 0 0 0 0 0 0 0 0 0 0 0 0 0 0 0 0 0 0 0 0 0 0 0 0 0 0 0 0 0 0 0 0 0 0 0 0 0 0 0 0 0 0 0 0 0 0 0 0 0 0 0 0 0 0 0 0 0 0 0 0 0 0 0 0 0 0 0 0 0 0 0 0 0 0 0 0 0 0 0 0 0 0 0 0 0 0 0 0 0 0 0 0 0 0 0 0 0 
0 0 0 0 0 0 0 0 0 0 0 0 0 0 0 0 0 0 0 0 0 0 0 0 0 0 0 0 0 0 0 0 0 0 0 0 0 0 0 0 0 0 0 0 0 0 0 0 0 0 0 0 0 0 0 0 0 0 0 0 0 0 0 0 0 0 0 0 0 0 0 0 0 0 0 0 0 0 0 0 0 0 0 0 0 0 0 0 0 0 0 0 0 0 0 0 0 0 0 0 
0 0 0 0 0 0 0 0 0 0 0 0 0 0 0 0 0 0 0 0 0 0 0 0 0 0 0 0 0 0 0 0 0 0 0 0 0 0 0 0 0 0 0 0 0 0 0 0 0 0 0 0 0 0 0 0 0 0 0 0 0 0 0 0 0 0 0 0 0 0 0 0 0 0 0 0 0 0 0 0 0 0 0 0 0 0 0 0 0 0 0 0 0 0 0 0 0 0 0 0 
0 0 0 0 0 0 0 0 0 0 0 0 0 0 0 0 0 0 0 0 0 0 0 0 0 0 0 0 0 0 0 0 0 0 0 0 0 0 0 0 0 0 0 0 0 0 0 0 0 0 0 0 0 0 0 0 0 0 0 0 0 0 0 0 0 0 0 0 0 0 0 0 0 0 0 0 0 0 0 0 0 0 0 0 0 0 0 0 0 0 0 0 0 0 0 0 0 0 0 0 
0 0 0 0 0 0 0 0 0 0 0 0 0 0 0 0 0 0 0 0 0 0 0 0 0 0 0 0 0 0 0 0 0 0 0 0 0 0 0 0 0 0 0 0 0 0 0 0 0 0 0 0 0 0 0 0 0 0 0 0 0 0 0 0 0 0 0 0 0 0 0 0 0 0 0 0 0 0 0 0 0 0 0 0 0 0 0 0 0 0 0 0 0 0 0 0 0 0 0 0 
0 0 0 0 0 0 0 0 0 0 0 0 0 0 0 0 0 0 0 0 0 0 0 0 0 0 0 0 0 0 0 0 0 0 0 0 0 0 0 0 0 0 0 0 0 0 0 0 0 0 0 0 0 0 0 0 0 0 0 0 0 0 0 0 0 0 0 0 0 0 0 0 0 0 0 0 0 0 0 0 0 0 0 0 0 0 0 0 0 0 0 0 0 0 0 0 0 0 0 0 
0 0 0 0 0 0 0 0 0 0 0 0 0 0 0 0 0 0 0 0 0 0 0 0 0 0 0 0 0 0 0 0 0 0 0 0 0 0 0 0 0 0 0 0 0 0 0 0 0 0 0 0 0 0 0 0 0 0 0 0 0 0 0 0 0 0 0 0 0 0 0 0 0 0 0 0 0 0 0 0 0 0 0 0 0 0 0 0 0 0 0 0 0 0 0 0 0 0 0 0 
