# Format: McCode with text headers
# URL: http://www.mccode.org
# Creator:  3.5.32, git
# Instrument: cylinder.instr
# Ncount: 125000000
# Trace: no
# Gravitation: no
# Seed: 1778003297137381
# Directory: 1to3_r5mmh5cm_bathed_1e9/8
# Nodes: 8
# Param: lambda0=4
# Param: dlambda=0.1
# Param: cylinder_radius=0.005
# Param: cylinder_height=0.05
# Param: thickness=0.003
# Param: margin=0.005
# Date: Tue May  5 19:48:56 2026 (1778003336)
# type: array_2d(180, 90)
# Source: hollow_cylinder (cylinder.instr)
# component: mon_4pi
# position: 0 0 0
# title: 4PI PSD monitor
# Ncount: 1000000000
# filename: cylinder_scattered.dat
# statistics: X0=-4.51296e-05; dX=21.6415; Y0=1.00013; dY=7.42601;
# signal: Min=2.66674e-12; Max=0.000593552; Mean=1.44464e-07;
# values: 0.00234031 7.82457e-08 1e+09
# xvar: Lo
# yvar: La
# xlabel: Longitude [deg]
# ylabel: Latitude [deg]
# zvar: I
# zlabel: Signal per bin
# xylimits: -180 180 -90 90
# variables: I I_err N
# Data [mon_4pi/cylinder_scattered.dat] I:
9.504710665e-12 1.008975892e-11 6.739134049e-12 1.018759098e-11 9.445853282e-12 1.01983305e-11 6.504440983e-12 9.884059019e-12 1.270057477e-11 7.177535284e-12 6.648618035e-12 9.266807583e-12 7.823340295e-12 4.732490431e-12 1.144770526e-11 7.35249481e-12 8.074833163e-12 1.236017758e-11 1.234926134e-11 1.180033387e-11 1.213204728e-11 1.04567772e-11 9.375618815e-12 9.805712674e-12 5.488433909e-12 1.026153218e-11 1.248203921e-11 5.253894971e-12 4.419229139e-12 7.458650811e-12 5.108417924e-12 9.881470985e-12 9.906297974e-12 5.319887253e-12 9.691243051e-12 1.092092988e-11 1.010379037e-11 8.121236037e-12 1.486626787e-11 9.313179345e-12 9.037326207e-12 1.079671831e-11 7.265468429e-12 1.216154591e-11 1.463439837e-11 6.195329838e-12 2.666740393e-12 9.824689508e-12 1.068145103e-11 1.243868087e-11 9.576356172e-12 8.680416478e-12 1.21228434e-11 5.139050263e-12 1.068834494e-11 1.090643136e-11 1.241158323e-11 7.789475937e-12 1.05256923e-11 6.666034532e-12 1.151392396e-11 8.39729117e-12 8.395554789e-12 1.247750994e-11 1.096741854e-11 1.098696116e-11 1.252251419e-11 1.249272631e-11 1.237979337e-11 9.150617177e-12 6.584997759e-12 8.856339744e-12 5.987373483e-12 8.724380306e-12 6.72555691e-12 4.547805288e-12 3.538497039e-12 8.959853158e-12 3.998041367e-12 1.039300918e-11 1.130983522e-11 7.827739922e-12 9.010050521e-12 4.849419545e-12 9.06728419e-12 6.942691924e-12 9.16740588e-12 1.104711544e-11 9.351452833e-12 6.412913854e-12 1.043009036e-11 6.249199335e-12 1.095503906e-11 3.025544132e-12 5.502433976e-12 1.185167162e-11 7.326033567e-12 7.769486604e-12 1.157462721e-11 8.281676232e-12 8.447049605e-12 3.877480297e-12 9.976085049e-12 1.121170787e-11 8.170866105e-12 9.489439691e-12 9.879833203e-12 1.327595111e-11 1.536160267e-11 1.286098823e-11 5.542381309e-12 5.839096931e-12 1.475286627e-11 1.09508566e-11 1.117861906e-11 6.25587448e-12 8.279549889e-12 5.898250329e-12 5.045812488e-12 1.53934783e-11 6.958538754e-12 1.027188597e-11 9.131034038e-12 7.194919914e-12 7.405105998e-12 8.589528554e-12 8.667078247e-12 8.001313452e-12 8.717832391e-12 9.056461182e-12 7.624424417e-12 9.738662197e-12 5.86833013e-12 1.110477259e-11 5.889181125e-12 5.476986339e-12 8.483186524e-12 8.202496075e-12 5.32582166e-12 1.289373186e-11 5.880731267e-12 9.646804119e-12 5.31296864e-12 6.693433788e-12 9.208878362e-12 1.117889188e-11 8.372152551e-12 5.856114611e-12 9.96848683e-12 8.284124651e-12 7.669486722e-12 8.633948791e-12 1.277750874e-11 1.005019431e-11 1.444110798e-11 1.013359468e-11 8.418727513e-12 9.220724284e-12 7.377922154e-12 7.425729138e-12 7.007641251e-12 8.027846889e-12 7.086241682e-12 1.107627721e-11 8.26653316e-12 8.344593698e-12 1.191874232e-11 9.009727562e-12 1.274404042e-11 1.168020351e-11 9.653208112e-12 1.182327102e-11 6.915262253e-12 1.063631265e-11 1.051817043e-11 1.051522808e-11 7.041981112e-12 7.778424852e-12 1.146643737e-11 1.023437689e-11 
8.048587104e-11 1.00117295e-10 8.121067856e-11 8.311138833e-11 9.853646131e-11 1.044993188e-10 8.711747905e-11 7.622024453e-11 1.139037474e-10 9.521157266e-11 9.43895971e-11 9.062679927e-11 9.301057416e-11 1.013447753e-10 9.581562482e-11 7.773719914e-11 9.691336425e-11 7.770588756e-11 8.892573445e-11 9.32598698e-11 8.162552275e-11 8.165194416e-11 9.768477689e-11 9.023782866e-11 9.149934592e-11 7.680320393e-11 7.266562947e-11 8.967694025e-11 9.028522423e-11 8.899662594e-11 1.034379263e-10 7.441381111e-11 9.248562725e-11 9.516459383e-11 9.30365273e-11 8.394068989e-11 7.048809168e-11 8.991333731e-11 1.012814979e-10 9.118088081e-11 8.916754794e-11 9.141418568e-11 9.379467777e-11 6.674510109e-11 6.667944902e-11 9.229197385e-11 9.534691944e-11 9.749635351e-11 7.64644592e-11 9.296590856e-11 9.680252491e-11 7.993080182e-11 8.684990262e-11 9.276231426e-11 1.007381725e-10 1.046438024e-10 8.734428144e-11 9.472700512e-11 8.846337492e-11 8.939209835e-11 9.07222105e-11 8.041282373e-11 9.878670615e-11 1.027796649e-10 8.715551976e-11 7.775143843e-11 9.120581657e-11 7.05564804e-11 8.924452497e-11 8.548710893e-11 8.550221737e-11 7.979347096e-11 8.177671736e-11 7.638826521e-11 8.706879771e-11 7.551691516e-11 8.504136417e-11 8.137825834e-11 7.841771586e-11 8.701308277e-11 8.447179887e-11 9.007571419e-11 8.129322832e-11 9.942337255e-11 8.294742604e-11 9.650933889e-11 8.371323392e-11 1.049071137e-10 7.849656125e-11 9.116287267e-11 9.430805775e-11 7.869033083e-11 9.026331431e-11 9.297650906e-11 9.098862723e-11 1.059315733e-10 8.316297418e-11 9.233076982e-11 9.15389024e-11 8.218528436e-11 8.262827892e-11 9.034039869e-11 7.887038212e-11 7.933295324e-11 8.122514096e-11 7.134546957e-11 9.449637189e-11 8.615449638e-11 7.451189255e-11 1.017422192e-10 7.710363631e-11 8.66937913e-11 8.542761749e-11 8.899074799e-11 7.798264186e-11 8.411339065e-11 7.89668635e-11 9.053419569e-11 8.284027418e-11 7.818840235e-11 8.195815821e-11 9.426257657e-11 8.223112121e-11 8.534568014e-11 8.255633489e-11 8.880715262e-11 9.050074808e-11 8.696801312e-11 8.699200465e-11 1.015639548e-10 8.703287711e-11 8.353007852e-11 8.406111334e-11 8.949110539e-11 9.415100993e-11 9.185484877e-11 9.217670591e-11 8.994388127e-11 9.640368075e-11 9.410063438e-11 1.003364762e-10 1.03199721e-10 8.748426274e-11 9.251750991e-11 9.303431233e-11 8.467041578e-11 8.921468352e-11 8.652467799e-11 8.555491267e-11 8.111668886e-11 8.878901287e-11 1.030077884e-10 1.035543646e-10 8.654566904e-11 9.452453804e-11 9.165987975e-11 9.677348637e-11 1.052214309e-10 9.451491667e-11 8.027272842e-11 9.281896836e-11 1.018232919e-10 8.474897944e-11 9.423040569e-11 8.624981104e-11 8.871691749e-11 8.679897375e-11 1.012636919e-10 1.11312638e-10 1.086632585e-10 8.657324662e-11 9.356599299e-11 1.0089681e-10 8.939828532e-11 9.811393156e-11 8.940244644e-11 8.910426918e-11 9.920355003e-11 1.012044973e-10 9.187067866e-11 
2.409708633e-10 2.574037217e-10 2.439521964e-10 2.278832644e-10 2.108802232e-10 2.32226212e-10 2.223662243e-10 2.212415145e-10 2.415034234e-10 2.416253739e-10 2.583866472e-10 2.353665674e-10 2.54433394e-10 2.55240479e-10 2.454797024e-10 2.630324967e-10 2.168719139e-10 2.24118735e-10 2.326215939e-10 2.275583051e-10 2.510909208e-10 2.108838256e-10 2.171880618e-10 2.206366698e-10 2.327178026e-10 2.29847781e-10 2.084546359e-10 2.152468843e-10 2.242614314e-10 2.466127512e-10 2.287991921e-10 2.103212223e-10 2.363119026e-10 2.252565151e-10 2.200113562e-10 2.41741244e-10 2.234726697e-10 2.248545616e-10 2.127565001e-10 1.975049798e-10 2.304361588e-10 2.167044008e-10 2.118451983e-10 2.192791866e-10 2.117577762e-10 2.299394734e-10 1.92587863e-10 2.205666206e-10 2.23626181e-10 2.059424254e-10 1.994487282e-10 2.175502434e-10 2.171862725e-10 2.018059897e-10 2.199327661e-10 2.326660126e-10 2.092621083e-10 2.118734531e-10 2.013351258e-10 1.887390464e-10 2.237586546e-10 2.096536649e-10 1.892084073e-10 2.206715334e-10 2.157843512e-10 2.174806775e-10 2.256636115e-10 2.238633198e-10 1.87965504e-10 1.863790177e-10 1.917739297e-10 2.021552631e-10 2.181615737e-10 2.019703013e-10 2.024754709e-10 2.007981348e-10 2.00200847e-10 2.101113698e-10 1.952229727e-10 1.960564344e-10 1.917740242e-10 2.062996825e-10 1.888508953e-10 1.896129356e-10 2.280418011e-10 1.946084482e-10 2.088573091e-10 2.270651239e-10 1.926057632e-10 1.937568867e-10 1.822876642e-10 1.896507342e-10 1.902979658e-10 1.774214098e-10 2.273206055e-10 1.993041966e-10 1.973345522e-10 2.11146071e-10 1.996541672e-10 1.971381259e-10 1.905317272e-10 1.947012724e-10 2.118553466e-10 2.004778861e-10 1.862920148e-10 1.981308121e-10 1.953934346e-10 1.982715423e-10 2.009783339e-10 2.031614872e-10 2.086902799e-10 2.188260254e-10 2.081048043e-10 2.106652818e-10 1.955791776e-10 2.086731782e-10 1.932525783e-10 1.944139589e-10 2.070781346e-10 2.149089977e-10 2.212373544e-10 2.25709467e-10 2.085031157e-10 2.204624559e-10 2.054971673e-10 2.002618706e-10 2.120090176e-10 2.061544637e-10 2.296537979e-10 2.181425214e-10 2.250133087e-10 2.30831692e-10 2.266910795e-10 2.146937958e-10 2.086813436e-10 2.191258698e-10 2.228143576e-10 2.081564751e-10 2.396849957e-10 2.032339044e-10 2.356651034e-10 2.142056551e-10 2.172873935e-10 2.427471679e-10 2.278421012e-10 2.414704426e-10 2.190853629e-10 2.2076085e-10 2.288638881e-10 2.323816463e-10 2.363923271e-10 2.354653136e-10 2.220222513e-10 2.360082432e-10 2.140648097e-10 2.103330164e-10 2.28536418e-10 2.316148656e-10 2.230691983e-10 2.30989094e-10 2.411520394e-10 2.309658183e-10 2.314738867e-10 2.29134974e-10 2.398909299e-10 2.274739267e-10 2.456368715e-10 2.189814789e-10 2.392459305e-10 2.485717757e-10 2.369494562e-10 2.455491732e-10 2.438991568e-10 2.325198776e-10 2.368705975e-10 2.683641288e-10 2.226117821e-10 2.602933354e-10 2.233266269e-10 2.411043497e-10 
4.447319754e-10 4.241768221e-10 4.201538681e-10 4.492396564e-10 4.105563358e-10 4.320996795e-10 3.990917284e-10 4.027016178e-10 4.317332499e-10 4.476470255e-10 4.174629401e-10 4.274127624e-10 4.356830342e-10 3.919985788e-10 4.184658103e-10 3.946851709e-10 4.27811419e-10 4.220661941e-10 4.443751762e-10 4.398783106e-10 4.246943407e-10 4.013477363e-10 4.239081199e-10 4.25738235e-10 3.93712332e-10 3.96389926e-10 4.038376814e-10 4.558897661e-10 3.977092824e-10 3.935736167e-10 4.129490441e-10 4.161243669e-10 4.027881369e-10 4.411497574e-10 4.054264166e-10 4.177649619e-10 4.1107403e-10 4.103185334e-10 4.354578546e-10 3.969681951e-10 3.768071798e-10 3.767760203e-10 3.90216577e-10 3.702342567e-10 3.789613565e-10 3.535262721e-10 3.742871533e-10 3.768772566e-10 3.647201942e-10 3.362826286e-10 3.574002885e-10 4.037334492e-10 3.807321862e-10 3.906066957e-10 3.614532009e-10 3.260591816e-10 3.436806199e-10 3.946210927e-10 3.69514644e-10 3.592553936e-10 3.661529739e-10 3.711823559e-10 3.638320377e-10 3.68419819e-10 3.630802363e-10 3.574494914e-10 3.558466736e-10 3.6923088e-10 3.535746583e-10 3.710670518e-10 3.277712502e-10 3.564133125e-10 3.316682076e-10 3.711820399e-10 3.233380625e-10 3.488636873e-10 3.45251902e-10 3.417156558e-10 3.517250923e-10 3.720871947e-10 3.433568475e-10 3.52120198e-10 3.811487644e-10 3.674770282e-10 3.479325586e-10 3.438007656e-10 3.422797437e-10 3.672032201e-10 3.219409924e-10 3.273317467e-10 3.495238571e-10 3.082721625e-10 3.514871067e-10 3.718518105e-10 3.840504995e-10 3.49029793e-10 3.232610774e-10 3.579008143e-10 3.34615539e-10 3.635222612e-10 3.704305811e-10 3.531440533e-10 3.525787239e-10 3.918420577e-10 3.733045621e-10 3.672487968e-10 3.684942384e-10 3.544885997e-10 3.502549053e-10 3.753192321e-10 3.655151957e-10 3.277146281e-10 3.672858417e-10 3.88711352e-10 3.504061541e-10 3.779581914e-10 3.873709467e-10 3.604017011e-10 3.726698907e-10 3.525565961e-10 3.781787764e-10 3.604450772e-10 3.978779417e-10 3.848480207e-10 3.646103824e-10 3.543169803e-10 3.826119843e-10 3.623664973e-10 4.157565243e-10 3.859891198e-10 3.85793996e-10 3.889006934e-10 3.832998555e-10 3.669137019e-10 3.86237349e-10 3.853667337e-10 3.743131183e-10 3.896296211e-10 3.408902162e-10 3.865847763e-10 3.918332537e-10 3.82206176e-10 4.31343358e-10 3.992761242e-10 4.015663515e-10 3.768817575e-10 4.202497781e-10 3.940839546e-10 4.048376173e-10 4.240933199e-10 4.023780244e-10 4.140121925e-10 4.253335829e-10 3.943571469e-10 4.504290159e-10 3.948546853e-10 4.302157254e-10 4.070433882e-10 4.424861433e-10 4.019785131e-10 4.02796339e-10 4.194444386e-10 4.217261191e-10 4.258294485e-10 4.129236402e-10 4.340198442e-10 4.214580272e-10 4.300162578e-10 3.989337296e-10 4.505199827e-10 4.327924471e-10 4.209036458e-10 4.383706634e-10 4.195835853e-10 4.219940497e-10 3.993207751e-10 4.497398189e-10 4.347377323e-10 4.267976387e-10 4.088891327e-10 
6.506562531e-10 6.047980118e-10 6.605648318e-10 6.452832827e-10 6.383195306e-10 6.458963798e-10 6.473070611e-10 6.221196511e-10 6.63708277e-10 6.775800775e-10 6.25625499e-10 6.328086568e-10 6.333947251e-10 6.405736056e-10 6.385778236e-10 6.165645792e-10 6.683245865e-10 6.225123407e-10 5.960923862e-10 5.81234588e-10 6.059349141e-10 6.155553675e-10 6.406535737e-10 6.322797451e-10 6.231632171e-10 6.17773137e-10 6.033886317e-10 6.115699756e-10 5.782445703e-10 5.865423938e-10 6.14954859e-10 5.666212668e-10 6.103005766e-10 5.971702611e-10 6.229717148e-10 6.114355172e-10 5.765108346e-10 5.807775629e-10 6.04137043e-10 6.101899482e-10 5.958976093e-10 5.774015951e-10 6.053666577e-10 5.633226827e-10 5.891951991e-10 5.397555544e-10 6.225429132e-10 5.681055784e-10 5.681432637e-10 6.019874788e-10 5.565484105e-10 5.792918555e-10 5.652487151e-10 5.369080976e-10 5.378142168e-10 5.738322402e-10 5.723334602e-10 5.511472988e-10 5.548805987e-10 5.283546715e-10 5.544026079e-10 5.545435584e-10 5.578491931e-10 5.191310923e-10 5.515569077e-10 5.581262414e-10 5.461404651e-10 5.259736445e-10 5.189150589e-10 5.500949716e-10 5.094552256e-10 5.176119704e-10 5.564352464e-10 5.267938534e-10 5.231060151e-10 5.300324247e-10 5.09695679e-10 5.067853192e-10 5.072889826e-10 5.129502975e-10 4.871642116e-10 4.733737176e-10 5.007276891e-10 5.270107225e-10 5.495262119e-10 5.23156687e-10 5.39834393e-10 5.010853469e-10 5.287127299e-10 5.20474706e-10 5.306925362e-10 5.40676652e-10 5.32867742e-10 5.068677754e-10 5.114594185e-10 5.174922114e-10 5.248320405e-10 5.178194295e-10 5.413142604e-10 5.045248731e-10 5.314456875e-10 5.191374563e-10 5.404789694e-10 5.21752495e-10 5.222640107e-10 5.40567877e-10 5.148636853e-10 5.225482405e-10 5.031869516e-10 5.345501005e-10 5.254708688e-10 4.968141761e-10 5.210285114e-10 5.193638921e-10 5.829182685e-10 5.718773132e-10 5.399330457e-10 5.475609817e-10 5.766814052e-10 5.709597168e-10 5.757194914e-10 5.429758417e-10 5.769377202e-10 5.392656491e-10 4.984501986e-10 5.441315331e-10 5.664478622e-10 5.688379922e-10 5.605343268e-10 6.022180332e-10 5.821150241e-10 5.784831299e-10 5.834208404e-10 5.827584853e-10 5.496065996e-10 5.777165163e-10 5.811300509e-10 6.124545435e-10 5.62075352e-10 6.017619366e-10 6.191325877e-10 6.017903554e-10 5.778922549e-10 6.277419221e-10 5.974022506e-10 6.103373682e-10 6.102629497e-10 5.847148916e-10 6.017788362e-10 5.929140377e-10 6.079828423e-10 6.409343296e-10 6.103058639e-10 5.983638251e-10 6.072172349e-10 6.121174291e-10 6.458093206e-10 6.135049809e-10 6.264636091e-10 6.195465712e-10 6.483912345e-10 6.23283565e-10 6.029132165e-10 6.091579634e-10 6.515488357e-10 6.275308157e-10 6.254035548e-10 6.099858175e-10 6.129690636e-10 7.07214544e-10 6.529472683e-10 6.646160618e-10 5.705070276e-10 6.743740777e-10 6.506567221e-10 5.934415102e-10 6.679936216e-10 6.448794435e-10 6.477229473e-10 6.459057581e-10 
9.117288978e-10 9.358190115e-10 8.881128917e-10 8.80336238e-10 8.976655608e-10 9.007341647e-10 9.34798062e-10 8.859584262e-10 9.037050679e-10 9.16353755e-10 9.162562863e-10 9.127700108e-10 8.926915536e-10 8.574249331e-10 9.342571436e-10 8.974761071e-10 8.623736931e-10 9.12078266e-10 8.809600956e-10 9.340905425e-10 9.098074161e-10 8.548001765e-10 8.684958798e-10 8.696922397e-10 8.344663381e-10 8.545996737e-10 8.53200906e-10 8.506917609e-10 8.331403864e-10 8.336203224e-10 8.273279756e-10 8.778151586e-10 8.267190255e-10 8.40976476e-10 8.061865248e-10 8.183669506e-10 8.268956052e-10 7.904092754e-10 8.340501842e-10 7.819627682e-10 7.876534801e-10 8.477004622e-10 8.177418683e-10 7.521295355e-10 8.322173311e-10 7.70430874e-10 8.157925431e-10 7.574283685e-10 7.901368252e-10 8.051535274e-10 8.025538199e-10 7.770329271e-10 7.453233436e-10 7.870983075e-10 7.740096868e-10 7.888840298e-10 7.46575866e-10 7.460710468e-10 7.173069082e-10 7.970399373e-10 7.374634619e-10 7.533177761e-10 7.853724965e-10 7.580211896e-10 7.463908465e-10 7.753361667e-10 7.063295441e-10 7.201150717e-10 7.569456557e-10 7.769742311e-10 7.303820707e-10 7.818120081e-10 7.363484322e-10 7.374786726e-10 7.048832162e-10 7.601527237e-10 7.665855347e-10 7.295401789e-10 7.335922885e-10 7.368002386e-10 6.767504144e-10 7.086265385e-10 8.033483344e-10 7.364606358e-10 6.82149344e-10 7.108305802e-10 7.30809424e-10 6.972245848e-10 6.748696392e-10 7.093147358e-10 7.086646173e-10 7.19161163e-10 7.075615955e-10 7.218933769e-10 7.070720497e-10 6.969849441e-10 7.269538543e-10 6.916311768e-10 7.137367187e-10 7.250940844e-10 7.500645575e-10 7.372754565e-10 7.51673005e-10 6.679974436e-10 7.598321432e-10 7.21601861e-10 7.487382971e-10 7.68083088e-10 7.48139583e-10 7.436435254e-10 7.23777989e-10 7.292625495e-10 7.129184892e-10 7.343765697e-10 7.563119556e-10 7.762161101e-10 7.489426078e-10 7.718209178e-10 7.57192679e-10 7.397576098e-10 7.544536066e-10 7.444287523e-10 7.260073845e-10 7.724103337e-10 8.058479257e-10 7.372728119e-10 7.879054285e-10 8.084726664e-10 8.045454753e-10 7.807054604e-10 8.258943037e-10 7.817162098e-10 7.611333238e-10 7.753016838e-10 8.345024329e-10 7.797925909e-10 8.079749606e-10 7.955436966e-10 8.217834087e-10 7.804887907e-10 8.18896782e-10 8.094551342e-10 8.096754175e-10 8.539807955e-10 8.226794619e-10 8.639634626e-10 8.260366444e-10 8.507996124e-10 8.567921324e-10 8.158106417e-10 8.47922318e-10 8.611021433e-10 8.668494553e-10 8.663129908e-10 8.478902832e-10 8.577474131e-10 8.716462813e-10 8.925607495e-10 8.677249805e-10 8.70872874e-10 8.425670222e-10 9.003450145e-10 8.677036287e-10 8.986586308e-10 8.815548494e-10 8.867473918e-10 8.854371865e-10 8.731591482e-10 8.78836792e-10 8.680014903e-10 8.917990997e-10 8.39961594e-10 8.651799573e-10 8.746369222e-10 8.889519119e-10 9.327363806e-10 9.222946448e-10 9.579709182e-10 8.803242983e-10 8.617264777e-10 
1.218554063e-09 1.172527004e-09 1.167675696e-09 1.186530325e-09 1.167313314e-09 1.16083776e-09 1.166802602e-09 1.129037868e-09 1.228230224e-09 1.188087078e-09 1.154313766e-09 1.18035288e-09 1.187143713e-09 1.114266719e-09 1.179316991e-09 1.161332343e-09 1.136702241e-09 1.124748774e-09 1.159759364e-09 1.180550995e-09 1.131452727e-09 1.135585385e-09 1.168768311e-09 1.121162521e-09 1.107122168e-09 1.128884422e-09 1.136031986e-09 1.059605592e-09 1.031544118e-09 1.122208438e-09 1.099434711e-09 1.10706064e-09 1.116122607e-09 1.1326975e-09 1.050712451e-09 1.071895157e-09 1.07288773e-09 1.112205937e-09 1.06186441e-09 1.101571929e-09 1.051746843e-09 1.075915846e-09 1.069027596e-09 1.052663665e-09 1.091819882e-09 1.110471651e-09 1.032553047e-09 1.031237631e-09 1.07772724e-09 1.005131718e-09 1.030465466e-09 1.040644771e-09 1.01242273e-09 1.052007672e-09 9.76223389e-10 9.767499894e-10 9.573726448e-10 9.782222991e-10 9.470296902e-10 9.828657882e-10 1.02705472e-09 9.810616343e-10 9.687451497e-10 9.749138025e-10 9.553229934e-10 9.923378326e-10 9.586500224e-10 9.736375574e-10 9.862089498e-10 9.63895636e-10 9.739964647e-10 1.004792541e-09 9.450470332e-10 8.979411001e-10 8.880442095e-10 9.545949785e-10 9.690575885e-10 9.433666215e-10 9.415850535e-10 9.714329529e-10 9.086674589e-10 9.835913912e-10 9.405544043e-10 9.360586704e-10 9.358688504e-10 9.219340095e-10 9.456354049e-10 8.974011791e-10 8.95668164e-10 9.40655002e-10 9.193800331e-10 8.981026017e-10 9.032425834e-10 9.256747043e-10 9.092600178e-10 9.147732658e-10 9.082048498e-10 9.2996462e-10 9.411021867e-10 9.514920084e-10 9.546350092e-10 9.815484527e-10 9.494693597e-10 9.830440524e-10 9.48947888e-10 9.724565969e-10 9.844698928e-10 9.510193792e-10 9.501160526e-10 9.318550023e-10 9.519935798e-10 9.227686055e-10 9.221044478e-10 1.000610604e-09 9.488506727e-10 9.928696548e-10 9.486178852e-10 9.537432893e-10 1.008269067e-09 1.00291721e-09 9.974943109e-10 1.029925907e-09 9.995701131e-10 9.468250911e-10 1.025049691e-09 1.043544021e-09 9.973993459e-10 1.006612962e-09 1.024378891e-09 1.017131551e-09 1.015445159e-09 1.043936171e-09 1.101900518e-09 1.056954615e-09 1.049464313e-09 1.006041156e-09 1.014185527e-09 1.052504624e-09 1.051199587e-09 1.02179224e-09 1.077262505e-09 1.093888037e-09 1.053942655e-09 1.061869274e-09 1.057458234e-09 1.080827718e-09 1.059249483e-09 1.057739791e-09 1.13791471e-09 1.061922044e-09 1.059548888e-09 1.140017765e-09 1.099254384e-09 1.13917546e-09 1.135832008e-09 1.091609559e-09 1.125700862e-09 1.112456554e-09 1.089651637e-09 1.13360331e-09 1.116951808e-09 1.126621111e-09 1.149325192e-09 1.172181362e-09 1.108319699e-09 1.142780643e-09 1.191443085e-09 1.207287732e-09 1.160207239e-09 1.15664678e-09 1.145105894e-09 1.190555605e-09 1.248409837e-09 1.094247508e-09 1.159960001e-09 1.193421218e-09 1.202092715e-09 1.176623718e-09 1.186020362e-09 1.183675359e-09 
1.504794551e-09 1.492782836e-09 1.46747874e-09 1.426589625e-09 1.443712366e-09 1.479349051e-09 1.446932324e-09 1.479538601e-09 1.462885248e-09 1.430047148e-09 1.452057053e-09 1.42077506e-09 1.439446836e-09 1.380621192e-09 1.455766236e-09 1.445982826e-09 1.424185e-09 1.358032061e-09 1.458876817e-09 1.373980619e-09 1.432884921e-09 1.41822762e-09 1.38988617e-09 1.404974725e-09 1.346964983e-09 1.436348519e-09 1.425717016e-09 1.500167121e-09 1.407039388e-09 1.347965957e-09 1.372840218e-09 1.404892741e-09 1.381715921e-09 1.34918159e-09 1.308486882e-09 1.320366952e-09 1.385574224e-09 1.317878652e-09 1.316185816e-09 1.327019911e-09 1.369172266e-09 1.295401595e-09 1.297119964e-09 1.352920202e-09 1.355509423e-09 1.294230755e-09 1.325609145e-09 1.278105159e-09 1.27289094e-09 1.283359184e-09 1.281394639e-09 1.243561951e-09 1.311831967e-09 1.252532665e-09 1.253005936e-09 1.260477966e-09 1.260153491e-09 1.216878362e-09 1.275637181e-09 1.27278854e-09 1.287438853e-09 1.23913548e-09 1.228068656e-09 1.238102278e-09 1.203455885e-09 1.231842467e-09 1.240949758e-09 1.18129622e-09 1.195598909e-09 1.202253489e-09 1.190766172e-09 1.191341958e-09 1.173430681e-09 1.169217409e-09 1.175656929e-09 1.188519208e-09 1.241892246e-09 1.171123817e-09 1.171896761e-09 1.176149415e-09 1.171086836e-09 1.172872169e-09 1.189084498e-09 1.191143343e-09 1.208296345e-09 1.191909396e-09 1.126651911e-09 1.139050703e-09 1.176140227e-09 1.177988929e-09 1.233970923e-09 1.175901139e-09 1.191283253e-09 1.16737885e-09 1.130121426e-09 1.181526847e-09 1.191788336e-09 1.184548658e-09 1.195181214e-09 1.176490379e-09 1.187029498e-09 1.162653872e-09 1.193691858e-09 1.15415414e-09 1.206920985e-09 1.227706835e-09 1.170732778e-09 1.170130422e-09 1.201474661e-09 1.210548271e-09 1.234238056e-09 1.251046743e-09 1.235352812e-09 1.180062064e-09 1.256397829e-09 1.209095054e-09 1.248997098e-09 1.202985582e-09 1.307027685e-09 1.283161372e-09 1.153289559e-09 1.213151617e-09 1.254246041e-09 1.238924029e-09 1.225795987e-09 1.264728844e-09 1.286698671e-09 1.256328798e-09 1.298705734e-09 1.28164376e-09 1.250386203e-09 1.30860961e-09 1.26970119e-09 1.285665607e-09 1.310820177e-09 1.353497201e-09 1.252235622e-09 1.272795364e-09 1.284673063e-09 1.291331559e-09 1.342173265e-09 1.340028301e-09 1.383767705e-09 1.348685874e-09 1.291143636e-09 1.403165272e-09 1.386816612e-09 1.3551042e-09 1.449748087e-09 1.404243462e-09 1.379975523e-09 1.379167052e-09 1.42553346e-09 1.437219835e-09 1.377151441e-09 1.407126042e-09 1.357672863e-09 1.336070963e-09 1.409085219e-09 1.370381291e-09 1.361299927e-09 1.414825455e-09 1.47601365e-09 1.472325652e-09 1.428014663e-09 1.421720448e-09 1.458420903e-09 1.367589899e-09 1.440158245e-09 1.481854331e-09 1.440092493e-09 1.483816366e-09 1.467681364e-09 1.47788902e-09 1.440366964e-09 1.457152917e-09 1.498968776e-09 1.552436867e-09 1.495327431e-09 1.447517554e-09 
1.771947828e-09 1.767601595e-09 1.797461297e-09 1.775832769e-09 1.750149521e-09 1.762095569e-09 1.762109168e-09 1.78821187e-09 1.804700112e-09 1.817533838e-09 1.770526297e-09 1.748372882e-09 1.809907749e-09 1.706314618e-09 1.757368358e-09 1.801176486e-09 1.725848164e-09 1.779213424e-09 1.660722796e-09 1.735269132e-09 1.690863015e-09 1.725119233e-09 1.713652177e-09 1.669554033e-09 1.66911657e-09 1.686514022e-09 1.675920257e-09 1.677818316e-09 1.678966097e-09 1.680371175e-09 1.639729954e-09 1.677796273e-09 1.664156199e-09 1.716731003e-09 1.644997087e-09 1.637769075e-09 1.664020228e-09 1.65501209e-09 1.605539303e-09 1.643552401e-09 1.643436086e-09 1.632160699e-09 1.642326373e-09 1.622731012e-09 1.543767111e-09 1.620738458e-09 1.570356741e-09 1.58646582e-09 1.640387306e-09 1.597662854e-09 1.520997074e-09 1.610637789e-09 1.579284131e-09 1.575325518e-09 1.531921151e-09 1.554978043e-09 1.529878291e-09 1.507594875e-09 1.490904993e-09 1.543987966e-09 1.481338209e-09 1.537067887e-09 1.538090538e-09 1.479809168e-09 1.499628708e-09 1.470123796e-09 1.415244299e-09 1.47928191e-09 1.481379725e-09 1.467695083e-09 1.469166813e-09 1.438388809e-09 1.461971913e-09 1.480142704e-09 1.454091236e-09 1.489423663e-09 1.51579977e-09 1.459177095e-09 1.44100203e-09 1.458221987e-09 1.457389971e-09 1.413100569e-09 1.460253727e-09 1.461616131e-09 1.410876056e-09 1.400698608e-09 1.386215984e-09 1.389865115e-09 1.392888532e-09 1.400882831e-09 1.408678879e-09 1.394425839e-09 1.377769303e-09 1.420312082e-09 1.402881369e-09 1.440450198e-09 1.419453874e-09 1.428090191e-09 1.423267217e-09 1.347446724e-09 1.509602037e-09 1.409941625e-09 1.434943573e-09 1.439808539e-09 1.458190029e-09 1.437755636e-09 1.431878567e-09 1.472927988e-09 1.44636369e-09 1.446129369e-09 1.427056271e-09 1.454018972e-09 1.470546383e-09 1.491213058e-09 1.471795815e-09 1.500318938e-09 1.500879683e-09 1.507535952e-09 1.506603846e-09 1.552765649e-09 1.497323997e-09 1.481728241e-09 1.51017948e-09 1.556877888e-09 1.523467837e-09 1.514997289e-09 1.564716555e-09 1.577057997e-09 1.557032464e-09 1.574203589e-09 1.527732769e-09 1.590750228e-09 1.640556459e-09 1.601701274e-09 1.620520107e-09 1.560793424e-09 1.571808445e-09 1.63482168e-09 1.627715704e-09 1.628489968e-09 1.653390749e-09 1.693813081e-09 1.620682042e-09 1.637123896e-09 1.604488293e-09 1.646489215e-09 1.652706802e-09 1.655436365e-09 1.707953958e-09 1.691898228e-09 1.660259601e-09 1.740111137e-09 1.677512202e-09 1.775409835e-09 1.646185139e-09 1.706937954e-09 1.655132657e-09 1.690844309e-09 1.738621186e-09 1.725644331e-09 1.781462775e-09 1.71946859e-09 1.736447813e-09 1.709048323e-09 1.779462032e-09 1.698397416e-09 1.840624527e-09 1.769837943e-09 1.836076529e-09 1.694807969e-09 1.80849787e-09 1.73949261e-09 1.766097421e-09 1.835658379e-09 1.813368059e-09 1.851105655e-09 1.770783524e-09 1.823129707e-09 1.839375906e-09 1.757875396e-09 
2.134471318e-09 2.092810399e-09 2.070141923e-09 2.031155675e-09 2.032462484e-09 2.039792962e-09 2.134684773e-09 2.090401301e-09 2.135628215e-09 2.158182628e-09 2.090842501e-09 2.07389569e-09 2.062619054e-09 2.012875611e-09 2.157741913e-09 2.029156246e-09 2.133238716e-09 2.008867177e-09 2.093405444e-09 2.069394819e-09 2.090324675e-09 2.086632217e-09 2.033893855e-09 2.040093664e-09 2.008414478e-09 2.012838727e-09 2.046873782e-09 2.040306166e-09 2.015448145e-09 1.969377306e-09 1.94637316e-09 1.959869314e-09 1.954092752e-09 1.959395381e-09 1.993516526e-09 1.929759639e-09 1.982919077e-09 1.968791126e-09 1.968552084e-09 1.911306352e-09 1.958390486e-09 1.911446342e-09 1.837786569e-09 1.921499646e-09 1.85479601e-09 1.863798758e-09 1.824297879e-09 1.874049888e-09 1.812914873e-09 1.824334626e-09 1.901561687e-09 1.857649264e-09 1.872847043e-09 1.809101978e-09 1.937060919e-09 1.840339747e-09 1.775652721e-09 1.876515096e-09 1.838363284e-09 1.818971466e-09 1.845296886e-09 1.838755568e-09 1.805358064e-09 1.774962035e-09 1.75941731e-09 1.758617662e-09 1.858766284e-09 1.794296841e-09 1.756221368e-09 1.736447723e-09 1.793622555e-09 1.746714531e-09 1.708196924e-09 1.696994896e-09 1.679313333e-09 1.78520478e-09 1.678223977e-09 1.765039731e-09 1.689335815e-09 1.678323809e-09 1.720165428e-09 1.682958589e-09 1.754889194e-09 1.712613633e-09 1.67122815e-09 1.749777226e-09 1.770278385e-09 1.683469734e-09 1.73359788e-09 1.68624231e-09 1.706002498e-09 1.684902337e-09 1.698287596e-09 1.7971328e-09 1.688947e-09 1.718478057e-09 1.714878317e-09 1.660824675e-09 1.676492999e-09 1.671737666e-09 1.713988167e-09 1.733631291e-09 1.729912884e-09 1.744938828e-09 1.736604702e-09 1.702707431e-09 1.731799544e-09 1.732282487e-09 1.781753311e-09 1.754985362e-09 1.769007854e-09 1.723038226e-09 1.751341066e-09 1.78542946e-09 1.782106919e-09 1.775453511e-09 1.829530871e-09 1.802477197e-09 1.805180596e-09 1.793488164e-09 1.777116043e-09 1.81771956e-09 1.848332763e-09 1.866722482e-09 1.808967241e-09 1.837967967e-09 1.827624505e-09 1.866291513e-09 1.829061386e-09 1.856081418e-09 1.851866106e-09 1.882625325e-09 1.855056745e-09 1.911940382e-09 1.922200258e-09 1.881568796e-09 1.886154362e-09 1.92231136e-09 1.87965186e-09 1.946177857e-09 2.001240897e-09 1.878758773e-09 1.965033805e-09 2.057495593e-09 1.988112597e-09 2.010675064e-09 1.946231876e-09 1.947149796e-09 1.969366176e-09 1.991004145e-09 2.037813375e-09 1.948980471e-09 1.995933372e-09 2.07204424e-09 1.988185654e-09 2.01637278e-09 2.057190165e-09 2.007705054e-09 2.050248419e-09 2.061100616e-09 2.070840684e-09 2.108129626e-09 2.04720725e-09 2.067153126e-09 2.100785362e-09 2.09457438e-09 2.038226388e-09 2.127714438e-09 2.120921952e-09 2.160976753e-09 2.081743729e-09 2.089122823e-09 2.118567514e-09 2.086421786e-09 2.102870667e-09 2.14399218e-09 2.170368276e-09 2.136657002e-09 2.150731034e-09 2.13881572e-09 
2.466466748e-09 2.525060749e-09 2.421227561e-09 2.470207663e-09 2.378391489e-09 2.508193879e-09 2.459118345e-09 2.412844603e-09 2.428958174e-09 2.475108969e-09 2.45231469e-09 2.445457681e-09 2.410523507e-09 2.488267089e-09 2.41780053e-09 2.359516899e-09 2.403191197e-09 2.370625395e-09 2.494130438e-09 2.327817719e-09 2.4286544e-09 2.372450518e-09 2.364907289e-09 2.392176543e-09 2.416404936e-09 2.267674904e-09 2.350524526e-09 2.314577773e-09 2.355229815e-09 2.374261326e-09 2.31421521e-09 2.275928033e-09 2.257759029e-09 2.297823144e-09 2.28042089e-09 2.14500498e-09 2.230962825e-09 2.257852579e-09 2.237818555e-09 2.184772763e-09 2.293704046e-09 2.277583338e-09 2.350386399e-09 2.25028333e-09 2.20678121e-09 2.197400244e-09 2.183416909e-09 2.185932446e-09 2.301182559e-09 2.149740768e-09 2.136344207e-09 2.215736319e-09 2.211263579e-09 2.23123584e-09 2.104170202e-09 2.249792454e-09 2.153207151e-09 2.126754184e-09 2.129193152e-09 2.117867397e-09 2.177368726e-09 2.048679487e-09 2.080795938e-09 2.079347944e-09 2.051403602e-09 2.051122954e-09 2.03550078e-09 2.093139537e-09 2.053430687e-09 2.086579909e-09 2.083345346e-09 2.026158509e-09 2.011795019e-09 1.987996227e-09 1.989112788e-09 2.049057526e-09 2.070719399e-09 2.047958582e-09 2.004803684e-09 2.005247642e-09 2.028938749e-09 2.034006585e-09 1.988986085e-09 2.0811726e-09 1.989000965e-09 1.979251976e-09 2.004214194e-09 1.986756863e-09 1.96839992e-09 1.934419867e-09 2.026192635e-09 1.976237637e-09 2.010827357e-09 1.942021256e-09 1.973772864e-09 1.940903297e-09 2.020294883e-09 1.99623059e-09 1.976785045e-09 2.029919088e-09 1.937629256e-09 2.02032817e-09 1.990542076e-09 2.012831958e-09 2.036200693e-09 2.015609488e-09 2.013807066e-09 2.085142915e-09 1.927756729e-09 2.062693707e-09 2.040350022e-09 2.203332906e-09 2.066135279e-09 2.030280888e-09 2.123976801e-09 2.13329331e-09 2.039779397e-09 2.082345064e-09 2.137748821e-09 2.137127546e-09 2.145685969e-09 2.088027708e-09 2.115312057e-09 2.096488281e-09 2.10213462e-09 2.210366552e-09 2.178437235e-09 2.180920572e-09 2.185253841e-09 2.242154909e-09 2.151581359e-09 2.078085727e-09 2.244718639e-09 2.195017955e-09 2.218058472e-09 2.267319156e-09 2.280602786e-09 2.30707545e-09 2.258269896e-09 2.335846003e-09 2.219910975e-09 2.238457677e-09 2.240980149e-09 2.283391426e-09 2.260569576e-09 2.314329288e-09 2.285881718e-09 2.277065023e-09 2.358077285e-09 2.335328857e-09 2.278362728e-09 2.366509566e-09 2.298091058e-09 2.389653886e-09 2.376164961e-09 2.410815874e-09 2.363988754e-09 2.313452481e-09 2.313133798e-09 2.344020873e-09 2.453978056e-09 2.422383294e-09 2.395042719e-09 2.432324427e-09 2.445803504e-09 2.420533142e-09 2.465510467e-09 2.33548613e-09 2.467236068e-09 2.397567986e-09 2.413376985e-09 2.477120982e-09 2.486427709e-09 2.498641302e-09 2.456456726e-09 2.44126828e-09 2.495543041e-09 2.506991446e-09 2.4563119e-09 2.446241939e-09 
2.872193781e-09 2.753160801e-09 2.763808087e-09 2.827490862e-09 2.831256902e-09 2.826475214e-09 2.859538856e-09 2.733480549e-09 2.8129701e-09 2.83958912e-09 2.732752192e-09 2.873195751e-09 2.816413097e-09 2.829070885e-09 2.832242584e-09 2.837761147e-09 2.684960312e-09 2.758743466e-09 2.788902447e-09 2.725153894e-09 2.756151676e-09 2.724797297e-09 2.727344786e-09 2.687577594e-09 2.750953927e-09 2.731858909e-09 2.645399983e-09 2.694367426e-09 2.802532463e-09 2.715729534e-09 2.663711762e-09 2.698853867e-09 2.642509929e-09 2.608864502e-09 2.615523778e-09 2.635504075e-09 2.54607234e-09 2.619445762e-09 2.540318111e-09 2.546384067e-09 2.55924815e-09 2.465652386e-09 2.566836674e-09 2.554247867e-09 2.605746736e-09 2.478404821e-09 2.593418536e-09 2.51241485e-09 2.517069017e-09 2.534447291e-09 2.590368205e-09 2.500804783e-09 2.501196422e-09 2.495828879e-09 2.471077326e-09 2.45204296e-09 2.543659698e-09 2.461453001e-09 2.477574586e-09 2.512196081e-09 2.384356343e-09 2.430847176e-09 2.367518461e-09 2.427348646e-09 2.407619267e-09 2.398252505e-09 2.381771358e-09 2.393395556e-09 2.373095053e-09 2.374193928e-09 2.345114073e-09 2.329775749e-09 2.398770222e-09 2.347313712e-09 2.318173152e-09 2.387131834e-09 2.246311299e-09 2.3497733e-09 2.282704559e-09 2.288443183e-09 2.306684135e-09 2.343460743e-09 2.327695705e-09 2.220316492e-09 2.319983162e-09 2.275064011e-09 2.32042945e-09 2.339101661e-09 2.358569918e-09 2.305689189e-09 2.331583734e-09 2.248865707e-09 2.214789169e-09 2.381081811e-09 2.330932778e-09 2.357164592e-09 2.245310757e-09 2.28977762e-09 2.216901036e-09 2.330079507e-09 2.337375425e-09 2.308027352e-09 2.27077958e-09 2.379072373e-09 2.374698207e-09 2.322546491e-09 2.409298995e-09 2.411861472e-09 2.388049584e-09 2.388437165e-09 2.329213261e-09 2.330116376e-09 2.357670211e-09 2.393775081e-09 2.394322176e-09 2.458914389e-09 2.370467602e-09 2.325220145e-09 2.445225177e-09 2.462172243e-09 2.390063566e-09 2.44190988e-09 2.497217344e-09 2.432305728e-09 2.432682442e-09 2.556688528e-09 2.450788375e-09 2.522299004e-09 2.485677369e-09 2.527732011e-09 2.605172208e-09 2.497791809e-09 2.530378497e-09 2.502155563e-09 2.502321534e-09 2.565623371e-09 2.669622139e-09 2.543380012e-09 2.487966569e-09 2.653519109e-09 2.533215269e-09 2.610648762e-09 2.569609918e-09 2.582951638e-09 2.616215864e-09 2.618125265e-09 2.626302913e-09 2.700534327e-09 2.586515179e-09 2.685860607e-09 2.680847579e-09 2.72492098e-09 2.78253432e-09 2.654331699e-09 2.681661655e-09 2.701004834e-09 2.642595127e-09 2.721346708e-09 2.711561739e-09 2.755924506e-09 2.725569641e-09 2.71609717e-09 2.720494756e-09 2.799148286e-09 2.837877127e-09 2.757017051e-09 2.901838124e-09 2.809124612e-09 2.824731003e-09 2.821898771e-09 2.726932047e-09 2.796716909e-09 2.880111749e-09 2.893272582e-09 2.817259453e-09 2.741980398e-09 2.837358808e-09 2.850077703e-09 2.803299692e-09 2.842987631e-09 
3.167025109e-09 3.128469931e-09 3.219077561e-09 3.142069286e-09 3.183100357e-09 3.182403449e-09 3.186285757e-09 3.157594452e-09 3.226426614e-09 3.204187431e-09 3.176964586e-09 3.193851282e-09 3.095750203e-09 3.056945826e-09 3.086149126e-09 3.27567486e-09 3.194131917e-09 3.171331831e-09 3.085595303e-09 3.057280591e-09 3.112424312e-09 2.981830741e-09 3.044330876e-09 3.132265444e-09 3.083770899e-09 3.069731974e-09 3.074610256e-09 3.054946043e-09 3.053970614e-09 3.05086525e-09 2.976456344e-09 3.03049381e-09 2.869287305e-09 3.030680001e-09 2.953068175e-09 2.973616822e-09 2.948786047e-09 2.85232806e-09 2.988150926e-09 2.877944499e-09 2.998381516e-09 2.99241281e-09 2.873569815e-09 2.939743663e-09 2.899633741e-09 2.866097979e-09 2.818758098e-09 2.911466087e-09 2.897546017e-09 2.828413153e-09 2.889310276e-09 2.8799723e-09 2.788265475e-09 2.890014445e-09 2.811548096e-09 2.789587103e-09 2.816945427e-09 2.807890443e-09 2.855230371e-09 2.806157694e-09 2.771971268e-09 2.791173022e-09 2.766020134e-09 2.746443349e-09 2.701311196e-09 2.756681582e-09 2.743601904e-09 2.719892689e-09 2.767371172e-09 2.700983709e-09 2.674908871e-09 2.653445228e-09 2.693443217e-09 2.611490987e-09 2.658447176e-09 2.644325383e-09 2.603751091e-09 2.729930987e-09 2.63901366e-09 2.642059452e-09 2.687484224e-09 2.661447542e-09 2.664455285e-09 2.593501567e-09 2.664891162e-09 2.635288726e-09 2.58205888e-09 2.626149628e-09 2.563722116e-09 2.627693735e-09 2.608623387e-09 2.626565628e-09 2.633440319e-09 2.547013323e-09 2.585483158e-09 2.605646718e-09 2.687711767e-09 2.642112792e-09 2.632323429e-09 2.591972205e-09 2.693296422e-09 2.593028593e-09 2.619504657e-09 2.726132263e-09 2.622223819e-09 2.69619428e-09 2.632661279e-09 2.685269104e-09 2.682163195e-09 2.604551307e-09 2.72372436e-09 2.747092422e-09 2.789657054e-09 2.674724527e-09 2.69798379e-09 2.74897226e-09 2.692811191e-09 2.695107485e-09 2.650657071e-09 2.84186494e-09 2.685656976e-09 2.828625385e-09 2.805721561e-09 2.851773373e-09 2.750722317e-09 2.793986006e-09 2.788931523e-09 2.834869294e-09 2.767475566e-09 2.766203223e-09 2.77952351e-09 2.868343437e-09 2.924188479e-09 2.877900764e-09 2.913466177e-09 2.933131335e-09 2.901085694e-09 2.832256024e-09 2.882673491e-09 2.884341e-09 2.975372087e-09 2.892666477e-09 2.917557161e-09 2.972148528e-09 3.069170108e-09 2.953168192e-09 2.938144125e-09 3.112650827e-09 2.945515248e-09 3.012289353e-09 3.02838082e-09 3.059523062e-09 3.021363262e-09 3.103814616e-09 3.075253326e-09 3.132355215e-09 2.994623434e-09 3.030018951e-09 3.191364529e-09 3.055236126e-09 3.059116299e-09 3.140369845e-09 3.132533827e-09 3.102555817e-09 3.209799229e-09 3.094430004e-09 3.081554728e-09 3.092048897e-09 3.132167916e-09 3.151703881e-09 3.209663487e-09 3.178211776e-09 3.182315957e-09 3.26584896e-09 3.031426812e-09 3.220371963e-09 3.232442404e-09 3.198792668e-09 3.241344027e-09 3.215564159e-09 
3.644384269e-09 3.510341073e-09 3.571341602e-09 3.563744903e-09 3.551056065e-09 3.555203481e-09 3.573861718e-09 3.609935365e-09 3.468959409e-09 3.519532635e-09 3.598180353e-09 3.517754558e-09 3.61225556e-09 3.505796551e-09 3.537624585e-09 3.456507822e-09 3.52199806e-09 3.491876659e-09 3.515004134e-09 3.535864155e-09 3.428472266e-09 3.452426996e-09 3.445815064e-09 3.411523546e-09 3.398004626e-09 3.523093667e-09 3.431255941e-09 3.433316466e-09 3.461634609e-09 3.349916269e-09 3.382698955e-09 3.387764937e-09 3.376532262e-09 3.242172325e-09 3.390718774e-09 3.335646012e-09 3.364800875e-09 3.213395639e-09 3.328913838e-09 3.296845031e-09 3.283603874e-09 3.300120506e-09 3.310769929e-09 3.216924804e-09 3.267846177e-09 3.137313662e-09 3.212125146e-09 3.225987555e-09 3.201969363e-09 3.161158664e-09 3.195519066e-09 3.261820737e-09 3.239111225e-09 3.1326777e-09 3.10911931e-09 3.183731821e-09 3.127408637e-09 3.15758176e-09 3.084764349e-09 3.161596919e-09 3.191662401e-09 3.013818993e-09 3.102319872e-09 3.110680615e-09 3.014292738e-09 3.108642637e-09 3.003978333e-09 3.053749063e-09 3.120481443e-09 2.996579393e-09 3.108964113e-09 3.036161195e-09 3.106207358e-09 3.04760294e-09 2.953966924e-09 2.936796534e-09 2.980608684e-09 2.957964482e-09 2.931335553e-09 2.928456207e-09 3.033152087e-09 2.942453879e-09 3.004168776e-09 2.90332697e-09 2.945481679e-09 2.939351439e-09 2.959188326e-09 2.889668287e-09 2.949651767e-09 2.914831387e-09 2.945888254e-09 2.94410064e-09 2.891252252e-09 2.968236594e-09 2.98221449e-09 2.898682993e-09 2.967583992e-09 2.951242422e-09 2.978925462e-09 2.929731949e-09 2.970309823e-09 2.86551612e-09 2.979893429e-09 2.949409675e-09 2.946778927e-09 2.955830602e-09 3.014390105e-09 3.002415063e-09 3.067649683e-09 3.003076409e-09 3.166468527e-09 3.047160087e-09 3.050628312e-09 3.034571642e-09 3.148597117e-09 3.0925383e-09 3.011112058e-09 3.137681968e-09 3.136716695e-09 3.086702602e-09 3.045639319e-09 3.022184862e-09 3.164413001e-09 3.128226814e-09 3.217813861e-09 3.22910691e-09 3.151414906e-09 3.016477248e-09 3.230546676e-09 3.205041221e-09 3.128238384e-09 3.209857017e-09 3.27990191e-09 3.330662607e-09 3.275777802e-09 3.282289702e-09 3.326116813e-09 3.311561246e-09 3.296454346e-09 3.297492449e-09 3.277135539e-09 3.264073689e-09 3.282407977e-09 3.410855987e-09 3.375105365e-09 3.34887535e-09 3.351838718e-09 3.352627366e-09 3.231173177e-09 3.326289608e-09 3.285724592e-09 3.334800118e-09 3.350985821e-09 3.451485853e-09 3.353164734e-09 3.488484625e-09 3.442283255e-09 3.4320853e-09 3.440281821e-09 3.39784473e-09 3.421233258e-09 3.540898083e-09 3.580413892e-09 3.556241504e-09 3.419958429e-09 3.49090315e-09 3.579944102e-09 3.58265153e-09 3.469551898e-09 3.59485682e-09 3.502343483e-09 3.567586319e-09 3.592924377e-09 3.607347172e-09 3.607858381e-09 3.549831406e-09 3.637822519e-09 3.530285292e-09 3.59261019e-09 3.67722413e-09 
3.894980719e-09 3.967780551e-09 3.888764457e-09 3.957962969e-09 3.915070219e-09 3.939216894e-09 3.923450718e-09 3.857717004e-09 3.885402448e-09 3.983533039e-09 3.918855475e-09 3.936827295e-09 3.871921167e-09 3.89162768e-09 3.890337148e-09 3.85259217e-09 3.888240086e-09 3.883245724e-09 3.952729401e-09 3.893379738e-09 3.811082564e-09 3.797611152e-09 3.951230792e-09 3.713287483e-09 3.744868589e-09 3.80022187e-09 3.814222015e-09 3.805393893e-09 3.712670709e-09 3.750473687e-09 3.751209999e-09 3.848997445e-09 3.659753602e-09 3.557920296e-09 3.643739822e-09 3.68814077e-09 3.780793796e-09 3.653017569e-09 3.690262867e-09 3.657532825e-09 3.655820245e-09 3.705332143e-09 3.597486465e-09 3.639568984e-09 3.645848799e-09 3.535147226e-09 3.592869601e-09 3.528666051e-09 3.625863068e-09 3.626255004e-09 3.530730083e-09 3.51293392e-09 3.434838535e-09 3.540444337e-09 3.487578949e-09 3.464454247e-09 3.51460464e-09 3.564212039e-09 3.426761662e-09 3.461543842e-09 3.433037536e-09 3.454333996e-09 3.430774904e-09 3.440606062e-09 3.355969029e-09 3.424284114e-09 3.388884594e-09 3.279474654e-09 3.324115869e-09 3.355289684e-09 3.257936463e-09 3.342973702e-09 3.403326256e-09 3.374763091e-09 3.297575341e-09 3.475288879e-09 3.359446796e-09 3.349663275e-09 3.395384072e-09 3.351883836e-09 3.311646205e-09 3.3077594e-09 3.305047526e-09 3.256148279e-09 3.232160827e-09 3.227296853e-09 3.283904959e-09 3.356763482e-09 3.320732713e-09 3.24845766e-09 3.209334587e-09 3.295079852e-09 3.273289812e-09 3.166142704e-09 3.229682922e-09 3.267985435e-09 3.359954622e-09 3.375985493e-09 3.336392953e-09 3.291582143e-09 3.270703697e-09 3.272973881e-09 3.304484957e-09 3.384545925e-09 3.242421746e-09 3.260003322e-09 3.267469957e-09 3.387928297e-09 3.320414501e-09 3.332985692e-09 3.407684704e-09 3.449777704e-09 3.402700598e-09 3.312474547e-09 3.455246783e-09 3.381392212e-09 3.418923604e-09 3.477706169e-09 3.466048442e-09 3.47627877e-09 3.355301189e-09 3.516891035e-09 3.466085451e-09 3.483896601e-09 3.458649595e-09 3.522610225e-09 3.616488036e-09 3.498706851e-09 3.540733952e-09 3.524554461e-09 3.635457753e-09 3.533384233e-09 3.60134919e-09 3.576592397e-09 3.607161684e-09 3.598250964e-09 3.642095549e-09 3.560781701e-09 3.54257013e-09 3.607254477e-09 3.683505117e-09 3.73753665e-09 3.703460525e-09 3.704490731e-09 3.588323015e-09 3.6557838e-09 3.763659713e-09 3.690966525e-09 3.73165227e-09 3.676944446e-09 3.672917253e-09 3.807907071e-09 3.750953989e-09 3.738609849e-09 3.784894287e-09 3.78827306e-09 3.769064946e-09 3.810728185e-09 3.838843326e-09 3.837454572e-09 3.774947839e-09 3.820449849e-09 3.929248689e-09 3.901971027e-09 3.798698897e-09 3.830095904e-09 3.889665323e-09 3.915661142e-09 3.905773121e-09 3.938527783e-09 3.885221545e-09 3.92986568e-09 3.845687186e-09 3.936321317e-09 4.029636162e-09 3.9211193e-09 3.9047417e-09 3.875169503e-09 3.819448653e-09 4.012688737e-09 
4.353668258e-09 4.263994216e-09 4.392002794e-09 4.285893415e-09 4.268956006e-09 4.332551704e-09 4.254607802e-09 4.218787499e-09 4.346639127e-09 4.172369859e-09 4.183976594e-09 4.18053719e-09 4.270198097e-09 4.330845416e-09 4.284615316e-09 4.21112536e-09 4.168952037e-09 4.280495997e-09 4.191951743e-09 4.218706681e-09 4.073219926e-09 4.18024726e-09 4.194228935e-09 4.196150086e-09 4.178155737e-09 4.206096657e-09 4.04813275e-09 4.191820747e-09 4.080107171e-09 4.080226471e-09 4.074449875e-09 3.996136842e-09 4.0883051e-09 4.076489605e-09 4.021242914e-09 4.118640002e-09 4.052353476e-09 3.973615698e-09 4.06453885e-09 4.128933087e-09 3.986185438e-09 3.953154982e-09 4.086980652e-09 3.89418781e-09 3.910111088e-09 3.814540616e-09 3.894767206e-09 3.962907633e-09 3.964513871e-09 3.901456568e-09 3.949211245e-09 3.790723674e-09 3.858053573e-09 3.902460245e-09 3.804420155e-09 3.788737897e-09 3.844171436e-09 3.771105347e-09 3.849704122e-09 3.753261847e-09 3.764803445e-09 3.809988897e-09 3.727167904e-09 3.700720981e-09 3.702156131e-09 3.628062215e-09 3.665115975e-09 3.753538742e-09 3.695811224e-09 3.73403572e-09 3.605557455e-09 3.678392573e-09 3.654418166e-09 3.69911985e-09 3.654860855e-09 3.665214873e-09 3.659991648e-09 3.626561795e-09 3.675810062e-09 3.592627021e-09 3.571303902e-09 3.616712195e-09 3.591657434e-09 3.713549409e-09 3.552013219e-09 3.662429493e-09 3.538794248e-09 3.64835317e-09 3.652484612e-09 3.631481924e-09 3.563198093e-09 3.630728403e-09 3.640120618e-09 3.608781066e-09 3.604422622e-09 3.68456171e-09 3.657669367e-09 3.635259941e-09 3.536182703e-09 3.585042131e-09 3.597286771e-09 3.593660599e-09 3.657862392e-09 3.717176505e-09 3.67637032e-09 3.626024025e-09 3.618214579e-09 3.655233743e-09 3.725394952e-09 3.784459928e-09 3.701246684e-09 3.713840069e-09 3.747732115e-09 3.732826386e-09 3.772634951e-09 3.777116361e-09 3.723724482e-09 3.735385655e-09 3.879551025e-09 3.849259751e-09 3.751481223e-09 3.841942646e-09 3.864703245e-09 3.842445636e-09 3.90229689e-09 3.867721709e-09 3.918672217e-09 3.823895514e-09 3.818969778e-09 3.842246839e-09 3.882057746e-09 3.879698399e-09 3.908198014e-09 3.878524711e-09 3.798803258e-09 3.974974423e-09 3.972270368e-09 3.894528293e-09 3.920342509e-09 3.995221804e-09 3.892083612e-09 4.051989942e-09 4.036366574e-09 3.914200343e-09 4.047732656e-09 4.037121971e-09 4.061848491e-09 4.173922892e-09 4.067262688e-09 4.09788878e-09 4.169179273e-09 4.05861045e-09 4.118756578e-09 4.028620526e-09 4.094049711e-09 4.092458402e-09 4.202751814e-09 4.176560861e-09 4.189770727e-09 4.16041161e-09 4.124746853e-09 4.165550505e-09 4.222536251e-09 4.108119323e-09 4.187093199e-09 4.375893285e-09 4.189962147e-09 4.308894384e-09 4.286732436e-09 4.323117274e-09 4.178985616e-09 4.401827694e-09 4.240126986e-09 4.283774274e-09 4.416011064e-09 4.363573059e-09 4.306246111e-09 4.357035945e-09 4.243166917e-09 4.319038601e-09 
4.652811032e-09 4.780267816e-09 4.669843896e-09 4.723621946e-09 4.659322562e-09 4.571635728e-09 4.644466718e-09 4.786449653e-09 4.669602622e-09 4.60952506e-09 4.714642593e-09 4.49195918e-09 4.624412153e-09 4.590461123e-09 4.5498652e-09 4.590628961e-09 4.569446795e-09 4.631939967e-09 4.563994334e-09 4.541636657e-09 4.591681949e-09 4.594005808e-09 4.466963436e-09 4.572549456e-09 4.420371602e-09 4.5400559e-09 4.512563826e-09 4.5147524e-09 4.622397137e-09 4.547432036e-09 4.503110826e-09 4.403527052e-09 4.409666407e-09 4.451652699e-09 4.358706176e-09 4.340220125e-09 4.379290538e-09 4.363457508e-09 4.329441849e-09 4.408612885e-09 4.384342123e-09 4.318173411e-09 4.384416306e-09 4.357343612e-09 4.424794247e-09 4.320630095e-09 4.314127717e-09 4.22642074e-09 4.290185574e-09 4.210982033e-09 4.20492474e-09 4.213415662e-09 4.212935632e-09 4.247200808e-09 4.230143798e-09 4.151145411e-09 4.171776519e-09 4.116089324e-09 4.141035787e-09 4.109550715e-09 4.037068279e-09 4.204621695e-09 4.155297381e-09 4.119322498e-09 4.087954516e-09 4.06242552e-09 4.120465693e-09 4.018525943e-09 4.059852968e-09 4.02137278e-09 4.049869805e-09 3.948328973e-09 3.997000019e-09 4.00106721e-09 4.064166808e-09 3.950924282e-09 3.987479907e-09 3.871527083e-09 4.002186017e-09 3.932615497e-09 3.917809077e-09 3.98528957e-09 3.975126684e-09 3.870951095e-09 3.980197531e-09 3.922887254e-09 3.990349049e-09 3.951721763e-09 3.925342684e-09 3.932901066e-09 4.008825729e-09 3.848932364e-09 3.956378514e-09 3.99664859e-09 3.901396811e-09 3.953439178e-09 3.972969107e-09 4.065648361e-09 4.011091683e-09 3.986547227e-09 3.964923074e-09 4.026300288e-09 3.949462193e-09 3.969984613e-09 4.016148345e-09 4.007042981e-09 3.947340482e-09 3.945429357e-09 3.986753774e-09 4.047624463e-09 4.020394335e-09 4.018803963e-09 4.155374331e-09 4.121481614e-09 4.162232198e-09 3.997850945e-09 4.129063526e-09 4.129547636e-09 4.138540765e-09 4.106265221e-09 4.038607887e-09 4.12038454e-09 4.172488658e-09 4.191472235e-09 4.117920862e-09 4.138589593e-09 4.18587307e-09 4.264477622e-09 4.231694763e-09 4.20523059e-09 4.173072838e-09 4.308667247e-09 4.291755148e-09 4.278091982e-09 4.250761973e-09 4.283417764e-09 4.379094965e-09 4.310478253e-09 4.329986919e-09 4.311521369e-09 4.361937516e-09 4.319620967e-09 4.363285252e-09 4.463873345e-09 4.344024423e-09 4.340064985e-09 4.438549238e-09 4.503116573e-09 4.486571645e-09 4.493183224e-09 4.529685447e-09 4.489556334e-09 4.608275737e-09 4.612124434e-09 4.469563879e-09 4.585168383e-09 4.590732582e-09 4.538738977e-09 4.572158971e-09 4.50568972e-09 4.567524212e-09 4.620603443e-09 4.629110857e-09 4.62859243e-09 4.669580027e-09 4.603501878e-09 4.582910113e-09 4.654220255e-09 4.707361549e-09 4.704205039e-09 4.670328314e-09 4.679202994e-09 4.661195436e-09 4.692444302e-09 4.741208614e-09 4.657039778e-09 4.675835751e-09 4.743887692e-09 4.829196101e-09 4.628494229e-09 
5.087928084e-09 4.993798216e-09 5.067153913e-09 5.090802671e-09 4.993903281e-09 5.006987239e-09 5.141981507e-09 5.167660795e-09 5.03808657e-09 4.953797915e-09 5.094966199e-09 5.072631816e-09 4.993183552e-09 5.007696416e-09 4.962734701e-09 4.925210992e-09 4.97699011e-09 4.978603436e-09 4.963931322e-09 4.910686852e-09 4.823931985e-09 4.887246543e-09 4.989427041e-09 4.909404829e-09 4.849866402e-09 4.906081191e-09 4.842767796e-09 4.760929629e-09 4.848089614e-09 4.834665855e-09 4.725985603e-09 4.874076002e-09 4.929759988e-09 4.736988065e-09 4.814166712e-09 4.808479617e-09 4.78863142e-09 4.752517116e-09 4.786200447e-09 4.662820123e-09 4.766780683e-09 4.715556547e-09 4.695597326e-09 4.693730563e-09 4.648212688e-09 4.725966495e-09 4.770731363e-09 4.585738283e-09 4.596809949e-09 4.608250691e-09 4.553765701e-09 4.62704948e-09 4.550555027e-09 4.527318599e-09 4.505367907e-09 4.633352259e-09 4.536326694e-09 4.524725742e-09 4.4768382e-09 4.577297277e-09 4.470022237e-09 4.538559577e-09 4.437433837e-09 4.488751294e-09 4.392211137e-09 4.449235985e-09 4.529365599e-09 4.477293236e-09 4.512661365e-09 4.434266352e-09 4.379405247e-09 4.392509461e-09 4.449295546e-09 4.476847068e-09 4.354618051e-09 4.349770234e-09 4.405528467e-09 4.439078775e-09 4.269419817e-09 4.264109977e-09 4.420130769e-09 4.345595268e-09 4.369040614e-09 4.238226477e-09 4.364814212e-09 4.244021853e-09 4.306033961e-09 4.377634448e-09 4.204316691e-09 4.361276384e-09 4.366809996e-09 4.347670174e-09 4.229497141e-09 4.43671759e-09 4.275348545e-09 4.24724498e-09 4.237678393e-09 4.34041274e-09 4.423718546e-09 4.225556021e-09 4.366265944e-09 4.222450737e-09 4.333423732e-09 4.234711239e-09 4.301204745e-09 4.444201499e-09 4.372562923e-09 4.355825254e-09 4.339477536e-09 4.369407617e-09 4.380125781e-09 4.470327894e-09 4.359158112e-09 4.403642829e-09 4.437971831e-09 4.521071578e-09 4.502963098e-09 4.54471469e-09 4.514812508e-09 4.476002865e-09 4.429435255e-09 4.523920666e-09 4.484353283e-09 4.558533034e-09 4.622584943e-09 4.564257659e-09 4.612331736e-09 4.569569735e-09 4.53657037e-09 4.559837869e-09 4.477852357e-09 4.53348897e-09 4.535058472e-09 4.538900846e-09 4.628611992e-09 4.555441793e-09 4.76339191e-09 4.662218596e-09 4.740380502e-09 4.716972957e-09 4.819623498e-09 4.759696649e-09 4.644118003e-09 4.824213203e-09 4.780102779e-09 4.78939043e-09 4.902397824e-09 4.951149546e-09 4.728305053e-09 4.778708991e-09 4.803510503e-09 4.874643131e-09 4.8544279e-09 4.843908469e-09 4.953344849e-09 4.923511855e-09 4.896924005e-09 4.867117083e-09 4.824304492e-09 4.882037339e-09 4.85827744e-09 4.898544831e-09 4.908105539e-09 4.941073735e-09 5.014869564e-09 5.016206935e-09 5.028578707e-09 4.85059854e-09 5.205976556e-09 5.169383381e-09 5.019968531e-09 5.023223253e-09 5.031369507e-09 5.039965956e-09 5.139062907e-09 5.055051052e-09 5.044285235e-09 5.146835661e-09 5.013163155e-09 5.008419772e-09 
5.439210733e-09 5.446933068e-09 5.275269706e-09 5.440586382e-09 5.578164768e-09 5.363560913e-09 5.410975695e-09 5.305839262e-09 5.478406264e-09 5.437684893e-09 5.432607747e-09 5.451953678e-09 5.263559297e-09 5.269739175e-09 5.36386399e-09 5.335448016e-09 5.27688991e-09 5.320945182e-09 5.154525173e-09 5.232868747e-09 5.356909938e-09 5.230261834e-09 5.330929274e-09 5.213823742e-09 5.274719169e-09 5.276323969e-09 5.206453483e-09 5.188108895e-09 5.204613554e-09 5.224423958e-09 5.161827812e-09 5.260031883e-09 5.099455454e-09 5.178450786e-09 5.110171343e-09 5.24990818e-09 5.165191253e-09 5.1421696e-09 5.169689238e-09 5.114716789e-09 4.930244378e-09 5.02576744e-09 4.972415146e-09 4.958947138e-09 5.053494634e-09 4.974785708e-09 5.016662438e-09 4.966963411e-09 4.925991632e-09 4.978926891e-09 4.969528335e-09 4.952938413e-09 4.867329342e-09 5.012747382e-09 4.983131338e-09 4.827625268e-09 4.925937324e-09 4.817737139e-09 4.879300975e-09 4.831370889e-09 4.844433766e-09 4.840833715e-09 4.802616762e-09 4.848006019e-09 4.824832193e-09 4.79367963e-09 4.765808767e-09 4.791884811e-09 4.769936644e-09 4.796769032e-09 4.636506103e-09 4.872114789e-09 4.734659269e-09 4.738147306e-09 4.736893542e-09 4.662771527e-09 4.718571459e-09 4.68910081e-09 4.656815782e-09 4.748014445e-09 4.675708659e-09 4.702478423e-09 4.633203667e-09 4.638026771e-09 4.61242816e-09 4.685652515e-09 4.465818578e-09 4.731469191e-09 4.650992291e-09 4.595167511e-09 4.716689783e-09 4.633537957e-09 4.650682132e-09 4.64178191e-09 4.70549506e-09 4.609491212e-09 4.621170547e-09 4.670040163e-09 4.729045626e-09 4.621060305e-09 4.631707704e-09 4.599126751e-09 4.728734129e-09 4.734719622e-09 4.643634042e-09 4.649769435e-09 4.758510464e-09 4.750516057e-09 4.732146411e-09 4.811322429e-09 4.788267777e-09 4.802077581e-09 4.824683141e-09 4.603965113e-09 4.694125655e-09 4.711226381e-09 4.789491626e-09 4.889403048e-09 4.798098024e-09 4.806579996e-09 4.751582102e-09 4.870712328e-09 4.874967108e-09 4.894273779e-09 4.884329846e-09 4.99114699e-09 4.933530512e-09 4.884871599e-09 5.013431214e-09 4.863252411e-09 4.962454024e-09 4.900733608e-09 4.984350661e-09 5.030233204e-09 5.011285103e-09 4.95570247e-09 4.992988182e-09 5.069179923e-09 5.168103338e-09 5.040046996e-09 4.954046077e-09 5.013586175e-09 5.065618193e-09 5.219222351e-09 5.173884313e-09 5.189441499e-09 5.149997334e-09 5.17846697e-09 5.074766314e-09 5.124648484e-09 5.160112396e-09 5.151192586e-09 5.189913419e-09 5.160885446e-09 5.158276081e-09 5.20434616e-09 5.226765486e-09 5.330566477e-09 5.265442684e-09 5.229719726e-09 5.389901835e-09 5.299421845e-09 5.28692774e-09 5.401090865e-09 5.338240715e-09 5.372216837e-09 5.29492214e-09 5.386189742e-09 5.513131773e-09 5.39194093e-09 5.437578289e-09 5.484529335e-09 5.356294849e-09 5.386021136e-09 5.393190536e-09 5.380187043e-09 5.444477893e-09 5.471738629e-09 5.468408374e-09 5.494046711e-09 
5.776603858e-09 5.825091938e-09 5.754430439e-09 5.809122561e-09 5.768506945e-09 5.758840376e-09 5.849061014e-09 5.825567216e-09 5.900213659e-09 5.754019337e-09 5.729390722e-09 5.692855279e-09 5.720419994e-09 5.673208339e-09 5.763013964e-09 5.765411001e-09 5.700858804e-09 5.727931237e-09 5.738005498e-09 5.556930495e-09 5.599431401e-09 5.759464764e-09 5.674003577e-09 5.684671233e-09 5.563214062e-09 5.638611993e-09 5.560095841e-09 5.601702325e-09 5.489381801e-09 5.488770421e-09 5.552201475e-09 5.545710198e-09 5.500865049e-09 5.54400942e-09 5.529838495e-09 5.574779427e-09 5.511359502e-09 5.411865555e-09 5.431459626e-09 5.443000628e-09 5.344521638e-09 5.527366989e-09 5.494837126e-09 5.520471322e-09 5.317338614e-09 5.344675917e-09 5.36002399e-09 5.321153935e-09 5.318522087e-09 5.277041414e-09 5.27600563e-09 5.343006343e-09 5.300923707e-09 5.152659653e-09 5.205839465e-09 5.292414027e-09 5.174194901e-09 5.299943476e-09 5.193773574e-09 5.156194393e-09 5.255767972e-09 5.227171102e-09 5.078289543e-09 5.161334711e-09 5.089026613e-09 5.080991642e-09 5.079779913e-09 5.086643973e-09 5.23483774e-09 5.082733419e-09 5.14576558e-09 5.115995668e-09 4.960792787e-09 5.091720706e-09 5.073291484e-09 5.084185466e-09 4.957727854e-09 5.113256035e-09 5.023827466e-09 4.99607247e-09 5.051629274e-09 4.943895112e-09 5.064419653e-09 5.008632847e-09 4.976304853e-09 4.868871414e-09 4.939405763e-09 5.010668955e-09 4.992202454e-09 5.001419394e-09 4.985806869e-09 5.039642559e-09 5.000311354e-09 4.958457768e-09 4.984042732e-09 5.037240022e-09 4.983157083e-09 4.953571397e-09 5.006524252e-09 5.223989175e-09 4.995571154e-09 5.084633177e-09 4.978318552e-09 4.917149202e-09 4.903957296e-09 5.149208873e-09 5.075001366e-09 5.025396601e-09 5.008631149e-09 5.035606195e-09 5.022668708e-09 5.082828532e-09 5.049989275e-09 5.06966271e-09 5.171632579e-09 5.152812638e-09 5.205763031e-09 5.134734347e-09 5.18359662e-09 5.239785579e-09 5.148516301e-09 5.19173254e-09 5.141461865e-09 5.193525062e-09 5.158027742e-09 5.331282269e-09 5.222175535e-09 5.27628104e-09 5.249685255e-09 5.439408958e-09 5.339078968e-09 5.227102872e-09 5.353305163e-09 5.381354498e-09 5.419116065e-09 5.420231947e-09 5.46445446e-09 5.423388768e-09 5.426112222e-09 5.415202033e-09 5.431872735e-09 5.33858873e-09 5.490427622e-09 5.459636302e-09 5.470460941e-09 5.452760468e-09 5.513400479e-09 5.634648387e-09 5.491536928e-09 5.451875134e-09 5.608755189e-09 5.660203445e-09 5.556072098e-09 5.606577217e-09 5.525563296e-09 5.616706956e-09 5.695372951e-09 5.647725862e-09 5.750210799e-09 5.735121786e-09 5.671551971e-09 5.648029688e-09 5.669469386e-09 5.706178183e-09 5.547920698e-09 5.697065746e-09 5.725978284e-09 5.760080011e-09 5.766514596e-09 5.779687505e-09 5.716293175e-09 5.731597799e-09 5.789453803e-09 5.719557975e-09 5.796664841e-09 5.809033893e-09 5.781812747e-09 5.867809277e-09 5.807647406e-09 5.794332121e-09 
6.227095429e-09 6.231374826e-09 6.203228792e-09 6.283404969e-09 6.092113872e-09 6.09468888e-09 6.15442538e-09 6.197953552e-09 6.195925e-09 6.078018864e-09 6.163820801e-09 6.081539617e-09 6.296541388e-09 6.109419995e-09 6.106757475e-09 5.98399203e-09 6.067984181e-09 6.057290141e-09 6.026853109e-09 6.151592118e-09 6.016563512e-09 6.207608726e-09 6.004282559e-09 5.986964845e-09 5.878525125e-09 5.883791948e-09 5.829280346e-09 5.860427102e-09 5.884245349e-09 5.89537435e-09 5.983529189e-09 5.887539108e-09 5.836954878e-09 5.753498418e-09 5.786082053e-09 5.843696424e-09 5.792139786e-09 5.896772552e-09 5.777321157e-09 5.925532418e-09 5.666532397e-09 5.776225965e-09 5.748591844e-09 5.823696865e-09 5.717582991e-09 5.689989728e-09 5.737942872e-09 5.711201658e-09 5.566611978e-09 5.655188349e-09 5.609512981e-09 5.591835288e-09 5.64871907e-09 5.550377527e-09 5.499076995e-09 5.661953977e-09 5.557861996e-09 5.61422103e-09 5.469530387e-09 5.503710596e-09 5.532360638e-09 5.553168875e-09 5.391119462e-09 5.518090436e-09 5.440627346e-09 5.419136576e-09 5.438718871e-09 5.45243558e-09 5.460857061e-09 5.367039969e-09 5.393625113e-09 5.47176199e-09 5.319035611e-09 5.428073897e-09 5.432084126e-09 5.380495733e-09 5.352431083e-09 5.369651416e-09 5.230206406e-09 5.330062652e-09 5.323946805e-09 5.38297856e-09 5.26198355e-09 5.356735022e-09 5.307047061e-09 5.204289743e-09 5.3428021e-09 5.242136804e-09 5.280948463e-09 5.377121204e-09 5.327186618e-09 5.341349596e-09 5.357104045e-09 5.373303284e-09 5.265002109e-09 5.402726277e-09 5.380082812e-09 5.366313547e-09 5.227336582e-09 5.369309564e-09 5.35859567e-09 5.374547146e-09 5.236475661e-09 5.260455549e-09 5.477319523e-09 5.462747494e-09 5.236363886e-09 5.280015086e-09 5.382162046e-09 5.450404811e-09 5.469316034e-09 5.409158473e-09 5.329468728e-09 5.30675616e-09 5.35838285e-09 5.410764501e-09 5.420143255e-09 5.591016023e-09 5.56664625e-09 5.512760016e-09 5.630315077e-09 5.601758905e-09 5.571475909e-09 5.626198533e-09 5.484306324e-09 5.634316626e-09 5.689023056e-09 5.517099602e-09 5.563606132e-09 5.714334719e-09 5.57836334e-09 5.728921494e-09 5.687728005e-09 5.666657308e-09 5.745411439e-09 5.654053029e-09 5.646403593e-09 5.90667818e-09 5.687323227e-09 5.847849594e-09 5.745258041e-09 5.915494716e-09 5.851585046e-09 5.791150745e-09 5.752170333e-09 5.918793534e-09 5.912733658e-09 5.850419288e-09 5.804367591e-09 5.950559554e-09 5.840532536e-09 5.900255997e-09 5.964236919e-09 5.91539433e-09 5.84763312e-09 5.927639105e-09 6.022264456e-09 6.062917882e-09 6.065311424e-09 5.990815793e-09 6.041545175e-09 5.979140367e-09 6.003209894e-09 6.067065882e-09 6.191670099e-09 6.207715789e-09 6.19801083e-09 6.083996558e-09 6.135459414e-09 6.234057244e-09 6.026905396e-09 6.198290252e-09 6.024965009e-09 6.199027004e-09 6.050047901e-09 6.163311591e-09 6.314848477e-09 6.209850104e-09 6.170630098e-09 6.242244756e-09 
6.436509011e-09 6.642721342e-09 6.553002789e-09 6.503992675e-09 6.38929826e-09 6.510116792e-09 6.497996976e-09 6.352034654e-09 6.582567582e-09 6.593470045e-09 6.498000247e-09 6.537552229e-09 6.432228464e-09 6.422542595e-09 6.440279443e-09 6.541195454e-09 6.292055838e-09 6.413744449e-09 6.487559946e-09 6.364785913e-09 6.289855638e-09 6.276672079e-09 6.239427763e-09 6.211695334e-09 6.333559338e-09 6.300936401e-09 6.357139781e-09 6.311421236e-09 6.177386103e-09 6.137184292e-09 6.260469297e-09 6.248917872e-09 6.279126974e-09 6.168168114e-09 6.191149104e-09 6.222015509e-09 6.169326669e-09 6.17378068e-09 6.144194149e-09 6.188256258e-09 6.090952792e-09 6.061148273e-09 6.050719499e-09 6.064900211e-09 6.057497766e-09 5.913821744e-09 5.923163672e-09 6.091846386e-09 5.97555103e-09 5.951877964e-09 5.850250248e-09 6.009658239e-09 5.969849328e-09 5.908294525e-09 5.975013783e-09 5.95072865e-09 5.951402923e-09 5.931554636e-09 5.855806352e-09 5.852265473e-09 5.85013379e-09 5.851111083e-09 5.809427905e-09 5.834363819e-09 5.824259337e-09 5.827439881e-09 5.661019082e-09 5.733291598e-09 5.677567777e-09 5.768101469e-09 5.840852232e-09 5.662627188e-09 5.710946523e-09 5.655364495e-09 5.675670895e-09 5.665876301e-09 5.703922032e-09 5.689069927e-09 5.625412332e-09 5.703641235e-09 5.679947679e-09 5.683560891e-09 5.58978347e-09 5.760590305e-09 5.778908816e-09 5.61141086e-09 5.721719688e-09 5.514308469e-09 5.601382847e-09 5.67290668e-09 5.645198924e-09 5.642176668e-09 5.61168328e-09 5.544010088e-09 5.684029947e-09 5.653549131e-09 5.644139463e-09 5.609388848e-09 5.649209551e-09 5.658091922e-09 5.696815067e-09 5.745039877e-09 5.604763323e-09 5.823035135e-09 5.811639936e-09 5.687332349e-09 5.714740239e-09 5.680416593e-09 5.745849592e-09 5.790781957e-09 5.724950296e-09 5.779373306e-09 5.844493675e-09 5.848269752e-09 5.828626803e-09 5.850680752e-09 5.792918723e-09 5.931160276e-09 5.72632898e-09 5.934838481e-09 5.818839378e-09 5.924626768e-09 5.825289822e-09 5.934980192e-09 5.833765449e-09 5.943348769e-09 5.91230417e-09 5.988863496e-09 6.020629759e-09 6.094706675e-09 6.09958068e-09 5.994623412e-09 6.099181453e-09 6.134747091e-09 6.14932935e-09 6.044181424e-09 6.077579288e-09 6.066720966e-09 6.063941412e-09 6.141127365e-09 6.128336423e-09 6.120020335e-09 6.089667511e-09 6.102209141e-09 6.258270013e-09 6.240520558e-09 6.26554029e-09 6.234106397e-09 6.238562395e-09 6.227098329e-09 6.18741876e-09 6.143768537e-09 6.244485789e-09 6.376236961e-09 6.282004709e-09 6.322423795e-09 6.411135148e-09 6.292578737e-09 6.216295616e-09 6.26401569e-09 6.44936584e-09 6.403489905e-09 6.414771671e-09 6.395767678e-09 6.475827403e-09 6.400958374e-09 6.599799902e-09 6.536173561e-09 6.442462509e-09 6.430217932e-09 6.502254327e-09 6.501666027e-09 6.587463602e-09 6.544318721e-09 6.426702655e-09 6.667049347e-09 6.536292859e-09 6.606631894e-09 6.509073428e-09 6.504367402e-09 
6.882804724e-09 6.968724953e-09 6.89801374e-09 6.848215731e-09 6.80378425e-09 6.922856254e-09 6.789388615e-09 6.829451979e-09 6.812123342e-09 6.842353442e-09 6.962930817e-09 6.887509086e-09 6.859271641e-09 6.751679923e-09 6.702768213e-09 6.767169081e-09 6.673549205e-09 6.747384972e-09 6.699287036e-09 6.79380217e-09 6.605919448e-09 6.846468597e-09 6.61314303e-09 6.640839481e-09 6.812134016e-09 6.682648702e-09 6.639272894e-09 6.660584695e-09 6.722326602e-09 6.586861183e-09 6.556428349e-09 6.503253084e-09 6.699302881e-09 6.380977512e-09 6.598528978e-09 6.483892352e-09 6.383876112e-09 6.436437234e-09 6.473706209e-09 6.397847694e-09 6.416945165e-09 6.418915757e-09 6.432887881e-09 6.590983588e-09 6.433886928e-09 6.244319377e-09 6.300840384e-09 6.31549766e-09 6.452856378e-09 6.303468695e-09 6.396946803e-09 6.272822962e-09 6.329753846e-09 6.192514046e-09 6.260586444e-09 6.308903306e-09 6.220662579e-09 6.280715236e-09 6.223221602e-09 6.141604701e-09 6.296910952e-09 6.108187022e-09 6.171157493e-09 6.059318506e-09 6.081936326e-09 6.05579238e-09 6.176727048e-09 6.034543285e-09 5.982039801e-09 6.070629653e-09 6.099886983e-09 6.12606538e-09 6.072938962e-09 6.049538037e-09 6.017371144e-09 6.087802492e-09 5.96150721e-09 5.997962175e-09 6.094458972e-09 6.01664911e-09 5.929003068e-09 6.009632874e-09 5.980845972e-09 6.051438508e-09 5.980318069e-09 5.941720823e-09 6.046457955e-09 5.951687925e-09 5.969618075e-09 5.889486034e-09 5.951981335e-09 5.96074706e-09 5.994881374e-09 5.952185193e-09 5.94052595e-09 5.891847521e-09 6.049492785e-09 6.00574846e-09 6.004656256e-09 6.068381989e-09 6.149160297e-09 5.964730356e-09 6.019678271e-09 6.066296269e-09 6.030769741e-09 5.928722076e-09 6.074329857e-09 5.98471416e-09 6.132402941e-09 6.137107547e-09 6.097705424e-09 6.045190245e-09 6.054856227e-09 6.134674918e-09 6.083112127e-09 6.094167491e-09 6.04569477e-09 6.21643166e-09 6.012480598e-09 6.277621479e-09 6.20095624e-09 6.20381772e-09 6.181829063e-09 6.290941015e-09 6.188237452e-09 6.355687165e-09 6.225946003e-09 6.330531066e-09 6.272708207e-09 6.53000231e-09 6.346798762e-09 6.359503562e-09 6.366009781e-09 6.317293048e-09 6.353244398e-09 6.303022159e-09 6.31522969e-09 6.534237954e-09 6.408645002e-09 6.465255104e-09 6.56836492e-09 6.534931733e-09 6.503111662e-09 6.531384015e-09 6.690981657e-09 6.403301177e-09 6.472531576e-09 6.559485669e-09 6.698416733e-09 6.534125814e-09 6.664229866e-09 6.58785421e-09 6.654021847e-09 6.632848377e-09 6.561549996e-09 6.591912895e-09 6.774558043e-09 6.67757899e-09 6.723263843e-09 6.683854164e-09 6.709812717e-09 6.754633803e-09 6.655180881e-09 6.684663614e-09 6.883760089e-09 6.750417693e-09 6.718523032e-09 6.863001128e-09 6.905498221e-09 6.934700786e-09 6.728564393e-09 6.833417814e-09 6.947462845e-09 7.003265016e-09 6.799466221e-09 6.86923028e-09 6.943985649e-09 6.95709808e-09 6.917977957e-09 6.930124991e-09 
7.172152705e-09 7.260569815e-09 7.296392533e-09 7.242722594e-09 7.243326323e-09 7.081936014e-09 7.201224576e-09 7.157786918e-09 7.210143615e-09 7.149295862e-09 7.21701207e-09 7.030043892e-09 7.13244804e-09 7.158610746e-09 7.133270075e-09 7.147235337e-09 6.994335986e-09 7.075759581e-09 7.066160435e-09 7.150219994e-09 6.991817197e-09 6.934423081e-09 7.109313329e-09 6.910694781e-09 6.964426484e-09 7.041430321e-09 6.970376947e-09 6.91387379e-09 6.961378076e-09 6.974608201e-09 6.830622073e-09 6.800407346e-09 6.963610145e-09 6.79069855e-09 6.938824788e-09 7.019873222e-09 6.735015201e-09 6.840324297e-09 6.836777952e-09 6.768983037e-09 6.842235321e-09 6.733950429e-09 6.740462238e-09 6.837317144e-09 6.723139661e-09 6.698441606e-09 6.782181016e-09 6.647329031e-09 6.705712762e-09 6.590207181e-09 6.683428634e-09 6.676809442e-09 6.618076329e-09 6.688799456e-09 6.738732525e-09 6.602740984e-09 6.711130961e-09 6.605192392e-09 6.540705961e-09 6.616951695e-09 6.47699249e-09 6.460974325e-09 6.469903746e-09 6.51047372e-09 6.396415457e-09 6.418839379e-09 6.308165518e-09 6.408768225e-09 6.488321341e-09 6.406430437e-09 6.373965216e-09 6.404514573e-09 6.491599856e-09 6.267343886e-09 6.416886211e-09 6.359800902e-09 6.251368641e-09 6.24512094e-09 6.256146892e-09 6.275172396e-09 6.261582522e-09 6.215285907e-09 6.274960714e-09 6.326250001e-09 6.184430406e-09 6.317044279e-09 6.382451021e-09 6.273510181e-09 6.362126308e-09 6.33486845e-09 6.266534582e-09 6.338811969e-09 6.341662028e-09 6.303196713e-09 6.232436719e-09 6.28685639e-09 6.23852901e-09 6.368905918e-09 6.234181642e-09 6.308992153e-09 6.34630136e-09 6.395097688e-09 6.099152849e-09 6.242486846e-09 6.423214641e-09 6.317188639e-09 6.310996741e-09 6.414658948e-09 6.332851945e-09 6.395740473e-09 6.253417236e-09 6.355533842e-09 6.358717927e-09 6.538501745e-09 6.410596229e-09 6.379848316e-09 6.558649276e-09 6.475871813e-09 6.392646508e-09 6.582082834e-09 6.478052268e-09 6.650672662e-09 6.557321617e-09 6.430321935e-09 6.613233183e-09 6.681849479e-09 6.627818354e-09 6.619101457e-09 6.536049914e-09 6.586284264e-09 6.668167954e-09 6.602133186e-09 6.562899538e-09 6.772237871e-09 6.744742e-09 6.782797806e-09 6.732126526e-09 6.653739405e-09 6.636254956e-09 6.765795282e-09 6.748361113e-09 6.748482919e-09 6.863283489e-09 6.844781941e-09 6.83792064e-09 6.789618619e-09 7.005372851e-09 6.759983241e-09 6.924615559e-09 6.938768288e-09 6.908546881e-09 7.055931549e-09 7.052399167e-09 7.071745852e-09 6.975740308e-09 6.915403835e-09 7.003010371e-09 7.144839526e-09 6.927995642e-09 6.956740652e-09 7.031537505e-09 7.138896137e-09 7.176753898e-09 7.01826844e-09 7.090026753e-09 7.05375926e-09 7.195354761e-09 7.194906876e-09 7.061921967e-09 7.097332017e-09 7.201399127e-09 7.097120605e-09 7.144078966e-09 7.203804574e-09 7.153681213e-09 7.2354243e-09 7.194514058e-09 7.288394175e-09 7.20885979e-09 7.178950807e-09 
7.613397367e-09 7.568555538e-09 7.567222787e-09 7.372175519e-09 7.506464684e-09 7.415491464e-09 7.60432081e-09 7.649038981e-09 7.548369466e-09 7.528481826e-09 7.430820081e-09 7.41904349e-09 7.539115063e-09 7.51671895e-09 7.373568919e-09 7.466550883e-09 7.280221935e-09 7.425683477e-09 7.368834827e-09 7.411622243e-09 7.485759816e-09 7.4835683e-09 7.428601972e-09 7.338846725e-09 7.300339115e-09 7.249643048e-09 7.397843514e-09 7.270864093e-09 7.167866028e-09 7.204965652e-09 7.153695326e-09 7.253580515e-09 7.193933961e-09 7.251940258e-09 7.223092262e-09 7.092187228e-09 7.1388e-09 7.256467865e-09 7.214839893e-09 6.990909804e-09 7.10030206e-09 6.999775186e-09 7.084288178e-09 6.947408051e-09 7.14168494e-09 7.066465838e-09 7.039657493e-09 6.990429846e-09 7.036050364e-09 7.130997541e-09 6.99005501e-09 7.0177973e-09 7.006178043e-09 6.941044254e-09 6.89611458e-09 6.860841455e-09 6.857902048e-09 6.798382046e-09 6.816298316e-09 6.810457084e-09 6.766010926e-09 6.647497524e-09 6.758037306e-09 6.826976005e-09 6.645210676e-09 6.840708189e-09 6.747428397e-09 6.633486525e-09 6.783651796e-09 6.779850826e-09 6.640068276e-09 6.767854676e-09 6.640804371e-09 6.677903904e-09 6.600070853e-09 6.711125733e-09 6.692150188e-09 6.670122077e-09 6.609553606e-09 6.558897314e-09 6.564500171e-09 6.527662611e-09 6.59671414e-09 6.530936209e-09 6.519128036e-09 6.654050364e-09 6.568328357e-09 6.504191467e-09 6.611545095e-09 6.492308211e-09 6.563112482e-09 6.78043288e-09 6.566356277e-09 6.607201957e-09 6.563246257e-09 6.628418545e-09 6.629475523e-09 6.585836142e-09 6.547191326e-09 6.648187293e-09 6.605231846e-09 6.6362768e-09 6.614169685e-09 6.702030886e-09 6.569569159e-09 6.697115308e-09 6.781514271e-09 6.55666368e-09 6.7057234e-09 6.753874715e-09 6.640262451e-09 6.710971538e-09 6.73176737e-09 6.683751173e-09 6.788087117e-09 6.834053908e-09 6.86896592e-09 6.845702661e-09 6.805143549e-09 6.817943593e-09 6.984552663e-09 6.756237136e-09 6.870492916e-09 6.799019192e-09 6.909275374e-09 6.968915707e-09 6.966881822e-09 6.972922028e-09 6.935860035e-09 6.947021499e-09 6.836699118e-09 7.039170776e-09 6.835016918e-09 6.934568509e-09 7.00600219e-09 7.104356016e-09 7.260221601e-09 6.971786787e-09 7.003172463e-09 7.17690669e-09 7.18113972e-09 7.191054645e-09 7.161942562e-09 7.207265857e-09 7.167624005e-09 7.050835668e-09 7.131203781e-09 7.168323586e-09 7.327438705e-09 7.385661018e-09 7.294654131e-09 7.384253468e-09 7.199467172e-09 7.32677991e-09 7.371605647e-09 7.33681982e-09 7.394764516e-09 7.330893506e-09 7.390605332e-09 7.284268522e-09 7.42178681e-09 7.290429056e-09 7.354775154e-09 7.386332727e-09 7.516798837e-09 7.341554107e-09 7.372437922e-09 7.577105211e-09 7.518154394e-09 7.60383112e-09 7.529786485e-09 7.679308076e-09 7.533101032e-09 7.523165921e-09 7.587718265e-09 7.601920319e-09 7.611184893e-09 7.614725089e-09 7.492696142e-09 7.581581795e-09 
7.73974531e-09 7.975757646e-09 7.892141702e-09 7.994725488e-09 7.848807352e-09 7.814202399e-09 7.973498586e-09 7.753833036e-09 7.916067154e-09 7.776103672e-09 7.667951408e-09 7.778165096e-09 7.785587862e-09 7.808468973e-09 7.786461684e-09 7.716897301e-09 7.678120845e-09 7.753365805e-09 7.611703662e-09 7.587454894e-09 7.710581334e-09 7.758101292e-09 7.674118537e-09 7.641079013e-09 7.555698051e-09 7.533023613e-09 7.502286555e-09 7.511072956e-09 7.661785585e-09 7.525194248e-09 7.693252994e-09 7.544874346e-09 7.476163199e-09 7.501358856e-09 7.460744257e-09 7.462100336e-09 7.515020077e-09 7.554551199e-09 7.462438272e-09 7.457933709e-09 7.370109492e-09 7.399612731e-09 7.230892225e-09 7.374127407e-09 7.355666426e-09 7.313886019e-09 7.465625462e-09 7.307057564e-09 7.252620919e-09 7.33310528e-09 7.213567242e-09 7.231397146e-09 7.346937247e-09 7.266368593e-09 7.133254971e-09 7.10966633e-09 7.253871264e-09 7.076903776e-09 7.118479567e-09 7.056346982e-09 7.078776647e-09 7.031716049e-09 7.171802188e-09 7.1061614e-09 7.070963173e-09 7.0359944e-09 6.934620319e-09 7.058067395e-09 7.072100958e-09 7.130349498e-09 7.094795169e-09 6.804894622e-09 7.00391693e-09 6.936004714e-09 6.831458923e-09 7.048026001e-09 7.017575357e-09 6.766929854e-09 6.828114846e-09 6.952637829e-09 6.909301601e-09 6.917362845e-09 6.8977805e-09 6.828234636e-09 6.975156027e-09 6.895625551e-09 6.864202135e-09 6.885691923e-09 6.831254984e-09 6.871343398e-09 6.96118611e-09 6.886648878e-09 6.895782526e-09 6.847487057e-09 6.747830763e-09 6.800681985e-09 6.813003591e-09 6.810710361e-09 7.071792003e-09 6.881377931e-09 6.827173824e-09 6.741257331e-09 7.04044929e-09 6.844471508e-09 6.950715201e-09 6.864625508e-09 6.976316485e-09 6.981566392e-09 6.874263359e-09 7.057897252e-09 7.143228669e-09 7.130847736e-09 7.034029224e-09 6.890740096e-09 7.023920182e-09 7.006519369e-09 7.019327972e-09 6.933315194e-09 7.031746069e-09 7.067619887e-09 7.167421237e-09 7.043770387e-09 7.087043756e-09 7.082398775e-09 6.929405476e-09 7.200366772e-09 7.210180417e-09 7.331897897e-09 7.186190557e-09 7.363428337e-09 7.254393087e-09 7.346441271e-09 7.227559672e-09 7.352528999e-09 7.385926681e-09 7.353679783e-09 7.283434871e-09 7.189997122e-09 7.328955758e-09 7.367010995e-09 7.511318164e-09 7.382869732e-09 7.392515828e-09 7.370348388e-09 7.365852093e-09 7.461661272e-09 7.395731393e-09 7.503842314e-09 7.442558959e-09 7.590845886e-09 7.465259569e-09 7.58403635e-09 7.607028303e-09 7.550758818e-09 7.572524583e-09 7.607892135e-09 7.686391008e-09 7.521801433e-09 7.70270512e-09 7.647130905e-09 7.798906411e-09 7.7218025e-09 7.897200129e-09 7.748170699e-09 7.740983779e-09 7.680300904e-09 7.734832233e-09 7.79145696e-09 7.657731625e-09 7.818572044e-09 7.878188742e-09 7.677953232e-09 7.846572252e-09 7.920169619e-09 7.734188429e-09 7.819944173e-09 7.862322916e-09 7.758550213e-09 7.789472333e-09 7.785183376e-09 
8.18913174e-09 8.173457522e-09 8.215986861e-09 8.189124645e-09 8.042821229e-09 8.148933564e-09 8.281271203e-09 8.120654973e-09 8.185799144e-09 8.071059682e-09 8.041194691e-09 8.154625514e-09 8.105909248e-09 8.054618469e-09 7.987552063e-09 8.083006837e-09 8.098319809e-09 7.927335085e-09 8.014533425e-09 7.966268146e-09 7.858566161e-09 7.946785687e-09 8.028553926e-09 7.842791088e-09 7.81575825e-09 7.925026357e-09 7.992769093e-09 7.838045125e-09 7.85753992e-09 7.855513361e-09 7.906342635e-09 7.797502339e-09 7.691276056e-09 7.961622833e-09 7.924704412e-09 7.800679179e-09 7.790057783e-09 7.834870818e-09 7.680175536e-09 7.765612341e-09 7.738505192e-09 7.698090703e-09 7.698292333e-09 7.658602953e-09 7.625002547e-09 7.59582676e-09 7.6838949e-09 7.702753017e-09 7.598266817e-09 7.622811161e-09 7.51672514e-09 7.632605356e-09 7.5555254e-09 7.498425457e-09 7.500590977e-09 7.484312664e-09 7.409088761e-09 7.457752255e-09 7.494823958e-09 7.359850014e-09 7.302431658e-09 7.422113369e-09 7.33599331e-09 7.444931979e-09 7.292628613e-09 7.198294485e-09 7.42460458e-09 7.318081924e-09 7.461987984e-09 7.360385637e-09 7.215049727e-09 7.405493177e-09 7.280187406e-09 7.167159792e-09 7.190821583e-09 7.232522022e-09 7.220509941e-09 7.175067043e-09 7.235880048e-09 7.136941458e-09 7.261326548e-09 7.245791001e-09 7.159983837e-09 7.22195915e-09 7.125277796e-09 7.263627673e-09 7.217368739e-09 7.222338723e-09 7.231581672e-09 7.024339603e-09 7.249351767e-09 7.218586527e-09 7.163224762e-09 7.146200104e-09 7.178709871e-09 7.174227425e-09 7.155715786e-09 7.094718597e-09 7.237089675e-09 7.243647337e-09 7.166891199e-09 7.329952949e-09 7.187488595e-09 7.186707455e-09 7.282126148e-09 7.235278764e-09 7.247251224e-09 7.33433424e-09 7.355737777e-09 7.26665826e-09 7.417191548e-09 7.297742537e-09 7.328662895e-09 7.306227667e-09 7.292230714e-09 7.331681014e-09 7.345135521e-09 7.419046325e-09 7.290822669e-09 7.426238248e-09 7.339655112e-09 7.475540507e-09 7.420225291e-09 7.348996933e-09 7.342281659e-09 7.454774881e-09 7.520086657e-09 7.600203533e-09 7.52557304e-09 7.602003539e-09 7.554595725e-09 7.553464779e-09 7.627494233e-09 7.671288141e-09 7.577712059e-09 7.65605936e-09 7.787697593e-09 7.603553791e-09 7.723418037e-09 7.742892546e-09 7.662309948e-09 7.744608195e-09 7.815580897e-09 7.651428461e-09 7.787234384e-09 7.744976924e-09 7.690021277e-09 7.769964022e-09 7.931523999e-09 7.892676826e-09 7.81037828e-09 7.995811621e-09 7.757934656e-09 7.902634935e-09 8.079724533e-09 7.935056882e-09 8.067242728e-09 7.87710482e-09 8.049134321e-09 7.929288537e-09 8.029817047e-09 7.788393106e-09 8.09510068e-09 8.010389447e-09 8.062352371e-09 8.055215264e-09 8.153669263e-09 7.915820579e-09 8.062200102e-09 8.153872218e-09 8.043359325e-09 8.086314466e-09 8.028815435e-09 8.288714287e-09 8.231647702e-09 8.335224692e-09 8.170870001e-09 8.106363619e-09 8.265488896e-09 8.288254146e-09 
8.594424528e-09 8.436762784e-09 8.364008501e-09 8.58996503e-09 8.360767662e-09 8.438149925e-09 8.476099742e-09 8.403130197e-09 8.488050478e-09 8.441516762e-09 8.383977033e-09 8.213343276e-09 8.423121502e-09 8.41414078e-09 8.337111371e-09 8.436967755e-09 8.304021457e-09 8.258955468e-09 8.338975566e-09 8.260518955e-09 8.324666341e-09 8.223392358e-09 8.148834824e-09 8.332245687e-09 8.323218283e-09 8.173797399e-09 8.242179014e-09 8.312119074e-09 8.186036834e-09 8.071033217e-09 8.124350473e-09 8.102038183e-09 8.112730891e-09 8.156201617e-09 8.076304288e-09 8.011629396e-09 8.05069089e-09 8.128483507e-09 8.059800895e-09 7.958891401e-09 7.945891105e-09 7.922922758e-09 7.851870782e-09 7.981737299e-09 7.941074694e-09 7.804716208e-09 7.930974005e-09 7.818170626e-09 7.900234693e-09 7.950870783e-09 7.770900274e-09 7.858261807e-09 7.783552589e-09 7.837306255e-09 7.659628925e-09 7.894914992e-09 7.75209613e-09 7.756095386e-09 7.521404372e-09 7.736457525e-09 7.681591833e-09 7.698228746e-09 7.678054197e-09 7.614410187e-09 7.749048057e-09 7.520164946e-09 7.676521151e-09 7.463625246e-09 7.6706882e-09 7.362825864e-09 7.376920538e-09 7.526851778e-09 7.666814734e-09 7.467722707e-09 7.487524413e-09 7.613861298e-09 7.544576761e-09 7.555762406e-09 7.507218098e-09 7.611954875e-09 7.551741481e-09 7.466130727e-09 7.425925707e-09 7.404200738e-09 7.417263774e-09 7.479368464e-09 7.462690664e-09 7.542790999e-09 7.54450147e-09 7.459470607e-09 7.354944903e-09 7.451857741e-09 7.492355271e-09 7.650754294e-09 7.396865612e-09 7.40432776e-09 7.461644121e-09 7.422979924e-09 7.399473017e-09 7.47813848e-09 7.594476351e-09 7.592255087e-09 7.724444151e-09 7.529797713e-09 7.598537901e-09 7.371837964e-09 7.547526477e-09 7.629839101e-09 7.509061813e-09 7.715309538e-09 7.700660323e-09 7.542162564e-09 7.58604899e-09 7.651140762e-09 7.774707796e-09 7.666976276e-09 7.707282137e-09 7.685118901e-09 7.61707036e-09 7.645103917e-09 7.7499818e-09 7.808036366e-09 7.761411883e-09 7.756434351e-09 7.66621107e-09 7.902884665e-09 7.740111038e-09 7.698309635e-09 7.845072472e-09 7.804781622e-09 7.861018766e-09 7.823337352e-09 7.775995239e-09 7.85712764e-09 8.005779026e-09 8.049009375e-09 8.055460142e-09 7.996299636e-09 8.037413561e-09 7.846237078e-09 8.044241668e-09 8.06589122e-09 8.051523397e-09 8.135628911e-09 8.015611073e-09 8.0686435e-09 8.067551872e-09 8.233540342e-09 8.136618767e-09 8.155348168e-09 8.114169721e-09 8.222031313e-09 8.110644944e-09 8.082667665e-09 8.178466604e-09 8.278560637e-09 8.210462662e-09 8.104716053e-09 8.311821037e-09 8.382463064e-09 8.27197876e-09 8.361446344e-09 8.300690192e-09 8.307072082e-09 8.27962763e-09 8.347098741e-09 8.317743332e-09 8.409566316e-09 8.44256331e-09 8.277889374e-09 8.323001712e-09 8.432077054e-09 8.498757808e-09 8.440481461e-09 8.477236003e-09 8.482532119e-09 8.483588045e-09 8.495529269e-09 8.427689118e-09 8.63167827e-09 
8.71578422e-09 8.695640913e-09 8.689697094e-09 8.769761158e-09 8.705326239e-09 8.835888316e-09 8.662514022e-09 8.641245783e-09 8.844829802e-09 8.694258699e-09 8.576518487e-09 8.602765897e-09 8.722277163e-09 8.690729342e-09 8.659111687e-09 8.385168051e-09 8.56698733e-09 8.655742502e-09 8.604874361e-09 8.737730911e-09 8.55809492e-09 8.47917898e-09 8.497517732e-09 8.405637976e-09 8.400750081e-09 8.407144993e-09 8.420609581e-09 8.48588022e-09 8.346165381e-09 8.463547899e-09 8.432542725e-09 8.314025489e-09 8.441837686e-09 8.357134569e-09 8.42235395e-09 8.255587958e-09 8.350532754e-09 8.303311878e-09 8.295984851e-09 8.242046858e-09 8.195966933e-09 8.167277631e-09 8.240841755e-09 8.267748139e-09 8.277027656e-09 8.280684582e-09 8.174035571e-09 8.17387623e-09 8.170127847e-09 8.254903665e-09 8.185027308e-09 7.951677046e-09 8.228744659e-09 7.986535825e-09 8.10550351e-09 8.089163941e-09 8.173605434e-09 8.016692119e-09 8.124662305e-09 7.963380823e-09 7.886684332e-09 7.896230748e-09 7.816339458e-09 7.878565776e-09 7.856316473e-09 7.803273078e-09 7.702727627e-09 7.934590311e-09 7.884527165e-09 7.979854235e-09 7.79306046e-09 7.780791872e-09 7.927081559e-09 7.842550987e-09 7.732839724e-09 7.816321719e-09 7.68452733e-09 7.720006106e-09 7.758585216e-09 7.862709582e-09 7.861067381e-09 7.658630307e-09 7.824322142e-09 7.686280232e-09 7.67590408e-09 7.741991904e-09 7.666956055e-09 7.610326301e-09 7.788438441e-09 7.849873905e-09 7.81411857e-09 7.723855539e-09 7.502193587e-09 7.676146641e-09 7.706657281e-09 7.644152152e-09 7.809293528e-09 7.730100769e-09 7.838464843e-09 7.846183346e-09 7.6604407e-09 7.705500122e-09 7.645017559e-09 7.679715911e-09 7.846247524e-09 7.764914392e-09 7.681808543e-09 7.75019384e-09 7.669208986e-09 7.783046375e-09 7.958165508e-09 7.869854563e-09 7.850583059e-09 7.855594223e-09 7.865205397e-09 7.850088415e-09 8.037792978e-09 8.078392663e-09 7.937039422e-09 7.873028124e-09 7.816409664e-09 7.981488488e-09 8.093876883e-09 8.038922635e-09 8.027961955e-09 8.037108546e-09 8.094280782e-09 8.14048245e-09 8.099803898e-09 8.065499005e-09 8.048972494e-09 8.312016542e-09 8.261817327e-09 8.09071973e-09 8.238735328e-09 8.146717917e-09 8.361461848e-09 8.188054397e-09 8.221575911e-09 8.402333487e-09 8.227410384e-09 8.211607337e-09 8.356474105e-09 8.358481584e-09 8.354967757e-09 8.360754694e-09 8.377981057e-09 8.475561892e-09 8.281340264e-09 8.270198004e-09 8.313892687e-09 8.34258932e-09 8.391944382e-09 8.5711891e-09 8.420952215e-09 8.421574471e-09 8.633199752e-09 8.637146177e-09 8.597116679e-09 8.611141176e-09 8.590981981e-09 8.437638692e-09 8.572782435e-09 8.714732965e-09 8.737857561e-09 8.644140751e-09 8.657357132e-09 8.781190699e-09 8.691325747e-09 8.609447601e-09 8.774894551e-09 8.755993296e-09 8.639009729e-09 8.819611775e-09 8.685403181e-09 8.672530764e-09 8.71836285e-09 8.630980231e-09 8.759612752e-09 8.694419848e-09 
9.061747552e-09 9.043453435e-09 9.088233876e-09 8.865272879e-09 9.005881188e-09 8.915467816e-09 9.012209821e-09 9.039714107e-09 8.938308738e-09 8.932479284e-09 9.022798356e-09 9.035064274e-09 8.801457099e-09 8.926089632e-09 8.845449396e-09 8.866802948e-09 8.908365778e-09 8.906081422e-09 8.734888451e-09 8.891937435e-09 8.680344472e-09 8.925974615e-09 8.905458021e-09 8.707422256e-09 8.730701574e-09 8.814432318e-09 8.588653276e-09 8.844076188e-09 8.592250001e-09 8.602333349e-09 8.559320905e-09 8.577920274e-09 8.630655224e-09 8.679391468e-09 8.682102544e-09 8.727676364e-09 8.573907126e-09 8.465885453e-09 8.525538538e-09 8.559939885e-09 8.489176651e-09 8.390152692e-09 8.59585099e-09 8.398241821e-09 8.438137731e-09 8.539691483e-09 8.381012707e-09 8.367603895e-09 8.356291071e-09 8.413292444e-09 8.413982365e-09 8.39351527e-09 8.285901263e-09 8.257654596e-09 8.275664882e-09 8.260301068e-09 8.319881334e-09 8.217152579e-09 8.208190303e-09 8.373991727e-09 8.374305198e-09 8.203666192e-09 8.249410681e-09 8.174638138e-09 8.233296837e-09 8.132430657e-09 8.158681897e-09 8.194156157e-09 8.111515072e-09 8.119231769e-09 8.01670429e-09 8.110286654e-09 8.006157961e-09 8.036419212e-09 8.033229132e-09 8.148061621e-09 8.039663736e-09 8.061295488e-09 8.043586953e-09 8.089913087e-09 8.01135935e-09 8.030920059e-09 7.989685256e-09 7.963216696e-09 7.982638084e-09 7.946723069e-09 8.020578701e-09 8.092990918e-09 8.019021648e-09 7.904657571e-09 8.078449516e-09 8.106648873e-09 7.96530971e-09 7.935506747e-09 7.964105019e-09 7.874232587e-09 7.911674126e-09 7.963426084e-09 7.893499937e-09 8.061987373e-09 8.017673605e-09 7.81172989e-09 8.045263362e-09 7.990695423e-09 8.038451877e-09 7.929897543e-09 8.05662141e-09 8.162472691e-09 8.07954079e-09 8.040819451e-09 8.166816389e-09 8.013999916e-09 8.327545409e-09 8.070770728e-09 8.099201408e-09 7.987482195e-09 8.270810389e-09 8.219218846e-09 8.126323183e-09 8.186442705e-09 8.313381856e-09 8.218137049e-09 8.219612531e-09 8.249310281e-09 8.175184965e-09 8.219223506e-09 8.301728145e-09 8.31475128e-09 8.385265672e-09 8.425112073e-09 8.368585001e-09 8.414668039e-09 8.538056861e-09 8.33253866e-09 8.408210263e-09 8.514956495e-09 8.453573109e-09 8.52551103e-09 8.541985847e-09 8.483063084e-09 8.639209772e-09 8.647036774e-09 8.47746e-09 8.510252646e-09 8.664715519e-09 8.560616753e-09 8.588855948e-09 8.613317117e-09 8.714989859e-09 8.735599646e-09 8.663567776e-09 8.717059676e-09 8.571049742e-09 8.715544239e-09 8.618116183e-09 8.796891189e-09 8.674182673e-09 8.859373203e-09 8.725769882e-09 8.939664428e-09 8.819412723e-09 8.933184309e-09 8.946001824e-09 8.942815517e-09 8.946700047e-09 8.895739796e-09 8.824745921e-09 8.963339677e-09 8.946257472e-09 8.979411312e-09 8.866569564e-09 9.045634284e-09 9.015340067e-09 8.940475152e-09 8.945439673e-09 9.044642765e-09 8.944761304e-09 8.835104774e-09 8.791508135e-09 9.034089299e-09 
9.226989426e-09 9.404281496e-09 9.352032187e-09 9.075615966e-09 9.212218297e-09 9.261325745e-09 9.31991983e-09 9.20436026e-09 9.127263394e-09 9.348057943e-09 9.088284464e-09 9.179263168e-09 9.080618824e-09 9.135730226e-09 9.2059805e-09 9.129690484e-09 9.052489671e-09 9.171478764e-09 9.071360876e-09 9.002234326e-09 9.008952844e-09 9.056957211e-09 8.982484038e-09 9.035389861e-09 9.07866945e-09 8.906706513e-09 8.944542602e-09 8.883583551e-09 8.967806873e-09 8.883566559e-09 8.910333426e-09 8.704530646e-09 8.911197378e-09 8.85513925e-09 8.981688667e-09 8.767511255e-09 8.81417223e-09 8.79995222e-09 8.734458336e-09 8.835032758e-09 8.76479512e-09 8.79398697e-09 8.858107862e-09 8.732105251e-09 8.719241834e-09 8.660807793e-09 8.688060408e-09 8.658518257e-09 8.762681152e-09 8.675119757e-09 8.478228971e-09 8.658766249e-09 8.601595743e-09 8.724758392e-09 8.504820276e-09 8.470436283e-09 8.506848073e-09 8.522895241e-09 8.469380465e-09 8.589278673e-09 8.277589145e-09 8.534127517e-09 8.428033218e-09 8.34230462e-09 8.508388459e-09 8.269265606e-09 8.396795827e-09 8.237224619e-09 8.398878833e-09 8.218761306e-09 8.301871813e-09 8.27491042e-09 8.349397767e-09 8.274205023e-09 8.276372637e-09 8.163209499e-09 8.315278304e-09 8.311694174e-09 8.247623956e-09 8.106064905e-09 8.223412208e-09 8.207580287e-09 8.25057795e-09 8.278608513e-09 8.365305165e-09 8.116750018e-09 8.170039526e-09 8.295778316e-09 8.281747022e-09 8.400332305e-09 8.231943655e-09 8.192836379e-09 8.247673982e-09 8.176532927e-09 8.200909172e-09 8.138783274e-09 8.330223364e-09 8.281419053e-09 8.357112008e-09 8.362949073e-09 8.145262202e-09 8.342077562e-09 8.318366783e-09 8.229281098e-09 8.261930642e-09 8.282219125e-09 8.280673974e-09 8.113538443e-09 8.327388299e-09 8.2092274e-09 8.379921886e-09 8.28580737e-09 8.338683295e-09 8.305236206e-09 8.609364094e-09 8.27000528e-09 8.306914436e-09 8.429840932e-09 8.452362692e-09 8.342536047e-09 8.404626401e-09 8.530484714e-09 8.533792249e-09 8.518570785e-09 8.518089308e-09 8.446640799e-09 8.517719733e-09 8.605555949e-09 8.647563619e-09 8.56820112e-09 8.690326472e-09 8.774794236e-09 8.637058708e-09 8.678866007e-09 8.801179837e-09 8.664589788e-09 8.794284969e-09 8.690545259e-09 8.934763223e-09 8.832498814e-09 8.87761658e-09 8.786762383e-09 8.82461124e-09 8.722045004e-09 8.805063171e-09 8.952143511e-09 8.859942111e-09 8.851815912e-09 8.920778685e-09 8.915916924e-09 8.963212049e-09 9.061572968e-09 9.046481327e-09 9.00567999e-09 9.05110231e-09 8.99317693e-09 9.021209541e-09 8.993545394e-09 9.081066737e-09 9.118811598e-09 8.933785199e-09 9.117891569e-09 9.06721646e-09 8.970018349e-09 9.182900787e-09 9.025406827e-09 9.073448733e-09 9.17579277e-09 9.295962784e-09 9.102968779e-09 9.275441667e-09 9.230004039e-09 9.390430549e-09 9.2516667e-09 9.230726394e-09 9.278353834e-09 9.20756734e-09 9.276243562e-09 9.451068212e-09 9.319365151e-09 
9.486598777e-09 9.503659467e-09 9.512111974e-09 9.415322144e-09 9.601423387e-09 9.395137327e-09 9.376519556e-09 9.338060322e-09 9.447421444e-09 9.407152204e-09 9.604226781e-09 9.369677105e-09 9.395040481e-09 9.433786985e-09 9.43641119e-09 9.496506173e-09 9.421517685e-09 9.445135401e-09 9.244307965e-09 9.299840299e-09 9.460440711e-09 9.156503219e-09 9.15719028e-09 9.202259235e-09 9.382726055e-09 9.203096616e-09 9.241430593e-09 9.118601576e-09 9.209360902e-09 9.260649842e-09 9.202228363e-09 9.054658722e-09 9.203258346e-09 9.125124463e-09 9.098562328e-09 9.018851003e-09 9.030397774e-09 9.086557325e-09 9.10093704e-09 9.044117166e-09 9.093193409e-09 8.95049206e-09 9.036977445e-09 9.052152389e-09 8.981218962e-09 8.999839099e-09 8.962645542e-09 8.843797309e-09 8.764196952e-09 8.855216482e-09 8.914650851e-09 8.928617571e-09 8.873280107e-09 8.786576815e-09 8.883439795e-09 8.677325339e-09 8.805497278e-09 8.627794455e-09 8.67879245e-09 8.687377846e-09 8.845972358e-09 8.793428382e-09 8.686266766e-09 8.746121749e-09 8.701713837e-09 8.78730939e-09 8.764328698e-09 8.588608451e-09 8.477785767e-09 8.595231465e-09 8.639768426e-09 8.569472607e-09 8.507858233e-09 8.486943598e-09 8.503315785e-09 8.504286441e-09 8.514014532e-09 8.631198759e-09 8.560712211e-09 8.416709492e-09 8.534551993e-09 8.388279993e-09 8.495715734e-09 8.52692008e-09 8.335022441e-09 8.525820658e-09 8.495806583e-09 8.57182022e-09 8.502326709e-09 8.592347921e-09 8.502863763e-09 8.43582167e-09 8.497658241e-09 8.620209271e-09 8.465438942e-09 8.405081531e-09 8.558205508e-09 8.387968916e-09 8.483455479e-09 8.615236937e-09 8.345622602e-09 8.541403125e-09 8.526025187e-09 8.525676301e-09 8.513754496e-09 8.448947476e-09 8.576127546e-09 8.520417525e-09 8.482563861e-09 8.571753463e-09 8.582324829e-09 8.624066991e-09 8.669515592e-09 8.547869207e-09 8.543134438e-09 8.604636943e-09 8.707517677e-09 8.745539362e-09 8.613274883e-09 8.680368155e-09 8.742712956e-09 8.67286983e-09 8.72002688e-09 8.691099226e-09 8.89086888e-09 8.816116155e-09 8.900239182e-09 8.758403184e-09 8.922996807e-09 8.819143979e-09 8.987758124e-09 8.879038259e-09 8.942829036e-09 8.83134392e-09 9.014268037e-09 8.921095682e-09 9.03062964e-09 8.878785949e-09 9.050867358e-09 8.875334612e-09 9.044238537e-09 9.268794714e-09 9.03019172e-09 9.018031781e-09 9.040126464e-09 9.202327271e-09 9.084890412e-09 9.240251208e-09 9.021974501e-09 9.155573061e-09 9.142827744e-09 9.27686111e-09 9.107055373e-09 9.238498924e-09 9.157235686e-09 9.284825606e-09 9.191206319e-09 9.225642145e-09 9.095322656e-09 9.241515629e-09 9.317434811e-09 9.39619823e-09 9.347624696e-09 9.440128611e-09 9.333844637e-09 9.47608158e-09 9.45499206e-09 9.418316145e-09 9.426130247e-09 9.439232232e-09 9.343709537e-09 9.379215193e-09 9.405893344e-09 9.376949702e-09 9.506868119e-09 9.542762471e-09 9.598310796e-09 9.502219708e-09 9.557410201e-09 9.568981452e-09 
9.895292603e-09 9.661915761e-09 9.64316613e-09 9.653129929e-09 9.763948312e-09 9.636736546e-09 9.647095948e-09 9.725333704e-09 9.511384561e-09 9.779188944e-09 9.709117602e-09 9.674007717e-09 9.643709769e-09 9.654433152e-09 9.646166614e-09 9.622148148e-09 9.584368673e-09 9.493769691e-09 9.542246466e-09 9.425303147e-09 9.585071583e-09 9.537536061e-09 9.622125936e-09 9.455400476e-09 9.364238578e-09 9.549950761e-09 9.460184407e-09 9.496613875e-09 9.384650484e-09 9.365789131e-09 9.460119654e-09 9.350717156e-09 9.438792204e-09 9.335519376e-09 9.256015631e-09 9.266986918e-09 9.316781406e-09 9.286976931e-09 9.190733645e-09 9.248761903e-09 9.138313665e-09 9.289374345e-09 9.182492195e-09 9.16025418e-09 9.127594096e-09 9.160024117e-09 9.214331676e-09 9.256679042e-09 9.074228531e-09 9.159177892e-09 8.979134629e-09 9.065636199e-09 9.049645073e-09 8.948643356e-09 8.842644482e-09 9.042837787e-09 8.865487932e-09 9.028338537e-09 9.046788954e-09 9.041804898e-09 8.888264747e-09 8.981705006e-09 8.924311836e-09 8.962525625e-09 8.822302498e-09 8.868259021e-09 8.854714923e-09 9.06703398e-09 8.765765855e-09 8.75599555e-09 8.793357332e-09 8.862332368e-09 8.814303497e-09 8.748096998e-09 8.804819235e-09 8.723363788e-09 8.62691205e-09 8.742078339e-09 8.747340841e-09 8.5691676e-09 8.791604825e-09 8.610564636e-09 8.669791346e-09 8.676370162e-09 8.668467919e-09 8.668560292e-09 8.616016081e-09 8.769587224e-09 8.631720748e-09 8.739227631e-09 8.712425114e-09 8.642385106e-09 8.659807371e-09 8.608369821e-09 8.80113875e-09 8.675972223e-09 8.750556027e-09 8.837765837e-09 8.691036938e-09 8.861466907e-09 8.577164274e-09 8.771344072e-09 8.688078538e-09 8.762738112e-09 8.827398185e-09 8.911493543e-09 8.75045023e-09 8.684288568e-09 8.670329318e-09 8.850798016e-09 8.702266911e-09 8.759660179e-09 8.901896851e-09 8.843775779e-09 8.81756006e-09 8.867423299e-09 8.878224899e-09 8.768846783e-09 9.069097071e-09 8.801264455e-09 8.998545758e-09 9.002454337e-09 8.880836157e-09 8.958696265e-09 8.932038836e-09 9.084739444e-09 9.08326129e-09 8.979125342e-09 9.050143322e-09 9.133096488e-09 9.059826282e-09 9.169191464e-09 9.14054929e-09 9.04071774e-09 9.267656438e-09 9.122210917e-09 9.250811616e-09 9.288195918e-09 9.238704467e-09 9.363084677e-09 9.221918017e-09 9.158604631e-09 9.227781635e-09 9.152820612e-09 9.302403607e-09 9.258575831e-09 9.31827552e-09 9.445088564e-09 9.300718757e-09 9.362795707e-09 9.424294605e-09 9.28362452e-09 9.504345144e-09 9.594886335e-09 9.540755748e-09 9.503709623e-09 9.650569583e-09 9.45886559e-09 9.461880569e-09 9.460467364e-09 9.526996653e-09 9.596600869e-09 9.601880765e-09 9.492698538e-09 9.69529721e-09 9.636541345e-09 9.698263114e-09 9.58369987e-09 9.824099116e-09 9.592415575e-09 9.677103125e-09 9.792985318e-09 9.705490424e-09 9.653272044e-09 9.591193743e-09 9.891628503e-09 9.851834127e-09 9.670434124e-09 9.741112055e-09 9.6549228e-09 
9.956766751e-09 9.923854876e-09 9.980466501e-09 9.946082037e-09 9.907405661e-09 9.895615364e-09 9.87739872e-09 9.850848292e-09 9.909114449e-09 9.925009868e-09 9.868891144e-09 9.969435489e-09 9.846554378e-09 9.806504071e-09 9.773698371e-09 9.872666313e-09 9.795972669e-09 9.786989154e-09 9.793482751e-09 9.701220836e-09 9.674486437e-09 9.700076548e-09 9.738209909e-09 9.740475581e-09 9.622832913e-09 9.691104033e-09 9.606199795e-09 9.595757372e-09 9.487484966e-09 9.557184052e-09 9.59376379e-09 9.620556868e-09 9.615295057e-09 9.583178505e-09 9.656720612e-09 9.506159976e-09 9.353422373e-09 9.42159328e-09 9.478543044e-09 9.514197846e-09 9.534525208e-09 9.476913767e-09 9.355763706e-09 9.364856055e-09 9.383448535e-09 9.372637404e-09 9.385881555e-09 9.415905275e-09 9.509422857e-09 9.334802585e-09 9.342958713e-09 9.304500173e-09 9.272550734e-09 9.185895314e-09 9.289782588e-09 9.117766301e-09 9.305489866e-09 9.123602888e-09 9.1033768e-09 9.190452463e-09 8.981233341e-09 8.924597371e-09 9.180055409e-09 9.123053935e-09 9.045082901e-09 8.989566893e-09 9.064125309e-09 8.951452096e-09 8.838508414e-09 9.000796542e-09 8.958361211e-09 9.012872917e-09 8.97090037e-09 9.044397083e-09 8.91621236e-09 8.910914555e-09 8.987333269e-09 8.884064532e-09 8.981243591e-09 9.048652135e-09 8.807286741e-09 8.808328292e-09 8.928897367e-09 8.79505344e-09 8.810950084e-09 8.896299037e-09 8.925402756e-09 8.881778846e-09 8.914850861e-09 8.887027765e-09 8.906965487e-09 8.74788313e-09 8.882087428e-09 8.806760443e-09 8.6499568e-09 8.73532897e-09 8.964253787e-09 8.961880956e-09 9.119737543e-09 8.957742806e-09 8.943352391e-09 8.824693293e-09 8.949893818e-09 8.966535811e-09 8.904404435e-09 8.886768446e-09 8.995249754e-09 8.942094119e-09 8.947199809e-09 8.863955604e-09 9.03662403e-09 8.950319184e-09 8.950594903e-09 9.07474124e-09 9.045988177e-09 8.977299093e-09 9.126717871e-09 9.129576998e-09 9.150285234e-09 9.044668956e-09 9.063450288e-09 9.218708087e-09 9.020056279e-09 9.151988814e-09 9.291721746e-09 9.227182287e-09 9.144597911e-09 9.146769637e-09 9.202986325e-09 9.249558732e-09 9.339943059e-09 9.324329685e-09 9.351921153e-09 9.336697224e-09 9.395475541e-09 9.4778375e-09 9.531331329e-09 9.633803229e-09 9.382546898e-09 9.296766119e-09 9.449244455e-09 9.584904529e-09 9.303030048e-09 9.5886715e-09 9.579039412e-09 9.546404178e-09 9.518338417e-09 9.450621011e-09 9.473556874e-09 9.421894235e-09 9.662106641e-09 9.802361729e-09 9.654445087e-09 9.567373879e-09 9.718372263e-09 9.761686846e-09 9.761120309e-09 9.742467281e-09 9.601621896e-09 9.58257507e-09 9.757313601e-09 9.686822115e-09 9.802752076e-09 9.705523343e-09 9.957310711e-09 9.718539346e-09 9.871221414e-09 9.922692968e-09 1.001787856e-08 9.845632379e-09 9.805054018e-09 9.985990928e-09 9.905403025e-09 1.001647662e-08 9.905876767e-09 1.003981497e-08 1.002355099e-08 9.876365247e-09 9.956901964e-09 9.943970157e-09 
1.021097203e-08 1.012306296e-08 1.023047418e-08 1.015901825e-08 1.021229084e-08 1.026778005e-08 9.938285066e-09 9.980839547e-09 1.004614729e-08 1.024941895e-08 1.018459504e-08 1.005051234e-08 1.021210877e-08 9.974870674e-09 9.81128003e-09 9.828232388e-09 9.833947256e-09 9.905395877e-09 1.000722209e-08 9.890234956e-09 9.927432826e-09 9.737765892e-09 9.706619704e-09 9.717556781e-09 9.823622206e-09 9.668890843e-09 9.933575564e-09 9.903886219e-09 9.778532169e-09 9.801006868e-09 9.747490709e-09 9.751946368e-09 9.721477909e-09 9.687468824e-09 9.634796478e-09 9.809597835e-09 9.594993198e-09 9.678465937e-09 9.611449279e-09 9.661825056e-09 9.643647119e-09 9.558367045e-09 9.600231019e-09 9.451957668e-09 9.52177821e-09 9.544718449e-09 9.443363062e-09 9.59589138e-09 9.335215622e-09 9.359495083e-09 9.389264964e-09 9.264019283e-09 9.473545943e-09 9.365731458e-09 9.176025432e-09 9.2622328e-09 9.410734455e-09 9.284545947e-09 9.449245592e-09 9.380310766e-09 9.311801037e-09 9.254411406e-09 9.298811029e-09 9.09546596e-09 9.238049083e-09 9.221864719e-09 9.280386854e-09 9.190523236e-09 9.257775263e-09 9.175268394e-09 9.284006651e-09 9.169523752e-09 8.908425824e-09 9.275197789e-09 9.077095138e-09 8.92669601e-09 9.073621813e-09 8.980862751e-09 9.000935068e-09 8.993209382e-09 9.102344857e-09 9.113334107e-09 9.313747926e-09 9.042977279e-09 9.168845554e-09 9.076150356e-09 8.932430723e-09 9.034813148e-09 9.236409479e-09 9.088090015e-09 9.141419962e-09 9.018307743e-09 9.016967077e-09 9.083668492e-09 8.961648666e-09 9.04213335e-09 8.990849139e-09 8.973053447e-09 9.10184944e-09 9.193438123e-09 9.150560445e-09 9.097892171e-09 9.261815278e-09 9.022504111e-09 9.127329921e-09 9.176812313e-09 9.063115968e-09 9.228495021e-09 9.180709033e-09 9.317682897e-09 9.132918173e-09 9.132872986e-09 9.207890994e-09 9.225418165e-09 9.166866134e-09 9.259906393e-09 9.221521553e-09 9.254382014e-09 9.259608529e-09 9.371596574e-09 9.219938783e-09 9.353172764e-09 9.387075568e-09 9.232919124e-09 9.52889423e-09 9.387129421e-09 9.41740548e-09 9.347690117e-09 9.47199976e-09 9.589582775e-09 9.572708111e-09 9.385535203e-09 9.406191525e-09 9.498561554e-09 9.668596337e-09 9.669103899e-09 9.581533091e-09 9.559756785e-09 9.486936391e-09 9.728403048e-09 9.643960872e-09 9.53090673e-09 9.621512282e-09 9.620501328e-09 9.684791682e-09 9.687867112e-09 9.786308236e-09 9.888536841e-09 9.651517531e-09 9.641937972e-09 9.686983569e-09 9.667954845e-09 9.808189505e-09 9.816334796e-09 9.80153488e-09 9.939320192e-09 9.964002551e-09 9.883277991e-09 1.008527695e-08 9.94987833e-09 9.919241342e-09 9.948055417e-09 9.94820277e-09 1.000626259e-08 1.011619293e-08 9.98968034e-09 1.005199639e-08 1.002402619e-08 1.011878345e-08 1.015727743e-08 1.011280186e-08 9.994652798e-09 1.020150677e-08 1.014323704e-08 1.021256251e-08 1.011242731e-08 1.005081801e-08 1.006233473e-08 1.001730068e-08 1.012975662e-08 
1.024939764e-08 1.02082317e-08 1.036171683e-08 1.022965446e-08 1.03278952e-08 1.037285436e-08 1.034789542e-08 1.022030053e-08 1.014195949e-08 1.023448516e-08 1.028125523e-08 1.025149049e-08 1.033932658e-08 1.032824817e-08 1.023752751e-08 1.015183203e-08 1.013939631e-08 1.027593742e-08 1.010342372e-08 1.005275342e-08 1.003613858e-08 1.004148028e-08 1.001131151e-08 1.011478783e-08 1.010670524e-08 9.935897225e-09 1.007014862e-08 1.002940429e-08 9.880251376e-09 9.890669163e-09 9.920932726e-09 9.943450269e-09 9.962560728e-09 1.000401196e-08 9.857607111e-09 9.898398575e-09 9.936497138e-09 9.978558657e-09 9.98678751e-09 9.744720876e-09 9.81759564e-09 9.6163271e-09 9.692037167e-09 9.704525782e-09 9.685967566e-09 9.673501507e-09 9.663656173e-09 9.613867544e-09 9.635638672e-09 9.58040432e-09 9.637516691e-09 9.623925188e-09 9.589528505e-09 9.668672104e-09 9.509619974e-09 9.695286732e-09 9.552427168e-09 9.652228994e-09 9.449564947e-09 9.615291812e-09 9.462598314e-09 9.428384052e-09 9.541784403e-09 9.352295475e-09 9.382376803e-09 9.501235055e-09 9.345350734e-09 9.414369687e-09 9.356134565e-09 9.32363405e-09 9.330821075e-09 9.256471768e-09 9.09908531e-09 9.313362088e-09 9.265539394e-09 9.256777912e-09 9.3253928e-09 9.176419643e-09 9.246676717e-09 9.235764434e-09 9.299625276e-09 9.333169417e-09 9.258659031e-09 9.272978856e-09 9.19336791e-09 9.218059373e-09 9.005155813e-09 9.223518577e-09 9.160260482e-09 9.351905716e-09 9.199882353e-09 9.257550918e-09 9.199122007e-09 9.181798034e-09 9.414603477e-09 9.192686136e-09 9.213551079e-09 9.316670157e-09 9.255083412e-09 9.31549175e-09 9.167732124e-09 9.249687435e-09 9.202547399e-09 9.307518231e-09 9.348655999e-09 9.34914783e-09 9.343284797e-09 9.266454811e-09 9.392552467e-09 9.369252927e-09 9.215547812e-09 9.36424116e-09 9.353478632e-09 9.442933181e-09 9.411144116e-09 9.359255782e-09 9.57270298e-09 9.474727615e-09 9.612847801e-09 9.417478287e-09 9.453203129e-09 9.629696989e-09 9.415074462e-09 9.563540548e-09 9.673461362e-09 9.435845533e-09 9.603658233e-09 9.58337676e-09 9.683547461e-09 9.657511527e-09 9.684218008e-09 9.669327344e-09 9.847309247e-09 9.632504643e-09 9.542016138e-09 9.725408695e-09 9.735338336e-09 9.847349853e-09 9.899792382e-09 9.880365652e-09 9.731780224e-09 9.927930559e-09 9.782986757e-09 9.728753019e-09 9.925977137e-09 1.002789574e-08 9.819444099e-09 1.005291333e-08 1.001555839e-08 9.999970372e-09 9.925372472e-09 1.002552119e-08 1.007471453e-08 1.001173318e-08 9.875225925e-09 9.92191603e-09 9.984204565e-09 9.888570266e-09 1.017675177e-08 1.011294739e-08 1.015354055e-08 1.016518099e-08 1.008700119e-08 1.027436956e-08 1.002319061e-08 1.009402883e-08 1.030777017e-08 1.020971401e-08 1.011969147e-08 1.038406235e-08 1.030450806e-08 1.023086265e-08 1.040147668e-08 1.042154687e-08 1.026153035e-08 1.038658367e-08 1.017179895e-08 1.020472461e-08 1.03117239e-08 1.047616383e-08 
1.05775435e-08 1.046758899e-08 1.044046618e-08 1.060856644e-08 1.042924548e-08 1.04487426e-08 1.046761942e-08 1.059386667e-08 1.048770154e-08 1.035677307e-08 1.043106578e-08 1.04193949e-08 1.044614624e-08 1.043054751e-08 1.026545001e-08 1.036015555e-08 1.047770501e-08 1.019639494e-08 1.032931548e-08 1.021782693e-08 1.037890688e-08 1.029282245e-08 1.030872011e-08 1.02585508e-08 9.973851044e-09 1.027123017e-08 1.007300444e-08 1.00820025e-08 1.014673508e-08 1.016879838e-08 1.028066929e-08 1.004286552e-08 1.013443837e-08 1.013433519e-08 9.999923416e-09 9.927604285e-09 1.013405751e-08 9.904887234e-09 1.003306999e-08 1.006454428e-08 1.013835041e-08 9.761831689e-09 1.001280932e-08 9.925555543e-09 9.828967964e-09 9.928190322e-09 9.930890118e-09 9.91639161e-09 9.660117477e-09 9.750545703e-09 9.849635966e-09 9.785697726e-09 9.771360658e-09 9.706385485e-09 9.653022109e-09 9.693655263e-09 9.765328625e-09 9.822137969e-09 9.666127734e-09 9.673361443e-09 9.657270806e-09 9.625970175e-09 9.512497707e-09 9.63064264e-09 9.573832358e-09 9.517154086e-09 9.425274639e-09 9.417128857e-09 9.436371379e-09 9.576900214e-09 9.518785303e-09 9.317809517e-09 9.593168301e-09 9.487783671e-09 9.462635497e-09 9.5821959e-09 9.340072061e-09 9.365933271e-09 9.386636718e-09 9.39790626e-09 9.251137788e-09 9.444676153e-09 9.433659531e-09 9.307550843e-09 9.4009442e-09 9.421844887e-09 9.386170645e-09 9.260770202e-09 9.200239057e-09 9.508445752e-09 9.607525208e-09 9.362232003e-09 9.513623109e-09 9.343653611e-09 9.527354713e-09 9.469508932e-09 9.41593471e-09 9.395712976e-09 9.183725169e-09 9.374402843e-09 9.554287829e-09 9.356319375e-09 9.453603705e-09 9.469839589e-09 9.334912864e-09 9.529978303e-09 9.483478714e-09 9.509504649e-09 9.350053335e-09 9.361870953e-09 9.530472026e-09 9.651452931e-09 9.477729523e-09 9.5514463e-09 9.441198897e-09 9.623863821e-09 9.671932372e-09 9.6156456e-09 9.792163755e-09 9.536852113e-09 9.64481641e-09 9.611644375e-09 9.677749804e-09 9.703593595e-09 9.507552202e-09 9.884592719e-09 9.81743996e-09 9.786849368e-09 9.688749543e-09 9.794198058e-09 9.827157201e-09 1.003750173e-08 9.828875058e-09 1.002696007e-08 9.758425824e-09 9.914117127e-09 9.853161676e-09 9.978405161e-09 9.915879012e-09 9.917203263e-09 1.00355181e-08 9.993125403e-09 9.983393234e-09 9.887617052e-09 9.961699053e-09 1.001780208e-08 1.028226374e-08 1.015941608e-08 1.019354555e-08 1.024351909e-08 1.004194559e-08 1.015141364e-08 1.021812473e-08 1.025860339e-08 1.019894439e-08 1.042725131e-08 1.02481261e-08 1.028050777e-08 1.020166249e-08 1.012722273e-08 1.036427295e-08 1.030577251e-08 1.04050789e-08 1.039939256e-08 1.044193455e-08 1.04949994e-08 1.036325141e-08 1.036141045e-08 1.049805129e-08 1.035969382e-08 1.023566815e-08 1.056894545e-08 1.057975758e-08 1.036924198e-08 1.051682719e-08 1.04484989e-08 1.03429052e-08 1.056050904e-08 1.052298364e-08 1.047328362e-08 
1.08595991e-08 1.059957492e-08 1.070088925e-08 1.061982574e-08 1.063184219e-08 1.062782253e-08 1.062625518e-08 1.072889001e-08 1.085218961e-08 1.02443274e-08 1.077013939e-08 1.055832644e-08 1.044331668e-08 1.051022377e-08 1.062543286e-08 1.045719448e-08 1.053376973e-08 1.056253825e-08 1.053992549e-08 1.024424497e-08 1.047184693e-08 1.039737895e-08 1.032982489e-08 1.036647372e-08 1.043401109e-08 1.041637136e-08 1.042177968e-08 1.007203883e-08 1.039324636e-08 1.023702215e-08 1.021875281e-08 1.029447505e-08 1.017950579e-08 1.017348249e-08 1.02026191e-08 1.025781327e-08 1.018261993e-08 1.013363524e-08 1.004035933e-08 1.025081974e-08 1.023814997e-08 1.004556326e-08 9.989086749e-09 1.014885287e-08 9.937979158e-09 1.009973541e-08 9.97886729e-09 9.829662077e-09 1.009382131e-08 9.830740449e-09 9.960588819e-09 9.883357999e-09 9.836397199e-09 9.913266679e-09 9.984893435e-09 9.901766827e-09 9.958740663e-09 9.760857879e-09 9.680266852e-09 9.720762018e-09 9.706212799e-09 9.731634775e-09 9.534647179e-09 9.745858581e-09 9.609235419e-09 9.778874398e-09 9.596268579e-09 9.595618791e-09 9.523358442e-09 9.573935593e-09 9.620555647e-09 9.658912325e-09 9.647291381e-09 9.624086478e-09 9.58693701e-09 9.644109431e-09 9.728577358e-09 9.50769806e-09 9.567617861e-09 9.608993818e-09 9.420028751e-09 9.474617623e-09 9.537549298e-09 9.520554236e-09 9.67874783e-09 9.581830828e-09 9.636150464e-09 9.568505098e-09 9.470109263e-09 9.463759393e-09 9.588381934e-09 9.711328168e-09 9.575268296e-09 9.438824184e-09 9.608439343e-09 9.637420194e-09 9.67190054e-09 9.463300476e-09 9.531416607e-09 9.652133412e-09 9.730752721e-09 9.629002242e-09 9.793946255e-09 9.481641805e-09 9.505075438e-09 9.644101598e-09 9.456899149e-09 9.692260985e-09 9.681527555e-09 9.724548347e-09 9.736079649e-09 9.723728991e-09 9.731509994e-09 9.784610678e-09 9.7230198e-09 9.605718671e-09 9.847626863e-09 9.721633828e-09 9.592429563e-09 9.768264772e-09 9.724312308e-09 9.714531502e-09 9.721898184e-09 9.71656084e-09 9.828319195e-09 9.955568205e-09 9.75703065e-09 9.975417662e-09 9.927659729e-09 9.822187734e-09 9.880408914e-09 9.955805729e-09 9.852355411e-09 9.902263521e-09 1.012881845e-08 9.99407376e-09 1.018198444e-08 9.972574899e-09 1.004430625e-08 1.00096261e-08 1.011490915e-08 1.017167544e-08 1.04087255e-08 9.995921589e-09 1.015472727e-08 1.032967523e-08 1.012566883e-08 1.028342572e-08 1.024169057e-08 1.027702591e-08 1.013749092e-08 1.023630968e-08 1.04601455e-08 1.034426324e-08 1.027557231e-08 1.024042228e-08 1.037503693e-08 1.038431329e-08 1.036444539e-08 1.049135769e-08 1.044412783e-08 1.047121045e-08 1.043031594e-08 1.044482227e-08 1.069686116e-08 1.043264229e-08 1.065064035e-08 1.045616859e-08 1.048488416e-08 1.050838952e-08 1.059017667e-08 1.069446955e-08 1.052330411e-08 1.050360331e-08 1.052715956e-08 1.053476305e-08 1.051733681e-08 1.065446021e-08 1.064290908e-08 1.062238467e-08 
1.08053819e-08 1.083238882e-08 1.083305011e-08 1.076870123e-08 1.069556445e-08 1.080280417e-08 1.064082842e-08 1.082928671e-08 1.071830092e-08 1.071123494e-08 1.079127285e-08 1.073250655e-08 1.055896629e-08 1.074460639e-08 1.061214337e-08 1.06322247e-08 1.054177098e-08 1.069095987e-08 1.027253766e-08 1.049413781e-08 1.072257152e-08 1.037047873e-08 1.054688043e-08 1.036798287e-08 1.055539128e-08 1.048457762e-08 1.030165604e-08 1.046594925e-08 1.038450169e-08 1.042008357e-08 1.037530404e-08 1.025357671e-08 1.028826159e-08 1.029066089e-08 1.036823588e-08 1.031565621e-08 1.038186395e-08 1.019239333e-08 1.031702113e-08 1.025124216e-08 1.025244626e-08 1.011594214e-08 1.021948901e-08 1.014112512e-08 1.005597827e-08 1.028181231e-08 1.018599303e-08 1.016487947e-08 1.007495626e-08 1.000309728e-08 1.014801974e-08 1.008025534e-08 9.944389271e-09 1.009824214e-08 1.00868878e-08 1.022716676e-08 1.003459247e-08 9.972446163e-09 1.001131354e-08 9.987645613e-09 9.872061206e-09 9.821727151e-09 9.708089502e-09 9.951991563e-09 9.758936787e-09 9.639938471e-09 9.718223944e-09 9.962014488e-09 9.802903829e-09 9.690774196e-09 9.679315754e-09 9.749582063e-09 9.787291126e-09 9.779427747e-09 9.758220034e-09 9.748143238e-09 9.732492074e-09 9.613722391e-09 9.676730181e-09 9.799007524e-09 9.500168488e-09 9.500784064e-09 9.607446541e-09 9.69880792e-09 9.569786372e-09 9.654239394e-09 9.564683401e-09 9.662888089e-09 9.605144015e-09 9.565020683e-09 9.707726229e-09 9.567841814e-09 9.570312067e-09 9.658653263e-09 9.75279245e-09 9.769020106e-09 9.622897686e-09 9.651283313e-09 9.744061361e-09 9.602489464e-09 9.776767366e-09 9.636626946e-09 9.698663374e-09 9.681329914e-09 9.755283284e-09 9.754214592e-09 9.850427636e-09 9.725059987e-09 9.840479592e-09 9.945543949e-09 9.734873506e-09 9.681347332e-09 9.790775313e-09 9.848468252e-09 9.778634059e-09 9.978125904e-09 9.940045399e-09 9.94379309e-09 9.893029651e-09 1.007474503e-08 9.931304804e-09 9.992897045e-09 9.904049683e-09 9.880514686e-09 1.006283508e-08 9.97000309e-09 1.000658387e-08 9.968548409e-09 9.95476578e-09 9.989164624e-09 1.014944127e-08 1.013605771e-08 1.018346187e-08 1.009848579e-08 1.020234159e-08 1.01772876e-08 1.011897753e-08 1.002999527e-08 1.027687092e-08 1.041745075e-08 1.021579402e-08 1.011032861e-08 1.015624462e-08 1.02281786e-08 1.025066049e-08 1.035974397e-08 1.036855581e-08 1.04374289e-08 1.033159828e-08 1.02914259e-08 1.050608164e-08 1.034749933e-08 1.039131085e-08 1.045414848e-08 1.051236217e-08 1.052667435e-08 1.03528852e-08 1.045782377e-08 1.062441986e-08 1.038504893e-08 1.054624312e-08 1.061790839e-08 1.046473526e-08 1.057457473e-08 1.058179635e-08 1.069502802e-08 1.056162604e-08 1.068123024e-08 1.072384584e-08 1.070996677e-08 1.085689071e-08 1.060418145e-08 1.076084335e-08 1.070079132e-08 1.064512407e-08 1.089356132e-08 1.049421145e-08 1.0740122e-08 1.078937302e-08 1.072919564e-08 
1.085297443e-08 1.08952887e-08 1.092167789e-08 1.092471122e-08 1.106675119e-08 1.085852696e-08 1.076038086e-08 1.074047866e-08 1.078905818e-08 1.094790799e-08 1.085442865e-08 1.072100103e-08 1.07194679e-08 1.076234754e-08 1.071549557e-08 1.077198385e-08 1.064378469e-08 1.074657164e-08 1.073766252e-08 1.068403878e-08 1.058522872e-08 1.050195562e-08 1.066792248e-08 1.066217643e-08 1.043710602e-08 1.068036741e-08 1.070717107e-08 1.055502753e-08 1.06631576e-08 1.049479899e-08 1.04875796e-08 1.02993965e-08 1.034468193e-08 1.035036076e-08 1.044341829e-08 1.035423218e-08 1.049217533e-08 1.042376312e-08 1.046852522e-08 1.0260822e-08 1.045288541e-08 1.024562765e-08 1.033806552e-08 1.006060924e-08 1.018932914e-08 1.025886368e-08 1.010000069e-08 1.021295918e-08 1.022807061e-08 1.025774791e-08 1.012374295e-08 1.011897637e-08 1.013625942e-08 1.013650757e-08 1.01020208e-08 1.016019837e-08 1.005015188e-08 1.011538374e-08 1.020064828e-08 1.018334482e-08 9.930900039e-09 9.979182029e-09 9.891969674e-09 1.002629752e-08 1.001148629e-08 9.871695666e-09 9.984039212e-09 9.887088723e-09 1.000745756e-08 9.988710534e-09 9.899324646e-09 9.859107737e-09 9.922350231e-09 9.831502699e-09 9.759169999e-09 9.658277949e-09 9.639512743e-09 9.809339487e-09 9.897087021e-09 9.689601424e-09 9.742531114e-09 9.822698813e-09 9.786338661e-09 9.784325751e-09 9.781993946e-09 9.835278897e-09 9.568718846e-09 9.615480502e-09 9.727278637e-09 9.828927882e-09 9.693099549e-09 9.729222431e-09 9.871755926e-09 9.685000309e-09 9.61301049e-09 9.797886795e-09 9.773526838e-09 9.772818862e-09 9.811624356e-09 9.896155262e-09 9.68321696e-09 9.64657999e-09 9.698666209e-09 9.727327689e-09 9.795579367e-09 9.82448617e-09 9.787541447e-09 9.889583992e-09 9.890511545e-09 9.907785249e-09 9.837404057e-09 9.974812541e-09 9.893440024e-09 9.858072625e-09 9.9228319e-09 9.851462553e-09 9.963288968e-09 9.945042347e-09 9.853173951e-09 1.000205979e-08 1.011087789e-08 9.934474318e-09 1.004433814e-08 1.014443864e-08 9.899924676e-09 1.022812378e-08 1.006651354e-08 1.016873745e-08 1.030084363e-08 1.033388007e-08 1.014689074e-08 1.023996536e-08 1.020383485e-08 1.02083026e-08 1.029972118e-08 1.050073846e-08 1.022041958e-08 1.034630181e-08 1.021300773e-08 1.018951702e-08 1.043348663e-08 1.029706106e-08 1.05012869e-08 1.029864007e-08 1.042158946e-08 1.043739303e-08 1.048519606e-08 1.052345295e-08 1.044715968e-08 1.04971078e-08 1.034379586e-08 1.04728104e-08 1.051792895e-08 1.061371872e-08 1.045367737e-08 1.048279869e-08 1.058400706e-08 1.046157968e-08 1.067565683e-08 1.059140361e-08 1.068449234e-08 1.057194854e-08 1.059448347e-08 1.067078395e-08 1.066025938e-08 1.061575564e-08 1.069869975e-08 1.06779097e-08 1.085341618e-08 1.084592976e-08 1.073705568e-08 1.074285665e-08 1.079213236e-08 1.090693122e-08 1.079180645e-08 1.086237003e-08 1.088189915e-08 1.068227714e-08 1.082402946e-08 1.085072611e-08 
1.088936333e-08 1.111558728e-08 1.096113091e-08 1.094780243e-08 1.090791742e-08 1.098837755e-08 1.09496749e-08 1.092778763e-08 1.080513398e-08 1.075551912e-08 1.087273286e-08 1.088964085e-08 1.094523284e-08 1.087551043e-08 1.094433993e-08 1.094042896e-08 1.08470225e-08 1.071899626e-08 1.076436361e-08 1.080569279e-08 1.068550653e-08 1.066019295e-08 1.06565641e-08 1.075970537e-08 1.052426374e-08 1.065119905e-08 1.07054827e-08 1.064285453e-08 1.044043017e-08 1.058357937e-08 1.060883684e-08 1.065313777e-08 1.065945471e-08 1.054686645e-08 1.052343352e-08 1.041572072e-08 1.043964291e-08 1.046911849e-08 1.034952295e-08 1.046384815e-08 1.04238815e-08 1.036486927e-08 1.046142895e-08 1.026946275e-08 1.039683167e-08 1.025138876e-08 1.028768033e-08 1.038063289e-08 1.029950539e-08 1.036150088e-08 1.030338163e-08 1.037073949e-08 1.028229059e-08 1.026275018e-08 1.035441328e-08 1.035560933e-08 1.01846425e-08 1.024982102e-08 1.015760793e-08 1.015535338e-08 9.993190709e-09 1.012447433e-08 1.003950419e-08 9.935988382e-09 9.850679096e-09 1.004148912e-08 9.961889398e-09 9.803644606e-09 9.907764968e-09 9.919028328e-09 9.95249164e-09 1.003611161e-08 1.002912993e-08 1.000910113e-08 9.913954888e-09 9.767231998e-09 9.972012944e-09 9.927086247e-09 1.003384028e-08 9.80692568e-09 9.825418068e-09 9.786398254e-09 9.887938125e-09 9.925288615e-09 9.775952944e-09 9.763445307e-09 9.628368105e-09 9.86289986e-09 9.797232689e-09 9.833406896e-09 9.953496741e-09 9.864734612e-09 9.798447905e-09 9.923195923e-09 9.997005844e-09 9.811636615e-09 9.938362713e-09 9.687085974e-09 9.871505768e-09 9.841130295e-09 9.940358209e-09 9.808212494e-09 9.781445283e-09 1.003493004e-08 9.748586914e-09 9.893147828e-09 9.894588737e-09 9.941622248e-09 9.822699229e-09 1.002623798e-08 1.01825281e-08 1.003927869e-08 9.86816416e-09 9.896083778e-09 1.004064359e-08 9.936321251e-09 1.014100098e-08 9.912241187e-09 9.969305404e-09 1.015317526e-08 1.011081828e-08 1.001378288e-08 1.012460739e-08 1.009623183e-08 1.02052833e-08 1.028124203e-08 1.032967098e-08 1.022174892e-08 1.024909899e-08 1.024555352e-08 1.021586506e-08 1.01980782e-08 1.030873348e-08 1.024265747e-08 1.047132471e-08 1.028124906e-08 1.036899828e-08 1.027806141e-08 1.034106556e-08 1.057982045e-08 1.040412111e-08 1.050845118e-08 1.040084128e-08 1.049868493e-08 1.04902374e-08 1.039976027e-08 1.069860036e-08 1.057868051e-08 1.051300177e-08 1.053772021e-08 1.068214744e-08 1.061784205e-08 1.051947712e-08 1.083258367e-08 1.0691513e-08 1.075098587e-08 1.060179139e-08 1.073350319e-08 1.080277339e-08 1.080447208e-08 1.077972502e-08 1.096779367e-08 1.089879346e-08 1.086345059e-08 1.073152077e-08 1.070724217e-08 1.066452013e-08 1.078678871e-08 1.09199127e-08 1.081919907e-08 1.089007563e-08 1.087900604e-08 1.102309537e-08 1.070795832e-08 1.092665543e-08 1.09354083e-08 1.077287563e-08 1.085281967e-08 1.090774759e-08 1.087349976e-08 
1.093195427e-08 1.107065118e-08 1.096789443e-08 1.105680277e-08 1.100401626e-08 1.105893796e-08 1.088653283e-08 1.106591541e-08 1.091495573e-08 1.107482463e-08 1.09601523e-08 1.109225753e-08 1.081531483e-08 1.102119548e-08 1.086151338e-08 1.10321884e-08 1.080762864e-08 1.071470254e-08 1.102102054e-08 1.08695374e-08 1.084282087e-08 1.069266541e-08 1.075652795e-08 1.095498304e-08 1.080880183e-08 1.063633286e-08 1.054855887e-08 1.078847237e-08 1.0634275e-08 1.078900461e-08 1.07842523e-08 1.069841021e-08 1.063706019e-08 1.063276719e-08 1.072641762e-08 1.04927839e-08 1.068301777e-08 1.0540534e-08 1.056688974e-08 1.052505779e-08 1.04430845e-08 1.065304582e-08 1.059722412e-08 1.052003742e-08 1.040871426e-08 1.051012115e-08 1.040482225e-08 1.039132159e-08 1.047651133e-08 1.042845063e-08 1.039614504e-08 1.026548363e-08 1.048809939e-08 1.032423994e-08 1.028928587e-08 1.032880323e-08 1.017928431e-08 1.022227401e-08 1.022054198e-08 1.025117537e-08 1.021835364e-08 9.999629329e-09 1.016860717e-08 1.008071764e-08 1.012639524e-08 1.018804909e-08 1.009793618e-08 9.949953017e-09 1.009891471e-08 1.010435752e-08 1.015084693e-08 9.98321292e-09 9.772611315e-09 9.944002972e-09 9.923668565e-09 1.004592332e-08 1.021289932e-08 9.899681616e-09 9.967766545e-09 9.798013175e-09 9.974168484e-09 1.000311124e-08 9.91783956e-09 1.000587883e-08 1.007993315e-08 9.953474834e-09 1.005831624e-08 1.006913763e-08 9.809115372e-09 9.895771954e-09 9.982510134e-09 9.878323019e-09 9.898060151e-09 9.943268105e-09 9.98408653e-09 9.87651434e-09 9.950224482e-09 9.97566232e-09 1.012713273e-08 9.842055557e-09 9.892527206e-09 9.857911864e-09 9.840895891e-09 1.004291959e-08 9.926790006e-09 1.002766517e-08 1.000629104e-08 9.954890814e-09 1.014613527e-08 1.013686291e-08 1.007085972e-08 9.941850827e-09 1.011465634e-08 1.017562423e-08 1.002689293e-08 1.005685899e-08 1.009078905e-08 1.009223469e-08 1.020140018e-08 1.01610248e-08 1.034883552e-08 1.02555706e-08 1.040401985e-08 1.017325995e-08 1.030998698e-08 1.034236926e-08 1.031573748e-08 1.026450082e-08 1.029879694e-08 1.044098061e-08 1.02027364e-08 1.052237917e-08 1.026069098e-08 1.041248264e-08 1.05479865e-08 1.055067076e-08 1.050780517e-08 1.055432119e-08 1.054325759e-08 1.047854708e-08 1.057163346e-08 1.048961555e-08 1.054765407e-08 1.045653933e-08 1.062703988e-08 1.062699582e-08 1.066266837e-08 1.074199522e-08 1.056800414e-08 1.069607496e-08 1.06827437e-08 1.076239003e-08 1.048217421e-08 1.071666834e-08 1.07623768e-08 1.081546794e-08 1.085630023e-08 1.086765734e-08 1.085742212e-08 1.095231411e-08 1.07671585e-08 1.084611099e-08 1.085620591e-08 1.097784412e-08 1.089694883e-08 1.076880852e-08 1.091541186e-08 1.072562319e-08 1.099979215e-08 1.101490786e-08 1.101521207e-08 1.099592137e-08 1.116323566e-08 1.101777223e-08 1.095404313e-08 1.088029968e-08 1.088009274e-08 1.113853252e-08 1.089619106e-08 1.085904859e-08 
1.108829742e-08 1.117288051e-08 1.112820906e-08 1.117564065e-08 1.106698743e-08 1.105983822e-08 1.101488549e-08 1.104164402e-08 1.102583036e-08 1.100484199e-08 1.121172618e-08 1.109272929e-08 1.089906405e-08 1.110492818e-08 1.09895842e-08 1.099487353e-08 1.092032525e-08 1.105560545e-08 1.092753307e-08 1.082724642e-08 1.101183085e-08 1.071208308e-08 1.09024379e-08 1.083960983e-08 1.075696267e-08 1.075504804e-08 1.074446024e-08 1.085533623e-08 1.074054649e-08 1.075792611e-08 1.084035021e-08 1.07853633e-08 1.06082714e-08 1.080677191e-08 1.074762863e-08 1.070152657e-08 1.069643938e-08 1.062330385e-08 1.046111007e-08 1.056144642e-08 1.059890701e-08 1.062593453e-08 1.046511711e-08 1.041783046e-08 1.054729231e-08 1.056713656e-08 1.050569464e-08 1.037211467e-08 1.043003232e-08 1.049125416e-08 1.042198328e-08 1.049052036e-08 1.041071668e-08 1.024121753e-08 1.038394082e-08 1.019878136e-08 1.032640845e-08 1.015617875e-08 1.034069937e-08 1.020556387e-08 1.039148143e-08 1.010452289e-08 1.026529986e-08 1.013916858e-08 1.019237622e-08 1.038562986e-08 1.012974001e-08 1.026214613e-08 1.009536514e-08 1.019047119e-08 1.017636365e-08 1.002384648e-08 1.007150322e-08 9.927695583e-09 1.004032531e-08 1.003147835e-08 1.007912622e-08 9.973158979e-09 9.965886287e-09 9.931663421e-09 9.959046349e-09 1.004446004e-08 9.873324284e-09 1.005385083e-08 1.008472881e-08 9.90925887e-09 1.014747266e-08 9.935562051e-09 1.000133739e-08 9.959261349e-09 9.914814124e-09 9.974197146e-09 1.012408007e-08 1.003075845e-08 1.009278678e-08 1.005295512e-08 9.903987669e-09 1.005778083e-08 1.008050602e-08 9.965079561e-09 1.011070241e-08 1.007643069e-08 1.010983135e-08 9.872666107e-09 9.999649754e-09 1.013832659e-08 1.013562486e-08 1.01057784e-08 1.005517339e-08 1.003888461e-08 1.021671365e-08 1.011789534e-08 1.011954986e-08 1.01214098e-08 1.013476103e-08 1.012478329e-08 1.016754991e-08 1.012264284e-08 1.033022715e-08 1.018608716e-08 1.021915333e-08 1.043428449e-08 1.042835507e-08 1.042003858e-08 1.03151153e-08 1.043617099e-08 1.031284878e-08 1.043586402e-08 1.031455963e-08 1.039601723e-08 1.054366335e-08 1.048830911e-08 1.043927819e-08 1.062819821e-08 1.054563375e-08 1.045568416e-08 1.046594679e-08 1.053785184e-08 1.061800991e-08 1.058707831e-08 1.05670759e-08 1.077463786e-08 1.070163463e-08 1.066302472e-08 1.081118894e-08 1.045921401e-08 1.069040574e-08 1.07903299e-08 1.077700227e-08 1.075422063e-08 1.065427367e-08 1.071722688e-08 1.056541651e-08 1.074405482e-08 1.06504885e-08 1.085470313e-08 1.078267922e-08 1.082528439e-08 1.098097077e-08 1.091981212e-08 1.090384761e-08 1.091702394e-08 1.089117605e-08 1.088805277e-08 1.084177245e-08 1.09735646e-08 1.088250448e-08 1.09202947e-08 1.111081224e-08 1.111108691e-08 1.092449393e-08 1.110617726e-08 1.088247126e-08 1.124620371e-08 1.104761331e-08 1.111457253e-08 1.110289879e-08 1.119329348e-08 1.101971872e-08 1.102811486e-08 
1.128885356e-08 1.106232852e-08 1.107005036e-08 1.09988596e-08 1.11697684e-08 1.120570417e-08 1.109009954e-08 1.105851111e-08 1.11230506e-08 1.111119423e-08 1.106780996e-08 1.099153503e-08 1.110085498e-08 1.115339609e-08 1.100176363e-08 1.100697094e-08 1.113370167e-08 1.101389112e-08 1.106195746e-08 1.091267003e-08 1.107811455e-08 1.113533935e-08 1.099021363e-08 1.080218346e-08 1.086815956e-08 1.089285592e-08 1.084300371e-08 1.082931819e-08 1.085022912e-08 1.070437078e-08 1.090788495e-08 1.072108069e-08 1.079468631e-08 1.06572325e-08 1.083012393e-08 1.055480535e-08 1.061018313e-08 1.062991592e-08 1.057713977e-08 1.055750143e-08 1.050201665e-08 1.062477707e-08 1.061276444e-08 1.060861055e-08 1.064532833e-08 1.057212242e-08 1.057802371e-08 1.065705209e-08 1.038615857e-08 1.044883754e-08 1.067538315e-08 1.041305156e-08 1.044017583e-08 1.029589906e-08 1.042291284e-08 1.019796015e-08 1.022608744e-08 1.038417008e-08 1.026513385e-08 1.035305942e-08 1.019656113e-08 1.02049401e-08 1.029450642e-08 1.009195608e-08 1.003024302e-08 1.036640768e-08 1.024513415e-08 1.000350388e-08 9.978264291e-09 9.99775859e-09 1.023972687e-08 1.015868608e-08 1.020378687e-08 1.024561389e-08 9.965341592e-09 1.016185308e-08 1.015937716e-08 1.022857576e-08 1.005189356e-08 9.936147816e-09 1.01630106e-08 1.008070961e-08 1.002703742e-08 9.917422834e-09 9.964507821e-09 1.007787336e-08 1.014630204e-08 9.965157998e-09 9.929719375e-09 1.006899027e-08 9.967937194e-09 1.004398621e-08 9.844352314e-09 1.008118327e-08 1.003665316e-08 1.002593782e-08 1.013176088e-08 9.965792376e-09 1.008673166e-08 1.015188404e-08 1.022893237e-08 1.005128584e-08 1.00234939e-08 1.004675774e-08 1.003690086e-08 1.003505768e-08 1.008047143e-08 1.012675941e-08 1.009985417e-08 1.017683977e-08 1.014642029e-08 1.011517938e-08 1.001234095e-08 1.04063219e-08 1.017580275e-08 1.011608516e-08 1.017075956e-08 1.025856625e-08 1.013433962e-08 1.038557032e-08 1.024087407e-08 1.050722146e-08 1.03541458e-08 1.035363218e-08 1.024786577e-08 1.05689912e-08 1.034303219e-08 1.055308241e-08 1.055794289e-08 1.039353555e-08 1.049523385e-08 1.05059522e-08 1.04529397e-08 1.031927726e-08 1.051224031e-08 1.058943603e-08 1.060656526e-08 1.066217137e-08 1.056574928e-08 1.04947528e-08 1.064740976e-08 1.065001265e-08 1.044433243e-08 1.053700418e-08 1.080889069e-08 1.060432649e-08 1.067178375e-08 1.068288505e-08 1.072849736e-08 1.081295304e-08 1.075650128e-08 1.081524945e-08 1.104764602e-08 1.082963715e-08 1.091429506e-08 1.093380262e-08 1.088688873e-08 1.083227985e-08 1.072085912e-08 1.094962539e-08 1.097354334e-08 1.089229877e-08 1.100359437e-08 1.109034493e-08 1.089276012e-08 1.089067538e-08 1.099034288e-08 1.101325154e-08 1.118427931e-08 1.10680292e-08 1.114154271e-08 1.105957433e-08 1.107456728e-08 1.115561558e-08 1.10434566e-08 1.10371223e-08 1.106889406e-08 1.122855986e-08 1.119374884e-08 1.111687263e-08 
1.115155116e-08 1.118930988e-08 1.114123052e-08 1.121960228e-08 1.105296034e-08 1.108938609e-08 1.130289759e-08 1.123656162e-08 1.094208763e-08 1.135336148e-08 1.108697256e-08 1.116223402e-08 1.115842057e-08 1.112015933e-08 1.104847176e-08 1.099585826e-08 1.110468341e-08 1.11245209e-08 1.096003517e-08 1.099419566e-08 1.089181822e-08 1.106713024e-08 1.110061039e-08 1.074329842e-08 1.08986879e-08 1.084331248e-08 1.090481984e-08 1.0882233e-08 1.083909014e-08 1.077191193e-08 1.086274457e-08 1.070960336e-08 1.071583844e-08 1.089273484e-08 1.082296616e-08 1.072775627e-08 1.072731953e-08 1.050030376e-08 1.063437871e-08 1.054479847e-08 1.07989524e-08 1.069155588e-08 1.082973285e-08 1.059790549e-08 1.072879537e-08 1.042437449e-08 1.052370232e-08 1.050656566e-08 1.067591318e-08 1.059234311e-08 1.045127967e-08 1.049166619e-08 1.058653387e-08 1.063302373e-08 1.034464443e-08 1.027062024e-08 1.021972204e-08 1.045083517e-08 1.044128666e-08 1.031747623e-08 1.028474712e-08 1.035234557e-08 1.016650815e-08 1.026151394e-08 1.041841867e-08 1.029575034e-08 1.027870477e-08 1.009729697e-08 1.017859332e-08 1.03137893e-08 1.005913041e-08 1.011784857e-08 1.002870965e-08 1.017089388e-08 1.010467594e-08 1.021304763e-08 1.009539386e-08 1.008262474e-08 1.014429933e-08 9.941657113e-09 1.002949845e-08 1.023079759e-08 1.005400933e-08 1.016730322e-08 1.019302117e-08 1.002496696e-08 9.849858508e-09 9.929432848e-09 9.88271854e-09 0.0002639217454 0.0002638766998 1.009949395e-08 9.978345962e-09 9.994178749e-09 1.003162573e-08 9.976822476e-09 1.004356189e-08 1.007244287e-08 1.006981254e-08 9.898750438e-09 1.005151864e-08 1.005913569e-08 1.004998391e-08 1.001290697e-08 1.000578899e-08 1.010801046e-08 1.018139146e-08 1.003925189e-08 9.991749663e-09 1.012930811e-08 1.020021525e-08 1.016746403e-08 1.027287713e-08 1.012381076e-08 1.032939477e-08 1.016301407e-08 1.016353115e-08 1.027454468e-08 1.029983487e-08 1.027169047e-08 1.036723242e-08 1.024159853e-08 1.046670508e-08 1.022995521e-08 1.036286374e-08 1.046768633e-08 1.043668412e-08 1.048089278e-08 1.03282963e-08 1.034975917e-08 1.048173994e-08 1.033040453e-08 1.049619326e-08 1.053878769e-08 1.068961226e-08 1.047505905e-08 1.06819107e-08 1.073524044e-08 1.072777538e-08 1.069945172e-08 1.076198922e-08 1.071027202e-08 1.084404375e-08 1.063502186e-08 1.078007008e-08 1.080000281e-08 1.085729937e-08 1.103388096e-08 1.082258634e-08 1.06490675e-08 1.087806793e-08 1.10031822e-08 1.097531352e-08 1.087080137e-08 1.084358076e-08 1.088733554e-08 1.092308021e-08 1.091084828e-08 1.081743423e-08 1.094703425e-08 1.09080884e-08 1.097286782e-08 1.107623935e-08 1.096197199e-08 1.094411746e-08 1.091882547e-08 1.124518061e-08 1.100020775e-08 1.118598258e-08 1.118597616e-08 1.114795438e-08 1.118740313e-08 1.121279218e-08 1.110188184e-08 1.125006345e-08 1.117950811e-08 1.127376647e-08 1.130408822e-08 1.130474933e-08 1.120730167e-08 
1.119157732e-08 1.10417935e-08 1.113782427e-08 1.120223178e-08 1.127012511e-08 1.120738917e-08 1.106741914e-08 1.118558708e-08 1.114880125e-08 1.115612569e-08 1.108145489e-08 1.105754422e-08 1.118071018e-08 1.081213463e-08 1.112793664e-08 1.115175345e-08 1.09630268e-08 1.106207183e-08 1.12160472e-08 1.099249144e-08 1.080196808e-08 1.090046007e-08 1.092045954e-08 1.107907189e-08 1.082023095e-08 1.090628926e-08 1.080871718e-08 1.089988068e-08 1.078147835e-08 1.0796147e-08 1.076225644e-08 1.075975613e-08 1.084523766e-08 1.090794763e-08 1.07757272e-08 1.072055192e-08 1.095184998e-08 1.058972733e-08 1.050694958e-08 1.066636987e-08 1.056949536e-08 1.058686134e-08 1.066472003e-08 1.061214248e-08 1.067810401e-08 1.058253507e-08 1.061436993e-08 1.051577409e-08 1.051596446e-08 1.036509326e-08 1.053051162e-08 1.059458033e-08 1.055486929e-08 1.042091892e-08 1.041179523e-08 1.038045002e-08 1.036632322e-08 1.052888449e-08 1.037835159e-08 1.022070015e-08 1.031185049e-08 1.035408883e-08 1.020133457e-08 1.020141325e-08 1.02052087e-08 1.017750092e-08 1.016622433e-08 1.025095988e-08 1.022692231e-08 1.013229568e-08 1.006192843e-08 1.008013602e-08 9.932689061e-09 1.012638146e-08 1.020327112e-08 1.01369165e-08 1.020623329e-08 1.01579758e-08 1.006110798e-08 1.005168221e-08 1.016074163e-08 1.006137949e-08 1.001110193e-08 1.014752499e-08 1.007340644e-08 9.959919934e-09 1.008720607e-08 9.989499891e-09 1.005718093e-08 0.0005935515909 0.0005935480017 9.78303817e-09 1.007272654e-08 9.963960808e-09 1.015705435e-08 1.008758441e-08 1.017959903e-08 1.001635616e-08 9.990811561e-09 1.011569418e-08 1.0326491e-08 1.01703082e-08 1.003407789e-08 1.012468339e-08 1.02303806e-08 1.019866606e-08 1.007904136e-08 1.028857275e-08 1.01980244e-08 1.012726784e-08 1.015376426e-08 1.013058176e-08 1.028967404e-08 1.031591101e-08 1.021596405e-08 1.031106117e-08 1.03183779e-08 1.026792497e-08 1.026959862e-08 1.026649221e-08 1.022962634e-08 1.040575693e-08 1.037844081e-08 1.034722386e-08 1.042234695e-08 1.035713621e-08 1.054846662e-08 1.045004686e-08 1.062078489e-08 1.049068405e-08 1.051095563e-08 1.057856044e-08 1.061855559e-08 1.063404694e-08 1.076731054e-08 1.057378693e-08 1.046126854e-08 1.071340611e-08 1.060497951e-08 1.068547449e-08 1.06667157e-08 1.063432859e-08 1.068764042e-08 1.062704596e-08 1.072316967e-08 1.071215557e-08 1.057534773e-08 1.085388401e-08 1.081581365e-08 1.069898013e-08 1.07079629e-08 1.083503735e-08 1.070040278e-08 1.099615484e-08 1.088031821e-08 1.099147412e-08 1.078797003e-08 1.101530969e-08 1.098375919e-08 1.095652605e-08 1.094564502e-08 1.119891241e-08 1.099240662e-08 1.11228524e-08 1.110521633e-08 1.103788577e-08 1.11948667e-08 1.114759393e-08 1.115755402e-08 1.10288523e-08 1.123134342e-08 1.10330001e-08 1.132664369e-08 1.119198111e-08 1.120373204e-08 1.124713105e-08 1.11502376e-08 1.140782371e-08 1.109654245e-08 1.114211259e-08 
1.123338605e-08 1.124072479e-08 1.125356359e-08 1.109834195e-08 1.122690205e-08 1.114732334e-08 1.112927068e-08 1.115133174e-08 1.109410569e-08 1.097317368e-08 1.125343137e-08 1.118370316e-08 1.122074505e-08 1.109876249e-08 1.119548936e-08 1.11211856e-08 1.102881854e-08 1.099835953e-08 1.091380396e-08 1.099893589e-08 1.090863613e-08 1.094230521e-08 1.089559085e-08 1.100634287e-08 1.090413994e-08 1.074041942e-08 1.081785806e-08 1.080903954e-08 1.094458797e-08 1.083844795e-08 1.090000771e-08 1.064885761e-08 1.073728234e-08 1.058528675e-08 1.058928668e-08 1.073619656e-08 1.068258826e-08 1.067181443e-08 1.069401157e-08 1.06009008e-08 1.058803118e-08 1.068616641e-08 1.056592968e-08 1.061772017e-08 1.05698483e-08 1.052197959e-08 1.051700567e-08 1.054822067e-08 1.059740452e-08 1.054380995e-08 1.057242152e-08 1.070337172e-08 1.039087521e-08 1.03617978e-08 1.049080441e-08 1.054673792e-08 1.062195358e-08 1.040363276e-08 1.032465408e-08 1.018541869e-08 1.042453242e-08 1.027937611e-08 1.026484778e-08 1.025016486e-08 1.02087158e-08 1.020891301e-08 1.022411183e-08 1.014568578e-08 1.016957927e-08 1.015331401e-08 1.011759121e-08 1.022521293e-08 1.011428462e-08 1.01875414e-08 1.002377863e-08 1.023469414e-08 1.01502348e-08 1.010691167e-08 1.010852133e-08 1.010780616e-08 1.016224002e-08 1.017110679e-08 1.013601585e-08 1.015585433e-08 1.002341618e-08 1.011357674e-08 1.017524678e-08 1.001429121e-08 1.009268238e-08 0.0002639713602 0.0002639404217 9.973592428e-09 1.00340833e-08 1.01679201e-08 9.872627625e-09 9.969692711e-09 9.907955926e-09 1.004521007e-08 9.992962283e-09 1.008866344e-08 1.017230311e-08 1.011136306e-08 1.012129858e-08 1.021689137e-08 1.015410236e-08 1.012978612e-08 1.019149455e-08 1.022356163e-08 1.011212638e-08 9.99183907e-09 1.006856611e-08 1.023971168e-08 1.025512227e-08 1.027005705e-08 1.022238052e-08 1.017226835e-08 1.025078109e-08 1.044905462e-08 1.029873214e-08 1.030539419e-08 1.036283179e-08 1.035703071e-08 1.03674317e-08 1.026677478e-08 1.030985875e-08 1.042210992e-08 1.040595222e-08 1.03195888e-08 1.046278464e-08 1.047448189e-08 1.054286594e-08 1.052864745e-08 1.073638394e-08 1.059547433e-08 1.048578933e-08 1.054960168e-08 1.053686476e-08 1.052804661e-08 1.058682979e-08 1.066677559e-08 1.069829161e-08 1.067669814e-08 1.075787441e-08 1.069326221e-08 1.069218775e-08 1.077967652e-08 1.085844292e-08 1.069104841e-08 1.080535605e-08 1.086886536e-08 1.08782054e-08 1.074213575e-08 1.072876989e-08 1.072136001e-08 1.087393357e-08 1.063930855e-08 1.090093109e-08 1.092277355e-08 1.100228971e-08 1.092994396e-08 1.091370041e-08 1.099607909e-08 1.094670881e-08 1.094210756e-08 1.092850974e-08 1.09209622e-08 1.109496073e-08 1.117199716e-08 1.105660043e-08 1.103470584e-08 1.112781058e-08 1.11606327e-08 1.113531833e-08 1.109500388e-08 1.10450665e-08 1.106056718e-08 1.108497737e-08 1.108028809e-08 1.105552237e-08 1.123951783e-08 
1.115472316e-08 1.120495221e-08 1.119470961e-08 1.103491316e-08 1.110354055e-08 1.113122927e-08 1.094295353e-08 1.120499823e-08 1.110847937e-08 1.108970631e-08 1.116576365e-08 1.108051898e-08 1.108389067e-08 1.119613331e-08 1.094030996e-08 1.113527637e-08 1.094897504e-08 1.104709533e-08 1.091658955e-08 1.094862675e-08 1.100462068e-08 1.079902439e-08 1.084922803e-08 1.080678493e-08 1.079300433e-08 1.101876256e-08 1.065101821e-08 1.072281441e-08 1.076897099e-08 1.072485368e-08 1.089422552e-08 1.065851338e-08 1.073750568e-08 1.06937888e-08 1.073595639e-08 1.08687984e-08 1.06359513e-08 1.051102655e-08 1.054398723e-08 1.0713842e-08 1.060861807e-08 1.063556111e-08 1.049615547e-08 1.070069908e-08 1.058555452e-08 1.051347881e-08 1.048036181e-08 1.046170745e-08 1.049804178e-08 1.047653371e-08 1.041930161e-08 1.038266334e-08 1.039832253e-08 1.050845133e-08 1.035904612e-08 1.042529536e-08 1.01884555e-08 1.030491592e-08 1.02971733e-08 1.02387607e-08 1.029488462e-08 1.030396986e-08 1.015918386e-08 1.025562278e-08 1.01915027e-08 1.042942211e-08 1.008117385e-08 1.014359951e-08 1.023853919e-08 1.015155361e-08 1.012010334e-08 1.005791188e-08 1.017527561e-08 1.014257726e-08 1.004137018e-08 1.004501314e-08 1.004615938e-08 9.920912835e-09 1.008840132e-08 1.010623792e-08 1.016081759e-08 1.001895686e-08 1.001064824e-08 1.004665066e-08 9.917871643e-09 9.95442014e-09 1.012883396e-08 9.940609594e-09 1.000371055e-08 9.984153418e-09 9.951755264e-09 1.001545905e-08 9.986707333e-09 1.010220503e-08 9.94107794e-09 1.017836981e-08 1.013119908e-08 9.996593811e-09 1.01556065e-08 1.000347385e-08 1.008824893e-08 9.980434779e-09 1.020300549e-08 1.014852144e-08 1.003818155e-08 1.009440905e-08 1.015325949e-08 1.019867123e-08 1.017894693e-08 1.019816696e-08 1.011489995e-08 9.967261071e-09 1.029853198e-08 1.02194035e-08 1.013231566e-08 1.021609301e-08 1.020343559e-08 1.029195496e-08 1.020035844e-08 1.027798508e-08 1.02762159e-08 1.029460208e-08 1.031538015e-08 1.019685271e-08 1.043695892e-08 1.049872652e-08 1.041968035e-08 1.033447595e-08 1.044463321e-08 1.049170522e-08 1.04767581e-08 1.04679011e-08 1.050876207e-08 1.047089896e-08 1.03318442e-08 1.049054938e-08 1.045135662e-08 1.055038678e-08 1.06038257e-08 1.059679377e-08 1.056474565e-08 1.063275163e-08 1.069112572e-08 1.067427811e-08 1.052585873e-08 1.071736065e-08 1.072201441e-08 1.054853551e-08 1.068875624e-08 1.081546716e-08 1.087848966e-08 1.086891818e-08 1.071942464e-08 1.075201522e-08 1.106356155e-08 1.095469787e-08 1.081984954e-08 1.07556217e-08 1.083550585e-08 1.105096002e-08 1.096070341e-08 1.086429067e-08 1.089251571e-08 1.091632528e-08 1.11158726e-08 1.085796668e-08 1.097031437e-08 1.108306561e-08 1.100665431e-08 1.111914985e-08 1.10161633e-08 1.108266872e-08 1.103008115e-08 1.116576798e-08 1.118545694e-08 1.107853642e-08 1.110238863e-08 1.117273697e-08 1.126868874e-08 1.107326348e-08 
1.126977371e-08 1.101764566e-08 1.095162221e-08 1.116256784e-08 1.109545833e-08 1.121120351e-08 1.114147507e-08 1.107389072e-08 1.117172121e-08 1.100132181e-08 1.118697804e-08 1.096371325e-08 1.09505802e-08 1.101628865e-08 1.099321305e-08 1.097975404e-08 1.091417896e-08 1.090728325e-08 1.104252793e-08 1.08525312e-08 1.077904841e-08 1.091853094e-08 1.086416577e-08 1.0778777e-08 1.079763193e-08 1.068330146e-08 1.086602741e-08 1.084470438e-08 1.091173293e-08 1.082629324e-08 1.071110908e-08 1.044511644e-08 1.071714958e-08 1.074414704e-08 1.082473896e-08 1.062897349e-08 1.052460526e-08 1.053813602e-08 1.037787671e-08 1.06430097e-08 1.054793622e-08 1.054181983e-08 1.050096959e-08 1.062363956e-08 1.053022864e-08 1.073899027e-08 1.068547382e-08 1.058045989e-08 1.035669619e-08 1.05025682e-08 1.037581973e-08 1.036171921e-08 1.040656159e-08 1.038335355e-08 1.044543342e-08 1.025576596e-08 1.024160557e-08 1.037276916e-08 1.034790996e-08 1.031714676e-08 1.012708068e-08 1.037960351e-08 1.024336231e-08 1.014036286e-08 1.014940266e-08 1.025070236e-08 1.019869552e-08 1.011141156e-08 1.023689692e-08 9.952009607e-09 1.021207673e-08 1.00956267e-08 9.998388686e-09 1.006033565e-08 9.995855965e-09 9.969485857e-09 1.010022969e-08 1.018265275e-08 1.000325774e-08 1.006274105e-08 1.003189745e-08 1.000019091e-08 9.771574552e-09 1.007713615e-08 1.004149864e-08 1.002665952e-08 9.923230154e-09 1.008728175e-08 9.848497912e-09 9.894799361e-09 9.900499883e-09 9.776169467e-09 9.975698899e-09 1.00521408e-08 1.001466605e-08 9.993495339e-09 9.933858704e-09 9.935624561e-09 9.949356612e-09 1.007832399e-08 1.004214314e-08 9.993504265e-09 9.89394554e-09 1.008077827e-08 9.845965245e-09 9.83093841e-09 1.008960123e-08 1.029651651e-08 1.028315194e-08 1.014604279e-08 1.004746623e-08 1.006424321e-08 1.014405364e-08 1.016787594e-08 1.019158105e-08 1.016221181e-08 1.012522096e-08 1.030514789e-08 1.009501605e-08 1.032261542e-08 1.015403514e-08 1.029964231e-08 1.035157722e-08 1.036463218e-08 1.021288246e-08 1.061586974e-08 1.043386345e-08 1.048067451e-08 1.034933332e-08 1.048496177e-08 1.03962405e-08 1.048421034e-08 1.046048985e-08 1.05405293e-08 1.047530956e-08 1.041039668e-08 1.055850912e-08 1.037486665e-08 1.066059416e-08 1.067379971e-08 1.063916651e-08 1.060161271e-08 1.080662977e-08 1.07219935e-08 1.067594017e-08 1.081567824e-08 1.061640918e-08 1.073218529e-08 1.067527679e-08 1.075588561e-08 1.074390992e-08 1.098451198e-08 1.078079262e-08 1.084286227e-08 1.076916542e-08 1.094361995e-08 1.08595583e-08 1.079424941e-08 1.085658454e-08 1.064088508e-08 1.076608108e-08 1.104617287e-08 1.086491574e-08 1.093251333e-08 1.097842484e-08 1.099121313e-08 1.09222788e-08 1.108612315e-08 1.107839677e-08 1.095605388e-08 1.112796405e-08 1.106675796e-08 1.089294329e-08 1.094077613e-08 1.101382296e-08 1.101604404e-08 1.126497854e-08 1.096828054e-08 1.121445092e-08 1.098918335e-08 
1.09662246e-08 1.105272835e-08 1.09855621e-08 1.106669807e-08 1.10534125e-08 1.116574124e-08 1.102530973e-08 1.101962556e-08 1.093702868e-08 1.108830523e-08 1.097441475e-08 1.098520354e-08 1.091973246e-08 1.107578336e-08 1.085985314e-08 1.091845524e-08 1.076275877e-08 1.075919875e-08 1.088479669e-08 1.083332035e-08 1.077804143e-08 1.06684269e-08 1.076528558e-08 1.075266984e-08 1.081776103e-08 1.06471306e-08 1.067427029e-08 1.068118576e-08 1.081210495e-08 1.069189954e-08 1.064778933e-08 1.057350938e-08 1.070311175e-08 1.047082316e-08 1.060385497e-08 1.060134625e-08 1.053857241e-08 1.052151796e-08 1.070887303e-08 1.049300178e-08 1.055313457e-08 1.052243594e-08 1.044509163e-08 1.062845897e-08 1.054500745e-08 1.041918516e-08 1.049320229e-08 1.036413735e-08 1.047007114e-08 1.034452472e-08 1.037075479e-08 1.029144108e-08 1.041971041e-08 1.021819217e-08 1.021367999e-08 1.026458591e-08 1.026417264e-08 1.012892428e-08 1.023344079e-08 1.013468166e-08 1.018200459e-08 1.016955227e-08 1.016459837e-08 9.986858753e-09 1.012812494e-08 1.017346403e-08 1.021898359e-08 1.010532772e-08 1.006990503e-08 1.003340115e-08 1.004691753e-08 9.917807602e-09 1.000182801e-08 1.018311829e-08 1.011493869e-08 1.002973623e-08 1.003460457e-08 9.981674894e-09 9.83286741e-09 9.885071456e-09 9.901895139e-09 9.88812255e-09 9.961980362e-09 9.990901818e-09 9.94394025e-09 9.992126976e-09 9.973466553e-09 9.936519579e-09 9.726278966e-09 9.916256492e-09 1.006552114e-08 9.915043999e-09 1.005150443e-08 9.834494304e-09 9.872798634e-09 9.903218618e-09 9.92996262e-09 1.006632418e-08 1.002712252e-08 9.879834123e-09 9.963130278e-09 9.956494656e-09 9.934472625e-09 1.018728736e-08 9.962497775e-09 9.935182376e-09 1.001602761e-08 9.919267415e-09 9.987458352e-09 1.001956719e-08 9.962962829e-09 9.90957004e-09 1.007520112e-08 9.979506293e-09 1.017897477e-08 1.029152846e-08 1.024151521e-08 1.022266886e-08 1.014737576e-08 1.023709868e-08 1.011281583e-08 1.015689195e-08 1.022639945e-08 1.035606129e-08 1.031585453e-08 1.034292678e-08 1.012720444e-08 1.042082683e-08 1.043749146e-08 1.039910966e-08 1.041815055e-08 1.044288327e-08 1.025800638e-08 1.050453586e-08 1.039802553e-08 1.048247228e-08 1.055711624e-08 1.04399136e-08 1.049852024e-08 1.04702918e-08 1.049226628e-08 1.043857887e-08 1.044581375e-08 1.058261903e-08 1.066296767e-08 1.053574149e-08 1.064585535e-08 1.063401885e-08 1.059008492e-08 1.060226095e-08 1.065693271e-08 1.057041006e-08 1.080475566e-08 1.088366197e-08 1.069828512e-08 1.082123422e-08 1.082484453e-08 1.083920162e-08 1.075793052e-08 1.094024448e-08 1.07980734e-08 1.079130262e-08 1.085513759e-08 1.087812965e-08 1.100354548e-08 1.085247612e-08 1.097900172e-08 1.091444465e-08 1.088023786e-08 1.102927634e-08 1.092459904e-08 1.101705494e-08 1.098746539e-08 1.105168449e-08 1.089029665e-08 1.09860872e-08 1.091676556e-08 1.116876815e-08 1.102799125e-08 1.101412692e-08 
1.09492631e-08 1.112488305e-08 1.11093283e-08 1.082342432e-08 1.099706416e-08 1.078644393e-08 1.086500265e-08 1.082314285e-08 1.099096603e-08 1.100499596e-08 1.09164374e-08 1.086101768e-08 1.108104157e-08 1.087981045e-08 1.072904078e-08 1.08609235e-08 1.076664208e-08 1.080904075e-08 1.070109936e-08 1.082458584e-08 1.07036084e-08 1.072248958e-08 1.078276126e-08 1.058324881e-08 1.07808379e-08 1.070836402e-08 1.058902504e-08 1.058283086e-08 1.077109491e-08 1.067147756e-08 1.042804334e-08 1.071100334e-08 1.057637366e-08 1.060952657e-08 1.056928474e-08 1.060446299e-08 1.052995523e-08 1.064371767e-08 1.061464391e-08 1.037736184e-08 1.036473421e-08 1.025698028e-08 1.033129659e-08 1.044542118e-08 1.027670309e-08 1.037896158e-08 1.02532036e-08 1.041081232e-08 1.034874126e-08 1.022182957e-08 1.024544233e-08 1.013450208e-08 1.030247873e-08 1.035879539e-08 1.018061802e-08 1.009904314e-08 1.02160589e-08 1.022201106e-08 1.02055262e-08 1.01011704e-08 1.016146796e-08 1.007816977e-08 1.008381131e-08 9.988056713e-09 1.009840877e-08 1.004590507e-08 9.936543563e-09 9.998523706e-09 9.996698786e-09 1.001837472e-08 9.840589004e-09 9.967394998e-09 9.95507502e-09 9.832057735e-09 1.002911572e-08 9.902921455e-09 9.866961551e-09 9.925406814e-09 9.917829001e-09 9.864848063e-09 9.888932654e-09 9.974906622e-09 9.830375305e-09 9.873648354e-09 9.702646401e-09 9.94245793e-09 9.723959714e-09 9.945643062e-09 9.88804969e-09 9.966546758e-09 9.943749666e-09 9.845786639e-09 9.674848535e-09 9.632795252e-09 9.802758659e-09 1.003665677e-08 9.95553843e-09 9.832959827e-09 9.941078393e-09 9.790473328e-09 9.981609822e-09 9.890233376e-09 9.953487548e-09 9.95307429e-09 9.945431057e-09 9.969026025e-09 9.844621088e-09 1.001669996e-08 1.003632204e-08 9.866002819e-09 1.003613234e-08 1.006891762e-08 1.001020311e-08 9.904538522e-09 9.978106743e-09 1.003977146e-08 1.004893899e-08 1.007900446e-08 1.016919842e-08 1.007119041e-08 1.012623037e-08 1.021153491e-08 1.022420443e-08 1.010347512e-08 1.010448907e-08 1.023796611e-08 1.020294226e-08 1.007844154e-08 1.045763078e-08 1.029490243e-08 1.031340896e-08 1.02333824e-08 1.029115114e-08 1.049961931e-08 1.043146033e-08 1.020325215e-08 1.036744697e-08 1.036585143e-08 1.032272534e-08 1.041447262e-08 1.054101916e-08 1.038291116e-08 1.045147158e-08 1.042780089e-08 1.059423551e-08 1.040917441e-08 1.046074003e-08 1.063952255e-08 1.065313439e-08 1.052871679e-08 1.062951457e-08 1.048105292e-08 1.061391361e-08 1.070195096e-08 1.070334907e-08 1.066405208e-08 1.069409517e-08 1.07411623e-08 1.088298813e-08 1.080793369e-08 1.064761938e-08 1.084169327e-08 1.092562461e-08 1.068860277e-08 1.080613338e-08 1.066645338e-08 1.096275626e-08 1.093328125e-08 1.097255617e-08 1.078783782e-08 1.081053936e-08 1.069642627e-08 1.088784479e-08 1.09411647e-08 1.096202186e-08 1.086475503e-08 1.091917993e-08 1.098250992e-08 1.097079977e-08 1.106412617e-08 
1.08215598e-08 1.083507331e-08 1.097428278e-08 1.075904016e-08 1.090698358e-08 1.103965827e-08 1.074878351e-08 1.076944424e-08 1.092893957e-08 1.081649405e-08 1.081450427e-08 1.062219807e-08 1.064050317e-08 1.067859121e-08 1.075415188e-08 1.066162283e-08 1.054851878e-08 1.058697061e-08 1.088630982e-08 1.063966862e-08 1.073910125e-08 1.055368594e-08 1.044187458e-08 1.068155167e-08 1.048615792e-08 1.044993054e-08 1.052336347e-08 1.067316295e-08 1.037940424e-08 1.0540201e-08 1.03325186e-08 1.052640902e-08 1.048996609e-08 1.050119288e-08 1.021662037e-08 1.034438977e-08 1.034668699e-08 1.040160017e-08 1.039395877e-08 1.027636343e-08 1.043108602e-08 1.065029786e-08 1.033693475e-08 1.01814464e-08 1.01770559e-08 1.041855851e-08 1.024818665e-08 1.025992324e-08 1.031374156e-08 1.023525017e-08 1.023256636e-08 1.011461545e-08 1.028695358e-08 1.015620706e-08 1.015835444e-08 1.01743523e-08 1.010698919e-08 9.9855819e-09 1.007811832e-08 1.008779457e-08 1.005813824e-08 1.008922278e-08 1.008065509e-08 1.012143511e-08 1.009419905e-08 9.983609842e-09 9.800078207e-09 9.855057965e-09 9.882832602e-09 9.865564677e-09 9.927642016e-09 9.854944808e-09 9.841111307e-09 9.803482286e-09 9.841789331e-09 9.845674149e-09 9.736236949e-09 9.842341408e-09 9.818723525e-09 9.890120756e-09 9.71624254e-09 9.889607585e-09 9.855487941e-09 9.630070567e-09 9.763836531e-09 9.623745704e-09 9.850184863e-09 9.841311938e-09 9.855611959e-09 9.696214309e-09 9.694895091e-09 9.742124169e-09 9.719668939e-09 9.768882854e-09 9.848052151e-09 9.693075013e-09 9.936707161e-09 9.715537875e-09 9.743823591e-09 9.92559568e-09 9.830045173e-09 9.914923161e-09 9.89819709e-09 9.73044166e-09 9.980952644e-09 9.86426843e-09 9.906177597e-09 9.701785433e-09 9.915538205e-09 9.946420991e-09 9.917711446e-09 9.95841264e-09 1.006765975e-08 9.862040302e-09 9.943932065e-09 1.003266744e-08 1.006114166e-08 9.923485802e-09 1.006194425e-08 1.007867335e-08 9.964962379e-09 1.004055e-08 1.001407243e-08 1.021924226e-08 1.019491208e-08 1.018236853e-08 1.025078712e-08 1.023987853e-08 1.024993228e-08 1.046338034e-08 1.012353889e-08 1.014901878e-08 1.014219806e-08 1.03248392e-08 1.021049757e-08 1.030382559e-08 1.034129771e-08 1.040858585e-08 1.043214196e-08 1.054907182e-08 1.049555165e-08 1.035727246e-08 1.05756464e-08 1.047900398e-08 1.043213976e-08 1.044056298e-08 1.053537928e-08 1.046557726e-08 1.045567592e-08 1.050534488e-08 1.05332782e-08 1.061127944e-08 1.055870758e-08 1.044987412e-08 1.065589644e-08 1.058528156e-08 1.061802544e-08 1.066513312e-08 1.064622017e-08 1.069064673e-08 1.072624222e-08 1.07550236e-08 1.063092616e-08 1.077058771e-08 1.060233223e-08 1.084753306e-08 1.095403705e-08 1.075621873e-08 1.081670126e-08 1.079060673e-08 1.071880896e-08 1.088637267e-08 1.084220511e-08 1.102712942e-08 1.069149462e-08 1.108079745e-08 1.094907031e-08 1.083988677e-08 1.090556532e-08 1.081040159e-08 
1.078432675e-08 1.074321742e-08 1.071156135e-08 1.085606721e-08 1.083492595e-08 1.077960256e-08 1.07872682e-08 1.075262427e-08 1.074836909e-08 1.077907673e-08 1.08029454e-08 1.079747965e-08 1.079153226e-08 1.06264961e-08 1.064225885e-08 1.064009789e-08 1.062094384e-08 1.071899575e-08 1.055399169e-08 1.047492556e-08 1.052991047e-08 1.021981174e-08 1.056425225e-08 1.044051828e-08 1.057220413e-08 1.041565709e-08 1.045137445e-08 1.05938174e-08 1.044553325e-08 1.039392284e-08 1.036831796e-08 1.037805632e-08 1.045300308e-08 1.025852117e-08 1.027839623e-08 1.026468098e-08 1.042460095e-08 1.018609925e-08 1.021710713e-08 1.023841712e-08 1.035242964e-08 1.011474663e-08 1.036433784e-08 1.021779987e-08 1.021296939e-08 1.020659484e-08 1.018585262e-08 1.007250573e-08 9.963784452e-09 1.010500081e-08 1.021336397e-08 1.000264589e-08 9.976235746e-09 1.016627617e-08 1.004730153e-08 1.011922413e-08 1.00422819e-08 1.003287212e-08 9.822474607e-09 9.888539934e-09 9.945847408e-09 9.704591134e-09 9.886958116e-09 9.805899107e-09 9.762403666e-09 9.98642732e-09 9.775630786e-09 9.946162415e-09 9.806948942e-09 9.652381155e-09 9.727153865e-09 9.833633022e-09 9.813443248e-09 9.627218279e-09 9.721338903e-09 9.645022993e-09 9.718300337e-09 9.623537359e-09 9.5615837e-09 9.759755161e-09 9.760800598e-09 9.668126295e-09 9.699455852e-09 9.685724406e-09 9.677915617e-09 9.698595118e-09 9.762994428e-09 9.518564501e-09 9.760365852e-09 9.673798706e-09 9.643317885e-09 9.591270306e-09 9.73156291e-09 9.558923475e-09 9.681855342e-09 9.716332324e-09 9.597845446e-09 9.733385371e-09 9.702450363e-09 9.72659824e-09 9.744256457e-09 9.672650035e-09 9.821909523e-09 9.613732898e-09 9.74284921e-09 9.788512728e-09 9.719382779e-09 9.935186325e-09 9.681110528e-09 9.732958644e-09 9.7569195e-09 9.738221486e-09 9.894077485e-09 9.926295439e-09 9.715450018e-09 9.854840887e-09 9.683190803e-09 9.838290277e-09 9.890541255e-09 9.763465586e-09 9.993834721e-09 9.8326132e-09 9.873031362e-09 1.001904566e-08 9.901726427e-09 1.003087559e-08 1.009700849e-08 1.005160629e-08 1.001523636e-08 1.006941383e-08 1.017805253e-08 1.016563066e-08 1.014035685e-08 1.003045934e-08 1.004630623e-08 1.010688009e-08 1.020656576e-08 1.012610445e-08 1.042785183e-08 1.037083516e-08 1.015688842e-08 1.027990077e-08 1.026742707e-08 1.049393539e-08 1.036985347e-08 1.01853012e-08 1.0294152e-08 1.015589764e-08 1.036139154e-08 1.033672516e-08 1.051875567e-08 1.043662028e-08 1.05056671e-08 1.043209382e-08 1.043252711e-08 1.05967508e-08 1.060884329e-08 1.056726459e-08 1.059587871e-08 1.058304163e-08 1.040038911e-08 1.066210282e-08 1.068835689e-08 1.070488591e-08 1.060508598e-08 1.060599778e-08 1.063866233e-08 1.07592705e-08 1.069930351e-08 1.077795061e-08 1.070914301e-08 1.073682745e-08 1.061839633e-08 1.066831841e-08 1.077400909e-08 1.082091574e-08 1.08414561e-08 1.071865991e-08 1.068135339e-08 1.067074504e-08 
1.063845192e-08 1.061780083e-08 1.04936551e-08 1.061847234e-08 1.052218947e-08 1.03786169e-08 1.07095853e-08 1.064009014e-08 1.047345753e-08 1.066499186e-08 1.064311921e-08 1.044695505e-08 1.048921872e-08 1.04697868e-08 1.060037196e-08 1.043298791e-08 1.04745249e-08 1.038540149e-08 1.04753321e-08 1.052949797e-08 1.043501936e-08 1.019053718e-08 1.058072865e-08 1.034529747e-08 1.033529318e-08 1.046241512e-08 1.037777208e-08 1.030359505e-08 1.027637079e-08 1.040016383e-08 1.019133627e-08 1.024173759e-08 1.019034023e-08 1.005404178e-08 1.025131527e-08 1.009359646e-08 1.015152282e-08 1.008655829e-08 1.010086205e-08 1.014432842e-08 1.008035254e-08 1.008091444e-08 1.001342716e-08 9.97942264e-09 1.016353468e-08 9.967981497e-09 1.000632478e-08 9.918608313e-09 9.991619151e-09 9.93448386e-09 9.97646143e-09 9.740115182e-09 9.841673726e-09 9.921184485e-09 9.984615642e-09 9.936158436e-09 9.886504597e-09 9.88881932e-09 9.722479233e-09 9.792946462e-09 9.702794965e-09 9.609984294e-09 9.754215932e-09 9.663868063e-09 9.778817391e-09 9.652662661e-09 9.724797e-09 9.603491983e-09 9.697051518e-09 9.552092665e-09 9.619692137e-09 9.644046157e-09 9.711770202e-09 9.600662908e-09 9.581468987e-09 9.57674843e-09 9.656394331e-09 9.448365092e-09 9.505773983e-09 9.552316821e-09 9.745602603e-09 9.679852653e-09 9.505175848e-09 9.567305697e-09 9.387400567e-09 9.321376582e-09 9.473555525e-09 9.625278739e-09 9.603567015e-09 9.493503082e-09 9.467097598e-09 9.449751761e-09 9.477046229e-09 9.486705463e-09 9.515897432e-09 9.644402965e-09 9.532561408e-09 9.574791137e-09 9.630253306e-09 9.64474673e-09 9.562114828e-09 9.707855683e-09 9.58253371e-09 9.782682514e-09 9.675960981e-09 9.63573086e-09 9.653569852e-09 9.638070262e-09 9.712634322e-09 9.501028675e-09 9.697189655e-09 9.610082258e-09 9.645278535e-09 9.693346765e-09 9.720523466e-09 9.632052123e-09 9.765489049e-09 9.742199401e-09 9.705980412e-09 9.877263513e-09 9.680251817e-09 9.782655183e-09 9.892216065e-09 9.896276811e-09 9.822905606e-09 9.812578081e-09 9.881365526e-09 9.966223712e-09 9.853193567e-09 9.957592387e-09 1.011501707e-08 9.886552544e-09 9.950484671e-09 9.923951708e-09 1.011196399e-08 9.98381219e-09 9.947942999e-09 9.940945198e-09 9.971571722e-09 1.019630001e-08 1.009988061e-08 1.014590682e-08 1.01476918e-08 1.021271558e-08 1.027958631e-08 1.020726618e-08 1.001932692e-08 1.01356484e-08 1.029180889e-08 1.026031565e-08 1.026430971e-08 1.026869261e-08 1.022072175e-08 1.042082403e-08 1.041559762e-08 1.024722484e-08 1.036135193e-08 1.02854908e-08 1.039768468e-08 1.035105372e-08 1.042157085e-08 1.049242724e-08 1.037355864e-08 1.050111214e-08 1.045398468e-08 1.061467236e-08 1.05597722e-08 1.048411639e-08 1.061419855e-08 1.048957277e-08 1.052026797e-08 1.058059757e-08 1.070680119e-08 1.068201819e-08 1.067664453e-08 1.066080313e-08 1.057250039e-08 1.043204336e-08 1.061851033e-08 1.083095074e-08 
1.043408221e-08 1.043317644e-08 1.04751034e-08 1.051598669e-08 1.044846999e-08 1.074472365e-08 1.059014537e-08 1.032233185e-08 1.064221955e-08 1.044213883e-08 1.035063038e-08 1.037795859e-08 1.025616162e-08 1.038986381e-08 1.032261881e-08 1.038717177e-08 1.026874222e-08 1.044710782e-08 1.0209212e-08 1.017481515e-08 1.017728646e-08 1.008439448e-08 1.012167644e-08 1.010693634e-08 1.020436938e-08 1.020295418e-08 1.009257858e-08 1.028079352e-08 1.028019767e-08 1.00838744e-08 1.019948251e-08 1.014128599e-08 1.017101883e-08 9.890786834e-09 1.002014389e-08 9.990145669e-09 1.009703128e-08 1.008504351e-08 1.011286972e-08 1.001474547e-08 1.011900031e-08 1.002653044e-08 9.928730606e-09 9.884215084e-09 9.801561069e-09 1.000579674e-08 9.984889086e-09 9.833451471e-09 9.925427921e-09 9.765732301e-09 9.909274786e-09 9.886409021e-09 9.6900641e-09 9.642242187e-09 9.5954949e-09 9.755291506e-09 9.701523862e-09 9.807330753e-09 9.717232281e-09 9.67613582e-09 9.680476306e-09 9.722359421e-09 9.534543374e-09 9.669094568e-09 9.758661769e-09 9.633054127e-09 9.525360349e-09 9.417764938e-09 9.498452233e-09 9.525912578e-09 9.42450861e-09 9.600333354e-09 9.427795729e-09 9.544963218e-09 9.468970632e-09 9.417333344e-09 9.421453867e-09 9.377747396e-09 9.226018957e-09 9.419309535e-09 9.565235844e-09 9.384986986e-09 9.348702741e-09 9.453100226e-09 9.266867656e-09 9.46968697e-09 9.379129652e-09 9.438703896e-09 9.348527782e-09 9.378023841e-09 9.525519979e-09 9.390696561e-09 9.4628584e-09 9.431840288e-09 9.466887649e-09 9.370984528e-09 9.350160298e-09 9.435548367e-09 9.386983985e-09 9.528516943e-09 9.375234383e-09 9.620558639e-09 9.508165509e-09 9.404723423e-09 9.476965667e-09 9.45638872e-09 9.589457008e-09 9.420781257e-09 9.464444639e-09 9.525321942e-09 9.412212212e-09 9.523837724e-09 9.590943484e-09 9.545865024e-09 9.641837956e-09 9.724392829e-09 9.511131176e-09 9.593436552e-09 9.728784067e-09 9.723446315e-09 9.618915599e-09 9.817131204e-09 9.568829044e-09 9.603745048e-09 9.783998236e-09 9.828897119e-09 9.764403836e-09 9.764216927e-09 9.776956653e-09 9.89101719e-09 9.764409367e-09 9.710076903e-09 9.80651379e-09 9.841891107e-09 9.911774737e-09 9.981724652e-09 9.934479704e-09 1.004982448e-08 1.004985935e-08 1.003990939e-08 9.744679304e-09 9.889533414e-09 1.012752211e-08 9.879846491e-09 1.017488641e-08 1.010650337e-08 1.00222977e-08 1.013139988e-08 1.010593003e-08 1.012637724e-08 1.012175436e-08 1.023817838e-08 1.01819607e-08 1.010891854e-08 1.016145245e-08 1.032754851e-08 1.00458567e-08 1.029481151e-08 1.013575549e-08 1.015117548e-08 1.039653731e-08 1.027861831e-08 1.029056868e-08 1.03598446e-08 1.027965283e-08 1.020316093e-08 1.045864122e-08 1.040207739e-08 1.033686426e-08 1.035979536e-08 1.048146903e-08 1.054479463e-08 1.041491336e-08 1.032334685e-08 1.065994786e-08 1.05859862e-08 1.045322445e-08 1.060165255e-08 1.055960227e-08 1.062026391e-08 
1.034486088e-08 1.033895747e-08 1.014978239e-08 1.034843301e-08 1.026465979e-08 1.026938941e-08 1.031974197e-08 1.023475663e-08 1.021978329e-08 1.036742435e-08 1.009383625e-08 1.021783967e-08 1.020106442e-08 1.014399384e-08 1.034590193e-08 1.015612079e-08 1.02344898e-08 1.013168382e-08 1.018542934e-08 1.006164659e-08 1.013856778e-08 1.003749261e-08 1.002628571e-08 1.019127881e-08 1.022298874e-08 1.009172896e-08 1.012011707e-08 9.894209897e-09 9.816246279e-09 9.965901806e-09 9.944201763e-09 1.012128886e-08 9.948004225e-09 9.732798085e-09 9.914886109e-09 9.991185567e-09 9.799712048e-09 9.826298235e-09 1.003488462e-08 9.746010188e-09 9.647625826e-09 9.801681083e-09 9.806375506e-09 9.838759987e-09 9.808211497e-09 9.767434239e-09 9.841182468e-09 9.880807013e-09 9.619361475e-09 9.725177936e-09 9.6587412e-09 9.62597587e-09 9.548029525e-09 9.528081346e-09 9.619895356e-09 9.669490791e-09 9.57963775e-09 9.581411595e-09 9.552277654e-09 9.46287212e-09 9.468432399e-09 9.538022861e-09 9.524903046e-09 9.374945687e-09 9.393133558e-09 9.480376525e-09 9.418528862e-09 9.351750627e-09 9.394510957e-09 9.420053175e-09 9.506567821e-09 9.262945256e-09 9.255219216e-09 9.451178958e-09 9.423464436e-09 9.169611092e-09 9.319409726e-09 9.240427265e-09 9.36284963e-09 9.192487488e-09 9.192656512e-09 9.325842074e-09 9.283129383e-09 9.353064545e-09 9.285298562e-09 9.259302908e-09 9.296025186e-09 9.039033648e-09 9.173153518e-09 9.087561371e-09 9.4316397e-09 9.191328082e-09 9.299691182e-09 9.149428953e-09 9.240709108e-09 9.099161941e-09 9.208472223e-09 9.169567492e-09 9.31290427e-09 9.179840525e-09 9.295592925e-09 9.379855769e-09 9.29220123e-09 9.344916e-09 9.384860273e-09 9.227920625e-09 9.395282845e-09 9.479440764e-09 9.410576798e-09 9.378559787e-09 9.511929913e-09 9.363499051e-09 9.33808082e-09 9.312175648e-09 9.282868232e-09 9.428828542e-09 9.399277215e-09 9.419973962e-09 9.658114095e-09 9.479027361e-09 9.406461766e-09 9.520819469e-09 9.63147825e-09 9.538494578e-09 9.414230976e-09 9.510115725e-09 9.690715847e-09 9.595966891e-09 9.664483962e-09 9.601240079e-09 9.569934395e-09 9.674455471e-09 9.68369691e-09 9.503664272e-09 9.815989176e-09 9.814217936e-09 9.768753427e-09 9.803116146e-09 9.744383077e-09 9.709923907e-09 9.833303785e-09 9.844436678e-09 9.752785604e-09 9.897882295e-09 9.977413636e-09 9.790414454e-09 9.920797221e-09 9.943509365e-09 9.754857153e-09 9.989878324e-09 9.928319773e-09 1.007360883e-08 1.006731131e-08 9.893040546e-09 9.986612817e-09 1.007805062e-08 1.012740587e-08 1.005678567e-08 1.00982702e-08 9.986407566e-09 1.017508237e-08 1.005846542e-08 1.018927875e-08 1.02359225e-08 1.019417559e-08 1.029062766e-08 1.011215206e-08 1.021468906e-08 1.016864381e-08 1.020658533e-08 1.027833348e-08 1.042230403e-08 1.02787872e-08 1.044294932e-08 1.036001805e-08 1.046862643e-08 1.025391807e-08 1.031011881e-08 1.018732003e-08 1.020996762e-08 
1.019338713e-08 1.022614886e-08 1.002191808e-08 1.026960705e-08 1.036199604e-08 1.001757267e-08 1.017102115e-08 1.021035017e-08 1.010819035e-08 9.977488623e-09 1.003251455e-08 9.991478088e-09 9.873079387e-09 1.016707792e-08 1.017401168e-08 9.919684643e-09 9.864255271e-09 9.938200949e-09 9.943221741e-09 1.008436448e-08 1.008912026e-08 9.75043139e-09 9.859986804e-09 9.824768751e-09 9.887218287e-09 9.95992807e-09 9.870162581e-09 9.834267236e-09 9.792157309e-09 9.812481788e-09 9.867665717e-09 9.681732362e-09 9.683300637e-09 9.855499166e-09 9.718027803e-09 9.758448086e-09 9.719669506e-09 9.649077438e-09 9.644586132e-09 9.686501297e-09 9.697940621e-09 9.64476981e-09 9.613438201e-09 9.39664356e-09 9.643250374e-09 9.483195046e-09 9.414003143e-09 9.54347307e-09 9.482584732e-09 9.381068516e-09 9.645170066e-09 9.466198068e-09 9.619937628e-09 9.433633825e-09 9.45703535e-09 9.393703467e-09 9.437424502e-09 9.404520294e-09 9.246374249e-09 9.261843782e-09 9.14547307e-09 9.383254818e-09 9.377823476e-09 9.191526775e-09 9.233958716e-09 9.205053622e-09 9.233851535e-09 9.241250599e-09 9.117857204e-09 9.290491871e-09 9.046405237e-09 9.241622215e-09 9.205431882e-09 9.062752016e-09 9.117165156e-09 9.236554942e-09 9.181383734e-09 9.08162643e-09 9.090737999e-09 9.117302701e-09 9.120318904e-09 9.082285161e-09 9.072315417e-09 9.064864327e-09 8.981998734e-09 9.045751549e-09 9.233990924e-09 9.05766937e-09 9.039503238e-09 8.98401697e-09 8.972361017e-09 9.086846262e-09 8.947997171e-09 9.180709442e-09 8.96380332e-09 9.062108412e-09 8.933238564e-09 9.028273055e-09 9.073398205e-09 8.997034352e-09 9.166457863e-09 8.956573831e-09 9.091885528e-09 9.053221897e-09 9.100281119e-09 9.139864827e-09 9.065771193e-09 9.233636344e-09 9.030272632e-09 9.281116655e-09 9.218256511e-09 9.25046722e-09 9.205879162e-09 9.251286603e-09 9.307191812e-09 9.163119322e-09 9.290943359e-09 9.347707566e-09 9.384181935e-09 9.178770292e-09 9.283065627e-09 9.333003003e-09 9.301445089e-09 9.381282578e-09 9.459946443e-09 9.586782021e-09 9.509836616e-09 9.377492192e-09 9.398146146e-09 9.339350503e-09 9.530310729e-09 9.510240744e-09 9.586377871e-09 9.397613384e-09 9.688882271e-09 9.589423276e-09 9.535528501e-09 9.553070767e-09 9.69472177e-09 9.568266629e-09 9.738844196e-09 9.515070683e-09 9.58021581e-09 9.595199977e-09 9.512201204e-09 9.723061031e-09 9.752328186e-09 9.704496505e-09 9.678821883e-09 9.824330186e-09 9.637108304e-09 9.871460594e-09 9.886972246e-09 9.905232446e-09 1.001442805e-08 9.847566213e-09 9.976071017e-09 9.900810923e-09 9.830605669e-09 9.820585122e-09 9.884219712e-09 1.017002923e-08 1.011083974e-08 9.963025614e-09 1.001606252e-08 1.006228756e-08 9.988728091e-09 9.917548132e-09 1.006074115e-08 1.013584001e-08 9.9675537e-09 1.018321387e-08 1.008240124e-08 1.015133435e-08 1.016100724e-08 1.017324053e-08 1.010623476e-08 1.020075871e-08 1.013143279e-08 1.014613056e-08 
9.973018203e-09 9.996462828e-09 9.883749683e-09 9.804386417e-09 1.019374303e-08 9.908746183e-09 9.83516723e-09 9.789716725e-09 1.002756868e-08 9.847121656e-09 9.842305081e-09 1.003708455e-08 9.850857482e-09 9.848391052e-09 9.876865129e-09 9.674480594e-09 9.850886596e-09 9.801742519e-09 9.811332445e-09 9.655681908e-09 9.735600504e-09 9.7193319e-09 9.727750543e-09 9.728507536e-09 9.667882544e-09 9.555102007e-09 9.743992056e-09 9.775811825e-09 9.489196596e-09 9.710010113e-09 9.524377195e-09 9.549560069e-09 9.573209677e-09 9.588882626e-09 9.682710008e-09 9.559100339e-09 9.375248754e-09 9.539432467e-09 9.388528783e-09 9.351516212e-09 9.347535545e-09 9.261855865e-09 9.267166177e-09 9.492719513e-09 9.393753255e-09 9.431971597e-09 9.184627876e-09 9.509548478e-09 9.222812987e-09 9.30369512e-09 9.301115232e-09 9.317584589e-09 9.27494503e-09 9.27662308e-09 9.147004739e-09 8.932885759e-09 9.159076542e-09 9.164222932e-09 9.095008302e-09 9.153042466e-09 9.191632782e-09 9.104569619e-09 9.267467546e-09 8.943191917e-09 9.053473517e-09 9.019968428e-09 8.963290424e-09 9.125124583e-09 9.077646726e-09 8.769212228e-09 9.001959479e-09 8.905194707e-09 9.043527826e-09 9.000578179e-09 8.967019335e-09 8.877092504e-09 9.021459584e-09 8.718600665e-09 8.801228864e-09 9.030776114e-09 8.932238255e-09 8.897683598e-09 8.981125726e-09 8.803268081e-09 8.843020686e-09 8.885852688e-09 8.896789379e-09 8.837013915e-09 8.822046682e-09 8.83391806e-09 8.928622231e-09 8.792583542e-09 8.903244415e-09 8.818887135e-09 8.998733294e-09 8.887674843e-09 8.963289032e-09 8.901246573e-09 8.900073012e-09 8.994182426e-09 8.969441407e-09 8.833589526e-09 8.766679909e-09 8.825498181e-09 8.772247128e-09 8.996435855e-09 8.904790623e-09 8.986874447e-09 9.058302303e-09 9.033493617e-09 8.93341119e-09 8.982401871e-09 9.015065614e-09 8.970637587e-09 9.232976539e-09 9.198808655e-09 9.12688836e-09 9.135506806e-09 9.055587269e-09 9.02992961e-09 9.244732665e-09 9.098110412e-09 9.21155564e-09 9.136536294e-09 9.062438044e-09 9.294790585e-09 9.280455952e-09 9.273507096e-09 9.259449832e-09 9.125882497e-09 9.42317578e-09 9.210788421e-09 9.34797634e-09 9.323133165e-09 9.474925682e-09 9.351543789e-09 9.426626564e-09 9.278171559e-09 9.331714578e-09 9.484759129e-09 9.557898954e-09 9.399875236e-09 9.459189679e-09 9.498874491e-09 9.630210117e-09 9.518386996e-09 9.340110052e-09 9.484806709e-09 9.544047065e-09 9.6139011e-09 9.596833665e-09 9.73930405e-09 9.629652817e-09 9.738107245e-09 9.710922967e-09 9.645531281e-09 9.553426896e-09 9.633819627e-09 9.748096634e-09 9.725451959e-09 9.756121722e-09 9.742481467e-09 9.660983304e-09 9.779735127e-09 9.9410692e-09 9.843808259e-09 9.813104861e-09 9.816029646e-09 9.714121087e-09 9.919109262e-09 1.000718576e-08 9.945296305e-09 9.712093005e-09 9.896222926e-09 9.969526431e-09 9.967885576e-09 9.975199e-09 1.005691714e-08 9.869814585e-09 1.007435712e-08 
9.841591456e-09 9.522441734e-09 9.692257424e-09 9.81632722e-09 9.792512263e-09 9.811037551e-09 9.723016048e-09 9.694186793e-09 9.640465165e-09 9.627352446e-09 9.523616662e-09 9.632055309e-09 9.756850212e-09 9.57220158e-09 9.458197714e-09 9.500155366e-09 9.533818695e-09 9.551544184e-09 9.436813456e-09 9.481298095e-09 9.39908636e-09 9.313824109e-09 9.535208694e-09 9.346419427e-09 9.430255219e-09 9.550116407e-09 9.426628194e-09 9.465171766e-09 9.395124181e-09 9.375095965e-09 9.334864913e-09 9.433006213e-09 9.530614943e-09 9.379980673e-09 9.256155129e-09 9.329781008e-09 9.281767552e-09 9.16431932e-09 9.162200982e-09 9.266974467e-09 9.075189065e-09 9.207884702e-09 9.289068407e-09 9.15887745e-09 9.27512773e-09 9.200556922e-09 9.138297381e-09 9.098452268e-09 9.016638715e-09 9.15949929e-09 8.894336263e-09 9.110354853e-09 9.090554418e-09 9.195112442e-09 9.089699525e-09 9.0054763e-09 8.972882365e-09 8.933625218e-09 8.87962758e-09 8.968744199e-09 8.961807467e-09 8.911471194e-09 8.99321115e-09 9.065640901e-09 8.914567101e-09 8.966826458e-09 8.715611879e-09 8.816299562e-09 8.84157059e-09 8.91046539e-09 8.644193604e-09 8.7266288e-09 8.943716261e-09 8.637517387e-09 8.791593395e-09 8.824362413e-09 8.674172665e-09 8.602577194e-09 8.655171454e-09 8.634536566e-09 8.655933281e-09 8.745629007e-09 8.61216748e-09 8.75049509e-09 8.581935198e-09 8.793952693e-09 8.720405908e-09 8.684017265e-09 8.696677689e-09 8.623588422e-09 8.775163391e-09 8.824772439e-09 8.698006737e-09 8.600608442e-09 8.763650765e-09 8.752977363e-09 8.783073639e-09 8.687610351e-09 8.62102091e-09 8.618376644e-09 8.591260263e-09 8.697057441e-09 8.928721409e-09 8.695966313e-09 8.685596086e-09 8.692086727e-09 8.726849704e-09 8.684511759e-09 8.628893118e-09 8.750442214e-09 8.858360213e-09 8.816558455e-09 8.94623895e-09 8.870427333e-09 8.834720962e-09 8.654595079e-09 8.806685897e-09 8.957060408e-09 8.889234526e-09 8.946564469e-09 8.954585652e-09 9.095728724e-09 8.956853202e-09 9.062613276e-09 8.980444863e-09 8.926884123e-09 8.99945191e-09 8.98894025e-09 8.952689113e-09 9.08825949e-09 9.002617301e-09 9.065875933e-09 9.083105099e-09 9.147195373e-09 9.192172353e-09 9.10553238e-09 9.043376476e-09 9.111841355e-09 9.192346983e-09 9.249222218e-09 9.368190261e-09 9.270494985e-09 9.20842858e-09 9.284504871e-09 9.328458449e-09 9.51975902e-09 9.437672998e-09 9.42958728e-09 9.201532031e-09 9.321842766e-09 9.321891684e-09 9.489212847e-09 9.340535009e-09 9.440965056e-09 9.340386085e-09 9.252551803e-09 9.415859051e-09 9.495473034e-09 9.577810484e-09 9.576794861e-09 9.496070291e-09 9.61150851e-09 9.508458631e-09 9.589097955e-09 9.591656022e-09 9.509431965e-09 9.616895792e-09 9.56849563e-09 9.670217894e-09 9.676776164e-09 9.747120184e-09 9.833302309e-09 9.636266754e-09 9.835149654e-09 9.611605104e-09 9.502018616e-09 9.749874662e-09 9.81239353e-09 9.446199861e-09 9.719887855e-09 
9.45249451e-09 9.68470434e-09 9.495792139e-09 9.633271174e-09 9.45889824e-09 9.421694655e-09 9.383446079e-09 9.456818194e-09 9.471974894e-09 9.445757882e-09 9.472555547e-09 9.423355771e-09 9.474283394e-09 9.566689955e-09 9.439101153e-09 9.427437648e-09 9.337065054e-09 9.348178758e-09 9.34410336e-09 9.396706537e-09 9.31627104e-09 9.129521002e-09 9.296146072e-09 9.300454658e-09 9.165869705e-09 9.132706877e-09 9.131603123e-09 9.085385572e-09 9.200851213e-09 9.172990517e-09 9.184206969e-09 8.990424333e-09 9.164088875e-09 8.917820006e-09 9.152719046e-09 9.000896521e-09 9.023667015e-09 9.042676571e-09 8.981529456e-09 9.003871495e-09 9.041081066e-09 9.030678463e-09 8.893709318e-09 8.884596514e-09 8.861304049e-09 9.086396819e-09 8.94642618e-09 8.931320442e-09 8.989530196e-09 8.878311783e-09 9.040404938e-09 8.77087782e-09 8.90533047e-09 8.773329157e-09 8.663695146e-09 8.737505114e-09 8.562048289e-09 8.66451921e-09 8.774913197e-09 8.853024485e-09 8.697256093e-09 8.670306003e-09 8.745231494e-09 8.561015241e-09 8.700011028e-09 8.60786453e-09 8.49347461e-09 8.643155487e-09 8.633639278e-09 8.37861107e-09 8.634442949e-09 8.500507627e-09 8.513952666e-09 8.51946574e-09 8.497830991e-09 8.545625297e-09 8.452729402e-09 8.370014559e-09 8.414043153e-09 8.591131346e-09 8.453212171e-09 8.364255894e-09 8.550986254e-09 8.499741857e-09 8.394522315e-09 8.449794928e-09 8.484608764e-09 8.530542488e-09 8.371882427e-09 8.447667504e-09 8.424200003e-09 8.464892421e-09 8.434507701e-09 8.442590208e-09 8.396387068e-09 8.447480923e-09 8.498153262e-09 8.62770306e-09 8.424965459e-09 8.421980002e-09 8.529525088e-09 8.456061101e-09 8.42365673e-09 8.529909959e-09 8.474522836e-09 8.618776298e-09 8.56937083e-09 8.623458737e-09 8.381892041e-09 8.432640521e-09 8.598966306e-09 8.602781573e-09 8.573277672e-09 8.632768999e-09 8.616584832e-09 8.670642449e-09 8.696394819e-09 8.743411082e-09 8.636730326e-09 8.644401362e-09 8.631184257e-09 8.965923785e-09 8.820117525e-09 8.738845296e-09 8.768859111e-09 8.752541762e-09 8.776419677e-09 8.860698584e-09 8.82275971e-09 8.766958631e-09 8.796895884e-09 8.913794664e-09 8.951551513e-09 8.941094759e-09 8.857817402e-09 8.915045947e-09 8.996427916e-09 9.0654993e-09 8.925536465e-09 8.939022902e-09 8.992774893e-09 8.966263046e-09 8.987418905e-09 9.074551621e-09 9.075045278e-09 9.203976985e-09 9.049603884e-09 9.039956328e-09 9.060398732e-09 9.184478154e-09 9.067549321e-09 9.141785011e-09 9.329104512e-09 9.204371398e-09 9.280232402e-09 9.442778936e-09 9.288080733e-09 9.253307057e-09 9.289123651e-09 9.30684555e-09 9.337946448e-09 9.26791887e-09 9.400579455e-09 9.542808014e-09 9.22009743e-09 9.416206568e-09 9.320487391e-09 9.280215541e-09 9.456515412e-09 9.34980936e-09 9.478590773e-09 9.330803586e-09 9.514240905e-09 9.34911696e-09 9.670470721e-09 9.618698238e-09 9.615265265e-09 9.423448255e-09 9.470415217e-09 9.571268791e-09 
9.291852296e-09 9.213877613e-09 9.312181209e-09 9.259634069e-09 9.268707818e-09 9.149400588e-09 9.308151764e-09 9.209328753e-09 9.222655212e-09 9.17585854e-09 9.177658952e-09 9.316646303e-09 8.976958159e-09 9.087522456e-09 9.033910679e-09 9.164413561e-09 9.196065601e-09 9.145688099e-09 9.217526421e-09 9.234385826e-09 9.165470084e-09 9.033103884e-09 9.047551967e-09 9.043468132e-09 8.962006538e-09 9.052117345e-09 9.07416629e-09 8.986966597e-09 8.89397144e-09 8.861054621e-09 8.929090282e-09 8.89621282e-09 8.60468141e-09 8.838394913e-09 8.86109519e-09 8.91054716e-09 8.729100479e-09 8.820936278e-09 8.886978854e-09 8.743862312e-09 8.695078232e-09 8.77870096e-09 8.781655872e-09 8.774317808e-09 8.768231597e-09 8.796502247e-09 8.621400769e-09 8.689571881e-09 8.609600248e-09 8.698674855e-09 8.576760541e-09 8.620275082e-09 8.438874715e-09 8.638614502e-09 8.612466038e-09 8.603785423e-09 8.594625273e-09 8.368828615e-09 8.441041364e-09 8.507226557e-09 8.253184505e-09 8.355904601e-09 8.379543949e-09 8.324501109e-09 8.350478351e-09 8.369560269e-09 8.370912679e-09 8.309833709e-09 8.28002105e-09 8.35052947e-09 8.321637593e-09 8.432442642e-09 8.346084893e-09 8.219524137e-09 8.229683595e-09 8.265904796e-09 8.149310476e-09 8.244744381e-09 8.154221974e-09 8.344815869e-09 8.291909346e-09 8.329053069e-09 8.260000018e-09 8.070667866e-09 8.09846881e-09 8.274392031e-09 8.16887951e-09 8.284924309e-09 8.388483303e-09 8.206477171e-09 8.283997082e-09 8.241409046e-09 8.208599021e-09 8.183355891e-09 8.168425311e-09 8.098000797e-09 8.032020672e-09 8.204862725e-09 8.342196671e-09 8.30460045e-09 8.119016027e-09 8.338727788e-09 8.133845954e-09 8.382124937e-09 8.262174706e-09 8.305371229e-09 8.273556384e-09 8.284297531e-09 8.373233608e-09 8.39780705e-09 8.195095347e-09 8.300333407e-09 8.268361679e-09 8.323636923e-09 8.482051414e-09 8.431993104e-09 8.404536478e-09 8.658160348e-09 8.461416306e-09 8.530860571e-09 8.352825613e-09 8.521822512e-09 8.39197913e-09 8.564029444e-09 8.608528645e-09 8.753068473e-09 8.660384223e-09 8.528094687e-09 8.764506799e-09 8.474122468e-09 8.726919265e-09 8.659852294e-09 8.758559574e-09 8.759082922e-09 8.611497099e-09 8.682529011e-09 8.84244775e-09 8.797730386e-09 8.689943835e-09 8.75971914e-09 8.690665222e-09 8.809477813e-09 8.935301894e-09 8.838548847e-09 8.907701914e-09 8.817551548e-09 8.866622545e-09 9.068470103e-09 8.896708459e-09 8.96605493e-09 8.921088578e-09 8.875207848e-09 9.023869945e-09 8.993920043e-09 8.991285832e-09 8.970817802e-09 8.924554025e-09 9.045599869e-09 9.14655923e-09 8.960466689e-09 8.937991278e-09 9.122486118e-09 9.170430986e-09 9.07336616e-09 9.072835801e-09 9.136669026e-09 9.117398326e-09 9.151546544e-09 9.137219694e-09 9.111104985e-09 9.293675349e-09 9.09310351e-09 9.291616904e-09 9.184256778e-09 9.379931069e-09 9.191243007e-09 9.371256665e-09 9.325810598e-09 9.316998779e-09 9.372948317e-09 
8.935074303e-09 9.018088752e-09 8.881845255e-09 9.041809352e-09 9.098768237e-09 8.859738866e-09 9.042717003e-09 9.006836362e-09 9.050826423e-09 8.967774653e-09 8.898469607e-09 9.240210813e-09 8.886750454e-09 8.846378633e-09 8.717804754e-09 8.868127538e-09 8.889356436e-09 8.756589192e-09 8.792882375e-09 8.855899464e-09 8.917063103e-09 8.745741114e-09 8.777235104e-09 8.742594361e-09 8.751546285e-09 8.611059593e-09 8.77827615e-09 8.714334273e-09 8.689278326e-09 8.714508129e-09 8.597210829e-09 8.694374266e-09 8.66060698e-09 8.698078857e-09 8.547244669e-09 8.469770432e-09 8.63477046e-09 8.615637907e-09 8.6204638e-09 8.640814239e-09 8.738030319e-09 8.356984967e-09 8.618329993e-09 8.420523767e-09 8.565174137e-09 8.52083496e-09 8.419819346e-09 8.51459107e-09 8.450849959e-09 8.599925942e-09 8.334959513e-09 8.440155451e-09 8.449693872e-09 8.236950785e-09 8.285669175e-09 8.481320031e-09 8.197773006e-09 8.366197073e-09 8.285051764e-09 8.180999526e-09 8.249693783e-09 8.087397361e-09 8.372106061e-09 8.091010258e-09 8.247234512e-09 8.231431216e-09 8.212086822e-09 8.132266139e-09 8.153123169e-09 8.17101629e-09 8.078659014e-09 8.160236642e-09 8.197653866e-09 8.111547732e-09 8.098531451e-09 8.10377862e-09 8.010002267e-09 8.020439632e-09 7.991155325e-09 8.16822323e-09 8.134274302e-09 8.040587229e-09 8.00598208e-09 7.857212656e-09 7.97571833e-09 7.889776135e-09 7.989910155e-09 7.979853298e-09 7.934097394e-09 8.017804862e-09 7.968159554e-09 7.993664654e-09 8.119899442e-09 8.053779999e-09 8.123318559e-09 8.007664432e-09 7.971213113e-09 7.940071811e-09 8.006415987e-09 7.946360109e-09 7.980473197e-09 8.07659724e-09 8.095447539e-09 8.035726296e-09 8.044427155e-09 8.097873835e-09 8.092574583e-09 7.910140221e-09 8.127036374e-09 8.175863664e-09 8.029064232e-09 8.181200458e-09 8.141412514e-09 8.093293653e-09 8.098872807e-09 8.279953599e-09 8.282292301e-09 8.186350076e-09 8.151513878e-09 8.203590355e-09 8.105622283e-09 8.274656328e-09 8.430060398e-09 8.201677344e-09 8.351031872e-09 8.272945201e-09 8.262817534e-09 8.382225623e-09 8.494509437e-09 8.496572071e-09 8.510178265e-09 8.375369805e-09 8.634436308e-09 8.438649661e-09 8.259955055e-09 8.511463778e-09 8.533109674e-09 8.512321221e-09 8.547598015e-09 8.47100951e-09 8.689397799e-09 8.591271369e-09 8.641253813e-09 8.630989489e-09 8.642415079e-09 8.619429446e-09 8.568171868e-09 8.549462056e-09 8.719394543e-09 8.71406557e-09 8.768785831e-09 8.672630287e-09 8.814550856e-09 8.617771427e-09 8.6926738e-09 8.805596197e-09 8.787302323e-09 8.699690527e-09 8.757868583e-09 8.883477349e-09 8.899507674e-09 8.899536346e-09 8.800387691e-09 8.782136377e-09 8.737134876e-09 9.024470473e-09 8.845740193e-09 8.886933785e-09 8.890028051e-09 8.918659921e-09 9.100066236e-09 9.033052853e-09 9.006803074e-09 8.991195566e-09 8.8318798e-09 9.088218388e-09 8.947279109e-09 8.945598005e-09 8.857212013e-09 8.93323658e-09 
8.601627223e-09 8.825250776e-09 8.717127855e-09 8.771182227e-09 8.779364259e-09 8.686965925e-09 8.71156579e-09 8.700821354e-09 8.707364419e-09 8.720358208e-09 8.659937498e-09 8.745511335e-09 8.674045208e-09 8.724482285e-09 8.689735078e-09 8.626217235e-09 8.668683609e-09 8.583320538e-09 8.653902671e-09 8.666559655e-09 8.652540603e-09 8.653084694e-09 8.568436604e-09 8.516684352e-09 8.399648104e-09 8.329793286e-09 8.528656157e-09 8.39473122e-09 8.397036756e-09 8.455540328e-09 8.267423141e-09 8.464096592e-09 8.403923958e-09 8.367270097e-09 8.348656003e-09 8.224890981e-09 8.234044923e-09 8.252081872e-09 8.430700745e-09 8.152202914e-09 8.375341263e-09 8.134041779e-09 8.193593109e-09 8.205319817e-09 8.195081644e-09 8.172007221e-09 8.113557746e-09 8.124000963e-09 8.078830598e-09 8.160172367e-09 8.214918301e-09 8.07848198e-09 8.003637179e-09 8.026078502e-09 8.041984193e-09 7.865892113e-09 7.906638161e-09 8.015876388e-09 7.853268747e-09 8.024078058e-09 7.920153886e-09 7.856615091e-09 7.922493668e-09 8.050409089e-09 8.062736882e-09 7.893510672e-09 7.95219961e-09 7.977574126e-09 7.842441231e-09 8.035863501e-09 7.589165661e-09 7.67341744e-09 7.840351446e-09 7.794570011e-09 7.854680713e-09 7.709608004e-09 7.791319093e-09 7.810170885e-09 7.918437272e-09 7.770613681e-09 7.795296407e-09 7.582700834e-09 7.885003959e-09 7.822905928e-09 7.624805456e-09 7.69380797e-09 7.769160808e-09 7.718386624e-09 7.597006825e-09 7.727085907e-09 7.61927968e-09 7.77277316e-09 7.681480658e-09 7.750004315e-09 7.647421489e-09 7.717331763e-09 7.687973915e-09 7.551872527e-09 7.703947736e-09 7.692629041e-09 7.636176931e-09 7.688188961e-09 7.824209804e-09 7.767058469e-09 7.977649859e-09 7.794970038e-09 7.678944965e-09 7.964306423e-09 7.883020428e-09 7.888821912e-09 7.903138259e-09 7.751755917e-09 7.850392948e-09 7.730454229e-09 7.904849237e-09 7.933335835e-09 7.976412203e-09 8.005186888e-09 8.010632927e-09 7.92735844e-09 7.955897394e-09 7.887633695e-09 7.943357158e-09 8.224632627e-09 7.970383556e-09 8.145645217e-09 8.103466034e-09 8.026669437e-09 8.1675922e-09 8.027314645e-09 7.993739537e-09 8.140117271e-09 8.120853967e-09 8.104921077e-09 8.366393301e-09 8.266172595e-09 8.302356795e-09 8.220219739e-09 8.418291197e-09 8.323802856e-09 8.299512557e-09 8.134465286e-09 8.260295104e-09 8.17296046e-09 8.424833069e-09 8.383916298e-09 8.389751206e-09 8.375992968e-09 8.380695496e-09 8.400082573e-09 8.430829154e-09 8.428134255e-09 8.512159065e-09 8.481942308e-09 8.474832803e-09 8.385399154e-09 8.507991316e-09 8.591212327e-09 8.553172171e-09 8.576081741e-09 8.587594909e-09 8.545023628e-09 8.580300973e-09 8.681783877e-09 8.523723373e-09 8.425787239e-09 8.653318621e-09 8.652100252e-09 8.752686672e-09 8.732957855e-09 8.645150472e-09 8.673722797e-09 8.743099527e-09 8.828234761e-09 8.773913102e-09 8.655296555e-09 8.886581748e-09 8.603425353e-09 8.760157452e-09 8.797155294e-09 
8.357745667e-09 8.511606944e-09 8.405087848e-09 8.503025485e-09 8.524027506e-09 8.390694225e-09 8.413360098e-09 8.396936457e-09 8.366530841e-09 8.411652789e-09 8.419536569e-09 8.470626674e-09 8.390615298e-09 8.397754904e-09 8.325692903e-09 8.377787659e-09 8.381653507e-09 8.32232789e-09 8.387864977e-09 8.283432711e-09 8.325862332e-09 8.310096869e-09 8.406657917e-09 8.240956211e-09 8.263227251e-09 8.074740279e-09 8.147857135e-09 8.173658591e-09 8.03218577e-09 7.962232135e-09 8.062279145e-09 8.079659718e-09 8.045443231e-09 8.098527422e-09 8.104864122e-09 7.970126984e-09 8.050764893e-09 8.151988568e-09 7.992002516e-09 7.962246202e-09 8.049758612e-09 7.831310984e-09 7.975045833e-09 8.036969026e-09 7.946909472e-09 8.029843578e-09 7.960613038e-09 7.856426732e-09 7.725421433e-09 7.835092905e-09 7.826015125e-09 7.652425268e-09 7.842147471e-09 7.801280569e-09 7.735273618e-09 7.732235803e-09 7.829790354e-09 7.59683162e-09 7.744858984e-09 7.797878833e-09 7.815246472e-09 7.650706168e-09 7.744959039e-09 7.755039699e-09 7.648093585e-09 7.549075541e-09 7.698292231e-09 7.643241063e-09 7.573428617e-09 7.652972379e-09 7.545561312e-09 7.521601929e-09 7.560045295e-09 7.483467453e-09 7.525865402e-09 7.637792556e-09 7.269774896e-09 7.565356251e-09 7.467299712e-09 7.445757196e-09 7.557404702e-09 7.473072894e-09 7.436882838e-09 7.377880636e-09 7.369047995e-09 7.425512364e-09 7.489862065e-09 7.481218374e-09 7.353877123e-09 7.359089768e-09 7.472993973e-09 7.572961377e-09 7.402192144e-09 7.490837833e-09 7.513657685e-09 7.526167736e-09 7.284799408e-09 7.433303742e-09 7.549274014e-09 7.5058857e-09 7.436380443e-09 7.47984044e-09 7.461994602e-09 7.473925999e-09 7.541944819e-09 7.57714917e-09 7.567048154e-09 7.595215613e-09 7.434364842e-09 7.560132533e-09 7.520352864e-09 7.475719641e-09 7.695387659e-09 7.501421838e-09 7.690092599e-09 7.676316647e-09 7.535361554e-09 7.522471795e-09 7.641351136e-09 7.638754695e-09 7.778252045e-09 7.685569438e-09 7.730869242e-09 7.819554224e-09 7.830339192e-09 7.937728413e-09 7.777515395e-09 7.740879315e-09 7.929247496e-09 7.896607231e-09 7.893514376e-09 7.836935884e-09 7.941968193e-09 7.910165342e-09 8.104538305e-09 7.934736245e-09 7.933374975e-09 7.877877152e-09 7.976005912e-09 7.949224375e-09 7.974956407e-09 8.062300503e-09 8.182596967e-09 8.004029887e-09 8.036625381e-09 7.912280087e-09 8.102973868e-09 8.180790597e-09 8.147146867e-09 8.192934883e-09 8.016851768e-09 8.135132907e-09 8.200252716e-09 8.213850663e-09 8.151563408e-09 8.141664226e-09 8.383515768e-09 8.345040717e-09 8.336248834e-09 8.192470015e-09 8.355034751e-09 8.258822775e-09 8.345421723e-09 8.357999198e-09 8.330273131e-09 8.40534014e-09 8.254755985e-09 8.327764038e-09 8.388809249e-09 8.33596122e-09 8.52902051e-09 8.421471726e-09 8.410701141e-09 8.61288964e-09 8.501544803e-09 8.539766984e-09 8.486711431e-09 8.541373217e-09 8.391250101e-09 8.296915177e-09 
7.986515849e-09 8.197914731e-09 8.136833895e-09 8.120623416e-09 8.347445632e-09 8.229758281e-09 8.112641066e-09 8.093420718e-09 8.096273567e-09 8.033561831e-09 8.228418829e-09 8.035144338e-09 8.09336484e-09 8.008142447e-09 7.998686656e-09 8.030677426e-09 8.035876028e-09 8.019511994e-09 7.996903884e-09 8.092309294e-09 8.094384744e-09 7.948408292e-09 7.830830213e-09 7.910264378e-09 7.89660879e-09 7.911247667e-09 7.983136318e-09 7.96500818e-09 7.824182897e-09 7.877677537e-09 7.799977035e-09 7.762419986e-09 7.777826916e-09 7.875721677e-09 7.78392649e-09 7.730769472e-09 7.66875396e-09 7.795472613e-09 7.790884109e-09 7.732819856e-09 7.731610012e-09 7.584132982e-09 7.627992727e-09 7.581008387e-09 7.566065654e-09 7.692084991e-09 7.666049075e-09 7.705715819e-09 7.58293168e-09 7.56634735e-09 7.50619091e-09 7.459191313e-09 7.515940056e-09 7.511718174e-09 7.473623241e-09 7.375775341e-09 7.350337423e-09 7.538368622e-09 7.332835668e-09 7.453054676e-09 7.321541286e-09 7.362336861e-09 7.313631038e-09 7.390768474e-09 7.257847803e-09 7.270821233e-09 7.451382359e-09 7.186967738e-09 7.263848377e-09 7.370858699e-09 7.29404929e-09 7.291448796e-09 7.280023567e-09 7.217886694e-09 7.270362731e-09 7.322798557e-09 7.088482053e-09 7.380440654e-09 7.136475793e-09 7.13341235e-09 7.169265741e-09 7.228731843e-09 7.267863748e-09 7.233582351e-09 7.20533153e-09 7.29159927e-09 7.215256823e-09 7.080240022e-09 7.040526847e-09 7.270033624e-09 7.263884365e-09 7.130620865e-09 7.252833703e-09 7.066335157e-09 7.113525542e-09 7.246630137e-09 7.137667894e-09 7.191563811e-09 7.141654611e-09 7.197734178e-09 7.136241468e-09 7.287295149e-09 7.205372726e-09 7.143769265e-09 7.23792951e-09 7.249082126e-09 7.203820268e-09 7.239942642e-09 7.220715194e-09 7.323177816e-09 7.240604743e-09 7.265910039e-09 7.214318657e-09 7.382789444e-09 7.242148105e-09 7.323944138e-09 7.395499113e-09 7.38701623e-09 7.505596036e-09 7.421226621e-09 7.452509339e-09 7.467223333e-09 7.400248907e-09 7.339353076e-09 7.447936601e-09 7.49726774e-09 7.431691814e-09 7.619186504e-09 7.650746489e-09 7.47639408e-09 7.585834315e-09 7.651367626e-09 7.571953201e-09 7.683600144e-09 7.58763907e-09 7.541761414e-09 7.697195315e-09 7.711855001e-09 7.764548213e-09 7.741625044e-09 7.760749231e-09 7.571901127e-09 7.768211051e-09 7.718394203e-09 7.795524791e-09 7.886364791e-09 7.77332969e-09 7.787817494e-09 7.827598667e-09 7.872145833e-09 7.700907992e-09 8.103395587e-09 7.965617567e-09 7.896855458e-09 7.997615511e-09 7.879075213e-09 7.940959696e-09 8.056179945e-09 7.918014297e-09 7.892451943e-09 8.044315806e-09 8.036693862e-09 8.036083157e-09 7.960840075e-09 7.941017037e-09 7.961312841e-09 8.093056831e-09 8.025966769e-09 8.091619787e-09 8.082784401e-09 8.196431667e-09 8.229295021e-09 8.085783375e-09 8.176234874e-09 8.141267351e-09 8.166807766e-09 8.08061989e-09 8.256233287e-09 8.10833367e-09 8.141024924e-09 
7.841216136e-09 7.947034882e-09 7.85189374e-09 7.956652234e-09 7.924435376e-09 7.749764691e-09 7.93267728e-09 7.787740468e-09 7.852992801e-09 7.787677825e-09 7.872641413e-09 7.854129407e-09 7.769491756e-09 7.796216708e-09 7.802334843e-09 7.816207279e-09 7.698628142e-09 7.734666844e-09 7.549527306e-09 7.738410966e-09 7.651351804e-09 7.615038776e-09 7.650673948e-09 7.37740972e-09 7.736904713e-09 7.586643627e-09 7.69891331e-09 7.513980646e-09 7.645272056e-09 7.51033518e-09 7.503239227e-09 7.373479164e-09 7.480537868e-09 7.449462409e-09 7.604596468e-09 7.435436754e-09 7.426178713e-09 7.44964538e-09 7.562701166e-09 7.31921069e-09 7.441673117e-09 7.392472795e-09 7.395899234e-09 7.451605032e-09 7.414572484e-09 7.423709402e-09 7.342412758e-09 7.315923305e-09 7.209101292e-09 7.194838532e-09 7.345923451e-09 7.404091425e-09 7.243659683e-09 7.028042298e-09 7.154035313e-09 7.27671e-09 7.25046376e-09 7.072478893e-09 7.210693798e-09 7.169386837e-09 7.092100902e-09 7.098386936e-09 7.150777196e-09 7.020744728e-09 7.171414635e-09 7.011444554e-09 7.051301147e-09 6.96619656e-09 6.998716716e-09 6.910782106e-09 6.98670272e-09 6.996852279e-09 6.95649377e-09 7.069466127e-09 7.062262029e-09 6.963335338e-09 6.786251592e-09 6.881629265e-09 6.860589652e-09 6.904083049e-09 6.981819478e-09 6.919524934e-09 7.006971759e-09 6.826234507e-09 6.84685284e-09 6.839784412e-09 6.859069153e-09 6.86075426e-09 6.955342883e-09 6.915121633e-09 7.006823352e-09 6.964235654e-09 6.873812157e-09 6.953346873e-09 6.822117994e-09 6.955354493e-09 6.798751798e-09 6.755321586e-09 6.954992566e-09 6.884033676e-09 6.967376968e-09 7.05357374e-09 6.981697535e-09 6.948182418e-09 7.032385524e-09 6.947724298e-09 7.077279217e-09 6.992516576e-09 6.914691484e-09 6.898216123e-09 6.953561174e-09 7.104051339e-09 6.987499997e-09 6.974312611e-09 7.079023019e-09 6.888631551e-09 7.182582209e-09 7.078811115e-09 7.112148518e-09 7.192420053e-09 7.176449516e-09 7.201735049e-09 7.196532751e-09 7.181843363e-09 7.211300011e-09 7.111631755e-09 7.187665979e-09 7.241785729e-09 7.181961668e-09 7.177249305e-09 7.236529179e-09 7.322219766e-09 7.21089611e-09 7.501855474e-09 7.255023387e-09 7.292548893e-09 7.311551804e-09 7.41137376e-09 7.446787153e-09 7.484845473e-09 7.465470641e-09 7.463686149e-09 7.274765296e-09 7.416336692e-09 7.424702172e-09 7.325815188e-09 7.507844218e-09 7.654091466e-09 7.5296156e-09 7.511651571e-09 7.502815911e-09 7.703542376e-09 7.480192079e-09 7.703555678e-09 7.70080132e-09 7.604201288e-09 7.677204496e-09 7.717366763e-09 7.53445821e-09 7.636876239e-09 7.809727884e-09 7.77234379e-09 7.739798453e-09 7.726063166e-09 7.728450038e-09 7.688422097e-09 7.802655849e-09 7.609979361e-09 7.825890798e-09 7.807365336e-09 7.990305153e-09 7.760038243e-09 7.880038936e-09 7.802365518e-09 7.885755375e-09 7.7884245e-09 7.796170051e-09 7.960058208e-09 7.752905219e-09 7.904061515e-09 
7.504300935e-09 7.647878356e-09 7.554158774e-09 7.581484448e-09 7.588231771e-09 7.471331488e-09 7.572325027e-09 7.493336288e-09 7.459505157e-09 7.447302227e-09 7.439626297e-09 7.470534955e-09 7.422200278e-09 7.416887915e-09 7.492606941e-09 7.4005214e-09 7.343115763e-09 7.423052888e-09 7.432832297e-09 7.310969033e-09 7.205800186e-09 7.428937619e-09 7.284721371e-09 7.333637473e-09 7.247601607e-09 7.255675475e-09 7.256983631e-09 7.28217275e-09 7.298526225e-09 7.019640469e-09 7.268352525e-09 7.057915499e-09 7.367763923e-09 7.18701222e-09 7.223833005e-09 7.167306946e-09 7.179092836e-09 7.111088034e-09 7.090415012e-09 7.023527894e-09 7.086042945e-09 7.124536463e-09 7.017567796e-09 7.07556807e-09 7.167217128e-09 6.960370983e-09 6.933555649e-09 6.867488465e-09 7.114068491e-09 7.113008244e-09 6.808510363e-09 6.968562672e-09 6.927286274e-09 7.007408094e-09 7.005767267e-09 6.90772764e-09 6.911374892e-09 6.747314084e-09 6.87034406e-09 6.797139645e-09 6.757148718e-09 6.678300376e-09 6.800801461e-09 6.897100713e-09 6.754951059e-09 6.764772264e-09 6.797243292e-09 6.695899604e-09 6.673409945e-09 6.625337934e-09 6.787332029e-09 6.613016372e-09 6.624405705e-09 6.67520542e-09 6.544927327e-09 6.78471696e-09 6.608058516e-09 6.575883701e-09 6.589839068e-09 6.663531119e-09 6.742713827e-09 6.538920703e-09 6.595314568e-09 6.597668687e-09 6.624062352e-09 6.531915773e-09 6.606347101e-09 6.672347063e-09 6.706942709e-09 6.551513073e-09 6.600961442e-09 6.540612729e-09 6.589695329e-09 6.595677342e-09 6.579974074e-09 6.60086101e-09 6.548046835e-09 6.5659097e-09 6.629046545e-09 6.489422721e-09 6.743263599e-09 6.519500934e-09 6.567117496e-09 6.657542868e-09 6.502766727e-09 6.698068296e-09 6.68352691e-09 6.838080621e-09 6.762118065e-09 6.632326347e-09 6.619452848e-09 6.842154971e-09 6.679703667e-09 6.894915741e-09 6.840059173e-09 6.876524779e-09 6.825065924e-09 6.782364999e-09 6.698248283e-09 6.674848106e-09 6.803126917e-09 6.88362413e-09 6.819801058e-09 6.794132046e-09 6.814829651e-09 6.979933509e-09 6.943557707e-09 7.004546065e-09 6.965024168e-09 7.008565027e-09 6.982882834e-09 6.993100348e-09 6.978666187e-09 7.086003413e-09 7.110341525e-09 7.012405077e-09 7.023860702e-09 7.175869622e-09 7.058908483e-09 6.994564186e-09 7.052123985e-09 7.118482212e-09 7.028263315e-09 7.229256173e-09 7.136147326e-09 7.190361504e-09 7.242116025e-09 7.156683921e-09 7.249145279e-09 7.332795223e-09 7.250765313e-09 7.381468782e-09 7.294518962e-09 7.232136562e-09 7.21712917e-09 7.168009816e-09 7.258509783e-09 7.318743058e-09 7.361980752e-09 7.375094856e-09 7.489449464e-09 7.375452976e-09 7.339611724e-09 7.410221711e-09 7.424554124e-09 7.450196963e-09 7.46040173e-09 7.414351415e-09 7.543006841e-09 7.582181975e-09 7.696473601e-09 7.505408181e-09 7.49637185e-09 7.702218637e-09 7.555971474e-09 7.441856317e-09 7.554924026e-09 7.548307367e-09 7.563288708e-09 7.639630997e-09 
7.253728488e-09 7.20430257e-09 7.278087421e-09 7.251458453e-09 7.144516487e-09 7.151026293e-09 7.217248103e-09 7.142569963e-09 7.161515798e-09 7.108112552e-09 7.232959857e-09 7.169749492e-09 7.082446334e-09 7.022349809e-09 7.226763778e-09 7.036648067e-09 7.127772981e-09 7.102859773e-09 7.030379027e-09 7.069256583e-09 7.097380227e-09 6.985626045e-09 7.025203683e-09 7.010623835e-09 7.041038643e-09 6.930198756e-09 6.985695532e-09 6.881079378e-09 6.897981711e-09 6.907764358e-09 6.8445059e-09 6.908099318e-09 6.740481928e-09 6.864093209e-09 6.830496015e-09 6.688217131e-09 6.818220028e-09 6.771592699e-09 6.649174101e-09 6.807073559e-09 6.67021024e-09 6.687385865e-09 6.904510312e-09 6.572700268e-09 6.783468894e-09 6.802320064e-09 6.713351614e-09 6.589658147e-09 6.672338871e-09 6.662612101e-09 6.74749377e-09 6.607082954e-09 6.636338318e-09 6.532482883e-09 6.582730883e-09 6.553388364e-09 6.562058528e-09 6.499938217e-09 6.658392623e-09 6.369308705e-09 6.598300112e-09 6.492551669e-09 6.596718824e-09 6.453305372e-09 6.368447485e-09 6.402767581e-09 6.445523299e-09 6.431979263e-09 6.409912945e-09 6.466588446e-09 6.387915606e-09 6.359236592e-09 6.276079863e-09 6.356900686e-09 6.363408323e-09 6.429736401e-09 6.414857247e-09 6.368114434e-09 6.327562831e-09 6.26146492e-09 6.3188826e-09 6.419899733e-09 6.328306172e-09 6.259182992e-09 6.289414206e-09 6.361859268e-09 6.183246334e-09 6.177584922e-09 6.22985526e-09 6.325524258e-09 6.262133873e-09 6.398868944e-09 6.299256927e-09 6.313380551e-09 6.338295366e-09 6.27788432e-09 6.254899368e-09 6.30442568e-09 6.337399159e-09 6.261745075e-09 6.223028588e-09 6.254132277e-09 6.233804074e-09 6.357880447e-09 6.441087323e-09 6.366082157e-09 6.290107561e-09 6.498707635e-09 6.403806073e-09 6.345068161e-09 6.309861617e-09 6.431932355e-09 6.378318118e-09 6.380215077e-09 6.4629421e-09 6.41501575e-09 6.312086415e-09 6.49896348e-09 6.406656882e-09 6.378275844e-09 6.531347092e-09 6.59631705e-09 6.38524231e-09 6.652680967e-09 6.544780824e-09 6.613565523e-09 6.601388841e-09 6.620858751e-09 6.644703821e-09 6.66109348e-09 6.603455946e-09 6.701307253e-09 6.682530728e-09 6.599263265e-09 6.678328815e-09 6.75241734e-09 6.877717474e-09 6.727714889e-09 6.780050685e-09 6.834065792e-09 6.712051389e-09 6.86496468e-09 6.726053949e-09 6.901649249e-09 6.732895026e-09 6.909737867e-09 6.965007819e-09 6.933184522e-09 6.820363295e-09 6.937971151e-09 6.957978504e-09 6.911224308e-09 6.885405324e-09 7.055677503e-09 7.049055821e-09 7.07037799e-09 6.970851161e-09 7.130707411e-09 6.986584682e-09 7.054587083e-09 6.969272389e-09 7.063808432e-09 7.00492352e-09 7.245384752e-09 7.043579436e-09 7.062822215e-09 6.981085537e-09 7.010535117e-09 7.118883566e-09 7.130687786e-09 7.264754491e-09 7.1618105e-09 7.085230223e-09 7.137777433e-09 7.114883808e-09 7.116317743e-09 7.188969909e-09 7.117990934e-09 7.166973438e-09 7.325392858e-09 
6.916235396e-09 6.766363844e-09 6.926228048e-09 6.935214926e-09 6.916827966e-09 6.837028898e-09 6.71168842e-09 6.811536789e-09 6.950920715e-09 6.729807277e-09 6.809094122e-09 6.882775084e-09 6.916129907e-09 6.733407768e-09 6.817510024e-09 6.688055821e-09 6.76203628e-09 6.743309252e-09 6.782218432e-09 6.681339547e-09 6.768646337e-09 6.675632283e-09 6.715053396e-09 6.639017106e-09 6.795686702e-09 6.574950001e-09 6.615743574e-09 6.56268006e-09 6.614738816e-09 6.580273847e-09 6.669646117e-09 6.669801332e-09 6.431612912e-09 6.454413144e-09 6.544885183e-09 6.451913636e-09 6.419219918e-09 6.467194981e-09 6.546563843e-09 6.441108138e-09 6.427192813e-09 6.368093909e-09 6.477819101e-09 6.471288695e-09 6.472447265e-09 6.468036528e-09 6.178030514e-09 6.383747725e-09 6.382611528e-09 6.433565883e-09 6.251062265e-09 6.32885011e-09 6.245784837e-09 6.333833615e-09 6.386926057e-09 6.04237078e-09 6.17520009e-09 6.154908302e-09 6.036265314e-09 6.250813315e-09 6.155014296e-09 6.041330501e-09 6.100892189e-09 6.095455411e-09 6.102926903e-09 6.116861144e-09 6.207319025e-09 6.046189234e-09 6.104814776e-09 6.117061449e-09 6.099088044e-09 6.150956624e-09 5.99807101e-09 6.105605005e-09 5.973463188e-09 6.063891264e-09 5.923823159e-09 6.065065298e-09 6.087976798e-09 6.046214197e-09 6.066513779e-09 6.049420426e-09 5.932441534e-09 6.073437062e-09 5.981026069e-09 6.073508853e-09 6.03702988e-09 6.056555472e-09 6.005210791e-09 6.030884515e-09 5.881923282e-09 5.986430685e-09 6.0413993e-09 5.995522625e-09 5.90369921e-09 5.912859469e-09 5.881509656e-09 6.060663743e-09 6.008302645e-09 5.931716185e-09 6.041727556e-09 5.947909362e-09 5.95901893e-09 5.953527083e-09 6.034752881e-09 6.050287164e-09 6.01680105e-09 6.038631577e-09 6.080969144e-09 5.999292488e-09 6.155230909e-09 6.117868557e-09 6.133984221e-09 6.043496096e-09 6.034327873e-09 6.111431056e-09 6.145483655e-09 6.214342435e-09 6.249612534e-09 6.176052062e-09 6.231033601e-09 6.206544276e-09 6.180127529e-09 6.207166089e-09 6.293301255e-09 6.321765132e-09 6.345937126e-09 6.192300873e-09 6.369634805e-09 6.27746968e-09 6.34039736e-09 6.43126807e-09 6.270182374e-09 6.354115505e-09 6.442794814e-09 6.426895289e-09 6.342844994e-09 6.418623675e-09 6.398417018e-09 6.460859216e-09 6.47104092e-09 6.385942144e-09 6.414893861e-09 6.524372595e-09 6.530043856e-09 6.537368831e-09 6.553969001e-09 6.56954261e-09 6.591543386e-09 6.518191583e-09 6.576534463e-09 6.698678293e-09 6.597841249e-09 6.6530239e-09 6.700774262e-09 6.660726498e-09 6.677326517e-09 6.716738205e-09 6.775069563e-09 6.660484312e-09 6.802458881e-09 6.761131807e-09 6.72645876e-09 6.81459193e-09 6.801670851e-09 6.708872677e-09 6.76789122e-09 6.875281064e-09 6.857573557e-09 6.865500494e-09 6.832852665e-09 6.894768192e-09 6.901013547e-09 6.972691504e-09 6.964340474e-09 6.928220605e-09 6.898228671e-09 7.019081913e-09 6.989620167e-09 6.929712068e-09 
6.681708286e-09 6.510114541e-09 6.57681648e-09 6.613453966e-09 6.466474071e-09 6.632822367e-09 6.542285563e-09 6.53328575e-09 6.402632951e-09 6.634424065e-09 6.504317894e-09 6.325751365e-09 6.421293817e-09 6.468284644e-09 6.265732452e-09 6.343200434e-09 6.234069582e-09 6.357672462e-09 6.392643847e-09 6.36154209e-09 6.385614929e-09 6.337469157e-09 6.33529177e-09 6.307482804e-09 6.217761126e-09 6.316864568e-09 6.250633393e-09 6.322880952e-09 6.219981459e-09 6.283218065e-09 6.128187442e-09 6.264824763e-09 6.35671664e-09 6.163929175e-09 6.091364016e-09 6.188345077e-09 6.22011102e-09 6.09983976e-09 6.097236474e-09 6.260065565e-09 6.152766957e-09 6.090582889e-09 6.059401498e-09 6.034437567e-09 6.027980929e-09 6.014421538e-09 6.095743366e-09 6.052355611e-09 6.072977016e-09 6.124065686e-09 5.919412486e-09 6.077416313e-09 5.996603928e-09 5.926330901e-09 5.80308846e-09 5.922059599e-09 5.92028044e-09 5.82673403e-09 5.852426782e-09 5.869529678e-09 5.738104033e-09 5.780178192e-09 5.791760396e-09 5.780154863e-09 5.770734322e-09 5.739641953e-09 5.733818409e-09 5.817096326e-09 5.719876911e-09 5.883418953e-09 5.765972668e-09 5.818595733e-09 5.74963181e-09 5.769947021e-09 5.823877407e-09 5.731125465e-09 5.650798192e-09 5.644962054e-09 5.637592813e-09 5.671123334e-09 5.862177824e-09 5.629887505e-09 5.472687151e-09 5.597213071e-09 5.706330846e-09 5.594813662e-09 5.683254696e-09 5.603566784e-09 5.530249236e-09 5.643338166e-09 5.69338549e-09 5.53745643e-09 5.61117062e-09 5.577846588e-09 5.598026391e-09 5.756752857e-09 5.725027493e-09 5.697097013e-09 5.537172736e-09 5.724260378e-09 5.710725448e-09 5.832969995e-09 5.71904114e-09 5.654146117e-09 5.596546023e-09 5.790955679e-09 5.689305161e-09 5.688317953e-09 5.76892668e-09 5.731775611e-09 5.56899178e-09 5.708273353e-09 5.808824546e-09 5.642507695e-09 5.781208459e-09 5.838713809e-09 5.767262477e-09 5.839209991e-09 5.999850478e-09 5.899520277e-09 5.922323616e-09 5.820477306e-09 5.984727955e-09 5.930445048e-09 5.942671713e-09 5.991761264e-09 5.969501105e-09 5.982283779e-09 5.999387556e-09 5.963443171e-09 5.966554882e-09 6.039200105e-09 6.068362192e-09 6.178493804e-09 6.027141481e-09 6.04781333e-09 5.998500514e-09 6.096445184e-09 6.093368562e-09 6.127298264e-09 6.248319735e-09 6.17020135e-09 6.160394681e-09 6.186249501e-09 6.275716572e-09 6.279488532e-09 6.134415429e-09 6.119102681e-09 6.269435527e-09 6.145209632e-09 6.256142843e-09 6.233719196e-09 6.25243283e-09 6.16117133e-09 6.379149523e-09 6.316133838e-09 6.374742227e-09 6.423783408e-09 6.400077573e-09 6.383596121e-09 6.390604603e-09 6.392180184e-09 6.505813867e-09 6.348234845e-09 6.396727953e-09 6.431510482e-09 6.488365129e-09 6.464842053e-09 6.527994595e-09 6.513923423e-09 6.452536356e-09 6.41364445e-09 6.474162629e-09 6.625503918e-09 6.384045471e-09 6.593229549e-09 6.476128218e-09 6.47105823e-09 6.624757768e-09 6.468089093e-09 
6.283775253e-09 6.266973291e-09 6.234633848e-09 6.15997593e-09 6.107511851e-09 6.274903261e-09 6.157971898e-09 6.15291221e-09 6.21668133e-09 6.185186765e-09 6.124091383e-09 6.10188478e-09 6.103702869e-09 6.107436206e-09 6.117079064e-09 6.103434068e-09 6.219696267e-09 6.050566781e-09 6.093341654e-09 5.986813965e-09 6.042443142e-09 5.93594829e-09 6.091876368e-09 5.926531264e-09 5.980041108e-09 5.921294574e-09 6.064821033e-09 5.876823907e-09 5.896936437e-09 5.95141986e-09 5.864560505e-09 5.878953532e-09 6.002595913e-09 5.831474857e-09 5.891654086e-09 5.909273193e-09 5.829409482e-09 5.835533975e-09 5.767103103e-09 5.837591573e-09 5.684811544e-09 5.77935628e-09 5.888512006e-09 5.767113672e-09 5.725041164e-09 5.729402623e-09 5.715383452e-09 5.654286964e-09 5.778108071e-09 5.682337939e-09 5.733711139e-09 5.580588576e-09 5.644840657e-09 5.664413104e-09 5.611499578e-09 5.647178849e-09 5.515227702e-09 5.48734283e-09 5.58280804e-09 5.518712834e-09 5.430817763e-09 5.542518813e-09 5.480541973e-09 5.57433809e-09 5.522846255e-09 5.41541994e-09 5.42516586e-09 5.433502908e-09 5.450019811e-09 5.382835364e-09 5.388963918e-09 5.437988315e-09 5.386781968e-09 5.417448948e-09 5.376616623e-09 5.474029326e-09 5.311460809e-09 5.465897102e-09 5.342375645e-09 5.23878487e-09 5.397790957e-09 5.286840296e-09 5.258118719e-09 5.267735428e-09 5.347377594e-09 5.339364557e-09 5.353593485e-09 5.321562812e-09 5.250955698e-09 5.263588679e-09 5.322137375e-09 5.262730807e-09 5.244533859e-09 5.415208602e-09 5.126765319e-09 5.347208701e-09 5.295884987e-09 5.223586322e-09 5.330687045e-09 5.325997738e-09 5.29856591e-09 5.436160101e-09 5.478696967e-09 5.355001839e-09 5.310125897e-09 5.366976151e-09 5.476176883e-09 5.260076744e-09 5.460197986e-09 5.443928404e-09 5.350933813e-09 5.388282286e-09 5.406799552e-09 5.498790978e-09 5.42948091e-09 5.532451332e-09 5.407725411e-09 5.426243228e-09 5.583541887e-09 5.511335041e-09 5.504603638e-09 5.512108453e-09 5.667074739e-09 5.542359239e-09 5.474634374e-09 5.647295918e-09 5.535401115e-09 5.538383166e-09 5.65954743e-09 5.578107681e-09 5.716578865e-09 5.673394804e-09 5.794178179e-09 5.747020359e-09 5.701436216e-09 5.754306195e-09 5.723313755e-09 5.786134568e-09 5.777930727e-09 5.788527266e-09 5.795904189e-09 5.867293059e-09 5.759382909e-09 5.766029205e-09 5.836550487e-09 5.813094405e-09 5.829459651e-09 5.817187004e-09 5.895321021e-09 5.929342028e-09 5.908617938e-09 5.982920451e-09 6.027805163e-09 5.866825324e-09 6.054585187e-09 6.01262571e-09 6.072758403e-09 5.766636886e-09 6.039227429e-09 6.073065434e-09 5.902009966e-09 6.082990706e-09 6.065590172e-09 6.098069448e-09 6.143863873e-09 6.120355195e-09 6.120133616e-09 6.112410687e-09 6.094284239e-09 6.23380022e-09 6.088092377e-09 6.12612545e-09 6.110354534e-09 6.229989848e-09 6.120236325e-09 6.166136538e-09 6.271491493e-09 6.255513449e-09 6.077985422e-09 6.059128741e-09 
5.805195714e-09 5.959915377e-09 5.72356942e-09 5.845532232e-09 5.923538501e-09 5.845486705e-09 5.760175471e-09 5.658363964e-09 5.783567216e-09 5.776309806e-09 5.735370609e-09 5.782641738e-09 5.730786721e-09 5.644916671e-09 5.776376866e-09 5.795928016e-09 5.759543585e-09 5.793250074e-09 5.672801521e-09 5.666856472e-09 5.801367007e-09 5.654863965e-09 5.535706946e-09 5.625577984e-09 5.603796303e-09 5.531405141e-09 5.515572285e-09 5.698856275e-09 5.697150458e-09 5.499039896e-09 5.525054354e-09 5.466314405e-09 5.612697911e-09 5.488667082e-09 5.462762932e-09 5.37652268e-09 5.466468625e-09 5.445323237e-09 5.465032158e-09 5.522216101e-09 5.413733961e-09 5.368555482e-09 5.319037312e-09 5.533726778e-09 5.456438687e-09 5.375450635e-09 5.479478503e-09 5.318285695e-09 5.278771699e-09 5.395474776e-09 5.239184167e-09 5.274599928e-09 5.238716149e-09 5.293788683e-09 5.200722901e-09 5.303933222e-09 5.230827208e-09 5.15692683e-09 5.193870455e-09 5.199084252e-09 5.080306029e-09 5.295438689e-09 5.078700375e-09 5.213847695e-09 5.161483809e-09 5.080274453e-09 5.144237914e-09 5.030673514e-09 5.106871048e-09 5.074058531e-09 5.150564888e-09 5.127556389e-09 5.02374314e-09 4.997298824e-09 5.128053956e-09 4.969931686e-09 5.062117525e-09 4.904841431e-09 4.951372495e-09 5.029895046e-09 5.040569367e-09 4.926436438e-09 5.017562389e-09 5.020539227e-09 5.066341785e-09 4.924856629e-09 5.002720828e-09 5.108193122e-09 5.013396249e-09 5.07560487e-09 5.045839483e-09 5.037739224e-09 5.008658678e-09 4.854438261e-09 4.949743259e-09 5.021925227e-09 5.08362552e-09 4.976776842e-09 4.927766222e-09 5.006809636e-09 4.92911328e-09 5.07717692e-09 4.938838029e-09 5.129874346e-09 5.057609536e-09 4.999789138e-09 5.070256757e-09 5.021432632e-09 5.013137246e-09 5.080463872e-09 5.098508583e-09 5.0262759e-09 5.103902456e-09 5.109120425e-09 5.085546583e-09 5.183442264e-09 5.11051387e-09 5.187218116e-09 5.242407111e-09 5.166731989e-09 5.249945708e-09 5.292109084e-09 5.276096231e-09 5.187474875e-09 5.118801909e-09 5.298014845e-09 5.269457367e-09 5.294206397e-09 5.333424702e-09 5.33423744e-09 5.354327378e-09 5.336609331e-09 5.333029004e-09 5.325163748e-09 5.411531984e-09 5.327480064e-09 5.30569062e-09 5.416483782e-09 5.469322686e-09 5.375536265e-09 5.432902724e-09 5.490328669e-09 5.407313136e-09 5.519093612e-09 5.496112518e-09 5.490708494e-09 5.501428874e-09 5.505553343e-09 5.525496512e-09 5.555006651e-09 5.412135596e-09 5.74686283e-09 5.602855804e-09 5.610149553e-09 5.563425615e-09 5.639473821e-09 5.609292031e-09 5.649760421e-09 5.557046839e-09 5.691193139e-09 5.590155426e-09 5.604776269e-09 5.624473872e-09 5.66852393e-09 5.627244316e-09 5.769042784e-09 5.783141906e-09 5.763559045e-09 5.593061332e-09 5.641062042e-09 5.671256209e-09 5.687542517e-09 5.655851007e-09 5.819789605e-09 5.632223508e-09 5.681486714e-09 5.856734721e-09 5.849990159e-09 5.87654166e-09 5.807659775e-09 
5.586250522e-09 5.387751162e-09 5.349094983e-09 5.450292254e-09 5.526749496e-09 5.391773169e-09 5.448500823e-09 5.422072961e-09 5.39479251e-09 5.446802038e-09 5.304825535e-09 5.38436795e-09 5.396243238e-09 5.361143011e-09 5.312902474e-09 5.307785773e-09 5.275733113e-09 5.217704743e-09 5.424908464e-09 5.202919443e-09 5.30387284e-09 5.34928641e-09 5.271172248e-09 5.286744364e-09 5.199485966e-09 5.291020727e-09 5.173643404e-09 5.272915152e-09 5.100976181e-09 5.206603371e-09 5.305042673e-09 5.302518389e-09 5.223799511e-09 5.142920652e-09 5.164659993e-09 5.064558618e-09 5.112199011e-09 5.124722674e-09 5.005738687e-09 5.063213437e-09 5.015570109e-09 5.03238272e-09 5.038958428e-09 4.994525154e-09 5.034305262e-09 5.004949926e-09 5.062542999e-09 5.069663954e-09 4.902263355e-09 4.888591519e-09 4.912336556e-09 4.92630905e-09 4.96436438e-09 4.877687664e-09 4.945558906e-09 4.855034651e-09 4.806905223e-09 4.80042871e-09 4.77895979e-09 4.802799816e-09 4.770778763e-09 4.817624971e-09 4.777196857e-09 4.714670888e-09 4.776544449e-09 4.886966778e-09 4.785515893e-09 4.825850699e-09 4.785911072e-09 4.718584868e-09 4.672010062e-09 4.653456391e-09 4.799177743e-09 4.661920099e-09 4.808525746e-09 4.703286649e-09 4.754836319e-09 4.679133101e-09 4.663005549e-09 4.642175824e-09 4.667608599e-09 4.706895211e-09 4.580266627e-09 4.676658356e-09 4.636969969e-09 4.708909121e-09 4.580805859e-09 4.656651949e-09 4.570058618e-09 4.572056489e-09 4.631366557e-09 4.588317733e-09 4.669359671e-09 4.607200304e-09 4.593298369e-09 4.66207059e-09 4.613862607e-09 4.717479726e-09 4.680972852e-09 4.704350591e-09 4.646915608e-09 4.654480022e-09 4.586159336e-09 4.669590353e-09 4.656903412e-09 4.680278245e-09 4.68976802e-09 4.66512255e-09 4.757691728e-09 4.699219375e-09 4.702144893e-09 4.755253802e-09 4.752737881e-09 4.798454754e-09 4.738330795e-09 4.784031105e-09 4.733034873e-09 4.788922603e-09 4.794710114e-09 4.808002348e-09 4.780213406e-09 4.896326161e-09 4.956360386e-09 4.847210586e-09 4.959684236e-09 4.84963385e-09 4.845847539e-09 4.96122839e-09 4.902670763e-09 4.991381008e-09 5.11443801e-09 5.021659598e-09 5.013142194e-09 5.063628459e-09 4.913742634e-09 4.995075509e-09 4.953084538e-09 5.100768601e-09 5.01434677e-09 5.099451124e-09 5.078727583e-09 5.035177501e-09 5.190403042e-09 5.084605372e-09 5.12386109e-09 5.079943403e-09 5.092567868e-09 5.212278358e-09 5.154793e-09 5.096256429e-09 5.239301266e-09 5.174995931e-09 5.321377098e-09 5.246061977e-09 5.165406614e-09 5.243310101e-09 5.161299963e-09 5.310590554e-09 5.320419965e-09 5.3253821e-09 5.285768432e-09 5.414372387e-09 5.361659484e-09 5.326359432e-09 5.378995924e-09 5.392387811e-09 5.422171261e-09 5.442156529e-09 5.358259615e-09 5.34185635e-09 5.469444464e-09 5.418791246e-09 5.433947604e-09 5.357294559e-09 5.54584214e-09 5.56991217e-09 5.503468533e-09 5.369340971e-09 5.472766883e-09 5.494380054e-09 
5.069471206e-09 4.98590362e-09 5.057245076e-09 5.070803627e-09 5.068197959e-09 5.062996274e-09 4.976648376e-09 4.989452561e-09 5.127151811e-09 5.076188092e-09 5.102485784e-09 5.014552485e-09 5.00395831e-09 5.017612449e-09 5.071220672e-09 4.960130489e-09 4.993811407e-09 5.012197163e-09 5.040231795e-09 5.030253796e-09 4.862487498e-09 4.861555889e-09 4.816948178e-09 4.81737399e-09 4.878475804e-09 4.859493432e-09 4.841549103e-09 4.861004609e-09 4.784092622e-09 4.701627522e-09 4.864110787e-09 4.872128201e-09 4.888240627e-09 4.773326261e-09 4.770143869e-09 4.71096719e-09 4.780160902e-09 4.823129019e-09 4.796102735e-09 4.653716307e-09 4.718552835e-09 4.744926302e-09 4.730451218e-09 4.627197301e-09 4.660355035e-09 4.734418416e-09 4.746421994e-09 4.479310752e-09 4.705624556e-09 4.616490828e-09 4.552632816e-09 4.547990059e-09 4.555840395e-09 4.509584202e-09 4.556226044e-09 4.606136799e-09 4.603678373e-09 4.546015697e-09 4.497424898e-09 4.405868689e-09 4.587288859e-09 4.485889519e-09 4.499503923e-09 4.554610317e-09 4.463402778e-09 4.363158119e-09 4.387348707e-09 4.412853894e-09 4.36116608e-09 4.46298886e-09 4.354704568e-09 4.384065362e-09 4.346887786e-09 4.251043207e-09 4.24843421e-09 4.392627071e-09 4.295212687e-09 4.379927078e-09 4.296901464e-09 4.307810162e-09 4.29044466e-09 4.336857796e-09 4.483359955e-09 4.339046744e-09 4.274889879e-09 4.304300966e-09 4.318388722e-09 4.294080918e-09 4.228762139e-09 4.257714766e-09 4.307001697e-09 4.265733302e-09 4.245964265e-09 4.363641331e-09 4.278202403e-09 4.362719756e-09 4.350602275e-09 4.426282797e-09 4.335152925e-09 4.331958339e-09 4.323854103e-09 4.396165925e-09 4.256993725e-09 4.260888159e-09 4.388867833e-09 4.237063611e-09 4.440308646e-09 4.301573057e-09 4.478384e-09 4.477285541e-09 4.50068177e-09 4.585256961e-09 4.304538666e-09 4.341520357e-09 4.443839448e-09 4.378908548e-09 4.460167397e-09 4.491944404e-09 4.4982853e-09 4.452727052e-09 4.413317314e-09 4.516537589e-09 4.481166732e-09 4.594297472e-09 4.504963838e-09 4.562633069e-09 4.583862683e-09 4.559844387e-09 4.573173929e-09 4.559537104e-09 4.630224986e-09 4.600140838e-09 4.690374568e-09 4.610732395e-09 4.634359593e-09 4.713610483e-09 4.641742854e-09 4.626018956e-09 4.602605685e-09 4.67958053e-09 4.703039864e-09 4.782558374e-09 4.828171819e-09 4.674446485e-09 4.759381047e-09 4.787901902e-09 4.722751694e-09 4.761394388e-09 4.77387852e-09 4.709976544e-09 4.883576482e-09 4.819363031e-09 4.712823486e-09 4.905077818e-09 4.887463962e-09 4.899383366e-09 4.850616053e-09 4.887513009e-09 4.904054467e-09 4.907583895e-09 4.887849413e-09 5.022164674e-09 4.992016208e-09 4.986790619e-09 5.01502679e-09 4.972961133e-09 5.046120613e-09 4.94663487e-09 5.006503733e-09 5.1255765e-09 5.017605598e-09 5.016198053e-09 5.070812536e-09 5.044418272e-09 5.08746006e-09 5.137025001e-09 5.149070888e-09 5.034483676e-09 5.210447056e-09 5.117891242e-09 
4.769457364e-09 4.769307025e-09 4.73788283e-09 4.730535248e-09 4.713693244e-09 4.645383335e-09 4.602292812e-09 4.590661745e-09 4.551443416e-09 4.710168687e-09 4.707424126e-09 4.656023474e-09 4.665494591e-09 4.564451732e-09 4.606861076e-09 4.574367195e-09 4.577623434e-09 4.586815033e-09 4.683525369e-09 4.650816806e-09 4.719005342e-09 4.579310631e-09 4.6248094e-09 4.532644755e-09 4.565573377e-09 4.466242529e-09 4.601906878e-09 4.4544478e-09 4.401895044e-09 4.398482253e-09 4.367639372e-09 4.444190479e-09 4.448594643e-09 4.470963203e-09 4.355308842e-09 4.43616961e-09 4.384200568e-09 4.375187636e-09 4.384684636e-09 4.409062428e-09 4.310817491e-09 4.369596601e-09 4.332514467e-09 4.317193865e-09 4.331877977e-09 4.279656406e-09 4.292463116e-09 4.206058867e-09 4.400855612e-09 4.291953776e-09 4.291882446e-09 4.212922578e-09 4.219769603e-09 4.114680889e-09 4.21491083e-09 4.150939883e-09 4.227053516e-09 4.13458552e-09 4.184772604e-09 4.180582248e-09 4.151015322e-09 4.102440491e-09 4.170668349e-09 4.113581495e-09 4.137589035e-09 4.10025698e-09 4.011392197e-09 4.049280751e-09 4.088404851e-09 4.109544822e-09 4.0730036e-09 4.079745339e-09 3.960921878e-09 3.992943132e-09 3.990744189e-09 4.099676425e-09 3.995982561e-09 3.898229001e-09 3.92807516e-09 3.89857638e-09 3.895763542e-09 3.910942673e-09 3.993046012e-09 3.916510157e-09 3.963618694e-09 3.989791427e-09 3.943685889e-09 4.012943632e-09 3.911988279e-09 4.026932799e-09 3.94023493e-09 3.988615634e-09 3.895319269e-09 3.935365581e-09 3.921805253e-09 4.06249685e-09 3.992366892e-09 4.02538723e-09 3.989437439e-09 3.95799711e-09 4.019522235e-09 3.911033921e-09 4.034877031e-09 4.073221003e-09 4.037029467e-09 3.997236548e-09 4.035673481e-09 3.987108108e-09 3.993174642e-09 4.007218427e-09 4.028159057e-09 4.038568967e-09 4.143427269e-09 4.138220279e-09 4.043932617e-09 4.144131062e-09 4.168288042e-09 4.108215857e-09 4.108646579e-09 4.159179191e-09 4.016724372e-09 4.224100716e-09 4.191356851e-09 4.126494251e-09 4.223652652e-09 4.300507624e-09 4.196205248e-09 4.287755435e-09 4.293250445e-09 4.27944558e-09 4.276927488e-09 4.225676881e-09 4.260455451e-09 4.32374308e-09 4.323158001e-09 4.210332565e-09 4.335097761e-09 4.377160943e-09 4.41585556e-09 4.281261251e-09 4.368679438e-09 4.430400766e-09 4.374417121e-09 4.416708466e-09 4.372726005e-09 4.397216242e-09 4.388861817e-09 4.395527511e-09 4.436627913e-09 4.518494177e-09 4.568805752e-09 4.629875591e-09 4.427740224e-09 4.531760952e-09 4.627645803e-09 4.466254939e-09 4.492100542e-09 4.549199291e-09 4.567152011e-09 4.538828964e-09 4.483965338e-09 4.600633327e-09 4.575091936e-09 4.529247711e-09 4.620151794e-09 4.533187247e-09 4.671146317e-09 4.5263972e-09 4.614449585e-09 4.610665189e-09 4.717303096e-09 4.685815246e-09 4.640085634e-09 4.684107085e-09 4.717392814e-09 4.684184628e-09 4.719407897e-09 4.617004629e-09 4.816732616e-09 4.720704854e-09 
4.324280942e-09 4.347224632e-09 4.242080133e-09 4.353949301e-09 4.311029214e-09 4.28191665e-09 4.296182415e-09 4.329777708e-09 4.298071556e-09 4.25676398e-09 4.374626934e-09 4.225384169e-09 4.193409486e-09 4.337258608e-09 4.266332866e-09 4.242135127e-09 4.289513486e-09 4.147156568e-09 4.204305885e-09 4.134752495e-09 4.168439921e-09 4.125025039e-09 4.311276947e-09 4.173107407e-09 4.070184139e-09 4.153911383e-09 4.115273835e-09 4.171857038e-09 4.12538957e-09 4.144030824e-09 4.065992097e-09 4.044954824e-09 3.960787406e-09 4.206603213e-09 4.048714411e-09 4.040732249e-09 4.025668114e-09 4.107696364e-09 4.066518835e-09 3.97776739e-09 3.980442488e-09 4.027272392e-09 4.024322305e-09 3.860825832e-09 3.938560484e-09 4.07482144e-09 4.044349673e-09 3.909987728e-09 3.914045542e-09 3.846333319e-09 3.916614038e-09 3.883069453e-09 3.861580781e-09 3.844080196e-09 3.871067486e-09 3.865235541e-09 3.786635561e-09 3.774536932e-09 3.796860005e-09 3.773069583e-09 3.756504281e-09 3.761359555e-09 3.754980464e-09 3.842797298e-09 3.805338868e-09 3.756472208e-09 3.663546124e-09 3.712549671e-09 3.670561387e-09 3.722698748e-09 3.749212691e-09 3.724450974e-09 3.650045507e-09 3.663754759e-09 3.669787103e-09 3.671469199e-09 3.736292835e-09 3.622077046e-09 3.640337142e-09 3.678870823e-09 3.651382505e-09 3.678490445e-09 3.63245705e-09 3.583406631e-09 3.610602842e-09 3.629247368e-09 3.517889318e-09 3.616214488e-09 3.696707032e-09 3.667967796e-09 3.636565646e-09 3.62648681e-09 3.607478714e-09 3.578247785e-09 3.609426055e-09 3.595596572e-09 3.64735381e-09 3.58511775e-09 3.703757669e-09 3.653139044e-09 3.543277384e-09 3.651754684e-09 3.588237517e-09 3.686545052e-09 3.653874432e-09 3.667370624e-09 3.741191514e-09 3.708186685e-09 3.667066586e-09 3.65103376e-09 3.610549191e-09 3.696669651e-09 3.670749962e-09 3.718876577e-09 3.656633643e-09 3.742869329e-09 3.836625397e-09 3.799891582e-09 3.792283214e-09 3.823508348e-09 3.789043136e-09 3.73718e-09 3.88303714e-09 3.883141273e-09 3.778096093e-09 3.826223046e-09 3.872933692e-09 3.985119073e-09 3.880954664e-09 3.849369405e-09 3.927250708e-09 3.877801388e-09 3.865665067e-09 3.941799812e-09 3.962254382e-09 3.961713706e-09 3.918011689e-09 4.013381125e-09 4.032756008e-09 3.918327021e-09 3.938853084e-09 4.041099567e-09 4.053390353e-09 4.079037618e-09 4.064949724e-09 4.114073302e-09 4.097740643e-09 4.047831705e-09 4.064799377e-09 4.099770435e-09 4.012726957e-09 4.087570238e-09 4.082785399e-09 4.136753283e-09 4.10018514e-09 4.216660918e-09 4.182377034e-09 4.115617511e-09 4.161195301e-09 4.201241235e-09 4.219911601e-09 4.253464119e-09 4.208609177e-09 4.154168052e-09 4.261852324e-09 4.31029605e-09 4.198309429e-09 4.155425263e-09 4.214228542e-09 4.365522046e-09 4.390566704e-09 4.317268794e-09 4.367740403e-09 4.260304384e-09 4.416626983e-09 4.353704035e-09 4.350135862e-09 4.371313976e-09 4.419647459e-09 4.236212567e-09 
3.873769784e-09 3.975877486e-09 3.889529689e-09 3.97193192e-09 4.018823174e-09 3.979290528e-09 3.853872574e-09 3.884062203e-09 3.903428242e-09 3.844931664e-09 3.884747645e-09 3.915910931e-09 3.913442152e-09 3.933097171e-09 3.928411776e-09 3.849258066e-09 3.847858684e-09 3.764882748e-09 3.856029162e-09 3.805111191e-09 3.915041969e-09 3.848240211e-09 3.883574459e-09 3.855724078e-09 3.729905269e-09 3.728742045e-09 3.876123482e-09 3.709081303e-09 3.670181356e-09 3.63527466e-09 3.709684648e-09 3.677393139e-09 3.703916157e-09 3.717308364e-09 3.644047413e-09 3.726610575e-09 3.753863854e-09 3.593032969e-09 3.623910525e-09 3.643963028e-09 3.620836818e-09 3.635611205e-09 3.755117259e-09 3.620763042e-09 3.581270617e-09 3.609643652e-09 3.512749271e-09 3.454349077e-09 3.622930258e-09 3.497419225e-09 3.579598912e-09 3.570714272e-09 3.504829052e-09 3.480438556e-09 3.522201487e-09 3.472168387e-09 3.570105611e-09 3.476883483e-09 3.393053113e-09 3.447734003e-09 3.404372881e-09 3.444466784e-09 3.308501891e-09 3.474996251e-09 3.34886944e-09 3.403738894e-09 3.516934592e-09 3.387578113e-09 3.378738753e-09 3.253570634e-09 3.389401108e-09 3.310978631e-09 3.393175619e-09 3.385798304e-09 3.325955022e-09 3.337529091e-09 3.424857586e-09 3.336885993e-09 3.295446442e-09 3.304770344e-09 3.329586944e-09 3.27422344e-09 3.354601687e-09 3.185239544e-09 3.328119722e-09 3.307089594e-09 3.260638703e-09 3.323961835e-09 3.240961938e-09 3.356441832e-09 3.165632015e-09 3.22105624e-09 3.262569297e-09 3.195968368e-09 3.256465803e-09 3.346423414e-09 3.235827664e-09 3.341760276e-09 3.306799362e-09 3.232427732e-09 3.20658839e-09 3.399391778e-09 3.371069948e-09 3.385501894e-09 3.30427548e-09 3.431000146e-09 3.28689455e-09 3.357946336e-09 3.377997098e-09 3.429015168e-09 3.393136627e-09 3.372731081e-09 3.377327171e-09 3.379709283e-09 3.383832981e-09 3.464870594e-09 3.455697952e-09 3.478724952e-09 3.48571113e-09 3.543471472e-09 3.378448618e-09 3.489410753e-09 3.406166002e-09 3.531978619e-09 3.575607501e-09 3.40981241e-09 3.529160362e-09 3.521698719e-09 3.521509905e-09 3.580793837e-09 3.569355268e-09 3.528502549e-09 3.611757906e-09 3.672551708e-09 3.525930957e-09 3.535942011e-09 3.61869059e-09 3.58002658e-09 3.56137592e-09 3.678447349e-09 3.61868049e-09 3.679098813e-09 3.653659408e-09 3.654984196e-09 3.747527167e-09 3.815316677e-09 3.723998196e-09 3.674652631e-09 3.736388658e-09 3.741169219e-09 3.755699485e-09 3.771670438e-09 3.795990924e-09 3.747501199e-09 3.83053521e-09 3.880171944e-09 3.816020284e-09 3.682371223e-09 3.866108484e-09 3.706306961e-09 3.811427208e-09 3.853568128e-09 3.887076907e-09 3.834437335e-09 3.7755563e-09 3.877318912e-09 3.848619533e-09 3.926743018e-09 3.824889897e-09 3.916466585e-09 3.997720408e-09 3.893866634e-09 3.938325883e-09 3.941557162e-09 3.952979889e-09 3.931330749e-09 3.923506548e-09 3.929370875e-09 3.950025329e-09 3.891712774e-09 
3.563202307e-09 3.585714926e-09 3.655989278e-09 3.536011531e-09 3.585062264e-09 3.600489626e-09 3.516741682e-09 3.585108674e-09 3.525447011e-09 3.553787817e-09 3.507433569e-09 3.600207554e-09 3.464892324e-09 3.559234338e-09 3.460595458e-09 3.496194021e-09 3.567193212e-09 3.462036892e-09 3.471580041e-09 3.436080689e-09 3.535187165e-09 3.452849566e-09 3.399639847e-09 3.42607934e-09 3.3742872e-09 3.455967061e-09 3.419424303e-09 3.384378585e-09 3.32986653e-09 3.366771235e-09 3.404262278e-09 3.252541167e-09 3.335715515e-09 3.265365091e-09 3.339314101e-09 3.358195747e-09 3.272865272e-09 3.352365346e-09 3.232945159e-09 3.368423333e-09 3.12146073e-09 3.217869434e-09 3.220514861e-09 3.323640513e-09 3.236916908e-09 3.281703465e-09 3.125329524e-09 3.271594864e-09 3.127271713e-09 3.243080233e-09 3.191206113e-09 3.246776032e-09 3.159338312e-09 3.218780011e-09 3.099070661e-09 3.104541799e-09 3.086020966e-09 3.08209971e-09 3.08982052e-09 3.094246532e-09 2.968364451e-09 3.161704248e-09 3.078023325e-09 3.092567493e-09 3.002800554e-09 3.041146392e-09 3.01943277e-09 2.999371069e-09 3.079124199e-09 2.988614225e-09 2.994629752e-09 3.052092983e-09 3.050050005e-09 2.928362214e-09 2.932104664e-09 3.047649067e-09 2.923307955e-09 3.07034328e-09 2.937962105e-09 2.892019738e-09 2.963170983e-09 2.977024423e-09 2.935847771e-09 2.931596801e-09 2.9185393e-09 2.924825937e-09 2.927249466e-09 2.9650718e-09 3.004605708e-09 2.990975642e-09 2.877717975e-09 2.932533345e-09 2.935415869e-09 2.906209453e-09 2.941120981e-09 2.888189457e-09 2.943457413e-09 2.967056504e-09 2.963716532e-09 2.951684306e-09 2.947344665e-09 2.963231746e-09 2.921705173e-09 2.87839491e-09 3.029665823e-09 3.036144109e-09 2.984854885e-09 2.965069206e-09 2.946798457e-09 3.015255933e-09 3.015906808e-09 2.987677493e-09 3.092732516e-09 3.047278345e-09 3.015626089e-09 3.067982139e-09 3.086090607e-09 3.128404955e-09 3.112977912e-09 3.088007451e-09 3.065687829e-09 3.110799993e-09 3.162061965e-09 3.147246243e-09 3.116204983e-09 3.143106945e-09 3.219627913e-09 3.039846769e-09 3.10728579e-09 3.157582643e-09 3.220813211e-09 3.228009766e-09 3.257821244e-09 3.208255312e-09 3.091723623e-09 3.260871407e-09 3.264353828e-09 3.264826226e-09 3.339893133e-09 3.305566102e-09 3.26752853e-09 3.295295461e-09 3.374147615e-09 3.31135212e-09 3.24217213e-09 3.329308598e-09 3.358445929e-09 3.380640934e-09 3.37638271e-09 3.345316469e-09 3.368837643e-09 3.403387567e-09 3.439942012e-09 3.381191437e-09 3.385583163e-09 3.45121195e-09 3.457807011e-09 3.435034849e-09 3.477835553e-09 3.4388362e-09 3.460852047e-09 3.426761936e-09 3.545755197e-09 3.560457035e-09 3.464913907e-09 3.470401562e-09 3.509906819e-09 3.576016525e-09 3.498163229e-09 3.504350838e-09 3.535920935e-09 3.560989514e-09 3.542934564e-09 3.510039157e-09 3.587417241e-09 3.609941744e-09 3.529633475e-09 3.592943347e-09 3.62209549e-09 3.621796037e-09 
3.153964606e-09 3.209261536e-09 3.170299552e-09 3.219584426e-09 3.183701142e-09 3.181699463e-09 3.234699209e-09 3.326568176e-09 3.130220944e-09 3.077809774e-09 3.116888672e-09 3.049316823e-09 3.06123052e-09 3.154356493e-09 3.077635832e-09 3.1626073e-09 3.142761696e-09 3.054043502e-09 3.119600172e-09 3.205372463e-09 3.14684501e-09 3.113530033e-09 3.061227483e-09 3.01108673e-09 3.085816201e-09 2.972236358e-09 3.023904109e-09 3.035505644e-09 2.980296101e-09 3.050214846e-09 2.902016764e-09 2.949012597e-09 2.971969724e-09 2.99024952e-09 3.01194149e-09 3.073406758e-09 2.954663399e-09 3.043265911e-09 3.004453127e-09 2.952030173e-09 2.964448849e-09 2.93612631e-09 2.876387282e-09 3.005525595e-09 2.873694924e-09 2.95150194e-09 2.837347265e-09 2.904719827e-09 2.804048327e-09 2.844081499e-09 2.810782065e-09 2.87859073e-09 2.77998788e-09 2.888813472e-09 2.775877334e-09 2.771554447e-09 2.795822735e-09 2.749482429e-09 2.773765344e-09 2.827215743e-09 2.786464835e-09 2.692024552e-09 2.774351025e-09 2.729511081e-09 2.697684274e-09 2.625431164e-09 2.716763344e-09 2.796240929e-09 2.633347024e-09 2.622679761e-09 2.648702415e-09 2.580216765e-09 2.620922836e-09 2.689888287e-09 2.63199904e-09 2.667230176e-09 2.618544755e-09 2.663256352e-09 2.62200476e-09 2.616394448e-09 2.67050837e-09 2.623368136e-09 2.563005772e-09 2.570725374e-09 2.513282972e-09 2.634651986e-09 2.635504801e-09 2.660078731e-09 2.574268215e-09 2.647155284e-09 2.637478431e-09 2.656581362e-09 2.617014815e-09 2.616521306e-09 2.557415383e-09 2.637905126e-09 2.61423706e-09 2.582361849e-09 2.647187043e-09 2.684784293e-09 2.596636188e-09 2.722337145e-09 2.66548518e-09 2.696533385e-09 2.633758207e-09 2.667461877e-09 2.716545984e-09 2.616921402e-09 2.706340332e-09 2.673623122e-09 2.676893923e-09 2.757794664e-09 2.654282083e-09 2.674523264e-09 2.764866845e-09 2.754840909e-09 2.725286804e-09 2.765134615e-09 2.695361206e-09 2.730676338e-09 2.803797806e-09 2.72734266e-09 2.74750393e-09 2.805184887e-09 2.824358904e-09 2.74663966e-09 2.808306932e-09 2.784499335e-09 2.815391854e-09 2.860720198e-09 2.857465041e-09 2.866585578e-09 2.917462053e-09 2.86761021e-09 2.820329678e-09 2.986536451e-09 2.93875115e-09 2.923822741e-09 2.926472542e-09 2.941752424e-09 2.948377148e-09 2.922400589e-09 2.916320515e-09 2.983622958e-09 2.990831544e-09 2.925376324e-09 3.015963458e-09 2.909030496e-09 3.01616721e-09 2.979966768e-09 2.990691939e-09 3.025095954e-09 2.984916617e-09 3.115890714e-09 3.123441374e-09 3.088186192e-09 3.034821352e-09 3.063786994e-09 3.027147981e-09 3.020048646e-09 3.058755065e-09 3.148740241e-09 3.115057135e-09 3.205194914e-09 3.156086342e-09 3.201147733e-09 3.202469232e-09 3.12855695e-09 3.208090984e-09 3.270060683e-09 3.16995947e-09 3.219096469e-09 3.240783261e-09 3.209546093e-09 3.243212929e-09 3.151136477e-09 3.226925691e-09 3.214199875e-09 3.152150191e-09 3.229854022e-09 
2.848085272e-09 2.834203725e-09 2.823929404e-09 2.816861148e-09 2.772488822e-09 2.92846486e-09 2.92304961e-09 2.840353845e-09 2.839009318e-09 2.813407418e-09 2.825068608e-09 2.740660402e-09 2.809304825e-09 2.772416454e-09 2.748633898e-09 2.797081354e-09 2.85579245e-09 2.695933835e-09 2.805639658e-09 2.784223255e-09 2.712944099e-09 2.72646915e-09 2.71878527e-09 2.719523546e-09 2.67547489e-09 2.700685737e-09 2.79216176e-09 2.609275335e-09 2.654411986e-09 2.689448376e-09 2.685195138e-09 2.664457002e-09 2.64401666e-09 2.684058612e-09 2.552319199e-09 2.719560253e-09 2.579192239e-09 2.626688512e-09 2.696293105e-09 2.636025041e-09 2.583208679e-09 2.557553465e-09 2.545891802e-09 2.503180009e-09 2.492706242e-09 2.536104837e-09 2.532928013e-09 2.470112191e-09 2.492605155e-09 2.464319783e-09 2.472610044e-09 2.481219008e-09 2.47341364e-09 2.570186549e-09 2.505312108e-09 2.50347643e-09 2.412914543e-09 2.41331436e-09 2.358525975e-09 2.427498323e-09 2.373575923e-09 2.434156756e-09 2.422471727e-09 2.392825152e-09 2.418710356e-09 2.373812749e-09 2.367658501e-09 2.403061574e-09 2.390504666e-09 2.423070904e-09 2.432885095e-09 2.293490737e-09 2.404799561e-09 2.366253224e-09 2.297682306e-09 2.37129373e-09 2.400033148e-09 2.368401869e-09 2.310154626e-09 2.374478856e-09 2.305007399e-09 2.278127819e-09 2.334561533e-09 2.236848329e-09 2.303148039e-09 2.335673857e-09 2.317805763e-09 2.344183905e-09 2.315237863e-09 2.307242326e-09 2.312196651e-09 2.31365128e-09 2.247208428e-09 2.239617653e-09 2.288613748e-09 2.287386131e-09 2.297101149e-09 2.216654353e-09 2.362222342e-09 2.292398834e-09 2.377953628e-09 2.283678849e-09 2.307490424e-09 2.341229733e-09 2.3495485e-09 2.295645933e-09 2.372694239e-09 2.357279984e-09 2.349195813e-09 2.366001375e-09 2.32167941e-09 2.434013228e-09 2.39290455e-09 2.335101748e-09 2.429926167e-09 2.47924234e-09 2.400730571e-09 2.379543198e-09 2.398548858e-09 2.366230592e-09 2.525302492e-09 2.398583574e-09 2.379748437e-09 2.411586294e-09 2.568281316e-09 2.571586716e-09 2.51035444e-09 2.501124002e-09 2.550410095e-09 2.466831431e-09 2.417941225e-09 2.448307027e-09 2.542473906e-09 2.587980518e-09 2.558655839e-09 2.556915582e-09 2.58973771e-09 2.561691313e-09 2.561917444e-09 2.607973096e-09 2.615517694e-09 2.575128097e-09 2.58618728e-09 2.665504158e-09 2.62588222e-09 2.651933243e-09 2.641951217e-09 2.683040988e-09 2.729412814e-09 2.697032256e-09 2.663615306e-09 2.701673961e-09 2.667142253e-09 2.680855788e-09 2.66722191e-09 2.727273267e-09 2.698832086e-09 2.686637932e-09 2.80318163e-09 2.722846794e-09 2.742098387e-09 2.789557716e-09 2.82143625e-09 2.774871807e-09 2.705785769e-09 2.736328951e-09 2.773034461e-09 2.741522287e-09 2.817307654e-09 2.757278212e-09 2.78606658e-09 2.807090391e-09 2.782704453e-09 2.810518305e-09 2.816352063e-09 2.933481132e-09 2.824877897e-09 2.840767486e-09 2.828947552e-09 2.889939833e-09 
2.563080248e-09 2.454408829e-09 2.511346426e-09 2.472784913e-09 2.489935516e-09 2.426991222e-09 2.43578418e-09 2.48785691e-09 2.491198053e-09 2.374016173e-09 2.447609305e-09 2.494649615e-09 2.398151734e-09 2.396356684e-09 2.445060452e-09 2.352682457e-09 2.405360809e-09 2.385555234e-09 2.35829424e-09 2.420255048e-09 2.405211288e-09 2.395529921e-09 2.338535883e-09 2.37647502e-09 2.385699109e-09 2.387931085e-09 2.360824271e-09 2.337659896e-09 2.325261029e-09 2.316259578e-09 2.267291812e-09 2.309667981e-09 2.280844048e-09 2.261488978e-09 2.297245582e-09 2.330527237e-09 2.203015674e-09 2.220633599e-09 2.267935749e-09 2.32596479e-09 2.206946288e-09 2.247968647e-09 2.231604475e-09 2.19743855e-09 2.185588537e-09 2.196460585e-09 2.182733321e-09 2.185980121e-09 2.24588135e-09 2.23633639e-09 2.165750453e-09 2.195060576e-09 2.179615207e-09 2.093785166e-09 2.12496371e-09 2.234761244e-09 2.149624996e-09 2.099479842e-09 2.066826822e-09 2.084283975e-09 2.121048627e-09 2.162239317e-09 2.111905695e-09 2.020484431e-09 2.067822285e-09 2.099748335e-09 2.076935154e-09 2.159896608e-09 2.057856084e-09 2.130289352e-09 2.032118206e-09 2.068827662e-09 2.062519318e-09 1.999179062e-09 1.991483937e-09 2.009200424e-09 1.977726326e-09 2.001433753e-09 2.027051364e-09 2.065753357e-09 2.038710339e-09 2.020084398e-09 2.059605886e-09 2.05153433e-09 1.979853511e-09 1.947904121e-09 2.022936615e-09 2.024417948e-09 1.957412739e-09 2.007781775e-09 1.994449655e-09 2.001109358e-09 2.064401048e-09 1.993081658e-09 1.955281377e-09 1.952032968e-09 2.025391628e-09 2.055107202e-09 2.004870626e-09 2.081686396e-09 2.020925966e-09 2.042460973e-09 1.921106715e-09 2.030939262e-09 2.026583759e-09 2.064703206e-09 2.048304445e-09 2.056171032e-09 2.02967068e-09 2.027635135e-09 2.028590495e-09 2.097447648e-09 1.976272556e-09 2.090753323e-09 2.025199602e-09 2.139207577e-09 2.100841759e-09 2.092637209e-09 2.044744229e-09 2.07744457e-09 2.072319239e-09 2.174300313e-09 2.153928026e-09 2.164191516e-09 2.185175018e-09 2.190609195e-09 2.166813829e-09 2.14047801e-09 2.130757249e-09 2.182265047e-09 2.138141299e-09 2.20429262e-09 2.187952059e-09 2.183558613e-09 2.251026434e-09 2.160146782e-09 2.207241804e-09 2.27861803e-09 2.262108686e-09 2.254589411e-09 2.309389775e-09 2.186666397e-09 2.299017804e-09 2.219257497e-09 2.288832206e-09 2.329065308e-09 2.207531571e-09 2.340862807e-09 2.276453932e-09 2.314010312e-09 2.293234634e-09 2.326899533e-09 2.327884745e-09 2.317772332e-09 2.32095785e-09 2.408996161e-09 2.388513312e-09 2.370603068e-09 2.405755232e-09 2.355564961e-09 2.320155366e-09 2.444092217e-09 2.41871317e-09 2.37147119e-09 2.375142095e-09 2.424565298e-09 2.374627351e-09 2.371714518e-09 2.478669711e-09 2.425297405e-09 2.469348246e-09 2.488098696e-09 2.532884425e-09 2.485282581e-09 2.532893483e-09 2.467154023e-09 2.468621263e-09 2.460452948e-09 2.408978614e-09 2.459116825e-09 
2.113903329e-09 2.158820895e-09 2.094101231e-09 2.135342012e-09 2.052059081e-09 2.161171565e-09 2.118883754e-09 2.148174662e-09 2.131965159e-09 2.062087537e-09 2.092382174e-09 2.099333948e-09 2.09113854e-09 2.127970898e-09 2.099908434e-09 2.056904769e-09 2.08092284e-09 1.995292638e-09 2.154444332e-09 2.003581172e-09 2.099617396e-09 2.011554165e-09 1.957605732e-09 2.001627378e-09 2.01056834e-09 1.959304783e-09 2.013378456e-09 2.002165314e-09 1.965960007e-09 1.999452218e-09 1.955578105e-09 1.981106637e-09 1.958040341e-09 2.021361147e-09 1.909718424e-09 1.983037734e-09 1.952829782e-09 2.002173875e-09 1.864865408e-09 1.947775172e-09 1.891860061e-09 1.923432615e-09 1.904547836e-09 1.932622066e-09 1.915207606e-09 1.929884318e-09 1.838453478e-09 1.877938246e-09 1.878942687e-09 1.852315144e-09 1.830613219e-09 1.903726631e-09 1.8597151e-09 1.814531295e-09 1.920829945e-09 1.838755428e-09 1.851267462e-09 1.856434864e-09 1.806157281e-09 1.875575155e-09 1.72034008e-09 1.870047096e-09 1.814862205e-09 1.817112872e-09 1.811354249e-09 1.78048637e-09 1.847086623e-09 1.749925241e-09 1.67728774e-09 1.712001411e-09 1.783323416e-09 1.812960159e-09 1.72084345e-09 1.731991408e-09 1.716860413e-09 1.678525584e-09 1.695903857e-09 1.691328697e-09 1.697771723e-09 1.701304124e-09 1.733964057e-09 1.745021718e-09 1.653562523e-09 1.712160988e-09 1.725278344e-09 1.691444532e-09 1.758866203e-09 1.7323017e-09 1.689899347e-09 1.662352723e-09 1.677709539e-09 1.656825324e-09 1.682939355e-09 1.773721501e-09 1.710091978e-09 1.722502017e-09 1.655062356e-09 1.7460378e-09 1.687794485e-09 1.761824987e-09 1.708749117e-09 1.643341285e-09 1.612442044e-09 1.73677465e-09 1.726424813e-09 1.679578154e-09 1.774439538e-09 1.732497976e-09 1.762299715e-09 1.792563809e-09 1.786716638e-09 1.762229803e-09 1.826290773e-09 1.756507701e-09 1.797532442e-09 1.769686079e-09 1.811156012e-09 1.767878679e-09 1.807700484e-09 1.782956953e-09 1.859488402e-09 1.815845983e-09 1.812720311e-09 1.775579876e-09 1.79369748e-09 1.795406158e-09 1.892642096e-09 1.842297215e-09 1.853650389e-09 1.850722739e-09 1.896597871e-09 1.885077561e-09 1.948779092e-09 1.90874993e-09 1.787616373e-09 1.956265098e-09 1.958028774e-09 1.90119734e-09 1.929187109e-09 1.933002814e-09 2.010834618e-09 1.961920135e-09 1.971291656e-09 1.872587875e-09 1.928150979e-09 1.981261677e-09 2.029735658e-09 1.978091969e-09 1.96593255e-09 1.932376083e-09 1.993551984e-09 1.979212347e-09 1.969348721e-09 2.011677899e-09 1.960210381e-09 2.033767538e-09 2.053810388e-09 2.082207895e-09 1.954577474e-09 2.021083466e-09 2.004981762e-09 1.971721422e-09 2.056381017e-09 2.064181645e-09 2.076686554e-09 2.068070129e-09 2.094632915e-09 2.151165894e-09 2.064032723e-09 2.164679399e-09 2.142089235e-09 2.132613102e-09 2.058281557e-09 2.135489159e-09 2.087913975e-09 2.109425239e-09 2.218403227e-09 2.110803962e-09 2.04769644e-09 2.11831865e-09 
1.773059145e-09 1.7680244e-09 1.820122597e-09 1.80596602e-09 1.749154131e-09 1.78588959e-09 1.73503497e-09 1.784436527e-09 1.807977857e-09 1.773629023e-09 1.733411166e-09 1.800823109e-09 1.771207914e-09 1.787007653e-09 1.750901381e-09 1.777741914e-09 1.689282921e-09 1.720709352e-09 1.683602379e-09 1.74582138e-09 1.741307131e-09 1.807407354e-09 1.691894172e-09 1.722944652e-09 1.661551042e-09 1.633557652e-09 1.746230804e-09 1.664380754e-09 1.680416761e-09 1.68350667e-09 1.732913719e-09 1.67444047e-09 1.677144945e-09 1.614661401e-09 1.695485174e-09 1.710395929e-09 1.673638749e-09 1.593156504e-09 1.677489194e-09 1.652789518e-09 1.68031593e-09 1.593621028e-09 1.584235501e-09 1.618677532e-09 1.593026746e-09 1.572015358e-09 1.612844233e-09 1.51194663e-09 1.613128142e-09 1.516627279e-09 1.504531582e-09 1.551722574e-09 1.556451391e-09 1.588251374e-09 1.539119138e-09 1.55837082e-09 1.493352579e-09 1.583605892e-09 1.461801487e-09 1.496392829e-09 1.524096629e-09 1.515727068e-09 1.550858448e-09 1.42629954e-09 1.498927574e-09 1.513863395e-09 1.474233698e-09 1.432551893e-09 1.466597127e-09 1.496854102e-09 1.441051492e-09 1.439441377e-09 1.446066074e-09 1.500676898e-09 1.45428912e-09 1.463468598e-09 1.452470757e-09 1.408569208e-09 1.43100505e-09 1.422774302e-09 1.466332924e-09 1.413224517e-09 1.414253329e-09 1.385122143e-09 1.434092088e-09 1.414767158e-09 1.414157231e-09 1.39782356e-09 1.408574339e-09 1.431612147e-09 1.396735557e-09 1.393943071e-09 1.374095319e-09 1.397364118e-09 1.431166504e-09 1.450254041e-09 1.384299626e-09 1.449058437e-09 1.416285493e-09 1.457714989e-09 1.387500175e-09 1.439067596e-09 1.444928245e-09 1.443271744e-09 1.486382792e-09 1.449109002e-09 1.459597067e-09 1.444802807e-09 1.428680595e-09 1.512120463e-09 1.433860307e-09 1.489062268e-09 1.54279082e-09 1.472419943e-09 1.441375022e-09 1.51305539e-09 1.514686799e-09 1.47524595e-09 1.580434171e-09 1.508391864e-09 1.538628081e-09 1.465707188e-09 1.480527392e-09 1.53354726e-09 1.571801275e-09 1.560368255e-09 1.534125337e-09 1.584456199e-09 1.640224819e-09 1.568291789e-09 1.591047314e-09 1.510238383e-09 1.578611869e-09 1.592111861e-09 1.583328917e-09 1.578279112e-09 1.572504785e-09 1.635333893e-09 1.638359606e-09 1.642339202e-09 1.500128494e-09 1.633073465e-09 1.603153557e-09 1.632422529e-09 1.641384334e-09 1.667698427e-09 1.633013378e-09 1.700198196e-09 1.692776486e-09 1.613770083e-09 1.652823298e-09 1.709711242e-09 1.784240994e-09 1.693690433e-09 1.693187148e-09 1.680646089e-09 1.736277354e-09 1.734097666e-09 1.683120172e-09 1.707810146e-09 1.753522145e-09 1.729132491e-09 1.82741798e-09 1.674883391e-09 1.755979068e-09 1.783440158e-09 1.799921037e-09 1.778327863e-09 1.722808387e-09 1.757990264e-09 1.798991251e-09 1.739669834e-09 1.793774159e-09 1.779039306e-09 1.77934553e-09 1.78835274e-09 1.7476035e-09 1.755750601e-09 1.829481356e-09 1.815253671e-09 
1.482077574e-09 1.521360324e-09 1.488004876e-09 1.500676995e-09 1.474788082e-09 1.412012862e-09 1.477352878e-09 1.520557476e-09 1.445755689e-09 1.427610931e-09 1.448368108e-09 1.477835495e-09 1.464191308e-09 1.431010196e-09 1.409683849e-09 1.393516078e-09 1.448408731e-09 1.424617516e-09 1.438041812e-09 1.40196606e-09 1.368823113e-09 1.470583834e-09 1.42443757e-09 1.454339069e-09 1.387836735e-09 1.378041753e-09 1.323335267e-09 1.376004778e-09 1.361707606e-09 1.403949799e-09 1.423893834e-09 1.349834172e-09 1.312721351e-09 1.301524695e-09 1.420540788e-09 1.394587469e-09 1.311979817e-09 1.283775621e-09 1.2861195e-09 1.349788851e-09 1.322661705e-09 1.338057071e-09 1.35993537e-09 1.347306635e-09 1.292468581e-09 1.35021222e-09 1.326657762e-09 1.341439133e-09 1.328830627e-09 1.320561023e-09 1.285332298e-09 1.342597242e-09 1.26596926e-09 1.271896975e-09 1.253874997e-09 1.325708288e-09 1.240804452e-09 1.325347754e-09 1.269001661e-09 1.237827016e-09 1.20633332e-09 1.210813846e-09 1.263307692e-09 1.218685388e-09 1.213046417e-09 1.247189878e-09 1.26863904e-09 1.172053912e-09 1.21015141e-09 1.158316789e-09 1.203397317e-09 1.178800118e-09 1.184695847e-09 1.176967027e-09 1.251191664e-09 1.172993003e-09 1.204727299e-09 1.158077465e-09 1.142740689e-09 1.190158247e-09 1.156930748e-09 1.151918962e-09 1.178883077e-09 1.1505403e-09 1.111232035e-09 1.113305506e-09 1.161736679e-09 1.172716943e-09 1.167738472e-09 1.152597202e-09 1.127963407e-09 1.155575926e-09 1.155931199e-09 1.167937886e-09 1.16607774e-09 1.144948021e-09 1.197012581e-09 1.197023573e-09 1.16227181e-09 1.17735207e-09 1.216911798e-09 1.156619921e-09 1.210550212e-09 1.199116184e-09 1.154446958e-09 1.162694559e-09 1.231916756e-09 1.213716555e-09 1.200816246e-09 1.229649891e-09 1.236501039e-09 1.260441657e-09 1.222687139e-09 1.229288177e-09 1.245057461e-09 1.187232979e-09 1.222154406e-09 1.219604171e-09 1.257466565e-09 1.233382201e-09 1.265746492e-09 1.227337738e-09 1.213414394e-09 1.271817568e-09 1.264896651e-09 1.280662626e-09 1.273451422e-09 1.24603657e-09 1.267076211e-09 1.29183996e-09 1.307817087e-09 1.305108833e-09 1.372719281e-09 1.320978394e-09 1.295461541e-09 1.279170303e-09 1.333522147e-09 1.286407309e-09 1.320279924e-09 1.308973043e-09 1.370957176e-09 1.36398923e-09 1.358372519e-09 1.325924115e-09 1.336711971e-09 1.371692569e-09 1.308304482e-09 1.383049374e-09 1.340738165e-09 1.405274802e-09 1.378981312e-09 1.348481043e-09 1.374749738e-09 1.407162569e-09 1.412690644e-09 1.364540506e-09 1.364518566e-09 1.396783592e-09 1.403914307e-09 1.389072071e-09 1.463347801e-09 1.41690922e-09 1.434388628e-09 1.4382975e-09 1.456678851e-09 1.433114629e-09 1.411392874e-09 1.507405268e-09 1.435539061e-09 1.500390533e-09 1.44682883e-09 1.499537363e-09 1.459979577e-09 1.426100362e-09 1.468665479e-09 1.482033622e-09 1.461665492e-09 1.500224774e-09 1.5120811e-09 1.424695081e-09 
1.18154444e-09 1.191069711e-09 1.157732417e-09 1.120703283e-09 1.205204434e-09 1.133117761e-09 1.160182248e-09 1.167150257e-09 1.18430564e-09 1.138221431e-09 1.19582345e-09 1.160636469e-09 1.174126869e-09 1.126416882e-09 1.217048928e-09 1.169322689e-09 1.128089251e-09 1.173357544e-09 1.095531012e-09 1.1383616e-09 1.151804017e-09 1.168931426e-09 1.108212728e-09 1.11823035e-09 1.115075439e-09 1.142348135e-09 1.160571022e-09 1.090762934e-09 1.114433626e-09 1.117296298e-09 1.047375964e-09 1.126221686e-09 1.078107683e-09 1.139266701e-09 1.130550086e-09 1.077656346e-09 1.115117664e-09 1.09009537e-09 1.065456808e-09 1.067138565e-09 1.055095059e-09 1.066482588e-09 1.043070437e-09 1.064171094e-09 1.007539228e-09 1.002011641e-09 1.06963484e-09 1.048825523e-09 1.068296215e-09 1.044600704e-09 1.037425399e-09 1.032342271e-09 9.886149351e-10 1.024648235e-09 9.83226302e-10 9.741878897e-10 1.002562974e-09 1.043792905e-09 1.01257964e-09 9.495601845e-10 9.975246008e-10 9.796983169e-10 9.736860508e-10 9.366858386e-10 9.401833382e-10 9.61945542e-10 9.721518632e-10 9.824733793e-10 9.487394614e-10 9.157120587e-10 9.314849832e-10 9.788338759e-10 9.742290701e-10 9.330553311e-10 9.38422276e-10 9.722498919e-10 9.719499565e-10 9.423073961e-10 9.32297388e-10 9.247389611e-10 9.505845533e-10 9.614962489e-10 9.514377958e-10 9.542592268e-10 9.656715405e-10 9.677060045e-10 9.632871301e-10 9.350501926e-10 9.07544514e-10 9.34865735e-10 9.142230844e-10 9.403154717e-10 9.697918931e-10 9.288075761e-10 9.201733677e-10 9.035717748e-10 9.564394308e-10 9.83677715e-10 9.552868973e-10 9.235890393e-10 9.195914988e-10 9.391447739e-10 9.618388034e-10 9.284850343e-10 9.412597439e-10 9.20558007e-10 1.008282462e-09 9.742837296e-10 9.226104e-10 9.078856363e-10 9.625621512e-10 9.324009505e-10 9.601093872e-10 9.588079733e-10 9.7065618e-10 9.798394178e-10 9.715674263e-10 1.002579465e-09 1.01463089e-09 1.00200447e-09 9.431984101e-10 1.011932653e-09 9.955862009e-10 1.008468487e-09 1.047439305e-09 1.028091154e-09 1.015253252e-09 9.800033896e-10 9.905486198e-10 1.009083823e-09 1.031258951e-09 1.052198604e-09 1.031928835e-09 1.021340771e-09 1.051412409e-09 1.094197906e-09 1.029236266e-09 1.071571293e-09 1.06874048e-09 1.059175144e-09 1.052126971e-09 1.104719646e-09 1.026400171e-09 1.013515923e-09 1.092138704e-09 1.134503333e-09 1.051456147e-09 1.061242616e-09 1.076679651e-09 1.133156875e-09 1.085594221e-09 1.131505507e-09 1.154718305e-09 1.095267366e-09 1.128891067e-09 1.158349796e-09 1.093341982e-09 1.161074945e-09 1.10498258e-09 1.118555307e-09 1.158765752e-09 1.131018926e-09 1.115826405e-09 1.170224241e-09 1.138065895e-09 1.186791891e-09 1.164931305e-09 1.110458209e-09 1.177345041e-09 1.177433651e-09 1.109040458e-09 1.143420151e-09 1.142675008e-09 1.149494505e-09 1.083143531e-09 1.172479365e-09 1.213932803e-09 1.185548426e-09 1.162444641e-09 1.191843708e-09 
8.833621783e-10 8.504942435e-10 8.992292631e-10 8.951815195e-10 9.08550838e-10 8.836349432e-10 8.82673953e-10 9.191414741e-10 8.812696114e-10 8.97685923e-10 8.896412189e-10 8.797179342e-10 9.025152981e-10 8.94044083e-10 9.135120266e-10 8.831430133e-10 8.732327661e-10 8.760043115e-10 8.360756605e-10 9.082528843e-10 8.374089392e-10 8.928455189e-10 8.784330887e-10 8.748082061e-10 8.56646326e-10 8.506441622e-10 8.167031675e-10 8.72500659e-10 8.564388081e-10 8.433031172e-10 8.366353077e-10 8.139936619e-10 8.628608559e-10 8.347928697e-10 8.520503917e-10 7.843077461e-10 8.391008416e-10 8.357905959e-10 8.264786247e-10 7.886106115e-10 8.282149715e-10 7.685669966e-10 8.314359633e-10 8.142797612e-10 7.827003704e-10 8.285023519e-10 7.722224495e-10 8.538610204e-10 7.730956173e-10 7.8141798e-10 8.002422748e-10 8.188860988e-10 7.989264718e-10 7.795298926e-10 7.946045593e-10 7.654723374e-10 8.027259794e-10 7.464477172e-10 7.680760764e-10 7.621236087e-10 7.919904096e-10 7.702958389e-10 7.584569564e-10 7.777816852e-10 7.497069879e-10 7.490933229e-10 7.559224329e-10 7.518394317e-10 7.493339218e-10 6.924373197e-10 7.404102683e-10 7.430714541e-10 7.169106553e-10 7.18193337e-10 7.556057134e-10 7.076157288e-10 7.115649403e-10 7.300081218e-10 7.05846157e-10 7.298277508e-10 6.890726838e-10 6.950784786e-10 6.829517222e-10 7.205840825e-10 7.150154369e-10 7.347781192e-10 6.811624793e-10 6.931712012e-10 7.48161797e-10 7.186231298e-10 7.064540255e-10 7.166573617e-10 7.362374531e-10 6.833811262e-10 6.825993004e-10 7.222841751e-10 7.788601994e-10 7.191223767e-10 7.082267267e-10 7.052153629e-10 7.29221754e-10 6.966635236e-10 7.091593131e-10 7.159204853e-10 7.12312813e-10 7.231781664e-10 6.794471027e-10 7.326169475e-10 7.362043705e-10 7.339431548e-10 7.430236142e-10 7.396789247e-10 7.724568062e-10 7.346083232e-10 7.371402138e-10 7.365222007e-10 7.616210398e-10 7.599597761e-10 7.620385732e-10 7.843044844e-10 7.863815653e-10 7.756432009e-10 7.815377824e-10 7.814707996e-10 7.696871394e-10 8.06594547e-10 7.797764025e-10 7.883987005e-10 7.766282402e-10 7.970196147e-10 7.919454804e-10 8.172451803e-10 7.973419692e-10 7.96366313e-10 7.876946377e-10 7.622004318e-10 7.845462753e-10 7.96699223e-10 8.18674309e-10 8.103483852e-10 7.890603383e-10 8.533582763e-10 8.340080983e-10 8.480044703e-10 8.226273695e-10 7.715944188e-10 8.475902263e-10 8.426404153e-10 8.242349598e-10 8.069119017e-10 8.781850468e-10 8.392978934e-10 8.586444468e-10 8.220009689e-10 8.724206938e-10 8.201363048e-10 8.601400636e-10 8.506801455e-10 8.23004262e-10 8.755605652e-10 8.995358063e-10 9.193032313e-10 8.844215285e-10 8.987434644e-10 8.839947153e-10 9.087887122e-10 8.811818549e-10 8.838959894e-10 9.067524244e-10 9.04059053e-10 8.669703348e-10 8.695238729e-10 9.189533735e-10 8.609717864e-10 8.809490837e-10 8.968956633e-10 8.728194162e-10 8.940038918e-10 9.01176034e-10 9.464244368e-10 
6.445024542e-10 6.228161218e-10 6.294023216e-10 6.586000871e-10 6.344653043e-10 6.239382901e-10 6.081453506e-10 5.995152134e-10 6.505847773e-10 6.189900217e-10 6.50581019e-10 6.304591974e-10 6.314932556e-10 6.362086819e-10 6.352200803e-10 6.686498469e-10 6.379457049e-10 6.395648286e-10 6.135892534e-10 6.444422489e-10 6.549076635e-10 6.37542933e-10 6.352538286e-10 6.37027497e-10 6.624644015e-10 6.042426103e-10 5.901148174e-10 6.093787619e-10 6.149638762e-10 6.388147478e-10 6.120141376e-10 6.308991751e-10 6.292656308e-10 5.911824903e-10 5.651713885e-10 6.145381591e-10 5.780834839e-10 6.047934068e-10 6.115543173e-10 6.081429265e-10 5.38931167e-10 5.728128983e-10 5.903917862e-10 5.489311527e-10 5.843505291e-10 6.069684925e-10 5.695923467e-10 6.002828561e-10 5.800501461e-10 5.814621443e-10 6.080507e-10 5.742511268e-10 5.630060634e-10 5.636212893e-10 5.508432961e-10 5.498095709e-10 5.488482339e-10 5.332698941e-10 5.677929441e-10 5.227390457e-10 5.470849809e-10 5.629412002e-10 5.623912294e-10 5.29166151e-10 5.945094534e-10 5.16671002e-10 5.753561479e-10 4.94784769e-10 5.232511029e-10 5.708167157e-10 5.626664591e-10 5.550689814e-10 5.571266295e-10 5.347445312e-10 5.24734221e-10 5.293662682e-10 5.384243221e-10 5.417050686e-10 5.136885607e-10 5.160258488e-10 5.344161086e-10 5.559308766e-10 5.072945702e-10 5.357746718e-10 4.91738425e-10 5.435811308e-10 5.319041882e-10 5.503244353e-10 5.176081587e-10 5.056332838e-10 5.239577321e-10 5.204393847e-10 5.173826695e-10 5.848984039e-10 4.973695691e-10 5.197642417e-10 5.442179098e-10 5.438689039e-10 5.151385757e-10 5.295223693e-10 5.08017665e-10 5.200938145e-10 5.100711882e-10 5.387367814e-10 5.307074812e-10 5.133212472e-10 5.509531695e-10 5.364166953e-10 5.224278775e-10 5.471018441e-10 5.356255978e-10 5.764875612e-10 5.376356794e-10 5.430133861e-10 5.375109356e-10 5.649486361e-10 5.400081589e-10 5.350368938e-10 5.410829947e-10 5.550346682e-10 5.43506239e-10 5.209196611e-10 5.687202296e-10 5.798400281e-10 5.594882479e-10 5.70972217e-10 6.005259523e-10 5.57858729e-10 5.377737669e-10 5.725386382e-10 5.569791224e-10 5.587006845e-10 5.772947866e-10 5.645278652e-10 5.456412198e-10 5.730057616e-10 5.977736424e-10 5.660278813e-10 5.79619351e-10 5.79417922e-10 5.954203633e-10 5.83582463e-10 5.719081584e-10 5.861425632e-10 6.110521927e-10 6.106537837e-10 5.822033398e-10 5.960506245e-10 6.061604597e-10 6.207979875e-10 6.072717245e-10 6.226610898e-10 6.346015732e-10 6.115628386e-10 5.862504995e-10 6.619600439e-10 6.44949616e-10 6.654975815e-10 6.257748858e-10 6.489531002e-10 6.407722527e-10 6.615629957e-10 6.06760789e-10 5.984801035e-10 6.717033626e-10 6.423670106e-10 6.863918966e-10 6.293639904e-10 6.193697988e-10 6.555611832e-10 6.462703623e-10 6.558628511e-10 6.52509501e-10 6.175908119e-10 6.126143769e-10 6.33593966e-10 6.646951285e-10 6.461433434e-10 6.622728695e-10 6.525285861e-10 
4.237607847e-10 4.024809454e-10 4.259920789e-10 4.325395721e-10 4.058743188e-10 4.254514207e-10 4.126399635e-10 4.335897568e-10 4.356555999e-10 4.24953155e-10 4.429850477e-10 4.287260683e-10 4.208581815e-10 4.498443907e-10 3.722055044e-10 3.995091301e-10 4.42078121e-10 4.2794988e-10 4.32723999e-10 4.278931898e-10 4.415948619e-10 4.032104232e-10 4.110148209e-10 4.331614096e-10 3.960494767e-10 3.895484701e-10 4.169068678e-10 3.895576356e-10 3.779301681e-10 3.743138463e-10 4.111172845e-10 3.787346057e-10 3.786596203e-10 3.71528041e-10 4.085506805e-10 4.122479248e-10 4.088664352e-10 3.92487064e-10 3.988417641e-10 4.10187655e-10 4.215989796e-10 3.570046266e-10 4.091906132e-10 3.815339529e-10 4.141423989e-10 3.850333321e-10 3.760015736e-10 3.611416031e-10 4.009617571e-10 3.648716569e-10 3.754277183e-10 3.673583575e-10 3.488799068e-10 3.608617729e-10 3.613610149e-10 3.623519302e-10 3.917269186e-10 3.693325586e-10 3.499283038e-10 3.898723592e-10 3.902874424e-10 3.706902107e-10 3.692072695e-10 3.863660878e-10 3.248204347e-10 3.526590499e-10 3.520833466e-10 3.477739843e-10 3.472569696e-10 3.512331733e-10 3.554995217e-10 3.396627403e-10 3.586502725e-10 3.521464719e-10 3.749259275e-10 3.397456291e-10 3.655417055e-10 3.71220849e-10 3.535493341e-10 3.821540653e-10 3.29107542e-10 3.343217457e-10 3.508459522e-10 3.54839623e-10 3.307556777e-10 3.474547449e-10 3.63447941e-10 3.445248688e-10 3.495856612e-10 3.575444417e-10 3.259210483e-10 3.540098229e-10 3.787369637e-10 3.415020786e-10 3.611196379e-10 3.398847233e-10 3.491816386e-10 3.429416873e-10 3.634628596e-10 3.536273912e-10 3.525853927e-10 3.392276653e-10 3.482845297e-10 3.644643243e-10 3.399051074e-10 3.882030816e-10 3.399716291e-10 3.818134582e-10 3.787226259e-10 3.369234028e-10 3.706497544e-10 3.875829282e-10 3.376512719e-10 3.394932055e-10 3.39388213e-10 3.725227959e-10 3.37315122e-10 3.591604787e-10 3.513161426e-10 3.719172979e-10 3.885662531e-10 3.639318096e-10 3.874931994e-10 3.65979988e-10 3.522709591e-10 3.458483075e-10 4.133502241e-10 3.691354818e-10 3.805772178e-10 3.764418542e-10 3.745966345e-10 3.783911374e-10 3.793792824e-10 3.952873755e-10 4.027531165e-10 3.880408449e-10 3.986493068e-10 4.021742624e-10 3.813679751e-10 4.01254303e-10 3.557231189e-10 3.852519975e-10 3.657572463e-10 3.948417722e-10 3.989313247e-10 4.11936732e-10 3.982626763e-10 3.89071099e-10 3.979632229e-10 3.815536243e-10 4.291006554e-10 4.157427708e-10 4.1350074e-10 4.148897438e-10 4.318447687e-10 4.019093294e-10 4.245819194e-10 4.120709034e-10 4.166319312e-10 3.839730801e-10 4.334401642e-10 3.943573271e-10 3.980673473e-10 4.258654166e-10 4.437672362e-10 4.069179417e-10 4.159310523e-10 4.185563759e-10 3.940073555e-10 4.231490087e-10 4.496831853e-10 4.345270101e-10 4.235359615e-10 4.00204575e-10 3.750038276e-10 4.244516284e-10 4.219297708e-10 4.267563163e-10 4.327245035e-10 4.172202356e-10 
2.409025827e-10 2.274383204e-10 2.577530863e-10 2.441793269e-10 2.402085665e-10 2.712298034e-10 2.437244644e-10 2.500904615e-10 2.550427447e-10 2.509211859e-10 2.541749524e-10 2.222710266e-10 2.377039877e-10 2.359993109e-10 2.02743894e-10 2.460964971e-10 2.505169825e-10 2.008723214e-10 2.344137019e-10 2.295530417e-10 2.376149061e-10 2.203959819e-10 2.190613111e-10 2.146443067e-10 2.36986178e-10 2.152957315e-10 2.146082212e-10 2.173371098e-10 2.418181965e-10 2.231976261e-10 2.373157003e-10 2.39878309e-10 2.102625139e-10 2.360737042e-10 2.520199212e-10 2.117741786e-10 2.057431487e-10 2.311057519e-10 2.247560807e-10 2.369069588e-10 2.544287715e-10 2.211835106e-10 2.330147561e-10 2.283988642e-10 2.3881215e-10 2.156744255e-10 2.2226823e-10 2.118449584e-10 1.97408139e-10 2.056827585e-10 1.930288111e-10 2.364666358e-10 2.055293341e-10 2.098418613e-10 2.25175808e-10 1.976990266e-10 2.0386723e-10 2.104713164e-10 2.09892234e-10 2.204363401e-10 2.017995935e-10 2.100776434e-10 1.93106392e-10 2.374900193e-10 1.865406945e-10 1.806087594e-10 1.944277575e-10 2.122546142e-10 2.343395376e-10 1.840503391e-10 1.812446678e-10 2.047498309e-10 2.03082369e-10 2.043883683e-10 2.099668725e-10 2.180088828e-10 2.214753777e-10 2.009112463e-10 2.154060629e-10 2.080670169e-10 1.980321992e-10 1.979049319e-10 1.804845916e-10 1.93522531e-10 2.041315797e-10 2.024084948e-10 1.955420738e-10 2.053414415e-10 2.185255809e-10 2.111573472e-10 2.101206334e-10 2.076138158e-10 2.093133582e-10 2.055098756e-10 2.04349225e-10 1.672860519e-10 2.03276692e-10 1.998287655e-10 1.992398072e-10 2.036309761e-10 2.092994119e-10 2.070545259e-10 2.077827142e-10 2.04948942e-10 2.013155732e-10 1.872211992e-10 2.065450577e-10 2.092389366e-10 1.932957914e-10 1.950323606e-10 2.050951845e-10 1.995218717e-10 2.139525811e-10 2.27655209e-10 2.114088842e-10 1.957444627e-10 2.076348117e-10 2.207817804e-10 1.926109215e-10 2.052161388e-10 2.055426789e-10 2.090870199e-10 2.034859563e-10 2.042339018e-10 2.191732141e-10 1.932016939e-10 2.177306763e-10 2.197521491e-10 2.229118486e-10 2.191741078e-10 2.280235638e-10 2.256005658e-10 1.991394535e-10 2.153130731e-10 2.152365089e-10 2.155840989e-10 2.553558616e-10 2.164606168e-10 2.148840053e-10 2.315772243e-10 2.245495659e-10 2.142418157e-10 1.976050985e-10 2.172152072e-10 2.310189776e-10 2.031943947e-10 2.084936547e-10 2.307886231e-10 2.2867038e-10 2.405605993e-10 2.16080452e-10 2.280105683e-10 2.106468833e-10 2.338626918e-10 2.077981546e-10 2.372906304e-10 2.469256938e-10 2.272432105e-10 2.468716862e-10 2.222620187e-10 2.443938419e-10 2.501040152e-10 2.293819648e-10 2.513159056e-10 2.208153303e-10 2.338791269e-10 2.269687581e-10 2.323071342e-10 2.290653308e-10 2.23524193e-10 2.187734248e-10 2.345113574e-10 2.566769394e-10 2.262374392e-10 2.538259822e-10 2.354305068e-10 2.371822685e-10 2.780109899e-10 2.438772808e-10 2.601008309e-10 
9.791567098e-11 8.586566923e-11 1.092368969e-10 9.496283896e-11 1.022896831e-10 9.442913467e-11 9.789767484e-11 1.226778315e-10 1.144303818e-10 9.956442898e-11 8.924549109e-11 9.912875893e-11 1.002956242e-10 1.101230815e-10 9.395770488e-11 1.083176877e-10 1.020862059e-10 1.300207248e-10 1.048377379e-10 1.074622042e-10 1.044528096e-10 1.184333555e-10 9.739351375e-11 9.320488132e-11 1.133641764e-10 9.596921242e-11 1.016023046e-10 9.833663493e-11 9.352254971e-11 9.752945394e-11 1.016407727e-10 1.129859017e-10 1.118162763e-10 8.652056907e-11 9.179460361e-11 8.669407798e-11 1.028952329e-10 1.03735663e-10 1.069849785e-10 8.586935096e-11 1.058945178e-10 9.580134392e-11 9.489479332e-11 1.14312385e-10 1.18313877e-10 8.337709301e-11 9.444955841e-11 1.026264086e-10 1.049503388e-10 1.033140164e-10 9.787794219e-11 9.462275434e-11 9.909419868e-11 9.726284401e-11 1.022554571e-10 9.731668166e-11 8.978178534e-11 9.143416622e-11 9.782997979e-11 1.006797557e-10 8.944666363e-11 9.494165464e-11 9.462170392e-11 1.075781587e-10 9.070175762e-11 8.886259215e-11 8.897199548e-11 9.108307185e-11 8.925878634e-11 1.080234888e-10 1.145529902e-10 8.628153474e-11 9.410983354e-11 8.684658101e-11 1.063824314e-10 1.017895455e-10 8.871751923e-11 1.093355905e-10 9.117005254e-11 9.02978005e-11 1.012732892e-10 8.760157306e-11 8.866672621e-11 9.950598763e-11 9.188935555e-11 9.10249564e-11 9.822326562e-11 9.945421843e-11 8.997745017e-11 9.055988851e-11 9.021666422e-11 1.039016285e-10 9.968099812e-11 9.584215385e-11 8.698257368e-11 8.45537321e-11 8.546342325e-11 9.319980183e-11 1.016014555e-10 9.348403197e-11 9.608256705e-11 7.659979992e-11 1.039803405e-10 1.024469958e-10 1.094549152e-10 8.486676774e-11 1.103778963e-10 8.590688943e-11 1.007660312e-10 1.041822432e-10 9.052004338e-11 8.551713742e-11 1.090993526e-10 8.489640646e-11 1.020260957e-10 9.314846983e-11 1.014461706e-10 8.301129286e-11 8.322288257e-11 1.002018993e-10 8.198220363e-11 9.449142384e-11 9.051527787e-11 8.712745021e-11 8.572888991e-11 9.109509064e-11 9.649830661e-11 9.277676219e-11 1.038637651e-10 8.949098073e-11 9.198046352e-11 9.832387789e-11 9.820089111e-11 9.728263648e-11 1.023325515e-10 1.010538215e-10 9.190470924e-11 1.06957446e-10 1.029603505e-10 1.223590727e-10 9.28058097e-11 9.974974519e-11 1.092189315e-10 1.141692514e-10 9.752698235e-11 1.109813355e-10 1.018708559e-10 1.099708113e-10 1.032088603e-10 1.153141773e-10 9.518660445e-11 9.455109954e-11 1.177165695e-10 1.070824345e-10 1.140592663e-10 9.21016938e-11 1.01529606e-10 1.091362223e-10 1.166466359e-10 1.204778209e-10 1.114589379e-10 9.796231056e-11 9.330653353e-11 1.056315702e-10 1.082853853e-10 1.126538803e-10 1.053522754e-10 1.054788351e-10 1.046422954e-10 1.02580193e-10 1.07679975e-10 9.187821664e-11 1.046722059e-10 1.000483117e-10 9.032164738e-11 1.150275333e-10 9.18576051e-11 1.01256034e-10 9.672046703e-11 1.106600215e-10 
# Errors [mon_4pi/cylinder_scattered.dat] I_err:
2.709287064e-12 2.836650978e-12 2.169547516e-12 2.753902917e-12 2.517283766e-12 2.739622801e-12 2.277584182e-12 2.833257476e-12 3.107612957e-12 2.315278795e-12 2.175980768e-12 2.708767237e-12 2.44387796e-12 1.797799603e-12 2.97933035e-12 2.415350634e-12 2.462003555e-12 3.157616631e-12 3.087419046e-12 2.977730756e-12 3.086325828e-12 2.852630892e-12 2.70494598e-12 2.724084505e-12 1.986700754e-12 2.751820289e-12 3.08826984e-12 1.82481302e-12 1.776581503e-12 2.314424113e-12 1.944089498e-12 2.644488926e-12 2.730756671e-12 2.095943673e-12 2.729672158e-12 2.951477173e-12 2.748354135e-12 2.461980818e-12 3.418408709e-12 2.7061138e-12 2.612820166e-12 2.871433173e-12 2.320040721e-12 3.082292651e-12 3.411333311e-12 2.138937914e-12 1.086023177e-12 2.816241732e-12 2.941915441e-12 3.103422836e-12 2.72144667e-12 2.494695689e-12 3.007222529e-12 1.814926314e-12 2.861330861e-12 2.960239821e-12 3.093069479e-12 2.349719042e-12 2.837165841e-12 2.288094459e-12 3.05098561e-12 2.584671283e-12 2.480925873e-12 3.165564259e-12 2.959287472e-12 2.951339344e-12 3.195229545e-12 3.090975802e-12 3.095528733e-12 2.69858631e-12 2.051919457e-12 2.69330749e-12 2.120641106e-12 2.590728187e-12 2.292451641e-12 1.779307177e-12 1.571400377e-12 2.602270161e-12 1.758953208e-12 2.926585896e-12 2.805044156e-12 2.343844669e-12 2.603498501e-12 1.93753486e-12 2.707394467e-12 2.304995939e-12 2.706958879e-12 2.944935377e-12 2.713733656e-12 2.273027458e-12 2.755317004e-12 2.031873285e-12 2.866316575e-12 1.530819489e-12 1.986346444e-12 3.00515543e-12 2.311093656e-12 2.343520785e-12 2.981985771e-12 2.565311719e-12 2.56451296e-12 1.751916209e-12 2.745707173e-12 2.952493072e-12 2.566314384e-12 2.714307628e-12 2.650185756e-12 3.209191852e-12 3.499345643e-12 3.128086859e-12 2.103899466e-12 1.987105667e-12 3.327804677e-12 2.959267636e-12 2.965643763e-12 2.151739789e-12 2.465179728e-12 2.122806005e-12 1.954723732e-12 3.506780853e-12 2.296959261e-12 2.753412978e-12 2.692384717e-12 2.214244617e-12 2.433151768e-12 2.562634325e-12 2.585356033e-12 2.459117112e-12 2.696513328e-12 2.693280134e-12 2.52834971e-12 2.815797775e-12 2.124172807e-12 2.961624709e-12 2.016664524e-12 1.989732939e-12 2.577503881e-12 2.456173791e-12 2.102704479e-12 3.101331746e-12 2.124011175e-12 2.811172528e-12 2.071005561e-12 2.277058995e-12 2.713239186e-12 2.962567848e-12 2.566043334e-12 2.119568884e-12 2.732167118e-12 2.558348018e-12 2.442243864e-12 2.579454198e-12 3.170582887e-12 2.822716469e-12 3.396138803e-12 2.755438751e-12 2.50054983e-12 2.699075894e-12 2.425002431e-12 2.330581047e-12 2.171482242e-12 2.461208697e-12 2.417384877e-12 2.887620328e-12 2.570155922e-12 2.575400413e-12 3.001166906e-12 2.696471728e-12 3.182297777e-12 2.902658084e-12 2.724895196e-12 2.986220823e-12 2.292589541e-12 2.930761374e-12 2.854212523e-12 2.848266533e-12 2.40169986e-12 2.437436175e-12 2.966250129e-12 2.831275235e-12 
7.798492294e-12 8.789620717e-12 7.751859673e-12 7.988680861e-12 8.782247841e-12 9.044318218e-12 8.149274012e-12 7.441223758e-12 9.264705032e-12 8.539761949e-12 8.556096685e-12 8.34473241e-12 8.418370868e-12 8.800877708e-12 8.651748061e-12 7.638559616e-12 8.58129412e-12 7.648193129e-12 8.18070283e-12 8.443807774e-12 7.888173561e-12 7.823263972e-12 8.681657945e-12 8.323470726e-12 8.352942143e-12 7.578739192e-12 7.442934787e-12 8.276183023e-12 8.343863202e-12 8.303116921e-12 8.980285818e-12 7.587677527e-12 8.524178869e-12 8.661285405e-12 8.43763955e-12 7.983419285e-12 7.418926232e-12 8.141733836e-12 8.841077842e-12 8.302000429e-12 8.243863376e-12 8.342191273e-12 8.402582815e-12 7.120653992e-12 7.042550968e-12 8.403337723e-12 8.410611219e-12 8.575182399e-12 7.707748698e-12 8.502291643e-12 8.532159784e-12 7.772824848e-12 8.083102785e-12 8.377573789e-12 8.815796145e-12 9.009150117e-12 8.104832976e-12 8.562278078e-12 8.231424064e-12 8.331002117e-12 8.366931125e-12 7.771235488e-12 8.741642985e-12 8.906716325e-12 8.122467971e-12 7.600887543e-12 8.4527221e-12 7.310048864e-12 8.157807678e-12 8.125131261e-12 8.036654928e-12 7.868962284e-12 7.982945263e-12 7.567165254e-12 8.058597964e-12 7.690271868e-12 8.11012615e-12 7.836718427e-12 7.869878598e-12 8.140302403e-12 7.968078256e-12 8.377205709e-12 7.849948153e-12 8.723290708e-12 8.030355234e-12 8.609289499e-12 8.063160653e-12 8.986523209e-12 7.7362729e-12 8.402894048e-12 8.613685327e-12 7.85343247e-12 8.320593235e-12 8.459147192e-12 8.332757047e-12 9.101330228e-12 7.909439325e-12 8.356439238e-12 8.473743387e-12 7.88397942e-12 7.862857526e-12 8.292754041e-12 7.703491379e-12 7.811678968e-12 7.850579847e-12 7.39153324e-12 8.597011885e-12 8.023299991e-12 7.506863998e-12 8.774685468e-12 7.605607566e-12 8.022788262e-12 8.055730444e-12 8.295092843e-12 7.714548468e-12 7.973762482e-12 7.751263249e-12 8.346239903e-12 7.835571848e-12 7.69375092e-12 7.899392921e-12 8.528682852e-12 7.846236252e-12 8.168734374e-12 7.882223048e-12 8.27100375e-12 8.290410081e-12 8.140619612e-12 8.119605304e-12 8.850406626e-12 8.179372569e-12 7.9263963e-12 7.988621398e-12 8.368932125e-12 8.464533131e-12 8.429768518e-12 8.490280474e-12 8.372556209e-12 8.595333036e-12 8.46027425e-12 8.856877246e-12 8.986231218e-12 8.181748378e-12 8.349250982e-12 8.508928709e-12 7.993713454e-12 8.241866102e-12 8.210672733e-12 8.127384048e-12 7.812245763e-12 8.24033122e-12 8.985935627e-12 8.90391734e-12 8.146551816e-12 8.564486431e-12 8.370578971e-12 8.699656798e-12 8.955498836e-12 8.442888906e-12 7.715889115e-12 8.468404034e-12 8.825164458e-12 8.087369112e-12 8.523795484e-12 8.041092614e-12 8.23438678e-12 8.213528659e-12 8.910892233e-12 9.306614355e-12 9.142421193e-12 8.142523045e-12 8.529292955e-12 8.869723374e-12 8.214682967e-12 8.74917297e-12 8.32644324e-12 8.264508253e-12 8.705460958e-12 8.816700662e-12 8.413466643e-12 
1.359653842e-11 1.409777798e-11 1.378434913e-11 1.319149152e-11 1.264140366e-11 1.340290957e-11 1.303946885e-11 1.298569295e-11 1.365529697e-11 1.363129244e-11 1.407801453e-11 1.34582965e-11 1.406626605e-11 1.407572413e-11 1.374710715e-11 1.43078826e-11 1.288905958e-11 1.31454168e-11 1.339165711e-11 1.316167676e-11 1.393495652e-11 1.275368596e-11 1.297164261e-11 1.299671836e-11 1.344904207e-11 1.330150563e-11 1.256687999e-11 1.289470744e-11 1.318067608e-11 1.375305413e-11 1.333819253e-11 1.274362712e-11 1.350953734e-11 1.318090989e-11 1.29838558e-11 1.358859634e-11 1.310114501e-11 1.318509906e-11 1.279517326e-11 1.226913176e-11 1.333962507e-11 1.285817395e-11 1.274414008e-11 1.289861207e-11 1.274652181e-11 1.332621463e-11 1.212682288e-11 1.304044384e-11 1.307780137e-11 1.263555863e-11 1.237548479e-11 1.297220258e-11 1.300719021e-11 1.240599613e-11 1.301413667e-11 1.333028496e-11 1.266656139e-11 1.275765293e-11 1.23619188e-11 1.184586178e-11 1.316811874e-11 1.255138793e-11 1.203641771e-11 1.306764549e-11 1.281974693e-11 1.293157651e-11 1.3147625e-11 1.306984802e-11 1.196328754e-11 1.189988327e-11 1.218571644e-11 1.241990512e-11 1.300142408e-11 1.243150977e-11 1.242324199e-11 1.232410697e-11 1.23170143e-11 1.268660963e-11 1.220137374e-11 1.22465228e-11 1.20718929e-11 1.261618997e-11 1.197090565e-11 1.198840746e-11 1.317002646e-11 1.222298171e-11 1.269076192e-11 1.326643486e-11 1.206586841e-11 1.208606844e-11 1.181398746e-11 1.208916051e-11 1.203108942e-11 1.154735164e-11 1.326657803e-11 1.237171428e-11 1.212449799e-11 1.270220816e-11 1.230146656e-11 1.232769135e-11 1.202693877e-11 1.221532488e-11 1.264185848e-11 1.233785795e-11 1.184799668e-11 1.225666421e-11 1.213414896e-11 1.229049561e-11 1.235659525e-11 1.255503261e-11 1.270654208e-11 1.294530417e-11 1.264164204e-11 1.277322645e-11 1.224458645e-11 1.266291797e-11 1.220520798e-11 1.207904312e-11 1.263891682e-11 1.282773507e-11 1.308137982e-11 1.31715377e-11 1.263644082e-11 1.299809859e-11 1.25834448e-11 1.233396408e-11 1.274719825e-11 1.243835284e-11 1.33046438e-11 1.287682384e-11 1.315894737e-11 1.337178488e-11 1.321266736e-11 1.283166162e-11 1.263498633e-11 1.29216591e-11 1.310293103e-11 1.261046647e-11 1.360789846e-11 1.247997837e-11 1.350379329e-11 1.272138573e-11 1.294313054e-11 1.3624452e-11 1.326689467e-11 1.360511139e-11 1.291416085e-11 1.305418243e-11 1.325330032e-11 1.330920936e-11 1.347085873e-11 1.347959504e-11 1.31274627e-11 1.351201327e-11 1.284904674e-11 1.271932274e-11 1.326480967e-11 1.331805623e-11 1.303358292e-11 1.330692419e-11 1.369066024e-11 1.331945128e-11 1.335017178e-11 1.319101719e-11 1.35431606e-11 1.316622163e-11 1.37287215e-11 1.301973154e-11 1.369677928e-11 1.375746198e-11 1.350504024e-11 1.373310271e-11 1.368227625e-11 1.335051673e-11 1.35483846e-11 1.441019844e-11 1.303646473e-11 1.422045371e-11 1.311098641e-11 1.368996189e-11 
1.845046797e-11 1.803177556e-11 1.793115758e-11 1.865791692e-11 1.785373285e-11 1.82950669e-11 1.751348488e-11 1.760482066e-11 1.820677428e-11 1.866749223e-11 1.788101983e-11 1.809564483e-11 1.830715255e-11 1.736436127e-11 1.797155637e-11 1.741228335e-11 1.812643055e-11 1.803361799e-11 1.851926033e-11 1.834450619e-11 1.810220173e-11 1.764558123e-11 1.812770223e-11 1.813481818e-11 1.744215131e-11 1.740807371e-11 1.769106266e-11 1.883856699e-11 1.746876818e-11 1.730113264e-11 1.788520484e-11 1.796817726e-11 1.760869828e-11 1.855848891e-11 1.764674769e-11 1.805519326e-11 1.786290638e-11 1.771731597e-11 1.837977599e-11 1.74793819e-11 1.707315332e-11 1.701990347e-11 1.728590462e-11 1.683769526e-11 1.691884676e-11 1.648925914e-11 1.690866071e-11 1.70118976e-11 1.673047338e-11 1.589551994e-11 1.65210441e-11 1.759383637e-11 1.709072232e-11 1.731550057e-11 1.65911571e-11 1.570802993e-11 1.615121638e-11 1.751086643e-11 1.674838153e-11 1.653294042e-11 1.668102834e-11 1.686447419e-11 1.669198087e-11 1.677261994e-11 1.665650956e-11 1.656142679e-11 1.64704958e-11 1.678352182e-11 1.648219739e-11 1.678687165e-11 1.571076603e-11 1.657038477e-11 1.589350551e-11 1.693382167e-11 1.579613181e-11 1.617086205e-11 1.628205047e-11 1.612674396e-11 1.646239996e-11 1.700185297e-11 1.613659348e-11 1.641192509e-11 1.708585647e-11 1.687465935e-11 1.624602137e-11 1.615622958e-11 1.610757424e-11 1.674449092e-11 1.566566138e-11 1.571193383e-11 1.626123576e-11 1.51713943e-11 1.63438785e-11 1.690832635e-11 1.71174153e-11 1.631326132e-11 1.557850065e-11 1.651970191e-11 1.59417575e-11 1.674100935e-11 1.689874087e-11 1.64506598e-11 1.642487552e-11 1.730649314e-11 1.687172923e-11 1.676170849e-11 1.686693896e-11 1.646814246e-11 1.634504606e-11 1.690934122e-11 1.671199118e-11 1.572537974e-11 1.676432281e-11 1.736537597e-11 1.639682693e-11 1.704578084e-11 1.730236127e-11 1.652973354e-11 1.675617665e-11 1.63086001e-11 1.706724689e-11 1.662753909e-11 1.750927676e-11 1.711019267e-11 1.670243387e-11 1.647776279e-11 1.717866949e-11 1.669176202e-11 1.792835869e-11 1.714961869e-11 1.720903301e-11 1.721466038e-11 1.710161664e-11 1.669111002e-11 1.715391553e-11 1.719023167e-11 1.695457069e-11 1.732285222e-11 1.61052937e-11 1.729813184e-11 1.73032191e-11 1.710006306e-11 1.820437995e-11 1.757281154e-11 1.759012919e-11 1.698670246e-11 1.799892646e-11 1.741940169e-11 1.768201905e-11 1.817867998e-11 1.76247416e-11 1.783627997e-11 1.802448195e-11 1.733232743e-11 1.864825883e-11 1.734375061e-11 1.826185807e-11 1.76857158e-11 1.861191005e-11 1.756926994e-11 1.768745778e-11 1.789537831e-11 1.801761119e-11 1.807072856e-11 1.777405101e-11 1.828919437e-11 1.808320567e-11 1.813205157e-11 1.746158446e-11 1.867656482e-11 1.826762958e-11 1.797914064e-11 1.841255134e-11 1.797303449e-11 1.802473797e-11 1.744132605e-11 1.857841404e-11 1.828331593e-11 1.809026516e-11 1.778306126e-11 
2.239895193e-11 2.149565289e-11 2.261777289e-11 2.228141789e-11 2.218500407e-11 2.237417549e-11 2.233807442e-11 2.18527631e-11 2.26096506e-11 2.288443335e-11 2.192516008e-11 2.204264159e-11 2.207598249e-11 2.221626335e-11 2.215664612e-11 2.176804876e-11 2.272109593e-11 2.189256822e-11 2.132086092e-11 2.1038445e-11 2.153969634e-11 2.177262202e-11 2.229271638e-11 2.196971102e-11 2.195432999e-11 2.177770573e-11 2.150820815e-11 2.171558043e-11 2.106007579e-11 2.124055091e-11 2.177395319e-11 2.083418348e-11 2.166526435e-11 2.142980429e-11 2.184022665e-11 2.17396815e-11 2.110934732e-11 2.109899668e-11 2.155078885e-11 2.165471803e-11 2.136489897e-11 2.100426949e-11 2.158034457e-11 2.074141478e-11 2.124775927e-11 2.027578165e-11 2.180417622e-11 2.084127367e-11 2.088022202e-11 2.144292151e-11 2.061323402e-11 2.103526421e-11 2.075087813e-11 2.020777304e-11 2.037803151e-11 2.089004561e-11 2.105850338e-11 2.050698226e-11 2.053573408e-11 2.011032642e-11 2.064669625e-11 2.066103304e-11 2.062523248e-11 1.985045407e-11 2.052047402e-11 2.064764931e-11 2.043896578e-11 2.004297847e-11 1.989383325e-11 2.039245979e-11 1.964131416e-11 1.968039706e-11 2.073430258e-11 2.011943901e-11 1.995932956e-11 2.014100342e-11 1.975795526e-11 1.962710892e-11 1.97323867e-11 1.980964567e-11 1.917283079e-11 1.892325507e-11 1.944990538e-11 2.004286402e-11 2.051426719e-11 1.995773138e-11 2.027475942e-11 1.956465076e-11 2.012390852e-11 1.990522891e-11 2.008779586e-11 2.047292403e-11 2.012220192e-11 1.955408994e-11 1.973564837e-11 1.988320939e-11 2.002243643e-11 1.989350109e-11 2.032740331e-11 1.958457361e-11 2.008368106e-11 1.984277977e-11 2.021445802e-11 1.990618609e-11 1.991435237e-11 2.03468293e-11 1.976931666e-11 1.990856979e-11 1.967652171e-11 2.020365187e-11 1.997486433e-11 1.941155122e-11 1.992413301e-11 1.996019354e-11 2.118218257e-11 2.097682305e-11 2.031624184e-11 2.045327638e-11 2.103343119e-11 2.087331254e-11 2.100854015e-11 2.034012789e-11 2.102167191e-11 2.030955614e-11 1.946430337e-11 2.037305013e-11 2.075333737e-11 2.094919243e-11 2.074873364e-11 2.143626917e-11 2.112555877e-11 2.098044463e-11 2.115206347e-11 2.12225678e-11 2.054148333e-11 2.107177948e-11 2.112112254e-11 2.168903753e-11 2.057272575e-11 2.151659455e-11 2.17770927e-11 2.151230021e-11 2.102956326e-11 2.202410121e-11 2.14258907e-11 2.16502089e-11 2.16209826e-11 2.127081881e-11 2.159924984e-11 2.127286942e-11 2.160297332e-11 2.221162348e-11 2.176159439e-11 2.141338432e-11 2.165458954e-11 2.165079201e-11 2.23841434e-11 2.176679084e-11 2.1989337e-11 2.18809807e-11 2.232464989e-11 2.196392499e-11 2.163492074e-11 2.157404435e-11 2.23296259e-11 2.199200721e-11 2.191749783e-11 2.163195702e-11 2.169868169e-11 2.339217803e-11 2.244893904e-11 2.271749962e-11 2.094499084e-11 2.285721173e-11 2.239415137e-11 2.129310377e-11 2.273463921e-11 2.221648997e-11 2.231434345e-11 2.232059986e-11 
2.652161385e-11 2.69082424e-11 2.614900046e-11 2.599051009e-11 2.630150933e-11 2.636622565e-11 2.688948591e-11 2.612333627e-11 2.640721721e-11 2.664832488e-11 2.662742425e-11 2.65097693e-11 2.632001206e-11 2.556741153e-11 2.684498745e-11 2.629201199e-11 2.573289895e-11 2.653082948e-11 2.60327046e-11 2.684883065e-11 2.648401883e-11 2.567698446e-11 2.586918721e-11 2.584869896e-11 2.534849976e-11 2.574315037e-11 2.56195185e-11 2.552896875e-11 2.528728417e-11 2.528491637e-11 2.51910269e-11 2.602739924e-11 2.524130606e-11 2.543357859e-11 2.483059562e-11 2.506351353e-11 2.52625968e-11 2.466803459e-11 2.519292592e-11 2.43891506e-11 2.465188908e-11 2.555222637e-11 2.502832399e-11 2.387701181e-11 2.532633974e-11 2.432542221e-11 2.498305271e-11 2.396730818e-11 2.461701074e-11 2.495594082e-11 2.484847917e-11 2.438191289e-11 2.393364108e-11 2.466557317e-11 2.432484459e-11 2.465394442e-11 2.388666965e-11 2.383144959e-11 2.33177659e-11 2.462604085e-11 2.360473653e-11 2.392172824e-11 2.45553119e-11 2.414800204e-11 2.393909561e-11 2.437402525e-11 2.314051497e-11 2.340958478e-11 2.403133689e-11 2.438491436e-11 2.363842877e-11 2.441616849e-11 2.37244372e-11 2.373928732e-11 2.319085626e-11 2.413687486e-11 2.420827022e-11 2.356145803e-11 2.362596779e-11 2.365089502e-11 2.272192972e-11 2.324245615e-11 2.47576313e-11 2.368589527e-11 2.27460418e-11 2.334207472e-11 2.359859521e-11 2.302412485e-11 2.266672571e-11 2.322284538e-11 2.322790485e-11 2.340945505e-11 2.332369094e-11 2.344135981e-11 2.32304486e-11 2.303353219e-11 2.355980525e-11 2.290897626e-11 2.328306034e-11 2.345463051e-11 2.395597104e-11 2.376689225e-11 2.384265829e-11 2.247967797e-11 2.413517551e-11 2.344130417e-11 2.388699146e-11 2.422562897e-11 2.393526167e-11 2.381604383e-11 2.340540861e-11 2.354934619e-11 2.335427781e-11 2.358663852e-11 2.409849202e-11 2.429988326e-11 2.396766753e-11 2.42823617e-11 2.409155561e-11 2.377408554e-11 2.39331926e-11 2.382675397e-11 2.34865611e-11 2.435192047e-11 2.487563412e-11 2.366656517e-11 2.450650311e-11 2.485599829e-11 2.484291631e-11 2.442085981e-11 2.520982554e-11 2.450436616e-11 2.404448837e-11 2.439009509e-11 2.530347782e-11 2.437785004e-11 2.495289888e-11 2.461136371e-11 2.511314913e-11 2.446316133e-11 2.495636331e-11 2.499570198e-11 2.489265454e-11 2.557895496e-11 2.517701214e-11 2.582732844e-11 2.506213138e-11 2.557022458e-11 2.574701236e-11 2.49911021e-11 2.554102503e-11 2.567525734e-11 2.569924004e-11 2.579830096e-11 2.550828926e-11 2.561755379e-11 2.592747085e-11 2.625526128e-11 2.581862084e-11 2.594595094e-11 2.549545433e-11 2.632789419e-11 2.583548437e-11 2.630920237e-11 2.604806213e-11 2.604417725e-11 2.606088858e-11 2.588963369e-11 2.590506049e-11 2.591354974e-11 2.618326784e-11 2.542335492e-11 2.583403641e-11 2.596723813e-11 2.621419539e-11 2.692015334e-11 2.672755642e-11 2.719966302e-11 2.59495788e-11 2.572909836e-11 
3.066033342e-11 3.004546772e-11 2.997975645e-11 3.027044259e-11 2.999396427e-11 2.993764461e-11 3.001980177e-11 2.955620707e-11 3.077205363e-11 3.025360254e-11 2.971552279e-11 3.022749348e-11 3.02285763e-11 2.922793736e-11 3.028268672e-11 2.994255941e-11 2.956941665e-11 2.944712833e-11 2.985392199e-11 3.02279932e-11 2.947668918e-11 2.960067335e-11 3.005138609e-11 2.935769853e-11 2.914083902e-11 2.951530384e-11 2.952529276e-11 2.840987836e-11 2.816746127e-11 2.927202549e-11 2.910109958e-11 2.917459305e-11 2.932361708e-11 2.954023569e-11 2.841874216e-11 2.873861096e-11 2.870295383e-11 2.923541104e-11 2.85871679e-11 2.912173525e-11 2.839576384e-11 2.881017376e-11 2.867540509e-11 2.84330675e-11 2.900063798e-11 2.925642663e-11 2.823301234e-11 2.806409966e-11 2.879213838e-11 2.764910204e-11 2.820881611e-11 2.828871232e-11 2.782120238e-11 2.83973207e-11 2.740698006e-11 2.730294356e-11 2.700824669e-11 2.734350976e-11 2.682850357e-11 2.751963395e-11 2.811696921e-11 2.734054624e-11 2.724625449e-11 2.729380722e-11 2.695350875e-11 2.761790936e-11 2.709730152e-11 2.719299992e-11 2.749810319e-11 2.706771735e-11 2.722353715e-11 2.780729513e-11 2.683839969e-11 2.610974983e-11 2.602851808e-11 2.703729965e-11 2.716414759e-11 2.667614391e-11 2.682978753e-11 2.728507042e-11 2.622443379e-11 2.741786848e-11 2.671412086e-11 2.66827716e-11 2.674876991e-11 2.641586083e-11 2.690507517e-11 2.616516627e-11 2.610711328e-11 2.675290223e-11 2.653004394e-11 2.604330185e-11 2.623337299e-11 2.646157975e-11 2.632560612e-11 2.64214001e-11 2.63669697e-11 2.660084338e-11 2.67996425e-11 2.690189208e-11 2.688269883e-11 2.743580539e-11 2.694050891e-11 2.750585478e-11 2.686184787e-11 2.726571655e-11 2.74610808e-11 2.699356138e-11 2.687510786e-11 2.669988939e-11 2.696355523e-11 2.663690306e-11 2.654070316e-11 2.766940133e-11 2.693160403e-11 2.745682445e-11 2.691512711e-11 2.701902772e-11 2.781257209e-11 2.76802376e-11 2.766637932e-11 2.820455388e-11 2.763964017e-11 2.681767722e-11 2.79481603e-11 2.827527466e-11 2.758219946e-11 2.774595896e-11 2.801181476e-11 2.79591022e-11 2.785129097e-11 2.833649954e-11 2.909700292e-11 2.853711513e-11 2.8378237e-11 2.781781671e-11 2.783094267e-11 2.840848218e-11 2.832169785e-11 2.791169865e-11 2.873785382e-11 2.892742882e-11 2.843122186e-11 2.848286448e-11 2.849220131e-11 2.880990318e-11 2.854403738e-11 2.845368765e-11 2.958127094e-11 2.850360215e-11 2.858336251e-11 2.960388528e-11 2.906000664e-11 2.962489914e-11 2.948960017e-11 2.888951323e-11 2.946814448e-11 2.928778215e-11 2.893134236e-11 2.959036553e-11 2.9300876e-11 2.945782269e-11 2.9818727e-11 3.00829304e-11 2.916184249e-11 2.962667734e-11 3.029200896e-11 3.048656015e-11 2.990119286e-11 2.979130217e-11 2.968599267e-11 3.036595865e-11 3.101999415e-11 2.894309836e-11 2.990628876e-11 3.036122356e-11 3.036235934e-11 3.009250737e-11 3.032528183e-11 3.012160471e-11 
3.403206433e-11 3.399720472e-11 3.357380637e-11 3.307272115e-11 3.331854759e-11 3.383107767e-11 3.331287788e-11 3.380082113e-11 3.358296158e-11 3.313009336e-11 3.344987395e-11 3.304850754e-11 3.330322514e-11 3.2502534e-11 3.342071583e-11 3.341565983e-11 3.306654495e-11 3.213515776e-11 3.352646888e-11 3.247786725e-11 3.323788893e-11 3.302701507e-11 3.27235647e-11 3.276542415e-11 3.208958618e-11 3.322456113e-11 3.316538622e-11 3.405339701e-11 3.287324912e-11 3.212050488e-11 3.237253903e-11 3.288651175e-11 3.259013762e-11 3.217689907e-11 3.15333406e-11 3.187210116e-11 3.263891856e-11 3.176742505e-11 3.179937195e-11 3.185451803e-11 3.246789985e-11 3.154179634e-11 3.154491232e-11 3.227360121e-11 3.229284174e-11 3.151415214e-11 3.190592303e-11 3.12616681e-11 3.107424226e-11 3.130042806e-11 3.132138912e-11 3.06687102e-11 3.167645867e-11 3.088991141e-11 3.096063778e-11 3.106815415e-11 3.101592924e-11 3.0524594e-11 3.128151049e-11 3.127996255e-11 3.140467422e-11 3.080646413e-11 3.063352469e-11 3.081050163e-11 3.032867886e-11 3.070090816e-11 3.085731936e-11 2.998048725e-11 3.028205911e-11 3.012478313e-11 3.022019661e-11 3.01748667e-11 2.996305744e-11 2.985582215e-11 2.995598656e-11 3.014764457e-11 3.078757342e-11 2.981480093e-11 2.985063478e-11 2.990078296e-11 2.994070117e-11 2.987870875e-11 3.013395165e-11 3.019387107e-11 3.04277951e-11 3.018958436e-11 2.92748644e-11 2.945512332e-11 2.996614445e-11 2.996067671e-11 3.071634035e-11 2.98816177e-11 3.020714859e-11 2.979985585e-11 2.929948111e-11 2.998693858e-11 3.010197661e-11 3.013242175e-11 3.014913765e-11 2.992876377e-11 3.006791224e-11 2.985419669e-11 3.022393254e-11 2.96843178e-11 3.03910215e-11 3.065343204e-11 2.979829136e-11 2.993795995e-11 3.031639667e-11 3.042510265e-11 3.063442974e-11 3.096484313e-11 3.079184327e-11 2.994877875e-11 3.096664553e-11 3.03293356e-11 3.092108476e-11 3.033594796e-11 3.168431625e-11 3.134487191e-11 2.970647326e-11 3.049984593e-11 3.101922404e-11 3.071343515e-11 3.058901156e-11 3.105658205e-11 3.132587419e-11 3.097373467e-11 3.161258498e-11 3.128589053e-11 3.090496207e-11 3.169950554e-11 3.111292483e-11 3.134942251e-11 3.17155135e-11 3.223628576e-11 3.09328694e-11 3.110340199e-11 3.131836303e-11 3.142592726e-11 3.211435378e-11 3.195583705e-11 3.263251821e-11 3.213564022e-11 3.131798203e-11 3.296641722e-11 3.266084618e-11 3.223460614e-11 3.346819339e-11 3.279197193e-11 3.257394455e-11 3.244976702e-11 3.318876126e-11 3.322537952e-11 3.245310622e-11 3.295431067e-11 3.235682327e-11 3.193715703e-11 3.297249173e-11 3.238884863e-11 3.224629564e-11 3.288373501e-11 3.357738014e-11 3.370122399e-11 3.321007676e-11 3.308329329e-11 3.350686808e-11 3.238596341e-11 3.330241567e-11 3.378096456e-11 3.331970129e-11 3.381677428e-11 3.369099764e-11 3.379879152e-11 3.323806826e-11 3.337810435e-11 3.400300377e-11 3.462751899e-11 3.39218068e-11 3.330542125e-11 
3.691271327e-11 3.676649293e-11 3.716734684e-11 3.69191781e-11 3.663741833e-11 3.677918485e-11 3.688357331e-11 3.707859109e-11 3.732488723e-11 3.733063068e-11 3.692148043e-11 3.659066655e-11 3.739939034e-11 3.604580842e-11 3.674697738e-11 3.725107576e-11 3.647457916e-11 3.700186644e-11 3.560277666e-11 3.643553073e-11 3.607376392e-11 3.644767407e-11 3.631179239e-11 3.579467862e-11 3.580633269e-11 3.596731522e-11 3.582644819e-11 3.580346758e-11 3.59403099e-11 3.59525957e-11 3.548897569e-11 3.589275831e-11 3.568383368e-11 3.622627851e-11 3.544656766e-11 3.542996235e-11 3.578167298e-11 3.567750584e-11 3.502674651e-11 3.541607183e-11 3.546271149e-11 3.534158678e-11 3.532459343e-11 3.535873457e-11 3.431483148e-11 3.525231106e-11 3.463281353e-11 3.486476299e-11 3.551232643e-11 3.494762727e-11 3.404126609e-11 3.506089854e-11 3.474847464e-11 3.466827163e-11 3.411267851e-11 3.446001369e-11 3.415374115e-11 3.393234404e-11 3.375143019e-11 3.429095258e-11 3.364057241e-11 3.433497655e-11 3.438965902e-11 3.363671459e-11 3.386933184e-11 3.346651063e-11 3.285579722e-11 3.362739292e-11 3.360018921e-11 3.350597425e-11 3.351892317e-11 3.31005103e-11 3.34685153e-11 3.356916851e-11 3.338805352e-11 3.372294613e-11 3.407098026e-11 3.343862047e-11 3.324518668e-11 3.334954873e-11 3.338924263e-11 3.289684622e-11 3.344006082e-11 3.336641168e-11 3.280951884e-11 3.262787936e-11 3.239659529e-11 3.254916344e-11 3.249505863e-11 3.265740928e-11 3.270880463e-11 3.258866588e-11 3.240664343e-11 3.285355993e-11 3.254104375e-11 3.311559612e-11 3.288964674e-11 3.289245951e-11 3.294249904e-11 3.202021721e-11 3.396916392e-11 3.268032469e-11 3.305750422e-11 3.322194816e-11 3.344076375e-11 3.311411324e-11 3.299457934e-11 3.358889032e-11 3.313077993e-11 3.325215145e-11 3.298900545e-11 3.329078155e-11 3.35939493e-11 3.378630062e-11 3.342325238e-11 3.379789813e-11 3.384472724e-11 3.396856103e-11 3.384588697e-11 3.452239823e-11 3.383650633e-11 3.363852641e-11 3.389762196e-11 3.458367597e-11 3.402465138e-11 3.404893591e-11 3.453854684e-11 3.467702654e-11 3.448420984e-11 3.47581348e-11 3.407809541e-11 3.480873844e-11 3.549420142e-11 3.50349451e-11 3.529080157e-11 3.443595224e-11 3.470031323e-11 3.546199567e-11 3.529047482e-11 3.52881797e-11 3.567764407e-11 3.605646172e-11 3.525845171e-11 3.554345875e-11 3.508534927e-11 3.550859628e-11 3.56471364e-11 3.552836488e-11 3.615838539e-11 3.599331228e-11 3.566112366e-11 3.661582236e-11 3.592956993e-11 3.705286471e-11 3.543706983e-11 3.625849662e-11 3.555406364e-11 3.60263246e-11 3.658331295e-11 3.631706315e-11 3.703935636e-11 3.636008161e-11 3.651122946e-11 3.618221269e-11 3.705074738e-11 3.611275474e-11 3.761524199e-11 3.686623329e-11 3.756729923e-11 3.607806868e-11 3.729422959e-11 3.645718079e-11 3.684064767e-11 3.756383324e-11 3.73530757e-11 3.778763595e-11 3.691143406e-11 3.737929352e-11 3.763127219e-11 3.672515201e-11 
4.049623813e-11 4.009286093e-11 3.982193254e-11 3.943570765e-11 3.940602876e-11 3.953001135e-11 4.054102452e-11 3.996164938e-11 4.047293813e-11 4.078181641e-11 4.011345354e-11 3.985531259e-11 3.977560085e-11 3.930566867e-11 4.073258091e-11 3.951909304e-11 4.048118709e-11 3.929240384e-11 4.006050619e-11 3.985432847e-11 4.010241978e-11 4.006444548e-11 3.958718675e-11 3.95981891e-11 3.91842888e-11 3.926713583e-11 3.967348516e-11 3.954664229e-11 3.937926134e-11 3.888220489e-11 3.865749302e-11 3.881546051e-11 3.872117753e-11 3.871357159e-11 3.907053507e-11 3.840038521e-11 3.894201695e-11 3.89094686e-11 3.887845843e-11 3.819397961e-11 3.863319644e-11 3.822899136e-11 3.733494702e-11 3.834102965e-11 3.769590121e-11 3.7731967e-11 3.721317236e-11 3.783869443e-11 3.722063063e-11 3.731193785e-11 3.816745847e-11 3.774225872e-11 3.790775279e-11 3.707433596e-11 3.866929065e-11 3.758897527e-11 3.68172423e-11 3.795656354e-11 3.760322188e-11 3.725532455e-11 3.771466882e-11 3.751490255e-11 3.70694241e-11 3.671954795e-11 3.665075728e-11 3.667362343e-11 3.773816673e-11 3.699327443e-11 3.660183094e-11 3.633485267e-11 3.701771517e-11 3.651226168e-11 3.615367965e-11 3.594728738e-11 3.572074151e-11 3.691332266e-11 3.578797852e-11 3.678739688e-11 3.587902202e-11 3.576154032e-11 3.615008841e-11 3.582566389e-11 3.666993532e-11 3.62381591e-11 3.567295521e-11 3.661391575e-11 3.672661052e-11 3.589579251e-11 3.637471027e-11 3.585923231e-11 3.608342755e-11 3.57739328e-11 3.606916169e-11 3.710571093e-11 3.581265383e-11 3.615037805e-11 3.612388053e-11 3.562978704e-11 3.575046972e-11 3.56315824e-11 3.6064988e-11 3.630757232e-11 3.637986949e-11 3.645268222e-11 3.635600655e-11 3.607095222e-11 3.6399254e-11 3.637366085e-11 3.692093805e-11 3.659479813e-11 3.671707545e-11 3.610682836e-11 3.655339091e-11 3.683548751e-11 3.698484343e-11 3.68210184e-11 3.731812256e-11 3.72110253e-11 3.701456777e-11 3.700494933e-11 3.691457332e-11 3.73564378e-11 3.755709097e-11 3.778017563e-11 3.717746836e-11 3.74863804e-11 3.740405994e-11 3.777756747e-11 3.742537683e-11 3.764409005e-11 3.761073631e-11 3.78387e-11 3.764091586e-11 3.826395942e-11 3.842724139e-11 3.793554027e-11 3.804278853e-11 3.8451775e-11 3.794682629e-11 3.864860999e-11 3.921462285e-11 3.791450362e-11 3.887251962e-11 3.976116276e-11 3.89440498e-11 3.93345723e-11 3.854203918e-11 3.851238318e-11 3.891695973e-11 3.907786857e-11 3.949249841e-11 3.86693584e-11 3.913100423e-11 3.995881498e-11 3.905970969e-11 3.933837611e-11 3.965347784e-11 3.925780382e-11 3.969776646e-11 3.978114218e-11 3.993867867e-11 4.025615819e-11 3.974728655e-11 3.985970075e-11 4.017994128e-11 4.016330116e-11 3.954024416e-11 4.046441971e-11 4.041893962e-11 4.077563593e-11 4.006460928e-11 4.009884544e-11 4.045577653e-11 4.000798368e-11 4.026335183e-11 4.064391686e-11 4.085813589e-11 4.056990852e-11 4.068391985e-11 4.050065897e-11 
4.360087964e-11 4.415275844e-11 4.318668054e-11 4.36056063e-11 4.272817853e-11 4.387115374e-11 4.351502603e-11 4.303346121e-11 4.311422746e-11 4.359604818e-11 4.333745252e-11 4.335516813e-11 4.29710172e-11 4.376309288e-11 4.307085629e-11 4.253372632e-11 4.290226551e-11 4.258969893e-11 4.37968135e-11 4.226864636e-11 4.31088007e-11 4.269351781e-11 4.268683027e-11 4.281043987e-11 4.301644688e-11 4.169658184e-11 4.245994748e-11 4.21144402e-11 4.242666192e-11 4.261892546e-11 4.215316758e-11 4.180488188e-11 4.1591967e-11 4.194664787e-11 4.189385064e-11 4.051323163e-11 4.136076312e-11 4.157573378e-11 4.145698284e-11 4.088473085e-11 4.19722882e-11 4.186096405e-11 4.245273477e-11 4.146898598e-11 4.112498864e-11 4.096225338e-11 4.083149914e-11 4.096267385e-11 4.197007042e-11 4.058439267e-11 4.038960432e-11 4.115028007e-11 4.119236845e-11 4.131953433e-11 4.01503636e-11 4.145620127e-11 4.058920844e-11 4.026162894e-11 4.040886843e-11 4.028285831e-11 4.086599228e-11 3.945975307e-11 3.985248487e-11 3.98761461e-11 3.962573674e-11 3.948219752e-11 3.933663587e-11 4.00256285e-11 3.955060278e-11 4.00034531e-11 3.990476889e-11 3.925594227e-11 3.915950235e-11 3.888228491e-11 3.896646732e-11 3.958331816e-11 3.979422539e-11 3.961711087e-11 3.908047101e-11 3.902088295e-11 3.931978564e-11 3.9380645e-11 3.902750337e-11 3.981360729e-11 3.88846388e-11 3.880373942e-11 3.91090587e-11 3.890104302e-11 3.873102723e-11 3.83616751e-11 3.934649765e-11 3.873485225e-11 3.916091e-11 3.844168195e-11 3.873135871e-11 3.849947661e-11 3.916385538e-11 3.90089322e-11 3.874522225e-11 3.937371698e-11 3.841154655e-11 3.928240368e-11 3.89309644e-11 3.91399272e-11 3.942830451e-11 3.916552864e-11 3.914132253e-11 3.994865737e-11 3.825497684e-11 3.958765218e-11 3.955667236e-11 4.11627035e-11 3.962437402e-11 3.929293237e-11 4.037134564e-11 4.038151863e-11 3.940306848e-11 3.982539124e-11 4.040924276e-11 4.034683715e-11 4.040283633e-11 3.999611417e-11 4.008251754e-11 4.010712226e-11 3.999388635e-11 4.116903574e-11 4.08096248e-11 4.089220336e-11 4.092800334e-11 4.142580312e-11 4.056961655e-11 3.974472011e-11 4.146277798e-11 4.086644261e-11 4.123064595e-11 4.164230475e-11 4.190184371e-11 4.208161913e-11 4.158041075e-11 4.224558572e-11 4.124078462e-11 4.148944344e-11 4.140606644e-11 4.177145274e-11 4.168185491e-11 4.204970809e-11 4.190092833e-11 4.181248924e-11 4.250043392e-11 4.235160383e-11 4.183871207e-11 4.259421315e-11 4.19263993e-11 4.292288469e-11 4.27514043e-11 4.308011578e-11 4.267138023e-11 4.208300228e-11 4.215709811e-11 4.240191234e-11 4.3532322e-11 4.317684851e-11 4.286660035e-11 4.329717805e-11 4.334605645e-11 4.310649337e-11 4.352904753e-11 4.231182634e-11 4.357444259e-11 4.2984171e-11 4.309441621e-11 4.370598589e-11 4.380139209e-11 4.389926348e-11 4.347177092e-11 4.334985775e-11 4.386065587e-11 4.392561147e-11 4.351153804e-11 4.339735037e-11 
4.702032651e-11 4.590740621e-11 4.604229803e-11 4.662928153e-11 4.665881391e-11 4.658464677e-11 4.693057712e-11 4.571839621e-11 4.66245161e-11 4.669781899e-11 4.579058819e-11 4.715936521e-11 4.655948794e-11 4.66940213e-11 4.670854443e-11 4.670650917e-11 4.537178115e-11 4.605800037e-11 4.619021993e-11 4.57477994e-11 4.602923613e-11 4.577498185e-11 4.568564547e-11 4.541106498e-11 4.58839132e-11 4.583691516e-11 4.50312387e-11 4.541665429e-11 4.646939987e-11 4.573994824e-11 4.528439569e-11 4.557022335e-11 4.495287067e-11 4.464356947e-11 4.480560188e-11 4.497668582e-11 4.410632271e-11 4.487325594e-11 4.40320973e-11 4.410963657e-11 4.428811057e-11 4.340430292e-11 4.437020412e-11 4.426579105e-11 4.469836442e-11 4.350644643e-11 4.46775899e-11 4.379829963e-11 4.394539049e-11 4.405354738e-11 4.452148637e-11 4.372318051e-11 4.370441478e-11 4.369301811e-11 4.348237963e-11 4.326083134e-11 4.395780519e-11 4.337381698e-11 4.359133451e-11 4.381742922e-11 4.268489526e-11 4.307096896e-11 4.252219367e-11 4.299453169e-11 4.280310238e-11 4.275745828e-11 4.253335171e-11 4.275271714e-11 4.261350462e-11 4.249521328e-11 4.236084568e-11 4.214145614e-11 4.285571261e-11 4.231144717e-11 4.203796363e-11 4.271415046e-11 4.139321496e-11 4.238488312e-11 4.173514188e-11 4.170613541e-11 4.189366655e-11 4.230288377e-11 4.214898198e-11 4.106455526e-11 4.212281227e-11 4.150583491e-11 4.206493164e-11 4.222392354e-11 4.240547135e-11 4.185228184e-11 4.231240124e-11 4.132659523e-11 4.093031508e-11 4.268712958e-11 4.199409289e-11 4.24877066e-11 4.127979946e-11 4.187296841e-11 4.107346259e-11 4.209529776e-11 4.220042721e-11 4.199824545e-11 4.159096986e-11 4.263579074e-11 4.245984373e-11 4.207421209e-11 4.292000366e-11 4.29994918e-11 4.267525111e-11 4.269207031e-11 4.217101358e-11 4.217482208e-11 4.244184984e-11 4.281077292e-11 4.278172454e-11 4.338873113e-11 4.243090435e-11 4.212393905e-11 4.319998029e-11 4.344591997e-11 4.270486926e-11 4.331194569e-11 4.366537591e-11 4.304374845e-11 4.316473232e-11 4.417097508e-11 4.317269022e-11 4.378896245e-11 4.350035324e-11 4.405536676e-11 4.464782384e-11 4.365780491e-11 4.398017175e-11 4.376375903e-11 4.375803411e-11 4.441159643e-11 4.52597664e-11 4.415327004e-11 4.360134212e-11 4.504170763e-11 4.394200476e-11 4.470843591e-11 4.435937038e-11 4.449050562e-11 4.478050752e-11 4.489709214e-11 4.482284587e-11 4.54827706e-11 4.456905004e-11 4.538147482e-11 4.538255103e-11 4.574143623e-11 4.622949513e-11 4.505485704e-11 4.542032541e-11 4.549628275e-11 4.507465138e-11 4.570999859e-11 4.565131412e-11 4.60046925e-11 4.586426862e-11 4.566870176e-11 4.568051532e-11 4.641126519e-11 4.670205976e-11 4.605032877e-11 4.740181962e-11 4.648660859e-11 4.660312864e-11 4.655855834e-11 4.574286686e-11 4.636336671e-11 4.704824523e-11 4.714612666e-11 4.650415472e-11 4.597838684e-11 4.670262904e-11 4.677211684e-11 4.642007188e-11 4.673535683e-11 
4.929703358e-11 4.897177211e-11 4.961492277e-11 4.911660705e-11 4.944380979e-11 4.946043908e-11 4.937991012e-11 4.92186768e-11 4.990019334e-11 4.958000254e-11 4.942078982e-11 4.954071222e-11 4.883775154e-11 4.838041485e-11 4.860462322e-11 5.010562592e-11 4.951776055e-11 4.941765072e-11 4.864874465e-11 4.848284983e-11 4.888686767e-11 4.778701318e-11 4.832301257e-11 4.901630773e-11 4.859472002e-11 4.851366783e-11 4.856119885e-11 4.843006964e-11 4.84861118e-11 4.836600223e-11 4.779131443e-11 4.80799838e-11 4.682028555e-11 4.822118967e-11 4.758843071e-11 4.766584673e-11 4.752522393e-11 4.663662877e-11 4.794993947e-11 4.687333975e-11 4.805028013e-11 4.788417686e-11 4.693793261e-11 4.751756942e-11 4.710827622e-11 4.685514835e-11 4.641550696e-11 4.718849814e-11 4.702397473e-11 4.64979919e-11 4.696015836e-11 4.702559454e-11 4.617113009e-11 4.706616244e-11 4.63507443e-11 4.608954661e-11 4.638999294e-11 4.632058362e-11 4.673115669e-11 4.634568539e-11 4.603987847e-11 4.611389693e-11 4.605776131e-11 4.584467559e-11 4.538528835e-11 4.587809679e-11 4.581187647e-11 4.547437785e-11 4.602818046e-11 4.537868734e-11 4.518145463e-11 4.501722668e-11 4.52622312e-11 4.451345605e-11 4.50244216e-11 4.49092499e-11 4.4571516e-11 4.562339545e-11 4.478043455e-11 4.484802699e-11 4.525247475e-11 4.503215128e-11 4.507348016e-11 4.446875471e-11 4.50294871e-11 4.488635885e-11 4.437029639e-11 4.470800162e-11 4.414758547e-11 4.479383403e-11 4.454161747e-11 4.473680425e-11 4.472176247e-11 4.406397927e-11 4.441378451e-11 4.461568276e-11 4.520556406e-11 4.487743104e-11 4.491875574e-11 4.442184548e-11 4.539069556e-11 4.456981229e-11 4.468105803e-11 4.570798392e-11 4.465738319e-11 4.544551324e-11 4.47718924e-11 4.525356987e-11 4.516196987e-11 4.454388057e-11 4.566127113e-11 4.579381107e-11 4.605347762e-11 4.514432229e-11 4.537451859e-11 4.589297e-11 4.539380642e-11 4.540340409e-11 4.487513002e-11 4.670272069e-11 4.513126161e-11 4.648330676e-11 4.633060958e-11 4.676510716e-11 4.58869324e-11 4.617716189e-11 4.619058244e-11 4.649325668e-11 4.599270119e-11 4.596240074e-11 4.603127088e-11 4.691878691e-11 4.734661144e-11 4.694667184e-11 4.711415975e-11 4.729684733e-11 4.709210654e-11 4.649920728e-11 4.693819145e-11 4.689290018e-11 4.78120327e-11 4.707008878e-11 4.724395809e-11 4.769576403e-11 4.849974234e-11 4.759188913e-11 4.737894245e-11 4.897688989e-11 4.756675516e-11 4.805962529e-11 4.81606771e-11 4.844317663e-11 4.805179145e-11 4.886288345e-11 4.854748682e-11 4.905698456e-11 4.788134818e-11 4.822178805e-11 4.950897051e-11 4.838423851e-11 4.84290945e-11 4.914234017e-11 4.898688873e-11 4.877430927e-11 4.966356252e-11 4.87931815e-11 4.859842586e-11 4.868236264e-11 4.912133149e-11 4.923708544e-11 4.965670766e-11 4.933418775e-11 4.946699354e-11 5.018123725e-11 4.820589434e-11 4.980281501e-11 4.978017911e-11 4.950517637e-11 4.995301919e-11 4.975787783e-11 
5.301802252e-11 5.200207674e-11 5.244901753e-11 5.234689591e-11 5.231886139e-11 5.224695713e-11 5.24534336e-11 5.271362112e-11 5.151917869e-11 5.202062316e-11 5.251193156e-11 5.192924256e-11 5.281809413e-11 5.187624865e-11 5.213029566e-11 5.152463523e-11 5.193055931e-11 5.176216262e-11 5.18621146e-11 5.206945363e-11 5.123041331e-11 5.147793893e-11 5.140779059e-11 5.114972233e-11 5.107834933e-11 5.208855468e-11 5.130674414e-11 5.128677767e-11 5.147514129e-11 5.061647291e-11 5.099081237e-11 5.093804419e-11 5.084896404e-11 4.973497135e-11 5.094527661e-11 5.046771949e-11 5.067454227e-11 4.953716156e-11 5.054721402e-11 5.018739552e-11 5.013241986e-11 5.033613154e-11 5.033124792e-11 4.959552235e-11 4.996639542e-11 4.890358674e-11 4.965087679e-11 4.963575736e-11 4.944741621e-11 4.912101471e-11 4.943564007e-11 5.007881976e-11 4.983599182e-11 4.894797204e-11 4.877076182e-11 4.945493146e-11 4.885132226e-11 4.909590061e-11 4.85056571e-11 4.916047505e-11 4.933253648e-11 4.790863147e-11 4.864103245e-11 4.880654101e-11 4.79040383e-11 4.872706221e-11 4.771367564e-11 4.831791046e-11 4.881129938e-11 4.785071873e-11 4.879722319e-11 4.81530817e-11 4.869861049e-11 4.821635826e-11 4.734395398e-11 4.723807235e-11 4.774031947e-11 4.739493238e-11 4.730639439e-11 4.727349675e-11 4.815287463e-11 4.730780901e-11 4.792844419e-11 4.6996926e-11 4.732668292e-11 4.725983181e-11 4.748258747e-11 4.687121437e-11 4.73388343e-11 4.713209394e-11 4.737391209e-11 4.736145654e-11 4.692141407e-11 4.761785842e-11 4.775608415e-11 4.702876539e-11 4.741475178e-11 4.741648328e-11 4.761488671e-11 4.723927573e-11 4.762328521e-11 4.674997715e-11 4.763765582e-11 4.738327135e-11 4.740155227e-11 4.75168828e-11 4.796129943e-11 4.783004741e-11 4.8430729e-11 4.791324617e-11 4.912739484e-11 4.81730263e-11 4.829889291e-11 4.808577066e-11 4.916105385e-11 4.860942001e-11 4.783038848e-11 4.896304259e-11 4.895366027e-11 4.843368269e-11 4.82382284e-11 4.798504456e-11 4.922013441e-11 4.894606885e-11 4.952987619e-11 4.984389731e-11 4.906184427e-11 4.79835545e-11 4.980064656e-11 4.949660078e-11 4.880136063e-11 4.948005183e-11 5.020861433e-11 5.047954023e-11 5.010919567e-11 5.017243342e-11 5.040853946e-11 5.046383852e-11 5.021256174e-11 5.026336081e-11 5.01105022e-11 4.994717915e-11 5.014123946e-11 5.116023829e-11 5.082834352e-11 5.067333099e-11 5.0622037e-11 5.069902906e-11 4.960839479e-11 5.043487924e-11 5.010322305e-11 5.051002964e-11 5.064181744e-11 5.151881605e-11 5.060153962e-11 5.170048535e-11 5.14392065e-11 5.133240138e-11 5.134257002e-11 5.097606422e-11 5.121239331e-11 5.217982252e-11 5.250183851e-11 5.217764041e-11 5.126785163e-11 5.185985803e-11 5.250544454e-11 5.245783467e-11 5.157072158e-11 5.25678739e-11 5.178896735e-11 5.233839611e-11 5.259670765e-11 5.267155861e-11 5.258728479e-11 5.213180304e-11 5.298231002e-11 5.209689302e-11 5.255925932e-11 5.319466783e-11 
5.47499936e-11 5.521110669e-11 5.456255996e-11 5.50442483e-11 5.477749592e-11 5.500714398e-11 5.491701981e-11 5.44126322e-11 5.453326488e-11 5.539582215e-11 5.482261204e-11 5.497689171e-11 5.44842556e-11 5.469721267e-11 5.462773188e-11 5.435149244e-11 5.464924711e-11 5.459557172e-11 5.517380731e-11 5.470551489e-11 5.407786335e-11 5.394444653e-11 5.50584791e-11 5.329835512e-11 5.358366668e-11 5.39936173e-11 5.409344077e-11 5.402549066e-11 5.338942217e-11 5.3510477e-11 5.358886502e-11 5.429874825e-11 5.288187797e-11 5.216522835e-11 5.273597504e-11 5.316544925e-11 5.381635419e-11 5.281078021e-11 5.310761047e-11 5.295733104e-11 5.287569301e-11 5.329053393e-11 5.247717943e-11 5.276365121e-11 5.288366986e-11 5.199737835e-11 5.250175372e-11 5.197125855e-11 5.266108852e-11 5.268034227e-11 5.194645792e-11 5.180298276e-11 5.112816388e-11 5.201211083e-11 5.156557755e-11 5.141230604e-11 5.17769994e-11 5.213019657e-11 5.117981166e-11 5.15013579e-11 5.115120151e-11 5.13422306e-11 5.11569115e-11 5.127431372e-11 5.060541857e-11 5.108395019e-11 5.08020994e-11 4.991017106e-11 5.034799261e-11 5.053451301e-11 4.977089464e-11 5.04521126e-11 5.097273367e-11 5.067888266e-11 5.013145907e-11 5.145862411e-11 5.05431684e-11 5.059501303e-11 5.091627544e-11 5.06296194e-11 5.017365361e-11 5.027749623e-11 5.019008442e-11 4.975027494e-11 4.959993248e-11 4.955434456e-11 4.996172673e-11 5.061328844e-11 5.027855623e-11 4.975384392e-11 4.931295427e-11 5.013026978e-11 5.002627213e-11 4.91305015e-11 4.948669448e-11 4.999663831e-11 5.069441425e-11 5.070542685e-11 5.037657704e-11 5.006873924e-11 4.997922923e-11 4.995962284e-11 5.021331069e-11 5.064485776e-11 4.965183342e-11 4.990469337e-11 4.989925802e-11 5.095950416e-11 5.032331642e-11 5.031945816e-11 5.109043971e-11 5.129807988e-11 5.101466725e-11 5.028781655e-11 5.12622293e-11 5.077485374e-11 5.109149457e-11 5.151269744e-11 5.137704188e-11 5.148966224e-11 5.05708565e-11 5.184150029e-11 5.140805062e-11 5.157493581e-11 5.135411198e-11 5.188579509e-11 5.266182506e-11 5.171529629e-11 5.198869445e-11 5.187973692e-11 5.271486081e-11 5.193007676e-11 5.246481513e-11 5.228755333e-11 5.254084878e-11 5.246209296e-11 5.293108392e-11 5.218311229e-11 5.205866896e-11 5.242993202e-11 5.314601438e-11 5.368022012e-11 5.322736587e-11 5.328926255e-11 5.235607534e-11 5.293908643e-11 5.357020772e-11 5.32166297e-11 5.355616311e-11 5.303869074e-11 5.299119526e-11 5.405682535e-11 5.369618193e-11 5.359919732e-11 5.381627057e-11 5.390652654e-11 5.378427268e-11 5.409805361e-11 5.424519613e-11 5.422352804e-11 5.379800798e-11 5.412855815e-11 5.489581095e-11 5.474688006e-11 5.404968266e-11 5.414821319e-11 5.471057674e-11 5.488279167e-11 5.473320311e-11 5.501669451e-11 5.460108678e-11 5.492202457e-11 5.425920732e-11 5.49703541e-11 5.5612175e-11 5.475920152e-11 5.47321364e-11 5.452360443e-11 5.417312768e-11 5.561421507e-11 
5.77846182e-11 5.714108865e-11 5.807231861e-11 5.729562908e-11 5.733537526e-11 5.768329767e-11 5.715365798e-11 5.699211026e-11 5.77536595e-11 5.649142325e-11 5.660572482e-11 5.660323485e-11 5.730933227e-11 5.764733262e-11 5.74075971e-11 5.681273736e-11 5.653376603e-11 5.728267219e-11 5.669249672e-11 5.685797932e-11 5.582008612e-11 5.664857587e-11 5.682984936e-11 5.670761033e-11 5.665476696e-11 5.68157365e-11 5.558048357e-11 5.669711604e-11 5.591732454e-11 5.594827687e-11 5.582571731e-11 5.541497476e-11 5.598406108e-11 5.588162142e-11 5.549887062e-11 5.616047679e-11 5.570827096e-11 5.522741922e-11 5.586074696e-11 5.624606755e-11 5.51875225e-11 5.493880786e-11 5.596150035e-11 5.461086818e-11 5.464849423e-11 5.405731256e-11 5.459109667e-11 5.507620594e-11 5.517668954e-11 5.456193074e-11 5.503613976e-11 5.384437851e-11 5.43327173e-11 5.472236003e-11 5.38846108e-11 5.377366304e-11 5.424347323e-11 5.364605386e-11 5.423981075e-11 5.35076611e-11 5.361555562e-11 5.380751165e-11 5.327500153e-11 5.314010062e-11 5.311102919e-11 5.258511873e-11 5.281644743e-11 5.351832839e-11 5.308994982e-11 5.343079826e-11 5.236689126e-11 5.300716102e-11 5.270580289e-11 5.315450746e-11 5.283007439e-11 5.288531286e-11 5.280990679e-11 5.264857911e-11 5.298916267e-11 5.22338853e-11 5.209308904e-11 5.250294092e-11 5.231603715e-11 5.326373003e-11 5.199944485e-11 5.281180159e-11 5.186219193e-11 5.285452309e-11 5.265156648e-11 5.264568855e-11 5.21052757e-11 5.254720516e-11 5.268246209e-11 5.256337598e-11 5.247954124e-11 5.300605281e-11 5.277636582e-11 5.260362715e-11 5.188225023e-11 5.222294025e-11 5.238228291e-11 5.235723081e-11 5.281980231e-11 5.325737456e-11 5.301844015e-11 5.260169663e-11 5.249674743e-11 5.266630164e-11 5.333165241e-11 5.375188411e-11 5.321509555e-11 5.33348952e-11 5.35316846e-11 5.342426342e-11 5.358580153e-11 5.365320186e-11 5.330122661e-11 5.331230847e-11 5.45657553e-11 5.425367889e-11 5.351722726e-11 5.419652671e-11 5.438827437e-11 5.416234138e-11 5.473196851e-11 5.437671367e-11 5.476361447e-11 5.404100435e-11 5.400539525e-11 5.418491116e-11 5.450696511e-11 5.436318641e-11 5.463240774e-11 5.439448009e-11 5.379492475e-11 5.51965058e-11 5.516390936e-11 5.452838052e-11 5.473950279e-11 5.528815593e-11 5.455846138e-11 5.5710675e-11 5.566204176e-11 5.460622971e-11 5.559063577e-11 5.560215212e-11 5.577052377e-11 5.651426782e-11 5.577374276e-11 5.610905924e-11 5.662913897e-11 5.577594989e-11 5.615780765e-11 5.553145589e-11 5.591821858e-11 5.590268953e-11 5.674347671e-11 5.65696546e-11 5.670840149e-11 5.64873538e-11 5.62235477e-11 5.639681011e-11 5.695026655e-11 5.60549781e-11 5.667153871e-11 5.799718738e-11 5.661459551e-11 5.743748195e-11 5.740730164e-11 5.768492625e-11 5.661800231e-11 5.814110709e-11 5.695762621e-11 5.73958657e-11 5.834164835e-11 5.783757048e-11 5.751666716e-11 5.779152406e-11 5.701619069e-11 5.765105759e-11 
5.975078083e-11 6.060334065e-11 5.977289127e-11 6.022440082e-11 5.974443613e-11 5.929463655e-11 5.966947503e-11 6.067606987e-11 5.988040447e-11 5.939572695e-11 6.012876295e-11 5.867351692e-11 5.956191338e-11 5.931411892e-11 5.913937437e-11 5.9291878e-11 5.926528171e-11 5.956512599e-11 5.91826706e-11 5.899515443e-11 5.939275545e-11 5.932950265e-11 5.85744416e-11 5.921203122e-11 5.817842178e-11 5.898659859e-11 5.883852731e-11 5.892432242e-11 5.955018202e-11 5.902223362e-11 5.874700613e-11 5.80716384e-11 5.807973495e-11 5.845980207e-11 5.774152061e-11 5.764375479e-11 5.783347404e-11 5.773402223e-11 5.753716525e-11 5.806807046e-11 5.794720184e-11 5.742231935e-11 5.803277411e-11 5.778947143e-11 5.822697674e-11 5.74552262e-11 5.741139117e-11 5.67390384e-11 5.731117707e-11 5.670219979e-11 5.669537107e-11 5.677956121e-11 5.678999098e-11 5.696005967e-11 5.690290564e-11 5.62099682e-11 5.644557022e-11 5.597043484e-11 5.630363088e-11 5.592230273e-11 5.555545048e-11 5.66776036e-11 5.63789349e-11 5.610275217e-11 5.598299941e-11 5.563818865e-11 5.614397263e-11 5.545446245e-11 5.562993406e-11 5.531552072e-11 5.556139904e-11 5.485884617e-11 5.528031789e-11 5.527232146e-11 5.565168251e-11 5.497645421e-11 5.523561554e-11 5.426602677e-11 5.523925216e-11 5.46962121e-11 5.455506409e-11 5.515358595e-11 5.507364615e-11 5.419814638e-11 5.513712494e-11 5.463781195e-11 5.525477525e-11 5.487926542e-11 5.472786826e-11 5.464808067e-11 5.532198658e-11 5.413754699e-11 5.490155898e-11 5.518075419e-11 5.454220032e-11 5.488936252e-11 5.50464655e-11 5.573057795e-11 5.528436408e-11 5.506142428e-11 5.49915092e-11 5.546416895e-11 5.480198984e-11 5.48658938e-11 5.541674926e-11 5.523110819e-11 5.483414181e-11 5.48223777e-11 5.509606555e-11 5.553880218e-11 5.535234381e-11 5.53467735e-11 5.630798038e-11 5.613421769e-11 5.646422369e-11 5.523846962e-11 5.607952835e-11 5.609534111e-11 5.612888508e-11 5.602411038e-11 5.550072489e-11 5.599906639e-11 5.651496657e-11 5.658016934e-11 5.608839901e-11 5.62446089e-11 5.656031822e-11 5.709064747e-11 5.683813291e-11 5.666493315e-11 5.645990792e-11 5.739837756e-11 5.727191039e-11 5.718298792e-11 5.702522024e-11 5.723098033e-11 5.776752346e-11 5.744712997e-11 5.753377621e-11 5.747723182e-11 5.77070559e-11 5.750432942e-11 5.790803019e-11 5.84669289e-11 5.767465674e-11 5.76350861e-11 5.82790461e-11 5.867021332e-11 5.8583674e-11 5.868515584e-11 5.901480105e-11 5.871270915e-11 5.945047568e-11 5.954546915e-11 5.855538577e-11 5.933284531e-11 5.928299661e-11 5.883976985e-11 5.922652194e-11 5.866703264e-11 5.912782416e-11 5.950549149e-11 5.963524201e-11 5.958271051e-11 5.985385511e-11 5.942167896e-11 5.921105873e-11 5.976970057e-11 6.012946944e-11 6.013789822e-11 5.989375876e-11 5.99774527e-11 5.973087623e-11 6.00459319e-11 6.034453881e-11 5.972422731e-11 5.991133867e-11 6.039975274e-11 6.080551887e-11 5.958521882e-11 
6.250155017e-11 6.182162847e-11 6.234898207e-11 6.252847446e-11 6.196536814e-11 6.196566308e-11 6.289546837e-11 6.295098953e-11 6.205111087e-11 6.160433382e-11 6.244064921e-11 6.237173173e-11 6.184825745e-11 6.200189695e-11 6.162253161e-11 6.14222564e-11 6.184488689e-11 6.187390923e-11 6.171449591e-11 6.140136078e-11 6.070123347e-11 6.119363922e-11 6.181824296e-11 6.132310928e-11 6.083589404e-11 6.129893963e-11 6.097617635e-11 6.041159746e-11 6.083257843e-11 6.083627185e-11 6.009043372e-11 6.107097204e-11 6.154761963e-11 6.018609688e-11 6.075221761e-11 6.066879999e-11 6.048922264e-11 6.037773228e-11 6.052679588e-11 5.962241166e-11 6.043862227e-11 6.01113782e-11 5.993594129e-11 5.993763565e-11 5.954968496e-11 6.005860442e-11 6.032731737e-11 5.921428699e-11 5.93001587e-11 5.927402983e-11 5.894306251e-11 5.948424418e-11 5.898047397e-11 5.880582071e-11 5.863179397e-11 5.952618753e-11 5.892863297e-11 5.884393102e-11 5.849148607e-11 5.918181034e-11 5.836870234e-11 5.886211986e-11 5.818818702e-11 5.848032564e-11 5.791204673e-11 5.831023682e-11 5.885453876e-11 5.848339762e-11 5.87805644e-11 5.815815437e-11 5.765893055e-11 5.785495405e-11 5.826305676e-11 5.839180977e-11 5.773616131e-11 5.76270516e-11 5.79707367e-11 5.824263305e-11 5.704833273e-11 5.693258955e-11 5.819644142e-11 5.75995563e-11 5.778581575e-11 5.676094906e-11 5.768160979e-11 5.688325523e-11 5.732672555e-11 5.78039312e-11 5.660896763e-11 5.774788346e-11 5.772532112e-11 5.760714156e-11 5.678982816e-11 5.830237499e-11 5.702559451e-11 5.683773003e-11 5.679696262e-11 5.753416929e-11 5.823066166e-11 5.685868188e-11 5.78106424e-11 5.670674208e-11 5.745463684e-11 5.673303852e-11 5.712495718e-11 5.819264871e-11 5.777748411e-11 5.770827284e-11 5.753559128e-11 5.783799024e-11 5.786682457e-11 5.848051775e-11 5.762404228e-11 5.798249514e-11 5.81913191e-11 5.870916367e-11 5.871543558e-11 5.892527264e-11 5.865122575e-11 5.843994992e-11 5.818707693e-11 5.890770997e-11 5.849694412e-11 5.907461655e-11 5.943462541e-11 5.907237015e-11 5.936328901e-11 5.91010352e-11 5.88373543e-11 5.900304252e-11 5.839708638e-11 5.883151153e-11 5.881230744e-11 5.883108335e-11 5.953404043e-11 5.901509637e-11 6.044517242e-11 5.962634204e-11 6.030839275e-11 6.006483972e-11 6.069396333e-11 6.031683469e-11 5.95000768e-11 6.072250979e-11 6.049249572e-11 6.048823636e-11 6.1347468e-11 6.164864294e-11 6.016738014e-11 6.052920054e-11 6.071823747e-11 6.119227381e-11 6.099399688e-11 6.091684769e-11 6.167756126e-11 6.149463641e-11 6.129170053e-11 6.101740558e-11 6.07755317e-11 6.122878354e-11 6.093777134e-11 6.124273853e-11 6.131645393e-11 6.154180316e-11 6.193090462e-11 6.202788327e-11 6.208388848e-11 6.103692161e-11 6.330461013e-11 6.302679269e-11 6.199120156e-11 6.209662243e-11 6.217255832e-11 6.229040319e-11 6.279809792e-11 6.23581852e-11 6.220482638e-11 6.289053142e-11 6.18855744e-11 6.205089194e-11 
6.458286479e-11 6.464555738e-11 6.3541485e-11 6.465925658e-11 6.537735132e-11 6.411668989e-11 6.434748831e-11 6.371883216e-11 6.492259767e-11 6.452784118e-11 6.463808542e-11 6.476400434e-11 6.35756003e-11 6.354167545e-11 6.409840151e-11 6.396838174e-11 6.363247732e-11 6.381536633e-11 6.279626365e-11 6.335992411e-11 6.394561617e-11 6.325942597e-11 6.396632302e-11 6.326551717e-11 6.351649256e-11 6.36718832e-11 6.31493603e-11 6.303111102e-11 6.308026624e-11 6.326295686e-11 6.283364619e-11 6.345973078e-11 6.258079999e-11 6.305508718e-11 6.250034949e-11 6.348582206e-11 6.297286458e-11 6.273207539e-11 6.294776349e-11 6.261934851e-11 6.12932496e-11 6.203869967e-11 6.167534606e-11 6.159748598e-11 6.215167065e-11 6.172964977e-11 6.208532472e-11 6.158769061e-11 6.131523606e-11 6.18478526e-11 6.169060851e-11 6.157738265e-11 6.092087027e-11 6.178497332e-11 6.168881431e-11 6.07841621e-11 6.146298535e-11 6.051338876e-11 6.106931471e-11 6.070725886e-11 6.094431758e-11 6.082459987e-11 6.048172151e-11 6.087023945e-11 6.06692136e-11 6.043208782e-11 6.031979112e-11 6.046027308e-11 6.038004978e-11 6.053436178e-11 5.939757836e-11 6.095609255e-11 6.03058623e-11 6.008478943e-11 6.018389071e-11 5.965508379e-11 6.000765678e-11 5.98549833e-11 5.970151373e-11 6.018502152e-11 5.967443298e-11 5.989897307e-11 5.946872125e-11 5.942207964e-11 5.934455749e-11 5.971616507e-11 5.827910684e-11 6.017631277e-11 5.955930505e-11 5.918445978e-11 6.000303935e-11 5.944715637e-11 5.966052082e-11 5.948033401e-11 5.983621778e-11 5.923084613e-11 5.938573309e-11 5.971312293e-11 6.005131363e-11 5.925899622e-11 5.940251246e-11 5.915115783e-11 6.008426708e-11 6.015652057e-11 5.947626966e-11 5.946456131e-11 6.02656067e-11 6.014834441e-11 6.004832411e-11 6.058568406e-11 6.03996389e-11 6.052872683e-11 6.066045517e-11 5.907655347e-11 5.987241299e-11 5.999549743e-11 6.041845269e-11 6.104681857e-11 6.056479204e-11 6.066418328e-11 6.03014981e-11 6.107225841e-11 6.094417685e-11 6.123502435e-11 6.105494713e-11 6.17519928e-11 6.132316218e-11 6.113418642e-11 6.194552154e-11 6.096522775e-11 6.163823628e-11 6.119384017e-11 6.174718814e-11 6.207685052e-11 6.19609781e-11 6.151084707e-11 6.179516179e-11 6.222757885e-11 6.297012056e-11 6.208466014e-11 6.159419184e-11 6.191190055e-11 6.224801132e-11 6.318445334e-11 6.300343548e-11 6.296751853e-11 6.278611228e-11 6.295393038e-11 6.223413871e-11 6.250609008e-11 6.280882401e-11 6.271359575e-11 6.299858449e-11 6.280201075e-11 6.267412496e-11 6.317086499e-11 6.333233281e-11 6.385542097e-11 6.353599188e-11 6.336016777e-11 6.424850412e-11 6.371468457e-11 6.362247247e-11 6.441828572e-11 6.401339581e-11 6.417499436e-11 6.368221786e-11 6.428280489e-11 6.516051247e-11 6.427505092e-11 6.463478449e-11 6.486413543e-11 6.411478605e-11 6.433571021e-11 6.42736016e-11 6.416565361e-11 6.45386802e-11 6.486076353e-11 6.485795083e-11 6.499684601e-11 
6.654053706e-11 6.686274656e-11 6.644727407e-11 6.675137326e-11 6.653960486e-11 6.64561553e-11 6.700630493e-11 6.68324838e-11 6.729948697e-11 6.630733534e-11 6.630759013e-11 6.60363292e-11 6.622387634e-11 6.58667732e-11 6.645289393e-11 6.641693771e-11 6.611798503e-11 6.616115908e-11 6.632834548e-11 6.522613594e-11 6.549454245e-11 6.647403963e-11 6.605039448e-11 6.601992406e-11 6.52822293e-11 6.567377748e-11 6.524396942e-11 6.549637556e-11 6.485580456e-11 6.472730269e-11 6.520834799e-11 6.503199687e-11 6.485114464e-11 6.50911277e-11 6.512216783e-11 6.528564578e-11 6.497418073e-11 6.435205913e-11 6.446293472e-11 6.453019537e-11 6.390828496e-11 6.50002459e-11 6.490335658e-11 6.502549456e-11 6.380427905e-11 6.39443857e-11 6.394068799e-11 6.380377657e-11 6.375387492e-11 6.357467141e-11 6.351549054e-11 6.387942995e-11 6.362172289e-11 6.267761047e-11 6.305650765e-11 6.36236079e-11 6.281700388e-11 6.355195765e-11 6.306302379e-11 6.282128941e-11 6.335958839e-11 6.320466017e-11 6.224099292e-11 6.281824277e-11 6.232620007e-11 6.223156618e-11 6.224668458e-11 6.229627138e-11 6.336056728e-11 6.232678378e-11 6.266962369e-11 6.257984415e-11 6.157230659e-11 6.230420134e-11 6.222906588e-11 6.221962653e-11 6.140013775e-11 6.254637433e-11 6.198231629e-11 6.171281389e-11 6.204783699e-11 6.144089638e-11 6.226586578e-11 6.180710078e-11 6.157822504e-11 6.088431795e-11 6.132347637e-11 6.172338961e-11 6.167684808e-11 6.177417882e-11 6.15701435e-11 6.209960235e-11 6.185223783e-11 6.147264862e-11 6.162448825e-11 6.20863091e-11 6.168910452e-11 6.143586428e-11 6.180005315e-11 6.323293916e-11 6.172473743e-11 6.225814709e-11 6.156594792e-11 6.118801937e-11 6.103775297e-11 6.274798208e-11 6.215671004e-11 6.18954057e-11 6.182789139e-11 6.196914046e-11 6.186755059e-11 6.229134423e-11 6.211847574e-11 6.213110661e-11 6.281893751e-11 6.274524591e-11 6.294910354e-11 6.258526702e-11 6.283901324e-11 6.333211309e-11 6.26222615e-11 6.303255801e-11 6.258713521e-11 6.297757119e-11 6.281178627e-11 6.384620396e-11 6.302866416e-11 6.346653923e-11 6.334178136e-11 6.456977254e-11 6.381189196e-11 6.319425323e-11 6.399903073e-11 6.421394634e-11 6.439626424e-11 6.433247925e-11 6.464740877e-11 6.443722695e-11 6.438314674e-11 6.425248751e-11 6.443307282e-11 6.385034986e-11 6.480030626e-11 6.454878725e-11 6.468500337e-11 6.452996633e-11 6.491806115e-11 6.563731679e-11 6.479152758e-11 6.459463796e-11 6.54966669e-11 6.598537138e-11 6.523398478e-11 6.559558745e-11 6.502981795e-11 6.556733774e-11 6.603453726e-11 6.587438533e-11 6.649803306e-11 6.627318577e-11 6.588707556e-11 6.573251743e-11 6.596900993e-11 6.626571966e-11 6.510864705e-11 6.609860669e-11 6.617567032e-11 6.658144473e-11 6.643269968e-11 6.66304411e-11 6.612457789e-11 6.622720222e-11 6.664400012e-11 6.620370449e-11 6.676277166e-11 6.672254703e-11 6.654368265e-11 6.7089166e-11 6.682537448e-11 6.666824473e-11 
6.909446208e-11 6.918707401e-11 6.894890768e-11 6.948626886e-11 6.829040109e-11 6.837574687e-11 6.869508279e-11 6.896037534e-11 6.892701156e-11 6.833130776e-11 6.874092138e-11 6.825725552e-11 6.959981686e-11 6.848083936e-11 6.840985843e-11 6.769063321e-11 6.810422431e-11 6.821622903e-11 6.786940036e-11 6.871039655e-11 6.800076564e-11 6.902540695e-11 6.784642068e-11 6.7726251e-11 6.702541421e-11 6.7039306e-11 6.669631367e-11 6.698043184e-11 6.709746502e-11 6.721437424e-11 6.772059754e-11 6.719463927e-11 6.680611515e-11 6.638939608e-11 6.658219785e-11 6.693684013e-11 6.652359081e-11 6.71732709e-11 6.646938566e-11 6.744457523e-11 6.585580651e-11 6.655697908e-11 6.630345066e-11 6.682843775e-11 6.613713954e-11 6.597437396e-11 6.613520022e-11 6.600266617e-11 6.518799508e-11 6.587728224e-11 6.540560406e-11 6.530095098e-11 6.569018699e-11 6.499785438e-11 6.474078493e-11 6.581535444e-11 6.511770682e-11 6.544522911e-11 6.450624864e-11 6.48708472e-11 6.494085229e-11 6.527419536e-11 6.417934074e-11 6.489090182e-11 6.448214735e-11 6.433737635e-11 6.439586381e-11 6.45940169e-11 6.453548257e-11 6.399128159e-11 6.425126203e-11 6.455788389e-11 6.362553122e-11 6.434085523e-11 6.44048545e-11 6.401042834e-11 6.392032168e-11 6.398516859e-11 6.31646384e-11 6.374403841e-11 6.373924928e-11 6.404056767e-11 6.334797558e-11 6.398744979e-11 6.357933409e-11 6.293706794e-11 6.38476819e-11 6.310352635e-11 6.354433722e-11 6.401514678e-11 6.358177506e-11 6.373378774e-11 6.390630988e-11 6.409917911e-11 6.328298225e-11 6.418790606e-11 6.407806328e-11 6.391270593e-11 6.306345697e-11 6.396565523e-11 6.392383687e-11 6.408117238e-11 6.311545737e-11 6.330590346e-11 6.464016235e-11 6.455444873e-11 6.313223975e-11 6.344616269e-11 6.400052466e-11 6.45394211e-11 6.457714304e-11 6.422132509e-11 6.376724125e-11 6.352772796e-11 6.404381465e-11 6.430106609e-11 6.422586709e-11 6.527888573e-11 6.527874462e-11 6.475249382e-11 6.56172212e-11 6.538366114e-11 6.53089343e-11 6.557513989e-11 6.469918008e-11 6.554104185e-11 6.594095937e-11 6.494086707e-11 6.516873759e-11 6.618941675e-11 6.52647849e-11 6.619880963e-11 6.587065534e-11 6.583347969e-11 6.625063846e-11 6.571625013e-11 6.567068218e-11 6.735094643e-11 6.587737734e-11 6.698711375e-11 6.619484601e-11 6.725165332e-11 6.685778995e-11 6.642172283e-11 6.630695268e-11 6.737947431e-11 6.740670987e-11 6.692264862e-11 6.653078748e-11 6.754854345e-11 6.686293484e-11 6.724225377e-11 6.746858911e-11 6.7227218e-11 6.683154564e-11 6.732572809e-11 6.791812926e-11 6.812972808e-11 6.811772311e-11 6.773363288e-11 6.815341902e-11 6.761083693e-11 6.78327222e-11 6.813033322e-11 6.887266469e-11 6.90519399e-11 6.901333575e-11 6.824474169e-11 6.869882864e-11 6.925031788e-11 6.790165477e-11 6.889536673e-11 6.797147334e-11 6.888194652e-11 6.80331608e-11 6.86997367e-11 6.967632936e-11 6.908433598e-11 6.884188745e-11 6.925477657e-11 
7.030603073e-11 7.141864334e-11 7.084942664e-11 7.066538731e-11 6.996399176e-11 7.060833951e-11 7.055781335e-11 6.973143638e-11 7.10574546e-11 7.112128263e-11 7.056844941e-11 7.082283724e-11 7.028065771e-11 7.014744157e-11 7.032248022e-11 7.091851642e-11 6.939853742e-11 7.011068616e-11 7.05438578e-11 6.985004696e-11 6.946869816e-11 6.927964938e-11 6.908027075e-11 6.893549693e-11 6.962982733e-11 6.947639299e-11 6.984103158e-11 6.94892106e-11 6.8670616e-11 6.849391115e-11 6.917436064e-11 6.913267718e-11 6.931461005e-11 6.860996476e-11 6.896023455e-11 6.899500367e-11 6.867044383e-11 6.871346673e-11 6.853730001e-11 6.883274437e-11 6.817538826e-11 6.805180849e-11 6.795260616e-11 6.810889253e-11 6.80750109e-11 6.721190161e-11 6.720330561e-11 6.829767965e-11 6.753786937e-11 6.741658683e-11 6.68460013e-11 6.783334314e-11 6.751023251e-11 6.71958376e-11 6.766466712e-11 6.746047683e-11 6.744217542e-11 6.733961413e-11 6.687976164e-11 6.688870347e-11 6.678024503e-11 6.682648511e-11 6.659894702e-11 6.67363026e-11 6.668632559e-11 6.674462527e-11 6.575863349e-11 6.605934556e-11 6.573379937e-11 6.62709286e-11 6.677864524e-11 6.577036954e-11 6.599434388e-11 6.564032975e-11 6.573507423e-11 6.570515536e-11 6.604096222e-11 6.580751679e-11 6.546453151e-11 6.59202497e-11 6.576257166e-11 6.578241163e-11 6.528362571e-11 6.634211366e-11 6.648254827e-11 6.541081351e-11 6.607724558e-11 6.483717518e-11 6.538396929e-11 6.570093169e-11 6.567416616e-11 6.561891683e-11 6.541131014e-11 6.486006901e-11 6.589654692e-11 6.56353127e-11 6.560827093e-11 6.53520754e-11 6.567245857e-11 6.562975118e-11 6.585622109e-11 6.620674756e-11 6.538948592e-11 6.666512101e-11 6.660119687e-11 6.580378793e-11 6.597829707e-11 6.57798729e-11 6.622194172e-11 6.642436913e-11 6.605851111e-11 6.646353902e-11 6.678632307e-11 6.683227625e-11 6.66856219e-11 6.672245352e-11 6.644830931e-11 6.734395944e-11 6.607823283e-11 6.730098108e-11 6.670310117e-11 6.724341998e-11 6.671328394e-11 6.733064188e-11 6.671698239e-11 6.730203474e-11 6.712843223e-11 6.750976801e-11 6.79048102e-11 6.820755804e-11 6.832930183e-11 6.766910124e-11 6.831240929e-11 6.852495016e-11 6.859431043e-11 6.798784308e-11 6.804533632e-11 6.81485172e-11 6.798618904e-11 6.853850141e-11 6.848858101e-11 6.831461647e-11 6.814527433e-11 6.819082155e-11 6.911150254e-11 6.917563758e-11 6.926993298e-11 6.90258347e-11 6.898057007e-11 6.894925565e-11 6.882464987e-11 6.861146778e-11 6.923784431e-11 6.98736125e-11 6.930741612e-11 6.959096275e-11 7.012750174e-11 6.946174777e-11 6.89812957e-11 6.917095033e-11 7.035512052e-11 7.013110023e-11 7.017498694e-11 7.000527497e-11 7.048765663e-11 7.007694085e-11 7.126112723e-11 7.082820434e-11 7.024528975e-11 7.019508856e-11 7.07009285e-11 7.062845663e-11 7.109482499e-11 7.076135071e-11 7.018291893e-11 7.156096692e-11 7.08076149e-11 7.123788274e-11 7.072835147e-11 7.059416954e-11 
7.261332881e-11 7.313927592e-11 7.280869688e-11 7.253269363e-11 7.218774297e-11 7.27884307e-11 7.220841869e-11 7.231736928e-11 7.218628103e-11 7.239513485e-11 7.311521123e-11 7.278829491e-11 7.250301224e-11 7.195024071e-11 7.158967561e-11 7.21026492e-11 7.141576622e-11 7.191686518e-11 7.161530053e-11 7.227833312e-11 7.108202475e-11 7.245717486e-11 7.11058067e-11 7.129844833e-11 7.226074133e-11 7.151892681e-11 7.130478866e-11 7.141957994e-11 7.179179174e-11 7.095419501e-11 7.08545185e-11 7.054160365e-11 7.160280256e-11 6.977573983e-11 7.109323677e-11 7.04364891e-11 6.981239288e-11 7.009464497e-11 7.035676254e-11 6.988642236e-11 7.004979372e-11 7.010175312e-11 7.005965738e-11 7.115615978e-11 7.023845184e-11 6.909943576e-11 6.939212551e-11 6.950557432e-11 7.026630675e-11 6.935584042e-11 6.998278215e-11 6.927123336e-11 6.953260101e-11 6.874052935e-11 6.90678621e-11 6.941127016e-11 6.88969629e-11 6.929682473e-11 6.893083993e-11 6.838418207e-11 6.944591289e-11 6.824424038e-11 6.853100672e-11 6.798325239e-11 6.802328597e-11 6.79802057e-11 6.86826892e-11 6.787650083e-11 6.750790364e-11 6.80219476e-11 6.818598179e-11 6.840730216e-11 6.805387255e-11 6.790800408e-11 6.774529816e-11 6.8260483e-11 6.74205079e-11 6.762240035e-11 6.829694537e-11 6.770354199e-11 6.720515462e-11 6.764256274e-11 6.751539684e-11 6.796885056e-11 6.748055917e-11 6.730604402e-11 6.794679622e-11 6.730653414e-11 6.74781555e-11 6.692336214e-11 6.735963106e-11 6.743864782e-11 6.757106897e-11 6.73522781e-11 6.730230265e-11 6.703376978e-11 6.792156056e-11 6.76353513e-11 6.761700377e-11 6.799665574e-11 6.861650016e-11 6.728320436e-11 6.783195944e-11 6.79487661e-11 6.786038487e-11 6.718838128e-11 6.809909607e-11 6.760310608e-11 6.832461628e-11 6.849594589e-11 6.825584699e-11 6.786256334e-11 6.796538899e-11 6.846439276e-11 6.821278491e-11 6.815714984e-11 6.783196875e-11 6.898669351e-11 6.771572853e-11 6.927947016e-11 6.879191296e-11 6.876092897e-11 6.861480026e-11 6.935002974e-11 6.869881724e-11 6.970763443e-11 6.895397145e-11 6.957086644e-11 6.924401543e-11 7.073237233e-11 6.966420325e-11 6.97430059e-11 6.970829013e-11 6.948317189e-11 6.966539849e-11 6.928052683e-11 6.941979893e-11 7.072405853e-11 7.001503865e-11 7.036804954e-11 7.090709127e-11 7.066165542e-11 7.043103158e-11 7.06743333e-11 7.162115795e-11 7.001504059e-11 7.046151742e-11 7.100679841e-11 7.166842378e-11 7.066496903e-11 7.149539508e-11 7.104513693e-11 7.137459054e-11 7.125190405e-11 7.085371823e-11 7.104793836e-11 7.204963382e-11 7.152958393e-11 7.175742316e-11 7.154922427e-11 7.165781433e-11 7.188254989e-11 7.143443254e-11 7.146967259e-11 7.265550754e-11 7.191099155e-11 7.179965991e-11 7.251128553e-11 7.277755515e-11 7.289585601e-11 7.17774928e-11 7.235705666e-11 7.302464117e-11 7.333999223e-11 7.215191962e-11 7.25798208e-11 7.294597681e-11 7.30678185e-11 7.278040187e-11 7.292802324e-11 
7.421884305e-11 7.463531165e-11 7.483617575e-11 7.446290658e-11 7.448905547e-11 7.367480374e-11 7.429663393e-11 7.409676385e-11 7.438386778e-11 7.403150575e-11 7.441324873e-11 7.340986741e-11 7.398846556e-11 7.408527767e-11 7.400073822e-11 7.400048659e-11 7.316151151e-11 7.370542592e-11 7.355785169e-11 7.404069261e-11 7.313526836e-11 7.294824591e-11 7.390944762e-11 7.273138671e-11 7.299161721e-11 7.330195001e-11 7.31759091e-11 7.274910395e-11 7.307081791e-11 7.315437598e-11 7.236578456e-11 7.213017007e-11 7.31003546e-11 7.201571937e-11 7.295457717e-11 7.322555273e-11 7.179160032e-11 7.23252768e-11 7.223918719e-11 7.187400097e-11 7.234327019e-11 7.173627842e-11 7.179132453e-11 7.232330157e-11 7.168824614e-11 7.162749848e-11 7.203768561e-11 7.133678353e-11 7.155560318e-11 7.088712834e-11 7.150702108e-11 7.152244201e-11 7.115676211e-11 7.149817963e-11 7.173196008e-11 7.103037926e-11 7.162332565e-11 7.10706166e-11 7.071603107e-11 7.111382918e-11 7.039203105e-11 7.024667001e-11 7.028917182e-11 7.055325939e-11 6.980163066e-11 7.01067885e-11 6.9343166e-11 6.996007869e-11 7.036187091e-11 6.987278003e-11 6.969631233e-11 6.979115203e-11 7.047677655e-11 6.90685985e-11 6.993053607e-11 6.962360626e-11 6.904976104e-11 6.89640183e-11 6.901147218e-11 6.90689133e-11 6.918888828e-11 6.881146747e-11 6.91442777e-11 6.936340895e-11 6.859795351e-11 6.94327008e-11 6.982478228e-11 6.921743638e-11 6.971228303e-11 6.954094831e-11 6.91894034e-11 6.945254871e-11 6.95484262e-11 6.927465955e-11 6.896489795e-11 6.917378943e-11 6.892151885e-11 6.978860262e-11 6.894315522e-11 6.941396509e-11 6.96584939e-11 6.991135384e-11 6.813039471e-11 6.897453845e-11 6.997404048e-11 6.943758246e-11 6.943493882e-11 6.994561677e-11 6.946283761e-11 6.984622111e-11 6.915357175e-11 6.955969337e-11 6.965677769e-11 7.080230538e-11 6.998372412e-11 6.969860787e-11 7.078765749e-11 7.030115787e-11 6.978528575e-11 7.100452567e-11 7.023635311e-11 7.135674952e-11 7.080078038e-11 7.007127318e-11 7.105800861e-11 7.153296957e-11 7.115902714e-11 7.123224133e-11 7.069806253e-11 7.092579118e-11 7.128098259e-11 7.112544357e-11 7.08663675e-11 7.207511532e-11 7.180906355e-11 7.205563495e-11 7.172555839e-11 7.118489197e-11 7.113882295e-11 7.197263274e-11 7.175633238e-11 7.184344461e-11 7.25261478e-11 7.241058841e-11 7.226693435e-11 7.201090932e-11 7.332172334e-11 7.186257829e-11 7.281800271e-11 7.291652791e-11 7.272587212e-11 7.349529688e-11 7.349252275e-11 7.358129434e-11 7.313971439e-11 7.269498217e-11 7.329984916e-11 7.394075783e-11 7.279705964e-11 7.294000387e-11 7.347533985e-11 7.393968488e-11 7.407762616e-11 7.330211734e-11 7.366157452e-11 7.347512514e-11 7.42559882e-11 7.424868327e-11 7.353517139e-11 7.371777308e-11 7.42838572e-11 7.367729606e-11 7.39764992e-11 7.42955209e-11 7.413030363e-11 7.446382538e-11 7.423758939e-11 7.46975952e-11 7.427467338e-11 7.418679203e-11 
7.643326603e-11 7.618217529e-11 7.606229219e-11 7.51690042e-11 7.581665946e-11 7.534473516e-11 7.630508435e-11 7.664410041e-11 7.605275857e-11 7.601018777e-11 7.533521703e-11 7.538679346e-11 7.606094835e-11 7.586762449e-11 7.521228929e-11 7.562540671e-11 7.467712027e-11 7.536542048e-11 7.512022448e-11 7.534723054e-11 7.569455095e-11 7.572214278e-11 7.545439372e-11 7.498594554e-11 7.478229322e-11 7.445414958e-11 7.528770572e-11 7.461012166e-11 7.416457814e-11 7.429600095e-11 7.391721411e-11 7.455413992e-11 7.422226313e-11 7.451268805e-11 7.442355461e-11 7.355123604e-11 7.390010319e-11 7.46076257e-11 7.433806925e-11 7.302465958e-11 7.360877524e-11 7.311361515e-11 7.367232421e-11 7.284622986e-11 7.3918276e-11 7.352468808e-11 7.334433617e-11 7.309524075e-11 7.325423555e-11 7.395987859e-11 7.312866697e-11 7.341735238e-11 7.31897794e-11 7.280059731e-11 7.248602327e-11 7.238939193e-11 7.24130217e-11 7.206233279e-11 7.205091651e-11 7.20789825e-11 7.176282753e-11 7.121057406e-11 7.189365316e-11 7.225149286e-11 7.109033096e-11 7.225210133e-11 7.17743358e-11 7.116297152e-11 7.203633282e-11 7.202844802e-11 7.105242201e-11 7.184739992e-11 7.129167257e-11 7.130945735e-11 7.08934966e-11 7.156160451e-11 7.141759101e-11 7.132499687e-11 7.104140514e-11 7.067407644e-11 7.064808125e-11 7.05925796e-11 7.094172135e-11 7.055258763e-11 7.03398005e-11 7.122545259e-11 7.069641095e-11 7.045985906e-11 7.105303614e-11 7.031339733e-11 7.067235025e-11 7.195683573e-11 7.08269326e-11 7.095592316e-11 7.076632372e-11 7.117182554e-11 7.120675487e-11 7.091851427e-11 7.073142217e-11 7.128032799e-11 7.10870401e-11 7.109351924e-11 7.103372882e-11 7.14895764e-11 7.076820077e-11 7.141334199e-11 7.206709852e-11 7.077102552e-11 7.159281885e-11 7.163072159e-11 7.117926442e-11 7.147321304e-11 7.168546048e-11 7.14782807e-11 7.196137241e-11 7.224014526e-11 7.241301591e-11 7.235190416e-11 7.212804734e-11 7.213506483e-11 7.306024562e-11 7.184389595e-11 7.240723893e-11 7.199955955e-11 7.255097144e-11 7.296638012e-11 7.288340911e-11 7.297381381e-11 7.276403812e-11 7.274163628e-11 7.223267499e-11 7.335471285e-11 7.224929552e-11 7.284494289e-11 7.316593566e-11 7.374648736e-11 7.447348079e-11 7.299542242e-11 7.307941758e-11 7.41774833e-11 7.414361742e-11 7.418130043e-11 7.406509759e-11 7.42217656e-11 7.41134477e-11 7.336102509e-11 7.392970654e-11 7.399333091e-11 7.4800983e-11 7.516493657e-11 7.480173946e-11 7.515170925e-11 7.426109151e-11 7.496523485e-11 7.509477038e-11 7.48714408e-11 7.523252018e-11 7.49380058e-11 7.517882443e-11 7.47357824e-11 7.544420202e-11 7.462629168e-11 7.502810627e-11 7.529419465e-11 7.589694406e-11 7.493427835e-11 7.509898137e-11 7.627391638e-11 7.596816389e-11 7.631691816e-11 7.586489323e-11 7.678939115e-11 7.598054284e-11 7.596228696e-11 7.625896821e-11 7.639885103e-11 7.639325526e-11 7.643404403e-11 7.562439783e-11 7.632767159e-11 
7.708276107e-11 7.823390012e-11 7.781891708e-11 7.838413714e-11 7.759104464e-11 7.736835509e-11 7.817686222e-11 7.709177123e-11 7.796812806e-11 7.730518226e-11 7.659651069e-11 7.71804303e-11 7.714621187e-11 7.737970876e-11 7.730110977e-11 7.680549801e-11 7.67100874e-11 7.711379945e-11 7.632327316e-11 7.614058602e-11 7.67846368e-11 7.714046478e-11 7.665607375e-11 7.646401852e-11 7.603519363e-11 7.583891559e-11 7.584732134e-11 7.578731227e-11 7.657487651e-11 7.579922762e-11 7.672551458e-11 7.596664651e-11 7.556748201e-11 7.574507708e-11 7.553272473e-11 7.551548432e-11 7.586571776e-11 7.605610392e-11 7.556843369e-11 7.559318947e-11 7.496591356e-11 7.524350902e-11 7.427699578e-11 7.505546613e-11 7.498518613e-11 7.473003688e-11 7.548339662e-11 7.475117927e-11 7.450933386e-11 7.480294807e-11 7.419353385e-11 7.423277026e-11 7.495876124e-11 7.449228138e-11 7.387029447e-11 7.360186682e-11 7.442318142e-11 7.351746978e-11 7.37880854e-11 7.338415358e-11 7.347024278e-11 7.323545277e-11 7.402885886e-11 7.361807493e-11 7.353797137e-11 7.323048778e-11 7.270294903e-11 7.34345665e-11 7.354094621e-11 7.37851007e-11 7.362407556e-11 7.201497917e-11 7.313888056e-11 7.26405097e-11 7.205365122e-11 7.327890644e-11 7.311690633e-11 7.181165536e-11 7.208914775e-11 7.278688736e-11 7.266728811e-11 7.263021871e-11 7.259704048e-11 7.213347227e-11 7.300734747e-11 7.25692329e-11 7.226967835e-11 7.246258868e-11 7.215544887e-11 7.237428726e-11 7.276198444e-11 7.251895799e-11 7.25627566e-11 7.222773491e-11 7.16970491e-11 7.196452574e-11 7.200653861e-11 7.200517925e-11 7.353444548e-11 7.239105583e-11 7.20602504e-11 7.164718163e-11 7.333916092e-11 7.22363334e-11 7.278160647e-11 7.235468928e-11 7.293322915e-11 7.303510967e-11 7.245458573e-11 7.342234534e-11 7.385112383e-11 7.376047877e-11 7.318128184e-11 7.241932674e-11 7.321324438e-11 7.31272078e-11 7.318312863e-11 7.268892354e-11 7.318807308e-11 7.343027799e-11 7.390724183e-11 7.328727957e-11 7.351224694e-11 7.355021369e-11 7.267361892e-11 7.419459944e-11 7.425469765e-11 7.491198403e-11 7.412518076e-11 7.505825692e-11 7.442915584e-11 7.492078285e-11 7.423531154e-11 7.507262043e-11 7.524023111e-11 7.496474695e-11 7.461998073e-11 7.411388185e-11 7.479791613e-11 7.497386225e-11 7.578866379e-11 7.526607056e-11 7.516927581e-11 7.509005902e-11 7.499365363e-11 7.561187047e-11 7.519209487e-11 7.571690748e-11 7.547570943e-11 7.627346382e-11 7.56721454e-11 7.619290122e-11 7.626888047e-11 7.604498448e-11 7.611030403e-11 7.625354427e-11 7.674220129e-11 7.582960128e-11 7.681560084e-11 7.650564e-11 7.740031153e-11 7.685097201e-11 7.789791052e-11 7.702749173e-11 7.69883039e-11 7.664217946e-11 7.703860887e-11 7.730043138e-11 7.659497026e-11 7.745838121e-11 7.773900223e-11 7.657159941e-11 7.758924668e-11 7.791143348e-11 7.693623972e-11 7.743411992e-11 7.770697858e-11 7.704725735e-11 7.724927605e-11 7.726237981e-11 
7.919102875e-11 7.912724644e-11 7.934755062e-11 7.920904649e-11 7.852130953e-11 7.901703588e-11 7.967079989e-11 7.886247675e-11 7.924412347e-11 7.854153314e-11 7.853707185e-11 7.906292773e-11 7.879377552e-11 7.852650937e-11 7.816412989e-11 7.8657826e-11 7.88501275e-11 7.784771969e-11 7.839650698e-11 7.804877956e-11 7.747847239e-11 7.792224229e-11 7.841974719e-11 7.736123785e-11 7.740424785e-11 7.795080112e-11 7.816900294e-11 7.744830694e-11 7.750222331e-11 7.74139724e-11 7.786250735e-11 7.721580437e-11 7.666237206e-11 7.822442452e-11 7.784995182e-11 7.717796043e-11 7.711117576e-11 7.746474174e-11 7.664591244e-11 7.709378338e-11 7.694965559e-11 7.666632316e-11 7.681885422e-11 7.646907217e-11 7.640110739e-11 7.610766951e-11 7.656695097e-11 7.678776205e-11 7.616616789e-11 7.63685351e-11 7.576378899e-11 7.641032137e-11 7.608975004e-11 7.559872571e-11 7.569330732e-11 7.560194137e-11 7.516262033e-11 7.541653832e-11 7.570268584e-11 7.492366734e-11 7.468434552e-11 7.527564152e-11 7.474792355e-11 7.537851965e-11 7.46615357e-11 7.415098942e-11 7.533482093e-11 7.466278985e-11 7.55575556e-11 7.491132434e-11 7.418566502e-11 7.520264662e-11 7.453279544e-11 7.383238687e-11 7.406942565e-11 7.420314185e-11 7.422155836e-11 7.391576486e-11 7.418386691e-11 7.373047982e-11 7.446284739e-11 7.43775407e-11 7.391212216e-11 7.421108521e-11 7.37024682e-11 7.439895503e-11 7.409424452e-11 7.426406618e-11 7.421152568e-11 7.319788443e-11 7.436600106e-11 7.424811127e-11 7.386303445e-11 7.387593512e-11 7.405205227e-11 7.402795416e-11 7.382177106e-11 7.352683549e-11 7.421135649e-11 7.437752168e-11 7.396567982e-11 7.486039183e-11 7.404271486e-11 7.406723791e-11 7.454767069e-11 7.431404807e-11 7.441777149e-11 7.485628471e-11 7.490727235e-11 7.454992e-11 7.532555616e-11 7.462585919e-11 7.468524766e-11 7.460545374e-11 7.456462194e-11 7.489389383e-11 7.490476394e-11 7.527363689e-11 7.454745579e-11 7.532021928e-11 7.486941547e-11 7.560305474e-11 7.523857421e-11 7.494097963e-11 7.479271452e-11 7.541089113e-11 7.58222911e-11 7.628921895e-11 7.578813627e-11 7.620762291e-11 7.601267436e-11 7.581286046e-11 7.63104047e-11 7.655045951e-11 7.603139458e-11 7.64826553e-11 7.720554289e-11 7.621196746e-11 7.685434024e-11 7.701081395e-11 7.659649038e-11 7.69072366e-11 7.730551019e-11 7.644949202e-11 7.710008735e-11 7.701427071e-11 7.668006917e-11 7.710612237e-11 7.787415295e-11 7.769489914e-11 7.733607823e-11 7.820665347e-11 7.686585676e-11 7.772432995e-11 7.872762918e-11 7.799787405e-11 7.862466555e-11 7.752429429e-11 7.860051266e-11 7.790883999e-11 7.841639932e-11 7.727125053e-11 7.883724251e-11 7.828480461e-11 7.851859185e-11 7.84816448e-11 7.909817042e-11 7.777831382e-11 7.865290332e-11 7.908286343e-11 7.837063395e-11 7.874666732e-11 7.844098362e-11 7.975925912e-11 7.939546774e-11 8.004162287e-11 7.914126652e-11 7.885267833e-11 7.964402936e-11 7.967391639e-11 
8.121840735e-11 8.036418928e-11 8.003842995e-11 8.121309568e-11 8.000387885e-11 8.040468961e-11 8.055446743e-11 8.017929708e-11 8.06755537e-11 8.034046677e-11 8.017629099e-11 7.923253742e-11 8.037997647e-11 8.030619794e-11 7.990824179e-11 8.048448457e-11 7.979610352e-11 7.950647347e-11 8.008019648e-11 7.959513891e-11 7.977987833e-11 7.937788856e-11 7.902882879e-11 7.993909951e-11 7.981766467e-11 7.911889253e-11 7.951740885e-11 7.981702966e-11 7.922657542e-11 7.861793282e-11 7.875485584e-11 7.873415893e-11 7.886897367e-11 7.916369427e-11 7.84719014e-11 7.829122751e-11 7.851825662e-11 7.891811639e-11 7.84417507e-11 7.789004609e-11 7.788034307e-11 7.783926362e-11 7.744914135e-11 7.808141139e-11 7.791625852e-11 7.717669614e-11 7.789986253e-11 7.738617623e-11 7.76709485e-11 7.795788364e-11 7.698608294e-11 7.747292104e-11 7.712699577e-11 7.740959954e-11 7.656840903e-11 7.764226546e-11 7.699817776e-11 7.699265778e-11 7.575120986e-11 7.690908853e-11 7.658463953e-11 7.676602463e-11 7.656818036e-11 7.618493779e-11 7.700893337e-11 7.581782741e-11 7.653009023e-11 7.544741999e-11 7.65261549e-11 7.478502296e-11 7.495957558e-11 7.581243413e-11 7.65042423e-11 7.542763918e-11 7.549750463e-11 7.627537887e-11 7.592432957e-11 7.595606634e-11 7.558846291e-11 7.622279318e-11 7.589884688e-11 7.547237846e-11 7.527663568e-11 7.515184336e-11 7.504801701e-11 7.54392611e-11 7.546143448e-11 7.581254802e-11 7.583143663e-11 7.541817234e-11 7.48740645e-11 7.534217908e-11 7.551077568e-11 7.643389975e-11 7.510651849e-11 7.501687999e-11 7.542377308e-11 7.524143569e-11 7.510192553e-11 7.552319231e-11 7.6112641e-11 7.612668002e-11 7.689890833e-11 7.576215391e-11 7.615224593e-11 7.499608559e-11 7.586070756e-11 7.628965502e-11 7.569764627e-11 7.670910311e-11 7.668018473e-11 7.587376326e-11 7.603849501e-11 7.649115406e-11 7.716736154e-11 7.663114088e-11 7.673881086e-11 7.658121287e-11 7.614288439e-11 7.635575474e-11 7.677084395e-11 7.724340295e-11 7.694331866e-11 7.693540806e-11 7.661873546e-11 7.768963445e-11 7.69004894e-11 7.663300866e-11 7.730467908e-11 7.708680165e-11 7.750967295e-11 7.729369662e-11 7.711810191e-11 7.750561507e-11 7.827044932e-11 7.845302355e-11 7.847570418e-11 7.816731676e-11 7.832296248e-11 7.74607622e-11 7.835451064e-11 7.852923819e-11 7.844393152e-11 7.88548325e-11 7.83043288e-11 7.852582931e-11 7.854828981e-11 7.946279376e-11 7.886379703e-11 7.914625317e-11 7.881185994e-11 7.944572347e-11 7.878330701e-11 7.861430954e-11 7.908381471e-11 7.964588412e-11 7.925736528e-11 7.875420083e-11 7.980755719e-11 8.013674857e-11 7.952508608e-11 8.012452633e-11 7.976780008e-11 7.974920193e-11 7.962653183e-11 7.997493613e-11 7.990238308e-11 8.024044627e-11 8.04294233e-11 7.95932296e-11 7.978502588e-11 8.050531421e-11 8.081489911e-11 8.025759494e-11 8.071303106e-11 8.065067333e-11 8.063412058e-11 8.067214518e-11 8.049411188e-11 8.134840592e-11 
8.17660415e-11 8.163295189e-11 8.158548673e-11 8.204944816e-11 8.162632391e-11 8.232805245e-11 8.140354888e-11 8.142358005e-11 8.240754968e-11 8.161805232e-11 8.106837634e-11 8.11247961e-11 8.170468259e-11 8.161725069e-11 8.14720285e-11 8.012897445e-11 8.106499474e-11 8.151877567e-11 8.124197215e-11 8.182278801e-11 8.0991739e-11 8.046313764e-11 8.063530532e-11 8.019350322e-11 8.017843819e-11 8.02239787e-11 8.017930012e-11 8.052033879e-11 7.992588072e-11 8.048032442e-11 8.034299671e-11 7.971078521e-11 8.032658397e-11 7.988451527e-11 8.024828285e-11 7.948167596e-11 7.993209183e-11 7.966742577e-11 7.971978656e-11 7.934997631e-11 7.9203568e-11 7.900884836e-11 7.932351181e-11 7.954059037e-11 7.957670735e-11 7.953582867e-11 7.898821888e-11 7.916003976e-11 7.903887785e-11 7.945644809e-11 7.902280495e-11 7.791535741e-11 7.932897248e-11 7.809958604e-11 7.866428358e-11 7.863247896e-11 7.901810087e-11 7.83489315e-11 7.876010935e-11 7.801634076e-11 7.75254073e-11 7.758708684e-11 7.732452078e-11 7.752190025e-11 7.735248484e-11 7.722313126e-11 7.664147652e-11 7.784068855e-11 7.757201859e-11 7.805815363e-11 7.70684084e-11 7.704171825e-11 7.781012212e-11 7.731788696e-11 7.679241566e-11 7.718476737e-11 7.64806708e-11 7.672855214e-11 7.695151724e-11 7.738117447e-11 7.746837492e-11 7.645217964e-11 7.721112847e-11 7.647224652e-11 7.640498014e-11 7.681590862e-11 7.642200148e-11 7.620048407e-11 7.707641338e-11 7.741286238e-11 7.738122798e-11 7.669701896e-11 7.552734955e-11 7.656151046e-11 7.669838037e-11 7.639420315e-11 7.721389659e-11 7.677434054e-11 7.730755806e-11 7.738009004e-11 7.633777752e-11 7.664230704e-11 7.644222114e-11 7.650186516e-11 7.740824484e-11 7.697242124e-11 7.655239598e-11 7.681391407e-11 7.652859064e-11 7.704961753e-11 7.804239224e-11 7.74321862e-11 7.745187104e-11 7.737870683e-11 7.742435655e-11 7.738309302e-11 7.832164879e-11 7.860689869e-11 7.784804205e-11 7.750775447e-11 7.708237125e-11 7.805344331e-11 7.863959137e-11 7.829846382e-11 7.827816764e-11 7.834301519e-11 7.870911828e-11 7.896726878e-11 7.870835795e-11 7.848988868e-11 7.836018689e-11 7.985807271e-11 7.95872951e-11 7.862241963e-11 7.944529204e-11 7.896143267e-11 8.009852807e-11 7.908235327e-11 7.934304173e-11 8.027796924e-11 7.92503968e-11 7.925271463e-11 7.996016318e-11 7.992055468e-11 7.991566257e-11 7.993059857e-11 8.001523976e-11 8.054740815e-11 7.959754338e-11 7.959017158e-11 7.969836209e-11 7.984250581e-11 8.009934249e-11 8.104481872e-11 8.032473684e-11 8.014892303e-11 8.129418785e-11 8.128973695e-11 8.114874208e-11 8.124802963e-11 8.11465621e-11 8.040169467e-11 8.101108938e-11 8.16528094e-11 8.185314321e-11 8.148665892e-11 8.128879209e-11 8.205194476e-11 8.156273515e-11 8.116534087e-11 8.20909526e-11 8.194176359e-11 8.124827809e-11 8.228204038e-11 8.164206243e-11 8.151371344e-11 8.174385051e-11 8.130295752e-11 8.19957109e-11 8.160133792e-11 
8.334613593e-11 8.320650267e-11 8.352576609e-11 8.235858184e-11 8.313639165e-11 8.265956312e-11 8.311279583e-11 8.328153159e-11 8.281632549e-11 8.282795176e-11 8.314558708e-11 8.324275151e-11 8.207355387e-11 8.269478854e-11 8.238851051e-11 8.240314179e-11 8.272699239e-11 8.248750702e-11 8.177644835e-11 8.246881318e-11 8.146027532e-11 8.275382921e-11 8.257716221e-11 8.163560506e-11 8.17931541e-11 8.216326178e-11 8.111586322e-11 8.239076158e-11 8.103198705e-11 8.102979086e-11 8.094208154e-11 8.112808983e-11 8.122596222e-11 8.146296659e-11 8.163227865e-11 8.172842738e-11 8.096688357e-11 8.041263203e-11 8.071290351e-11 8.085289723e-11 8.060110814e-11 8.005736604e-11 8.098238343e-11 8.001131222e-11 8.036309515e-11 8.084281484e-11 8.003503008e-11 7.997159489e-11 7.999986083e-11 8.02359097e-11 8.017873206e-11 8.003839474e-11 7.95906062e-11 7.949349176e-11 7.952289207e-11 7.939388453e-11 7.974365233e-11 7.914207188e-11 7.908415439e-11 8.005939715e-11 8.002958915e-11 7.90809807e-11 7.93895361e-11 7.906507438e-11 7.92751506e-11 7.875021904e-11 7.884140378e-11 7.897713802e-11 7.86217685e-11 7.874643505e-11 7.814045467e-11 7.859880479e-11 7.804118689e-11 7.824113641e-11 7.836460794e-11 7.891102919e-11 7.827253593e-11 7.857730926e-11 7.825044649e-11 7.859698325e-11 7.813990434e-11 7.824886895e-11 7.812256789e-11 7.792953629e-11 7.793099715e-11 7.774208349e-11 7.821036591e-11 7.856644779e-11 7.817906294e-11 7.762005764e-11 7.842049291e-11 7.874706456e-11 7.798337401e-11 7.776528997e-11 7.793365689e-11 7.742159674e-11 7.762221616e-11 7.790359778e-11 7.758123196e-11 7.841491949e-11 7.819343525e-11 7.702624063e-11 7.834740989e-11 7.808053628e-11 7.83187853e-11 7.773614192e-11 7.834815207e-11 7.894120704e-11 7.847107972e-11 7.824383132e-11 7.890101228e-11 7.819662684e-11 7.964254317e-11 7.84187165e-11 7.859752508e-11 7.814154507e-11 7.95168508e-11 7.913574315e-11 7.886492495e-11 7.903729402e-11 7.969118961e-11 7.923540914e-11 7.925599265e-11 7.934205765e-11 7.889296293e-11 7.916271621e-11 7.957908313e-11 7.971511284e-11 8.000036489e-11 8.034621475e-11 8.001035373e-11 8.023548995e-11 8.087455665e-11 7.984951349e-11 8.016498315e-11 8.066810565e-11 8.045115501e-11 8.076868821e-11 8.086950638e-11 8.063328636e-11 8.133773514e-11 8.139982517e-11 8.050101176e-11 8.06844842e-11 8.143830683e-11 8.093215376e-11 8.116997816e-11 8.116201606e-11 8.166244691e-11 8.181724871e-11 8.138509638e-11 8.168621649e-11 8.089958081e-11 8.154677988e-11 8.114729796e-11 8.216047842e-11 8.12588836e-11 8.232036879e-11 8.171110546e-11 8.288039482e-11 8.216916684e-11 8.279506927e-11 8.278649391e-11 8.270159564e-11 8.275944059e-11 8.256822122e-11 8.22320601e-11 8.29068136e-11 8.277074562e-11 8.296685119e-11 8.236724724e-11 8.317836583e-11 8.321819145e-11 8.283397272e-11 8.2671117e-11 8.320691614e-11 8.275312999e-11 8.223373194e-11 8.207272415e-11 8.324741165e-11 
8.401024051e-11 8.490832412e-11 8.470273761e-11 8.337666282e-11 8.39465409e-11 8.428858662e-11 8.458817395e-11 8.393603485e-11 8.359457132e-11 8.462481461e-11 8.345729504e-11 8.393628039e-11 8.344725602e-11 8.367504636e-11 8.390196719e-11 8.355362793e-11 8.315338021e-11 8.384916396e-11 8.337469507e-11 8.299176176e-11 8.296578207e-11 8.325906914e-11 8.290336738e-11 8.321128585e-11 8.32916758e-11 8.257970912e-11 8.273434964e-11 8.246331924e-11 8.285376162e-11 8.246773677e-11 8.254572461e-11 8.158376456e-11 8.24963595e-11 8.226685633e-11 8.286690984e-11 8.184172067e-11 8.209341881e-11 8.195568062e-11 8.16766335e-11 8.225427049e-11 8.193157876e-11 8.209674192e-11 8.227643907e-11 8.175069806e-11 8.16417551e-11 8.139507618e-11 8.14805697e-11 8.133114923e-11 8.182627992e-11 8.148659573e-11 8.048907766e-11 8.135869721e-11 8.115776419e-11 8.174094603e-11 8.060800886e-11 8.035975092e-11 8.061224844e-11 8.071326128e-11 8.031036394e-11 8.106857927e-11 7.938360736e-11 8.074392941e-11 8.020132488e-11 7.976939276e-11 8.06671419e-11 7.94878188e-11 8.00359248e-11 7.917676154e-11 8.004539974e-11 7.919136202e-11 7.956887373e-11 7.944315731e-11 7.981778207e-11 7.945642265e-11 7.953414814e-11 7.890203197e-11 7.965810307e-11 7.972186902e-11 7.926016767e-11 7.856238554e-11 7.923680804e-11 7.90728442e-11 7.934566457e-11 7.947337344e-11 7.993794709e-11 7.862940591e-11 7.88965621e-11 7.964189915e-11 7.946605231e-11 8.012320896e-11 7.928211979e-11 7.908122477e-11 7.940531771e-11 7.894949121e-11 7.907701208e-11 7.870471705e-11 7.974540106e-11 7.960570398e-11 7.989965069e-11 7.993362566e-11 7.874636968e-11 7.979179342e-11 7.968301702e-11 7.914090188e-11 7.944555962e-11 7.952676014e-11 7.953640926e-11 7.851175153e-11 7.965725875e-11 7.911512988e-11 7.990978872e-11 7.946862382e-11 7.969561012e-11 7.950642242e-11 8.110279496e-11 7.939804426e-11 7.957951306e-11 8.025019958e-11 8.038297752e-11 7.978438038e-11 8.005691246e-11 8.072427334e-11 8.077206555e-11 8.060536132e-11 8.064258736e-11 8.026561794e-11 8.072657892e-11 8.104905101e-11 8.141380779e-11 8.090389206e-11 8.145130219e-11 8.190349988e-11 8.125110683e-11 8.134147733e-11 8.206783425e-11 8.142609661e-11 8.199346935e-11 8.144879948e-11 8.283232033e-11 8.217606624e-11 8.235505618e-11 8.19164395e-11 8.216761947e-11 8.17140001e-11 8.207089449e-11 8.277303888e-11 8.233170563e-11 8.22423782e-11 8.263490857e-11 8.258894631e-11 8.280701398e-11 8.317356115e-11 8.319918212e-11 8.308117136e-11 8.317382628e-11 8.302541938e-11 8.306761347e-11 8.294268225e-11 8.335555296e-11 8.360383951e-11 8.262829176e-11 8.365307851e-11 8.338990382e-11 8.284201406e-11 8.391153773e-11 8.319104054e-11 8.335626975e-11 8.384840125e-11 8.444625681e-11 8.350480246e-11 8.429833662e-11 8.409214344e-11 8.484484585e-11 8.420618868e-11 8.413428694e-11 8.43295317e-11 8.402171302e-11 8.430919766e-11 8.525417685e-11 8.44452924e-11 
8.52417563e-11 8.532647904e-11 8.533429727e-11 8.485787362e-11 8.591463341e-11 8.486682658e-11 8.48165597e-11 8.461997454e-11 8.502505813e-11 8.479943356e-11 8.576908149e-11 8.471089173e-11 8.487051398e-11 8.493112857e-11 8.505744475e-11 8.528193967e-11 8.49837448e-11 8.509636531e-11 8.410067501e-11 8.436383299e-11 8.510854183e-11 8.370317321e-11 8.373564631e-11 8.38279549e-11 8.478718523e-11 8.394411056e-11 8.409668867e-11 8.351739179e-11 8.397261337e-11 8.426460681e-11 8.397093526e-11 8.325490691e-11 8.38415064e-11 8.344533893e-11 8.341638006e-11 8.302641174e-11 8.302503876e-11 8.336194228e-11 8.341907966e-11 8.308495062e-11 8.333735728e-11 8.28892722e-11 8.310763418e-11 8.327047784e-11 8.295503531e-11 8.308144009e-11 8.281046988e-11 8.231306284e-11 8.185566229e-11 8.227174914e-11 8.24385416e-11 8.260122347e-11 8.235882192e-11 8.192618806e-11 8.24008353e-11 8.136270456e-11 8.210672755e-11 8.110026726e-11 8.137628247e-11 8.144859844e-11 8.227950321e-11 8.19658161e-11 8.144831769e-11 8.176994954e-11 8.151994916e-11 8.194596926e-11 8.184765945e-11 8.09222906e-11 8.037995826e-11 8.103553867e-11 8.121061533e-11 8.083506482e-11 8.056286599e-11 8.039150631e-11 8.051836796e-11 8.06032562e-11 8.073891611e-11 8.115943871e-11 8.088867379e-11 8.007420536e-11 8.061380876e-11 7.993294292e-11 8.043145341e-11 8.069898779e-11 7.967799224e-11 8.069782253e-11 8.040327993e-11 8.08308317e-11 8.060617538e-11 8.095487897e-11 8.050920648e-11 8.021665255e-11 8.053611448e-11 8.114646049e-11 8.032003782e-11 7.996980876e-11 8.091152662e-11 8.002583042e-11 8.046772684e-11 8.112512679e-11 7.975359196e-11 8.072260754e-11 8.069637058e-11 8.063828719e-11 8.06737336e-11 8.026551532e-11 8.091668476e-11 8.063433717e-11 8.036895371e-11 8.083425222e-11 8.095298189e-11 8.115059827e-11 8.143347816e-11 8.074212412e-11 8.079866769e-11 8.101404694e-11 8.154610004e-11 8.172693989e-11 8.108474815e-11 8.140624847e-11 8.164870536e-11 8.135311813e-11 8.168676579e-11 8.152554941e-11 8.248052528e-11 8.200239162e-11 8.249114387e-11 8.186238741e-11 8.26320582e-11 8.211192383e-11 8.291705954e-11 8.226619706e-11 8.269518736e-11 8.204155218e-11 8.305227425e-11 8.260088991e-11 8.310278983e-11 8.248996454e-11 8.320048072e-11 8.239264985e-11 8.31445056e-11 8.422772757e-11 8.308881668e-11 8.315831274e-11 8.316202007e-11 8.394499025e-11 8.33927502e-11 8.403206826e-11 8.305084701e-11 8.370633488e-11 8.371087937e-11 8.421868738e-11 8.345496189e-11 8.416754034e-11 8.365828875e-11 8.428726755e-11 8.388416779e-11 8.404737727e-11 8.342804152e-11 8.410013097e-11 8.445077957e-11 8.481324848e-11 8.46072527e-11 8.500759886e-11 8.451039036e-11 8.515999164e-11 8.509283254e-11 8.502132126e-11 8.488728105e-11 8.512957256e-11 8.466195979e-11 8.469582844e-11 8.4917037e-11 8.469955155e-11 8.538394906e-11 8.555757467e-11 8.577634617e-11 8.521543964e-11 8.556035293e-11 8.567977701e-11 
8.715574265e-11 8.594164348e-11 8.585696497e-11 8.59715213e-11 8.64395823e-11 8.589538651e-11 8.589481246e-11 8.629117442e-11 8.543094115e-11 8.655469591e-11 8.617778508e-11 8.612157796e-11 8.592937743e-11 8.596854165e-11 8.591826319e-11 8.58591493e-11 8.56136234e-11 8.520233287e-11 8.540989812e-11 8.497818085e-11 8.570274001e-11 8.54907975e-11 8.587667637e-11 8.512599614e-11 8.465316551e-11 8.554688177e-11 8.512701353e-11 8.523470812e-11 8.477949719e-11 8.468098052e-11 8.508803691e-11 8.45422194e-11 8.495025741e-11 8.442356278e-11 8.417423674e-11 8.419073433e-11 8.451136042e-11 8.419359209e-11 8.374115463e-11 8.407215337e-11 8.35957759e-11 8.42527772e-11 8.373608688e-11 8.363268142e-11 8.347642271e-11 8.364084663e-11 8.393961757e-11 8.424501755e-11 8.326806741e-11 8.369454098e-11 8.284129113e-11 8.324728911e-11 8.313900384e-11 8.257541923e-11 8.206767023e-11 8.314038105e-11 8.227537853e-11 8.311250934e-11 8.321938002e-11 8.315788893e-11 8.23792047e-11 8.287790794e-11 8.256764844e-11 8.266376197e-11 8.199109064e-11 8.229643085e-11 8.221300603e-11 8.336508838e-11 8.172138625e-11 8.1741735e-11 8.187750928e-11 8.218915645e-11 8.20060339e-11 8.172243775e-11 8.196897015e-11 8.155998924e-11 8.108570735e-11 8.162414857e-11 8.169168675e-11 8.0762623e-11 8.196032503e-11 8.100758987e-11 8.133232814e-11 8.139596216e-11 8.132342865e-11 8.135195691e-11 8.102551944e-11 8.184657371e-11 8.10963048e-11 8.169940785e-11 8.157209738e-11 8.118078497e-11 8.116422778e-11 8.109428108e-11 8.195674387e-11 8.135021267e-11 8.168419688e-11 8.204083983e-11 8.137120214e-11 8.229155093e-11 8.076963098e-11 8.177099595e-11 8.140701036e-11 8.177033555e-11 8.206219344e-11 8.245446434e-11 8.163752219e-11 8.134018264e-11 8.113300089e-11 8.219539416e-11 8.145377489e-11 8.17639201e-11 8.247672479e-11 8.213992944e-11 8.209158341e-11 8.226522733e-11 8.230147063e-11 8.178180469e-11 8.323540802e-11 8.19881457e-11 8.297756181e-11 8.283865353e-11 8.238655408e-11 8.273221774e-11 8.250025483e-11 8.33452241e-11 8.330137383e-11 8.273355832e-11 8.310520529e-11 8.344188048e-11 8.318636413e-11 8.374365112e-11 8.36402186e-11 8.309072693e-11 8.425399792e-11 8.351367243e-11 8.416198868e-11 8.431569517e-11 8.40902841e-11 8.461564805e-11 8.396653078e-11 8.36770645e-11 8.395445614e-11 8.354655959e-11 8.441474908e-11 8.408238365e-11 8.445956984e-11 8.497800112e-11 8.438439709e-11 8.464196062e-11 8.488540108e-11 8.412587696e-11 8.537720242e-11 8.573804656e-11 8.549463904e-11 8.525674942e-11 8.60106592e-11 8.506132846e-11 8.514010749e-11 8.513936131e-11 8.541071e-11 8.582923781e-11 8.570582336e-11 8.5169268e-11 8.622851516e-11 8.591474274e-11 8.614726523e-11 8.564727228e-11 8.676369512e-11 8.572119746e-11 8.609606805e-11 8.660636708e-11 8.614741514e-11 8.607160913e-11 8.562230247e-11 8.703334233e-11 8.69776653e-11 8.594354261e-11 8.631920286e-11 8.597731464e-11 
8.7399467e-11 8.725831773e-11 8.748935675e-11 8.727354994e-11 8.705592515e-11 8.710308975e-11 8.700877645e-11 8.691333314e-11 8.713095777e-11 8.712434373e-11 8.684796278e-11 8.745073663e-11 8.700896985e-11 8.665392152e-11 8.644299605e-11 8.695963253e-11 8.661199673e-11 8.660551969e-11 8.665872026e-11 8.618875065e-11 8.605234941e-11 8.619360847e-11 8.638657214e-11 8.636007094e-11 8.581923624e-11 8.610739138e-11 8.568620538e-11 8.568412072e-11 8.511571194e-11 8.553674638e-11 8.572760572e-11 8.590057503e-11 8.571015887e-11 8.565615014e-11 8.596816213e-11 8.527901656e-11 8.454758489e-11 8.481769311e-11 8.51860149e-11 8.521156383e-11 8.555163979e-11 8.51587683e-11 8.454940953e-11 8.452786968e-11 8.463952835e-11 8.469178488e-11 8.467715274e-11 8.485162066e-11 8.536219e-11 8.4406001e-11 8.451294131e-11 8.427325311e-11 8.415891456e-11 8.372155713e-11 8.419784273e-11 8.347654667e-11 8.443313071e-11 8.344427118e-11 8.336991505e-11 8.370736155e-11 8.272529643e-11 8.251076793e-11 8.379749983e-11 8.349704491e-11 8.300719646e-11 8.282693773e-11 8.321275708e-11 8.259171341e-11 8.210816845e-11 8.288032264e-11 8.274004703e-11 8.29830703e-11 8.26832522e-11 8.311195704e-11 8.24444361e-11 8.249334664e-11 8.303582561e-11 8.231675404e-11 8.283885602e-11 8.316858154e-11 8.200930238e-11 8.195793097e-11 8.257626932e-11 8.191233265e-11 8.19751752e-11 8.243819879e-11 8.252199539e-11 8.234184154e-11 8.243340812e-11 8.22856644e-11 8.242276379e-11 8.164692782e-11 8.229155834e-11 8.198786685e-11 8.113894223e-11 8.147628774e-11 8.275327713e-11 8.269161403e-11 8.34883289e-11 8.265376263e-11 8.262515066e-11 8.204019393e-11 8.254878058e-11 8.262708697e-11 8.23807487e-11 8.228171696e-11 8.286248368e-11 8.259570597e-11 8.262953482e-11 8.220353196e-11 8.310694602e-11 8.266023487e-11 8.262955558e-11 8.313874287e-11 8.313319774e-11 8.276897839e-11 8.343535834e-11 8.344441763e-11 8.355395976e-11 8.307090289e-11 8.310782718e-11 8.389030836e-11 8.296207328e-11 8.366670223e-11 8.422884681e-11 8.387408622e-11 8.360597358e-11 8.360050002e-11 8.371612956e-11 8.414203149e-11 8.449708178e-11 8.445805576e-11 8.461985771e-11 8.446948677e-11 8.482751101e-11 8.508244574e-11 8.531714233e-11 8.588027466e-11 8.474546865e-11 8.431792463e-11 8.491636818e-11 8.573522103e-11 8.429494565e-11 8.566234807e-11 8.5562537e-11 8.548036578e-11 8.535531891e-11 8.501887764e-11 8.516558591e-11 8.493093647e-11 8.595923589e-11 8.669598908e-11 8.587626299e-11 8.555061206e-11 8.622062475e-11 8.637567584e-11 8.653901144e-11 8.638371953e-11 8.570972283e-11 8.567087852e-11 8.654218108e-11 8.620563792e-11 8.672813755e-11 8.613731926e-11 8.728712371e-11 8.624102229e-11 8.70041901e-11 8.721026515e-11 8.763457324e-11 8.680195281e-11 8.666957813e-11 8.74658026e-11 8.720596155e-11 8.765318365e-11 8.702154613e-11 8.771374601e-11 8.773285794e-11 8.698488833e-11 8.735161352e-11 8.730598449e-11 
8.842606649e-11 8.813907209e-11 8.855595314e-11 8.822981505e-11 8.850561219e-11 8.870518156e-11 8.726104464e-11 8.745259974e-11 8.776198427e-11 8.863652027e-11 8.833607461e-11 8.777750898e-11 8.848624398e-11 8.743308299e-11 8.664739891e-11 8.669688402e-11 8.66668676e-11 8.700788233e-11 8.758198269e-11 8.706388804e-11 8.724872554e-11 8.634013085e-11 8.6187882e-11 8.614737805e-11 8.662266734e-11 8.608589434e-11 8.720962975e-11 8.714847076e-11 8.641908346e-11 8.671379948e-11 8.642001661e-11 8.633745389e-11 8.618339388e-11 8.608389198e-11 8.58757478e-11 8.663066085e-11 8.569404996e-11 8.597656135e-11 8.570509085e-11 8.598396161e-11 8.589341863e-11 8.54247673e-11 8.567218775e-11 8.504260402e-11 8.52860122e-11 8.534684202e-11 8.493804389e-11 8.563066386e-11 8.442017831e-11 8.44926917e-11 8.470587312e-11 8.405972413e-11 8.502952508e-11 8.454261264e-11 8.366740725e-11 8.41330369e-11 8.478900237e-11 8.421493412e-11 8.493653732e-11 8.46989681e-11 8.42668902e-11 8.395951038e-11 8.429573105e-11 8.32713465e-11 8.395183361e-11 8.389626414e-11 8.414258835e-11 8.370801364e-11 8.408266639e-11 8.364176623e-11 8.416602785e-11 8.372709131e-11 8.247993875e-11 8.407158957e-11 8.315147944e-11 8.252576183e-11 8.319742776e-11 8.274321182e-11 8.283005986e-11 8.275482792e-11 8.330764287e-11 8.325742601e-11 8.431431604e-11 8.303716426e-11 8.368687266e-11 8.322004688e-11 8.256669423e-11 8.305208153e-11 8.394797666e-11 8.331336968e-11 8.353139902e-11 8.292361429e-11 8.28827907e-11 8.327781603e-11 8.259174249e-11 8.309493521e-11 8.283448541e-11 8.270687257e-11 8.320687549e-11 8.386554307e-11 8.354082771e-11 8.331028349e-11 8.411673563e-11 8.298740931e-11 8.342299817e-11 8.359133852e-11 8.317363592e-11 8.3989177e-11 8.368940059e-11 8.427435869e-11 8.344896106e-11 8.357408763e-11 8.379907057e-11 8.394994013e-11 8.358616651e-11 8.40345408e-11 8.393386872e-11 8.406718417e-11 8.397689173e-11 8.462351327e-11 8.385890439e-11 8.450470447e-11 8.462150992e-11 8.399601826e-11 8.527694395e-11 8.471175774e-11 8.484351364e-11 8.447737744e-11 8.499968579e-11 8.55376153e-11 8.556598782e-11 8.458576118e-11 8.476324558e-11 8.519748237e-11 8.599635797e-11 8.604029321e-11 8.558887369e-11 8.56096003e-11 8.52017349e-11 8.630356138e-11 8.59370302e-11 8.538555185e-11 8.583542527e-11 8.571978466e-11 8.607095485e-11 8.603944338e-11 8.6523981e-11 8.693624128e-11 8.579220912e-11 8.592708873e-11 8.601154917e-11 8.591109204e-11 8.673846719e-11 8.661441471e-11 8.658851487e-11 8.726455314e-11 8.732943456e-11 8.684817847e-11 8.790445417e-11 8.720847592e-11 8.710697191e-11 8.724460196e-11 8.727579297e-11 8.754591036e-11 8.809960169e-11 8.742633927e-11 8.77823798e-11 8.759590983e-11 8.812358939e-11 8.816767249e-11 8.804661268e-11 8.751603186e-11 8.844218826e-11 8.812264506e-11 8.859435751e-11 8.81973362e-11 8.776755274e-11 8.77757799e-11 8.760968232e-11 8.810609319e-11 
8.859254125e-11 8.845692005e-11 8.907096385e-11 8.849225672e-11 8.89812411e-11 8.92220609e-11 8.90257283e-11 8.850539104e-11 8.799359104e-11 8.847296786e-11 8.870194124e-11 8.85159482e-11 8.912221582e-11 8.895094082e-11 8.854219266e-11 8.812305453e-11 8.809405089e-11 8.885173608e-11 8.793907019e-11 8.769470427e-11 8.75808903e-11 8.766620147e-11 8.745964861e-11 8.801229143e-11 8.806758664e-11 8.714461256e-11 8.781919544e-11 8.752866367e-11 8.687669677e-11 8.701928033e-11 8.708482216e-11 8.733634105e-11 8.73249029e-11 8.745949457e-11 8.675158698e-11 8.703816832e-11 8.719505015e-11 8.741768453e-11 8.743050236e-11 8.62990135e-11 8.671337727e-11 8.565279674e-11 8.620796393e-11 8.613410724e-11 8.597364836e-11 8.600238774e-11 8.590038331e-11 8.568602725e-11 8.581023877e-11 8.552913013e-11 8.586696504e-11 8.582700261e-11 8.558236117e-11 8.599141438e-11 8.52645107e-11 8.619012194e-11 8.541144744e-11 8.581885263e-11 8.491699902e-11 8.574870368e-11 8.493263893e-11 8.483711828e-11 8.536614918e-11 8.43255879e-11 8.465350686e-11 8.512317528e-11 8.449649562e-11 8.487610715e-11 8.446417654e-11 8.431047005e-11 8.449036327e-11 8.396913151e-11 8.331462434e-11 8.439455797e-11 8.409344119e-11 8.41038913e-11 8.431918047e-11 8.366924836e-11 8.403701743e-11 8.396766542e-11 8.417761655e-11 8.44576819e-11 8.403461067e-11 8.408918154e-11 8.366061127e-11 8.398702584e-11 8.276480829e-11 8.381143682e-11 8.359951606e-11 8.450884921e-11 8.379832341e-11 8.400864551e-11 8.368100567e-11 8.365337431e-11 8.482180285e-11 8.366652156e-11 8.377843014e-11 8.43115274e-11 8.407781222e-11 8.429659078e-11 8.359275496e-11 8.399039146e-11 8.366034678e-11 8.435450082e-11 8.456600154e-11 8.453739128e-11 8.439240827e-11 8.407800547e-11 8.466927727e-11 8.458301852e-11 8.380039498e-11 8.452918504e-11 8.444745247e-11 8.48850907e-11 8.473132291e-11 8.444307617e-11 8.560397168e-11 8.515880137e-11 8.558290498e-11 8.487582621e-11 8.491589327e-11 8.57788411e-11 8.47077431e-11 8.545874891e-11 8.592465027e-11 8.486358252e-11 8.559727952e-11 8.554915694e-11 8.60763718e-11 8.594641707e-11 8.608140691e-11 8.600398142e-11 8.679148865e-11 8.578992235e-11 8.527794727e-11 8.609354442e-11 8.621228372e-11 8.683014169e-11 8.713131609e-11 8.684992475e-11 8.618531358e-11 8.715543753e-11 8.647265437e-11 8.618146579e-11 8.708584065e-11 8.761722214e-11 8.661643435e-11 8.781907715e-11 8.757703194e-11 8.756864871e-11 8.714778747e-11 8.751719618e-11 8.78348199e-11 8.74290975e-11 8.678997427e-11 8.70748274e-11 8.738351738e-11 8.694331532e-11 8.832784498e-11 8.796862072e-11 8.819766513e-11 8.821057927e-11 8.78488125e-11 8.874624454e-11 8.756841197e-11 8.786801161e-11 8.893782379e-11 8.840035932e-11 8.804851698e-11 8.929572648e-11 8.879612341e-11 8.850676824e-11 8.922241559e-11 8.931266627e-11 8.866430752e-11 8.91905389e-11 8.833687692e-11 8.850415629e-11 8.889350297e-11 8.960864185e-11 
9.015593976e-11 8.964143252e-11 8.952013089e-11 9.017417736e-11 8.941229191e-11 8.952481556e-11 8.949729836e-11 9.008260249e-11 8.965438079e-11 8.910043287e-11 8.946925588e-11 8.932952305e-11 8.937101937e-11 8.939620339e-11 8.867076917e-11 8.902225998e-11 8.959762371e-11 8.823641429e-11 8.882864125e-11 8.846885282e-11 8.9020806e-11 8.877952024e-11 8.878203423e-11 8.863046028e-11 8.728397263e-11 8.867586652e-11 8.780103003e-11 8.776436757e-11 8.813513662e-11 8.819655501e-11 8.869194751e-11 8.76293458e-11 8.804418726e-11 8.799014485e-11 8.742026252e-11 8.707391069e-11 8.789807486e-11 8.70381287e-11 8.755837948e-11 8.778960388e-11 8.81489142e-11 8.635868161e-11 8.748291478e-11 8.71228883e-11 8.662042201e-11 8.717450463e-11 8.712842128e-11 8.708032598e-11 8.581283063e-11 8.636653524e-11 8.675919075e-11 8.645417369e-11 8.650435769e-11 8.607152172e-11 8.585094518e-11 8.60149596e-11 8.636516246e-11 8.654827249e-11 8.5905787e-11 8.595393474e-11 8.5921127e-11 8.580370518e-11 8.517709729e-11 8.567142147e-11 8.543702333e-11 8.52586087e-11 8.472432754e-11 8.477564903e-11 8.485764069e-11 8.563258497e-11 8.516369855e-11 8.420662633e-11 8.55702241e-11 8.501532989e-11 8.492028672e-11 8.552878614e-11 8.446264661e-11 8.455871497e-11 8.46659793e-11 8.461269801e-11 8.396354552e-11 8.496213039e-11 8.482212507e-11 8.418172043e-11 8.474394075e-11 8.481663218e-11 8.46455709e-11 8.396557038e-11 8.375121674e-11 8.517878865e-11 8.559481499e-11 8.453879044e-11 8.529685562e-11 8.445744229e-11 8.527508411e-11 8.499846491e-11 8.467836438e-11 8.460625877e-11 8.366219548e-11 8.44749742e-11 8.536749864e-11 8.448587556e-11 8.496282487e-11 8.501169956e-11 8.430638118e-11 8.532166155e-11 8.507237813e-11 8.523548757e-11 8.446122637e-11 8.443207958e-11 8.544745313e-11 8.585472642e-11 8.505903904e-11 8.543609609e-11 8.483746055e-11 8.574959836e-11 8.595534798e-11 8.571434281e-11 8.654611464e-11 8.53204043e-11 8.582678772e-11 8.572005917e-11 8.597716955e-11 8.605092437e-11 8.512399981e-11 8.693593102e-11 8.665233207e-11 8.648949325e-11 8.591633865e-11 8.648354823e-11 8.661996137e-11 8.761492132e-11 8.672347334e-11 8.754719381e-11 8.629243631e-11 8.704760429e-11 8.669967431e-11 8.737686851e-11 8.717159836e-11 8.705016524e-11 8.767653577e-11 8.740167512e-11 8.733086307e-11 8.695925364e-11 8.729042108e-11 8.751933932e-11 8.870356215e-11 8.820679932e-11 8.820509862e-11 8.858170458e-11 8.762161844e-11 8.808808203e-11 8.850829883e-11 8.859886016e-11 8.828460567e-11 8.939953334e-11 8.861736471e-11 8.875406267e-11 8.83896785e-11 8.796852777e-11 8.916219616e-11 8.880741982e-11 8.924638189e-11 8.92874511e-11 8.943426356e-11 8.967862746e-11 8.910995803e-11 8.90483687e-11 8.970721912e-11 8.909003696e-11 8.846218348e-11 8.99973946e-11 9.007058369e-11 8.910456846e-11 8.976314369e-11 8.951410775e-11 8.900563683e-11 8.998795434e-11 8.980135196e-11 8.964028765e-11 
9.122176561e-11 9.008746368e-11 9.071402099e-11 9.016682302e-11 9.020547121e-11 9.022555212e-11 9.016474895e-11 9.068548423e-11 9.125018498e-11 8.853923466e-11 9.096228551e-11 8.995426492e-11 8.943247411e-11 8.981071286e-11 9.023309948e-11 8.961954662e-11 8.990395353e-11 8.989778648e-11 8.987611489e-11 8.848066522e-11 8.952904992e-11 8.921550204e-11 8.875101161e-11 8.90491713e-11 8.936959208e-11 8.925585431e-11 8.948492995e-11 8.780241735e-11 8.914404376e-11 8.852049693e-11 8.84639279e-11 8.886107368e-11 8.826477299e-11 8.820627631e-11 8.829059545e-11 8.865162468e-11 8.83089179e-11 8.792914094e-11 8.760423709e-11 8.862944274e-11 8.848299407e-11 8.771423981e-11 8.734881568e-11 8.811389696e-11 8.716774207e-11 8.786592912e-11 8.71748046e-11 8.668830025e-11 8.794476375e-11 8.654582856e-11 8.724252537e-11 8.69882619e-11 8.669206188e-11 8.703156429e-11 8.718958373e-11 8.701235168e-11 8.728681122e-11 8.629954893e-11 8.590725459e-11 8.616626227e-11 8.602361069e-11 8.62601099e-11 8.526917478e-11 8.62828339e-11 8.553506832e-11 8.643714703e-11 8.554810114e-11 8.556553367e-11 8.515918082e-11 8.541381153e-11 8.569670039e-11 8.584764751e-11 8.58022066e-11 8.57737414e-11 8.559829022e-11 8.574318261e-11 8.618391464e-11 8.514444736e-11 8.547417506e-11 8.566843916e-11 8.472358307e-11 8.496463022e-11 8.514654975e-11 8.513968776e-11 8.607205945e-11 8.549638647e-11 8.567863264e-11 8.536148542e-11 8.50312228e-11 8.488841797e-11 8.561631766e-11 8.622036786e-11 8.552482088e-11 8.485915439e-11 8.558285017e-11 8.57830923e-11 8.590277423e-11 8.497888652e-11 8.530899361e-11 8.580663815e-11 8.620183296e-11 8.561134612e-11 8.648626324e-11 8.502635709e-11 8.510642747e-11 8.569717466e-11 8.487723423e-11 8.605665814e-11 8.583322111e-11 8.623905166e-11 8.625978331e-11 8.613433341e-11 8.627970635e-11 8.643629616e-11 8.622769365e-11 8.563055789e-11 8.68010452e-11 8.620256984e-11 8.561449922e-11 8.642522739e-11 8.608474179e-11 8.61066304e-11 8.605840845e-11 8.614951675e-11 8.658939373e-11 8.722923413e-11 8.630407911e-11 8.747798877e-11 8.710435262e-11 8.666915221e-11 8.697586219e-11 8.72930821e-11 8.675941291e-11 8.703520402e-11 8.80244735e-11 8.746500183e-11 8.825849329e-11 8.730944381e-11 8.761949001e-11 8.744341198e-11 8.796258945e-11 8.819136866e-11 8.931787049e-11 8.742533728e-11 8.81746783e-11 8.893504803e-11 8.810156214e-11 8.872055722e-11 8.863111465e-11 8.865248988e-11 8.79498173e-11 8.850211874e-11 8.963775931e-11 8.892307263e-11 8.869711273e-11 8.847725316e-11 8.909912744e-11 8.912185878e-11 8.913039472e-11 8.965570658e-11 8.94329282e-11 8.943176352e-11 8.925880868e-11 8.935793258e-11 9.062914202e-11 8.9373949e-11 9.040572544e-11 8.944454878e-11 8.954655854e-11 8.974392059e-11 8.997580638e-11 9.045488097e-11 8.977498074e-11 8.964142334e-11 8.985305995e-11 8.970693434e-11 8.977558002e-11 9.036159455e-11 9.032477238e-11 9.013832041e-11 
9.102138781e-11 9.109537327e-11 9.115839744e-11 9.086610685e-11 9.047969887e-11 9.100136411e-11 9.028132565e-11 9.111138061e-11 9.06531774e-11 9.059364926e-11 9.103327714e-11 9.080277643e-11 8.989174947e-11 9.070777091e-11 9.025271868e-11 9.033419294e-11 8.976471092e-11 9.050301151e-11 8.845515079e-11 8.960867068e-11 9.062289748e-11 8.906094911e-11 8.988878207e-11 8.889060149e-11 8.984668117e-11 8.961321154e-11 8.874056655e-11 8.955282936e-11 8.923195472e-11 8.933933074e-11 8.909776302e-11 8.85769393e-11 8.867334684e-11 8.860673129e-11 8.906451124e-11 8.881906577e-11 8.922777655e-11 8.825719698e-11 8.888966112e-11 8.848473597e-11 8.860629247e-11 8.796448446e-11 8.846741122e-11 8.796883806e-11 8.768327034e-11 8.862982239e-11 8.83430071e-11 8.806489448e-11 8.76991866e-11 8.744163388e-11 8.807804167e-11 8.780185296e-11 8.710092819e-11 8.785360172e-11 8.780706384e-11 8.844298979e-11 8.756783966e-11 8.727581097e-11 8.755619736e-11 8.733184989e-11 8.678724142e-11 8.654473834e-11 8.600178023e-11 8.716130555e-11 8.627717209e-11 8.569229745e-11 8.617199586e-11 8.729833725e-11 8.646753763e-11 8.601013781e-11 8.590323191e-11 8.626194402e-11 8.635877169e-11 8.62984874e-11 8.627878262e-11 8.623413756e-11 8.620509343e-11 8.569108141e-11 8.5835919e-11 8.654615633e-11 8.498163195e-11 8.507916198e-11 8.557389667e-11 8.599552394e-11 8.550740423e-11 8.580683122e-11 8.536057525e-11 8.584402434e-11 8.561243377e-11 8.53665117e-11 8.608910481e-11 8.552097388e-11 8.532215096e-11 8.574814883e-11 8.631980125e-11 8.64198113e-11 8.568402471e-11 8.579110739e-11 8.619428324e-11 8.54921497e-11 8.644343392e-11 8.563050956e-11 8.601715428e-11 8.588370547e-11 8.632463058e-11 8.626238192e-11 8.676746695e-11 8.619174059e-11 8.666359214e-11 8.721640139e-11 8.617723852e-11 8.590281203e-11 8.641972402e-11 8.664559341e-11 8.635979802e-11 8.72459279e-11 8.71172427e-11 8.712169218e-11 8.698586108e-11 8.775583329e-11 8.708862127e-11 8.727848458e-11 8.704976097e-11 8.681581485e-11 8.766098904e-11 8.714000518e-11 8.7480597e-11 8.731844227e-11 8.722428584e-11 8.736755233e-11 8.81273239e-11 8.804144725e-11 8.828761587e-11 8.78822502e-11 8.825987562e-11 8.815833362e-11 8.798443558e-11 8.754622104e-11 8.866075644e-11 8.937919907e-11 8.836800009e-11 8.790436362e-11 8.812456092e-11 8.84556313e-11 8.850304895e-11 8.903769043e-11 8.91553003e-11 8.940805101e-11 8.88482498e-11 8.869751534e-11 8.97248692e-11 8.897554022e-11 8.917089096e-11 8.945233562e-11 8.98197098e-11 8.973889253e-11 8.907657346e-11 8.947105751e-11 9.015746987e-11 8.904313295e-11 8.982006187e-11 9.012564408e-11 8.949396057e-11 8.992679498e-11 8.997664383e-11 9.053551488e-11 8.983302138e-11 9.055663809e-11 9.071595919e-11 9.05842293e-11 9.123389939e-11 9.008751666e-11 9.074294395e-11 9.049185361e-11 9.019362705e-11 9.138567653e-11 8.959250215e-11 9.072091766e-11 9.092880235e-11 9.071150985e-11 
9.118333972e-11 9.136449963e-11 9.152266695e-11 9.163929425e-11 9.226084703e-11 9.119125613e-11 9.064868056e-11 9.058745893e-11 9.089366845e-11 9.167298061e-11 9.121237973e-11 9.060471753e-11 9.069449893e-11 9.080731686e-11 9.055976539e-11 9.093084515e-11 9.023812678e-11 9.072096958e-11 9.062933152e-11 9.047015726e-11 9.007177077e-11 8.967857762e-11 9.038132745e-11 9.046160168e-11 8.935437082e-11 9.032820636e-11 9.044452625e-11 8.994546039e-11 9.036749266e-11 8.957524832e-11 8.962699978e-11 8.86291644e-11 8.881268135e-11 8.901273351e-11 8.932671996e-11 8.897483731e-11 8.964875736e-11 8.930334201e-11 8.95436918e-11 8.85773e-11 8.947067256e-11 8.843901193e-11 8.889805922e-11 8.758829755e-11 8.821656705e-11 8.858376965e-11 8.781012095e-11 8.840844386e-11 8.837267997e-11 8.850502359e-11 8.792741259e-11 8.783418977e-11 8.796150504e-11 8.808426979e-11 8.785049352e-11 8.812439607e-11 8.758545798e-11 8.792050959e-11 8.823245481e-11 8.820389363e-11 8.701193652e-11 8.73513407e-11 8.685179178e-11 8.756122521e-11 8.747468981e-11 8.676027839e-11 8.727943647e-11 8.68723213e-11 8.741274813e-11 8.739416475e-11 8.687777445e-11 8.669641485e-11 8.703058728e-11 8.66825439e-11 8.631516602e-11 8.580905814e-11 8.574695442e-11 8.646695998e-11 8.697350935e-11 8.595109957e-11 8.618299799e-11 8.663011693e-11 8.640808901e-11 8.641532879e-11 8.633187402e-11 8.670051454e-11 8.541085563e-11 8.563946603e-11 8.612239046e-11 8.655265641e-11 8.596007255e-11 8.61179613e-11 8.68437487e-11 8.593558255e-11 8.560203203e-11 8.649300081e-11 8.629109309e-11 8.636147553e-11 8.660641229e-11 8.683886221e-11 8.596268671e-11 8.572529583e-11 8.589481492e-11 8.620786383e-11 8.642037893e-11 8.661600485e-11 8.65117974e-11 8.689986048e-11 8.684460549e-11 8.696247061e-11 8.678263944e-11 8.731407701e-11 8.681433894e-11 8.678437234e-11 8.700871222e-11 8.66910763e-11 8.719179514e-11 8.710817533e-11 8.661921111e-11 8.738557619e-11 8.795651475e-11 8.708712895e-11 8.762311501e-11 8.803714526e-11 8.697264518e-11 8.836561191e-11 8.773150169e-11 8.814340648e-11 8.872016049e-11 8.886572383e-11 8.799996915e-11 8.845052786e-11 8.829625835e-11 8.834780031e-11 8.876683842e-11 8.966472708e-11 8.835953275e-11 8.89737855e-11 8.831010046e-11 8.831160623e-11 8.928653994e-11 8.865784609e-11 8.967177327e-11 8.87302306e-11 8.921485801e-11 8.935057257e-11 8.958166786e-11 8.977722236e-11 8.950071825e-11 8.972537487e-11 8.883822341e-11 8.949211526e-11 8.972669082e-11 9.005698423e-11 8.935558018e-11 8.946057922e-11 8.994746721e-11 8.944050755e-11 9.049054808e-11 9.00838198e-11 9.040885918e-11 8.997615323e-11 8.998370132e-11 9.046918383e-11 9.031249956e-11 9.012749124e-11 9.052441046e-11 9.047069087e-11 9.120505031e-11 9.115700519e-11 9.080768562e-11 9.064488638e-11 9.09432639e-11 9.139997005e-11 9.088046708e-11 9.12541884e-11 9.134360171e-11 9.04134217e-11 9.110610596e-11 9.11753082e-11 
9.131678136e-11 9.236002065e-11 9.167054304e-11 9.167327655e-11 9.155093239e-11 9.177786128e-11 9.153367513e-11 9.147145924e-11 9.096729805e-11 9.078905591e-11 9.1259595e-11 9.143052161e-11 9.155914956e-11 9.120776178e-11 9.158959472e-11 9.153584613e-11 9.111057203e-11 9.051969596e-11 9.075903514e-11 9.091013616e-11 9.037463577e-11 9.036071803e-11 9.025650854e-11 9.080807141e-11 8.96430596e-11 9.031857595e-11 9.056299435e-11 9.024456185e-11 8.932431006e-11 9.001719461e-11 9.011339993e-11 9.022724988e-11 9.031861545e-11 8.983410666e-11 8.969620924e-11 8.929369242e-11 8.931206282e-11 8.953713867e-11 8.883096675e-11 8.944676457e-11 8.940852602e-11 8.907767936e-11 8.943022228e-11 8.865681076e-11 8.910221587e-11 8.855963456e-11 8.855939047e-11 8.912799067e-11 8.87509626e-11 8.887245589e-11 8.874309778e-11 8.901501418e-11 8.861489361e-11 8.852789888e-11 8.903324932e-11 8.905824737e-11 8.821033373e-11 8.853701879e-11 8.808196342e-11 8.800241547e-11 8.734029545e-11 8.791268043e-11 8.759027578e-11 8.701936254e-11 8.66111889e-11 8.743122101e-11 8.721596511e-11 8.652231743e-11 8.686113262e-11 8.69858151e-11 8.719701262e-11 8.753268985e-11 8.744380209e-11 8.7377275e-11 8.699594444e-11 8.628738365e-11 8.724251569e-11 8.697258985e-11 8.758095989e-11 8.658498799e-11 8.659919953e-11 8.63667584e-11 8.68322712e-11 8.701281775e-11 8.629011671e-11 8.625766263e-11 8.566366363e-11 8.671556792e-11 8.652492145e-11 8.652279458e-11 8.717679366e-11 8.680048368e-11 8.633796531e-11 8.701645178e-11 8.738266955e-11 8.659500708e-11 8.713785099e-11 8.591598757e-11 8.678003403e-11 8.658306056e-11 8.702842856e-11 8.639855228e-11 8.638904164e-11 8.753482003e-11 8.620003769e-11 8.687439329e-11 8.691489772e-11 8.707806741e-11 8.649849376e-11 8.744352929e-11 8.823656679e-11 8.761415462e-11 8.675754069e-11 8.689829123e-11 8.75556613e-11 8.702968365e-11 8.796642433e-11 8.694387023e-11 8.720877409e-11 8.807524327e-11 8.786950195e-11 8.749428562e-11 8.787528677e-11 8.774256429e-11 8.825915946e-11 8.869110279e-11 8.895476466e-11 8.839119385e-11 8.851590085e-11 8.842591405e-11 8.845271368e-11 8.825101918e-11 8.872008519e-11 8.847865196e-11 8.942190331e-11 8.856081386e-11 8.899795151e-11 8.860489035e-11 8.883328325e-11 8.982752859e-11 8.91416526e-11 8.958974904e-11 8.914960074e-11 8.957726243e-11 8.958319501e-11 8.915314453e-11 9.065089769e-11 9.001777326e-11 8.962006184e-11 8.977087523e-11 9.040344389e-11 9.00993269e-11 8.978015323e-11 9.107239877e-11 9.045398878e-11 9.070151314e-11 9.017985191e-11 9.068465543e-11 9.083337574e-11 9.094667098e-11 9.087975127e-11 9.170100498e-11 9.137884299e-11 9.124562126e-11 9.055277177e-11 9.045349626e-11 9.032518294e-11 9.090473658e-11 9.140062728e-11 9.097076102e-11 9.140492978e-11 9.138336673e-11 9.190209136e-11 9.054804894e-11 9.149740677e-11 9.155466312e-11 9.079510841e-11 9.114610982e-11 9.145709953e-11 9.11845037e-11 
9.147731978e-11 9.210324891e-11 9.161383297e-11 9.203367092e-11 9.181927015e-11 9.208528048e-11 9.128421496e-11 9.207190839e-11 9.145847544e-11 9.203593395e-11 9.161696219e-11 9.218558255e-11 9.08906164e-11 9.194659813e-11 9.113692273e-11 9.191736956e-11 9.086289303e-11 9.063865118e-11 9.184100056e-11 9.118289347e-11 9.107852715e-11 9.047366355e-11 9.066830566e-11 9.153683394e-11 9.086712087e-11 9.015283608e-11 8.9838916e-11 9.087189614e-11 9.020045817e-11 9.076211497e-11 9.080442568e-11 9.046182835e-11 9.021310497e-11 9.018903308e-11 9.062873861e-11 8.954358216e-11 9.043116062e-11 8.982112364e-11 8.992698067e-11 8.967059643e-11 8.935864759e-11 9.041786691e-11 9.000385285e-11 8.966809255e-11 8.910740193e-11 8.971566203e-11 8.918706411e-11 8.918267592e-11 8.948232332e-11 8.929195438e-11 8.916758678e-11 8.860244229e-11 8.955618143e-11 8.869055644e-11 8.862959059e-11 8.888148047e-11 8.820115927e-11 8.829166428e-11 8.834856199e-11 8.843998721e-11 8.837375191e-11 8.741740017e-11 8.815387604e-11 8.759607467e-11 8.791314493e-11 8.823031589e-11 8.775464964e-11 8.714202425e-11 8.782377748e-11 8.784960774e-11 8.803077899e-11 8.723200211e-11 8.629826089e-11 8.700843016e-11 8.699249995e-11 8.745039699e-11 8.839788101e-11 8.692562539e-11 8.722586363e-11 8.646260085e-11 8.723221048e-11 8.747843322e-11 8.692295506e-11 8.739149035e-11 8.77433447e-11 8.720594382e-11 8.756872417e-11 8.780885567e-11 8.649768336e-11 8.693630526e-11 8.731386923e-11 8.687693206e-11 8.68900104e-11 8.720582861e-11 8.726357613e-11 8.677317541e-11 8.700118584e-11 8.726986021e-11 8.792535104e-11 8.66216852e-11 8.694841357e-11 8.671883376e-11 8.664930235e-11 8.759978617e-11 8.705019042e-11 8.742859908e-11 8.735145161e-11 8.718224798e-11 8.803833297e-11 8.799116254e-11 8.757138125e-11 8.701050258e-11 8.778283888e-11 8.813294733e-11 8.756134346e-11 8.755438165e-11 8.784068808e-11 8.774706236e-11 8.831902371e-11 8.813295846e-11 8.900929203e-11 8.855858261e-11 8.927000923e-11 8.809505108e-11 8.877123736e-11 8.892648313e-11 8.880655236e-11 8.851046517e-11 8.865029919e-11 8.93636382e-11 8.82438317e-11 8.970979295e-11 8.854880214e-11 8.930163575e-11 8.980671214e-11 8.985789206e-11 8.964846334e-11 8.9844453e-11 8.976785417e-11 8.947539779e-11 8.991536819e-11 8.959657064e-11 8.977490616e-11 8.932880506e-11 9.012824764e-11 9.014984943e-11 9.039854574e-11 9.060201859e-11 8.981082905e-11 9.041831836e-11 9.046450536e-11 9.08009473e-11 8.949033123e-11 9.050530923e-11 9.073430173e-11 9.104458139e-11 9.121035355e-11 9.132124922e-11 9.117608125e-11 9.160290892e-11 9.079439392e-11 9.10771257e-11 9.119196831e-11 9.156918191e-11 9.140670496e-11 9.078242869e-11 9.148610758e-11 9.058233866e-11 9.186773858e-11 9.185958952e-11 9.187511427e-11 9.183082481e-11 9.249443192e-11 9.18417059e-11 9.155583212e-11 9.137895866e-11 9.127821442e-11 9.242411739e-11 9.135234974e-11 9.113370837e-11 
9.211223093e-11 9.250053953e-11 9.227167737e-11 9.266951269e-11 9.203342606e-11 9.210790923e-11 9.172242431e-11 9.198148517e-11 9.185174853e-11 9.174166391e-11 9.273000234e-11 9.211987198e-11 9.121400315e-11 9.232118702e-11 9.177341191e-11 9.17456142e-11 9.143645765e-11 9.201772918e-11 9.144821097e-11 9.110679289e-11 9.196580483e-11 9.045516605e-11 9.13587592e-11 9.114564103e-11 9.068665536e-11 9.078580609e-11 9.067306736e-11 9.124145829e-11 9.071425354e-11 9.072788006e-11 9.104598615e-11 9.095744829e-11 9.004177678e-11 9.09141987e-11 9.064772465e-11 9.0600558e-11 9.033335795e-11 9.018004817e-11 8.946102521e-11 8.983304768e-11 9.013299181e-11 9.014374533e-11 8.943454426e-11 8.922682597e-11 8.975053028e-11 8.990453487e-11 8.956212805e-11 8.899228666e-11 8.936395794e-11 8.949736764e-11 8.927306935e-11 8.963726163e-11 8.913048773e-11 8.838988276e-11 8.913606199e-11 8.820505581e-11 8.891298993e-11 8.80458463e-11 8.881916756e-11 8.826103601e-11 8.911816179e-11 8.77935793e-11 8.854889638e-11 8.796682672e-11 8.816586241e-11 8.904275352e-11 8.789168367e-11 8.86487629e-11 8.783070521e-11 8.821419421e-11 8.805063184e-11 8.746465788e-11 8.766578162e-11 8.691932586e-11 8.741272903e-11 8.756050219e-11 8.777790988e-11 8.728976356e-11 8.718335824e-11 8.702308889e-11 8.706476571e-11 8.753885576e-11 8.687071424e-11 8.75634677e-11 8.771273047e-11 8.698254154e-11 8.807294025e-11 8.695405103e-11 8.739428036e-11 8.719074162e-11 8.69550776e-11 8.7174585e-11 8.777709792e-11 8.741404601e-11 8.778538244e-11 8.756541654e-11 8.689131514e-11 8.761493623e-11 8.774086662e-11 8.720240788e-11 8.78548511e-11 8.771062573e-11 8.780549613e-11 8.682874993e-11 8.728474233e-11 8.79216623e-11 8.797676384e-11 8.785865424e-11 8.761193434e-11 8.757592743e-11 8.834187607e-11 8.783222927e-11 8.790943514e-11 8.79940227e-11 8.789108319e-11 8.7862591e-11 8.804889816e-11 8.793735522e-11 8.880940903e-11 8.824373773e-11 8.834862243e-11 8.930562598e-11 8.932218479e-11 8.935787436e-11 8.883208964e-11 8.933929803e-11 8.886561188e-11 8.929962333e-11 8.878094357e-11 8.90886328e-11 8.979275652e-11 8.968044073e-11 8.926484347e-11 9.017355595e-11 8.977966812e-11 8.935798636e-11 8.945795201e-11 8.976671181e-11 9.006618989e-11 8.999486e-11 8.994548752e-11 9.07099688e-11 9.040694982e-11 9.033882604e-11 9.098185793e-11 8.931074569e-11 9.045262574e-11 9.086977442e-11 9.080310448e-11 9.070794298e-11 9.02908323e-11 9.052403227e-11 8.990812576e-11 9.069867543e-11 9.033810039e-11 9.115094424e-11 9.074635777e-11 9.101756905e-11 9.168777254e-11 9.145893508e-11 9.127745121e-11 9.140779198e-11 9.124863574e-11 9.121801134e-11 9.111646228e-11 9.161277469e-11 9.130846019e-11 9.145582712e-11 9.227885796e-11 9.221890461e-11 9.144022158e-11 9.229306941e-11 9.121870876e-11 9.287932569e-11 9.202717307e-11 9.227490454e-11 9.220326803e-11 9.265388448e-11 9.178232141e-11 9.195708262e-11 
9.301534172e-11 9.213550474e-11 9.215183499e-11 9.178277352e-11 9.249098879e-11 9.272636582e-11 9.213019177e-11 9.199883283e-11 9.22506626e-11 9.223139027e-11 9.212086082e-11 9.177534751e-11 9.228490749e-11 9.239433403e-11 9.180766949e-11 9.189689126e-11 9.248497687e-11 9.183440825e-11 9.205203242e-11 9.142234756e-11 9.212960945e-11 9.240965773e-11 9.174803154e-11 9.087905384e-11 9.116666208e-11 9.127985197e-11 9.112700006e-11 9.088756814e-11 9.111410139e-11 9.056595687e-11 9.14436372e-11 9.051307412e-11 9.091378261e-11 9.018595154e-11 9.114281353e-11 8.989838327e-11 9.010076474e-11 9.016829901e-11 8.987354353e-11 8.989493777e-11 8.95164114e-11 9.01442691e-11 9.002098751e-11 9.007854069e-11 9.019614196e-11 8.984657186e-11 8.995762088e-11 9.031321766e-11 8.90874664e-11 8.937794315e-11 9.037802408e-11 8.922817761e-11 8.9299855e-11 8.875838725e-11 8.914149109e-11 8.824288508e-11 8.824013783e-11 8.919790344e-11 8.851798218e-11 8.895779576e-11 8.81768995e-11 8.845527735e-11 8.871085286e-11 8.766585511e-11 8.739684575e-11 8.89358006e-11 8.842643195e-11 8.724990588e-11 8.719414902e-11 8.728953184e-11 8.843568619e-11 8.79208506e-11 8.82770027e-11 8.841069423e-11 8.705072837e-11 8.813289709e-11 8.804422846e-11 8.847270584e-11 8.759288517e-11 8.705008433e-11 8.803017706e-11 8.761627642e-11 8.744653764e-11 8.694246419e-11 8.713295301e-11 8.768673374e-11 8.802294245e-11 8.72219674e-11 8.696178655e-11 8.771707145e-11 8.716322658e-11 8.753845217e-11 8.663436374e-11 8.767010461e-11 8.750434853e-11 8.740044319e-11 8.7994147e-11 8.708673817e-11 8.777953707e-11 8.795535594e-11 8.838863549e-11 8.765667979e-11 8.735632425e-11 8.745656567e-11 8.752978096e-11 8.744615943e-11 8.765769047e-11 8.797265493e-11 8.771334622e-11 8.811090594e-11 8.799048941e-11 8.772757865e-11 8.73191389e-11 8.916315449e-11 8.822600904e-11 8.788952743e-11 8.802889755e-11 8.847066759e-11 8.783378114e-11 8.902540789e-11 8.832111381e-11 8.956576465e-11 8.882163363e-11 8.89913418e-11 8.847049254e-11 8.991433514e-11 8.879734217e-11 8.984105767e-11 8.981409277e-11 8.91768635e-11 8.959464943e-11 8.959449576e-11 8.92735462e-11 8.885265681e-11 8.961445576e-11 8.9810322e-11 9.014181916e-11 9.024955029e-11 8.986927433e-11 8.949803011e-11 9.021005212e-11 9.035484494e-11 8.931923452e-11 8.975572455e-11 9.085672577e-11 9.010556964e-11 9.034952738e-11 9.031224869e-11 9.055650552e-11 9.088822511e-11 9.075075212e-11 9.102181538e-11 9.202651418e-11 9.095556254e-11 9.138869323e-11 9.15149092e-11 9.128454979e-11 9.106249731e-11 9.071846217e-11 9.157121278e-11 9.167184432e-11 9.129984457e-11 9.179488948e-11 9.226018533e-11 9.134350406e-11 9.139735948e-11 9.175014128e-11 9.184591823e-11 9.252659924e-11 9.206915401e-11 9.230851694e-11 9.200500376e-11 9.219723368e-11 9.247369197e-11 9.197907249e-11 9.189315007e-11 9.203084411e-11 9.290000693e-11 9.255862286e-11 9.232565905e-11 
9.239939324e-11 9.25885791e-11 9.241294461e-11 9.262179514e-11 9.204282075e-11 9.222528868e-11 9.307827588e-11 9.286235454e-11 9.149241378e-11 9.331701281e-11 9.21505347e-11 9.238662782e-11 9.247871871e-11 9.231347646e-11 9.205147982e-11 9.186757127e-11 9.220878103e-11 9.237289161e-11 9.155296811e-11 9.171123872e-11 9.139099585e-11 9.21144536e-11 9.223903513e-11 9.066687268e-11 9.128183547e-11 9.099861532e-11 9.140454893e-11 9.131383971e-11 9.101950859e-11 9.088932759e-11 9.109232447e-11 9.048883812e-11 9.056960687e-11 9.131464876e-11 9.098229625e-11 9.05146336e-11 9.064796943e-11 8.961346516e-11 9.021831169e-11 8.967074309e-11 9.086154802e-11 9.043074715e-11 9.101328502e-11 9.001055413e-11 9.062081711e-11 8.930052247e-11 8.968743075e-11 8.953880281e-11 9.037292033e-11 8.998728025e-11 8.938631999e-11 8.951123824e-11 8.992549776e-11 9.018322833e-11 8.89416437e-11 8.847482182e-11 8.823971042e-11 8.935740574e-11 8.934584971e-11 8.882068735e-11 8.858823249e-11 8.89802696e-11 8.806866454e-11 8.85098684e-11 8.923001201e-11 8.854408892e-11 8.865684655e-11 8.784666249e-11 8.811887843e-11 8.879642991e-11 8.759418971e-11 8.793427725e-11 8.743150524e-11 8.815020941e-11 8.780707291e-11 8.836600315e-11 8.774544113e-11 8.759783716e-11 8.798518476e-11 8.717817817e-11 8.746802606e-11 8.845223972e-11 8.756156285e-11 8.802306604e-11 8.814053325e-11 8.744112919e-11 8.673818718e-11 8.700366389e-11 8.678116425e-11 2.667037886e-08 2.666810598e-08 8.77838692e-11 8.722507245e-11 8.732906363e-11 8.749746247e-11 8.729930704e-11 8.756960576e-11 8.768390057e-11 8.774049683e-11 8.677412374e-11 8.747857554e-11 8.770516483e-11 8.758700277e-11 8.737673096e-11 8.732790448e-11 8.776101097e-11 8.81186479e-11 8.74640876e-11 8.723943603e-11 8.794850556e-11 8.816436741e-11 8.800840004e-11 8.859256464e-11 8.785751933e-11 8.881532318e-11 8.813294973e-11 8.801207841e-11 8.847549314e-11 8.863501956e-11 8.857036751e-11 8.900866211e-11 8.841583586e-11 8.945943233e-11 8.836771432e-11 8.896585953e-11 8.945903373e-11 8.920719148e-11 8.953220296e-11 8.876254902e-11 8.897536267e-11 8.953201666e-11 8.880227672e-11 8.959654601e-11 8.975638138e-11 9.044793404e-11 8.945194151e-11 9.049183462e-11 9.064849147e-11 9.06403494e-11 9.059097865e-11 9.073236977e-11 9.058661049e-11 9.11396653e-11 9.012992031e-11 9.072663227e-11 9.102259835e-11 9.114657851e-11 9.198317609e-11 9.093697003e-11 9.020951028e-11 9.132186214e-11 9.180618299e-11 9.173956521e-11 9.116339392e-11 9.110859273e-11 9.12405213e-11 9.148709941e-11 9.137699824e-11 9.097475759e-11 9.154741869e-11 9.139326704e-11 9.16150909e-11 9.215060288e-11 9.14925834e-11 9.151897066e-11 9.130476892e-11 9.288111004e-11 9.172175945e-11 9.258256483e-11 9.255640945e-11 9.247852775e-11 9.251002068e-11 9.261561125e-11 9.218796881e-11 9.281215096e-11 9.258160291e-11 9.297693012e-11 9.31011773e-11 9.309775187e-11 9.267768768e-11 
9.264124862e-11 9.192484769e-11 9.243823571e-11 9.261925153e-11 9.292739756e-11 9.2694139e-11 9.213305772e-11 9.250486577e-11 9.24261319e-11 9.247500238e-11 9.217683526e-11 9.201169407e-11 9.262357465e-11 9.096474413e-11 9.241682134e-11 9.240147931e-11 9.16127846e-11 9.198479002e-11 9.276478105e-11 9.174013536e-11 9.078084679e-11 9.133572019e-11 9.138815221e-11 9.217212064e-11 9.103514847e-11 9.133818251e-11 9.087883856e-11 9.135678754e-11 9.081823785e-11 9.09514791e-11 9.079415434e-11 9.075852267e-11 9.109337627e-11 9.142775342e-11 9.070889496e-11 9.058478167e-11 9.156625937e-11 9.00116684e-11 8.967158941e-11 9.040705911e-11 8.984301541e-11 8.996595263e-11 9.033136403e-11 9.01435693e-11 9.034241972e-11 8.989428183e-11 9.004650898e-11 8.965722186e-11 8.964052091e-11 8.901104423e-11 8.970194053e-11 8.996988987e-11 8.98081853e-11 8.92719475e-11 8.916836685e-11 8.904531426e-11 8.892017955e-11 8.976729242e-11 8.897011137e-11 8.823450709e-11 8.867861273e-11 8.899162834e-11 8.823363559e-11 8.823780302e-11 8.816773787e-11 8.817866777e-11 8.814872686e-11 8.853073564e-11 8.841013138e-11 8.793499111e-11 8.758750109e-11 8.767671863e-11 8.710665441e-11 8.802535812e-11 8.828388649e-11 8.806094401e-11 8.824168762e-11 8.792276771e-11 8.760242013e-11 8.757884828e-11 8.803026845e-11 8.764300257e-11 8.74474549e-11 8.798328859e-11 8.762420095e-11 8.714433292e-11 8.790101878e-11 8.728920652e-11 8.756430381e-11 4.001590059e-08 4.001578024e-08 8.620265756e-11 8.765487694e-11 8.713361304e-11 8.803150527e-11 8.784189217e-11 8.819061197e-11 8.749806629e-11 8.738622554e-11 8.787426245e-11 8.883760183e-11 8.805033922e-11 8.741892174e-11 8.786466899e-11 8.847794693e-11 8.818162297e-11 8.767119464e-11 8.86208658e-11 8.817583256e-11 8.778264907e-11 8.800212936e-11 8.791787747e-11 8.867520157e-11 8.870825469e-11 8.829008182e-11 8.876384357e-11 8.873571015e-11 8.846323204e-11 8.853756548e-11 8.855292826e-11 8.840495528e-11 8.920782814e-11 8.901100079e-11 8.888213637e-11 8.922156813e-11 8.905575023e-11 8.990858528e-11 8.942468106e-11 9.008619125e-11 8.953483025e-11 8.968143348e-11 8.99347446e-11 9.021152558e-11 9.014442728e-11 9.081480007e-11 8.989329181e-11 8.944429406e-11 9.051380716e-11 8.994761295e-11 9.046513534e-11 9.034304272e-11 9.010938492e-11 9.033807159e-11 9.011965105e-11 9.05722962e-11 9.053083325e-11 8.984180494e-11 9.113144917e-11 9.095977814e-11 9.043807133e-11 9.047449339e-11 9.109798408e-11 9.035282023e-11 9.175913452e-11 9.140805678e-11 9.180221355e-11 9.087490514e-11 9.18530009e-11 9.167650221e-11 9.155966601e-11 9.161646521e-11 9.267203204e-11 9.170447346e-11 9.223707029e-11 9.222665362e-11 9.190616042e-11 9.266275402e-11 9.24432809e-11 9.243332067e-11 9.17996082e-11 9.274540811e-11 9.184485262e-11 9.31174226e-11 9.262568925e-11 9.272664266e-11 9.292715663e-11 9.233985346e-11 9.359801423e-11 9.218922134e-11 9.241161295e-11 
9.278276702e-11 9.287695101e-11 9.278743701e-11 9.209820746e-11 9.269875316e-11 9.250581283e-11 9.232530863e-11 9.236284837e-11 9.215391207e-11 9.164284841e-11 9.296372916e-11 9.264301171e-11 9.2734782e-11 9.221070973e-11 9.266394491e-11 9.227870993e-11 9.191826812e-11 9.183182641e-11 9.126503519e-11 9.179804733e-11 9.135438822e-11 9.153494188e-11 9.128358798e-11 9.182072875e-11 9.134245542e-11 9.069867374e-11 9.092413833e-11 9.094058006e-11 9.141205128e-11 9.101483886e-11 9.148410111e-11 9.03077492e-11 9.063028865e-11 8.992864865e-11 8.998996689e-11 9.050166927e-11 9.032330471e-11 9.032183989e-11 9.044766562e-11 9.006217571e-11 9.005044397e-11 9.037920496e-11 8.978848309e-11 8.997610724e-11 8.986837224e-11 8.964446647e-11 8.971522174e-11 8.987751041e-11 9.004912226e-11 8.973074907e-11 8.994528653e-11 9.04733162e-11 8.895197473e-11 8.905047564e-11 8.948212637e-11 8.980070071e-11 9.013992699e-11 8.91799802e-11 8.876924914e-11 8.823789908e-11 8.926961543e-11 8.855201936e-11 8.862529509e-11 8.843899555e-11 8.823010583e-11 8.830441878e-11 8.833455457e-11 8.79519278e-11 8.807351998e-11 8.802222814e-11 8.794392117e-11 8.839769678e-11 8.792547706e-11 8.817940918e-11 8.737598615e-11 8.841574542e-11 8.819668297e-11 8.779153619e-11 8.781610524e-11 8.779120383e-11 8.807547866e-11 8.801782567e-11 8.798897762e-11 8.805728745e-11 8.748469426e-11 8.787365066e-11 8.818015587e-11 8.738822832e-11 8.779095299e-11 2.667289268e-08 2.667132008e-08 8.717157035e-11 8.749495824e-11 8.817099383e-11 8.670208615e-11 8.718768619e-11 8.685142116e-11 8.747478642e-11 8.724484959e-11 8.773507698e-11 8.813981748e-11 8.795638308e-11 8.791066493e-11 8.827357567e-11 8.805288988e-11 8.791725279e-11 8.820438069e-11 8.829304592e-11 8.790458831e-11 8.721759705e-11 8.772016184e-11 8.8507071e-11 8.853000138e-11 8.85191654e-11 8.839768806e-11 8.812442743e-11 8.852011455e-11 8.937917003e-11 8.868819848e-11 8.871016939e-11 8.892771802e-11 8.896119449e-11 8.898046138e-11 8.851524964e-11 8.872285276e-11 8.915084131e-11 8.917343014e-11 8.875244969e-11 8.942605765e-11 8.946873401e-11 8.974106692e-11 8.973648732e-11 9.060680997e-11 9.000158948e-11 8.959274179e-11 8.978039402e-11 8.978966772e-11 8.968103048e-11 9.002434709e-11 9.03022835e-11 9.0510699e-11 9.034204485e-11 9.070205463e-11 9.035336738e-11 9.048412202e-11 9.082757529e-11 9.121536953e-11 9.034062144e-11 9.097354404e-11 9.11649325e-11 9.117519231e-11 9.062861961e-11 9.059116744e-11 9.05911305e-11 9.127130705e-11 9.018851421e-11 9.12991152e-11 9.14899598e-11 9.179047452e-11 9.149299786e-11 9.139174445e-11 9.179117215e-11 9.147805852e-11 9.153805682e-11 9.149204885e-11 9.137695821e-11 9.213764371e-11 9.257689089e-11 9.188063824e-11 9.180896365e-11 9.216585164e-11 9.248428427e-11 9.231957668e-11 9.217713646e-11 9.187991247e-11 9.196185386e-11 9.22762406e-11 9.200731452e-11 9.208342974e-11 9.284741223e-11 
9.246651094e-11 9.252854626e-11 9.265523022e-11 9.187877513e-11 9.217576692e-11 9.241156772e-11 9.163782635e-11 9.272315734e-11 9.228827581e-11 9.212664418e-11 9.252330658e-11 9.206392983e-11 9.213940709e-11 9.261369791e-11 9.1531583e-11 9.226261175e-11 9.152264704e-11 9.194123013e-11 9.149033401e-11 9.160988178e-11 9.179694937e-11 9.090031408e-11 9.106667221e-11 9.095319476e-11 9.091884913e-11 9.184656131e-11 9.027384951e-11 9.048653453e-11 9.076972083e-11 9.05346768e-11 9.129058321e-11 9.027346581e-11 9.065946174e-11 9.043243742e-11 9.053153092e-11 9.124795793e-11 9.02096334e-11 8.964510079e-11 8.980308794e-11 9.045868044e-11 9.009820481e-11 9.023485448e-11 8.958320272e-11 9.045761115e-11 9.002642604e-11 8.957816135e-11 8.953148169e-11 8.940229159e-11 8.956874385e-11 8.93930785e-11 8.927986297e-11 8.907498181e-11 8.915025653e-11 8.964343333e-11 8.892396453e-11 8.921078014e-11 8.810093174e-11 8.862238054e-11 8.865429977e-11 8.85480795e-11 8.861922454e-11 8.87084186e-11 8.793039411e-11 8.850591819e-11 8.810177234e-11 8.925436132e-11 8.757885091e-11 8.792471513e-11 8.8386609e-11 8.797820217e-11 8.786516537e-11 8.76435914e-11 8.811840451e-11 8.801863061e-11 8.752819418e-11 8.762891216e-11 8.759733302e-11 8.696920233e-11 8.77540038e-11 8.791019672e-11 8.808495474e-11 8.744755714e-11 8.734359172e-11 8.752545513e-11 8.694302214e-11 8.710380221e-11 8.78860901e-11 8.70111661e-11 8.741987212e-11 8.731006624e-11 8.716885094e-11 8.740809257e-11 8.731170677e-11 8.774563476e-11 8.701640011e-11 8.819882498e-11 8.790441507e-11 8.734244553e-11 8.800824416e-11 8.743050191e-11 8.767918909e-11 8.726912584e-11 8.826069995e-11 8.792444447e-11 8.747049285e-11 8.774677046e-11 8.802878379e-11 8.823104128e-11 8.811649897e-11 8.816337888e-11 8.787912529e-11 8.713963949e-11 8.863028412e-11 8.839633945e-11 8.792981247e-11 8.835538507e-11 8.826011152e-11 8.864947301e-11 8.8233028e-11 8.85773085e-11 8.848590994e-11 8.862997938e-11 8.877748522e-11 8.83002985e-11 8.929137693e-11 8.958739618e-11 8.926899561e-11 8.876434769e-11 8.927815928e-11 8.951242663e-11 8.95246465e-11 8.941087335e-11 8.959891639e-11 8.957900893e-11 8.878833555e-11 8.947366896e-11 8.931812588e-11 8.977584029e-11 9.009728819e-11 9.003444243e-11 8.985909567e-11 9.018199012e-11 9.041271286e-11 9.035073127e-11 8.975260247e-11 9.057532081e-11 9.050835383e-11 8.980259073e-11 9.033460998e-11 9.097783009e-11 9.123954337e-11 9.118721622e-11 9.052335061e-11 9.052112109e-11 9.199419197e-11 9.150348349e-11 9.111116621e-11 9.075926578e-11 9.111162749e-11 9.196617606e-11 9.152910059e-11 9.112824895e-11 9.131463731e-11 9.139755343e-11 9.234170699e-11 9.109883046e-11 9.161356789e-11 9.212344696e-11 9.176611557e-11 9.226317896e-11 9.186559038e-11 9.21001319e-11 9.182406708e-11 9.24587251e-11 9.268509581e-11 9.216279624e-11 9.218139504e-11 9.252045633e-11 9.296378308e-11 9.207136953e-11 
9.298264438e-11 9.187514513e-11 9.16177933e-11 9.242753327e-11 9.226493694e-11 9.259171917e-11 9.24095596e-11 9.214086142e-11 9.259571401e-11 9.184425826e-11 9.26001719e-11 9.16372136e-11 9.157563177e-11 9.189893786e-11 9.169601277e-11 9.170392339e-11 9.145622808e-11 9.144487572e-11 9.189302568e-11 9.114822949e-11 9.071621622e-11 9.139277097e-11 9.111346882e-11 9.083087996e-11 9.082241446e-11 9.036083888e-11 9.118768256e-11 9.10598114e-11 9.137959014e-11 9.101545514e-11 9.058163676e-11 8.935438401e-11 9.054322545e-11 9.063638529e-11 9.103083671e-11 9.016533285e-11 8.958842964e-11 8.976253442e-11 8.905062522e-11 9.029657173e-11 8.987302794e-11 8.98301925e-11 8.950648217e-11 9.009304876e-11 8.964181095e-11 9.069043343e-11 9.038166763e-11 8.998910025e-11 8.903134753e-11 8.95088852e-11 8.90804817e-11 8.906976074e-11 8.924133627e-11 8.901140879e-11 8.934741121e-11 8.857495382e-11 8.831016873e-11 8.909986877e-11 8.897949609e-11 8.877681683e-11 8.801406072e-11 8.912209459e-11 8.844148889e-11 8.801532895e-11 8.792724039e-11 8.854061036e-11 8.824582852e-11 8.781739347e-11 8.835840798e-11 8.709902226e-11 8.818729481e-11 8.777892465e-11 8.734516032e-11 8.768762934e-11 8.731903579e-11 8.725777226e-11 8.780902669e-11 8.81635953e-11 8.734134607e-11 8.768774455e-11 8.75170741e-11 8.727990896e-11 8.628762477e-11 8.773596182e-11 8.764348099e-11 8.742002244e-11 8.700993711e-11 8.775395648e-11 8.669098851e-11 8.682486263e-11 8.704475791e-11 8.624492903e-11 8.711158689e-11 8.764124605e-11 8.743953789e-11 8.732794191e-11 8.709882776e-11 8.702292829e-11 8.709567552e-11 8.775244505e-11 8.752946049e-11 8.729768416e-11 8.688534559e-11 8.766293706e-11 8.66601383e-11 8.650303545e-11 8.782549912e-11 8.879315304e-11 8.862905183e-11 8.805037213e-11 8.749256604e-11 8.763721569e-11 8.794864662e-11 8.815966358e-11 8.810508323e-11 8.80304694e-11 8.796704378e-11 8.868013966e-11 8.774451026e-11 8.885303516e-11 8.804648554e-11 8.868166014e-11 8.894602521e-11 8.905929484e-11 8.822997293e-11 9.012607848e-11 8.939684938e-11 8.951463941e-11 8.897939957e-11 8.94981338e-11 8.905435724e-11 8.949846893e-11 8.938193015e-11 8.974169435e-11 8.940766417e-11 8.901804361e-11 8.990039439e-11 8.899760103e-11 9.026745778e-11 9.036759439e-11 9.026425298e-11 9.00743384e-11 9.096754444e-11 9.055170302e-11 9.032777457e-11 9.099901001e-11 9.01395533e-11 9.052369227e-11 9.02697541e-11 9.073251892e-11 9.065836834e-11 9.177886504e-11 9.089519502e-11 9.108246678e-11 9.073666132e-11 9.158950695e-11 9.111494611e-11 9.092068863e-11 9.116738184e-11 9.014778565e-11 9.061174966e-11 9.195918317e-11 9.123754952e-11 9.153848623e-11 9.177020584e-11 9.173771769e-11 9.153817542e-11 9.227968781e-11 9.213143996e-11 9.162724043e-11 9.234892736e-11 9.219728775e-11 9.12559227e-11 9.155597771e-11 9.18351062e-11 9.190689494e-11 9.286353745e-11 9.173151796e-11 9.275957033e-11 9.170272704e-11 
9.161847421e-11 9.195902737e-11 9.178368984e-11 9.205524611e-11 9.196127795e-11 9.258383363e-11 9.195456986e-11 9.190980009e-11 9.158945574e-11 9.216540248e-11 9.17088025e-11 9.165289502e-11 9.142049225e-11 9.215760551e-11 9.126909343e-11 9.144886297e-11 9.084064827e-11 9.078634225e-11 9.131552105e-11 9.110235939e-11 9.076466796e-11 9.03762459e-11 9.085506877e-11 9.080900073e-11 9.092084405e-11 9.021207999e-11 9.042435188e-11 9.043508881e-11 9.102073864e-11 9.044824931e-11 9.018566437e-11 8.987378455e-11 9.047700187e-11 8.942029581e-11 8.999839844e-11 9.006465524e-11 8.984892883e-11 8.9682241e-11 9.058488807e-11 8.95669128e-11 8.978341838e-11 8.968430112e-11 8.934675765e-11 9.02062184e-11 8.989865799e-11 8.919950462e-11 8.959743146e-11 8.903412564e-11 8.946077504e-11 8.87871991e-11 8.897556552e-11 8.866144098e-11 8.929495288e-11 8.824851624e-11 8.831076898e-11 8.850443645e-11 8.862661114e-11 8.782555452e-11 8.833175809e-11 8.796211848e-11 8.810741099e-11 8.818305525e-11 8.805891775e-11 8.728102558e-11 8.796774693e-11 8.817511283e-11 8.8332877e-11 8.784470127e-11 8.764323074e-11 8.750866918e-11 8.761568629e-11 8.70474255e-11 8.73985404e-11 8.812417604e-11 8.784460932e-11 8.751195615e-11 8.753164723e-11 8.724108984e-11 8.669279848e-11 8.680278365e-11 8.692748303e-11 8.680793053e-11 8.714788504e-11 8.744932718e-11 8.703116646e-11 8.733697718e-11 8.725895427e-11 8.70187481e-11 8.604099607e-11 8.699637211e-11 8.771037995e-11 8.696489487e-11 8.767116431e-11 8.659082468e-11 8.679576398e-11 8.694474418e-11 8.704014421e-11 8.764758428e-11 8.752765949e-11 8.674615208e-11 8.705869903e-11 8.714284418e-11 8.703048389e-11 8.824820954e-11 8.718205097e-11 8.709036322e-11 8.747410748e-11 8.710393115e-11 8.729972717e-11 8.746049614e-11 8.709921571e-11 8.696925053e-11 8.759630346e-11 8.72285285e-11 8.80804091e-11 8.867207884e-11 8.850445493e-11 8.841394212e-11 8.802742399e-11 8.847229282e-11 8.7856523e-11 8.806591588e-11 8.843096694e-11 8.898703062e-11 8.865807301e-11 8.890851832e-11 8.79141243e-11 8.927768591e-11 8.93624458e-11 8.919019336e-11 8.931888253e-11 8.93158957e-11 8.85408918e-11 8.961735728e-11 8.924080852e-11 8.949697111e-11 8.991568926e-11 8.933555246e-11 8.957490422e-11 8.942200877e-11 8.960185929e-11 8.915858668e-11 8.939192421e-11 8.999115337e-11 9.024393596e-11 8.971556807e-11 9.00917386e-11 9.028832932e-11 8.998221129e-11 9.00019493e-11 9.02353014e-11 8.993083365e-11 9.086616615e-11 9.124367917e-11 9.039919051e-11 9.102159362e-11 9.102891104e-11 9.111587261e-11 9.067068107e-11 9.156632063e-11 9.094278541e-11 9.082741629e-11 9.115805727e-11 9.124855667e-11 9.190357688e-11 9.113592129e-11 9.176205114e-11 9.136703916e-11 9.129752445e-11 9.189065486e-11 9.160178253e-11 9.187981017e-11 9.171907998e-11 9.204141952e-11 9.118967267e-11 9.174270659e-11 9.143849563e-11 9.249598151e-11 9.191985703e-11 9.182816747e-11 
9.158967934e-11 9.239732053e-11 9.228434059e-11 9.102816126e-11 9.175655871e-11 9.079254429e-11 9.124733012e-11 9.104799525e-11 9.170417402e-11 9.184199736e-11 9.150486026e-11 9.122137542e-11 9.222189122e-11 9.126741697e-11 9.048569502e-11 9.123275579e-11 9.07041258e-11 9.096084599e-11 9.057957264e-11 9.11003102e-11 9.046886998e-11 9.058939501e-11 9.082134337e-11 8.992179899e-11 9.086692252e-11 9.061074327e-11 9.003142183e-11 9.008033997e-11 9.078589399e-11 9.046355581e-11 8.929949249e-11 9.062995394e-11 8.98954411e-11 9.0105865e-11 8.993572565e-11 9.003812814e-11 8.982720687e-11 9.024448478e-11 9.022101626e-11 8.909406063e-11 8.897101423e-11 8.851536004e-11 8.874550029e-11 8.933551049e-11 8.85984073e-11 8.900863372e-11 8.850408954e-11 8.920978563e-11 8.891417434e-11 8.830685904e-11 8.850292347e-11 8.786310308e-11 8.863490816e-11 8.894621302e-11 8.820589064e-11 8.779670709e-11 8.830914729e-11 8.840589162e-11 8.837326973e-11 8.782418912e-11 8.813177086e-11 8.771091578e-11 8.784681096e-11 8.734734399e-11 8.781002522e-11 8.756445878e-11 8.720438201e-11 8.740371458e-11 8.737885923e-11 8.742583057e-11 8.663750981e-11 8.710400377e-11 8.720043918e-11 8.662099876e-11 8.749457281e-11 8.698587792e-11 8.671039319e-11 8.710321817e-11 8.69283442e-11 8.682722674e-11 8.693813197e-11 8.731277632e-11 8.65832823e-11 8.676630266e-11 8.591957825e-11 8.711067199e-11 8.608536564e-11 8.71340294e-11 8.683431448e-11 8.723799078e-11 8.718769667e-11 8.671317071e-11 8.582510203e-11 8.566445738e-11 8.636471719e-11 8.756377627e-11 8.712104675e-11 8.657437217e-11 8.714154788e-11 8.646454608e-11 8.731670628e-11 8.685725042e-11 8.707587049e-11 8.721841656e-11 8.71381054e-11 8.722821831e-11 8.668904694e-11 8.73287341e-11 8.742653862e-11 8.676341757e-11 8.759601935e-11 8.772623745e-11 8.735934474e-11 8.687206412e-11 8.727850065e-11 8.758734105e-11 8.748200747e-11 8.772578496e-11 8.817643552e-11 8.765419085e-11 8.803671416e-11 8.836453083e-11 8.838451625e-11 8.777454955e-11 8.780974368e-11 8.849112772e-11 8.821680836e-11 8.777500752e-11 8.947527826e-11 8.871785234e-11 8.874593761e-11 8.834259777e-11 8.859758469e-11 8.966833188e-11 8.934815837e-11 8.826967507e-11 8.906109075e-11 8.917164327e-11 8.883856933e-11 8.916961993e-11 8.979350362e-11 8.910190665e-11 8.933060286e-11 8.923620153e-11 9.000801614e-11 8.917204418e-11 8.946866161e-11 9.021313621e-11 9.022293016e-11 8.966621129e-11 9.017377683e-11 8.947913341e-11 9.009676284e-11 9.044864563e-11 9.050708878e-11 9.034368698e-11 9.050155207e-11 9.063842529e-11 9.132096619e-11 9.101998758e-11 9.026408657e-11 9.114724401e-11 9.150194378e-11 9.03193991e-11 9.101065651e-11 9.023103424e-11 9.170604647e-11 9.14888622e-11 9.174952654e-11 9.084312233e-11 9.099460058e-11 9.047274596e-11 9.127274351e-11 9.159961681e-11 9.171534589e-11 9.112283009e-11 9.14168411e-11 9.172087635e-11 9.181568795e-11 9.210848125e-11 
9.103920617e-11 9.105801113e-11 9.178545071e-11 9.077157915e-11 9.141747955e-11 9.202229336e-11 9.07150561e-11 9.075779326e-11 9.153935872e-11 9.09793257e-11 9.096690346e-11 9.01347239e-11 9.021301009e-11 9.040633385e-11 9.075571819e-11 9.028101854e-11 8.977479165e-11 9.000201907e-11 9.13002311e-11 9.025103646e-11 9.081056059e-11 8.995385018e-11 8.944000323e-11 9.051152915e-11 8.94821298e-11 8.943489347e-11 8.973107962e-11 9.04336466e-11 8.906038451e-11 8.975496268e-11 8.891176888e-11 8.981367459e-11 8.963237419e-11 8.965582059e-11 8.830153488e-11 8.893603892e-11 8.890107111e-11 8.925841295e-11 8.917015113e-11 8.85608546e-11 8.934147133e-11 9.033729649e-11 8.885029355e-11 8.81829294e-11 8.818493794e-11 8.934442703e-11 8.843866773e-11 8.853801625e-11 8.876960682e-11 8.842758703e-11 8.853527622e-11 8.77916193e-11 8.864156044e-11 8.811924311e-11 8.804406056e-11 8.811997993e-11 8.784341993e-11 8.73180902e-11 8.775274386e-11 8.784058441e-11 8.771661351e-11 8.783985183e-11 8.783472654e-11 8.794217671e-11 8.785109673e-11 8.719217778e-11 8.638763054e-11 8.674103066e-11 8.686355835e-11 8.69584977e-11 8.707684577e-11 8.661209125e-11 8.666264825e-11 8.641585901e-11 8.672564404e-11 8.661038606e-11 8.623388564e-11 8.666118885e-11 8.65905976e-11 8.682036426e-11 8.598946331e-11 8.690573221e-11 8.665454634e-11 8.562436306e-11 8.632397334e-11 8.565530426e-11 8.672484303e-11 8.655595858e-11 8.674895185e-11 8.600843098e-11 8.605548858e-11 8.61991793e-11 8.614415959e-11 8.628772625e-11 8.670910694e-11 8.592691227e-11 8.712604096e-11 8.605273823e-11 8.627313145e-11 8.702257115e-11 8.666697947e-11 8.693072939e-11 8.700406603e-11 8.623830727e-11 8.73900213e-11 8.679410149e-11 8.682901865e-11 8.602645568e-11 8.695638424e-11 8.730039796e-11 8.700671722e-11 8.731517161e-11 8.764840767e-11 8.672905484e-11 8.71554793e-11 8.762606671e-11 8.768464742e-11 8.706240993e-11 8.771129854e-11 8.780155155e-11 8.729348018e-11 8.760231064e-11 8.745394032e-11 8.83854753e-11 8.824311006e-11 8.827078192e-11 8.855670391e-11 8.845283146e-11 8.849577675e-11 8.943401651e-11 8.797868351e-11 8.811216293e-11 8.803042712e-11 8.886578335e-11 8.826679102e-11 8.882787204e-11 8.888832006e-11 8.922546197e-11 8.939911743e-11 8.980771355e-11 8.958520344e-11 8.901791156e-11 8.994587695e-11 8.951830947e-11 8.931379394e-11 8.935124947e-11 8.981283563e-11 8.942725811e-11 8.942782742e-11 8.970312537e-11 8.983340991e-11 9.010236705e-11 8.995650391e-11 8.939689662e-11 9.040794892e-11 8.994646858e-11 9.013877122e-11 9.041273637e-11 9.03359005e-11 9.047674035e-11 9.062617017e-11 9.073824116e-11 9.021619343e-11 9.079286019e-11 9.006998561e-11 9.119588783e-11 9.155367712e-11 9.06641e-11 9.100884742e-11 9.087242699e-11 9.055559225e-11 9.136967156e-11 9.115622189e-11 9.195484777e-11 9.049582852e-11 9.222856292e-11 9.169192188e-11 9.118306727e-11 9.14791009e-11 9.095651784e-11 
9.082831027e-11 9.075150924e-11 9.05849113e-11 9.122144844e-11 9.102196829e-11 9.092487631e-11 9.086606622e-11 9.080700683e-11 9.06894283e-11 9.093050752e-11 9.092840335e-11 9.104102261e-11 9.080702705e-11 9.024082344e-11 9.026904521e-11 9.02464029e-11 9.02112288e-11 9.065362302e-11 8.99248087e-11 8.952944759e-11 8.979785766e-11 8.828538612e-11 8.992366948e-11 8.935825361e-11 8.994782197e-11 8.933487528e-11 8.947910947e-11 9.014190536e-11 8.946832236e-11 8.922185431e-11 8.898853806e-11 8.907769902e-11 8.949413136e-11 8.854232191e-11 8.873591327e-11 8.850903078e-11 8.930005504e-11 8.828023867e-11 8.834891359e-11 8.841363971e-11 8.910323433e-11 8.7920852e-11 8.905874558e-11 8.841817134e-11 8.842570646e-11 8.833833828e-11 8.823083222e-11 8.770702386e-11 8.723322954e-11 8.785018652e-11 8.838323663e-11 8.734376552e-11 8.730173556e-11 8.816138735e-11 8.756913171e-11 8.801600436e-11 8.757723515e-11 8.75968642e-11 8.656232391e-11 8.698746824e-11 8.714515605e-11 8.603080831e-11 8.682014027e-11 8.655567965e-11 8.631705493e-11 8.730669097e-11 8.632960119e-11 8.72016397e-11 8.658630614e-11 8.5793678e-11 8.616298365e-11 8.663376816e-11 8.651891529e-11 8.574465891e-11 8.613057315e-11 8.570767465e-11 8.616241985e-11 8.571083557e-11 8.541473972e-11 8.632390786e-11 8.636930957e-11 8.580219809e-11 8.596775283e-11 8.608753063e-11 8.590475134e-11 8.589104491e-11 8.637970885e-11 8.509956057e-11 8.634025574e-11 8.599044273e-11 8.575303849e-11 8.550994446e-11 8.617748247e-11 8.536560076e-11 8.590770064e-11 8.613484941e-11 8.545981488e-11 8.621891187e-11 8.601785013e-11 8.609686138e-11 8.636315118e-11 8.600180691e-11 8.651522083e-11 8.555497689e-11 8.615704732e-11 8.648842927e-11 8.618139577e-11 8.717746354e-11 8.606698125e-11 8.616081268e-11 8.628460125e-11 8.621657499e-11 8.694529705e-11 8.715989938e-11 8.602246775e-11 8.673329466e-11 8.598178835e-11 8.662132023e-11 8.696493837e-11 8.629144107e-11 8.741470576e-11 8.657070061e-11 8.676399546e-11 8.744405003e-11 8.692327873e-11 8.756528874e-11 8.768500654e-11 8.757826865e-11 8.752456457e-11 8.762733659e-11 8.820390623e-11 8.820849946e-11 8.814266372e-11 8.75555493e-11 8.763668602e-11 8.800728696e-11 8.831875741e-11 8.792322345e-11 8.932987281e-11 8.907080444e-11 8.812464968e-11 8.861738463e-11 8.86114325e-11 8.960116327e-11 8.910603363e-11 8.826402313e-11 8.873309791e-11 8.810135349e-11 8.902107684e-11 8.890914489e-11 8.960685345e-11 8.938685245e-11 8.979730096e-11 8.927078946e-11 8.926036679e-11 9.012623873e-11 9.018204914e-11 8.996636504e-11 9.008114351e-11 9.000360772e-11 8.917698913e-11 9.039241383e-11 9.054691591e-11 9.056364181e-11 9.013079833e-11 9.020740534e-11 9.022888166e-11 9.084764394e-11 9.051426126e-11 9.098473493e-11 9.053672306e-11 9.076263801e-11 9.026610457e-11 9.025442451e-11 9.075272292e-11 9.105040083e-11 9.119188479e-11 9.062495484e-11 9.038821848e-11 9.044135845e-11 
9.024522872e-11 9.018454313e-11 8.963437038e-11 9.018403645e-11 8.980862548e-11 8.91848569e-11 9.056418042e-11 9.033777528e-11 8.952019828e-11 9.044269197e-11 9.026544785e-11 8.93914084e-11 8.959285451e-11 8.952228409e-11 9.014547031e-11 8.92643167e-11 8.952186656e-11 8.9172878e-11 8.952747681e-11 8.982887018e-11 8.937441692e-11 8.823613508e-11 8.99978763e-11 8.894645112e-11 8.894018551e-11 8.937494736e-11 8.905352261e-11 8.877908324e-11 8.867948896e-11 8.92184741e-11 8.830482249e-11 8.856456759e-11 8.826312808e-11 8.771615397e-11 8.846981909e-11 8.790612551e-11 8.808035896e-11 8.783189908e-11 8.783951702e-11 8.807862658e-11 8.775587936e-11 8.780834213e-11 8.743759542e-11 8.736198746e-11 8.819436005e-11 8.726397501e-11 8.742310758e-11 8.699433421e-11 8.738824371e-11 8.713849283e-11 8.731750348e-11 8.61456786e-11 8.666008557e-11 8.707808569e-11 8.744186705e-11 8.712088296e-11 8.700980876e-11 8.692411662e-11 8.611525297e-11 8.650650478e-11 8.597437016e-11 8.563065336e-11 8.616255768e-11 8.586834743e-11 8.63953331e-11 8.593987898e-11 8.618707291e-11 8.55833291e-11 8.613795163e-11 8.534667505e-11 8.573078993e-11 8.586438252e-11 8.607721266e-11 8.558678309e-11 8.556919533e-11 8.546086228e-11 8.595973056e-11 8.485266006e-11 8.512929266e-11 8.535300109e-11 8.625422755e-11 8.601223838e-11 8.519603193e-11 8.548177505e-11 8.45671432e-11 8.421914308e-11 8.510512659e-11 8.559317887e-11 8.554690729e-11 8.510914067e-11 8.492300485e-11 8.487812443e-11 8.504281505e-11 8.508423346e-11 8.531315993e-11 8.571735766e-11 8.533272085e-11 8.545994774e-11 8.574326328e-11 8.578871173e-11 8.554748662e-11 8.614297131e-11 8.555520724e-11 8.64468787e-11 8.597239156e-11 8.568355677e-11 8.580478183e-11 8.571324569e-11 8.60497468e-11 8.507957e-11 8.612215328e-11 8.563034831e-11 8.593623936e-11 8.598984376e-11 8.616141459e-11 8.579824878e-11 8.63373619e-11 8.620884634e-11 8.612525525e-11 8.685854178e-11 8.591589921e-11 8.643150875e-11 8.697731106e-11 8.691392116e-11 8.659491814e-11 8.651886058e-11 8.683919102e-11 8.733629235e-11 8.675624046e-11 8.724010503e-11 8.800154054e-11 8.69287882e-11 8.716725096e-11 8.705004092e-11 8.796932358e-11 8.734410569e-11 8.724536393e-11 8.707514815e-11 8.725434789e-11 8.831613561e-11 8.781699653e-11 8.809677668e-11 8.819134515e-11 8.847255201e-11 8.863391427e-11 8.834236092e-11 8.745869471e-11 8.797690823e-11 8.879785562e-11 8.861464907e-11 8.856638178e-11 8.864768769e-11 8.846815407e-11 8.94884867e-11 8.938543724e-11 8.851885869e-11 8.906050159e-11 8.87729467e-11 8.924352441e-11 8.907138991e-11 8.931163414e-11 8.96060555e-11 8.920907913e-11 8.964715935e-11 8.939518636e-11 9.016201696e-11 8.987411082e-11 8.954088716e-11 9.010687876e-11 8.964602435e-11 8.977657623e-11 9.000302552e-11 9.059692132e-11 9.049590462e-11 9.054596377e-11 9.040478967e-11 8.999425004e-11 8.93549773e-11 9.01021011e-11 9.117062169e-11 
8.942766809e-11 8.942782255e-11 8.96165184e-11 8.976105229e-11 8.948506228e-11 9.085251e-11 9.015287549e-11 8.894333865e-11 9.036415565e-11 8.940827877e-11 8.905630173e-11 8.91433872e-11 8.857358707e-11 8.923947733e-11 8.894489187e-11 8.923625255e-11 8.869499183e-11 8.944437102e-11 8.833701188e-11 8.823270224e-11 8.816157862e-11 8.789783544e-11 8.802701407e-11 8.790683873e-11 8.841525782e-11 8.850963346e-11 8.785427884e-11 8.878490508e-11 8.876258024e-11 8.783964885e-11 8.822040749e-11 8.799941223e-11 8.824614302e-11 8.698987734e-11 8.749879319e-11 8.74603361e-11 8.790715606e-11 8.781003829e-11 8.802132515e-11 8.754466781e-11 8.805575776e-11 8.758668864e-11 8.713774383e-11 8.690871551e-11 8.651007409e-11 8.753640674e-11 8.740789836e-11 8.66634305e-11 8.703160298e-11 8.638703807e-11 8.703912861e-11 8.701780191e-11 8.60509482e-11 8.590237896e-11 8.560959764e-11 8.632423542e-11 8.615770541e-11 8.650300492e-11 8.618756884e-11 8.5924246e-11 8.605230794e-11 8.621404238e-11 8.519818224e-11 8.599015659e-11 8.636310444e-11 8.591978384e-11 8.526050972e-11 8.469968915e-11 8.515377269e-11 8.521399251e-11 8.471122522e-11 8.558379974e-11 8.484271469e-11 8.532730334e-11 8.503688991e-11 8.473122927e-11 8.471133926e-11 8.459861562e-11 8.397389608e-11 8.475893614e-11 8.541676119e-11 8.460355166e-11 8.449786614e-11 8.497591971e-11 8.404760912e-11 8.499407738e-11 8.457454665e-11 8.486727427e-11 8.435854128e-11 8.453896983e-11 8.518725918e-11 8.466221543e-11 8.503180115e-11 8.479725235e-11 8.501783952e-11 8.463449589e-11 8.43151436e-11 8.486189898e-11 8.464876283e-11 8.529361406e-11 8.46073198e-11 8.571293191e-11 8.526847521e-11 8.4651302e-11 8.501636651e-11 8.497938656e-11 8.560666315e-11 8.477683079e-11 8.501451643e-11 8.52643117e-11 8.478397655e-11 8.523492935e-11 8.564932984e-11 8.5320644e-11 8.586831964e-11 8.622267097e-11 8.527689362e-11 8.558187287e-11 8.624802215e-11 8.617529186e-11 8.560339901e-11 8.66576687e-11 8.548401427e-11 8.564403795e-11 8.63777888e-11 8.662583927e-11 8.633644323e-11 8.640793869e-11 8.641307346e-11 8.697222359e-11 8.635352122e-11 8.615731128e-11 8.6629312e-11 8.673323014e-11 8.703660152e-11 8.74153035e-11 8.708971494e-11 8.763003813e-11 8.771055216e-11 8.762897046e-11 8.62243809e-11 8.689773369e-11 8.804270752e-11 8.69205407e-11 8.82979975e-11 8.793091152e-11 8.758527907e-11 8.808523116e-11 8.800969937e-11 8.812686897e-11 8.79962577e-11 8.856637578e-11 8.820869991e-11 8.795587749e-11 8.827602549e-11 8.897686008e-11 8.76153419e-11 8.879022075e-11 8.802348256e-11 8.814317976e-11 8.931315243e-11 8.874250505e-11 8.880992835e-11 8.908703676e-11 8.865515374e-11 8.840228446e-11 8.950571151e-11 8.920136617e-11 8.893547595e-11 8.909897973e-11 8.96056299e-11 8.985197454e-11 8.936241773e-11 8.890606451e-11 9.043318468e-11 9.005634481e-11 8.946395184e-11 9.014048382e-11 8.999629687e-11 9.02431979e-11 
8.906172368e-11 8.900432517e-11 8.812128762e-11 8.909016223e-11 8.867400129e-11 8.870269455e-11 8.897818034e-11 8.84917667e-11 8.847490352e-11 8.911676318e-11 8.782723208e-11 8.839475201e-11 8.844278559e-11 8.806577099e-11 8.902032903e-11 8.817138979e-11 8.852002079e-11 8.807391741e-11 8.835272251e-11 8.77671772e-11 8.814621308e-11 8.774081247e-11 8.75760475e-11 8.828793599e-11 8.850678028e-11 8.795231955e-11 8.805377923e-11 8.686371694e-11 8.665520355e-11 8.730459765e-11 8.71876008e-11 8.804004085e-11 8.732144969e-11 8.624446317e-11 8.713095839e-11 8.746967663e-11 8.652133584e-11 8.667655154e-11 8.765501424e-11 8.627787792e-11 8.593226002e-11 8.658622536e-11 8.664540406e-11 8.670469438e-11 8.662174468e-11 8.63645579e-11 8.665640725e-11 8.687679822e-11 8.57788868e-11 8.624432143e-11 8.588828007e-11 8.580088631e-11 8.528313964e-11 8.532566382e-11 8.567630651e-11 8.590291511e-11 8.548388057e-11 8.558411607e-11 8.549492344e-11 8.503047232e-11 8.505311897e-11 8.535040094e-11 8.535347385e-11 8.452229804e-11 8.460452604e-11 8.512658944e-11 8.475769393e-11 8.450167252e-11 8.465822143e-11 8.480716545e-11 8.514359311e-11 8.400747613e-11 8.401985722e-11 8.494160422e-11 8.483161236e-11 8.357836669e-11 8.433075589e-11 8.402224448e-11 8.456273627e-11 8.36829535e-11 8.374483658e-11 8.431426181e-11 8.406928098e-11 8.455637524e-11 8.416592215e-11 8.406146262e-11 8.426144153e-11 8.289811233e-11 8.361873905e-11 8.319117524e-11 8.485434032e-11 8.387153728e-11 8.418358678e-11 8.346652698e-11 8.389553079e-11 8.327151706e-11 8.385900886e-11 8.361943786e-11 8.424756531e-11 8.359273216e-11 8.422932014e-11 8.459324906e-11 8.42782103e-11 8.435873873e-11 8.46643058e-11 8.38884931e-11 8.466859525e-11 8.508829202e-11 8.486819177e-11 8.453697902e-11 8.521920331e-11 8.450951994e-11 8.430227584e-11 8.431721463e-11 8.421626388e-11 8.493805812e-11 8.47237341e-11 8.480783522e-11 8.594948081e-11 8.512357649e-11 8.482400333e-11 8.529162681e-11 8.58485551e-11 8.537776876e-11 8.47291267e-11 8.524850158e-11 8.605545555e-11 8.554734011e-11 8.594000974e-11 8.561810102e-11 8.54804531e-11 8.593274697e-11 8.602689556e-11 8.513587489e-11 8.66129719e-11 8.665221013e-11 8.641578468e-11 8.659131273e-11 8.635847842e-11 8.610229301e-11 8.672659123e-11 8.676878312e-11 8.635865152e-11 8.690058601e-11 8.734543924e-11 8.643233102e-11 8.717734906e-11 8.724410988e-11 8.631316206e-11 8.753642055e-11 8.715920023e-11 8.791051608e-11 8.779940358e-11 8.692612162e-11 8.740802005e-11 8.787133632e-11 8.801377834e-11 8.768212062e-11 8.804399696e-11 8.739514705e-11 8.832227166e-11 8.763073465e-11 8.836597342e-11 8.853587195e-11 8.836326641e-11 8.879101647e-11 8.788237514e-11 8.848194371e-11 8.832453088e-11 8.840660058e-11 8.869021718e-11 8.940881518e-11 8.864784505e-11 8.957286964e-11 8.918189039e-11 8.958691339e-11 8.865342552e-11 8.886377896e-11 8.836955501e-11 8.846631798e-11 
8.831595068e-11 8.849539484e-11 8.753610218e-11 8.884016047e-11 8.917153612e-11 8.766650703e-11 8.831774698e-11 8.842780795e-11 8.804824016e-11 8.726652851e-11 8.766475805e-11 8.753155291e-11 8.687501284e-11 8.835258354e-11 8.833521454e-11 8.701634355e-11 8.684939477e-11 8.713758058e-11 8.726033752e-11 8.790089019e-11 8.792890103e-11 8.633213961e-11 8.68230102e-11 8.675421506e-11 8.703577632e-11 8.733616834e-11 8.695273781e-11 8.675901354e-11 8.650216536e-11 8.674244516e-11 8.685038368e-11 8.603543675e-11 8.6135643e-11 8.683995342e-11 8.622560409e-11 8.635019559e-11 8.626456208e-11 8.589803049e-11 8.572663623e-11 8.610382051e-11 8.605897169e-11 8.586993052e-11 8.565160733e-11 8.466946326e-11 8.593322524e-11 8.513461526e-11 8.482587198e-11 8.538743442e-11 8.517791188e-11 8.467761889e-11 8.594173146e-11 8.493110033e-11 8.581992256e-11 8.493142149e-11 8.493911348e-11 8.460546866e-11 8.488409333e-11 8.469620519e-11 8.399114648e-11 8.401458253e-11 8.345365394e-11 8.467674558e-11 8.471347492e-11 8.369042236e-11 8.399142044e-11 8.378981111e-11 8.392162867e-11 8.389277744e-11 8.339949444e-11 8.424546966e-11 8.311874926e-11 8.404936854e-11 8.378566922e-11 8.313095453e-11 8.336579206e-11 8.396744334e-11 8.371959307e-11 8.325460418e-11 8.331364096e-11 8.345398651e-11 8.349960748e-11 8.324959469e-11 8.324750709e-11 8.31356754e-11 8.279241135e-11 8.306289742e-11 8.394812569e-11 8.305813246e-11 8.302823636e-11 8.28520186e-11 8.259197871e-11 8.320246713e-11 8.258086458e-11 8.367375363e-11 8.25790609e-11 8.323920392e-11 8.26483687e-11 8.290035003e-11 8.324104356e-11 8.275550686e-11 8.369231669e-11 8.260086348e-11 8.314760915e-11 8.31036657e-11 8.339185026e-11 8.355512838e-11 8.29416677e-11 8.394405055e-11 8.300363224e-11 8.428615237e-11 8.387877431e-11 8.407913047e-11 8.369215502e-11 8.405418589e-11 8.435189404e-11 8.365788662e-11 8.425737368e-11 8.449861914e-11 8.467675958e-11 8.356960033e-11 8.432300962e-11 8.446076372e-11 8.429242558e-11 8.464267969e-11 8.496253393e-11 8.564885007e-11 8.537093835e-11 8.454016965e-11 8.477269245e-11 8.445984243e-11 8.54207069e-11 8.525931849e-11 8.563105438e-11 8.474504416e-11 8.618307672e-11 8.55927162e-11 8.533314009e-11 8.53792727e-11 8.614732743e-11 8.554723284e-11 8.627272393e-11 8.520125874e-11 8.555052025e-11 8.561524857e-11 8.52443268e-11 8.622760479e-11 8.648287499e-11 8.61834191e-11 8.598128041e-11 8.670043309e-11 8.589368961e-11 8.684106874e-11 8.697931803e-11 8.707598774e-11 8.766454326e-11 8.681098371e-11 8.744083784e-11 8.701719381e-11 8.669349558e-11 8.674604783e-11 8.691655019e-11 8.827988736e-11 8.798958994e-11 8.73265412e-11 8.761674618e-11 8.784879556e-11 8.74361292e-11 8.708855955e-11 8.769313552e-11 8.810325432e-11 8.741335233e-11 8.830519794e-11 8.792917312e-11 8.826561971e-11 8.820930109e-11 8.841150464e-11 8.799954376e-11 8.851055731e-11 8.81274959e-11 8.824468434e-11 
8.748262519e-11 8.752769253e-11 8.697742048e-11 8.671261052e-11 8.848419897e-11 8.710531069e-11 8.672521586e-11 8.651976623e-11 8.767133913e-11 8.68406785e-11 8.676154897e-11 8.769991004e-11 8.686578022e-11 8.687339625e-11 8.69391963e-11 8.603549659e-11 8.682995286e-11 8.656660118e-11 8.67179098e-11 8.595441284e-11 8.629242144e-11 8.632121077e-11 8.623411675e-11 8.621303724e-11 8.600087441e-11 8.548232597e-11 8.627088918e-11 8.652022911e-11 8.525923704e-11 8.615519461e-11 8.521612334e-11 8.554495286e-11 8.551368859e-11 8.557733284e-11 8.607367039e-11 8.551840697e-11 8.470420379e-11 8.538399002e-11 8.472211061e-11 8.456686202e-11 8.444952407e-11 8.404130968e-11 8.414196252e-11 8.520345488e-11 8.478779682e-11 8.476628285e-11 8.371032916e-11 8.520374258e-11 8.398322501e-11 8.433027745e-11 8.433984134e-11 8.437180783e-11 8.415279438e-11 8.42698113e-11 8.352207821e-11 8.263141307e-11 8.375541586e-11 8.378665211e-11 8.316204611e-11 8.368359629e-11 8.378581809e-11 8.331580193e-11 8.407967383e-11 8.268880952e-11 8.304155322e-11 8.289407046e-11 8.274937262e-11 8.356467067e-11 8.316856212e-11 8.179811005e-11 8.288608535e-11 8.247739184e-11 8.309403726e-11 8.28829623e-11 8.279763286e-11 8.229196541e-11 8.304632231e-11 8.146808212e-11 8.190227847e-11 8.312788269e-11 8.262740003e-11 8.234589689e-11 8.281797777e-11 8.188310211e-11 8.205326561e-11 8.227584077e-11 8.237167414e-11 8.206592237e-11 8.203736749e-11 8.213192595e-11 8.259489002e-11 8.185833778e-11 8.241289455e-11 8.199672051e-11 8.291634156e-11 8.233043048e-11 8.274056759e-11 8.238138052e-11 8.237088842e-11 8.284979198e-11 8.273445221e-11 8.198735377e-11 8.176036472e-11 8.199676486e-11 8.177768324e-11 8.288281827e-11 8.230499034e-11 8.279709951e-11 8.317970657e-11 8.30091899e-11 8.26859014e-11 8.2649331e-11 8.28766601e-11 8.277597317e-11 8.399460314e-11 8.383782282e-11 8.347510098e-11 8.350949482e-11 8.315575317e-11 8.298557639e-11 8.408542083e-11 8.344059093e-11 8.391301332e-11 8.351714435e-11 8.314570647e-11 8.426212865e-11 8.431551272e-11 8.424145646e-11 8.411511625e-11 8.346071142e-11 8.488872446e-11 8.383066153e-11 8.456448649e-11 8.439248879e-11 8.510796125e-11 8.449015114e-11 8.502916513e-11 8.409649642e-11 8.438864193e-11 8.514947681e-11 8.554530037e-11 8.466594338e-11 8.499556266e-11 8.527327927e-11 8.585064224e-11 8.528242527e-11 8.442785969e-11 8.521734504e-11 8.544722415e-11 8.580304301e-11 8.558838559e-11 8.638133684e-11 8.588599969e-11 8.627252566e-11 8.625009967e-11 8.585238664e-11 8.541437553e-11 8.595743767e-11 8.635097706e-11 8.636442195e-11 8.64368552e-11 8.640007104e-11 8.604217883e-11 8.657564692e-11 8.7310881e-11 8.688127492e-11 8.666852921e-11 8.664834538e-11 8.624526834e-11 8.727569337e-11 8.757223538e-11 8.735998798e-11 8.622878795e-11 8.704906003e-11 8.742183315e-11 8.747979929e-11 8.750651823e-11 8.766513618e-11 8.694111223e-11 8.781941645e-11 
8.689140567e-11 8.533186479e-11 8.61825981e-11 8.67769852e-11 8.662167741e-11 8.660433366e-11 8.63549353e-11 8.616734989e-11 8.594345213e-11 8.578885626e-11 8.53454647e-11 8.593060562e-11 8.643178279e-11 8.560197022e-11 8.49924774e-11 8.528626857e-11 8.54536702e-11 8.541912056e-11 8.495404967e-11 8.524254693e-11 8.476084711e-11 8.423094184e-11 8.541120046e-11 8.447342604e-11 8.499827803e-11 8.546367671e-11 8.492884128e-11 8.520455695e-11 8.483787381e-11 8.468069107e-11 8.458990975e-11 8.487162173e-11 8.536819533e-11 8.466548854e-11 8.411626267e-11 8.459648012e-11 8.416532949e-11 8.364637391e-11 8.362712914e-11 8.42213569e-11 8.325867742e-11 8.389684042e-11 8.430104668e-11 8.374486584e-11 8.426556995e-11 8.39205381e-11 8.35056162e-11 8.334151567e-11 8.293989036e-11 8.369847224e-11 8.231334018e-11 8.345136221e-11 8.342806932e-11 8.382557267e-11 8.329707191e-11 8.29236637e-11 8.275042347e-11 8.250874636e-11 8.23375347e-11 8.275818593e-11 8.269609727e-11 8.248014062e-11 8.294678587e-11 8.324552658e-11 8.242880508e-11 8.280372708e-11 8.150096291e-11 8.195851353e-11 8.210090429e-11 8.243416507e-11 8.108658956e-11 8.174346443e-11 8.265958837e-11 8.107809784e-11 8.195881042e-11 8.21357064e-11 8.134144851e-11 8.098659706e-11 8.124389785e-11 8.118550746e-11 8.127725261e-11 8.170619362e-11 8.104874725e-11 8.169650736e-11 8.082514819e-11 8.194316799e-11 8.156776095e-11 8.139298974e-11 8.145475023e-11 8.10512756e-11 8.179856221e-11 8.212045196e-11 8.152196863e-11 8.108979215e-11 8.182392331e-11 8.181113799e-11 8.189134622e-11 8.13372446e-11 8.104760162e-11 8.109090114e-11 8.095338813e-11 8.142224698e-11 8.259033556e-11 8.146205805e-11 8.138535954e-11 8.129532953e-11 8.164833654e-11 8.134653622e-11 8.10718385e-11 8.170527411e-11 8.224152748e-11 8.200264304e-11 8.267277927e-11 8.222292694e-11 8.202309097e-11 8.119114442e-11 8.205126551e-11 8.271338675e-11 8.243338219e-11 8.274710961e-11 8.274815002e-11 8.346937382e-11 8.271529712e-11 8.323144284e-11 8.287778874e-11 8.257201545e-11 8.285381328e-11 8.284155401e-11 8.276346308e-11 8.331563607e-11 8.288848024e-11 8.329271507e-11 8.329550327e-11 8.362558127e-11 8.388881131e-11 8.336827243e-11 8.306254193e-11 8.340250288e-11 8.38796263e-11 8.412586015e-11 8.462096794e-11 8.427604589e-11 8.39126919e-11 8.422571926e-11 8.448188809e-11 8.547364615e-11 8.495412996e-11 8.499650325e-11 8.386306313e-11 8.433497614e-11 8.441433726e-11 8.522857227e-11 8.45409844e-11 8.50140062e-11 8.446031871e-11 8.410590897e-11 8.477833417e-11 8.524510266e-11 8.55665983e-11 8.57022282e-11 8.529521251e-11 8.581344108e-11 8.537373851e-11 8.568061355e-11 8.576322568e-11 8.5390577e-11 8.581253465e-11 8.560281271e-11 8.612663744e-11 8.60610828e-11 8.645988194e-11 8.682691128e-11 8.595593563e-11 8.683283837e-11 8.581643698e-11 8.516991571e-11 8.642635381e-11 8.666099461e-11 8.501252066e-11 8.622576844e-11 
8.515317203e-11 8.61675026e-11 8.539265271e-11 8.606311049e-11 8.509692077e-11 8.495670833e-11 8.467206023e-11 8.510147197e-11 8.526893783e-11 8.505337958e-11 8.522796394e-11 8.498794139e-11 8.516235487e-11 8.573602266e-11 8.501495367e-11 8.500019543e-11 8.456316477e-11 8.467069983e-11 8.460928991e-11 8.494550786e-11 8.444900245e-11 8.358130108e-11 8.432575407e-11 8.436864544e-11 8.376852408e-11 8.355563909e-11 8.353273287e-11 8.33481398e-11 8.388584309e-11 8.374659744e-11 8.380440561e-11 8.289266448e-11 8.366845123e-11 8.253257877e-11 8.376918992e-11 8.290068277e-11 8.318595443e-11 8.312142467e-11 8.276315727e-11 8.304437904e-11 8.306650608e-11 8.317799426e-11 8.257444223e-11 8.253011364e-11 8.232323296e-11 8.338754112e-11 8.272090429e-11 8.263449407e-11 8.293544758e-11 8.234563756e-11 8.317301147e-11 8.187480338e-11 8.240844882e-11 8.190510553e-11 8.141655832e-11 8.156901682e-11 8.083697616e-11 8.138488213e-11 8.180792311e-11 8.224666573e-11 8.147648833e-11 8.127096623e-11 8.18395731e-11 8.085590278e-11 8.143125162e-11 8.09863415e-11 8.053528347e-11 8.12363199e-11 8.120471409e-11 7.992251857e-11 8.121379228e-11 8.05689885e-11 8.05877071e-11 8.063298345e-11 8.04896498e-11 8.07534812e-11 8.027405246e-11 7.983879445e-11 8.021361736e-11 8.09578254e-11 8.017539163e-11 7.983237317e-11 8.084986906e-11 8.054781557e-11 7.991560283e-11 8.023566835e-11 8.046833357e-11 8.078614851e-11 7.990084255e-11 8.03988289e-11 8.016065174e-11 8.030239576e-11 8.024173878e-11 8.014656545e-11 7.992298797e-11 8.029426034e-11 8.058150718e-11 8.117820727e-11 8.0162277e-11 8.012635522e-11 8.068041404e-11 8.03660748e-11 8.016485026e-11 8.067221019e-11 8.040010847e-11 8.119045018e-11 8.080539873e-11 8.114949746e-11 7.989594158e-11 8.012239924e-11 8.10738713e-11 8.097119591e-11 8.083984911e-11 8.11782121e-11 8.103242641e-11 8.136946372e-11 8.15446729e-11 8.18224228e-11 8.126421283e-11 8.115676245e-11 8.120768828e-11 8.289000086e-11 8.20874168e-11 8.170170365e-11 8.179530545e-11 8.180772989e-11 8.184756127e-11 8.207661308e-11 8.20325351e-11 8.175271857e-11 8.203497081e-11 8.254913568e-11 8.271228555e-11 8.269990152e-11 8.225431987e-11 8.254470967e-11 8.296171489e-11 8.327763229e-11 8.253716585e-11 8.275646086e-11 8.278439308e-11 8.284010172e-11 8.285897488e-11 8.330778679e-11 8.336812525e-11 8.400856184e-11 8.317675649e-11 8.310686678e-11 8.318730574e-11 8.380562291e-11 8.330892055e-11 8.362520513e-11 8.455762186e-11 8.391003646e-11 8.433300521e-11 8.513230968e-11 8.43526765e-11 8.410810837e-11 8.435544756e-11 8.444677808e-11 8.453165453e-11 8.42542551e-11 8.481714013e-11 8.559863797e-11 8.398342352e-11 8.503914413e-11 8.440632583e-11 8.433204529e-11 8.525162012e-11 8.454714651e-11 8.517376008e-11 8.459478752e-11 8.541019746e-11 8.458201032e-11 8.613856298e-11 8.586725084e-11 8.592235462e-11 8.486647014e-11 8.520468177e-11 8.557404644e-11 
8.43879983e-11 8.405461599e-11 8.450458902e-11 8.433856749e-11 8.416526235e-11 8.373971157e-11 8.462483952e-11 8.396787816e-11 8.394878825e-11 8.387311396e-11 8.385983617e-11 8.462953261e-11 8.282768028e-11 8.339300704e-11 8.309082293e-11 8.376989848e-11 8.393505789e-11 8.364303109e-11 8.412498325e-11 8.417376121e-11 8.378859732e-11 8.311908252e-11 8.325732628e-11 8.330126611e-11 8.277307568e-11 8.328344691e-11 8.335384762e-11 8.295164977e-11 8.248814415e-11 8.228473364e-11 8.271675685e-11 8.244237185e-11 8.100989354e-11 8.227556708e-11 8.237602162e-11 8.246330284e-11 8.172708776e-11 8.216837433e-11 8.245871994e-11 8.185818834e-11 8.156014485e-11 8.193723555e-11 8.196044007e-11 8.189518289e-11 8.192187301e-11 8.206154296e-11 8.105640038e-11 8.153834697e-11 8.115523013e-11 8.152108865e-11 8.098910787e-11 8.113995224e-11 8.030198849e-11 8.125258628e-11 8.120759065e-11 8.098443776e-11 8.102673693e-11 7.990335934e-11 8.020855057e-11 8.052879346e-11 7.937873359e-11 7.981407947e-11 7.997368979e-11 7.973191147e-11 7.973851828e-11 7.997954841e-11 7.991325511e-11 7.954676089e-11 7.948232563e-11 7.987992484e-11 7.962070237e-11 8.021703087e-11 7.983490899e-11 7.915624662e-11 7.915295613e-11 7.950308423e-11 7.893462304e-11 7.931108012e-11 7.892153093e-11 7.978359851e-11 7.951722482e-11 7.970113226e-11 7.930476001e-11 7.831525331e-11 7.853313588e-11 7.942297588e-11 7.892765544e-11 7.950619329e-11 8.008417112e-11 7.911202299e-11 7.945850366e-11 7.938752262e-11 7.91307496e-11 7.894457625e-11 7.884956993e-11 7.854933601e-11 7.818594186e-11 7.909553726e-11 7.975079059e-11 7.959261488e-11 7.873069223e-11 7.965435212e-11 7.86725389e-11 8.000449919e-11 7.939923662e-11 7.954438567e-11 7.938229995e-11 7.943634972e-11 7.989896066e-11 8.008844345e-11 7.901172443e-11 7.959730497e-11 7.938817328e-11 7.970973534e-11 8.048849418e-11 8.028761521e-11 8.006714182e-11 8.127815556e-11 8.038699884e-11 8.077780238e-11 7.983849036e-11 8.067988504e-11 7.998990084e-11 8.082142953e-11 8.106519637e-11 8.174318087e-11 8.138508104e-11 8.077341646e-11 8.18168116e-11 8.041541664e-11 8.169243937e-11 8.130486566e-11 8.18291256e-11 8.180883541e-11 8.105728933e-11 8.140781839e-11 8.228764626e-11 8.201674175e-11 8.138010245e-11 8.181148265e-11 8.14688985e-11 8.220295128e-11 8.25995971e-11 8.223080114e-11 8.260569801e-11 8.209268505e-11 8.236475877e-11 8.338560959e-11 8.251428788e-11 8.293399577e-11 8.261193711e-11 8.24689115e-11 8.3172152e-11 8.295842647e-11 8.299513455e-11 8.287576412e-11 8.251070225e-11 8.327608591e-11 8.374979792e-11 8.277453049e-11 8.270723977e-11 8.355318269e-11 8.37610151e-11 8.347468703e-11 8.329408933e-11 8.36071703e-11 8.357277703e-11 8.364932182e-11 8.359639558e-11 8.34919739e-11 8.446176915e-11 8.338833812e-11 8.444221041e-11 8.380585479e-11 8.483176892e-11 8.392943945e-11 8.486480411e-11 8.452537569e-11 8.4382122e-11 8.481930697e-11 
8.271867466e-11 8.317092212e-11 8.250636292e-11 8.329854139e-11 8.348655017e-11 8.233229701e-11 8.328570767e-11 8.314954046e-11 8.32659064e-11 8.293374789e-11 8.243695864e-11 8.433059424e-11 8.247637744e-11 8.233608988e-11 8.166526519e-11 8.246297527e-11 8.255770236e-11 8.18792613e-11 8.201034614e-11 8.234766505e-11 8.26384258e-11 8.191921107e-11 8.19717569e-11 8.179575712e-11 8.18170104e-11 8.112719704e-11 8.18949453e-11 8.166267354e-11 8.161019199e-11 8.175513108e-11 8.117053665e-11 8.160695066e-11 8.134677582e-11 8.163840633e-11 8.079646814e-11 8.03941778e-11 8.133013414e-11 8.115514228e-11 8.11456555e-11 8.130724362e-11 8.193934478e-11 7.984408809e-11 8.11827407e-11 8.018020689e-11 8.098676994e-11 8.070301241e-11 8.013710776e-11 8.065454825e-11 8.04254998e-11 8.120348068e-11 7.98091066e-11 8.042934099e-11 8.045300276e-11 7.924589043e-11 7.950467192e-11 8.046341061e-11 7.906135576e-11 7.99629193e-11 7.957243354e-11 7.907386462e-11 7.928034202e-11 7.861599856e-11 7.997701012e-11 7.853143205e-11 7.943213233e-11 7.920577498e-11 7.913581482e-11 7.876190536e-11 7.894465227e-11 7.903353472e-11 7.852249037e-11 7.889729438e-11 7.91408124e-11 7.875555462e-11 7.850190118e-11 7.865473753e-11 7.82164768e-11 7.833058294e-11 7.807516448e-11 7.910578878e-11 7.881363262e-11 7.834334585e-11 7.812209226e-11 7.72889065e-11 7.802183087e-11 7.753220374e-11 7.801785657e-11 7.799726338e-11 7.764273366e-11 7.814103752e-11 7.799998162e-11 7.813710057e-11 7.883229777e-11 7.840440633e-11 7.880441812e-11 7.818409606e-11 7.791255957e-11 7.781069558e-11 7.819346375e-11 7.779527166e-11 7.803118472e-11 7.853860817e-11 7.866850346e-11 7.830606073e-11 7.827643743e-11 7.855037492e-11 7.857408977e-11 7.76773791e-11 7.880089509e-11 7.898189118e-11 7.824916543e-11 7.912875533e-11 7.87722154e-11 7.862775328e-11 7.863261259e-11 7.958122724e-11 7.947454003e-11 7.901058117e-11 7.883181969e-11 7.917362578e-11 7.860250066e-11 7.940992202e-11 8.030642992e-11 7.914571082e-11 7.991079056e-11 7.958730166e-11 7.937543226e-11 8.006431337e-11 8.055710361e-11 8.064376238e-11 8.066765227e-11 7.998887178e-11 8.117720468e-11 8.032104625e-11 7.943049151e-11 8.06490097e-11 8.082920309e-11 8.068745741e-11 8.080080502e-11 8.051170957e-11 8.154866356e-11 8.111026641e-11 8.128530041e-11 8.128282825e-11 8.128946717e-11 8.113617124e-11 8.094356371e-11 8.080502992e-11 8.17239493e-11 8.174654087e-11 8.200855998e-11 8.142950359e-11 8.22289745e-11 8.124433007e-11 8.15566227e-11 8.216698882e-11 8.198885542e-11 8.163292079e-11 8.188064869e-11 8.257584601e-11 8.249787837e-11 8.265021692e-11 8.209784048e-11 8.202020164e-11 8.176217999e-11 8.315005757e-11 8.234196762e-11 8.255234373e-11 8.246105624e-11 8.258806425e-11 8.356025813e-11 8.327885239e-11 8.313774372e-11 8.297828124e-11 8.232512696e-11 8.356257436e-11 8.286700583e-11 8.280008742e-11 8.235799964e-11 8.284144501e-11 
8.111806014e-11 8.228432852e-11 8.173379809e-11 8.196710042e-11 8.200130144e-11 8.157781552e-11 8.175987911e-11 8.16569356e-11 8.16360469e-11 8.172422125e-11 8.146484226e-11 8.188605084e-11 8.153920495e-11 8.18650517e-11 8.156252047e-11 8.135561227e-11 8.148798582e-11 8.100798261e-11 8.14451725e-11 8.148824667e-11 8.159112955e-11 8.13410707e-11 8.090983158e-11 8.071403912e-11 8.00946503e-11 7.989627191e-11 8.089756113e-11 8.014041843e-11 8.011331535e-11 8.043959413e-11 7.954421412e-11 8.045655935e-11 8.016868881e-11 8.003440749e-11 7.991308795e-11 7.93424615e-11 7.928840543e-11 7.941741226e-11 8.032978834e-11 7.901550033e-11 8.006885878e-11 7.888680069e-11 7.922413273e-11 7.9152155e-11 7.910399078e-11 7.905477411e-11 7.888341238e-11 7.876423077e-11 7.849180307e-11 7.89618057e-11 7.918898097e-11 7.851800482e-11 7.822976054e-11 7.828763201e-11 7.839536662e-11 7.746782697e-11 7.765804766e-11 7.819517443e-11 7.744857787e-11 7.825383736e-11 7.778469157e-11 7.737215096e-11 7.783115915e-11 7.84104608e-11 7.846741081e-11 7.75630407e-11 7.796221353e-11 7.809164554e-11 7.730775651e-11 7.834989771e-11 7.600639589e-11 7.638940385e-11 7.736581214e-11 7.717353458e-11 7.747028831e-11 7.664610986e-11 7.711301841e-11 7.723106048e-11 7.769570622e-11 7.711116271e-11 7.719241884e-11 7.599943734e-11 7.768266702e-11 7.729226117e-11 7.626398663e-11 7.667562056e-11 7.699227691e-11 7.674631288e-11 7.611636385e-11 7.673421697e-11 7.61116227e-11 7.714018731e-11 7.652466935e-11 7.680912439e-11 7.632665053e-11 7.674411049e-11 7.653046351e-11 7.584563938e-11 7.660724039e-11 7.663211049e-11 7.631427412e-11 7.665339048e-11 7.724688167e-11 7.699088308e-11 7.804803972e-11 7.707640957e-11 7.640050984e-11 7.805437833e-11 7.767179636e-11 7.7592985e-11 7.762639468e-11 7.689376783e-11 7.750009895e-11 7.679881805e-11 7.775471098e-11 7.782861475e-11 7.805758917e-11 7.819170838e-11 7.831839751e-11 7.780007989e-11 7.795252572e-11 7.753153468e-11 7.788506709e-11 7.928807966e-11 7.795608098e-11 7.885790188e-11 7.86986673e-11 7.834880867e-11 7.901619201e-11 7.821007746e-11 7.809578803e-11 7.881015575e-11 7.883043217e-11 7.87420053e-11 7.989936278e-11 7.958673136e-11 7.968814947e-11 7.930018957e-11 8.036224943e-11 7.973878876e-11 7.969828103e-11 7.880521007e-11 7.936123125e-11 7.902141745e-11 8.032783438e-11 8.002244079e-11 8.009593123e-11 8.006058508e-11 8.016861832e-11 8.011947426e-11 8.035818948e-11 8.031432926e-11 8.061588898e-11 8.068825827e-11 8.054140476e-11 8.001881707e-11 8.068104406e-11 8.115036714e-11 8.096685729e-11 8.100204792e-11 8.110355919e-11 8.083950434e-11 8.097306447e-11 8.157284925e-11 8.076735045e-11 8.021642674e-11 8.15002643e-11 8.139069909e-11 8.193132345e-11 8.180954485e-11 8.138572759e-11 8.163039215e-11 8.185777928e-11 8.226565857e-11 8.211031398e-11 8.146549054e-11 8.268778121e-11 8.113576961e-11 8.187520638e-11 8.216992667e-11 
7.994378894e-11 8.087921664e-11 8.0203422e-11 8.079141225e-11 8.089635668e-11 8.024821743e-11 8.028883081e-11 8.018959402e-11 8.006678162e-11 8.02712646e-11 8.027982492e-11 8.060323144e-11 8.021189107e-11 8.022461666e-11 7.986724453e-11 8.008674511e-11 8.013489031e-11 7.991576853e-11 8.02504745e-11 7.956229939e-11 7.985800421e-11 7.975005828e-11 8.033834285e-11 7.943707658e-11 7.950637459e-11 7.865822491e-11 7.897301574e-11 7.901041305e-11 7.852917541e-11 7.801419843e-11 7.854311038e-11 7.869083137e-11 7.849780819e-11 7.862915291e-11 7.875042997e-11 7.794813776e-11 7.849115161e-11 7.894232592e-11 7.817834954e-11 7.799058265e-11 7.836855857e-11 7.731328381e-11 7.816213425e-11 7.833209243e-11 7.797373448e-11 7.841379586e-11 7.798960678e-11 7.744822444e-11 7.682742412e-11 7.729066703e-11 7.735041286e-11 7.643175358e-11 7.741126411e-11 7.715977162e-11 7.680066291e-11 7.679440889e-11 7.726644515e-11 7.618131469e-11 7.694154818e-11 7.704288696e-11 7.73212883e-11 7.652712702e-11 7.685618471e-11 7.693901642e-11 7.638284128e-11 7.588687688e-11 7.668452931e-11 7.631067904e-11 7.598628112e-11 7.634694781e-11 7.585738533e-11 7.573454871e-11 7.595032309e-11 7.554434503e-11 7.56826894e-11 7.637715688e-11 7.432240067e-11 7.601997906e-11 7.537701178e-11 7.529796487e-11 7.594999676e-11 7.54871307e-11 7.524257412e-11 7.496646441e-11 7.48440398e-11 7.519961613e-11 7.566230246e-11 7.561490043e-11 7.495620151e-11 7.485710817e-11 7.551988417e-11 7.614246145e-11 7.500355539e-11 7.565059799e-11 7.568463079e-11 7.574987726e-11 7.449293158e-11 7.52879094e-11 7.592002166e-11 7.572438626e-11 7.527369008e-11 7.554895309e-11 7.547312315e-11 7.552252625e-11 7.584026402e-11 7.602641774e-11 7.598938221e-11 7.61177185e-11 7.517560496e-11 7.596851006e-11 7.570910416e-11 7.546626016e-11 7.673436763e-11 7.557513173e-11 7.662983168e-11 7.657282231e-11 7.575964619e-11 7.575747529e-11 7.636014252e-11 7.622797788e-11 7.711583204e-11 7.656977126e-11 7.682939191e-11 7.733761791e-11 7.728677346e-11 7.792562995e-11 7.704726474e-11 7.684246764e-11 7.793815203e-11 7.771953709e-11 7.771287454e-11 7.734591987e-11 7.787718502e-11 7.767160652e-11 7.8708057e-11 7.782962126e-11 7.779036566e-11 7.759172978e-11 7.811987864e-11 7.791971663e-11 7.801496622e-11 7.854533337e-11 7.921011756e-11 7.812535221e-11 7.82947019e-11 7.767410575e-11 7.877212374e-11 7.908617516e-11 7.905155815e-11 7.925039573e-11 7.815155763e-11 7.888840591e-11 7.924451511e-11 7.930020194e-11 7.900294381e-11 7.887180628e-11 8.002799493e-11 7.999625233e-11 7.986494046e-11 7.919686013e-11 7.998858796e-11 7.945421449e-11 7.993628569e-11 7.997558925e-11 7.986340039e-11 8.033930913e-11 7.945659964e-11 7.977404901e-11 8.018742977e-11 7.986015092e-11 8.091879546e-11 8.03946193e-11 8.022457837e-11 8.126922969e-11 8.073083686e-11 8.094576896e-11 8.076413359e-11 8.09581704e-11 8.017033783e-11 7.964809741e-11 
7.821168752e-11 7.923519087e-11 7.89295964e-11 7.882220572e-11 7.998354537e-11 7.940957505e-11 7.892218223e-11 7.876155512e-11 7.873237667e-11 7.832362999e-11 7.943370912e-11 7.829787641e-11 7.883846669e-11 7.840293889e-11 7.820784012e-11 7.843075009e-11 7.837674218e-11 7.842166428e-11 7.818108189e-11 7.878381495e-11 7.877377195e-11 7.799151726e-11 7.732383657e-11 7.787722606e-11 7.769007466e-11 7.772971984e-11 7.820654329e-11 7.821624982e-11 7.749129101e-11 7.767186527e-11 7.720812705e-11 7.695502563e-11 7.720715769e-11 7.761721159e-11 7.705526009e-11 7.690291681e-11 7.657877613e-11 7.723909751e-11 7.716539677e-11 7.691447267e-11 7.690220302e-11 7.613331943e-11 7.626039783e-11 7.618332576e-11 7.604763244e-11 7.673226785e-11 7.657028161e-11 7.668493609e-11 7.616813488e-11 7.605208261e-11 7.575050061e-11 7.546811026e-11 7.58398142e-11 7.579382977e-11 7.549398608e-11 7.507597912e-11 7.484256365e-11 7.598085324e-11 7.477395009e-11 7.542040784e-11 7.463919525e-11 7.495123787e-11 7.46726066e-11 7.506725285e-11 7.438014505e-11 7.440445203e-11 7.546328098e-11 7.402810053e-11 7.446436888e-11 7.495030394e-11 7.444476381e-11 7.458935636e-11 7.456599592e-11 7.424821946e-11 7.43806301e-11 7.472889337e-11 7.346622046e-11 7.503883201e-11 7.375655366e-11 7.370807916e-11 7.393338023e-11 7.42277759e-11 7.444741227e-11 7.427133888e-11 7.407472869e-11 7.458364659e-11 7.412585382e-11 7.343506612e-11 7.328186266e-11 7.452199936e-11 7.44798403e-11 7.367123037e-11 7.450449454e-11 7.332535772e-11 7.357839892e-11 7.439763759e-11 7.377104433e-11 7.402596603e-11 7.37577503e-11 7.414593326e-11 7.371618711e-11 7.46571992e-11 7.410942283e-11 7.382695332e-11 7.429880076e-11 7.440122832e-11 7.408117939e-11 7.431231262e-11 7.417672665e-11 7.483384765e-11 7.423268773e-11 7.44042634e-11 7.416876493e-11 7.513020622e-11 7.430986474e-11 7.47089035e-11 7.506853891e-11 7.512615787e-11 7.571460344e-11 7.545539058e-11 7.545399574e-11 7.550284972e-11 7.505585315e-11 7.480893423e-11 7.541340229e-11 7.566364203e-11 7.540025182e-11 7.626435158e-11 7.651901687e-11 7.549815809e-11 7.617414856e-11 7.647861822e-11 7.607976912e-11 7.66210882e-11 7.626716719e-11 7.58310959e-11 7.667474056e-11 7.67979323e-11 7.708855372e-11 7.687963298e-11 7.701538847e-11 7.604075563e-11 7.713605513e-11 7.681112689e-11 7.725737452e-11 7.768561628e-11 7.710131605e-11 7.719649552e-11 7.737512343e-11 7.755456933e-11 7.673293897e-11 7.887210825e-11 7.802389348e-11 7.777051951e-11 7.825162806e-11 7.762234489e-11 7.781441776e-11 7.856370576e-11 7.782401651e-11 7.769628449e-11 7.842174085e-11 7.841104124e-11 7.851050575e-11 7.806462296e-11 7.799970597e-11 7.807726719e-11 7.868395574e-11 7.835445267e-11 7.877723337e-11 7.867275182e-11 7.937718233e-11 7.942321665e-11 7.874641483e-11 7.910057712e-11 7.907467085e-11 7.917691462e-11 7.863020513e-11 7.9496208e-11 7.875764146e-11 7.896396084e-11 
7.746079397e-11 7.805467539e-11 7.759101425e-11 7.816501301e-11 7.795024183e-11 7.705814982e-11 7.79823957e-11 7.736155493e-11 7.754857915e-11 7.722230079e-11 7.774473962e-11 7.759023888e-11 7.721265186e-11 7.724645771e-11 7.738878204e-11 7.735954211e-11 7.683402529e-11 7.702012257e-11 7.597480472e-11 7.694407116e-11 7.647132166e-11 7.629810988e-11 7.652305197e-11 7.507533025e-11 7.704623758e-11 7.621641057e-11 7.672742313e-11 7.580447143e-11 7.654217174e-11 7.587613446e-11 7.576527969e-11 7.513035421e-11 7.563415241e-11 7.550332431e-11 7.630633567e-11 7.539388519e-11 7.534336942e-11 7.553435579e-11 7.614225566e-11 7.48314916e-11 7.550173832e-11 7.513378966e-11 7.523248283e-11 7.549072534e-11 7.535858406e-11 7.524463827e-11 7.498675207e-11 7.48125214e-11 7.422544928e-11 7.41504671e-11 7.496118733e-11 7.519070339e-11 7.443011736e-11 7.324927323e-11 7.390212893e-11 7.464075198e-11 7.445848357e-11 7.331477192e-11 7.423245526e-11 7.407642861e-11 7.356370928e-11 7.366932706e-11 7.387130733e-11 7.323243525e-11 7.407064483e-11 7.308704716e-11 7.330838556e-11 7.285892993e-11 7.299949483e-11 7.266589507e-11 7.307338575e-11 7.312663975e-11 7.291379364e-11 7.345857802e-11 7.34181122e-11 7.287387535e-11 7.194206705e-11 7.247963385e-11 7.237620793e-11 7.255714953e-11 7.290870308e-11 7.272552213e-11 7.314002212e-11 7.214655875e-11 7.223111417e-11 7.217362972e-11 7.238492689e-11 7.22803821e-11 7.289927255e-11 7.258395668e-11 7.313853486e-11 7.297304914e-11 7.249634103e-11 7.292284794e-11 7.215556455e-11 7.277048588e-11 7.205382986e-11 7.177531498e-11 7.275696804e-11 7.245130429e-11 7.287313389e-11 7.32439531e-11 7.301125118e-11 7.283262357e-11 7.324476637e-11 7.29630725e-11 7.354654182e-11 7.314313157e-11 7.257013572e-11 7.241516635e-11 7.279878824e-11 7.365103674e-11 7.294932223e-11 7.298050653e-11 7.354838091e-11 7.243712874e-11 7.415423299e-11 7.349250009e-11 7.372453481e-11 7.411098445e-11 7.402143036e-11 7.426328534e-11 7.39792668e-11 7.408714232e-11 7.425694453e-11 7.379780246e-11 7.407102814e-11 7.436697529e-11 7.405318576e-11 7.407070369e-11 7.444836424e-11 7.480656077e-11 7.422274562e-11 7.580919031e-11 7.448749908e-11 7.46524341e-11 7.478420238e-11 7.53408687e-11 7.548303909e-11 7.569795246e-11 7.563918608e-11 7.548896923e-11 7.456085475e-11 7.526990853e-11 7.534052871e-11 7.482893582e-11 7.583215069e-11 7.65117245e-11 7.585204682e-11 7.578571528e-11 7.571635403e-11 7.69056475e-11 7.562573266e-11 7.685326352e-11 7.680276846e-11 7.628085723e-11 7.667739844e-11 7.68087345e-11 7.600208581e-11 7.645399731e-11 7.72981157e-11 7.720109061e-11 7.704396784e-11 7.690979559e-11 7.69019707e-11 7.666812469e-11 7.730796478e-11 7.618019838e-11 7.740511657e-11 7.734742209e-11 7.831776285e-11 7.717459241e-11 7.772717311e-11 7.739658823e-11 7.767222685e-11 7.715469008e-11 7.731057731e-11 7.808060464e-11 7.711662189e-11 7.785255e-11 
7.584402416e-11 7.667295299e-11 7.616972491e-11 7.616642066e-11 7.629840906e-11 7.559273803e-11 7.622711629e-11 7.576157375e-11 7.564545229e-11 7.546897559e-11 7.549093181e-11 7.569891013e-11 7.537020982e-11 7.543862647e-11 7.570274067e-11 7.531737424e-11 7.506314359e-11 7.550504409e-11 7.548642612e-11 7.481611525e-11 7.420908629e-11 7.554638351e-11 7.471558669e-11 7.485666107e-11 7.450261967e-11 7.449659571e-11 7.451856345e-11 7.471057651e-11 7.476548046e-11 7.320878371e-11 7.471975255e-11 7.348314718e-11 7.506832109e-11 7.413757951e-11 7.44216637e-11 7.400942956e-11 7.408621925e-11 7.370354115e-11 7.369060472e-11 7.3217769e-11 7.351827581e-11 7.384026133e-11 7.319826675e-11 7.3485749e-11 7.417222903e-11 7.293138142e-11 7.280213881e-11 7.232313585e-11 7.375196414e-11 7.372549816e-11 7.199331646e-11 7.305911186e-11 7.272277711e-11 7.321287071e-11 7.313769017e-11 7.266502819e-11 7.26927026e-11 7.169464915e-11 7.250047394e-11 7.208117823e-11 7.183961905e-11 7.14121036e-11 7.208377089e-11 7.257877613e-11 7.180906223e-11 7.189072133e-11 7.212738063e-11 7.154421094e-11 7.125876017e-11 7.117776568e-11 7.205490398e-11 7.097153865e-11 7.103341433e-11 7.137343142e-11 7.054591589e-11 7.202126777e-11 7.097372579e-11 7.090665417e-11 7.085462032e-11 7.135915527e-11 7.17041864e-11 7.061170785e-11 7.089000998e-11 7.095617026e-11 7.108352891e-11 7.057329404e-11 7.10188926e-11 7.14070049e-11 7.153495978e-11 7.061709344e-11 7.088762195e-11 7.063208735e-11 7.084758532e-11 7.093051555e-11 7.085444411e-11 7.094992616e-11 7.060026568e-11 7.076443994e-11 7.116438843e-11 7.02613383e-11 7.169510701e-11 7.053728381e-11 7.078108547e-11 7.124097485e-11 7.038566323e-11 7.148738613e-11 7.13610981e-11 7.234318508e-11 7.190476273e-11 7.104368395e-11 7.097437715e-11 7.230517887e-11 7.136991203e-11 7.256527234e-11 7.232306014e-11 7.255177723e-11 7.215652037e-11 7.184827729e-11 7.156613987e-11 7.129169808e-11 7.216827038e-11 7.253369125e-11 7.211535963e-11 7.19464992e-11 7.21991738e-11 7.309762025e-11 7.288081315e-11 7.320482296e-11 7.297055771e-11 7.30772831e-11 7.298655576e-11 7.314356838e-11 7.316828267e-11 7.362044027e-11 7.378860225e-11 7.317126958e-11 7.332661223e-11 7.410733259e-11 7.3429332e-11 7.308108053e-11 7.349516921e-11 7.371636485e-11 7.331481501e-11 7.435339445e-11 7.385981551e-11 7.423998697e-11 7.442453063e-11 7.394651314e-11 7.448532519e-11 7.4932359e-11 7.451822316e-11 7.516201588e-11 7.472039096e-11 7.442326565e-11 7.426970701e-11 7.409840952e-11 7.456298918e-11 7.484267862e-11 7.511492738e-11 7.514605814e-11 7.574808263e-11 7.513792172e-11 7.491434458e-11 7.541007526e-11 7.545105849e-11 7.555015392e-11 7.572767237e-11 7.546212697e-11 7.604770252e-11 7.619832865e-11 7.686476837e-11 7.588205042e-11 7.580500408e-11 7.692315275e-11 7.613398391e-11 7.550336934e-11 7.604944322e-11 7.606318192e-11 7.611642849e-11 7.645058725e-11 
7.458047912e-11 7.435101982e-11 7.481224332e-11 7.459186831e-11 7.399072194e-11 7.404105022e-11 7.44358186e-11 7.386914968e-11 7.413281239e-11 7.376265723e-11 7.441169367e-11 7.40482262e-11 7.35644646e-11 7.333559273e-11 7.446206116e-11 7.341278547e-11 7.39115509e-11 7.378462735e-11 7.339395449e-11 7.362289987e-11 7.373341388e-11 7.302808976e-11 7.338584552e-11 7.331213877e-11 7.34150467e-11 7.282517824e-11 7.309544925e-11 7.255582687e-11 7.261205886e-11 7.275491927e-11 7.243772304e-11 7.26560431e-11 7.177559033e-11 7.25060666e-11 7.226635159e-11 7.14281597e-11 7.217933497e-11 7.198418556e-11 7.131615925e-11 7.223284694e-11 7.141461696e-11 7.144852253e-11 7.273207319e-11 7.083939056e-11 7.205948526e-11 7.204400442e-11 7.176215336e-11 7.099235851e-11 7.134566647e-11 7.138877968e-11 7.180046333e-11 7.099507155e-11 7.13066157e-11 7.066009072e-11 7.103221985e-11 7.076580177e-11 7.075964548e-11 7.032013181e-11 7.135996632e-11 6.972940748e-11 7.09555265e-11 7.02947397e-11 7.104594154e-11 7.020916044e-11 6.964614699e-11 6.992784119e-11 7.009374461e-11 6.991866559e-11 6.99397407e-11 7.019938892e-11 6.982328317e-11 6.967403494e-11 6.906104345e-11 6.970110264e-11 6.967902001e-11 7.008211034e-11 6.996036728e-11 6.976359698e-11 6.949328366e-11 6.909865449e-11 6.943150718e-11 7.01146547e-11 6.950125518e-11 6.9166465e-11 6.917719371e-11 6.969149965e-11 6.851875677e-11 6.855187966e-11 6.894492689e-11 6.956838555e-11 6.907385397e-11 6.991953697e-11 6.934071176e-11 6.921241113e-11 6.962846555e-11 6.924285845e-11 6.894251106e-11 6.936516592e-11 6.947603109e-11 6.902485526e-11 6.881503192e-11 6.894960307e-11 6.892308883e-11 6.962630578e-11 7.008470159e-11 6.962294011e-11 6.921357021e-11 7.047833997e-11 6.993483012e-11 6.949153231e-11 6.935115608e-11 7.004065292e-11 6.969824937e-11 6.974972476e-11 7.01101071e-11 7.003712784e-11 6.939386526e-11 7.041101293e-11 6.994096911e-11 6.980439272e-11 7.063662909e-11 7.103292395e-11 6.978533601e-11 7.132376823e-11 7.064424923e-11 7.1160829e-11 7.101945468e-11 7.113322527e-11 7.12021961e-11 7.125914551e-11 7.10880793e-11 7.150846245e-11 7.148816754e-11 7.104279425e-11 7.147244993e-11 7.1799132e-11 7.259039897e-11 7.17194208e-11 7.206840979e-11 7.239765504e-11 7.160963639e-11 7.241376846e-11 7.158624026e-11 7.2735201e-11 7.172168639e-11 7.268505571e-11 7.308787806e-11 7.283356337e-11 7.219779866e-11 7.287082031e-11 7.307030731e-11 7.272771656e-11 7.259286861e-11 7.346860357e-11 7.340256738e-11 7.35669344e-11 7.306002697e-11 7.405299807e-11 7.317594106e-11 7.348753543e-11 7.305549941e-11 7.351421518e-11 7.327031351e-11 7.45368468e-11 7.344837274e-11 7.354673169e-11 7.307443339e-11 7.315539112e-11 7.376426634e-11 7.386889392e-11 7.467950547e-11 7.412454518e-11 7.367474351e-11 7.394663747e-11 7.384791042e-11 7.385352255e-11 7.424976368e-11 7.390054406e-11 7.405864773e-11 7.504974196e-11 
7.28476473e-11 7.199149972e-11 7.300562549e-11 7.299721456e-11 7.279896582e-11 7.237087678e-11 7.167712365e-11 7.225236966e-11 7.302107266e-11 7.167493159e-11 7.222443956e-11 7.271554023e-11 7.278759507e-11 7.180048543e-11 7.232890888e-11 7.141995479e-11 7.201263273e-11 7.187958885e-11 7.217454172e-11 7.159033312e-11 7.200528252e-11 7.14797033e-11 7.169084954e-11 7.135099929e-11 7.207302109e-11 7.095643514e-11 7.11964837e-11 7.08501232e-11 7.11884817e-11 7.098503671e-11 7.148125169e-11 7.148878217e-11 7.021943767e-11 7.025405283e-11 7.085055641e-11 7.027726899e-11 6.999458223e-11 7.028521865e-11 7.083721437e-11 7.023014878e-11 7.015948899e-11 6.979125857e-11 7.04817739e-11 7.043865283e-11 7.035926002e-11 7.031994025e-11 6.869144842e-11 6.984914546e-11 6.983075038e-11 7.005819673e-11 6.915672589e-11 6.955324228e-11 6.912869492e-11 6.958292353e-11 6.990929362e-11 6.780141053e-11 6.862825387e-11 6.843658359e-11 6.774551758e-11 6.902605534e-11 6.847859841e-11 6.784869374e-11 6.815790272e-11 6.820010475e-11 6.830277282e-11 6.829727704e-11 6.874293175e-11 6.793509407e-11 6.825301051e-11 6.83204129e-11 6.823217751e-11 6.848877009e-11 6.75846408e-11 6.822326145e-11 6.740545866e-11 6.800614237e-11 6.718176981e-11 6.794487141e-11 6.81846242e-11 6.801205801e-11 6.808385746e-11 6.797877069e-11 6.719501888e-11 6.812207644e-11 6.755502427e-11 6.797289197e-11 6.791286624e-11 6.810489468e-11 6.757111939e-11 6.78581638e-11 6.694338209e-11 6.745786352e-11 6.785242018e-11 6.763462707e-11 6.708426424e-11 6.699752573e-11 6.700137472e-11 6.798489251e-11 6.780039369e-11 6.722002834e-11 6.796038214e-11 6.728627166e-11 6.744137549e-11 6.730584467e-11 6.782464703e-11 6.786991952e-11 6.768937336e-11 6.792852212e-11 6.814006196e-11 6.76121174e-11 6.863018051e-11 6.832618002e-11 6.838707075e-11 6.788658767e-11 6.77778602e-11 6.826093689e-11 6.850779676e-11 6.890191058e-11 6.914326493e-11 6.86263325e-11 6.897846273e-11 6.880935297e-11 6.869643786e-11 6.889598465e-11 6.929661045e-11 6.946170695e-11 6.970680196e-11 6.86056342e-11 6.987813479e-11 6.919425825e-11 6.965938974e-11 7.014022773e-11 6.916295442e-11 6.969943916e-11 7.00842205e-11 7.010751225e-11 6.957531391e-11 7.00239506e-11 6.99773908e-11 7.035887961e-11 7.032995731e-11 6.985872758e-11 6.997625981e-11 7.057643472e-11 7.067440842e-11 7.067162356e-11 7.085915873e-11 7.10066632e-11 7.106269462e-11 7.054601736e-11 7.099074326e-11 7.158873223e-11 7.112300384e-11 7.145556092e-11 7.167408486e-11 7.135190127e-11 7.150765302e-11 7.16907668e-11 7.208019732e-11 7.147885259e-11 7.221882301e-11 7.192596601e-11 7.171142376e-11 7.232369334e-11 7.230058037e-11 7.166086573e-11 7.196668575e-11 7.259764323e-11 7.248563798e-11 7.25892146e-11 7.239052595e-11 7.279706938e-11 7.277203424e-11 7.315224012e-11 7.304829613e-11 7.292888425e-11 7.272670568e-11 7.352972218e-11 7.322657113e-11 7.29442322e-11 
7.167041492e-11 7.072067329e-11 7.10708659e-11 7.114628543e-11 7.041700479e-11 7.130566177e-11 7.080411908e-11 7.077240812e-11 7.005638732e-11 7.142052056e-11 7.062350881e-11 6.959796672e-11 7.010592411e-11 7.04247889e-11 6.927737682e-11 6.973411437e-11 6.897678885e-11 6.976456401e-11 6.984813424e-11 6.98050744e-11 6.997862635e-11 6.977087055e-11 6.962184386e-11 6.955872393e-11 6.899026272e-11 6.956980536e-11 6.919517117e-11 6.962619901e-11 6.888812241e-11 6.93466986e-11 6.846926023e-11 6.924066316e-11 6.968862146e-11 6.867731743e-11 6.823706209e-11 6.889924343e-11 6.899690226e-11 6.824629305e-11 6.82720106e-11 6.926747247e-11 6.868350965e-11 6.821489776e-11 6.804584899e-11 6.788832986e-11 6.808083732e-11 6.787253456e-11 6.825703384e-11 6.799285613e-11 6.826232037e-11 6.844034067e-11 6.720904023e-11 6.826640172e-11 6.771289367e-11 6.727671065e-11 6.661836497e-11 6.724294708e-11 6.73296833e-11 6.667484189e-11 6.692634245e-11 6.702415028e-11 6.608043446e-11 6.645740942e-11 6.658546353e-11 6.641858564e-11 6.640183778e-11 6.610241744e-11 6.613307202e-11 6.660027716e-11 6.609987529e-11 6.69561358e-11 6.636664907e-11 6.67160107e-11 6.62078954e-11 6.625564634e-11 6.665439362e-11 6.61621091e-11 6.552322157e-11 6.560384886e-11 6.568428905e-11 6.583180087e-11 6.68037223e-11 6.557995745e-11 6.454009938e-11 6.528627501e-11 6.601710043e-11 6.535266262e-11 6.584870533e-11 6.532153908e-11 6.488914606e-11 6.556261363e-11 6.589588929e-11 6.493139633e-11 6.538357847e-11 6.522998965e-11 6.542634988e-11 6.629021732e-11 6.611775799e-11 6.587475918e-11 6.501028346e-11 6.605243463e-11 6.603429524e-11 6.662872542e-11 6.606439764e-11 6.560792237e-11 6.526190053e-11 6.64132357e-11 6.582500646e-11 6.590447021e-11 6.630370515e-11 6.614238766e-11 6.512025688e-11 6.590804018e-11 6.668140649e-11 6.560076824e-11 6.64506576e-11 6.67978886e-11 6.630077244e-11 6.690963726e-11 6.78446704e-11 6.709345672e-11 6.732323232e-11 6.656853517e-11 6.765629724e-11 6.730228349e-11 6.743337639e-11 6.768391445e-11 6.746859334e-11 6.765118676e-11 6.764437271e-11 6.745538616e-11 6.756393612e-11 6.795479918e-11 6.810985637e-11 6.873867587e-11 6.780297331e-11 6.804342968e-11 6.774375188e-11 6.826159152e-11 6.828455539e-11 6.834780737e-11 6.922534169e-11 6.87304861e-11 6.867391535e-11 6.886776993e-11 6.930065657e-11 6.935881292e-11 6.841937133e-11 6.844836143e-11 6.930551429e-11 6.849852495e-11 6.924413722e-11 6.905300406e-11 6.922518532e-11 6.868052139e-11 6.988942677e-11 6.956002442e-11 6.986539516e-11 7.012182273e-11 6.991894637e-11 7.000876644e-11 6.993118661e-11 7.000980645e-11 7.059265493e-11 6.974154743e-11 6.995172939e-11 7.027861305e-11 7.043508841e-11 7.040678718e-11 7.081498336e-11 7.066517527e-11 7.02962791e-11 7.012780301e-11 7.047381355e-11 7.128224058e-11 6.986337367e-11 7.115836778e-11 7.037185034e-11 7.044271668e-11 7.119020013e-11 7.044606762e-11 
6.938801993e-11 6.937559488e-11 6.914772808e-11 6.877286994e-11 6.843572184e-11 6.938630535e-11 6.87399775e-11 6.8722375e-11 6.904585296e-11 6.886579445e-11 6.858192076e-11 6.849291397e-11 6.840422935e-11 6.849509321e-11 6.844524155e-11 6.849398744e-11 6.897178435e-11 6.80866756e-11 6.842893228e-11 6.774069993e-11 6.800573339e-11 6.752221924e-11 6.839221284e-11 6.741126701e-11 6.772987158e-11 6.732820807e-11 6.821389908e-11 6.711766157e-11 6.71711832e-11 6.749764364e-11 6.698909582e-11 6.709385481e-11 6.785330376e-11 6.680816123e-11 6.714445813e-11 6.727510928e-11 6.681052191e-11 6.684817624e-11 6.645553958e-11 6.681336174e-11 6.591841525e-11 6.65050299e-11 6.714001946e-11 6.636369503e-11 6.615575537e-11 6.615123773e-11 6.607680047e-11 6.578494253e-11 6.655590619e-11 6.584197335e-11 6.631226909e-11 6.531423055e-11 6.573144745e-11 6.593457714e-11 6.544389247e-11 6.567233129e-11 6.496080039e-11 6.478348533e-11 6.540532394e-11 6.499971868e-11 6.435933005e-11 6.508014923e-11 6.470464723e-11 6.532738101e-11 6.489364786e-11 6.428755523e-11 6.431454754e-11 6.437223207e-11 6.451236068e-11 6.408937792e-11 6.411423949e-11 6.434462912e-11 6.423111455e-11 6.432097725e-11 6.402574718e-11 6.463460104e-11 6.360027582e-11 6.465920056e-11 6.385171026e-11 6.311606293e-11 6.415573505e-11 6.347268137e-11 6.327259174e-11 6.33826336e-11 6.386022376e-11 6.385823778e-11 6.388042264e-11 6.378110909e-11 6.331144502e-11 6.336898084e-11 6.37328254e-11 6.332540605e-11 6.318297403e-11 6.427048154e-11 6.248991688e-11 6.384734171e-11 6.355701879e-11 6.308509738e-11 6.379576675e-11 6.382819717e-11 6.350057919e-11 6.446355083e-11 6.474444166e-11 6.392760949e-11 6.373887186e-11 6.388962317e-11 6.47256459e-11 6.325269565e-11 6.455609939e-11 6.453697396e-11 6.379625387e-11 6.407778645e-11 6.41330962e-11 6.471615705e-11 6.435071728e-11 6.49893367e-11 6.417717441e-11 6.422566444e-11 6.526577447e-11 6.489824046e-11 6.485090556e-11 6.482173756e-11 6.588639296e-11 6.507364985e-11 6.451462935e-11 6.563957247e-11 6.5003053e-11 6.512669536e-11 6.583377147e-11 6.527190509e-11 6.612534447e-11 6.575874964e-11 6.65918444e-11 6.627298491e-11 6.605723171e-11 6.628971017e-11 6.62106767e-11 6.655893614e-11 6.651951871e-11 6.658366245e-11 6.659442574e-11 6.70215963e-11 6.64068904e-11 6.636408171e-11 6.693573252e-11 6.666146743e-11 6.680091505e-11 6.679022868e-11 6.712707207e-11 6.732133667e-11 6.717991431e-11 6.763280769e-11 6.80515105e-11 6.691904004e-11 6.804595579e-11 6.785485386e-11 6.812433356e-11 6.652561871e-11 6.80398208e-11 6.827663162e-11 6.718856155e-11 6.822813204e-11 6.828702174e-11 6.830661797e-11 6.860767941e-11 6.844471938e-11 6.852595537e-11 6.838843587e-11 6.840582905e-11 6.92125157e-11 6.839028111e-11 6.854812254e-11 6.851481639e-11 6.911213928e-11 6.843534654e-11 6.874861321e-11 6.933311253e-11 6.934195813e-11 6.832772079e-11 6.813315296e-11 
6.670826261e-11 6.764787302e-11 6.614694342e-11 6.697383989e-11 6.744541649e-11 6.698871126e-11 6.637387054e-11 6.582303766e-11 6.661865891e-11 6.651178539e-11 6.625478574e-11 6.65441705e-11 6.6232831e-11 6.573992092e-11 6.659177964e-11 6.672397388e-11 6.651359589e-11 6.670389094e-11 6.593474134e-11 6.59693124e-11 6.67275271e-11 6.577612398e-11 6.503088532e-11 6.56931769e-11 6.543178152e-11 6.515172929e-11 6.494263294e-11 6.603752584e-11 6.613483721e-11 6.490712112e-11 6.502370898e-11 6.467598458e-11 6.558165571e-11 6.48265721e-11 6.460331832e-11 6.409894744e-11 6.459245475e-11 6.456960103e-11 6.481143455e-11 6.498094464e-11 6.442018062e-11 6.400638608e-11 6.367548149e-11 6.524873152e-11 6.468553285e-11 6.406497571e-11 6.47458967e-11 6.374627988e-11 6.353469633e-11 6.420817401e-11 6.323426384e-11 6.344795518e-11 6.336604465e-11 6.361544425e-11 6.296725777e-11 6.370540818e-11 6.325858886e-11 6.267946017e-11 6.300986462e-11 6.302498161e-11 6.216176525e-11 6.359233326e-11 6.226838381e-11 6.316751524e-11 6.270551441e-11 6.219744461e-11 6.266237083e-11 6.186856041e-11 6.244834545e-11 6.227032052e-11 6.265679145e-11 6.263607319e-11 6.182047256e-11 6.163382929e-11 6.260340377e-11 6.153077109e-11 6.218140929e-11 6.112360953e-11 6.140900294e-11 6.193722603e-11 6.200656616e-11 6.121050682e-11 6.188495771e-11 6.191733508e-11 6.219818421e-11 6.128842062e-11 6.173558269e-11 6.245805872e-11 6.174563832e-11 6.234449799e-11 6.205266606e-11 6.200764605e-11 6.17909535e-11 6.084905699e-11 6.150782805e-11 6.180903153e-11 6.225990545e-11 6.142162288e-11 6.135269919e-11 6.179738555e-11 6.122462552e-11 6.221989038e-11 6.130237045e-11 6.260692891e-11 6.199977796e-11 6.179195839e-11 6.212377941e-11 6.188400211e-11 6.186897538e-11 6.22174907e-11 6.243933953e-11 6.188319551e-11 6.241924942e-11 6.23482475e-11 6.234359339e-11 6.291430924e-11 6.244804924e-11 6.288926084e-11 6.330371307e-11 6.279621017e-11 6.338982078e-11 6.357342589e-11 6.352642748e-11 6.286222257e-11 6.242714003e-11 6.374190162e-11 6.3499869e-11 6.370265264e-11 6.378789464e-11 6.388237654e-11 6.39620109e-11 6.383708003e-11 6.390273315e-11 6.374241649e-11 6.434209786e-11 6.389789365e-11 6.376573616e-11 6.441514756e-11 6.470296369e-11 6.405839858e-11 6.455355114e-11 6.484481329e-11 6.429044092e-11 6.501948979e-11 6.486294085e-11 6.485743689e-11 6.484709535e-11 6.500494155e-11 6.510146843e-11 6.533258777e-11 6.443231211e-11 6.641309242e-11 6.555524355e-11 6.564598239e-11 6.528071084e-11 6.575427421e-11 6.558126923e-11 6.582981723e-11 6.524986836e-11 6.612532807e-11 6.535085252e-11 6.551477158e-11 6.561337592e-11 6.582368879e-11 6.560389243e-11 6.653000072e-11 6.670455768e-11 6.637278945e-11 6.541535937e-11 6.569758933e-11 6.593073934e-11 6.597005124e-11 6.582859861e-11 6.676817403e-11 6.560899064e-11 6.606701799e-11 6.701305937e-11 6.698737313e-11 6.718328763e-11 6.677702961e-11 
6.545133322e-11 6.431607166e-11 6.408620187e-11 6.464027114e-11 6.517339761e-11 6.428560878e-11 6.47130803e-11 6.455990921e-11 6.434850454e-11 6.472984379e-11 6.366885379e-11 6.424753863e-11 6.444124659e-11 6.412781556e-11 6.382589955e-11 6.377942298e-11 6.35648172e-11 6.3161138e-11 6.453330641e-11 6.319757729e-11 6.378753434e-11 6.408929594e-11 6.347853122e-11 6.364784656e-11 6.306542578e-11 6.367830065e-11 6.293975319e-11 6.365097888e-11 6.24231728e-11 6.317163895e-11 6.377768085e-11 6.373071644e-11 6.332206697e-11 6.270634541e-11 6.287112649e-11 6.219272936e-11 6.255511232e-11 6.263344104e-11 6.188347344e-11 6.224691004e-11 6.178841042e-11 6.203457693e-11 6.210070571e-11 6.179418914e-11 6.195799065e-11 6.18809076e-11 6.228245361e-11 6.226040181e-11 6.122139193e-11 6.114243627e-11 6.126201245e-11 6.13750934e-11 6.141603573e-11 6.109125645e-11 6.153354857e-11 6.101477062e-11 6.056666434e-11 6.040642125e-11 6.053536871e-11 6.057854456e-11 6.025734393e-11 6.05019774e-11 6.040106666e-11 5.985541978e-11 6.045402175e-11 6.110386836e-11 6.045733436e-11 6.083428376e-11 6.047237663e-11 5.988371258e-11 5.979070914e-11 5.955944101e-11 6.047547343e-11 5.956411933e-11 6.064691267e-11 6.002805003e-11 6.021802991e-11 5.964735211e-11 5.953647104e-11 5.941379486e-11 5.962317694e-11 5.996490459e-11 5.903898881e-11 5.969935527e-11 5.944740899e-11 5.982957457e-11 5.910791945e-11 5.958681121e-11 5.895059058e-11 5.912554626e-11 5.943904936e-11 5.918916642e-11 5.963097549e-11 5.922478166e-11 5.914345675e-11 5.960137216e-11 5.927911477e-11 5.996609381e-11 5.976749605e-11 5.992105463e-11 5.962193806e-11 5.960005006e-11 5.902908383e-11 5.965518807e-11 5.954500318e-11 5.977151174e-11 5.9775806e-11 5.960904599e-11 6.022380319e-11 5.987231784e-11 5.989332372e-11 6.024967629e-11 6.025947026e-11 6.059406556e-11 6.011751291e-11 6.050443288e-11 6.000416542e-11 6.052367142e-11 6.050556238e-11 6.058562269e-11 6.046944954e-11 6.114007803e-11 6.154706779e-11 6.080511656e-11 6.159941612e-11 6.082329169e-11 6.088761993e-11 6.155742293e-11 6.122850781e-11 6.184514312e-11 6.267322457e-11 6.199485743e-11 6.180747566e-11 6.21337501e-11 6.132302913e-11 6.193669188e-11 6.150920796e-11 6.241088222e-11 6.187003402e-11 6.251932406e-11 6.234684858e-11 6.195836161e-11 6.309425587e-11 6.246271847e-11 6.264154807e-11 6.238824505e-11 6.237405938e-11 6.320864858e-11 6.278334008e-11 6.249094916e-11 6.336694497e-11 6.289277468e-11 6.379166241e-11 6.342391952e-11 6.283284591e-11 6.33491737e-11 6.292315791e-11 6.380373651e-11 6.382928284e-11 6.385044125e-11 6.361626601e-11 6.452625036e-11 6.412715414e-11 6.382801431e-11 6.415052889e-11 6.441078534e-11 6.459358174e-11 6.451549489e-11 6.414105926e-11 6.398410851e-11 6.481087631e-11 6.447775268e-11 6.457580546e-11 6.403721084e-11 6.536503893e-11 6.542044414e-11 6.505658608e-11 6.411518226e-11 6.486728761e-11 6.488582198e-11 
6.227907423e-11 6.184988349e-11 6.228413481e-11 6.245701812e-11 6.233058489e-11 6.237224082e-11 6.173969725e-11 6.182241466e-11 6.277126392e-11 6.23867556e-11 6.260208158e-11 6.205836944e-11 6.187128442e-11 6.19835376e-11 6.243501342e-11 6.169293279e-11 6.18511524e-11 6.204096069e-11 6.215823801e-11 6.221074185e-11 6.108562398e-11 6.111118529e-11 6.068661265e-11 6.073683962e-11 6.102885289e-11 6.096280594e-11 6.083337336e-11 6.102579016e-11 6.057229391e-11 5.999180648e-11 6.101889591e-11 6.108714737e-11 6.123279932e-11 6.03886412e-11 6.042115417e-11 5.997382859e-11 6.046494037e-11 6.08192739e-11 6.066121548e-11 5.965127748e-11 6.004040299e-11 6.023565719e-11 6.010198385e-11 5.945949867e-11 5.969388494e-11 6.021689145e-11 6.033030796e-11 5.839544492e-11 5.998358926e-11 5.944943382e-11 5.887946619e-11 5.890119786e-11 5.899156534e-11 5.861724535e-11 5.900642701e-11 5.931459399e-11 5.931396706e-11 5.901493553e-11 5.846155719e-11 5.799636397e-11 5.926015189e-11 5.859821412e-11 5.862259717e-11 5.902020142e-11 5.836264025e-11 5.775451978e-11 5.784633048e-11 5.806137539e-11 5.760691647e-11 5.844367577e-11 5.76623117e-11 5.772136937e-11 5.762505174e-11 5.685986678e-11 5.690238299e-11 5.798730269e-11 5.722428625e-11 5.77193189e-11 5.719695597e-11 5.722586785e-11 5.717164935e-11 5.745731222e-11 5.853771044e-11 5.759064984e-11 5.70489474e-11 5.721354412e-11 5.728370783e-11 5.723532372e-11 5.668959956e-11 5.696777339e-11 5.726440065e-11 5.697869943e-11 5.684745716e-11 5.763263553e-11 5.709567449e-11 5.772042786e-11 5.757994381e-11 5.807494843e-11 5.74346834e-11 5.741726969e-11 5.739383711e-11 5.785009694e-11 5.707502567e-11 5.694033281e-11 5.779107578e-11 5.67379085e-11 5.824440068e-11 5.709388619e-11 5.860278971e-11 5.849395246e-11 5.867914764e-11 5.922773248e-11 5.718057147e-11 5.753713921e-11 5.82993948e-11 5.77527625e-11 5.83664636e-11 5.849907403e-11 5.861267953e-11 5.828075635e-11 5.812303455e-11 5.878498819e-11 5.845054802e-11 5.927467137e-11 5.868162773e-11 5.901967411e-11 5.917808588e-11 5.907751465e-11 5.91159801e-11 5.893392611e-11 5.954922121e-11 5.916662793e-11 5.975494225e-11 5.933285545e-11 5.947226617e-11 6.003778297e-11 5.952083159e-11 5.94988104e-11 5.936315746e-11 5.982583234e-11 5.994999829e-11 6.051890608e-11 6.085463069e-11 5.977971965e-11 6.033912202e-11 6.055226722e-11 6.00636382e-11 6.038162096e-11 6.038623451e-11 6.012394992e-11 6.117071551e-11 6.062825569e-11 6.003646205e-11 6.134109512e-11 6.115387476e-11 6.130014492e-11 6.090944009e-11 6.120135323e-11 6.13256914e-11 6.129326135e-11 6.118933688e-11 6.20527854e-11 6.200446264e-11 6.186102861e-11 6.203202951e-11 6.175254103e-11 6.2125623e-11 6.155400891e-11 6.198694387e-11 6.271769733e-11 6.206110424e-11 6.194209896e-11 6.233288254e-11 6.212037385e-11 6.256994478e-11 6.274423949e-11 6.285042181e-11 6.209975427e-11 6.324842651e-11 6.267244745e-11 
6.058871071e-11 6.047331208e-11 6.038907355e-11 6.016478403e-11 6.011118635e-11 5.963734721e-11 5.935673081e-11 5.928475132e-11 5.901614942e-11 6.020942405e-11 6.007267871e-11 5.979616555e-11 5.984998762e-11 5.912603463e-11 5.947529716e-11 5.930074406e-11 5.916194843e-11 5.936249873e-11 5.997200723e-11 5.978213746e-11 6.019886332e-11 5.922459623e-11 5.953524196e-11 5.890819199e-11 5.916781029e-11 5.85075128e-11 5.941929138e-11 5.837727647e-11 5.813224986e-11 5.800176505e-11 5.782465538e-11 5.834586584e-11 5.83680625e-11 5.846886448e-11 5.77619935e-11 5.830820435e-11 5.798956963e-11 5.786419124e-11 5.789153602e-11 5.814917552e-11 5.747488881e-11 5.782433761e-11 5.764885124e-11 5.756558421e-11 5.751732458e-11 5.714119828e-11 5.726363574e-11 5.664025541e-11 5.809290355e-11 5.735291642e-11 5.72375424e-11 5.672089582e-11 5.686273558e-11 5.607445269e-11 5.679115996e-11 5.630550997e-11 5.684437939e-11 5.616075799e-11 5.653098135e-11 5.649997322e-11 5.633353879e-11 5.597488565e-11 5.645122729e-11 5.608461866e-11 5.622382435e-11 5.590317413e-11 5.523578515e-11 5.555660537e-11 5.588962617e-11 5.603508934e-11 5.574292325e-11 5.583507127e-11 5.501442391e-11 5.517050549e-11 5.523732639e-11 5.59481163e-11 5.51107825e-11 5.447188323e-11 5.465278109e-11 5.448736835e-11 5.445572457e-11 5.456296417e-11 5.52035355e-11 5.462973244e-11 5.505378433e-11 5.520071529e-11 5.472789415e-11 5.523964065e-11 5.457238126e-11 5.541110026e-11 5.481337284e-11 5.520267528e-11 5.44428482e-11 5.481808053e-11 5.459801889e-11 5.573487426e-11 5.518786527e-11 5.540351185e-11 5.516275823e-11 5.495638617e-11 5.53247188e-11 5.464151225e-11 5.54129331e-11 5.58077479e-11 5.549573132e-11 5.518154261e-11 5.540822521e-11 5.501156633e-11 5.509152947e-11 5.530784753e-11 5.546257162e-11 5.544236028e-11 5.617998939e-11 5.612144023e-11 5.565630882e-11 5.636996528e-11 5.64664254e-11 5.596037179e-11 5.596841296e-11 5.639703826e-11 5.533490022e-11 5.675490349e-11 5.655234553e-11 5.61624453e-11 5.667199852e-11 5.746479301e-11 5.664889331e-11 5.727628673e-11 5.726546824e-11 5.724470396e-11 5.708470634e-11 5.682175265e-11 5.713818573e-11 5.752353828e-11 5.754901006e-11 5.677181081e-11 5.765916299e-11 5.786211299e-11 5.809034608e-11 5.724500682e-11 5.780842672e-11 5.828214588e-11 5.792230445e-11 5.819854123e-11 5.784252621e-11 5.797646814e-11 5.802757046e-11 5.800693067e-11 5.833281464e-11 5.887926741e-11 5.931809839e-11 5.959556076e-11 5.814403832e-11 5.901486843e-11 5.957653024e-11 5.850755876e-11 5.869159809e-11 5.906345395e-11 5.910648621e-11 5.897177522e-11 5.857088605e-11 5.940976405e-11 5.923619948e-11 5.883068992e-11 5.954695856e-11 5.893107247e-11 5.986586742e-11 5.88764824e-11 5.946746333e-11 5.948578188e-11 6.035444557e-11 5.991969008e-11 5.958605977e-11 5.993896327e-11 6.018069784e-11 5.995137724e-11 6.026690219e-11 5.950494694e-11 6.086575307e-11 6.029580074e-11 
5.756537157e-11 5.786150221e-11 5.699695145e-11 5.779262773e-11 5.760688098e-11 5.729424671e-11 5.742062605e-11 5.760888566e-11 5.747230886e-11 5.71532293e-11 5.811621171e-11 5.695512119e-11 5.673122314e-11 5.774784762e-11 5.722767267e-11 5.703813235e-11 5.739408387e-11 5.63636096e-11 5.678309945e-11 5.624139231e-11 5.657977564e-11 5.613445958e-11 5.760589067e-11 5.657117301e-11 5.575985948e-11 5.641159454e-11 5.613078739e-11 5.65256081e-11 5.629082673e-11 5.633101357e-11 5.578646891e-11 5.559353502e-11 5.498507226e-11 5.674731973e-11 5.555686669e-11 5.558565684e-11 5.548974224e-11 5.618683777e-11 5.579424942e-11 5.520318464e-11 5.518790558e-11 5.553917525e-11 5.549647227e-11 5.429075339e-11 5.492748165e-11 5.586631103e-11 5.566129094e-11 5.476088502e-11 5.471198784e-11 5.414938155e-11 5.478554045e-11 5.441886209e-11 5.432740697e-11 5.409996131e-11 5.445192608e-11 5.444045315e-11 5.373771471e-11 5.365887346e-11 5.391822834e-11 5.366607289e-11 5.357661835e-11 5.358060664e-11 5.348222575e-11 5.420588383e-11 5.393266734e-11 5.348667374e-11 5.285512404e-11 5.321497401e-11 5.29112536e-11 5.332686475e-11 5.348423034e-11 5.332296932e-11 5.270188759e-11 5.294082203e-11 5.302708426e-11 5.290952726e-11 5.349940627e-11 5.266869456e-11 5.271679095e-11 5.299888013e-11 5.276561848e-11 5.29274491e-11 5.264211344e-11 5.222888099e-11 5.245324396e-11 5.256331624e-11 5.165270793e-11 5.245760268e-11 5.309006881e-11 5.300612139e-11 5.266650931e-11 5.246887792e-11 5.244039837e-11 5.21924148e-11 5.257269127e-11 5.230982494e-11 5.274056461e-11 5.219367147e-11 5.310216e-11 5.270048961e-11 5.185373719e-11 5.270695604e-11 5.225451396e-11 5.299857834e-11 5.283825104e-11 5.296068603e-11 5.343366756e-11 5.312541157e-11 5.290591151e-11 5.27720855e-11 5.242034219e-11 5.302522107e-11 5.300688997e-11 5.322774663e-11 5.277270404e-11 5.351090465e-11 5.408270575e-11 5.393506777e-11 5.366503191e-11 5.410348905e-11 5.378721913e-11 5.342260069e-11 5.447231586e-11 5.445589399e-11 5.375607845e-11 5.412932787e-11 5.430806843e-11 5.530156857e-11 5.44802606e-11 5.424223742e-11 5.48564908e-11 5.434661553e-11 5.43366717e-11 5.480580566e-11 5.505607695e-11 5.50346412e-11 5.469438328e-11 5.54664999e-11 5.556592486e-11 5.479967094e-11 5.490311465e-11 5.572993444e-11 5.581084199e-11 5.594031488e-11 5.584442509e-11 5.60995564e-11 5.609316155e-11 5.561202264e-11 5.577699244e-11 5.596070663e-11 5.542531597e-11 5.611080753e-11 5.593990825e-11 5.618330331e-11 5.605958774e-11 5.697042999e-11 5.675462522e-11 5.621632809e-11 5.644427875e-11 5.674442382e-11 5.693865827e-11 5.707124325e-11 5.678068138e-11 5.634182208e-11 5.714555664e-11 5.760683477e-11 5.666165475e-11 5.64447201e-11 5.67508352e-11 5.792929814e-11 5.809004762e-11 5.754868345e-11 5.785808377e-11 5.727447681e-11 5.817676181e-11 5.776350658e-11 5.785172095e-11 5.804175722e-11 5.829864007e-11 5.702625271e-11 
5.45121303e-11 5.519145882e-11 5.449762316e-11 5.519298203e-11 5.555655661e-11 5.526364682e-11 5.437599637e-11 5.466963634e-11 5.466393085e-11 5.430861385e-11 5.45013673e-11 5.47541167e-11 5.486273622e-11 5.48525258e-11 5.489160021e-11 5.432617288e-11 5.431737428e-11 5.37935594e-11 5.447764968e-11 5.395872816e-11 5.493117797e-11 5.440066472e-11 5.45854675e-11 5.423084862e-11 5.344499099e-11 5.341058162e-11 5.454974753e-11 5.327117569e-11 5.298961194e-11 5.266912075e-11 5.337950395e-11 5.308320602e-11 5.314519043e-11 5.338581055e-11 5.275556806e-11 5.345664617e-11 5.368012504e-11 5.249688243e-11 5.268192603e-11 5.279589514e-11 5.265087973e-11 5.269641481e-11 5.364627272e-11 5.270060652e-11 5.246648524e-11 5.249275353e-11 5.176266305e-11 5.131188255e-11 5.263396008e-11 5.175882354e-11 5.230827091e-11 5.225350965e-11 5.170026851e-11 5.151071219e-11 5.199356918e-11 5.14914558e-11 5.227988803e-11 5.145110462e-11 5.082796794e-11 5.125538487e-11 5.091281932e-11 5.136537893e-11 5.02016475e-11 5.15119173e-11 5.056874177e-11 5.096864282e-11 5.187829117e-11 5.090069043e-11 5.092043735e-11 4.974896977e-11 5.085239118e-11 5.019722899e-11 5.092743509e-11 5.090056268e-11 5.028720994e-11 5.057769975e-11 5.119061073e-11 5.042864956e-11 5.007605446e-11 5.020763813e-11 5.046942239e-11 4.996483916e-11 5.067996451e-11 4.921187241e-11 5.035986725e-11 5.029980591e-11 4.984430069e-11 5.036104665e-11 4.967543036e-11 5.063475735e-11 4.904075058e-11 4.940332956e-11 4.992431918e-11 4.929457762e-11 4.97751145e-11 5.056946513e-11 4.953396958e-11 5.054769482e-11 5.01581642e-11 4.961701932e-11 4.936036652e-11 5.099960041e-11 5.080303665e-11 5.076142451e-11 5.01977659e-11 5.114321217e-11 5.000707386e-11 5.06511861e-11 5.076769297e-11 5.119276587e-11 5.08520941e-11 5.077442553e-11 5.066548297e-11 5.074862415e-11 5.087018902e-11 5.138531507e-11 5.130184828e-11 5.149975493e-11 5.160633479e-11 5.201002821e-11 5.081613229e-11 5.16763191e-11 5.103550515e-11 5.191060519e-11 5.225738642e-11 5.100385557e-11 5.183856995e-11 5.191945071e-11 5.191361865e-11 5.239382555e-11 5.217334206e-11 5.189527592e-11 5.261928878e-11 5.298019721e-11 5.187992499e-11 5.201639863e-11 5.260068351e-11 5.234888731e-11 5.222970948e-11 5.308666682e-11 5.272623461e-11 5.308767789e-11 5.288982476e-11 5.289132274e-11 5.364658462e-11 5.422328087e-11 5.351481365e-11 5.301751671e-11 5.361930044e-11 5.351972904e-11 5.354801824e-11 5.374845039e-11 5.399286861e-11 5.357232835e-11 5.416956266e-11 5.456331019e-11 5.413404031e-11 5.303589989e-11 5.445014742e-11 5.324042701e-11 5.413860366e-11 5.436128641e-11 5.465644361e-11 5.421365222e-11 5.373139962e-11 5.454007672e-11 5.442083229e-11 5.484533653e-11 5.420703274e-11 5.479505908e-11 5.545210886e-11 5.465270653e-11 5.50718971e-11 5.501172615e-11 5.511483811e-11 5.490401296e-11 5.495008957e-11 5.485980817e-11 5.516554356e-11 5.462570179e-11 
5.229483573e-11 5.255496761e-11 5.300359097e-11 5.208910277e-11 5.245923724e-11 5.261535262e-11 5.198361231e-11 5.249667242e-11 5.202866879e-11 5.210720091e-11 5.192166514e-11 5.259152479e-11 5.154200187e-11 5.23944397e-11 5.147766876e-11 5.188532401e-11 5.227320469e-11 5.154840301e-11 5.151750928e-11 5.13577557e-11 5.208833771e-11 5.153275433e-11 5.096155415e-11 5.124752367e-11 5.083879458e-11 5.151407659e-11 5.117588796e-11 5.10162449e-11 5.044659897e-11 5.076852574e-11 5.112759478e-11 4.972933339e-11 5.054318662e-11 5.001254695e-11 5.055845729e-11 5.074383366e-11 5.011323355e-11 5.057654929e-11 4.973067867e-11 5.067192757e-11 4.878095374e-11 4.959678787e-11 4.962218174e-11 5.043023934e-11 4.977597802e-11 5.01415721e-11 4.879441072e-11 5.003608723e-11 4.896040102e-11 4.98043938e-11 4.927901316e-11 4.990080185e-11 4.905781995e-11 4.964877059e-11 4.871282033e-11 4.872279277e-11 4.850476205e-11 4.855386205e-11 4.864450629e-11 4.862744416e-11 4.753804308e-11 4.92263812e-11 4.846211313e-11 4.856981988e-11 4.785734788e-11 4.823687558e-11 4.80050123e-11 4.776604138e-11 4.846366137e-11 4.771649585e-11 4.769224526e-11 4.830610321e-11 4.823080589e-11 4.726304691e-11 4.723362775e-11 4.830659117e-11 4.720030831e-11 4.839902968e-11 4.736241656e-11 4.690397447e-11 4.755781699e-11 4.755449547e-11 4.731958678e-11 4.713326539e-11 4.7109414e-11 4.722878428e-11 4.723273757e-11 4.754172193e-11 4.790738197e-11 4.782737789e-11 4.678236159e-11 4.730030172e-11 4.721529527e-11 4.700854389e-11 4.732919486e-11 4.69727268e-11 4.736564189e-11 4.754254415e-11 4.752723433e-11 4.746935848e-11 4.748985795e-11 4.751233619e-11 4.724101344e-11 4.676830537e-11 4.819185209e-11 4.819144428e-11 4.764152343e-11 4.752444625e-11 4.730002417e-11 4.796225435e-11 4.795950187e-11 4.765707046e-11 4.864197607e-11 4.820834025e-11 4.797149083e-11 4.841993103e-11 4.855350646e-11 4.88366851e-11 4.875125763e-11 4.855701553e-11 4.841365389e-11 4.870427999e-11 4.905883131e-11 4.905882912e-11 4.879554774e-11 4.906923753e-11 4.960799591e-11 4.802725571e-11 4.863711831e-11 4.915883046e-11 4.960748172e-11 4.970429483e-11 4.996455108e-11 4.95435717e-11 4.87002202e-11 4.987403735e-11 4.99963137e-11 4.994313306e-11 5.062467277e-11 5.030344174e-11 5.008815178e-11 5.018065616e-11 5.082107748e-11 5.034059141e-11 4.985512887e-11 5.050836886e-11 5.066918339e-11 5.088599994e-11 5.083367064e-11 5.068956969e-11 5.079206345e-11 5.113470782e-11 5.135345713e-11 5.081937718e-11 5.087266495e-11 5.144705433e-11 5.150050991e-11 5.132139331e-11 5.158071547e-11 5.132635941e-11 5.161066063e-11 5.13110049e-11 5.219838065e-11 5.227077101e-11 5.154419291e-11 5.165276633e-11 5.189201124e-11 5.245278705e-11 5.182212315e-11 5.182338561e-11 5.213145176e-11 5.222297003e-11 5.224554383e-11 5.181875676e-11 5.254762621e-11 5.267799548e-11 5.193347345e-11 5.254459171e-11 5.27311073e-11 5.278844171e-11 
4.920313838e-11 4.965313342e-11 4.947051036e-11 4.970001513e-11 4.95498867e-11 4.938508312e-11 4.982506515e-11 5.064456253e-11 4.897101726e-11 4.856120477e-11 4.889910622e-11 4.826407964e-11 4.850788966e-11 4.926998899e-11 4.862615122e-11 4.92635127e-11 4.904760724e-11 4.839991624e-11 4.89208977e-11 4.966760259e-11 4.916180635e-11 4.888205384e-11 4.844672279e-11 4.796369074e-11 4.863082007e-11 4.771646609e-11 4.817091067e-11 4.831230584e-11 4.780211602e-11 4.839950449e-11 4.719121065e-11 4.741659776e-11 4.760706275e-11 4.792796691e-11 4.794447835e-11 4.859402871e-11 4.757080285e-11 4.833032691e-11 4.80643101e-11 4.759007445e-11 4.756904303e-11 4.738699528e-11 4.68717515e-11 4.797411565e-11 4.687923129e-11 4.749983671e-11 4.654726508e-11 4.707434824e-11 4.627720111e-11 4.661913875e-11 4.641571944e-11 4.697076649e-11 4.604951038e-11 4.700910775e-11 4.616816996e-11 4.592545426e-11 4.626672868e-11 4.578134655e-11 4.605593391e-11 4.651697888e-11 4.616124021e-11 4.524809237e-11 4.597695786e-11 4.568938297e-11 4.541665864e-11 4.468081498e-11 4.557519351e-11 4.624696568e-11 4.478005214e-11 4.460298996e-11 4.47150695e-11 4.4332591e-11 4.471292157e-11 4.517386824e-11 4.47298812e-11 4.505575223e-11 4.469763552e-11 4.503568922e-11 4.472651889e-11 4.465428491e-11 4.509329974e-11 4.472633668e-11 4.425699213e-11 4.425631079e-11 4.377424888e-11 4.482268674e-11 4.470795556e-11 4.4974689e-11 4.431596658e-11 4.500034525e-11 4.486181743e-11 4.496640596e-11 4.467734039e-11 4.466639396e-11 4.415280295e-11 4.487639532e-11 4.455879385e-11 4.428126539e-11 4.489542744e-11 4.514328365e-11 4.453811345e-11 4.552450359e-11 4.51090035e-11 4.542689613e-11 4.47779767e-11 4.513701878e-11 4.552612005e-11 4.466167109e-11 4.557898095e-11 4.517562868e-11 4.504475686e-11 4.585505445e-11 4.494393907e-11 4.515120202e-11 4.601957083e-11 4.599773745e-11 4.561625591e-11 4.602392404e-11 4.542232804e-11 4.564023317e-11 4.626464255e-11 4.569971278e-11 4.582034536e-11 4.631419696e-11 4.649888944e-11 4.580874992e-11 4.627105725e-11 4.61503266e-11 4.647928449e-11 4.674067155e-11 4.673241095e-11 4.685181566e-11 4.723828512e-11 4.694172231e-11 4.644445718e-11 4.77866001e-11 4.741397006e-11 4.719157066e-11 4.732939832e-11 4.747771586e-11 4.755689012e-11 4.72378287e-11 4.728889044e-11 4.783234496e-11 4.785503941e-11 4.735634997e-11 4.805532817e-11 4.713204668e-11 4.807293874e-11 4.773159859e-11 4.782604745e-11 4.817886106e-11 4.781040154e-11 4.887551361e-11 4.897090029e-11 4.870659367e-11 4.819484651e-11 4.845023842e-11 4.82846852e-11 4.808031408e-11 4.84605552e-11 4.916992282e-11 4.883677437e-11 4.960968245e-11 4.929899215e-11 4.955894184e-11 4.962637644e-11 4.907065196e-11 4.962704098e-11 5.009995751e-11 4.929428736e-11 4.978644893e-11 4.99316318e-11 4.964348576e-11 4.993109282e-11 4.919119292e-11 4.98556862e-11 4.963662768e-11 4.915341989e-11 4.977710716e-11 
4.683363513e-11 4.66963572e-11 4.666040921e-11 4.655507758e-11 4.601262574e-11 4.751568147e-11 4.747748768e-11 4.670237862e-11 4.667235935e-11 4.650561224e-11 4.660150957e-11 4.588366851e-11 4.654498795e-11 4.612654174e-11 4.597287478e-11 4.643228529e-11 4.686102963e-11 4.549581974e-11 4.645146955e-11 4.623160859e-11 4.569262757e-11 4.577182497e-11 4.571399556e-11 4.571328348e-11 4.520156648e-11 4.549132189e-11 4.631230995e-11 4.463177768e-11 4.514367057e-11 4.536759841e-11 4.544955945e-11 4.518816966e-11 4.507316169e-11 4.540923085e-11 4.416819753e-11 4.576056586e-11 4.437075651e-11 4.487752791e-11 4.550628174e-11 4.507346904e-11 4.455594484e-11 4.412570596e-11 4.420051298e-11 4.37877444e-11 4.354839759e-11 4.394059143e-11 4.406088192e-11 4.340048244e-11 4.366957589e-11 4.338514515e-11 4.349591861e-11 4.360457843e-11 4.35477212e-11 4.438579127e-11 4.37288461e-11 4.377018872e-11 4.296451519e-11 4.299562807e-11 4.243721153e-11 4.306442102e-11 4.245042594e-11 4.307728146e-11 4.302211406e-11 4.268539126e-11 4.305341443e-11 4.262095495e-11 4.252522028e-11 4.290124758e-11 4.275084781e-11 4.299739116e-11 4.314615655e-11 4.176277309e-11 4.293253252e-11 4.250985416e-11 4.195374893e-11 4.255351886e-11 4.272472159e-11 4.257106744e-11 4.190551662e-11 4.265454648e-11 4.195306241e-11 4.170067828e-11 4.213322851e-11 4.12388662e-11 4.196514788e-11 4.232304553e-11 4.20620693e-11 4.225447211e-11 4.209803438e-11 4.193868035e-11 4.200824564e-11 4.194547833e-11 4.135519689e-11 4.129623889e-11 4.182256594e-11 4.172728865e-11 4.186573278e-11 4.109651283e-11 4.245395926e-11 4.176809963e-11 4.255942298e-11 4.168576983e-11 4.178258666e-11 4.21529646e-11 4.232208778e-11 4.175793326e-11 4.256935016e-11 4.249061514e-11 4.236115043e-11 4.25260776e-11 4.205128376e-11 4.316148979e-11 4.274201434e-11 4.218874569e-11 4.301591103e-11 4.360353415e-11 4.287876441e-11 4.262020527e-11 4.282431512e-11 4.254331572e-11 4.394013395e-11 4.284890523e-11 4.259745529e-11 4.296667839e-11 4.432613885e-11 4.451041626e-11 4.391281344e-11 4.367715513e-11 4.413478697e-11 4.339061089e-11 4.283552166e-11 4.329268193e-11 4.410533154e-11 4.456126842e-11 4.424979811e-11 4.424030689e-11 4.450095384e-11 4.427307838e-11 4.43326168e-11 4.47687589e-11 4.476227173e-11 4.445626011e-11 4.446976055e-11 4.517154637e-11 4.490050789e-11 4.514991466e-11 4.496848877e-11 4.53478871e-11 4.579667676e-11 4.551225614e-11 4.526583387e-11 4.553148687e-11 4.519036404e-11 4.536192197e-11 4.51139538e-11 4.581142642e-11 4.546026798e-11 4.542622961e-11 4.638012929e-11 4.558367811e-11 4.582341556e-11 4.635222371e-11 4.648973454e-11 4.607845457e-11 4.557569156e-11 4.592333337e-11 4.614291619e-11 4.587179674e-11 4.655133193e-11 4.599974442e-11 4.626625814e-11 4.651231067e-11 4.622366894e-11 4.64533514e-11 4.648969511e-11 4.755584891e-11 4.656904926e-11 4.679244514e-11 4.665032221e-11 4.720349848e-11 
4.445135923e-11 4.332090192e-11 4.396886374e-11 4.368555649e-11 4.368473927e-11 4.313105293e-11 4.321862323e-11 4.373667402e-11 4.377620321e-11 4.276090536e-11 4.342152126e-11 4.38509223e-11 4.285145309e-11 4.280566188e-11 4.345794122e-11 4.242434541e-11 4.310853065e-11 4.275805812e-11 4.260693183e-11 4.31142909e-11 4.294524223e-11 4.284840574e-11 4.237707957e-11 4.274996194e-11 4.286263055e-11 4.284955288e-11 4.255890589e-11 4.232663771e-11 4.226743347e-11 4.218493059e-11 4.163543995e-11 4.200517976e-11 4.187521701e-11 4.160611975e-11 4.19845535e-11 4.23457165e-11 4.103885049e-11 4.117802506e-11 4.162399465e-11 4.212671789e-11 4.105095933e-11 4.149652675e-11 4.141276691e-11 4.106151564e-11 4.086836195e-11 4.101317858e-11 4.092740799e-11 4.082193803e-11 4.137917369e-11 4.137881599e-11 4.059874212e-11 4.098500741e-11 4.082563476e-11 3.995566271e-11 4.026768843e-11 4.130737627e-11 4.045619699e-11 4.009792592e-11 3.971213516e-11 3.989579261e-11 4.025145274e-11 4.062225906e-11 4.016756953e-11 3.922569746e-11 3.97905652e-11 4.007966679e-11 3.975714134e-11 4.06110689e-11 3.956686978e-11 4.040548089e-11 3.942515834e-11 3.978232633e-11 3.965183067e-11 3.908043194e-11 3.904377199e-11 3.912710057e-11 3.887326195e-11 3.905276361e-11 3.925004151e-11 3.97002968e-11 3.94466422e-11 3.934120251e-11 3.964650006e-11 3.949437482e-11 3.879087952e-11 3.841412064e-11 3.932770578e-11 3.933409994e-11 3.85196918e-11 3.909868804e-11 3.892471106e-11 3.899073241e-11 3.961071296e-11 3.89845772e-11 3.859156711e-11 3.854141261e-11 3.935691521e-11 3.9638934e-11 3.900600201e-11 3.980017619e-11 3.918916295e-11 3.942775477e-11 3.821480999e-11 3.936485431e-11 3.926155549e-11 3.973276708e-11 3.959382301e-11 3.957484056e-11 3.938475298e-11 3.941279423e-11 3.929267665e-11 4.005665835e-11 3.877029783e-11 4.003228561e-11 3.931554064e-11 4.048345302e-11 4.014535321e-11 3.994065786e-11 3.946092884e-11 3.978196251e-11 3.969920878e-11 4.075983774e-11 4.049641954e-11 4.062914842e-11 4.083292238e-11 4.095096677e-11 4.069073579e-11 4.040231255e-11 4.036958022e-11 4.094571054e-11 4.03390054e-11 4.101464914e-11 4.084665216e-11 4.079768461e-11 4.162370867e-11 4.071450416e-11 4.1200169e-11 4.181909867e-11 4.169119061e-11 4.159217273e-11 4.21144174e-11 4.078961539e-11 4.190560219e-11 4.120638744e-11 4.181136977e-11 4.232793519e-11 4.111223073e-11 4.234522127e-11 4.169255038e-11 4.2120252e-11 4.195264314e-11 4.2368659e-11 4.215478258e-11 4.221981738e-11 4.223835356e-11 4.304590136e-11 4.283809143e-11 4.277772395e-11 4.295684815e-11 4.254331984e-11 4.215164134e-11 4.329462348e-11 4.301250428e-11 4.26024392e-11 4.274971337e-11 4.31410281e-11 4.270686113e-11 4.265862094e-11 4.373686131e-11 4.309218159e-11 4.356729089e-11 4.37778063e-11 4.410538564e-11 4.377801611e-11 4.415699127e-11 4.356180758e-11 4.36087267e-11 4.362841082e-11 4.300667152e-11 4.343635071e-11 
4.032878052e-11 4.079080205e-11 4.009047442e-11 4.05664878e-11 3.959900342e-11 4.079865298e-11 4.04150427e-11 4.060283562e-11 4.050226472e-11 3.98216433e-11 4.016669929e-11 4.013104565e-11 4.011613475e-11 4.055530126e-11 4.024158067e-11 3.967888432e-11 3.995316255e-11 3.91118745e-11 4.074929373e-11 3.916450075e-11 4.014064473e-11 3.928360616e-11 3.875860836e-11 3.91680277e-11 3.925369822e-11 3.871178822e-11 3.930674946e-11 3.912534281e-11 3.88103811e-11 3.917824213e-11 3.875830318e-11 3.900100431e-11 3.88356411e-11 3.94276251e-11 3.817537376e-11 3.898486972e-11 3.874765651e-11 3.925622101e-11 3.776148223e-11 3.864196466e-11 3.7955904e-11 3.836201041e-11 3.81968915e-11 3.845237269e-11 3.829012854e-11 3.840671716e-11 3.755264631e-11 3.785901683e-11 3.797026339e-11 3.764063996e-11 3.743889341e-11 3.823108131e-11 3.772302321e-11 3.727600656e-11 3.837270242e-11 3.746412262e-11 3.76502034e-11 3.75896672e-11 3.718510975e-11 3.79866919e-11 3.61631792e-11 3.777006484e-11 3.721495677e-11 3.72594037e-11 3.713908804e-11 3.694715454e-11 3.761054083e-11 3.669080004e-11 3.575407778e-11 3.6096052e-11 3.69249325e-11 3.730697048e-11 3.627902059e-11 3.630993917e-11 3.606374715e-11 3.573804696e-11 3.592753767e-11 3.589260022e-11 3.584860771e-11 3.608687979e-11 3.636147917e-11 3.651138945e-11 3.549350848e-11 3.603004619e-11 3.623142193e-11 3.595208691e-11 3.663929194e-11 3.632556235e-11 3.601192614e-11 3.554451022e-11 3.575307074e-11 3.548427172e-11 3.574534425e-11 3.674991449e-11 3.609848633e-11 3.629449516e-11 3.538852445e-11 3.649964619e-11 3.587814115e-11 3.673358019e-11 3.622669834e-11 3.541195124e-11 3.498141907e-11 3.647372282e-11 3.622478088e-11 3.577536032e-11 3.679952057e-11 3.628296045e-11 3.662958222e-11 3.704653849e-11 3.705754867e-11 3.663462271e-11 3.728908884e-11 3.660013351e-11 3.709878558e-11 3.68378519e-11 3.712080321e-11 3.675561461e-11 3.719205655e-11 3.691796946e-11 3.779429899e-11 3.724048903e-11 3.720262388e-11 3.676044171e-11 3.696809712e-11 3.698886072e-11 3.81010814e-11 3.747716005e-11 3.76082554e-11 3.76152755e-11 3.807386381e-11 3.798836199e-11 3.869494808e-11 3.812971851e-11 3.697756084e-11 3.871059907e-11 3.865187378e-11 3.815790169e-11 3.846983415e-11 3.853821011e-11 3.931994221e-11 3.871574006e-11 3.899005999e-11 3.785134965e-11 3.850390544e-11 3.901452376e-11 3.957767537e-11 3.902027984e-11 3.882256475e-11 3.847020689e-11 3.904933127e-11 3.902232831e-11 3.892490557e-11 3.932540178e-11 3.882324915e-11 3.949705737e-11 3.970970491e-11 3.995914844e-11 3.86993262e-11 3.937862962e-11 3.9220543e-11 3.887279513e-11 3.977303345e-11 3.986795574e-11 3.985091832e-11 3.979242989e-11 4.015244084e-11 4.079448071e-11 3.990784219e-11 4.085054763e-11 4.058129841e-11 4.048076699e-11 3.975682478e-11 4.042356944e-11 4.00948329e-11 4.022315285e-11 4.141266695e-11 4.024078951e-11 3.969646407e-11 4.03580748e-11 
3.688936304e-11 3.692107258e-11 3.744958817e-11 3.723164098e-11 3.665852768e-11 3.717692003e-11 3.64756265e-11 3.704970842e-11 3.738324536e-11 3.696292972e-11 3.652838658e-11 3.726985702e-11 3.689271524e-11 3.704401981e-11 3.672745644e-11 3.707223377e-11 3.593205011e-11 3.633646477e-11 3.594400513e-11 3.67288574e-11 3.653933535e-11 3.728714884e-11 3.600829286e-11 3.641290668e-11 3.566568286e-11 3.547580914e-11 3.667094336e-11 3.573948445e-11 3.585146515e-11 3.590555912e-11 3.646585643e-11 3.578577632e-11 3.587081992e-11 3.523544677e-11 3.612528446e-11 3.624846062e-11 3.583666781e-11 3.486225999e-11 3.581431831e-11 3.557027858e-11 3.596157769e-11 3.493498029e-11 3.485893236e-11 3.510236763e-11 3.492118892e-11 3.464999184e-11 3.521008348e-11 3.391662787e-11 3.524614565e-11 3.403134196e-11 3.39050303e-11 3.45364727e-11 3.442249966e-11 3.492129784e-11 3.429087473e-11 3.452834671e-11 3.376789908e-11 3.491724693e-11 3.335542264e-11 3.386512719e-11 3.415498787e-11 3.403077136e-11 3.447281223e-11 3.30200006e-11 3.382216421e-11 3.408722228e-11 3.341376606e-11 3.311036253e-11 3.351083328e-11 3.379600402e-11 3.319494231e-11 3.320652947e-11 3.315437388e-11 3.385958186e-11 3.324838504e-11 3.338774609e-11 3.328515346e-11 3.280305523e-11 3.303351121e-11 3.295593211e-11 3.345913908e-11 3.280316704e-11 3.290537456e-11 3.241626244e-11 3.299475982e-11 3.296268628e-11 3.274737577e-11 3.263282302e-11 3.275567142e-11 3.308375031e-11 3.252467386e-11 3.256778619e-11 3.240371265e-11 3.27497741e-11 3.308009265e-11 3.331137539e-11 3.235572397e-11 3.330677943e-11 3.281995371e-11 3.338263377e-11 3.250200787e-11 3.315889051e-11 3.319891434e-11 3.312475067e-11 3.368148579e-11 3.321936447e-11 3.333336436e-11 3.329396465e-11 3.308520651e-11 3.396444812e-11 3.30348145e-11 3.365997108e-11 3.439318081e-11 3.359812127e-11 3.315543558e-11 3.402397117e-11 3.413941877e-11 3.357675726e-11 3.486562868e-11 3.391591866e-11 3.433741577e-11 3.347768204e-11 3.357884375e-11 3.423672349e-11 3.468243014e-11 3.464088833e-11 3.4221345e-11 3.480390186e-11 3.557773183e-11 3.462067573e-11 3.488545303e-11 3.401170877e-11 3.479516963e-11 3.484783703e-11 3.475679918e-11 3.47122615e-11 3.465541635e-11 3.539985089e-11 3.55050201e-11 3.559593833e-11 3.388399543e-11 3.536385818e-11 3.496053647e-11 3.535417277e-11 3.557330987e-11 3.566470399e-11 3.535725243e-11 3.618093112e-11 3.606265407e-11 3.5087558e-11 3.556690501e-11 3.629888842e-11 3.711469869e-11 3.607770661e-11 3.607339519e-11 3.590957865e-11 3.646428513e-11 3.658976878e-11 3.597589397e-11 3.625328529e-11 3.676926215e-11 3.651833996e-11 3.767839104e-11 3.586376334e-11 3.679802393e-11 3.708551301e-11 3.717706953e-11 3.700408255e-11 3.638018827e-11 3.678372306e-11 3.715184216e-11 3.65659489e-11 3.711869837e-11 3.704138586e-11 3.694088492e-11 3.716150135e-11 3.662084217e-11 3.670743787e-11 3.755521432e-11 3.740744768e-11 
3.388195984e-11 3.420803489e-11 3.383643683e-11 3.396686627e-11 3.364245526e-11 3.287272002e-11 3.370595187e-11 3.421247346e-11 3.336267127e-11 3.313249157e-11 3.340775398e-11 3.382614106e-11 3.349136396e-11 3.322227158e-11 3.296101949e-11 3.261571729e-11 3.337598907e-11 3.310128929e-11 3.326848283e-11 3.290746624e-11 3.238551412e-11 3.36085468e-11 3.305870717e-11 3.346365297e-11 3.272562119e-11 3.253775005e-11 3.177007197e-11 3.255258297e-11 3.222040326e-11 3.277756729e-11 3.318487177e-11 3.211667666e-11 3.166429148e-11 3.155804e-11 3.305036907e-11 3.287363668e-11 3.168539855e-11 3.127933616e-11 3.13530891e-11 3.213333741e-11 3.182122932e-11 3.206918302e-11 3.232931697e-11 3.217158676e-11 3.140902774e-11 3.217382494e-11 3.18705568e-11 3.20252766e-11 3.1897438e-11 3.186282962e-11 3.147666876e-11 3.207923853e-11 3.099998106e-11 3.116897425e-11 3.095981425e-11 3.19024612e-11 3.078832165e-11 3.192715756e-11 3.111773083e-11 3.067647898e-11 3.030406991e-11 3.033463744e-11 3.116858882e-11 3.041480034e-11 3.042217877e-11 3.086653811e-11 3.123284012e-11 2.990222247e-11 3.047001824e-11 2.958539432e-11 3.036432138e-11 3.009376222e-11 3.004306076e-11 2.99269334e-11 3.095253447e-11 2.993750057e-11 3.033008704e-11 2.966879272e-11 2.957940898e-11 3.014994426e-11 2.982503133e-11 2.96745272e-11 2.995722375e-11 2.956239839e-11 2.91448421e-11 2.908489328e-11 2.97051777e-11 2.985952401e-11 2.983722586e-11 2.959460136e-11 2.930626769e-11 2.957541343e-11 2.962807973e-11 2.986533802e-11 2.983643116e-11 2.947700569e-11 3.025651011e-11 3.018105889e-11 2.975069988e-11 2.995236702e-11 3.056776184e-11 2.963368417e-11 3.043511567e-11 3.026680314e-11 2.959265627e-11 2.979684251e-11 3.070662703e-11 3.043183131e-11 3.030744503e-11 3.059079223e-11 3.078306703e-11 3.112913043e-11 3.057196332e-11 3.064122615e-11 3.088239976e-11 3.010767678e-11 3.052003741e-11 3.057317772e-11 3.098851321e-11 3.072618099e-11 3.118778304e-11 3.059402929e-11 3.040508214e-11 3.113505451e-11 3.102905545e-11 3.126471319e-11 3.124048271e-11 3.082551685e-11 3.122056927e-11 3.145130002e-11 3.166751366e-11 3.160540015e-11 3.239992536e-11 3.177463068e-11 3.158371101e-11 3.12971975e-11 3.201002942e-11 3.133899621e-11 3.18324707e-11 3.169625393e-11 3.245230751e-11 3.230679659e-11 3.228618628e-11 3.174209532e-11 3.198026842e-11 3.235131023e-11 3.156029788e-11 3.259474622e-11 3.204267763e-11 3.288161481e-11 3.252978279e-11 3.225049906e-11 3.245673126e-11 3.286943716e-11 3.281009739e-11 3.240027142e-11 3.236950513e-11 3.274650317e-11 3.286916943e-11 3.279371224e-11 3.354013989e-11 3.301631328e-11 3.321121535e-11 3.318932689e-11 3.338871521e-11 3.320490416e-11 3.296471567e-11 3.406050591e-11 3.313369465e-11 3.397347208e-11 3.343166855e-11 3.395266423e-11 3.346096261e-11 3.310199712e-11 3.358140304e-11 3.377111018e-11 3.357076982e-11 3.405671839e-11 3.40620613e-11 3.303898486e-11 
3.019600193e-11 3.031918837e-11 2.990443655e-11 2.926058448e-11 3.054952306e-11 2.947760286e-11 2.985662937e-11 3.002875019e-11 3.012969715e-11 2.949601899e-11 3.049550965e-11 2.98837782e-11 3.000838949e-11 2.939333132e-11 3.06077632e-11 3.004848021e-11 2.931350002e-11 3.004398959e-11 2.899862731e-11 2.963778043e-11 2.97936812e-11 2.997529752e-11 2.909607255e-11 2.932858951e-11 2.926940313e-11 2.956922113e-11 3.00124291e-11 2.899028436e-11 2.923009743e-11 2.936880594e-11 2.839039062e-11 2.947612607e-11 2.868724845e-11 2.952451653e-11 2.952721156e-11 2.875788447e-11 2.916085911e-11 2.888886059e-11 2.861900948e-11 2.862683495e-11 2.850627852e-11 2.845059411e-11 2.830425305e-11 2.861643455e-11 2.791147025e-11 2.770883207e-11 2.857452878e-11 2.833812846e-11 2.867310375e-11 2.836276202e-11 2.826359552e-11 2.805494615e-11 2.748755167e-11 2.799014142e-11 2.74256763e-11 2.715190911e-11 2.771138106e-11 2.832751852e-11 2.781312283e-11 2.699245963e-11 2.766522654e-11 2.739687086e-11 2.730262929e-11 2.683258017e-11 2.67896232e-11 2.712313252e-11 2.716471502e-11 2.732303154e-11 2.690079062e-11 2.641975465e-11 2.652688463e-11 2.733123181e-11 2.719232198e-11 2.664875183e-11 2.676379802e-11 2.726021044e-11 2.72350744e-11 2.685972192e-11 2.661696425e-11 2.655931323e-11 2.688194354e-11 2.709559001e-11 2.697396832e-11 2.70283109e-11 2.711625859e-11 2.724049996e-11 2.713051032e-11 2.671411212e-11 2.632433075e-11 2.667567004e-11 2.639677396e-11 2.681812844e-11 2.717858478e-11 2.649679695e-11 2.64774902e-11 2.619426888e-11 2.699402167e-11 2.748108989e-11 2.702709534e-11 2.661281541e-11 2.655039015e-11 2.670617511e-11 2.715380577e-11 2.657650448e-11 2.674984466e-11 2.655432829e-11 2.780501291e-11 2.726130793e-11 2.654427501e-11 2.627377143e-11 2.716961481e-11 2.665419101e-11 2.718692042e-11 2.712289e-11 2.726574783e-11 2.739403549e-11 2.722006549e-11 2.75804803e-11 2.787733859e-11 2.767435569e-11 2.681011254e-11 2.783549418e-11 2.764610605e-11 2.789724873e-11 2.829782746e-11 2.806291738e-11 2.784691988e-11 2.74015978e-11 2.74427693e-11 2.776942788e-11 2.816565953e-11 2.847310975e-11 2.803383509e-11 2.795974279e-11 2.843840838e-11 2.907291432e-11 2.796581721e-11 2.873207098e-11 2.869089303e-11 2.854231842e-11 2.846011076e-11 2.917626396e-11 2.791419982e-11 2.790637765e-11 2.894510277e-11 2.951493632e-11 2.840296219e-11 2.857069103e-11 2.876647955e-11 2.955269864e-11 2.887951661e-11 2.96215561e-11 2.983345043e-11 2.898731932e-11 2.945355543e-11 2.988155678e-11 2.898988718e-11 2.99500531e-11 2.912605138e-11 2.92414406e-11 2.981779516e-11 2.947201243e-11 2.921081227e-11 2.995395538e-11 2.960085811e-11 3.031492869e-11 2.995985221e-11 2.917763561e-11 2.999827182e-11 3.014558441e-11 2.911218685e-11 2.969542589e-11 2.953567336e-11 2.96711687e-11 2.879326185e-11 3.00317285e-11 3.058790031e-11 3.02269816e-11 2.989768399e-11 3.025664626e-11 
2.610959737e-11 2.559923921e-11 2.628127586e-11 2.616806239e-11 2.640731642e-11 2.609239229e-11 2.605069739e-11 2.65971031e-11 2.601336628e-11 2.639716757e-11 2.615489951e-11 2.600775633e-11 2.638211711e-11 2.62544169e-11 2.651837822e-11 2.60938823e-11 2.583376283e-11 2.593395833e-11 2.539785849e-11 2.641901973e-11 2.532071343e-11 2.620549091e-11 2.59982273e-11 2.587580645e-11 2.577948395e-11 2.565629764e-11 2.509807991e-11 2.588456714e-11 2.570716747e-11 2.545329115e-11 2.538333378e-11 2.490837956e-11 2.577436316e-11 2.537982914e-11 2.556582996e-11 2.451626597e-11 2.541618473e-11 2.531623096e-11 2.521614858e-11 2.457686793e-11 2.521476581e-11 2.420020059e-11 2.522355526e-11 2.500170167e-11 2.455462362e-11 2.514663251e-11 2.427179114e-11 2.566796679e-11 2.435433724e-11 2.443747152e-11 2.484000128e-11 2.509924895e-11 2.47103747e-11 2.438287938e-11 2.473708992e-11 2.424743921e-11 2.500007707e-11 2.397162873e-11 2.432166662e-11 2.418059443e-11 2.464770685e-11 2.433475132e-11 2.41247376e-11 2.444534623e-11 2.389884764e-11 2.39702933e-11 2.397770128e-11 2.395563405e-11 2.397558528e-11 2.295833955e-11 2.385329449e-11 2.380164028e-11 2.340567441e-11 2.341262334e-11 2.400441922e-11 2.313659606e-11 2.326621455e-11 2.363910303e-11 2.320072393e-11 2.365725735e-11 2.287869271e-11 2.30154792e-11 2.278600687e-11 2.344282247e-11 2.328357254e-11 2.365964245e-11 2.285290657e-11 2.298057544e-11 2.383251814e-11 2.339205365e-11 2.32005645e-11 2.336018387e-11 2.381589642e-11 2.276417981e-11 2.272560446e-11 2.349919064e-11 2.434238676e-11 2.340978931e-11 2.314049274e-11 2.32246669e-11 2.364705823e-11 2.30372383e-11 2.320347006e-11 2.338734852e-11 2.337136032e-11 2.342226884e-11 2.282483602e-11 2.369117052e-11 2.36462796e-11 2.372011455e-11 2.380786449e-11 2.383563702e-11 2.424524527e-11 2.36654394e-11 2.362220556e-11 2.375208718e-11 2.406099301e-11 2.407888941e-11 2.41701811e-11 2.461556606e-11 2.456159783e-11 2.42640813e-11 2.436073828e-11 2.442038188e-11 2.413242607e-11 2.485330495e-11 2.433184496e-11 2.454056452e-11 2.435368578e-11 2.47087834e-11 2.45992651e-11 2.507364528e-11 2.470047745e-11 2.473224934e-11 2.445996729e-11 2.415658369e-11 2.44451948e-11 2.47629479e-11 2.5059208e-11 2.482961983e-11 2.465459117e-11 2.550532195e-11 2.527054198e-11 2.549494538e-11 2.512372062e-11 2.428284962e-11 2.537916913e-11 2.539823009e-11 2.516894456e-11 2.488630024e-11 2.591312579e-11 2.534791252e-11 2.564519509e-11 2.507228427e-11 2.593762926e-11 2.503834921e-11 2.568757856e-11 2.560195931e-11 2.512766084e-11 2.595422898e-11 2.628756083e-11 2.665978767e-11 2.613041189e-11 2.630874823e-11 2.604018663e-11 2.646654578e-11 2.595806487e-11 2.606868958e-11 2.652040675e-11 2.635940913e-11 2.582432786e-11 2.583283603e-11 2.66455086e-11 2.563731294e-11 2.605708128e-11 2.627190875e-11 2.577550747e-11 2.617896537e-11 2.636459e-11 2.710521512e-11 
2.22830985e-11 2.184116739e-11 2.198769986e-11 2.247874344e-11 2.208101309e-11 2.191603364e-11 2.163684517e-11 2.140005121e-11 2.245616721e-11 2.183754037e-11 2.235803942e-11 2.197262013e-11 2.206174933e-11 2.20608032e-11 2.211936693e-11 2.272774471e-11 2.219426508e-11 2.221131098e-11 2.165065975e-11 2.227002572e-11 2.248395113e-11 2.220119281e-11 2.211124845e-11 2.213136398e-11 2.269795386e-11 2.1555919e-11 2.123937493e-11 2.163440612e-11 2.170941489e-11 2.219344788e-11 2.16896552e-11 2.204694984e-11 2.202794561e-11 2.130730955e-11 2.084168419e-11 2.177008355e-11 2.099321515e-11 2.153812316e-11 2.167964116e-11 2.163464967e-11 2.028633097e-11 2.094533192e-11 2.123079153e-11 2.04032174e-11 2.102800498e-11 2.167037322e-11 2.084828474e-11 2.148825986e-11 2.098511472e-11 2.112019504e-11 2.165414587e-11 2.097489413e-11 2.082812419e-11 2.080864133e-11 2.053283399e-11 2.046494622e-11 2.049778486e-11 2.019555645e-11 2.08920422e-11 2.00653087e-11 2.049585801e-11 2.068603853e-11 2.070959627e-11 2.007319602e-11 2.140775891e-11 1.98903956e-11 2.100947372e-11 1.930927134e-11 1.99258571e-11 2.09579509e-11 2.079626664e-11 2.060562094e-11 2.066701435e-11 2.028514251e-11 1.992316466e-11 2.008947096e-11 2.038455566e-11 2.037526215e-11 1.978399726e-11 1.984821262e-11 2.018756087e-11 2.062774296e-11 1.971222946e-11 2.032107237e-11 1.930602189e-11 2.04213231e-11 2.022816704e-11 2.059128926e-11 1.988158474e-11 1.971140604e-11 1.989829868e-11 1.992749842e-11 1.99037564e-11 2.116982843e-11 1.94212541e-11 1.986257624e-11 2.032707357e-11 2.044932068e-11 1.974803292e-11 2.009417019e-11 1.961045985e-11 1.9832515e-11 1.971620697e-11 2.025514199e-11 2.01277443e-11 1.981405893e-11 2.057072667e-11 2.026442862e-11 1.995462232e-11 2.049719698e-11 2.013995118e-11 2.106743087e-11 2.02712574e-11 2.042263162e-11 2.025680544e-11 2.08282568e-11 2.024721894e-11 2.01990213e-11 2.036908629e-11 2.067281055e-11 2.038040358e-11 2.004930864e-11 2.08534547e-11 2.11324164e-11 2.068777558e-11 2.081016183e-11 2.15042681e-11 2.067178999e-11 2.022566585e-11 2.098225553e-11 2.061592571e-11 2.065952623e-11 2.094387102e-11 2.080598862e-11 2.050062341e-11 2.095167989e-11 2.14879684e-11 2.076705496e-11 2.113287738e-11 2.108334208e-11 2.143039622e-11 2.119017254e-11 2.090274431e-11 2.122410271e-11 2.176271869e-11 2.160157321e-11 2.117350504e-11 2.139383156e-11 2.157854029e-11 2.196787177e-11 2.16402489e-11 2.200144641e-11 2.214884754e-11 2.167458415e-11 2.129002219e-11 2.264195904e-11 2.238967023e-11 2.271053206e-11 2.187116909e-11 2.2406597e-11 2.223014944e-11 2.263878187e-11 2.155813637e-11 2.137122826e-11 2.273562793e-11 2.220204258e-11 2.30627458e-11 2.196140381e-11 2.179237712e-11 2.250825174e-11 2.236368484e-11 2.248265845e-11 2.245968477e-11 2.173920085e-11 2.169171378e-11 2.217403443e-11 2.261697145e-11 2.233528739e-11 2.253294645e-11 2.243385963e-11 
1.805784966e-11 1.760558708e-11 1.811451895e-11 1.821743097e-11 1.768101563e-11 1.816400395e-11 1.778532544e-11 1.836370992e-11 1.829588794e-11 1.801526835e-11 1.857229612e-11 1.820024647e-11 1.802019012e-11 1.865930295e-11 1.685734415e-11 1.736858191e-11 1.857442914e-11 1.828417248e-11 1.824326534e-11 1.825438796e-11 1.846742681e-11 1.761123515e-11 1.779775101e-11 1.823624772e-11 1.7459664e-11 1.72600656e-11 1.791057531e-11 1.725014364e-11 1.702445982e-11 1.690060621e-11 1.781937673e-11 1.695654335e-11 1.699879614e-11 1.686138228e-11 1.770638717e-11 1.773379962e-11 1.773718529e-11 1.745167021e-11 1.748991333e-11 1.773927335e-11 1.800448943e-11 1.650772228e-11 1.770700229e-11 1.717176677e-11 1.791264159e-11 1.718306839e-11 1.704679875e-11 1.66873378e-11 1.758904859e-11 1.670566154e-11 1.686327621e-11 1.679230069e-11 1.634662414e-11 1.662668777e-11 1.657045723e-11 1.655806963e-11 1.737858022e-11 1.682125273e-11 1.634511039e-11 1.729772018e-11 1.733099682e-11 1.685842284e-11 1.6846759e-11 1.712922918e-11 1.571225524e-11 1.635607094e-11 1.63916839e-11 1.623909255e-11 1.623540273e-11 1.639169728e-11 1.64605125e-11 1.60642062e-11 1.65713927e-11 1.636035675e-11 1.701081631e-11 1.610136771e-11 1.678328277e-11 1.682118448e-11 1.64237772e-11 1.713656878e-11 1.589568474e-11 1.588534085e-11 1.628540741e-11 1.640222767e-11 1.577373311e-11 1.629265266e-11 1.665968522e-11 1.618185502e-11 1.646324235e-11 1.647238414e-11 1.572605313e-11 1.649420239e-11 1.704852831e-11 1.608026198e-11 1.653624049e-11 1.612205633e-11 1.627732742e-11 1.610050676e-11 1.666559208e-11 1.633966211e-11 1.641005332e-11 1.603422738e-11 1.641146592e-11 1.67363708e-11 1.599377704e-11 1.718007171e-11 1.606909581e-11 1.713982168e-11 1.690309817e-11 1.610362786e-11 1.676845509e-11 1.726926564e-11 1.596945034e-11 1.600327051e-11 1.595834995e-11 1.687520325e-11 1.600957861e-11 1.65444344e-11 1.635238258e-11 1.688931188e-11 1.729229344e-11 1.662969049e-11 1.714754812e-11 1.664782302e-11 1.62983146e-11 1.618581108e-11 1.790005654e-11 1.683764578e-11 1.710714309e-11 1.713282622e-11 1.683655277e-11 1.702326366e-11 1.710082606e-11 1.7363869e-11 1.762137348e-11 1.71182978e-11 1.74005458e-11 1.749917825e-11 1.694040337e-11 1.763833365e-11 1.649339894e-11 1.724943577e-11 1.669137311e-11 1.738814628e-11 1.749699337e-11 1.77749547e-11 1.759813118e-11 1.725011389e-11 1.750380074e-11 1.709586084e-11 1.819674963e-11 1.784391614e-11 1.786106887e-11 1.789430322e-11 1.826997065e-11 1.754807136e-11 1.805096298e-11 1.770286609e-11 1.794585801e-11 1.715957708e-11 1.82664388e-11 1.736156624e-11 1.749099319e-11 1.805768059e-11 1.854684334e-11 1.768775704e-11 1.790485424e-11 1.788530606e-11 1.745494364e-11 1.805457514e-11 1.85737234e-11 1.827117973e-11 1.801571617e-11 1.74216947e-11 1.688335206e-11 1.808693162e-11 1.79978599e-11 1.816400798e-11 1.829934851e-11 1.791793505e-11 
1.366789344e-11 1.322487986e-11 1.417472167e-11 1.361712698e-11 1.362111061e-11 1.45107445e-11 1.363898413e-11 1.38958265e-11 1.402779838e-11 1.397961157e-11 1.393398397e-11 1.313059181e-11 1.348746241e-11 1.3449311e-11 1.2378191e-11 1.370643634e-11 1.385510645e-11 1.230175147e-11 1.341425782e-11 1.319228555e-11 1.359503255e-11 1.295723116e-11 1.291320756e-11 1.279170689e-11 1.349244647e-11 1.272855335e-11 1.273761984e-11 1.28843077e-11 1.374915692e-11 1.313140367e-11 1.35818447e-11 1.359180883e-11 1.268372503e-11 1.350496912e-11 1.394250914e-11 1.270089122e-11 1.250109511e-11 1.325449393e-11 1.307527929e-11 1.355509639e-11 1.39266991e-11 1.313134786e-11 1.340942478e-11 1.321728736e-11 1.355538634e-11 1.279760386e-11 1.305535914e-11 1.26887617e-11 1.224451219e-11 1.265188039e-11 1.209250915e-11 1.350732329e-11 1.2574369e-11 1.255640781e-11 1.313687361e-11 1.228971619e-11 1.2447556e-11 1.268193538e-11 1.273535555e-11 1.298600718e-11 1.233526326e-11 1.271896908e-11 1.215536025e-11 1.350749503e-11 1.195346823e-11 1.166968229e-11 1.220347963e-11 1.276000684e-11 1.346488164e-11 1.188823221e-11 1.17241209e-11 1.251927194e-11 1.247178309e-11 1.241214982e-11 1.270765725e-11 1.290668173e-11 1.302075996e-11 1.242650556e-11 1.290394008e-11 1.261793864e-11 1.22273915e-11 1.229588787e-11 1.173198293e-11 1.215489888e-11 1.246956266e-11 1.254494047e-11 1.209719889e-11 1.25374288e-11 1.299277962e-11 1.27031055e-11 1.265286314e-11 1.263249572e-11 1.268840518e-11 1.26535637e-11 1.254254133e-11 1.125075584e-11 1.24820088e-11 1.232714759e-11 1.23334158e-11 1.245522121e-11 1.256318118e-11 1.257908076e-11 1.25633992e-11 1.250984015e-11 1.240328469e-11 1.190973064e-11 1.255831873e-11 1.254203163e-11 1.209512574e-11 1.222017916e-11 1.249450347e-11 1.235644429e-11 1.279594661e-11 1.329541911e-11 1.27088263e-11 1.221611641e-11 1.264529507e-11 1.303815495e-11 1.195627216e-11 1.248969179e-11 1.258210489e-11 1.261682881e-11 1.250691373e-11 1.251371094e-11 1.298649054e-11 1.206329575e-11 1.291435291e-11 1.291027456e-11 1.310133117e-11 1.296132758e-11 1.333369744e-11 1.312647286e-11 1.239597096e-11 1.285065954e-11 1.290049085e-11 1.295850433e-11 1.411792043e-11 1.294362565e-11 1.282812856e-11 1.337780852e-11 1.31098668e-11 1.282331564e-11 1.224129321e-11 1.298904123e-11 1.329404796e-11 1.243176421e-11 1.270140247e-11 1.32552386e-11 1.334979043e-11 1.351134428e-11 1.288723104e-11 1.317384259e-11 1.273153326e-11 1.342059617e-11 1.254080498e-11 1.349024174e-11 1.370843837e-11 1.32025825e-11 1.376970266e-11 1.310770484e-11 1.376194384e-11 1.386090755e-11 1.328580331e-11 1.399721683e-11 1.308055891e-11 1.345250022e-11 1.310266304e-11 1.335287091e-11 1.320020313e-11 1.297761297e-11 1.292787281e-11 1.347458055e-11 1.40851127e-11 1.317767247e-11 1.390124243e-11 1.340938978e-11 1.34794503e-11 1.474777497e-11 1.380762848e-11 1.418568447e-11 
8.585587363e-12 8.133389555e-12 9.248669193e-12 8.464239077e-12 8.78363379e-12 8.373506182e-12 8.661012106e-12 9.689752101e-12 9.382550862e-12 8.738415036e-12 8.334181494e-12 8.816802084e-12 8.690202063e-12 9.216455094e-12 8.465961457e-12 9.033801122e-12 8.869585017e-12 9.948226653e-12 9.006677978e-12 8.984984171e-12 8.976112849e-12 9.55062809e-12 8.655581178e-12 8.365993744e-12 9.258093312e-12 8.592787059e-12 8.772570463e-12 8.664079884e-12 8.375416208e-12 8.642239863e-12 8.912484003e-12 9.385280773e-12 9.381589118e-12 8.143616212e-12 8.282759015e-12 8.114557956e-12 8.935483037e-12 8.9243253e-12 9.063157753e-12 8.123444033e-12 9.084175604e-12 8.546102867e-12 8.454724841e-12 9.422574707e-12 9.561727489e-12 7.979566782e-12 8.47073298e-12 8.850790623e-12 9.046680128e-12 9.018510479e-12 8.601797027e-12 8.474525972e-12 8.647116413e-12 8.710910184e-12 8.744042909e-12 8.682754806e-12 8.248723255e-12 8.403835564e-12 8.603469953e-12 8.787874627e-12 8.226058473e-12 8.398440202e-12 8.590488643e-12 9.09181848e-12 8.318084327e-12 8.239080048e-12 8.167296037e-12 8.376087023e-12 8.302445588e-12 9.068270305e-12 9.423525217e-12 8.015273872e-12 8.463779671e-12 8.182920235e-12 8.993983272e-12 8.858132755e-12 8.286839365e-12 9.210281817e-12 8.383881953e-12 8.26797927e-12 8.755335752e-12 8.178326673e-12 8.146295679e-12 8.680896729e-12 8.413934603e-12 8.284039174e-12 8.578741275e-12 8.712399038e-12 8.377883101e-12 8.334489559e-12 8.24102767e-12 8.999118701e-12 8.713416337e-12 8.606255734e-12 8.08507967e-12 7.868956897e-12 8.043363981e-12 8.365969655e-12 8.809845355e-12 8.485478522e-12 8.614530421e-12 7.63863227e-12 8.951218323e-12 8.825598922e-12 9.246030469e-12 8.052662775e-12 9.211163163e-12 8.110621871e-12 8.894667181e-12 8.977638646e-12 8.372662196e-12 8.127908992e-12 9.208893603e-12 8.063731647e-12 8.843266118e-12 8.44224569e-12 8.810722471e-12 8.030566709e-12 7.958101253e-12 8.787296494e-12 8.015823613e-12 8.442142496e-12 8.379773543e-12 8.205201667e-12 8.030731072e-12 8.413000553e-12 8.62113797e-12 8.466514332e-12 8.931208273e-12 8.258430912e-12 8.395634581e-12 8.666688239e-12 8.636640724e-12 8.65183345e-12 8.879349785e-12 8.760425584e-12 8.343061841e-12 9.083835363e-12 8.853848554e-12 9.714437485e-12 8.559033652e-12 8.78739359e-12 9.226279715e-12 9.318587802e-12 8.750121051e-12 9.325177682e-12 8.928036029e-12 9.098811672e-12 8.906932074e-12 9.508035892e-12 8.501348696e-12 8.481515585e-12 9.619051602e-12 9.1650378e-12 9.320272363e-12 8.34678906e-12 8.754892288e-12 9.158254729e-12 9.419689113e-12 9.662680695e-12 9.286177716e-12 8.610901249e-12 8.476071e-12 9.096583053e-12 9.247415322e-12 9.237606697e-12 9.017599101e-12 8.985690688e-12 9.00696804e-12 8.98173467e-12 9.016972362e-12 8.363791977e-12 8.956623468e-12 8.866249218e-12 8.318382393e-12 9.414103368e-12 8.338364205e-12 8.733530121e-12 8.584781185e-12 9.337971662e-12 
# Events [mon_4pi/cylinder_scattered.dat] N:
20 16 14 19 22 21 12 15 24 14 16 15 13 11 18 12 14 18 21 22 22 18 15 18 12 18 21 16 12 14 13 20 19 9 19 16 18 16 23 16 16 18 13 18 23 13 11 15 16 20 17 18 22 13 18 17 20 16 17 11 19 15 18 21 19 17 20 20 21 16 17 15 15 18 12 12 7 17 9 15 22 17 17 9 16 11 14 16 16 12 22 18 20 5 11 21 17 17 21 16 15 7 17 19 16 19 21 20 24 23 9 16 27 16 19 13 19 11 9 27 15 18 15 17 12 18 16 15 14 15 10 14 13 19 14 14 14 16 10 23 11 15 8 11 14 18 14 13 19 16 15 17 20 16 21 18 16 15 15 15 17 16 13 19 16 12 21 13 18 22 15 21 14 15 20 17 10 13 19 16 
144 171 151 144 157 169 157 142 202 161 156 155 166 173 157 140 169 145 163 165 143 153 162 156 156 147 128 154 147 150 168 138 146 149 157 147 124 170 164 158 154 153 168 121 124 156 177 175 124 163 170 142 154 165 173 175 158 157 162 147 157 143 165 175 154 147 145 128 174 143 154 137 136 140 163 126 139 142 129 157 149 145 143 168 141 163 141 176 136 156 150 128 152 158 154 169 156 167 149 145 154 152 150 143 137 128 148 158 137 182 143 157 151 158 141 152 142 153 152 138 147 157 151 139 150 153 157 154 154 172 148 145 150 149 164 157 153 151 165 162 164 162 156 166 153 151 157 142 141 150 159 174 177 146 162 158 154 186 173 156 158 171 146 160 153 149 145 164 185 180 149 159 167 159 157 155 154 167 175 152 
409 420 400 396 378 390 383 380 411 412 438 391 417 405 420 419 371 374 394 394 420 363 363 380 379 397 372 365 371 416 381 348 391 384 374 415 375 376 363 336 380 378 355 383 356 385 336 374 374 341 346 368 357 357 373 408 370 357 366 353 363 382 324 367 380 377 388 384 332 336 321 351 369 346 349 363 345 359 348 338 335 346 337 333 401 339 352 384 349 345 315 335 337 329 371 345 367 368 343 338 336 336 374 349 338 349 343 343 359 340 347 376 360 354 336 361 325 360 350 379 366 391 358 379 362 354 358 384 378 379 381 386 386 373 348 382 380 357 400 343 398 387 368 423 378 412 379 374 391 402 400 394 366 389 358 359 388 399 382 393 392 394 393 400 416 399 419 362 379 430 405 420 416 399 397 435 381 436 381 398 
752 730 713 747 677 703 683 681 718 725 716 734 731 674 687 668 737 714 746 744 701 660 704 710 657 689 664 741 672 679 684 682 673 716 691 695 670 696 711 665 636 648 673 626 684 606 649 653 620 614 622 691 652 652 635 575 611 649 661 630 638 642 618 641 632 598 617 647 610 655 587 609 577 635 558 641 594 604 599 625 602 594 650 621 627 616 607 646 560 599 624 573 621 642 665 596 581 624 591 622 621 614 604 683 645 627 635 605 614 645 642 596 619 644 612 662 653 641 671 629 635 621 670 682 627 624 653 610 683 677 657 686 656 654 671 661 658 654 602 651 687 661 738 656 682 643 709 667 686 706 668 702 721 680 748 672 713 704 719 684 659 720 710 731 700 728 690 749 684 738 733 715 729 702 702 704 762 729 728 693 
1084 1047 1084 1084 1066 1071 1080 1053 1098 1131 1061 1074 1070 1065 1080 1038 1108 1044 1031 1017 1026 1039 1043 1104 1049 1043 1037 1037 1002 1003 1026 987 1049 1006 1048 1025 968 989 1017 1055 1028 1002 1015 979 998 945 1069 972 979 1037 961 1000 974 949 909 1002 959 954 964 894 937 930 969 911 958 960 955 906 915 987 925 939 939 910 919 923 884 890 878 896 874 833 899 917 952 902 948 880 902 909 938 911 940 909 892 894 921 907 938 897 939 900 964 933 923 912 899 916 861 943 951 905 930 897 976 969 939 943 990 993 997 961 991 949 892 942 994 953 971 1041 993 1003 997 975 943 987 977 1044 994 1024 1044 1026 985 1045 1004 1033 1037 981 987 1021 1024 1088 1005 1015 1011 1046 1050 1019 1059 1033 1094 1030 976 1059 1094 1045 1050 1031 1029 1163 1087 1102 956 1104 1100 1026 1109 1106 1089 1080 
1515 1541 1494 1492 1500 1506 1543 1500 1491 1510 1536 1522 1476 1493 1566 1488 1457 1515 1477 1562 1510 1437 1475 1484 1415 1415 1443 1447 1414 1418 1405 1468 1380 1418 1390 1410 1380 1335 1431 1386 1324 1430 1404 1336 1399 1354 1403 1346 1374 1359 1374 1361 1256 1323 1335 1341 1298 1300 1277 1380 1307 1343 1357 1295 1300 1308 1253 1275 1315 1337 1274 1359 1258 1269 1219 1308 1317 1284 1273 1284 1192 1235 1404 1290 1224 1233 1288 1219 1196 1236 1250 1275 1202 1265 1219 1233 1262 1213 1265 1281 1300 1285 1339 1202 1302 1282 1316 1339 1275 1306 1283 1277 1244 1295 1291 1368 1302 1327 1304 1285 1347 1300 1287 1298 1380 1314 1351 1411 1362 1349 1387 1328 1338 1339 1421 1365 1393 1384 1416 1352 1445 1379 1399 1485 1387 1435 1442 1447 1396 1411 1454 1454 1482 1474 1441 1472 1463 1476 1466 1456 1407 1500 1481 1517 1495 1505 1511 1490 1528 1449 1504 1419 1439 1474 1465 1518 1531 1597 1502 1451 
2021 1971 1975 1974 1956 1966 1962 1878 2032 1985 1967 1941 1978 1924 1933 1937 1916 1864 1964 1953 1917 1897 1942 1879 1873 1879 1929 1852 1757 1933 1859 1871 1885 1905 1794 1822 1826 1862 1788 1862 1806 1802 1816 1789 1830 1857 1736 1765 1802 1746 1738 1773 1758 1824 1642 1713 1658 1670 1672 1691 1736 1715 1685 1705 1669 1684 1659 1700 1708 1672 1715 1692 1671 1604 1546 1657 1716 1693 1645 1671 1599 1693 1664 1653 1621 1636 1616 1572 1568 1641 1597 1602 1595 1640 1580 1600 1587 1620 1617 1665 1692 1700 1651 1682 1669 1679 1674 1641 1691 1622 1648 1568 1608 1717 1646 1754 1644 1643 1737 1732 1719 1739 1711 1686 1774 1782 1733 1738 1750 1720 1748 1769 1877 1812 1790 1710 1742 1823 1831 1771 1847 1864 1791 1819 1782 1831 1813 1832 1913 1840 1778 1905 1846 1913 1924 1862 1867 1883 1852 1881 1866 1897 1902 1957 1884 1915 2003 2024 1957 1974 1937 1964 2098 1870 1942 1982 2041 1985 1966 2025 
2493 2499 2472 2411 2435 2458 2468 2481 2462 2396 2446 2406 2412 2355 2444 2428 2416 2367 2473 2366 2383 2405 2331 2409 2326 2430 2403 2497 2382 2304 2363 2361 2351 2301 2293 2222 2327 2247 2248 2277 2324 2210 2206 2296 2280 2217 2242 2200 2223 2229 2227 2201 2248 2174 2178 2171 2183 2101 2154 2168 2224 2159 2144 2136 2101 2122 2157 2073 2050 2117 2049 2057 2041 2058 2053 2078 2156 2057 2060 2054 2024 2068 2041 2074 2094 2081 1988 1994 2040 2075 2119 2069 2050 2055 1976 2064 2088 2057 2099 2091 2065 2026 2074 2018 2086 2135 2083 1996 2080 2077 2150 2170 2120 2103 2175 2123 2130 2094 2228 2229 1991 2077 2165 2159 2106 2204 2218 2147 2198 2200 2189 2230 2216 2220 2239 2285 2183 2222 2232 2216 2260 2313 2342 2269 2264 2337 2374 2321 2415 2403 2341 2359 2394 2437 2367 2354 2289 2322 2387 2343 2355 2437 2520 2462 2382 2392 2439 2310 2421 2495 2438 2455 2436 2473 2455 2498 2504 2583 2508 2470 
3012 3023 3042 3042 2977 3006 2926 3022 3007 3077 2953 2971 2999 2976 2980 3036 2897 2991 2841 2973 2886 2891 2913 2844 2853 2884 2862 2867 2830 2847 2775 2848 2864 2961 2820 2826 2839 2803 2758 2845 2823 2826 2863 2758 2681 2766 2725 2725 2786 2718 2661 2798 2726 2736 2687 2713 2685 2592 2577 2700 2559 2645 2608 2591 2599 2582 2480 2555 2578 2527 2563 2511 2503 2560 2509 2599 2617 2505 2507 2559 2523 2449 2534 2549 2457 2497 2450 2430 2451 2430 2488 2446 2416 2499 2529 2500 2488 2519 2490 2370 2622 2488 2524 2487 2532 2520 2520 2565 2571 2509 2510 2537 2542 2544 2599 2610 2639 2616 2654 2673 2583 2582 2632 2661 2683 2620 2751 2720 2682 2710 2655 2770 2785 2746 2748 2751 2677 2755 2798 2806 2787 2863 2769 2761 2731 2819 2775 2881 2907 2882 2847 2951 2837 2997 2833 2871 2842 2874 2915 2979 2983 2916 2938 2917 2991 2866 3096 2975 3105 2869 3047 2990 2987 3087 3034 3107 3005 3080 3075 2998 
3589 3533 3510 3520 3506 3451 3596 3588 3627 3614 3552 3523 3526 3411 3627 3406 3594 3408 3579 3504 3514 3534 3402 3471 3445 3429 3457 3493 3433 3363 3310 3325 3303 3371 3407 3353 3439 3363 3344 3285 3414 3292 3257 3290 3192 3224 3212 3257 3124 3179 3259 3186 3175 3155 3274 3162 3096 3217 3118 3166 3100 3175 3179 3120 3054 3056 3203 3088 3071 3068 3103 3049 2955 2970 2948 3104 2905 3045 2952 2944 3015 2945 3013 2947 2945 3055 3085 2932 3036 2948 2966 2938 2971 3107 2997 3024 3014 2884 2950 2935 3016 3044 2975 3075 3018 2959 3029 3040 3087 3048 3111 3038 3043 3154 3052 3073 3171 3040 3168 3117 3031 3139 3215 3234 3119 3153 3165 3220 3156 3200 3185 3300 3203 3285 3261 3238 3226 3260 3206 3294 3415 3228 3333 3456 3423 3413 3335 3376 3368 3399 3481 3330 3400 3482 3368 3436 3576 3414 3495 3510 3480 3553 3416 3488 3530 3519 3461 3601 3539 3622 3489 3513 3545 3527 3509 3610 3654 3612 3617 3648 
4131 4217 4064 4169 4038 4262 4124 4090 4155 4200 4184 4120 4115 4191 4082 4027 4104 4047 4174 3985 4158 4048 4000 4086 4158 3896 3979 3971 4017 4067 3931 3910 3839 3945 3857 3708 3804 3861 3811 3802 3897 3853 3985 3885 3837 3817 3795 3713 3916 3693 3705 3799 3828 3834 3607 3881 3705 3743 3692 3642 3698 3612 3632 3606 3513 3607 3586 3637 3602 3586 3625 3541 3492 3506 3463 3552 3609 3518 3502 3553 3540 3537 3452 3636 3520 3450 3491 3500 3464 3430 3514 3494 3518 3412 3495 3385 3555 3479 3507 3522 3440 3513 3464 3560 3552 3539 3531 3592 3429 3642 3519 3738 3646 3570 3630 3663 3570 3647 3729 3727 3734 3595 3706 3602 3693 3791 3757 3754 3760 3870 3721 3696 3882 3821 3787 3931 3870 3903 3841 4044 3805 3831 3861 3913 3812 3996 3870 3865 4019 3948 3898 4025 3956 3993 4027 4084 3972 3945 3919 3999 4086 4117 4079 4117 4126 4117 4175 3989 4167 4044 4081 4157 4169 4177 4136 4131 4168 4235 4095 4131 
4848 4719 4703 4786 4799 4771 4815 4690 4742 4816 4664 4761 4724 4775 4775 4819 4598 4657 4752 4593 4636 4631 4674 4575 4680 4601 4551 4593 4713 4572 4492 4534 4520 4470 4491 4513 4396 4454 4451 4423 4388 4237 4351 4382 4471 4330 4402 4311 4338 4324 4466 4295 4351 4288 4284 4274 4448 4254 4238 4303 4113 4192 4085 4242 4223 4200 4173 4141 4117 4166 4057 4084 4108 4076 4041 4124 3943 4081 3992 4046 4082 4076 4052 3960 4039 4043 4043 4078 4114 4091 4017 3993 3940 4118 4137 4068 3989 3981 3911 4091 4087 4006 4018 4146 4182 4078 4163 4130 4153 4171 4020 4086 4084 4137 4171 4226 4187 4065 4235 4235 4204 4176 4354 4245 4162 4441 4276 4393 4315 4351 4466 4309 4389 4315 4323 4360 4551 4342 4298 4546 4399 4472 4410 4424 4502 4440 4535 4645 4405 4567 4551 4607 4730 4577 4554 4617 4481 4633 4599 4665 4567 4597 4636 4732 4808 4629 4812 4775 4785 4787 4619 4718 4824 4890 4776 4600 4781 4835 4775 4815 
5380 5360 5483 5379 5393 5363 5417 5344 5403 5401 5370 5391 5199 5267 5291 5559 5426 5341 5291 5168 5287 5146 5161 5330 5252 5230 5284 5199 5155 5188 5060 5263 4985 5153 5040 5106 5066 4931 5033 5013 5038 5094 4986 5029 4989 4943 4853 5004 5061 4895 5004 4888 4826 4989 4877 4873 4826 4885 4925 4838 4777 4870 4755 4750 4743 4776 4724 4779 4774 4729 4640 4640 4684 4579 4660 4624 4583 4729 4657 4641 4690 4630 4641 4509 4689 4574 4478 4594 4510 4583 4598 4598 4636 4476 4535 4535 4691 4637 4561 4558 4630 4487 4602 4729 4591 4656 4607 4707 4713 4583 4686 4775 4883 4687 4728 4768 4626 4675 4683 4863 4769 4886 4844 4898 4731 4834 4852 4923 4809 4788 4877 4894 4990 4961 5083 5078 5038 4876 5003 5004 5090 4930 5048 5109 5240 5086 5097 5215 4993 5184 5193 5234 5191 5242 5261 5309 5110 5144 5416 5236 5227 5299 5366 5262 5421 5228 5277 5268 5270 5323 5444 5389 5340 5498 5181 5426 5463 5427 5482 5412 
6096 5926 6002 6033 5979 6011 6011 6071 5963 5911 6114 5998 6013 5952 6001 5871 6026 5967 6051 6038 5842 5865 5860 5826 5766 5950 5840 5867 5933 5731 5737 5776 5726 5596 5795 5760 5807 5561 5675 5703 5658 5658 5720 5592 5621 5461 5523 5579 5525 5531 5539 5497 5574 5399 5411 5463 5455 5462 5379 5442 5556 5275 5361 5417 5307 5388 5343 5266 5430 5251 5361 5316 5384 5337 5198 5204 5223 5213 5114 5110 5218 5175 5223 5106 5165 5172 5172 5076 5234 5125 5156 5140 5066 5166 5128 5060 5227 5160 5211 5159 5207 5060 5232 5176 5130 5130 5245 5244 5288 5212 5492 5287 5287 5329 5389 5357 5284 5448 5416 5406 5296 5280 5437 5393 5586 5527 5473 5255 5505 5524 5487 5571 5582 5702 5599 5571 5738 5596 5616 5680 5617 5666 5630 5788 5778 5739 5745 5710 5633 5784 5646 5723 5756 5820 5810 5955 5879 5842 5898 5820 5829 5947 6047 6038 5826 5857 5980 6037 5886 6081 5988 6045 6043 6077 6093 6090 6081 6012 6033 6201 
6569 6686 6617 6765 6687 6692 6665 6545 6651 6731 6680 6717 6654 6622 6647 6589 6643 6573 6636 6602 6471 6427 6684 6413 6426 6459 6546 6469 6355 6470 6418 6595 6344 6141 6259 6316 6489 6268 6347 6258 6318 6362 6172 6281 6230 6134 6186 6063 6255 6280 6121 6101 6016 6149 6068 6036 6076 6174 5926 5972 6008 6052 5983 5964 5807 5981 5946 5744 5799 5888 5754 5869 5883 5916 5745 6014 5873 5844 5886 5811 5863 5701 5793 5729 5667 5669 5776 5836 5804 5712 5692 5774 5660 5570 5702 5682 5805 5915 5853 5748 5688 5706 5754 5962 5721 5687 5749 5788 5810 5879 5881 6020 5896 5746 6054 5885 5934 6020 6058 6017 5832 6104 6042 6055 6019 6050 6160 6052 6157 6147 6275 6110 6223 6158 6194 6194 6196 6156 6106 6252 6323 6323 6356 6336 6177 6225 6500 6311 6333 6361 6341 6483 6364 6356 6500 6499 6414 6488 6551 6574 6438 6508 6679 6622 6407 6599 6573 6628 6598 6649 6584 6691 6584 6713 6844 6721 6654 6609 6496 6740 
7378 7295 7388 7364 7219 7314 7240 7110 7390 7138 7144 7143 7246 7331 7232 7125 7153 7312 7188 7184 7015 7102 7094 7120 7079 7135 6976 7155 7032 6974 7020 6817 6936 6974 6907 7032 6963 6859 6895 7100 6884 6844 7011 6681 6771 6506 6703 6784 6726 6759 6790 6587 6687 6673 6645 6534 6587 6604 6678 6529 6557 6707 6534 6484 6462 6361 6435 6563 6442 6449 6325 6380 6430 6423 6349 6366 6406 6297 6419 6352 6297 6333 6293 6457 6269 6415 6244 6344 6484 6336 6257 6375 6341 6295 6286 6430 6419 6423 6209 6287 6275 6271 6409 6483 6400 6277 6338 6484 6485 6538 6436 6369 6509 6465 6621 6551 6495 6557 6649 6659 6539 6652 6674 6630 6635 6677 6732 6632 6615 6673 6684 6732 6753 6738 6630 6815 6815 6747 6766 6869 6681 6950 6869 6811 6965 6902 6925 7159 6991 7014 7073 6932 7093 6916 7029 7038 7219 7115 7099 7085 7056 7169 7123 7031 7159 7376 7221 7336 7273 7310 7139 7417 7282 7259 7406 7419 7265 7400 7241 7264 
7960 8079 7976 7998 7976 7728 7955 8051 7938 7884 7997 7640 7908 7826 7719 7842 7787 7925 7770 7773 7823 7855 7577 7814 7629 7755 7682 7683 7889 7801 7684 7580 7631 7565 7504 7432 7561 7552 7457 7575 7543 7468 7458 7444 7610 7439 7507 7356 7434 7305 7210 7268 7242 7330 7340 7298 7188 7167 7138 7189 7026 7251 7178 7116 7021 7077 7122 6909 7110 7014 7020 6908 6972 6994 7118 6771 6880 6805 7006 6915 6910 6900 6889 6864 6908 6889 6922 6879 6852 6941 6965 6719 6954 6981 6796 6956 6946 7055 6998 6981 6945 6962 6958 6984 6952 7014 6871 6890 6994 7033 7035 7010 7205 7150 7141 6957 7262 7195 7233 7074 7017 7220 7180 7259 7163 7178 7284 7421 7346 7306 7241 7429 7424 7364 7358 7388 7598 7389 7487 7401 7528 7422 7438 7690 7474 7472 7641 7765 7675 7717 7651 7640 7860 7815 7596 7785 7845 7824 7789 7786 7814 7877 7886 7854 8003 7889 7893 7911 7982 7910 7943 7892 7961 7934 8039 7951 7974 8063 8298 7881 
8694 8565 8615 8683 8478 8527 8708 8764 8675 8480 8698 8620 8534 8501 8541 8423 8462 8455 8480 8389 8341 8399 8518 8393 8348 8428 8259 8225 8351 8268 8100 8337 8347 8105 8263 8256 8282 8133 8219 8126 8189 8086 8088 8069 8066 8170 8206 7873 7977 7988 7882 7977 7826 7837 7827 8031 7828 7790 7780 7910 7806 7887 7745 7843 7621 7701 7802 7814 7794 7715 7725 7722 7763 7817 7517 7566 7698 7715 7426 7490 7613 7575 7536 7421 7637 7401 7483 7631 7380 7618 7597 7596 7364 7658 7540 7457 7494 7541 7651 7340 7549 7426 7582 7472 7626 7749 7656 7573 7589 7572 7632 7751 7625 7643 7763 7855 7808 7905 7861 7774 7700 7758 7753 7821 8014 7861 8008 7909 7880 7876 7792 7847 7921 7875 7958 7890 8094 8078 8143 8130 8279 8199 8041 8293 8223 8308 8336 8414 8110 8158 8227 8303 8289 8335 8415 8330 8369 8314 8292 8322 8395 8416 8388 8457 8578 8520 8584 8250 8749 8722 8607 8482 8484 8510 8678 8540 8608 8720 8657 8510 
9273 9283 9034 9207 9454 9139 9288 9128 9295 9319 9183 9186 9030 8992 9199 9099 8948 9083 8879 8927 9263 8997 9074 8918 9083 9019 8922 8842 9006 9013 8910 8997 8710 8853 8816 8928 8776 8822 8864 8752 8568 8631 8615 8515 8650 8532 8604 8585 8537 8501 8550 8532 8477 8707 8633 8416 8495 8485 8417 8432 8320 8421 8400 8381 8369 8350 8292 8285 8277 8309 8116 8473 8124 8325 8240 8151 8205 8119 8074 8279 8176 8181 8084 8209 8025 8205 7905 8169 8093 8073 8185 8080 8076 8101 8257 8109 8012 8102 8247 8131 8069 8043 8212 8222 8121 8179 8296 8319 8274 8413 8348 8369 8409 8185 8160 8210 8372 8493 8288 8291 8229 8413 8524 8425 8458 8586 8575 8395 8628 8435 8547 8520 8596 8662 8602 8585 8605 8741 8855 8672 8539 8653 8665 9010 8859 8946 8798 8911 8820 8882 8853 8865 8942 8923 8987 8893 8929 9085 8989 8900 9162 9064 9088 9206 9089 9172 9077 9203 9269 9225 9224 9303 9161 9133 9293 9240 9329 9251 9250 9283 
9887 9903 9783 9909 9858 9809 9947 9942 9954 9859 9761 9716 9794 9720 9838 9893 9754 9869 9805 9450 9563 9781 9605 9722 9538 9715 9562 9633 9407 9474 9509 9600 9472 9617 9441 9567 9457 9357 9310 9380 9218 9531 9351 9524 9159 9224 9291 9172 9212 9059 9073 9252 9218 8983 9013 9146 9016 9207 8981 8937 9099 9064 8859 8930 8836 8858 8925 8821 8968 8811 8908 8804 8650 8872 8856 8894 8734 8804 8713 8762 8826 8654 8735 8722 8738 8569 8630 8823 8724 8697 8728 8761 8620 8693 8670 8725 8686 8687 8758 8952 8720 8899 8691 8635 8676 8926 8870 8728 8694 8779 8769 8822 8781 8853 8987 8914 9062 8971 9072 9006 9043 8917 8984 9035 8898 9164 9124 9141 9114 9302 9274 9027 9205 9234 9298 9360 9394 9327 9456 9438 9393 9219 9444 9428 9459 9386 9529 9663 9497 9401 9614 9630 9444 9564 9470 9586 9706 9601 9711 9782 9727 9723 9649 9665 9519 9768 9835 9725 9895 9826 9827 9813 9838 9736 9816 9947 9828 9990 9903 9921 
10614 10586 10558 10618 10403 10404 10490 10575 10580 10298 10544 10385 10609 10366 10474 10278 10429 10280 10385 10432 10209 10558 10238 10237 10154 10140 10086 10057 10098 10092 10210 10108 10017 9848 9912 9972 10015 10165 10007 10068 9813 9918 9899 9980 9833 9777 9947 9907 9699 9663 9745 9743 9797 9638 9606 9735 9680 9748 9621 9500 9692 9536 9401 9576 9482 9359 9523 9435 9504 9376 9286 9545 9343 9404 9434 9373 9321 9414 9108 9302 9277 9390 9180 9246 9253 9093 9321 9239 9176 9347 9386 9418 9360 9321 9260 9404 9361 9399 9181 9415 9334 9278 9191 9218 9483 9557 9243 9255 9410 9459 9510 9411 9284 9341 9333 9454 9476 9753 9658 9685 9752 9748 9570 9687 9555 9846 9842 9575 9641 9795 9630 9829 9880 9792 9933 9804 9756 10033 9874 9956 9945 10203 10094 10080 9948 10086 10076 10024 10034 10128 10045 10130 10321 10229 10110 10167 10315 10429 10441 10265 10259 10346 10269 10406 10625 10546 10471 10449 10423 10526 10384 10576 10288 10650 10371 10535 10683 10540 10501 10577 
10972 11304 11195 11063 10925 11111 11147 10871 11180 11223 11116 11145 10928 10979 10935 11061 10816 10936 11096 10883 10706 10859 10711 10690 10860 10762 10854 10805 10661 10608 10845 10772 10831 10639 10576 10697 10661 10647 10588 10667 10537 10506 10486 10435 10432 10238 10337 10469 10403 10357 10170 10354 10370 10273 10238 10249 10295 10215 10213 10131 10155 10164 10070 10135 10053 10076 9853 10032 9940 10057 10170 9883 9939 9873 9908 9911 9905 9976 9860 9973 9937 9969 9777 9948 9968 9769 9948 9682 9777 9934 9821 9803 9798 9870 9833 9908 9831 9842 9821 9923 9978 10047 9830 10120 10094 9984 9958 9971 9959 10113 9999 10006 10138 10123 10131 10217 10118 10235 10009 10347 10053 10229 10116 10285 10199 10335 10323 10454 10350 10529 10470 10345 10470 10528 10554 10491 10613 10466 10573 10530 10496 10574 10536 10653 10798 10693 10723 10804 10730 10757 10589 10546 10601 10980 10789 10835 10914 10746 10679 10763 10967 10892 10959 10929 10993 10852 11084 11085 11015 10930 11038 11098 11243 11194 10982 11302 11224 11171 11025 11032 
11758 11829 11738 11603 11659 11872 11510 11732 11743 11738 11807 11690 11739 11512 11518 11484 11451 11527 11502 11577 11351 11753 11415 11377 11610 11425 11420 11462 11466 11315 11253 11136 11501 11061 11323 11158 11039 11183 11171 11103 11043 11036 11179 11193 10987 10763 10951 10901 11088 10923 11027 10811 10920 10762 10962 10931 10797 10865 10801 10746 10805 10621 10780 10585 10687 10494 10699 10488 10450 10561 10687 10660 10534 10486 10446 10532 10400 10447 10483 10537 10410 10558 10428 10520 10462 10415 10469 10447 10417 10379 10405 10382 10487 10433 10362 10296 10566 10453 10515 10582 10585 10530 10448 10599 10458 10371 10536 10435 10756 10617 10596 10584 10494 10651 10556 10602 10535 10727 10444 10841 10756 10788 10774 10883 10798 10983 10790 10976 10792 11142 10968 10986 11031 10898 10978 11001 10956 11215 11017 11140 11246 11273 11315 11211 11446 10995 11055 11117 11476 11248 11391 11317 11444 11383 11356 11286 11561 11439 11587 11425 11594 11576 11365 11484 11750 11455 11490 11738 11759 11845 11552 11667 11783 11887 11656 11718 11842 11775 11860 11749 
12191 12314 12411 12420 12392 12054 12249 12183 12277 12199 12269 12025 12143 12222 12185 12260 12033 12020 12148 12213 11994 11848 12073 11829 11976 12152 11923 11852 11920 11940 11726 11708 11836 11785 11877 12080 11620 11764 11814 11731 11792 11656 11619 11764 11571 11544 11625 11435 11588 11397 11500 11476 11392 11566 11645 11449 11584 11446 11315 11449 11192 11230 11253 11259 11173 11026 11035 11120 11265 11163 11173 11261 11200 10959 11116 11095 10900 10943 10991 11034 10843 10886 10893 11120 10855 11000 11118 10922 11004 11018 10946 11106 11014 11057 10860 10981 10943 11057 10851 10935 10979 11091 10744 10891 11174 11000 10948 11124 11009 11149 10894 11161 11096 11235 11103 11155 11377 11261 11107 11332 11303 11420 11315 11103 11512 11466 11467 11387 11275 11405 11599 11392 11336 11491 11591 11690 11666 11628 11528 11625 11684 11673 11767 11752 11746 11764 11933 11662 11883 11870 11885 12064 12039 12080 11956 11942 11938 12227 11896 11973 11958 12196 12277 12054 12234 12101 12316 12301 12146 12139 12253 12199 12208 12296 12151 12296 12281 12506 12334 12231 
12964 12883 13023 12548 12845 12735 12993 12909 12899 12859 12827 12666 12803 12898 12612 12783 12413 12745 12550 12688 12809 12804 12668 12567 12540 12543 12713 12473 12250 12350 12410 12399 12406 12443 12309 12261 12333 12387 12372 12192 12316 12124 12166 11967 12335 12191 12166 12051 12212 12117 12053 12000 12072 12042 12021 11892 11877 11795 11899 11901 11846 11635 11664 11811 11680 11898 11723 11552 11730 11699 11674 11764 11437 11690 11575 11659 11671 11592 11482 11500 11490 11380 11548 11417 11460 11600 11504 11309 11427 11382 11519 11725 11439 11553 11449 11500 11441 11436 11373 11507 11466 11615 11508 11684 11456 11716 11692 11375 11609 11825 11609 11723 11728 11582 11795 11863 11974 11883 11784 11853 12077 11723 11918 11836 12070 12100 12102 12074 12035 12044 11818 12154 11814 11952 12106 12206 12491 11991 12160 12288 12387 12352 12268 12448 12259 12280 12248 12359 12636 12668 12455 12699 12358 12504 12697 12661 12721 12580 12694 12460 12650 12577 12601 12567 12865 12680 12640 12869 12810 13032 12964 12996 12890 12836 12925 12880 13007 12950 12882 12833 
13161 13593 13456 13520 13385 13390 13584 13238 13456 13189 13136 13295 13363 13330 13316 13295 13159 13241 13026 13075 13261 13229 13126 13095 13000 13071 12855 12943 13187 12998 13216 12986 12949 12918 12844 12846 12890 12978 12821 12825 12885 12755 12590 12796 12673 12636 12839 12629 12509 12679 12466 12580 12679 12620 12305 12442 12548 12297 12302 12302 12313 12297 12439 12350 12135 12310 12102 12242 12260 12384 12321 11925 12153 12145 12070 12341 12241 11829 11974 12179 11979 12053 12038 11946 12096 11963 12038 11997 11999 11982 12172 11951 11978 11989 11796 11959 11976 11932 12124 12021 11988 11807 12221 11945 12120 11915 12238 12078 11963 12232 12396 12369 12312 12073 12272 12151 12218 12158 12254 12296 12507 12217 12338 12300 12116 12463 12488 12582 12418 12624 12549 12644 12555 12549 12694 12671 12578 12457 12702 12771 12935 12603 12825 12684 12737 12839 12792 12947 12859 13000 12844 13012 13173 12941 13005 13143 13161 12981 13154 13159 13245 13281 13348 13241 13278 13281 13128 13302 13071 13328 13421 13262 13375 13532 13270 13278 13360 13346 13251 13289 
14040 14016 14077 13982 13776 13933 14158 13943 13940 13918 13756 13843 13872 13857 13722 13778 13823 13681 13654 13690 13557 13696 13810 13574 13340 13616 13839 13458 13471 13606 13455 13430 13286 13527 13589 13476 13405 13439 13263 13368 13369 13372 13178 13244 13116 13181 13348 13218 13126 13157 13129 13160 13000 13095 13004 12956 12866 12915 12898 12797 12665 12875 12824 12944 12620 12502 12779 12769 12851 12825 12617 12820 12647 12553 12469 12641 12592 12545 12710 12524 12620 12605 12559 12583 12448 12664 12674 12511 12638 12318 12600 12574 12497 12430 12444 12427 12513 12386 12666 12651 12452 12736 12549 12504 12706 12672 12550 12677 12789 12585 12727 12652 12832 12780 12688 12687 12782 12868 12681 12859 12722 12907 12912 12749 12827 12923 12980 13110 13019 13141 13037 13190 13240 13261 13158 13179 13344 13110 13271 13303 13242 13341 13481 13271 13466 13378 13212 13370 13610 13575 13397 13788 13552 13596 13734 13594 13787 13637 13735 13561 13781 13341 13774 13754 13900 13809 13898 13618 13710 13926 13807 13797 13773 14075 14089 14155 13923 13873 14028 14163 
14644 14461 14272 14590 14311 14364 14459 14462 14432 14479 14255 14152 14339 14386 14305 14300 14249 14188 14109 14142 14329 14098 13905 14263 14228 14055 14113 14192 13976 13851 14041 13848 13816 13920 13961 13806 13824 13932 13904 13859 13725 13688 13609 13814 13706 13538 13674 13460 13680 13761 13505 13645 13438 13541 13257 13658 13354 13435 13107 13356 13363 13275 13286 13241 13375 13046 13343 12990 13304 13000 12903 13116 13285 13017 13074 13158 13136 13111 13217 13171 13164 13051 12891 12908 13098 13101 13001 13195 13156 13032 12824 13032 13112 13260 12854 12996 13036 12965 12945 12992 13233 13227 13307 13103 13170 12851 13168 13274 13019 13472 13334 13080 13212 13275 13386 13211 13385 13351 13289 13324 13502 13535 13516 13487 13233 13619 13387 13400 13708 13637 13578 13600 13450 13531 13791 13903 13890 13789 13921 13612 13928 13942 13865 14045 13829 13913 13963 14017 14008 13849 13888 14001 13985 13910 14121 14185 14114 13996 14199 14372 14202 14189 14206 14229 14181 14298 14215 14398 14442 14202 14303 14284 14460 14568 14388 14470 14503 14485 14263 14683 
14827 14870 14875 14962 14954 15037 14878 14754 15127 14840 14706 14762 14952 14835 14787 14462 14670 14734 14670 14927 14686 14640 14572 14453 14410 14363 14549 14688 14337 14474 14430 14382 14621 14395 14566 14197 14428 14369 14230 14261 14142 14136 14254 14237 14266 14327 14134 13963 14145 14237 14252 13832 14164 13881 14034 13919 14168 13790 14084 13841 13715 13755 13563 13708 13653 13519 13502 13728 13767 13821 13620 13543 13753 13588 13468 13614 13506 13415 13421 13752 13603 13392 13682 13464 13451 13494 13419 13293 13519 13673 13475 13562 13196 13365 13429 13310 13563 13470 13721 13700 13493 13408 13264 13425 13667 13545 13390 13597 13307 13535 13788 13705 13670 13806 13714 13679 13935 13928 13772 13710 13723 13834 13946 13935 13927 13885 13928 13982 13942 13961 13968 14121 14153 14020 14080 13977 14304 14194 14175 14356 14210 14211 14374 14391 14466 14461 14448 14503 14228 14186 14348 14404 14461 14729 14449 14605 14807 14852 14736 14692 14695 14447 14727 14985 14897 14722 14927 14914 14899 14794 14894 15003 14877 15072 14791 14794 14883 14752 14900 14896 
15422 15502 15449 15288 15348 15200 15386 15402 15296 15141 15453 15425 15176 15313 15135 15199 15184 15425 15067 15281 14944 15172 15283 14944 14981 15031 14711 15006 14847 14933 14711 14619 14835 14965 14830 15064 14799 14622 14717 14852 14621 14510 14868 14606 14528 14710 14497 14509 14381 14475 14546 14561 14373 14188 14302 14355 14404 14320 14301 14397 14384 14258 14195 14153 14269 14163 14259 14311 14159 14171 13990 14204 13999 14009 13924 14038 14013 13900 14112 14046 13967 14044 13864 13862 13951 13987 14005 14113 14028 13829 14075 14076 13809 13832 13919 13766 13808 13886 13782 14037 13977 13752 13998 13928 14009 13826 14070 14202 14063 14077 14244 13948 14554 14006 14104 13800 14285 14370 14010 14213 14358 14240 14203 14327 14304 14329 14398 14425 14554 14518 14458 14527 14645 14377 14526 14673 14469 14690 14669 14587 14861 14843 14652 14687 14913 14715 14651 14800 15019 14952 14975 14999 14863 15127 14793 15001 15075 15247 14966 15110 15130 15245 15341 15409 15367 15177 15151 15321 15314 15354 15267 15488 15312 15247 15418 15473 15283 15139 15070 15389 
15887 16016 15889 15497 15879 15751 15881 15766 15570 16001 15626 15640 15539 15634 15865 15735 15592 15672 15506 15523 15515 15588 15429 15444 15647 15301 15336 15269 15386 15206 15377 15054 15334 15238 15494 15133 15207 15295 15136 15260 15037 15102 15278 15030 14965 14918 14977 15005 15115 14942 14713 14939 14834 14943 14818 14708 14731 14725 14821 14789 14446 14753 14640 14533 14693 14408 14629 14368 14581 14341 14486 14418 14469 14377 14359 14239 14400 14373 14402 14165 14261 14349 14395 14450 14517 14193 14263 14392 14423 14532 14325 14249 14302 14247 14326 14258 14507 14295 14453 14522 14243 14400 14471 14455 14324 14416 14363 14301 14541 14343 14596 14424 14543 14587 14887 14427 14404 14630 14625 14581 14641 14820 14750 14885 14811 14687 14684 14940 14798 14868 15050 15169 14956 15058 15142 14960 15168 15011 15213 15265 15309 15128 15216 15059 15177 15380 15271 15321 15313 15387 15418 15696 15514 15397 15641 15416 15529 15416 15560 15615 15481 15567 15429 15448 15620 15410 15587 15682 15812 15555 15799 15771 16031 15829 15679 15827 15683 15834 16000 15965 
16223 16253 16345 16193 16227 16016 16002 15964 16170 16216 16456 16074 16007 16240 16097 16261 16077 16130 15866 15925 16225 15746 15739 15937 16098 15787 15904 15754 15821 15879 15767 15617 15882 15781 15685 15575 15596 15648 15674 15655 15708 15339 15647 15588 15380 15432 15474 15191 15110 15320 15468 15452 15332 15148 15293 15107 15154 15002 15134 15068 15202 15245 15036 15083 15144 15172 15213 15007 14764 14974 15000 14949 14738 14797 14831 14763 14730 15032 14785 14650 14929 14713 14887 14773 14605 14751 14900 14946 14689 14954 14813 14718 14783 14907 14786 14708 14842 14572 14771 14917 14576 14818 14784 14810 14733 14729 14891 14799 14816 14916 14908 15025 15002 14903 14746 14917 15129 15091 14990 14980 15175 15123 15095 15066 15311 15291 15394 15065 15369 15253 15480 15472 15422 15388 15521 15402 15607 15242 15597 15276 15578 15941 15561 15420 15652 15789 15685 15932 15587 15778 15723 15956 15747 15748 15743 15937 15740 15852 15608 15897 15947 16141 15992 16184 16025 16204 16242 16053 16249 16090 15943 16149 16091 16144 16209 16259 16346 16373 16318 16359 
16792 16578 16601 16594 16687 16515 16543 16661 16187 16720 16667 16481 16497 16614 16513 16500 16460 16360 16405 16167 16468 16314 16468 16163 16136 16361 16243 16367 16142 16039 16276 16151 16221 16153 15900 15957 15909 16056 15947 15913 15792 16065 15939 15837 15818 15830 15861 15917 15657 15803 15511 15641 15609 15504 15491 15595 15424 15555 15545 15672 15390 15436 15477 15616 15313 15364 15393 15557 15299 15245 15309 15406 15360 15223 15314 15274 15090 15317 15262 15022 15284 15034 15058 15093 15135 15081 15032 15222 15129 15179 15114 15052 15152 14858 15279 15113 15304 15425 15188 15358 15059 15314 15120 15278 15331 15513 15230 15206 15279 15386 15123 15237 15434 15392 15269 15391 15391 15295 15638 15206 15542 15639 15358 15563 15594 15731 15661 15610 15684 15926 15623 15781 15651 15709 15924 15745 15852 15954 15957 16145 15878 15816 15974 15844 16003 16009 16043 16308 15946 16184 16249 16106 16305 16481 16364 16258 16545 16237 16255 16150 16318 16329 16471 16424 16597 16472 16648 16444 16801 16407 16598 16773 16675 16444 16499 16879 16728 16658 16695 16628 
17012 16937 16974 17033 17030 16868 16845 16885 16943 17013 16987 17011 16636 16910 16858 16945 16782 16730 16700 16625 16570 16693 16671 16661 16528 16646 16568 16457 16421 16385 16403 16441 16591 16489 16587 16318 16149 16289 16353 16391 16301 16351 16198 16273 16217 16118 16180 16272 16300 16212 16139 16090 16018 15965 16107 15835 15857 15824 15813 15940 15661 15525 15778 15844 15780 15651 15754 15642 15403 15584 15550 15581 15625 15709 15481 15470 15461 15404 15552 15603 15261 15347 15480 15378 15301 15414 15504 15452 15570 15542 15542 15240 15424 15333 15207 15375 15598 15587 15766 15588 15477 15390 15647 15672 15468 15538 15615 15594 15571 15465 15615 15462 15639 15850 15662 15590 15868 15906 15900 15680 15807 15932 15775 15786 16108 16037 15864 15839 16059 15901 16120 16086 16083 16129 16078 16371 16435 16543 16133 16052 16410 16313 16114 16447 16505 16391 16359 16220 16281 16227 16590 16760 16699 16456 16645 16826 16700 16709 16496 16434 16616 16562 16713 16618 17107 16662 16780 16905 17011 16827 16801 17033 16825 16959 16981 17152 17021 16833 17076 16997 
17467 17224 17389 17375 17459 17485 16994 17042 17137 17538 17405 17227 17447 17047 16878 16884 16971 17010 17109 16896 16944 16780 16678 16847 16973 16581 17050 16878 16894 16803 16688 16750 16806 16688 16613 16919 16539 16758 16632 16595 16683 16547 16618 16320 16501 16506 16371 16604 16202 16268 16259 16106 16401 16216 15950 16081 16315 16063 16372 16161 16194 16163 16101 15906 16040 16078 16093 16046 16050 15969 16092 15754 15524 16192 15879 15546 15861 15666 15701 15710 15835 16010 16197 15781 15974 15801 15602 15641 16117 15788 15876 15691 15776 15836 15685 15693 15696 15676 15892 15870 15944 15841 16005 15761 15909 15991 15702 15948 16012 16163 15887 15718 16007 15994 15986 16137 15963 16057 16168 16232 16031 16245 16277 16059 16553 16222 16315 16206 16432 16625 16446 16296 16255 16438 16655 16641 16542 16420 16327 16695 16550 16427 16572 16631 16746 16775 16836 17083 16753 16663 16782 16750 16823 16905 16839 16972 17080 17090 17218 17069 17079 17123 17091 17116 17228 17142 17171 17232 17237 17393 17281 17120 17372 17403 17269 17132 17204 17229 17196 17302 
17526 17408 17710 17548 17607 17682 17682 17521 17467 17539 17617 17672 17529 17699 17517 17412 17369 17537 17338 17270 17307 17253 17301 17324 17169 17147 17248 17279 17074 17034 17100 17001 17125 17181 17023 17038 17114 17144 17168 16858 16846 16654 16604 16744 16830 16725 16679 16642 16681 16646 16580 16534 16578 16721 16477 16641 16528 16720 16374 16630 16413 16396 16542 16447 16299 16510 16213 16242 16323 16195 16141 16216 15885 16111 16103 16045 16222 16073 16082 16050 16171 16189 16016 16167 16035 15934 15774 16089 16030 16197 16003 16186 16102 15966 16240 15973 16080 16180 16094 16123 15997 16086 16093 16160 16179 16209 16284 16158 16263 16239 16129 16218 16317 16399 16450 16318 16445 16293 16766 16299 16482 16622 16345 16611 16821 16373 16662 16644 16729 16605 16633 16617 16948 16632 16629 16929 16893 16944 16936 17051 16884 17091 16890 16835 17085 17169 17032 17209 17188 17103 17077 17351 17174 17409 17128 17072 17252 17026 17430 17376 17376 17432 17270 17568 17258 17338 17589 17555 17340 17644 17680 17492 17798 17840 17485 17832 17349 17388 17686 17797 
17978 17813 17727 18046 17888 17764 17903 18107 17952 17793 17831 17856 17961 17805 17549 17737 17946 17637 17797 17492 17836 17726 17698 17560 17176 17555 17322 17436 17386 17557 17641 17356 17432 17521 17244 17232 17552 17125 17287 17249 17422 16918 17295 17125 17004 17087 17154 17110 16813 16755 17171 16946 16819 16833 16782 16777 16862 17057 16739 16725 16720 16667 16520 16823 16658 16526 16545 16392 16367 16467 16604 16294 16642 16572 16520 16589 16229 16279 16311 16397 16209 16377 16393 16283 16213 16326 16308 16206 16024 16545 16721 16239 16481 16247 16558 16403 16470 16379 16037 16446 16578 16249 16378 16456 16369 16507 16480 16392 16260 16378 16378 16681 16438 16510 16441 16687 16667 16619 16873 16509 16745 16618 16796 16808 16612 17092 16959 16934 16825 16947 17005 17263 17017 17278 16844 17151 17151 17109 16995 17126 17188 17216 17258 17045 17129 17245 17688 17354 17628 17548 17296 17513 17470 17592 17586 17893 17518 17514 17480 17449 17745 17616 17777 17723 17829 17923 17767 17760 17915 17814 17638 18049 18103 17698 17960 17797 17766 18038 17987 17816 
18584 18174 18072 18201 18251 18203 18244 18310 18514 17598 18254 17967 17914 17868 18184 17878 17956 18091 18004 17653 18021 17865 17825 17803 17922 17915 17705 17343 17943 17589 17551 17617 17481 17515 17654 17569 17520 17534 17334 17501 17630 17232 17298 17472 17184 17428 17393 17014 17310 17183 17190 16979 16948 17130 17411 17131 17097 16976 16801 16826 16896 16826 16671 16945 16878 16925 16714 16719 16721 16778 16713 16881 16759 16575 16633 16852 16832 16538 16565 16682 16527 16511 16809 16663 16748 16645 16792 16729 16477 16564 16650 16750 16610 16398 16748 16743 16871 16448 16578 16817 16838 16838 16962 16460 16580 16876 16587 16811 16904 16804 16922 16895 16773 17040 16786 16659 16916 16819 16668 16843 16958 16828 16967 16841 17088 17198 16962 17053 17135 16987 16994 17192 17041 17100 17429 17191 17463 17205 17318 17255 17489 17520 17866 17300 17476 17782 17363 17645 17488 17658 17537 17566 17760 17803 17703 17638 17795 17889 17736 17981 17939 18030 18004 18035 18219 17875 18110 17960 18014 17870 18187 18266 18022 18057 17979 18087 17917 18236 18168 18218 
18460 18550 18470 18452 18332 18409 18191 18477 18266 18328 18376 18251 18081 18427 18130 18172 18185 18220 17837 18089 18414 17810 17969 18091 18109 17971 17840 17928 17815 17839 17829 17645 17754 17827 17818 17747 17776 17648 17669 17738 17638 17447 17553 17619 17368 17762 17505 17556 17501 17313 17495 17378 17300 17432 17435 17640 17358 17255 17231 17293 17175 17041 17000 17310 17010 16850 16839 17141 17008 16830 16921 16928 17058 17041 16970 16973 16907 16686 16948 17010 16713 16583 16739 16875 16584 16783 16749 16747 16687 16760 16893 16588 16794 16904 16898 16958 16746 16726 16939 16828 16891 16867 16870 16945 16882 17004 17029 16874 17059 17198 16940 16911 17086 17194 16983 17218 17200 17312 17135 17312 17236 17359 17069 17155 17339 17336 17307 17192 17234 17282 17499 17446 17493 17399 17663 17515 17469 17379 17649 17873 17614 17494 17525 17666 17693 17786 17745 17900 17877 17748 18019 17718 17923 17941 17960 18060 17747 17928 18255 17952 18108 18195 17967 18197 18262 18247 18205 18223 18249 18302 18531 18254 18508 18300 18351 18544 18074 18349 18410 18304 
18554 18616 18582 18538 18757 18606 18556 18464 18524 18632 18539 18348 18286 18478 18418 18391 18292 18388 18397 18348 18172 17983 18304 18128 17991 18506 18421 17998 18226 18084 18058 17872 17884 17846 17949 17863 18037 17935 17955 17731 17894 17768 17764 17387 17656 17715 17460 17601 17693 17764 17426 17617 17564 17476 17509 17560 17490 17456 17671 17574 17330 17284 17261 17328 17346 17171 17283 17170 17310 17272 17281 17206 17221 17036 16944 16809 16776 17093 17121 16892 16982 16998 17033 17012 17078 17025 16714 16731 16931 17130 16997 16965 17060 16956 16822 17068 17075 17019 17002 17268 16795 16839 16963 16943 17051 17059 16910 17166 17211 17175 16955 17260 17256 17178 17226 17107 17331 17264 17150 17270 17414 17280 17380 17640 17098 17747 17427 17585 17860 17835 17594 17668 17650 17602 17729 17982 17682 17821 17690 17510 18041 17848 18007 17782 18027 18000 18042 18061 17843 17962 17912 17994 18047 18335 18107 18125 18266 17981 18231 18140 18339 18078 18258 18214 18281 18242 18300 18265 18551 18546 18261 18419 18442 18698 18528 18554 18599 18330 18487 18567 
18675 18916 18661 18635 18586 18798 18817 18771 18519 18443 18566 18556 18751 18721 18692 18712 18693 18477 18504 18588 18356 18238 18408 18436 18259 18337 18309 18271 17974 18146 18246 18360 18336 18120 18147 17902 18080 17994 18022 17994 17802 17843 18041 17750 17953 17693 17939 17841 17749 18050 17762 17897 17776 17827 17828 17780 17629 17671 17552 17642 17411 17557 17381 17384 17245 17645 17340 17075 17343 17260 17178 17415 17438 17413 17163 17099 17222 17271 17372 17029 17090 17073 17208 17233 17112 17069 16860 17243 16999 17228 17291 17093 17174 17296 17323 17082 17227 16931 17137 17266 17344 17159 17139 17360 17042 17210 17217 17265 17209 17415 17664 17383 17136 17181 17441 17277 17590 17304 17248 17541 17583 17306 17605 17578 17675 17732 17730 17607 17724 17843 17572 17675 17811 17766 18138 17822 17876 17801 17954 18347 18048 18200 17969 18153 18049 17933 18181 18132 18134 18162 18370 18290 18079 18563 18365 18418 18110 18324 18613 18474 18474 18740 18639 18527 18475 18440 18336 18532 18808 18582 18549 18607 18905 18381 18700 18718 18465 18625 18657 18716 
18686 19010 18811 18970 18803 18874 18653 18953 18743 19042 18803 18961 18624 18797 18681 18905 18595 18392 18893 18648 18665 18384 18528 18788 18659 18316 18115 18553 18371 18648 18513 18356 18300 18258 18371 18075 18320 18177 18271 18132 18020 18175 18302 18166 18028 18055 17986 17842 18162 18013 17968 17685 18045 18008 17847 17846 17588 17775 17691 17847 17664 17398 17556 17625 17621 17690 17518 17337 17504 17508 17569 17389 17105 17352 17336 17496 17654 17245 17332 17060 17315 17326 17296 17345 17496 17262 17501 17338 17084 17202 17343 17114 17221 17246 17336 17225 17476 17309 17617 17179 17144 17175 17131 17381 17255 17491 17386 17216 17548 17585 17532 17438 17596 17702 17298 17520 17517 17554 17635 17509 17788 17692 17838 17652 17807 17825 17788 17836 17874 17962 17683 18161 17756 17924 18136 18129 18151 18215 18239 18131 18158 18043 18197 18105 18319 18240 18289 18519 18308 18469 18320 18457 18149 18448 18532 18538 18535 18515 18661 18789 18486 18624 18597 18928 18648 18528 18641 18416 18763 18860 18825 18714 19144 18877 18751 18567 18654 19025 18715 18702 
18987 19228 19110 18967 18982 18899 19059 18907 18857 18973 19065 19097 18805 18996 18761 18892 18686 18986 18796 18539 18731 18522 18688 18486 18526 18447 18524 18582 18385 18496 18718 18419 18290 18625 18468 18334 18553 18288 18045 18213 18196 18334 18090 18033 18254 18175 18210 17965 17977 18165 18039 18004 18029 17808 17860 17763 17844 17728 18012 17731 17934 17605 17742 17602 17757 17975 17674 17697 17490 17661 17757 17463 17517 17352 17549 17419 17436 17336 17387 17327 17393 17468 17137 17517 17479 17241 17541 17393 17347 17245 17286 17408 17666 17493 17505 17509 17339 17484 17474 17346 17627 17523 17520 17185 17455 17683 17601 17513 17539 17456 17657 17559 17524 17453 17665 17563 17654 17563 17894 17610 17753 18066 17937 17918 17783 18061 17762 18053 17807 18002 18167 17987 18126 18286 18140 18113 18048 18160 18332 18240 18209 18596 18462 18326 18603 18125 18408 18561 18526 18408 18394 18447 18160 18474 18249 18747 18597 18650 18821 18651 18852 18749 18666 18706 18618 18837 18676 18740 18997 19089 18742 18928 18670 19114 18941 18934 18996 19076 18936 18836 
19253 18830 18955 18887 19143 19132 19038 18928 19091 19053 18914 18843 18994 19085 18858 18757 18956 18891 18956 18732 18899 18939 18764 18613 18696 18771 18659 18794 18631 18401 18599 18563 18518 18465 18486 18236 18330 18325 18275 18143 18219 18322 18330 18205 18338 18244 18214 18325 18038 18004 18366 18028 18072 17793 18187 17629 17879 17780 17838 17883 17693 17522 17780 17587 17558 18049 17830 17448 17420 17532 17770 17792 17697 17780 17455 17593 17595 17639 17429 17352 17706 17609 17516 17263 17430 17549 17627 17375 17388 17417 17414 17435 17244 17477 17458 17493 17514 17454 17509 17660 17783 17360 17619 17539 17445 17514 17560 17518 17650 17714 17699 17743 17466 17970 17549 17489 17732 17847 17652 18017 17862 18174 18049 17913 17783 18249 17981 18261 18261 17954 18156 18171 18188 17827 18167 18375 18181 18405 18267 18192 18327 18332 18063 18303 18701 18196 18310 18445 18550 18701 18471 18531 18879 18691 18769 18777 18664 18661 18246 18755 18790 18727 18849 18955 18608 18574 18837 18873 19180 18934 19165 18951 18956 19009 18914 18879 18982 19003 19185 18957 
19097 19108 19005 19249 18889 19011 19260 19043 18838 19337 18984 19133 18967 19039 18886 18799 19016 18917 18910 18850 18611 18899 18955 18465 18807 18671 18741 18679 18651 18467 18757 18445 18408 18768 18598 18497 18351 18114 18310 18324 18605 18438 18571 18279 18500 17973 18164 18172 18420 18275 18072 18214 18268 18284 17859 17825 17836 18057 18063 17864 17924 17898 17711 17789 18048 18000 17763 17518 17738 17832 17532 17529 17491 17713 17666 17660 17566 17637 17611 17246 17503 17703 17544 17723 17752 17511 17115 17268 17277 97935860 97919145 17564 17462 17350 17411 17341 17486 17523 17420 17395 17578 17391 17481 17405 17471 17648 17672 17548 17411 17571 17769 17712 17840 17568 17870 17606 17759 17916 17881 17838 17883 17829 17985 17765 17881 18041 18223 18053 17946 17881 18066 17853 18148 18139 18416 18167 18285 18494 18442 18277 18496 18397 18638 18389 18636 18482 18645 18821 18705 18335 18603 18875 18763 18712 18621 18706 18733 18648 18671 18756 18687 18877 18866 18922 18790 18890 19111 18928 19088 19096 18978 19207 19344 19085 19201 19120 19225 19251 19286 19112 
19085 18896 19021 19109 19229 19126 18885 19185 19022 19034 18861 18955 19070 18658 18942 19127 18783 19012 19173 18906 18755 18776 18805 18895 18540 18805 18669 18709 18559 18522 18457 18566 18684 18726 18639 18419 18726 18289 18060 18316 18273 18249 18387 18219 18385 18292 18396 18076 18122 17909 18139 18257 18215 18018 18013 18019 17982 18132 17981 17879 17953 17792 17741 17690 17808 17612 17589 17734 17762 17589 17575 17461 17288 17544 17602 17484 17779 17800 17552 17493 17720 17445 17381 17670 17498 17350 17419 17443 17505 220025796 220024677 17205 17505 17318 17650 17428 17654 17364 17382 17559 17869 17750 17626 17707 17640 17712 17571 17849 17814 17685 17640 17671 17786 17928 17806 17858 17893 17852 17853 17793 17752 17949 17990 17904 18060 17818 18040 18017 18346 18111 18044 18170 18192 18383 18469 18227 17978 18427 18379 18329 18363 18439 18530 18348 18463 18355 18300 18609 18582 18457 18424 18628 18575 18797 18556 18805 18481 18861 18905 18822 18693 19060 18892 19091 19024 18955 19084 19047 19095 18997 19251 18929 19470 19057 19072 19235 19218 19332 19085 19008 
19209 19136 19278 19147 19240 18973 19043 19213 19019 18822 19045 19139 19213 18989 19157 19043 18871 18762 18958 18861 18710 18745 18713 18814 18720 18454 18619 18608 18932 18723 18628 18297 18497 18329 18307 18617 18537 18350 18355 18310 18198 18462 18294 18374 18257 18183 18147 18117 18284 18165 18236 18467 18084 17832 18164 18117 18317 17990 17918 17630 18035 17916 17675 17809 17824 17669 17759 17609 17672 17693 17479 17644 17523 17679 17527 17800 17502 17651 17591 17591 17707 17787 17553 17605 17458 17587 17661 17475 17543 97954182 97942864 17411 17441 17609 17273 17432 17350 17461 17456 17526 17763 17443 17644 17761 17529 17630 17644 17793 17492 17453 17427 17674 17669 17826 17704 17706 17723 18028 17813 17817 18038 17899 17949 17886 17833 18100 18044 17936 18070 18113 18314 18162 18478 18251 18071 18181 18170 18253 18188 18425 18348 18389 18465 18457 18332 18439 18669 18497 18499 18741 18747 18548 18432 18420 18657 18366 18728 18676 18803 18789 18711 18913 18886 18847 18725 18898 19025 19036 19040 19042 19111 19059 19074 19070 19062 19015 18845 19142 18915 19192 
19069 19290 19144 18952 18990 19001 18749 19131 18983 19080 19018 19016 19006 19200 18816 19094 18747 18947 18699 18733 18877 18620 18689 18540 18543 18880 18356 18614 18511 18458 18726 18399 18440 18425 18668 18642 18273 18115 18225 18497 18264 18278 18094 18444 18272 18238 18046 18135 18175 18240 18009 17914 17958 18104 18006 18100 17763 17952 17910 17649 17975 17812 17822 17772 17796 17970 17686 17581 17819 17655 17597 17487 17696 17606 17486 17379 17468 17319 17514 17511 17560 17509 17439 17487 17293 17428 17667 17407 17305 17347 17378 17468 17373 17572 17365 17591 17637 17394 17706 17311 17605 17407 17685 17720 17517 17578 17592 17641 17717 17751 17457 17370 17903 17719 17613 17692 17713 17852 17729 17846 17931 17871 17859 17602 18017 18126 17973 18064 18082 18146 18015 18109 18135 17924 18016 18243 18128 18263 18211 18298 18179 18254 18462 18392 18086 18416 18490 18217 18470 18531 18685 18693 18432 18696 19024 18837 18523 18511 18572 18985 18861 18646 18705 18820 18965 18723 18872 18989 18902 19051 18880 19004 18985 19162 18995 18922 19021 19118 19187 19071 
19140 18780 18745 19145 18911 19177 19060 18965 19028 18832 19072 18748 18764 18849 18933 18786 18621 18691 18999 18648 18724 18723 18737 18539 18608 18400 18634 18720 18683 18575 18307 18023 18459 18416 18603 18348 18305 18214 17966 18196 18187 18112 18191 18353 18239 18375 18404 18251 17853 18242 17856 17819 17901 17963 18073 17629 17821 17836 17874 17868 17481 17846 17717 17622 17661 17716 17706 17586 17805 17396 17799 17614 17403 17454 17422 17278 17554 17683 17350 17414 17355 17493 17105 17418 17339 17448 17272 17518 17209 17284 17050 17081 17482 17369 17306 17403 17326 17291 17343 17404 17468 17456 17244 17622 17166 17228 17470 17690 17824 17532 17544 17508 17755 17636 17746 17676 17591 17891 17587 17834 17626 17813 17947 17915 17789 18252 17951 18074 17843 18158 18068 18177 18060 18207 18168 18131 18130 17902 18362 18401 18249 18283 18533 18443 18436 18621 18355 18550 18437 18448 18481 18792 18408 18643 18546 18748 18766 18483 18644 18393 18672 18921 18625 18743 18746 18843 18655 18846 18923 18728 19080 18839 18773 18764 18890 18774 19261 18655 19134 18801 
18763 19008 18724 18913 18973 18983 18792 18839 18639 18966 18723 18828 18705 18879 18612 18657 18391 18354 18680 18573 18606 18347 18419 18374 18664 18314 18278 18381 18477 18398 18476 18336 18334 18027 18318 18254 18080 18112 18321 18015 18229 18144 18014 18177 18117 18045 18053 17869 18013 18001 17948 17853 17952 17741 17698 17844 17657 17706 17804 17556 17703 17647 17679 17352 17529 17595 17658 17540 17540 17422 17417 17238 17352 17668 17499 17372 17412 17394 16948 17252 17189 17238 17390 17278 17342 17315 17218 17387 17057 17256 17400 17197 17374 17134 17151 17209 17281 17506 17410 17232 17400 17330 17247 17593 17278 17275 17348 17122 17428 17407 17442 17235 17624 17399 17747 17807 17644 17530 17590 17654 17575 17617 17703 17842 17951 17913 17592 17976 18026 17966 17983 18058 17699 18102 17874 18070 18088 18000 18054 18112 18122 18229 17987 18250 18423 18220 18513 18200 18221 18332 18458 18140 18644 18680 18475 18562 18594 18622 18477 18712 18515 18582 18614 18616 18776 18654 18723 18783 18649 18894 18562 18828 18806 18942 18748 18797 18771 19086 18855 18827 
18667 18968 18943 18486 18863 18561 18573 18518 18794 18872 18708 18568 18943 18637 18602 18544 18585 18615 18284 18489 18470 18426 18499 18249 18412 18289 18264 18097 18573 18239 17907 18341 18213 18190 18193 18246 18002 18376 18135 17917 17900 17786 18028 18017 17796 17926 17728 17910 17894 17705 17631 17704 17889 17958 17572 17535 17692 17600 17571 17537 17561 17480 17333 17333 17507 17390 17154 17324 17346 17353 17186 17377 17294 17065 17404 17204 17245 17213 17335 17093 17177 17242 17034 17171 16999 17274 16962 17238 17253 17244 17151 17048 16916 16832 17192 17347 17348 17170 17250 17009 17302 17179 17346 17175 17269 17326 17119 17490 17498 17114 17379 17445 17410 17332 17314 17408 17515 17444 17603 17505 17419 17608 17760 17560 17587 17659 17706 17457 17991 17705 17900 17721 17866 17969 17934 17697 17842 17830 17782 18067 18147 17881 18123 18075 18249 17935 17987 18354 18397 18257 18297 18093 18203 18445 18347 18270 18319 18413 18654 18485 18343 18600 18750 18520 18468 18443 18653 18777 18709 18564 18512 18427 18676 18661 18710 18685 18738 18783 18593 18870 
18525 18524 18644 18427 18625 18787 18433 18507 18595 18531 18645 18318 18273 18334 18390 18353 18223 18171 18564 18248 18293 18047 17908 18252 18106 17898 18100 18310 17919 18200 17714 18051 18023 18105 17676 17884 17889 17741 17915 17774 17988 18228 17879 17598 17606 17868 17769 17752 17843 17753 17575 17629 17790 17540 17658 17637 17524 17334 17421 17419 17423 17413 17428 17456 17460 17453 17075 17125 17153 17031 17186 17216 17130 17100 17095 17216 16907 17146 17032 17192 17009 17188 17132 16897 17041 16821 17111 17205 16997 16848 16867 16944 16873 17015 17072 16976 17219 16986 16948 17243 17060 17333 17154 16894 17229 17086 17277 16893 17363 17095 17179 17200 17457 17168 17234 17266 17423 17240 17499 17439 17275 17380 17342 17662 17608 17492 17636 17644 17722 18044 17563 17476 17506 17731 17706 17691 17816 17944 17912 18155 18104 17846 18252 18032 17886 18045 18057 18081 17949 18031 18059 18163 18167 17984 18121 18215 18258 18265 18181 18336 18362 18442 18173 18447 18223 18514 18767 18624 18637 18458 18411 18598 18533 18858 18279 18825 18619 18424 18565 18529 
18551 18418 18332 18505 18573 18285 18467 18316 18391 18387 18470 18354 18597 18281 18206 18302 18130 18299 18083 18020 18036 17707 18088 18005 18039 17840 17884 18186 17880 17860 17899 17861 17924 17677 17590 17723 17956 17489 17602 17758 17719 17501 17825 17655 17539 17645 17652 17479 17271 17484 17507 17377 17242 17533 17402 17460 17339 17268 17019 17077 17278 16845 17231 17018 16903 17288 17021 17231 17021 16827 17001 17054 17128 16649 16953 16814 16838 16718 16626 16959 16938 16908 16867 16675 16912 16950 16906 16700 16931 16776 16779 16721 16882 16674 16874 16894 16778 16907 16896 17008 16800 16692 17082 16809 16959 16991 16837 17182 16698 16952 16919 16925 17112 17046 16952 17080 16803 17123 17054 17034 17341 17110 17237 17384 17180 17364 17566 17442 17265 17432 17543 17511 17486 17261 17386 17401 17666 17521 17891 17854 17542 17749 17687 18057 17750 17540 17722 17504 17847 17820 18171 17879 17915 17967 18002 18213 18117 18114 18167 18116 17927 18204 18250 18322 18186 18089 18320 18361 18375 18347 18281 18272 18094 18445 18431 18526 18440 18320 18329 18300 
18168 18162 18035 18145 17975 17782 18308 18199 17901 18191 18267 17950 18067 18022 18115 18042 17953 17800 17913 18047 17923 17593 18117 17813 17777 18123 17925 17710 17643 17884 17539 17565 17517 17277 17712 17342 17577 17403 17439 17461 17390 17412 17303 17164 17471 17137 17361 17201 17230 17197 17289 16986 17069 17134 17243 17232 17068 17131 16948 16938 16891 16674 16980 16804 17005 16684 16856 16687 16751 16723 16697 16647 16839 16671 16616 16746 16689 16477 16614 16647 16920 16724 16554 16591 16392 16442 16369 16825 16738 16530 16563 16521 16480 16435 16465 16857 16593 16666 16758 16690 16511 16744 16669 16978 16788 16787 16892 16784 16931 16612 16752 16725 16645 16832 16924 16622 16929 17007 16806 17093 16848 16954 17029 17160 17104 17073 17175 17181 17074 17243 17322 17044 17243 17193 17369 17167 17164 17273 17305 17503 17524 17509 17384 17521 17743 17632 17322 17513 17629 17663 17659 17669 17573 17693 17744 17669 17789 17654 17735 17701 17912 18039 17750 18050 17951 18190 18152 17993 18168 17975 17982 18069 18226 18223 18173 18192 18084 17918 18272 18422 
17827 17852 17919 17954 17845 18210 18034 17682 18144 17877 17675 17823 17619 17724 17648 17755 17569 17918 17594 17479 17524 17331 17445 17530 17458 17297 17323 17588 17587 17363 17645 17522 17529 17055 17340 17139 17352 17386 17325 17277 17307 17221 17130 17066 16981 17199 17129 17025 17220 16886 17092 17050 16732 16634 16663 16930 16760 17058 16766 16790 16816 16847 16718 16652 16826 16505 16558 16456 16487 16577 16483 16638 16385 16622 16419 16404 16495 16299 16025 16386 16639 16346 16216 16463 16152 16571 16414 16370 16318 16347 16626 16368 16374 16379 16390 16270 16403 16435 16378 16557 16332 16706 16434 16397 16452 16497 16636 16419 16398 16514 16317 16597 16606 16542 16680 16784 16429 16660 16803 16782 16803 16874 16632 16684 17069 16990 16888 16790 16866 17087 16902 16754 16878 16920 17073 17110 17240 17450 17255 17290 16830 17165 17351 17013 17461 17456 17116 17397 17284 17327 17362 17527 17520 17446 17388 17669 17405 17576 17433 17454 17742 17584 17583 17770 17712 17462 17949 17860 17819 17712 17921 18039 17731 17792 18211 18115 17872 18130 17964 18125 
17675 17674 17407 17592 17592 17558 17579 17570 17375 17708 17386 17498 17447 17368 17688 17440 17574 17418 17372 17234 17343 17147 17223 17527 17438 17259 17323 17186 16880 17217 17231 17327 16979 16843 16999 17136 16998 16935 17250 16858 16599 16841 16876 16973 16921 16863 17073 17054 16545 16793 16659 16561 16679 16524 16743 16804 16636 16525 16448 16370 16379 16583 16438 16367 16388 16435 16384 16175 16319 16315 16590 16194 16102 16403 16313 15994 16170 16037 16210 16113 15997 16332 16271 16173 16170 16139 16199 15880 15966 15883 16411 15861 16198 15986 16167 15935 15992 15956 16250 16020 16142 16289 16106 16341 16250 16121 16358 16492 16155 16329 16513 16274 16376 16114 16087 16270 16300 16354 16608 16400 16245 16478 16579 16496 16340 16500 16748 16643 16744 16568 16579 16772 16752 16507 16981 16895 16904 16932 16767 16797 16925 16912 16802 17138 17228 16975 16969 17079 16910 17027 17028 17249 17225 17075 17113 17321 17383 17360 17162 17172 17336 17367 17447 17572 17465 17586 17495 17466 17335 17438 17651 17741 17674 17755 17682 17809 17550 17592 17475 17414 
17453 17475 17244 17474 17558 17106 17366 17479 17206 17324 17182 17025 16996 17295 17387 17072 16941 17126 17068 17230 17193 16881 17027 16880 16928 17018 16819 16907 16961 16754 17009 16650 16595 16977 16674 16826 16752 16660 16780 16641 16746 16536 16715 16291 16480 16416 16272 16524 16346 16246 16590 16457 16524 16371 16442 16358 16339 16300 16001 16088 15942 16227 16120 16022 16020 16006 16080 16142 15752 16147 15740 15991 15989 15818 15942 16002 15915 15756 15750 15808 15777 15741 15714 15856 15654 15714 16004 15800 15792 15626 15687 15922 15577 15980 15697 15729 15515 15829 15747 15807 15925 15658 15941 15748 15771 15796 16002 15958 15707 16027 15997 15948 16143 16102 16148 15803 16036 16221 16255 16055 15960 16168 16144 16261 16417 16533 16317 16284 16278 16188 16374 16487 16535 16196 16582 16608 16560 16541 16627 16438 16819 16548 16553 16605 16429 16773 16575 16682 16751 16805 16610 17036 16995 16983 17108 16927 16989 17082 16897 16816 17101 17354 17311 17123 17090 17154 17175 17088 17279 17294 17068 17393 17237 17318 17378 17340 17332 17341 17361 17269 
16939 17160 16888 16799 17302 16932 16898 16849 17107 16879 16888 17179 16846 16839 16976 16571 16890 16772 16838 16583 16724 16647 16773 16839 16558 16523 16798 16753 16249 16672 16575 16465 16568 16574 16609 16437 16167 16474 16222 16121 16215 16136 16032 16341 16182 16410 15924 16410 15904 16125 15989 16132 16067 15995 15890 15480 15740 15800 15936 15797 15925 15896 16089 15465 15768 15707 15542 15783 15834 15375 15556 15485 15726 15659 15573 15430 15669 15318 15334 15601 15497 15524 15668 15390 15507 15491 15480 15474 15337 15361 15482 15378 15526 15409 15646 15515 15529 15517 15530 15616 15596 15484 15264 15350 15383 15629 15567 15632 15717 15730 15382 15733 15744 15595 15993 15965 15820 15882 15710 15697 15908 15718 15924 15795 15846 16089 15959 15990 15969 15803 16236 15949 16207 16167 16309 16230 16107 16137 16224 16305 16442 16304 16284 16291 16568 16449 16206 16266 16426 16521 16644 16701 16522 16853 16634 16636 16508 16505 16751 16671 16682 16672 16560 16687 17006 16795 16795 16871 16678 16904 17125 16909 16684 16908 17032 16985 16984 17307 16869 17291 
16787 16380 16574 16685 16726 16856 16578 16564 16499 16577 16389 16459 16719 16457 16322 16326 16359 16455 16276 16211 16214 16193 16412 16178 16200 16474 16229 16251 16088 16151 15996 16252 16428 16156 16007 16011 16028 15886 15936 15974 15711 15919 16024 15743 15963 15816 15800 15829 15596 15806 15473 15736 15672 15850 15722 15635 15579 15616 15393 15562 15504 15449 15485 15716 15532 15494 15231 15367 15408 15502 15126 15077 15523 15111 15273 15262 15139 14937 15061 14989 15117 15216 15009 15205 15043 15234 15193 15135 15055 15018 15301 15266 15035 14872 15215 15178 15217 15102 15101 14989 14935 15159 15474 15180 15129 15210 15174 15182 15052 15241 15414 15330 15483 15403 15487 15165 15222 15548 15356 15401 15394 15600 15466 15724 15467 15525 15642 15630 15446 15742 15600 15645 15695 15826 15787 15785 15665 15837 15872 15891 16098 15929 15793 16064 16070 16207 16199 16202 15860 16108 16039 16325 16032 16236 16181 15906 16314 16259 16467 16359 16306 16440 16320 16486 16438 16243 16412 16410 16499 16566 16611 16810 16433 16812 16433 16376 16669 16781 16236 16681 
16154 16556 16119 16356 16172 16134 16130 16192 16095 16176 16150 16101 16265 16197 16174 16140 15996 15965 15999 15974 15981 15685 15947 15932 15738 15782 15765 15677 15843 15832 15861 15499 15780 15515 15610 15604 15509 15616 15555 15498 15711 15394 15310 15255 15312 15615 15383 15458 15435 15375 15440 15246 15503 15187 14945 15256 14875 14940 15289 15336 15111 15195 15018 14874 15190 14986 14779 15007 14948 14671 14946 14731 14820 14877 14807 14828 14724 14664 14571 14940 14853 14590 14850 14789 14784 14778 14789 14734 14629 14546 14646 14755 14704 14736 14740 14740 14755 14898 14678 14726 14868 14763 14698 14785 14722 14937 14939 15033 14700 14723 14883 14988 14916 15016 15052 15045 15061 15030 14945 15128 14873 15394 15215 15226 15247 15120 15227 15537 15345 15251 15208 15381 15403 15385 15328 15433 15563 15571 15507 15351 15679 15403 15522 15586 15582 15718 15640 15629 15691 15822 15537 15688 16007 15878 15848 16134 15927 15932 15875 15895 15988 15874 16179 16198 15911 16021 16022 15856 16082 16132 16266 15898 16215 16087 16485 16443 16322 16170 16185 16358 
15903 15699 15812 15762 15922 15593 15698 15762 15919 15710 15699 15761 15467 15622 15589 15703 15720 15688 15660 15730 15732 15502 15495 15410 15452 15494 15521 15462 15256 15269 15300 15336 15039 15198 15177 15443 15066 15163 15294 15017 14996 15148 15168 15118 15159 15075 15030 15037 14847 15079 14825 14956 14560 14947 14861 15027 14870 14618 14735 14842 14389 14557 14561 14509 14584 14509 14559 14528 14387 14432 14538 14604 14510 14346 14359 14281 14131 14350 14243 14598 14438 14478 14462 14279 14143 14420 14275 14394 14478 14340 14420 14235 14290 14317 14373 14097 14103 14356 14558 14458 14185 14652 14300 14525 14436 14527 14496 14491 14592 14614 14349 14460 14458 14543 14708 14582 14600 15021 14669 14713 14521 14773 14674 14904 14918 15090 14928 14722 15156 14676 14989 15005 15103 15154 14969 15048 15217 15131 15117 15094 15028 15139 15416 15191 15320 15178 15254 15495 15253 15364 15432 15233 15474 15414 15367 15335 15440 15485 15567 15437 15355 15647 15781 15443 15545 15637 15626 15779 15654 15630 15799 15692 15826 15798 15924 15781 15837 15932 15927 15902 
15331 15416 15232 15436 15555 15215 15403 15333 15510 15263 15300 15571 15294 15132 15008 15150 15212 14985 15168 15261 15257 14887 15040 15030 15049 14814 15159 14995 14832 14926 14790 14870 14943 14890 14757 14673 14863 14819 14908 14867 14826 14551 14866 14556 14707 14760 14645 14741 14553 14725 14439 14502 14504 14276 14431 14678 14279 14419 14378 14164 14386 13978 14522 14056 14244 14335 14265 14147 14118 14162 14081 14187 14157 14093 14138 14055 13930 13898 13941 14035 14126 13909 13915 13890 13910 13829 13978 13944 13919 13957 13872 13894 14025 14070 14096 13925 13990 13844 13935 13944 13933 14038 13988 13988 14107 14099 14098 13816 14099 14188 14038 14135 14223 14044 14044 14269 14359 14248 14192 14182 14089 14435 14520 14195 14492 14322 14393 14509 14666 14582 14695 14477 14971 14560 14232 14666 14676 14693 14775 14607 14889 14758 14908 14866 14916 14928 14781 14804 14941 14898 14988 14965 14964 14835 14989 15104 15033 14886 14992 15105 15288 15179 15075 15082 15016 15427 15149 15144 15327 15321 15482 15346 15314 15406 15047 15402 15272 15254 15184 15169 
14787 15005 14913 15029 15044 14838 14883 14880 14912 14938 14743 14954 14816 14890 14884 14683 14848 14788 14779 14838 14624 14888 14820 14589 14606 14341 14623 14498 14502 14500 14114 14539 14491 14339 14370 14144 14312 14261 14448 14077 14422 13983 14134 14166 14185 14056 13905 14118 14041 14098 14175 14001 13875 13933 13938 13697 13757 13928 13658 13907 13793 13740 13679 13997 14033 13776 13756 13763 13745 13923 13237 13410 13733 13468 13637 13463 13589 13554 13793 13441 13517 13238 13635 13493 13273 13307 13620 13443 13271 13526 13312 13409 13434 13509 13352 13407 13466 13253 13500 13396 13344 13356 13624 13476 13822 13611 13487 13710 13550 13660 13701 13517 13593 13444 13663 13828 13845 13910 13838 13712 13826 13788 13737 14238 13882 14084 13961 13941 14099 14002 13940 14136 14014 13949 14484 14134 14315 14170 14329 14386 14298 14093 14360 14106 14500 14469 14428 14375 14363 14484 14479 14470 14730 14417 14527 14506 14620 14646 14669 14784 14658 14677 14769 14784 14618 14621 14739 14835 14893 14908 14796 14738 14891 15130 14962 14777 15013 14830 15006 14940 
14362 14466 14465 14471 14542 14256 14406 14311 14320 14408 14405 14491 14345 14342 14276 14367 14259 14215 14251 14236 14305 14176 14305 14160 14144 13880 14040 14088 13730 13774 13902 13851 13811 13976 13927 13859 13795 14071 13795 13709 13938 13594 13762 13983 13735 13820 13754 13645 13403 13566 13519 13338 13534 13508 13435 13418 13628 13122 13440 13586 13513 13234 13502 13496 13278 13106 13297 13386 13263 13369 13150 13143 13084 13043 13126 13296 12873 13075 13119 12999 13103 12996 13062 12909 12930 13023 12964 13010 12811 12883 13022 13044 13022 13063 13109 13101 12756 12968 13130 12981 13019 13000 12993 13034 13173 13182 13150 13289 13042 13140 13199 13071 13245 13145 13330 13310 13167 13026 13327 13267 13489 13271 13417 13503 13567 13676 13504 13506 13601 13650 13586 13551 13781 13743 13906 13677 13766 13637 13720 13780 13757 13853 13990 13876 13882 13736 13937 14066 13973 14089 13979 14020 14015 14086 14028 14052 14554 14216 14249 14131 14234 14163 14280 14391 14263 14336 14182 14316 14412 14284 14515 14294 14427 14630 14561 14542 14445 14498 14381 14261 
13705 14071 13930 13942 14253 13982 13854 13825 13885 13875 14099 13929 13736 13656 13807 13736 13844 13686 13773 13830 13783 13667 13594 13448 13588 13663 13741 13561 13358 13494 13489 13435 13370 13518 13500 13352 13209 13346 13423 13324 13332 13093 13286 13040 13071 13248 13248 13332 13075 13059 13000 12937 13006 12995 12988 12792 12849 12979 12743 12831 12802 12791 12768 12866 12632 12729 12878 12523 12664 12830 12834 12658 12643 12575 12744 12717 12392 12844 12484 12500 12554 12649 12614 12555 12605 12679 12602 12401 12229 12617 12595 12510 12512 12451 12453 12669 12479 12552 12537 12520 12506 12607 12632 12466 12521 12637 12613 12606 12560 12690 12726 12689 12550 12839 12643 12747 12945 12749 13035 12715 12955 12963 12888 12801 12919 13005 12789 13161 13151 13052 13092 13208 13133 13328 13026 13124 13299 13241 13353 13389 13336 13163 13302 13319 13354 13543 13363 13365 13419 13609 13320 13780 13752 13591 13722 13503 13736 13799 13614 13596 13810 13781 13685 13671 13574 13634 13960 13798 13894 13886 13980 14056 13808 14023 13880 13917 13819 14092 13905 13951 
13377 13504 13410 13479 13432 13217 13543 13193 13354 13270 13409 13456 13237 13386 13313 13377 13193 13253 12996 13229 13208 13135 13089 12786 13167 13029 13275 12959 13047 12866 12921 12676 12872 12832 13023 12833 12860 12828 12916 12662 12770 12757 12688 12827 12698 12847 12644 12556 12443 12494 12647 12805 12427 12263 12354 12498 12517 12407 12475 12334 12334 12228 12439 12168 12350 12212 12341 12161 12293 12033 12139 12122 12052 12298 12259 12108 11875 11962 11904 12079 12228 11995 12204 11880 12005 11969 11857 12008 11997 12110 12084 12068 11941 12039 11837 12175 11852 11809 12153 11981 12166 12395 12166 12066 12195 11953 12230 12110 12083 12083 12127 12310 12166 12097 12315 12034 12304 12317 12330 12437 12444 12383 12609 12428 12518 12281 12507 12554 12471 12354 12408 12674 12510 12911 12547 12603 12625 12746 12839 12849 12795 12869 12565 12866 12840 12672 12919 13222 13026 12925 12961 13109 12872 13149 13232 13085 13155 13281 12924 13099 13392 13274 13191 13232 13261 13232 13334 13246 13428 13370 13624 13194 13465 13278 13516 13406 13376 13589 13236 13498 
12772 12915 12879 13007 12941 12826 12928 12805 12729 12827 12753 12734 12738 12648 12835 12629 12500 12571 12672 12475 12441 12614 12502 12692 12410 12474 12564 12473 12491 12075 12322 12202 12674 12356 12359 12367 12385 12328 12212 12175 12282 12276 12126 12233 12230 12099 12001 12006 12262 12292 11877 12016 12005 12099 12121 11941 11937 11820 11892 11748 11652 11627 11845 11954 11709 11769 11652 11612 11693 11418 11669 11541 11581 11606 11479 11727 11492 11400 11560 11576 11759 11424 11509 11465 11489 11479 11507 11518 11652 11477 11552 11411 11530 11510 11552 11508 11532 11468 11464 11424 11744 11357 11407 11640 11375 11626 11686 11792 11665 11652 11596 11878 11636 11888 11823 11838 11827 11845 11635 11633 11738 11893 11912 11844 11784 11978 11962 12060 12045 12205 12137 12110 11985 12203 12217 12170 12125 12374 12185 12119 12096 12288 12157 12431 12347 12315 12450 12386 12464 12560 12388 12637 12514 12464 12486 12332 12463 12551 12606 12648 12811 12607 12585 12615 12699 12765 12672 12591 12849 12922 13104 12782 12812 13064 12858 12796 12924 12882 12942 13099 
12355 12263 12328 12325 12215 12207 12252 12276 12150 12188 12353 12308 12202 12074 12308 11997 12100 12093 12056 12105 12110 12026 11966 11955 12047 11919 12010 11820 11870 11834 11734 11950 11651 11832 11808 11544 11763 11674 11445 11691 11596 11603 11843 11422 11598 11776 11482 11458 11569 11478 11651 11456 11408 11243 11263 11378 11409 11346 11508 11050 11479 11370 11386 11185 11159 11132 11248 11308 11124 11373 11098 11062 11014 11029 11043 11219 11125 11045 10950 10872 11084 11119 11034 10910 11048 11042 10961 10835 10815 10939 10951 11030 10974 11225 10955 10906 10983 10967 11058 10963 10952 11039 10917 11058 11198 11173 10970 11244 11146 11181 11046 11196 11180 11162 11344 11121 10962 11268 11119 11072 11270 11379 11137 11446 11337 11361 11443 11405 11517 11574 11406 11660 11537 11445 11548 11710 11786 11609 11630 11648 11561 11809 11724 11824 11661 11871 11924 11925 11744 11919 11870 11917 11879 12084 12203 12155 11954 12139 11977 12088 11965 12160 11979 12360 12067 12128 11970 12152 12241 12246 12327 12225 12180 12242 12132 12167 12318 12131 12252 12438 
11778 11602 11750 11744 11821 11673 11528 11590 11830 11612 11680 11711 11816 11499 11591 11550 11520 11447 11510 11408 11621 11480 11544 11323 11645 11254 11335 11358 11365 11352 11453 11405 11006 11142 11207 11064 11128 11179 11195 11066 11033 10961 11080 11090 11198 11191 10696 11051 11012 11157 10816 10945 10761 10904 11000 10621 10746 10767 10568 10839 10747 10549 10639 10576 10590 10607 10790 10531 10588 10666 10529 10774 10518 10637 10487 10572 10291 10605 10573 10469 10545 10442 10382 10549 10427 10635 10431 10473 10564 10460 10311 10587 10536 10477 10329 10474 10281 10559 10412 10389 10458 10423 10400 10400 10529 10582 10546 10484 10612 10468 10614 10690 10719 10483 10568 10637 10691 10799 10738 10712 10820 10843 10738 10691 10957 10931 10930 10872 10923 10962 10925 11060 10850 10972 11147 11103 10968 11053 11057 11037 11084 11080 11131 11312 11231 11318 11204 11201 11286 11322 11295 11449 11314 11272 11424 11478 11412 11547 11553 11367 11558 11647 11569 11607 11539 11548 11605 11765 11691 11676 11653 11653 11722 11847 11879 11751 11747 11841 11828 11770 
11259 11043 11197 11276 11045 11297 11147 11114 10941 11200 11022 10851 11011 11031 10702 10835 10739 10892 11056 10865 10897 10792 10903 10747 10653 10768 10753 10794 10764 10797 10511 10774 10965 10576 10538 10570 10711 10571 10529 10715 10497 10550 10491 10415 10270 10354 10509 10434 10372 10539 10244 10434 10330 10250 10016 10242 10157 10165 10142 10126 10065 10016 9961 10089 10033 10071 10011 10141 9875 10266 10007 10008 10038 10130 10123 9997 9985 9905 9741 9844 10271 9793 9639 9771 9955 9746 9910 9851 9712 9844 9926 9665 9845 9748 9642 9994 9950 10017 9614 9967 9956 10131 10010 9905 9802 10120 9936 9871 10050 10009 9763 10019 10041 9892 10050 10098 10102 9975 10325 10253 10217 10161 10339 10318 10254 10303 10400 10332 10445 10393 10307 10398 10456 10632 10468 10424 10287 10555 10553 10655 10654 10622 10633 10593 10750 10736 10649 10528 10761 10650 10687 10712 10715 10593 10974 10818 10939 11010 11004 10843 10977 10907 11130 10853 11017 10947 11146 11049 11072 11158 11031 11027 11045 11254 10902 11199 11086 11038 11360 11018 
10733 10621 10626 10489 10425 10652 10490 10475 10614 10582 10440 10334 10460 10352 10450 10301 10682 10355 10289 10207 10343 10089 10315 10157 10199 10157 10358 10050 10127 10202 10079 10133 10190 9984 10103 10096 10004 10034 9900 10100 9736 9943 10076 9925 9916 9927 9913 9716 9906 9844 9854 9628 9742 9719 9787 9765 9526 9532 9570 9517 9448 9599 9481 9573 9625 9457 9450 9442 9476 9360 9404 9503 9266 9433 9403 9523 9273 9439 9341 9247 9416 9239 9156 9201 9351 9348 9400 9234 9184 9164 9285 9171 9209 9455 9034 9340 9267 9149 9262 9217 9316 9481 9440 9325 9237 9451 9453 9218 9518 9388 9400 9427 9524 9601 9522 9610 9488 9539 9737 9566 9554 9599 9722 9604 9621 9789 9582 9526 9721 9718 9846 9861 9997 9922 9798 9991 9807 9919 9991 9923 10042 10127 9908 9989 9920 10065 10023 9925 10192 10174 10189 10311 10248 10169 10438 10272 10436 9855 10305 10337 10134 10466 10254 10478 10431 10509 10454 10437 10320 10545 10347 10453 10327 10588 10464 10554 10664 10537 10381 10403 
9829 10073 9842 9863 10045 9913 9898 9687 9881 9862 9836 9884 9840 9721 9787 9812 9735 9847 9697 9617 9851 9742 9545 9573 9622 9452 9516 9776 9688 9457 9512 9431 9602 9399 9451 9299 9470 9419 9308 9503 9278 9313 9263 9416 9325 9317 9424 9186 9116 9349 9106 9192 9031 9178 9018 9099 9044 9022 9039 8965 8969 9166 8824 8980 9000 8870 8940 8764 8854 8838 9037 8838 8824 8822 8903 8736 8825 8616 8697 8748 8773 8666 8708 8705 8786 8616 8749 8856 8788 8788 8779 8814 8741 8535 8588 8783 8855 8803 8589 8662 8660 8865 8708 8893 8959 8670 8892 8711 8663 8874 8822 8764 8853 8979 8826 8987 8935 9036 9082 8978 9053 9104 9115 9026 8983 9053 9076 9057 9212 9258 9256 9231 9224 9230 9285 9174 9108 9299 9413 9296 9274 9453 9320 9520 9487 9406 9441 9377 9475 9479 9312 9791 9564 9633 9552 9632 9613 9668 9536 9716 9659 9619 9614 9742 9672 9831 9797 9895 9566 9684 9670 9772 9703 9966 9718 9667 9958 9919 9960 9791 
9485 9154 9090 9291 9360 9223 9242 9269 9152 9203 9139 9141 9119 9103 9071 9110 9042 8943 9210 8821 9061 9075 9035 9021 8949 9044 8833 8945 8791 8916 9046 9096 8887 8886 8884 8738 8784 8750 8593 8715 8715 8668 8665 8667 8692 8582 8697 8751 8469 8442 8522 8531 8660 8440 8506 8305 8321 8421 8147 8329 8295 8477 8275 8308 8258 8488 8300 8251 8314 8339 8060 8182 8325 8201 8345 8126 8267 8214 8223 8149 8165 8197 8049 8202 8085 8308 7975 8109 8025 7940 8103 8022 8135 8086 8054 8138 8092 8259 8195 8125 8074 8102 8089 8158 8190 8154 8212 8188 8296 8198 8190 8262 8250 8272 8273 8274 8306 8313 8303 8322 8276 8506 8571 8457 8567 8388 8379 8549 8489 8572 8682 8665 8736 8765 8454 8554 8562 8847 8662 8685 8762 8725 8831 8682 8747 8709 8788 8943 8904 8737 8943 8926 9181 9010 8899 9000 8841 9043 9112 9118 9001 9149 9169 9168 9244 9137 9164 9329 9125 9134 9234 9227 9255 9167 9331 9451 9286 9160 9292 9348 
8683 8504 8605 8576 8626 8555 8544 8492 8701 8598 8657 8508 8621 8576 8601 8455 8509 8475 8580 8524 8329 8291 8302 8261 8424 8349 8353 8322 8172 8086 8336 8331 8296 8238 8181 8130 8234 8239 8168 8026 8159 8166 8211 7998 8048 8153 8116 7818 8101 7993 7931 7877 7866 7849 7853 7949 7930 7791 7918 7708 7901 7749 7775 7872 7770 7562 7669 7654 7633 7752 7599 7649 7567 7511 7456 7615 7509 7674 7493 7575 7483 7557 7744 7500 7509 7520 7620 7516 7451 7496 7539 7489 7459 7679 7512 7582 7590 7741 7612 7646 7584 7726 7370 7478 7662 7473 7720 7617 7672 7776 7829 7881 7581 7586 7672 7621 7705 7858 7786 7750 7581 7783 7809 7910 7814 7922 7941 7874 7900 7933 7948 8073 8136 8008 8031 8115 8022 7943 7877 8083 8136 8214 8236 8043 8195 8207 8127 8192 8205 8040 8314 8347 8106 8360 8380 8327 8320 8395 8394 8409 8365 8576 8459 8434 8525 8458 8690 8470 8514 8715 8545 8591 8659 8637 8564 8728 8785 8614 8821 8738 
8047 8142 8038 8139 7988 7924 7880 7853 7798 7985 7998 7900 7953 7774 7817 7760 7864 7790 7966 7871 8008 7870 7853 7766 7769 7686 7845 7652 7507 7561 7498 7578 7616 7708 7494 7592 7488 7551 7623 7528 7420 7600 7452 7366 7452 7456 7426 7299 7536 7338 7440 7304 7264 7097 7250 7183 7280 7228 7242 7226 7184 7084 7169 7094 7148 7174 7069 7054 7059 7147 7082 7044 6915 6943 6956 7142 7005 6846 6858 6812 6851 6863 6980 6830 6889 6927 6983 7045 6881 7003 6847 6893 6823 6865 6861 7032 6992 7005 6945 6875 7013 6804 7051 7034 7031 7016 7064 7067 7032 6957 6954 6999 7234 7221 6995 7134 7189 7164 7184 7171 7048 7400 7296 7100 7371 7324 7283 7388 7397 7371 7407 7283 7305 7428 7463 7257 7433 7534 7622 7369 7536 7563 7478 7565 7532 7553 7477 7545 7540 7680 7729 7872 7635 7678 7914 7645 7670 7741 7904 7750 7755 7823 7859 7791 7870 7743 7927 7769 7876 7897 7883 7996 7947 7958 8037 7931 7958 7856 8140 7965 
7386 7310 7228 7388 7271 7283 7323 7383 7257 7257 7328 7205 7160 7276 7259 7209 7269 7093 7112 7103 7104 7101 7320 7127 7016 7130 7035 7150 7025 7120 7012 6977 6859 7182 7023 6945 6939 7028 6988 6812 6854 6914 6926 6673 6724 6946 6953 6699 6758 6707 6740 6750 6652 6697 6606 6638 6646 6586 6539 6613 6489 6538 6582 6632 6600 6579 6387 6458 6369 6411 6526 6447 6404 6334 6292 6418 6448 6219 6332 6386 6370 6436 6323 6300 6286 6339 6230 6355 6428 6374 6306 6427 6330 6293 6270 6290 6354 6319 6440 6447 6278 6428 6325 6447 6385 6331 6476 6472 6387 6370 6338 6519 6361 6445 6423 6480 6697 6560 6654 6559 6621 6470 6758 6727 6514 6566 6726 6791 6680 6630 6760 6797 6678 6820 6842 6852 6780 6849 6864 6775 6769 6827 6859 6945 6954 7062 7000 6961 6946 7045 6884 6914 6971 7134 7009 7095 7058 7022 7142 7205 7133 7260 7187 7178 7305 7267 7210 7096 7242 7379 7461 7356 7419 7193 7521 7384 7353 7321 7452 7209 
6598 6735 6682 6761 6791 6749 6549 6569 6673 6563 6674 6661 6614 6712 6698 6553 6561 6407 6519 6505 6536 6527 6632 6582 6397 6410 6531 6399 6311 6280 6319 6266 6398 6318 6320 6348 6369 6139 6225 6325 6166 6316 6445 6208 6098 6204 6077 6015 6198 6007 6152 6151 6114 6048 6040 6001 6156 6069 5921 6002 5950 5976 5810 6020 5817 5941 6086 5855 5822 5762 5867 5813 5876 5821 5884 5769 5901 5774 5789 5790 5742 5714 5791 5608 5804 5706 5723 5820 5734 5820 5594 5723 5657 5633 5722 5800 5747 5819 5788 5642 5671 5873 5806 5953 5723 5998 5778 5825 5872 5902 5886 5849 5942 5885 5875 6057 5995 6070 6010 6143 5864 6018 5921 6083 6217 5993 6162 6024 6071 6131 6174 6128 6168 6314 6133 6119 6234 6194 6107 6267 6162 6319 6213 6316 6359 6451 6359 6349 6342 6424 6465 6462 6421 6476 6554 6601 6466 6362 6599 6379 6512 6595 6561 6590 6460 6664 6523 6698 6525 6647 6777 6612 6651 6695 6697 6697 6616 6679 6656 6587 
6069 6021 6211 6014 6110 6089 6008 6040 5994 6119 5905 6086 5911 5958 5907 5907 6115 5888 6000 5837 5981 5846 5881 5844 5747 5821 5872 5724 5764 5735 5782 5696 5746 5629 5715 5755 5595 5797 5587 5797 5440 5519 5543 5703 5568 5641 5480 5653 5384 5588 5541 5545 5504 5540 5328 5371 5361 5330 5272 5371 5214 5412 5370 5363 5234 5227 5261 5296 5348 5179 5270 5265 5315 5120 5164 5264 5108 5334 5132 5102 5155 5272 5103 5186 5147 5084 5119 5196 5224 5171 5100 5117 5221 5113 5185 5037 5119 5223 5178 5131 5105 5187 5081 5061 5209 5297 5259 5178 5203 5269 5253 5230 5347 5323 5260 5319 5356 5441 5417 5362 5323 5417 5477 5427 5350 5392 5567 5345 5401 5457 5593 5545 5566 5558 5280 5655 5589 5629 5663 5678 5567 5682 5819 5686 5551 5734 5762 5805 5786 5696 5803 5780 5879 5848 5823 5851 5888 5833 5999 5885 5863 5811 6045 6078 5951 5897 5991 6046 5937 5959 6002 6083 5951 6032 6048 6091 6076 6098 6148 6091 
5397 5471 5310 5461 5349 5424 5456 5563 5308 5285 5361 5259 5202 5327 5215 5402 5378 5206 5322 5383 5343 5306 5252 5176 5274 5077 5144 5159 5064 5193 4926 5108 5174 5095 5235 5199 5032 5178 5070 5013 5145 5075 4995 5134 4952 5046 4929 5033 4875 4898 4836 4959 4819 4974 4775 4828 4826 4794 4777 4854 4809 4698 4813 4716 4667 4589 4737 4809 4603 4620 4752 4559 4603 4753 4671 4640 4561 4668 4590 4573 4658 4617 4456 4547 4415 4598 4660 4667 4494 4583 4616 4647 4593 4559 4487 4617 4595 4560 4642 4742 4523 4790 4624 4639 4659 4604 4736 4554 4625 4690 4757 4825 4636 4683 4761 4701 4741 4763 4645 4732 4865 4710 4735 4843 4887 4750 4906 4824 4808 4951 4911 4955 5050 4884 4870 5168 5059 5073 5016 5066 5049 5044 5017 5095 5110 5002 5178 5016 5149 5145 5125 5169 5126 5340 5330 5240 5181 5213 5091 5170 5219 5342 5329 5464 5362 5432 5421 5293 5452 5506 5429 5403 5458 5448 5475 5352 5401 5455 5374 5475 
4819 4773 4711 4746 4769 4876 4866 4782 4813 4744 4795 4646 4723 4683 4662 4664 4831 4587 4720 4677 4578 4644 4617 4593 4594 4594 4756 4501 4502 4614 4522 4560 4522 4570 4429 4567 4478 4467 4586 4426 4403 4447 4328 4270 4343 4433 4340 4297 4292 4263 4310 4248 4249 4403 4328 4296 4148 4157 4118 4197 4180 4242 4185 4210 4162 4093 4119 4131 4150 4196 4199 4022 4152 4131 3987 4145 4194 4084 4073 4115 4014 3962 4090 3960 3973 4052 4040 4098 4009 4054 4029 4039 3939 3941 3936 4017 3991 3860 4125 4012 4137 3983 4121 4116 4048 4052 4139 4080 4078 4084 4023 4191 4174 4103 4265 4232 4160 4140 4167 4107 4310 4110 4133 4168 4431 4316 4305 4367 4423 4267 4266 4220 4346 4435 4397 4426 4503 4383 4385 4439 4477 4389 4461 4552 4462 4469 4520 4583 4616 4623 4465 4627 4577 4536 4596 4602 4609 4526 4786 4689 4684 4665 4827 4745 4588 4605 4739 4675 4774 4706 4716 4676 4730 4777 4783 4929 4783 4783 4795 4857 
4292 4196 4208 4153 4269 4140 4136 4212 4201 4011 4129 4163 4094 4086 4103 4010 4013 4084 3989 4099 4120 4065 3958 3986 4016 4035 4014 3996 3935 3940 3887 3966 3854 3854 3908 3930 3796 3864 3918 4014 3800 3871 3791 3775 3771 3774 3723 3813 3901 3837 3778 3767 3778 3654 3709 3855 3733 3604 3597 3636 3671 3772 3649 3553 3571 3610 3624 3753 3597 3654 3532 3578 3596 3484 3465 3510 3446 3511 3564 3613 3545 3519 3587 3602 3490 3464 3531 3521 3506 3536 3514 3500 3649 3472 3428 3457 3520 3569 3527 3647 3575 3585 3393 3523 3559 3611 3559 3559 3528 3502 3578 3641 3476 3594 3530 3683 3592 3696 3559 3603 3647 3793 3750 3788 3786 3794 3766 3726 3706 3727 3692 3825 3815 3761 3861 3687 3763 3879 3819 3856 3922 3838 3959 3863 3968 3936 3787 3985 3951 3919 3874 3925 4019 3924 3941 4053 4056 3980 4094 4002 3984 4181 4132 4035 4015 4153 4047 4012 4161 4104 4132 4192 4296 4171 4202 4179 4166 4118 4088 4168 
3593 3656 3540 3570 3493 3646 3553 3668 3619 3481 3518 3552 3530 3567 3558 3517 3546 3412 3619 3453 3564 3422 3337 3441 3415 3367 3397 3469 3386 3399 3319 3368 3335 3413 3325 3355 3321 3393 3215 3345 3307 3305 3263 3309 3316 3317 3166 3248 3226 3182 3148 3246 3199 3154 3286 3185 3186 3246 3112 3183 3029 3248 3176 3158 3162 3032 3179 3005 2915 3051 3104 3089 2995 3027 3043 2949 2977 2957 2969 2915 3024 3026 2892 3034 3029 2960 3048 3039 2910 2941 2947 2900 2970 3120 3025 2954 2953 3060 2959 3048 2931 2847 2839 2987 3047 2932 3076 3065 3111 3093 3053 3107 3179 3058 3113 3055 3163 3080 3098 3083 3180 3135 3187 3101 3114 3169 3228 3192 3223 3200 3267 3259 3328 3326 3085 3370 3384 3278 3300 3265 3402 3362 3320 3226 3237 3389 3406 3376 3310 3309 3426 3366 3322 3398 3347 3489 3513 3508 3346 3469 3414 3373 3484 3505 3565 3531 3545 3562 3456 3622 3638 3616 3462 3632 3509 3592 3679 3570 3442 3555 
3003 2964 3027 3065 2977 2972 2944 3011 3001 2969 2927 2996 2989 3007 2952 2967 2912 2928 2886 2914 2952 3048 2897 2875 2850 2772 2945 2807 2881 2871 2927 2860 2862 2742 2846 2912 2833 2738 2865 2835 2826 2718 2695 2817 2713 2692 2752 2659 2725 2639 2631 2628 2693 2716 2672 2672 2581 2693 2570 2572 2624 2623 2648 2458 2615 2620 2593 2473 2548 2598 2485 2504 2542 2582 2537 2545 2536 2451 2488 2483 2527 2496 2424 2468 2543 2457 2509 2469 2490 2486 2473 2472 2408 2429 2493 2530 2494 2528 2479 2523 2439 2495 2526 2552 2601 2536 2539 2480 2476 2645 2514 2599 2686 2523 2519 2628 2572 2572 2705 2611 2639 2545 2592 2640 2696 2690 2633 2733 2760 2704 2746 2599 2693 2769 2741 2724 2687 2782 2771 2749 2592 2812 2770 2783 2789 2892 2796 2853 2863 2818 2812 2889 2974 2878 2884 2842 2945 2889 2859 2876 2939 2939 2996 2833 2968 2984 3068 3007 2900 2962 3037 2942 3039 2993 3019 2991 2955 2964 3060 3022 
2440 2553 2492 2538 2520 2435 2476 2522 2435 2413 2446 2422 2492 2392 2354 2398 2432 2430 2410 2319 2324 2485 2412 2442 2336 2345 2278 2322 2357 2403 2339 2315 2270 2216 2414 2314 2270 2234 2210 2319 2264 2249 2310 2278 2262 2271 2293 2303 2256 2243 2178 2294 2211 2210 2153 2274 2172 2256 2209 2162 2117 2115 2137 2142 2121 2171 2173 2079 2077 2072 2063 2030 2078 2054 2142 2054 2086 2042 2007 2042 1973 2026 2071 2045 1919 1977 2063 2082 2034 2035 1980 2068 2043 2005 2028 2038 2066 2085 2050 2058 2079 2033 2099 2067 2061 2023 2133 2113 2095 2153 2107 2138 2133 2129 2146 2048 2136 2137 2154 2135 2137 2150 2146 2208 2206 2247 2187 2162 2176 2215 2249 2221 2333 2281 2199 2181 2246 2229 2263 2243 2337 2324 2344 2294 2282 2361 2286 2345 2301 2367 2334 2252 2366 2384 2433 2317 2306 2388 2375 2300 2447 2390 2402 2461 2479 2429 2379 2513 2439 2530 2419 2537 2471 2406 2492 2490 2413 2509 2557 2416 
2004 1988 1935 1938 1990 1919 1962 1948 2011 1946 1945 1970 1995 1910 2047 1945 1959 1968 1868 1904 1943 1951 1895 1883 1907 1968 1947 1821 1897 1863 1784 1894 1863 1941 1915 1842 1924 1876 1792 1832 1782 1859 1765 1804 1700 1713 1858 1798 1798 1752 1757 1791 1729 1764 1699 1760 1753 1776 1737 1641 1694 1688 1681 1621 1649 1672 1697 1753 1664 1604 1660 1702 1700 1643 1621 1702 1730 1644 1667 1633 1677 1668 1636 1646 1687 1649 1665 1620 1573 1628 1603 1614 1693 1689 1609 1603 1690 1702 1680 1598 1591 1645 1632 1642 1662 1589 1731 1696 1609 1606 1671 1633 1626 1671 1672 1695 1712 1752 1738 1732 1650 1733 1712 1690 1794 1762 1754 1684 1735 1740 1749 1763 1786 1755 1757 1825 1813 1820 1819 1797 1778 1852 1798 1714 1871 1936 1802 1807 1834 1910 1826 1864 1949 1885 1908 1942 1835 1935 1887 1943 1952 1919 1897 1960 1916 1966 1957 1915 2020 1964 1914 1914 1969 1952 1853 1977 2015 1990 1959 2012 
1495 1452 1507 1535 1546 1496 1488 1530 1495 1471 1505 1491 1513 1496 1539 1487 1502 1463 1406 1526 1423 1514 1476 1492 1416 1424 1405 1470 1431 1430 1415 1410 1467 1421 1465 1345 1421 1426 1407 1344 1420 1342 1439 1380 1316 1413 1343 1434 1312 1337 1366 1372 1394 1341 1353 1310 1319 1260 1320 1291 1358 1323 1313 1336 1312 1292 1319 1300 1299 1197 1265 1294 1233 1258 1317 1265 1261 1265 1233 1254 1226 1200 1213 1267 1282 1290 1177 1210 1320 1257 1250 1262 1243 1207 1216 1256 1348 1265 1265 1226 1245 1212 1230 1237 1232 1286 1183 1278 1289 1288 1295 1275 1352 1280 1321 1257 1325 1313 1316 1319 1343 1356 1361 1361 1349 1370 1389 1364 1345 1355 1375 1382 1378 1353 1371 1321 1370 1345 1393 1422 1330 1475 1416 1456 1397 1348 1461 1457 1401 1392 1476 1439 1476 1430 1457 1401 1471 1430 1407 1475 1545 1534 1474 1517 1490 1524 1489 1517 1503 1537 1454 1470 1526 1492 1485 1522 1491 1501 1504 1543 
1094 1066 1058 1113 1072 1065 1034 1028 1069 1047 1090 1067 1041 1099 1061 1106 1069 1075 1060 1081 1085 1056 1066 1079 1089 1034 1021 1034 1046 1086 1057 1060 1037 1032 985 1042 1024 1040 1042 1022 931 993 1027 961 1045 1009 990 1038 1033 1009 1037 986 956 969 952 967 947 932 966 891 937 988 984 925 993 882 985 902 934 959 949 962 976 913 934 928 902 943 901 908 916 956 886 914 870 925 918 936 900 868 947 895 889 1007 888 907 966 932 925 937 908 921 885 933 925 905 936 937 917 935 944 981 939 928 936 967 929 932 928 947 934 894 999 976 969 1000 1024 958 948 971 974 973 1014 987 920 1002 1007 995 983 1010 997 996 1002 1020 1009 1051 974 995 1027 1021 1028 1036 1066 1039 991 1110 1039 1109 1075 1072 1060 1085 1028 1027 1124 1090 1135 1073 1061 1088 1065 1091 1093 1053 1032 1051 1112 1079 1125 1100 
715 682 703 730 681 701 704 710 722 741 726 709 726 747 653 711 716 690 730 695 723 687 699 737 673 663 704 678 649 641 700 658 653 652 690 715 687 656 673 688 706 627 706 634 685 672 634 607 673 617 651 628 602 620 640 639 661 640 609 654 661 641 629 678 576 629 625 608 617 620 621 601 633 613 638 590 628 645 620 652 576 598 642 620 610 612 630 592 586 626 575 614 646 615 639 577 620 611 628 627 605 602 595 623 607 680 598 647 685 591 657 661 616 623 622 638 589 627 612 638 645 630 689 652 642 608 704 632 655 620 679 639 656 692 681 697 694 697 684 667 615 655 622 670 678 702 661 664 667 651 722 714 680 710 714 684 724 713 699 655 731 697 678 719 738 695 699 714 661 711 771 736 709 688 663 706 725 726 723 702 
399 392 425 433 399 438 421 425 422 409 442 359 403 397 363 417 425 360 397 403 386 390 371 383 410 391 376 369 395 371 390 416 359 406 421 367 374 401 397 394 438 370 384 387 401 379 375 366 352 336 349 399 355 380 376 348 362 358 359 393 365 364 337 405 321 322 341 370 389 320 314 357 346 367 354 375 376 340 364 366 350 346 316 338 364 345 356 349 374 359 356 349 359 342 349 311 354 351 352 351 372 344 361 356 354 337 363 364 346 345 375 356 372 388 366 340 352 365 364 365 350 372 348 361 378 346 371 383 369 379 375 393 345 375 351 352 421 360 375 391 384 362 347 369 392 362 355 406 373 422 364 395 359 395 375 396 422 382 429 376 397 427 394 409 370 381 399 404 393 404 384 402 427 395 440 403 407 443 398 431 
177 146 176 173 181 184 172 213 195 171 145 161 183 184 164 196 170 215 179 192 176 196 169 178 199 160 183 166 169 168 165 176 183 152 170 155 166 177 177 149 175 163 172 188 194 148 160 180 174 169 181 169 180 158 179 162 159 156 174 173 157 176 157 181 161 150 156 164 153 188 191 153 168 147 192 170 158 182 164 161 183 153 160 180 160 176 183 169 157 154 164 172 181 162 156 162 152 168 173 161 160 136 177 177 175 150 192 143 170 178 154 144 181 152 175 173 174 137 145 166 137 161 154 148 157 155 171 165 177 158 160 171 179 166 174 177 171 179 175 204 149 169 186 201 164 179 171 202 174 185 170 167 190 174 202 160 177 194 196 195 195 173 164 169 170 202 174 176 176 159 185 161 177 168 157 193 172 177 167 171 
