# Format: McCode with text headers
# URL: http://www.mccode.org
# Creator:  3.6.14, git
# Instrument: FullInstrument_v5_working.instr
# Ncount: 2500000
# Trace: no
# Gravitation: no
# Seed: 1779442989064801
# Directory: PSI_h5cm_1e7/2
# Nodes: 8
# Param: SourceE=4
# Param: DeltaSourceE=0.2
# Param: EI=4
# Param: A3=0
# Param: A4=-45
# Param: SAMPLE=0
# Param: RV_mono_Bool=1
# Param: RH_mono_Bool=1
# Param: Lv=1.872
# Param: Lh=1.34
# Param: monoShieldingWidth=0.062
# Param: monoShieldingHeight=0.14
# Param: monoShieldingDistance=0.235
# Param: MonoShielding=1
# Param: Be_filter=1
# Param: sampleHeight=0.05
# Param: sampleRadius=0.01
# Param: sampleThickness=5.05e-05
# Param: samplePosY=0
# Param: sampleFluxDiagnosticXWidth=0.08
# Param: sampleFluxDiagnosticYHeight=0.08
# Date: Fri May 22 11:43:55 2026 (1779443035)
# type: array_2d(100, 100)
# Source: PSI_CAMEA (FullInstrument_v5_working.instr)
# component: BackEndMonitor
# position: 1.91266 0 37.7026
# title: PSD monitor
# Ncount: 20000000
# filename: BackEndMonitor.dat
# statistics: X0=0.0499726; dX=20.7975; Y0=-0.00102853; dY=2.88387;
# signal: Min=0.10727; Max=0.629891; Mean=0.325109;
# values: 3251.09 4.73203 1.26378e+06
# xvar: X 
# yvar: Y 
# xlabel: X position [cm]
# ylabel: Y position [cm]
# zvar: I
# zlabel: Signal per bin
# xylimits: -40 40 -5 5
# variables: I I_err N
# Data [BackEndMonitor/BackEndMonitor.dat] I:
0.1974227994 0.236666894 0.1886069624 0.1420880029 0.28466778 0.1653700734 0.1863629473 0.2389416128 0.242969822 0.228284922 0.3133879671 0.2752889333 0.2922355678 0.2931127361 0.2077177993 0.2158377182 0.293827335 0.2847805032 0.2894468078 0.2919329182 0.2415005816 0.3131218119 0.3534210359 0.3469712322 0.3828645389 0.3356020121 0.3246773921 0.3919494106 0.3685893414 0.3720337071 0.3614179389 0.4340928898 0.311848337 0.3352838869 0.3758961146 0.4062837155 0.3695483148 0.3105453053 0.3158931942 0.4036452882 0.352272887 0.4183573107 0.4031462985 0.3843540472 0.3946197642 0.4611440644 0.3822839439 0.4144749447 0.3064371791 0.4511822152 0.392551183 0.45204885 0.3759589315 0.3489343691 0.4633610826 0.3972279228 0.5094291387 0.4221482128 0.3740013232 0.3058360584 0.3608326245 0.3504389381 0.3541143152 0.3736429734 0.4430097327 0.4450828518 0.4176467125 0.4184775236 0.4280844525 0.3578331582 0.342883664 0.3437740035 0.3656210832 0.2355757432 0.3064455865 0.2639170336 0.2712253268 0.2482655415 0.3625417062 0.2651686738 0.2774198622 0.2835761575 0.2982763951 0.2719563997 0.2161355638 0.2970220696 0.311854288 0.2296128063 0.2507655892 0.280760082 0.3626735092 0.1937116848 0.2231807615 0.3345049668 0.2973541188 0.2195661289 0.1635024204 0.2363291301 0.2101617764 0.2214133308 
0.1653457442 0.2204468033 0.2823310132 0.315531081 0.1780347306 0.2825402926 0.2621436481 0.2352908291 0.2671604397 0.2525181106 0.2335568105 0.286123032 0.2378590173 0.2927509051 0.2831435066 0.3007532347 0.2840119263 0.2388122147 0.2802505116 0.3137539689 0.3341644862 0.4319184812 0.2232427509 0.328303861 0.3555812596 0.3741217049 0.3834207599 0.4014823563 0.382852442 0.4079660301 0.3863251948 0.4583658451 0.3633832216 0.3033555972 0.385051249 0.3544306297 0.3847069106 0.3990016032 0.4171763307 0.5025481116 0.3314889067 0.3061540947 0.3807191618 0.434816124 0.3787092378 0.3759660857 0.3027598631 0.3890908457 0.3291522676 0.4667750594 0.3925420905 0.4163075745 0.3662866829 0.4880147383 0.4152576738 0.387047848 0.3622709059 0.3828930243 0.4626347412 0.3457155135 0.3550389662 0.4631351663 0.3755986124 0.4514550852 0.3601271231 0.3769087772 0.3057407284 0.3777782574 0.4165561493 0.338413393 0.3180949016 0.3630767517 0.2894346406 0.4132317844 0.3739195941 0.3451773067 0.2751327658 0.3483587666 0.2945074961 0.2833928266 0.2888692694 0.2642540909 0.2623046466 0.2344923623 0.2639343002 0.2414260764 0.2936768273 0.2596747473 0.2467619202 0.2574862622 0.2522037874 0.2178526277 0.3100723759 0.1750962646 0.2012067423 0.2227463211 0.1973480098 0.2534143379 0.2396103291 0.2340500632 
0.1480806406 0.1826789829 0.2225990467 0.2651144844 0.2217630409 0.2135256118 0.2071188554 0.2247780202 0.1608020322 0.2856416187 0.2496143153 0.2349335858 0.3536233217 0.3041935514 0.2704809641 0.2583974471 0.2356730105 0.2769696445 0.3254272939 0.3316896922 0.4141435968 0.3795952678 0.3120995244 0.3304813331 0.3162698507 0.3237061516 0.3211691106 0.4496150053 0.3561729527 0.4135300503 0.4831462415 0.3788654665 0.4276598296 0.3695377242 0.4151994311 0.3522587997 0.4819171153 0.3731392293 0.4256875255 0.498941975 0.3406383167 0.3564670939 0.379654817 0.2904720189 0.4208805881 0.3838409534 0.3871364459 0.4366016432 0.4392222365 0.440149156 0.3738407676 0.3916815552 0.4424859884 0.395255219 0.3595480325 0.4098257069 0.375900686 0.4721646827 0.3988867036 0.3271727835 0.4223538563 0.4954599329 0.4084093709 0.4525157852 0.3503949595 0.3994494117 0.3736056635 0.3769497117 0.3662552257 0.3894570075 0.4183471794 0.3359372501 0.318546172 0.2972673014 0.3009541105 0.337468731 0.3683259505 0.3197039145 0.3441959525 0.315957744 0.2787084747 0.2889184281 0.2616274023 0.3328204514 0.2493404086 0.3613833303 0.2523771533 0.3978240103 0.2130700616 0.1881009369 0.2469321764 0.1916272587 0.1839562984 0.2376685113 0.2516001115 0.2534971837 0.1740471114 0.1915407384 0.2679184815 0.2696215476 
0.2150190838 0.2622789254 0.202273849 0.188651216 0.2352673952 0.1736369238 0.2397948191 0.2737025075 0.2558003036 0.2418918541 0.2419610332 0.3228678877 0.313864728 0.2879762707 0.2917629576 0.2632592722 0.2812274868 0.2510152299 0.3153840457 0.2239812782 0.2490712909 0.3017542715 0.228837207 0.2991328046 0.3090968861 0.3234474419 0.3275998404 0.3656118636 0.3642227257 0.2964135064 0.4152911691 0.3870479163 0.4468097952 0.2733997499 0.3490239903 0.4166097479 0.3911490079 0.3759851355 0.416569703 0.353600985 0.4144906918 0.4724405831 0.4108457506 0.4305907479 0.4335206124 0.387233732 0.4391551076 0.3478745683 0.38936028 0.4229585121 0.3839709965 0.4914783949 0.4436516555 0.4207309439 0.4820186235 0.4200443043 0.4475414415 0.4225278353 0.3672272857 0.3608568778 0.5415245041 0.3041074836 0.3744028379 0.3608739069 0.3264993204 0.3599123748 0.3838071039 0.3700833148 0.3420663336 0.3339698347 0.3774125748 0.2448459353 0.3032062912 0.336780333 0.2441995723 0.3095424787 0.398360124 0.3282883619 0.313857136 0.3120187559 0.3522102653 0.31700968 0.3812338551 0.2488901678 0.2495424267 0.2541990786 0.276160196 0.2685238097 0.2790424214 0.2146317318 0.1969300207 0.2391031722 0.2296627989 0.2105312139 0.2321285156 0.192226339 0.2207669764 0.1854485512 0.2154993556 0.1651786108 
0.2130873504 0.1321916606 0.1864159788 0.1892349746 0.3104185491 0.1972688992 0.2204607007 0.1699576058 0.2081630743 0.2556607137 0.3319905584 0.2573551465 0.258048305 0.3066657766 0.2795235226 0.3412422234 0.2535310095 0.2298750546 0.229518939 0.2412445655 0.3811810797 0.3298964902 0.3546332225 0.2593991507 0.3103477372 0.3455699603 0.2941638615 0.3068211814 0.2955758101 0.3588380239 0.3995300822 0.3196327017 0.3546826934 0.367120866 0.4147058465 0.4318726408 0.4296810551 0.3502036778 0.380722432 0.3779431827 0.3656989008 0.4067154094 0.3583811886 0.4226108274 0.4679310354 0.3883037395 0.3889113482 0.4697100187 0.3547309843 0.4590481268 0.4154934733 0.3909598577 0.4381497096 0.3807208406 0.3979813588 0.3770178171 0.4550149952 0.4907490848 0.4664615313 0.4915141399 0.4165379592 0.4099306317 0.4606889813 0.504395191 0.3483752593 0.4234696769 0.3246507151 0.3793851166 0.3724061192 0.391624534 0.420778627 0.4029329772 0.3600380772 0.3146524005 0.2785716877 0.4225950731 0.2917057429 0.288558703 0.3201893466 0.3738187888 0.3247708465 0.3171503368 0.3093255334 0.3264565139 0.3142335427 0.2119335695 0.3540829739 0.2753442046 0.3158674294 0.2653623096 0.2556297707 0.2430602067 0.2732962827 0.263930678 0.2082574511 0.2437131908 0.2004729692 0.2218134293 0.2393050992 0.1919360812 
0.2082725603 0.2684971395 0.2454843624 0.2458600611 0.2212075233 0.2238107529 0.2245746334 0.3025690685 0.3128824031 0.2263333306 0.1812770935 0.2524431366 0.297726851 0.2557265592 0.3341161749 0.2325127974 0.3362830838 0.2899784315 0.3189486713 0.2913425043 0.2551907174 0.381186911 0.3550633062 0.3125857104 0.2904809161 0.3596932875 0.2640469668 0.4143966417 0.4394916997 0.2730477127 0.2819996546 0.3147993669 0.3094299303 0.3636299119 0.3506278339 0.3139549485 0.3032882371 0.426959633 0.3375149797 0.4033950987 0.4030877292 0.3061380949 0.4131411535 0.4367234568 0.4219142782 0.4398963349 0.4012083847 0.39453058 0.3396202148 0.363458769 0.4136797005 0.3645132839 0.4090580698 0.4167073517 0.465792998 0.3502074746 0.4204157158 0.421498477 0.4217375359 0.3946893704 0.3511246145 0.3726845334 0.4123742847 0.4283315217 0.3137241914 0.3233033126 0.3115843544 0.3717862043 0.3450957506 0.2690121853 0.2775907689 0.410658405 0.3197838603 0.4067149932 0.2431219198 0.4107231875 0.2891263255 0.3401324734 0.2547696991 0.2996729614 0.3015623615 0.3193348558 0.2752355728 0.2754791965 0.1885446966 0.2675152091 0.237413344 0.3143665976 0.2549926165 0.2055039504 0.1963155452 0.3102515698 0.2562288797 0.2658806818 0.3532090085 0.2520314617 0.2524735507 0.1920521722 0.1527122274 0.1828658002 
0.1959868686 0.2512544154 0.2000074822 0.1448014868 0.2228879087 0.263072859 0.1939181089 0.2340629851 0.2456111684 0.2895182 0.25091359 0.2625938963 0.258515907 0.2305521326 0.242480064 0.3071025813 0.2752211798 0.3385385732 0.259739778 0.2537658908 0.3600694295 0.2166417761 0.3485314272 0.4303911893 0.3334065508 0.3054513865 0.2517297893 0.3410979458 0.2890526833 0.3356729095 0.4051080304 0.3552461812 0.3757320326 0.3430853966 0.3882024713 0.3930216747 0.3603960894 0.3784412602 0.3583897004 0.3713805971 0.3797067008 0.3413217053 0.3171723204 0.3151026862 0.3071231129 0.3518457767 0.4710969003 0.4504446499 0.5082549315 0.4513484558 0.3643577841 0.5081366051 0.4403629919 0.4132595961 0.2959382369 0.4367883524 0.3935886984 0.4754471445 0.4268179786 0.3325117694 0.3666841816 0.3679809679 0.4182564181 0.4477676666 0.332119251 0.3844765721 0.3582923378 0.3162620795 0.4481513111 0.3615158567 0.3313619347 0.4012733794 0.3176963984 0.284580865 0.3576941114 0.3455331224 0.2988450587 0.2587478739 0.3459022216 0.3186418871 0.4530719606 0.3330225376 0.3429534959 0.2878466926 0.2160799063 0.2960632321 0.2887346127 0.1870328908 0.2978027317 0.2723860461 0.2581385815 0.3725354107 0.2089550681 0.2675250377 0.2757050052 0.2374965815 0.1835864022 0.2090879731 0.1951924001 0.1584896283 
0.2038912321 0.2762436306 0.2079588415 0.173229161 0.1772673128 0.2284216821 0.1586057738 0.261625877 0.1926801683 0.2234508018 0.2043301864 0.324624757 0.3111554204 0.1921395051 0.2250616685 0.2202782322 0.3115763997 0.2749303437 0.219136894 0.2909827345 0.2657978511 0.3786361625 0.3507154205 0.3147306917 0.3053111845 0.250341429 0.3287539342 0.370232476 0.3280663642 0.3127488681 0.4093508775 0.3917322988 0.3179252936 0.4480715746 0.358593609 0.3466816875 0.3628266516 0.4078607637 0.3612454122 0.5387047699 0.4268545623 0.3838900861 0.3577444651 0.3725167951 0.4062672572 0.4151290364 0.4001728096 0.3870595901 0.4262060375 0.4162638951 0.5550077225 0.348326711 0.3681945539 0.4113515333 0.4545977231 0.483483666 0.4374629587 0.3607197694 0.3907071516 0.3869508098 0.3272680026 0.4128721292 0.3579921674 0.3901465594 0.4144532543 0.3779363228 0.4438186386 0.4004269844 0.3371691482 0.446793619 0.3056789574 0.3894947733 0.3689372806 0.3026777239 0.2635014131 0.3761001002 0.3524602129 0.3113524915 0.3238595277 0.3552308714 0.2754253608 0.3284602478 0.2219338551 0.282666578 0.2920956073 0.2608938083 0.2484013493 0.303707966 0.2385242145 0.1912678849 0.2323613084 0.2088232765 0.2117370625 0.2463460175 0.2511040777 0.2862675727 0.1962698536 0.2172933081 0.2338917928 0.1726836242 
0.1673412693 0.1889539793 0.1863253673 0.207138915 0.2752375304 0.2404166629 0.2792263714 0.2049843021 0.1726387231 0.2604142724 0.2042014365 0.2455479664 0.2703812199 0.2348176789 0.256607301 0.3015530254 0.340792244 0.3245285062 0.3028667181 0.2847530933 0.2983273709 0.3295095987 0.3173385877 0.2684538513 0.4424811817 0.3418710959 0.2944552295 0.3746364876 0.4470889932 0.394057391 0.4111882991 0.30135266 0.4324721754 0.3480489147 0.3865852884 0.3258940166 0.3482848714 0.4044571406 0.53310615 0.3595278917 0.3403652131 0.3927459209 0.40915305 0.4507958022 0.3537503073 0.4323415059 0.4290530227 0.3925235357 0.4074394298 0.3290383602 0.3577637767 0.4073045137 0.4660475097 0.3816401448 0.4406493598 0.3436322531 0.4410910044 0.3959648636 0.3463572247 0.3803054545 0.3470114909 0.4955136156 0.3710946262 0.4212021666 0.3082475578 0.3210646307 0.4004068354 0.3317231564 0.3191835136 0.4013687975 0.3444787487 0.4301565304 0.2784059692 0.3167100966 0.416516373 0.3711768014 0.2923910112 0.3413687362 0.3194454833 0.2769195515 0.2961809321 0.2754061755 0.3265762716 0.2770287611 0.3120869233 0.2479131169 0.3186534328 0.2523550049 0.2297792807 0.2654913929 0.2728042724 0.2455628983 0.1662812404 0.196821977 0.2691917147 0.1738889791 0.18647369 0.1818984749 0.1575696833 0.1776288442 
0.1565866727 0.1938034989 0.142557443 0.2345979883 0.1611845295 0.2264993499 0.2394292473 0.2915635512 0.1981232906 0.2529174896 0.2564387846 0.2602447094 0.2197261097 0.2295772585 0.2193071608 0.2332953408 0.2561486329 0.3038276107 0.4410791197 0.3120283922 0.2751887406 0.3656895897 0.3374798169 0.3838708538 0.30735052 0.3390212396 0.2705409028 0.3451870712 0.4563045926 0.4194981914 0.3129204735 0.4030395578 0.2965034584 0.3588561488 0.4132062912 0.384421039 0.3692810782 0.3467768485 0.3240641515 0.3135132518 0.3437814092 0.3818463771 0.3713102258 0.4175349356 0.3841711716 0.3473865225 0.437200616 0.3510332002 0.3736705878 0.4698357103 0.478754167 0.3695219509 0.3701317691 0.4478676538 0.3543472679 0.5302889327 0.5368873495 0.3579512253 0.3261797587 0.3936154119 0.3898870748 0.3389805756 0.4132537274 0.3353740328 0.3819136243 0.4113180274 0.4130746794 0.2920183464 0.3309098313 0.2913450302 0.3426831093 0.4599602181 0.3264058868 0.4179458101 0.3097550746 0.4720802291 0.2690038713 0.3558238568 0.3126083237 0.3216672771 0.2854736949 0.3204388233 0.2673204142 0.2326743849 0.2803996111 0.2278057883 0.2364101939 0.2316636289 0.2255327164 0.273624745 0.2723454593 0.2646465903 0.2276278632 0.2528387712 0.3162448272 0.2274643988 0.2105958882 0.1818997339 0.1833068558 0.1750805587 
0.1882427935 0.2141607633 0.1713156043 0.2019557802 0.1853268237 0.31117199 0.2228028679 0.273155049 0.2688014008 0.2621476779 0.2326850904 0.2299738667 0.244076545 0.2488919111 0.2408442229 0.20691339 0.2444752693 0.2945841667 0.278614857 0.3274466472 0.4001568623 0.3099586567 0.2880273103 0.3000254234 0.3838706166 0.3201914763 0.3596108017 0.4168441208 0.3447484051 0.310529672 0.2835204731 0.2986050382 0.4428813301 0.3358739132 0.3880353335 0.4611637464 0.3112147151 0.3607842683 0.3913386344 0.3598638359 0.3239510769 0.3454171564 0.5062203302 0.3982563384 0.3708196097 0.4155992784 0.389065577 0.4921469968 0.3947673023 0.4688372019 0.4304938301 0.3371881638 0.4573399644 0.5062359219 0.4123674733 0.379359087 0.4416198194 0.5047981315 0.3281745218 0.3688888916 0.3582833145 0.4594048019 0.4422327405 0.4059733174 0.3677853617 0.424829665 0.3758876072 0.4638851784 0.346277691 0.3271199194 0.3352043658 0.4207567258 0.2487127173 0.3411327533 0.4361775568 0.2655783435 0.3364683676 0.2474129117 0.3063295497 0.3618884748 0.3270674972 0.3190319134 0.3583861826 0.2629158007 0.2721715212 0.2734112909 0.2775729266 0.2713699262 0.2026498762 0.2705095427 0.310915911 0.2373419864 0.1834133973 0.2561430687 0.2070663156 0.1916190371 0.2011039569 0.2127742236 0.1540698795 0.2123551597 
0.2125006363 0.2205122522 0.2177178377 0.1626650595 0.1622508897 0.229889057 0.1997599949 0.2875061865 0.3188905332 0.2758133726 0.246567123 0.3094779851 0.2479064419 0.3432487391 0.3284224207 0.2518685944 0.3131587467 0.3058083172 0.3058635079 0.3766045841 0.2767741492 0.3317813168 0.3307196218 0.3416556526 0.396993909 0.3933818996 0.3549690602 0.4047631294 0.3005903099 0.3057953909 0.3488665938 0.2806911779 0.3467925184 0.3541120332 0.4495762891 0.3705065177 0.3678655712 0.3351971605 0.389869404 0.3884279724 0.3357887776 0.4002694923 0.45737715 0.4160553637 0.379113722 0.4135087343 0.3654731725 0.3421591815 0.3583545526 0.4188033317 0.4194965276 0.4450240898 0.4001665492 0.4238811923 0.394340132 0.4749122214 0.3780866392 0.4513823086 0.3280324267 0.4254860479 0.3686295332 0.3549119279 0.3207730931 0.4271775518 0.4004386673 0.4338869515 0.3523949138 0.3887814271 0.3636174977 0.356529168 0.3944542899 0.3889138845 0.3287011644 0.4491905128 0.3685571158 0.2674496152 0.1958194989 0.3791750103 0.3057169364 0.3106742979 0.361428831 0.3043553065 0.3041080896 0.3007431329 0.3071520179 0.2486172408 0.2680271664 0.2169481268 0.2754580554 0.2205851982 0.1934591504 0.2579329362 0.2708996859 0.2270786783 0.254926635 0.2073342483 0.2097449772 0.2051612771 0.1976627783 0.1982793108 
0.1372384535 0.1639560297 0.2255734196 0.2033541674 0.1983694252 0.2264362828 0.3057754094 0.2863420105 0.2453252608 0.2257554401 0.2665173149 0.248823222 0.2947359887 0.3617913069 0.2812846636 0.3202959533 0.2310263579 0.2940408215 0.264005261 0.3097361544 0.347360102 0.2740520785 0.2933398771 0.3203540458 0.2691333503 0.3144110738 0.3216643845 0.3381018914 0.2914465963 0.3407311868 0.28403113 0.3229524539 0.3430856503 0.4381715162 0.40523825 0.297013804 0.3943605446 0.4851743884 0.392255268 0.4761082355 0.4466172628 0.3623985819 0.4157083164 0.5380014313 0.3604596681 0.4167317349 0.3578840882 0.3936849032 0.4188815458 0.37023592 0.4884904184 0.5327624898 0.3957120674 0.4617801919 0.4502230345 0.4537824446 0.3380881424 0.4627208586 0.4925081966 0.3825473896 0.3519591954 0.3918431743 0.4365943204 0.3277986937 0.5074028808 0.4063104144 0.3510077109 0.3897817501 0.3995930322 0.2888329683 0.2802318727 0.4337669665 0.3144734904 0.3964734236 0.3447047925 0.3365193515 0.2845411876 0.2630578652 0.3109650248 0.2472303461 0.3081839304 0.2803946502 0.3710677075 0.2427248898 0.2805074648 0.3945642319 0.3304287762 0.2947596363 0.3295866142 0.2442869415 0.2406800735 0.2109271883 0.2884258555 0.182790513 0.225811266 0.2719272266 0.2083463077 0.295698684 0.1763984019 0.2793060837 
0.149340602 0.2290174955 0.1993079395 0.2241307625 0.2190264349 0.1956205957 0.2276828998 0.2938383095 0.2686479999 0.3182396612 0.2542069189 0.2554183861 0.233133813 0.2415702564 0.3316730162 0.3156499028 0.2978462214 0.3087683054 0.2639878809 0.2792698767 0.373563216 0.3013211779 0.3768690029 0.392306985 0.2983978464 0.3004767631 0.3469027224 0.339340825 0.4340409762 0.3088718701 0.4960418513 0.4477421736 0.2989393579 0.3789243671 0.3092932817 0.4037178588 0.3607245338 0.4204817148 0.4116859427 0.403014898 0.4336056196 0.3546817213 0.4478150119 0.3675015148 0.4265606272 0.3896096535 0.4365625435 0.4171409088 0.4594226355 0.4440109337 0.4253477901 0.3490402918 0.4429137839 0.3754367741 0.3994148298 0.3433153872 0.4517463693 0.4255452237 0.4469744222 0.4538264382 0.3759250948 0.3854650885 0.302322278 0.3507259649 0.3672451198 0.3700257554 0.4434909314 0.3919050437 0.2861885783 0.3843242102 0.3193610329 0.3837691148 0.3678974532 0.3434563284 0.4858311156 0.3348676168 0.3160316943 0.3243684462 0.3751984916 0.2911924061 0.3349966859 0.3044481128 0.288717813 0.3150987379 0.2820890248 0.2845543119 0.2004862374 0.2429375541 0.2755665677 0.2406753979 0.2568658531 0.2616493161 0.2898676764 0.2135540395 0.1963680773 0.3072090342 0.1817104756 0.2636840857 0.1954477564 0.1623337414 
0.2280898772 0.1925359449 0.1747787065 0.2159181313 0.2021362015 0.2643291235 0.2573212173 0.22382808 0.2172810708 0.2236611042 0.2431648798 0.2871439001 0.2805512294 0.2711946428 0.3642363932 0.2757150544 0.2613338602 0.2455363049 0.2709411233 0.3056613461 0.3353785685 0.1987140605 0.3134772442 0.2716165861 0.3486148848 0.2878464097 0.3448091198 0.3574275242 0.3760964242 0.2880684103 0.3352092522 0.3263860344 0.3645777084 0.2845416027 0.3637117026 0.3635184861 0.3718571619 0.4695428291 0.3475573655 0.4190906376 0.3783653391 0.4498694795 0.3972782135 0.3602714044 0.4787940947 0.3699966679 0.5194940777 0.4144379429 0.4312545592 0.38403188 0.3711034266 0.4675016289 0.5089759143 0.3498511263 0.4491760721 0.4327661555 0.3770869162 0.4475872588 0.4020122841 0.3583005927 0.5238196115 0.3453098865 0.4299601881 0.2950208512 0.4008986566 0.3897915519 0.3570164455 0.3477858102 0.4391271146 0.3662698311 0.4383942933 0.3191089826 0.2621634433 0.398478181 0.3562911139 0.2769871681 0.3426611898 0.3203488261 0.336974564 0.3081535358 0.3008718339 0.2184096108 0.2896995925 0.2117719727 0.3446975697 0.2914062628 0.2369540513 0.2761688374 0.3161907406 0.2238688418 0.334105822 0.2422805898 0.2050413428 0.2598131488 0.1808691196 0.1918779158 0.2546285177 0.1674491991 0.2345420607 0.1968049555 
0.1807955558 0.2529033401 0.2531719656 0.2837539148 0.2832203341 0.1952863756 0.229988042 0.3104327034 0.2007813995 0.2570081262 0.1928473896 0.1831137169 0.2724758182 0.2440069303 0.2937688739 0.2554651461 0.2784382467 0.3385147176 0.2967132108 0.2931195322 0.3181888458 0.3389668198 0.3759817639 0.2722148392 0.3257531253 0.3511534122 0.4253663317 0.3476890503 0.3087626625 0.2851314759 0.3380126445 0.2618594464 0.2798709609 0.3599382765 0.3204657726 0.4439742445 0.3584479519 0.3348857253 0.3497164451 0.4561890418 0.3584373927 0.392742898 0.4067928847 0.365131424 0.4552305623 0.2870661292 0.4074328612 0.4271388565 0.5222435991 0.5026481764 0.4312548727 0.4270693029 0.3102321872 0.3362153977 0.4419003763 0.5411731984 0.535174761 0.384233293 0.3427730255 0.4509430097 0.3809962129 0.4446017897 0.3260301115 0.324131114 0.3896161254 0.3773879418 0.3333608846 0.2922573669 0.2934292386 0.3557824587 0.3188398097 0.3626081626 0.3565968492 0.2870874262 0.3433438804 0.3074098622 0.3454647598 0.3518549292 0.3092138112 0.3146732412 0.2770502107 0.3403992057 0.2710001682 0.3128471332 0.2641055355 0.2263633341 0.1987904956 0.2845910776 0.308883571 0.2514923398 0.2487180992 0.1955447945 0.2641615241 0.2352412992 0.259415954 0.2610782762 0.2264118305 0.1829228885 0.1871188844 0.2453823622 
0.2391602679 0.1790077122 0.2179062078 0.232990655 0.2297469095 0.1781378426 0.1770374509 0.2266409532 0.2445457264 0.3155830291 0.2998813063 0.2629110355 0.1984731101 0.2444027882 0.2154783783 0.2890797232 0.2751781626 0.2647910307 0.3025786087 0.2533583141 0.3631776477 0.257207982 0.329585551 0.3512763551 0.2443253899 0.2740055534 0.3408545829 0.3738664392 0.3110849102 0.4212184673 0.3136369341 0.3837228249 0.3624927571 0.3461755352 0.4454447334 0.2612240101 0.2912978294 0.3891137216 0.374809377 0.3383629132 0.3769208961 0.4640796604 0.4952147382 0.3395693008 0.4071974557 0.4872867449 0.4153243653 0.4396420562 0.4338593148 0.4383914311 0.3956660954 0.4425696979 0.4350843079 0.4102061768 0.4922284902 0.4085703736 0.4042639853 0.4633939541 0.3650096144 0.4563669726 0.4241870346 0.363313453 0.4074171639 0.4221452151 0.3464737567 0.3365295581 0.3856529119 0.331305565 0.3359851836 0.3895086899 0.4048826829 0.4005243285 0.3362894369 0.3026287051 0.3111200506 0.380072268 0.2717530486 0.2720144975 0.2726662401 0.252895881 0.3049094669 0.251039837 0.292498714 0.2910519344 0.3629719026 0.2413341335 0.2806809658 0.252299551 0.2077984263 0.272577954 0.2434257902 0.2801510209 0.2373996226 0.1728998253 0.2165251063 0.2132730316 0.2866617539 0.1995255426 0.2107676023 0.2128935095 
0.1471767425 0.1550160607 0.2071781624 0.191267246 0.1934118111 0.1647966051 0.2613321719 0.2248978181 0.2008704141 0.2738931531 0.2844675399 0.2972211794 0.3114610559 0.2118674226 0.2623713207 0.3095194224 0.3143083423 0.3357192344 0.3126731883 0.357150772 0.323386798 0.3802305973 0.3700866429 0.364795009 0.2860972351 0.4038811536 0.3506365749 0.3785914177 0.3307422842 0.370885957 0.4450053296 0.3384137189 0.3159140739 0.3607081847 0.3948488585 0.4653383659 0.3551024111 0.3842241282 0.4108049286 0.3435122528 0.4033393209 0.374692557 0.3543645663 0.4185306794 0.4456539109 0.3512790227 0.3050883851 0.4031531338 0.5055541212 0.3954787824 0.3834921034 0.3427817951 0.3899849287 0.4501080535 0.4589398652 0.4062422841 0.426596257 0.3140797777 0.3991350763 0.4049252668 0.4737510317 0.3979133012 0.3504385428 0.4275557702 0.4442582187 0.368142483 0.3537054778 0.3858448749 0.366415982 0.4324728525 0.353583955 0.2999741327 0.3298212184 0.2906915902 0.356878783 0.3284165767 0.3370282548 0.3949413227 0.3616787762 0.297615489 0.2631896235 0.2857513896 0.3117843145 0.2863093205 0.3150613666 0.2472443428 0.2360991302 0.3472464358 0.2254768687 0.2910603406 0.2692681216 0.1963643822 0.28135113 0.2599766843 0.2521690362 0.2792345079 0.1978631842 0.2367305583 0.2567628237 0.2542943666 
0.2259304123 0.2692556175 0.3012604053 0.2194645402 0.2690421025 0.2634408429 0.2587310394 0.2282000499 0.1878316435 0.3219749639 0.1967613587 0.2118720218 0.2616684266 0.2857804045 0.2935787384 0.3481582347 0.3690060883 0.319376045 0.2488035531 0.2498644235 0.2975768402 0.3341979178 0.304432222 0.2783771787 0.3179930759 0.2879884459 0.2760610914 0.3293159538 0.3275024834 0.4108158904 0.3000990035 0.3722036751 0.3349942033 0.3956715162 0.4216728456 0.4546554594 0.3323754896 0.4174273155 0.3846545218 0.3094354013 0.4086995303 0.5144602229 0.4506404898 0.3257868703 0.4217217068 0.2920676792 0.3864733513 0.3873750973 0.4330412511 0.3919152117 0.4107756665 0.3293715462 0.4254840882 0.408346017 0.3591439662 0.3943368783 0.4714534175 0.3569512424 0.4949871195 0.4841625071 0.2799636669 0.3597712713 0.3305136689 0.3840804515 0.5457157002 0.3465273159 0.3851975576 0.341476424 0.3489564528 0.4097723723 0.3147973357 0.4317813021 0.370100829 0.3336864523 0.3086152959 0.3085856452 0.3095954819 0.3681866911 0.3706907367 0.3301455211 0.2101603995 0.2617438264 0.3215523808 0.2745202644 0.3156447526 0.3062300997 0.3242431631 0.2645602751 0.2501108799 0.2718811602 0.2246745667 0.2665004577 0.2756349458 0.1980136768 0.3264329033 0.2384753102 0.2171308148 0.171077585 0.1517509436 0.1928775354 
0.13309572 0.176101216 0.2838740143 0.2030176513 0.1545936333 0.2296102172 0.2260331499 0.2528854709 0.2469025688 0.2369741265 0.220717676 0.2357826833 0.2228185898 0.3108725963 0.2267437789 0.2388768831 0.2483190581 0.30277197 0.3395344567 0.4241180813 0.3056368735 0.3000100781 0.3717689132 0.2759689058 0.3962666574 0.3384578052 0.2754380073 0.3469023759 0.3924431048 0.4274349014 0.3929062662 0.3450341238 0.298895056 0.3986806223 0.3418154317 0.2940712243 0.4771142523 0.3779024607 0.3929769146 0.4366948179 0.3477096806 0.3484517298 0.4114251826 0.4234355577 0.5296388043 0.3772350349 0.4626139683 0.3622919337 0.4397006756 0.4829304969 0.3650150988 0.3333534938 0.4232228955 0.419995876 0.4144398434 0.4797047025 0.42052028 0.4808713836 0.3812780344 0.3608637286 0.4327037556 0.4039970584 0.4370313873 0.4018596547 0.3278633768 0.3626445928 0.3493506336 0.3503217193 0.3307545775 0.397240131 0.4916265688 0.4314146357 0.3228748932 0.3297605588 0.2733567956 0.3558634393 0.3538137917 0.2793132183 0.395120014 0.2494190395 0.2058018636 0.2709398085 0.2692212633 0.2827618325 0.2891594387 0.2932363893 0.2799551669 0.2227590233 0.2828314307 0.2419663348 0.1965437018 0.2253619877 0.2265905599 0.2250577331 0.2070054211 0.236999995 0.2272961711 0.1692512777 0.2238589135 0.287876344 
0.1364760927 0.2704464224 0.1857046715 0.2532666577 0.2304763933 0.2595086823 0.1952464698 0.2564926985 0.2318677787 0.2786373456 0.240143631 0.269836423 0.2562268809 0.2901757779 0.2430666457 0.3015192708 0.2508437009 0.2353008774 0.3186053259 0.3193609313 0.3410747095 0.3917216125 0.3787926622 0.2906365516 0.3991473964 0.2632756613 0.3054757703 0.3843692609 0.3380330502 0.4686929422 0.3332320394 0.3673129758 0.3685749283 0.404899042 0.3855932888 0.3840757425 0.3634931302 0.4202867599 0.4893276973 0.4030197997 0.3601691623 0.5117518822 0.4100913821 0.3740493221 0.3281339765 0.4283854951 0.4436609122 0.4870056075 0.4275751515 0.3963493077 0.3527115679 0.4996151902 0.4053069903 0.448339302 0.3761204877 0.4678131247 0.342651076 0.4211604838 0.3328264383 0.3349734472 0.4758469119 0.4013658128 0.3348864721 0.2768179774 0.4112530576 0.440933439 0.2811829606 0.3484764814 0.2633090764 0.3897443747 0.3278571494 0.4021573464 0.3314888903 0.395213222 0.3052783653 0.2777294928 0.334903874 0.3096253002 0.250930974 0.3019234933 0.2234431296 0.3632059239 0.2267419479 0.3060022709 0.2785380489 0.2004644645 0.2444364067 0.2440038248 0.2379626639 0.274954485 0.2669516189 0.2064224562 0.240998118 0.2408673526 0.1837426579 0.1725866251 0.180555632 0.1882809814 0.2003863222 0.1791616319 
0.212683237 0.2591693046 0.1716850076 0.2528854241 0.1638504869 0.1706409288 0.3453982586 0.2164068923 0.2802922401 0.249255044 0.2223067925 0.2260024597 0.2715153385 0.3051352775 0.2763812537 0.3639026449 0.2064533 0.3294977478 0.3190104818 0.2608584789 0.2857766965 0.3319307841 0.3618852141 0.3055033581 0.3388422937 0.3082225534 0.3479076565 0.3472587282 0.4207547367 0.3010213296 0.361161788 0.3938751392 0.3858177504 0.421754729 0.3644248868 0.4386758174 0.3958948672 0.3644450412 0.3352328239 0.3610151222 0.4165760244 0.4262070041 0.3595489339 0.4515804517 0.4122130306 0.4089053306 0.4823807382 0.4027605215 0.4357172235 0.4246990145 0.3357283179 0.4485935548 0.40261012 0.5365461696 0.3879732227 0.4572368926 0.3937361062 0.4516349706 0.4068222351 0.4104091574 0.3158648139 0.3695108678 0.3279362756 0.3967898272 0.3698478199 0.2788921517 0.3892098451 0.3858689294 0.3927760746 0.3857469702 0.3697659903 0.3527779981 0.4345206953 0.4014528768 0.4028953034 0.3371060746 0.3985190983 0.2949144377 0.2609336796 0.2657281128 0.312610862 0.3060590348 0.2203891865 0.2990399054 0.2117692439 0.2805669478 0.3222188893 0.269103186 0.2155903986 0.2692596748 0.3540391511 0.2604217623 0.1992392723 0.2035440992 0.2429856712 0.2427459505 0.2202905489 0.1349875351 0.2851038266 0.2159655525 
0.2146936037 0.1833103263 0.16826068 0.2418921368 0.2474483851 0.2077815462 0.2666293286 0.2177168495 0.2772636544 0.2478679471 0.2004192254 0.2847776248 0.2301697038 0.26506912 0.2501048207 0.2105131606 0.2903959457 0.2337736684 0.3595693644 0.2983051821 0.3397587942 0.2816478713 0.2521716598 0.3807821304 0.2710653882 0.3312706894 0.3962220939 0.2394434058 0.3184414181 0.4362315181 0.423547496 0.2857838897 0.3954207903 0.3804701307 0.3762235107 0.4216922639 0.4306497165 0.4717227528 0.3213011961 0.4375049816 0.3984906243 0.4868526945 0.4690611149 0.4285448735 0.5664804787 0.3421260135 0.4213433189 0.4057970273 0.4689727782 0.4803632119 0.4356151066 0.4794125107 0.4315530877 0.4355474521 0.3922966838 0.3894349747 0.4021314055 0.4540403379 0.415710784 0.4631811745 0.4866942705 0.4261291206 0.4081633193 0.3804219476 0.4202952835 0.329988739 0.3232039638 0.3399208364 0.369836948 0.3980172845 0.4376352847 0.3311367623 0.4000116118 0.3652528303 0.3557222136 0.3010974938 0.3666495152 0.2551316024 0.3186108805 0.3677263635 0.2353315938 0.2864729172 0.259819048 0.2830431288 0.2864190257 0.2928012497 0.2701348977 0.2940917776 0.2055187757 0.3228675875 0.2475662179 0.2340219921 0.2605844449 0.2786350204 0.2987456891 0.2558200127 0.1530774436 0.2311345849 0.2003990889 0.1892932482 
0.2249367803 0.2063680567 0.1374072748 0.1932730032 0.1893904616 0.206122254 0.252307598 0.2310204615 0.2308428564 0.2347494606 0.2414934527 0.2242887179 0.2234593847 0.2852790209 0.253692018 0.3293969257 0.2549059203 0.285155725 0.2441065733 0.2265784831 0.2433871504 0.34267529 0.2566025621 0.3187424415 0.3493805987 0.3665661287 0.3654846339 0.332786275 0.3190717309 0.2648993987 0.3133400466 0.4136295111 0.3948193708 0.3953322935 0.3302060928 0.3777962103 0.3549707649 0.3561803422 0.3381859648 0.4643810279 0.3648981879 0.409777348 0.6298908261 0.3609471468 0.4094046478 0.4184522465 0.453525186 0.3778325916 0.501015649 0.4668933511 0.4220296342 0.3573709012 0.4150929751 0.4314966372 0.4165065796 0.3746648746 0.33555543 0.3955304607 0.432814896 0.4805005058 0.5212052003 0.4401509141 0.4696769521 0.5395611798 0.4404814082 0.3722514625 0.4117256932 0.3529161576 0.289824278 0.334028665 0.3102082044 0.2565292743 0.3338671108 0.3915441999 0.3532246427 0.306307613 0.2993403846 0.3328578618 0.3076551294 0.3755887321 0.2800654972 0.2548647386 0.2431762425 0.2589458552 0.2398801848 0.2487214174 0.2575286173 0.210057298 0.1833646805 0.2207374874 0.2875214189 0.2410171536 0.2852959272 0.2135508903 0.2256358684 0.1841244451 0.2045284246 0.245450048 0.1409923115 0.193555957 
0.2081564456 0.1345689991 0.1585668022 0.2164407031 0.2211842181 0.1386540589 0.2391285573 0.1901189745 0.2950221151 0.3142438045 0.20022364 0.2198888485 0.2312586382 0.1967427852 0.2479742644 0.2656357778 0.2696444317 0.3122594267 0.3157892874 0.354447869 0.2764565834 0.2515795091 0.2550866886 0.2793613343 0.3724242315 0.3122678225 0.3738888607 0.353426197 0.3066429361 0.4346616644 0.3488807743 0.3389141487 0.3716448291 0.3431395422 0.4402392614 0.3623644108 0.4285768892 0.3631807934 0.339831439 0.4422136354 0.4345854823 0.3717386125 0.4053934647 0.3923916825 0.4801718728 0.355814499 0.3413570032 0.4764026016 0.3943949469 0.3852172301 0.5322933553 0.3399654999 0.4030732008 0.340196943 0.3482981346 0.3774757349 0.431868949 0.3638748373 0.5030977165 0.3526772991 0.4954249251 0.4803740791 0.4510174614 0.4546464511 0.4227330036 0.3275014147 0.4535350157 0.3429329512 0.3244516152 0.3475917194 0.3449322111 0.3781334499 0.4807485996 0.3453654597 0.2919882395 0.2948240461 0.2968788253 0.2486650522 0.3350634697 0.2529076594 0.3834667356 0.2989297705 0.2356966099 0.3257985722 0.2368580879 0.2554520037 0.2719730706 0.1821011004 0.2851762759 0.241441941 0.2307546489 0.23693595 0.271454096 0.1941489204 0.1703595979 0.2554456152 0.2578085591 0.2267053843 0.1825766022 0.2138841467 
0.1941413731 0.2002361176 0.2192002676 0.1779007531 0.2513708337 0.2123881087 0.2905920941 0.1836201806 0.2035411297 0.2401376639 0.1933540819 0.267676513 0.3078536381 0.210226586 0.3602947267 0.2348477645 0.2556571109 0.2749600668 0.2604786979 0.3229194193 0.3038759735 0.2968960723 0.2714401685 0.33787956 0.3248242767 0.3144326672 0.2973740865 0.3506837584 0.3893402662 0.3750017192 0.4488779331 0.3163272667 0.2709555233 0.4306019917 0.243526029 0.4123899281 0.2887587717 0.3243569027 0.4092629951 0.3702647972 0.3746262079 0.4147519833 0.3819614135 0.4294082187 0.2958474528 0.4756262328 0.3795043994 0.4623070019 0.4122779664 0.3284810792 0.3631402001 0.4190168394 0.4193508165 0.4229232163 0.3790355236 0.3751176483 0.3703868054 0.4328841824 0.3305809133 0.3905829553 0.3614673337 0.4890994071 0.435853123 0.3793405602 0.4150108911 0.4355394512 0.275969146 0.3242253297 0.4253309068 0.4559268407 0.3564184909 0.3891532232 0.3819562906 0.3719081617 0.295032747 0.3568518818 0.3446035911 0.3065007816 0.3270604398 0.3466646801 0.3040174296 0.3855667492 0.3003921233 0.3840527764 0.3141636072 0.2768039127 0.2180009873 0.3269689485 0.2397782274 0.2716844022 0.2944038156 0.2266552336 0.1830875625 0.2618978862 0.1689253196 0.2695190824 0.1681652666 0.209283058 0.1443309898 0.2358274547 
0.1760252791 0.1692192847 0.1397607583 0.1989375135 0.1758704658 0.1896988971 0.1863126506 0.2804653737 0.2543154667 0.2887780434 0.2147095982 0.2931401303 0.3314355112 0.2030014472 0.2782407899 0.3225640066 0.3427391454 0.2314548631 0.2741549729 0.2693756949 0.3041994521 0.3485622037 0.2911200974 0.2892902195 0.3632044359 0.3780705828 0.3755078676 0.4750972445 0.3264387078 0.3945983529 0.3366997048 0.3493067705 0.3315077569 0.3567862009 0.3768051308 0.4022061426 0.3349753447 0.3723867505 0.3850821686 0.3721431509 0.4786565367 0.4507917095 0.435507087 0.325122714 0.3497389997 0.4756559301 0.4567740573 0.3934351105 0.3574529309 0.4108091722 0.3827643824 0.4790907806 0.3221580406 0.4386176591 0.3980466768 0.2963995062 0.4060746788 0.4135958041 0.3373484314 0.3828434173 0.3766180028 0.5997190451 0.3880501792 0.361068817 0.3642585843 0.3647601689 0.2894882707 0.3922562716 0.3890146977 0.3386541977 0.4064847577 0.4496551165 0.3241322881 0.3870897375 0.3788339268 0.3212355053 0.3246187772 0.3212183259 0.4043743197 0.425050285 0.2999017347 0.2767324563 0.3104010713 0.2851293671 0.2838399648 0.2807603058 0.276501444 0.2741853181 0.2956619875 0.3057307742 0.2155639543 0.2160701823 0.1825530328 0.2061183969 0.2308878413 0.290707043 0.2084262349 0.2142059405 0.1833197921 0.1911395208 
0.1615359391 0.2004507595 0.1757268386 0.2262068336 0.2013172387 0.2472549249 0.2462121537 0.2116860788 0.2211979 0.2746000811 0.2786498607 0.1605700714 0.2322052116 0.2945151303 0.2732743076 0.3093538816 0.3360585581 0.3514040765 0.3339296251 0.341370887 0.2273184778 0.3681489728 0.306851647 0.3711871518 0.2332505182 0.2658220779 0.3219412081 0.299491401 0.3863848001 0.3819087465 0.291251038 0.3031580653 0.3093782619 0.2869497996 0.3725538851 0.4884054212 0.3715567528 0.3894251887 0.359938304 0.4035824849 0.4178910423 0.427520134 0.3881782765 0.5323051855 0.4291378586 0.3530382255 0.4275412319 0.4569260215 0.5207102297 0.3878499922 0.4191315445 0.4297639552 0.3508415314 0.420627834 0.3374171215 0.423178832 0.4195214999 0.4128043221 0.4523166462 0.3940997051 0.3918939814 0.4741440182 0.3780311796 0.4112376664 0.3828904257 0.3723014332 0.36219349 0.3391744965 0.3523151836 0.3687775798 0.337671063 0.3034652915 0.32118819 0.4152012914 0.2934731964 0.3184281701 0.3278635712 0.3402794477 0.3184441042 0.3172570992 0.3801396224 0.313664246 0.231266781 0.2627807716 0.2098412279 0.2663057779 0.3421976954 0.3034301165 0.2582909506 0.2962721308 0.3065769326 0.2725378531 0.207944914 0.1505323496 0.2633078572 0.205054273 0.2462334453 0.2725142988 0.1688830259 0.1386858627 
0.1774653378 0.2110885602 0.1666848667 0.1989971619 0.2502419609 0.167498498 0.2358029694 0.1766119076 0.2146798108 0.1575236926 0.2987169832 0.2638034892 0.372600343 0.2455191557 0.3543367549 0.2415124217 0.2971260463 0.3608454504 0.37064846 0.3848395389 0.3464105005 0.3545917611 0.2812675479 0.2853119987 0.3617257381 0.3477085245 0.4036037965 0.3102461677 0.538242087 0.3022445783 0.3078968799 0.3628138707 0.3761132475 0.374252923 0.3910718859 0.2922166556 0.3328690811 0.3821622922 0.3759204418 0.364049401 0.4032180696 0.4265682419 0.3710087686 0.3802831121 0.3103341809 0.3973334037 0.4752144661 0.3707404919 0.4580986407 0.4039894668 0.3810549326 0.4342290567 0.4274881414 0.3661622536 0.4141080716 0.3548325318 0.3470664276 0.349691364 0.4432568954 0.3406817015 0.3501954509 0.4565542985 0.3579696368 0.3826491328 0.3887855571 0.3826459154 0.437778042 0.3592562935 0.3766661508 0.3718328576 0.3725760617 0.2635310221 0.3900646031 0.3099514578 0.3197281972 0.3311552847 0.4216754028 0.3272542949 0.3381995897 0.3579380023 0.3781328976 0.3485013188 0.2453604809 0.2955148274 0.2824089973 0.2713661769 0.387285476 0.3121963367 0.2764366824 0.2031352104 0.239638853 0.1628009219 0.2489231137 0.2793003345 0.2039170938 0.1557556291 0.2849540744 0.2271930427 0.1988048084 0.2448184737 
0.1787947288 0.3435564869 0.1706186307 0.1941475397 0.1926719691 0.2292954251 0.1348529131 0.2555757883 0.2650551661 0.1787812909 0.2790536821 0.3135398074 0.2755014147 0.3207233815 0.2718109228 0.260645261 0.2015352794 0.3514196313 0.3386236723 0.3514277275 0.2313021365 0.3962233596 0.4639583856 0.2425188417 0.3669652053 0.4312624076 0.3366403794 0.3649346119 0.3823284801 0.3116077155 0.3510379187 0.3848868207 0.4161790877 0.3301594933 0.3037029965 0.3601577218 0.4166204337 0.5387389831 0.3554196814 0.4003064415 0.3584058951 0.3507338779 0.3675150323 0.3527884646 0.4479329636 0.3826969185 0.4287086927 0.4043433887 0.4327344262 0.4447388345 0.3580266333 0.3018532726 0.479585316 0.4721856988 0.4141237597 0.3770027958 0.4585211753 0.4908605911 0.4080126292 0.4676306256 0.353344846 0.4520503562 0.3333696353 0.4115650749 0.385649582 0.445777945 0.3573960438 0.3654145544 0.5206271181 0.3688786709 0.3651311616 0.3894345586 0.3971480797 0.2893323539 0.3259363945 0.3020965189 0.3839091098 0.2880932478 0.3457372644 0.2400878774 0.3405114146 0.2529225567 0.2261682745 0.2610455686 0.2708217493 0.2562266563 0.2852414055 0.2204370024 0.2593782273 0.320258037 0.2670850774 0.2124752717 0.2815972882 0.1957373745 0.1907903287 0.3018288362 0.198789894 0.1800667822 0.214198787 0.1811812437 
0.1927740084 0.2201027227 0.2044980271 0.2427821872 0.2473049707 0.2473888017 0.2195577206 0.2431779736 0.2911361139 0.2491907138 0.2599382151 0.241935295 0.1873401344 0.2872420524 0.3284060914 0.3303606298 0.3509620186 0.3556045662 0.2517394576 0.2224661933 0.2661109335 0.2821790419 0.2859817602 0.3255700675 0.2937192421 0.3577108877 0.3768051866 0.2907693796 0.3608258218 0.3709316592 0.4193442303 0.3959038658 0.3830328481 0.3883449252 0.3058386579 0.332227414 0.3704007279 0.4321940595 0.338576639 0.3824341312 0.4095664931 0.3650592764 0.4300798572 0.4085120964 0.352270327 0.4306774786 0.4123553047 0.4438491074 0.3820353321 0.3999404713 0.4761040738 0.4394309915 0.3796578526 0.4565888719 0.4221610605 0.3151865347 0.4033895051 0.3354448588 0.4346471879 0.4608305242 0.3221670394 0.4165219141 0.4469107836 0.3749173798 0.4022443472 0.3418338753 0.4085435901 0.3745980784 0.3228821763 0.4319553141 0.3311854704 0.3453938898 0.3341131474 0.2957638044 0.3468731938 0.2656057291 0.3970449558 0.397477347 0.330362224 0.3877444197 0.2592919878 0.2672157608 0.2797409934 0.3765507352 0.3395138266 0.2598927063 0.2319414598 0.2294722868 0.2797289808 0.2115781111 0.213857086 0.1556232694 0.2211872137 0.2412708516 0.2354549934 0.218090872 0.2479552066 0.2035851061 0.1748017201 0.1716971925 
0.2078317709 0.235104533 0.2092828906 0.2305515995 0.2176912638 0.2296458724 0.171637953 0.2244205815 0.2755119894 0.229034388 0.2307848437 0.2947323471 0.2321500412 0.2167016644 0.2645754802 0.3288252094 0.3046508466 0.2923538546 0.3629956093 0.2630441656 0.3802787051 0.352712799 0.3775367551 0.2871946697 0.3212693855 0.3022119903 0.3294383888 0.3554668529 0.2945734315 0.3953181276 0.3525703593 0.3222672797 0.427562484 0.4667368055 0.4171794309 0.3663344145 0.3908900711 0.4249918008 0.3649931115 0.4666316206 0.3822738528 0.3634373729 0.4691905685 0.4147410529 0.3718760857 0.4430585212 0.3686075896 0.4366505776 0.3979425355 0.3930029459 0.4453262721 0.3728410337 0.3667261404 0.4109395783 0.3981743261 0.3770416957 0.3490146691 0.3958283111 0.3807037235 0.4937859034 0.4628763008 0.4182519429 0.3285800266 0.4168226016 0.3416274321 0.3557588218 0.4063326762 0.3279609042 0.3837343913 0.3211324691 0.4213002977 0.2943311616 0.3076579616 0.3418399032 0.3199019886 0.2964368878 0.355013256 0.3108938004 0.3137942519 0.2603079744 0.3226891882 0.3743530919 0.2689508367 0.2838139643 0.2898391468 0.318154722 0.3110502551 0.2466985674 0.1871712378 0.2995942573 0.2222099423 0.2597814449 0.2305332068 0.220346488 0.2447918128 0.217383161 0.2542417877 0.1483877049 0.1401757329 0.1912307237 
0.1515951939 0.2192577885 0.2068624136 0.2405635016 0.1969489526 0.2045778757 0.2644233535 0.2837118463 0.3181271481 0.2689902259 0.2621563513 0.2744558385 0.1578844658 0.2690726212 0.2658785729 0.3313749595 0.2611780573 0.2179316402 0.3535665641 0.2774168979 0.2863950549 0.3130883589 0.2912500011 0.3456167258 0.3146407199 0.3813516166 0.3415759084 0.3303307007 0.3307145813 0.531319337 0.3217012935 0.4060808854 0.4320490695 0.3537308798 0.4303153202 0.4158255723 0.3158363817 0.4305338639 0.4325264594 0.3839598625 0.5012467591 0.4375661662 0.45803444 0.4685270446 0.3624930261 0.3678671723 0.44486075 0.3495691995 0.4381170896 0.4129281977 0.4008020909 0.4007883724 0.4530719692 0.3937456178 0.3921526297 0.4206081799 0.5042956796 0.4586237393 0.3453234261 0.434196309 0.4749040895 0.3665212942 0.4910778182 0.3911474996 0.3596317278 0.4455881351 0.3649992382 0.305646624 0.4352698588 0.3078281525 0.2943855779 0.48861142 0.325143066 0.3502196908 0.3454934498 0.2833546406 0.3326703221 0.2646929766 0.355159279 0.264034509 0.2856478832 0.3259249897 0.3350877035 0.3464161938 0.3367028251 0.2739717371 0.2767613015 0.3299944082 0.2045120555 0.259821678 0.2825162655 0.2367234351 0.2050018661 0.2459275766 0.262458559 0.2120228416 0.2227334189 0.22411391 0.1782718923 0.1871330972 
0.1963339805 0.1902055779 0.1972736962 0.1488031484 0.3052259459 0.224430118 0.2528782236 0.1691490482 0.2100772888 0.2747674349 0.2131271825 0.3317234207 0.2545541679 0.2807571585 0.2176351586 0.251698893 0.3228630904 0.392353523 0.3422898367 0.3437295587 0.2571830587 0.2911627625 0.3225296393 0.2868133978 0.3323667656 0.2977433685 0.3690809832 0.2828109172 0.2849478633 0.3634012867 0.3852912561 0.3347236049 0.4471654154 0.3278523321 0.3535590066 0.4227363117 0.3857008087 0.4229843492 0.4952395583 0.3271048912 0.4026034508 0.4468433096 0.3394779292 0.3622711105 0.4144659588 0.4294782099 0.4434653489 0.4343000622 0.4756496315 0.4871505071 0.3788462359 0.3513784368 0.2910873324 0.4341194886 0.4278035329 0.537872514 0.4654554223 0.4146251264 0.455745496 0.3563995237 0.4009335525 0.4242116527 0.3466414115 0.435245431 0.3509539256 0.3253463538 0.3337673276 0.3759298388 0.3903715579 0.3808016097 0.3291453638 0.3509955532 0.2741171921 0.3465058978 0.2930298835 0.327623773 0.3196812329 0.3076334178 0.3377297857 0.3739486491 0.3097720739 0.1803719862 0.3309290218 0.2498155926 0.3464149489 0.2520585583 0.3263474047 0.2147739278 0.2759687272 0.2009038941 0.2143144359 0.2383041653 0.2304164627 0.2960935175 0.2126212011 0.2406484339 0.2019131147 0.1572973584 0.1292026579 0.2141259509 
0.2076193625 0.2352356834 0.1796321284 0.1816135283 0.2636872178 0.2072147892 0.2707734843 0.2048131675 0.2259101702 0.331687924 0.2313544088 0.3119212011 0.3009497458 0.276060966 0.3272281184 0.3141364929 0.273285976 0.2740394277 0.2423712143 0.3228631009 0.2701154344 0.3226033619 0.3371837005 0.3009378725 0.3451168345 0.3289694344 0.3285920632 0.3493574885 0.3008007539 0.3157476508 0.3376101195 0.3982644517 0.3912606222 0.403903415 0.4746352996 0.3436910238 0.3241510286 0.4324206583 0.3557298731 0.3004866646 0.414379171 0.3825298034 0.3867419745 0.4078203884 0.3509937632 0.4225382585 0.5572997979 0.4226163323 0.4019073688 0.4690166981 0.4134374631 0.3627505278 0.4282466697 0.4531272354 0.3568566185 0.3701591701 0.404951307 0.3277599011 0.3644895256 0.389000803 0.4540942356 0.4774150334 0.4088187312 0.2912739085 0.4141652199 0.4136217693 0.3717778527 0.3851718312 0.4780644077 0.3232328408 0.3704742273 0.3461857439 0.4433567772 0.2528108536 0.3403797613 0.321589445 0.2970115332 0.2801924574 0.2685775366 0.3655196452 0.3009830715 0.3039052579 0.3274497004 0.28070983 0.2261962059 0.2041804943 0.272832605 0.2541257388 0.2940237442 0.2334280213 0.2496765561 0.2523700925 0.2446139836 0.1850686763 0.2183855696 0.1764630842 0.1979784139 0.1802215523 0.2136623869 0.1962801578 
0.2520580606 0.2747409559 0.2234670432 0.2139030832 0.2716419386 0.2247422144 0.2226290457 0.2317663014 0.1943976374 0.2038467127 0.2754642418 0.2971513377 0.2470155575 0.3528024643 0.2451111835 0.2802278311 0.3142749356 0.3152468039 0.2646415757 0.3169180606 0.3269513019 0.296399486 0.3397043257 0.2826071601 0.2946463148 0.3595083538 0.3035252175 0.3627422275 0.2916794423 0.3697091796 0.316413593 0.4412939999 0.3755633191 0.3859758189 0.2669904261 0.3681823865 0.3434716596 0.3617173901 0.3774894538 0.406867487 0.4035933378 0.31848997 0.4883264723 0.54380558 0.4811341584 0.4485174981 0.3647946109 0.4931880878 0.4888991784 0.3835631522 0.476149415 0.3159253588 0.4015534205 0.4218945258 0.322249181 0.3364069473 0.3421838428 0.4042824983 0.5295884429 0.5035076092 0.4247847707 0.4399349355 0.4030096424 0.4070189469 0.4158921491 0.4011972637 0.2961783569 0.3325827935 0.2639675898 0.3265956163 0.4116520788 0.4436824994 0.2987010681 0.3141360692 0.3380459858 0.282911146 0.2338594775 0.3099830055 0.3257933291 0.3027812411 0.2740083095 0.3249547878 0.2652719596 0.3065771451 0.3107760087 0.3247213501 0.2792184053 0.2503875074 0.273852334 0.2210744659 0.1778989792 0.2147187921 0.274641877 0.1669346505 0.1841898797 0.1845224944 0.2948993504 0.1766746578 0.1536691467 0.1794021828 
0.135476978 0.246967181 0.170236116 0.208679143 0.1911091539 0.2795629264 0.1988040355 0.2449768843 0.2780576075 0.2049377846 0.2164945569 0.3142329862 0.2430339451 0.2866653059 0.2772856881 0.2781650684 0.2858601875 0.2690477377 0.2333049945 0.2660729783 0.2863890964 0.3534615501 0.3198606698 0.3262794883 0.360976351 0.3525267524 0.3254664554 0.3681833884 0.2858735 0.393683458 0.3589437395 0.2711243289 0.2737702553 0.2933673849 0.4171574624 0.3536524207 0.3805908535 0.3578191864 0.4078853228 0.4226124002 0.387989441 0.4416935128 0.4757799564 0.3444725104 0.4785881143 0.3533483712 0.3885714417 0.4888402436 0.3846272121 0.3236183449 0.4539679784 0.4700298844 0.4578275221 0.4112416249 0.3623954633 0.3847304513 0.3979470769 0.4285113307 0.3527754985 0.4168273954 0.3920695683 0.3571879202 0.4141110704 0.3825744471 0.3698987166 0.3869838565 0.3588639602 0.312388286 0.4585706545 0.3526379125 0.3785361325 0.3819557966 0.3080376635 0.326554084 0.470551593 0.374747605 0.3019349201 0.3217111782 0.2958068754 0.2983789342 0.2457987783 0.2930991343 0.2597917654 0.2485199129 0.2574231624 0.2438859309 0.2345212253 0.2357593386 0.2339087772 0.2484523006 0.2428408361 0.2491293122 0.217922635 0.3099076541 0.1861914251 0.2910583834 0.2319257187 0.1954101649 0.3241219793 0.1720939703 
0.1752796723 0.2518858605 0.2044725466 0.3071420614 0.2140212602 0.2188136374 0.1711402785 0.2015301141 0.2247455285 0.1970028093 0.2643411104 0.218778846 0.288746259 0.3270714408 0.2127957696 0.328684561 0.2496180027 0.2340119909 0.2633663741 0.2972904693 0.3663045766 0.3157349815 0.3411333057 0.2842952728 0.259056233 0.4033608924 0.4245983681 0.3177142424 0.2894701692 0.3486846323 0.4002032106 0.3892268156 0.3787475273 0.3825322604 0.3789549353 0.3500877899 0.3709035527 0.3290714236 0.3785366526 0.3908576032 0.3692338247 0.3475035241 0.4032259324 0.3799782789 0.3695632976 0.332944725 0.3905372014 0.3474378541 0.4042418338 0.4865698625 0.3875827371 0.3523210792 0.3536179287 0.4185364027 0.3952328426 0.2859392984 0.4685028195 0.3659052884 0.4302719757 0.4376349966 0.4217826999 0.469314443 0.470496243 0.4293604426 0.4443024557 0.3849430486 0.3044682393 0.4356311228 0.4156521137 0.4229580708 0.4329203854 0.3483115722 0.3967173534 0.2957076375 0.2923487691 0.3670899134 0.490050299 0.2799178078 0.2531537556 0.3252646921 0.312780848 0.2850286785 0.2301815394 0.2228579255 0.28975517 0.2526121394 0.2261139994 0.2212588127 0.3152397076 0.3048690996 0.3049657641 0.2522771611 0.2061655915 0.2184564853 0.2656422452 0.2254979517 0.2485709153 0.2050400284 0.1903329071 0.1958096411 
0.1693379873 0.2186980792 0.2236485394 0.2227714421 0.2141027381 0.1379643979 0.2482429739 0.2497400136 0.2282523457 0.2121271236 0.2494677065 0.2400950386 0.2420275854 0.2491904132 0.2895879927 0.323652861 0.3702071993 0.3076330101 0.2894641557 0.4321980699 0.3279463424 0.3945055378 0.3694211918 0.35326115 0.3968103227 0.2729893277 0.4112965872 0.3910193295 0.420359229 0.3046949742 0.2560928135 0.3252975524 0.4531942798 0.3640033138 0.336941192 0.3880038759 0.4058637708 0.3122272567 0.4363641049 0.4030771398 0.3859075841 0.39123403 0.5203623362 0.3959706762 0.4343607283 0.4694525928 0.4643028312 0.492052581 0.4341436598 0.3736474605 0.4436573572 0.3891084091 0.3887819379 0.3614104241 0.3721725576 0.4035770611 0.3951470945 0.4135568899 0.4259273498 0.3656946684 0.418633386 0.3624742933 0.5031609172 0.4374597421 0.4733771466 0.3666352414 0.3894450682 0.4187194603 0.3394468607 0.365247862 0.2364409442 0.2888446667 0.3635478195 0.3484781695 0.4227827342 0.3469473697 0.3705985619 0.2891627214 0.1994395114 0.2475754834 0.3186541041 0.1753869994 0.3010048886 0.3743037673 0.3184238667 0.2458634247 0.2265396032 0.2956299898 0.2473577779 0.2163807141 0.1798722318 0.1669450365 0.3369793161 0.2022369533 0.1937285391 0.2076966104 0.1970976963 0.3522612815 0.2489874201 0.1964975875 
0.2008836773 0.2041064602 0.22786781 0.2710005635 0.2349686643 0.219810146 0.2099423141 0.2228746724 0.2905869084 0.2743592594 0.2649418799 0.337891541 0.2253903806 0.328581372 0.2282875398 0.2316032183 0.3420171667 0.2553702993 0.3031608712 0.3321797207 0.3147192947 0.3014939689 0.342175987 0.2940160979 0.3077206744 0.3296709918 0.3263087677 0.3037350861 0.2852804096 0.3585529217 0.3139782618 0.3390482445 0.3550391168 0.3391235554 0.3820741678 0.3441688828 0.4049999351 0.3209804974 0.4316293324 0.4990152381 0.4516741716 0.4180765684 0.4784788692 0.4203874282 0.341979873 0.4059857307 0.4513296582 0.404765275 0.3339764616 0.3812431868 0.4296807731 0.4022215037 0.4325799698 0.4243793078 0.3332901675 0.4010481526 0.3953394028 0.4572328024 0.5004856393 0.4496363551 0.434591546 0.3616120893 0.3417842356 0.2875676189 0.2917190859 0.4076960664 0.390643631 0.4809873198 0.3947847451 0.4781444453 0.3475461529 0.3405748638 0.3467000347 0.3323593924 0.3108501898 0.377444409 0.3205388192 0.3098355324 0.2764259471 0.2887396297 0.3446809561 0.2878548854 0.2966458718 0.2735589646 0.2931101108 0.2007720805 0.2704993821 0.2265652762 0.3367852471 0.1918118135 0.2050570709 0.2445777745 0.2173282799 0.2595760387 0.213408529 0.159912697 0.2153982821 0.191388301 0.1740630144 0.22064562 
0.1949931894 0.2102191434 0.1760345577 0.1983593748 0.2571388608 0.2591883934 0.1839706128 0.2738060303 0.2462371835 0.2115339945 0.3355746799 0.2851652709 0.2612742597 0.249085584 0.2939180915 0.2654900194 0.345320408 0.3461185643 0.2337415707 0.2739194074 0.2974662182 0.2492088525 0.3328754033 0.344853119 0.3908811902 0.3151930666 0.4434858635 0.3653210685 0.3061827533 0.346095151 0.3191973133 0.3045495899 0.3067493157 0.4383604194 0.3928578396 0.3828238483 0.3367488676 0.4626005352 0.3877702776 0.3358017238 0.4407640498 0.5058296488 0.4009726476 0.3428543905 0.4109145738 0.3397196968 0.3857640761 0.3237869811 0.4232924716 0.3834824667 0.4108808676 0.4072509747 0.3588781577 0.4648866909 0.43228649 0.3717600203 0.4347504353 0.3623905636 0.4699814675 0.3719654083 0.4811342 0.4208554016 0.5052005035 0.4337056644 0.3445265792 0.3849465752 0.3682705391 0.4109883127 0.3163141332 0.3874077107 0.3714393427 0.3677800791 0.37797063 0.2574563156 0.2889496964 0.3349599825 0.3116569021 0.3166260053 0.3130224604 0.314063108 0.3659072972 0.23662066 0.2175316891 0.2743633766 0.2395485832 0.3372949044 0.2648332467 0.2127744027 0.2394259344 0.1980268694 0.2555298699 0.214745062 0.244919385 0.2586015043 0.2069439839 0.1873969569 0.1931207961 0.2489881005 0.2913577061 0.1883994192 
0.1981286388 0.1443569657 0.1526402499 0.1940701909 0.2229430392 0.1919220867 0.224085072 0.2759760262 0.2232918569 0.2080584428 0.2650842011 0.2347999767 0.2719005107 0.2337102851 0.2794683627 0.3329541194 0.3580683231 0.3109267484 0.300683049 0.3287107854 0.2462178445 0.2775932577 0.3875925853 0.3303967959 0.3435897864 0.33858453 0.3574998739 0.3612719879 0.3693633257 0.3299683234 0.3637219061 0.3479983161 0.3345138718 0.3854623761 0.3486290254 0.4613090395 0.3771208292 0.3124593231 0.4785502302 0.4064494177 0.4083293814 0.4489584437 0.4169160444 0.4400107868 0.472508197 0.4507641371 0.4329844276 0.494494219 0.4665833095 0.3580031289 0.5053691393 0.392990209 0.4111184831 0.3753874223 0.3571875493 0.3888953929 0.3910261146 0.4957365789 0.3290091134 0.5601516363 0.3714331341 0.4574524633 0.5204572114 0.3646883236 0.3219680802 0.4526886963 0.3523855953 0.3400552439 0.4068713479 0.3631483688 0.4009720956 0.3438397692 0.3864401797 0.3617631207 0.3579289076 0.2985065114 0.299300245 0.2965908217 0.378452459 0.2843206136 0.3009394036 0.2899433667 0.4951269364 0.2741555892 0.2250359736 0.2595170761 0.2373331691 0.2186279281 0.2235659274 0.3199062172 0.2358582652 0.2890619621 0.3880168163 0.2575175239 0.2002430336 0.2334149107 0.2027256982 0.2200487839 0.1947610796 0.221984761 
0.1646404171 0.2996631463 0.2061938626 0.1686331668 0.2426768632 0.2925021579 0.2468183435 0.2078159818 0.3114066622 0.2167800934 0.1939387776 0.2805103844 0.2192203576 0.2676087496 0.3470850105 0.3057473001 0.2698291386 0.2383795895 0.2847923358 0.2852248533 0.2923830695 0.2744179514 0.3131965764 0.2978652208 0.3403064106 0.3039664344 0.3725049442 0.4067114944 0.3007412964 0.3769360399 0.4274373975 0.3764501582 0.3535615001 0.3395525723 0.3725485854 0.3497755354 0.4324583908 0.4551809084 0.3080546427 0.3501937158 0.3875092276 0.4289935682 0.3547926588 0.4437989527 0.5214372078 0.3745531488 0.4449585309 0.4102849467 0.3849963251 0.456170453 0.3569159861 0.5597444897 0.3934881322 0.4337056362 0.3398404753 0.3513470225 0.4394965334 0.3469004783 0.3641861079 0.3646600705 0.3833895719 0.4381248166 0.388051449 0.4059638361 0.3044823902 0.285317493 0.4177227562 0.3183238714 0.3933495929 0.3500489669 0.363476888 0.3634689395 0.3558500261 0.2980262078 0.3831820106 0.3069669624 0.3483583443 0.3270532704 0.2744453293 0.3556191935 0.3005009853 0.3535804826 0.2859888711 0.2826218027 0.2414478534 0.3517447591 0.2252782636 0.2011503015 0.2342300999 0.2650488144 0.2510813071 0.2095292085 0.2018827102 0.1427352035 0.2246970099 0.2114076811 0.2496496964 0.1894531634 0.212255307 0.2022043981 
0.2049793886 0.1511280008 0.2086965644 0.1938649389 0.232842681 0.23114899 0.2442885783 0.3472375821 0.1814518201 0.2875846677 0.3421993199 0.344575758 0.243907309 0.2099373057 0.3199493668 0.2636530857 0.2162442972 0.2646162616 0.391214243 0.2516676265 0.362703563 0.3278604485 0.3800508811 0.3453111776 0.289693522 0.2834670213 0.3758929077 0.3024727971 0.3960861773 0.4181231533 0.3513386629 0.3717000008 0.2671944462 0.4886612853 0.4025546269 0.3268404977 0.4211228643 0.428963378 0.3405434118 0.4409358086 0.3974710546 0.3935363468 0.532673734 0.4967604446 0.3751353209 0.4640612762 0.331157532 0.4136218267 0.4405192198 0.5602450767 0.330819945 0.3762400707 0.4534845438 0.351592349 0.390886703 0.3731899172 0.414287656 0.4148976851 0.407395284 0.4653154032 0.3737062476 0.4382551259 0.3514908408 0.4824808199 0.409833694 0.3663118808 0.3767792437 0.3390538609 0.2935859139 0.3326930298 0.2772174522 0.3071992308 0.2425987352 0.3252511347 0.207271357 0.3285438159 0.3272575606 0.302405449 0.3043104869 0.2677346844 0.3122677727 0.2757578433 0.2446829519 0.225527263 0.3143172989 0.2491620101 0.2668464513 0.3063821017 0.2630399844 0.2801930358 0.1718338233 0.2212006741 0.2724623031 0.2197295289 0.1617436914 0.2308743272 0.2659187854 0.244409032 0.2175222718 0.1573018812 
0.1396239255 0.1072702818 0.170938027 0.2028196648 0.2706872656 0.2012313386 0.1720471319 0.2192841798 0.2198688948 0.2041250537 0.2691691322 0.2946421746 0.2529136494 0.27995764 0.215241513 0.301181214 0.2816660345 0.3119433117 0.3243033633 0.2804767603 0.241761162 0.3394616581 0.307900393 0.3747193603 0.3643613948 0.3555606839 0.3906394702 0.3794994779 0.3970675092 0.379585 0.3396819996 0.3592006511 0.4479489737 0.4193530697 0.4323111402 0.3388841143 0.3668716042 0.310121056 0.3049147371 0.4023318007 0.3433291907 0.4508020188 0.3467427242 0.3865362036 0.4775508967 0.4817338084 0.3732485674 0.3458423811 0.3587474207 0.2859495523 0.3442172707 0.325480871 0.3462215635 0.4756570627 0.4022309232 0.4981144929 0.4038581387 0.4417773552 0.4928802959 0.4250811011 0.4378190326 0.4240787738 0.4054352255 0.2818905033 0.3301401187 0.3891692869 0.3780535775 0.347713274 0.3205858379 0.3446995072 0.3233397803 0.3776545589 0.3212506615 0.3922743307 0.3556478661 0.3647155007 0.296068847 0.4025045917 0.4504288391 0.3352431042 0.3092363492 0.2668039951 0.3375649159 0.295669423 0.2598517202 0.3242786243 0.3175650425 0.2379328779 0.2670967585 0.2983797304 0.2268082349 0.207966823 0.1983704959 0.246856494 0.2129153948 0.1807591983 0.205992489 0.165639717 0.1643509532 0.1781793114 
0.1814137775 0.2234706062 0.2793909525 0.2406232719 0.2012974611 0.2656734999 0.2279555235 0.2053464774 0.1994975515 0.3074642902 0.2350645186 0.1802797102 0.2779999921 0.2273752567 0.2639328674 0.2655388648 0.2815258149 0.2805430541 0.3483403571 0.3628554387 0.2342647878 0.2809105892 0.2893619153 0.3888677888 0.31649857 0.4038846543 0.3398246115 0.4442564643 0.3529846787 0.5348234578 0.412897242 0.439908536 0.3971554773 0.4123345285 0.3761110319 0.4600607976 0.3679547801 0.3184652536 0.3858902819 0.4150245547 0.4846137596 0.4308108968 0.4240471555 0.3987249359 0.404848422 0.4630828963 0.415978699 0.5564117655 0.5403503409 0.4364345934 0.4377176913 0.3291783369 0.3039142204 0.3708761931 0.411629517 0.4351538416 0.4547809094 0.3377910335 0.3365151292 0.5792051834 0.380177385 0.2918890047 0.4182910154 0.3146878613 0.3074951752 0.3940848749 0.3618935696 0.3103594584 0.3144009866 0.3113360592 0.2665037436 0.3224993967 0.2923272583 0.3651245184 0.3811617861 0.314961385 0.3239869381 0.3697573545 0.2574460791 0.2944290462 0.3920978519 0.1577738536 0.241395692 0.3296745886 0.3078632042 0.2357415838 0.2758776314 0.2206013952 0.267456426 0.266778816 0.3208295004 0.2275151466 0.2212111255 0.2499538339 0.2529366192 0.2464106599 0.1953732782 0.2051098003 0.1691443499 0.1879243126 
0.2416155646 0.211715492 0.1475544581 0.1818247624 0.2178220732 0.2310530982 0.2623935436 0.2086706148 0.3425526491 0.3407318251 0.2260824212 0.2130704396 0.2384768024 0.2550301263 0.2212870975 0.3047194894 0.3025312141 0.279804119 0.2432435114 0.3430880182 0.3427636635 0.26918542 0.3593522336 0.2984263376 0.2858506602 0.3594383969 0.2517900602 0.3302211531 0.3357605978 0.4533700998 0.3850070768 0.3456516862 0.300203943 0.306226802 0.3503569924 0.3760283175 0.3713471142 0.4259809818 0.3965140212 0.4139343747 0.403097715 0.4908328563 0.4814027463 0.3449776185 0.3450362437 0.3456963957 0.4718542049 0.497464005 0.3851702515 0.3919484148 0.3804030467 0.4000271631 0.4161813247 0.3565132612 0.4035054259 0.3532523661 0.4924888784 0.3953410555 0.4011576355 0.416558897 0.4564747943 0.3776993462 0.500013949 0.4209789545 0.3081229083 0.3824000204 0.4044166645 0.383577837 0.4349921604 0.3415561489 0.2895088586 0.4069558916 0.3371796276 0.2822126869 0.34238941 0.3753491732 0.3496995502 0.2691735511 0.3524746078 0.2095289141 0.3464893426 0.2105173567 0.3150475001 0.2456753251 0.2690673913 0.3615176864 0.2830416921 0.2500672115 0.342499275 0.2426995196 0.3128414022 0.2008015043 0.2058851681 0.2445277064 0.257911564 0.2313719952 0.2131787438 0.1446560683 0.2044317828 0.2028065356 
0.1792519532 0.2616407448 0.2041099814 0.2315553634 0.2396346961 0.1831304245 0.2055730015 0.3139756732 0.2284606976 0.1984622606 0.2291813853 0.2037136168 0.4084596253 0.2890098048 0.2726423821 0.2446222136 0.3200652506 0.2314666186 0.3212003058 0.2280646733 0.377041614 0.2652493718 0.4770556206 0.3418870469 0.4278483651 0.2930170688 0.3489103956 0.4033997653 0.2794937641 0.3001308651 0.3673309909 0.374633054 0.3061690672 0.3274969368 0.4456695215 0.4501505501 0.3842655023 0.4315515078 0.3457965743 0.4458092033 0.370126651 0.352733859 0.4595012183 0.4161174255 0.4754758821 0.3642126754 0.4133350214 0.4637797254 0.5142746156 0.4250092739 0.3960672392 0.4699865286 0.5383120932 0.5402755526 0.4480992699 0.4340168703 0.274976611 0.4815182111 0.4016806767 0.4295424767 0.3756477568 0.344651268 0.3319705922 0.348495811 0.4175976349 0.3111026403 0.4411514582 0.3074884852 0.3489637967 0.4553592878 0.3866657317 0.3932634667 0.3719561583 0.4059634784 0.3447495759 0.3605994516 0.3499177155 0.3049595692 0.2787540061 0.2932431903 0.29474036 0.2635677346 0.2805985945 0.3011056679 0.3088636352 0.2525406662 0.2702734422 0.249690274 0.3005536781 0.28359813 0.283569178 0.2788998658 0.2498431598 0.1863182231 0.2789238742 0.3060626416 0.1657640805 0.2260613129 0.1929075519 0.1939961512 
0.2064261063 0.2213206441 0.2317870771 0.2921850103 0.2406020248 0.1878776024 0.2607705586 0.3086693872 0.2732631037 0.2212784086 0.2482926187 0.2855920732 0.2503250507 0.2172974219 0.2461342549 0.2701167153 0.2512819051 0.3113746648 0.2489325239 0.2695340539 0.2620909027 0.3066802199 0.2976344141 0.3941793085 0.2774944434 0.3497522941 0.3691960659 0.301427764 0.2728613097 0.3437483574 0.4037222247 0.4038170171 0.3051764008 0.3498278976 0.3627826927 0.4305305446 0.313226495 0.4593273817 0.406764971 0.4016954777 0.4403338959 0.3902360651 0.3298501291 0.4640301441 0.3503488014 0.4598740053 0.4109328107 0.3945114461 0.340149901 0.4228609116 0.4469413164 0.375899566 0.4077228257 0.3564345492 0.4201461549 0.4194685571 0.429757607 0.5037338994 0.3695201844 0.3472313411 0.3469579522 0.4290994587 0.4787931387 0.453745081 0.3062857586 0.4120373933 0.3902051321 0.3170274294 0.453650247 0.3298739038 0.4078883243 0.4382695205 0.3625695264 0.4474787368 0.3098169516 0.3004926341 0.3882985081 0.3601680978 0.3110655991 0.2561457784 0.2997470745 0.2732381659 0.2589732051 0.3341084045 0.2363597881 0.3225866808 0.349487844 0.2366150241 0.269344722 0.2732493292 0.2374932925 0.290917299 0.2781506961 0.2055157025 0.2369139909 0.203811603 0.2673117161 0.1578187838 0.1785201451 0.1501892964 
0.2231955387 0.211464319 0.2857747775 0.1790641411 0.2538759668 0.1374042729 0.292505324 0.2388459758 0.1727699887 0.2630437416 0.2369796029 0.296341133 0.2335028099 0.350107222 0.3273016709 0.2605344942 0.2209848121 0.2563576386 0.3106660248 0.3470158931 0.4158046671 0.323736508 0.285557939 0.2236566956 0.3252050964 0.4313182997 0.2985555036 0.4091496271 0.3698332745 0.407460949 0.3071158448 0.4171361162 0.3230141543 0.3493568801 0.4032537702 0.3424961502 0.4642926098 0.4127613888 0.4207714153 0.3310850725 0.4138953668 0.3418969971 0.3823330681 0.3979772939 0.4249961043 0.4865711422 0.4037698606 0.3014828589 0.4789125326 0.4070905257 0.3224571032 0.3330019546 0.3771422207 0.4707757242 0.4302619283 0.4440124638 0.5216341069 0.4001872756 0.4536126779 0.3831521011 0.3784080154 0.4075936559 0.3820329977 0.4441564419 0.4552639263 0.3946941145 0.2994322895 0.3287994913 0.3563568434 0.3316684445 0.3758136575 0.4432893093 0.3289410508 0.3032755589 0.414024566 0.3089760457 0.3549672323 0.3312816756 0.2513094435 0.3554187768 0.3590262379 0.3574154468 0.3368105352 0.2234873367 0.3357458882 0.2688461386 0.3441246342 0.2162878441 0.3157374215 0.169301441 0.2740375079 0.2813080125 0.2082367826 0.2581739292 0.2256076702 0.1735938875 0.2202170965 0.2951905387 0.1654850614 0.2025386126 
0.2238850434 0.2664859339 0.1709590574 0.2266271205 0.1905512543 0.167157955 0.2204238972 0.2421044824 0.3016289642 0.2650200924 0.2207701135 0.1874023821 0.2373168131 0.2742986699 0.2389554728 0.3127456636 0.2845429206 0.2830229489 0.2509845938 0.3465012383 0.3285686195 0.3075866452 0.2890028774 0.2733747058 0.3395902439 0.285679199 0.375428811 0.3366555804 0.2775410466 0.3534423945 0.3846597303 0.3313278575 0.3963030503 0.4260222132 0.3318910948 0.4360999381 0.3204988929 0.4529059095 0.4202126691 0.4187263449 0.3849919951 0.4218451139 0.36833149 0.4277945435 0.4238417716 0.3869584898 0.3832069137 0.3639098849 0.4150590729 0.4167759967 0.4658671533 0.4437729896 0.500600032 0.4549530037 0.4579909176 0.3513368926 0.4172935374 0.402950177 0.4945955067 0.4132270477 0.4498131014 0.3502109833 0.3956100282 0.386865813 0.4198227165 0.3314069589 0.3388006618 0.3113530583 0.3340147811 0.4716767757 0.3597425029 0.3408030705 0.3161415289 0.3300109808 0.2598030003 0.4286905504 0.3313074075 0.3103988281 0.3552584375 0.2643879796 0.2999963725 0.2762894775 0.2570441595 0.2316833242 0.2471844958 0.2877946984 0.266424643 0.2090893858 0.3125716963 0.2509710021 0.2172083046 0.2210990232 0.2031651098 0.1733184499 0.2217324035 0.2089937441 0.2179440587 0.2206717852 0.2658014819 0.1788941121 
0.1721210372 0.1517428794 0.1982333828 0.252871929 0.2700822913 0.2627458655 0.1582998325 0.1764119968 0.2368956947 0.2347236554 0.2878620975 0.2074276076 0.2083796051 0.2210368928 0.29867121 0.3473800935 0.3258608121 0.3505285659 0.2982003491 0.2704412789 0.2541701637 0.2764888972 0.2905162753 0.3073690684 0.3164910139 0.4317667748 0.2351815587 0.3540680582 0.2694067288 0.3008438524 0.3193986951 0.4504707397 0.3602100709 0.4300343308 0.3434254596 0.3937068888 0.3524681394 0.3730647104 0.3433794324 0.3836287878 0.3740052831 0.4186715108 0.3855205247 0.3503398034 0.4214599305 0.5008957633 0.4272078976 0.3445469086 0.3404709589 0.3261980231 0.409386556 0.3864214218 0.5468666536 0.4413812227 0.3864777406 0.3991785984 0.4276650528 0.4170272329 0.4779068414 0.4144912202 0.4499858217 0.3829800763 0.4716041601 0.4149258439 0.3649540577 0.4995030723 0.362535388 0.4217429135 0.3598742416 0.3506919869 0.3286217056 0.4084324244 0.3110150853 0.3718486335 0.4111510312 0.2439122708 0.3124687649 0.3222071923 0.3252872188 0.3690785512 0.2876132854 0.3222526096 0.2808944337 0.2770693848 0.2623890323 0.2851168514 0.1985977832 0.2043483515 0.21887826 0.2479966214 0.2139541348 0.2386587378 0.233360401 0.2055988703 0.2142338264 0.2105203506 0.2268659056 0.1931458252 0.2133771803 0.1931801518 
0.1545003287 0.168606226 0.2132197651 0.1804713118 0.2330230745 0.186182431 0.2001917266 0.221442214 0.2515649113 0.289397058 0.2665922497 0.3652838408 0.2140675392 0.2870546507 0.3109874743 0.3135038221 0.2897538808 0.3504695826 0.3135611862 0.3110164496 0.3475137096 0.3016117439 0.2524380433 0.2512937767 0.337716439 0.3270004525 0.3273642569 0.3314934428 0.3185682871 0.3945294457 0.3253195551 0.399224817 0.387158298 0.4899323872 0.4245981154 0.3814676392 0.3633668687 0.4016475262 0.3476745869 0.4464548855 0.3805258386 0.3633601197 0.405167458 0.3587404583 0.3969068253 0.3963409135 0.4395531123 0.3620201723 0.5017022735 0.4494056305 0.4650841634 0.3207556019 0.4617857706 0.4365453437 0.3506991669 0.3523475749 0.346170831 0.4229177877 0.477535023 0.3098530226 0.4012532885 0.3561254182 0.4386854412 0.352224506 0.4387625802 0.4602341078 0.3995995198 0.2973411534 0.3436739556 0.3006761189 0.3023724702 0.3316747203 0.3412548814 0.3366327513 0.3465396773 0.3039383651 0.350583533 0.3135612929 0.2513478142 0.2898335282 0.2906749791 0.311881913 0.4196507156 0.310927934 0.3862133793 0.3113028054 0.2515757038 0.2462504606 0.2368414708 0.2546489247 0.2286717064 0.2297873307 0.2292145396 0.18933791 0.2276074396 0.2445888755 0.1796795045 0.195648388 0.1668245979 0.1899928366 
0.2623364071 0.2214015462 0.1692024971 0.2401410274 0.2416525226 0.1864116995 0.2067943175 0.2856042643 0.3716080269 0.2045822842 0.2525708638 0.2444657041 0.3108837411 0.2709907057 0.3044176502 0.2885898946 0.2609261718 0.2931127953 0.2345385954 0.3427927554 0.2094034145 0.2680834877 0.3390052699 0.2954247162 0.339640504 0.3036080844 0.2948459206 0.3434115297 0.3113465607 0.2984032867 0.3821157469 0.486604603 0.3881007577 0.3369929519 0.3636045598 0.4617474651 0.3596067075 0.3354574764 0.4315895553 0.3837708765 0.4306536255 0.4171428141 0.4536277065 0.4296783134 0.4140195089 0.3713858361 0.4675493652 0.4201411069 0.3968073804 0.3886589489 0.4574598175 0.4694672182 0.4644743082 0.3216311952 0.4265145086 0.3916094017 0.3842405365 0.4780901997 0.447641321 0.4840008975 0.456435434 0.36168154 0.3209776546 0.4300368824 0.4154339058 0.3577400137 0.3540575368 0.3771034334 0.3391323874 0.3393518863 0.3064393987 0.3692047602 0.3449307022 0.3155675538 0.3504157656 0.3051614174 0.3266154813 0.4219244682 0.3370681939 0.31529576 0.2848718916 0.2760855582 0.3267455181 0.2406050475 0.3590748796 0.2526277144 0.2605735062 0.2994668881 0.3015413112 0.203198826 0.2253342124 0.186355312 0.251182208 0.2778878552 0.1844374454 0.2072132484 0.2287358949 0.2128340134 0.2528578965 0.1913866873 
0.1924217967 0.1653427295 0.1618461567 0.2720353801 0.191286724 0.1876332133 0.2354712773 0.2543583301 0.2450157917 0.3230383337 0.2554664604 0.2359659701 0.2869207744 0.2460033576 0.2949392399 0.3417663513 0.3052330219 0.2906888569 0.2924995388 0.2878057978 0.3284267628 0.3303673837 0.3153733177 0.3439213725 0.2840365185 0.2499301764 0.2960510083 0.3711660811 0.3278632624 0.3936757836 0.3835372087 0.3772853894 0.3684405996 0.3882292541 0.3900517112 0.3575955791 0.4483106989 0.4026236839 0.3343122805 0.4318770955 0.4530634199 0.4994597665 0.4417181335 0.3180055317 0.3901630325 0.4200190838 0.420942723 0.429443148 0.402987562 0.4058984944 0.5460912448 0.4568401622 0.4461715513 0.401330326 0.3940073863 0.4016865569 0.3513491405 0.4406852002 0.4092587159 0.382443773 0.4216358684 0.4080798689 0.5109187792 0.3640922617 0.4750343231 0.3802894507 0.3789230411 0.3539385547 0.2998961865 0.3410426767 0.2920658658 0.3751365825 0.3978714282 0.3767752591 0.3436686232 0.3560196655 0.2315138452 0.3075549863 0.2922866013 0.3074665801 0.329959702 0.2896459803 0.2213581267 0.1937332067 0.2542620895 0.2296703419 0.2634181109 0.2623473198 0.241897803 0.2689846252 0.2509942393 0.2457183603 0.2285833239 0.2512093981 0.1728960215 0.1719895919 0.1991554924 0.2112629519 0.1776468747 0.1926461532 
0.2165745039 0.2357307753 0.2114096692 0.1836520877 0.1923795988 0.1882951349 0.1975901918 0.2754041321 0.2532867692 0.3511050194 0.2408193351 0.2396290054 0.3567391153 0.2835869956 0.2343368881 0.3290531256 0.2912559172 0.3219196824 0.3071723761 0.2563277803 0.2826370004 0.3129018071 0.3115670986 0.2858402449 0.3228821726 0.3212908247 0.3094944576 0.3547881879 0.3037544481 0.3696567294 0.3488661391 0.3356485197 0.3052026282 0.3607066848 0.4781919319 0.3054655565 0.3925833687 0.3948903501 0.3782415028 0.4112737678 0.4285787795 0.3140598102 0.4178932985 0.4576414233 0.4110959238 0.3688470251 0.3177805748 0.4600880668 0.417240734 0.3787969729 0.4545252 0.3806543206 0.4012650799 0.3190457896 0.4976465996 0.4717751217 0.452546728 0.4461655675 0.5022141885 0.352440247 0.4182628038 0.4111599412 0.3803635604 0.4048887761 0.3998551815 0.4356253557 0.341232167 0.2820621772 0.3292418575 0.4391711028 0.301694014 0.4678937834 0.3235387593 0.2948540284 0.312747328 0.3471361669 0.3310489211 0.358653263 0.4345801208 0.2886685102 0.376628715 0.3274705099 0.2561605047 0.3050635775 0.2694935635 0.3074867033 0.3281600373 0.292118656 0.3493026829 0.1920214303 0.2149653049 0.3317974001 0.312853563 0.1926966056 0.2382420629 0.1655854462 0.2271894835 0.1925165245 0.2160955434 0.2210976985 
0.1381765184 0.2284790182 0.1247178322 0.1573073011 0.1404617009 0.2276590091 0.2856642495 0.2622701258 0.1935246681 0.2817246392 0.2808769644 0.2020945396 0.2471879439 0.3153857964 0.3265724653 0.2397036718 0.2852199795 0.2818309459 0.2654300106 0.3256942217 0.3782181182 0.379768229 0.3543204856 0.2541216643 0.2990494445 0.353639416 0.4614940806 0.3944794934 0.373197541 0.4359234839 0.376105462 0.3663916241 0.3889798345 0.3140428593 0.3290471436 0.4889825061 0.4119189059 0.3784514553 0.397438478 0.3592804994 0.3850860671 0.3547313028 0.463206018 0.4322174026 0.4855527756 0.5288965017 0.3146942878 0.4279854272 0.3599894145 0.4935854368 0.3803152808 0.3095189953 0.4149204632 0.4360552163 0.5336758745 0.4397889266 0.4670121871 0.4077582424 0.4349986983 0.3684129538 0.3217426143 0.3687304122 0.4139445288 0.4547794298 0.385491883 0.3543690154 0.397848365 0.3717115179 0.3733507264 0.3716055456 0.3804803239 0.3326231769 0.3256101798 0.3999536131 0.2739198255 0.285188855 0.2877208595 0.2929924051 0.2662281917 0.3059311125 0.261788016 0.2489795145 0.2923741702 0.3315712152 0.24882294 0.2250722167 0.2918605123 0.2369177437 0.2164880213 0.3320649091 0.2481527412 0.3061694483 0.2578828486 0.2398371812 0.2734331288 0.1873126319 0.1844890064 0.1449461372 0.1594783883 0.1991713824 
0.1275712108 0.1857525283 0.2043058815 0.1728328587 0.2383895534 0.2122887382 0.205594328 0.2107730194 0.2612372547 0.2858509324 0.2328603093 0.2886882867 0.2661557993 0.2872804459 0.2779159047 0.3076167085 0.2889859081 0.2403661405 0.2405462107 0.2308789806 0.275376953 0.3191894515 0.3956161484 0.3269893014 0.2681063452 0.3889569985 0.348322342 0.3837449121 0.3983269053 0.3774302526 0.4700279234 0.3898130687 0.303627445 0.3868187034 0.3505491523 0.3802803444 0.3230279115 0.385997359 0.4201218124 0.3406820406 0.2906915808 0.395901978 0.4106511522 0.3752274686 0.5120719459 0.4297927324 0.4080402092 0.4621830875 0.4729272158 0.4724177858 0.4281782641 0.3750813341 0.4276795269 0.3695584844 0.4571646307 0.358128732 0.4505717057 0.4021907699 0.4704100676 0.4721034876 0.3740531852 0.2706162126 0.3230828104 0.3516933066 0.4719769959 0.3032351842 0.3667178355 0.4284840099 0.3284791472 0.34751016 0.3738880095 0.4079621924 0.3300535134 0.267158401 0.3407636885 0.2661468951 0.3353624362 0.3746767654 0.3364061871 0.2921004328 0.3317525603 0.3533083769 0.3631536686 0.2012338438 0.3081888131 0.3207874717 0.3313331827 0.277295572 0.3200037332 0.2025667954 0.222146965 0.2386601937 0.260814597 0.2204035401 0.2108262458 0.2256130652 0.2140761374 0.2213103296 0.2057199438 0.1840451915 
0.2665249154 0.2197871077 0.1824380703 0.2823004135 0.2310705198 0.2779515759 0.2608623667 0.2389265659 0.2054174724 0.2272287068 0.334253122 0.1794051887 0.2630798951 0.2369057249 0.3306780713 0.2429827109 0.2908087409 0.3259058284 0.2923967188 0.3153960544 0.5046175904 0.2740490373 0.3719095341 0.4068441064 0.3300544732 0.3313306769 0.343892785 0.3387686133 0.3950415298 0.4191551134 0.282627079 0.3496793625 0.3581636162 0.400497019 0.3649018399 0.3957498267 0.3616850358 0.367508376 0.3747409162 0.4284865404 0.4258507301 0.3146111106 0.395315751 0.3490836657 0.3801780067 0.4841480212 0.4500008515 0.42028461 0.4499421668 0.3991772938 0.4126562966 0.3935050975 0.4873390359 0.3760618174 0.3485657539 0.4244334056 0.3582601245 0.3986722847 0.3424740578 0.3818477257 0.4267915574 0.3143174363 0.3919268024 0.381461348 0.391017251 0.5501657574 0.3773482783 0.2970189973 0.3827413195 0.420472263 0.3946945408 0.4006314108 0.2984868268 0.2952587075 0.3338334652 0.2477605029 0.3528565702 0.2955078415 0.2407824087 0.2588860026 0.3216167727 0.3147234017 0.2473182069 0.4048472998 0.2464912434 0.3469073415 0.2666674276 0.2605582463 0.2028771641 0.2220390653 0.2084826846 0.2536111322 0.2121243095 0.1975026042 0.2080994796 0.2116880182 0.2539068396 0.2350464543 0.242350073 0.2021358105 
0.2358923694 0.2108639803 0.1929067989 0.2641450287 0.194071909 0.2300742266 0.206781568 0.2895238211 0.2626533284 0.2623312319 0.2300356615 0.3456480192 0.2695874583 0.3460208339 0.2132865886 0.307107691 0.2288173248 0.2140264022 0.2696792191 0.3333631059 0.3156168674 0.3351645668 0.3180195565 0.2777595991 0.2744415277 0.3844363363 0.3635344899 0.4800319221 0.359039513 0.3409929165 0.3499017248 0.3956362067 0.3962637647 0.2934225468 0.4105549385 0.3688423314 0.4416544618 0.3267900657 0.3488756948 0.4975021205 0.3496580138 0.4199602198 0.3760271212 0.4348098356 0.503851177 0.3769182468 0.3634211468 0.3907068545 0.4983070338 0.4379797219 0.3730024131 0.3992286059 0.4396901075 0.3623240907 0.394850647 0.3541835384 0.4524444143 0.4085132871 0.3757485862 0.5113374538 0.4596200632 0.3090149745 0.4976214718 0.3757138945 0.3296062386 0.3520881155 0.4118569673 0.4541969732 0.3192772477 0.4240571176 0.4105833988 0.4341043654 0.3771119717 0.4074565352 0.2803245455 0.2286049634 0.3889077445 0.3827044543 0.2542851775 0.3428175228 0.2410904863 0.2547830331 0.3565107476 0.2479430739 0.2974592175 0.2736053785 0.2149878534 0.1933280284 0.2015686563 0.1984772186 0.2436593387 0.2248943825 0.2491311512 0.2319415759 0.2539406125 0.2019776407 0.1599822052 0.175897483 0.247411093 0.1301792587 
0.2713245425 0.2264492622 0.270732002 0.1954843773 0.3920247637 0.1606229794 0.2494140288 0.2356678107 0.2665122116 0.2983961385 0.3249970522 0.2423289874 0.2816362442 0.3080604591 0.2579667794 0.2421485041 0.3134446814 0.3153298368 0.2104615269 0.2680018882 0.3268719693 0.3520331914 0.2914314861 0.3224487835 0.2676701642 0.4250168909 0.4315651409 0.46702719 0.2892903719 0.5071789246 0.3261101249 0.392532711 0.3374268417 0.3719483487 0.431782098 0.3657824402 0.2896048641 0.5127184767 0.3757434796 0.4194548889 0.3876988664 0.447396829 0.3685233986 0.4285370176 0.4096315872 0.5092091343 0.359177629 0.396835539 0.3474851647 0.4118427821 0.5101343403 0.4203543833 0.403393159 0.370155832 0.5102412482 0.4584061841 0.4441887922 0.3304770799 0.4545285511 0.4530954641 0.4728956421 0.4653026996 0.4697909803 0.4083796276 0.44375023 0.3421668174 0.3651878209 0.3685009351 0.3446069934 0.3702484775 0.3897898335 0.3930158118 0.3162941736 0.2714560182 0.3113427819 0.3820516803 0.3744675728 0.3626338297 0.2536181892 0.2463551551 0.286559072 0.2266085419 0.2689520509 0.3165938279 0.3042763056 0.2643516698 0.2752298345 0.2294916068 0.2088001759 0.2855672473 0.2307607257 0.268693097 0.2083293128 0.3205618398 0.2891104101 0.2324851153 0.2470669301 0.1856122169 0.1622123381 0.1976214703 
0.2166078377 0.2405718304 0.2286445322 0.2819084372 0.2022651782 0.2333905105 0.2452603543 0.1990420601 0.2815801618 0.2612828523 0.3089482808 0.2756055248 0.3129510341 0.1928521922 0.2083908844 0.2792113598 0.237617658 0.2431459167 0.3210875125 0.3150579704 0.4662250111 0.2905591707 0.2844435299 0.3201371634 0.3414585639 0.2897714955 0.360136813 0.3361943448 0.3700842682 0.3304833881 0.235299658 0.2989638534 0.4235872835 0.3644094226 0.3710101954 0.5004415686 0.4175423356 0.3974041568 0.3753011054 0.3447574332 0.3285352783 0.426931442 0.3844863492 0.3708476428 0.4792002433 0.4517562638 0.5677658123 0.4048039918 0.4143843218 0.3991486309 0.4051677248 0.4482444843 0.4738007462 0.4192134363 0.4786336677 0.4211578179 0.4436673553 0.4237187597 0.3684530594 0.4383100884 0.2988937862 0.3615207682 0.3469344036 0.4362331142 0.4277887549 0.3408224306 0.3843154015 0.3383473202 0.3860434103 0.3669124159 0.2868476286 0.3259059428 0.3480026593 0.2956739013 0.3229769054 0.2542110129 0.2520475753 0.3175182838 0.2940843227 0.2911062073 0.3462659487 0.2572573647 0.3172889087 0.3084858184 0.2480912165 0.2341606374 0.2605197741 0.2461419411 0.2452574904 0.3473673894 0.3101514601 0.2029516434 0.1895304216 0.3065643589 0.2505033858 0.1745048221 0.2301224986 0.2468598279 0.1962206156 0.2339368952 
0.1546019065 0.2134368479 0.2712349903 0.1907449981 0.1923388361 0.1799209719 0.1908943715 0.1571747549 0.2035527264 0.1986813984 0.2347182922 0.3645828706 0.327316623 0.2134041129 0.2473989325 0.2831318037 0.3478280459 0.3657862169 0.2948440922 0.2466287924 0.2751658217 0.3283370888 0.3215675721 0.3170169161 0.3026479936 0.3370624629 0.2672393136 0.3690214692 0.3284646875 0.3383855338 0.3389750293 0.3104672699 0.361888835 0.3850800179 0.2805615242 0.3226509791 0.4671513241 0.3520637851 0.4320313335 0.3932268464 0.3973780991 0.3718264854 0.3586682371 0.4362440182 0.4308699896 0.4186300032 0.5541964302 0.3573204393 0.3259657887 0.4259315359 0.3857085326 0.442038138 0.4328888272 0.389450088 0.3853335007 0.4927717497 0.3163031606 0.3530598296 0.3735517738 0.3995333382 0.2743224381 0.408856713 0.4039851482 0.4168110384 0.3358971913 0.3658874343 0.310067572 0.4283969608 0.3240584308 0.4165707557 0.2954485578 0.4825112572 0.2924532641 0.2996589848 0.3328625596 0.3844875049 0.2674656125 0.2998966657 0.3266614234 0.2710603029 0.3183138492 0.2882141274 0.319509624 0.2498586449 0.2793439514 0.2111510192 0.3631894301 0.2376329878 0.2428055698 0.3143990053 0.2417242895 0.3168529512 0.2487509947 0.2849695566 0.2047523462 0.2628547341 0.2121282398 0.2051934661 0.1753204295 0.1953910595 
0.1711159778 0.1793732214 0.2083462506 0.1282892798 0.1903587674 0.1795995558 0.1873431488 0.2759051509 0.2780117231 0.275021066 0.2619607335 0.2579102962 0.1793045949 0.2409967218 0.3244550816 0.3019373855 0.2303769992 0.2499290655 0.2686341932 0.324044168 0.2947273445 0.3487074047 0.3716623 0.3379981645 0.2808909282 0.3075700658 0.260269679 0.2773280409 0.3551233083 0.3732899878 0.3304970267 0.412001186 0.3685858021 0.381736356 0.4287942616 0.3706612893 0.4070728634 0.3885919176 0.4232245643 0.4318119014 0.3517669498 0.3631506122 0.3556010597 0.3985573116 0.3579263278 0.4403840635 0.3994168391 0.3853701868 0.4223016334 0.4160938115 0.4163754721 0.4568356994 0.4129334324 0.49477066 0.3751479885 0.3997456595 0.4567609687 0.4319703559 0.5012376928 0.3723591209 0.3320075805 0.3885872221 0.4072043714 0.3751196312 0.5198716957 0.2596331771 0.3951793984 0.4929984529 0.3003772217 0.3690223519 0.4393983234 0.3804943273 0.4061305133 0.3290015845 0.3150056174 0.3414424099 0.2998691443 0.263193891 0.2582577757 0.3594244133 0.2906146516 0.3063356083 0.270035135 0.2957263242 0.339956144 0.2768904877 0.1948250014 0.2872946929 0.2901808506 0.2362833284 0.2325158075 0.1862288392 0.1959945885 0.2340121269 0.2705877681 0.1611402716 0.2017484802 0.2006672748 0.2671967659 0.2619910768 
0.1949008658 0.2560836895 0.2085746475 0.1841827629 0.2133879075 0.2759101674 0.2534594888 0.3302844245 0.2117327015 0.2299809954 0.2268612885 0.241897997 0.2902411242 0.2977537739 0.2209230439 0.2366303524 0.2461565463 0.2515109139 0.3793609668 0.4179177095 0.3346246702 0.3100153204 0.3134163051 0.3256640668 0.3403956798 0.4369881161 0.3565469137 0.3153005892 0.3998131483 0.417850126 0.3819632277 0.3105777275 0.3199905616 0.3825826859 0.2972057452 0.3652887182 0.3306956044 0.4371911255 0.458121768 0.3785012264 0.3565492089 0.4177195061 0.3832445534 0.4940327271 0.4056131392 0.4892970948 0.337226502 0.4400861134 0.4147671678 0.3792337903 0.4508473146 0.3527173726 0.4135829203 0.521705955 0.4337444883 0.3171315709 0.316607646 0.4367447364 0.3830472739 0.4477568197 0.3706494402 0.4640584508 0.3410016975 0.3951149993 0.3417304533 0.2982693505 0.3140761859 0.307222287 0.3461057346 0.4435695961 0.386570976 0.3975108065 0.3536441668 0.359356568 0.3455258063 0.2931430461 0.245735438 0.3824480972 0.276234351 0.244602503 0.3265663431 0.2889838984 0.2607103645 0.2827227516 0.2532428861 0.2396196771 0.2333133792 0.2436194791 0.2694218925 0.2639444372 0.2684883304 0.2871613475 0.3080796925 0.259708137 0.2640811796 0.1872722532 0.1718167088 0.1843843179 0.1454228756 0.199743194 
0.1198618392 0.1409630596 0.2666857316 0.2763692354 0.2374543698 0.2386431251 0.2139205866 0.2234765082 0.2079390911 0.2252804017 0.2381018397 0.1925942647 0.2462947177 0.2703254896 0.2803281579 0.2640777241 0.2046350097 0.3019033316 0.2918261245 0.2800775954 0.3536450178 0.3371999166 0.3058739357 0.2760418936 0.3461145281 0.3416268634 0.3926935131 0.3415547578 0.3429692225 0.3728051889 0.3741581695 0.3463102525 0.31035169 0.4388437096 0.3019912625 0.4566779152 0.3773185023 0.4929419454 0.5553771983 0.4680593656 0.442483571 0.4166787107 0.3896524378 0.4612867126 0.445662484 0.407483196 0.4080764238 0.4465409388 0.4305180483 0.4217221651 0.4748831717 0.3620919016 0.5121849335 0.2803413069 0.3892752327 0.3713681543 0.4424913071 0.4630910693 0.4854816516 0.5101538364 0.4294499812 0.4439004116 0.3349534733 0.4043030539 0.3876994692 0.3487340449 0.4586016949 0.318848232 0.3700445035 0.4273023934 0.3456577176 0.3499335942 0.3010837598 0.3769061544 0.3880433828 0.2960837593 0.3554400311 0.3000459805 0.2833741648 0.2648122491 0.2346541612 0.2716510619 0.3241093759 0.2456318917 0.2256633167 0.3022705445 0.3021324962 0.2725310569 0.2656032028 0.2567875795 0.2216904975 0.2648242747 0.2583699321 0.212474208 0.1998858962 0.1790442355 0.2026376237 0.2980625019 0.2039438447 0.2271985089 
0.1976555944 0.2103903943 0.28632814 0.2023191891 0.2339735476 0.1454515051 0.2522197834 0.2060936975 0.2308815454 0.2915930597 0.2968005425 0.2517066757 0.2028550067 0.2933949589 0.1989993816 0.2953235426 0.3132582345 0.2773444286 0.2422603383 0.3124188851 0.2722311081 0.3178564815 0.3289338844 0.329477739 0.3593150112 0.3020939887 0.3143514733 0.3076429641 0.3545901656 0.3209731927 0.3513328343 0.3974929655 0.3973830859 0.4114363687 0.3353896754 0.3214028789 0.3843528653 0.3200220922 0.4606870576 0.4149595755 0.4463008478 0.4132778196 0.3894057068 0.4200223592 0.3428133916 0.3545033856 0.5041771448 0.4737061787 0.3869004124 0.3824490293 0.5406317725 0.3719585812 0.4472623195 0.3762480202 0.4212624163 0.4719768139 0.4423221846 0.2820852191 0.3822274696 0.3429971063 0.3406519045 0.4278918578 0.4344812774 0.4138779072 0.4653596278 0.3320106368 0.38461094 0.3482906262 0.4838206851 0.3736976847 0.3021494603 0.4279090577 0.280993016 0.3944342418 0.2286512796 0.3491835103 0.3877839415 0.2727139865 0.3099325393 0.3281102763 0.3433086642 0.3166988687 0.3367648889 0.2713160377 0.2475147163 0.252511354 0.2912670459 0.3053385076 0.2425580012 0.2644708099 0.2469333724 0.2433368467 0.1773225695 0.1930031152 0.2490396256 0.2062021065 0.274783148 0.2165609341 0.1774230784 0.1499131908 
0.187837732 0.18841721 0.2528236984 0.2241346131 0.1591187738 0.2000972023 0.2410903146 0.2304446429 0.1833482498 0.3027896333 0.2492994077 0.2410796554 0.3813590548 0.1880547706 0.2548507846 0.3396344064 0.2759509321 0.326359662 0.3482196378 0.3054834678 0.3004805435 0.3216629076 0.3828343096 0.376925204 0.2901953125 0.2605693016 0.3363382889 0.3274760635 0.4273020572 0.3825331196 0.3635334972 0.3543149862 0.3719334211 0.4621500738 0.3259379172 0.3844381328 0.4122568661 0.2880857933 0.5255362503 0.4237037447 0.3759364004 0.4020160937 0.3731805458 0.388770139 0.3575994936 0.2981973972 0.4232176334 0.3776659676 0.3654811518 0.4270949608 0.4050929695 0.4535713477 0.4669356107 0.4052438274 0.4474797443 0.3980718511 0.3358819689 0.3869516047 0.3707774984 0.3749806349 0.5077807506 0.3909830232 0.4685331266 0.3999218589 0.4121988158 0.2890535761 0.50236956 0.4053450948 0.3437339784 0.4412751236 0.3349342531 0.3353597948 0.4313845453 0.3594173325 0.3766010704 0.2918150004 0.3151444741 0.2731973201 0.4427747084 0.3348914055 0.2839129581 0.3017169687 0.2927680183 0.2715720089 0.2806918129 0.25912991 0.3457231461 0.2358923087 0.22928244 0.3055242665 0.2318049342 0.2360999091 0.1482130867 0.2702770447 0.2257527646 0.255807571 0.2073986736 0.2323594366 0.1442224215 0.1831921456 
0.1820111775 0.178200379 0.3248725183 0.2234871267 0.1770133299 0.241925352 0.3132315005 0.1731999071 0.2341432423 0.1746701781 0.215736782 0.3134212716 0.2138192334 0.2418982682 0.2598236312 0.2449248209 0.2239006536 0.2802237812 0.2827458518 0.2482683334 0.2408799215 0.2698238305 0.3118459321 0.3291462916 0.3605303395 0.2722801243 0.330437865 0.2567690941 0.4206604131 0.3110062116 0.4586174516 0.3403831652 0.4062394085 0.4253442192 0.357881055 0.3716759358 0.4127188776 0.3410987934 0.3472067466 0.3542884653 0.4062012206 0.3919637669 0.3346333168 0.4029104927 0.4003529337 0.4581271845 0.3773430111 0.3689224274 0.4602638365 0.4237062369 0.4759216406 0.3787506202 0.4054821081 0.2891395654 0.4225517305 0.3969066179 0.4243165049 0.4148393897 0.3721738792 0.3650584576 0.4790138963 0.4276669283 0.4734876861 0.3893098149 0.3914519414 0.3541938986 0.3169745355 0.4218019721 0.4326215112 0.3729310982 0.3022688438 0.3304898266 0.3484825077 0.3857998078 0.3163144228 0.2487809329 0.2769789734 0.4001410473 0.3211770484 0.2928714869 0.2980409655 0.2147018289 0.3707916686 0.2671072363 0.2809359758 0.2651582484 0.250273321 0.2644861825 0.2668011079 0.2166013537 0.2407112914 0.242315447 0.2950341165 0.2188384825 0.2319179366 0.2401518178 0.2264199533 0.2936423562 0.1492862205 0.1712411666 
0.2152133775 0.1842520326 0.2433499929 0.2528462203 0.2356183266 0.232763408 0.2246169248 0.2114300832 0.2538263644 0.1720153514 0.2343110447 0.1406179219 0.3253338826 0.2416151612 0.2953657623 0.3269909789 0.2948060434 0.2761280448 0.2871332648 0.3529717872 0.3308757752 0.3057740352 0.2674097716 0.297719709 0.310029137 0.3142620667 0.3888179166 0.3291073213 0.4641458632 0.4024923348 0.468329592 0.3386554641 0.3432464653 0.3307111493 0.3695866242 0.4402093409 0.4236142933 0.3015053444 0.3201119961 0.4496969863 0.3640781217 0.4670198922 0.4392126837 0.3146239729 0.4406933861 0.3306310364 0.4331449297 0.3508521242 0.3653498696 0.3996220503 0.348162763 0.3202320263 0.3939220148 0.3701699506 0.3541797388 0.4257130712 0.3507785469 0.430246078 0.4530898855 0.3210486827 0.3805249218 0.3643073771 0.4342995831 0.4245894602 0.3442887538 0.4997698246 0.3749688008 0.4212743665 0.4111627879 0.3426518261 0.3866393996 0.2931427956 0.3735821466 0.3057093637 0.392585617 0.2977687557 0.3489737128 0.3016298997 0.3804817103 0.3517973609 0.2549135484 0.3846986791 0.315377765 0.3547976112 0.213141653 0.2152844385 0.2286684779 0.3523999407 0.178261704 0.2353073161 0.2110932426 0.2469945169 0.2154127241 0.2512343992 0.2444773033 0.1840164763 0.1668953387 0.2429446276 0.2182160451 0.2213631304 
0.2087958696 0.1931212804 0.2149631616 0.1649049131 0.2669321922 0.2781929965 0.2384455202 0.2044198204 0.187612672 0.2743639439 0.2913509917 0.2960224294 0.3183700511 0.2693044946 0.3036999988 0.2308933195 0.2605430882 0.3005631304 0.2917262212 0.2808781643 0.255505587 0.2672592775 0.3672844485 0.3834144578 0.3589132933 0.3029504431 0.3359868056 0.432549652 0.4584718251 0.4441719975 0.3205516638 0.3534695588 0.3740964152 0.3661277174 0.336458232 0.3597792438 0.3925259289 0.4058166855 0.4301091921 0.3720921583 0.3781520514 0.4170262154 0.4541577398 0.5186872304 0.3295623986 0.3838602609 0.380579405 0.5493868251 0.5065514928 0.4819112243 0.5108502341 0.3968838383 0.4154392617 0.4622152025 0.3640529905 0.44769343 0.4567020365 0.4369592518 0.4350027921 0.4301576154 0.3418563006 0.4366536202 0.3928480812 0.4263851218 0.441697284 0.4040609409 0.3223086783 0.4136417395 0.3669197752 0.2649781559 0.3668587732 0.3091103655 0.3369756749 0.2776822879 0.3624335578 0.3314136604 0.2756497851 0.3845764771 0.3745802007 0.2907989729 0.3416690709 0.3042884724 0.3057949116 0.2773474714 0.2000899545 0.2612444073 0.3589332442 0.2925569625 0.2662534292 0.2806093968 0.2250344877 0.2474533329 0.2547851771 0.1804586421 0.1776837233 0.1911054256 0.2304896295 0.2747544078 0.1947434971 0.1634623028 
0.1826750713 0.2022753081 0.2511893995 0.1828215951 0.1722048931 0.2431949672 0.3069205842 0.262989787 0.2867249389 0.1676659537 0.1766464707 0.239717551 0.3389197991 0.3541162176 0.2600809158 0.2437067753 0.2812322606 0.2939146382 0.2738367623 0.3365426121 0.290472865 0.373130729 0.2778300277 0.3212121413 0.2489229715 0.3176596572 0.2969986194 0.3371735351 0.2953472416 0.3504989102 0.3716844513 0.4144738623 0.3593508487 0.360373565 0.4404901863 0.3730301421 0.3347920451 0.4573519031 0.3314285612 0.3706996186 0.3563532733 0.346983974 0.4017107192 0.3874073299 0.330891799 0.4634475833 0.3841444923 0.3661492801 0.4503089663 0.3985124033 0.4242621414 0.4885305744 0.38984462 0.3881809552 0.4252778405 0.3767470811 0.436249187 0.3843974017 0.3866221581 0.3997549211 0.4685924995 0.3328408548 0.3992477435 0.3653130084 0.4409735731 0.3259167315 0.4671632649 0.3588628209 0.4222427298 0.3453337851 0.3334777 0.3274204792 0.3272909514 0.2944900828 0.3633949546 0.3780544102 0.3005665217 0.3083916549 0.330341187 0.3104794749 0.3894407632 0.2559247689 0.2903756677 0.2057491289 0.342576891 0.227405269 0.3001061226 0.2477784793 0.2550583028 0.2706483605 0.2146276367 0.2187866528 0.245349162 0.2044776437 0.2441552823 0.1742638407 0.1514797773 0.2080517104 0.1810302106 0.1678082062 
0.1524128072 0.1996456543 0.1924445749 0.1713611172 0.2214784278 0.1882362867 0.251911382 0.2555817727 0.2175014992 0.260747872 0.3240983284 0.2577559926 0.2560389536 0.1744333174 0.3081140736 0.2848467654 0.2966308457 0.2506393937 0.2976695476 0.396809055 0.3016504569 0.3183679615 0.3103265002 0.3134205691 0.3747769105 0.3426654032 0.3465077042 0.3389308686 0.3724702584 0.4202386297 0.3223316829 0.3437017545 0.3302029495 0.437524699 0.4143366481 0.4285393293 0.4224065853 0.3530087353 0.4349367163 0.4058683712 0.3981433064 0.4390247449 0.326599006 0.4605290449 0.3584854491 0.4605227953 0.4165684207 0.4599687696 0.5404300583 0.4787021882 0.5363687868 0.3963664414 0.414841572 0.4709080921 0.458451814 0.3795916104 0.4192404539 0.4078897201 0.4720271554 0.3625448002 0.3746192685 0.4716003305 0.3813248433 0.3629095125 0.3955450347 0.4703547333 0.3728936229 0.3080013209 0.3607546872 0.4017445474 0.3942540722 0.312257071 0.375911184 0.4078376304 0.3777352553 0.3457104298 0.2981569306 0.3169498822 0.3454800104 0.3368273533 0.3312819823 0.2833160049 0.3276806186 0.2386816565 0.3070075043 0.232436806 0.423637928 0.3378473562 0.2612203459 0.2389162189 0.2306115532 0.2471826317 0.229959939 0.2270071956 0.2505158089 0.2042470321 0.1916438227 0.1872566485 0.1856849807 0.2174386962 
0.2007296539 0.145567545 0.1810109906 0.1646411504 0.1981314969 0.1623089195 0.1513982372 0.2631843912 0.2045441721 0.2524908889 0.2288399794 0.2579661078 0.2847328283 0.2843095308 0.3155407247 0.257571161 0.2960063914 0.2291401988 0.2672652642 0.2644643524 0.351151902 0.3521196929 0.3551033788 0.3829708306 0.302067012 0.3530187332 0.2813056996 0.4593992577 0.3007180365 0.3236951016 0.3233548355 0.4070640845 0.2865724597 0.3354893091 0.4020753078 0.3305754624 0.3587691532 0.3922291737 0.3991465872 0.4815551931 0.4236604812 0.3784059543 0.3817398749 0.4342542886 0.3672603657 0.4701686261 0.3377444045 0.4366587826 0.4702745299 0.4617719751 0.3749477381 0.4171440511 0.3793523855 0.4077556835 0.4887243129 0.4021658658 0.3322525905 0.4389495174 0.4219766972 0.3928865661 0.4333959736 0.375370734 0.4176259761 0.3767439035 0.4337802341 0.4117763035 0.3413186462 0.2959176219 0.417186649 0.349050679 0.3902989019 0.2884421417 0.3709565749 0.2729893131 0.2896708816 0.2946478798 0.2971271252 0.3462100303 0.2884483626 0.2735227973 0.2868629983 0.2864767222 0.3455428225 0.2510126724 0.2768993901 0.2928559866 0.2825011646 0.2767377679 0.2484470171 0.2011770634 0.2780845712 0.3769252528 0.1825743911 0.2453966727 0.1794481102 0.2528016542 0.1602028676 0.1671707462 0.2763323457 0.2334684038 
0.1753935515 0.2067596416 0.308324371 0.2314563781 0.2050256717 0.2039830332 0.2278566693 0.2440388432 0.2619118148 0.2867862742 0.2217677465 0.3060543472 0.2606318696 0.2315273786 0.2383691628 0.2787144213 0.2745449877 0.3108240293 0.2578992105 0.2660477172 0.2515442773 0.2197795638 0.262364531 0.3113175699 0.3253313376 0.2777939959 0.3489525191 0.3389637673 0.3550600529 0.416418938 0.40386779 0.2881428435 0.5206985374 0.4287123304 0.4142998512 0.3694859866 0.3736362864 0.406269167 0.4139096329 0.4340551939 0.3697385636 0.3054726953 0.4937561176 0.379334308 0.4570250014 0.4592955389 0.3917766141 0.3928669716 0.3629546012 0.4523177882 0.321547671 0.4523529052 0.3879627892 0.4224324628 0.5047456982 0.4570541909 0.4714149708 0.3488627527 0.5344213885 0.3792074583 0.4486380796 0.4609369208 0.4264364389 0.4158693884 0.3067148398 0.4375260992 0.3637989743 0.3797920506 0.4275002567 0.3439521697 0.3609244875 0.3494161931 0.4153216351 0.3178244918 0.370254932 0.3965213142 0.3224234323 0.3408079208 0.3274055838 0.3280446841 0.4269587183 0.3378837057 0.2912598144 0.3614650537 0.2104697686 0.3253417571 0.313363648 0.2220400068 0.2504311944 0.2578937009 0.2383314273 0.330191227 0.2421564531 0.1794411032 0.2275064347 0.2654432091 0.2584211901 0.2698944843 0.2001975996 0.19233606 
0.1528342076 0.2356043582 0.2003909025 0.2350300137 0.1895625203 0.2245381338 0.2917185954 0.2130111929 0.2565129133 0.1908310442 0.2437414193 0.2834014271 0.2694749546 0.2696229494 0.3121789507 0.2626377615 0.2356509644 0.3321226127 0.2880635169 0.3074759366 0.3173282944 0.3140851158 0.3089561756 0.3113091148 0.299647475 0.3284632358 0.3934389323 0.4021253286 0.3349624478 0.3571444855 0.288661573 0.3136178549 0.3524862105 0.5081990415 0.3855682398 0.4150144306 0.3596769282 0.4319318235 0.3841630757 0.3909743753 0.3426371773 0.3591853686 0.3739173775 0.4311017019 0.4585533685 0.3763708615 0.3303131271 0.329843119 0.3939708966 0.403017301 0.3854667878 0.4341004928 0.350914779 0.393890068 0.4646916686 0.4599713606 0.4162804231 0.5190620048 0.4002431034 0.4134890427 0.5116625436 0.3565275052 0.4257999116 0.4221236796 0.3035515807 0.4076913572 0.3821099467 0.4476653179 0.3707172807 0.3839536041 0.3848625593 0.2431420994 0.3948689367 0.2741859458 0.3364593192 0.3135014854 0.3233150872 0.3350905091 0.278664648 0.279350337 0.3742946515 0.2327672746 0.3007190565 0.2519580124 0.3382202524 0.2531808859 0.2380266475 0.2799203065 0.2140808939 0.2340092404 0.2699119587 0.2503074913 0.2875677041 0.2084064657 0.1909215717 0.2321492578 0.2253840708 0.2508716882 0.2596006099 0.2046123966 
0.2013007055 0.1786599359 0.3152151671 0.2969330346 0.2026402001 0.2021821494 0.2092771475 0.2073205769 0.2621943792 0.234937568 0.2447073813 0.2396493055 0.2206477766 0.2960471371 0.2040384162 0.2994264678 0.2875392655 0.3291098422 0.295915516 0.2532741231 0.2998535845 0.3293917549 0.3122273492 0.3066066011 0.3216525746 0.3342479034 0.3320440773 0.3242050625 0.4108640929 0.3558998357 0.45158247 0.3618325673 0.3448686731 0.3289771899 0.3486932085 0.4329222473 0.4228160472 0.4075862173 0.3913346014 0.333086106 0.443540706 0.4479736077 0.397517727 0.4482110235 0.5010535556 0.4045017131 0.4107484031 0.5303707744 0.363431405 0.4343194391 0.3976580517 0.4327824446 0.4191605833 0.365824524 0.3491875486 0.3129989313 0.4621816594 0.3838676466 0.4056229125 0.3772915838 0.3438218234 0.3709016174 0.2990984902 0.3916704974 0.3875977177 0.3592629466 0.4017770953 0.3063497327 0.31997845 0.3480268951 0.4438109148 0.3955161838 0.2737266032 0.3208212252 0.3298559481 0.44826929 0.2775549984 0.2753199964 0.3040999486 0.3470131095 0.3220923311 0.2607144385 0.2884184237 0.3124995342 0.2908787463 0.2932891569 0.2504539229 0.1931511597 0.2211870148 0.307881793 0.233604887 0.2131838672 0.2669233196 0.2053729127 0.185629824 0.3230095386 0.1638700781 0.1667211995 0.2488642487 0.2977784068 
0.1660993204 0.1311412832 0.2693049514 0.2315203177 0.2668877388 0.2592485303 0.1929918018 0.1606093301 0.2534971669 0.3031452969 0.2348645819 0.2535084638 0.2147484225 0.3093621502 0.2475055901 0.315457535 0.303306537 0.3295765705 0.2284734823 0.3102520689 0.3106188953 0.2737838392 0.2876668041 0.3572936007 0.3082666652 0.2553274978 0.3029744274 0.2995986039 0.2789177157 0.3673580867 0.3721275743 0.3805390275 0.4015054299 0.3656301601 0.4019389203 0.2810593665 0.4127696745 0.3165207821 0.530019574 0.383457895 0.265335395 0.3274513043 0.4224558285 0.4612481621 0.5122122629 0.4222266932 0.3669288674 0.3688281805 0.4683087333 0.3578552065 0.3437357226 0.4444892115 0.4200737191 0.4138389754 0.4012252597 0.3158081456 0.4409984909 0.4324768146 0.4177994318 0.5284313745 0.399615681 0.4108901659 0.4012561903 0.3615658093 0.3111138163 0.3350774089 0.3861017531 0.3451590293 0.3966726432 0.3468496883 0.2764602953 0.2351482599 0.3271633605 0.2781650032 0.3274119484 0.267974725 0.320391765 0.2861609725 0.3358843241 0.2991178192 0.2513295285 0.2767670526 0.3251454892 0.2970234859 0.2232932375 0.316192342 0.2599936251 0.3453005109 0.2347178219 0.2627867726 0.1900220022 0.2680200608 0.2752218354 0.1834692755 0.2108566265 0.2073288849 0.1611184068 0.2308532348 0.1990312557 0.1545564855 
0.2699176813 0.2848227739 0.2301763474 0.2134883905 0.1548965823 0.2366156554 0.1775958866 0.3419808648 0.2719047954 0.236030335 0.2330544178 0.2757482724 0.2217738045 0.3087787532 0.203485867 0.2794070171 0.4044221854 0.2762852192 0.2277542336 0.3291785312 0.2990467441 0.3170479422 0.3042001911 0.326018299 0.2768662036 0.3784830057 0.3780895214 0.4374616517 0.4035949088 0.3451298126 0.290952956 0.404754722 0.2769585604 0.36957862 0.3401107548 0.3766674162 0.3690318382 0.3110599774 0.3812725163 0.3511664372 0.3522977679 0.3441644449 0.3974938698 0.4542479849 0.3546061799 0.394118389 0.5059604586 0.4241049565 0.3243078323 0.3429279789 0.4922232159 0.450770287 0.4256033267 0.4588429052 0.3929471831 0.3428401337 0.4249836193 0.4023207272 0.3826531462 0.3575646344 0.5155874646 0.4295188956 0.33425283 0.3862636966 0.333835277 0.2619923516 0.4439426202 0.3533757808 0.3814209351 0.3457560221 0.404457 0.3092936 0.3960156923 0.3102763323 0.3166042618 0.2935331956 0.2593224367 0.2464953472 0.4164996715 0.3581108993 0.3385774208 0.2987689332 0.3824335758 0.3598946679 0.2585301273 0.2876277271 0.2410128144 0.3743882324 0.2241082262 0.2139776199 0.2846264258 0.2781081715 0.2275391736 0.157554943 0.2205408512 0.2349296213 0.2246616214 0.2420799282 0.2506833213 0.1993015016 
0.3538158502 0.2110766296 0.1943270562 0.2286668389 0.197688094 0.2038828767 0.1844349379 0.1929097344 0.2306551065 0.2018642763 0.254162476 0.2625816727 0.2815273464 0.2277695612 0.3114058385 0.2899938015 0.3218579443 0.3333729933 0.343132343 0.2523152531 0.2899128153 0.2780355383 0.3099177888 0.3703096899 0.3262249682 0.3538418124 0.3743942334 0.3575258511 0.4126079021 0.3651045585 0.3267114083 0.2824922754 0.3335328935 0.4346243989 0.3430595337 0.3421957819 0.4445814031 0.4027029855 0.4216648234 0.3879582306 0.3737212569 0.3975625744 0.3547443381 0.4618318459 0.4338713273 0.4165156077 0.4497358488 0.4327273992 0.3754679661 0.3837486494 0.4975402308 0.3131262382 0.4388787774 0.4157533999 0.4580317733 0.2825857195 0.3812463351 0.3526969984 0.4180564833 0.484755883 0.4127176982 0.4637552889 0.3843565776 0.4434457594 0.3656350627 0.3653527813 0.3271517976 0.4040625322 0.3248045439 0.3790623255 0.2798410546 0.3728679697 0.3207291924 0.3650120293 0.3188700127 0.2634544889 0.3409112174 0.2757179763 0.3206016176 0.3131916288 0.3442610456 0.2933368993 0.2642256991 0.2867705543 0.2995288545 0.3486813709 0.3155370983 0.2424951108 0.24757035 0.2470344698 0.2773561919 0.2851008326 0.2167035899 0.2402508751 0.2034811566 0.2018630888 0.1932039823 0.229921372 0.1848864611 0.2180023871 
0.1474297683 0.2715691306 0.2474963967 0.2111271892 0.2161933726 0.1253292574 0.2036791063 0.2294561172 0.2405938471 0.2715847233 0.2030055669 0.1991013096 0.2696483964 0.2539470988 0.316879597 0.2464550274 0.2688670739 0.2597624326 0.2425482214 0.3614434155 0.2715144441 0.2867189634 0.3501400643 0.3067242556 0.271546059 0.3922801247 0.3290549007 0.3744036024 0.3993153958 0.3630610829 0.3649667444 0.4068073264 0.3760597458 0.4090022137 0.3972485111 0.4341975264 0.4245986146 0.4556578235 0.3011762129 0.3491718598 0.4556077956 0.3148817091 0.3729373125 0.3815988754 0.5384747289 0.5325760396 0.3413255446 0.369688366 0.3547042955 0.4234927538 0.5102345996 0.4431512556 0.4005686658 0.4541387111 0.3673161407 0.381077267 0.3417787585 0.4018891601 0.478829152 0.440172743 0.431321999 0.2715825347 0.3879607203 0.4487287251 0.3383378924 0.2866273772 0.4198012638 0.4572632331 0.316890768 0.2942391227 0.3536905405 0.4079996892 0.4332523001 0.4400537192 0.3991805887 0.4040344116 0.3204318124 0.3451821988 0.2875031981 0.3752280919 0.3501956865 0.2878500708 0.3180233909 0.237115867 0.2466959155 0.2594362433 0.2734820152 0.2062274798 0.2564846855 0.3158559248 0.2376258588 0.3828520133 0.2165409298 0.1808745084 0.1887874411 0.1560018696 0.1633335752 0.1781122327 0.1975005267 0.2092723759 
0.1794550066 0.1543170171 0.2445780712 0.2865253053 0.2364071387 0.2357981388 0.2097329412 0.258562234 0.278842865 0.2260744665 0.2854820747 0.2532157883 0.2868485765 0.2277152317 0.2565804123 0.2903204112 0.2157163976 0.3139000434 0.1924721101 0.2775813192 0.2738621736 0.2118181941 0.3744937922 0.331278281 0.3247952006 0.4442898584 0.366605077 0.3395398298 0.4503525875 0.4293859751 0.4161683208 0.3224048336 0.3698955873 0.319954597 0.4200625647 0.4316177776 0.3393817166 0.3992220584 0.4374205258 0.3269580592 0.3569899168 0.3630102459 0.3613334331 0.3731013343 0.4300069858 0.3035202619 0.349296301 0.4252801319 0.4044082359 0.4348621883 0.3628489746 0.4498417532 0.3560145549 0.4189479376 0.4828847883 0.4358965487 0.5924015341 0.3613906673 0.3727836712 0.3746116902 0.3546086317 0.3826773843 0.3079076034 0.4244811241 0.395841466 0.3382207725 0.4488012713 0.380142745 0.3381971779 0.2910999073 0.3977080135 0.3493085167 0.3370843038 0.3968016631 0.3985008931 0.352121121 0.3228883782 0.2871929962 0.2972421192 0.3578968351 0.3439387435 0.3081651512 0.2399713213 0.3465225032 0.2726807826 0.2888781477 0.217253963 0.3434430384 0.3361465907 0.2426337586 0.2630602287 0.2376799063 0.25281104 0.1983571139 0.2172353671 0.2384599771 0.2094728138 0.2729628289 0.2107611434 0.2104729507 
0.1954888756 0.1857817172 0.2219199328 0.2191829665 0.1841082125 0.2220065561 0.2454228412 0.2582295079 0.2153307082 0.2076527865 0.3038756702 0.2007249939 0.2617894941 0.2904832027 0.3131291708 0.2809336104 0.2983853897 0.2769276828 0.2731885829 0.39005537 0.4538343906 0.2864463952 0.3833456088 0.3230168091 0.2635818754 0.3191254095 0.3732289761 0.3028387562 0.3615013937 0.2731416166 0.3334068033 0.3662780459 0.3067458983 0.3036787652 0.3135109257 0.3794189044 0.357236746 0.4121218826 0.4183295564 0.4110794236 0.3729728364 0.4489247143 0.3610111023 0.364077764 0.4356862852 0.3893957962 0.4297085431 0.4268600039 0.3516201912 0.5028759327 0.3552709157 0.3805350184 0.3786962054 0.4922934058 0.3500788668 0.4688906839 0.4386405877 0.5085313518 0.3916850446 0.402734517 0.4160398629 0.4481819813 0.3298754228 0.4522308963 0.4477095669 0.4079414583 0.3382869482 0.3375007106 0.3708491633 0.4434652915 0.3727171579 0.3776398679 0.4193651914 0.3114127742 0.3500203456 0.3685993279 0.2898470752 0.2984887013 0.2279756402 0.3509779104 0.3192446952 0.2831455186 0.3523946844 0.2376212846 0.2815444023 0.3785560039 0.2870504053 0.3516516636 0.2935815158 0.2161312005 0.2574897594 0.2594037802 0.2866880528 0.1851901969 0.2047483816 0.2380063057 0.1427440868 0.2434505798 0.2215503541 0.1792844175 
0.1987431796 0.1935067759 0.2723761681 0.2572083986 0.2097949048 0.2336014598 0.2308908366 0.257401201 0.2450389449 0.2837447416 0.2373122878 0.2257248465 0.2839233486 0.1972207434 0.3502108979 0.4221622336 0.2265627998 0.2106049869 0.3141362919 0.2989134836 0.3529050694 0.3243282943 0.3299382737 0.290169415 0.3508245079 0.3012663569 0.3636447274 0.4266228804 0.3442155797 0.435638711 0.2902632255 0.313815456 0.4134433095 0.4185639758 0.4121609751 0.2990207947 0.3501458266 0.3064309534 0.3653249759 0.3830993738 0.3955818823 0.5150008235 0.359406182 0.330026827 0.4480995768 0.3314484728 0.3173358629 0.3746957753 0.546567269 0.4136019501 0.3655898765 0.4025388923 0.3795488168 0.3623552416 0.3423504132 0.5043387179 0.4225032521 0.4165376479 0.4351900608 0.48246221 0.3010612092 0.3551710071 0.4058660758 0.3641333724 0.3473490615 0.3456630893 0.4028732238 0.4047377153 0.3431748167 0.3692894674 0.3112218178 0.5280216854 0.3583673688 0.3641465074 0.3459971716 0.3112912761 0.2972202873 0.2796521499 0.3356642266 0.3101209108 0.3379963237 0.2949829421 0.2563519662 0.3174940437 0.2631662799 0.1879816504 0.2549139925 0.2577484452 0.3594433896 0.3482886585 0.1899794867 0.2536722341 0.2230419657 0.2174200454 0.23637746 0.2224560137 0.1726985888 0.2154232227 0.2107438192 0.1928583315 
0.2072782205 0.1804129049 0.1425980499 0.1950935184 0.200774429 0.1761762075 0.2489892039 0.1748615566 0.2308662579 0.2478283633 0.230663351 0.2547126497 0.2404679498 0.2140936174 0.2640103162 0.1811233305 0.2818362088 0.2544912628 0.3577733634 0.2812646349 0.2038126682 0.3101905869 0.2909669434 0.2626043329 0.3071772099 0.2739788146 0.2605698634 0.3934078633 0.3236775825 0.378486915 0.3618966182 0.3335065679 0.3511821359 0.3668274892 0.4217577235 0.4018825068 0.3244729743 0.3843899303 0.3235485422 0.3362048874 0.3244631164 0.3193196143 0.4364148342 0.3758421404 0.5122003796 0.4508925138 0.4014594999 0.4024777607 0.3866379952 0.3596396774 0.3204123724 0.3716241743 0.345549444 0.4415954923 0.3914815027 0.4912258564 0.4201519416 0.3346212509 0.4435790416 0.3442717031 0.4245109633 0.4238856399 0.413765604 0.3262412769 0.3016052043 0.4459870572 0.3669355883 0.4783920416 0.4190310848 0.3091134069 0.3802037811 0.4211395284 0.3300605194 0.3354158975 0.4610508816 0.3908918899 0.2683990572 0.3595014737 0.2517143288 0.4412377882 0.3111669572 0.3366327825 0.235856429 0.28897709 0.2540284539 0.3090576518 0.2460789923 0.3199256383 0.2487956805 0.2656620765 0.1779847621 0.2046491905 0.2342926325 0.2402026774 0.2200000798 0.2038079441 0.1572812367 0.1761578986 0.2594149526 0.1578507519 
0.1724695138 0.2255203658 0.1694089686 0.1831007554 0.2242922302 0.2387684161 0.2552435573 0.2597158112 0.2064702828 0.21719404 0.2183376903 0.2397038343 0.2140233398 0.2106849834 0.3632734126 0.2984814819 0.3073431773 0.3986101394 0.2190036018 0.3166978598 0.2477893261 0.3523483891 0.3844984397 0.3327590194 0.3707840436 0.3685785571 0.4036185682 0.3637184278 0.3168138543 0.3911998404 0.3892735391 0.2729467505 0.4132491764 0.4566897017 0.3748151832 0.4003149011 0.4072725175 0.4380044928 0.3539400503 0.3932097744 0.3659738564 0.4503273032 0.4354139627 0.3475247492 0.3580226918 0.3444158715 0.384807335 0.470405576 0.4115923627 0.3740691277 0.3192606943 0.4008411241 0.4577898717 0.5118842237 0.3061483999 0.4094793198 0.4475981866 0.3102449809 0.455447911 0.4061439248 0.4255342262 0.3735683286 0.5176554866 0.3454910217 0.467785277 0.3430783891 0.4472709233 0.3811565826 0.4407591668 0.3744197976 0.3544138084 0.3647631913 0.2954428257 0.3316456796 0.3160470806 0.3376511403 0.336181112 0.3182542635 0.2697107796 0.2643917785 0.3176947724 0.2698924762 0.2621412413 0.2757231651 0.2333731005 0.2259873293 0.2389361563 0.2683174841 0.2671290186 0.2576930154 0.1945335131 0.2495622097 0.260901883 0.2290282709 0.2549941283 0.283141185 0.2389604688 0.1564033096 0.1644177923 0.2147134377 
0.1564435382 0.2318441448 0.2450558229 0.1840524649 0.2434418548 0.2169895196 0.2398843178 0.233960251 0.2821906252 0.1813835563 0.2562124709 0.1806172213 0.2582526203 0.2875993376 0.3144590083 0.4078068562 0.2314638379 0.3419923249 0.2431085993 0.2968637616 0.2484742688 0.3524900817 0.3113035978 0.3650347904 0.2953806568 0.2977883793 0.3364627236 0.3040613874 0.3426365441 0.3677389674 0.3074734225 0.4167083512 0.3630429312 0.3401490133 0.3122385439 0.5107031731 0.3486393888 0.4232476797 0.4759065257 0.3633981552 0.43888946 0.3724147493 0.4291061409 0.4927731707 0.3640627244 0.3887320519 0.4689588656 0.4219745535 0.3588893528 0.3711028135 0.5509694168 0.4157970586 0.4223539389 0.3977727633 0.4736450159 0.4806020677 0.3896811142 0.3414546457 0.3470253387 0.3844175713 0.397448224 0.3998230981 0.3103050602 0.4497957573 0.435421159 0.4115042585 0.3952130035 0.4096889112 0.2864833542 0.344300074 0.2827162591 0.292880654 0.3399474157 0.3387328296 0.2524817643 0.305379299 0.301474925 0.3527093059 0.3069245101 0.2298100862 0.2447216148 0.3419692126 0.3247353613 0.2922391395 0.4138358067 0.3337044572 0.2271084943 0.1830414414 0.2371260477 0.2466884202 0.2074196691 0.301768335 0.2398816955 0.23214462 0.1591076012 0.2403310927 0.2908905578 0.1860175487 0.2011029151 0.1686510256 
0.1978520035 0.2782899535 0.1847739131 0.2870988167 0.1757272585 0.1893167826 0.2556803424 0.2667873947 0.1846610289 0.3224385077 0.2270371335 0.2220652873 0.2033691409 0.2952981464 0.2654537256 0.2791090311 0.2395800163 0.2742920457 0.299019811 0.3213785758 0.2917682256 0.3673547414 0.4390986499 0.397598386 0.3707208013 0.3225568257 0.3769087135 0.4272412153 0.3296713228 0.3322523984 0.3647223855 0.3294425271 0.4109631521 0.3356724798 0.3281676974 0.3415063972 0.4289585635 0.4770062459 0.3650655059 0.4478659242 0.3209396067 0.4577851802 0.4128288837 0.4167519149 0.4151554396 0.4372448844 0.517999846 0.4653872879 0.4090720601 0.5127532966 0.4179315825 0.3672278795 0.3704330381 0.5100929297 0.3920505402 0.3908660861 0.3233011607 0.556802591 0.4670158116 0.3852807142 0.4451940719 0.3643925998 0.4210271015 0.4821130738 0.4434673519 0.45598135 0.4287072198 0.293158726 0.3502339304 0.3274954557 0.3553414421 0.4175969413 0.3191966862 0.3524692802 0.3204027714 0.3124152503 0.4088291839 0.2996637308 0.2921485123 0.365631072 0.3827813345 0.2882452441 0.3232079837 0.2956906276 0.3029648364 0.2148084294 0.2777780978 0.2562125916 0.2522978521 0.2540551576 0.2640676778 0.227775214 0.2112731168 0.2078284295 0.1753821369 0.2772689365 0.25489993 0.2158981483 0.2274532025 0.2123364061 
0.1716644802 0.1873125773 0.2663441857 0.2333556774 0.1901657566 0.1689138537 0.223997795 0.2411970291 0.2515476426 0.230246379 0.2044011665 0.2158903677 0.2869628386 0.3232430353 0.3024045824 0.3030960966 0.2264267169 0.2503968793 0.364742518 0.3313780603 0.3008378282 0.3386584663 0.3106196659 0.2975492591 0.324338031 0.3621114804 0.2552222322 0.3668914369 0.4493790444 0.2945148344 0.2990767517 0.3720899862 0.3604561225 0.3848913541 0.3793218278 0.320556247 0.3225413197 0.3407758886 0.4015455019 0.2984906005 0.3497213262 0.4142825457 0.4542819898 0.3632956406 0.4330823699 0.3459616389 0.3570917448 0.3712695541 0.4438870195 0.4524038302 0.5013132288 0.4439471959 0.4077799062 0.4063479247 0.3549393483 0.3492408428 0.3815396997 0.3810901548 0.3880066189 0.338034429 0.4285066195 0.3550978312 0.3971380553 0.3655414437 0.428582115 0.3960773934 0.3817273717 0.3572916661 0.3542629353 0.3486988746 0.3455622846 0.3808287882 0.4264330926 0.3187330099 0.297715771 0.3693554423 0.3450320283 0.3203826001 0.3250655603 0.3261142084 0.2799364229 0.2730311471 0.2043331783 0.2903838762 0.2424212425 0.2261644103 0.2684559961 0.2893965707 0.2556820784 0.282606401 0.2085592424 0.3438994559 0.2096266474 0.2192120718 0.1842810437 0.2691070359 0.2298810118 0.1605757317 0.1784188858 0.1980146037 
0.1587794658 0.2026323237 0.2211568485 0.1927263034 0.1657379779 0.2660734027 0.2370747214 0.2648688273 0.2496263322 0.2873696661 0.3077393123 0.2660976507 0.2772898724 0.2396250951 0.2223321586 0.2757346501 0.170554118 0.2719306551 0.2998070417 0.2839787162 0.3233884832 0.2154628371 0.3255219832 0.299160026 0.3236870817 0.3697309674 0.3110622274 0.2985538315 0.3225137125 0.3640091183 0.3574319213 0.3274108333 0.4347493887 0.3581156868 0.508480708 0.4432685008 0.4428393241 0.351056619 0.3920625331 0.4135798289 0.4344109522 0.4715358077 0.3831555413 0.401713882 0.4539408835 0.4469760779 0.4705997749 0.4019887703 0.4363308513 0.3446626082 0.4373179446 0.3652154423 0.497557776 0.3575185161 0.4335078721 0.4868041157 0.3898399424 0.3618055274 0.3546858174 0.3619409606 0.4285168651 0.4466539389 0.3545611184 0.3661341784 0.3614855672 0.4404776739 0.3024725039 0.3194550257 0.4111667769 0.3238351542 0.3988589131 0.3518797651 0.431672758 0.3742490802 0.3480968206 0.3868279254 0.2865519232 0.2413088425 0.3895830703 0.2789330428 0.2738017537 0.2701167241 0.2263783821 0.3091687287 0.251902732 0.2883079713 0.308081547 0.2969842507 0.2563055538 0.2135874551 0.2801869832 0.2196575369 0.2956281257 0.192443708 0.2237361156 0.208083161 0.2668757751 0.1941336026 0.1962062545 0.1971417013 
0.1854272884 0.1538973091 0.1705900286 0.1898722769 0.2005287065 0.2082733442 0.1704571144 0.2428065901 0.2390379267 0.2204494382 0.2426858081 0.2435548915 0.3442833328 0.3025653467 0.2721844154 0.248880433 0.3891257852 0.2838454103 0.2675724071 0.4502477067 0.2747401712 0.3001353747 0.2253951951 0.3273751862 0.3822888438 0.3350892586 0.2450836206 0.5032097556 0.277114026 0.3251865523 0.3923206999 0.4009069321 0.4046674761 0.3114427283 0.3345614408 0.3683816077 0.411831794 0.3535066772 0.3746571614 0.2922815749 0.4189836638 0.4575658272 0.3935395384 0.3692877796 0.3477905148 0.367069159 0.3831526163 0.3360565366 0.4136240325 0.4727612195 0.4108467437 0.3759534754 0.4040001784 0.4248775951 0.3907984915 0.3548326012 0.4143840754 0.4181778884 0.4676509625 0.436552396 0.3594923417 0.4172037485 0.3949415498 0.3478347356 0.3751203813 0.4392178622 0.3698814297 0.313386776 0.4172230495 0.3551074698 0.387041353 0.3892358403 0.307605794 0.3241759007 0.3486600744 0.3581431706 0.2884647533 0.4954408287 0.3203825296 0.2121818162 0.3569503687 0.3029169455 0.3502507708 0.2290706173 0.3034582685 0.2892577117 0.2173437209 0.2991670016 0.2723209783 0.2638336868 0.2852636763 0.2528162572 0.2703311966 0.2509183448 0.2169606533 0.2050976719 0.2038477204 0.1904466169 0.2062325528 0.1690628768 
0.1664455129 0.2147116215 0.2175497577 0.227861091 0.2729750777 0.2076947835 0.1902499259 0.1783721846 0.2544277063 0.254151679 0.2633644403 0.2302228602 0.2202130297 0.2449781171 0.3529136144 0.2746840196 0.3297216919 0.2587064725 0.2424771128 0.3659444336 0.3194139205 0.2986987967 0.352176732 0.3417593556 0.4001443907 0.3034593142 0.3591388713 0.3618295987 0.3362521284 0.2964418265 0.3112186238 0.3200078807 0.3734123379 0.4255070022 0.4095339902 0.3791022467 0.3723141854 0.3703146895 0.4491484635 0.3417664209 0.3632031642 0.3636035655 0.3748099179 0.5436600959 0.2557316361 0.3721339572 0.3582519042 0.451263129 0.3864724236 0.3957257292 0.5015440269 0.4483099383 0.3190822419 0.3736825836 0.4146550258 0.4184684392 0.5688112392 0.4584243283 0.441875007 0.3671399762 0.3867451227 0.3545827554 0.3665550975 0.3645034876 0.4788124384 0.381658293 0.3911688764 0.3342487402 0.2924353353 0.4069120026 0.4235780905 0.3079447097 0.3343681654 0.3717271304 0.3948571679 0.3648221218 0.355438664 0.2361784193 0.3171357709 0.3010842312 0.3427163651 0.3434002114 0.2817694205 0.2731117564 0.2456267215 0.2657738815 0.2867030639 0.2532672064 0.2847217769 0.2651197254 0.2315521123 0.3218460193 0.179400022 0.3087814506 0.2075943433 0.2032192208 0.2184194793 0.1783542347 0.1882776999 0.2219905995 
0.1925341224 0.1615243135 0.2138599131 0.1994222257 0.1876166105 0.2713428773 0.3061105397 0.1732237268 0.1902732919 0.3120396247 0.2329678717 0.3503706452 0.2770481289 0.1985551387 0.2629614326 0.3234185035 0.2579693102 0.3085940951 0.3453688824 0.3145850202 0.2790388045 0.3281421697 0.3181763823 0.2623477471 0.3190384381 0.3598138813 0.3074140144 0.3051636462 0.336099864 0.3607519928 0.374535999 0.3573414355 0.3182321912 0.2598283094 0.4101578332 0.4053613868 0.3725561848 0.4292109585 0.4356673512 0.4318862959 0.4464359529 0.5038256735 0.383623139 0.4729029398 0.3032342026 0.3217682305 0.4690858832 0.3734229232 0.4969199643 0.4074054365 0.4121311726 0.5005047739 0.5103213512 0.5091868539 0.488622896 0.3490575259 0.3709109808 0.3383083165 0.4697671753 0.5057320087 0.3421140684 0.4498218951 0.323344473 0.5270565276 0.3548636369 0.3591905881 0.3784572668 0.3997811761 0.4416837334 0.3630194218 0.4195340276 0.3125223753 0.3915933427 0.297077508 0.3235330684 0.3682694676 0.4005815106 0.2876361776 0.3219785615 0.2215495277 0.3012321969 0.3385658778 0.2743754844 0.2068413136 0.2728604848 0.2647431545 0.2035644105 0.1996919939 0.2282048088 0.2962387597 0.2976183989 0.1780620526 0.2456904275 0.209707682 0.2657421803 0.2208902134 0.2110489187 0.2097596485 0.2570009764 0.2312788349 
0.2679464889 0.1744165874 0.2557276015 0.1820957768 0.2116242393 0.2021790755 0.2416835454 0.2505029636 0.2465416193 0.2615472404 0.3177913421 0.3089361282 0.2738584072 0.1926283381 0.2328374978 0.2734619671 0.2322615382 0.2220782869 0.2473496715 0.2053838606 0.3766494134 0.2915989193 0.2998263086 0.4288898455 0.4435442921 0.3392903776 0.3623432892 0.3887560245 0.315317383 0.351151025 0.3193489118 0.365434433 0.3851630514 0.4329615903 0.5048560502 0.3488350257 0.3691102357 0.5900901047 0.3671559025 0.4816974845 0.4580623073 0.307914794 0.371070354 0.3259651466 0.3456633735 0.4755295289 0.4948618989 0.3863114561 0.4090781933 0.4334216404 0.3399543095 0.4488195147 0.3587240918 0.4402347797 0.3705119473 0.3770907897 0.3780483407 0.4990225251 0.4634382559 0.286130394 0.392944257 0.3701212783 0.3364934642 0.3550594494 0.431941252 0.3416746473 0.2958911313 0.4211596362 0.3023058007 0.4001609095 0.3219090458 0.2682644005 0.358762887 0.3534228662 0.306880296 0.2876348239 0.3236519924 0.3406124792 0.2556781035 0.2704749337 0.3481766586 0.3347174599 0.2764735617 0.2856150253 0.2695445869 0.2421445888 0.3957143196 0.303960097 0.2287322837 0.2163064881 0.2841173814 0.2450565223 0.2201730544 0.2367760081 0.2025909645 0.2508290543 0.1164860044 0.125842353 0.2430242907 0.1987282263 
0.2002815792 0.2161109106 0.2224110437 0.2005207871 0.2245663071 0.2409595194 0.1771296846 0.1944879632 0.254954546 0.2255823 0.2197935518 0.2589350487 0.2213689911 0.2582109199 0.2405568358 0.3315470676 0.2887027618 0.2627425242 0.2505486829 0.2913906317 0.2626833937 0.2694971226 0.2799554727 0.4020125876 0.2526595255 0.3348874064 0.2775866495 0.4223920664 0.3419252118 0.2822953183 0.3280826928 0.3842714328 0.509282437 0.4373520596 0.3289079593 0.4254267114 0.3338087161 0.278051813 0.3490736756 0.5478810178 0.3866594956 0.3667326432 0.3666873588 0.4165870539 0.4567045476 0.4174692022 0.3800571601 0.3090994396 0.4867296453 0.4021286998 0.3625129086 0.3879400693 0.4752134611 0.4439248554 0.4002987761 0.5093286369 0.388339054 0.3903100405 0.3750998642 0.4396403555 0.3907623014 0.3968904399 0.3109614424 0.392376106 0.3697412088 0.3561257928 0.4014571906 0.3209869223 0.3265113606 0.397969462 0.3240720843 0.2973236585 0.376123243 0.3164280737 0.3491146598 0.3074825255 0.3155555795 0.3220227436 0.2960799159 0.2860245343 0.3597653547 0.3479766853 0.2145566883 0.3170484034 0.331971164 0.25975596 0.1482437125 0.3010004868 0.217823689 0.2771228738 0.3107130756 0.1712771007 0.2170760156 0.3029668561 0.2280161646 0.1945021964 0.2212985195 0.2135010663 0.1571770732 0.1738259429 
0.1751140162 0.2172235269 0.2266722538 0.2207396678 0.2919072775 0.2106108898 0.2354599343 0.212029135 0.2793228072 0.2399404033 0.3119352027 0.2189326723 0.2847687409 0.2710174809 0.259142084 0.2033867806 0.2613186157 0.253117625 0.3160960791 0.2576930991 0.2599973472 0.296204378 0.3206632888 0.3207137353 0.3096051955 0.2986313513 0.2908128345 0.3334634923 0.3315858724 0.3792299418 0.3708344038 0.3016011964 0.3016407534 0.3267550938 0.3689885134 0.4016162613 0.408912057 0.3169784694 0.3802855693 0.3543393055 0.4211564837 0.3952861183 0.430008159 0.3737131867 0.477034919 0.3886271966 0.4476881218 0.3757321744 0.4345422721 0.3413609188 0.3890882192 0.3603338362 0.4450004587 0.3178926658 0.3864677443 0.3476191659 0.3567111152 0.3383721541 0.3417788647 0.3531048004 0.3808847052 0.4136577656 0.3135251802 0.365242448 0.3831821562 0.4135281729 0.3453714547 0.2792990878 0.3398565365 0.3921070023 0.3244054312 0.2415786978 0.298440189 0.2822300163 0.2650391014 0.3572630457 0.3381221678 0.261903261 0.2840785298 0.3265453954 0.4441471462 0.3455453326 0.3060132119 0.2887335896 0.2695760722 0.2351783341 0.2619407896 0.1588142665 0.2070177435 0.2689541662 0.2021098757 0.2836907823 0.1728852643 0.2505471978 0.1892013413 0.2267881798 0.2244047484 0.2046602413 0.1951957551 0.1755671537 
0.2034113714 0.2512819822 0.1423455284 0.1781689254 0.2222192406 0.2246342691 0.2014070401 0.2246001662 0.3472431299 0.2052848283 0.2555922927 0.3007284737 0.3208964814 0.2422428264 0.1883210891 0.2771743248 0.2983355544 0.2958140319 0.3809527947 0.3257827757 0.2736544453 0.2876187555 0.3401885104 0.301590292 0.3099252771 0.3998599385 0.3184095227 0.4522649154 0.3487814537 0.321112161 0.4274360372 0.2759714257 0.4011832733 0.3817791421 0.3945101118 0.3174063293 0.3131351099 0.3135198568 0.4655206183 0.3673385169 0.4206619938 0.429418683 0.3571438644 0.4129254516 0.3914328275 0.4243290032 0.3589379303 0.3966948081 0.3109528693 0.5730964543 0.4169561438 0.3403836625 0.4030107897 0.4614857521 0.4226532056 0.424235049 0.3657705018 0.4210145378 0.4376168499 0.4712942598 0.3967085907 0.3404424212 0.4460393701 0.3559032567 0.27224978 0.30116481 0.4503454822 0.3910922878 0.3618979298 0.3448346962 0.3800004888 0.3842671559 0.314903081 0.3838278577 0.4056976024 0.3483462562 0.3104674491 0.3340564019 0.4133601486 0.2920467691 0.2943805864 0.321890093 0.3044912272 0.3204460049 0.2766024751 0.2789464 0.227720812 0.2504092611 0.2079880853 0.2242926394 0.2934234617 0.2868761037 0.2699151577 0.239235139 0.2905519751 0.169317984 0.2193900516 0.2119307939 0.2188313085 0.1969775578 
0.182396323 0.2521526045 0.1882368978 0.1587676673 0.2668767949 0.2099597346 0.1953088004 0.2403866416 0.2007638377 0.2595135627 0.2252288137 0.3800285835 0.2401068214 0.3219010238 0.2208775426 0.2584042581 0.3549077434 0.27854701 0.2518155399 0.2585740575 0.2394088952 0.2655631441 0.302898923 0.3542073453 0.2913397649 0.2934459136 0.3214459681 0.3798453221 0.3125279231 0.3874709559 0.4590504178 0.2951713826 0.4357239907 0.3451993496 0.3157492774 0.4136185647 0.355042995 0.41946541 0.3112747941 0.3924623402 0.3229500228 0.4274040334 0.3514666407 0.556002292 0.359387108 0.446066565 0.4662529913 0.3686435395 0.383702455 0.3956642921 0.3750498275 0.448170248 0.3687189684 0.3703599977 0.5508101785 0.4096753351 0.4343312039 0.3594927687 0.3915221496 0.3241659286 0.4227393344 0.3815619647 0.3880698345 0.3939029736 0.4459320128 0.3383872284 0.4542089645 0.3089993943 0.4274003602 0.4196247462 0.3653665735 0.3811369238 0.3310297617 0.3685635151 0.3705433574 0.3917730778 0.2890016467 0.3147709942 0.2761246808 0.2583238546 0.3135690139 0.2694473747 0.2522443965 0.2914280738 0.3450642633 0.2389877329 0.2586645019 0.3142082814 0.2564419696 0.2834725586 0.222559627 0.3597049017 0.2990865428 0.2009335204 0.294393383 0.2354985244 0.3005106019 0.2338444947 0.1511708241 0.2311100241 
0.1554544381 0.1739374296 0.2158962126 0.2028415834 0.1957566297 0.167818294 0.2308565469 0.2428447391 0.2026823639 0.327873646 0.2887752889 0.2984909399 0.3205798922 0.2613472723 0.2691853475 0.3105937846 0.3226051151 0.2821978486 0.2885489986 0.274789583 0.28544627 0.2968841574 0.3032571285 0.3507560296 0.3151129535 0.3444480331 0.3457008232 0.3146895191 0.3457597232 0.2959457433 0.4106593677 0.3889520971 0.3902368629 0.3307770768 0.3244201134 0.3433122849 0.4145091651 0.4001826509 0.3115077062 0.3582570004 0.3829281543 0.3469590548 0.4286408031 0.4565699123 0.4000854134 0.5157543801 0.4575692752 0.402536493 0.4224224261 0.3119258499 0.5400689426 0.3978017687 0.3343254122 0.3677796839 0.4140309376 0.4169141619 0.4025433442 0.3139536602 0.3349471273 0.4095805112 0.4429133783 0.3624086517 0.3607186988 0.35627408 0.3619317521 0.4250705128 0.3608907361 0.3351607193 0.3270172543 0.3187694897 0.3988613072 0.2912943275 0.3594528701 0.3630790271 0.3953764154 0.301863708 0.3774252467 0.3546091767 0.318031079 0.2639821664 0.3377089715 0.2910416292 0.3516936741 0.3169905425 0.3984001524 0.3441955926 0.2663309856 0.2888624436 0.2539576617 0.2731670028 0.2054848917 0.2634056799 0.3381780251 0.1914050519 0.1918622294 0.2464708132 0.2285523316 0.1744696306 0.2219387618 0.2894446495 
0.1866221296 0.2502284739 0.2681191921 0.1774531118 0.1657154924 0.2002172556 0.1659499308 0.2444701029 0.2616950133 0.2712138513 0.2560861165 0.2739639009 0.3051914533 0.2289792415 0.2786105517 0.2236117344 0.3438534495 0.2968317065 0.313100247 0.3441186657 0.3286315099 0.4345014138 0.3492165227 0.3320926595 0.3899698168 0.2220261692 0.3728089789 0.3666340936 0.3835158627 0.4679440882 0.4456586806 0.419052661 0.4207966218 0.3469420713 0.3662601358 0.3680826734 0.3664077699 0.4948041439 0.3815943034 0.3883459321 0.3891953731 0.3237801246 0.3436210924 0.4391411293 0.4147961835 0.3726783605 0.3597221994 0.4013954681 0.4209156339 0.4195058712 0.4006686483 0.3681355791 0.5458948285 0.4484417316 0.5444140696 0.42321025 0.3756939402 0.3928664399 0.4195420504 0.3716183252 0.4271153269 0.4024072691 0.3392366926 0.4338012594 0.5149176664 0.4361208682 0.3981865783 0.409450733 0.279435624 0.3747841081 0.2925348788 0.445955846 0.2974564744 0.3315867916 0.3833970009 0.2898479856 0.3098372284 0.2711001604 0.3465947195 0.3128860653 0.2632408976 0.3109106747 0.3865715931 0.2895021884 0.2316010652 0.2735184496 0.3614704507 0.2252884197 0.1710047347 0.2661249441 0.2167165124 0.2123651823 0.2774819016 0.2114960463 0.1788890099 0.2031517238 0.2005413673 0.2592404495 0.2602081986 0.1442047045 
# Errors [BackEndMonitor/BackEndMonitor.dat] I_err:
0.03022601399 0.05035558977 0.03577400508 0.02160824731 0.06080517097 0.02714135136 0.02972553288 0.0460982391 0.03974887086 0.03234287568 0.06500873939 0.03602337077 0.05298232205 0.05186535254 0.03612507695 0.03354239143 0.03716108561 0.03846042227 0.04323212106 0.05741733017 0.03316871424 0.0435547262 0.04304619103 0.04210707851 0.06889685282 0.06925443548 0.03818367365 0.06570536996 0.04768785205 0.04042915691 0.0472402913 0.07093341316 0.03794786655 0.05074734393 0.04815117836 0.05035673015 0.05199198784 0.04356146211 0.04674516306 0.04560857325 0.04092902118 0.0677212307 0.04299387719 0.04395875608 0.04374091963 0.0735345988 0.04114594902 0.05446078453 0.03614683655 0.06324760691 0.05684152585 0.062730369 0.04900782729 0.04057660792 0.06125436492 0.04937365438 0.06622377258 0.07524432715 0.044240099 0.04360597754 0.03847638507 0.03818462176 0.04361200314 0.05339417284 0.05722441847 0.06137670429 0.05594719247 0.06869393543 0.07623843947 0.04808937579 0.04983956892 0.04096325242 0.04662874635 0.03443901828 0.04573886465 0.03559530715 0.03431919441 0.03577638029 0.0568927109 0.03148866559 0.051392808 0.04869694141 0.04355364507 0.0333182868 0.04306358383 0.05687187105 0.0716485859 0.0352823136 0.04842302688 0.03531982788 0.05995997347 0.03263739479 0.03033451192 0.06579757649 0.04189474413 0.03081715071 0.026003936 0.03389210736 0.03418272778 0.03313299652 
0.02979711394 0.0335969664 0.0637499012 0.0434629205 0.02991740691 0.05188408567 0.04907519487 0.04088649077 0.04751579489 0.03380064386 0.03717935374 0.0444250597 0.03723014346 0.04870537399 0.04364035812 0.04051168141 0.03825307712 0.03524082428 0.03984434781 0.04051306203 0.06515304928 0.06826449717 0.03116737211 0.03671692494 0.06954564672 0.0551395643 0.05563708412 0.06080993664 0.04799100883 0.06082119317 0.05469431281 0.05724997225 0.05907851676 0.04060488333 0.05124622486 0.04478421238 0.0445118002 0.04436593178 0.04991137666 0.065933821 0.03976356602 0.04491773201 0.04402855187 0.06061849628 0.04394589307 0.05045618608 0.03823487063 0.05486661389 0.03742989079 0.04968465879 0.04059889272 0.04782095674 0.04259388787 0.05782197061 0.04198071849 0.0429147548 0.04127732496 0.06838818543 0.06066188252 0.03816251804 0.04147016777 0.06199452774 0.0480728081 0.0669876911 0.04044072793 0.05105958127 0.03352993702 0.04577110828 0.0632630736 0.04121943827 0.03722927403 0.04583659887 0.04341098529 0.05203735986 0.04839479099 0.04499697833 0.03890888966 0.04764046884 0.05875286801 0.03653538512 0.03782268775 0.03517215886 0.03920746879 0.03001665732 0.04101756613 0.03235656574 0.04022441354 0.04084480238 0.0386988628 0.03330565803 0.03866915521 0.03244376865 0.0768469898 0.02463299032 0.04311550475 0.03411766685 0.04334056633 0.04330858092 0.04685955416 0.05706911819 
0.0366953727 0.02554169971 0.04340289423 0.0476090821 0.04539054083 0.04056523515 0.03329653079 0.03581658837 0.02654181465 0.04085009867 0.05096167708 0.03423864433 0.05687585496 0.05069313632 0.04742265931 0.03685044228 0.03760173326 0.03969519192 0.06632319002 0.03788706473 0.06630912199 0.07348921887 0.06389719631 0.03811233802 0.04731222333 0.04391230873 0.03933982923 0.07546409851 0.04612303583 0.06780358979 0.06814356488 0.05005545908 0.06791463173 0.0418401954 0.04398714666 0.04636131998 0.05646770168 0.04539380164 0.04942447232 0.06604131228 0.04054742115 0.04828147576 0.06162031827 0.03352616293 0.04895805093 0.04471110845 0.06882943672 0.0551656013 0.05859185399 0.05484104035 0.05728772778 0.0412959559 0.05478811909 0.06104375463 0.04597395461 0.06171360486 0.03992773259 0.06966524466 0.0450102359 0.03572288854 0.04839367391 0.06998668356 0.06043249884 0.04942435732 0.04117089947 0.0594080709 0.03974462453 0.0416161158 0.04055395471 0.06556556153 0.05771442952 0.05128302296 0.04053132646 0.04698493513 0.03657013766 0.03860190538 0.05648293897 0.04007466487 0.04150504208 0.04004312623 0.0496301178 0.05341064241 0.03603788554 0.05745849143 0.03204215037 0.05358919247 0.05396252849 0.07438772201 0.03166162505 0.02863348665 0.03826411433 0.02713354545 0.02651480846 0.03194226359 0.03694100683 0.03808798297 0.02976313036 0.02539766323 0.06022837438 0.03702466184 
0.03826633458 0.04294211061 0.0302037461 0.03805349674 0.03294451661 0.02905161868 0.05292678245 0.03824875822 0.03822137244 0.03853860495 0.03456608777 0.04260458203 0.04358078158 0.03787319524 0.0429314335 0.03059944271 0.04907190634 0.03488534004 0.04174109669 0.02911957704 0.04674301657 0.04087545191 0.02988352508 0.03472469971 0.04664228582 0.04261120339 0.0384170148 0.04776214874 0.05570823221 0.05038161922 0.0524790161 0.04206084514 0.06541632875 0.03201324353 0.04221057696 0.04936067719 0.0627549033 0.04469079533 0.04732849105 0.04288586974 0.06527811417 0.05787700604 0.05616471105 0.06463078921 0.04848564 0.04596035046 0.04913169837 0.0364418336 0.05288198566 0.04870972149 0.04097902759 0.07107863327 0.07428269604 0.05303596651 0.05877059874 0.06499480288 0.06899826101 0.06100742736 0.06036383613 0.03909390768 0.07928768467 0.036505884 0.04736408526 0.04520214186 0.04171070224 0.04513679525 0.05810327705 0.0509240482 0.04628775224 0.04262646365 0.06142103959 0.03138911769 0.03931234154 0.06408866004 0.03599834896 0.0460848585 0.06083935226 0.04829454779 0.04008811388 0.05681960666 0.051397401 0.05102910957 0.04515162391 0.03740371119 0.03569161276 0.03285772955 0.04063972668 0.04419595622 0.06100911371 0.03179352176 0.02991312046 0.04888000315 0.03023043191 0.03162322909 0.03516707012 0.03037065525 0.03160319183 0.03171432425 0.04590780896 0.0272455542 
0.0378118861 0.0212923711 0.0308936239 0.02728589669 0.05160880417 0.02741310773 0.03979923271 0.02658632123 0.02906880895 0.04630668597 0.04872505312 0.03788713332 0.03661617653 0.04268108186 0.03761034962 0.05831555064 0.03507494253 0.03277482502 0.03023161563 0.03486742533 0.05611840472 0.04623706452 0.06273963238 0.03059621588 0.0449205702 0.03711313684 0.03799798865 0.04584820165 0.0347018967 0.0628777266 0.05089722665 0.03558093567 0.03772777215 0.04156165815 0.05654617516 0.05073630512 0.06125761526 0.05780428912 0.05873141668 0.03841584148 0.04535510799 0.05365862175 0.03986135988 0.05658768394 0.06050587632 0.04625524315 0.04731746806 0.06484707123 0.04405050235 0.05987346164 0.04684786701 0.0431951301 0.05365932202 0.04208991335 0.04401482509 0.04900570525 0.05933564707 0.06234646897 0.0498187764 0.07225262508 0.04413176503 0.05841758896 0.06993331993 0.08810524947 0.03795263919 0.05426861066 0.04813900835 0.04621816773 0.06573830159 0.05968430955 0.07376642275 0.06950696774 0.0537939442 0.04053053774 0.03647641943 0.06097901751 0.03629878253 0.04578624944 0.04675749796 0.05844986084 0.04209081992 0.04656978115 0.04782981654 0.05434333968 0.0469817074 0.03183542884 0.06773172519 0.04638052962 0.05169984997 0.03449542371 0.05662286933 0.0369205159 0.0377097229 0.04093288944 0.02940835566 0.03132081004 0.04212384763 0.03561533085 0.05845829394 0.05126691718 
0.03139322825 0.057757547 0.03382097007 0.05858562957 0.03083885614 0.0348555158 0.03022560869 0.07446024571 0.05415216459 0.03344406527 0.02609726983 0.03733101163 0.05515554219 0.0334388532 0.0591734511 0.0297221452 0.06574625214 0.03489725208 0.03842631096 0.0355930541 0.03332251172 0.0586591336 0.05217978191 0.04400088222 0.03972696885 0.04937753704 0.03547239492 0.05155728649 0.060628922 0.0439769137 0.03647263514 0.03770908378 0.03677724909 0.03921719659 0.05065641263 0.03481053154 0.04525113052 0.0770595135 0.03807981499 0.06757468223 0.05702634126 0.03394678227 0.05294280678 0.06247218209 0.04612292539 0.0596387179 0.04659729245 0.04849104422 0.0385344583 0.03788689998 0.046653958 0.04985982876 0.04511787188 0.05589013269 0.05507792232 0.05266473975 0.04650483716 0.04706528705 0.05469671055 0.04639403935 0.04127615029 0.04731992214 0.05295148448 0.05517969251 0.03809084321 0.06147760121 0.03584876507 0.06006695692 0.04315804435 0.03102255366 0.03476373993 0.05001702048 0.0414424339 0.05348894291 0.03213142595 0.06856928199 0.04060014602 0.04769232106 0.03092329219 0.0403858593 0.06161051658 0.0410587842 0.03732336327 0.05290640016 0.03150253573 0.03978418351 0.03102379438 0.04070435129 0.04506933109 0.02818026971 0.03190801928 0.06148772743 0.04282375141 0.04771210427 0.07491713312 0.03201444933 0.04885210972 0.03027541105 0.02554845108 0.03047310594 
0.02690222083 0.05871530856 0.03198874556 0.02339678281 0.03090667977 0.0669645615 0.028022735 0.04517187707 0.06113110177 0.06992058522 0.03906337212 0.04686907688 0.0552397684 0.03004588274 0.03369144576 0.04630778292 0.04092076295 0.04312158814 0.03564586823 0.03104032931 0.0547657853 0.02872941256 0.03996665862 0.06841347072 0.06292241101 0.03639308576 0.04452890317 0.05824659688 0.03468471623 0.042118355 0.05011987682 0.04555524178 0.04252359543 0.04301740328 0.05684049849 0.04804767954 0.05728088801 0.04270837095 0.04144196664 0.05334547281 0.05978380529 0.04393992404 0.03834334406 0.03618795005 0.03851089769 0.03848207356 0.0588233317 0.07260697352 0.07540101725 0.06791894262 0.04740669819 0.05902833957 0.05840079538 0.05835589439 0.03641545789 0.06640680234 0.04999402601 0.06744222175 0.06082162192 0.03736959562 0.0516425743 0.04040026868 0.05580300743 0.07930820281 0.04853562447 0.06617002872 0.04213999531 0.04192716509 0.05850790231 0.05127123736 0.04563746384 0.05392303578 0.05704292809 0.03660595798 0.04799733058 0.05375306691 0.03470749381 0.0301867862 0.04944746052 0.03711898992 0.0782284519 0.04106188892 0.05577851654 0.04740786457 0.03361846008 0.05357898632 0.04170264674 0.02899705992 0.05586102221 0.04566900887 0.0562124658 0.06543494714 0.03164147878 0.03727324024 0.04386035889 0.03563006162 0.02561241454 0.03484243548 0.04918982045 0.02498874897 
0.06618586947 0.03930292975 0.03087111468 0.03195194555 0.02888488395 0.04048306465 0.0305088139 0.03650968553 0.0313521719 0.03824173807 0.02724326718 0.0689190639 0.04473420588 0.03017028878 0.0356957782 0.03015982343 0.03791667991 0.03603584319 0.03091920271 0.03755730009 0.03433751451 0.05847369588 0.0456215008 0.04107150866 0.03784934462 0.03053345745 0.04917891203 0.05701252357 0.03818952256 0.03699534125 0.05617812137 0.0608528695 0.03782405581 0.07012151667 0.06034167862 0.03986546427 0.04058699397 0.04244122368 0.04289751669 0.05711491311 0.05472016918 0.04826195889 0.0444510743 0.04531134531 0.05052694507 0.06521501281 0.0692336767 0.05448937353 0.06278043247 0.06067813055 0.06618097203 0.03996677601 0.0418652315 0.06381779626 0.06432021559 0.05106840334 0.05048902012 0.04582953639 0.04256535562 0.04871677154 0.03912150606 0.04659345491 0.0406109218 0.04833486755 0.04866978937 0.0466519379 0.05066996406 0.05957625468 0.03973094592 0.05948340995 0.0386800275 0.05609661292 0.05188635605 0.03823079047 0.03406992435 0.0511376574 0.0459014729 0.04049121545 0.05276974054 0.05119061855 0.03825598941 0.04816672894 0.02961133795 0.04629458751 0.03877587442 0.03343785172 0.03826783577 0.04300960004 0.03136315048 0.02623923538 0.03130462627 0.03056575595 0.03733818821 0.03159660338 0.04481151894 0.045895829 0.03385017468 0.03608519196 0.04369224176 0.03100128206 
0.02534607434 0.03779124937 0.02530566593 0.03756221975 0.04594783764 0.04781854402 0.05217438826 0.02931045137 0.02386451967 0.05349129643 0.03294235725 0.04824538471 0.03860778329 0.03234696482 0.0357967773 0.04326680499 0.0648482455 0.04000093569 0.04578694508 0.04005616041 0.03734530746 0.04465031911 0.04977037171 0.03518238859 0.07137567783 0.04079273257 0.04256512442 0.05355812543 0.06341397482 0.0531806061 0.06071979106 0.03491078657 0.08323157269 0.05145186238 0.05001958368 0.04791965068 0.03831811154 0.05220296903 0.07931107706 0.04099446768 0.04060406715 0.04412960198 0.04296573886 0.04243035962 0.04147767331 0.0607428262 0.06124812112 0.04567109655 0.04162178135 0.03446858025 0.04730181879 0.04668519816 0.04973273284 0.0524506953 0.05062561934 0.04131249966 0.04891744477 0.04731774921 0.04135776744 0.0453845447 0.03683393929 0.06314406006 0.05076376064 0.07271025961 0.03726898216 0.04113656646 0.04571877932 0.04265487515 0.04211233993 0.04830432153 0.04725574881 0.05133184282 0.04409526641 0.04528238954 0.05214388538 0.05723775187 0.04918142782 0.04729774916 0.04767426585 0.03645994974 0.03957738221 0.03485617684 0.0480167539 0.03541667996 0.05558046134 0.0365067087 0.0419280189 0.04301588366 0.0334188227 0.03936076656 0.0405104547 0.04031400326 0.02349901461 0.02912651235 0.06114281754 0.02934368702 0.03759510387 0.04160706579 0.02620291943 0.027228281 
0.02388218922 0.03198480748 0.02543674175 0.03196706982 0.02573102708 0.04742650565 0.04444425918 0.04741808183 0.0261636414 0.04718792995 0.05232950138 0.04530793452 0.03739972073 0.0338953415 0.03311563734 0.03700714566 0.03710910161 0.05041871963 0.08533689796 0.04790174091 0.04779206026 0.042870635 0.04459015182 0.05281652938 0.03523224226 0.04275843961 0.04124414503 0.0378647615 0.04933610061 0.06342365116 0.03691251456 0.05521095611 0.03752395357 0.04107704175 0.05986810848 0.04965538952 0.04794756057 0.04129212197 0.04087740206 0.03745633624 0.0386354242 0.0621871192 0.04571836106 0.04551151223 0.04286010466 0.06527496896 0.06988745382 0.04175169425 0.04371686073 0.07473497555 0.05312155364 0.04355403619 0.04334042669 0.05626485108 0.04809341547 0.0600070313 0.07454608969 0.04566021465 0.03797287498 0.07036384686 0.05156348978 0.04454117653 0.04533773409 0.05076920315 0.04017875834 0.0609027449 0.05289610824 0.03688427663 0.03798446821 0.0434492708 0.04312100692 0.07064522301 0.04039102195 0.0715963248 0.03819629216 0.07997568122 0.03598561752 0.04472480661 0.0357311579 0.03937963654 0.04182818398 0.04586422704 0.03559044384 0.02956897343 0.04319746309 0.03213535849 0.0333566626 0.03585382968 0.03122361934 0.03371400024 0.06454867926 0.05060297925 0.03175934546 0.05981086464 0.06634908465 0.04285613968 0.02916540612 0.03150851433 0.02729398852 0.02823414542 
0.03065196815 0.03558312164 0.02846937108 0.03075405802 0.02902666781 0.06507010088 0.04002716253 0.042314141 0.03794563196 0.04535167286 0.03587819171 0.03252077965 0.0380237599 0.03579882115 0.03598863454 0.02960983998 0.03686647882 0.03595788776 0.04059674742 0.06187326203 0.07628515777 0.05194479823 0.036309028 0.03529265087 0.06748354138 0.03935041202 0.04806861287 0.04884991267 0.04830173407 0.03505760431 0.03573262715 0.03889468026 0.05491722203 0.04920356929 0.06108725227 0.05430888874 0.04085722352 0.0426586622 0.04764047396 0.04174309161 0.04663941529 0.04193981082 0.06639945744 0.04611888757 0.04651242644 0.05019826472 0.04555432297 0.06416067392 0.05115909251 0.05938578165 0.05283187927 0.04935604141 0.04752854737 0.05408659602 0.05641335663 0.04493980797 0.06831147682 0.07202150162 0.04283426604 0.04229344175 0.04309870367 0.07306160248 0.0543480711 0.06709840909 0.05941864989 0.06231578915 0.04802452383 0.07202056339 0.0411723877 0.04721322776 0.04587698468 0.06659238304 0.03267763247 0.04060862539 0.06835749341 0.03059925348 0.05836771571 0.03566869268 0.03840771105 0.06255472767 0.03743288206 0.04189461643 0.0492118882 0.038233254 0.04213538033 0.03469754065 0.03217511334 0.04000666528 0.03467615784 0.03847005261 0.04823547069 0.03585513728 0.03225196392 0.06203505497 0.04198607832 0.04448949902 0.03051932796 0.03223976276 0.02712908546 0.03300444846 
0.04026663702 0.04978035319 0.03120816593 0.02735755247 0.02484750229 0.04015058312 0.03344365965 0.04868845313 0.05083365924 0.03442608429 0.04122467131 0.03993302177 0.03290669491 0.05133732959 0.05295088586 0.04168905564 0.03574731251 0.0389291345 0.05170408442 0.0585825186 0.03559861946 0.03971368356 0.04264211307 0.04620541804 0.05198879288 0.06795451519 0.06409407605 0.05654819634 0.03928301872 0.04005258693 0.04674688988 0.03285792047 0.04721501281 0.05046908693 0.06353127152 0.04597434358 0.05724821757 0.05267657058 0.05185736741 0.0421191723 0.03971786994 0.05933992195 0.05864144766 0.05373441759 0.04974063775 0.06995836827 0.04731972176 0.04314721616 0.04642070222 0.04723465034 0.06637296083 0.05408600727 0.04088864346 0.06352384272 0.0426535084 0.0566071439 0.04496364432 0.06402229751 0.03695731786 0.04876465709 0.03880603169 0.04378818827 0.03883536119 0.04337168913 0.05329784829 0.06340023127 0.0420127585 0.05874045966 0.03966004832 0.04300378874 0.05288720569 0.0492682585 0.04146592536 0.07656781551 0.06151620989 0.03804247571 0.02835159203 0.04787931956 0.04034856274 0.04188168329 0.06349333401 0.03961059134 0.04759332289 0.0500144059 0.04132718913 0.03431887247 0.04713448802 0.03110227553 0.05921075081 0.0317882878 0.03405747885 0.04841916672 0.05547880307 0.03533561619 0.04377544173 0.03335335577 0.03370909518 0.04383727889 0.04832952679 0.03499546494 
0.02393619275 0.03170189552 0.0319457737 0.03902937754 0.02901996449 0.03359999454 0.04343430045 0.06005554675 0.04113271852 0.03460206138 0.05707944474 0.06498251123 0.03819369551 0.05378669399 0.03561147941 0.04994672512 0.03338696734 0.03722426224 0.03699517185 0.06164155247 0.06518425978 0.04052879664 0.03710862708 0.0384605256 0.03237187133 0.04590866411 0.04485563638 0.04911804967 0.03670922225 0.03929447313 0.03408781971 0.03808519546 0.0488041747 0.0593070639 0.05279370425 0.04496973623 0.05040385203 0.06537111711 0.05512819389 0.06602274277 0.04998570673 0.04113266629 0.05191341963 0.07665892422 0.04324845115 0.0657425007 0.04087924741 0.0601979168 0.04614490851 0.04845518979 0.05974739256 0.06733935084 0.0439164873 0.05780432011 0.06061888732 0.06364321648 0.03794917284 0.05663140605 0.07140677166 0.04442177215 0.04519382476 0.04993425858 0.04802916367 0.03795855585 0.06242445102 0.05188087755 0.04495961011 0.04647265978 0.08511277638 0.03575666352 0.03119131407 0.05635089989 0.05828322787 0.05449229918 0.04234729506 0.04091850689 0.04471854342 0.03985284628 0.04163928681 0.03817597176 0.06193641876 0.04686374086 0.08447037809 0.03588988221 0.03909164667 0.07657982575 0.04663024135 0.04398430604 0.05368358283 0.03726627048 0.03512233764 0.03023278059 0.04142289614 0.03534539667 0.02867218438 0.05381810045 0.02983816362 0.06260837582 0.02926769528 0.04093359196 
0.02385388009 0.0516988282 0.0304116952 0.05084588759 0.03734497361 0.02831076956 0.04355164822 0.0478122183 0.06547031493 0.06678714086 0.03961632636 0.03379915369 0.02912599421 0.0331949323 0.05042441851 0.04532523523 0.04481936957 0.03964197125 0.037512976 0.04682344353 0.04672488489 0.06071272968 0.06691258526 0.04856200723 0.03619267318 0.04283189243 0.04329548891 0.04437898818 0.05797713741 0.0395646897 0.0775286901 0.07497046941 0.03585947762 0.0439813419 0.03929916385 0.05352938151 0.04548119977 0.06259344957 0.05665964073 0.0549134221 0.05117997442 0.03798921963 0.05082359064 0.05921340072 0.05352505576 0.05619594568 0.06405128596 0.04666485086 0.06534852305 0.04529531076 0.0626239013 0.04206746875 0.06481520697 0.0400164654 0.04468739337 0.03695237481 0.05390359393 0.04926610953 0.07289106471 0.06304022574 0.04516042831 0.06292951443 0.03721478346 0.03715703763 0.04675554247 0.0428691597 0.05629673054 0.04809235278 0.03646968786 0.06188337514 0.03876928152 0.04608762241 0.06300452628 0.04785870301 0.07395086993 0.03761827995 0.06411356125 0.04028459954 0.0540992776 0.03798348873 0.04616694239 0.05475876457 0.03415063667 0.04761906726 0.04255845351 0.03805986958 0.02861438927 0.0324008916 0.04111446261 0.03487047993 0.03384903958 0.03488273016 0.04850079866 0.03790257019 0.03233854168 0.05013896213 0.03153014505 0.04682780221 0.0319884783 0.0293817236 
0.03545426359 0.03572291728 0.02613692374 0.02773987528 0.03135302266 0.0435777761 0.04583040098 0.03017325328 0.03628733644 0.03306557982 0.0363008502 0.03763866338 0.03599181211 0.03649354853 0.05031692815 0.04520419578 0.03422627967 0.03077907054 0.0332003252 0.04398061457 0.0389980406 0.02790973897 0.04899363668 0.03486520711 0.05333496482 0.03812880516 0.05103126505 0.05324535993 0.04934400343 0.04533695563 0.04002439264 0.03900026493 0.04312402908 0.03423701172 0.04185632841 0.04430807257 0.0444139147 0.05202745438 0.04007360141 0.05560321858 0.05163449815 0.06190640061 0.05112475806 0.04306818623 0.06380142334 0.04215629739 0.0705042301 0.04595555788 0.07124324181 0.03801336932 0.04121521027 0.04824394472 0.08314147314 0.04083061888 0.06474273775 0.04583172614 0.0471242094 0.05509052351 0.06649533455 0.04545993662 0.08287597494 0.03801658508 0.06435947089 0.03807653342 0.04340038041 0.06033010736 0.05190433006 0.04260041671 0.06628281146 0.0586212336 0.07547607626 0.03892720087 0.03538288488 0.06016208184 0.05344409694 0.03685359455 0.05182332329 0.05051331463 0.03957908983 0.04108971277 0.0395211167 0.02853997682 0.04110441633 0.02741532863 0.04777692434 0.0404719283 0.03798150439 0.03834315261 0.03688708025 0.03023084494 0.06525459401 0.03255702543 0.02900184387 0.05023545303 0.02793831883 0.03393066115 0.03954900892 0.02713119897 0.05908493448 0.03618241078 
0.02602397617 0.03652535907 0.03671738688 0.04666951038 0.04436849223 0.03810484388 0.05939711472 0.06353510113 0.03360441421 0.030851641 0.02762275461 0.02827079619 0.03710627244 0.03168652238 0.04003040765 0.0326201612 0.03803452559 0.04880271587 0.03936706244 0.03653216203 0.03601534501 0.04449783751 0.04317021171 0.03342500529 0.04480758898 0.04490291644 0.06051330865 0.05159793807 0.04180041223 0.04531131301 0.04178099761 0.03715924249 0.03895876339 0.04335892026 0.03561959692 0.0746408725 0.07158874611 0.04149813463 0.0427922302 0.06995275586 0.04332235235 0.04301358855 0.0603063344 0.03904512923 0.07025686916 0.03407600511 0.05006405875 0.05319580112 0.06313531905 0.05997441393 0.04926876699 0.04530742416 0.0347860252 0.0447515275 0.05589625103 0.064839026 0.06850358531 0.04117838193 0.04343462557 0.05296397552 0.03848294091 0.06676562366 0.0400841622 0.04182010531 0.04662132974 0.05642545908 0.04887889035 0.03514680415 0.04065223475 0.04686104916 0.03783392772 0.04400539892 0.05333501518 0.0332296713 0.04953176992 0.03782125715 0.04595406411 0.05008312766 0.04938385793 0.04562484557 0.03598590733 0.04982368153 0.03333067095 0.06281440956 0.04913172126 0.0313198868 0.02919650686 0.03726927195 0.06155029242 0.03423692769 0.04387295825 0.0287450686 0.04961090892 0.03447615491 0.04186128593 0.0430177599 0.04166680463 0.03215815416 0.03800884865 0.03743595527 
0.04071342313 0.02749344189 0.03593543288 0.0409687765 0.04155684763 0.02744073974 0.02907101702 0.03098636834 0.03840628523 0.04258765881 0.06218285365 0.04276062794 0.02986057399 0.03917844821 0.03915298132 0.03921607935 0.03975931477 0.03521282057 0.04523799547 0.03257368162 0.05782953213 0.0361109383 0.0402000393 0.04348283536 0.04682734026 0.03598629472 0.04421218063 0.0601330534 0.03856176998 0.06473378614 0.03845365109 0.05027391326 0.05012215959 0.04352007572 0.07779846234 0.0337632303 0.03305863897 0.06683331022 0.04678186168 0.04021993334 0.04553976523 0.0635635472 0.07256238606 0.03638417323 0.04599939607 0.08140592044 0.05315398614 0.05659454768 0.06521484743 0.05662046141 0.04373281684 0.06172393609 0.05388007286 0.04421790079 0.06731488716 0.04791903224 0.05517966505 0.05614379442 0.0399943621 0.05296898734 0.05771937585 0.03886835522 0.05998666698 0.04586592583 0.0380620435 0.03651416451 0.06520551285 0.05054543354 0.04096479404 0.05480368497 0.06271556804 0.06417807856 0.03989408593 0.04153239896 0.04097422736 0.05350690679 0.0363773026 0.03277674955 0.04206315853 0.02928156771 0.03912455119 0.0392984156 0.04734407707 0.04881449696 0.06331867562 0.03670305234 0.05293478967 0.0374971395 0.02957943983 0.033355058 0.03824454777 0.03897698757 0.03885931686 0.0253136235 0.04982214521 0.02906510466 0.06181530363 0.03099068526 0.04120029247 0.03979157384 
0.0238269913 0.04251012766 0.03712589177 0.02618840998 0.03164585203 0.03591266571 0.03774235868 0.0318566528 0.03571430656 0.03839505515 0.04201042069 0.06323390904 0.06244735126 0.03773192975 0.03786159717 0.03989782294 0.05150251106 0.04734966644 0.04494288398 0.05624292256 0.04341772877 0.06080353063 0.07033147628 0.05692382027 0.03490844677 0.06060697551 0.05507724399 0.04325092513 0.05557871725 0.05661355546 0.06821823897 0.05180379627 0.03510485631 0.04449852532 0.05048918017 0.06672216599 0.03937217607 0.04256245371 0.04674572889 0.04712437886 0.04333018955 0.04661915839 0.04712451644 0.04598810882 0.05063070828 0.04518851807 0.03422674742 0.04485723793 0.06614359352 0.04396090371 0.04755642369 0.03806635678 0.0499070452 0.08805372142 0.05451430735 0.0461509921 0.0438588558 0.0379876081 0.04685819907 0.05726118175 0.05928663031 0.04919238319 0.03976311891 0.05214788505 0.05013546032 0.0530985446 0.05378800542 0.04497462122 0.04251169867 0.05347588709 0.06593948909 0.04383714119 0.0446398732 0.0352245039 0.04650358039 0.0424260912 0.05642848598 0.05654623292 0.06749560456 0.04397404246 0.03422173738 0.05139395551 0.0505050915 0.03821175123 0.05033112322 0.03035390027 0.04390190937 0.06061782324 0.04386836797 0.04783382622 0.03544934179 0.03002848452 0.04456348789 0.03352818007 0.05276402388 0.03881731697 0.03251705279 0.04534076309 0.05031629355 0.03996314643 
0.03079031886 0.05764465757 0.05588660487 0.04856358779 0.05134776844 0.03642082145 0.033591955 0.03901658327 0.02760973797 0.03806402553 0.02797659118 0.03628836044 0.03481147782 0.03499308351 0.03989110033 0.05380050484 0.04514350925 0.05105422566 0.03455133686 0.02945678927 0.04217506562 0.05900987096 0.04443955537 0.03504227329 0.04209885589 0.03612769711 0.0431835077 0.04296177075 0.05122788709 0.05960326571 0.04479452647 0.05934180001 0.04936514111 0.06228184861 0.05394171948 0.06358855446 0.03569337588 0.05305890977 0.0567741371 0.0387403081 0.05949100869 0.08999880482 0.06250818071 0.04296619901 0.05057082331 0.03352912231 0.05456174159 0.04177436405 0.05353968745 0.06060712377 0.05133862938 0.03692816136 0.04481103785 0.05416204196 0.04354735675 0.0458271589 0.06749204007 0.04241034561 0.06080118227 0.06095202541 0.03584611695 0.0482731986 0.04865838151 0.05062982403 0.06475452951 0.04200993117 0.04201185133 0.04469084062 0.04274504285 0.05630359478 0.03469682357 0.05953042668 0.05540429994 0.03658712631 0.04068312347 0.04091305601 0.04993082827 0.05551885154 0.04044057277 0.0476348179 0.03120434008 0.03585677399 0.04202494664 0.03305640886 0.05797228772 0.06935571828 0.04493990713 0.03271606685 0.05525408538 0.03861791047 0.03496215296 0.03678872833 0.0486491275 0.02781088119 0.06995773862 0.04029985667 0.03613242591 0.02931352776 0.02472234921 0.02734255838 
0.02115711411 0.03128163152 0.04102892987 0.03078004836 0.02395649049 0.03721431757 0.0352465593 0.04659121693 0.03753149341 0.04233236962 0.02885189138 0.03096239496 0.03232942268 0.04548237849 0.04115845356 0.03292433832 0.03460606304 0.0420334506 0.05046731505 0.07459852653 0.03495220751 0.04595274873 0.06463520096 0.03894128783 0.06554359493 0.03652981896 0.0328058516 0.04836482622 0.06070506597 0.07176074413 0.06492789579 0.03758970784 0.0396517397 0.04352526292 0.04194985425 0.03306046784 0.07083534649 0.0528166559 0.05055283124 0.05117578376 0.05306138082 0.03950198318 0.05974599937 0.06567734228 0.0673642454 0.04433883805 0.05750645064 0.03929841692 0.0541537547 0.06288171317 0.04265289142 0.04519742775 0.05822992243 0.06713431614 0.04929134666 0.08110268 0.04927872279 0.06302495267 0.0424880319 0.04321598173 0.05714553586 0.05801805413 0.05649570253 0.04716245864 0.04581040446 0.04442005037 0.04506085623 0.03833514759 0.04045791572 0.05023745117 0.05995399141 0.08174625249 0.03801246546 0.04533902096 0.03273606009 0.05207442265 0.05038340619 0.04391133723 0.08463882693 0.03411804267 0.02766685472 0.03457792357 0.03934506519 0.03534382867 0.03983990499 0.05221704619 0.04212187276 0.02869905169 0.05565830648 0.03714087782 0.02808790803 0.03585861867 0.03859244201 0.03328678275 0.03111501761 0.03622487519 0.04650435764 0.02529400253 0.03086288571 0.04682426826 
0.02225152735 0.04284815798 0.03377725819 0.04900431583 0.04072170872 0.05152598718 0.03419676867 0.04299581501 0.03441470238 0.04204456238 0.03279594093 0.04667996248 0.03315729087 0.04910441546 0.04000208139 0.05071104764 0.03920003496 0.03616804439 0.07298045479 0.04030645377 0.04800093852 0.07036654604 0.05915778098 0.04040947739 0.0615018191 0.03481379916 0.03833950209 0.05992923074 0.04982980261 0.07314059684 0.04452682365 0.04964006685 0.05070575037 0.07401566398 0.0527463283 0.04072583645 0.04310614665 0.0637811783 0.0625366421 0.04631792169 0.04543743145 0.06549089463 0.0430257691 0.04463924152 0.04292694932 0.05544271533 0.05735704085 0.06731787386 0.05582640624 0.04042807217 0.04266021756 0.06209279574 0.0442776397 0.04528920258 0.04091265273 0.05991235122 0.04061934342 0.04807618024 0.03804196108 0.03827189905 0.07226642517 0.05132745687 0.04708366703 0.03697987705 0.05160954357 0.0600204325 0.0342580082 0.03714313976 0.03105032302 0.04439357517 0.04187970463 0.05581138864 0.03950395922 0.05573158419 0.04462331937 0.03457674527 0.04397945315 0.05088510498 0.03541551868 0.03663303341 0.03328541687 0.06103960734 0.03259070903 0.04371909724 0.0446778741 0.03335212544 0.03453675133 0.03473566965 0.03056872301 0.0502624881 0.04735351629 0.03191340141 0.03623476479 0.05482826629 0.02807544976 0.02666868611 0.02708653035 0.03143181007 0.05485710347 0.02697854573 
0.06138756916 0.03527398559 0.02673199361 0.03857415407 0.02227026764 0.02475019456 0.05336977018 0.03015627175 0.06997725162 0.03380593 0.0322046974 0.03172093429 0.03941970301 0.04587507567 0.036607925 0.05587871648 0.02885088878 0.06362720569 0.04079413876 0.03296399786 0.03496079325 0.04133608186 0.06069895699 0.03987366587 0.04799483606 0.03620711503 0.04896765834 0.04585585372 0.06466383584 0.03385112858 0.04773836817 0.06366899175 0.04458866493 0.05552265386 0.06603720372 0.05354547502 0.05154742852 0.04463488296 0.04441772434 0.04194253681 0.05497925452 0.06397137936 0.04678603363 0.06514743245 0.05283694903 0.06019382939 0.06274879149 0.05692630105 0.05025622017 0.05327407378 0.03703399609 0.05582316507 0.05839148446 0.06312762679 0.055582083 0.06785936141 0.04096474353 0.04816543892 0.04734852998 0.04965202489 0.03788932756 0.05342699402 0.03825846636 0.06027725624 0.05002429032 0.033082597 0.05481558147 0.04699309264 0.044104987 0.04012596228 0.042823944 0.04188763512 0.04794315813 0.05555787907 0.05568292567 0.04215183981 0.05537716994 0.04167263091 0.0308808598 0.03737468783 0.04009984121 0.04093953458 0.03370294322 0.03759232198 0.03527789551 0.04210307363 0.04686519431 0.03884130798 0.02902936475 0.05693061954 0.05148037424 0.041513911 0.0298048757 0.03039343424 0.03903352482 0.03863200231 0.0312847437 0.02213928448 0.05094504694 0.03329734969 
0.03040090718 0.03004592346 0.03067317927 0.05037228731 0.04173154207 0.04453037654 0.04310494958 0.03836248754 0.06180880177 0.03299393357 0.02923566528 0.04848445641 0.03217106991 0.03623645302 0.03781210161 0.02819576616 0.04683475466 0.03177945734 0.06343757094 0.0387473914 0.04663834384 0.03759029717 0.03173205465 0.05658802402 0.03749148294 0.03967180765 0.07965717567 0.03336851141 0.03748306961 0.05749246767 0.05111358723 0.03725301444 0.04565817479 0.03872446139 0.04392927303 0.05229521846 0.05015028015 0.06484392134 0.04331414166 0.06670107204 0.04466633686 0.05827038718 0.04965664262 0.05577971462 0.06717023919 0.03787005478 0.05656684992 0.04368016684 0.05606884014 0.06690662693 0.07067477353 0.06453815338 0.059650955 0.06604027396 0.05799505613 0.04649467876 0.04557846203 0.05487267623 0.07026318118 0.07463084207 0.07525171648 0.0551694674 0.04354166465 0.04292580693 0.05337962536 0.04891902681 0.0375630558 0.03887095919 0.04280491065 0.06250610745 0.05460166538 0.05093204653 0.04192607912 0.04139691759 0.04887345768 0.03624772804 0.06212294164 0.03046261527 0.04635561203 0.05999308627 0.03371949292 0.04340139265 0.03536970914 0.03947615157 0.03844540038 0.04040954319 0.03568439172 0.0368537865 0.03030212659 0.03924388824 0.0324686763 0.03073307028 0.03875147609 0.05897257185 0.06211159067 0.03495237991 0.0268818962 0.03935016252 0.02940173516 0.0305363703 
0.03483566931 0.03831416755 0.02111760877 0.03176581369 0.02902875221 0.03381853607 0.04656520825 0.03485189476 0.0572288418 0.04115562425 0.03315519934 0.03131876115 0.03093651828 0.05102836494 0.03628385026 0.06864651108 0.03340317037 0.03865543491 0.03162494426 0.03017077107 0.04337797157 0.0552501827 0.0370311118 0.03848630516 0.05793674595 0.05294817155 0.04960521243 0.04127578462 0.03887173225 0.03813550542 0.03659725788 0.04580485789 0.0700663573 0.07197376046 0.04195265332 0.04561964897 0.05974588281 0.04082836479 0.04602887543 0.07523179177 0.05681338835 0.0505122441 0.1018009113 0.03984633321 0.05547464524 0.04341974046 0.0485184073 0.04211911988 0.0543912943 0.06210453153 0.07420232184 0.0380853291 0.04262230628 0.06112357983 0.04957771008 0.05489885153 0.03949196391 0.04446611543 0.05462024353 0.06589720563 0.07028218037 0.05966082474 0.06568461351 0.05628233398 0.06068592766 0.04838547911 0.05364952071 0.04010784586 0.05358473898 0.04651843464 0.04551599513 0.03234451753 0.04613338257 0.0426096202 0.0668071603 0.0423137068 0.03978584154 0.0627972842 0.05112736728 0.05981870342 0.03547369279 0.03505387828 0.03739958287 0.0540617103 0.03838740146 0.03338939182 0.03508218322 0.03003470195 0.03104409795 0.03576368455 0.03882739718 0.03147742181 0.05850474371 0.03009203934 0.04285472504 0.03370943968 0.02992120716 0.04134535957 0.02831157947 0.03125481911 
0.03536828018 0.02274118156 0.02827190484 0.03265400269 0.03384257398 0.02202564937 0.04386468618 0.03357388957 0.06397250634 0.05907956393 0.02851609626 0.02876724402 0.03426078168 0.02932300759 0.03353320423 0.03666852437 0.04111627986 0.06503707243 0.04251195011 0.06414506533 0.04051320693 0.03566708758 0.03254248725 0.03914035995 0.05830245434 0.04296829751 0.05381994522 0.05120513218 0.05284285473 0.06460933285 0.03884578695 0.05241549733 0.06599810767 0.0392605043 0.06336188772 0.04711864179 0.04668219035 0.04264625637 0.04598168644 0.04637334556 0.05905235552 0.03945921459 0.05773323491 0.04738476009 0.06709527802 0.04047592551 0.05614893366 0.08170123803 0.04197938654 0.03829948707 0.06217554658 0.03987957781 0.04390675884 0.0442204663 0.04736693355 0.06148577766 0.05048342437 0.04148706278 0.05898601461 0.04298387295 0.07293806313 0.06726371265 0.05202229041 0.05419275129 0.0504830012 0.04504330995 0.05899958205 0.05428759526 0.04595659846 0.04637130604 0.03770909012 0.05178779834 0.07989995494 0.04490562138 0.0360865857 0.03676621851 0.03846554454 0.03147459576 0.03701282884 0.0360579008 0.05120050205 0.04237865137 0.03529529441 0.04842811281 0.0333922758 0.04789568984 0.04463830598 0.02752361109 0.04165525877 0.0313472389 0.02985068694 0.03057927617 0.0379980652 0.02764752502 0.02471433399 0.04062716216 0.04031728671 0.03754448464 0.03810811717 0.03460044264 
0.03371848933 0.03395795458 0.04084971825 0.02684134685 0.03771499312 0.03046885653 0.05552161847 0.02629868892 0.0285523816 0.04272617302 0.0300889971 0.03706979249 0.06079803697 0.03243817094 0.04933684487 0.03548976926 0.0434699095 0.05058365932 0.03613119273 0.07142686066 0.05378626062 0.0439537133 0.03956377119 0.05326685167 0.03597227614 0.03624093321 0.03396633725 0.04757692562 0.04269941689 0.04935876278 0.06157450166 0.04678988881 0.03276626547 0.05520441726 0.02918799215 0.05863788212 0.03725977139 0.03845243203 0.0571720431 0.05385520059 0.04493783384 0.06403766805 0.06016518901 0.0503949283 0.03263650892 0.04863790652 0.06035948077 0.05620138332 0.04617094509 0.03863113623 0.05328794812 0.05055167568 0.05665295681 0.05527369568 0.0472435514 0.04468428434 0.04527151751 0.05696508637 0.04562079452 0.0431835742 0.04018116761 0.05221585073 0.06744035667 0.05292146399 0.05530669883 0.05609786909 0.03724726062 0.04409146058 0.06338560635 0.07306375139 0.04579434854 0.05646981862 0.05233007683 0.06067284045 0.04006360967 0.04406101906 0.05720792754 0.04571168767 0.05303754509 0.04319207901 0.04751911471 0.0690952564 0.0533836616 0.04879527247 0.04334654925 0.04835802791 0.03127937988 0.05784215503 0.03890645884 0.05323025681 0.04557564396 0.03567997596 0.03037654054 0.0396796998 0.03045325905 0.04530954753 0.02466599241 0.0312511113 0.02425854164 0.03226749226 
0.03215319569 0.03130305353 0.02351326775 0.03661138758 0.02867538027 0.03204468766 0.0306460535 0.03849082919 0.03736153276 0.04435650165 0.0303362835 0.0424435009 0.05541892309 0.02895622427 0.03803169473 0.04608256236 0.04859466905 0.04566256684 0.03312813992 0.03632037462 0.03913093715 0.04591376252 0.03889347552 0.04383508563 0.04862949629 0.05398452248 0.06593414826 0.06703837016 0.03847102272 0.05893648207 0.04522068894 0.04388719578 0.03852421819 0.03769499816 0.04821005326 0.04900193773 0.04181539571 0.04159134103 0.0434072086 0.05244495414 0.05289167421 0.05449170031 0.04779225734 0.04271598044 0.04559491292 0.06417380293 0.05401332766 0.04423717233 0.0615564188 0.04703017565 0.04633476433 0.07762761325 0.03770481535 0.05117826787 0.04286424803 0.0399268556 0.04651264745 0.0522079414 0.04005102929 0.05409727019 0.05026840031 0.09178635691 0.05560156943 0.05691215628 0.04160798888 0.04127372637 0.03448887942 0.04691738482 0.06471521027 0.03703773326 0.0542371681 0.05117657993 0.03971109247 0.06398133323 0.0566777096 0.0467892643 0.04911080771 0.04586934331 0.05662202247 0.06545029422 0.03594354273 0.04175034975 0.04233197946 0.04708788354 0.04299091355 0.04159882984 0.03311126816 0.03683130655 0.04737648815 0.04562049941 0.03283878171 0.03312786883 0.02872189559 0.03276833292 0.03188205718 0.03742029562 0.03948440413 0.03042672105 0.02882603304 0.03540652515 
0.02592012674 0.03337379383 0.02767130745 0.03500675659 0.03606877374 0.03533796945 0.03707471731 0.03495545403 0.0328045257 0.04233658586 0.04425964158 0.02673604968 0.03004836567 0.04425205773 0.03921001584 0.0541861872 0.04643666819 0.04536288081 0.0452076277 0.04404416848 0.03966183403 0.06141083418 0.04608326744 0.0548402464 0.03170606687 0.0316210398 0.05687837414 0.03695267128 0.05036176666 0.03927859796 0.03889609155 0.04516461341 0.03528221267 0.03383413416 0.06073708161 0.06926666221 0.04771723823 0.06474157084 0.04276974746 0.05585923696 0.0450063798 0.05543233728 0.04477878546 0.07753553479 0.05420088798 0.04253439295 0.06454061958 0.05513628742 0.07407170379 0.05555265803 0.03919806115 0.05118546277 0.05075529491 0.0441666955 0.04416623186 0.05215465227 0.04301545676 0.04687443202 0.05525487607 0.04777699692 0.04785516064 0.06124132368 0.06115037341 0.05280802019 0.04206383441 0.04293568151 0.04077732131 0.04088421321 0.05599258236 0.04886272927 0.06181478608 0.04571015733 0.04277299777 0.06267010553 0.03348029045 0.03970284808 0.04871888875 0.06257235218 0.04586881502 0.06462317322 0.08519876563 0.04977452991 0.03444445949 0.03776252402 0.02825457922 0.03355531836 0.05928718451 0.04139278805 0.043596542 0.05975285641 0.0383627837 0.03754357342 0.02990503002 0.02446294498 0.03577556975 0.03624981166 0.03636948385 0.04601298288 0.02668901261 0.02311423612 
0.05249227026 0.03021014948 0.02720968318 0.0354684842 0.04618696479 0.02680378595 0.0517850936 0.02924599809 0.02892404524 0.02455029862 0.06677410873 0.04247519199 0.05364854868 0.03196977335 0.07521531739 0.0524395437 0.04895498047 0.05435574787 0.0597014909 0.052123504 0.04397435759 0.04313096527 0.04990355335 0.03923849428 0.04864753173 0.04354918722 0.04674567799 0.04663514404 0.08731315735 0.03959458749 0.03666373806 0.04059734534 0.05705879358 0.04465511627 0.05391651858 0.03321529063 0.0384786489 0.04096003445 0.04441218246 0.04237058739 0.04273728558 0.04763915986 0.04232404069 0.04136432343 0.03565555174 0.04608771046 0.05665139172 0.04485190453 0.055742463 0.0702154689 0.04737943883 0.0475403564 0.04336624495 0.04198727002 0.05283569755 0.04043665853 0.04533629002 0.04110824065 0.05538138575 0.04241135351 0.04524307981 0.06555043975 0.04941667826 0.06234189958 0.0417458056 0.04985706723 0.07005940459 0.0513548666 0.0456840452 0.04422219311 0.04337333587 0.03091937774 0.04185560568 0.05412389976 0.03964310557 0.04626908744 0.07533134143 0.04329750675 0.04170298606 0.04690228181 0.06303868254 0.05065435035 0.03187302891 0.04843167063 0.03533200841 0.06807150965 0.06119387499 0.05273900216 0.04533196068 0.02968093195 0.03413220422 0.02523107302 0.04461197168 0.05173366114 0.03146452413 0.02709394351 0.05129468243 0.04524363344 0.0434097502 0.03500314189 
0.02958889397 0.0807966395 0.02980689468 0.03130627954 0.02856101239 0.03184878825 0.02724367704 0.04236855371 0.03543762451 0.02691531029 0.03907711723 0.05232134448 0.04539694002 0.04179489463 0.03915528026 0.05155663513 0.03209440146 0.05468820921 0.06108677049 0.06297035488 0.03116520242 0.04924024076 0.0750895452 0.04870208613 0.0546429933 0.08153277912 0.03702001889 0.04721302006 0.05638230713 0.04109453364 0.04323851037 0.06640449895 0.05543317616 0.04285102154 0.03437250895 0.04011622204 0.05332424825 0.09362674753 0.04484675036 0.04967318758 0.04801020788 0.03908438036 0.06674487315 0.0405026403 0.04972524017 0.04374880858 0.05930016147 0.04886391583 0.05304708327 0.05288447185 0.03767002165 0.03800674411 0.0785015544 0.05426915027 0.04816585139 0.05470147306 0.07064742883 0.0671921766 0.04755650091 0.06674565287 0.0412721622 0.04909896811 0.0362696131 0.0624134076 0.0449393267 0.06541980796 0.04827465182 0.04234371763 0.06719555649 0.04706696089 0.05159350804 0.06294586041 0.06528553646 0.03611697197 0.03769463114 0.04741236031 0.05893644522 0.04337358457 0.04827643303 0.0352992204 0.03955922734 0.0345791518 0.02924875367 0.03708891057 0.03875499812 0.03359279852 0.04186124831 0.02895337067 0.03412356645 0.0551708408 0.05680163357 0.02723492328 0.04856283189 0.02871167645 0.0287504947 0.06570211561 0.02873515777 0.02846096696 0.03177653093 0.02954317382 
0.02884327316 0.04690352795 0.03022676513 0.04715622541 0.04764354161 0.04747391485 0.03068398931 0.04797447074 0.05681076195 0.03837966965 0.03532657657 0.03453146301 0.03021281533 0.04910793787 0.06587743527 0.05791562299 0.06210789108 0.05962415513 0.03610368178 0.03221917383 0.03526632323 0.03423887112 0.03505353002 0.04407187378 0.04325305093 0.0526704785 0.05642255051 0.0327509917 0.04576633899 0.04111803385 0.05902755319 0.05152660587 0.04203122452 0.04771099047 0.03653489844 0.04212021351 0.04343714342 0.07098904298 0.0381206132 0.05933075682 0.05585331513 0.03843853982 0.06109242864 0.06567584746 0.03772348879 0.0572749175 0.05255538694 0.05835752303 0.03967926942 0.0410174195 0.06189260925 0.04872137476 0.0528456015 0.06019264519 0.04726474821 0.03998809895 0.05337845496 0.03667548038 0.07289829154 0.07469998495 0.03944493271 0.04497867305 0.05716721249 0.04399585517 0.05342200329 0.04104397671 0.06546451592 0.04062702554 0.03837197289 0.07325218778 0.06067913311 0.04807651759 0.04715959863 0.03621217507 0.05360322005 0.02962012083 0.0582972521 0.04822678992 0.04104051817 0.05317233847 0.03425916008 0.04464152509 0.03694859632 0.06514491669 0.07344628823 0.04137171238 0.03477874186 0.03662552929 0.04930531343 0.02770868912 0.03196430379 0.02284022528 0.03109191891 0.03786270579 0.03794464131 0.02957044838 0.03746072176 0.03476675588 0.02568870401 0.03050611907 
0.03222513477 0.04004631862 0.03547702512 0.03906557132 0.04513456821 0.04575890797 0.03574544853 0.03635381522 0.04277680007 0.02986986626 0.05413063154 0.04757263698 0.0395307256 0.03271240431 0.04711233534 0.03970003309 0.045261961 0.04345541218 0.0747338289 0.0422375721 0.04702595674 0.05049244299 0.05672358207 0.03968180383 0.04962432396 0.03601603427 0.03922776736 0.04590338138 0.0384998149 0.04364850244 0.03882214733 0.03660691143 0.05561118106 0.06787192467 0.05485593047 0.04931330251 0.05756571624 0.05467832548 0.04295459798 0.05043774981 0.04918179965 0.04125080895 0.06226362935 0.04803009228 0.04179269512 0.06226170663 0.04723278698 0.05210114472 0.04073219259 0.04399265884 0.05126077173 0.04642343524 0.03826697044 0.04376641966 0.04206975124 0.04221053288 0.03995108506 0.04754872101 0.04271117924 0.05836721082 0.04877728133 0.04333224627 0.04061907849 0.07413921588 0.03699558983 0.03971319157 0.05043287865 0.03941506437 0.04730017129 0.03962736648 0.04774702282 0.03601155967 0.04973756842 0.04605974703 0.03888832259 0.03979820985 0.04549649124 0.05208980375 0.04625871745 0.03819024649 0.05685078049 0.05362195126 0.03608799753 0.03825868607 0.0458326338 0.04922308502 0.05689947761 0.0434433527 0.02734991256 0.0387578716 0.03147131428 0.03481846434 0.03844146579 0.03607123767 0.04046410847 0.04556168922 0.04857779896 0.02523541273 0.02277727537 0.05133355804 
0.02831158937 0.0336475376 0.04494390644 0.03225643145 0.03279211285 0.02886768528 0.05375731966 0.03764111843 0.04923447264 0.03645406811 0.04019891378 0.05572395429 0.02322025084 0.03792655555 0.03473938391 0.04042352892 0.04207186359 0.03158019296 0.05773708792 0.03914274821 0.04893464519 0.05203943926 0.05634328625 0.03977114765 0.03933252115 0.05381318716 0.04556364254 0.03985036007 0.04474009008 0.07461882228 0.04105035793 0.05915451633 0.05071632197 0.05399050399 0.05548536777 0.04298158879 0.04037804561 0.07080516162 0.05916614388 0.04637499424 0.09246901736 0.06267535899 0.06687486478 0.06538933472 0.0538630924 0.04446744712 0.05174604603 0.03867957144 0.0510113548 0.04952238394 0.04003095312 0.05964357084 0.05392510356 0.04043351178 0.0572515208 0.04932359227 0.06563509643 0.05736270636 0.05499819395 0.07643600802 0.05248972726 0.04668407841 0.07080923532 0.05992857159 0.04089052756 0.05705641136 0.05446818361 0.05765899665 0.05285889923 0.03762731648 0.04266526224 0.05072456847 0.04401675511 0.04282667454 0.04926809411 0.0336478343 0.04583634619 0.03143723626 0.0529996385 0.03958263338 0.03394296877 0.06149990894 0.04641157739 0.04800844202 0.04968624063 0.063434854 0.03650399973 0.05120255701 0.03307818177 0.03887092885 0.05261897645 0.0326783875 0.03016851358 0.03324254658 0.04717446821 0.03406186753 0.03356670292 0.03398186323 0.02783450093 0.03291235627 
0.03080012821 0.03511350602 0.0379669935 0.02403082231 0.04414553113 0.03038066927 0.03409941303 0.02543064023 0.02783796322 0.03679527692 0.02749560796 0.06092980559 0.029202899 0.04010837312 0.03351790105 0.03580940934 0.04231485002 0.0504132972 0.05933272975 0.04966574486 0.03554281017 0.0464843122 0.03918741646 0.03810791074 0.04635931068 0.04185529381 0.04891639255 0.03455605689 0.03461259416 0.05754064851 0.0473021505 0.03687462041 0.05230601045 0.04798214532 0.04979652243 0.06589749917 0.05631746973 0.04567147612 0.08232860689 0.04806830986 0.04359674509 0.05430922593 0.03932541662 0.04286276946 0.05142751509 0.05435373822 0.06176418878 0.05753292985 0.06937055627 0.07352120598 0.05001330699 0.05264407566 0.03776694825 0.06640232709 0.0763516719 0.08208328836 0.0669386376 0.06839812698 0.05456432306 0.03912818839 0.05137732235 0.05528787166 0.04752728534 0.04699167863 0.04325309365 0.0346101337 0.04658604269 0.05043725955 0.05222395899 0.04438400843 0.04248139891 0.04388693655 0.03122248034 0.04885382822 0.04425816007 0.05435310296 0.04324247396 0.03931907391 0.0482450016 0.0594608273 0.03630281058 0.02673239715 0.04012444896 0.03456217604 0.07364347549 0.03815275335 0.0458291476 0.03077484082 0.04552852014 0.03351601548 0.02951810752 0.03916039161 0.03488609599 0.06909854744 0.03428170874 0.03943665126 0.03379474875 0.02628922104 0.02107961307 0.04150150631 
0.03747708565 0.03269544458 0.0289614356 0.03214461837 0.0384614469 0.03147242882 0.04774348449 0.02883113334 0.03382283705 0.06421437755 0.03305853313 0.05076299403 0.05103947913 0.042327125 0.05017662527 0.0388460471 0.0380840126 0.0463986668 0.034253097 0.03656132487 0.0460195246 0.03862733827 0.04105276033 0.03956723982 0.04457282525 0.04169500555 0.06104281981 0.04268766135 0.04137000014 0.04296256339 0.04204195112 0.04543386666 0.05627775747 0.05993124969 0.06914929492 0.04331083703 0.03644821268 0.06132030955 0.05661113217 0.0374093116 0.05828589102 0.04385678532 0.05032179648 0.05139227217 0.0429034509 0.06781932634 0.07440742512 0.04960973604 0.06238955768 0.06289724318 0.05470219697 0.04226197668 0.05878254757 0.0698641219 0.04958885702 0.04192820651 0.05449767699 0.03495857887 0.03719369097 0.04973156846 0.0602007633 0.0586046976 0.04946904051 0.03654484877 0.05067185219 0.05160755616 0.05797220535 0.04532389496 0.05284837896 0.03895784945 0.05384714414 0.06015696062 0.08009590403 0.0283099597 0.05897028251 0.04228846709 0.03481263684 0.03684223478 0.03605261566 0.05372443917 0.04137769552 0.03873753831 0.04334814031 0.04050817975 0.0309093008 0.0298743566 0.03349850909 0.03612450634 0.05528673217 0.03440033232 0.03649979642 0.04525936455 0.03115101044 0.03039543571 0.03266733472 0.02884555274 0.02920051535 0.02773279823 0.03244294833 0.04551575889 
0.03820490449 0.05812428797 0.04878951061 0.02870568637 0.04731052998 0.03830233868 0.03217484416 0.03201029163 0.05137503106 0.03173482559 0.06476080025 0.05066825992 0.04212337795 0.07410065033 0.03586357245 0.04297758283 0.05315331308 0.0455846084 0.03561292163 0.04711377602 0.04050268292 0.03519307038 0.04487571375 0.03679585029 0.04524862838 0.05913974946 0.04153135447 0.04800112958 0.03441772395 0.05115406193 0.03530768701 0.06347614224 0.06584831673 0.04252530659 0.03319629176 0.03955283365 0.05527765858 0.04593637943 0.04148945811 0.05312655466 0.04949608289 0.03662288966 0.0621030133 0.08871326618 0.07573211284 0.05002273058 0.04579720517 0.06466551998 0.07108743697 0.04168979962 0.05400545925 0.03772730439 0.05373818548 0.04337633965 0.03754446958 0.03787287649 0.0401914058 0.05058508916 0.07673748059 0.07325588342 0.04479191162 0.05360549391 0.05979916426 0.04468971448 0.04389627547 0.06603430904 0.03632681706 0.04615813698 0.03209302618 0.0402153796 0.08055940901 0.07989522639 0.03853308789 0.04125366752 0.03936119364 0.03663161611 0.03269808438 0.03766803251 0.05208326053 0.05072723801 0.05388072065 0.05235165921 0.03620717417 0.0448003292 0.04263390518 0.06037365835 0.04089874999 0.03209958338 0.044358615 0.02962800358 0.02638721318 0.03098198539 0.03376798878 0.02466671425 0.03677148522 0.02871041927 0.04675573425 0.05337183798 0.02620548498 0.02984497882 
0.02247821627 0.04101980135 0.02560342093 0.04186880632 0.02717163764 0.06551782788 0.02888318539 0.03697942058 0.03804370942 0.02853203097 0.02887899193 0.04950477698 0.03451456506 0.04466996868 0.03273214529 0.05123005128 0.0472142627 0.03383101989 0.03217495538 0.04270959726 0.04079602992 0.04586500998 0.04156566622 0.04776591131 0.04513000166 0.04583079072 0.04144427468 0.0533196522 0.03853343395 0.05382697239 0.04254719284 0.03304162608 0.03228557861 0.03581473309 0.05366189025 0.04070530017 0.04432324419 0.04278945162 0.05929868796 0.06020513276 0.04168375146 0.06261479585 0.0689906203 0.04154049223 0.06666581927 0.03914360399 0.04511993049 0.05258367513 0.04744136348 0.04039245381 0.05298383485 0.07255373464 0.06241555976 0.06408454953 0.04514568171 0.03975754578 0.04576304702 0.05863143292 0.04319819834 0.05201168795 0.05696590438 0.05511211661 0.04617283539 0.04533585911 0.0400297567 0.05763180861 0.04383636193 0.03654529344 0.05102508547 0.04988098864 0.05610608127 0.04104641248 0.04332380625 0.03887149022 0.06969311146 0.04078138009 0.04731586445 0.0501765948 0.03609105025 0.03992249792 0.03659761254 0.05468082775 0.03628296081 0.03873508107 0.03717576021 0.03888389913 0.03250959387 0.03121677023 0.03379196544 0.03973907219 0.03505898082 0.03454193268 0.03707700349 0.05323394868 0.03262804243 0.04198987484 0.03487811328 0.03210146688 0.05733960556 0.03721785588 
0.03081033947 0.03557986783 0.03347902807 0.061727703 0.03501964326 0.03109090863 0.03053686437 0.03336328443 0.03193629278 0.02843393485 0.04512602451 0.0325295183 0.04222696341 0.04168336795 0.04012802948 0.06097147686 0.03192921925 0.03334425025 0.03333438019 0.04062420019 0.0489759038 0.04648291736 0.05615476085 0.03863371032 0.03711519987 0.05951329673 0.06510012736 0.05282190623 0.04254737948 0.03931349495 0.06622395254 0.05835773544 0.05465082136 0.0437879531 0.04808233866 0.04445986201 0.05421973604 0.03701236973 0.04358471266 0.05368304997 0.04441727757 0.04251200686 0.044460216 0.06868197685 0.04443792851 0.03722929352 0.05137653217 0.04344934127 0.04428102988 0.0517062502 0.0457516527 0.04023036957 0.03922995428 0.05328439431 0.04331649899 0.03802501505 0.06778224534 0.03945328476 0.05406116745 0.05462176809 0.06117820087 0.07335744662 0.06206277528 0.05888155602 0.05897241914 0.04952929409 0.03564049522 0.05501556273 0.0695332459 0.0737273584 0.06095598779 0.05190509642 0.04654795733 0.0383954181 0.03338699327 0.06060625643 0.07706730346 0.03479257215 0.04437466772 0.04036140493 0.03720147054 0.03681802701 0.03284951708 0.03152957175 0.03710707897 0.03335824185 0.03215943533 0.03236791309 0.06109851341 0.05252400853 0.06678355925 0.03738685712 0.02778027369 0.03309689154 0.05120567377 0.03159002698 0.04622847007 0.03191049352 0.0309207124 0.04537300422 
0.02867610486 0.04528029643 0.03241661498 0.02985853818 0.03558547413 0.02359999416 0.0378005725 0.04274991936 0.03945725935 0.03564443447 0.03478597039 0.03672415654 0.03717679503 0.03690938033 0.0543622416 0.04306884877 0.05290700396 0.0428963736 0.03423915374 0.0685637565 0.0377855919 0.0624461243 0.06101126122 0.04114646687 0.05302401554 0.03240460648 0.07923496337 0.06052641616 0.06922922922 0.04553696214 0.03012528714 0.04601568483 0.06939785158 0.041008072 0.04296500221 0.04443020392 0.0665231693 0.03779401435 0.05098432911 0.05060555135 0.04804739147 0.04222982718 0.07397701347 0.04995692221 0.06433341259 0.05929006083 0.05667275883 0.07680051882 0.04537658606 0.04310289758 0.05388119651 0.03781935463 0.04323311268 0.05372244315 0.04717198375 0.04348242453 0.04474901662 0.04991128086 0.05673006084 0.03583183055 0.06360238485 0.04900396051 0.08394619572 0.05709837364 0.07689781736 0.05164001036 0.06586733534 0.04381997674 0.04161217742 0.03960246807 0.02822158672 0.04220349153 0.04610696848 0.06103068002 0.05902303531 0.04825674593 0.0548926228 0.03971751383 0.03221778935 0.03788717963 0.05053858244 0.02505419832 0.03617969182 0.0448808488 0.05505011717 0.03756127382 0.03128025043 0.04586562433 0.04117201298 0.0296671472 0.02732721539 0.02746142359 0.06689480134 0.05087315285 0.03889672079 0.03687808194 0.03557999188 0.07417161379 0.04096168506 0.04083283272 
0.03178804818 0.037148271 0.03298386403 0.04165108808 0.03421848272 0.0359427166 0.03864318211 0.03592530563 0.05909456673 0.05082044542 0.05452771755 0.0588369137 0.03290168436 0.0500984801 0.03581808001 0.03017395863 0.07954295121 0.03552234192 0.05112431219 0.04984888475 0.03822310067 0.03619970987 0.05028867473 0.03488838062 0.03629992916 0.04173154134 0.05216289986 0.04598229726 0.03232247445 0.0374994766 0.03759987176 0.03779437309 0.04128408979 0.03769231986 0.05665291854 0.0394638467 0.04426261201 0.03757009937 0.04573579669 0.06484531761 0.04918781972 0.052231864 0.07502718099 0.05913706567 0.0430387045 0.0453367188 0.05837380138 0.04570002052 0.04159601945 0.0431308284 0.0583208311 0.05194167981 0.05753009289 0.04362160189 0.03871198482 0.04327639692 0.045341217 0.0613672907 0.08142170644 0.05683480623 0.04711637929 0.04760456688 0.03875631047 0.03508494163 0.03478871069 0.05125162364 0.04525517924 0.07926211273 0.04525117058 0.07541705378 0.04701930915 0.04333384751 0.0606008352 0.03996247852 0.0381102791 0.04990819645 0.03978431871 0.03900918176 0.03281945462 0.05529917239 0.04281883342 0.05611075406 0.05782392225 0.0341352078 0.03668896531 0.02701999561 0.03902163735 0.0337151493 0.06408448056 0.0297295053 0.02878382692 0.03413972296 0.04085257041 0.04207396637 0.03210163743 0.03138327578 0.03160553859 0.03537836611 0.02811943735 0.04120954297 
0.02843744297 0.03163918847 0.0271294028 0.02796583304 0.04118431594 0.05336825639 0.03029553444 0.04346724567 0.03268638122 0.03040289853 0.05095899188 0.04195271831 0.03300392059 0.03686088823 0.04040968289 0.03114309685 0.07458276832 0.05740206206 0.03326147689 0.04375355025 0.04119993467 0.03222346013 0.05066667753 0.04507885768 0.05805849311 0.04780623687 0.07959199166 0.05007381715 0.04265332618 0.04364505738 0.03714501673 0.04207392337 0.03744973241 0.04842517148 0.04936625084 0.05166144773 0.04548910195 0.05372563785 0.0468342841 0.0385635158 0.066832248 0.06943652165 0.06410296357 0.03862343016 0.06224835065 0.03857850251 0.03908004152 0.0530158802 0.05102117226 0.04976791885 0.06234558284 0.04593444227 0.04999458384 0.05381952103 0.05643464719 0.04637984962 0.07135030399 0.04031440801 0.05596723647 0.03769002111 0.05792536472 0.04968204048 0.07352522186 0.0534574399 0.04096415943 0.05113763189 0.04069324702 0.05320135914 0.034279308 0.04655181672 0.07092363238 0.05296121367 0.05719430274 0.03582319983 0.03429037607 0.0491273547 0.04163146324 0.0587924754 0.06191587353 0.04937462258 0.07310852572 0.03795766834 0.03424561704 0.0399758942 0.03435082294 0.05816691668 0.03563040133 0.0325859021 0.03347857472 0.02841636198 0.04291837164 0.03117176226 0.04319534166 0.03853043763 0.0419532661 0.02917086246 0.03010590379 0.03965094026 0.06681990401 0.02985454398 
0.03238792258 0.02120087175 0.02695402791 0.02770928176 0.05269592864 0.02712531667 0.03143218278 0.03749682641 0.0355592003 0.03553708963 0.04563930408 0.0320983311 0.03957861072 0.03035881827 0.03904435001 0.04606719298 0.0555762183 0.06032986995 0.03834330549 0.03846577005 0.03156520594 0.03848511038 0.047849202 0.05749366372 0.04754040175 0.04353384525 0.04113149465 0.04587456582 0.04154651174 0.03693126062 0.05008642387 0.04193935962 0.04104484727 0.04810703288 0.04279736992 0.0769353006 0.04580005146 0.03837495381 0.06665618446 0.05180349885 0.04524570599 0.06432488838 0.05108135405 0.04576156833 0.06178334096 0.05563931945 0.05227617045 0.08340164815 0.07758466692 0.04075143547 0.0575954431 0.05991021615 0.0516463007 0.04238359875 0.03852892044 0.0481082032 0.05160956463 0.06133121214 0.0465432606 0.07710317496 0.04375643051 0.05998051237 0.06821633389 0.04507920798 0.03873175669 0.06906181204 0.04193665046 0.04938544193 0.04775037479 0.04559074322 0.04441318148 0.03930715536 0.04411846861 0.0514495777 0.04871152206 0.04118793231 0.03581281448 0.0353559636 0.05431981179 0.04223735362 0.03631692651 0.05219181825 0.09296146789 0.04274072093 0.03094216513 0.03321211986 0.03308596794 0.02895792763 0.03261877647 0.05639546923 0.0344717639 0.04394815359 0.07650192493 0.03497254114 0.03047421939 0.04648090368 0.02907196197 0.05325113445 0.0493897651 0.03986741639 
0.02594841283 0.04676698838 0.03480446902 0.02408486931 0.0436872198 0.04798625059 0.04771555605 0.03150710297 0.04781831237 0.03065801662 0.02822007471 0.03590779244 0.02862514674 0.03551688124 0.0641405082 0.04477858248 0.0347142958 0.02948687089 0.04436816266 0.03557184651 0.03884501266 0.03463784934 0.04086209809 0.05820035991 0.04283078675 0.03640794463 0.05993756001 0.06664771353 0.0443824491 0.06640596271 0.05581158041 0.04719497101 0.05263329304 0.04836265994 0.05126112059 0.04658068064 0.05405446636 0.05441949133 0.03827292672 0.04350431214 0.04454084711 0.05946983638 0.04536705057 0.06385859096 0.06091479697 0.04574855482 0.06272228205 0.06411151827 0.05089832419 0.05308422326 0.04060557538 0.08255043966 0.04340109646 0.04687387844 0.03852678755 0.04060552408 0.04970483414 0.03665650957 0.03779564471 0.04225148666 0.04643207416 0.04864013955 0.04663127498 0.04950500123 0.03840031739 0.03315356649 0.04730476615 0.03559762366 0.07217326866 0.04070756187 0.07061189473 0.04175406932 0.04444436558 0.03590920834 0.05363747437 0.03527206191 0.04980787087 0.05882143071 0.03311028476 0.04801466417 0.04905302772 0.05463641502 0.04324839506 0.03784547998 0.044610062 0.07071965524 0.03427787693 0.02853266163 0.04887215001 0.06371823686 0.03584355895 0.03371272117 0.02867818982 0.02461945355 0.03250264151 0.02959901115 0.03483605053 0.02814990085 0.03717744263 0.03156294164 
0.03361363902 0.0240701433 0.03188409641 0.02801549634 0.03395085538 0.03339342225 0.04450588919 0.07853858711 0.02593310383 0.03767263413 0.04566403353 0.0749260089 0.03646033689 0.0273830427 0.05882787588 0.03873493483 0.03183249466 0.03959624437 0.05664404012 0.03129939602 0.06938547763 0.03833030701 0.05951514395 0.06065191674 0.03949558799 0.04604592455 0.05077817486 0.03972242284 0.04908028639 0.05524795961 0.04384610017 0.04129803446 0.03271953044 0.07220255973 0.04626043012 0.03932732585 0.0491314948 0.05936271439 0.04206606955 0.06182784333 0.04673069066 0.04601228995 0.0871592132 0.0583138633 0.0439159026 0.06088210958 0.037718802 0.06213252116 0.06717956226 0.09142610613 0.03621531432 0.04661962881 0.05240144814 0.04403688067 0.03979823046 0.05180116859 0.04569818406 0.04518974393 0.04990444768 0.05121514678 0.04472951721 0.05418923735 0.05183679631 0.06116418073 0.07221917972 0.0509086219 0.0401140407 0.05969767417 0.03434250451 0.04649926374 0.03719877281 0.04021238724 0.03078745229 0.05515536195 0.02773410887 0.04805997534 0.05256677932 0.03377252524 0.03724666946 0.03588987632 0.05188727957 0.03744376948 0.03381500061 0.02967125471 0.06346675451 0.03280338922 0.0408294268 0.06499864461 0.04698288109 0.04873854385 0.03044222734 0.03186283335 0.03832872324 0.03114901767 0.02776174428 0.06075396295 0.03874800552 0.03621743795 0.03369120672 0.02467817048 
0.02343197859 0.01948800393 0.03029657837 0.03202551922 0.03904737413 0.0301802516 0.02695635718 0.03038912331 0.03022447999 0.02921853832 0.04499018556 0.04631565849 0.04380834306 0.05042960646 0.03010765659 0.04115518126 0.04071063638 0.04866866666 0.04752879483 0.04750364754 0.03751248488 0.05131576685 0.05133600564 0.04576890609 0.07325838323 0.05072165911 0.07234860002 0.05186606595 0.05525518465 0.04833142491 0.04184404062 0.04447546378 0.0549892401 0.04389672648 0.04749297321 0.0531351347 0.05033553486 0.04020034061 0.03861429663 0.06506590614 0.03872148768 0.05833410932 0.03757416824 0.04486529914 0.06586165876 0.06192979318 0.04392382944 0.04234676306 0.03768528555 0.03425731044 0.03819732179 0.04272468006 0.03955773442 0.05208121974 0.04816169064 0.05942258377 0.05043990989 0.05780735825 0.06784436801 0.05058011254 0.05901212205 0.05578874848 0.05902890952 0.0323988661 0.04104946927 0.05785423692 0.04365851204 0.03980145638 0.03678778069 0.05065775526 0.03937293602 0.04659100964 0.03836735459 0.07281703971 0.04674152266 0.05199896271 0.0359049752 0.06331882761 0.08006240976 0.05673456712 0.04104526012 0.03712373882 0.05045297275 0.03914667592 0.03359748864 0.0646356419 0.05387168069 0.0347800208 0.03839428942 0.05075242651 0.03136148427 0.03336503136 0.02859626721 0.03857423181 0.03686932738 0.02839113755 0.02837261111 0.02500858267 0.02657680199 0.02725940162 
0.0334886114 0.03261453498 0.05767806439 0.0373443057 0.03308263185 0.04025174579 0.03149976633 0.03449067485 0.03447183126 0.05196055531 0.03438756002 0.02890836914 0.04224869446 0.03010572549 0.03759698426 0.0436634043 0.04237574978 0.03838364662 0.054196088 0.05654664773 0.0344620456 0.05041007672 0.03962738133 0.04679059614 0.0433655615 0.04346978418 0.04698987916 0.07164683375 0.04394823557 0.08766293034 0.05567080235 0.07341081733 0.05930772431 0.04493123756 0.0586313139 0.06039823004 0.04451349957 0.04254516022 0.04403311135 0.05405925435 0.06250648429 0.05899290263 0.05486619592 0.04609728973 0.04287412075 0.06025851017 0.04465269633 0.08097469265 0.07857586217 0.04236067351 0.04120618798 0.03620560744 0.03517553199 0.03882351889 0.06500697884 0.04905489162 0.04932728616 0.03684510532 0.06270892387 0.06773132844 0.044031883 0.0331785601 0.05505463677 0.03464443822 0.03745004346 0.06065890724 0.04250967276 0.03458403645 0.04650066578 0.04461898734 0.03244600023 0.04072734999 0.04052504424 0.05102667636 0.05213550016 0.04000811365 0.04229403887 0.07097026833 0.04185974737 0.03980380677 0.06836209466 0.02382755675 0.03937195237 0.06241378171 0.03798714017 0.03184063277 0.05029889139 0.03133048471 0.03583004821 0.04486232006 0.05423848397 0.03833323481 0.03834654184 0.0451659141 0.04496145603 0.0409461737 0.03487219765 0.03166198777 0.03628485604 0.03297392637 
0.05122843348 0.03558402507 0.02398855331 0.02823745334 0.03603090253 0.03313546388 0.04430560391 0.03456917764 0.04252827584 0.04665088064 0.0320255927 0.02923127604 0.03328847943 0.05593641091 0.02859881768 0.04448289396 0.05246250723 0.03655458206 0.03349495079 0.05451366438 0.05314339426 0.03359566069 0.04491525912 0.03806480883 0.03459978562 0.05822540085 0.03431519202 0.04229894816 0.03822625736 0.05397349895 0.06353436308 0.04242352991 0.03920315483 0.03855520193 0.04208976066 0.04368339525 0.04815222726 0.07455871557 0.04742884411 0.0441619589 0.04464406512 0.05889227519 0.05857248329 0.03782262184 0.04006607901 0.04390423511 0.05264318911 0.0657447669 0.04816187161 0.04514909217 0.03975376734 0.0460913938 0.04942159566 0.04070544526 0.04274353755 0.0534470704 0.06246243928 0.04335085356 0.06238528956 0.04589543344 0.05185931033 0.04295145639 0.06610013964 0.05419153664 0.03881203671 0.05944972663 0.04457504983 0.04372312725 0.05219420821 0.04264205077 0.0453641086 0.06401844963 0.04263182347 0.035649252 0.05292198719 0.04898591234 0.04943861668 0.04858747291 0.06851773281 0.03307668162 0.06109673073 0.02875722255 0.04759248677 0.0348499354 0.03635508213 0.05836768841 0.04826160683 0.04221163367 0.05643215974 0.03481119703 0.04595145071 0.03142333483 0.02912819721 0.03422883092 0.04566550391 0.03684250023 0.03087651683 0.02218418936 0.0303196168 0.03471286571 
0.0261322099 0.03882370036 0.03260666289 0.03829844658 0.03421642009 0.03865793509 0.03190321754 0.061036 0.03476229708 0.02824079024 0.03330033323 0.02936084379 0.0800355453 0.05330919354 0.03451579143 0.03328729201 0.05426010873 0.03746455749 0.05153445633 0.03048749757 0.04767019262 0.02975646476 0.07986036203 0.05882855766 0.06258629626 0.04155254362 0.04620136609 0.06264508664 0.03549030855 0.0412962453 0.04829485375 0.05571485178 0.03635173003 0.03486808167 0.07251933966 0.06891853404 0.04444804241 0.05492544702 0.03880699985 0.0590387928 0.03950489378 0.04476641553 0.04810033248 0.06254888384 0.05425248836 0.04200198814 0.04936116357 0.04836001031 0.06771936741 0.05237895684 0.04608581934 0.05047619661 0.06032259566 0.08210531861 0.07485712418 0.0462443229 0.03180446364 0.07031448227 0.04941285585 0.04565048898 0.04259009698 0.03819026704 0.04084442913 0.03513207213 0.05294299767 0.03997400832 0.05593529304 0.03795020906 0.04453546031 0.06803231938 0.06293530366 0.04049677602 0.05038828351 0.05723400049 0.04011567816 0.05743715856 0.04310309912 0.0378137684 0.04337933705 0.04562558942 0.04307352044 0.03642709927 0.0419253488 0.03708380173 0.04972782292 0.04751100187 0.03767262099 0.03487959584 0.04834946452 0.04403708522 0.0415733249 0.0461133708 0.04751095738 0.02586382446 0.05167795335 0.04743484329 0.02449954313 0.05275354621 0.03087550193 0.02885763281 
0.0439115375 0.04120273875 0.03642186866 0.06649891244 0.03704679714 0.02791418549 0.05704904235 0.06564435478 0.04163905783 0.03985911456 0.03741866382 0.04770731865 0.03507242852 0.03858795092 0.03158449682 0.04504506982 0.0331068 0.04717924828 0.03634290375 0.03864262385 0.03553949146 0.0423801394 0.04275435562 0.06571421522 0.03527748521 0.04629147878 0.05082378628 0.03559083497 0.03440205717 0.05318064186 0.0491793538 0.07026207673 0.0380200644 0.04129238977 0.0476174299 0.07095267598 0.03667026908 0.06515022227 0.05808943245 0.0561943702 0.04765874056 0.04645489335 0.04469203875 0.06700646604 0.04151544174 0.05178491405 0.04186887675 0.04971485474 0.03714746075 0.04747706836 0.04557687105 0.04041035635 0.05795118215 0.04411566555 0.057929385 0.0483212465 0.04584040637 0.05544306696 0.04274757559 0.04244442971 0.03872749685 0.0607066117 0.05616007612 0.05738735607 0.03533360662 0.05017849105 0.05412059674 0.03559529937 0.06701880088 0.04034375756 0.06345315361 0.06492620006 0.05545683028 0.05886957856 0.04285325432 0.03919910289 0.06371870331 0.0516204983 0.05620456136 0.03758669253 0.04314957275 0.04819306439 0.0432759097 0.04790750218 0.03212059939 0.04803240635 0.05305640117 0.03350332077 0.05548698646 0.0546182355 0.03185443322 0.05450389544 0.04998617041 0.0332230536 0.03972030003 0.03447318236 0.04962330547 0.02520912428 0.03026335972 0.02798715001 
0.03058658088 0.0383134508 0.05596772249 0.026152533 0.03777184561 0.02562849531 0.0696396167 0.04249554839 0.02755917149 0.04771336758 0.03752701184 0.0395332913 0.03637347888 0.05379591181 0.04550894513 0.03345194146 0.03084904048 0.03891281312 0.04577044824 0.04454349765 0.07499528344 0.04587965437 0.0339777703 0.0293503128 0.04621393615 0.04990241449 0.0348537407 0.05214747176 0.06714168449 0.06827823143 0.03599818597 0.0678312421 0.0417115607 0.04093923195 0.05003256705 0.05001118621 0.06413102219 0.0487213225 0.05128579253 0.04889178115 0.06430540031 0.03478392642 0.0421865903 0.05714372365 0.05193889758 0.06479527244 0.05086705485 0.03353126914 0.07820274497 0.0633014955 0.03449168475 0.04585975367 0.04830786582 0.05359698317 0.05251579001 0.0626175819 0.05335979725 0.05713499746 0.06111916831 0.04542579758 0.05357445235 0.05972760376 0.05625153025 0.07418451182 0.07057450999 0.05449766184 0.0392330443 0.0350830616 0.05090196948 0.04442337607 0.04168982264 0.06591666854 0.04887192584 0.05031288425 0.06840979367 0.04198486876 0.06676422928 0.04761235675 0.0303632144 0.06156455603 0.06365149578 0.05346748916 0.04384394318 0.0298845058 0.04406719546 0.03730847075 0.05803530991 0.03094602008 0.04676399479 0.02482427334 0.03951505018 0.06162990951 0.03581300869 0.03734197462 0.04638729889 0.0290396193 0.04462627611 0.05370652194 0.02775791642 0.03015251031 
0.03715136225 0.05128292678 0.02683019569 0.03192088224 0.03120989508 0.02425468224 0.03984588154 0.03525550113 0.04952409687 0.043598492 0.03121911067 0.02563993476 0.03297812679 0.03979333989 0.03304652377 0.04731391739 0.0379560289 0.03793098325 0.03211019099 0.06279115212 0.05985988456 0.04005555825 0.03791148265 0.03948715679 0.05045432441 0.04284603981 0.06031986995 0.04091792293 0.03706419479 0.05176878684 0.04462099373 0.04191141478 0.04147641354 0.05813726666 0.03812624586 0.06644469506 0.03665506309 0.05706311696 0.04505576332 0.0629939451 0.04276527772 0.06346537862 0.03949509794 0.05093913702 0.04880552746 0.04332107067 0.0394105836 0.03816539464 0.04445211281 0.042840557 0.05013855229 0.06247252792 0.05702154035 0.06545359087 0.0691751486 0.038845381 0.05857270267 0.05143379509 0.06133970422 0.04768199167 0.06899143543 0.04179015509 0.04886219645 0.04224740721 0.06256335303 0.04413363427 0.0575667754 0.03628718963 0.04092934377 0.07044170046 0.05576866454 0.04918784776 0.04355187611 0.04659503981 0.03786731343 0.06972703656 0.04632641127 0.04710634696 0.06476630263 0.04384629097 0.04279915009 0.03662751714 0.03244197118 0.02955043454 0.0322947368 0.03769597528 0.04623425697 0.03478950214 0.05475825929 0.03533523112 0.03720051207 0.03174676173 0.02949592483 0.02668007048 0.0336725838 0.02847488836 0.03620567208 0.0360882445 0.0522338196 0.03280117964 
0.0331314573 0.02717409595 0.0290051288 0.03504052659 0.0573247014 0.04536660478 0.02486627996 0.02937438659 0.03359727899 0.03757770262 0.04838550926 0.02765050709 0.02756037274 0.03116422774 0.04851638164 0.05222688437 0.04376702427 0.04623875513 0.03742893904 0.03932308862 0.03487532342 0.03722161457 0.03903450661 0.04291580196 0.05318674995 0.05092172628 0.03194755919 0.04671113002 0.03227865756 0.04897658171 0.0626274698 0.06715359063 0.04711697362 0.07987065369 0.05998740856 0.06413006662 0.0463735821 0.04745358784 0.03659388563 0.0461396514 0.04374144106 0.04409252558 0.04493247256 0.05041837341 0.04465021994 0.06217684513 0.04598114935 0.04683090559 0.03695751605 0.04265552604 0.06579190391 0.04320564382 0.0728521474 0.06517148252 0.05274283447 0.05521885952 0.04808574361 0.04543292333 0.05026835615 0.06362621141 0.07378530799 0.04100677654 0.08514682566 0.05078039697 0.04269658987 0.07400980601 0.03802013006 0.07088964042 0.04169445079 0.05792700873 0.03952487429 0.05221191142 0.04052848971 0.05787029363 0.04837625989 0.03640270897 0.05869959288 0.04299344112 0.04100195361 0.05191891844 0.03808972255 0.05711536026 0.03727800591 0.03620363321 0.03650158065 0.04548861851 0.02690095181 0.0274762732 0.03152928909 0.03930217341 0.03870850265 0.02965547762 0.03844888043 0.04407578639 0.03251973947 0.02944424496 0.03471107394 0.03178604616 0.03251249887 0.02902824958 
0.02394859048 0.02887645538 0.04212051928 0.02849937704 0.03515747478 0.03173323368 0.03209996902 0.03036020729 0.05131421667 0.04482748421 0.0429050723 0.06516467116 0.02805451753 0.04075505159 0.0456023372 0.041342896 0.04152421536 0.04821976917 0.04137541522 0.04346840855 0.04351974672 0.05005519685 0.03204471207 0.03111441453 0.03854849107 0.04295294535 0.0401503425 0.03686992153 0.04566955798 0.05549246616 0.0398139132 0.05191989915 0.05080872603 0.06977366471 0.06079953802 0.05523432752 0.04183525025 0.07002197766 0.04086961756 0.06106960654 0.04268195496 0.04540758167 0.04543928639 0.04593442645 0.0453157859 0.06379138923 0.0568718075 0.04614924872 0.06058179036 0.05947261949 0.04953968025 0.03629078154 0.05469923568 0.05169554724 0.03788996645 0.04022310937 0.0368445133 0.06116365812 0.06706013562 0.03518263647 0.07067650951 0.04394912682 0.06192059005 0.04015131517 0.05499143543 0.05305951964 0.04612607107 0.03696355794 0.03926666831 0.03659020076 0.03713092963 0.04962305101 0.04124284292 0.0440537738 0.0365667384 0.04742492061 0.04413740631 0.03616648674 0.03161428358 0.04376419063 0.05300954978 0.04640442093 0.06310884439 0.03592077115 0.04792477448 0.04537917696 0.04288465581 0.03864149265 0.03385535158 0.04340537936 0.03161124688 0.03306187588 0.03625732763 0.04089622662 0.0389565846 0.03850877185 0.03193455065 0.02698259365 0.02529898466 0.03056516468 
0.04418387547 0.03843773041 0.02596441663 0.04427293384 0.03608484048 0.02802628445 0.03828127666 0.04659641374 0.07770692174 0.03095447599 0.03349688104 0.03239509116 0.05007522344 0.04198044384 0.03944117044 0.04413645747 0.03739589363 0.03859597714 0.03261007127 0.04240145042 0.03026487934 0.03438315847 0.04484724227 0.03865285996 0.05699273737 0.04605829939 0.0419476877 0.04157007936 0.04144572975 0.03449885549 0.04262468572 0.0693229408 0.05307747998 0.05106706118 0.03982890103 0.05470314049 0.04031192097 0.04019864792 0.07319406042 0.04619198131 0.05107682743 0.0469432452 0.06149764423 0.044646729 0.06117748168 0.04207706114 0.06038073658 0.05776892186 0.04992537705 0.04278994903 0.07831711078 0.05608156654 0.05576261943 0.04081249055 0.05391816545 0.04273656278 0.0470840812 0.07728835214 0.06716965793 0.05252506296 0.07143954808 0.0482002213 0.03900330198 0.05126547384 0.06225668646 0.04580394871 0.05957578692 0.0537376658 0.04268580514 0.04317424839 0.03910717791 0.04678246986 0.05092698851 0.04692164375 0.04117036053 0.03917510927 0.04175685348 0.07229585434 0.04416046038 0.05694238531 0.03551641684 0.0438238565 0.05390729538 0.0326534948 0.04551914486 0.04373549384 0.03585281158 0.04958669704 0.04785292972 0.02996633217 0.03346660881 0.02711531968 0.05171741684 0.06853644614 0.03027085115 0.02887495718 0.04962748237 0.04457266182 0.04385768417 0.03014228712 
0.03086654705 0.02410524601 0.0260235314 0.04534669767 0.03059517047 0.02735378965 0.03464102691 0.04164974927 0.03773822069 0.04940184458 0.04970053647 0.05710461692 0.0509881352 0.03962472495 0.04136082015 0.05791481634 0.04166527124 0.03929380473 0.04057510391 0.03610902697 0.03733494727 0.04742453118 0.04730503024 0.04348298049 0.04058128615 0.0333112266 0.03765207488 0.04245157265 0.0389907756 0.05242995025 0.05280281408 0.0472469717 0.05552003404 0.07116606014 0.05536436488 0.04061915757 0.06668852326 0.06208438859 0.04059677391 0.05802797373 0.05459811768 0.07635676721 0.07078169538 0.03771717216 0.0493654849 0.06802777901 0.0475857931 0.04526787807 0.0458126756 0.04474047603 0.0698377632 0.06531564004 0.06282546118 0.04672314458 0.04299816173 0.0463580319 0.04286327224 0.07599191118 0.04733183467 0.04234482908 0.06168378439 0.06282251823 0.06041451666 0.04243332683 0.0774787523 0.044544385 0.06665799727 0.0496763741 0.044576196 0.03930548728 0.03535446426 0.04474618256 0.05870482055 0.06087626211 0.05076774838 0.05835572587 0.03099743143 0.03672736268 0.04063910735 0.04273184486 0.05192836992 0.04759037028 0.03426502893 0.02807597605 0.03004437544 0.04494654779 0.03590718129 0.04760448266 0.03431672204 0.03900402314 0.03628269323 0.03560728701 0.03370320948 0.03182751669 0.02668102785 0.02833854476 0.03180352211 0.03095679107 0.02764041234 0.03004320808 
0.03242390141 0.04489703781 0.0327564731 0.03129733247 0.0295694995 0.02923235446 0.02760361551 0.04533188145 0.04103641316 0.05648600351 0.03912810657 0.03380135773 0.0676208582 0.0554240483 0.0329251509 0.04515275415 0.04100671245 0.05020317225 0.04430611343 0.05059058948 0.04801596031 0.04073524126 0.03774360198 0.05710600067 0.03886314886 0.0389829531 0.03716613846 0.04099614426 0.04003621071 0.05155416046 0.04673338632 0.0384071116 0.03875595636 0.04624556295 0.09058797121 0.0355532232 0.04664241621 0.04959518638 0.04426479364 0.06072813475 0.05756851045 0.03539032237 0.04866874314 0.05399225199 0.05046587453 0.03845889049 0.04286365424 0.05588759243 0.05985755165 0.04734514533 0.05697441497 0.03985050474 0.04331843052 0.0380323023 0.06767225757 0.05134606263 0.05079344752 0.06564398066 0.06538833284 0.04073168281 0.04337636014 0.04871776287 0.05133513375 0.04448147056 0.04082780046 0.0781223027 0.03985647917 0.03834309294 0.04349929346 0.05927176543 0.04402860875 0.07360003339 0.03996315404 0.04076698612 0.03368458342 0.03985504824 0.04724143923 0.04582800807 0.06343632776 0.03522214477 0.07259820659 0.05493132322 0.0349753025 0.04961461494 0.03318967589 0.05119191471 0.06632094249 0.04745214947 0.06465264512 0.0341007926 0.02971136475 0.07669254453 0.05820121928 0.03226566194 0.0322728469 0.02538090963 0.0341116704 0.03510214807 0.0345254922 0.03215514643 
0.0271937662 0.03923180303 0.02252720889 0.02857544806 0.02460557513 0.03182311833 0.04303862331 0.03830483921 0.02948774729 0.05432715774 0.05642124798 0.03185750491 0.05202351775 0.0400909859 0.03970280575 0.03378349235 0.04477691415 0.04974784237 0.03344590975 0.06737277762 0.05546394359 0.07124711586 0.046589447 0.03447175429 0.03857593255 0.05373433431 0.07003937748 0.06021365599 0.05217627412 0.04878372219 0.04457257506 0.05871662428 0.04397297929 0.03841712281 0.03656056941 0.06339677488 0.0530351298 0.04413413147 0.05745698517 0.04166248321 0.0460122876 0.03971720193 0.051157445 0.05713624822 0.05047929752 0.06896440799 0.03548695722 0.0552444504 0.05002348566 0.07180426918 0.04402118911 0.03534571317 0.04473488815 0.05527199738 0.07673520372 0.07840777762 0.07127583323 0.04593419165 0.06343708559 0.03842412851 0.03888190332 0.04946262943 0.04703655618 0.05135211533 0.0562259826 0.04169405328 0.03992097329 0.04645059088 0.0589009066 0.05329217583 0.05012643387 0.04229708446 0.0595127134 0.05482753557 0.03214763661 0.03572988065 0.03528540819 0.05164388646 0.03842401946 0.03547545915 0.03489026621 0.03817219613 0.05611998043 0.06697193548 0.03763807339 0.03065897281 0.04383771091 0.03434343328 0.03078915753 0.04897831649 0.04688824054 0.06502967391 0.04373545845 0.03765172318 0.03996170929 0.02743763229 0.03096050323 0.02748222427 0.03193233676 0.0470590916 
0.02464012879 0.03496076515 0.02975489042 0.03150520147 0.04091007494 0.03048949814 0.0311789087 0.03354968885 0.04053233122 0.04032310196 0.03540869298 0.04687804623 0.03311843467 0.03582214868 0.03198700803 0.04344002945 0.05333713253 0.04181897165 0.03265315922 0.03394067925 0.03751192257 0.04676294596 0.05003187883 0.04728863387 0.03385492482 0.06994793263 0.05752867956 0.04360427582 0.05238379865 0.04284487822 0.06616684313 0.04361260876 0.03639063911 0.0465747692 0.04825915094 0.04449405063 0.04998452315 0.04540541227 0.05308383564 0.04054266351 0.04110367212 0.04084268975 0.04558150737 0.05686279874 0.06286057258 0.05347232398 0.05206761865 0.0525960146 0.07451599465 0.07189539757 0.04640100217 0.0428620484 0.05839879077 0.04212747219 0.05906762795 0.04256439594 0.05596177296 0.04351512812 0.06163574232 0.05761475798 0.0423944126 0.03283929654 0.04031104194 0.05079059969 0.05215540199 0.03964671388 0.03877241633 0.04519705631 0.0465119556 0.0481866427 0.04391861506 0.05850493482 0.03745470884 0.03383176515 0.05581867021 0.03443749724 0.04548984326 0.049802746 0.04611689988 0.04054234437 0.06391505964 0.05193005579 0.06916951406 0.03347694707 0.05225620679 0.05064000434 0.03999659356 0.05437098071 0.03972344311 0.0278397741 0.03552044891 0.0596656409 0.03487986621 0.02940160489 0.03756001987 0.03787846302 0.03854332919 0.0353573454 0.03358613854 0.0339587118 
0.04589976879 0.03569216265 0.02840334101 0.04965593245 0.03150462696 0.0514671841 0.0583953753 0.03559001818 0.03517547497 0.0323872809 0.04683130954 0.0353452557 0.04172014526 0.03221445421 0.04171713768 0.03615896371 0.04075075643 0.05550745041 0.03754732341 0.04782188992 0.08068351748 0.03412676584 0.04471371838 0.06095444795 0.03805128918 0.03738626603 0.04367119975 0.04030834031 0.05616910949 0.06265034753 0.03150904546 0.04311073282 0.05124635467 0.05021081907 0.0446343548 0.05574137687 0.04038701132 0.05855077605 0.05150745153 0.05432566403 0.0700499567 0.03751186139 0.04893344588 0.03917145046 0.04697745816 0.06592634822 0.0671830422 0.0598427562 0.0563989097 0.04918919137 0.05892523371 0.04119727198 0.06593938634 0.03820269957 0.03674271125 0.07019133364 0.05960301484 0.05127284161 0.03682701462 0.04435171231 0.06301787042 0.04373357862 0.04435639954 0.04489839054 0.04542927807 0.07110303751 0.04653569015 0.03416070788 0.0549077362 0.05148314748 0.04411000181 0.04737665974 0.04939672747 0.03556066111 0.04328304136 0.03683035364 0.05449544561 0.0395881889 0.03012422258 0.03460593868 0.04048346321 0.03762421132 0.03055963369 0.06542417367 0.03854125046 0.046600775 0.04200583441 0.03882587392 0.02706535415 0.0469196995 0.030030262 0.03416327515 0.05104228658 0.03066957609 0.03459603298 0.03552655578 0.04377349846 0.05034520743 0.05205457062 0.02914506701 
0.05798148432 0.03458852063 0.03084961652 0.05062170649 0.0339004374 0.03812542572 0.03160861613 0.05338564248 0.05170770055 0.03503789308 0.03051738701 0.04761410702 0.04317424713 0.05283900864 0.02823620131 0.04258647093 0.03041001687 0.02825191257 0.03635920195 0.04826493511 0.05094774827 0.05814769622 0.04432185858 0.03226428027 0.03659934673 0.04265848994 0.03981602705 0.06947696859 0.06337064243 0.04233339533 0.04121512519 0.06847780911 0.04820976757 0.03426342095 0.05927547176 0.06117520662 0.06388533092 0.0378117434 0.04465495613 0.06403613452 0.03913679495 0.0461215064 0.04464292233 0.04862545712 0.0719184138 0.05392384671 0.04140906364 0.04202767222 0.07918055008 0.06383725683 0.03997829785 0.04435528166 0.04998566396 0.03957307373 0.04228737284 0.04124395227 0.06921054653 0.06049625608 0.04566154604 0.0575300338 0.05217847168 0.03486579434 0.0596791568 0.04905022289 0.03925790423 0.03731805592 0.04783779582 0.0587744934 0.04463734905 0.07021668574 0.05336997129 0.07255659072 0.04338344493 0.06268320976 0.05690856937 0.03692323209 0.05274561737 0.06644915097 0.03094082973 0.04396868805 0.0332646361 0.03405984346 0.04977536362 0.04224096794 0.03466786 0.03466968765 0.03038005758 0.03091376654 0.0299332943 0.03561115574 0.05106490931 0.02852151354 0.03964816697 0.04366627528 0.05259617021 0.05154417199 0.02439335704 0.03528988908 0.04271867321 0.02295900525 
0.06086160185 0.03631895602 0.04814891164 0.04190248604 0.08476985042 0.02716453212 0.0530463319 0.04978667725 0.03914211862 0.0411698938 0.04838445667 0.04841979468 0.05989100903 0.03581523603 0.03530316694 0.03584987937 0.03782472702 0.06680155511 0.02858582615 0.03307696342 0.0384650932 0.07314808771 0.03706228397 0.06049665601 0.03573884384 0.0550589789 0.0564633931 0.0590994062 0.03652094115 0.06502338656 0.04630647161 0.05820794989 0.04052965194 0.04206969265 0.05654269505 0.04906245974 0.04973840499 0.08559887403 0.04624791828 0.04837349458 0.06275801079 0.06589819762 0.05046876192 0.04623708248 0.05452887003 0.07250017074 0.0391035285 0.0485103684 0.04709781509 0.04740911693 0.07555925389 0.05912942158 0.05097745937 0.04308548079 0.06246366052 0.05941073266 0.04951245181 0.03813665371 0.05002486209 0.06997440049 0.07047952774 0.06235590859 0.06226155382 0.05761084732 0.05993265722 0.03969566737 0.04648599752 0.05664027256 0.04660834141 0.04695117187 0.06587176583 0.05751251208 0.03636714646 0.03296593598 0.03946263698 0.05857685684 0.07273610695 0.06698649952 0.03187559786 0.03204541695 0.04202262962 0.03163783538 0.05029215964 0.03656013897 0.03895273365 0.03069204552 0.03731603202 0.05499236922 0.03503939367 0.04720364284 0.0380889163 0.03763917205 0.03058061107 0.06488794656 0.06063633303 0.03679598175 0.03919230918 0.02971717423 0.026046399 0.0475065447 
0.04894818943 0.03513593475 0.04191406332 0.0595561604 0.02993969247 0.0342648212 0.03288744417 0.03041842348 0.04656455436 0.03659450411 0.05563533285 0.04829859757 0.05456189178 0.02695214132 0.03056970803 0.05523447791 0.03038066491 0.03415524035 0.04321308525 0.05095380031 0.06899636459 0.03588961087 0.03261806825 0.04924459138 0.06509213013 0.03902716869 0.0425377509 0.04281717293 0.04706687961 0.04115396242 0.03549185978 0.03737107551 0.05262997437 0.06377597206 0.04177077562 0.08130514347 0.0547289481 0.04233034775 0.05766870156 0.03664875654 0.04466210763 0.05565577193 0.05118141353 0.0430998827 0.07698116979 0.05350617799 0.08759346886 0.0622678075 0.05074195441 0.04200217798 0.05188775726 0.05728361566 0.07463194699 0.06223472652 0.06425713497 0.04387510346 0.05254927633 0.05111673085 0.04793970151 0.04576591445 0.03996941412 0.05082121551 0.0388405212 0.06491552452 0.05311127314 0.04076230195 0.05169552576 0.04769980354 0.04209553482 0.06944699123 0.03542152815 0.0425836902 0.04214962226 0.03613345422 0.04005225502 0.03962337612 0.03139188557 0.04033450773 0.04204784964 0.03516051871 0.0482357127 0.03942706253 0.03815996307 0.03487383445 0.03234702348 0.03152001225 0.06367028296 0.04210908796 0.05140173345 0.04293912505 0.03893515277 0.02868057058 0.02887585286 0.05257695158 0.03550246799 0.03147151689 0.04180385398 0.03533103951 0.02867592654 0.04866265739 
0.02452884532 0.03364460721 0.05802591085 0.02817129072 0.03806809241 0.02973599452 0.02822036563 0.02470259225 0.02767559102 0.02949953463 0.03556067743 0.07824461834 0.06576274872 0.03095218984 0.03413814274 0.0466896222 0.04743362168 0.05362709823 0.04317901797 0.03138095312 0.04978813987 0.06030398195 0.04980839915 0.05319626316 0.03926167922 0.04992695036 0.03655213609 0.04260059881 0.04671554386 0.04096441424 0.04249459746 0.0430415779 0.05151179836 0.04278371 0.03317349437 0.04511801876 0.07494336925 0.04179053918 0.0560835906 0.04468868944 0.0659426557 0.04546760018 0.04984881722 0.04877668713 0.05969415453 0.06215203441 0.0801366015 0.05167789358 0.03474730935 0.05799523545 0.04916812791 0.05514625143 0.0552807323 0.05205213466 0.04296525098 0.06117318579 0.03750360603 0.04568416558 0.0377886372 0.05528378176 0.03542576464 0.04304321188 0.05399117287 0.05349268937 0.03946386903 0.04725851127 0.03966438854 0.07530610989 0.03940576778 0.04822399653 0.03499769174 0.07866217824 0.04286572064 0.03477030908 0.04326054776 0.04849533093 0.03907434493 0.04511235576 0.04221276552 0.03328090962 0.04324717554 0.04723524189 0.04551567124 0.03201241369 0.03957748404 0.02904154477 0.06153890007 0.03537120227 0.04344443047 0.05147965701 0.0328041505 0.06388350761 0.03369250807 0.04365629558 0.03807001529 0.06127941417 0.04260725836 0.03439340967 0.02518890226 0.03206625041 
0.02656434175 0.0257449301 0.0286644082 0.02027433234 0.02865203341 0.02514812213 0.02691412178 0.0498450893 0.05679693998 0.04020081484 0.03437079916 0.03612325463 0.03519274075 0.03117319593 0.04001994337 0.04604582379 0.03247080115 0.04662729398 0.0423459354 0.04102950956 0.03534951805 0.04377472694 0.08548345321 0.04721424399 0.03433687688 0.04374874526 0.03581488434 0.04370228663 0.06192318069 0.047222402 0.04031571816 0.04468128196 0.05247698836 0.04940264337 0.06115077801 0.05079168592 0.04885395436 0.04357393557 0.04438102911 0.05881930366 0.04014579765 0.05110717593 0.03644576608 0.04715069558 0.04905942968 0.05407741396 0.05658159396 0.03964220198 0.05950809092 0.04650138622 0.04952624737 0.06243729057 0.04868358241 0.07140991685 0.04990408267 0.04465191536 0.05268572727 0.06237267438 0.06565355979 0.04863158034 0.04824783674 0.0411555163 0.04609700142 0.04602510248 0.08358574395 0.033163415 0.04282529523 0.08681735281 0.03955933838 0.05119671973 0.06622184934 0.040999544 0.04709310728 0.04029143386 0.03932561617 0.03981821944 0.0501123775 0.03307390877 0.03767724701 0.06322925274 0.04046956085 0.0481634063 0.03457286789 0.06220992021 0.0494509219 0.05050344295 0.02790636192 0.04787895221 0.03973736705 0.03107701446 0.04209020039 0.02919157398 0.02690418405 0.04479960629 0.05462915118 0.02485304316 0.02985267401 0.03231553246 0.04485404888 0.04408143418 
0.031329629 0.03589710934 0.03962599559 0.03063610115 0.03425526171 0.04340905639 0.04770352979 0.06716673902 0.03012838274 0.03129678715 0.04193215477 0.03133173675 0.04848271689 0.0582466946 0.03132941249 0.04261424448 0.04611756381 0.03531311266 0.06551295246 0.08132385771 0.05457235877 0.04278957577 0.04055040776 0.03889569634 0.03913622012 0.05691223101 0.05856350911 0.04160583292 0.04642273523 0.069719995 0.04499289916 0.03508042501 0.03601365266 0.04829925399 0.03836265654 0.04302896106 0.04242750643 0.05977496498 0.05164244917 0.04018537249 0.05213761974 0.06617586819 0.0519673366 0.07562671274 0.05583548479 0.07560595331 0.04353576911 0.05307758531 0.05249304975 0.03897484009 0.07585403106 0.04172839203 0.05829449393 0.06859587584 0.05384229728 0.03667274302 0.03526350623 0.06297367879 0.04545404405 0.04869903091 0.04953791659 0.07910753697 0.04398003576 0.04427046688 0.05135967347 0.03685244475 0.04602923595 0.03480908985 0.03965068835 0.0619213754 0.05295465744 0.055042501 0.0470715546 0.04484563037 0.04851615545 0.03320298655 0.03032219682 0.05025518259 0.03823326623 0.03078216826 0.04418701333 0.04437563138 0.03626072639 0.03387650868 0.03252433291 0.03624305099 0.03121133445 0.03696548757 0.04237484392 0.03967007784 0.04001431455 0.05205866634 0.04886426346 0.03723740904 0.04539475534 0.03011412023 0.03083866096 0.05389647132 0.0258317885 0.03086954453 
0.02191448673 0.02557218155 0.04651937364 0.04967982855 0.04462558662 0.04262376939 0.03263095056 0.03749576469 0.02866889969 0.03509336707 0.03321838548 0.02850226952 0.03400931186 0.03774572428 0.03818309663 0.03743986203 0.03067787401 0.04074138042 0.04368229125 0.04598049407 0.06601649071 0.07314231742 0.03817394218 0.03760235125 0.03825069552 0.04707017341 0.04908922736 0.05623322844 0.0530480816 0.05608998441 0.07364138154 0.04174037008 0.03851849457 0.0462754716 0.03701982481 0.05735088383 0.04704164505 0.0623617608 0.06853024242 0.06729245278 0.05022197219 0.05610151901 0.03956447772 0.06871132796 0.04421722059 0.04770776013 0.05164765806 0.04864220565 0.046122968 0.04516572134 0.05195822984 0.04703954577 0.06658828446 0.03718715102 0.0469833257 0.03950572242 0.04660750084 0.07184341555 0.063950547 0.06333246042 0.08303597981 0.06290331196 0.04704337664 0.05054936622 0.05599970117 0.05136700125 0.06489694649 0.03711885059 0.05136391421 0.06541151426 0.05598563141 0.04359683431 0.03408663003 0.0448198291 0.04717979054 0.04404663161 0.05935080323 0.04106572445 0.03424135001 0.04981018018 0.03133183605 0.03810466985 0.04955564653 0.03093118944 0.02911057118 0.05091509309 0.03806079569 0.06506389621 0.03851055918 0.03598927019 0.03029550475 0.04155009571 0.04328535917 0.03196682678 0.02740236526 0.02424945762 0.02989730664 0.06139787978 0.04016474141 0.03796527729 
0.03164463501 0.02965787453 0.05639483496 0.03143039205 0.03781662368 0.02273247965 0.03818943792 0.03236080284 0.03202674141 0.05112055355 0.05079487396 0.04553647109 0.03188900307 0.04068351548 0.03001119278 0.04760034121 0.03940155327 0.0371477002 0.0416951171 0.04010477534 0.03304251077 0.03860910949 0.05338296469 0.03489929294 0.0513419236 0.03769028478 0.04722445489 0.03733725954 0.04933579521 0.03756958404 0.04495239721 0.07533381911 0.04737458668 0.0708937581 0.04235624263 0.03785285271 0.04177365057 0.03475811838 0.05400300894 0.05364054894 0.0727090672 0.05055671953 0.04146122418 0.071224163 0.05590164936 0.04069429051 0.06572494476 0.05431234735 0.04761826545 0.04657270507 0.06279770823 0.04785999128 0.06249314579 0.04460106665 0.06831797968 0.07527622689 0.04818370664 0.0369400207 0.04355071644 0.04143338332 0.04400007595 0.06598726857 0.06790568216 0.05746797476 0.06453939562 0.04124333346 0.05652174347 0.05466716914 0.07297438161 0.04686998146 0.03859072123 0.05328931504 0.03177328403 0.04807264277 0.0334449707 0.05715916101 0.06306689675 0.03813009275 0.04213005892 0.04172952591 0.04070635331 0.04167133822 0.05409769262 0.03491455974 0.03550164902 0.05036318584 0.04457290826 0.05333125626 0.03196484532 0.03519174256 0.04157058723 0.04148801584 0.02782182519 0.02818580594 0.04460984293 0.03171489737 0.03632772218 0.03563877382 0.02979741423 0.02304131899 
0.02797430167 0.02810812202 0.05328735033 0.03941262988 0.02847499596 0.02783599512 0.03964410831 0.03233346206 0.03136197258 0.06842857103 0.04730105159 0.03739565136 0.07432689636 0.02786619447 0.04559429497 0.04868165234 0.03633711753 0.04366588455 0.04673259446 0.05083035591 0.03569169829 0.03635196696 0.05544307227 0.04917364369 0.04638928654 0.03775024439 0.04884277162 0.04439376605 0.050485763 0.05554378425 0.05345591678 0.04876894575 0.05497502918 0.05427007335 0.04397745152 0.04404789118 0.06307500312 0.0330286249 0.08193124279 0.0496229025 0.04904342798 0.04639196872 0.05058835145 0.04646852891 0.03703242699 0.03455296629 0.04543500271 0.04530665389 0.04068742799 0.0563601024 0.05001892354 0.06812754441 0.06758575485 0.07273579924 0.04580044541 0.042699647 0.04482603194 0.05812834683 0.04451189915 0.04542995436 0.07478796014 0.04837605197 0.05521148913 0.05682699842 0.048665536 0.04116928248 0.07664531376 0.04651342815 0.04331393379 0.05988054882 0.03677663817 0.03992962108 0.05213755701 0.05231149425 0.0434822191 0.04602936502 0.05074022946 0.03520988186 0.07142414619 0.05462910818 0.04056612929 0.0406367582 0.03628981053 0.04008960279 0.03933633897 0.03533233984 0.04013513998 0.03622521917 0.03756032136 0.0524628698 0.03754342113 0.03805365226 0.02575389154 0.03888927924 0.03244662271 0.04430677825 0.0355947457 0.05701621024 0.0213862758 0.02807748048 
0.03091857117 0.03070056767 0.06492244443 0.0365690167 0.02540846062 0.04318904962 0.05433918777 0.03045873611 0.03017071565 0.03024907253 0.03029014038 0.06361771918 0.03308853963 0.0421739833 0.0323157512 0.03783675428 0.03091553606 0.04276243899 0.03383283198 0.03138956977 0.03589272736 0.04099425203 0.03909924361 0.03861911216 0.05426381336 0.03407897167 0.04713854018 0.03862134981 0.06386313122 0.04549769744 0.07447397769 0.05653986108 0.05274043529 0.05997666942 0.04668944633 0.04973047813 0.04890945457 0.04865926249 0.04442207507 0.0450453208 0.04601450805 0.04340649193 0.03733004493 0.04270115005 0.04114587422 0.05945743283 0.04513620122 0.03905087098 0.064708575 0.05702320627 0.05453873594 0.04656269536 0.04267825159 0.03434590005 0.05154969202 0.0451731787 0.06646895477 0.05148879449 0.04219854252 0.03604414994 0.06491572264 0.0655444082 0.069551056 0.04858089886 0.04385882139 0.04129595518 0.04290479149 0.06828688121 0.0499158965 0.04435435377 0.03523690175 0.03602456288 0.06409062645 0.04953290832 0.03866823163 0.03220353899 0.04056624446 0.05477581903 0.03971344221 0.05574811936 0.03574279326 0.02689534013 0.05469282978 0.06113383326 0.03387176833 0.03822709019 0.0465123025 0.04208916626 0.03827387999 0.05087780179 0.04169318788 0.03749878014 0.05877270682 0.03238338071 0.03362674756 0.03327540224 0.04333633647 0.06651258276 0.02341954601 0.02756261034 
0.04005976682 0.02876084559 0.04613193246 0.05639143358 0.03267558572 0.04922462437 0.03942105277 0.03023535326 0.04342138911 0.02868688507 0.05189987202 0.02213949628 0.0467116593 0.03513743919 0.04090756453 0.04801636201 0.04754126241 0.05160986819 0.04337207252 0.05715103213 0.03956818433 0.03409866971 0.03477761245 0.04082906305 0.04481726339 0.04662489727 0.05922859846 0.037475655 0.08607473943 0.04696809094 0.06474104894 0.04517065398 0.03847822544 0.04506109723 0.04837363358 0.06602868023 0.06394295127 0.03994681623 0.03616520353 0.06256749222 0.03886407901 0.05637818275 0.04841808978 0.03605269254 0.04465081674 0.04008513952 0.06323173637 0.03977355386 0.04367627468 0.04424312442 0.03823436089 0.04119483043 0.04566060351 0.03808178554 0.04374687482 0.05308456949 0.04832181253 0.05100467639 0.06819593406 0.03878383776 0.04298827765 0.04537927522 0.07043925034 0.04876582065 0.04551486668 0.07974654348 0.04743333025 0.04855468605 0.05747300678 0.04367858566 0.04986119898 0.03880347645 0.04808488127 0.04045465599 0.04566832958 0.03695806232 0.05206419272 0.04248433874 0.05127315536 0.05365885156 0.03778586553 0.06026366433 0.04349103863 0.07361728092 0.03294506297 0.03106746421 0.0333688719 0.0409757843 0.02779731536 0.03696478272 0.02999642695 0.03753791628 0.03843115111 0.03967592333 0.03425698171 0.03046856028 0.02592820379 0.04075576037 0.0464952418 0.03636817535 
0.03077161297 0.02851629326 0.03110485326 0.02794870522 0.05315457424 0.04789775793 0.03200932439 0.03386447095 0.02725859822 0.0571629522 0.05604328633 0.04262308155 0.06352081117 0.03231876648 0.04360518846 0.03249964229 0.03217103899 0.04025120016 0.03874344752 0.03704614771 0.03438383705 0.03170879144 0.06881954837 0.0628444734 0.05033178481 0.04536283836 0.04215406158 0.05167114686 0.06559493281 0.06288693191 0.04237319556 0.04775747272 0.04602766018 0.0523095962 0.04073912947 0.05973703526 0.04455115147 0.05175253098 0.04806797341 0.04994405939 0.04943824493 0.04872102714 0.05341387026 0.08057859419 0.04061243914 0.04788391756 0.04485566548 0.07332622395 0.05093552469 0.05918438713 0.06844355739 0.05435328506 0.04659910969 0.0608104495 0.0405949057 0.04356309936 0.06289106335 0.05472867864 0.04936248238 0.07366579029 0.04115406004 0.04923011132 0.0433798355 0.07144813848 0.06253191528 0.05399716083 0.04080793667 0.0520348803 0.04122732317 0.03358455969 0.04165329665 0.03936808613 0.03873204906 0.04196438353 0.07253402582 0.04631290651 0.03419292331 0.06900713167 0.04186401869 0.04059584534 0.04477122905 0.05012289664 0.0628842912 0.0515230745 0.02938507422 0.03222744746 0.06165352035 0.03577230647 0.04357118391 0.04870949287 0.03275555959 0.04121567878 0.04084327022 0.02964713549 0.02594252456 0.0278656069 0.04675418459 0.03994849072 0.03102867699 0.03984886499 
0.02725787968 0.03292199292 0.04885765997 0.02415642468 0.02521679419 0.03413610153 0.05070689828 0.04853411509 0.04795812651 0.0251254236 0.02637219447 0.03751487916 0.0599540975 0.06127805772 0.04152493658 0.03346466967 0.03819739209 0.04187433847 0.03952015865 0.04620323848 0.04536137344 0.04922039406 0.04389393349 0.04521799668 0.0313080177 0.04883790345 0.04969330965 0.04956148108 0.0334788217 0.04492377084 0.06124744124 0.04517505268 0.04186199478 0.04682954541 0.07847015183 0.05776316185 0.04242467657 0.05629166603 0.04238847975 0.04367022224 0.04074412814 0.0411902856 0.04286466799 0.04062414447 0.03946677279 0.06214984712 0.05354449402 0.04417580639 0.06528071478 0.05216727177 0.05303779806 0.06120867268 0.04673261983 0.04223252293 0.05433796332 0.05139130836 0.0483863435 0.07056801799 0.05463457289 0.04278429466 0.07176812269 0.03928550427 0.04435390403 0.04413431373 0.06940269523 0.05502880695 0.09111368515 0.05425542233 0.06538933582 0.0500977662 0.03792264445 0.03957581188 0.04161457269 0.03679533332 0.04211699319 0.05103189963 0.05971751367 0.05539412282 0.04948583905 0.04912737899 0.07154130005 0.03246534192 0.04106473166 0.02985995517 0.0659950257 0.03282447508 0.04957014981 0.03422391669 0.03774030417 0.04594205193 0.02819547826 0.03659464835 0.03811626215 0.04180144283 0.03950829953 0.02588191628 0.02338457388 0.03559920568 0.02809509521 0.02705549944 
0.02790436566 0.03165542915 0.02931964445 0.0290311289 0.05085877237 0.03073964583 0.03804402179 0.0367933696 0.03306259024 0.0572494494 0.0578527322 0.03855036486 0.03769224738 0.02439298618 0.03917569234 0.03470368229 0.04726023912 0.03911841233 0.04069357853 0.07352743543 0.03911305292 0.0386752469 0.04353040555 0.04035763113 0.05829517528 0.04295011332 0.05022074303 0.04399728126 0.0544790184 0.06494632362 0.04022313616 0.05767339114 0.04185330119 0.0708657639 0.04766478444 0.04955477169 0.04955475497 0.04075771949 0.06137661811 0.04770490408 0.06591501468 0.04904878071 0.04245095152 0.05404561212 0.04267848398 0.05811545538 0.0554258616 0.06468733026 0.07562868325 0.06903665677 0.0766062975 0.0521330547 0.05645526426 0.06747164499 0.05735448731 0.04320425128 0.06340674982 0.05674552972 0.05436741127 0.03922098589 0.04975518471 0.05500281524 0.0488791366 0.04790644881 0.04980517746 0.0788951414 0.04396944447 0.04318346627 0.03974416226 0.05342429182 0.05649142188 0.03870409937 0.04567453929 0.05724739406 0.05067840956 0.04177935139 0.03213908044 0.03603795895 0.06161722305 0.06363664822 0.04341427361 0.03780685155 0.03820852172 0.02914717546 0.05357516829 0.03471669281 0.0837480396 0.07133245778 0.03382344148 0.03596006895 0.03183083378 0.03815579068 0.03824912428 0.03008677165 0.03515038954 0.03698807172 0.0285687674 0.03033875418 0.03275145251 0.03368037303 
0.03316956404 0.02422850913 0.02791273827 0.02563461777 0.03331874561 0.02846984208 0.02300031828 0.03817459851 0.02868565613 0.03305734638 0.03001780583 0.03429814782 0.0650069657 0.03784925498 0.04068828665 0.03993385016 0.06673012535 0.0324669455 0.03466873536 0.03473153326 0.05038866938 0.04096080292 0.04521796915 0.05415883445 0.04045379197 0.04087402061 0.03539192943 0.07336055778 0.04033951032 0.04409806397 0.04411165127 0.07446608583 0.03312223063 0.04301638192 0.05267455503 0.04003080305 0.04571918284 0.06313972454 0.04607556235 0.06175748261 0.06158027729 0.04095541614 0.04832658506 0.06847451638 0.04208858342 0.061829555 0.03498437117 0.05085851736 0.05044436013 0.07271522015 0.04153637604 0.05131666616 0.04734995369 0.05110284436 0.07379574254 0.05794499166 0.03427129104 0.06694894544 0.05582743377 0.04117852033 0.06331608532 0.04413555466 0.06236380572 0.04887307653 0.04796816949 0.05890246453 0.03743468551 0.03477177654 0.06386468817 0.04659901751 0.05837141925 0.03282223771 0.05825595872 0.03742040477 0.04716118802 0.03545169156 0.03776253976 0.05061929686 0.03575452495 0.04371475604 0.03721042801 0.03530005918 0.05902528089 0.03407625802 0.03506876145 0.04164164183 0.03743274934 0.04792025159 0.03231469394 0.02944567455 0.05249796248 0.07974441979 0.02622723046 0.03808468878 0.02705900144 0.0350386905 0.0346072592 0.02690436804 0.04469676962 0.0347675635 
0.03175070125 0.031616611 0.05489552186 0.05016788111 0.03991048646 0.02866771618 0.03277866003 0.03913460241 0.0369031662 0.05112200436 0.0321331314 0.06114525827 0.03374269857 0.03048815672 0.03201917671 0.04134023063 0.03522869105 0.05491894158 0.03710958306 0.03415392013 0.03199769236 0.03147376645 0.03553159318 0.04375807333 0.04139910385 0.03618816718 0.04229104645 0.04464108878 0.05534948418 0.05795731051 0.06696727805 0.0367640745 0.09159740839 0.06032083278 0.07119972006 0.0433076018 0.04433459473 0.05976367423 0.0480543905 0.05229357575 0.04351927481 0.03825080923 0.05861882607 0.04527298792 0.05441812122 0.04757285724 0.04036555878 0.05243934797 0.04208258254 0.04670132476 0.03625160543 0.05275977215 0.05880063344 0.05485603824 0.06130206715 0.06692249147 0.0495475323 0.04057300634 0.0697356671 0.04476307739 0.05472501339 0.07383627908 0.05956301531 0.0496811591 0.04536236308 0.04938305938 0.03907350712 0.04563148707 0.05215786303 0.04363695089 0.05271076273 0.04515501596 0.06738943723 0.04021117739 0.05595848397 0.05501634986 0.04502282078 0.04924204173 0.03701046948 0.04585170406 0.07201591555 0.0499795921 0.03806941501 0.05454603588 0.02853559055 0.04273320487 0.0482857929 0.03404209675 0.04559662649 0.04306089434 0.03487880199 0.0571223456 0.0433059671 0.02817098101 0.0340816729 0.04975819796 0.05213081233 0.05360309784 0.03026646934 0.02798262657 
0.02693353357 0.04642826194 0.04329785511 0.04707359153 0.02867664219 0.03254742224 0.04984122585 0.03605552161 0.03713881298 0.027123954 0.03136867352 0.04936003033 0.06511093236 0.03895299833 0.05326012708 0.03949041436 0.03018892637 0.0518076891 0.04059309932 0.04005388612 0.04320021186 0.04533619119 0.05114668585 0.03660317098 0.03814921269 0.04866289214 0.04727597116 0.04940783155 0.04094894963 0.03847060584 0.03920790356 0.04318198536 0.04163713969 0.07266216884 0.05851786309 0.05692995001 0.04693892563 0.05586924752 0.03965693034 0.04335489345 0.04303034375 0.05730138871 0.04419185049 0.06634523474 0.06856076665 0.04286450265 0.05159993769 0.04542189218 0.04586906256 0.0535941422 0.04482024391 0.07035293979 0.04643236578 0.05475812581 0.05567897987 0.05567731157 0.0472957284 0.07751050265 0.04291416521 0.0674018145 0.08538623736 0.04946670233 0.06785846919 0.05043728462 0.03439677076 0.04510019917 0.05880893893 0.05726225134 0.04064163115 0.05867458732 0.05109901561 0.04028928516 0.05801836598 0.03379966792 0.04329334479 0.04995862337 0.04477254369 0.04797001634 0.03351833207 0.03477703075 0.05521921206 0.03079589623 0.04832731378 0.03087902881 0.05529780056 0.03707938037 0.03575627494 0.04628737858 0.03518313272 0.03647973937 0.03911160962 0.04558455848 0.0403227104 0.0324906272 0.03771769781 0.03879234355 0.05032486285 0.03408784266 0.03912210298 0.04683374013 
0.03531121112 0.0259883429 0.072058203 0.06787354132 0.02960690375 0.03133086411 0.03102465796 0.02952143517 0.03335779426 0.03714590518 0.04103521129 0.03174220077 0.03962625181 0.03342758946 0.02715255995 0.0552811108 0.04243718877 0.0476434265 0.04225781864 0.03030201709 0.04040748536 0.04564591349 0.05041465066 0.03680844419 0.0393910588 0.04390684962 0.04517842745 0.04110406979 0.04914569341 0.04405970867 0.06483040416 0.04824614041 0.04932586683 0.03992989847 0.0483849423 0.06360149779 0.05256760001 0.05147875082 0.0505399607 0.06209416471 0.05896845835 0.06991070343 0.04766565377 0.04900104152 0.07785323434 0.06726611104 0.05128581259 0.07630618723 0.06449043466 0.05664255328 0.06002201946 0.05068537386 0.04423501798 0.04410588794 0.04496082817 0.04146749188 0.06572049898 0.04064646615 0.05452701647 0.04237617287 0.03586323251 0.04975544458 0.03682681302 0.04457683905 0.05245960084 0.04893374436 0.05750776655 0.04404975337 0.03680827207 0.0439667452 0.07081957374 0.05223202311 0.03136391164 0.04282093629 0.03989338433 0.05790788759 0.03865030736 0.03499148741 0.04058075552 0.05402733716 0.04294938451 0.03357119486 0.03902290093 0.04199157256 0.04072009051 0.05034270327 0.03300033034 0.02819121107 0.03413037719 0.03917631073 0.03352197082 0.03077023834 0.04697294252 0.03224009058 0.0432469098 0.05574781347 0.02714810014 0.02852348988 0.05521448283 0.05670638033 
0.02575723664 0.02363573066 0.05318453994 0.03191728998 0.06064742316 0.05801275715 0.02765518353 0.02603817727 0.03589452438 0.06338721932 0.0369611649 0.03954254062 0.04793984379 0.03736153324 0.03424716696 0.040914176 0.04554908699 0.05985629471 0.02823673944 0.0515100714 0.0458056573 0.03428833543 0.04890811234 0.061797601 0.04647663306 0.03309834964 0.04836430252 0.03840866878 0.03512082491 0.04208462571 0.04720221703 0.04851013294 0.04940770886 0.04248955283 0.06725108213 0.03428690402 0.06435943874 0.04441838641 0.08703989893 0.04242084453 0.03217817982 0.03704113588 0.05114278305 0.06142843034 0.07863669691 0.04337990062 0.04112830502 0.04651108821 0.07166213778 0.03962797336 0.03853739894 0.05050334849 0.05046631659 0.04501512572 0.04497825804 0.03695920175 0.05170626023 0.05835504138 0.0479781092 0.07343423928 0.05673453845 0.05173618686 0.048429213 0.04427941631 0.03774933692 0.03696131113 0.04802518504 0.03966509348 0.05164643862 0.04482963781 0.03404089888 0.03065031945 0.0376165388 0.03080933449 0.04469799933 0.03782789673 0.04297440165 0.03850445855 0.04522862905 0.04452917171 0.03340514307 0.03595208916 0.03939183879 0.03754762345 0.02990445822 0.04528650413 0.04090908497 0.05007845619 0.04210241869 0.03348000458 0.03067798674 0.03673173362 0.04803094273 0.02770627949 0.03391907725 0.03475199073 0.0255547752 0.03564875011 0.03299557057 0.02721544807 
0.04712914401 0.05695716591 0.03597257338 0.03652812131 0.02550021149 0.05976926238 0.02760512883 0.07753103859 0.05569233945 0.04406246276 0.03062680608 0.0427030241 0.04635813231 0.04562044612 0.02757618925 0.0386333079 0.07090033251 0.03346954892 0.03025201518 0.05383148584 0.04839129954 0.04455777248 0.0471403762 0.05128909779 0.03861949621 0.04590211083 0.05979193698 0.05363766424 0.04214215882 0.0394563989 0.03154269001 0.05282596394 0.03835955409 0.04618694428 0.05589853678 0.05626951589 0.04462075765 0.0424481339 0.0688241792 0.04107017695 0.04124589643 0.04564661672 0.05529608851 0.06858095849 0.04352151984 0.04848873595 0.06607787425 0.05055079971 0.03566171715 0.03999849926 0.08031343746 0.05985466366 0.05732857351 0.05808481996 0.04358935807 0.04283499453 0.05495002223 0.0415705534 0.05369715598 0.0425685576 0.06207627827 0.05199564367 0.0424533559 0.04520670763 0.04247025069 0.03227482979 0.07250739018 0.04796344655 0.06167762228 0.05602056278 0.06384742945 0.03477742518 0.05198406242 0.04046251901 0.04987795341 0.03822272564 0.04514446521 0.03159920666 0.07570582473 0.05197253369 0.04343914577 0.04064455603 0.05358782172 0.05127465652 0.03870480973 0.03562315468 0.03342120523 0.05180435855 0.02833117499 0.03450050684 0.03861675101 0.04443507169 0.04699589544 0.02553785114 0.03643692693 0.03877695413 0.0347744754 0.0349730379 0.05098133545 0.02992138852 
0.07184228842 0.03970029083 0.03044097145 0.03554352658 0.02775276535 0.0305376965 0.04149724333 0.0276424095 0.03149864395 0.0325019183 0.03887138915 0.03481464548 0.05882074146 0.03200821298 0.04109124124 0.03541348699 0.04307239956 0.05604403163 0.04774097619 0.04771231413 0.04123655017 0.04195971201 0.0428161363 0.04743921347 0.04460768466 0.04171864834 0.05609026917 0.04095622999 0.04960879139 0.04280157391 0.03756595367 0.03496869849 0.06628907572 0.05335130297 0.04003257762 0.0465327926 0.06863377614 0.04565090125 0.05924835372 0.04301816535 0.04226120661 0.04612472033 0.04390909242 0.06755877175 0.05167312097 0.04558077442 0.05784203723 0.05050247056 0.04526606446 0.04397271184 0.05930557392 0.03542082629 0.05181546326 0.04767547766 0.04706266519 0.0332202331 0.04594788344 0.03802243477 0.0486641613 0.05636176225 0.05405217526 0.0576800186 0.05686878532 0.05184124569 0.05134431171 0.03867119864 0.03830982833 0.05779402954 0.04390111232 0.05266634716 0.03325737981 0.06056759649 0.04124237751 0.04347903903 0.03920792976 0.05128153686 0.04777629786 0.04740854281 0.05908932822 0.04532468474 0.0468320767 0.03949752961 0.03806885231 0.04149294848 0.04713597962 0.06711593915 0.04038210982 0.03856047799 0.03033828494 0.03730505414 0.03945430411 0.04553855233 0.02940278347 0.03888595076 0.03246707995 0.03094583569 0.03527834555 0.03142661705 0.03147966091 0.03263795335 
0.03134852953 0.08318768229 0.04903556662 0.02927107514 0.03394587899 0.02729600729 0.04512591579 0.03461385061 0.03171891539 0.03735339745 0.02997793744 0.02977559828 0.03493639573 0.04110039876 0.07082378553 0.03494974501 0.03630695068 0.0384104339 0.03136939368 0.06018183153 0.03309198872 0.03767789623 0.0449188752 0.04039038274 0.03239384577 0.06818210875 0.0441994886 0.04385902529 0.06095726582 0.04887164738 0.04485449701 0.05264987131 0.05000212304 0.06138363971 0.05138799305 0.05710181849 0.04899813938 0.05338788913 0.03772483123 0.0392623197 0.05382399165 0.03628785064 0.04562921624 0.0452149455 0.07059134334 0.09309905096 0.03679253989 0.04027945002 0.04455179351 0.05036411942 0.06592545092 0.05338679194 0.04735170653 0.05998579833 0.04479000177 0.04487203572 0.05148522207 0.04263118512 0.07387634309 0.05615889361 0.06598848843 0.03883868204 0.04610266809 0.0533700899 0.06173926555 0.03461746189 0.0722164987 0.08220878449 0.03986471991 0.03734243126 0.03968360767 0.06441961661 0.05158908445 0.07689419058 0.07397338322 0.05599612563 0.03843159361 0.04388288795 0.03608912567 0.06539353726 0.04053349383 0.03539511231 0.05912281783 0.03619668418 0.03271906182 0.05694693056 0.04068737748 0.02922677692 0.04636857319 0.06760613772 0.03390751643 0.05257090629 0.03264725657 0.03223276539 0.03255600317 0.02607038278 0.02657804581 0.02904545942 0.03409743291 0.04152087917 
0.0291260212 0.02402704302 0.04715151275 0.05175391783 0.05262661758 0.03855347081 0.03922515935 0.05021560005 0.05390329624 0.05465554806 0.04031759255 0.03371619242 0.04074323242 0.03241751081 0.0399192933 0.05524508146 0.03318156219 0.05555021974 0.02842192127 0.03129246324 0.03889730223 0.02907656697 0.06147252559 0.04005012638 0.05581373157 0.07808053936 0.04826252984 0.05642465137 0.0620026035 0.0577559664 0.04933099721 0.04093605622 0.05124632352 0.04229510775 0.05814551194 0.05953601711 0.050994889 0.06775538349 0.04806329633 0.03681885648 0.05242667167 0.04065640628 0.04650624982 0.04591923838 0.05031098759 0.03727222721 0.03880987378 0.04767167618 0.05183911322 0.0522267586 0.03780153837 0.06515084846 0.03917281614 0.0611817122 0.07223404929 0.05492699833 0.09493324398 0.04391301948 0.03833267202 0.04140155459 0.06691994747 0.04534613064 0.03615814734 0.04422801682 0.0656113426 0.03820505852 0.06469878328 0.05645853041 0.03923858083 0.04319212837 0.06146838844 0.05349454579 0.04475949799 0.05732605642 0.05901450805 0.04758087357 0.04316488496 0.03596368829 0.03971637787 0.04766328872 0.04548874843 0.03895145893 0.0322853925 0.05452649722 0.03943070687 0.05890913576 0.02964596284 0.06272189088 0.05467340958 0.05280796728 0.0533024386 0.03955534225 0.0495472772 0.02922060533 0.03537331105 0.04450910664 0.0315593369 0.05014280075 0.03092489764 0.03341580462 
0.0332360011 0.03293988681 0.03909537363 0.03207810577 0.03015611167 0.03744247883 0.03246958066 0.0422601474 0.03875656034 0.02921372818 0.04581066913 0.03099183593 0.04767035269 0.04251124782 0.03965798426 0.04889852416 0.04563202073 0.03799440656 0.03612014682 0.05259931859 0.07404443702 0.03934145341 0.06262424983 0.04633331955 0.03594243515 0.04217521812 0.04460271404 0.03968585035 0.04170160404 0.03652099769 0.04355420235 0.0426383243 0.03545736983 0.0312727311 0.04200655089 0.04333860946 0.04512583497 0.05474156992 0.05830003033 0.05863232279 0.04531348854 0.075115695 0.04161628182 0.04323307261 0.05127115618 0.06230475994 0.0406123695 0.06141071433 0.03921362669 0.06113781467 0.04435654911 0.05221644952 0.04112454256 0.07210332091 0.03964985172 0.05538480553 0.07107653619 0.05811210879 0.05209572028 0.04551701762 0.05183181182 0.06135796798 0.04421806845 0.06745323704 0.06516194702 0.06849856996 0.03862618308 0.04125685621 0.03726641529 0.05713011978 0.04581545003 0.06426396518 0.05652651984 0.04321952004 0.07372216027 0.05538424272 0.03982641318 0.03811956228 0.03349218275 0.04757913342 0.04118427354 0.05374562453 0.05377074065 0.03110836679 0.03571535765 0.06089716059 0.034958871 0.05396447225 0.06310188139 0.0297840263 0.0495898837 0.05244449555 0.04539117838 0.03174597365 0.05094969921 0.04221837327 0.02163910024 0.03894946227 0.03138247878 0.03429627824 
0.02867603389 0.029665111 0.04028683819 0.05055649881 0.0296333439 0.0408645065 0.03421812491 0.05144200551 0.03381639357 0.04855818382 0.03692356124 0.03629023888 0.04073018136 0.02785759104 0.06543644378 0.06442583211 0.03295783972 0.02955115508 0.03495544067 0.0360898996 0.04438393944 0.04272492309 0.0420668933 0.03691622033 0.03957970189 0.03664591179 0.06555969313 0.0755518743 0.04042291436 0.06505302857 0.04156694171 0.04268596343 0.05506517625 0.04709229607 0.04521279758 0.03490466909 0.04670738168 0.04122729071 0.04511643754 0.0616356362 0.05957406248 0.07023524408 0.05134555739 0.03803582883 0.05870416826 0.03924825927 0.03996678647 0.04298896632 0.0679109793 0.05216623133 0.04327596489 0.04796233796 0.05139906481 0.04795195921 0.03563827584 0.0743844204 0.05517589289 0.05107038186 0.0653414796 0.05097849854 0.03719992663 0.04518690909 0.04848372621 0.04104810163 0.04084933358 0.04015530835 0.05970973085 0.0538643164 0.05133962556 0.04747491591 0.04451714445 0.09779618516 0.04388536174 0.05896299715 0.04107609903 0.03694543326 0.04857735668 0.03302767453 0.05233260639 0.03825453289 0.05053977388 0.0493015593 0.03670111117 0.04635283144 0.04087353931 0.02649656102 0.03662232146 0.0401566772 0.06925580227 0.06524918195 0.0283224085 0.04798199114 0.03494958187 0.04012331751 0.03468895322 0.0353455676 0.03404137129 0.0397782091 0.03932211133 0.03119641479 
0.03421258522 0.02825547901 0.02342158871 0.02988960172 0.03088598255 0.02981471443 0.03608833824 0.02877567066 0.03684981948 0.03621125696 0.03253633555 0.03403904911 0.03804455303 0.03932587407 0.05258974636 0.02522784025 0.04338350766 0.03715473757 0.04323573092 0.0362591319 0.03275035394 0.03754415726 0.03587656684 0.03398018252 0.04057883643 0.03407791201 0.03437807742 0.05021983668 0.0452416191 0.05601405485 0.04505158518 0.05098720978 0.05497239672 0.04248502489 0.04921612113 0.05225784548 0.03922441695 0.04438935973 0.04634581054 0.04669095319 0.03486782019 0.0374683032 0.06191143854 0.04107222235 0.06264987651 0.0501208575 0.0429365023 0.0569679071 0.03994919572 0.03997507338 0.03890674459 0.04179442861 0.04294416513 0.0618869853 0.04257055399 0.05918505418 0.05339295917 0.03850095824 0.0517612777 0.04553046525 0.06188300447 0.04698045688 0.05273695138 0.05848858928 0.03971125703 0.06222471603 0.04311004431 0.05597069664 0.05914523646 0.04168388272 0.05853284364 0.06915200388 0.04496770384 0.04509964667 0.08957960367 0.05883101666 0.03184203312 0.06065647505 0.03063206569 0.05947117819 0.05221180922 0.04993261995 0.03223190238 0.03550680948 0.04516445068 0.06122297976 0.03250043697 0.06538137127 0.04073827789 0.04857510441 0.02854699776 0.03235140241 0.04413342777 0.03108810519 0.03372772344 0.03309871238 0.02762534896 0.02919303456 0.05930887548 0.02738327314 
0.02697877767 0.03679484523 0.02961235388 0.02907613236 0.0411673184 0.03244220853 0.04052831423 0.04511671887 0.03507975013 0.03542009646 0.02949763106 0.03878163517 0.0309621905 0.03656659135 0.06529123964 0.04154772517 0.04798746392 0.06659574731 0.03512404195 0.04511100418 0.04104756479 0.04462166378 0.06902111236 0.04304310327 0.0554766531 0.04223849266 0.06906302725 0.05435324009 0.04994844609 0.0552236102 0.04843000003 0.03715635888 0.07013402222 0.06734924553 0.04952644142 0.05362209857 0.06242424217 0.05466700874 0.04168395851 0.0519805925 0.0410028409 0.05632477619 0.05152159461 0.03741581539 0.04253435372 0.04144989036 0.05517109376 0.05275988998 0.06115254584 0.05407064212 0.03689734349 0.05729448059 0.064285032 0.07919443824 0.03665183874 0.04656015218 0.06392926494 0.03595886006 0.07338072213 0.06167960542 0.05442944594 0.05138277932 0.05614114477 0.04095739957 0.05229125494 0.03903051372 0.07705869051 0.04999769538 0.07027482982 0.06352319972 0.04053059535 0.04340152352 0.03954414363 0.04975263642 0.04141939709 0.03696496678 0.04746360733 0.03982657023 0.03354945683 0.03204464869 0.04679877213 0.03339097871 0.03953283706 0.04253208957 0.03440147103 0.03106017298 0.03358089524 0.03847749716 0.0421869573 0.03350390211 0.03574157947 0.0403198993 0.05895166779 0.03241470344 0.03709579791 0.05160555073 0.03520700309 0.02594748125 0.03016616894 0.03909527154 
0.02867595754 0.03943471826 0.03593513536 0.02595014151 0.04037247679 0.03766575489 0.0355981019 0.03333945541 0.03344176467 0.02610081017 0.04251246391 0.02580452183 0.03181000652 0.04104759717 0.04430189623 0.08805927665 0.03352289793 0.0507783898 0.04125539566 0.04278851454 0.0335831039 0.05495058763 0.04658924392 0.06213649223 0.04417242332 0.03497397581 0.04885371666 0.04145157815 0.0374665588 0.05389111908 0.04333642023 0.05507351542 0.05134980209 0.04843678626 0.03518048408 0.07674585401 0.05052086432 0.08114510179 0.05160917214 0.03897399744 0.05288588255 0.05025990082 0.044569709 0.07201860823 0.05666723672 0.05135027546 0.05826028711 0.05683095226 0.0427197132 0.04402604417 0.07332338619 0.04257012163 0.05316103667 0.04965471213 0.05549612082 0.07272644303 0.04225328085 0.03761377843 0.0398279291 0.04391395378 0.0589640786 0.06144975954 0.043566893 0.05177437569 0.06547914294 0.0578317578 0.04499207788 0.0483913434 0.03691624743 0.04905591075 0.04460423209 0.03559211566 0.05227022015 0.04100210907 0.03317688766 0.03823143975 0.03720750369 0.06591932745 0.03798037783 0.03644820547 0.03192628049 0.04529885805 0.05480710152 0.04462056796 0.06550737757 0.04159124269 0.03475843699 0.03178529063 0.03599613254 0.03364086286 0.03027837702 0.06650691665 0.06169054494 0.03165963433 0.02660151846 0.04352351464 0.05308165132 0.03115086551 0.03163945626 0.02580430246 
0.02983546332 0.04577866122 0.02832480309 0.05099924519 0.0285432641 0.0278101253 0.0421214202 0.03864957525 0.02977602041 0.04871871824 0.0386541078 0.03081313532 0.04219283802 0.037924157 0.03257883127 0.04306696787 0.04675010066 0.03950725123 0.0391371061 0.04227400722 0.03516175098 0.07199737384 0.06481680556 0.05342058307 0.05799279756 0.05666273688 0.0629485453 0.06767074204 0.03510767265 0.04361946145 0.04375755627 0.03936920489 0.05259723337 0.04022463082 0.04271761869 0.05866355065 0.05676171173 0.06017471704 0.05010874105 0.05402297321 0.03499361762 0.060109754 0.04771403418 0.05323159137 0.05332748939 0.06348536499 0.07534983601 0.0632253893 0.04478934103 0.06976766629 0.04586928578 0.04243276124 0.05451717559 0.07175808077 0.04570063707 0.043194424 0.03586486023 0.07573411005 0.05197597928 0.0429613716 0.05231696148 0.0429912625 0.073338435 0.07109598798 0.06589489162 0.06168062465 0.05991282877 0.03599207102 0.06430193006 0.04572195866 0.05404524292 0.07727722972 0.04153840194 0.04484328942 0.03615913708 0.04889969753 0.05644403653 0.03529994077 0.03777636501 0.06289679688 0.08965690663 0.03538046081 0.04282679261 0.03868389959 0.05590049557 0.03068918819 0.0376472259 0.04389289971 0.03247031547 0.03382378118 0.05083128941 0.04083370803 0.03216801262 0.03477642254 0.02668482737 0.0448872513 0.05030666917 0.0346370512 0.03393385962 0.03566134138 
0.03146683465 0.033447784 0.04807620272 0.04150168127 0.02950096647 0.02392755211 0.04104633336 0.04327505502 0.03960987417 0.05500059785 0.0305436164 0.03437773018 0.04933828918 0.06236619567 0.04646336625 0.04738964614 0.03108358062 0.0382195416 0.05390001907 0.04841293257 0.03465266195 0.04553770234 0.04724270685 0.03775554994 0.04911828913 0.05379543172 0.03302147846 0.05388413068 0.07292750032 0.03873256962 0.0390450562 0.04431001394 0.05788543823 0.04790056014 0.05776853979 0.03629144351 0.04043236157 0.03950502448 0.06233062509 0.04089211616 0.04566865536 0.05750265634 0.05880586641 0.03929733779 0.04689768143 0.04069672089 0.03889849089 0.04100327903 0.06759364347 0.04769490011 0.0669855243 0.06557702878 0.05746781598 0.0473908814 0.05578965572 0.04177264731 0.06827624778 0.04335948262 0.05551890306 0.03679724483 0.05537774152 0.05231439646 0.05618591349 0.04211444214 0.0518833646 0.04642778724 0.04895758059 0.06905343427 0.04324527155 0.03758299978 0.04330784393 0.04207766219 0.05927922916 0.04693704018 0.03652600082 0.04564932068 0.04453014952 0.04667245246 0.0530637463 0.04679845671 0.05114390691 0.03781892126 0.03910096292 0.04296483778 0.03547385854 0.03329376133 0.03488815416 0.03711631587 0.03620087547 0.0484428362 0.03087875468 0.063244484 0.03188742139 0.02914474785 0.03103295343 0.04101516458 0.0350439811 0.02445032058 0.0296950838 0.03659820245 
0.03075361371 0.03245038109 0.03482833025 0.03993969892 0.0265727377 0.05027339438 0.03692939313 0.03408226655 0.03640391338 0.06026371687 0.0552194602 0.05011901629 0.03303268293 0.03470323742 0.03965081855 0.03638008247 0.03247178448 0.0342700022 0.0597395152 0.03720736944 0.05753866191 0.02809088005 0.0427307116 0.03616640809 0.03719567816 0.04168691745 0.03998633476 0.045905592 0.04066961843 0.03910837439 0.04844106107 0.05505572155 0.05895209916 0.06098956189 0.07382544887 0.05638536809 0.06406701778 0.05223288058 0.05140649118 0.04831963219 0.06534343928 0.05366222471 0.04963097524 0.04624393427 0.05578711784 0.05898161905 0.05751670088 0.04431332565 0.06557771141 0.03589466819 0.05071780125 0.0454984337 0.06546139038 0.05305790628 0.04647659822 0.06413990588 0.05776165147 0.04604018098 0.04800305281 0.0470897207 0.06525252463 0.07072850918 0.04062781073 0.0400340665 0.03987919116 0.06627344652 0.03368212364 0.04186132029 0.06433374584 0.04602070903 0.0416121754 0.04057559548 0.0517502757 0.04534411126 0.04868277647 0.05401867227 0.03565285958 0.03376620957 0.0517295862 0.03650968467 0.03111862017 0.03554309222 0.0319077464 0.04017157042 0.03861483891 0.03941697811 0.06535193958 0.05688585932 0.03586315937 0.02956690786 0.04084849112 0.03927401665 0.0686663497 0.02691459653 0.03049983589 0.02833999191 0.05412469187 0.04604370427 0.03308859405 0.03072125337 
0.03178756997 0.02899674688 0.02968878518 0.03111345701 0.02977465945 0.03596877344 0.02880586038 0.0441585063 0.03272653225 0.03562307914 0.03223616081 0.0516054918 0.04541680366 0.04889856323 0.05376121837 0.03215227076 0.07605509886 0.03918926291 0.04664554961 0.08008914307 0.04358048007 0.0394380326 0.0287970123 0.04541106539 0.06140249771 0.04470551654 0.03118960783 0.08072266149 0.03550851322 0.04083585968 0.04417128521 0.05518740915 0.04888723805 0.03717464823 0.03621966675 0.04961587334 0.04511669897 0.03768792388 0.04338840595 0.04033425643 0.05530607795 0.07786976244 0.04558413657 0.04566854514 0.03707275316 0.04168022638 0.0448169981 0.04929057343 0.04871095555 0.06666357267 0.05105187066 0.03954829473 0.04601736948 0.05740177601 0.04330718835 0.04126616366 0.07338551968 0.04697914702 0.0643281634 0.04621235547 0.04063572556 0.07505316216 0.04789116008 0.05981338676 0.04671855296 0.05211549254 0.04262285117 0.03890549596 0.05025253733 0.03684878467 0.04743034473 0.06762746008 0.04421681595 0.0484115032 0.0464247125 0.05536163207 0.0387614847 0.07244107587 0.0378398286 0.02750075151 0.05437992239 0.05035323035 0.05690893616 0.02959440916 0.0387480206 0.0411727537 0.02871954193 0.04028697649 0.05977199885 0.04195780158 0.0470775293 0.03424695715 0.05544838169 0.0321171608 0.05552998773 0.03211888107 0.03329873911 0.03455941905 0.02903058555 0.02651069154 
0.02682075997 0.03187751491 0.03633506391 0.03879219047 0.0721218002 0.02929340941 0.03433519645 0.02891367318 0.03790565324 0.0345879513 0.03923942787 0.03778381552 0.03768068033 0.04302216364 0.06610977614 0.04591118384 0.04571615378 0.03373108044 0.03252329055 0.06162348348 0.03588685187 0.03614038073 0.04155724188 0.04488245113 0.06772017422 0.03825236348 0.04708035494 0.03754177972 0.03951927684 0.04103686318 0.04011941084 0.04183496054 0.04378435454 0.06464622634 0.05484163552 0.04938955725 0.04298103889 0.04121759805 0.06624705559 0.03864516684 0.04100355316 0.03883297017 0.04600735353 0.08407394549 0.0337919652 0.03946186027 0.04624029861 0.04929178201 0.0467954374 0.0488290381 0.08122927428 0.05504455271 0.03396801956 0.04457208559 0.05533474068 0.04661132839 0.08906644097 0.06680220459 0.05270603128 0.05894429788 0.04952156647 0.03872417093 0.04796024042 0.04773938119 0.08211429172 0.05260862599 0.05384085443 0.03938622729 0.03272983748 0.05747273001 0.07887628714 0.03754634034 0.06357053946 0.04397989821 0.04777309049 0.03966534767 0.0447826145 0.02904664345 0.05700683585 0.03414043266 0.04431810592 0.05405565625 0.0384078874 0.0326450796 0.04394685067 0.03298786325 0.03781899108 0.0379762763 0.03894732245 0.04248885816 0.03243874754 0.05941524788 0.03040873026 0.06675482896 0.02972802132 0.03484602123 0.04548429718 0.02913249922 0.02990113986 0.03348588771 
0.03302360125 0.02563367706 0.03705884163 0.02999934787 0.02761565571 0.05542344243 0.04995904628 0.02761698804 0.02672589345 0.03934403963 0.03686320461 0.06192523171 0.04101717121 0.0305230306 0.03985254289 0.04806720923 0.03407819489 0.06933757816 0.06121468846 0.04329339653 0.03421377617 0.05883483204 0.04161422275 0.03368132039 0.05192122856 0.03816423618 0.0416742049 0.03925419314 0.038596292 0.06074519089 0.06863331108 0.04819982927 0.03817093017 0.03661817643 0.07699815163 0.04777553519 0.04257058817 0.07248085818 0.06871039257 0.05836513212 0.0514944747 0.07014004218 0.04520664714 0.07027249984 0.03499381304 0.03529949954 0.06666221951 0.04995704956 0.06792933385 0.07125799425 0.04818459391 0.06319103068 0.06733772778 0.06672277295 0.06146377992 0.06173415039 0.04102920533 0.03918796997 0.05493611958 0.07039638022 0.04638182243 0.06234516806 0.03833772991 0.07139740237 0.04072728046 0.04880227465 0.04145159875 0.05980821499 0.06031090599 0.06935816552 0.07108256835 0.04158113291 0.06049866176 0.03432000562 0.04269044817 0.05307911244 0.06009027869 0.03594904578 0.05227669855 0.03558417939 0.05532000636 0.04643916161 0.03285905337 0.02786155141 0.03728037686 0.04527907842 0.02978685548 0.02857397776 0.03648390452 0.04985678256 0.06248620803 0.03191431736 0.04225216921 0.0433722643 0.04943812714 0.04076146233 0.02826930261 0.03934363017 0.06100614491 0.03632095601 
0.04305615845 0.026414351 0.04994765174 0.03485894424 0.03079157386 0.0310928309 0.03427724699 0.04395882429 0.04052935821 0.05109004063 0.05619502061 0.04257324398 0.04225350672 0.03507941437 0.03272926821 0.04497282171 0.02955432162 0.04196947934 0.03293818218 0.02723696254 0.04912509458 0.03630736974 0.05134503436 0.06391256263 0.07733959641 0.03871318824 0.03850562719 0.0534366681 0.0455834443 0.05193456117 0.03717603683 0.05510702311 0.05119275912 0.04801374506 0.06908384598 0.05333299971 0.05060264579 0.07845430328 0.04107209596 0.06101080285 0.05547192325 0.03760672723 0.04091414055 0.03551988521 0.03882926384 0.06860314373 0.05822915041 0.05287204376 0.0463473098 0.05438666863 0.04352274886 0.05102449298 0.03828282367 0.05542146096 0.043051701 0.04890776879 0.04592586653 0.0781665697 0.05231050595 0.03447362642 0.06205158179 0.03879031816 0.04061953949 0.04078349691 0.07709407378 0.0392033394 0.03400182595 0.05392817798 0.04227252095 0.043323334 0.04806261425 0.03379253348 0.04710032701 0.04337425521 0.03910600655 0.03961381397 0.04320173542 0.04839721572 0.04112341728 0.03607486232 0.05195680026 0.03998796474 0.04497145146 0.0478477078 0.03191460221 0.03307848585 0.07180812263 0.04201269708 0.03292308833 0.03028046088 0.04643064457 0.04209656925 0.0301371218 0.03882931728 0.03187379122 0.06638545318 0.02214036558 0.02159084168 0.03752712318 0.03560465188 
0.03031519915 0.03902532444 0.04010719691 0.02992247545 0.03796730001 0.03312511541 0.03208795813 0.03434567619 0.03383984294 0.03429674688 0.03254348724 0.05123818734 0.03127363589 0.03396829184 0.03088883221 0.05467522608 0.03834407752 0.04605424335 0.0321521488 0.03913338931 0.03496552026 0.04216424707 0.03459513674 0.06755588068 0.03303936458 0.04093326257 0.03317984336 0.04780068064 0.04055040577 0.03772865287 0.03959607287 0.05305765098 0.07643113721 0.05813734426 0.03811638626 0.05071424397 0.05241399894 0.03334816382 0.05230462161 0.07119706519 0.04975936258 0.04485225216 0.0466342239 0.05140683295 0.07673517483 0.04796334605 0.03911085625 0.03648663797 0.06694231995 0.07265654832 0.04380779779 0.04459025252 0.07507701158 0.0612284899 0.0432857756 0.05674597542 0.06414727914 0.05500601254 0.05558375082 0.04558702051 0.05501205219 0.05509614036 0.04619062906 0.05617671022 0.05871767515 0.04277479426 0.05309836913 0.04129461212 0.04300258742 0.04266789648 0.04582470466 0.03596899533 0.06768548624 0.04024278811 0.04576550212 0.0417882788 0.03887246138 0.04287132176 0.03488708474 0.03672449883 0.06627260667 0.05538450741 0.03135346649 0.04211270793 0.06689206128 0.04266261017 0.02274722072 0.04505551834 0.03889796202 0.06205627701 0.04932999418 0.02750195751 0.0288748216 0.04598306188 0.03907577323 0.02999356093 0.0389107549 0.04236168832 0.02693274832 0.04141802818 
0.02806867661 0.03937725109 0.04431872328 0.0340072633 0.04553677138 0.03175141417 0.03592976591 0.02954527074 0.04543083643 0.03430725728 0.04103231278 0.0476669349 0.04072942745 0.03427880201 0.0323785631 0.02712443201 0.03790525398 0.04121140772 0.04301797099 0.03497377361 0.03134320195 0.04603782153 0.04171543426 0.04716112287 0.03699385751 0.03583734459 0.03664161057 0.04577846842 0.04185914478 0.04128686568 0.04446318108 0.04236312485 0.04118763711 0.04374916064 0.04847715419 0.04902784203 0.06163379425 0.04556523947 0.04218155356 0.04453326872 0.06066245942 0.06725597733 0.04954907023 0.04995644129 0.05829577202 0.04871471917 0.06407530203 0.04003339073 0.05322001548 0.0394807198 0.0603269648 0.04204766419 0.04885759713 0.04836441052 0.04441244509 0.05378161001 0.04914451933 0.04112273607 0.05156577319 0.04174966999 0.04412541568 0.07841814356 0.03711483691 0.05623247763 0.04981013899 0.05215056078 0.04632215869 0.0326605998 0.04670230381 0.07001544266 0.03565123129 0.03688584187 0.03587242683 0.03534539177 0.03494760855 0.05886027952 0.05291692214 0.03610136583 0.0370513445 0.04169574998 0.07729214467 0.06370386414 0.04331444521 0.04199260477 0.04280206762 0.04063987368 0.03494093646 0.02781730291 0.0332897569 0.04765786587 0.03337260389 0.05566616211 0.02751385882 0.0374699197 0.02755840414 0.03284743832 0.0331420248 0.03842792425 0.02764239047 0.02579688426 
0.03441200875 0.04304316095 0.02093571759 0.02839063442 0.03364022957 0.0345331679 0.02856581029 0.0316300349 0.07185727728 0.0426232712 0.03356055835 0.05272886496 0.04442386811 0.03746632392 0.03030789296 0.03515793956 0.04957566147 0.03679081843 0.0601684053 0.04338058385 0.03891897832 0.03537163698 0.05509190894 0.04881282531 0.04316924434 0.06786681377 0.04190523331 0.07162041403 0.04170367033 0.03711675138 0.04663993101 0.03178703188 0.06003804755 0.042957929 0.04750319094 0.04269637342 0.0413665599 0.03576461172 0.06282170924 0.04338869086 0.04947521643 0.05378855796 0.04287149255 0.05342463155 0.04447456225 0.05704369346 0.04599191618 0.05255210488 0.03588282162 0.09348794721 0.04157005856 0.04520641248 0.05448577393 0.0539786958 0.07464556689 0.06313427682 0.04050388397 0.07150363009 0.07357764011 0.06894425351 0.04922056025 0.04055810476 0.06580447517 0.0426067046 0.03509384436 0.03338374572 0.05936325737 0.0530159823 0.03934009356 0.04464523638 0.0424515113 0.04339615968 0.04168054439 0.05633289217 0.06072158934 0.04310335321 0.05955684876 0.04370583844 0.07274643651 0.03470208444 0.04777798484 0.06654614943 0.03764710672 0.05279832339 0.0445296095 0.03906347877 0.02967225851 0.05841196429 0.03035064141 0.03287565666 0.04435584945 0.05501630399 0.0646684463 0.03783684827 0.04892928357 0.02810548859 0.03684536933 0.03367862115 0.03369528677 0.03070178466 
0.03497300508 0.04375904111 0.0297310154 0.02644161722 0.04625319559 0.03115212851 0.03291718569 0.03529044386 0.02846531614 0.0417727337 0.03402672327 0.07663235493 0.03057364481 0.05994883191 0.03003762263 0.041126813 0.0569470506 0.04128401559 0.0316313352 0.04330494294 0.03478742845 0.04573976671 0.03915312823 0.04573889653 0.04626671533 0.04595591485 0.06101063572 0.05027740019 0.03631339351 0.05267188079 0.06258746483 0.04129920933 0.0726139228 0.03666768882 0.03849638106 0.05729298687 0.03608502342 0.076695949 0.04781189963 0.06283704054 0.03968223737 0.05898090006 0.05084136302 0.0731709307 0.04185612034 0.05144410525 0.05937282487 0.05898865855 0.06409539867 0.04978488339 0.04416200679 0.04852559316 0.03948557931 0.04399107485 0.07980920846 0.04830731415 0.05313076853 0.04403889829 0.04247675569 0.03815726017 0.04655445525 0.04725261454 0.05856850091 0.04690815116 0.04834710835 0.04133348612 0.05868050647 0.0346466673 0.05889200151 0.05942305314 0.04173474498 0.06437714326 0.040333497 0.0747476796 0.07427398379 0.05339543269 0.04385164919 0.05855339023 0.0477275362 0.03899541074 0.03870182841 0.03994300164 0.03415080291 0.0362159663 0.06296961569 0.04458710142 0.03512403737 0.05537628211 0.03496970315 0.06184041969 0.03187155023 0.06584403074 0.03523942515 0.03026031896 0.0593331773 0.034600788 0.05639442383 0.03934733332 0.02922347994 0.03740581953 
0.02947192091 0.03021854301 0.03606082906 0.02852616183 0.0297331777 0.02633766907 0.03377673337 0.03555504988 0.03375240059 0.0603043705 0.04999535196 0.05928519692 0.04012405793 0.04509578292 0.04305689395 0.06336666168 0.04731982556 0.0332014697 0.04324493405 0.03308796112 0.04090968776 0.03825198495 0.03905554153 0.05914433679 0.06659905958 0.04248098234 0.04928284335 0.05210909876 0.03951058365 0.04002810349 0.0453415107 0.04834995099 0.05539320212 0.04128689516 0.04148422845 0.04054816412 0.06077356493 0.05113468667 0.03542079792 0.03948229593 0.06271836264 0.03883507737 0.05591466575 0.05280622218 0.05362053945 0.0783602012 0.06740007907 0.06449399901 0.04746486929 0.0391267191 0.06131901226 0.04861205705 0.04098218262 0.04311134361 0.05541504921 0.05007160753 0.04946076522 0.03571709029 0.05576469751 0.06544233692 0.06689119303 0.04659880697 0.03708813108 0.04367043032 0.05071365043 0.06437962966 0.03983599181 0.05048827656 0.0369628546 0.04361695235 0.04819582029 0.03991384169 0.06598351786 0.0599663419 0.07312341589 0.06016937767 0.06242692776 0.05636604892 0.05246132364 0.03927255435 0.06096712866 0.03785285702 0.06179004303 0.04932206638 0.06887401093 0.06712337552 0.03629905563 0.0435738325 0.0374507473 0.04954753482 0.02807154101 0.03772311578 0.07829525649 0.02877820444 0.02890217071 0.0440149232 0.04005933619 0.04096483097 0.03970949358 0.05611262166 
0.03038214904 0.04463264458 0.05349661441 0.02668727632 0.03215176901 0.03939039793 0.02758934539 0.0401928804 0.03815528323 0.03489315764 0.03328490799 0.04248889979 0.04740700493 0.02971621664 0.03364225089 0.04748189997 0.06440953121 0.03911772263 0.04795710776 0.04782624759 0.04875088922 0.07203013509 0.04974889949 0.037921116 0.05608864517 0.0298080094 0.05237190328 0.04762615063 0.05770558999 0.07218257383 0.06094499361 0.06340625678 0.0706835432 0.04975170878 0.05775806516 0.03884553763 0.04165055433 0.06738894142 0.04970238639 0.04655548973 0.04543481669 0.03614215327 0.04050574766 0.05580837733 0.04540819273 0.04840874677 0.04099457051 0.04534792894 0.05940775177 0.07906364352 0.05098250473 0.05769585413 0.07154955759 0.05369283832 0.08054750988 0.05945674343 0.05025398783 0.04979178706 0.05015496851 0.04122487134 0.05276428482 0.06910485828 0.05899659185 0.06277506972 0.07518986355 0.06993705202 0.05046891475 0.059234535 0.03760197183 0.05763043562 0.03692897959 0.05606234493 0.03515961031 0.03934200223 0.04525299319 0.03412543646 0.03956470222 0.03344658175 0.04814261436 0.03941004322 0.03642036845 0.04284054407 0.07204993877 0.05338372516 0.03352136797 0.04019895402 0.07313032538 0.03113414785 0.02696294275 0.04509695512 0.04891611827 0.02958520656 0.0431071552 0.0298551128 0.02657470091 0.02898868848 0.02894544729 0.05010987149 0.05257469647 0.02359887179 
# Events [BackEndMonitor/BackEndMonitor.dat] N:
88 73 76 76 87 79 77 90 87 92 95 105 112 100 93 90 120 124 117 102 105 116 141 132 113 123 123 141 138 155 141 143 146 137 148 145 151 138 131 155 156 154 174 152 172 149 166 166 143 159 144 166 155 154 177 154 177 147 138 135 155 145 142 142 163 151 152 150 142 137 145 146 146 102 127 104 103 110 122 126 114 108 120 119 91 102 103 88 91 113 118 97 95 87 109 87 71 92 93 83 
72 93 73 123 71 107 90 95 98 99 85 102 97 109 103 124 120 99 107 119 100 142 103 139 126 145 136 143 136 144 143 137 141 125 149 135 155 164 155 173 147 147 165 141 157 140 134 153 156 173 165 160 162 166 180 164 149 136 182 143 157 170 130 148 143 136 146 140 155 135 142 136 113 137 144 135 113 145 101 115 133 120 110 125 113 111 101 97 103 111 103 98 86 90 74 85 86 85 87 95 
65 95 84 96 75 74 91 96 77 112 82 99 98 107 93 100 98 103 106 136 126 110 120 155 136 121 130 134 132 156 173 149 141 152 162 134 163 144 159 166 157 152 149 139 187 150 152 162 151 150 148 154 164 157 148 151 161 159 158 160 158 152 155 165 157 133 155 154 155 148 162 128 130 119 132 127 129 126 130 127 103 111 117 112 114 122 89 129 88 92 100 85 85 108 91 97 72 99 82 107 
89 90 75 74 94 77 75 93 99 90 105 117 111 118 104 123 101 115 118 103 91 125 111 152 122 121 137 140 126 137 155 155 156 143 145 156 139 154 152 151 148 167 165 154 165 152 166 146 160 154 173 165 139 158 166 152 160 151 139 149 175 135 135 133 145 136 147 137 128 140 148 109 128 120 110 119 133 120 120 127 132 120 143 104 113 115 97 116 92 99 87 96 100 85 85 71 86 67 80 72 
75 65 73 81 98 81 89 72 100 100 120 99 126 129 111 114 104 102 106 110 127 122 116 132 127 149 126 132 135 122 155 141 166 156 142 166 179 135 132 173 148 151 155 166 166 156 161 161 151 173 153 168 174 151 169 156 161 169 164 158 172 156 147 155 146 152 140 147 126 147 129 127 138 120 125 141 128 99 106 141 119 109 122 104 94 97 103 100 100 107 81 105 100 86 93 89 86 83 78 70 
80 78 93 81 81 82 82 96 102 88 87 97 110 113 106 118 109 114 130 125 119 129 124 122 124 136 124 142 150 114 129 133 139 155 126 161 133 137 153 151 158 146 164 158 173 169 160 155 158 159 178 137 173 165 174 136 183 175 158 156 151 157 139 146 146 126 130 126 146 122 116 148 128 140 118 135 121 124 126 121 90 125 114 110 99 114 110 120 99 84 83 92 99 85 104 103 89 72 70 68 
86 74 76 76 92 79 84 95 85 92 94 99 101 109 93 129 102 132 112 115 137 117 137 140 116 126 110 127 141 145 134 142 155 130 145 159 138 159 141 145 141 148 150 149 126 162 184 162 168 155 139 181 165 155 131 173 156 149 159 148 147 157 174 152 142 135 144 137 159 147 140 138 117 128 143 123 133 120 123 136 146 125 131 108 91 110 115 81 95 86 95 110 91 101 98 86 90 78 74 75 
65 99 93 71 67 86 74 103 86 85 100 98 125 77 95 95 130 109 109 122 127 131 135 127 127 119 126 136 137 137 157 155 136 180 145 133 148 162 157 196 155 154 160 155 158 142 156 158 159 151 170 150 145 142 183 170 173 160 164 140 135 167 143 156 168 142 164 149 133 155 125 148 134 125 121 128 134 116 122 127 115 124 104 108 109 110 99 109 94 86 102 95 82 104 93 103 77 88 79 70 
85 69 81 80 92 95 86 80 85 97 82 94 106 103 103 108 113 130 127 115 126 139 113 109 128 148 118 139 142 136 143 146 133 139 151 140 160 154 172 148 145 161 156 186 149 166 152 151 176 164 153 161 175 139 167 145 167 163 150 142 161 190 155 141 141 136 162 137 132 149 118 150 100 131 154 135 119 138 130 129 128 116 123 120 111 100 122 82 97 108 109 90 80 91 78 75 72 60 73 82 
67 70 71 103 85 82 77 101 89 99 89 94 84 98 90 84 117 113 126 116 101 146 126 123 140 135 126 151 169 147 141 142 145 138 147 145 148 144 142 134 149 120 157 181 160 135 154 145 154 165 177 157 162 154 152 196 179 164 142 140 150 140 158 137 148 150 153 163 146 128 135 158 132 120 119 144 126 127 131 143 104 124 100 106 117 90 93 95 94 122 107 95 100 77 94 87 86 76 79 75 
90 76 73 83 89 89 84 99 96 98 101 107 102 101 95 95 100 129 108 108 113 120 118 118 130 133 130 150 141 147 121 141 157 147 147 150 155 147 156 154 125 135 167 164 155 167 168 160 166 180 153 149 187 175 156 147 150 183 138 145 162 147 154 154 146 154 144 172 139 131 133 127 117 142 138 140 100 113 126 120 139 115 122 104 98 124 124 109 82 99 102 96 86 93 77 69 87 73 73 91 
71 72 89 68 74 76 85 98 113 111 102 113 109 113 121 101 129 127 123 128 120 128 126 139 144 147 119 146 124 125 146 129 140 132 152 154 143 149 151 159 149 145 180 155 163 147 147 144 145 161 158 170 168 159 142 174 155 163 158 181 167 145 132 180 150 164 140 136 153 146 149 132 133 136 131 104 104 129 128 129 118 110 110 125 113 106 89 90 105 101 83 88 94 96 85 77 85 84 64 74 
69 72 100 69 84 93 104 87 105 94 93 90 109 117 102 113 100 117 118 124 110 116 125 129 118 125 121 125 131 145 127 139 143 160 129 132 146 154 157 161 174 148 170 176 159 158 164 137 160 150 167 170 163 168 165 173 165 176 166 149 144 150 164 147 163 137 130 149 136 121 149 154 123 129 137 133 111 92 125 90 112 95 99 103 110 119 112 95 101 92 86 95 102 77 101 92 85 73 63 95 
77 75 78 77 93 83 81 86 90 93 104 99 113 104 97 124 101 114 111 115 136 127 129 140 129 121 132 135 142 127 170 131 138 166 128 139 147 151 158 157 167 147 167 150 156 158 133 167 153 185 161 135 165 169 163 163 166 179 155 147 153 120 149 169 151 147 168 147 136 134 135 141 146 121 134 143 125 121 131 121 128 116 111 122 106 111 105 103 112 104 104 97 104 95 94 94 86 93 75 70 
82 81 88 97 91 89 97 102 90 96 97 109 118 117 118 107 102 111 113 124 137 105 112 120 117 142 123 137 127 112 136 133 142 139 141 147 140 183 134 163 142 174 153 158 162 163 176 176 153 168 170 177 173 151 159 168 165 151 151 146 159 152 137 120 167 149 145 128 136 140 129 136 109 136 147 118 131 130 144 130 124 100 101 104 115 111 92 113 120 91 107 99 90 85 82 78 102 74 81 77 
77 91 94 101 99 92 88 95 85 119 86 91 104 111 108 116 118 132 125 119 125 132 138 133 117 142 133 134 126 104 146 129 121 150 144 148 137 131 145 157 155 158 147 146 154 140 175 167 176 160 174 168 147 144 159 171 174 174 152 169 186 158 141 136 148 136 125 139 124 147 135 147 139 122 118 125 127 124 117 123 104 124 119 103 93 109 94 115 97 102 93 94 93 102 86 96 81 79 71 75 
89 69 75 91 97 87 87 95 90 112 89 101 90 98 89 119 111 117 117 113 125 109 139 143 106 114 134 144 131 142 124 140 133 147 134 113 140 156 161 143 146 162 162 152 170 159 159 161 156 179 156 165 168 155 186 155 146 190 173 165 149 152 150 151 148 153 134 123 144 144 136 135 131 127 142 110 115 121 115 128 114 103 115 110 116 101 103 113 102 117 89 112 84 73 73 89 98 76 77 83 
68 65 80 94 77 72 106 93 82 105 107 108 101 96 112 114 122 113 104 117 122 131 118 126 122 149 137 154 119 130 147 140 137 143 148 161 143 159 151 142 160 151 153 161 166 155 149 164 170 162 149 162 149 140 170 162 159 129 147 161 171 157 156 168 161 154 136 147 149 165 127 134 138 124 154 126 134 128 122 118 123 101 101 115 116 113 89 124 94 99 104 84 96 111 91 101 91 75 90 85 
97 79 101 73 91 105 102 86 95 106 94 89 110 117 119 117 130 120 99 119 131 136 110 119 133 123 114 145 112 159 113 128 127 140 159 163 150 155 141 136 147 152 176 136 166 135 166 164 160 157 158 158 188 165 155 156 164 152 169 178 137 143 132 140 191 142 159 126 150 150 142 146 140 153 128 134 121 134 140 128 98 110 124 102 116 95 123 107 85 97 100 99 95 92 90 89 84 79 79 86 
62 90 91 88 76 89 89 96 92 96 100 95 103 119 99 113 100 126 126 124 118 119 120 118 137 149 126 153 132 131 141 150 125 155 147 148 164 151 160 161 135 140 157 168 199 145 172 181 147 175 143 131 152 175 186 151 155 174 155 135 162 146 151 158 131 168 126 159 136 164 159 130 134 133 128 129 124 101 125 102 106 111 105 122 114 113 108 108 101 91 92 82 89 97 81 86 87 69 94 100 
75 95 74 81 86 94 81 83 115 94 107 98 111 115 98 99 103 114 110 123 139 114 131 127 131 114 126 124 126 167 152 119 149 144 146 166 139 147 159 167 148 162 169 160 123 163 152 168 158 180 155 176 175 183 165 174 147 154 147 151 149 164 140 122 147 145 119 153 114 153 136 143 140 133 126 129 127 113 108 132 102 134 98 106 112 101 98 86 108 100 94 83 100 71 86 71 83 79 61 83 
74 97 66 93 87 83 112 91 87 103 105 98 104 95 113 115 103 111 121 121 105 126 118 122 125 132 145 122 127 147 143 145 157 151 128 163 146 154 135 145 150 150 166 160 152 152 158 170 172 139 144 151 164 189 146 155 179 163 162 190 151 141 125 159 159 132 152 154 162 146 146 149 153 150 129 127 140 123 128 118 130 110 108 121 84 112 114 103 96 93 102 98 88 75 102 91 91 75 86 75 
78 73 80 84 85 81 87 91 96 101 88 99 98 108 95 93 106 101 117 122 131 123 120 131 114 127 127 117 128 170 152 135 147 160 149 140 151 159 135 153 167 166 187 166 181 157 148 167 172 150 166 180 147 178 159 150 158 169 144 138 166 149 174 146 153 125 151 140 141 140 158 118 154 141 115 147 148 122 127 128 108 111 112 108 116 116 112 111 87 108 109 99 100 90 84 91 67 87 88 76 
85 77 75 79 84 70 89 89 73 103 100 104 99 112 101 107 108 110 120 109 103 127 107 132 107 137 132 149 130 114 129 158 154 143 143 150 147 158 130 156 141 165 177 166 154 169 182 160 176 162 165 171 170 158 161 148 147 159 174 169 156 156 151 188 145 139 158 149 113 129 118 110 131 147 114 122 136 123 106 135 108 111 105 93 104 102 103 97 100 83 99 100 104 101 82 80 99 83 65 89 
82 63 69 94 75 77 93 79 91 103 96 92 100 82 104 111 112 111 131 130 118 113 121 119 139 126 132 132 124 147 155 122 137 153 150 153 165 142 141 181 167 151 156 170 175 145 161 155 170 167 172 130 164 137 139 151 171 149 158 143 159 158 165 173 167 149 165 113 129 124 135 131 147 139 117 137 124 119 148 102 127 116 101 122 92 100 102 88 107 101 98 99 106 92 80 91 102 84 76 91 
74 88 76 86 93 92 92 77 89 89 92 110 106 91 131 93 105 107 105 96 109 124 107 113 142 135 131 121 147 151 159 155 140 154 140 152 116 144 146 147 148 160 149 166 147 180 155 155 180 162 144 162 158 164 172 156 156 170 141 166 149 171 153 146 143 177 123 143 131 152 150 137 134 126 115 131 114 116 119 134 112 126 115 146 122 97 99 108 113 96 104 94 82 89 75 90 86 80 70 87 
63 76 59 73 79 87 83 112 96 100 88 104 108 98 115 112 128 103 127 113 120 140 128 114 133 127 135 140 134 154 127 135 149 148 143 149 140 147 158 144 183 169 175 149 145 162 155 162 156 155 177 167 140 165 158 121 158 160 137 152 150 193 135 134 157 141 132 149 130 142 138 166 127 138 127 125 124 112 137 151 122 111 119 100 112 99 118 119 119 99 90 84 76 88 93 110 78 86 85 82 
67 88 77 90 76 89 86 86 95 109 97 80 99 117 99 121 125 134 125 116 93 124 123 119 106 136 122 125 146 167 124 129 141 130 150 167 140 151 160 164 159 166 160 176 165 164 159 172 179 158 193 156 157 182 142 155 163 163 183 161 161 172 147 140 169 156 133 140 134 148 135 116 119 135 129 128 125 128 123 109 110 125 100 108 112 120 115 109 93 95 120 103 94 68 97 64 92 94 81 72 
70 86 75 80 88 79 84 70 95 80 82 105 109 108 108 111 109 130 119 138 133 137 124 124 131 144 156 141 154 122 142 143 139 152 154 139 142 169 152 151 157 166 158 163 152 169 172 149 188 139 146 182 177 141 153 137 138 138 163 154 153 170 130 140 161 138 145 143 140 149 154 120 148 112 130 126 133 126 122 135 129 117 115 90 124 95 123 96 94 88 105 78 96 89 81 68 92 90 78 94 
73 91 72 76 94 93 63 91 100 89 102 108 94 116 97 109 94 121 103 136 116 142 143 109 126 127 152 142 142 126 131 135 158 149 138 141 156 171 148 153 142 158 151 152 173 167 162 147 151 178 155 137 152 181 174 147 156 154 159 179 144 177 153 146 164 156 140 153 173 142 138 130 130 122 126 114 134 135 131 104 134 112 111 95 107 104 116 106 114 105 89 100 97 86 94 99 80 77 79 74 
75 71 90 92 83 84 87 100 108 104 108 105 84 102 110 115 109 116 103 107 110 117 122 124 127 126 133 138 152 144 152 133 154 151 137 139 150 134 146 143 146 159 169 154 154 173 156 155 157 169 178 174 155 178 172 136 154 155 157 169 147 174 160 146 153 143 144 150 149 128 118 133 133 133 133 140 125 138 123 128 105 111 111 125 102 102 99 108 104 105 75 86 105 84 79 94 91 79 75 75 
74 89 78 84 91 84 62 91 106 101 79 103 87 95 102 119 114 112 122 121 136 122 124 117 120 132 121 124 132 152 141 137 141 154 157 141 140 178 156 187 159 160 155 155 164 167 145 156 170 164 162 154 173 171 175 162 155 154 153 184 170 180 148 134 151 151 148 150 156 133 157 132 139 131 133 122 129 109 112 102 126 130 120 114 106 110 94 88 98 116 97 102 94 88 102 87 74 75 63 67 
64 91 77 99 84 87 87 100 113 104 101 96 90 97 104 135 102 97 119 127 124 116 112 140 131 125 134 142 143 166 127 151 152 141 150 158 141 155 151 164 149 174 157 166 152 137 178 149 178 146 196 164 149 177 145 173 177 170 145 159 173 143 163 162 144 172 135 121 154 134 117 182 157 133 122 117 129 118 126 111 132 126 136 131 112 105 112 115 89 99 96 103 92 100 92 88 93 79 73 72 
75 67 77 81 104 96 101 81 100 94 94 113 119 108 97 111 115 133 115 128 108 112 124 120 127 126 136 134 140 134 153 148 150 155 152 146 155 160 166 121 146 165 156 153 165 174 161 152 170 170 158 139 125 153 141 172 168 142 166 157 157 154 145 167 143 154 126 142 141 155 132 130 125 137 122 131 122 116 126 130 138 86 134 103 96 109 106 99 110 86 99 78 93 85 86 82 82 63 71 78 
78 99 79 79 101 78 99 88 107 104 99 103 95 104 106 115 113 101 97 135 101 114 127 125 142 126 128 134 119 137 142 155 143 153 159 149 153 155 146 134 146 151 163 153 141 160 178 165 163 147 142 141 161 165 167 161 152 149 160 178 147 156 155 130 149 151 139 148 182 136 144 139 132 124 130 122 123 115 105 124 117 128 122 110 100 98 106 104 103 92 92 106 114 82 94 75 95 85 89 67 
92 82 88 98 88 80 96 95 85 95 90 108 91 103 98 109 103 116 117 120 128 134 128 120 123 124 118 134 123 136 141 144 135 157 120 163 125 141 162 161 148 156 170 162 159 182 156 159 172 153 179 132 149 168 149 159 156 165 170 170 163 169 141 175 152 153 126 152 121 132 139 140 131 131 137 120 109 126 117 122 101 111 99 96 124 109 107 106 92 100 88 93 113 84 82 81 96 67 62 69 
64 89 81 75 93 94 88 90 100 92 93 105 103 102 119 107 105 114 104 96 115 119 130 129 132 123 119 126 121 136 148 120 118 139 150 152 159 154 138 170 165 160 175 142 171 157 179 184 161 142 179 155 158 145 141 162 162 157 157 141 160 146 168 156 154 150 148 135 160 133 137 164 128 133 139 153 116 121 118 112 113 107 115 98 113 96 99 93 87 99 94 105 86 96 73 106 82 65 99 69 
66 92 85 98 93 96 85 88 96 84 92 102 102 129 102 121 111 81 109 119 126 125 114 133 109 134 141 127 133 142 130 144 154 160 154 132 132 148 144 156 155 145 162 142 151 146 142 140 164 173 149 157 165 168 171 130 155 167 157 153 159 155 151 154 143 139 143 170 135 148 142 131 147 122 131 122 148 132 111 129 125 106 113 101 114 109 85 107 106 107 94 105 86 102 91 91 96 78 68 66 
66 67 100 96 82 76 94 91 86 96 100 99 93 99 106 135 119 124 123 142 135 125 134 136 146 130 125 145 137 111 128 120 161 150 148 163 153 136 166 156 142 163 183 153 165 171 174 164 177 155 175 177 165 155 154 172 151 158 167 167 155 144 146 151 149 153 138 162 145 149 124 109 140 137 138 125 140 137 97 103 109 87 121 129 111 108 97 118 93 95 80 75 103 73 76 93 82 89 80 68 
82 79 92 91 89 88 73 94 100 105 80 116 87 107 112 114 114 104 106 121 130 141 121 129 139 128 129 114 123 163 143 142 155 144 148 151 164 141 159 158 167 150 168 149 145 154 182 167 142 187 157 148 144 180 143 170 165 157 160 167 160 145 166 131 135 142 158 145 149 149 139 139 126 134 127 137 127 131 129 121 141 112 102 119 129 98 105 94 105 89 97 103 80 86 87 67 78 71 69 78 
100 78 72 86 87 75 77 101 104 99 110 104 106 98 107 120 112 119 104 111 121 129 116 118 141 137 144 133 122 135 144 135 124 170 156 142 149 157 160 159 155 154 150 144 151 159 168 133 158 155 143 164 156 161 181 150 148 158 170 162 167 157 154 155 146 158 172 157 144 159 154 132 131 114 125 124 137 112 115 117 107 106 117 114 106 114 97 93 98 84 90 89 86 103 77 81 79 95 90 74 
76 85 70 84 79 86 99 92 89 93 104 99 110 101 99 129 129 109 122 131 113 138 139 120 136 141 151 147 150 143 141 143 153 145 141 148 147 132 172 146 159 161 167 188 174 159 167 145 155 160 183 169 150 157 156 158 148 167 143 191 145 151 175 137 140 154 151 133 159 162 164 141 146 124 132 124 131 135 137 118 134 103 138 102 106 107 102 95 91 113 97 114 108 98 88 78 86 92 74 85 
73 106 82 77 87 97 87 90 94 88 95 98 98 123 111 111 106 117 117 133 116 114 121 109 137 133 132 124 124 131 158 156 130 133 130 162 157 175 134 141 163 159 146 160 175 155 169 151 140 190 163 175 179 160 154 145 158 160 166 144 155 169 141 155 146 141 161 132 129 143 130 155 148 137 129 144 129 114 123 128 107 131 119 120 104 105 84 80 84 91 98 85 82 67 86 90 92 82 67 76 
79 74 80 93 97 99 97 90 84 110 111 103 89 104 105 113 108 87 134 114 133 134 124 111 129 123 143 120 154 155 128 155 115 171 144 146 158 163 144 152 163 156 163 191 149 173 151 155 187 165 158 149 182 162 169 150 171 152 156 165 158 163 152 163 143 158 159 121 136 131 119 118 116 115 113 132 117 129 125 119 115 117 106 109 115 102 113 102 109 115 73 90 110 92 80 88 95 94 82 72 
64 64 72 84 106 95 79 95 90 90 112 116 91 99 107 112 125 103 127 114 104 126 108 151 118 131 137 128 140 151 138 154 158 154 163 125 151 141 139 154 163 174 150 165 171 166 155 142 162 136 164 149 165 174 164 162 162 153 164 156 146 164 153 140 144 144 150 140 135 139 139 149 141 136 126 136 128 138 127 122 114 103 132 119 108 105 117 101 101 106 96 81 88 92 93 82 87 85 72 80 
76 82 84 86 90 90 103 86 87 103 101 79 99 104 116 101 118 118 110 131 114 125 121 150 121 171 143 151 137 148 159 154 159 153 139 167 153 127 160 137 183 151 163 149 167 166 167 173 176 188 184 143 150 162 162 165 175 162 137 187 160 147 156 149 128 145 143 138 116 134 140 136 114 129 139 131 129 118 111 110 127 88 105 107 114 88 101 110 109 99 102 78 88 91 89 93 78 91 69 70 
99 80 72 71 87 92 90 82 128 125 104 101 106 92 98 116 117 125 97 117 118 122 130 113 134 130 117 121 143 155 140 144 134 134 149 166 146 153 156 168 169 165 175 144 150 135 171 184 164 169 165 146 167 173 161 135 187 168 141 171 170 161 180 154 141 138 158 145 173 140 130 134 129 128 123 134 142 116 114 99 108 101 118 101 100 120 108 92 101 94 104 90 86 103 88 79 84 70 84 79 
88 103 80 80 98 81 81 92 97 102 105 88 103 107 117 103 121 84 124 110 137 132 134 124 147 119 146 152 119 136 151 151 148 145 143 172 153 169 146 152 161 158 171 150 178 149 165 182 169 162 153 175 193 181 153 158 133 162 159 171 147 154 143 162 164 127 172 140 127 156 137 153 127 141 126 126 124 126 117 109 114 99 103 117 114 105 101 106 108 105 100 100 94 86 86 104 86 74 78 79 
61 80 93 91 90 83 85 95 92 93 100 90 106 80 105 113 110 106 114 108 117 140 113 127 126 144 144 127 122 138 154 154 121 127 141 144 149 175 159 150 168 166 159 165 153 183 183 158 159 183 174 157 147 145 167 170 165 172 152 148 155 168 175 161 147 161 147 132 162 143 150 157 128 163 122 128 129 137 112 124 124 111 101 106 91 118 109 95 106 74 103 103 95 81 78 77 90 73 77 68 
90 88 86 74 84 66 98 88 89 92 90 123 100 118 118 112 101 104 116 127 131 135 121 103 142 155 134 149 116 149 121 134 141 155 145 134 153 154 146 138 155 165 162 153 164 170 161 144 176 156 150 152 150 172 167 151 197 158 161 152 156 156 148 162 148 156 141 150 128 124 149 143 129 119 131 121 138 126 118 124 117 119 122 105 124 111 131 96 107 84 99 90 91 103 81 79 83 97 65 76 
89 84 82 89 83 88 87 87 92 103 99 83 90 100 108 106 111 126 104 121 110 121 117 120 133 116 128 144 127 133 158 136 162 148 148 152 153 155 166 160 152 151 167 159 168 150 177 162 163 178 180 133 177 164 178 144 145 153 171 165 134 153 152 150 157 126 132 132 143 166 129 124 125 113 103 124 114 105 115 98 121 120 110 105 102 119 101 89 100 100 88 88 99 72 89 85 71 95 89 63 
64 66 97 99 91 92 71 68 96 113 96 112 101 99 103 115 127 126 122 119 115 107 114 117 134 143 115 133 117 142 116 150 143 137 128 156 146 144 140 159 147 158 152 128 168 171 167 151 160 147 145 152 169 160 162 146 168 163 160 155 146 167 154 158 164 156 153 136 156 136 139 150 130 127 152 108 114 134 118 130 117 120 118 116 104 107 108 96 90 96 77 104 88 81 87 92 84 76 84 87 
82 72 74 75 82 83 102 96 86 100 96 113 98 110 130 128 112 121 133 120 133 122 125 122 133 129 125 145 139 133 135 158 140 166 148 138 158 152 152 162 155 144 160 153 170 154 158 152 184 155 190 160 175 175 156 165 168 159 176 144 154 151 151 152 156 163 153 121 141 123 125 128 132 124 139 115 123 138 116 112 116 109 128 130 138 109 92 103 103 89 92 96 92 75 88 82 70 84 76 78 
93 78 86 77 92 83 90 95 114 91 110 109 100 100 124 116 109 112 106 131 104 104 129 128 138 123 113 145 124 126 158 166 151 139 165 165 152 146 150 151 160 158 165 171 153 165 175 174 149 179 154 156 165 134 154 150 139 156 157 174 151 129 150 171 151 137 134 149 124 131 119 142 137 123 146 130 121 136 118 122 125 117 113 105 127 102 89 108 103 93 96 89 92 91 79 92 79 85 82 82 
81 85 71 88 78 96 90 89 99 115 91 89 96 107 108 123 121 124 101 132 126 119 121 136 118 111 117 145 128 142 148 145 134 146 144 160 163 150 151 164 169 154 168 142 166 151 164 164 168 165 185 193 152 169 164 155 153 155 165 162 149 147 188 149 156 149 121 130 127 140 136 143 137 121 121 126 126 132 125 118 123 109 94 95 117 94 108 92 107 100 93 102 98 106 78 75 85 78 78 83 
92 80 83 78 88 91 97 91 99 115 91 88 123 93 103 122 109 111 125 102 121 108 121 107 121 120 132 136 139 128 141 141 144 153 137 142 160 166 161 149 160 136 163 166 179 160 131 162 157 150 161 168 161 141 173 182 168 143 171 137 160 160 144 159 180 148 140 114 147 159 136 154 129 115 148 141 125 121 129 132 106 116 115 116 109 124 106 100 119 81 91 86 108 86 89 80 99 72 85 90 
53 73 60 60 67 91 94 89 74 110 104 91 86 121 114 105 118 105 110 108 112 120 131 118 129 139 145 151 132 171 151 140 150 138 150 157 145 154 153 159 164 160 173 149 193 168 151 168 143 170 161 146 170 171 161 160 169 160 145 165 156 144 165 164 136 144 160 159 128 150 154 126 135 144 132 107 119 113 122 125 118 107 107 108 102 93 97 114 90 117 84 93 94 85 93 81 74 67 62 63 
63 70 84 72 88 88 87 78 110 103 89 100 116 121 123 119 103 105 110 100 118 119 135 109 118 119 138 149 146 134 152 156 127 161 139 154 150 153 172 151 130 165 166 135 169 159 154 173 161 171 171 165 147 154 164 169 168 180 167 162 164 126 136 156 172 133 142 154 129 139 151 140 144 113 120 120 132 125 119 116 120 125 118 99 121 114 122 95 113 92 92 86 100 101 78 89 78 82 74 80 
92 86 80 89 93 95 81 104 89 95 123 73 97 100 115 102 124 118 126 114 142 120 147 136 139 138 131 133 133 142 137 147 145 166 141 148 145 144 135 160 140 136 159 146 156 159 159 166 159 159 164 179 183 169 161 170 153 165 171 153 156 142 166 151 148 179 141 142 148 149 160 158 126 131 126 121 114 123 112 113 125 123 115 128 117 126 98 101 96 81 98 97 82 83 78 91 89 76 87 82 
73 76 85 90 76 84 85 100 102 109 103 121 107 122 107 114 109 107 107 124 117 116 121 135 126 146 141 137 140 145 135 146 147 141 156 149 162 140 151 179 156 168 162 165 168 154 139 163 161 149 163 164 171 157 163 153 165 160 147 179 162 155 181 157 157 158 148 159 123 141 144 131 138 152 106 111 153 124 113 136 103 115 119 100 126 120 103 91 91 86 84 100 90 97 83 73 77 72 83 68 
84 88 95 65 108 76 90 81 109 103 109 95 101 127 102 105 130 104 110 109 133 114 112 115 111 154 155 168 128 172 129 145 159 146 151 150 123 159 154 158 150 153 157 187 141 164 160 163 149 166 165 160 147 162 175 154 171 136 178 169 170 149 164 148 177 146 154 138 150 137 135 156 145 132 125 143 118 121 113 115 112 106 101 125 125 115 109 91 100 104 89 98 90 104 92 91 84 71 69 80 
72 83 83 85 81 84 99 94 105 93 98 102 98 104 93 102 111 99 118 126 139 131 123 120 116 120 145 128 152 138 117 133 165 142 154 150 153 171 153 148 154 150 139 146 166 171 160 145 165 162 162 156 161 160 169 168 174 161 153 174 139 150 137 166 152 135 136 126 147 123 145 137 144 140 130 105 118 137 121 116 126 94 127 124 102 104 90 106 73 127 110 100 82 96 88 72 80 89 85 83 
71 85 91 89 76 80 79 82 96 92 93 107 116 99 110 106 126 128 106 126 110 122 123 117 129 130 125 148 120 139 141 126 137 158 124 147 155 145 169 150 152 140 151 160 147 168 169 130 154 194 162 164 153 145 153 182 141 138 168 157 132 161 155 151 146 150 138 137 149 160 132 141 111 145 136 127 125 128 123 111 117 130 118 103 105 97 112 103 100 101 99 100 107 95 78 89 60 78 84 79 
80 78 91 72 73 86 86 102 92 106 101 108 71 105 122 128 99 100 97 137 113 130 117 124 121 127 104 127 140 145 133 150 140 142 158 150 159 166 167 165 157 147 172 147 146 151 152 172 159 177 169 165 173 146 148 155 157 159 189 154 143 161 172 147 161 127 157 158 141 143 146 150 148 126 127 130 126 124 110 128 118 112 118 105 125 105 83 107 106 104 90 76 100 87 86 90 90 83 102 88 
64 96 83 71 78 92 93 109 85 100 88 116 105 108 102 98 105 107 130 131 125 115 125 122 133 145 136 146 147 151 146 144 145 160 131 151 124 158 175 163 140 159 155 172 149 157 148 163 165 169 155 158 152 164 169 131 139 167 146 165 155 145 137 173 150 132 126 156 150 145 138 141 148 148 119 128 122 137 100 124 129 112 119 119 109 106 97 93 100 108 102 106 111 92 98 80 86 62 60 76 
64 61 98 95 79 85 93 93 107 96 107 76 99 86 107 111 92 117 124 94 120 122 125 111 132 129 153 118 126 150 136 133 127 154 130 165 148 175 189 160 172 154 162 145 175 163 167 177 168 163 181 150 180 122 161 167 169 166 178 185 142 165 123 144 144 135 161 146 140 153 144 135 135 140 148 120 141 118 112 103 102 104 116 110 100 112 108 83 95 105 99 99 94 92 97 99 89 92 81 85 
71 86 89 85 89 75 92 92 96 106 107 99 89 105 88 115 127 120 92 122 120 141 121 159 130 117 134 136 137 143 151 132 137 147 148 145 167 152 167 156 148 154 169 147 140 154 181 188 156 156 188 146 157 161 140 155 176 143 168 153 144 155 157 159 173 143 158 136 157 153 134 141 143 150 90 123 126 122 115 119 139 126 115 114 109 95 110 113 95 106 100 109 85 94 89 85 101 90 82 86 
78 88 86 89 76 90 100 100 86 93 98 93 112 86 103 129 114 121 124 100 116 149 120 148 108 110 130 154 163 142 139 142 141 163 131 152 155 135 165 166 144 162 146 157 161 149 156 169 154 161 159 154 169 154 175 173 141 139 152 147 177 151 164 154 161 120 162 156 136 159 147 128 152 156 150 120 121 104 138 129 105 120 132 117 107 108 137 94 99 104 90 101 76 106 93 89 89 81 77 88 
75 77 98 86 95 73 95 88 98 83 90 106 115 91 121 101 102 99 126 106 97 103 122 145 125 125 125 119 141 119 148 132 151 172 150 145 163 126 141 153 163 155 137 170 171 163 162 158 153 150 173 157 156 139 153 146 163 159 158 159 160 147 171 148 163 138 140 145 158 149 141 153 127 156 146 115 119 136 128 123 120 111 119 99 115 93 109 102 106 78 87 86 101 91 88 93 83 97 70 78 
72 72 78 75 86 84 79 98 96 84 100 94 111 105 119 123 113 101 117 128 138 138 125 130 125 121 137 134 144 153 156 132 141 137 152 148 157 140 145 157 154 181 164 145 173 143 154 161 153 146 150 146 158 164 148 153 140 168 155 144 156 174 160 164 158 154 150 164 137 130 135 132 149 134 143 127 126 117 126 131 104 128 130 112 89 99 100 132 94 92 91 92 82 88 103 69 76 77 71 78 
73 93 89 65 99 87 96 85 82 88 110 114 106 124 120 101 124 111 114 119 116 117 112 119 145 118 134 147 149 146 137 125 148 155 137 153 180 148 169 158 151 173 185 165 149 142 183 189 184 177 177 153 155 174 157 190 165 173 156 159 149 144 168 153 154 167 139 150 142 121 151 119 139 121 106 126 115 126 145 121 138 117 111 103 94 118 120 121 110 92 94 88 92 83 85 91 79 100 80 64 
79 82 72 93 74 99 98 99 112 93 83 94 110 106 105 107 98 119 121 128 115 143 126 128 123 125 140 138 129 133 135 168 139 141 144 138 150 161 139 152 156 144 170 172 146 153 152 159 176 156 168 152 153 166 162 162 164 141 148 165 151 144 162 146 153 138 148 129 161 134 136 128 130 133 148 112 112 109 123 117 122 109 95 92 105 100 113 105 98 104 91 96 95 74 95 76 69 76 70 87 
65 82 84 72 84 86 97 94 83 84 99 105 104 96 113 122 111 104 121 120 130 124 128 121 143 142 136 140 127 138 136 135 132 152 145 172 158 145 161 156 161 182 141 173 147 174 153 167 173 160 180 154 144 189 170 154 151 156 188 162 153 166 149 156 145 145 170 118 147 142 139 134 151 158 138 145 148 134 122 116 119 120 132 126 102 90 113 106 108 101 92 99 100 102 88 77 81 70 64 79 
74 61 76 79 73 75 80 102 92 113 98 106 94 111 128 107 108 102 115 111 131 140 124 155 122 147 124 152 131 125 130 148 132 152 161 138 132 146 158 169 171 175 156 155 161 164 163 182 187 172 170 162 149 173 156 163 172 162 151 177 154 156 164 148 161 147 150 140 139 138 126 138 142 121 121 137 127 127 117 104 107 117 128 115 114 118 106 111 113 88 89 90 82 100 79 92 70 74 94 85 
71 86 86 77 73 94 105 96 102 90 94 97 109 103 114 105 119 95 103 105 116 104 109 125 129 118 136 132 127 141 141 129 143 150 141 153 155 134 145 175 153 153 197 155 169 173 170 157 159 188 146 168 132 159 190 164 160 151 178 147 169 157 141 158 134 166 145 141 146 146 143 144 130 150 130 151 113 133 134 119 139 127 107 127 91 110 115 94 96 96 98 98 82 82 96 91 85 88 79 76 
68 88 71 81 88 84 101 90 96 86 102 100 104 106 109 100 107 124 121 128 126 110 105 128 124 128 146 145 141 163 132 126 148 170 140 158 153 162 163 153 140 137 165 150 159 150 142 132 165 169 168 157 143 146 162 178 156 186 155 155 158 141 145 163 142 159 143 156 158 149 136 107 128 123 134 125 122 121 118 116 125 106 111 125 109 103 103 93 90 97 91 87 101 78 75 86 82 95 100 61 
87 84 83 84 81 91 97 90 101 92 95 100 95 131 99 115 108 122 117 113 120 128 120 128 136 133 137 125 149 147 156 152 125 155 136 152 160 153 144 131 167 149 154 181 175 150 165 180 144 172 155 159 165 165 168 134 160 166 145 150 157 159 140 163 156 147 166 126 139 141 154 139 142 134 143 139 120 122 127 129 123 112 114 109 117 98 102 82 90 122 96 91 112 78 75 104 66 78 82 89 
77 62 79 91 97 90 84 88 97 100 119 95 93 120 104 110 109 113 107 130 124 124 124 123 120 111 131 134 116 148 152 147 150 139 145 150 140 135 160 172 132 149 139 165 176 171 166 163 172 141 145 170 166 166 163 151 182 168 167 168 138 158 146 138 150 140 150 152 137 138 121 109 148 128 129 124 118 122 120 98 124 116 116 121 102 119 106 116 93 115 86 99 99 81 87 81 81 88 88 70 
96 80 87 84 71 85 80 102 93 88 108 101 83 108 112 118 117 117 119 129 116 120 123 141 120 150 141 146 164 139 131 161 122 151 135 136 142 142 125 145 152 159 143 162 142 172 179 162 150 159 165 148 154 169 169 146 169 164 157 151 177 157 138 141 138 123 148 120 130 137 147 136 145 123 119 133 113 117 128 109 123 103 119 119 110 108 102 119 102 98 111 95 79 84 86 87 82 87 84 80 
93 76 93 95 87 88 73 88 103 95 99 108 92 99 101 123 112 103 124 117 104 107 131 128 136 126 130 153 158 154 137 140 108 146 140 153 153 149 151 165 147 151 155 167 164 152 159 159 157 142 179 142 172 167 185 152 148 160 160 163 162 150 143 162 143 159 131 153 134 135 130 112 123 142 128 103 127 106 125 123 120 114 92 107 106 105 119 99 114 98 97 105 101 88 81 82 84 96 72 88 
64 80 80 87 91 52 70 86 106 96 90 94 109 103 103 99 109 109 111 126 123 114 133 124 126 143 140 150 142 141 160 151 141 144 149 178 167 161 144 148 169 146 145 152 166 147 148 161 147 166 184 180 158 169 141 164 139 170 163 156 157 112 149 149 124 124 153 140 133 120 141 136 144 139 142 144 119 127 120 109 143 122 115 100 104 96 104 96 105 106 90 118 87 76 81 72 71 68 76 70 
74 68 77 94 83 89 82 92 95 83 106 111 103 104 89 93 101 117 87 130 105 97 134 131 119 129 147 128 152 159 166 132 147 140 164 155 128 153 160 151 147 165 149 150 169 138 143 177 151 175 158 155 146 164 145 162 170 150 168 160 134 150 144 179 136 150 155 152 143 126 135 129 143 127 143 121 128 114 127 122 124 112 112 113 104 89 99 107 120 85 89 89 87 96 92 86 76 78 84 88 
86 80 86 91 79 91 101 91 81 97 107 86 91 110 114 116 113 109 116 124 137 119 129 119 112 129 144 114 135 110 126 147 138 154 133 159 145 158 144 159 148 150 139 149 169 153 183 170 170 155 153 164 162 182 154 173 157 175 149 165 159 168 136 149 161 157 152 136 167 159 141 134 147 121 132 134 117 120 113 134 120 106 122 125 106 124 123 101 86 103 88 91 99 80 70 69 72 96 89 72 
79 77 112 91 96 85 95 91 87 97 96 89 116 91 122 123 103 90 123 118 153 112 134 122 144 130 134 144 146 154 134 137 147 172 166 143 145 130 157 140 145 172 162 147 174 132 136 151 190 158 167 149 158 157 165 170 158 146 167 172 144 141 162 154 151 144 153 148 137 135 129 131 138 123 128 129 115 121 126 129 119 111 106 121 113 92 88 97 115 109 89 103 85 81 92 83 86 82 77 74 
77 74 70 78 91 88 94 87 99 100 87 97 115 80 107 105 108 102 122 109 95 129 116 126 121 128 129 136 122 146 145 132 135 162 152 147 148 153 146 143 152 140 157 178 171 168 160 163 167 149 151 172 145 159 161 189 145 141 152 156 157 173 165 138 135 154 148 173 148 138 136 148 142 141 135 135 114 128 113 154 115 125 110 120 99 114 114 110 97 95 78 78 93 102 80 74 80 71 80 64 
68 82 68 80 92 102 93 96 95 81 97 96 91 103 112 106 105 136 91 122 95 142 114 130 131 131 143 144 141 150 145 121 159 141 144 139 147 151 156 150 152 162 156 157 146 135 137 167 159 164 160 162 161 161 144 161 158 143 153 138 149 143 186 159 175 143 133 132 145 136 159 151 130 113 138 151 131 128 130 118 120 110 104 112 102 93 101 110 92 107 90 93 86 94 100 96 88 68 83 74 
80 87 103 88 84 79 91 99 105 88 100 86 115 110 121 114 115 118 103 130 117 121 118 127 114 134 127 125 137 139 138 160 136 122 143 169 131 135 171 162 151 143 168 170 144 160 173 163 156 156 185 158 165 157 164 173 168 155 149 165 158 157 127 166 148 153 157 158 132 120 132 129 135 117 121 134 125 131 117 95 101 129 113 110 134 123 93 86 91 109 87 80 91 82 75 70 92 78 82 80 
85 91 78 100 83 85 88 102 80 103 86 105 76 118 118 99 104 113 124 122 126 130 139 132 134 126 140 154 140 129 143 137 139 143 162 139 150 160 154 161 163 163 167 169 159 167 173 161 162 158 162 148 147 179 166 172 152 166 181 164 170 157 148 167 167 167 149 140 121 139 137 119 133 129 123 124 134 122 125 122 120 125 123 114 113 89 101 104 95 92 100 92 86 82 78 89 87 86 81 82 
74 78 90 80 91 81 94 98 106 81 92 94 106 107 106 110 104 111 125 125 128 129 108 126 115 144 123 134 140 127 119 159 145 145 144 145 132 154 151 145 153 144 169 160 156 158 159 161 159 191 169 159 145 166 142 171 148 155 150 144 164 157 127 162 166 151 146 114 144 153 147 155 150 129 124 125 139 127 125 119 116 109 93 104 101 108 108 113 108 91 98 104 78 87 78 90 88 72 70 80 
79 78 74 78 67 92 86 101 94 108 101 99 128 92 80 111 77 116 119 118 105 106 132 133 138 146 126 117 134 169 148 118 148 147 171 148 152 130 158 155 162 182 157 152 172 167 171 177 156 154 162 156 175 154 171 175 151 154 140 131 154 161 159 156 155 154 137 136 154 138 167 142 172 137 134 130 124 111 140 111 116 120 101 131 110 117 109 98 101 85 104 101 94 90 92 87 86 65 82 72 
82 65 79 86 75 77 74 92 95 99 100 101 132 107 83 110 109 110 114 139 107 128 110 119 126 137 110 156 135 144 156 141 145 144 154 136 168 157 160 136 155 144 154 149 162 158 166 156 158 176 169 154 165 166 155 136 141 154 169 169 160 136 144 132 163 166 158 138 165 159 136 133 121 118 128 128 125 156 133 94 120 112 110 105 114 106 102 109 89 111 110 102 89 110 59 91 85 75 86 67 
77 89 82 74 79 92 103 79 104 96 110 89 85 94 114 107 103 116 100 119 128 120 145 124 133 123 140 158 143 119 124 132 154 126 159 156 164 152 166 150 148 160 147 169 127 161 151 180 153 163 155 159 152 176 149 171 185 164 159 127 153 161 144 144 160 153 153 137 138 155 136 137 126 144 144 141 138 129 116 134 130 125 118 115 102 118 113 96 115 95 90 121 76 95 105 79 83 77 79 87 
70 79 84 85 85 104 106 83 89 112 102 111 103 90 107 123 112 94 129 108 116 120 134 120 114 146 129 121 138 137 130 143 139 127 146 148 140 160 169 149 168 171 153 148 138 145 148 159 161 167 168 176 179 161 171 155 169 145 182 161 145 154 143 176 146 136 143 136 148 147 139 130 146 134 116 127 140 123 113 103 109 131 112 105 116 93 100 104 85 101 93 70 98 77 86 83 88 82 85 77 
87 82 86 79 87 85 107 87 97 96 103 109 104 87 103 112 121 108 118 103 140 133 132 129 133 142 141 135 131 141 152 127 144 160 179 119 154 177 154 155 165 148 151 150 149 160 174 153 180 167 162 170 162 162 153 152 170 169 168 148 126 170 146 146 128 136 132 152 142 146 127 121 140 136 132 121 127 126 108 113 120 135 106 92 110 114 114 120 100 96 93 82 93 90 86 81 65 56 93 73 
84 88 86 84 97 98 80 79 104 98 98 93 94 115 109 112 114 100 106 112 112 115 129 120 126 134 135 157 142 127 139 137 176 155 136 159 135 131 139 165 152 150 157 160 168 168 170 137 176 158 143 163 157 167 166 178 141 152 145 160 128 145 139 155 134 148 153 131 132 157 137 140 119 139 139 113 137 128 132 121 118 127 102 124 118 101 93 109 79 85 105 86 90 103 84 79 84 81 67 63 
78 90 76 85 97 87 95 93 95 104 107 97 113 125 111 94 102 92 108 123 114 131 124 133 130 133 137 136 142 166 140 138 134 144 142 147 157 143 155 141 150 140 170 138 181 149 151 164 163 160 138 137 167 129 142 152 143 147 140 151 163 142 140 145 144 143 137 122 137 142 141 103 127 118 124 131 125 122 114 127 147 118 124 106 95 97 113 83 83 92 81 92 78 85 73 81 94 78 88 78 
80 79 76 77 89 87 86 89 115 79 103 112 104 90 80 118 114 122 114 130 110 145 129 115 113 128 129 152 139 129 164 121 141 163 150 142 139 157 155 157 160 162 146 167 159 147 147 160 135 167 183 158 145 168 144 144 153 157 156 157 150 145 143 164 126 132 152 155 151 137 152 157 126 142 122 135 120 129 119 128 122 109 119 110 106 120 108 95 93 85 104 109 91 72 99 79 88 74 82 94 
75 78 73 71 88 94 84 88 98 97 105 114 107 108 100 96 109 105 110 101 99 102 133 139 119 117 125 150 125 124 153 127 155 148 131 149 159 133 129 149 137 159 151 175 150 172 163 150 154 162 152 167 165 149 174 162 164 150 158 145 177 141 146 157 168 142 172 143 149 159 151 147 142 131 95 139 116 103 104 108 143 106 111 118 100 96 102 121 102 89 88 93 117 81 98 100 89 94 75 80 
66 66 78 93 85 76 90 92 84 97 100 98 116 96 122 85 121 116 120 123 105 128 130 113 112 131 120 119 139 125 153 141 148 146 139 144 148 167 141 156 142 156 153 177 141 174 158 148 156 138 169 157 151 151 166 141 176 147 129 143 156 139 151 155 135 146 146 114 149 119 151 132 137 123 130 120 125 126 136 104 121 116 115 112 122 116 100 100 107 102 93 96 95 79 84 87 78 70 78 87 
77 87 92 84 73 81 79 88 107 106 106 106 104 103 102 97 117 128 116 118 117 137 134 135 129 113 137 133 137 153 158 151 125 152 167 153 153 160 143 156 160 153 150 159 159 155 168 162 157 138 155 141 173 173 182 152 142 144 156 163 165 146 130 178 158 145 151 153 133 131 132 156 131 142 143 144 113 117 129 125 120 118 122 109 104 102 110 98 83 90 83 95 104 86 82 92 94 82 84 69 
