hit_x,hit_y,hit_z,theta,phi,weight,lambda
-0.0611028871,-0.00243215305,0.9981285097,0.06118944951,3.181375877,1,4.021960054
0.01005675129,-0.005099850466,0.9999364246,0.01127617446,5.813868158,1,4.133948493
0.06454128712,0.06973908285,0.9954752044,0.09516524593,0.8240873777,1,3.905142834
-0.03520330007,0.03213299157,0.9988634534,0.04768148416,2.401759568,1,3.967309825
-0.08046710174,-0.003323138635,0.9967517255,0.08062300631,3.182867302,1,4.102139917
0.01291481507,-0.05354865897,0.9984817218,0.05511193333,4.949048504,1,4.075018311
0.04417162618,-0.01870589639,0.9988488158,0.04798760487,5.882600972,1,4.046640821
0.05047474371,0.01320348021,0.9986380567,0.05219679159,0.255852946,1,4.026087425
0.04740178105,-0.001947515612,0.9988740052,0.04745958572,6.242123118,1,3.915444206
0.07237053876,0.01109716415,0.9973160773,0.0732819776,0.1521530274,1,4.150737969
-0.02304105127,-0.08016410351,0.9965153418,0.08350669289,4.432509772,1,4.164344547
0.02317710185,0.02254984973,0.9994770264,0.03234251775,0.771681684,1,3.873782258
0.02603533288,-0.08782959517,0.9957952217,0.09173579732,5.000567399,1,4.002346805
-0.01559847018,0.06573636173,0.9977150989,0.06761319115,1.803775731,1,4.059237333
0.07864104891,0.02615144339,0.9965599267,0.08297044651,0.3210380904,1,4.053762453
-0.01666538573,-0.01879437931,0.9996844683,0.0251216346,3.986958528,1,4.041511984
-0.04500451477,-0.02526242653,0.9986673137,0.05163298194,3.6530936,1,4.083442306
0.03503060485,0.06437124408,0.9973109844,0.07335150403,1.072419705,1,3.928056965
0.02319146111,0.09027958362,0.9956463995,0.09334627049,1.319348336,1,3.899186746
-0.06432205902,0.009057674204,0.9978880855,0.06500243446,3.001694977,1,4.037112782
0.01675752875,0.03403080804,0.9992802857,0.03794207889,1.113229234,1,3.932970527
-0.0009357044871,0.04894430833,0.9988010709,0.048972825,1.589911737,1,4.02118644
-0.01112851819,-0.01939177745,0.9997500263,0.02235997019,4.191398177,1,4.002932098
0.04541906778,-0.05746319932,0.997313937,0.07331120399,5.381250451,1,4.19973616
-0.04930801421,-0.03245493666,0.998256178,0.05906486438,3.723716476,1,3.944142035
0.01596878184,-0.06955479974,0.9974503135,0.07142507615,4.938063772,1,3.768351099
0.03353653076,-0.06301010391,0.9974492608,0.07143982498,5.201495118,1,3.803612544
0.05178377632,-0.02982276593,0.9982129248,0.0597931062,5.760667823,1,4.101976101
-0.03161531048,-0.03021635051,0.9990432645,0.04374672822,3.904369375,1,4.050681336
-0.001823609623,0.07083390334,0.9974864573,0.07091680118,1.596535511,1,4.039970154
-0.05163189357,0.05093238979,0.9973665521,0.07258931821,2.363014534,1,3.957722238
0.01846803696,0.03589627894,0.9991848622,0.0403794157,1.095629306,1,3.850704519
0.03028294038,-0.03457099849,0.9989433365,0.0459749849,5.431764542,1,3.883880359
0.04301654533,0.01443737854,0.9989700391,0.0453902588,0.3238106006,1,3.951080396
-0.02806993913,0.03931084023,0.9988326869,0.0483226718,2.190890281,1,3.943263007
-0.0003910925544,0.02994865596,0.9995513619,0.02995568933,1.583854353,1,3.991603426
0.01962087317,-0.002428809828,0.999804542,0.01977191746,6.160024789,1,3.991444487
-0.06539673992,0.009516233809,0.9978139645,0.06613368957,2.997091466,1,3.933904839
0.04255748383,0.01793429916,0.9989330415,0.04619844685,0.398828951,1,3.983250527
0.03134042426,0.04688071156,0.9984087223,0.05642162606,0.9815157098,1,3.997927779
-0.03973133351,0.04189801949,0.9983315968,0.05777313163,2.329657745,1,4.149355289
0.005279658969,-0.02342035337,0.9997117646,0.02401038371,4.934113019,1,4.223411244
-0.02840458565,-0.06301586439,0.9976082299,0.06917693464,4.288909092,1,3.930386032
-0.008799987571,-0.07306487443,0.9972883657,0.07365949618,4.592525593,1,4.000705301
-8.828238124e-05,0.03050346098,0.9995346573,0.03050832115,1.573690495,1,3.931007279
-0.06671432688,0.05789295059,0.9960911629,0.08844643839,2.426870007,1,4.051244191
0.02182431894,-0.02677515165,0.9994032171,0.03454973992,5.396267257,1,3.9673343
0.04639434579,0.04901188633,0.9977201009,0.06753911432,0.8128270224,1,4.000397607
-0.002950582318,0.09307359837,0.9956548596,0.09325546425,1.602487317,1,4.066277133
0.07758618802,-0.06284021735,0.9950032616,0.1000090519,5.60241224,1,3.977394735
-0.04384560863,-0.003388913029,0.999032571,0.04399056831,3.218731248,1,4.046830645
-0.04212953779,0.03965544986,0.9983248706,0.05788950239,2.386436393,1,4.171764113
0.04088105608,-0.02458665161,0.9988614698,0.04772308299,5.741722939,1,3.873251183
-0.03711282141,0.0487621989,0.9981206773,0.06131739788,2.221362523,1,3.92905815
0.0001302770602,0.05135041644,0.9986806886,0.05137317609,1.568259312,1,4.020005626
0.0001368339927,0.04663053088,0.9989121958,0.04664764737,1.567861906,1,3.973353464
0.04253371288,-0.007834884883,0.9990643112,0.04326279668,6.101023199,1,4.078403911
0.03424846662,-0.01533698683,0.9992956616,0.03753454566,5.862149677,1,4.119091475
-0.08279746661,-0.007457242841,0.9965384935,0.08322866499,3.231416372,1,3.969195593
-0.05690776429,-0.07570915371,0.9955047114,0.09485421008,4.067824446,1,4.212456237
0.01013175386,-0.005970060099,0.9999308506,0.0117601203,5.750713276,1,4.006205405
-0.01154545368,-0.05326346817,0.9985137483,0.05452742515,4.498930038,1,3.918060724
-0.03578319427,0.04151853916,0.9984967571,0.05483830207,2.282135924,1,3.96193519
-0.07044601716,-0.01763577864,0.9973596834,0.07268396445,3.386895602,1,4.038822204
-0.0008598433309,0.07820182841,0.9969371769,0.07828649756,1.581791066,1,4.006974957
-0.008538763376,0.01155263884,0.9998968077,0.01436621531,2.207296505,1,4.007637701
0.03663787002,0.07465015874,0.9965365123,0.08325249393,1.114540387,1,4.06757122
-0.01518292051,-0.0627439495,0.9979141625,0.06459973714,4.474970577,1,4.104925255
0.01299539094,0.001707253679,0.9999140989,0.0131074307,0.1306257187,1,3.878137525
-0.06633032643,-0.01727958561,0.9976480861,0.06859790647,3.396436556,1,4.337092208
0.03904793457,0.00766391726,0.9992079479,0.03980343362,0.1938059479,1,3.974119372
-0.06179809348,-0.001328652183,0.9980877869,0.06185180441,3.163089231,1,4.064617813
0.05210657708,-0.04570976554,0.9975948687,0.06936996579,5.5630903,1,3.827794394
-0.01768147323,-0.06771668813,0.9975479014,0.07004429104,4.456981919,1,4.064609294
-0.02958500047,-0.02549767124,0.9992370072,0.03906635051,3.852923021,1,4.13836457
-0.06723471969,0.02551319236,0.9974109331,0.07197478552,2.778913618,1,4.103594682
-0.05619188551,0.01066529064,0.9983630219,0.05722630288,2.95402253,1,3.966978937
-0.02830844926,0.03688556816,0.9989184584,0.04651315076,2.225382794,1,4.085253015
-0.0009331818351,0.03871827378,0.9992497308,0.03873920661,1.594893507,1,3.960060412
0.004433575663,-0.07426429106,0.9972287393,0.07446531583,4.772018173,1,4.086030151
0.002306768283,0.04298145707,0.9990732071,0.04305661578,1.517178849,1,4.083295998
0.07730732807,0.00175820672,0.9970057601,0.0774045904,0.0227391596,1,4.04487748
-0.03280839737,0.04245868127,0.9985593971,0.05368331151,2.228676326,1,4.000279262
-0.02472984976,0.03077477021,0.9992203701,0.03949002941,2.247713621,1,4.006646828
-0.007859102937,0.06470672899,0.9978733756,0.0652284997,1.691661592,1,3.984867218
-0.01280375251,0.01296589972,0.9998339609,0.01822326516,2.349902396,1,4.001458824
-0.01063357186,0.06261450575,0.9979811375,0.06355379076,1.739017379,1,3.890862072
-0.02841237808,0.007650439764,0.99956701,0.02942859898,2.878566636,1,4.172706566
-0.04231230417,0.01099880643,0.9990438905,0.04373241092,2.887277563,1,4.008977997
0.03593882261,-0.06367734041,0.9973232161,0.07318441037,5.226212632,1,4.00514423
-0.03480796941,0.04383561948,0.9984321929,0.05600387461,2.241902813,1,3.949402836
0.006918377918,0.01526770841,0.9998595067,0.01676285152,1.145335955,1,4.114818389
0.05683959212,-0.03446501562,0.9977882658,0.06652142402,5.738105535,1,3.789128497
-0.04901941249,0.0004988743541,0.9987977014,0.04904160676,3.131415928,1,4.217250135
0.04383544717,-0.04039812979,0.9982216411,0.05964706671,5.53857149,1,3.91873448
0.008316434845,0.02491358803,0.9996550155,0.02626801565,1.248615749,1,4.003089943
0.08777180365,-0.01479114146,0.996030789,0.08912731977,6.116235735,1,4.156961079
0.02490898844,0.01692038551,0.9995465186,0.03011696122,0.5966898614,1,3.986977531
-0.05987377675,-0.01841431997,0.9980360934,0.06268253001,3.439963715,1,3.924200324
-0.02732143893,-0.005994215845,0.9996087276,0.02797491339,3.35756682,1,4.015897971
0.03762322258,-0.04190982868,0.99841277,0.05634980069,5.443942075,1,3.789136575
0.04497569793,0.03132104565,0.9984969598,0.05483460385,0.6083053135,1,3.93959735
0.01616710283,-0.01044692129,0.9998147261,0.01924991292,5.709497449,1,4.036189464
0.01887878967,0.013624858,0.9997289405,0.02328397348,0.6251429867,1,4.047689202
0.04613158312,-0.004661644004,0.9989244947,0.0463831465,6.182476139,1,4.057031844
0.009926513102,-0.033459635,0.999390773,0.03490813277,5.000789122,1,3.967018313
-0.02469709918,-0.04594073955,0.9986388245,0.05218207433,4.21912659,1,4.27434794
-0.02226730878,-0.04692635538,0.998650131,0.05196484982,4.269335578,1,4.026475711
0.0540578741,0.001366721946,0.9985368688,0.05410153692,0.02527718438,1,4.030216242
-0.02944190622,-0.06504481255,0.9974479167,0.07145865331,4.287341514,1,4.135644939
0.06668677644,0.01484369208,0.9976635398,0.06837207916,0.2190177105,1,4.032659545
0.05295355506,0.02149776999,0.9983655477,0.0571821249,0.3856458002,1,3.959752627
0.07882444169,-0.007618600966,0.9968594005,0.07927477277,6.186831826,1,3.982950246
-0.05707481505,-0.01567811539,0.9982467942,0.05922361524,3.409674457,1,3.860384937
-0.03277974127,-0.03009054468,0.9990095333,0.04451135176,3.884243145,1,4.03092019
0.07357495601,-0.01816092632,0.9971243185,0.0758559264,6.041187012,1,4.025475537
0.08965632931,0.005643726366,0.9959567716,0.08995505457,0.06286549592,1,4.124261812
-0.003821562038,0.02200632212,0.9997505276,0.02233753641,1.742739052,1,4.01786552
0.04546515568,-0.002468958107,0.9989628741,0.04554789137,6.228934191,1,3.79635984
0.01568366417,-0.005344103534,0.9998627222,0.01656990921,5.95478067,1,4.097863714
0.005416900431,-0.04162503052,0.9991186186,0.04198835332,4.841797378,1,3.841141483
-0.01193690129,0.06015513561,0.9981176634,0.06136656093,1.766686898,1,4.146900929
0.0624628013,0.0582775335,0.996344382,0.08553183537,0.7507486592,1,4.012753064
-0.06342877666,0.02470260587,0.997680596,0.0681219671,2.770210378,1,3.981128002
0.03752852737,0.06792300092,0.9969844911,0.07767915584,1.066023695,1,4.065575337
0.08694591159,0.02288409002,0.9959501629,0.09002859141,0.2573622978,1,4.049635354
-0.02723947874,0.07745207562,0.9966238943,0.0821949761,1.908980036,1,4.070304383
-0.02943050317,-0.06210711573,0.9976354804,0.06878156818,4.2698656,1,4.121652653
-0.05835298703,-0.04062452139,0.9974690858,0.07116154143,3.749754168,1,3.882472276
0.0863069289,-0.007594258482,0.9962396505,0.086749162,6.195420052,1,4.074932579
0.04602667646,0.04809183942,0.9977819,0.06661712161,0.8073367968,1,4.029822571
-0.03108648629,0.0587116564,0.9977908457,0.06648260175,2.057746705,1,3.874550719
0.02273703199,-0.008241779783,0.9997075074,0.02418705499,5.935433647,1,4.133264401
-0.01991838881,-0.06468643312,0.9977068323,0.06773543685,4.413680052,1,4.16728659
0.03837496158,-0.04544709677,0.9982293943,0.05951686176,5.413615676,1,3.993892629
-0.07459270201,-0.06333565937,0.9952007451,0.09801120979,3.845556169,1,3.977748523
-0.0622575418,-0.0158785241,0.9979338009,0.06429480587,3.391314631,1,3.885230667
-0.06863729649,0.01303780912,0.9975564831,0.06992156511,2.953876791,1,4.009694182
-0.01250899423,-0.01596927421,0.9997942325,0.02028667321,4.047904081,1,4.101810078
0.01553114702,0.008207876435,0.9998456952,0.01756751292,0.4861699526,1,3.865230127
-0.07492570409,-0.02516336846,0.9968715784,0.07912084638,3.465601347,1,3.829916207
-0.006136960289,-0.07573342765,0.9971092145,0.07605497145,4.631531947,1,3.966550556
-0.01141436963,-0.05756355583,0.9982765895,0.05871806741,4.51663665,1,3.829898131
0.07768436349,-0.01306723753,0.9968923648,0.07885741707,6.116536002,1,4.179678973
0.01565538988,0.05825650504,0.998178886,0.0603600372,1.308266668,1,3.983109126
0.03325728428,-0.05889984082,0.9977097583,0.06769219219,5.226403598,1,4.05220892
-0.06978830982,-0.007271180365,0.9975353236,0.07022377866,3.245407175,1,4.25133788
-0.01465673887,0.06028107818,0.9980738307,0.06207717659,1.809308132,1,3.997005406
0.06456788521,0.02414933708,0.9976210692,0.06899093584,0.3579065505,1,4.0645326
0.04289788802,-0.006205952786,0.9990601871,0.04335804867,6.139514039,1,3.97405195
-0.0760787148,-0.01871495311,0.9969261656,0.07842716904,3.382797991,1,4.081518296
0.006638472794,-0.03166593937,0.9994764624,0.03235995218,4.919037119,1,4.068942705
0.06247592988,-0.03214535562,0.9975286634,0.07031863469,5.807986248,1,4.154771258
-0.05669583399,0.03013346279,0.9979366497,0.06425045141,2.653068879,1,3.953567041
-0.03385778941,0.0153073103,0.9993094297,0.03716583823,2.716988743,1,3.965588981
-0.02853786167,-0.06725219888,0.9973277958,0.07312175054,4.31107669,1,3.938085268
0.03336370889,0.07424653639,0.9966816517,0.08148846791,1.148471556,1,4.062954169
0.05117708546,-0.01668417104,0.9985502213,0.05385404709,5.968041416,1,4.140526916
-0.03634171556,0.07475867678,0.9965392215,0.08321990777,2.023278705,1,4.106026597
-0.04168361619,0.02117475637,0.998906455,0.04677059692,2.671575474,1,3.95841896
0.04068065328,-0.05548590231,0.997630392,0.06885556487,5.345032229,1,4.239497881
-0.02869094942,-0.0125104312,0.9995100392,0.0313049766,3.552777863,1,4.161379639
0.01694110142,0.03621609631,0.999200377,0.03999323848,1.133256776,1,4.030751997
-0.03556895674,-0.01899004769,0.999186783,0.04033180389,3.631986276,1,3.8613632
-0.0291676801,-0.06890762613,0.9971965631,0.07489656516,4.311970427,1,4.096024563
-0.04623617005,-0.02835125524,0.9985281282,0.05426293321,3.691649529,1,3.830219281
0.02876365604,-0.008997132607,0.9995457487,0.03014251877,5.980031554,1,3.965506002
0.002027971945,-0.01141195798,0.999932825,0.01159100823,4.888258902,1,3.922730393
0.01717737423,0.0279875523,0.9994606719,0.03284437724,1.020327468,1,3.975960043
-0.01332647879,-0.06505122275,0.9977929361,0.06645112802,4.510323483,1,3.99931453
0.0300337659,0.04341118187,0.9986057491,0.05281240347,0.9655651842,1,3.992101134
-0.01560899742,0.07580656693,0.9970003629,0.07747435633,1.773863855,1,3.945714023
-0.006441587924,0.0560921049,0.9984048186,0.05649080858,1.685134922,1,4.05908658
-0.07424567287,-0.03254608132,0.9967087502,0.08115487429,3.554721858,1,4.003633603
-0.03152344737,-0.04021247244,0.9986937615,0.05111796048,4.047528787,1,4.174030821
-0.04541014795,0.01835150412,0.9987998502,0.04899775376,2.757532883,1,4.073681441
-0.06958595139,-0.02134773128,0.997347517,0.07285130616,3.439259977,1,4.015247544
0.0493894921,0.003659749066,0.9987728893,0.04954516719,0.0739645744,1,4.001674681
0.02108842951,0.04447427629,0.9987879239,0.04924065502,1.128024277,1,3.979920347
-0.03472890103,-0.04359430019,0.998445512,0.05576541778,4.039701053,1,3.810131236
-0.07456677838,0.01252185882,0.9971374021,0.07568308549,2.975216869,1,3.978953286
-0.001088151183,-0.06790979654,0.9976908717,0.06797083982,4.696366873,1,4.114047546
-0.04476478142,-0.06315649951,0.996999183,0.07748959947,4.095787108,1,3.972817748
0.008922867281,0.07382403007,0.9972313648,0.07443001625,1.450513087,1,3.95360494
0.03276780334,-0.01076176994,0.9994050507,0.03449661722,5.965858625,1,4.08293685
0.06242103707,0.009170645945,0.9980077722,0.06313302845,0.1458724055,1,4.068216007
0.01351571378,-0.0138020286,0.9998133973,0.01931882348,5.487306617,1,4.024307927
0.06762574732,-0.02553985372,0.9973838149,0.07235090408,5.922080561,1,3.921987584
-0.004919637706,-0.01503304119,0.9998748946,0.01581821833,4.396118876,1,4.045714362
-0.002887342257,0.07598194867,0.9971050129,0.07611024916,1.608778423,1,4.105248367
-0.001265791973,0.03536192584,0.9993737699,0.03539196146,1.606576385,1,3.903127657
0.03471658547,0.07296383813,0.9967301726,0.0808901835,1.126691092,1,4.022561694
-0.07801442002,0.01474168392,0.9968432339,0.07947865544,2.954833683,1,3.826862932
-0.02272050495,0.07180170434,0.9971601145,0.07538210262,1.877261226,1,3.961582517
-0.01266886419,0.06450686211,0.9978368427,0.0657865889,1.764723732,1,4.109780812
-0.05572447075,0.01068811208,0.9983889761,0.05677070797,2.952091253,1,4.070584486
-0.08115298544,0.005117050956,0.9966885214,0.08140402739,3.078621643,1,3.941912918
0.002133814251,0.01468440152,0.9998899015,0.01483917025,1.42649471,1,4.078002119
-0.06500414504,-0.06141515793,0.9959932929,0.08954759157,3.89860889,1,3.779374655
-0.07027838344,-0.05486937278,0.9960172191,0.08927964454,3.80448088,1,3.997084716
-0.03588316354,0.08246496795,0.9959477535,0.09005538604,1.981217648,1,4.138210156
-0.003963861963,-0.078546073,0.9969026042,0.07872732844,4.661966318,1,4.110768095
0.01570853077,0.05119038979,0.9985653639,0.05357199314,1.273053474,1,4.077780073
0.05519305371,-0.002355171172,0.998472924,0.05527141763,6.240539664,1,4.026541123
0.001530111714,0.06136507422,0.9981142151,0.06142276249,1.545866923,1,3.902202035
-0.01973422688,-0.02440518328,0.9995073523,0.03139070395,4.032421242,1,4.105629317
-0.03674937667,0.03282108052,0.9987853924,0.04929206022,2.4125996,1,3.919542845
-0.03362694639,0.04770504704,0.9982952754,0.05839878644,2.184798538,1,4.085813572
-0.01960519941,0.03286746394,0.9992674146,0.03827988558,2.108632874,1,3.884739025
0.05511893755,-0.07254131612,0.9958411822,0.09123270929,5.36215052,1,4.10853545
0.04113386336,0.008211051916,0.9991199047,0.04195770378,0.197028047,1,3.991546936
0.02893891008,0.04250402635,0.9986770986,0.05144304037,0.973037959,1,4.002310313
-0.04100683507,-0.07862731293,0.9960603321,0.08879479122,4.231662773,1,3.93473028
0.03267964888,-0.01010410605,0.9994148026,0.03421270285,5.983321991,1,4.022766774
0.0758287416,0.04079509591,0.9962859841,0.08621272729,0.4935756567,1,3.987707033
0.01524128413,0.08225533753,0.9964947379,0.08375334984,1.387581908,1,3.987361052
0.02186114633,-0.03553009611,0.9991294724,0.04172898191,5.263971934,1,4.100288222
0.06484336626,-0.01939760141,0.9977069063,0.06773434284,5.992512639,1,3.909682801
-0.03061265996,-0.01701571749,0.999386477,0.03503100759,3.648907906,1,4.066934801
-0.06511999216,-0.004367070645,0.9978678847,0.06531268458,3.208554295,1,4.017765131
-0.06640970085,-0.04144676154,0.9969312502,0.07836224397,3.69954958,1,4.022359198
-0.0329399594,0.07000115071,0.9970029077,0.07744146932,2.010618342,1,4.017799611
0.08354622842,-0.009026292136,0.9964630218,0.08413162579,6.17556326,1,4.148417517
-0.0653450134,-0.01171812765,0.997793924,0.06643624971,3.319033672,1,4.055164206
0.02180523829,0.006652219045,0.999740106,0.02279935298,0.2961056415,1,4.029786422
0.05235937705,-0.03851622677,0.9978852619,0.0650458896,5.648955785,1,4.103401744
-0.0578245959,-0.01966253579,0.9981331078,0.06111421138,3.469364848,1,4.019091757
-0.06461355311,-0.0328082141,0.9973708988,0.07252935961,3.611429421,1,3.852449443
-0.008645058697,0.0128764928,0.9998797222,0.01551000954,2.162056998,1,4.172370756
0.08524495443,0.009566531618,0.9963140967,0.08588562016,0.111756425,1,4.160344567
0.002701025285,0.02339515378,0.9997226472,0.023552735,1.455852886,1,3.909556902
0.0621062459,-0.02911551645,0.9976447769,0.06864616771,5.844806325,1,4.022901214
-0.06984600738,0.0009166407928,0.9975573643,0.06990895198,3.128469668,1,4.039378581
0.04547812044,-0.001669205465,0.9989639404,0.04552446607,6.246498292,1,4.052316796
-0.02470523656,-0.04152090508,0.9988321509,0.04833376573,4.175648761,1,3.936800083
-0.02935293159,0.008915511699,0.9995293488,0.03068185622,2.846712816,1,3.931360608
-0.01062601441,0.0644007431,0.9978675424,0.06531792958,1.73432131,1,4.182884563
-0.02674598724,-0.003955526867,0.9996344362,0.02704019625,3.288420694,1,3.90405263
0.01943689337,0.01349067279,0.9997200653,0.02366211239,0.6067387587,1,4.121626794
-0.02018615263,0.0315688594,0.9992977166,0.03747974487,2.139706771,1,4.150467044
-0.04405061285,0.02656619478,0.9986760139,0.0514641298,2.598909008,1,4.016805149
0.03251675818,-0.03335353162,0.998914512,0.04659794838,5.485084476,1,4.147910447
0.03016776537,-0.0002701375787,0.9995448129,0.03017355316,6.274231036,1,4.008239111
-0.02213586603,0.03485115899,0.9991473366,0.04129853851,2.136664362,1,4.164780502
0.03722198035,-0.06509027936,0.9971849275,0.07505190504,5.231853934,1,3.894790055
-0.03485874805,0.03184955232,0.9988846148,0.04723542316,2.401273694,1,4.124386482
-0.05964399896,-0.0157582525,0.9980953215,0.06172978872,3.399895556,1,4.054391566
-0.01414675479,0.04928849979,0.9986843911,0.05130102196,1.850302169,1,3.901858758
-0.05736797695,0.04711708946,0.9972406405,0.0743051738,2.453990158,1,3.870945928
0.03763476904,0.06383438791,0.997250618,0.07417065168,1.03808207,1,3.860240402
0.01643969714,-0.06204314347,0.9979380666,0.06422838027,4.971408568,1,4.174395803
0.01187759175,0.00346261265,0.9999234636,0.01237233537,0.2836633671,1,3.94522472
0.05826994851,0.06866698689,0.9959364729,0.09018073129,0.8671228483,1,4.175878108
-0.001757735892,0.03693415209,0.9993161556,0.03698438561,1.618351518,1,3.996180189
-0.04225275143,0.06180758489,0.997193325,0.07493982755,2.170442552,1,3.897475308
0.0273952741,-0.02803721226,0.9992314115,0.03920936103,5.486207121,1,4.054214502
-0.09359207257,-0.004562355969,0.9956001752,0.09384087596,3.190301344,1,4.099383974
0.008754061296,0.08652710859,0.9962110348,0.08707881847,1.469968092,1,4.005972043
0.01758526276,-0.03007083844,0.9993930674,0.0348423301,5.241552978,1,3.948424085
-0.06642629495,0.00598462832,0.9977733869,0.06674488614,3.051740971,1,4.071317035
-0.01506158884,0.001271028488,0.99988576,0.01511569955,3.057403387,1,3.897803469
0.04748040785,-0.04964289355,0.997637807,0.06874770631,5.475525458,1,4.193724381
-0.0704745582,-0.00241033258,0.9975106651,0.07057433538,3.175780784,1,4.027881249
-0.0760045392,-0.02094983878,0.9968873629,0.07892088709,3.410553129,1,4.082838428
0.02249005929,0.04755953407,0.9986151851,0.05263334717,1.129077305,1,4.167723097
0.04181319949,0.04723909505,0.9980080782,0.06312817748,0.8462522511,1,3.936394672
0.03598549008,-0.0829776654,0.9959014768,0.09056849214,5.121585958,1,4.167285801
-0.07537409672,-0.01343343605,0.9970648366,0.07663681115,3.317964322,1,4.255657709
0.03619158034,-0.0126475713,0.999264834,0.03834725816,5.94699012,1,4.038540436
-0.08223593365,-0.01128928215,0.9965489468,0.08310282801,3.278019094,1,4.121291658
0.01605461699,0.03108218057,0.9993878863,0.03499074554,1.094018984,1,4.000397113
0.02984199096,-0.07479515034,0.9967522967,0.08061591296,5.092018297,1,3.966716964
0.04445989653,-0.03977668815,0.9982189803,0.05969168448,5.553325865,1,4.01078347
-0.01708045101,-0.01432536799,0.9997514901,0.02229440107,3.839489579,1,4.020048021
-0.06301214208,-0.06155575244,0.9961126238,0.08820314542,3.915299817,1,3.841701501
-0.04453125059,-0.03638102573,0.9983453254,0.0575348791,3.826600285,1,3.961336678
0.02447418812,-0.04961128843,0.9984686946,0.05534792382,5.170677469,1,4.086881244
-0.01507681505,-0.0153926461,0.9997678511,0.02154798748,3.937355941,1,4.038545968
-0.03562031466,0.01238652072,0.9992886306,0.03772144579,2.806934806,1,3.999453906
-0.04566511655,-0.07656425614,0.9960183793,0.08926663175,4.174599605,1,4.091006613
-0.0268673504,-0.01842515495,0.9994691887,0.03258399218,3.742712709,1,4.178895056
0.05436208208,0.01581352786,0.9983960619,0.05664568964,0.2830805889,1,4.09616717
0.02257367529,0.05973280606,0.997959128,0.06389939934,1.209476127,1,3.884070431
-0.02264890091,0.06460544523,0.9976538296,0.06851406256,1.907981194,1,4.025035409
0.04953589389,-0.02434124711,0.9984756877,0.05522136766,5.826452576,1,4.206756078
-0.08009371707,0.01329590455,0.9966986583,0.08127926921,2.977088472,1,4.117192923
-0.07837354036,0.03714441153,0.9962318409,0.08683925339,2.699008956,1,4.014278036
0.05477373141,0.01171214404,0.9984300997,0.05604125651,0.2106554388,1,4.137065189
0.01254215031,0.006482867634,0.9999003285,0.0141190068,0.4770653326,1,3.955204146
0.02034162103,-0.03074790822,0.9993201612,0.03687589558,5.296848651,1,3.977276783
-0.0001507415623,-0.03229053614,0.9994785133,0.03229650226,4.707720725,1,4.051181361
0.003780301091,0.04997033087,0.9987435483,0.05013411727,1.49528924,1,3.903492231
-0.0896671661,0.001653576308,0.9959704137,0.08980306733,3.123153475,1,4.194992875
0.02527250726,-0.00131439334,0.9996797351,0.02530936616,6.231223302,1,3.993231588
-0.008896168744,0.009003000743,0.9999198989,0.01265718751,2.350226016,1,3.974648427
-0.03470387483,-0.08150648486,0.9960684384,0.08870333128,4.309857397,1,4.110901144
-0.04394542709,0.0578913822,0.9973551962,0.07274572833,2.220096906,1,3.912629466
-0.0174754045,0.01262325636,0.9997676048,0.02155941499,2.516027481,1,4.03134016
0.009708992406,0.0753817869,0.9971074775,0.076077829,1.442703932,1,3.956357481
0.04849927501,0.04977002312,0.9975824603,0.06954875124,0.7983287257,1,3.883262659
-0.04917949876,-0.01692762526,0.9986465002,0.0520347041,3.47309188,1,3.861325222
-0.006263515412,-0.09044470208,0.9958817823,0.09078598423,4.643246942,1,3.959764652
-0.03743478837,0.005912494632,0.9992815815,0.03790790383,2.984945464,1,3.860723378
-0.06455650305,-0.02330680902,0.9976418448,0.06868890104,3.488059415,1,4.029670624
-0.05241241339,0.03328938936,0.9980705163,0.06213058053,2.575732561,1,3.845891144
-0.06529085285,0.007938857545,0.9978346953,0.06581924659,3.02059444,1,3.960170502
0.05217034336,-0.01628616289,0.9985053912,0.05468055047,5.980598544,1,4.018043298
0.07577937308,-0.002648548818,0.9971210918,0.07589849231,6.24824874,1,4.010315548
0.02151553774,-0.02464338634,0.9994647493,0.03271997645,5.430127978,1,3.907661572
0.04926835178,0.01882440012,0.9986081671,0.05276657747,0.3649623837,1,3.894018722
0.01192214386,0.0572316307,0.998289739,0.05849356803,1.365419568,1,4.048304969
0.04988460986,-0.01010770402,0.99870384,0.05092033205,6.083270166,1,4.087682285
0.06594332714,0.006352090382,0.9978031512,0.06629711343,0.09603022369,1,4.198763541
-0.05462985222,-0.05494698695,0.996993685,0.07756058999,3.929884986,1,3.837627229
0.0644153193,-0.04558302418,0.996881565,0.07899439433,5.667348475,1,4.093533056
-0.073745194,0.02767715712,0.9968929839,0.07884955759,2.782552033,1,4.057880547
-0.02678831221,-0.04099699531,0.9988000965,0.04899272538,4.133612348,1,3.921056621
-0.05012537296,-0.05301026244,0.9973351288,0.07302130744,3.954955326,1,4.124152449
-0.02028462589,0.03329923039,0.9992395585,0.03900097254,2.117925373,1,4.034106091
0.04363404431,-0.02886950342,0.998630373,0.05234385781,5.698679161,1,4.044389254
-0.03415183048,-0.00346134968,0.9994106621,0.03433353429,3.242599547,1,3.851962469
0.03652168021,0.01734136464,0.9991823877,0.04044066544,0.4433046002,1,4.110043459
0.02212677975,0.08263913267,0.9963338694,0.08565480548,1.309181081,1,3.939463206
-0.03727175926,-0.03398444906,0.9987271265,0.05046074985,3.880889837,1,3.988104959
0.0006593005909,-0.04717979457,0.9988861959,0.04720192682,4.726362286,1,4.040042135
-0.0331090787,0.04412110994,0.9984773991,0.05519035091,2.214562054,1,3.919014608
0.01628187533,-0.001479603465,0.9998663467,0.01634969445,6.19255996,1,3.764013198
-0.04133862045,0.006443580063,0.999124416,0.0418500122,2.986963823,1,3.993588744
-0.01740734863,0.0231232884,0.9995810611,0.02894712892,2.216090813,1,4.114983985
0.07139576635,0.01862459918,0.9972741694,0.07385214837,0.2551773634,1,3.985924661
0.03233112511,0.06702899613,0.9972270614,0.0744878656,1.121371922,1,3.9808898
0.04304214752,-0.06536039468,0.9969329929,0.07833997872,5.294741248,1,3.9139899
0.002637890027,0.09764864654,0.9952174553,0.09784029514,1.543788798,1,4.145951461
0.01529864923,-0.03293674767,0.9993403434,0.03632434771,5.147223728,1,4.108940551
-0.01679726474,0.07617885527,0.9969526739,0.07808809261,1.787821335,1,3.921874576
0.03214393875,0.05463067462,0.9979891064,0.06342819342,1.038960104,1,3.766984779
-0.01950295241,0.003570967677,0.9998034222,0.01982847668,2.960499771,1,4.1297167
-0.08507670346,0.0550761388,0.9948510308,0.1015223516,2.567068237,1,4.008776645
0.04501434176,0.06113170537,0.9971141477,0.07599001707,0.9360884957,1,3.935043604
-0.05785896754,-0.04196658295,0.997442302,0.0715372499,3.76911415,1,4.204720413
0.0141741663,0.02289929689,0.9996372918,0.02693436842,1.016538996,1,4.1829366
0.06479650279,0.01981587639,0.9977017311,0.06781076265,0.2967849715,1,4.0418751
0.03811597927,0.08810528547,0.9953816508,0.0961447702,1.162490452,1,3.84605914
-0.06674538098,-0.02080707657,0.9975530661,0.06997045759,3.443783233,1,4.013300047
-0.02935591206,-0.01697534151,0.9994248687,0.03391714675,3.665873249,1,3.990658284
0.02333888254,0.02850225309,0.9993212287,0.03684692938,0.8846706354,1,3.846580694
0.07000918359,-0.01070689995,0.9974888854,0.07088252603,6.131425553,1,3.966729837
0.009763680361,0.03496403932,0.999340876,0.03630967893,1.298483967,1,3.806716663
0.02587957908,0.05895198635,0.9979253032,0.06442692961,1.15713244,1,4.091940343
-0.004764066785,0.02431724835,0.9996929404,0.02478206239,1.764259076,1,3.954039477
-0.08220725534,-0.006568459148,0.9965936095,0.08256302036,3.221324476,1,4.102482031
0.06199363741,-0.0205444551,0.9978650782,0.06535567128,5.963179196,1,3.923331966
0.05624704114,-0.06886285666,0.9960392449,0.08903226926,5.397288987,1,4.033752327
0.05109414159,-0.05929997056,0.996931744,0.07835593559,5.423591468,1,3.812089503
-0.004727552106,0.05397584327,0.9985310504,0.05420902851,1.658159825,1,4.081364099
-0.03516039003,0.05053879934,0.998102989,0.06160537374,2.178637849,1,3.909073185
0.0003244749027,-0.09958447863,0.995029058,0.09975034648,4.715647257,1,4.130074525
-0.04035651526,0.04676717212,0.9980902681,0.06181165019,2.282745753,1,3.899862845
0.009583708939,0.01949141376,0.9997640908,0.02172180685,1.113819794,1,4.065701784
-0.01161558405,-0.06215923478,0.9979986512,0.06327743282,4.527651447,1,4.039096815
0.01153632968,-0.05295474268,0.9985302741,0.05422335366,4.926890124,1,4.070695417
-0.07566687494,0.04296165193,0.9962072177,0.08712269864,2.625206184,1,3.783353589
0.0635638473,-0.03465642162,0.9973758418,0.07246111688,5.78401766,1,4.119810727
0.06897348368,0.03055271944,0.9971505352,0.07550919221,0.4169867877,1,3.841717084
-0.03507252782,-0.05231266481,0.9980146807,0.06302343315,4.121778289,1,4.084696145
0.06210514021,0.04675225392,0.9969740109,0.07781409234,0.6452856078,1,4.190725912
0.02606599118,-0.003905285672,0.9996525961,0.02635997108,6.134468444,1,3.913369818
-0.0156789671,-0.08861517118,0.9959425292,0.09011345781,4.537268162,1,3.770080877
-0.03076437297,-0.004556725863,0.9995162778,0.03110502191,3.288640505,1,4.048966233
-0.007901304581,0.0493764023,0.9987489876,0.05002545953,1.72947292,1,4.008338232
-0.008687314647,0.0773598719,0.996965386,0.07792496527,1.682625245,1,4.022673502
0.0610342642,-0.03607353379,0.9974835932,0.07095721059,5.749382007,1,3.916681249
-0.05901903212,-0.01215047798,0.998182909,0.06029330998,3.344629756,1,3.974604286
0.01676793213,-0.05816963472,0.998165883,0.06057520792,4.993039896,1,4.021376968
0.03921523575,0.01053990735,0.9991751977,0.0406181176,0.2625657308,1,4.023094891
-0.001078752813,-0.01975010769,0.9998043656,0.01978083649,4.657823103,1,3.990138774
-0.06301718582,-0.002389890989,0.9980095805,0.06310436077,3.17949892,1,4.03906722
0.03449757227,0.01239216364,0.9993279501,0.03666402107,0.3448635058,1,4.164150395
-0.01114354023,-0.06182998807,0.9980244857,0.06286756033,4.534074499,1,3.856595256
0.02181562478,-0.01393132339,0.9996649422,0.02588731242,5.714870319,1,3.923729045
0.06114802814,-0.04344512032,0.9971827516,0.07508091856,5.665453086,1,4.201694751
0.02331257402,0.01224020487,0.9996532905,0.02633360976,0.4834841083,1,3.857777703
-0.02875350084,0.0664584504,0.9973748095,0.07247537432,1.979131906,1,4.084767132
0.01206750086,-0.06662867656,0.9977048636,0.06776451673,4.891562415,1,4.080382869
-0.08170351347,0.008277742545,0.996622303,0.08221435608,3.040622784,1,3.932514979
-0.01293793371,-0.04270915563,0.9990037727,0.04464062592,4.41824523,1,4.189640335
-0.08838700001,0.004469549418,0.9960761825,0.08861587035,3.09106774,1,3.979800044
0.01627915394,0.0002182985554,0.999867462,0.01628133684,0.01340889538,1,4.11655139
0.0274672669,-0.00981785019,0.999574489,0.02917331577,5.939899466,1,4.005591363
-0.05025320858,0.04107826328,0.9978913725,0.0649518124,2.456316244,1,3.879511818
0.03481080348,-0.02218099046,0.9991477426,0.04128870171,5.715870287,1,4.022391117
0.006143156585,0.05484524646,0.9984759689,0.05521627153,1.459252338,1,3.934072529
-0.03860614605,0.026171371,0.9989117202,0.0466578442,2.545848698,1,3.99028185
-0.09917692853,0.01200490476,0.9949973965,0.1000677775,3.021133357,1,3.920083101
0.08967273862,0.04295648126,0.9950444918,0.09959524545,0.4467362975,1,3.92584969
-0.03760115575,-0.01631465622,0.9991596394,0.04099947051,3.550966604,1,3.961834787
0.01053423042,-0.03839419201,0.9992071437,0.03982363867,4.980169778,1,3.976640529
-0.02108487425,-0.03737612407,0.9990788024,0.04292642677,4.198764571,1,3.838743398
0.04443832519,0.010273146,0.9989593073,0.04562615949,0.2271865483,1,3.978031224
0.05209835647,0.03807560385,0.9979158329,0.06457385563,0.6311260321,1,3.92009047
-0.03697685922,0.01623069987,0.9991843055,0.04039320398,2.727972443,1,3.931353713
0.009631150364,0.08045094577,0.9967120378,0.0811143092,1.451648789,1,3.957463886
0.06413140451,-0.03000828971,0.9974901832,0.07086419978,5.845530431,1,4.101221612
0.05131409493,0.05346940916,0.9972501622,0.07417680263,0.8059644764,1,4.185135581
0.07014435519,-0.02897965097,0.9971158154,0.07596804744,5.891400333,1,3.984566312
0.06115951771,-0.006321058563,0.998107989,0.06152410854,6.180197337,1,3.848396131
-0.02971306141,-0.07690557809,0.9965955378,0.08253963465,4.343698253,1,4.00862488
0.006945898389,0.001897317439,0.999974077,0.007200431507,0.2666515367,1,3.990159845
0.0554668833,-0.0204565205,0.9982509482,0.05915339178,5.929856002,1,3.837897513
0.06017252033,0.06414128385,0.9961250742,0.08806169281,0.8173126882,1,4.02057123
0.02394269935,0.05501789393,0.9981982661,0.06003790762,1.160334634,1,3.909511383
0.07504119199,-0.002228321501,0.997177945,0.07514497036,6.253499386,1,4.099570041
0.04336209585,0.03106624675,0.998576295,0.05336746088,0.6216730992,1,4.023397254
-0.02750125689,-0.08310114059,0.9961615739,0.08764569823,4.392796514,1,3.980731613
-0.07539249017,-0.004359470983,0.9971444065,0.07559039083,3.199352013,1,3.78518748
0.04461402628,-0.03007406125,0.9985515207,0.05382990087,5.690058102,1,3.903541279
0.03705136519,0.02077629654,0.9990973635,0.04249169992,0.511053823,1,3.907710337
-0.03257182721,-0.02390660123,0.9991834419,0.04041458377,3.774752531,1,3.933366242
-0.003858373478,-0.01137645277,0.999927842,0.01201322879,4.385408689,1,4.052390329
-0.05599516969,0.07620090363,0.9955189417,0.09470384328,2.20452165,1,3.977111027
-0.02721931162,0.03402482917,0.999050259,0.04358649652,2.245527382,1,4.350216448
-0.09893370527,-0.008647505066,0.995056452,0.09947488642,3.22877814,1,3.92715725
0.01716767028,-0.02774939398,0.9994674793,0.03263641964,5.266422198,1,4.049568247
-0.04534268799,0.05071389645,0.9976833873,0.06808094701,2.300335531,1,4.065448152
0.004399997946,0.03127576152,0.9995011089,0.03158900296,1.431029637,1,4.140483215
-0.05984234504,-0.04068546281,0.9973783569,0.07242636788,3.738685528,1,3.856249078
-0.01081852532,-0.04139453411,0.9990843068,0.0427979673,4.456755376,1,3.937771144
0.03989929859,-0.001692938601,0.9992022718,0.03994582091,6.240780458,1,3.988995961
-0.04053875446,-0.009780538871,0.9991300969,0.04171400949,3.378332376,1,3.923981104
0.01505829121,0.05661807051,0.9982823458,0.05861989657,1.310851341,1,4.009123793
-0.04844404532,0.06943285973,0.996409681,0.08476401856,2.179984158,1,4.056722033
-0.02726371998,-0.04124353142,0.9987770826,0.04946042367,4.128290265,1,3.941332798
0.02457447611,-0.05289202126,0.9982978159,0.05835524371,5.147330825,1,4.12649362
-0.07500091765,0.0275508554,0.9968027953,0.07998637184,2.789554238,1,3.917003884
0.03131826751,-0.02379421822,0.9992262013,0.03934205249,5.633470016,1,4.126362058
-0.008830892065,0.003307749049,0.9999555361,0.009430190587,2.783202816,1,3.812465596
0.04276854403,-0.03105291789,0.9986023072,0.05287756649,5.655176715,1,3.922585116
0.00431978063,0.02884710946,0.9995745014,0.02917289212,1.422153396,1,4.129523137
-0.001284222317,-0.06367134358,0.9979700951,0.0637274194,4.692222165,1,4.141860873
-0.009699585965,0.01366386387,0.9998595986,0.01675736934,2.188116704,1,3.956596173
-0.01087353934,0.04680289356,0.9988449606,0.04806790678,1.799072935,1,4.107574306
0.005804475025,0.0596043228,0.9982052057,0.0599221394,1.473718976,1,3.962102599
-0.07384243537,0.03486329275,0.9966603461,0.08174979393,2.700487877,1,3.996369045
-0.02858073902,0.01818876205,0.9994259904,0.0338840529,2.574838059,1,4.054757816
-0.07115988585,0.06227063439,0.9955192809,0.09470025551,2.422717016,1,3.871112352
0.05631942733,0.01955861402,0.9982212093,0.05965430892,0.334249657,1,3.924814951
0.03242806886,-0.02762172637,0.9990923183,0.04261030391,5.577656161,1,4.009584777
0.008324866882,0.009291956285,0.999922175,0.0124760545,0.8402389079,1,4.158780173
-0.01225339722,0.06786304212,0.9976193973,0.0690151852,1.749432299,1,4.026029988
0.0008038417671,0.01376491974,0.9999049359,0.01378880802,1.512464723,1,3.75720206
0.002358165249,-0.06955586475,0.9975752707,0.06965213288,4.746279183,1,4.000692358
0.02519819565,-0.01621621223,0.9995509419,0.02996970941,5.711360159,1,4.021684284
0.01311020029,0.05526192678,0.9983858183,0.05682633533,1.337865043,1,4.095310491
-0.007775269143,0.03685477215,0.9992903837,0.03767493171,1.778717833,1,3.921561006
-0.08328081245,-0.0230652033,0.9962591544,0.08652375716,3.411777352,1,3.941200316
-0.06906593744,-0.04380151291,0.9966500508,0.08187577463,3.706779281,1,4.161935776
-0.02936048196,-0.002200623181,0.9995664657,0.02944709244,3.216404646,1,3.971131273
0.05380681311,-0.01951766504,0.9983606,0.05726863266,5.935209796,1,4.088264963
0.03515358319,-0.06553243027,0.9972310295,0.07443452591,5.204754362,1,3.926038932
-0.05791562169,0.01760685222,0.9981662084,0.06056983368,2.846462232,1,3.907419941
0.01052981524,-0.02408458956,0.9996544681,0.02628885043,5.12454873,1,4.050144695
0.0195327121,0.01510159159,0.9996951611,0.0246922825,0.6581492363,1,4.026064473
-0.07791216348,0.04488012797,0.9959495313,0.09003561563,2.618980941,1,4.046684052
-0.02652224078,-0.05536642815,0.9981137858,0.06142975629,4.265656773,1,4.121903279
-0.05622857206,-0.0517879518,0.9970738968,0.07651838081,3.885903389,1,3.967827181
0.08367592145,-0.0043416694,0.9964835624,0.08388683392,6.231345072,1,3.922321338
-0.05131318702,0.02298420828,0.9984180903,0.0562552569,2.720469713,1,4.04816166
0.03237884905,0.0665813783,0.997255499,0.07410475484,1.118164718,1,3.947091372
0.04176807058,0.01494189831,0.9990155995,0.0443748148,0.3435489489,1,3.986566503
0.01042304384,-0.002061427892,0.9999435537,0.01062513887,6.087929123,1,4.015776175
-0.03167419786,0.0443973012,0.9985117049,0.05456490465,2.190476443,1,4.004533373
-0.07046989093,0.04034138673,0.9966978313,0.08128945384,2.621667284,1,4.119839341
-0.056381479,-0.009678804527,0.9983623839,0.05723745747,3.31160194,1,3.885681499
0.06190992943,-0.05104067184,0.9967758075,0.08032342798,5.593721933,1,4.18082845
0.06753834354,0.02136853191,0.9974878235,0.07089751845,0.3064258625,1,4.102721309
0.009554839252,0.01804191105,0.9997915755,0.02041723364,1.083756868,1,4.157543009
0.05998272665,-0.04412756399,0.997223561,0.07453488751,5.648917883,1,3.94954039
0.07429690517,0.01952585519,0.9970449894,0.07689560598,0.2569968835,1,3.859561718
-0.0532256831,-0.03067246559,0.9981113297,0.06146975018,3.664382276,1,3.891941664
0.03161055983,0.01275547683,0.9994188663,0.03409369425,0.3835367291,1,3.883193325
-0.08754251621,-0.01168667724,0.9960922294,0.08843436422,3.274305147,1,3.997351242
-0.01748542718,-0.04603691821,0.9987866949,0.04926561654,4.349405249,1,3.816693896
0.07964814986,0.02620301197,0.996478587,0.08394619287,0.3178315705,1,4.03358565
0.03983492722,-0.03352114688,0.9986438361,0.05208590191,5.583645859,1,4.188744909
0.007847695972,-0.06237243849,0.9980220902,0.06290567759,4.837551211,1,4.247464482
-0.02171758807,-0.05542125917,0.9982268432,0.05955973648,4.338916142,1,3.872837935
0.043687716,-0.02840803845,0.9986412603,0.05213535236,5.706632733,1,3.933748329
-0.07019154141,0.03626775004,0.996874013,0.07909003702,2.664676943,1,4.15438372
-0.07336975764,0.01503688528,0.9971914414,0.07496498223,2.939445266,1,3.841375566
-0.02108712589,-0.01296081966,0.9996936282,0.02475429011,3.692701471,1,3.976029364
0.03461025955,-0.0148310828,0.999290833,0.03766300136,5.878339548,1,4.184214157
0.04082214879,-0.06978286407,0.9967265944,0.08093445486,5.241697224,1,3.981967226
-0.05243090834,0.05891396992,0.9968852211,0.07894804929,2.2980351,1,4.067080447
-0.02713767074,-0.03810350624,0.9989052356,0.04679667178,4.093515782,1,4.075423631
0.03665547206,-0.03710591059,0.9986388375,0.0521818245,5.491680521,1,3.983809612
-0.008867464126,0.03932400005,0.9991871652,0.04032232486,1.792584257,1,3.894181921
0.0474991754,0.04409317399,0.9978976001,0.06485579334,0.7482287628,1,3.917631152
-0.008188570111,0.05928899912,0.998207274,0.05988759275,1.708040876,1,4.042861723
-0.06515428996,-0.04006167255,0.9970707,0.07656018814,3.692877121,1,4.002170997
-0.05401996061,-0.04760215017,0.9974045715,0.07206319495,3.863920895,1,4.023138396
0.005578055637,0.05864985623,0.9982630313,0.05894865184,1.475973799,1,4.079000257
0.01890537604,0.06152153889,0.9979266942,0.06440532001,1.272658678,1,3.952558367
-0.002558410679,0.02727121422,0.9996247973,0.02739438442,1.66433615,1,4.101910263
0.05204869564,0.02076258364,0.9984286897,0.05606642457,0.3795636914,1,4.073098021
-0.06267917083,-0.04240221093,0.997132576,0.07574688689,3.736369373,1,3.891841024
0.08398634721,-0.02859707547,0.9960564747,0.08883827942,5.955001622,1,3.916616478
-0.04968751368,0.04340446724,0.9978212281,0.06602368596,2.423585172,1,4.109029073
-0.07356427071,-0.03034321263,0.9968287654,0.07966068219,3.532804429,1,3.835437978
-0.03749383248,0.06389504249,0.9972520424,0.07415142707,2.10145598,1,4.068890599
-0.05023670029,0.02113329983,0.9985137243,0.05452786502,2.743391423,1,4.112805593
0.01267758773,-0.05764260916,0.9982567848,0.05905458344,4.928876631,1,4.059150033
0.014687267,-0.08985072046,0.9958469422,0.09116946496,4.874418952,1,3.865970806
-0.03003146984,-0.01806030205,0.9993857795,0.0350509163,3.683025673,1,3.957548092
0.04488922996,-0.02298765657,0.9987274527,0.050454283,5.809906706,1,4.258163542
0.06876451469,0.05349127398,0.9961978343,0.08723047088,0.6611135017,1,4.092805994
0.06798530367,-0.07107564926,0.9951513707,0.09851449228,5.475567844,1,4.160442859
-0.02437353385,0.05571316042,0.9981492747,0.06084893485,1.983192097,1,4.029630357
-0.02038876726,-0.029541797,0.9993555826,0.03590227461,4.108293016,1,3.963549266
0.04721183225,-0.04808604035,0.9977268041,0.06743971618,5.488613974,1,3.989742183
0.04517062723,-0.05890258407,0.9972412446,0.0742970355,5.366599781,1,3.913109449
-0.01375475242,-0.08613982838,0.9961881031,0.08734209898,4.554046373,1,4.02645364
0.04879876145,0.04343276292,0.9978638564,0.06537437592,0.7272840161,1,4.088086827
0.001339168308,0.004604684883,0.9999885017,0.004795484429,1.287775905,1,3.947672397
-0.04925153395,-0.04124478218,0.9979344439,0.06428479707,3.838744605,1,4.170197652
0.006548735609,0.04472623237,0.9989778167,0.04521852541,1.425411164,1,3.874514408
-0.04585868811,-0.04166083962,0.9980788321,0.0619965051,3.879062842,1,3.955388955
-0.03937164976,-0.06826956735,0.9968897328,0.07889082112,4.189271556,1,3.94662602
-0.02125380836,0.07355409478,0.9970647275,0.07663823618,1.852089357,1,4.11545034
-0.07269028732,0.0146272035,0.9972472948,0.07421548349,2.943018159,1,4.035008779
-0.06677280467,-0.05752511022,0.9961085555,0.08824931793,3.852728203,1,3.920393433
0.06701186478,0.003704335486,0.9977453021,0.06716465856,0.05522259725,1,3.96227331
0.04231050763,-0.01491536338,0.9989931696,0.04487759821,5.944265936,1,3.908668124
0.07592292975,-0.02576469355,0.9967807629,0.08026164494,5.956026641,1,4.125756036
0.0250951122,0.07355718111,0.9969752136,0.07779861903,1.242014196,1,4.030751991
0.07537973416,0.02785705001,0.9967657099,0.08044917699,0.3539895252,1,3.953376867
-0.01874938301,0.09038025459,0.9957308222,0.09243612866,1.775344969,1,3.966385021
-0.03963241408,0.04705804862,0.9981056116,0.06156276256,2.270746184,1,3.942203124
-0.003244084758,0.008849820584,0.9999555773,0.009425817814,1.922156508,1,4.034452568
-0.04279036352,0.02128654826,0.9988572809,0.04781081002,2.679978096,1,4.163503919
0.00208907044,-0.05259062532,0.9986139704,0.05265643133,4.752091354,1,4.021999133
-0.05509300141,0.02679329645,0.9981216762,0.06130109511,2.688941946,1,3.970110828
-0.01851080919,0.003533199678,0.9998224175,0.01884610317,2.952988989,1,3.896048316
-0.00337322313,-0.04443544162,0.999006563,0.04457805607,4.636621403,1,4.067814465
0.07152387946,0.01317162655,0.9973519153,0.07279085474,0.1821165875,1,3.817668344
-0.029960416,-0.03746991775,0.9988485264,0.04799363763,4.03790062,1,4.071851282
-0.01526492575,-0.08243495753,0.9964795331,0.08393490919,4.52928763,1,3.945850662
0.02510655919,-0.04155485624,0.998820732,0.04856953539,5.255875393,1,3.90085453
0.01358518636,0.01765451087,0.9997518497,0.02227826628,0.9149301457,1,3.912338001
0.004341498025,-0.09760723099,0.9952155444,0.09785985515,4.756838949,1,3.91849775
0.04661887689,-0.0373645596,0.9982136895,0.05978030649,5.607536541,1,4.305440852
0.04523976882,0.01661390193,0.9988379957,0.04821264252,0.3519510461,1,3.941281607
0.04209928855,0.03423682451,0.9985266595,0.05429000684,0.6827621217,1,3.937947537
0.01118557922,0.0623820116,0.997989663,0.06341941251,1.393373978,1,3.834739287
-0.06350984558,0.06305110773,0.9959874785,0.08961258576,2.359819114,1,3.920892531
0.0384657105,0.04906933769,0.9980544019,0.06238957105,0.905946605,1,4.040296361
0.07787605743,0.01078072522,0.9969047576,0.07869994301,0.1375601076,1,4.013440823
-0.07935485743,0.01629349182,0.996713263,0.0810991859,2.939082719,1,3.948316666
0.02084507342,0.04845408915,0.9986078731,0.05277215274,1.164527326,1,3.837349556
0.003761830592,-0.06697987952,0.9977472347,0.06713585665,4.76849363,1,4.002215891
0.06184951995,0.03879002047,0.997331425,0.07307205727,0.5601565843,1,3.934415814
-0.05450869281,-0.005708587929,0.9984969777,0.05483427734,3.245940298,1,3.998028383
0.04258213227,-0.004401864121,0.9990832726,0.04282213194,6.180177682,1,3.930540273
-0.0540139883,-0.008270855132,0.9985059249,0.05467078397,3.29353676,1,4.187208302
0.02901924462,-0.0398395322,0.998784609,0.04930795687,5.34192429,1,3.904247315
0.01505913014,0.06842862511,0.9975423529,0.07012352549,1.35417866,1,3.914139686
0.08799981287,0.04084062317,0.9952829128,0.09716790001,0.4345165823,1,3.846052328
0.06002260775,0.04519018823,0.9971735724,0.07520319243,0.6453456679,1,4.097431958
0.07892943147,0.01261847421,0.9968003406,0.08001708808,0.1585288257,1,4.015563381
0.0375628752,-0.0407312346,0.9984638185,0.05543599787,5.457341808,1,4.143531239
-0.02099002727,0.05523052105,0.9982529781,0.05911904619,1.933981771,1,3.916495905
0.05738369438,0.01325798174,0.9982641622,0.05892945304,0.2270567881,1,3.853307761
-0.06904053107,0.01711773551,0.997466986,0.07119106774,2.898556123,1,4.066777562
0.04401129665,0.01031820663,0.9989777477,0.0452200514,0.2302854713,1,4.099581178
0.06761996966,0.02830084516,0.997309682,0.07336927341,0.3963759899,1,4.112706194
0.02145805075,-0.0229370818,0.9995065994,0.03141468234,5.464484299,1,4.088255124
7.401821327e-05,0.02836740557,0.9995975614,0.02837130814,1.568187063,1,3.92646957
-0.03991310709,-0.0580126188,0.997517659,0.07047508383,4.109757214,1,3.971360555
0.07023235354,0.02862184787,0.9971199558,0.07591347261,0.3869815484,1,3.974073916
0.006460537649,-0.05727051965,0.9983377931,0.0576657202,4.824721477,1,4.15010186
0.08537420839,-0.03471384712,0.9957440401,0.09229281894,5.89699528,1,4.088067348
-0.01155403473,0.002870657251,0.9999291293,0.01190559064,2.898068672,1,4.027563901
-0.06783931318,0.03614372429,0.9970413526,0.07694293328,2.652062835,1,4.283703623
-0.03756997806,-0.06572985397,0.9971299229,0.07578193836,4.19312748,1,4.123366028
0.05697928333,-0.04719181936,0.9972593913,0.07405216376,5.591467782,1,4.013578393
0.06940354881,0.01550184679,0.9974682151,0.07117378636,0.2197511372,1,3.781546773
-0.02811043881,0.008266390237,0.9995706428,0.02930487641,2.855586589,1,3.964779909
-0.02282299791,0.02920802866,0.9993127648,0.03707597502,2.234089151,1,3.821143175
-0.0349385601,-0.05553115763,0.9978454728,0.06565517997,4.150796352,1,3.962350816
0.00108443395,0.05506798584,0.9984820183,0.05510654889,1.551106233,1,4.04659896
0.03307872542,0.01467064043,0.9993450707,0.03619394564,0.4174410952,1,3.953655207
0.04045023914,-0.0264670662,0.9988309529,0.04835855467,5.703784959,1,4.192511421
-0.0008490524655,-0.06955092745,0.9975780409,0.06961231819,4.70018195,1,4.14293953
-0.02312967443,-0.008080250018,0.9996998188,0.0245029065,3.477684371,1,3.808015305
-0.05515354078,0.005433802111,0.9984630993,0.05544897661,3.04338821,1,3.988663265
0.01034654176,-0.002144550475,0.9999441734,0.01056665409,6.078807126,1,4.22047938
0.02616319919,0.01218452129,0.9995834255,0.02886532412,0.4358431033,1,3.887582737
-0.03590438443,-0.0483054295,0.998187087,0.06022393275,4.073203565,1,4.046780702
0.02170398058,-0.07202367304,0.9971667502,0.07529393964,5.005079349,1,4.052184302
-0.07120325929,-0.01848332513,0.9972905607,0.07362966313,3.395572307,1,3.81056335
0.04473303349,0.006054644349,0.9989806289,0.04515626853,0.1345330679,1,4.108990981
0.06148563192,-0.03856185711,0.9973627726,0.0726414116,5.723028076,1,4.037467681
0.04460468355,-0.005400394926,0.998990119,0.04494554444,6.162699365,1,4.14187076
-0.0316316452,-0.03229558981,0.9989776944,0.04522123033,3.937376386,1,3.815530726
0.04147637629,-0.03606920661,0.9984882185,0.05499386396,5.567403381,1,3.939444496
0.07286822931,0.01302481342,0.9972565244,0.07409090355,0.1768768162,1,4.033576881
0.04623541455,-0.04506455005,0.9979135598,0.06460907326,5.51061081,1,4.096899352
-0.04623537314,0.05929010799,0.9971694808,0.07525763153,2.233108193,1,3.845350226
0.05145896352,-0.07582473238,0.9957924407,0.09176615028,5.308646514,1,3.953781081
-0.01432573648,-0.05817374651,0.9982036809,0.0599475969,4.470935515,1,4.12340208
-0.04353405052,0.02316939874,0.9987832425,0.04933567423,2.652507766,1,4.023716674
0.06524298052,0.01613933385,0.9977388814,0.06726025951,0.2425044088,1,4.091220477
0.0525989374,-0.03244450018,0.9980885262,0.0618398421,5.730484042,1,3.922625964
0.04386518246,-0.01560335204,0.9989156026,0.04657452985,5.941431336,1,4.126354345
-0.01522972258,0.04139253136,0.9990268835,0.04411970979,1.923357866,1,3.995499186
0.01179941724,-0.07892917066,0.9968103931,0.07989122546,4.860783775,1,4.089176638
-0.0665819874,-0.04467523631,0.9967802979,0.08026744503,3.732576033,1,4.124337112
4.339640077e-05,-0.04514130317,0.9989806109,0.04515666915,4.713350326,1,3.985788637
-0.07279264041,-0.004521577283,0.9973368472,0.07299774893,3.203628807,1,4.010674676
-0.01812567364,-0.0642897223,0.9977666519,0.06684579185,4.437584683,1,3.902600329
-0.06207792111,-0.06961812284,0.9956403209,0.09341146127,3.984182958,1,3.970424312
-0.06075744645,0.07451199996,0.9953675173,0.0962918869,2.254860143,1,4.073756786
-0.0436561454,0.05774217688,0.9973765497,0.07245133735,2.218160106,1,4.145305384
-0.04772959358,-0.007495181999,0.9988321722,0.04833332626,3.297354885,1,3.891470707
-0.00112746894,0.06035123628,0.9981765661,0.06039848227,1.589475941,1,4.017749438
-0.05532199857,-0.005891162868,0.9984511859,0.05566352566,3.247681462,1,3.897423866
0.04359991747,-0.002180597922,0.9990466917,0.04366829075,6.233213137,1,4.056772634
0.04091240243,-0.01128775802,0.999098975,0.04245374754,6.013981971,1,4.047411103
0.02275758517,-0.05957108634,0.9979646176,0.06381337218,5.07730342,1,4.114043168
0.08579787937,-0.05472517837,0.9948084633,0.1019415018,5.715407137,1,4.102253813
-0.03214806119,0.07172506146,0.9969062231,0.07868129927,1.992162681,1,3.900170393
-0.009506955006,-0.002808396481,0.9999508642,0.009913248883,3.428828001,1,4.071689421
0.01236243572,6.405469643e-05,0.9999235801,0.0123629166,0.005181351365,1,4.095588934
-0.01730513852,0.046240135,0.9987804474,0.04939231867,1.9289049,1,4.034704388
0.03377376005,-0.03534302407,0.9988043871,0.04890503406,5.475086515,1,4.042398346
-0.0132839707,-0.01809952939,0.9997479398,0.0224530968,4.079245675,1,4.035067044
0.0397919637,-0.03600117665,0.9985592195,0.05368661992,5.547760412,1,4.009722516
0.05599628545,0.04007084052,0.9976265553,0.06891130836,0.6211180184,1,3.992135931
-0.06798849496,-0.01114182846,0.9976238892,0.06895001706,3.304026954,1,3.920425843
0.03990483061,0.04682287641,0.9981058174,0.06155941658,0.8649970481,1,4.240934997
0.04007957768,0.04300844597,0.9982704549,0.05882251157,0.8206337599,1,3.854871895
-0.08114934317,0.05107518415,0.99539244,0.09603231324,2.579837424,1,4.20045019
-0.09281141666,0.01700176396,0.9955385382,0.09449638335,2.960415302,1,3.833446659
0.05352863133,-0.06997941579,0.9961112222,0.08821905518,5.365370496,1,3.84909139
0.05442559381,0.0266281664,0.9981627099,0.06062760019,0.4550172756,1,3.710551431
0.09316124241,0.01275654691,0.9955693112,0.0941696819,0.1360834642,1,3.999966567
0.008990799589,-0.04461211349,0.9989639257,0.04552479009,4.911257853,1,3.849563963
0.04080736737,0.03186336948,0.9986588429,0.05179685348,0.6629383639,1,3.878083034
-0.01374502366,-0.06296624228,0.9979210022,0.06449369827,4.497468457,1,4.02258569
0.003688813993,0.0485552761,0.9988136852,0.04871446183,1.494970548,1,3.942178296
0.04648552356,0.04761488431,0.997783503,0.06659303683,0.7973992435,1,4.001048461
0.001066605287,-0.07298507552,0.9973324627,0.07305784186,4.727001959,1,3.860590863
-0.08355724399,0.03583999884,0.9958582637,0.09104502642,2.736400097,1,3.937445692
0.007317041717,0.01389941431,0.999876626,0.01570837715,1.086230485,1,4.094171933
-0.03553395393,-0.0456519793,0.998325215,0.05788355023,4.050979334,1,4.048839295
-0.07524960337,0.008968141181,0.9971244003,0.07585484764,3.022973562,1,3.941438891
-0.04697272231,-0.07267429466,0.99624897,0.08664153014,4.138586936,1,4.197871906
-0.05260622532,0.04256973988,0.9977075735,0.06772448395,2.461258089,1,4.019828132
-0.0101546597,0.05722266188,0.9983097965,0.05814945938,1.746426642,1,4.074705436
-0.02385146616,-0.05774692318,0.9980462917,0.06251951327,4.32069679,1,4.016213388
0.01918346992,-0.08129277253,0.9965056345,0.08362299305,4.944129467,1,4.101769851
-0.04886595553,0.04884290617,0.9976103893,0.06914568648,2.356430389,1,3.980812093
-0.03505369456,-0.001844262427,0.9993837287,0.03510938926,3.194156687,1,3.98896361
0.0003951114591,-0.05643211729,0.9984063602,0.05646349781,4.719390401,1,3.963144281
0.02848570714,0.04779666253,0.9984508218,0.05567007031,1.033340234,1,3.743532329
-0.06156117083,0.03778630373,0.9973877969,0.07229579676,2.591087167,1,4.037447493
-0.01756582891,0.1013208595,0.9946987107,0.1030143667,1.742458378,1,4.100840102
-0.07137162398,0.01113185575,0.9973876744,0.07229749305,2.986868928,1,3.973876077
0.04715955241,0.03849465192,0.9981453493,0.06091345076,0.6845797281,1,3.972835291
-0.06763642468,-0.0231452765,0.9974415322,0.07154801838,3.471303087,1,3.876956137
0.01522284158,0.07602605779,0.9969896206,0.07761302709,1.373177801,1,4.033041196
-0.02019586074,0.044423775,0.998808618,0.04881841096,1.997484184,1,4.184862376
-0.02615444365,-0.04183913307,0.9987819742,0.04936138425,4.153703983,1,3.846619546
-0.01525637183,-0.006035997615,0.9998653959,0.01640775141,3.518332879,1,3.96071982
0.08107098439,-0.02225103151,0.9964599275,0.08416844032,6.015317883,1,3.99532166
0.03220015736,-0.0658652197,0.9973088402,0.07338075694,5.167100698,1,4.042666771
-0.0454409041,0.03124536677,0.9984782678,0.05517460088,2.539234401,1,4.149447135
0.06956332935,-0.01119411538,0.9975147292,0.07051667748,6.123633356,1,3.955884088
0.05839834097,0.02174961859,0.9980564052,0.0623574337,0.3565204973,1,3.940459175
0.007223110867,0.00925231452,0.9999311083,0.01173818481,0.907946454,1,3.829200105
-0.01324364841,-0.01485465425,0.9998019529,0.01990244392,3.984262748,1,3.928472613
0.0541968089,-0.03424167633,0.9979429911,0.06415160934,5.719709295,1,3.990819537
0.06144891702,-0.01519635284,0.9979945398,0.0633424167,6.040748883,1,4.046096109
-0.000247351089,-0.03691580718,0.9993183487,0.03692502623,4.705688669,1,4.087564803
-0.03587594326,-0.04444977558,0.9983672341,0.0571526098,4.033326527,1,4.005334295
0.02329601977,-0.06668447028,0.9975021187,0.07069542923,5.048481946,1,3.942260536
0.01253754505,-0.04951639083,0.9986946165,0.05110122532,4.960377036,1,3.877376986
0.06812604885,0.02426835393,0.997381516,0.07238269874,0.342211659,1,3.874833577
-0.086737074,0.03906073275,0.9954651873,0.09527060679,2.718460248,1,3.938953212
0.07412746408,-0.03182312815,0.9967408929,0.08075740133,5.877675799,1,3.92935874
0.01830697825,0.03086109574,0.9993560163,0.03589018891,1.035387605,1,4.067933272
-0.008658026786,-0.05426054712,0.9984892747,0.05497464654,4.554158921,1,4.121342721
-0.08172925841,-0.0001129996867,0.9966545618,0.08182059881,3.142975263,1,4.045881684
-0.05506881195,0.006602947453,0.9984607288,0.05549173299,3.022258784,1,4.180173646
-0.01699179974,-0.03093155734,0.9993770647,0.03529872402,4.210056154,1,3.757202516
-0.02423781377,0.04800034502,0.998553201,0.05379866149,2.038396747,1,4.134975722
0.008280780603,-0.03147165612,0.9994703415,0.03254858723,4.96967602,1,3.993042822
0.02856060652,-0.06242102385,0.9976411717,0.06869870735,5.141501961,1,3.81412614
-0.06163316991,0.05257716086,0.9967130954,0.08110125539,2.435321317,1,3.767867331
-0.01413181606,0.00631690895,0.999880187,0.01548000982,2.721237085,1,3.886867864
0.07900781388,0.03422682644,0.9962862489,0.08620965215,0.4088024052,1,3.984017365
0.05940553366,-0.02734486844,0.9978593291,0.06544364059,5.851792025,1,4.102725019
-0.05427230484,-0.04589769644,0.9974707607,0.07113798179,3.843580835,1,3.887726437
0.006807906751,-0.02177995752,0.999739609,0.02282114261,5.015343703,1,4.035749363
0.01683019566,0.01181979386,0.9997884961,0.02056751465,0.6122658301,1,4.088750849
-0.02823483347,-0.05011854222,0.9983440919,0.05755632495,4.199345686,1,3.951793339
-0.02591136901,0.04829494258,0.9984969702,0.05483441398,2.063234014,1,3.950627431
0.005831481872,-0.07877149464,0.9968756419,0.07906941727,4.786284539,1,3.991623639
0.04700534663,0.06712498501,0.996636711,0.08203872191,0.9598918425,1,3.93030541
-0.0101136097,-0.04125281493,0.9990975529,0.04248724265,4.471969182,1,4.189850914
0.03128540955,-0.05400791989,0.9980502832,0.06245559582,5.237429709,1,3.960212374
-0.02923528627,0.04882456802,0.9983794167,0.05693893663,2.110319965,1,4.078057083
0.05721637053,0.03085377969,0.9978849288,0.06505101322,0.4945504007,1,4.06472468
0.01395060932,-0.04269951855,0.9989905563,0.04493581102,5.02817202,1,4.068950168
0.0190867231,-0.07374852507,0.9970942042,0.07625226771,4.96564038,1,3.998710141
-0.009732610802,-0.08047863046,0.9967088172,0.08115404709,4.592039316,1,4.103033094
0.01373587673,0.05418543157,0.9984364099,0.05592848466,1.322528526,1,3.95869086
-0.04237804453,-0.03317027142,0.9985508672,0.05384204506,3.805709719,1,4.090175072
0.04484948182,-0.0264198358,0.9986443392,0.05207623629,5.750835519,1,4.091889376
-0.0557267895,-0.05250496667,0.9970645683,0.07664031482,3.897231791,1,4.067680967
0.02281572047,0.0447653844,0.998736954,0.05026553459,1.099440071,1,4.09153597
-0.0494000749,-0.001526649391,0.9987779042,0.04944380222,3.172486608,1,4.103612255
-0.01365246159,0.06485253196,0.9978014629,0.06632259274,1.778282173,1,4.195352175
-0.004352640213,0.02107368559,0.9997684503,0.02152015775,1.774476062,1,3.969899971
-0.06233474811,0.04283059603,0.997135858,0.07570350464,2.53957272,1,3.864464466
-0.001975745185,-0.01283206905,0.9999157137,0.012983645,4.559619318,1,3.909055618
-0.07473421345,-0.03598927948,0.9965538466,0.08304377864,3.590382688,1,3.751948962
0.06060063386,0.04458717548,0.997165757,0.07530714206,0.6343213307,1,3.895382201
-0.03821013333,0.08158667006,0.9959335324,0.09021337604,2.008795007,1,3.975446423
0.02367704661,-0.09207332776,0.9954706926,0.0952127162,4.964089629,1,4.010244587
-0.03212229533,0.07352053637,0.9967762481,0.08031793619,1.982716448,1,4.009797086
-0.06962092568,-0.02441275011,0.9972747587,0.07384416056,3.478848627,1,4.144777103
0.002097233321,-0.04044843261,0.9991794263,0.04051384857,4.764192149,1,3.925907001
0.04041290729,-0.01358366519,0.9990907271,0.04264764322,5.958927101,1,4.02041751
-0.04467941972,-0.0166235844,0.9988630566,0.04768980767,3.497786437,1,3.982256042
-0.04406002294,-0.06568552292,0.9968671559,0.07917678044,4.121549465,1,4.037671427
-0.06129386323,-0.0115957691,0.9980524037,0.06242161242,3.32856614,1,3.924807421
-0.04451863821,0.01862980553,0.9988348318,0.04827824664,2.745264211,1,4.057299954
0.03839730014,-0.06310319489,0.9972680854,0.07393455769,5.259023555,1,4.134486216
0.07040687041,0.0112029577,0.9974554458,0.07135312282,0.1577945681,1,4.022614891
-0.006118822896,-0.04911682667,0.9987742975,0.04951672392,4.58845058,1,4.183690206
-0.05840096338,0.05351881804,0.9968575944,0.07929757532,2.39978868,1,3.945129174
-0.05380715564,-0.0006682541363,0.9985511221,0.05383730889,3.154011444,1,3.91719901
-0.06664375033,-0.03308938161,0.9972280097,0.07447512181,3.602445488,1,3.950455176
-0.06922247405,0.01651399837,0.9974645542,0.07122524706,2.907405796,1,3.951079356
0.02883145302,0.008188980608,0.999550743,0.02997634407,0.2767412519,1,3.825148918
-0.02873649503,-0.01643286635,0.9994519372,0.03310930012,3.661053824,1,4.121294431
0.0327165095,0.04534965623,0.9984352952,0.05594842318,0.9458334802,1,3.892848084
-0.01059107389,0.02932971954,0.9995136801,0.03118843772,1.917328745,1,3.950033723
0.03058870331,0.07966978123,0.9963518742,0.08544408831,1.204207832,1,4.085810856
-0.04543009546,-0.05872934262,0.9972396757,0.07431816949,4.053985311,1,4.055120284
-0.07289894053,0.03623770405,0.996680778,0.08149920015,2.680271687,1,3.936684669
0.03675800622,-0.004867913157,0.9993123398,0.03708743899,6.151520087,1,3.969341924
0.03315591151,0.07604892668,0.9965526811,0.08305782748,1.15966129,1,3.983042333
0.06152681122,0.03660900457,0.9974338235,0.07165577135,0.5367415431,1,3.965462637
-0.0446456885,0.03684986947,0.9983230187,0.05792150282,2.451563732,1,3.789301634
0.00858226802,0.05950861025,0.9981908986,0.06016057133,1.427564977,1,4.089520976
-0.01866827625,-0.03095818964,0.9993463293,0.03615914522,4.16975496,1,4.12874326
-0.0227923343,-0.05349311414,0.9983080668,0.05817921488,4.309604105,1,4.164996815
-0.05823684168,-0.04472250275,0.9973005405,0.07349387621,3.796477952,1,4.059045878
0.08257023967,0.04245447622,0.9956805577,0.09297908894,0.4749128819,1,4.033019854
-0.04292009635,-0.03835439447,0.9983420284,0.05759218533,3.870873478,1,3.927443612
0.04801112713,0.01530355323,0.9987295595,0.05041249129,0.3085687658,1,3.807619991
-0.06022318334,-0.06056604248,0.9963457847,0.08551541406,3.9298293,1,4.151756103
-0.02082617407,-0.03458657304,0.9991846874,0.04038374576,4.170392874,1,3.849032398
0.008996458417,0.04495468674,0.9989485171,0.04586212361,1.373282679,1,3.921866374
-0.02884597049,-0.03766740225,0.9988739044,0.04746171216,4.058847738,1,4.062282184
0.01488140918,0.02438874405,0.9995917831,0.02857427811,1.022928564,1,3.920263167
0.007512541774,-0.04816331076,0.998811222,0.04876502019,4.867122725,1,3.894140917
0.06236577304,0.02560695571,0.9977248088,0.06746931798,0.3896048678,1,3.923657534
0.06684164923,0.009361620083,0.9977196771,0.06754539378,0.1391515404,1,3.962317522
-0.004395038441,-0.0165425219,0.9998535036,0.01711724303,4.452706778,1,3.99055149
-0.0592563177,-0.001171722349,0.9982421129,0.05930265447,3.161363873,1,3.975037086
-0.07628222713,-0.0004044092714,0.997086184,0.07635747741,3.146894091,1,3.746413384
-0.03310813687,-0.009185529948,0.9994095643,0.03436549905,3.412226132,1,4.155211681
-0.01451251316,0.05900336604,0.9981522879,0.06079936559,1.811969761,1,4.045017425
-0.04040251026,-0.06341727617,0.9971689357,0.07526488117,4.145142958,1,4.167476156
0.06241309462,0.006290795777,0.9980305764,0.06277053988,0.1004536239,1,4.05735132
0.05200278993,-0.04566886484,0.9976021575,0.06926472985,5.56254563,1,4.077658888
-0.02606674842,-0.06040221028,0.9978337024,0.06583434067,4.304981095,1,3.998633722
0.06233925491,-0.008859076497,0.9980156983,0.06300727396,6.142019822,1,4.071864846
-0.01890977669,0.05393149041,0.9983655717,0.05718170607,1.908028621,1,3.940487107
0.02715579848,0.08310865256,0.9961704244,0.08754452992,1.254981925,1,3.850528589
0.02287717374,0.06612019207,0.9975493748,0.07002323619,1.237694991,1,3.95590518
0.02930954038,0.009125170156,0.99952873,0.03070201987,0.3018257895,1,4.230309795
0.05135876402,-0.07635252844,0.9957572841,0.09214900374,5.304524586,1,4.167839566
0.04731209027,0.05469228833,0.9973817322,0.07237970931,0.8576240869,1,4.027968603
-0.0005135295231,0.0525792656,0.9986166217,0.05260603356,1.580562785,1,4.222390875
-0.02280326655,0.04590469449,0.9986855211,0.05127898156,2.031842472,1,4.16200868
0.04065643368,0.01386141803,0.9990770318,0.04296766698,0.3285811594,1,3.880246207
0.02965173777,-0.01766519427,0.9994041802,0.03452184809,5.745892398,1,4.190750856
0.07003467443,0.04869898528,0.9963551341,0.08540588092,0.6076019404,1,4.158024534
0.02570133471,0.005525943744,0.9996543929,0.02629170825,0.2117819906,1,4.136382975
0.05137103645,-0.03728493223,0.9979833919,0.06351828528,5.655355056,1,4.031916536
0.07017098067,-0.02862415558,0.9971242105,0.07585735174,5.895869933,1,3.974853529
0.009891022053,-0.003847115432,0.9999436821,0.01061305061,5.912240725,1,4.010046632
0.05533433887,-0.04656068344,0.997381679,0.07238044421,5.583680139,1,4.055123598
0.07211028571,0.02122155733,0.9971708741,0.07523909724,0.2862128898,1,4.012613972
0.07617643015,0.008554172542,0.9970576601,0.07673048805,0.1118257462,1,3.861021487
0.03529734711,-0.07747853024,0.9963689952,0.08524323169,5.139870098,1,3.969726924
-0.03415462538,-0.05548334651,0.9978752727,0.06519938892,4.16058985,1,4.079229308
0.07749940406,-0.03003466448,0.9965398945,0.08321181102,5.913460122,1,4.116988789
-0.01465163627,0.01618206905,0.9997617067,0.02183129673,2.306600132,1,4.007975963
0.007422088617,-0.05715347744,0.9983378149,0.05766534145,4.841528684,1,3.999298476
-0.01897238155,0.05985420407,0.9980268148,0.06283047803,1.877754299,1,4.042953506
0.03668823821,-0.00888193309,0.9992872882,0.03775702409,6.045663098,1,4.04176139
0.01600231684,0.01643536781,0.9997368677,0.0229409629,0.7987476132,1,3.90119504
0.001980212615,0.04156132921,0.9991339924,0.04162049188,1.523186776,1,3.747981147
0.00591394876,-0.04977058217,0.9987431674,0.05014171902,4.83065862,1,3.680452477
0.04328494555,-0.006490254957,0.9990416859,0.0437828104,6.134351549,1,3.969058874
0.0617537576,-0.0397889024,0.997298008,0.07352835803,5.710816615,1,3.833640789
-0.05493905411,-0.0355555618,0.9978564538,0.06548759351,3.715984238,1,4.075238893
0.02329688214,0.07800763303,0.9966805228,0.08150233548,1.280579671,1,3.943535076
-0.0007841642309,-0.05337736139,0.9985741046,0.05340850853,4.697699086,1,3.931570469
0.04354296973,-0.06802385362,0.9967330461,0.08085461414,5.281782506,1,4.148075753
0.03315870908,0.06935627593,0.9970407248,0.07695109952,1.124827887,1,4.041290088
0.005409592217,0.03438938598,0.9993938695,0.03481929687,1.414770749,1,4.266830678
0.06260177027,-0.01063816594,0.9979818875,0.06354198075,6.114859348,1,3.857730521
0.04816333063,-0.0562318905,0.9972553675,0.07410652991,5.420651896,1,4.117193139
0.03688298223,0.02998973903,0.9988694916,0.04755463195,0.6826808993,1,4.106854554
-0.02432106448,-0.003858694256,0.9996967522,0.02462775494,3.298937649,1,3.81847049
0.04670537015,-0.009225339946,0.9988661079,0.04762575889,6.088173534,1,4.053917608
-0.07654192315,-0.005732311958,0.9970498857,0.07683184181,3.21634425,1,4.082680881
-0.01666924629,0.07955852647,0.9966908132,0.08137583847,1.777330482,1,3.98788885
-0.01427000541,-0.06912546268,0.9975059084,0.0706417583,4.508812391,1,3.779981312
0.02208108615,0.02950009144,0.9993208545,0.03685708579,0.9282500933,1,3.96062896
0.003552400047,-0.0006536577162,0.9999934766,0.003612045299,6.101216235,1,3.849087864
0.04220887403,0.04705953723,0.9979999053,0.0632575975,0.8396827365,1,4.067223021
-0.02249575715,0.08677394981,0.995974007,0.08976299213,1.824457543,1,3.967859002
0.02184746862,-0.07902845336,0.9966329272,0.08208488266,4.982103364,1,4.054355234
0.00406835719,0.05465090363,0.9984972344,0.05482959212,1.496490751,1,3.957249952
0.05631751894,-0.008647233616,0.9983754616,0.05700839239,6.130830874,1,4.049162587
0.004672074716,0.006072919696,0.9999706453,0.007662231054,0.9150388367,1,4.104623689
0.04282228903,0.003635409508,0.9990760909,0.04298956681,0.08469218833,1,4.142570046
-0.04015339237,0.01750190669,0.9990402336,0.0438159781,2.730545981,1,4.191569349
-0.05780244954,-0.02670847069,0.9979707082,0.06371779204,3.574434156,1,4.017034618
-0.02381470929,0.08838401019,0.9958017505,0.09166450033,1.83399164,1,4.02835524
0.05326200371,-0.01572185248,0.9984568004,0.05556251702,5.996156821,1,4.063516746
-0.01210415406,-0.04687182001,0.9988275737,0.04842841085,4.45967068,1,4.108697211
0.01028087927,-0.06006225491,0.9981416879,0.0609735676,4.881916428,1,4.00343161
-0.05743562059,-0.03024646683,0.9978909263,0.06495868707,3.626304962,1,3.932316217
-0.03837792505,0.04187297252,0.9983855914,0.05683033011,2.312670488,1,3.929038642
0.05476012749,-0.05605238429,0.9969250015,0.07844202587,5.486126022,1,3.896449428
-0.02612376082,0.0375334159,0.9989538487,0.04574568322,2.178841714,1,4.016282596
-0.02580417956,0.0964017298,0.9950079652,0.09996193016,1.832338387,1,3.968089228
0.06556839184,-0.009253791346,0.997805168,0.06626666321,6.142979403,1,3.914624487
0.04490598707,-0.05045555466,0.9977162369,0.06759634479,5.439657678,1,3.887381704
-0.06918423034,0.01413397539,0.9975037709,0.07067203538,2.940070953,1,3.95551499
-0.008798187383,0.0608829888,0.9981061334,0.06155427961,1.714312591,1,3.946478636
-0.06272508112,-0.003854608798,0.9980233996,0.06288484526,3.202967904,1,4.052797482
0.08414801557,-0.001379769449,0.9964523108,0.08425899196,6.266789843,1,3.806793423
-0.01234617037,-0.02631612438,0.9995774276,0.02907239966,4.273725755,1,3.883666852
0.09096139132,-0.004570611904,0.9958439309,0.09120253363,6.232979709,1,3.873846071
0.03685943411,0.03138398364,0.9988275265,0.04842938551,0.7053355522,1,4.074625965
-0.07297957135,0.03585663116,0.9966886596,0.08140232816,2.684909724,1,4.013740215
-0.05530588732,0.05009733159,0.9972118713,0.07469170379,2.405569855,1,3.903863645
-0.01248774407,0.03865271546,0.9991746713,0.04063107724,1.883286568,1,4.002793954
-0.04484186228,0.03404105035,0.9984139494,0.05632885718,2.492270405,1,3.9979933
0.04854955962,-0.0685648899,0.9964646487,0.08411226275,5.32851849,1,3.947529058
0.008633434358,0.02691457533,0.9996004549,0.02826912464,1.260393512,1,3.973662251
-0.05074572012,0.02600066289,0.9983730953,0.05704990847,2.668096866,1,3.930423123
0.04620074131,0.02219222064,0.9986856346,0.05127676633,0.4477990249,1,3.871396482
-0.01102334643,-0.07028157098,0.9974662834,0.07120094423,4.556811007,1,3.970830153
-0.003343419285,0.03716612413,0.9993035078,0.03732487197,1.660513615,1,3.823247823
-0.02842099763,0.03792739367,0.9988762484,0.04741227879,2.213883082,1,4.128298144
-0.001968747715,0.05502289245,0.9984831523,0.05508595775,1.606561589,1,3.91822411
0.04788646953,-0.02892991393,0.9984337465,0.0559761118,5.73973058,1,4.06688847
-0.05511577616,-0.01903279434,0.9982985545,0.05834257767,3.474095617,1,4.085838477
0.07143381066,0.02087756744,0.9972268237,0.07449106009,0.28434499,1,4.025399331
-0.06471424088,-0.01295567268,0.997819732,0.06604635827,3.339178756,1,4.025753246
0.02317357158,0.02060522144,0.9995190896,0.03101447963,0.726798794,1,4.117880361
0.01561735591,0.08170490913,0.9965341971,0.08328033024,1.38193103,1,4.066884628
0.002903574267,0.08567078832,0.9963192688,0.08582530433,1.536917063,1,4.055037194
-0.06805628388,-0.07325533554,0.9949884412,0.1001573801,3.963765626,1,3.909147104
-0.04209060814,0.03054719737,0.998646709,0.05203068944,2.513793992,1,4.033618199
-0.07747342125,0.007902743976,0.9969630964,0.07795437063,3.039938385,1,4.077358875
0.002948858263,-0.01871645573,0.9998204831,0.01894846825,4.868658694,1,3.920607634
1.546102516e-05,0.06564598252,0.997842976,0.06569322509,1.570560806,1,3.950047091
0.05669832333,-0.02728299775,0.9980185059,0.06296266845,5.834693868,1,4.042686293
0.06732772851,-0.03970695033,0.9969404872,0.07824415827,5.750332008,1,4.067911848
-0.06973075016,0.05042105298,0.9962907908,0.0861568857,2.515542772,1,4.113846923
-0.04875520721,-0.04976944106,0.9975700138,0.06972762638,3.937284668,1,3.930846482
-0.05923422092,-0.06201314851,0.9963160525,0.08586281651,3.949906293,1,3.963073432
0.04130987867,-0.08634338921,0.9954086161,0.09586346173,5.158637924,1,3.855462976
0.06284181834,-0.03070978056,0.9975509086,0.07000131041,5.828631546,1,4.106917499
0.06722396127,0.01897243451,0.99755751,0.06990686575,0.2750728456,1,3.928526938
0.04619347103,-0.03775581656,0.9982187443,0.05969564011,5.597959679,1,3.925653518
-0.01904946128,-0.07824947707,0.9967517933,0.08062216496,4.473588971,1,4.096238737
0.02724846669,-0.01608721981,0.9994992358,0.03164825338,5.749862017,1,4.077556247
0.0592127199,-0.03544246492,0.997616001,0.06906441673,5.743824069,1,3.985366063
-0.02872179809,0.06172247635,0.9976800059,0.06813063467,2.006331665,1,4.03577562
0.03000006084,-0.01034528406,0.9994963589,0.03173904173,5.951112866,1,3.882572187
-0.03183381596,-0.001159535982,0.999492503,0.03186031666,3.178001219,1,4.065872667
-0.0554339872,-0.01240553513,0.9983852842,0.05683573719,3.361754469,1,4.158844895
0.02803424433,0.01169650177,0.99953853,0.03038109538,0.3952641576,1,3.814200078
-0.01442783135,-0.02749774633,0.9995177395,0.03105798578,4.229183921,1,3.978463846
-0.04351668151,0.005724108438,0.9990363021,0.04390564145,3.010805256,1,4.063766343
0.07622858412,-0.02095920472,0.9968700591,0.07914006613,6.014863685,1,4.207688543
-0.03150930507,0.04112875011,0.9986568928,0.0518345045,2.224530788,1,3.931486481
0.07269868875,0.01989520357,0.9971554952,0.07544341453,0.2671261451,1,4.092049975
0.07248415393,-0.01898647048,0.9971888293,0.0749998501,6.027001321,1,4.2034846
-0.04334307256,-0.03775344382,0.998346661,0.05751164723,3.858174023,1,4.030665289
0.0001550885314,0.009630398656,0.9999536146,0.009631796278,1.554693657,1,4.074655159
-0.08474020616,0.01229752134,0.9963271894,0.08573285269,2.997478444,1,4.044433642
-0.02800285151,-0.02610490757,0.9992669183,0.03829285145,3.891928081,1,3.90885002
0.04923996858,0.01882577844,0.9986095411,0.0527405206,0.3651789762,1,3.966918348
-0.01614215353,-0.07218515601,0.997260615,0.07403562209,4.492386992,1,3.944598945
-0.0894194305,-0.009679265394,0.9959470253,0.09006348202,3.249418487,1,4.077042475
-0.001057506992,0.05602907158,0.9984285777,0.05606842266,1.589668341,1,4.052466401
0.05715134382,-0.0366462894,0.9976927249,0.06794354822,5.713010763,1,4.129773108
-0.07247314223,-0.05659890273,0.9957631284,0.09208546943,3.804617915,1,3.81297456
0.07330190076,0.01268634254,0.9972291051,0.07446039874,0.1713721738,1,3.941029752
-0.0340901991,-0.007707311476,0.9993890412,0.03495771788,3.363940378,1,3.995444789
0.07194660706,-0.03251482269,0.9968783637,0.07903495104,5.858727637,1,4.145825272
-0.07068888284,-0.01770378645,0.9973412945,0.07293674545,3.38699155,1,4.021695421
-0.08447577983,-0.0402161728,0.9956136309,0.09369716692,3.585911609,1,4.035314909
-0.06539463229,0.00314549423,0.9978545224,0.06551709988,3.093529508,1,3.841840516
-0.04078148563,-0.01829001746,0.9990006735,0.04471002053,3.563188703,1,3.88191689
0.0379961405,-0.07464758463,0.9964858411,0.0838596339,5.183216171,1,4.08976458
0.0553934671,0.0469022672,0.9973623921,0.07264665488,0.7025816261,1,4.027467587
-0.06466136523,0.06779122556,0.9956019574,0.09382185438,2.332568845,1,3.928672681
-0.02700392595,0.02333232634,0.9993629924,0.0356952452,2.429006999,1,3.981689895
0.07176590529,0.004209596385,0.9974126198,0.07195132697,0.05859019473,1,3.842598595
0.02323830026,0.0108840308,0.9996707054,0.02566369631,0.4380217264,1,3.917771498
0.06809199911,0.002924458042,0.9976747602,0.06820764549,0.04292225123,1,3.919766663
-0.04976013676,0.01625225887,0.9986289566,0.05237092423,2.825903428,1,4.04138207
0.06710651775,0.02328340318,0.9974741091,0.07109085633,0.3339656889,1,4.156249708
0.01477658873,0.01038691514,0.9998368689,0.01806297493,0.6126900472,1,4.094480743
-0.05029874013,-0.0007007457611,0.9987339714,0.05032486054,3.155523429,1,4.071891803
-0.07706768729,0.01330666012,0.9969370614,0.07828797465,2.970616422,1,4.143215933
-0.03499677547,-0.03343760785,0.9988278891,0.0484218943,3.904211363,1,4.012575752
-0.07931524717,-0.02556703236,0.9965216598,0.08343091228,3.453423141,1,3.922914806
0.02472549786,0.004159185981,0.999685626,0.02507550298,0.1666542481,1,4.148070811
0.02784952608,0.04821110074,0.9984488438,0.05570560819,1.046966814,1,4.047807953
0.0002295853385,-0.04054404713,0.9991777257,0.04055581376,4.718051535,1,4.152003061
-0.06332258789,-0.05372149554,0.9965461609,0.08313638329,3.845144356,1,4.273632793
0.05890067592,0.03825581961,0.9975305522,0.07029174627,0.5760216236,1,3.989557815
0.04449795392,-0.091855812,0.9947775841,0.1022444894,5.163505325,1,3.993784105
-0.07654913315,-0.002672481047,0.9970622288,0.07667086494,3.17649045,1,3.841730633
-0.03169591749,-0.08705877826,0.9956988189,0.09278219668,4.363230696,1,4.102359552
-0.04819685429,0.0003296821843,0.9988378019,0.0482166624,3.134752435,1,4.008054392
-0.07776838686,-0.03118103391,0.9964837285,0.08388485139,3.522915503,1,4.128244546
0.06081095684,-0.01147577699,0.9980833302,0.06192386228,6.096666464,1,3.92689291
0.04731007953,-0.00472711227,0.9988690659,0.04756358579,6.183598184,1,4.099044911
-0.05229593506,0.004112036415,0.9986231653,0.05248143923,3.063123969,1,3.89090693
0.0455598861,-0.04830086484,0.9977932267,0.06644675201,5.468592833,1,4.173273585
-0.03213227893,0.01586934426,0.999357634,0.03584507831,2.682856664,1,3.779867141
-0.02271331278,-0.01047312305,0.9996871606,0.02501422351,3.573639433,1,3.992881081
-0.06806318718,0.04029435079,0.996866976,0.07917905454,2.607066003,1,4.051066761
0.06137281683,0.01478457573,0.9980054076,0.06317049598,0.2363936981,1,4.000908798
0.04687750255,0.03930761664,0.9981269514,0.06121492713,0.6977901245,1,4.065486175
0.01029478074,-0.006917666356,0.9999230787,0.0124034071,5.691528007,1,3.8837882
0.0008576871043,0.02913319255,0.9995751705,0.02914994309,1.541364625,1,3.966930192
0.001323417005,-0.0428970975,0.9990786193,0.04293069297,4.743230167,1,3.953679222
0.03427922764,0.008698655466,0.9993744383,0.03537306668,0.2485132109,1,3.921899493
-0.01866745736,0.06909139435,0.9974356647,0.0716300495,1.834680569,1,3.985208534
0.03980964893,0.02547034469,0.9988826024,0.04727802344,0.5691736343,1,3.931415337
0.02379481961,-0.08019578523,0.9964950791,0.08374927185,5.000823877,1,3.91548997
0.03582131861,0.05494891444,0.997846406,0.06564095451,0.99308504,1,4.09348449
-0.01702351941,-0.06643209561,0.9976457169,0.06863246243,4.461532504,1,3.985149824
-0.02576117276,-0.02543360844,0.999344532,0.03620882954,3.920592512,1,4.220011641
-0.05920483293,-0.01646204925,0.9981101085,0.06148962646,3.412794489,1,4.031151022
-0.01264407464,0.06359509393,0.9978956816,0.06488538844,1.767058498,1,3.640667579
0.007958483928,-0.008711054511,0.9999303876,0.01179942364,5.452671323,1,4.120917126
-0.06007653852,-0.005034245781,0.9981810787,0.0603236765,3.225194536,1,3.93424182
0.08307853077,-0.02873678143,0.9961285836,0.08802178063,5.950168594,1,3.852098841
-0.07646196625,-0.06004323254,0.9952629692,0.09737325506,3.807286681,1,4.0571996
0.007103934285,-0.005941619663,0.9999571147,0.009261273063,5.586649114,1,4.078958021
-0.06303692234,0.04539263347,0.9969783625,0.07775809238,2.517506402,1,3.927165505
0.05982347809,-0.06657455869,0.9959864355,0.08962424012,5.44442657,1,3.99158644
0.02129330148,0.07611055158,0.9968719974,0.07911554424,1.298002713,1,4.045387931
0.0259189412,0.0187071917,0.9994889942,0.03197027863,0.625179595,1,4.025606001
0.05090421017,-0.03786063492,0.997985638,0.0634828892,5.643688262,1,4.037030158
-0.03575657905,0.002264726197,0.9993579629,0.03583589777,3.078339817,1,3.909490639
-0.04188847846,0.05764110893,0.9974581986,0.07131449969,2.199225689,1,4.00720287
-0.08995505945,0.01109825003,0.9958839873,0.09076165946,3.01883749,1,3.954241718
0.05717889332,-0.03244674308,0.9978365513,0.06579102188,5.76703589,1,3.920879885
-0.04172176825,-0.01838553934,0.9989600923,0.04560894627,3.556660872,1,3.962977373
0.06056300047,-0.03667934933,0.9974902247,0.07086361357,5.738629382,1,4.073028497
0.0648836414,-0.007369069211,0.9978656272,0.06534726491,6.170096282,1,3.832898706
-0.02168928418,0.04323180689,0.998829608,0.04838636937,2.035800916,1,3.901532296
0.01773018755,-0.06549578047,0.9976953158,0.06790537527,4.976759962,1,3.859154871
-0.0612013237,-0.06464353282,0.9960299251,0.08913702516,3.954336798,1,3.833439073
0.05507375483,-0.07426432638,0.9957166722,0.09258929834,5.35048656,1,3.989611321
-0.06514081819,-0.0229518089,0.9976120931,0.06912102239,3.480351853,1,4.183648289
0.03604664973,0.009742234867,0.9993026208,0.03734863555,0.2639610633,1,4.031236494
-0.04455443466,0.04065409968,0.998179416,0.06035124997,2.401936555,1,4.28075627
-0.029621699,-0.06643713565,0.9973508219,0.0728058873,4.292982737,1,3.858330211
-0.03018046693,0.04691585848,0.9984428084,0.0558139035,2.14243949,1,3.875961403
0.01995325727,0.06287393744,0.9978219959,0.06601204693,1.263495993,1,4.111825744
-0.04528361936,-0.01957445877,0.9987823759,0.04935324296,3.549599485,1,3.928365356
-0.0503480018,0.04023900084,0.9979207892,0.06449700327,2.467329067,1,3.957625818
-0.07396848981,-0.008667130412,0.9972229156,0.07454355418,3.25823406,1,4.01800008
-0.0003375617227,0.0866807961,0.9962360793,0.08679037142,1.574690615,1,4.101211584
-0.00767337026,-0.06750922644,0.9976891418,0.06799630468,4.599210692,1,4.006217041
0.009066432626,-0.06421881641,0.9978946555,0.06490121247,4.852642358,1,4.005081367
0.07963658906,-0.02363435746,0.9965437426,0.08316550045,5.994687439,1,3.921079635
0.08208794356,0.006286236758,0.9966052643,0.0824215771,0.07643012156,1,3.76328222
0.05056113062,0.04841617636,0.9975467137,0.0700612603,0.7637303828,1,3.980272552
0.06143563619,0.04675104385,0.9970155478,0.07727791276,0.6504888113,1,4.038742581
0.0395562969,0.05059231722,0.9979357278,0.06426480837,0.9072123436,1,4.062891712
0.02497834007,0.03134038539,0.9991966087,0.0400873778,0.8978862991,1,3.837170033
-0.07388149774,-0.012831466,0.9971844753,0.0750579362,3.313553677,1,4.16996818
0.03474323169,0.07839322681,0.9963169224,0.08585267236,1.153618545,1,4.041504669
0.0374669954,0.07661260303,0.9963567299,0.08538717047,1.115951222,1,4.029850055
0.05629345527,-0.02980181889,0.9979693875,0.06373852924,5.796294381,1,4.043900384
0.02617965248,-0.03071152747,0.9991853821,0.04036653286,5.41829634,1,4.114054149
-0.06072374947,-0.03760360341,0.9974460363,0.07148498581,3.696051466,1,3.907829716
0.06008970585,0.02910356862,0.9977686152,0.06681639181,0.451037539,1,4.097517847
0.05458271773,-0.004426486756,0.9984994407,0.05478931829,6.202265537,1,4.002461695
-0.01025253836,0.01632584315,0.9998141589,0.01927936065,2.131546034,1,4.002966622
-0.07588318308,-0.05165350702,0.9957779159,0.0919245177,3.739246239,1,3.876496846
-0.01742142213,-0.0606277024,0.9980084047,0.06312300336,4.432576922,1,3.86615611
0.04742108656,-0.08507843937,0.9952451455,0.09755641815,5.220881148,1,3.888006779
-0.003481601046,-0.09103114609,0.9958419598,0.09122417389,4.674161351,1,3.833709762
-0.06638063428,-0.04404447373,0.9968217974,0.07974819806,3.727409397,1,4.149498383
-0.01169889349,0.01190429625,0.9998607021,0.01669138251,2.34749238,1,4.128010862
-0.001771753378,0.03640701274,0.9993354744,0.03645817474,1.619423131,1,4.016128731
-0.004191636679,0.07469895275,0.9971973208,0.07488643846,1.626851269,1,3.918913291
0.05795036545,-0.03432645519,0.9977291464,0.06740494882,5.748415465,1,4.07311166
-0.03680159633,0.04597728437,0.9982643597,0.05892609975,2.245799391,1,3.97725856
0.01081103109,0.04050030459,0.9991210372,0.04193069551,1.309941537,1,4.096514617
0.04299177221,-0.02736110779,0.9987006946,0.05098209312,5.716411269,1,4.004583033
0.05856233,-0.01550131198,0.9981633949,0.06061629492,6.024422095,1,3.88557871
0.07563822218,0.02190756073,0.9968946374,0.07882856233,0.281921732,1,4.135479755
-0.02121423086,0.007496819508,0.999746845,0.0225018076,2.801904237,1,4.131081969
-0.0161158766,-0.05100619351,0.9985682985,0.05351716118,4.406355772,1,3.981467039
-0.001428916648,0.007026411365,0.9999742935,0.007170295709,1.771424062,1,4.010991694
-0.0806117962,-0.02480910276,0.9964367751,0.08444338965,3.440153607,1,3.942154817
0.06512316307,-0.05195391103,0.9965238405,0.08340473942,5.609799922,1,3.984124533
-0.044854611,-0.08872741219,0.9950454815,0.0995852916,4.244324989,1,3.976332499
0.05569510229,0.03821678848,0.9977161584,0.06759750718,0.6013895165,1,4.039682273
-0.0205623666,0.009791578445,0.9997406234,0.02277664663,2.697174423,1,3.846293892
0.003187585308,-0.02750989397,0.999616449,0.02769749303,4.827745065,1,3.898844148
-0.05061550595,0.006274425869,0.9986985041,0.05102505836,3.018259304,1,3.843210695
0.05727665053,-0.05095705376,0.9970570515,0.07673842726,5.556109363,1,4.016378956
0.06382853674,0.04328369295,0.997021785,0.07719707819,0.5958930412,1,4.00493122
0.06386115664,-0.04561540853,0.9969157373,0.07856016168,5.662932745,1,4.006328424
0.04010238386,-0.05799694523,0.997510979,0.07056988394,5.317358232,1,3.793619782
-0.03837234202,0.001368813348,0.999262573,0.03840618938,3.105935899,1,4.02831493
-0.06251630582,0.01896897593,0.9978636628,0.06537734055,2.846997127,1,4.036613652
0.03778584544,0.04263720917,0.9983758302,0.057001924,0.8456482008,1,3.938438084
0.003349713764,0.04976018947,0.9987555772,0.04989350653,1.503580593,1,4.099746414
0.002980167196,-0.01072275381,0.9999380687,0.01112941866,4.983476471,1,4.018479824
-0.03409283311,0.01125106226,0.9993553384,0.03590907703,2.82283379,1,4.004967039
-0.05560244721,-0.007241849017,0.9984267241,0.05610148948,3.271106956,1,3.986398442
0.02268976738,-0.06190302997,0.9978242277,0.06597820519,5.063719705,1,4.00063768
-0.08535954667,0.03952802712,0.9955658104,0.09420690498,2.707917416,1,4.142353548
0.03511977591,0.05643947257,0.9977881475,0.06652320454,1.014172972,1,3.851957976
-0.07439013124,0.0333049286,0.9966729103,0.08159578752,2.720647827,1,4.010492659
0.04275955616,0.07244876458,0.9964551153,0.08422566141,1.03761085,1,3.849296706
-0.04029480742,-0.07524187912,0.9963508359,0.08545625432,4.220717596,1,3.947696546
0.07322978465,-0.03525751622,0.9966916806,0.08136516659,5.834476031,1,3.861517024
-0.07214463369,-0.03000858627,0.9969426446,0.07821655319,3.535773273,1,4.055876455
0.04284834989,0.02345517623,0.9988062243,0.04886743973,0.5008446699,1,4.041957703
0.05394284586,-0.08010915243,0.9953254207,0.09672875274,5.305015824,1,3.958954802
0.01463765117,-0.003439397567,0.9998869485,0.01503686564,6.05240251,1,4.060736511
-0.004604928887,-0.07028475571,0.9975163396,0.07049381801,4.646964314,1,3.942786428
0.01542183046,-0.06981320138,0.9974408674,0.07155731721,4.929798862,1,4.011250569
0.01179216615,0.009069038659,0.9998893426,0.01487679305,0.6555966097,1,3.97223476
-5.670569649e-05,-0.1004568823,0.9949414111,0.1006266318,4.711824502,1,3.992788043
0.01713342567,-0.06680116426,0.997619191,0.06901817652,4.963460802,1,4.005046196
0.03409013153,-0.03512978562,0.9988011619,0.04897096428,5.482768693,1,3.99340129
-0.03114339344,0.08483176674,0.9959084598,0.0904912517,1.922640205,1,4.029305926
-0.09493679335,0.0008455335657,0.9954829433,0.09508376797,3.13268661,1,4.067150798
-0.02310219799,-0.07474862881,0.9969347676,0.07831729794,4.412636401,1,3.85668472
-0.05797052205,0.01645021477,0.9981827533,0.06029589295,2.865092745,1,4.071976985
-0.05752132933,0.03268820842,0.9978089886,0.06620894155,2.624823463,1,4.059194565
-0.02110890684,0.05457910036,0.9982862995,0.05855237215,1.939835375,1,3.912504477
-0.008088243287,0.007757811835,0.9999371964,0.0112075235,2.377044069,1,3.983464468
-0.02825715819,-0.0427724039,0.9986851628,0.05128597068,4.128570342,1,3.94755607
-0.01840090439,-0.06521060859,0.9977018509,0.06780899513,4.437363108,1,4.118479637
-0.0002094335496,-0.06711185533,0.997745436,0.06716266388,4.709268327,1,3.833055237
-0.08754430133,-0.01600312678,0.9960320754,0.08911286601,3.322396704,1,3.945629529
0.00484590039,0.0750347892,0.997169142,0.07526213768,1.506303841,1,4.135449294
0.006089382724,-0.02671048212,0.9996246643,0.02739923863,4.936535415,1,4.114836356
0.03975741583,-0.03105654076,0.9987266088,0.05047101202,5.620043863,1,4.01469279
0.03797600143,0.05953382873,0.9975036574,0.07067364289,1.002981837,1,4.062869426
0.04190789815,-0.05404598039,0.9976586391,0.06844377518,5.371956355,1,4.048045441
-0.03742245036,-0.0006215871874,0.9992993415,0.03743635606,3.158201134,1,3.880391578
0.04727630753,0.08369633647,0.9953692149,0.09627422843,1.056619584,1,3.908293907
0.01219192265,0.04584660725,0.998874089,0.04745782059,1.310883157,1,3.953300938
-0.06704359319,0.05498172467,0.9962339919,0.08681444932,2.454721688,1,3.987541388
-0.02344173181,-0.0548269179,0.9982206641,0.0596634528,4.308352995,1,4.100891019
0.006092407325,0.04021328736,0.9991725447,0.04068339793,1.420437418,1,4.074280425
0.04209501621,0.06323030135,0.9971107955,0.0760341604,0.98343471,1,4.050070674
-0.02553298143,0.08642654428,0.9959309812,0.0902416898,1.858055072,1,4.097524464
-0.05316090819,0.02429922373,0.9982902712,0.05848446325,2.712859838,1,4.097530347
-0.05284543966,-0.03992774946,0.9978041563,0.06628194011,3.788640858,1,4.001325746
-0.007059795639,0.06569132795,0.9978150173,0.06611775664,1.677854645,1,3.940116874
-0.06589740841,-0.05709762316,0.9961914439,0.08730379175,3.85556666,1,3.833432621
-0.05472096298,-0.01355442051,0.9984096824,0.05640459741,3.384406096,1,4.038892236
-0.03301762688,-0.007493600387,0.9994266768,0.03386378618,3.364769557,1,3.975895419
0.01424791438,-0.08325041446,0.9964267988,0.08456158892,4.881892025,1,3.931990676
-0.006864366625,-0.04276296954,0.9990616642,0.04332395563,4.553225491,1,3.957384977
-0.02403646711,-0.01717189126,0.999563592,0.02954453493,3.761924399,1,3.845050145
0.020656261,-0.06471591709,0.9976899162,0.06798490609,5.021351206,1,3.97304793
0.08103446834,-0.01388517602,0.9966145779,0.0823083718,6.113484323,1,4.042425201
0.01622193681,-0.05142546828,0.9985450766,0.05394953844,5.017955114,1,3.907654926
0.07892810505,-0.0002514322075,0.9968802792,0.07901068639,6.279999733,1,3.965988815
0.01031424128,-0.04864493775,0.998762878,0.0497469028,4.921325721,1,4.096537497
-0.02942216016,-0.08221241691,0.996180433,0.0874299839,4.368711648,1,3.768686315
0.005499914598,-0.04758361179,0.9988521166,0.04791874533,4.827462562,1,4.074775644
0.04896138845,0.05291198712,0.9973981673,0.07215208626,0.8241582424,1,3.985648699
0.0258509935,0.008029406396,0.9996335602,0.0270725742,0.3011560705,1,4.084295219
0.03114815476,-0.03773663786,0.9988021519,0.04895073702,5.402432247,1,3.982110301
-0.005807158697,0.08518411364,0.9963483044,0.08548590809,1.638862864,1,4.050102154
-0.007039818284,0.06092119343,0.9981177531,0.06136509796,1.685842205,1,3.984919066
-0.07779400184,-0.005087896309,0.9969564718,0.07803939179,3.206901808,1,3.946957233
0.006078398452,0.01792098683,0.9998209296,0.01892488975,1.243795129,1,4.12974624
0.01948523976,0.009155322868,0.9997682259,0.02153058597,0.4392457119,1,4.074729508
-0.03436381052,-0.06679107231,0.9971750504,0.0751835173,4.237211097,1,3.933237034
-0.01470094973,-0.00166873224,0.9998905427,0.01479589689,3.254620723,1,4.032269671
0.03915117253,0.06947060757,0.9968154395,0.07982796754,1.057598546,1,4.172207099
0.04727157722,0.06795804809,0.9965676604,0.08287707676,0.9630298977,1,3.938619754
-0.0528868555,0.02767895377,0.9982168382,0.05972758178,2.659430842,1,3.934703334
0.08751228685,0.04579217292,0.9951103841,0.09893033736,0.4820864165,1,3.935416457
-0.01564815829,0.03409647658,0.9992960349,0.03752459673,2.001057933,1,3.925005338
-0.02028345783,-0.07478472736,0.9969933931,0.07756435676,4.447536105,1,3.986056027
-0.05452378584,0.004678608078,0.998501511,0.05475150094,3.055993764,1,4.108566888
-0.04752008857,0.007913543318,0.9988389345,0.04819315881,2.976576482,1,4.008819035
-0.06913562016,0.05340316585,0.9961768758,0.08747071191,2.483883515,1,4.001216288
-0.09454299637,-0.01267728985,0.9954400575,0.09553441464,3.274887764,1,4.119459149
-0.04100944197,-0.02742065473,0.9987824254,0.04935223853,3.730961877,1,3.964839921
0.04715424214,-0.06556960295,0.9967332164,0.08085250554,5.335850623,1,4.039364917
0.01559997176,0.002983801801,0.9998738609,0.01588343184,0.1889871142,1,3.897269726
0.005440558805,0.02692811222,0.9996225673,0.02747567749,1.371439893,1,4.074900398
-0.02757234905,-0.03149167881,0.9991236359,0.04186865588,3.993250982,1,4.01511978
-0.07270192061,-0.03907332702,0.9965880322,0.08263062212,3.6347461,1,3.96564042
-0.04469102837,-0.07262086901,0.996357828,0.08537429447,4.160721385,1,4.112774476
-0.02597915918,-0.04803587748,0.9985077054,0.05463818985,4.216614686,1,4.041180723
0.05037551677,-0.05006602778,0.9974746614,0.07108308078,5.500868419,1,3.951321888
-0.05360125584,0.06764254465,0.9962687346,0.0864128244,2.240897749,1,3.898576024
0.02792842347,-0.04304476401,0.9986827081,0.05133383316,5.287936185,1,3.90204805
-0.04639107626,0.05107642955,0.9976166931,0.06905438691,2.30816054,1,4.035801381
0.07366605016,0.04254609727,0.996375001,0.08517266229,0.5237513091,1,3.741284218
-0.07520344769,0.02685378882,0.9968065587,0.07993925718,2.798622789,1,4.001042539
0.01660465098,0.08578749521,0.9961750806,0.08749125914,1.379604905,1,3.876079453
-0.04081194935,0.03560231715,0.9985323529,0.05418498373,2.424265329,1,3.901171063
-0.01311743644,-0.007242984566,0.9998877297,0.014984818,3.646096257,1,4.096679681
0.06022146515,0.01284999293,0.9981023258,0.06161614518,0.2102262162,1,3.930281108
-0.03310532958,-0.01021175172,0.9993996985,0.03465145338,3.440794986,1,3.827260494
-0.005156388526,0.03582374721,0.9993448208,0.03620085052,1.713752187,1,4.106517673
-0.0502623187,0.04878870215,0.9975436641,0.07010480895,2.371070741,1,4.321749639
-0.02176610994,-0.01080952312,0.9997046517,0.02430484812,3.602533994,1,4.091882709
-0.04778415057,0.07244952922,0.9962267516,0.08689791318,2.153856423,1,4.076110613
0.04232234416,0.0146335566,0.9989968359,0.04479579967,0.332896414,1,4.005731982
0.02459741451,-0.02810002415,0.9993024346,0.03735362077,5.431418352,1,4.154721515
0.06890395345,-0.05106449017,0.9963155439,0.08586874692,5.645406726,1,4.057093037
0.01600631394,-0.04936563738,0.998652508,0.05191906622,5.025933326,1,4.01573976
-0.07455636919,-0.02407905075,0.996926049,0.07842865775,3.453982294,1,3.916593872
0.09084281629,-0.009899847313,0.9958160351,0.09150831393,6.174635904,1,3.96871104
0.02946560973,-0.07504316661,0.9967448525,0.08070830231,5.086542101,1,3.822849313
-0.05627293708,-0.00859286007,0.9983784449,0.05695600927,3.293121834,1,4.102985356
0.02921979087,-0.05402254661,0.9981121021,0.0614571764,5.208204405,1,4.120244827
-0.01934817736,-0.01536223576,0.9996947783,0.02470778159,3.812657455,1,4.202670806
0.05734181564,-0.07921288326,0.9952071319,0.09794592017,5.338972545,1,4.062130129
-0.02778871003,0.04872017179,0.9984258272,0.05611748317,2.089146952,1,3.917908448
0.05520232916,-0.005658182753,0.9984591568,0.05552006933,6.181043028,1,4.094654259
-0.01520180829,0.0509738066,0.9985842859,0.05321744559,1.860626495,1,3.876020442
-0.07811190426,-0.003487576827,0.9969384972,0.0782696135,3.186211488,1,3.867529411
-0.04952683072,0.0729312519,0.996106483,0.08827282906,2.167349958,1,3.950084983
-0.01836553987,-0.02741632378,0.9994553778,0.03300520206,4.122167756,1,3.912039075
0.02136369415,0.05366373009,0.9983305047,0.05779204145,1.191926328,1,4.112985538
0.05005727032,-0.04063745319,0.9979192688,0.06452058823,5.60127897,1,4.039922183
-0.05555656889,0.001322984699,0.9984546647,0.05560096263,3.117783863,1,4.07406655
-0.009715845581,0.08287881345,0.9965122702,0.0835435106,1.687493237,1,4.00686779
-0.01456741075,0.03792963823,0.9991742256,0.04064204925,1.937489792,1,4.016185269
-0.01688896722,-0.07590342734,0.9969721323,0.077838255,4.493449637,1,3.96301073
0.008187221054,0.03973824402,0.9991765817,0.04058402025,1.367610662,1,4.079373027
0.06281349575,-0.02642093127,0.9976754979,0.06819682095,5.88502609,1,4.118451267
-0.05271465718,-0.01239086383,0.9985327393,0.05417784917,3.372457096,1,4.067088797
0.02789279934,-0.03006986809,0.9991585434,0.0410262031,5.460244947,1,4.054688782
0.05288880234,-0.04491146262,0.9975899634,0.06944069773,5.579174635,1,4.005024366
0.08730251385,-0.03255818324,0.9956496551,0.09331133666,5.926226072,1,4.053888941
-0.01427568434,-0.07219827606,0.9972881298,0.07366270194,4.51717814,1,4.02902426
0.0001309606089,-0.0575076139,0.9983450592,0.05753950802,4.714666251,1,3.74270381
0.06858856062,-0.04042925535,0.9968255036,0.07970166091,5.750562217,1,3.969554147
-0.02108514321,-0.008256559577,0.9997435901,0.02264600855,3.514821014,1,3.950582027
-0.002264129205,0.06770067059,0.9977031086,0.06779043028,1.604227099,1,4.13522111
0.0200485743,0.03066064218,0.9993287646,0.03664179417,0.991693925,1,3.985312978
0.04390674587,-0.04001347597,0.9982340003,0.05943937602,5.544146416,1,3.854597587
-0.0852040975,-0.04447957719,0.995370197,0.09626401172,3.622712987,1,3.944228741
-0.03698620052,0.03387258464,0.9987415426,0.05017412497,2.400107383,1,3.894175442
0.03492906754,0.02105557529,0.9991679654,0.04079583439,0.5424827812,1,4.196731898
0.04043986803,0.05757870879,0.9975215834,0.0704193301,0.95850118,1,3.962258981
-0.03094398322,0.05917185415,0.9977680901,0.06682425687,2.052635741,1,4.149163621
0.01847318209,-0.05204520258,0.9984738547,0.05525456883,5.053462295,1,3.857241251
-0.01451564195,0.04502854041,0.9988802364,0.04732806002,1.882643448,1,3.976289403
-0.02292390703,-0.01953708268,0.9995462955,0.03012436863,3.847396131,1,3.889879081
0.03435918217,-0.0008668156579,0.9994091731,0.034376885,6.257962593,1,4.002901361
0.07561895212,-0.01428314432,0.9970344858,0.07703221502,6.096501537,1,4.207117888
0.03332085938,0.0697255631,0.9970095617,0.0773554124,1.124996038,1,3.918225135
-0.05601144306,-0.00467938288,0.9984191613,0.05623620539,3.224942438,1,4.01528891
-0.03378755746,0.02810489778,0.9990337911,0.04396281548,2.44775285,1,3.937723889
-0.07230268232,-0.04815712694,0.9962194604,0.08698188429,3.729167498,1,3.938316726
-0.0842954987,0.0136704365,0.9963470219,0.08550092751,2.980819554,1,4.098374554
-0.01576505774,-0.05070125344,0.9985894281,0.05312068661,4.410925773,1,3.862023217
0.04040239216,0.06665814403,0.996957541,0.07802567552,1.025893824,1,3.935977399
-0.01207691337,0.008765692796,0.9998886492,0.01492332868,2.513745693,1,3.978350288
-0.04316076668,0.005365257046,0.9990537334,0.04350668607,3.017918421,1,4.148506017
-0.02669879798,-0.01815093591,0.999478723,0.03229000785,3.738660537,1,3.874599253
0.09647261971,0.004231988115,0.9953266418,0.09671610793,0.04383913974,1,4.037186574
-0.03570314583,-0.0488926957,0.9981657125,0.06057802416,4.081658094,1,3.843375579
-0.05666194913,-0.04942232917,0.9971694224,0.07525840824,3.858852423,1,4.096866989
0.009872518288,-0.04275104904,0.9990369769,0.04389026592,4.939340875,1,4.154152023
0.06108134575,-0.03009198615,0.9976790774,0.06814427183,5.825431527,1,4.095407274
-0.008330432381,0.08010137061,0.9967519121,0.08062068898,1.674422426,1,4.024348873
0.06333043084,0.04802781077,0.9968362884,0.07956608777,0.64883554,1,4.00244559
-0.04832771303,-0.01310012139,0.9987456228,0.05009270558,3.406300133,1,3.917778531
0.02549945839,0.02164391174,0.9994405028,0.03345293248,0.7037963392,1,3.820132139
0.05595122032,0.06215605307,0.9964969072,0.08372741502,0.8378854793,1,3.876991222
-0.07017245378,-0.00171313361,0.9975334039,0.07025113208,3.166000998,1,4.095339911
0.05709660312,0.007835121942,0.9983379131,0.0576636368,0.1363739528,1,3.927984018
-0.02396860509,-0.06999541303,0.9972593184,0.07405314862,4.38247292,1,3.823561274
0.01595205312,0.04085675119,0.9990376659,0.04387455958,1.198559605,1,4.135004044
0.03452684328,0.03239976938,0.9988784471,0.04736586602,0.7536266743,1,4.027185604
-0.04898757105,-0.02850645178,0.998392508,0.05670842665,3.668605913,1,3.810958478
0.07433295878,-0.01333130229,0.9971443665,0.07559092082,6.105726132,1,4.172549215
0.07189704525,0.02125446108,0.9971855709,0.07504332457,0.2874368993,1,3.856908866
0.02545345885,0.0399974032,0.9988755324,0.04742738513,1.004057039,1,3.965718275
-0.02003996102,-0.02868282596,0.9993876602,0.03499720717,4.102553122,1,3.828283875
-0.02958097429,0.03890115709,0.9988051191,0.04889005899,2.220928982,1,3.870230979
0.0114205506,-0.06510984718,0.9978127474,0.06615210406,4.886026957,1,3.975221721
0.04325181872,-0.06278653091,0.9970893299,0.07631622685,5.315606684,1,3.829703701
-0.001218175651,-0.02249285206,0.9997462616,0.02252772051,4.658283493,1,3.908595289
0.0008261468853,0.07107416864,0.9974706913,0.07113895751,1.559173121,1,4.030734254
-0.01789657036,0.05378529886,0.9983921346,0.05671501519,1.892013623,1,3.867635238
-0.0755365783,0.01030035222,0.9970898295,0.07630967326,3.006066113,1,4.033327561
0.008208192267,0.07694874124,0.9970012622,0.07746273622,1.464527268,1,3.877054634
-0.08421061469,0.05086404573,0.9951489442,0.09853915936,2.598229906,1,4.103451354
0.07696424388,0.05558876257,0.9954829957,0.09508321619,0.6255147156,1,4.138870014
-0.07133792398,0.05003268598,0.9961965825,0.08724483905,2.529962793,1,3.967446851
-0.05120231407,-0.0263554429,0.9983404798,0.05761908324,3.616955872,1,3.937007432
-0.03305179293,0.0390570951,0.9986902034,0.0511875504,2.273105205,1,3.99271131
0.03644437206,-0.01811542588,0.9991714763,0.04070965769,5.821883963,1,4.057792651
0.03783666038,-0.0675512546,0.9969981019,0.07750356419,5.222966978,1,4.036790669
0.01950993525,-0.05023131549,0.9985470331,0.05391324252,5.082857131,1,4.235182456
-0.06478162641,0.05591743101,0.9963315622,0.08568177083,2.429503351,1,3.997555605
-0.05756727193,-0.002294166603,0.9983389935,0.05764488698,3.181423501,1,4.009590569
0.01324462785,-0.02533863632,0.9995911831,0.02859527068,5.194035039,1,4.119341215
0.04595587466,-0.004707258617,0.9989323797,0.04621277484,6.181111332,1,3.972999585
-0.08752290264,0.03628183467,0.995501567,0.09488740336,2.748614089,1,3.992581469
-0.04997641325,0.02467155051,0.9984456283,0.05576333068,2.683026769,1,4.017140515
0.01173474921,0.06612667135,0.9977422307,0.06721040636,1.395166078,1,4.074035895
-0.02021156762,-0.05865066674,0.9980739411,0.06207539835,4.380524578,1,3.905945046
-0.01882194228,0.01631119002,0.9996897917,0.02490880847,2.42753715,1,4.076915136
-0.07073622655,-0.01107781776,0.9974335407,0.07165972077,3.296938276,1,4.042831372
-0.004544170566,-0.0667271701,0.9977609109,0.06693168463,4.644393212,1,3.934503176
-0.006866583977,-0.02729650189,0.999603797,0.02815063585,4.465946895,1,4.002822859
-0.00437806253,0.04936012634,0.9987714506,0.04957420815,1.659261166,1,4.037900863
0.0004109500965,0.06845587831,0.9976540602,0.06851069416,1.564793261,1,3.868285123
-0.006078985752,-0.07582617829,0.9971025206,0.07614301934,4.632390064,1,4.107273782
-0.04065650084,0.02037617448,0.998965395,0.0454924923,2.677002485,1,4.125323937
-0.05688309456,-0.02849456203,0.9979741347,0.06366395703,3.60598558,1,3.948634857
0.03342401117,-0.03369598887,0.9988730729,0.04747923338,5.493735055,1,4.10125449
0.01522941873,0.001389654617,0.99988306,0.01529328507,0.09099604822,1,4.099945177
0.02382808773,0.0369429775,0.999033252,0.04397507893,0.997946617,1,3.855417364
-0.05484217639,-0.01125026121,0.9984316538,0.05601350413,3.343924501,1,3.939922698
0.00752113794,-0.08185644111,0.9966157512,0.08229409924,4.804013771,1,4.07851494
0.03116883868,0.0751028805,0.9966885476,0.08140370601,1.177413179,1,3.797323918
0.008949541346,0.06667637764,0.997734517,0.06732516526,1.437370211,1,3.964249191
0.01139201284,-0.09485466612,0.9954259462,0.09568223512,4.831916147,1,4.095501329
-0.04953802616,0.01688675955,0.9986294715,0.05236108648,2.813061256,1,4.014498262
0.01901258722,-0.03349659697,0.9992579745,0.0385257661,5.228642347,1,3.911801845
-0.01411616031,0.0483048027,0.9987328872,0.05034640894,1.855110437,1,3.89590564
-0.00973251143,0.05260637603,0.9985678983,0.05352464286,1.753734193,1,4.1408358
-0.03544277229,0.05085847901,0.9980767631,0.0620298913,2.179432083,1,3.991654897
0.07213687314,-0.02059736815,0.9971820395,0.07509041151,6.005054409,1,3.987626307
0.02519021479,-0.005977085696,0.9996648076,0.02589251404,6.050215592,1,3.941050261
0.02543508552,0.005001357538,0.999663965,0.02592504031,0.1941552304,1,3.892144879
0.08701390553,-0.04112166157,0.9953580206,0.09639061334,5.841707405,1,4.039624213
-0.01784394457,-0.02846555745,0.9994354935,0.03360236933,4.152452619,1,4.070578518
0.07902397132,-0.007068077664,0.9968476585,0.07942290745,6.193980481,1,3.896335216
0.02543930883,0.04955263792,0.9984474837,0.05573003171,1.096502493,1,3.815688341
-0.01490134772,0.0911280854,0.9957276846,0.09247011387,1.732882718,1,4.027167177
-0.07726121632,0.0357393054,0.9963701152,0.0852300759,2.708328589,1,4.025631373
0.04048448105,-0.02055688803,0.9989686788,0.04542022802,5.813339405,1,3.85148533
-0.0856801314,0.02596417664,0.9959843255,0.08964781093,2.847352739,1,4.120495797
-0.04843040995,0.003871378983,0.9988190566,0.04860403104,3.061825323,1,4.017506138
-0.04851421256,-0.04199132804,0.9979394268,0.06420718427,3.855043558,1,3.988643641
0.04054977613,0.05229517708,0.9978080628,0.06622293369,0.9112352601,1,3.85070432
0.02395751265,0.01304158929,0.999627908,0.02728058048,0.4985052688,1,4.027426534
0.05712498591,-0.01859136362,0.9981939176,0.06011033675,5.968545867,1,4.044342161
0.05675589241,-0.07296110618,0.9957185575,0.09256890582,5.373503584,1,4.159255775
0.00911055409,0.00565778631,0.999942492,0.01072460495,0.5557282121,1,3.931056111
-0.06027869688,-0.006871643711,0.998157933,0.06070638865,3.255100529,1,4.112959346
0.02774794053,-0.0499819349,0.9983645917,0.05719885042,5.219184704,1,3.688442994
0.01445201611,-0.02512321991,0.9995798933,0.02898745029,5.234407648,1,4.043234573
0.04285838863,-0.04903761019,0.9978769821,0.06517314744,5.430646747,1,4.014213346
-0.05816335304,-0.0259184314,0.9979705703,0.06371995694,3.560793586,1,3.954468826
-0.01344992219,-0.01716956417,0.9997621245,0.02181214773,4.047878051,1,3.928824695
-0.01133629449,0.03387177166,0.9993618922,0.0357260608,1.893760779,1,3.957883444
-0.0438266771,0.06344319395,0.9970226595,0.07718573858,2.175322338,1,4.049658268
0.02796997969,-0.03462600217,0.9990088689,0.04452628061,5.391852143,1,4.139135431
-0.01876709807,-0.01468649267,0.9997160112,0.02383284649,3.805612331,1,4.076412772
0.05295516437,0.03413194315,0.9980134072,0.0630436495,0.5725302818,1,3.884330398
-0.08378471539,0.002691634526,0.9964802439,0.08392642941,3.109478095,1,4.081150797
0.04997276484,-0.03590107644,0.9981051225,0.06157071167,5.660208319,1,4.051888794
-0.03672295407,0.03643403464,0.9986610966,0.05175330584,2.360143777,1,3.961988577
0.02680879018,-0.04093239821,0.9988021964,0.04894982722,5.292238106,1,3.987095538
0.05683769445,-0.01275138842,0.9983019977,0.05828349796,6.062492115,1,4.184856891
0.01042263555,0.08413266364,0.996400052,0.08487767713,1.447540962,1,4.043083784
0.06698378489,0.04345508746,0.9968073174,0.07992975618,0.5754892281,1,3.947140545
0.01452965796,-0.03241156566,0.9993689906,0.03552677115,5.133816804,1,4.051018828
0.03312450282,0.04019596165,0.9986426047,0.05210954748,0.8815466896,1,4.11823212
-0.02297489659,-0.05982612439,0.9979443817,0.06412991419,4.345727088,1,4.079864714
-0.02599644661,0.03270216426,0.9991269955,0.04178831206,2.242447804,1,3.847999818
-0.06540742607,-0.01836495466,0.9976896296,0.06798912504,3.415322485,1,4.065723593
0.02869223137,-0.03171868566,0.9990849217,0.04278359171,5.447731188,1,4.051505234
0.03719473716,0.01946076059,0.9991185267,0.04199054334,0.4820448906,1,4.004908083
-0.04898688307,-0.04066558202,0.9979712399,0.06370944074,3.834438675,1,3.879289398
-0.06020316365,0.00599334299,0.9981681516,0.0605377225,3.042367624,1,3.981617083
-0.02550143422,0.02559287495,0.9993471277,0.03613705499,2.354404846,1,3.965249797
0.03312643374,-0.05849469374,0.9977379467,0.06727416556,5.227671903,1,3.938492372
0.00397085994,-0.02376877989,0.9997095965,0.0241005202,4.877922283,1,3.919302132
0.00917690235,0.03225819713,0.9994374384,0.03354443027,1.293635578,1,3.933595265
0.01936661562,-0.0103952797,0.999758407,0.02198193496,5.790561749,1,4.025955693
0.02320981407,-0.06282039043,0.9977549314,0.06702102934,5.066296538,1,4.049963091
0.01086443266,-0.01167428148,0.9998728295,0.01594823841,5.461871139,1,4.061183955
-0.05476068011,0.07946990087,0.9953320063,0.0966605392,2.174152026,1,4.00373397
0.06912215716,-0.04141208759,0.9967482964,0.08066557363,5.743417154,1,4.033596412
-0.04562960589,-0.05003685728,0.9977044913,0.06777001483,3.973027195,1,3.850155608
0.05734775701,-0.04596332588,0.997295647,0.07356048999,5.60753997,1,3.946251573
-0.05830321495,-0.05829414599,0.9965954684,0.08254047667,3.926913037,1,3.999741839
-0.02257754642,0.06672541052,0.9975159016,0.07050003571,1.897068564,1,3.941973568
-0.01665262784,-0.09125789325,0.995688047,0.09289838974,4.531896109,1,4.064519118
-0.08248737584,0.0165000318,0.9964555092,0.0842209796,2.944167292,1,3.850071719
-0.0489968102,-0.02695315927,0.9984351956,0.05595020431,3.644512856,1,4.026349649
4.596951055e-05,0.07122070204,0.9974605804,0.07128106461,1.570150875,1,3.995119527
0.01527840441,-0.05242996948,0.9985077209,0.05463790656,4.995942785,1,4.099746852
0.03659063575,-0.04502254341,0.9983156294,0.05804900749,5.394836892,1,3.882159552
-0.009897492738,-0.04850461422,0.9987739194,0.04952436261,4.511099742,1,3.812837685
0.06418728803,0.03643707552,0.997272446,0.07387550084,0.5163067017,1,4.034735747
0.06446104033,0.0631663246,0.9959190679,0.09037378866,0.775254012,1,3.852661127
-0.07224813663,-0.04096490043,0.9965450736,0.08314947588,3.657396106,1,4.022024871
0.06015033225,-0.07485459613,0.9953786852,0.09617565814,5.389298292,1,4.092888703
0.06488607599,-0.01957322566,0.9977006996,0.06782598429,5.990210625,1,4.122390505
0.03013168159,-0.04128851298,0.9986928159,0.05113646493,5.342825583,1,3.906824601
-0.0044614115,-0.004216336353,0.999981159,0.006138579488,3.89875653,1,4.069802982
-0.02967291134,0.08019797847,0.9963371932,0.08561594475,1.925172509,1,3.923689833
-0.03552740827,0.05954562505,0.9975931645,0.0693945477,2.108742896,1,3.937759494
0.02344141116,0.01591523956,0.9995985221,0.02833742271,0.5964493585,1,4.048490671
-0.00744791807,-0.005425006384,0.999957548,0.009214368169,3.77112083,1,4.005956944
0.04482600875,0.05691046639,0.9973724619,0.07250778672,0.9036261651,1,4.054082884
0.05359677756,-0.04122003986,0.9977115283,0.06766601895,5.6275864,1,3.888655554
0.04194668157,-0.01539188054,0.9990012842,0.04469635423,5.931500325,1,3.846258514
-0.04222145976,0.03031097622,0.9986483831,0.05199849025,2.518951039,1,3.939537016
-0.03570094134,-0.0615531943,0.9974651107,0.07121742724,4.186804109,1,3.976458477
-0.02660504658,-0.04600227016,0.998586983,0.05316671675,4.188046699,1,4.063448301
-0.07763029224,-0.04484787624,0.9959729945,0.08977428615,3.665461959,1,3.983855465
-0.06267842134,0.03919389076,0.997263884,0.07399141282,2.58276532,1,3.989290884
-0.06494295577,0.02046099937,0.9976791869,0.06814266414,2.836376241,1,4.022637964
0.03393659062,-0.01598983328,0.9992960688,0.03752369484,5.842868233,1,3.931003843
-0.07934212637,0.04143499828,0.9959859276,0.08962991442,2.660318031,1,3.94655991
-0.02245634451,-0.0216009614,0.9995144376,0.03116413505,3.907578017,1,4.02855619
-0.05126535199,-0.08544967662,0.9950227216,0.09981395491,4.172007808,1,3.928999861
0.02746070836,0.03761134095,0.9989150597,0.04658618943,0.940141746,1,3.927434
0.03808851769,0.08506194517,0.9956473926,0.09333561641,1.149795181,1,4.08805291
-0.00407781885,0.02007873816,0.9997900858,0.02049007286,1.771162603,1,4.055106189
0.04940598731,-0.05491998627,0.997267689,0.07393992373,5.444982718,1,3.990178104
-0.07082778347,0.0186638601,0.9973139352,0.07331122857,2.883939259,1,4.063746708
-0.03508187631,-0.06892872218,0.9970045603,0.07742010542,4.241600084,1,3.905244143
-0.08080318118,-0.01241416284,0.9966527652,0.08184257758,3.294035294,1,4.088459713
-0.02795289158,-0.0762857739,0.9966940938,0.08133547002,4.361158652,1,3.858275798
0.01695820615,0.06168698629,0.9979514692,0.06401922448,1.302516251,1,4.047854755
0.04203272898,-0.06116885977,0.9972420069,0.07428676606,5.314444696,1,3.899929969
0.01612132184,0.01615279477,0.9997395612,0.02282323895,0.7863733386,1,3.89338271
-0.03375504413,-0.020255225,0.999224861,0.0393761134,3.682060043,1,4.049827029
-0.04433787999,-0.06362793443,0.996988284,0.07763026461,4.103793423,1,4.105219027
0.06500025401,0.0407523658,0.9970527627,0.07679435024,0.5600053757,1,4.100572987
0.05182641964,0.009902099499,0.9986070151,0.05278841537,0.1887874908,1,4.082446631
-0.03445219339,0.04371210581,0.9984499478,0.0556857765,2.238276793,1,3.909176595
-0.08231948958,-0.03528729448,0.9959810784,0.08968407292,3.546561544,1,4.080162054
-0.01236291165,-0.01079709516,0.9998652815,0.01641472045,3.85948491,1,4.025890046
-0.06109568312,-0.02138850247,0.9979027255,0.06477666325,3.478340574,1,4.131713606
0.01891655624,-0.02133827623,0.9995933382,0.02851979377,5.43769983,1,4.065100407
0.0837740064,0.02700996276,0.9961186565,0.08813463495,0.3118917189,1,3.815185852
-0.07223237687,0.007613146459,0.9973587738,0.07269648782,3.036582374,1,4.007984015
-0.02205173571,0.03217714442,0.9992388865,0.03901820218,2.171603859,1,3.923323578
-0.01773094745,-0.04319660338,0.9989092386,0.04671102122,4.322888707,1,4.07738172
0.01986740364,-0.02296740695,0.9995387859,0.03037267098,5.425541976,1,3.929086911
0.03910593584,0.02900425628,0.9988140362,0.04870725403,0.6381577444,1,3.897873006
0.008806095734,0.07728243526,0.9969703495,0.07786117757,1.457338755,1,4.058946576
0.04792030328,-0.03756869307,0.9981443973,0.06092908787,5.618287548,1,3.982162221
0.05975017914,-0.0512646764,0.9968961074,0.07880989244,5.574074548,1,3.987420916
0.02897416007,0.06419389037,0.9975167379,0.0704881621,1.146817102,1,4.270877588
-0.0291457536,0.02560040561,0.9992472889,0.03880220599,2.420863944,1,4.01768932
-0.02528124677,0.08214708005,0.9962995111,0.08605548713,1.86935333,1,4.129914551
0.03811111421,0.009735999201,0.9992260772,0.03934520755,0.2501141479,1,3.859806825
-0.0005164669364,0.07765966629,0.9969797939,0.07773966266,1.577446617,1,4.083470763
-0.03997805942,0.07298703681,0.9965313077,0.08331505822,2.071904231,1,4.014802539
0.01816622991,0.0647231522,0.9977378923,0.06727497463,1.297160959,1,4.022454749
-0.094822555,0.02040405031,0.9952850636,0.09714572749,2.929643113,1,4.029539829
0.04759640194,0.01068549667,0.9988094927,0.04880048371,0.2208405731,1,3.876221957
0.05327278502,0.02725317148,0.9982080319,0.05987492817,0.4728668512,1,3.992479275
0.03628387897,0.008160591053,0.9993082031,0.03719883411,0.2212283533,1,3.841721502
-0.04384724444,-0.04356188368,0.998088063,0.0618473377,3.923726172,1,3.866781062
0.04424167369,0.05004311105,0.9977666868,0.06684526831,0.8468516887,1,4.018047477
-0.0715962993,0.007231195607,0.9974074793,0.07202279753,3.040934424,1,3.956718509
-0.01266515129,-0.05560707252,0.9983723992,0.05706211587,4.488447644,1,3.947243841
0.08037597391,0.001430679767,0.9967635908,0.08047554185,0.01779796412,1,3.749144229
0.08006650973,0.03618349902,0.9961325757,0.08797635681,0.4244478127,1,4.013091636
-0.03178711879,-0.03905882432,0.9987311887,0.05038014857,4.02927373,1,4.156249071
0.01419075011,0.05177995834,0.9985576891,0.05371513215,1.303305409,1,3.891513613
-0.07988364606,0.009422788881,0.9967596572,0.08052445994,3.024178782,1,4.027484961
-0.02335517254,-0.05408641283,0.9982630895,0.05894766391,4.304762522,1,3.91158347
0.05309039058,0.02980198626,0.9981449053,0.06092074381,0.5115110794,1,4.017046498
-0.07528698408,-0.05017302369,0.9958988592,0.09059742947,3.729426968,1,4.029555381
-0.009417061673,-0.07109759886,0.9974249096,0.07178016848,4.580702899,1,4.097239673
-0.026235892,0.03366525337,0.9990887492,0.04269401072,2.232797608,1,4.078402208
0.03062139398,0.07469451819,0.9967362034,0.08081551254,1.181737589,1,4.086058147
-0.009684684199,0.05779929389,0.9982812472,0.05863864553,1.736811282,1,4.053717052
0.03743698287,-0.09378711198,0.9948881595,0.1011553418,5.092179464,1,3.939601596
-0.04964658748,-0.02918892636,0.9983402341,0.05762335095,3.673092994,1,3.911529252
0.01404620909,0.03141549599,0.9994077099,0.03441942969,1.150347617,1,4.169582875
-0.005394572448,-0.06063244073,0.9981455834,0.06090960512,4.623650919,1,3.889492467
-0.03456093715,0.09095767146,0.9952548637,0.09745659365,1.933914727,1,3.913516645
-0.05142900032,0.06166159229,0.9967712405,0.08038032647,2.265958832,1,4.152757996
0.07465190071,-0.0658647636,0.9950321234,0.09971956015,5.560240304,1,4.031251704
0.07152927069,-0.02403841804,0.9971487943,0.07553226685,5.958979104,1,3.943708522
-0.02613152781,-0.01567163575,0.9995356637,0.03047530802,3.681807256,1,3.960790929
-0.03791864486,-0.049799416,0.9980391749,0.06263331845,4.061614297,1,3.977434804
-0.03821834896,0.01034442769,0.9992158679,0.03960390438,2.877259687,1,3.980648206
0.02894123021,0.04063267214,0.9987549205,0.04990667277,0.9518861608,1,3.976266797
0.01632138181,0.03029133779,0.9994078484,0.03441540632,1.076582145,1,3.954343993
0.01328986321,0.07515406883,0.9970833694,0.07639436527,1.395770828,1,4.087851958
-0.03107726121,0.0278475825,0.9991289787,0.0417408151,2.410949839,1,3.97294698
-0.00815859021,0.01277666605,0.9998850905,0.01515992729,2.139082966,1,3.990966175
0.01317288991,0.08076394017,0.9966462065,0.08192276642,1.409116401,1,4.222265112
-0.02706363246,-0.00491889717,0.9996216105,0.02751048274,3.321383085,1,3.981172118
-0.03321282453,-0.07829858838,0.996376555,0.08515439328,4.311211686,1,3.834698617
-0.0188556292,-0.01577908434,0.9996976972,0.02458934947,3.838394988,1,3.954013219
1.371850389e-06,-0.09057113424,0.9958899887,0.09069542139,4.712404127,1,4.054459156
0.0361642675,0.02409585089,0.9990553217,0.04347015342,0.587741044,1,4.057604775
0.03449811911,-0.04986315854,0.9981600799,0.06067099057,5.31762815,1,3.972278976
-0.008473658724,0.02747051281,0.9995866986,0.0287516909,1.869999873,1,3.941141927
0.03189190255,-0.01720693183,0.9993431983,0.03624565024,5.788408873,1,4.11708862
-0.06533966704,-0.03200258269,0.9973497694,0.07282035434,3.597037312,1,4.05420219
-0.003749320374,-0.06094896465,0.9981338419,0.06110219037,4.650950665,1,3.818077115
-0.05043756131,-0.02494428667,0.9984156624,0.05629842108,3.600876989,1,3.922949142
0.02271831495,0.02011582094,0.9995395099,0.03034881924,0.724715283,1,3.952454832
-0.07190326438,-0.03070564328,0.9969388567,0.07826501544,3.545190791,1,4.171830632
-0.008494714394,-0.02279026006,0.9997041782,0.02432432546,4.355606049,1,3.976464282
0.03444465,0.001307593524,0.9994057516,0.03447629004,0.03794394574,1,4.005032517
0.08305724786,-0.01889306294,0.9963656687,0.08528229402,6.059520778,1,4.023023658
-0.008193278621,-0.0729619376,0.9973010708,0.07348665317,4.600562219,1,3.833292903
-0.05352422405,-0.02152942052,0.9983344337,0.05772397885,3.524025945,1,4.016597693
0.04362297511,-0.03459565732,0.9984488853,0.05570486277,5.61269013,1,3.948040354
-0.04105617811,-0.0007331139066,0.9991565707,0.04107427136,3.159447116,1,4.062777718
-0.002455800972,0.02152068921,0.999765387,0.0216620501,1.684418328,1,3.96897956
-0.03093249341,-0.02691170239,0.999159117,0.04101221411,3.857591738,1,4.155556304
0.07432960871,-0.01241383043,0.9971564602,0.07543060997,6.117702038,1,3.998557229
0.04911880492,0.01815142112,0.9986279933,0.0523893232,0.3539762876,1,3.937768167
-0.02486094056,-0.06668613004,0.9974642318,0.07122977783,4.355543846,1,4.09548217
-0.003150761426,0.07521478923,0.997162378,0.07535204032,1.612662035,1,3.924942486
-0.02417469414,-0.04447953734,0.9987177554,0.05064619894,4.214548727,1,3.883308763
0.08723178966,0.01896104744,0.9960075771,0.08938772119,0.2140345752,1,4.00903234
0.06415603149,0.006459684961,0.9979189727,0.06452518068,0.1003489063,1,4.090499249
-0.03791128288,0.006191528465,0.9992619274,0.03842299786,2.979705604,1,3.828051166
0.002403378752,-0.03477980418,0.9993921097,0.03486981124,4.781382013,1,4.210282982
0.002192377123,-0.01652989678,0.9998609683,0.01667542438,4.844250407,1,3.884714357
0.03418387309,-0.05208850121,0.9980572383,0.06234406324,5.293155991,1,4.043224878
-0.02816385584,-0.06241109213,0.9976530724,0.06852512268,4.288484718,1,4.075244562
0.0163062402,-0.04098747549,0.9990265929,0.0441262967,5.091027331,1,4.157911605
-0.04930346188,0.03321644076,0.9982313543,0.05948390196,2.548726868,1,4.060598856
-0.01681935846,0.09441554546,0.9953907845,0.09604957704,1.747088833,1,3.962552089
-0.01047572466,-0.04303437642,0.9990186693,0.04430555787,4.473606272,1,4.107369993
-0.03091775614,0.0722469571,0.9969074528,0.07866565251,1.975159144,1,4.002798153
0.04280882645,0.07564456759,0.9962154906,0.08702756881,1.055812153,1,4.175329305
-0.01876430569,-0.04120618598,0.9989744497,0.0452929505,4.285073423,1,4.075581156
-0.08072001463,0.03071680907,0.9962633973,0.08647464386,2.777978035,1,4.048505746
-0.0192232062,0.02798877925,0.999423382,0.03396095928,2.172620631,1,3.892271802
0.03104451295,0.03178332049,0.9990125418,0.0444436883,0.797156861,1,4.161704174
-0.06180208576,-0.06251495045,0.9961286981,0.0880204785,3.932725002,1,3.862981265
-0.03710589946,0.03245014886,0.9987843311,0.04931359411,2.423030031,1,4.137108934
0.04442446246,0.04197739427,0.9981304351,0.06115795484,0.7570837926,1,3.782771772
0.06334910507,0.04128141425,0.9971372703,0.0756848289,0.5775339427,1,4.113022313
0.005736226822,0.01936307837,0.9997960627,0.02019625105,1.282787483,1,4.197011476
-0.03539524748,-0.06055691412,0.9975369851,0.07020009481,4.183447816,1,4.014725653
0.05975992336,0.04686542396,0.9971120216,0.07601801829,0.6650498029,1,3.946471114
0.0324662881,0.0564124292,0.9978795408,0.06513384688,1.048573913,1,4.128699051
0.004018672542,0.03276942971,0.9994548588,0.03302092527,1.448770816,1,4.093195054
-0.008283931727,-0.02637880213,0.9996176946,0.02765247924,4.408104061,1,3.925266659
-0.003396427982,0.05711077833,0.9983620702,0.05724294018,1.630197239,1,3.996949571
-0.01323501801,-0.05626980293,0.9983278738,0.05783757297,4.481381427,1,3.923245838
0.06019817472,-0.05339509079,0.9967573145,0.08055357848,5.557605546,1,4.041278235
0.02025786394,0.02579148871,0.9994620643,0.03280194794,0.9049919768,1,4.026973659
0.08512141887,0.008117567886,0.9963375177,0.08561215023,0.09507704715,1,4.044310827
-0.02894303,-0.0235960207,0.9993025212,0.03735130311,3.825567924,1,4.088095644
-0.01276313919,-0.04605758855,0.9988572475,0.04781151007,4.442059743,1,3.938548909
-0.04182860687,0.08043055518,0.9958821685,0.09078172442,2.050361793,1,3.91369254
-0.02322683164,0.03049769126,0.9992649324,0.03834469126,2.221675835,1,3.960535852
-0.07375294381,-0.06166292923,0.9953683672,0.09628304681,3.837946278,1,4.020227249
0.0680076286,0.01730301737,0.9975347453,0.07023201975,0.2491414503,1,4.040407419
-0.006392445539,-0.003896067565,0.9999719783,0.007486237333,3.688953582,1,3.878128866
-0.01281569572,0.01460471662,0.9998112123,0.01943160637,2.291042703,1,3.877529013
-0.0655841761,0.04131730688,0.9969912718,0.07759172864,2.579413813,1,3.990994399
0.008448928509,0.01371953411,0.9998701866,0.01611311509,1.018816891,1,4.173398725
0.01622695745,-0.0857480867,0.9961846975,0.08738113169,4.899417187,1,4.134070861
-0.03944819168,-0.0007653707523,0.999221324,0.03946586005,3.160992142,1,3.937271409
0.04523360424,0.008916131263,0.9989366465,0.04612032181,0.1946180598,1,3.861913431
0.02829806343,-0.0119593822,0.999527985,0.03072628012,5.883330629,1,3.889451929
-0.07666606967,0.02469546698,0.9967509457,0.0806326889,2.829970268,1,4.034006883
0.0639599502,0.008122798265,0.997919408,0.06451842914,0.1263219624,1,4.153679519
-0.06890942327,0.00507823486,0.9976099954,0.069151388,3.068031283,1,3.966417937
-0.06096160311,0.06831277051,0.9957997029,0.09168686706,2.299390818,1,4.050648609
0.06409521654,-0.01482575415,0.9978336536,0.06583508247,6.055874728,1,3.952016408
0.02549024441,0.06193367913,0.9977547128,0.06702429358,1.180353011,1,3.960462701
0.04657614884,-0.0452872206,0.997887634,0.06500938611,5.51181715,1,4.082488868
0.03988681671,-0.02268879561,0.9989465754,0.04590445841,5.766000732,1,3.951560106
0.0331231047,-0.03612915142,0.9987980498,0.04903449854,5.454407173,1,3.987043896
0.01769307568,0.03413551926,0.9992605873,0.03845786802,1.09260144,1,4.012867882
-0.02997569043,-0.09506966808,0.9950192039,0.09984924927,4.406953116,1,3.891123079
0.01093000903,0.08917770705,0.9959557578,0.0899663397,1.44884021,1,4.1156943
-0.07430929654,0.05348362446,0.9957999952,0.09168367514,2.517738626,1,4.094883684
-0.04076013367,0.02018936919,0.9989649648,0.04550195183,2.681694871,1,3.921597129
-0.01314370736,0.01950635593,0.9997233342,0.02352354193,2.163732596,1,3.966438762
0.007743846622,-0.01093905924,0.9999101809,0.0134030196,5.328402577,1,3.854643708
-0.03823740845,0.003273310432,0.9992633217,0.03838668512,3.056195925,1,3.965271603
0.04674296354,0.01234348222,0.9988306833,0.04836413346,0.258177911,1,3.998099757
0.06877152151,-0.06593322057,0.9954512988,0.09541649596,5.518854561,1,3.900586415
0.04349354966,0.04840655005,0.997880312,0.06512199756,0.8388075499,1,4.110893556
-0.006443837599,-0.02686895911,0.9996181951,0.02763436951,4.477009845,1,4.049470691
-0.08625680051,-0.01216470152,0.9961986671,0.08722091107,3.281697571,1,4.167764574
0.01162113534,-0.004125911413,0.9999239601,0.01233213854,5.942031901,1,3.966360983
-0.03689993898,0.06625788138,0.9971199966,0.07591293496,2.078932257,1,4.045902652
-0.01959153253,0.04677720122,0.9987132047,0.0507360097,1.967426385,1,4.120274745
0.007737689825,0.06230630876,0.9980270798,0.06282625664,1.447241015,1,4.059331403
0.0238993452,0.02476269524,0.9994076397,0.03442147076,0.803138058,1,4.149707676
0.08181941655,-0.005438177571,0.9966323341,0.08209211694,6.216817311,1,3.926845947
0.07290727973,0.03501098452,0.9967240137,0.08096636988,0.4476926406,1,3.992027959
-0.07118173019,0.0135774133,0.9973709516,0.07252863118,2.95311374,1,3.747287197
-0.0352549135,-0.06079658674,0.9975273761,0.07033695369,4.186892661,1,4.009289507
0.04476093309,0.02541067562,0.9986744997,0.05149355663,0.5163290381,1,3.89873597
-0.026690012,0.0703410747,0.9971658721,0.07530561243,1.933451354,1,3.922342638
0.01285101072,0.04046863092,0.9990981641,0.04247285063,1.263312963,1,4.116085916
0.01542552353,-0.008418860143,0.9998455761,0.01757429311,5.783591892,1,3.984928056
0.01903920875,-0.02259777948,0.9995633291,0.02955343223,5.412527761,1,4.003942715
-0.03663121544,-0.06842724131,0.9969833834,0.07769342985,4.220877759,1,3.947619965
0.06964258797,-0.01341335561,0.9974818253,0.07098214231,6.092912477,1,4.22197832
-0.03557426725,-0.003026718783,0.999362452,0.0357103836,3.226469932,1,4.025369522
-0.001143577964,-0.07028224077,0.9975264903,0.07034955687,4.696119194,1,4.081629605
0.01767121218,-0.07696458168,0.9968772148,0.07904950136,4.938079212,1,4.113507385
0.008613992715,0.04701619657,0.998856985,0.04781700242,1.389592681,1,3.91668456
0.02280460624,0.03788692296,0.9990217871,0.04423510989,1.028971885,1,3.863129257
-0.01247494087,-0.004439425185,0.9999123298,0.01324171038,3.483484992,1,3.973990159
0.005458286266,-0.02593029103,0.9996488519,0.02650164698,4.919858531,1,3.965071177
0.02401082286,-0.07436779981,0.996941779,0.07822763,5.024689404,1,4.279328583
0.02025492916,-0.01513314992,0.9996803117,0.02528657059,5.641520847,1,3.962092884
0.0638480505,-0.03833475855,0.9972230807,0.07454133671,5.742467263,1,3.884275888
-0.04177707129,0.03434256261,0.9985365615,0.05410721863,2.453554435,1,4.08032858
0.03015102225,-0.05302371375,0.9981379672,0.06103459531,5.229424967,1,4.112831134
-0.03848557377,-0.02902727754,0.9988374631,0.04822369085,3.787800493,1,4.060756248
0.002239311315,-0.001153449428,0.9999968275,0.002518923216,5.807537799,1,3.796199798
0.08401550428,0.00168982641,0.9964630146,0.08413171081,0.02011055709,1,4.010406987
0.004995542963,-0.04366553402,0.999033716,0.04396452355,4.826298452,1,4.040248101
0.05520796074,0.07130074492,0.995925843,0.09029868686,0.9119255426,1,4.060428497
0.07112392569,-0.01509102113,0.9973533217,0.07277151399,6.074106827,1,4.014785747
0.08457449638,0.04273970534,0.9955001116,0.09490276404,0.4679182889,1,3.884245098
-0.009484760292,0.01943249584,0.9997661814,0.02162534319,2.024868683,1,4.192305368
0.06004090499,-0.01287335732,0.9981129026,0.06144414032,6.071973357,1,4.06993708
0.02547653748,0.04190309732,0.9987968144,0.0490596972,1.024524737,1,3.88096608
-0.06061841069,-0.006974208207,0.9981366483,0.06105621434,3.256140005,1,4.103804183
-0.009853059002,-0.02079551153,0.9997351969,0.02301368218,4.269914472,1,3.866355455
-0.08009805851,0.009559647376,0.996741147,0.08075425115,3.022805238,1,4.002603947
0.01559221117,-0.06008864268,0.998071259,0.06211861817,4.966276299,1,4.112423221
-0.02750177707,0.0532995995,0.9981997821,0.06001263712,2.047149756,1,4.12332536
-0.03875625004,0.06915838241,0.9968525825,0.07936082071,2.081587921,1,4.098520042
0.05950931378,-0.006437617485,0.9982069919,0.05989230637,6.175426038,1,3.854225991
0.02820633546,-0.03648636237,0.998936008,0.04613416896,5.370489111,1,3.77103756
-0.06017954865,-0.02813787572,0.9977909009,0.06648177127,3.578957584,1,3.992139101
-0.006416357418,-0.07156004258,0.9974156559,0.07190908137,4.622964147,1,3.875850689
0.04927527917,0.04334966816,0.9978440525,0.0656768242,0.7215109812,1,4.099045314
0.08904376871,-0.008439424196,0.9959919595,0.08956250076,6.188689203,1,4.03391546
-0.0285234043,-0.08254610051,0.9961789782,0.08744664208,4.379688351,1,3.932687934
-0.02460005712,-0.03248014131,0.999169594,0.04075588145,4.064176533,1,4.020903307
-0.004060892911,-0.05825738902,0.9982933365,0.05843199696,4.642795494,1,4.032715967
0.05230841948,0.06499052187,0.9965139544,0.08352332491,0.8930976049,1,3.802973617
-0.05015391702,-0.02637705271,0.9983931268,0.05669750782,3.625762232,1,3.955407729
0.07930488179,0.0169748379,0.9967058697,0.0811903995,0.2108634706,1,4.014227934
0.009563472721,-0.02055632408,0.9997429557,0.02267400643,5.147837909,1,3.892615488
-0.02203493508,-0.01137337208,0.9996925067,0.02479955703,3.618078076,1,4.221531815
-2.186222927e-05,0.06397019234,0.9979518095,0.06401390627,1.571138083,1,4.083152371
0.06236293517,0.01192536255,0.9979822894,0.06353565057,0.1889441576,1,3.838144876
-0.01705592898,-0.01115288662,0.9997923326,0.02038011519,3.720705245,1,3.948349684
-0.06078434483,0.04573521586,0.9971025792,0.07614224915,2.496546023,1,3.965331933
-0.00566584707,0.02665261558,0.9996286992,0.02725156076,1.780259484,1,4.15970971
0.02619721613,0.02427316434,0.9993620562,0.03572146823,0.74729422,1,3.814633799
0.06070879974,0.02668513391,0.9977987499,0.06636351675,0.4141378218,1,3.785079748
-0.007318877411,0.07311526286,0.9972966421,0.07354694813,1.670564524,1,4.016646453
-0.02783128489,-0.08957439573,0.9955912049,0.09393655864,4.411139513,1,3.966860507
0.0788298519,-0.04035665533,0.9960708784,0.08867578347,5.810026353,1,4.100014575
0.07669763406,-0.01335333778,0.996964975,0.0779302446,6.110809491,1,4.05157405
-0.02855136348,0.07580794249,0.9967135875,0.08109518072,1.93099317,1,4.067532818
0.02813480158,0.01161768021,0.9995366239,0.03044378183,0.3916022851,1,3.986890591
-0.01479237579,0.007683191804,0.9998610674,0.01666947973,2.662544076,1,3.980139064
-0.04965070297,-0.05317763477,0.9973499621,0.07281770666,3.961276596,1,4.127747273
0.02312256772,0.0232818431,0.9994615063,0.03281895799,0.7888304826,1,4.172615448
-0.03016933338,0.06843372627,0.9971993965,0.07485868929,1.986019088,1,3.778345933
0.01826777257,-0.007709363692,0.9998034078,0.0198292041,5.88384153,1,3.995399343
-0.08514936978,0.04428647915,0.9953834902,0.09612560733,2.661991951,1,3.975957457
0.0484820984,0.02999510333,0.9983735673,0.05704162967,0.5540446457,1,3.97700927
-0.06557460574,-0.01135712975,0.9977830359,0.06660005648,3.313085472,1,4.241894851
-0.05296763891,0.04534344862,0.9975662389,0.06978178829,2.43359126,1,4.100107938
0.05809750215,0.06475577837,0.996208497,0.08710799485,0.8395421676,1,3.936043374
0.004662210659,-0.08679742725,0.9962150724,0.08703238083,4.766051109,1,4.10640667
-0.04916744935,0.03167146976,0.998288275,0.05851860549,2.569337212,1,4.157090904
0.004698780099,-0.04046920811,0.9991697377,0.04075235581,4.827978951,1,4.117667964
-0.04375217357,0.02594151027,0.9987055549,0.05088662848,2.606395781,1,3.999915846
0.03064304616,0.05830563352,0.9978283704,0.06591534006,1.086911267,1,4.169074488
0.03047279267,-0.04977626733,0.9982954133,0.05839642521,5.261727327,1,3.970886046
-0.01368249776,0.09812025734,0.9950805014,0.0992324285,1.70934908,1,3.933993399
-0.03770975332,-0.05631676528,0.9977005545,0.06782812515,4.122357776,1,3.937423473
-0.02254805118,-0.02158162581,0.9995127907,0.03121694559,3.905094647,1,4.097061398
0.04996280693,-0.04414971481,0.9977747845,0.06672392739,5.559476238,1,3.929976695
0.03682844247,0.0635097708,0.9973014463,0.0734815385,1.045297658,1,3.844785719
-0.03054422001,0.01532089856,0.9994159898,0.03417797658,2.676668014,1,4.061842589
0.04065187048,-0.02905775733,0.9987507558,0.04999008725,5.662598615,1,4.171180991
-0.03642867745,0.009269430797,0.9992932648,0.03759836281,2.892426195,1,3.926478191
0.04525590804,-0.05797469609,0.9972917514,0.07361347599,5.375197428,1,3.875950253
-0.02734379902,0.04951013184,0.9983992506,0.05658933995,2.075393647,1,4.290159465
-0.0452617109,-0.07022809908,0.9965035833,0.08364754679,4.139892922,1,4.062901894
0.00469451111,-0.01163772877,0.9999212593,0.01254924031,5.095811964,1,4.006344688
0.05876627514,-0.05492156252,0.9967598241,0.0805223849,5.531592413,1,4.10055686
0.007373977224,-0.02845054909,0.999568002,0.02939486555,4.965994206,1,3.938127241
0.03142753828,0.04996781822,0.9982562431,0.05906375997,1.009357602,1,3.979238118
0.0213450081,0.0161135468,0.9996423081,0.02674745514,0.6466357139,1,4.026595726
0.07951111998,-0.01072581216,0.9967762732,0.08031762435,6.149097729,1,4.025647997
-0.01645084249,0.06030774828,0.9980442602,0.06255202057,1.837098917,1,4.120041723
-0.01618715664,0.08136247795,0.9965531211,0.08305252436,1.767183151,1,4.039002629
0.04426747623,-0.02989172791,0.9985724186,0.05344008257,5.689262135,1,3.985101354
0.04431913875,0.04296683485,0.9980930142,0.06176717872,0.7699066055,1,4.008551289
0.03516071023,-0.03665016041,0.9987094123,0.05081073524,5.477048826,1,4.011630531
-0.0623046157,0.004142155778,0.9980485847,0.06248280256,3.075208017,1,3.856681801
-0.0002555690364,-0.02808866941,0.9996054028,0.02809352736,4.703290579,1,4.043344322
0.05376334392,0.05090668466,0.9972552393,0.07410826189,0.7581128904,1,3.979716562
-0.09267955878,0.00384857912,0.9956885496,0.09289297129,3.100090845,1,3.850332883
0.001031216459,0.02096222513,0.9997797366,0.02098911572,1.521641917,1,4.126548509
-0.02592578528,-0.07702085855,0.9966923502,0.08135692725,4.387694732,1,3.949658611
-0.09700894234,-0.03550417691,0.9946500483,0.10348651,3.492439699,1,3.997467682
-0.05238374665,-0.027510763,0.9982480158,0.0592029735,3.625178761,1,4.117871087
-0.01915571114,0.08637939993,0.9960781385,0.08859376596,1.789027136,1,4.026780535
0.02964901242,0.0337497259,0.9989904364,0.04493848,0.8499894978,1,4.104693665
-0.06594208825,-1.167795126e-05,0.9978234517,0.06598997302,3.141769748,1,4.050939429
0.0282635591,-0.03576774205,0.9989603795,0.04560264603,5.381123777,1,3.902194489
0.06202545647,0.001678721857,0.998073156,0.06208805277,0.02705844076,1,4.000130438
-0.01024332908,0.04659039283,0.9988615567,0.04772126042,1.787212381,1,3.956384566
0.07393947995,0.02184985989,0.9970233382,0.07717693593,0.2873325069,1,4.105708571
-0.06893849323,-0.0109894821,0.9975603818,0.06986573914,3.299672546,1,3.863285742
0.0266380615,0.02519552697,0.9993275735,0.0366742935,0.7575752339,1,3.988700759
0.02503808614,-0.09663589782,0.9950048228,0.09999341309,4.965911175,1,3.902580137
0.04432633618,-0.01544986914,0.9988976311,0.04695894957,5.947804346,1,4.04882517
0.03866130183,-0.004021259099,0.9992442811,0.0388796644,6.17954547,1,3.887986283
-0.01247136109,-0.08972017812,0.9958889269,0.09070714391,4.574271147,1,4.076481324
-0.03781088677,-0.06595200166,0.997106148,0.07609531967,4.191826339,1,4.063182999
0.06710627853,-0.0141741995,0.9976451471,0.06864077132,6.075024768,1,4.04217276
-0.006084627088,0.02340474667,0.9997075548,0.0241850964,1.825140091,1,3.964467041
-0.01382645783,-0.05867709573,0.9981812598,0.06032067188,4.48097404,1,3.903691044
0.001905586053,-0.03339157133,0.9994405293,0.03345213973,4.769395025,1,4.059182402
-0.04373011544,-0.06245655351,0.9970891916,0.07631804073,4.101549894,1,3.982345915
-0.01023248305,0.06132580121,0.9980653498,0.06221373435,1.73612771,1,4.130137601
-0.04665882794,0.05166636285,0.9975738272,0.06967287108,2.305310152,1,4.01332231
0.07325839591,0.03732161392,0.9966144212,0.08231027729,0.4711803426,1,3.917350606
-0.01414369483,-0.02866578917,0.9994889836,0.03197060787,4.254035454,1,4.024499053
-0.02086404252,-0.02386991203,0.9994973332,0.0317083251,3.994084322,1,4.046407328
-0.06368296408,0.0353941769,0.9973423346,0.072922472,2.634317148,1,4.067340965
-0.06069571436,-0.06124548799,0.9962755746,0.086333535,3.931499301,1,3.852956352
-0.02655039042,-0.0620071108,0.997722504,0.06750349662,4.3078254,1,3.859510699
0.03279102324,0.01492256464,0.9993508222,0.03603465102,0.4270710691,1,4.063857178
-0.01305547805,0.01260432335,0.9998353292,0.01814802,2.373774838,1,3.898863326
0.003096363328,0.08101409675,0.9967081462,0.08116232448,1.532594865,1,3.916149995
0.00851345346,0.01078945492,0.9999055499,0.01374420321,0.9027660235,1,3.978839332
0.06203533738,0.06102357858,0.9962066752,0.08712893225,0.7771766055,1,3.960944792
0.04764965934,-0.03160446771,0.9983639955,0.05720927796,5.697539706,1,3.961554187
-0.002967407654,-0.03376424125,0.9994254202,0.03390088054,4.624728109,1,3.876957105
-0.08369451086,-0.03926672083,0.9957175069,0.09258027058,3.580271217,1,4.129793687
0.05734407841,-0.04716007313,0.9972399832,0.07431402708,5.594931129,1,4.020162721
0.0563894633,0.05398480587,0.9969482781,0.07814442211,0.7636152143,1,4.046764919
0.004224237319,-0.04705683581,0.9988832815,0.04726365251,4.801917842,1,4.045743818
-0.04049297663,0.05004568159,0.997925723,0.06442040848,2.251073736,1,4.111166417
0.002890107488,-0.07979199247,0.9968073461,0.07992939633,4.748593674,1,4.057260494
0.02052967926,-0.09120484659,0.9956205142,0.09362356778,4.933793053,1,3.94325725
-0.02283262933,-0.05552267243,0.9981963253,0.06007024467,4.322238584,1,3.939168898
0.06403339103,-0.04279743567,0.9970296406,0.07709514929,5.694010465,1,4.062577165
0.04121150656,-0.001286824305,0.9991496163,0.04124328366,6.25197057,1,3.989867587
0.07406099448,0.05090497945,0.9959536396,0.089989913,0.6021777326,1,4.096083193
-0.01079934801,0.03507334749,0.9993263903,0.03670654776,1.869491861,1,3.959384987
-0.05809367202,0.05625615994,0.9967248215,0.08095638195,2.372262323,1,3.905700757
-0.06442261509,-0.04003453269,0.9971193323,0.07592169386,3.697624991,1,4.044406515
0.01569311288,-0.001298705737,0.9998760121,0.01574741013,6.200617044,1,3.893551017
0.04975372917,0.0388352124,0.9980062088,0.06315780446,0.6627673967,1,4.062083986
-0.009954631339,0.0120242817,0.9998781536,0.01561082417,2.262306069,1,3.882112497
-0.06180016746,0.02452145177,0.9977872708,0.06653639219,2.763859886,1,3.93449083
0.01048811979,0.03936203788,0.9991699702,0.04074664812,1.310393742,1,3.931511526
0.02499067219,0.04691910966,0.9985860321,0.05318460811,1.081384301,1,3.865451152
-0.01673463203,0.0006614293104,0.9998597475,0.0167484813,3.102088636,1,4.112675002
0.05041281869,0.0341782008,0.9981434758,0.06094421912,0.5957848009,1,4.016057471
-0.06930178904,-0.008045757127,0.9975632951,0.0698239942,3.257172616,1,3.858818227
-0.0546289093,-0.07348626607,0.9957989009,0.09169562664,4.073132115,1,4.01010436
0.0007368686079,0.06187116823,0.998083872,0.06191510683,1.558887165,1,4.107593392
0.06316698938,0.06029368826,0.9961800051,0.08743488339,0.7621293576,1,3.998562107
-0.002941441437,0.001277556638,0.9999948579,0.003206908783,2.73184592,1,4.125637915
0.06117945174,0.01624929554,0.9979945065,0.06334294207,0.2596067833,1,3.957318616
0.05599793844,0.01138864006,0.9983659298,0.05717543937,0.2006396533,1,3.880739627
-0.07979913483,0.04313074972,0.9958774204,0.09083408287,2.646078975,1,3.943542712
0.01063639815,-0.06773142557,0.997646892,0.06861532596,4.868154714,1,3.967986501
-0.003430849104,0.02410330776,0.999703586,0.02434866159,1.712185905,1,3.83690565
-0.0003683543108,0.09171692408,0.9957850522,0.09184674315,1.574812514,1,4.027510691
-0.04122514224,-0.02838004843,0.9987467449,0.05007028933,3.744501754,1,4.04313081
0.03314903503,0.03724673523,0.9987561375,0.04988227044,0.8435420183,1,3.971134067
-0.01733314087,-0.07606119305,0.9969524849,0.07809051485,4.488331057,1,4.171572854
0.01356546354,0.09610498569,0.9952787599,0.09721069688,1.430570173,1,3.859527587
-0.008631663777,0.05685035661,0.9983453968,0.05753363669,1.721476798,1,3.982549915
-0.08083876516,-0.06495782713,0.9946082519,0.1038903291,3.818493262,1,4.026896701
-0.04954330723,0.02552706314,0.998445707,0.05576191962,2.665821616,1,4.04929413
-0.003482266025,0.05686765611,0.9983756525,0.05700504255,1.631954524,1,4.089174492
0.01300309004,0.01993033109,0.9997168107,0.02379927264,0.9927167089,1,3.992716054
-0.007586159189,-0.0406912245,0.99914297,0.04140416589,4.528072653,1,3.962227778
-0.01466627192,0.07987428838,0.9966970445,0.08129914331,1.752390466,1,4.216750928
0.03380040659,0.04997965053,0.9981781239,0.06037266877,0.9761655209,1,4.168529292
0.08126290658,-0.03874703546,0.9959392588,0.09014979124,5.838260518,1,4.06622467
0.0005492679838,0.03368783886,0.9994322527,0.03369869406,1.554493134,1,3.932817689
-0.01839687635,-0.006295903967,0.9998109404,0.01944559397,3.471325852,1,4.044184926
-0.0498238318,0.02808893887,0.9983629587,0.05722740862,2.628242667,1,4.047927676
-0.06480398404,0.0220171911,0.9976550942,0.06849558849,2.81407774,1,4.076372779
-0.0260727998,-0.06988607595,0.9972141924,0.0746605924,4.355306395,1,4.176615606
-0.01876751968,-0.06183199932,0.9979101082,0.0646625106,4.417701948,1,3.874360511
0.06228845755,-0.04179423933,0.9971827263,0.07508125654,5.692203266,1,4.013497997
-0.03932387233,-0.07558444785,0.9963637008,0.08530539373,4.232661849,1,3.770114748
0.0492764731,0.02831994411,0.9983835986,0.05686540321,0.5216203105,1,3.889841793
-0.02088761453,0.06808464732,0.9974608706,0.07127699022,1.86846978,1,3.871001234
-0.01384304845,-0.04766317912,0.9987675362,0.04965313776,4.429730486,1,3.932201218
-0.06080450735,0.05916481055,0.9963946693,0.08494114612,2.369861274,1,4.025886472
-0.07567999682,0.04034332847,0.9963156899,0.08586704476,2.65183427,1,3.930925454
-0.06935454001,0.05030077431,0.9963231303,0.08578024463,2.514107441,1,3.903261682
0.06081037085,0.05914608926,0.996395423,0.08493226249,0.7715250063,1,3.963238683
0.01053179924,-0.02454417728,0.9996432687,0.0267115165,5.117723543,1,3.941066415
0.04599084454,-0.03103475387,0.9984596568,0.05551105833,5.68957108,1,3.919243754
-0.04010650138,-0.04870246633,0.9980077847,0.06313283044,4.023481869,1,4.310874927
0.03617915819,0.07444003477,0.9965689889,0.08286102606,1.118397174,1,4.061612008
0.07961143454,-0.0236700229,0.9965449059,0.08315149466,5.994189602,1,3.966834654
0.02230278638,-0.05315949847,0.9983369438,0.05768045286,5.109629889,1,3.961165738
0.08921672514,0.005825940028,0.995995198,0.08952628622,0.06520840251,1,4.109180766
0.05605772235,0.01634098926,0.9982937964,0.05842412271,0.2836431854,1,4.08984062
0.06183236795,-0.004643715562,0.9980757457,0.06204630094,6.208224335,1,4.094448898
-0.03628798841,-0.01531603644,0.9992239994,0.03939799512,3.540978135,1,4.25991024
-0.02302253265,-0.04437033481,0.9987498367,0.05000847601,4.23375786,1,3.890956359
0.02782508527,0.04007028107,0.9988093598,0.048803208,0.963833898,1,3.860374561
0.01264743083,-0.0439879336,0.9989520029,0.04578602744,4.992357699,1,3.985759711
-0.06173229659,0.05221036769,0.9967262418,0.0809388167,2.43956849,1,4.114507887
-0.007334993068,0.005758454633,0.9999565181,0.009325472856,2.476024294,1,4.109631036
0.03951478125,0.06238204639,0.9972698042,0.07391128524,1.006156552,1,4.099854091
-0.01684041148,-0.07774317481,0.9968311789,0.07963034654,4.499068784,1,4.084552575
0.02504965505,-0.04385428244,0.9987238441,0.05052578474,5.231364299,1,4.065273066
-0.03244184734,0.05897628576,0.9977320904,0.06736122523,2.073703196,1,4.110624116
-0.002248185035,-0.07441592158,0.9972247572,0.07451882259,4.682187091,1,3.957263952
0.04013717475,0.005319761492,0.9991800175,0.04049924942,0.1317714943,1,3.980118868
-0.05246235764,-0.06933731269,0.9962128478,0.08705796975,4.064661214,1,3.984567584
-0.004520219093,0.04705809975,0.9988819264,0.0472923254,1.666558655,1,4.088129382
0.05886088716,0.04103980387,0.9974222428,0.07181734358,0.6088670846,1,3.838483018
-0.02378760792,0.0109919784,0.9996566041,0.02620746288,2.708731584,1,3.816511491
0.0131031125,-0.06859119258,0.9975587986,0.06988841466,4.901146778,1,4.117377184
-0.03307311538,0.05863611531,0.9977314143,0.06737126979,2.08435488,1,4.04399555
0.05883462969,0.01436316023,0.9981644083,0.06059956354,0.2394441603,1,4.047110955
-0.0596573395,0.01974943275,0.9980235277,0.06288280788,2.821900461,1,4.031264132
-0.05724566326,-0.02364154946,0.9980801627,0.06197502577,3.533241879,1,3.97805738
0.008889152061,0.08271675534,0.9965334522,0.08328928473,1.463742227,1,4.06662374
0.02106639917,0.04195142221,0.9988975348,0.04696100181,1.105420822,1,3.994963542
-0.03907788478,0.04373052046,0.998278799,0.05868040555,2.300067952,1,3.999940965
0.007777770298,0.05435276338,0.9984915039,0.05493406033,1.428663266,1,4.018648346
-0.07653275462,0.01406294879,0.9969678886,0.07789280971,2.959869095,1,4.033119741
0.08301051814,0.01756723817,0.9963938207,0.08495114787,0.2085496315,1,3.870946613
-0.04066036073,-0.06585845846,0.9970001999,0.0774764628,4.159280673,1,4.096473211
0.01416302363,0.02193032341,0.9996591768,0.026109102,0.9973657836,1,4.22376864
-0.07178787814,-0.03056486922,0.996951498,0.0781031648,3.544112302,1,3.999074627
0.0560001211,0.04072268612,0.9975999445,0.06929669771,0.6287416862,1,3.872651675
-0.05043935771,-0.07235216392,0.9961029242,0.08831318869,4.103587197,1,3.887928803
-0.05568493051,-0.02341381044,0.9981738235,0.0604439005,3.539619609,1,3.993015446
-0.03728671227,-0.03177434523,0.9987993252,0.04900847111,3.847340935,1,4.010167912
0.02482296056,-0.009851007889,0.9996433255,0.02670938699,5.905396837,1,3.946826798
-0.06877710392,-0.03963959216,0.9968442269,0.07946614767,3.664439902,1,4.083317836
-0.001897431281,-0.07558796441,0.9971373323,0.07568400878,4.687291957,1,3.896359764
0.03219787307,0.07934705319,0.9963269253,0.08573593719,1.185312536,1,3.93814572
-0.06510902489,0.06493670534,0.9957630437,0.09208639055,2.357519558,1,4.07497096
0.08752604938,0.02089007258,0.9959431688,0.09010634957,0.2342895276,1,4.038327872
0.0008412108991,-0.0968884227,0.9952948939,0.09704432351,4.721071027,1,4.063447253
-0.01297765323,-0.05762783392,0.998253782,0.05910543886,4.490886412,1,3.959987986
0.08428000132,0.01441892375,0.9963377821,0.08560905799,0.1694431055,1,4.012043399
-0.009722344695,-0.01073758465,0.9998950846,0.01448566143,3.976571044,1,4.051143939
-0.02374491967,0.05415675168,0.9982500814,0.05916805213,1.984002193,1,3.95684018
-0.03240955791,-0.05160915038,0.9981413308,0.06097942784,4.151649007,1,3.9715318
-0.05134221668,-0.06594273843,0.9965016468,0.08367072213,4.050841256,1,4.079316989
-0.06652230596,-0.03726282454,0.9970888951,0.07632192905,3.652199219,1,3.965362929
-0.0202009331,0.06523263838,0.9976655879,0.06834209474,1.871105685,1,3.984590704
0.02644748011,0.09104158651,0.9954958364,0.09494786885,1.288078775,1,3.863465062
-0.04811313411,-0.02591235859,0.9985057216,0.05467450462,3.635619196,1,3.953190174
-0.05671639029,-0.007963875391,0.9983585667,0.05730414502,3.281096345,1,3.836526483
0.01999631913,-0.01911392678,0.9996173293,0.02766568687,5.520344984,1,3.933131398
-0.02945645279,-0.02310882475,0.999298904,0.03744804139,3.806815651,1,4.103334559
0.04888888536,0.03843932825,0.9980642739,0.06223103535,0.6663059702,1,4.070858867
0.05885645268,0.001474298935,0.9982653677,0.05890898044,0.02504382496,1,3.916610031
0.05996955386,0.04907098084,0.9969933257,0.07756522689,0.6857792741,1,4.052247023
-0.051291418,0.06143508038,0.9967923161,0.08011741746,2.266451473,1,3.90655113
-0.06174436862,0.003217599504,0.9980868099,0.06186760882,3.089528122,1,3.96214009
-0.07199576055,-0.02388089289,0.9971190066,0.07592598725,3.461871226,1,4.107159582
-0.04710962647,0.01468435162,0.9987817844,0.04936523049,2.839431339,1,3.929712753
0.01642779098,-0.04184577537,0.9989890183,0.04497003561,5.086481998,1,4.030740964
-0.003229128629,0.04997914836,0.9987450413,0.05010431731,1.635316166,1,3.978674511
-0.02450758225,0.06323877606,0.997697467,0.06787366462,1.940515764,1,4.026620456
-0.07726914791,-0.03639227538,0.9963458642,0.08551448345,3.581756476,1,3.896320849
-0.0001703404734,-0.001968394887,0.9999980482,0.001975752866,4.626066281,1,4.097860397
-0.02398362448,-0.03757409356,0.9990059926,0.04459085375,4.144281213,1,3.977324171
-0.008510677427,0.05550277533,0.9984222605,0.05618103831,1.722949087,1,3.858184869
0.03347763365,0.07672705909,0.996489943,0.08381064809,1.159375829,1,4.042426412
-0.02131614859,0.0671989492,0.9975118661,0.07055730117,1.877965977,1,3.958265579
-0.05964980056,0.01913455412,0.9980359563,0.0626847177,2.831180937,1,4.141612637
0.02506503048,0.04719205676,0.9985713064,0.05346089961,1.082557399,1,4.076402663
-0.04013553278,-0.01974848405,0.9989990673,0.04474594423,3.598855951,1,3.997576176
-0.06234875825,-0.000582691837,0.9980542534,0.06239195258,3.150938066,1,3.747599199
-0.01664065177,0.05826236801,0.9981626046,0.06062933887,1.849004914,1,4.167239078
-0.06626331249,-0.02423313245,0.997507859,0.0706141182,3.492193582,1,4.047867953
0.0006491196492,0.07966252255,0.9968216797,0.07974967506,1.562648138,1,4.079038569
-0.08761577227,0.03660952582,0.9954814007,0.09510001471,2.745800715,1,4.026831225
-0.02089637923,0.06020628533,0.9979672061,0.06377276749,1.904867174,1,3.871479523
0.0007551559045,-0.04938252992,0.9987796531,0.04940840359,4.727679753,1,4.038988006
0.001644518213,-0.03410670045,0.9994168442,0.03415296328,4.760568533,1,3.740002453
0.03125498114,0.02608853832,0.9991709135,0.04072348513,0.6955443965,1,3.986631123
0.01692165543,0.06754881348,0.9975724612,0.06969248996,1.325337691,1,4.077331706
0.004957271015,-0.04191344956,0.9991089471,0.04221812983,4.830116055,1,3.896518966
0.05019395269,-0.002581958599,0.9987361516,0.05028150084,6.231790971,1,4.144647223
-0.04727097258,0.002174758669,0.9988797353,0.04733865094,3.095618853,1,3.835204708
-0.03085220419,-0.0260555967,0.999184291,0.04039356194,3.842902227,1,3.875877422
-0.03744590954,0.009545493201,0.9992530648,0.03865302707,2.891994258,1,3.985224166
-0.01044530226,0.03654929544,0.9992772612,0.0380217285,1.849162927,1,3.933069036
0.0781063089,0.05935205189,0.9951767373,0.09825624675,0.6497994925,1,3.799643431
-0.008669619351,-0.06125013435,0.9980847954,0.06190018224,4.571778556,1,3.968654795
0.007169220221,0.0004891629964,0.9999741812,0.007185950725,0.06812540282,1,3.916849336
0.01152784094,-0.04418882962,0.9989566839,0.04568364287,4.967578155,1,4.04139174
0.004162354067,-0.09012194695,0.9959220399,0.09034085212,4.758541981,1,3.887521444
0.07845742249,0.01875269526,0.9967410743,0.08075515215,0.2346157629,1,3.991018162
0.04804551328,0.007034204165,0.9988203786,0.04857681405,0.1453742683,1,3.98123543
0.06856311554,0.006740733744,0.9976240082,0.06894828941,0.09799935158,1,4.188856318
-0.0175987042,0.05310168686,0.9984340221,0.05597118539,1.890819535,1,4.002351744
0.009037903404,-0.04939597289,0.9987383812,0.0502371203,4.893355691,1,3.966496315
-0.0248378633,0.04668909674,0.9986006253,0.05290937961,2.059702727,1,3.999555802
-0.0779541026,-0.04226851402,0.9960605055,0.0887928356,3.638445504,1,3.976877903
0.02969558345,-0.06670835454,0.9973305208,0.07308444038,5.131206828,1,3.927991489
-0.01199083013,0.014852753,0.9998177913,0.01909001168,2.249980925,1,4.036506983
-0.07665378319,0.0472763375,0.995936316,0.09018247377,2.588946828,1,4.037594325
0.03257251039,-0.003750622756,0.9994623377,0.03279361308,6.168543326,1,3.987826822
0.01487961571,0.01230508601,0.9998135736,0.01930969823,0.6909746951,1,4.052796604
0.04974941554,0.005098733701,0.9987487164,0.05003088266,0.1021317175,1,4.042916189
0.05737786189,0.06370740522,0.9963177944,0.08584250196,0.8376240677,1,4.0055817
-0.01351664352,-0.03135487892,0.999416916,0.03415086262,4.305374907,1,4.080670443
-0.01331880622,0.05829825979,0.9982103597,0.05983601441,1.795401365,1,4.065389257
0.02002817273,0.01959583809,0.9996073606,0.02802374231,0.7744876707,1,4.051771456
0.0203694806,0.0006513008635,0.9997923085,0.02038130143,0.03196345836,1,4.013387546
-0.07144442684,-0.0647229778,0.9953424687,0.09655207113,3.87766919,1,4.016537264
0.007576074928,0.07420001443,0.9972146013,0.07465511081,1.469045521,1,3.963291749
-0.03487510077,-0.05928990659,0.9976314121,0.06884073748,4.180681389,1,4.022843718
0.03077040962,-0.06360449125,0.997500702,0.07071548245,5.162974413,1,3.996017868
-0.06344278154,0.03577982078,0.9973438815,0.07290123725,2.628087275,1,3.957828879
0.01819640573,0.03752257373,0.9991300953,0.04171404749,1.119264635,1,4.157580296
-0.06541281103,-0.04011981697,0.9970514352,0.07681165203,3.691757984,1,3.949495763
0.01702263417,-0.0565314166,0.9982556931,0.05907307693,5.004871262,1,4.023257738
-0.006524787677,-0.04042986545,0.9991610747,0.04096443972,4.552383248,1,4.081872759
0.06807302313,-0.002339780689,0.9976775977,0.0681660001,6.248827204,1,4.153980248
-0.04188184107,0.02605287945,0.9987828387,0.04934386089,2.585112676,1,3.992980693
0.05732463057,-0.05167312759,0.9970174395,0.07725340533,5.549590472,1,3.997842262
-0.009599303364,0.02047099915,0.9997443631,0.02261184571,2.009273953,1,3.998769223
0.03919981607,-0.02886087719,0.9988145094,0.04869753392,5.648542224,1,4.214871245
-0.03441251961,-0.04192976057,0.9985277531,0.05426985006,4.025142011,1,3.809997049
-0.07700125963,0.01354347533,0.9969390053,0.07826311505,2.967487044,1,4.015606859
-0.0006940969413,-0.03469026356,0.9993978706,0.0347041725,4.692383242,1,3.91935524
0.05524241307,-0.08674561645,0.9946976796,0.1030243931,5.279451727,1,4.054261256
0.04621265466,0.04389246587,0.9979668542,0.06377829046,0.7596540528,1,4.038729384
0.002315738659,-0.06160623877,0.9980978453,0.06168886585,4.749960644,1,4.053799458
-0.06047688079,0.04583002073,0.997116922,0.07595346532,2.493111479,1,3.971796117
-0.05928926212,-0.05233197437,0.9968681697,0.07916396081,3.864741918,1,3.800068609
-0.04118033089,0.03478574903,0.998546009,0.05393224497,2.440173318,1,4.001147515
0.03590377444,0.02111037797,0.999132259,0.0416621303,0.5315276884,1,4.148678361
-0.02513787384,0.0004460797756,0.9996838942,0.02514448094,3.12384919,1,4.049583472
-0.04503435918,-0.006819369737,0.9989621628,0.04556351118,3.291876862,1,4.055617044
-0.05165974234,0.06039172663,0.9968370531,0.07955646684,2.278423332,1,4.006279908
0.0316646951,-0.06847589,0.9971501389,0.07551444518,5.145524135,1,3.899814059
0.03904545462,-0.02254317458,0.9989831118,0.04510123156,5.759581329,1,3.810377085
0.00720636972,-0.07695949718,0.9970081765,0.0773733354,4.805755204,1,4.048944658
0.06579256009,0.04450918365,0.9968401435,0.07951757117,0.5947848234,1,3.95669466
-0.01593193544,-0.01456568678,0.99976698,0.02158838107,3.882222219,1,4.054376617
0.008008471397,0.002408469804,0.9999650312,0.008362892522,0.2921357976,1,3.85894808
0.05979684984,0.0135106057,0.9981191313,0.06134262139,0.2222106454,1,3.950022619
0.02939580274,0.02205055457,0.9993246018,0.03675525024,0.6435817144,1,4.069830055
-0.04879389717,-0.02971933585,0.9983666244,0.05716328309,3.688661125,1,3.9947012
0.04788891824,0.0249115415,0.9985419704,0.05400711187,0.4796722106,1,4.173316758
-0.05025994811,0.07264952895,0.9960903491,0.08845565133,2.176007055,1,3.925713725
0.04282698553,-0.02225795602,0.9988345372,0.04828435054,5.803888004,1,3.984224444
0.04372081555,0.03445372103,0.9984495137,0.05569357486,0.6674051648,1,3.887092291
0.04851269859,-0.06579470181,0.9966531871,0.08183741761,5.34773472,1,4.058870073
0.0716528041,-0.06748870881,0.9951437835,0.09859160276,5.527705266,1,3.914979165
-0.04376041291,-0.07998981502,0.9958346528,0.09130434911,4.21179437,1,3.995230036
-0.01759237612,-0.04137414801,0.9989888329,0.04497416138,4.310347134,1,4.014687316
-0.03568125045,-0.02152046212,0.9991314819,0.0416807839,3.684311054,1,3.962482362
0.08082146256,0.02226997718,0.9964797737,0.08393203938,0.2688731362,1,4.177259065
0.03050955052,-0.03170176226,0.9990316139,0.04401232607,5.478625583,1,4.000182258
0.02922613365,-0.07912230964,0.996436397,0.0844478724,5.066222723,1,4.144432828
-0.00182384202,-0.01512939129,0.9998838808,0.01523951636,4.592418295,1,4.096513712
-0.01717266387,0.06038124066,0.9980276576,0.06281705291,1.847884132,1,4.135163499
0.04155056262,0.05649883433,0.9975376847,0.07019011938,0.9366897241,1,4.010423452
0.07436528253,-0.0108688157,0.9971718375,0.07522627921,6.13805841,1,4.117471863
0.05181654216,-0.0593911928,0.996889027,0.07889977634,5.42977956,1,4.002913907
-0.07679956673,-0.007380181648,0.9970192373,0.07723010736,3.237395135,1,3.81181311
0.06245293541,0.05655874788,0.996444047,0.08435712679,0.7359124719,1,4.068221155
-0.03819098102,-0.02259850022,0.9990148932,0.04439073375,3.675904251,1,4.228376746
0.03923484668,-0.02100872456,0.9990091392,0.04452020734,5.791573069,1,3.933602522
-0.05236512436,0.06703545389,0.9963755023,0.085166769,2.233940735,1,3.917288537
0.07841570097,-0.03409325501,0.9963376073,0.08561110166,5.87306363,1,4.047804398
-0.02000632737,0.09490988568,0.9952848137,0.09714830334,1.778547783,1,3.797991984
0.0401866655,-0.0009779433785,0.9991917111,0.04020939706,6.258855087,1,4.056392663
-0.02979394399,0.06306683605,0.9975644817,0.06980698527,2.012136335,1,3.920717182
0.03146840484,-0.01701422043,0.9993599231,0.03578114711,5.787528584,1,4.006469307
0.05838836309,0.04159925399,0.99742684,0.07175324798,0.6190381689,1,3.83947633
0.03281659047,0.0848227469,0.9958554981,0.09107544053,1.201647453,1,3.830873934
-0.05481330713,0.0389369058,0.9977371491,0.06728602848,2.523950792,1,4.026476202
-0.03105324027,-0.02273764245,0.9992590735,0.03849722217,3.773613738,1,3.8711291
-0.01689719489,-0.09246376377,0.995572668,0.09413397663,4.531639468,1,4.035136494
-0.03566645158,0.04510244124,0.9983454683,0.05753239386,2.239894659,1,4.076230726
-0.0624914898,-0.02966177494,0.9976046275,0.06922903167,3.584757855,1,4.028604613
0.02724103832,0.04392274467,0.998663466,0.05170748151,1.015653645,1,4.050561862
-0.02314395824,-0.01914975476,0.9995487202,0.03004375903,3.832830438,1,3.988553943
-0.03553486489,-0.008735798103,0.9993302553,0.03660107779,3.382649736,1,4.08311123
-0.07497909829,0.01031942811,0.9971317086,0.0757583483,3.004821188,1,4.052867263
-0.002373438173,0.08097952325,0.9967129394,0.08110318065,1.600097054,1,3.991229701
0.01807126364,-0.02467441718,0.9995321919,0.03058903782,5.344523236,1,3.888041118
-0.08455632485,0.0206122459,0.9962054824,0.08714263843,2.902486612,1,4.143050351
0.07988987544,-0.04661356881,0.9957132032,0.09262681133,5.755006812,1,4.241146044
0.03606404489,0.03367351869,0.9987819976,0.04936090959,0.7511326914,1,3.863099706
0.002676856351,0.08597109066,0.9962940359,0.08611916596,1.53966968,1,3.902684261
-0.02802517957,0.06163975786,0.9977049311,0.06776351995,1.997519383,1,4.005162539
0.01587766435,0.03683103372,0.9991953636,0.04011843179,1.163774739,1,3.968775868
0.04516600591,-0.03523963075,0.9983577517,0.05731837429,5.620619361,1,4.194874995
-0.002604699439,-0.06816206293,0.9976708619,0.06826481953,4.674194234,1,4.054857261
-0.01462221071,-0.04708245911,0.9987839771,0.04932077429,4.411267022,1,4.10229061
-0.05759922807,-0.002273837226,0.9983371968,0.05767606411,3.181049035,1,4.044716413
-0.01580632247,-0.01923392685,0.9996900601,0.02489802921,4.024499664,1,4.042658373
0.04396395692,0.04281156111,0.9981153945,0.06140354647,0.772118749,1,3.918057341
-0.002295815019,-0.05380673891,0.9985487289,0.05388176353,4.669747048,1,4.07572608
0.05598451613,0.02652601286,0.9980792076,0.06199044518,0.4424767991,1,3.815478875
0.03198396145,-0.05613036507,0.9979110222,0.06464836364,5.230318369,1,3.992430774
0.02348354437,-0.02488870224,0.9994143663,0.03422545343,5.468746466,1,3.95636279
-0.0635240371,0.02229033708,0.9977313454,0.06737229287,2.804119747,1,4.040196162
0.01802014071,0.0793202446,0.9966862963,0.08143138679,1.347405892,1,3.770646536
0.04378737385,-0.01555164309,0.9989198228,0.04648379862,5.941918601,1,3.953209573
0.05926037999,0.07478680298,0.995437161,0.09556477555,0.9007123491,1,4.055182417
0.03378325964,-0.03126423069,0.9989400579,0.04604626834,5.5364938,1,3.940530687
-0.01173794487,-0.039119116,0.9991656096,0.04085355449,4.420880356,1,3.883352481
0.006918506555,0.02736475647,0.9996015728,0.02822954647,1.3231602,1,4.1808931
-0.03304327956,-0.09081992981,0.9953189851,0.09679536648,4.363444394,1,4.007580993
-0.04427356305,-0.02273504537,0.9987607168,0.04979034652,3.615992044,1,3.733262471
-0.01512287894,0.009896963717,0.999836661,0.01807448289,2.562104959,1,3.95025206
0.01084138934,-0.07981005587,0.9967511321,0.08063037465,4.847402475,1,3.886805368
0.01127460742,0.0361412351,0.9992830902,0.03786807309,1.268403801,1,4.018126806
0.05293654923,0.01917896549,0.9984136863,0.05633352913,0.3475911022,1,3.972772818
-0.0171174558,-0.04624421052,0.9987834929,0.04933059543,4.357874063,1,4.161818731
-0.01633934395,-0.03147512841,0.9993709732,0.03547091002,4.233563251,1,4.028680247
0.01520464096,-0.05647178026,0.9982884137,0.05851623326,4.975395272,1,4.096888816
0.04108234238,0.03891708979,0.9983975667,0.05661910298,0.7583389202,1,3.996860918
-0.01194089116,-0.02798711308,0.9995369611,0.03043270054,4.309115875,1,3.974513148
-0.05600696134,-0.004882437594,0.9984184404,0.05624902999,3.228548372,1,4.048159936
0.00400271537,-0.008359900907,0.9999570442,0.009268879856,5.158932702,1,3.870821698
-0.0624354377,0.02231639612,0.9977994761,0.06635256417,2.798312689,1,3.988336919
-0.08589734753,-0.01449925781,0.9961984828,0.08722302672,3.308813858,1,4.092455528
-0.07584946622,0.0188366942,0.996941341,0.07823323449,2.898174,1,4.051184771
0.003980038015,0.03685730064,0.9993126131,0.03708006666,1.463228079,1,4.033044556
0.0424536272,-0.06299195805,0.9971106773,0.07603571728,5.305419108,1,3.894754417
-0.04406776508,0.00228137167,0.9990259393,0.04414111142,3.089869204,1,3.819553497
-0.06599024289,-0.03051927947,0.9973534285,0.07277004429,3.574777744,1,3.896856037
0.09920754342,-0.01530791455,0.9949490093,0.1005509675,6.13009078,1,4.044614058
-0.0007007122289,-0.06869468339,0.997637484,0.06875240849,4.702188949,1,3.858323693
0.07322904005,-0.05509401412,0.995792226,0.09176849393,5.638180622,1,3.981454211
-0.06217481171,0.03630652858,0.9974046966,0.07206145699,2.613063655,1,3.807592702
0.02408260991,0.02824874412,0.9993107807,0.0371294632,0.864841284,1,3.989641022
-0.002722119632,0.04529263729,0.9989700531,0.04538994836,1.630824829,1,4.098544429
0.009559924201,0.08894552416,0.9959906132,0.08957755149,1.463726691,1,4.012013002
0.03016965408,0.06163435096,0.997642721,0.06867613435,1.115588668,1,3.989560741
-0.02647952936,0.01016427865,0.9995976801,0.02836712633,2.77508208,1,4.01243699
0.01527832939,0.07735599748,0.9968864641,0.07893228652,1.375799296,1,3.841316408
-0.04853207347,-0.01863682341,0.998647739,0.05201088067,3.508239402,1,3.95612833
-0.06808802252,-0.01541706678,0.9975601913,0.06986846885,3.364266318,1,3.963660309
-0.006611012716,-0.05548249359,0.9984377734,0.05590408744,4.59379321,1,3.841043124
-0.01914107655,0.06467707483,0.9977226544,0.06750126621,1.858531921,1,4.112107567
0.07176646024,0.006838689782,0.9973980186,0.07215414844,0.09500402509,1,3.996946319
-0.03669859988,0.05566773823,0.9977746818,0.06672546751,2.153642259,1,4.02009573
-0.01332764236,-0.09779900583,0.9951169421,0.09886391807,4.576947454,1,4.075069263
0.0872733586,-0.003019368661,0.9961798253,0.08743694289,6.248602418,1,3.843089174
-0.0315821622,0.02495222011,0.9991896485,0.04026067392,2.472934013,1,3.958321347
0.03501564694,-0.003892584167,0.9993791834,0.03523863856,6.172472886,1,3.94602536
0.06646687098,-0.01589450588,0.9976620268,0.06839422162,6.048459078,1,3.978251291
0.01323657932,0.005347381498,0.999898094,0.01427639196,0.3839371243,1,4.040305163
0.06030298249,-0.02561622164,0.9978513714,0.06556521078,5.881490891,1,3.986937014
-0.05794027514,-0.04435977761,0.9973340136,0.0730365914,3.795010883,1,4.046931111
0.01057935633,-0.006359709314,0.9999238128,0.01234408451,5.74192556,1,3.940674403
0.04367049686,-0.02515562267,0.9987292338,0.05041895437,5.760575471,1,4.106394982
-0.01455818518,-0.06935510867,0.9974858035,0.07092602847,4.505484998,1,3.971638839
-0.01078178606,-0.01161310954,0.9998744365,0.0158471526,3.964094895,1,4.10876522
-0.03296968228,-0.001337930751,0.9994554567,0.03300280886,3.182151038,1,4.139870044
-0.04123485289,-0.08788873788,0.9952764725,0.09723426182,4.273707262,1,4.070919508
0.03354630725,-0.006503868554,0.999416002,0.03417762122,6.0916838,1,3.924555412
-0.05037683373,-0.05083910603,0.9974354916,0.07163246831,3.931557974,1,3.869642928
-0.01294995427,0.05748421627,0.9982624222,0.05895898974,1.792375772,1,3.809165962
-0.02342017115,-0.002912022344,0.9997214691,0.02360270603,3.265295994,1,4.009703068
-0.03424322619,-0.08393606377,0.9958825928,0.0907770434,4.325032585,1,3.905486113
0.02075595855,-0.04012921206,0.9989788969,0.04519462106,5.189723934,1,4.077097343
0.05160675331,-0.005423876172,0.9986527548,0.05191431142,6.178469618,1,3.895078689
0.01698339184,-0.06161697297,0.9979553663,0.06395828135,4.981339379,1,3.985040332
0.02180315561,0.03706604324,0.9990749376,0.04301639471,1.039080262,1,4.13394959
-0.02689235492,-0.03006114762,0.9991862332,0.04034543781,3.982571753,1,3.937059243
-0.0778992154,-0.001815039943,0.9969595869,0.0779994238,3.164888287,1,4.058835009
-0.05119353761,0.009599475403,0.9986426146,0.05210935716,2.956231738,1,3.92515589
-0.02477034807,0.03607443362,0.9990420737,0.04377394749,2.172503208,1,3.842684459
0.0331527221,0.0505605467,0.9981705907,0.06049739439,0.9904221333,1,3.84411849
-0.01007019533,-0.005499751708,0.9999341698,0.01147440112,3.641468668,1,3.982061612
0.0005472252986,0.009112395385,0.9999583315,0.009128938613,1.510815513,1,3.972228731
0.006470634068,0.02127058376,0.999752816,0.02223484443,1.275485519,1,3.912802412
0.06665495128,0.02673551891,0.997417831,0.0718788019,0.3814571098,1,4.06172875
-0.06651229467,-0.02328858895,0.9975137875,0.07053004151,3.478391842,1,4.051704128
0.02631567907,0.03790996549,0.9989345922,0.04616485692,0.9639988541,1,3.876673207
0.01018542022,-0.02278549263,0.9996884908,0.02496098648,5.132756462,1,3.967258943
0.009107329389,0.03027373701,0.9995001538,0.03161923055,1.278575782,1,3.976427148
-0.0408359249,0.04506800498,0.9981489379,0.06085447374,2.306969022,1,3.868567243
0.00393293547,-0.09029487208,0.995907309,0.0905039861,4.755918043,1,4.020830525
0.02024450564,-0.06781775515,0.9974923118,0.07083413013,5.002481323,1,4.074424792
0.03374014468,0.005709422525,0.9994143311,0.03422648435,0.1676295263,1,3.980147987
-0.01329832494,-0.03597082265,0.9992643567,0.03835970705,4.358275119,1,3.971838895
0.01130841294,0.008654830401,0.9998986017,0.01424078655,0.6532494079,1,3.989871289
0.07131081369,0.01759266382,0.9972989853,0.07351505309,0.2418741589,1,3.984448201
-0.02044651954,-0.05768080842,0.9981256755,0.06123577818,4.371731329,1,4.334184889
-0.01140775395,0.007135148568,0.9999094723,0.01345578397,2.582659168,1,4.095078675
0.006732138138,0.0216855357,0.9997421747,0.02270842962,1.2697859,1,4.151085217
-0.03950158378,0.03625563809,0.9985615422,0.05364331795,2.399014982,1,4.031031125
-0.01256281877,-0.02547223936,0.9995965889,0.02840556964,4.254198987,1,4.037208484
0.0303662616,-0.0419539777,0.9986579764,0.05181358579,5.338909732,1,3.975850423
-0.01055430404,0.07383533541,0.9972145957,0.07465518501,1.712778313,1,3.869652143
0.07715310275,0.02813510927,0.9966222024,0.08221558098,0.3496800427,1,3.982651534
0.01867022344,0.07240421378,0.997200608,0.07484248902,1.318432863,1,3.872046763
0.05695890059,-0.06319870518,0.9963742306,0.08518171874,5.445903582,1,4.007491182
0.07558569624,0.02706761685,0.9967718629,0.0803725752,0.3438769963,1,4.084151237
0.04485331891,-0.0312556819,0.9985045128,0.0546966191,5.67458187,1,4.053008082
0.007327103443,0.01536009432,0.99985518,0.01701901602,1.125699485,1,4.078366519
-0.009439744208,0.08749869387,0.9961199073,0.08812042266,1.67826507,1,3.959935718
0.04002837476,0.0209896414,0.9989780599,0.04521314421,0.4829522637,1,3.900091759
0.03557708132,-0.04449457319,0.9983759333,0.05700011342,5.386875287,1,4.236601148
0.03348068328,-0.06398886415,0.9973888254,0.07228155677,5.194444838,1,4.011679569
0.04927659508,-0.01601958094,0.9986566929,0.05183836395,5.968867371,1,3.958729752
0.01268049303,-0.01254503308,0.999840901,0.01783834378,5.503157047,1,4.122743478
-0.01116526434,-0.005163435691,0.999924335,0.01230170027,3.574756,1,3.840198676
-0.0229538328,0.06902016669,0.9973511609,0.07280122688,1.891857062,1,3.895306906
-0.05602372487,-0.06843639492,0.9960812226,0.08855890135,4.026394222,1,4.053339156
0.06581654988,-0.04878421482,0.9966384912,0.08201699553,5.645330339,1,4.039092729
0.04392757359,-0.005831427172,0.9990176989,0.04432746217,6.151206028,1,4.03488043
-0.02356684631,-0.006848962111,0.9996988024,0.02454435759,3.424420523,1,4.032814661
0.02751453866,-0.03808219637,0.9988957385,0.04699924995,5.338059171,1,3.822196734
-0.04944213226,-0.009020196251,0.9987362573,0.05027939892,3.322047492,1,4.149148383
-0.00376521491,0.08286739443,0.9965534698,0.08304832112,1.616201725,1,4.062566685
-0.04228560418,-0.06456893339,0.9970169409,0.07725986472,4.132583227,1,3.988211767
0.06293052784,-0.02865417482,0.997606479,0.06920226065,5.855907569,1,4.029145633
-0.01326780459,0.06821685172,0.9975822906,0.06955119347,1.762892605,1,4.029963225
-0.05059027709,-0.01144617916,0.9986538984,0.05189226682,3.36409897,1,3.98167276
0.04298488276,-0.02559309701,0.9987478627,0.05004795099,5.74615678,1,4.047648734
-0.01445599788,0.03978644074,0.9991036299,0.0423439265,1.919305387,1,4.130512375
-0.009104437633,0.005976009061,0.9999406965,0.01089073726,2.560742499,1,3.989528588
-0.02245346927,0.06614927156,0.9975570739,0.06991310958,1.89802953,1,4.00989021
0.02875524233,-0.05073074847,0.9982983157,0.05834667267,5.228054633,1,4.159003379
-0.02335018369,-0.06464978488,0.99763479,0.06879161213,4.365789526,1,3.921028138
0.002118285895,0.07027709795,0.997525259,0.07036707163,1.540663541,1,3.943672746
0.02989077514,0.08197212011,0.9961862843,0.0873629465,1.221134219,1,3.761642742
0.09827945946,0.0005615925515,0.9951586971,0.09843997456,0.00571417916,1,4.05768958
0.02831164051,-0.01524878111,0.9994828291,0.03216257059,5.789133004,1,3.932711045
-0.02152225161,0.06924167678,0.997367727,0.07257311638,1.872157221,1,4.026545621
0.02770459717,0.02346310805,0.9993407516,0.03631310572,0.7026933797,1,4.047276407
-0.01483505865,-0.01668021685,0.9997508147,0.02232468123,3.985472114,1,4.080947191
-0.0637247525,0.0269013357,0.9976048687,0.06922554469,2.74213937,1,3.861734926
-0.01598977598,0.08323633927,0.996401545,0.08486006381,1.760585193,1,4.127440187
-0.0002561610073,0.08536604781,0.9963496235,0.08547045726,1.573797054,1,3.959959252
0.02952907969,-0.07107208997,0.9970339972,0.0770385644,5.106169123,1,4.059438071
0.03309915455,0.0006279203997,0.9994518756,0.03311116002,0.01896861403,1,3.931404291
0.04337674803,-0.063236102,0.9970554915,0.07675877351,5.313622441,1,3.994116443
0.03518292698,-0.0621340198,0.997447505,0.07146441927,5.227616913,1,3.85688782
0.02536924585,-0.04185313148,0.9988016403,0.04896119032,5.257317752,1,3.99197991
0.04285383689,0.04659715782,0.997994115,0.06334912736,0.827221489,1,4.0276707
0.04357268641,0.01160795754,0.9989828208,0.04510768571,0.2603575674,1,4.095650319
-0.004668840608,0.02085266838,0.999771658,0.02137057257,1.791060246,1,3.996882851
0.04953076208,-0.07680546746,0.995815055,0.09151903864,5.285160638,1,3.807553372
-0.01159209164,0.05467754256,0.998436773,0.05592198876,1.779711196,1,3.94422479
-0.06293198033,0.05159185013,0.9966834236,0.08146669646,2.454892583,1,4.035959331
0.05829806714,-0.003853403381,0.9982917843,0.05845857047,6.217183012,1,3.86341434
-0.05617035287,-0.02629449788,0.9980748924,0.06206006107,3.579413051,1,4.045803628
0.01998705763,0.04129930634,0.9989468879,0.04589764709,1.120065896,1,3.977316083
-0.02904791333,0.07762703847,0.9965592113,0.08297907787,1.928864036,1,4.013800346
-0.05424083584,0.02191409261,0.9982873856,0.05853380993,2.757630165,1,4.09986367
0.06236717557,-0.02357214845,0.997774869,0.06672266003,5.921824191,1,4.038039766
-0.0720334492,0.06154933128,0.9955013119,0.09489009616,2.434517988,1,4.120960093
-0.006622855493,0.09000220615,0.9959195453,0.0903684985,1.644249419,1,3.902996602
-0.06087374325,-0.02147225347,0.9979144902,0.06459466099,3.48070124,1,4.040013088
-0.01862488663,-0.004630650908,0.9998158184,0.01919308628,3.385278726,1,3.918595409
-0.07914752939,-0.01531269415,0.9967452985,0.08070277064,3.332701819,1,4.056693647
-0.06442815656,-0.01133797777,0.9978579372,0.06546492101,3.315787698,1,3.814604884
0.004550994427,0.06388135625,0.9979471232,0.06408712092,1.49967513,1,3.942790381
-0.07900813743,0.01721392011,0.9967253359,0.08095002069,2.92706988,1,4.122498062
0.07124959792,0.0437343151,0.9964992747,0.0836991006,0.5505181872,1,4.051541904
-0.06259186631,0.07441335795,0.9952612272,0.09739117174,2.270122702,1,3.973759873
-0.01986607354,-0.006414087424,0.9997820756,0.02087737334,3.453893566,1,4.243278772
0.05970968005,0.02179429074,0.9979778369,0.06360573816,0.3499786612,1,3.831531684
-0.01942931057,0.0510662887,0.9985062524,0.05466479022,1.934356016,1,4.064232842
-0.02857923833,-0.08669909177,0.99582453,0.09141530465,4.393968705,1,4.07264369
-0.0005621535465,0.01920849718,0.9998153418,0.0192179043,1.600053854,1,4.011548285
0.07059513116,-0.01503373701,0.9973917556,0.07224097144,6.073362569,1,4.023909651
0.04887752634,-0.07288218832,0.9961421455,0.08786737233,5.303135566,1,3.892931257
-0.04429618748,-0.03078476154,0.9985440132,0.05396925581,3.748938451,1,4.144986748
-0.02843951524,-0.07422876052,0.9968356359,0.07957429652,4.34650682,1,4.037129618
-0.05769547686,-0.02057266529,0.9981222357,0.06129196136,3.484111355,1,3.946750942
-0.0353577648,-0.08127900818,0.9960640297,0.08875308414,4.30206438,1,3.887616491
0.05416908681,-0.02586458264,0.9981967408,0.06006332309,5.837716555,1,4.082874162
0.02881676816,0.07515415059,0.9967554602,0.08057661924,1.20465075,1,4.103248711
0.04824411406,-0.052313762,0.9974646739,0.07122356485,5.457338514,1,3.932999072
-0.04943165715,0.02663491489,0.9984223017,0.05618030448,2.647371094,1,4.021842888
0.07587555875,-0.03365797391,0.9965490657,0.08310139515,5.865671022,1,3.886265793
-0.008766898183,-0.08274809473,0.9965319334,0.08330753894,4.606835912,1,4.079123669
-0.05292599003,-0.025565131,0.9982711373,0.05881090113,3.591576773,1,4.095522898
-0.01563252772,0.0290605119,0.9994554071,0.03300431383,2.064325715,1,4.05427251
-0.05384406566,-0.01995124505,0.998350021,0.0574531626,3.49644526,1,3.883185178
0.0161450582,-0.06840952506,0.9975266783,0.07034688192,4.944154076,1,3.942703337
-0.001794170154,0.04949437923,0.9987727907,0.04954715778,1.607030439,1,4.130312492
-0.07809241057,0.04578711812,0.9958941285,0.0906497022,2.611292937,1,3.980627612
0.04378272303,0.05566211406,0.9974892492,0.07087738952,0.9042918537,1,4.051796297
-0.05013871967,0.07582242991,0.995859964,0.09102632367,2.155049991,1,3.881417827
0.04260402134,0.08804299228,0.9952051692,0.09796598801,1.120111317,1,3.96221528
0.08672230571,0.02808874146,0.9958364646,0.09128447567,0.3132302641,1,4.080430518
0.07557107466,-0.006958005577,0.9971161411,0.07596375555,6.191371829,1,3.972375367
-0.03640222161,-0.06499099619,0.9972216648,0.07456034756,4.201815579,1,4.081886212
0.04474669718,-0.0148684236,0.9988877129,0.04716976392,5.962383232,1,4.010322441
-0.05510180064,0.02518696433,0.9981630169,0.06062253293,2.712851108,1,3.867441137
-0.04664846959,0.08189240588,0.9955488708,0.09438681286,2.088586452,1,4.217949279
-0.00693874741,0.08021248665,0.9967536359,0.0805992811,1.657086097,1,3.999393019
0.02216719867,-0.02728248586,0.9993819496,0.03516003508,5.394709485,1,4.047221292
-0.04736844048,-0.06435889749,0.9968019679,0.07999672678,4.077905303,1,3.676091781
0.001035143862,-0.02332003622,0.9997275151,0.02334511965,4.756748465,1,3.846098005
0.03229744766,-0.08696324832,0.9956878368,0.09290065567,5.067992655,1,4.034877325
0.03809766963,0.03999894491,0.9984731604,0.05526713906,0.8097385244,1,3.991541288
0.02101766375,-0.02473195907,0.9994731552,0.03246200994,5.416777369,1,4.024926646
0.06480129951,0.007582550218,0.9978693785,0.06528979305,0.1164826224,1,3.942469715
0.07273998548,0.005258216789,0.9973370773,0.07299459492,0.07216232406,1,3.827098705
0.03625193669,0.08437122944,0.9957747199,0.09195932783,1.1649753,1,3.983647843
-0.001471054399,0.04503606442,0.9989842786,0.04507534558,1.603448637,1,4.023290698
0.03267196597,0.04358795531,0.9985152141,0.05450052249,0.92757426,1,3.887785748
-0.007184077765,-0.02694712155,0.9996110452,0.02789193526,4.451849691,1,3.89230326
-0.06474659936,-0.06363216466,0.995870888,0.09090606981,3.918310201,1,4.105310887
0.03006435468,-0.05318709291,0.9981318889,0.06113416371,5.22687,1,4.097602776
0.03963567794,-0.01076712666,0.999156185,0.04108366343,6.017933998,1,3.832665171
0.01481030404,-0.007522091158,0.999862027,0.01661181337,5.813241032,1,3.891296114
0.01887702823,-0.04672081793,0.9987296045,0.05041159666,5.096372318,1,4.121853089
-0.03870210369,-0.01276674509,0.9991692336,0.04076472608,3.46022489,1,3.912581753
0.01872235694,0.007519664432,0.9997964433,0.02017739454,0.3819201517,1,3.899160093
0.05276484216,0.05998559298,0.9968036918,0.07997515043,0.849352714,1,4.006031202
0.009050381615,0.05983326216,0.9981673564,0.06055086561,1.420674295,1,4.048411739
0.02290872402,0.04420769012,0.998759666,0.0498114536,1.092689623,1,4.019354669
0.01168634658,-0.0696384519,0.9975038423,0.07067102519,4.878654325,1,3.977217137
0.08179266913,0.03022783891,0.9961908638,0.08731044561,0.3539986562,1,4.144284013
-0.04150151453,-0.03744244831,0.9984366216,0.05592469806,3.875618999,1,3.823484671
-0.05496809398,-0.05207487761,0.9971292372,0.0757909936,3.899968845,1,4.042616872
-0.01312978567,0.02147944034,0.999683071,0.02517720312,2.119463039,1,4.10046814
-0.06289877786,-0.05252365959,0.9966368491,0.08203703739,3.837343519,1,4.249798105
-0.03005923887,-0.01998963376,0.9993482159,0.03610692113,3.728446057,1,4.03403264
-0.04068069151,0.0676995864,0.9968760441,0.07906432512,2.111877438,1,3.967278243
0.04838175317,-0.05787399933,0.9971508442,0.07550509573,5.408689706,1,4.059951447
-0.01834597468,-0.05705927458,0.9982022162,0.05997203922,4.40130344,1,3.874590652
-0.0208676579,-0.07837369443,0.996705626,0.08119340392,4.452167748,1,3.982007213
-0.03892731624,-0.05371645925,0.9977971768,0.06638723373,4.085289685,1,4.113929366
-0.007139805994,-0.002333817581,0.9999717878,0.007511630673,3.457518667,1,4.060469957
0.01171014999,0.06899921491,0.9975479842,0.07004310881,1.402683907,1,3.934171636
-0.02070606738,-0.03570250878,0.9991479318,0.04128411852,4.186834272,1,4.020271389
-0.02586395587,0.00404430819,0.999657291,0.02618123842,2.98648023,1,3.979271891
-0.04791818915,0.04466537679,0.9978521189,0.06555380086,2.391313843,1,4.023533965
-0.08039983805,0.001235601009,0.9967619271,0.08049623497,3.126225661,1,4.287019643
-0.02893870906,0.02920678969,0.9991543998,0.04112710646,2.351584009,1,3.991737519
0.004680429622,0.04574399117,0.998942231,0.04599903356,1.468833243,1,4.146363578
0.05756975104,0.04647197122,0.9972592841,0.07405361261,0.6791333374,1,4.06352645
0.008059905943,-0.03455011454,0.9993704656,0.03548522141,4.941571849,1,3.906247104
0.0841210361,-0.01175112365,0.9963862516,0.08504030843,6.144390433,1,3.949198832
0.01042517131,0.07738876607,0.9969464854,0.07816738309,1.436890761,1,4.043217656
-0.07685287871,-0.04916259008,0.9958296414,0.09135929549,3.710691176,1,4.065994983
0.03526268448,-0.07011387792,0.9969155366,0.07856271778,5.178381391,1,4.179132836
0.09072807988,-0.007967638258,0.9958438293,0.09120365016,6.195591147,1,4.1430199
0.07330854556,-0.02110497283,0.9970859729,0.07636024492,6.002873084,1,4.227286635
0.002316395405,0.09063549363,0.9958814395,0.09078976447,1.545244623,1,4.093971687
0.00786095132,-0.008194760607,0.9999355236,0.01135580028,5.476999451,1,4.017677378
0.04782013733,-0.006624953976,0.9988339924,0.04829563598,6.145522568,1,4.174522023
-0.0159489448,-0.0349440632,0.9992619995,0.03842112208,4.284214341,1,4.143934101
-0.05134892682,0.05746653019,0.9970260205,0.07714213801,2.300033624,1,3.879043441
0.01114629041,-0.0428829579,0.9990179238,0.04432238619,4.966685423,1,4.048871809
0.05418534781,0.03453990509,0.997933336,0.06430204154,0.5674949221,1,4.153243619
-0.0679342355,0.0351355116,0.997070928,0.07655720768,2.664280788,1,4.000952879
0.0203330077,-0.001649647579,0.9997919021,0.02040123231,6.202231111,1,4.078311364
-0.01510496961,-0.03370095345,0.9993178101,0.03693961166,4.291027946,1,4.05594841
0.02962598047,-0.01473719306,0.9994524083,0.03309506613,5.821586568,1,4.019642925
0.03507199455,-0.078427139,0.9963027346,0.08601797366,5.132905377,1,3.938415215
0.04569499437,0.04213805805,0.9980663062,0.06219834927,0.7449237213,1,4.089049346
-0.08256375304,-0.003070398783,0.9965810551,0.08271511229,3.178763742,1,4.190296862
0.01783229043,-0.03227199707,0.9993200326,0.03687938284,5.217197315,1,3.971825274
0.02280103454,-0.05718254721,0.9981033359,0.06159973973,5.09180967,1,4.045536901
0.06352531873,-0.0005660189041,0.9979800667,0.06357064892,6.274275412,1,3.99148859
-0.06145102344,-0.01841835885,0.9979401464,0.06419596818,3.432796402,1,3.845369035
0.04302613268,0.04993575166,0.9978252215,0.06596312998,0.8595891807,1,3.968106931
0.08673433277,-0.004284356734,0.9962222643,0.0869496025,6.233829105,1,4.145331073
-0.05382146638,0.07352086688,0.9958403145,0.09124223344,2.202714681,1,3.980416265
-0.02418510387,-0.04634505429,0.9986326736,0.05229986911,4.231415621,1,4.025428572
-0.026341384,0.06005131866,0.997847669,0.06562169592,1.984169834,1,3.912579006
0.005005998381,0.07843096392,0.9969069785,0.07867168781,1.507055978,1,4.13862023
-0.03934881662,0.01462112706,0.9991185582,0.04198979289,2.785826078,1,4.185418078
0.03365131207,-0.02248068384,0.9991807685,0.04048069729,5.694227168,1,3.875736703
0.04670196924,-0.006344629592,0.9988887184,0.04714843554,6.148158375,1,3.881188064
-0.00691711493,-0.03057750781,0.999508464,0.03135526458,4.489917638,1,3.960640079
0.0210791577,-0.01508227034,0.9996640407,0.02592211919,5.662128056,1,3.864803687
-0.02194956224,-0.08326748835,0.9962854722,0.08621867209,4.454649006,1,3.927933391
-0.03173169882,0.01141835248,0.9994311985,0.03372997005,2.796178222,1,4.054752224
0.03724631956,-0.03792133829,0.9985863427,0.05317876493,5.48880721,1,3.970938986
-0.04797673563,0.05059438445,0.997566259,0.06978149929,2.329644789,1,4.11183171
0.0244477914,0.02109144051,0.9994785924,0.03229405313,0.7118287774,1,4.105025807
0.01999051077,-0.03323439841,0.9992476441,0.03879304725,5.253911137,1,4.060838384
-0.07179137424,-0.04020170111,0.996609162,0.08237421947,3.652065404,1,4.0402943
0.03775455928,0.0320984054,0.9987713881,0.04957546964,0.7046021547,1,4.129600465
0.06140470043,0.04694225636,0.997008469,0.07736955081,0.6526998786,1,3.963539515
0.08006242807,0.002488795515,0.9967867442,0.08018700722,0.03107567909,1,3.793629579
0.03448046648,0.01265467008,0.9993252507,0.03673758729,0.3517472534,1,3.971436279
-0.02883637504,0.03434137908,0.9989940606,0.04485773235,2.269278852,1,3.908117678
-0.05165219807,0.02010359827,0.9984627663,0.05545498477,2.77042169,1,4.049761735
-0.0215725427,0.0804898347,0.9965219576,0.08342733887,1.832657804,1,3.929347303
-0.0481359249,-0.05819260739,0.9971441988,0.0755931414,4.021291514,1,4.283271056
-0.005357854245,-0.06141337693,0.9980980365,0.06168576308,4.625366854,1,4.011324901
-0.07878385642,0.04374189988,0.9959315991,0.09023483258,2.634755189,1,4.186521552
-0.058463255,-0.01922693709,0.9981043897,0.06158261946,3.459322795,1,3.893022819
-0.03641081721,-0.04038769027,0.9985204489,0.05440433976,3.978727813,1,4.133720261
-0.0556691847,-0.06269232766,0.9964791086,0.08393997176,3.9862577,1,4.0114099
0.0546142329,-0.0007262687095,0.9985072649,0.0546462552,6.269887933,1,4.084267854
0.04813321773,-0.01855994526,0.9986684744,0.05161048706,5.915158067,1,4.005297893
-0.05983169466,0.02934209111,0.9977771344,0.06668867332,2.685646035,1,3.924411389
0.0766626667,-0.01550321403,0.9969365506,0.07829450576,6.083649911,1,4.18493025
0.0762959581,-0.01318684767,0.9969980109,0.07750473855,6.112038077,1,4.01602828
0.005266341875,0.07818026333,0.9969253292,0.07843784366,1.50353641,1,3.96160207
0.005857242712,-0.0762203812,0.9970737918,0.07651975534,4.789084395,1,3.988703368
0.06744040558,-0.03449237374,0.9971269066,0.07582176786,5.810419967,1,3.881662365
0.006294855937,0.08298925719,0.9965305605,0.08332403666,1.49508984,1,3.86481202
0.05808239139,-0.03673880879,0.9976355526,0.06878051749,5.719190045,1,4.239452314
0.005104965542,-0.04991430094,0.9987404577,0.05019575233,4.814309209,1,4.063765405
-0.04635512858,-0.04094111896,0.9980856811,0.06188586225,3.865051336,1,3.976919223
0.08362081947,0.00399371362,0.9964896431,0.08381423022,0.04772353634,1,4.074181575
-0.06813278104,0.008424333868,0.9976406942,0.06870566343,3.018571223,1,4.059366718
0.006357717548,0.02731525482,0.9996066508,0.02804906454,1.342114484,1,3.914096776
0.05846542595,0.0310189689,0.997807405,0.06623287223,0.4877896981,1,3.981767111
-0.0845271219,0.05836159541,0.9947105558,0.1028991138,2.537306131,1,4.021463203
-0.02658731054,-0.08672416969,0.9958775192,0.09083299358,4.414912645,1,4.170166012
-0.05737073252,-0.02736835192,0.9979777414,0.06360724077,3.586707221,1,3.948085328
-0.03878183574,0.02342363981,0.9989731239,0.04532222134,2.598248294,1,4.11126721
-0.01917760311,0.02533265056,0.9994951107,0.0317783502,2.218782143,1,4.157180355
0.01745896608,0.04266301112,0.998936961,0.04611349973,1.182358825,1,4.016237463
-0.03102462772,-0.03735067897,0.998820504,0.04857423019,4.01924771,1,4.008411389
0.01023125636,-0.04132056726,0.9990935552,0.04258125731,4.955114021,1,3.862215105
0.04055472139,0.006908233544,0.9991534371,0.04115051312,0.1687239985,1,4.134530576
0.0166210265,-0.01355828527,0.9997699307,0.02145125167,5.598925672,1,4.044096682
0.05798982363,0.02591670744,0.9979807136,0.06356046563,0.420288143,1,4.088034722
0.06653667039,-0.02731273915,0.9974100891,0.07198652159,5.893667361,1,4.050343069
-0.07817248957,0.01296867144,0.9968554938,0.0793240898,2.977191815,1,3.853205659
-0.03671175992,-0.05130852807,0.9980078565,0.06313169241,4.091329353,1,4.047862469
-0.04855083883,-0.01079210916,0.9987624074,0.04975636563,3.360321147,1,4.031436443
-0.05034953984,0.04367575672,0.9977762034,0.06670264283,2.427054245,1,3.944358648
0.01809083915,-0.07716386154,0.9968542822,0.07933937744,4.942676858,1,4.044639439
0.0106990247,0.08527115375,0.9963003369,0.08604587908,1.445977977,1,4.0841978
-0.05777770036,-0.01373230956,0.9982350229,0.05942215916,3.374938016,1,3.844446918
0.03176827304,-0.0396612403,0.9987080469,0.05083761274,5.387733538,1,3.893942785
-0.006121340938,-0.0401111574,0.999176473,0.04058669825,4.560948003,1,3.801706341
0.06906477646,0.02824283968,0.9972123137,0.07468577415,0.3881831106,1,3.886503548
-0.02002631649,-0.03233333459,0.9992764893,0.03804202766,4.157848027,1,4.004680923
0.06628434782,-0.0004161014812,0.9978006876,0.06633429093,6.276907867,1,4.090760079
-0.005376652638,0.05262114152,0.9986000736,0.05291980943,1.672619623,1,3.946804076
0.02278193618,-0.0866002238,0.9959826227,0.08966682911,4.969630657,1,3.879277929
-0.04327258618,-0.01207367644,0.9989903451,0.0449405126,3.413687214,1,4.148871676
-0.05210981375,-0.05267041482,0.99725142,0.07415982779,3.932341022,1,4.019119175
-0.01146899109,-0.0230621009,0.9996682458,0.02575936734,4.250896462,1,3.961783071
0.03169184316,-0.01280916442,0.9994156054,0.0341892233,5.899081898,1,4.080865542
0.04607481805,-0.06978931807,0.9964971461,0.08372455781,5.295900394,1,4.127932694
-0.04872517814,0.04860131466,0.997629074,0.06887471968,2.357467149,1,4.149278176
0.0778821795,0.002696560717,0.9969589233,0.07800793991,0.03460976528,1,4.00740316
0.04901784356,0.03352835057,0.9982349927,0.0594226677,0.5999088264,1,4.208057101
-0.04485700461,-0.05876614514,0.9972634503,0.07399727995,4.060421403,1,3.873298074
-0.05099944534,-0.002087294411,0.9986965003,0.05106433101,3.182497611,1,4.130081692
0.03395376364,0.03886841047,0.9986673063,0.05163312604,0.8527843089,1,3.918948428
0.004628782809,0.03072755137,0.9995170794,0.0310792375,1.421281015,1,3.872722666
-0.0837049227,0.001414054365,0.9964895817,0.08381496406,3.124700937,1,4.090345785
-0.06909261946,0.03298070349,0.9970649343,0.07663553526,2.696236436,1,4.135204472
0.07321801556,0.01641033311,0.997180938,0.07510509287,0.2204859403,1,3.821916346
0.02503814329,0.04720820565,0.9985712176,0.05346256122,1.083143522,1,3.914859976
-0.01984451778,0.002594840719,0.9997997109,0.02001478385,3.011571761,1,3.987456392
0.0382842206,0.08264264255,0.9958436183,0.09120596645,1.136978331,1,4.009521662
-0.01057893102,0.01265016213,0.9998640206,0.01649136251,2.267264283,1,3.928350417
0.06478249295,-0.006283515878,0.997879625,0.06513255304,6.186493727,1,4.086378795
-0.06218230147,-0.05159828393,0.9967301433,0.08089054693,3.83423644,1,3.993178052
0.05191448648,-0.02133439858,0.9984236223,0.05615678148,5.893272748,1,3.771581504
-0.04601583057,-0.07318899776,0.996255948,0.08656085313,4.151114733,1,3.978372196
0.02894054505,0.01879024287,0.9994045085,0.03451233414,0.5758622375,1,3.949248591
0.05988331021,0.02166854658,0.9979701715,0.06372621989,0.3471889774,1,4.061317998
0.01399959383,-0.06608285221,0.9977159255,0.06760095442,4.921151529,1,4.098966703
-0.06666333202,0.06141370314,0.9958837067,0.0907647553,2.397159617,1,4.0018069
-0.00787528797,0.09888231351,0.9950679715,0.09935882434,1.650271612,1,3.975792098
0.06696984849,-0.03554801769,0.9971215462,0.07589250041,5.795197456,1,4.077364251
0.0789272714,-0.03424686976,0.996291944,0.08614348322,5.873797012,1,4.178282288
-0.07276729295,-0.03206769886,0.9968332778,0.07960395655,3.556676089,1,3.93237969
-0.03775209132,0.0259345765,0.998950538,0.04581802324,2.539664889,1,4.023278828
0.006785117263,0.01977075392,0.9997815159,0.02090416645,1.240201509,1,4.112495959
-0.05316394645,-0.005770403471,0.9985691249,0.05350170922,3.249709198,1,3.9855252
-0.03812035579,-0.06091976596,0.9974144678,0.07192561609,4.153252736,1,3.930831495
-0.02469104486,-0.05468368751,0.9981984004,0.06003566921,4.288267695,1,3.90912202
0.01931781717,0.0558492946,0.9982523119,0.05913032043,1.237785986,1,3.883700226
-0.08219513948,0.02487191331,0.9963058501,0.08598170254,2.847755992,1,3.837671652
0.02303921053,-0.07179567434,0.9971532359,0.07547338305,5.022907842,1,3.82335962
0.06116764094,0.02553700736,0.9978007722,0.06633301435,0.3954942482,1,4.096049138
0.06709688621,0.04412285126,0.9967703757,0.08039109676,0.5816987512,1,3.968057034
-0.04206473083,-0.008348594663,0.9990800065,0.04289835894,3.3375168,1,3.895240814
-0.0175893003,-0.03606866882,0.9991945094,0.04013972457,4.258660823,1,3.988073546
-0.0151332597,0.03328727188,0.9993312474,0.03657395729,1.997490582,1,4.169833212
-0.02253402768,0.01043481631,0.9996916186,0.02483534973,2.707923609,1,4.128890387
-0.03415207837,-0.0263405191,0.9990694734,0.04314327272,3.798569008,1,4.123666377
-0.06359255926,0.006092481907,0.9979573478,0.06392727059,3.046079219,1,3.749337534
0.05994322329,0.00205962276,0.9981996634,0.06001461655,0.03434604789,1,3.970671708
-0.0564373712,-0.06637776767,0.9961971768,0.08723801783,4.007752645,1,3.997113055
0.02968047338,-0.03115911217,0.9990736606,0.04304607975,5.473488034,1,4.047663333
-0.04756857865,0.06296160487,0.9968816713,0.07899304627,2.217819135,1,4.073310255
-0.01689882958,-0.03981781634,0.9990640475,0.04326889207,4.311023492,1,4.059480448
0.05849001174,-0.0520848987,0.9969283233,0.07839962364,5.555648041,1,3.999544801
0.08334698683,-0.03139262963,0.9960259949,0.08918116365,5.922968983,1,4.05653861
-0.06749380927,0.004020551247,0.997711592,0.06766507668,3.082093779,1,4.116706161
0.04719543501,-0.05395337435,0.9974275033,0.07174399526,5.431074438,1,3.979906052
0.03389923676,0.03570389145,0.9987873016,0.04925329558,0.8113201371,1,4.074250427
0.05344844341,0.07777295044,0.9955373585,0.09450888527,0.9686876415,1,3.948613606
-0.03744669733,-0.04828312164,0.9981314969,0.06114058086,4.052726046,1,4.146015292
0.08822971034,-0.04083748388,0.995262688,0.09737614788,5.849693469,1,4.037560936
0.008786766037,0.09568999905,0.9953724011,0.09624107695,1.479227783,1,4.012613506
-0.06449358583,-0.04588615144,0.9968625976,0.07923439056,3.75998446,1,4.095849561
0.0273263948,-0.02339134791,0.9993528471,0.03597840246,5.575219203,1,3.98499942
-0.02441791874,-0.0773157753,0.9967075981,0.08116908436,4.406481756,1,3.879729218
-0.06264865888,-0.04444569519,0.9970454983,0.07688898067,3.75862858,1,3.86298082
-0.007925076737,0.06503027897,0.9978518207,0.0655583542,1.692065822,1,3.90719391
0.005505100558,0.02132239732,0.9997574952,0.02202337786,1.318130087,1,3.936572996
-0.01961769859,-0.02077584643,0.9995916717,0.02857817713,3.955654571,1,3.925389951
-0.01084947665,0.05142817108,0.9986177607,0.05258436655,1.778711326,1,4.156426649
-0.06238841583,0.04325852325,0.9971140285,0.07599158842,2.535327333,1,3.877931814
0.07782574693,0.01151608538,0.9969004629,0.07875455075,0.1469066643,1,3.927487588
-0.008176571342,-0.02720748796,0.9995963667,0.02841339389,4.420449221,1,3.729881637
-0.07105126226,-0.06267851787,0.9955014423,0.09488872046,3.86446301,1,4.08130185
0.08952859678,0.02995835921,0.9955335891,0.09454881963,0.3229111221,1,4.053492477
0.03303389611,0.02790634563,0.9990645613,0.04325701352,0.7014552537,1,4.063228778
0.04323515347,-0.01816708533,0.998899734,0.04691413132,5.885393729,1,3.925985673
-0.01186151242,-0.08881112395,0.9959778556,0.08972004904,4.579615868,1,3.961704231
-0.01953737744,0.01498422732,0.999696836,0.02462435243,2.487330357,1,4.085424946
-0.01442952914,-0.00378136571,0.9998887388,0.0149173236,3.397886924,1,3.931980698
0.003432263533,-0.07390827205,0.9972591373,0.07405559655,4.758795144,1,3.889249022
0.0436455051,0.04627926843,0.9979745985,0.06365666666,0.8146783108,1,3.848641747
0.02869092682,0.04354654256,0.998639339,0.05217220913,0.9882202023,1,4.124960684
0.007694784489,-0.0325730503,0.9994397364,0.0334758399,4.944367785,1,3.858547519
0.006160486868,-0.06617261368,0.9977891729,0.06650777676,4.805218637,1,3.982468838
-0.08290664404,-0.0004028469728,0.9965572367,0.08300289775,3.146451659,1,4.044406106
-0.03463150662,0.03772304761,0.9986879545,0.05123148502,2.313492801,1,3.948867265
0.05874605117,0.03848601501,0.9975308156,0.070287996,0.5799696977,1,4.008420155
0.02863444134,-0.05464160675,0.998095368,0.06172903583,5.195083884,1,4.108366285
-0.00975752278,0.06063946359,0.9981120409,0.06145817206,1.730339177,1,4.109705288
0.02792177484,-0.09252343649,0.9953189379,0.09679585424,5.005478518,1,3.998067424
0.03706610857,-0.02371492174,0.9990313839,0.0440175528,5.714013526,1,3.894555623
-0.07356111331,0.009364488905,0.9972467443,0.07422290834,3.014971559,1,4.161150896
0.05639558601,0.002031708763,0.9984064353,0.05646216656,0.03601045087,1,4.025352388
-0.00385122066,-0.08578089899,0.9963065821,0.08597317875,4.667523092,1,4.156203587
-0.002760050585,0.0521243715,0.9986367868,0.05222112608,1.62369817,1,4.155296613
-0.06129065101,0.0192022874,0.9979352325,0.0642725204,2.837980219,1,3.86944202
-0.0204690928,-0.0512108756,0.9984780731,0.05517813156,4.332139469,1,3.978714127
0.04692979136,-0.04413762238,0.9979225746,0.06446929568,5.528438004,1,4.201908886
-0.05116770524,0.02105784338,0.9984680431,0.05535969957,2.751172976,1,4.133539043
-0.03522161991,0.06168878315,0.9974737749,0.07109556241,2.0895866,1,4.00316534
0.04098711818,0.07040737469,0.9966759041,0.08155904827,1.04361091,1,4.013165787
0.03737481116,0.002258592293,0.9992987653,0.03745174788,0.06035746684,1,3.97629635
-0.04516533984,-0.005065492778,0.9989666826,0.04546417159,3.253280348,1,4.188851688
0.05925998553,-0.01319094804,0.9981554253,0.0607477091,6.064161611,1,3.86271981
0.01860896204,-0.06187987401,0.99791011,0.06466248223,5.004512809,1,3.930489899
-0.06664121539,-0.003119023493,0.9977721283,0.06676375336,3.188361744,1,4.12129209
0.02681806469,-0.04096286519,0.9988006984,0.04898043321,5.292055629,1,4.027320303
0.03584196781,-0.04537241208,0.9983269492,0.05785356499,5.380972181,1,4.02771252
-0.01632483848,0.06778009275,0.9975667189,0.06977490295,1.807144903,1,4.007384208
-0.03550626978,-0.05684236624,0.9977515974,0.06707079263,4.154045367,1,4.036779214
-0.001687129515,0.05049058356,0.9987231121,0.05054027645,1.604198635,1,3.80028927
-0.0583453595,-0.03611124141,0.9976431212,0.06867030217,3.695809512,1,3.935833682
0.06692158822,-0.0605508875,0.9959192191,0.09037211236,5.547722666,1,3.976290811
-0.01280827238,0.05767725327,0.9982531155,0.05911672071,1.789318305,1,4.054563436
-0.03489857335,0.0784490577,0.9963070987,0.08596716186,1.989364693,1,3.862394523
0.08143257572,-0.01673261903,0.9965383862,0.08322995642,6.08052784,1,3.952038045
-0.05578760269,-0.08127735896,0.9951290039,0.09874163992,4.110858807,1,3.908266872
0.0003282884995,-0.003990928799,0.9999919823,0.004004419025,4.794462867,1,3.938090297
-0.02501231852,-0.04087386654,0.9988511956,0.04793796875,4.163236924,1,4.017029629
0.0444068747,-0.005739463268,0.9989970411,0.04479121883,6.154650684,1,3.815016126
-0.0358597997,0.01266204987,0.999276612,0.0380388025,2.802159941,1,4.041998182
-0.0007855903076,0.06716838078,0.997741345,0.06722359395,1.582491629,1,4.120135814
-0.04206080489,-0.02221913383,0.9988679586,0.04758686831,3.627593565,1,3.962783331
0.007842192899,-0.06742705193,0.9976933861,0.06793380874,4.828175094,1,3.788765107
-0.02274010382,0.06961513559,0.9973147049,0.07330072005,1.88652402,1,3.825342835
0.03337037817,-0.06743300689,0.9971655868,0.07530940478,5.171921863,1,4.000410353
0.04899816387,0.02871100901,0.9983861267,0.05682090511,0.5300326831,1,3.90970328
-0.03993956801,-0.06130141656,0.9973198921,0.07322985581,4.134940589,1,3.978961728
-0.03515501791,0.01355757598,0.9992899063,0.03768760398,2.773516771,1,4.077978845
0.05713264274,0.01604806612,0.9982376073,0.05937862536,0.273835076,1,4.077208087
0.06194548243,0.0159091954,0.9979527317,0.063999488,0.2513925156,1,3.955238917
0.04367221678,0.01013335064,0.9989945208,0.04484746803,0.2279974119,1,4.102745005
-0.06575788707,-0.02764829942,0.997452491,0.07139455661,3.539608221,1,4.126600839
0.05077083512,-0.001165732912,0.9987096492,0.0508060708,6.260228661,1,3.948523196
-0.02826149197,-0.0487525055,0.9984109781,0.0563816081,4.18703485,1,3.822150609
0.02351614858,-0.0003395777667,0.9997233995,0.02352076889,6.268746116,1,3.932139973
0.04226140216,0.07760811519,0.9960878246,0.08848422349,1.072147968,1,3.835518686
0.006154539407,0.04676424809,0.998886994,0.04718500914,1.439940578,1,3.95900143
-0.04999472988,0.05232885869,0.9973776705,0.07243585361,2.333387197,1,4.120615082
-0.00694732189,0.06705341817,0.9977251996,0.06746352229,1.674036723,1,4.089425281
0.001516742481,-0.09453252698,0.995520618,0.0946861147,4.728432266,1,4.04011172
0.008939171478,0.03799351185,0.9992380018,0.03904087547,1.33971759,1,3.940495634
0.0824534801,-0.003505471568,0.9965887493,0.08262193263,6.240696357,1,3.890746065
-0.001242533181,0.0669605394,0.9977548508,0.06702223257,1.589350398,1,3.987632222
0.03220879979,-0.008643179152,0.9994437897,0.03335451751,6.021013512,1,3.955620506
0.0163361121,-0.03068369624,0.9993956385,0.03476844542,5.201622231,1,4.057669598
-0.003158325492,0.05119196413,0.9986838378,0.05131181272,1.632413954,1,4.019638299
0.02062267375,0.05740634488,0.9981378747,0.06103611248,1.22591343,1,3.993806356
-0.07338611204,0.02919464233,0.9968761966,0.07906239407,2.76296489,1,4.070549229
0.02865444386,-0.07580527224,0.9967108325,0.08112918371,5.073787778,1,3.956980798
0.04313180655,0.009584516411,0.9990234153,0.04419827369,0.2186616662,1,3.959859208
0.02745180103,-0.07221558147,0.9970111877,0.077334369,5.075655535,1,4.070598647
-0.08050743193,0.04430075855,0.9957690476,0.09202107633,2.638542802,1,3.853786162
0.03026155377,0.05756449354,0.997883043,0.06508001797,1.0868021,1,3.962646796
0.01840912948,-0.003100256397,0.999825731,0.01866944379,6.11634222,1,3.936201269
-0.008092952667,0.01942998407,0.9997784654,0.02104959861,1.965461404,1,4.105849812
-0.0168199446,-0.03523316689,0.9992375661,0.03905203834,4.266992817,1,3.78265357
0.07635931375,0.01107844598,0.9970188179,0.07723554265,0.1440778099,1,4.071648889
-0.02666277929,-0.0268134861,0.9992848108,0.03782259725,3.929809009,1,4.035606703
-0.0487166835,-0.03534462283,0.9981870778,0.06022408483,3.769237499,1,4.178508121
0.07449612631,-0.01817764116,0.9970556156,0.07675715565,6.043854198,1,4.015211768
-0.04078860982,-0.04462273457,0.9981708776,0.06049264909,3.971850812,1,3.932720511
0.002962881657,0.02715281223,0.9996269035,0.02731738431,1.462107571,1,4.183759488
0.05200793397,-0.02620812176,0.9983027142,0.05827119628,5.816402268,1,3.946959908
-0.04232711029,-0.03732207752,0.9984064695,0.05646156111,3.864234865,1,4.120699951
-0.005160255751,0.03650301087,0.9993202199,0.03687430276,1.711230982,1,3.921886233
-0.0063600501,0.03349162418,0.9994187615,0.03409676812,1.758461487,1,3.75125257
-0.04090561169,-0.03723648401,0.9984689155,0.0553439315,3.880070719,1,4.007082578
-0.03058593408,-0.06263953535,0.9975674359,0.06976461751,4.258157364,1,4.189351871
0.0008204578618,-0.06720356321,0.9977389478,0.06725927121,4.724596921,1,4.047221432
-0.02503326849,-0.0004937501427,0.9996864967,0.02504075416,3.161313855,1,4.115434511
-0.02255680899,-0.1009001422,0.9946408154,0.1035758491,4.492449601,1,3.984887716
0.0536759852,0.06512926067,0.9964321693,0.08449797974,0.8815049545,1,3.859806724
-0.01598760434,0.07500681872,0.9970548499,0.07676714032,1.780802291,1,4.143591721
0.06660466383,0.01215599116,0.9977053927,0.06775670252,0.1805227198,1,4.093628173
-0.02077360358,-0.07002237187,0.9973290956,0.07310395683,4.423989152,1,3.86225927
0.03475269275,-0.03999580715,0.9985953063,0.05300986111,5.427758436,1,3.916263015
0.002448418413,0.07019413139,0.997530345,0.07029469707,1.535929791,1,4.084685227
0.01143097686,0.0912634336,0.9957611754,0.09210670534,1.446192685,1,3.976270609
-0.007655409295,-0.04199963565,0.9990882971,0.0427046019,4.532095028,1,4.057834551
0.003546075383,-0.06497709792,0.9978804548,0.06511980278,4.766909131,1,4.079839382
-0.01246571497,0.004343048817,0.9999128681,0.0132009941,2.806344383,1,3.884715772
0.007570679799,0.0246661334,0.9996670779,0.02580467236,1.272997499,1,4.071697451
-0.03643608447,-0.009536391553,0.9992904828,0.03767230105,3.397579847,1,3.890460817
-0.05880320531,0.05056094626,0.9969883519,0.07762938901,2.431417557,1,3.992833761
-0.01110135988,-0.05717073471,0.998302693,0.05827155969,4.520596686,1,4.017148835
-0.0723328603,0.0222342271,0.9971326875,0.0757454131,2.843372065,1,3.944374275
-0.06216398966,0.004478169315,0.9980559024,0.06236550023,3.069678883,1,3.82284597
-0.07599750468,0.04140218927,0.9962480806,0.08665180837,2.642763226,1,3.958607312
0.0541502968,0.008218004799,0.9984989783,0.05479776123,0.1506135846,1,3.957264335
-0.03266064151,-0.05356726004,0.9980299751,0.06278012581,4.164858343,1,3.994903671
0.07221053729,0.03569074562,0.9967506253,0.08063666652,0.4590446896,1,4.036626091
-0.0003176660866,-0.006738898546,0.9999772429,0.006746432826,4.66528468,1,3.99799702
-0.06467789757,-0.05070631104,0.9966170978,0.08227771607,3.806489957,1,4.150038408
-0.01093695854,-0.001188232602,0.9999394837,0.01100153816,3.249811985,1,4.026320617
0.02686824694,-0.05430610425,0.9981627845,0.06062636956,5.171832241,1,4.041396345
0.03410932349,-0.05144970465,0.9980929225,0.06176866466,5.297824107,1,3.781189658
0.01431560672,0.0403715702,0.9990821787,0.04284767835,1.23003275,1,3.800769964
-0.03046479637,0.06414087743,0.9974757361,0.07106794836,2.01421769,1,3.874600966
0.0478340527,-0.05344191239,0.9974246164,0.07178425722,5.442471563,1,4.1044989
-0.03795971559,-0.05236102187,0.9979065003,0.06471832112,4.085106141,1,3.996740695
0.02905886763,0.04111462328,0.9987317808,0.05036839013,0.9555365464,1,4.000544867
0.03793505642,-0.0753812295,0.9964329389,0.08448886044,5.178627414,1,4.064412532
-0.0606877235,-0.03156426849,0.9976576052,0.06845889076,3.621198225,1,4.052847052
0.04035735727,0.04806919722,0.9980283743,0.06280563483,0.8723898698,1,4.080530122
0.02872485424,0.03965400276,0.998800502,0.04898444379,0.9438898864,1,3.878827572
-0.00279000852,0.07089299015,0.9974800248,0.07100752535,1.610131238,1,3.840539159
0.09595124586,-0.02142578065,0.9951554122,0.09847339314,6.063490853,1,3.807855807
0.03531148552,-0.062469512,0.9974220065,0.07182063676,5.226872211,1,3.981723024
0.01170003674,-0.04455743726,0.9989383084,0.04608426087,4.969175194,1,3.987341402
0.006307865635,0.01149469964,0.9999140377,0.01311209904,1.068903339,1,3.913165716
0.05209621387,-0.02158920324,0.9984086793,0.05642238879,5.890318383,1,4.035113195
-0.01254582989,-0.06998985224,0.9974688079,0.07116545008,4.535020539,1,3.996828047
0.03016654654,-0.03307555288,0.9989974911,0.04478116624,5.451821603,1,3.947936262
0.02635912787,-0.05624347791,0.9980690695,0.06215387674,5.150652618,1,4.143364007
-0.01546982978,0.07630844753,0.9969642447,0.07793962429,1.770813215,1,4.147211854
0.04173831841,0.02463304806,0.9988248724,0.04848417946,0.533166329,1,3.865041075
0.05436396793,0.06816380816,0.9961918762,0.08729883395,0.8975517662,1,4.056816193
-0.007737509651,0.09037333195,0.9958779001,0.09082879515,1.65620522,1,3.84835377
0.05846398389,-0.002080544285,0.9982873504,0.05853441223,6.247613549,1,3.984122418
-0.02148378638,-0.05231546389,0.9983994888,0.05658512807,4.322728202,1,3.976962582
-0.002543297096,-0.02828656317,0.9995966196,0.02840448867,4.622718253,1,4.078526212
-0.03296920854,0.02952638662,0.9990201318,0.04427252525,2.411227897,1,4.04376103
0.03315569537,-0.03495382445,0.9988387908,0.04819614086,5.47139272,1,4.021253135
0.04636721268,0.05156540115,0.9975926478,0.06940199835,0.8384276364,1,3.881656789
0.07544277653,0.01170791251,0.997081397,0.07642020424,0.1539611644,1,3.942332334
0.04926341983,-0.01527913235,0.9986689459,0.05160134593,5.982441263,1,3.938323832
0.07351438342,0.02253856351,0.9970394418,0.07696778717,0.2974890195,1,4.038345985
0.02901811376,0.01595276922,0.9994515787,0.03312012693,0.502652871,1,4.01282901
-0.04000131165,0.04384145596,0.9982373574,0.05938283612,2.310424742,1,3.976483397
-0.04935906451,0.02850890795,0.9983741407,0.0570315704,2.617820086,1,3.732470627
-0.05554144785,0.01335882033,0.9983670114,0.05715650823,2.9055562,1,3.989291254
-0.02058631481,0.06938250323,0.9973776977,0.07243547709,1.859229824,1,3.870508997
0.002722016238,-0.08148154874,0.9966711332,0.08161758743,4.745783097,1,4.015945702
-0.05152535394,0.06326427174,0.9966658266,0.08168265275,2.254284143,1,3.875981146
0.0009492780826,0.0707707523,0.9974921551,0.07083634398,1.557383708,1,3.880473392
0.04709866442,0.01084712703,0.9988313449,0.04835044471,0.2263594385,1,4.017938553
-0.03307624019,0.009836183412,0.9994044286,0.03451465092,2.852542061,1,4.158871291
-0.02709947711,0.0325126757,0.9991038706,0.04233823963,2.265635894,1,3.999339349
-0.03462962285,-0.02043485606,0.9991912759,0.04022022146,3.674699132,1,3.951367957
-0.02249085853,0.0006276661469,0.9997468516,0.02250151393,3.113692284,1,3.875517768
-0.01320075438,-0.02877015334,0.9994988836,0.03165938209,4.282212172,1,3.939353331
0.03060363794,-0.01397367516,0.9994339166,0.03364927245,5.854854931,1,3.858447206
-0.008747432207,-0.02560593609,0.9996338422,0.02706215622,4.383201425,1,3.992348988
-0.0060517847,-0.002664617196,0.9999781376,0.006612482147,3.55635311,1,4.025160129
0.02565538748,-0.06880023528,0.9973005208,0.07349414455,5.069314474,1,4.013027995
-0.01793521807,0.05480238911,0.9983361288,0.05769458899,1.887080654,1,3.980167471
-0.01733517504,0.06324381667,0.9978475391,0.06562367696,1.838326283,1,3.862754139
0.005298023643,-0.04910149425,0.9987797426,0.04940659192,4.819872587,1,4.077914435
-0.04178680344,0.03420402516,0.9985409094,0.05402676326,2.455650703,1,3.90768067
0.03502260336,0.07675650416,0.996434572,0.08446950581,1.142730669,1,4.046624661
0.05357721521,0.01852607636,0.9983918402,0.05672020894,0.3329128672,1,3.945368173
-0.08305989703,-0.03403853889,0.9959630673,0.08988494635,3.530524768,1,4.156084532
-0.0488878262,-0.06353577586,0.9967814132,0.08025353409,4.056553427,1,3.902518845
0.05794249607,0.03273569947,0.9977830632,0.06659964654,0.5142628514,1,3.879140843
-0.008209627046,-0.01740428085,0.9998148294,0.01924454952,4.271635284,1,4.055621404
0.05316026301,-0.02768751672,0.9982020777,0.05997435031,5.803012057,1,4.016347184
0.07528096859,0.02413954692,0.996870131,0.07913915672,0.3103009397,1,3.943378705
-0.05232641143,0.06966410324,0.996197199,0.08723776266,2.215016697,1,4.041854739
0.06915904548,0.008392171758,0.9975703473,0.06972283947,0.1207555815,1,4.025626816
0.03737481529,0.08403734278,0.9957614414,0.09210381326,1.152324749,1,3.966611505
-0.01728145997,0.05359159131,0.9984133876,0.05633883497,1.882734502,1,4.016434527
-0.03064702069,0.038125925,0.9988028704,0.04893605023,2.247872393,1,3.966192206
-0.07215796683,0.04453254249,0.996398555,0.08489533291,2.588655666,1,4.006247308
-0.0363089959,-0.0162285901,0.9992088319,0.03978121366,3.561913832,1,4.035255044
-0.01784415936,-0.03733351437,0.9991435306,0.04139062005,4.266523245,1,3.782954507
-0.05573324815,-0.00054628064,0.9984455451,0.05576482296,3.151394041,1,4.075308722
-0.02023209799,0.04630252952,0.9987225531,0.05055134065,1.982748803,1,3.96430679
0.04072596105,-0.01163301908,0.9991026318,0.0423674969,6.004953067,1,4.094534757
0.02050539057,-0.05594609016,0.9982232035,0.05962085111,5.06370495,1,3.953357405
0.01169759247,0.03254378774,0.9994018552,0.03458914346,1.225735132,1,4.169989359
-0.07222895466,-0.01445328409,0.9972833503,0.07372761589,3.339087963,1,3.950548234
0.003649891489,0.01015889701,0.9999417359,0.01079487946,1.225878027,1,4.069632301
0.02140630412,-0.08916485957,0.9957868236,0.09182742783,4.94800541,1,3.923518897
0.003589823639,0.000746956351,0.9999932776,0.003666720306,0.205148803,1,3.945004604
0.03323636441,-0.03398677527,0.9988694826,0.04755482135,5.486624623,1,3.903911468
0.08118735186,0.04278506817,0.9957801222,0.09190047882,0.485007147,1,4.115262587
-0.02246282744,0.004145284004,0.999739085,0.02284409697,2.959105967,1,3.984842643
-0.05168939225,-0.03402450319,0.9980834333,0.06192219596,3.723745147,1,4.065505898
0.01283619248,-0.03497118982,0.9993058831,0.03726116454,5.064172071,1,4.021368555
-0.03846651459,-0.03948393712,0.998479517,0.0551519432,3.940042246,1,4.023530045
-0.0222125362,0.06470923149,0.9976569143,0.06846899018,1.901460277,1,4.033527022
0.06021684899,0.01754027146,0.9980311969,0.06276064811,0.2834424301,1,4.140952551
-0.07566119641,-0.005375547287,0.9971190936,0.07592484073,3.212521082,1,4.122551054
0.0808857058,0.02491992299,0.9964118125,0.08473883916,0.2988604482,1,3.961711031
-0.05377709008,0.01124149676,0.9984896861,0.0549671572,2.935521267,1,4.018682343
-0.05145599377,0.01110583563,0.9986135094,0.0526651902,2.929021657,1,3.873269502
0.0423941838,0.03203247149,0.9985873292,0.05316020271,0.6470668698,1,3.964881385
0.01695350265,-0.016840671,0.9997144445,0.02389849737,5.501125921,1,3.872816665
0.02739863628,-0.09412443394,0.9951833528,0.0981887862,4.995651109,1,4.081856198
0.01879993045,0.05467957838,0.9983269536,0.05785348914,1.239637685,1,4.131820486
-0.03112094722,0.0781594039,0.9964550136,0.08422687007,1.949726523,1,3.930310931
0.07874261814,-0.02949067692,0.9964586796,0.08418328312,5.924835619,1,4.076054657
0.002198956836,-0.01282280514,0.9999153665,0.01301035331,4.882224958,1,4.003567778
-0.0004508098819,-0.007209514018,0.9999739095,0.00722365763,4.649940429,1,3.828039054
0.05848544735,0.03136673748,0.9977953599,0.06641461669,0.4922773426,1,4.048620973
-0.02459184295,0.00079854512,0.999697256,0.02460728798,3.109132108,1,4.096824556
-0.04683094356,0.04335559884,0.9979614996,0.06386224725,2.394710503,1,4.027741351
-0.006729847011,0.02115455728,0.9997535666,0.02220106097,1.878799808,1,3.841589786
0.05221104457,-0.01108931905,0.9985745009,0.05340108451,6.073901218,1,3.989200741
0.1015137837,0.02110542245,0.9946102316,0.103871237,0.2049867198,1,4.126298837
-0.0134444054,-0.0003121689602,0.9999095712,0.01344843445,3.164807728,1,3.901341284
0.07451678891,-0.02370318041,0.9969380158,0.07827576982,5.97521426,1,4.043461683
0.01642356781,0.02562745245,0.9995366427,0.03044316301,1.000874416,1,4.010338798
-0.07932194271,-0.05207193314,0.9954880929,0.09502951155,3.722497986,1,4.158913206
-0.02639735212,0.0218595479,0.9994124974,0.03428002718,2.449953095,1,3.878050333
-0.01726824312,0.08856141336,0.9959210229,0.09035212377,1.763366197,1,4.126033592
0.04136642367,-0.001832349595,0.999142363,0.04141882772,6.238918667,1,3.8757631
0.01401363771,0.06605797587,0.9977173757,0.06757948239,1.361753975,1,3.994833854
0.006696718455,0.006540346394,0.999956188,0.009360808103,0.7735855154,1,3.915803805
-0.005515247263,-0.06194424273,0.9980643731,0.06222944111,4.623587468,1,4.030912319
-0.05579800525,-0.001130726584,0.9984414375,0.05583847322,3.161854522,1,4.031392972
0.05910141255,-0.01485502187,0.9981414486,0.06097749444,6.036938341,1,4.14911319
-0.02031367652,0.07024141971,0.997323166,0.07318509495,1.852313785,1,3.919720924
0.05287166429,-0.001592097487,0.9986000462,0.05292032751,6.253081913,1,4.106790063
-0.03584714479,-0.06308981606,0.997363854,0.0726265103,4.195685953,1,3.947642695
-0.01665581485,0.03028798491,0.9994024324,0.03457245049,2.073574216,1,4.053090528
0.03280712198,0.06041064311,0.9976343253,0.06879837295,1.073290317,1,4.061500512
0.01048726309,0.08314473823,0.9964822978,0.08390192505,1.4453263,1,3.817756865
0.02650051628,0.05384527317,0.9981975802,0.06004933763,1.113439967,1,4.069957904
0.06186519363,-0.036008611,0.9974347486,0.07164284871,5.756069208,1,4.036683575
0.001240478694,-0.06115781688,0.9981273379,0.0612086085,4.73266944,1,3.976431991
0.04783577884,0.05899309021,0.9971116054,0.0760234986,0.8894618612,1,3.960751692
-0.008859842759,0.0386584461,0.9992132043,0.03967111932,1.796088234,1,4.076484123
0.07082124283,-0.05361485954,0.9960470864,0.0889440337,5.635190698,1,4.029754283
-0.05978654358,0.06230064613,0.9962651247,0.08645464126,2.335604719,1,3.996358201
-0.004735356048,-0.0645113465,0.9979057383,0.06473010235,4.63911693,1,3.926434365
0.01250346704,0.01636720299,0.9997878665,0.02059810727,0.9184367767,1,4.129908657
-0.04905926855,-0.07603376503,0.9958976126,0.09061120706,4.139374302,1,3.986826
0.02422118778,0.02366989571,0.9994263705,0.03387283058,0.7738873,1,4.080456941
0.05511335388,0.04269872542,0.9975667081,0.06977505827,0.659149943,1,4.189781213
0.01725571726,-0.0208940156,0.9996327727,0.02710165084,5.402705803,1,3.844411501
0.05380570059,-0.03979634171,0.9977580858,0.06697391137,5.646353723,1,3.980941164
-0.0619909999,0.00424777732,0.9980676692,0.06217641723,3.073177113,1,3.929407964
-0.005542687207,0.08023427046,0.9967606235,0.08051244609,1.639768044,1,4.082339749
-0.04875174343,0.04283322452,0.9978920695,0.06494107281,2.420728013,1,4.027502484
0.01440669681,0.04841237122,0.99872353,0.05053200259,1.281558471,1,4.157606307
0.0705172264,0.01582959273,0.9973849532,0.07233515587,0.2208179013,1,4.068748386
0.07181868695,0.02615179995,0.9970748014,0.07650654685,0.3492125931,1,3.979369264
-0.005442584771,0.01546105144,0.9998656581,0.01639176332,1.909268728,1,4.034151794
-0.0493361855,0.01241131806,0.9987051116,0.05089534219,2.895140438,1,4.056733552
0.03293242022,0.0397632903,0.9986662788,0.05165303009,0.8790883076,1,3.763720756
0.07677620683,0.0119241989,0.9969770446,0.0777750555,0.1540801093,1,4.208295048
-0.05019702364,0.01228768777,0.998663743,0.05170212222,2.901524282,1,3.931290545
0.05394964706,-0.05539692007,0.9970058259,0.07740374021,5.484552266,1,4.108825711
-0.05088848775,-0.004660385698,0.9986934678,0.05112370893,3.232918261,1,3.868493415
-0.01703174301,-0.004599014583,0.9998443723,0.01764266133,3.405328784,1,4.15056981
-0.008150262197,0.01955928477,0.9997754786,0.02119102661,1.965611851,1,3.934602829
0.03843599564,-0.06733701035,0.9969896696,0.0776123955,5.231061458,1,4.048796286
-0.01604233246,0.04044358303,0.9990530317,0.04352281678,1.948419672,1,3.94389466
0.04581582618,0.0187798588,0.9987733612,0.04953563747,0.3890107154,1,3.855814171
0.06200309383,0.08219993064,0.9946852707,0.1031449825,0.9245513269,1,3.872592553
0.04370195196,-0.04347157998,0.9980983725,0.06168031344,5.50042982,1,3.953729212
-0.02975250799,0.05810882247,0.9978668012,0.06532928307,2.044008569,1,4.023557514
-0.008099540178,-0.07419786974,0.9972106465,0.07470811433,4.603658145,1,3.999399915
0.03062299373,0.03342391428,0.9989720087,0.04534682909,0.8291026463,1,3.846565435
0.0388131755,-0.01249458597,0.9991683656,0.0407860206,5.971745216,1,3.908254452
-0.02294201088,0.05980464049,0.997946426,0.06409800735,1.937099182,1,4.050569238
0.009893858547,0.009716530784,0.9999038457,0.01386765067,0.7763558682,1,3.824218087
-0.06298482326,-0.0457431232,0.9969656357,0.07792175728,3.769723805,1,3.895756201
-0.06988771572,-0.03548891228,0.9969233894,0.07846259622,3.611459981,1,3.855231563
0.06590683332,0.02545539017,0.9975010338,0.07071078699,0.3685821794,1,4.037783772
0.05043086482,0.06591548929,0.9965499868,0.08309029805,0.9177113499,1,4.123583065
0.02182385027,0.05907345999,0.9980150529,0.06301752268,1.216912771,1,4.003415197
0.0284900691,-0.01554617422,0.9994731774,0.03246132528,5.783672598,1,3.863575518
-0.003841141447,-0.04673845132,0.9988997762,0.04691323169,4.630389507,1,3.898190972
0.04682240822,0.04754294562,0.9977711814,0.06677794609,0.7930336288,1,4.13638746
-0.06400370079,0.01127148041,0.9978860055,0.06503444823,2.967273377,1,4.134362515
0.003935461429,0.04019619846,0.999184056,0.04039938071,1.473201062,1,3.873384134
-0.02951789359,0.0155945349,0.9994425969,0.03339026565,2.655556062,1,3.968249668
0.02145542328,-0.04405544804,0.9987986696,0.04902185333,5.165590315,1,4.067876858
0.022204101,-0.00973410051,0.9997060694,0.02424644324,5.870026406,1,3.943323409
0.01190236854,0.02830277164,0.9995285322,0.0307084621,1.172711769,1,3.971186556
-0.08492547205,0.03383365115,0.9958127074,0.0915447223,2.762473023,1,3.964217598
-0.04073835504,0.06252837974,0.9972114059,0.07469793917,2.148237832,1,4.040426151
0.08610872783,-0.03750599351,0.9955795234,0.09406101423,5.872399706,1,3.899829047
0.07042085152,0.04136179128,0.9966594734,0.08176048096,0.5310672002,1,4.019612905
-0.03304284444,0.02041250685,0.9992454653,0.03884918454,2.588217471,1,4.018550444
-0.02475410304,-0.07685641116,0.9967348326,0.08083249188,4.400798143,1,4.011651282
-0.004509170907,-0.0671458814,0.9977329793,0.06734801822,4.645334819,1,3.876669744
0.01017760099,0.04392224439,0.9989831094,0.0451012856,1.343096299,1,4.177672196
-0.02164758613,-0.04369357914,0.998810419,0.04878149031,4.252395299,1,4.073422572
-0.04217926655,0.07021315773,0.9966398657,0.082000216,2.111753636,1,4.002283985
-0.05336677932,-0.06063094491,0.9967325997,0.08086014011,3.990626802,1,3.97798337
0.05360971174,0.06808858311,0.9962378951,0.08676942045,0.9038150329,1,4.051980766
0.05234940613,-0.05346486875,0.9971965942,0.07489614978,5.487245832,1,3.753673072
-0.04099062228,-0.06151821251,0.9972638961,0.07399125011,4.124628589,1,4.001678431
-0.06071494167,0.03498741162,0.997541767,0.07013188753,2.6188142,1,3.893939248
0.02441479561,-0.08510322204,0.9960729689,0.08865217501,4.991770204,1,3.878800589
0.04193652795,0.0002645971399,0.9991202418,0.04194966525,0.006309383293,1,3.822459881
0.01661539879,-0.02460934694,0.9995590571,0.02969765449,5.306252803,1,4.006260638
-0.04314216793,-0.002364414774,0.9990661454,0.04322036514,3.196343073,1,3.939465308
-0.03344092395,0.01567973329,0.9993176925,0.03694279609,2.703150673,1,4.013278389
-0.06559129878,-0.04152217832,0.9969822918,0.0777074919,3.705955519,1,3.9945343
-0.07111527518,-0.02657921138,0.9971139168,0.07599305856,3.499265469,1,4.011413388
0.01365111592,-0.016018074,0.9997785096,0.02104749563,5.418177434,1,4.163546013
0.05463033809,-0.05743524787,0.9968534087,0.07935039818,5.472763188,1,3.84069831
-0.01809475281,0.04229698068,0.9989412122,0.04602118499,1.975038295,1,4.007839068
0.03418201771,0.04089186733,0.9985787124,0.05332212313,0.8745379257,1,4.025863392
0.03648180846,0.01616519144,0.999203565,0.03991342572,0.4171034288,1,4.075651412
0.0368155995,0.052508192,0.9979416323,0.06417280218,0.9593055979,1,3.957062729
0.04940607892,0.05866615327,0.9970543224,0.07677401776,0.8708735135,1,4.02107692
-0.04338270401,-0.02791133892,0.9986685627,0.05160877533,3.713296338,1,4.013004286
0.07543642181,0.0475911104,0.9960142732,0.08931267836,0.5628143799,1,4.04136197
0.001457651706,0.02120144496,0.9997741615,0.02125309441,1.502151879,1,3.964150064
-0.01458826736,0.0140021078,0.9997955408,0.02022207473,2.376693608,1,4.054118401
-0.006267936237,-0.03931887471,0.9992070552,0.03982586252,4.554306206,1,4.220417269
-0.02768395087,-0.04904111801,0.9984130246,0.05634528139,4.198477823,1,4.042984424
0.03587841196,-0.01418551964,0.9992554781,0.03859052387,5.906670117,1,4.006981357
-0.002127465209,0.00932402815,0.9999542671,0.00956380666,1.795126139,1,4.102481605
-0.02190976557,-0.07113837121,0.9972257991,0.07450482651,4.413619941,1,4.093702851
0.07232851281,-0.06271911685,0.995406901,0.09588137856,5.568823024,1,4.110400247
0.03659063862,0.06543373969,0.9971858156,0.07504006009,1.060916162,1,3.866526919
0.06326119047,0.06564653953,0.9958356057,0.09129389742,0.8039003654,1,3.952681746
-0.0003550149794,-0.006799967065,0.9999768169,0.006809280749,4.660228,1,4.036587476
-0.06901016688,-0.03761223971,0.9969066738,0.07867556524,3.640607969,1,4.056783457
-0.0127976255,-0.0798750457,0.9967227287,0.08098225702,4.553518659,1,4.128328465
-0.0262370418,0.04316016219,0.9987235944,0.05053072758,2.117004059,1,4.200237407
0.06224376942,0.04829425169,0.9968918589,0.07886383817,0.659865194,1,4.052583152
0.009803404782,-0.0628951936,0.9979719875,0.06369769732,4.867013685,1,3.829210582
0.005323173414,0.01528133311,0.9998690638,0.01618265046,1.235596805,1,4.341652557
-0.01365083194,0.05685262965,0.9982892533,0.05850187485,1.806444433,1,4.0867871
-0.006336350749,0.003323823956,0.9999744011,0.007155279187,2.658487202,1,4.147927254
0.0583270755,0.04443059788,0.9973083145,0.0733879263,0.6509782316,1,3.967279009
-0.01192827077,0.07406070152,0.997182395,0.07508567334,1.730485672,1,4.207888896
-0.000668580904,0.08894178504,0.9960366017,0.08906199172,1.578313247,1,3.841375018
-0.01066260818,-0.03093702226,0.9994644613,0.03272877901,4.380483513,1,3.95721082
-0.07323427352,0.0130672684,0.997229155,0.0744597273,2.96501984,1,3.980228029
-0.06642165302,-0.04386430739,0.9968270093,0.0796827467,3.725238449,1,3.857375695
0.03474661819,0.03549008102,0.9987658017,0.04968807188,0.7959828729,1,4.071134914
0.01897914034,0.08208419938,0.996444668,0.08434975639,1.343573802,1,3.889299222
0.04449616588,-0.0133453359,0.9989204139,0.04647107583,5.991800964,1,4.083560642
0.02848617697,0.05634864261,0.9980046935,0.06318180782,1.10273101,1,3.970661088
-0.06690341469,-0.005192402349,0.9977459456,0.0671550691,3.219047812,1,3.861545546
0.02411411273,0.07037250665,0.9972292715,0.0744581623,1.24067196,1,4.060447836
-0.07085336302,0.028153442,0.9970893564,0.07631587866,2.763374573,1,3.962520388
-0.03384042399,-0.02575105977,0.9990954452,0.0425368358,3.792068548,1,3.923030927
0.002493556929,0.03699148184,0.9993124699,0.03708392977,1.503489201,1,4.083811907
0.08045369068,-0.02704905155,0.9963912647,0.08498126662,5.95885116,1,3.882018899
0.003306777988,0.04233501543,0.999097999,0.04247673698,1.492844838,1,4.174435204
0.04142429511,-0.03862370902,0.9983948302,0.05666744144,5.532759212,1,4.059724409
0.05297172853,0.05608345088,0.9970198807,0.07722176716,0.8139238905,1,3.947311884
-0.04470270197,-0.01300546441,0.9989156753,0.04657296922,3.42470993,1,3.95117244
-0.03383223803,0.04773254382,0.9982870248,0.0585399769,2.187395734,1,3.892816136
0.04753751227,-0.01317691748,0.9987825358,0.04935000182,6.012784321,1,3.921231803
-0.03937305863,0.04214485731,0.9983354012,0.05770720642,2.32220526,1,3.950691625
-0.07166663402,-0.02639739688,0.9970792702,0.07644805705,3.494508097,1,3.814906294
0.04221962154,-0.05834901558,0.997403076,0.07208396243,5.338759489,1,3.888939838
-0.0004117807512,0.02075541885,0.9997844983,0.02076099461,1.590633399,1,4.126184253
-0.01336573543,-0.09320412102,0.9955573057,0.09429727236,4.569957186,1,4.153491997
-0.04656786194,0.06195283302,0.9969921167,0.07758082788,2.215363068,1,4.273344571
0.0519040999,-0.02131322479,0.9984246145,0.05613910049,5.893551426,1,4.158339854
0.007358170581,0.06145846422,0.9980825189,0.06193697149,1.451637608,1,3.843025207
0.04769784676,0.05152140641,0.997532185,0.070268495,0.8239155728,1,4.110690207
0.04655988111,0.005668737479,0.9988994158,0.04692091516,0.1211552478,1,4.09594115
-0.03097884876,0.06316621785,0.9975220999,0.0704119887,2.026761737,1,4.082478268
-0.06692515278,0.06089326185,0.9958981045,0.09060577034,2.4033506,1,4.027901799
0.06246450203,0.01994856905,0.9978478043,0.06561963301,0.309120915,1,3.944398468
0.02102318044,-0.057691069,0.998113103,0.0614408767,5.061842762,1,4.182123707
0.02600058156,0.04264281414,0.9987520013,0.04996515465,1.023253483,1,4.089856356
-0.05591179921,0.04899748295,0.9972327298,0.0744116583,2.422006882,1,4.083768259
-2.003201232e-05,0.02460564039,0.9996972352,0.02460813209,1.571610449,1,3.926482303
-0.07314870313,0.0134224766,0.9972307177,0.07443871821,2.960115742,1,3.842004535
-0.004299182013,-0.06150657741,0.9980974191,0.06169577832,4.642604559,1,3.996205237
-0.04848293146,-0.00131031074,0.9988231517,0.04851966953,3.168612304,1,3.971013873
0.03260558823,0.03605892729,0.9988176157,0.04863367981,0.8356487454,1,3.998631278
-0.09404565267,-0.04327369143,0.9946269667,0.1037097084,3.572842768,1,3.933600702
0.04589481189,-0.0141659251,0.9988458304,0.048049802,5.98380197,1,4.015300237
-0.06651063374,0.001432269499,0.9977846883,0.0665752224,3.120061538,1,3.98144584
0.02668434414,0.02856048403,0.9992358303,0.03909647193,0.8193455789,1,3.883960878
-0.03345458881,-0.05027810595,0.9981747856,0.06042797256,4.125270194,1,3.723329551
0.02088073428,-0.04008632898,0.9989780184,0.04521406336,5.192611849,1,3.84353048
-0.02847374769,-0.04407495638,0.998622373,0.05249654078,4.138809628,1,4.125468291
-0.06767147662,-0.03591279326,0.9970611027,0.07668556502,3.629492269,1,4.190243638
0.01007522394,0.004899790686,0.999937239,0.01120371984,0.4526444625,1,4.022653548
-0.03549024357,0.001427066417,0.999369004,0.03552639588,3.101404199,1,3.865336947
-0.02156523564,-0.017918799,0.9996068513,0.02804191219,3.834899857,1,4.068898643
0.05623948324,0.04831637985,0.997247536,0.07421223149,0.7097640544,1,4.12208833
0.06586115559,-0.02083081805,0.9976113398,0.06913192899,5.976856978,1,3.788428279
-0.04442509188,0.01549826215,0.9988924943,0.04706825326,2.805931285,1,4.056551965
-0.002321677505,0.08113693099,0.99670026,0.08125953892,1.599402834,1,3.997484209
0.03540970561,-0.07086021044,0.9968575542,0.07929808357,5.175806255,1,4.031956162
-0.006810026076,0.009359586641,0.9999330086,0.01157515879,2.199805994,1,4.016468094
0.0126268795,-0.03302195167,0.9993748609,0.03536111515,5.077612601,1,4.088407297
-0.02814951557,-0.06585940556,0.9974317738,0.0716843945,4.30847179,1,3.94064432
0.01618629152,-0.05962409099,0.9980896612,0.06182147474,4.977472605,1,3.780362894
-0.0006808180152,-0.04544779,0.9989664834,0.04546855437,4.697409878,1,3.975024726
0.05119638144,-0.05731907098,0.9970423535,0.07692991119,5.44142462,1,4.235144593
-0.0451566721,0.01263606205,0.9988999974,0.04690851264,2.868744258,1,3.777852423
0.06285675947,-0.01255384138,0.9979436,0.06414211014,6.086057625,1,3.992843588
0.05143465202,-0.0006033047146,0.99867618,0.05146090047,6.271456307,1,4.095647262
0.01750837284,0.0424112389,0.9989468173,0.04589918663,1.179283983,1,4.12158119
-0.01635460049,0.009516865872,0.9998209621,0.01892317186,2.614582645,1,3.942883192
0.005980763429,-0.08370814713,0.9964723662,0.0840203523,4.783715582,1,3.950952457
0.065271913,0.01901670155,0.9976862946,0.06803819743,0.2834984273,1,4.062445228
0.0561009317,0.047627825,0.9972884617,0.07365819221,0.7038938966,1,3.895814337
-0.03369296874,-0.07960113069,0.9962572177,0.08654616518,4.311982459,1,4.071786112
-0.03828059656,-0.04112986813,0.9984202171,0.05621741807,3.962855735,1,3.918412054
0.01989761649,-0.06526380468,0.9976696451,0.06828265671,5.008316632,1,4.147121396
0.01364123983,0.09514056371,0.9953703782,0.09626212643,1.428387056,1,3.920627635
-0.002794468595,0.09623094706,0.9953551104,0.09642084741,1.599827357,1,4.06730571
0.0278487113,-0.003456625163,0.999606173,0.02806609669,6.159695343,1,4.04683278
0.03695395015,-0.07242319892,0.9966891621,0.08139614815,5.184203066,1,4.035200625
-0.000122464483,0.009109499996,0.9999585001,0.009110449168,1.584239118,1,4.037512697
0.04074353924,0.01453119237,0.9990639661,0.04327077335,0.3425869662,1,4.043229207
0.04132015987,0.02508668015,0.9988309681,0.04835824082,0.5456451561,1,4.050197215
-0.002049498457,-0.01327166706,0.9999098271,0.01342938688,4.559172673,1,3.726953516
-0.03615561206,0.05577573989,0.9977884739,0.06651829475,2.145927568,1,3.93703116
-0.02595913847,-0.04970093768,0.9984267324,0.05610134268,4.231055585,1,4.135433993
-0.03246832983,0.06156521138,0.9975748254,0.06965853089,2.056108125,1,4.048896198
0.01498617898,0.04985201251,0.9986441765,0.05207936197,1.278776949,1,4.025576248
0.03454986771,0.02681644442,0.9990431347,0.04374969618,0.6600383357,1,4.013357496
-0.002108050018,0.05621929399,0.9984162194,0.05628852215,1.608275682,1,3.997569494
-0.06638074786,0.03210053686,0.9972778709,0.07380196427,2.691165476,1,3.975831956
0.07234473839,-0.04861859925,0.9961939925,0.08727455832,5.691471531,1,3.993508715
0.02758366795,0.01697422401,0.9994753709,0.03239367241,0.5516460187,1,3.809405236
-0.09034735295,-0.0003650898932,0.9959102482,0.09047145953,3.14563359,1,3.968329144
-0.05950203851,-0.01211168572,0.9981547047,0.06075957727,3.342400072,1,3.836256344
0.05958773413,-0.05563700374,0.996671373,0.08161464658,5.532060889,1,4.041168893
0.0743907346,0.005059722697,0.9972163345,0.07463186874,0.06791090362,1,3.973311464
-0.08805475443,0.04107746266,0.9952683067,0.09731833868,2.705103113,1,4.069240037
-0.03019606299,0.03947045494,0.9987643771,0.04971674654,2.22384714,1,3.860362452
0.05532227287,-0.06105275663,0.9966002243,0.08248277253,5.448585362,1,4.105848698
-0.01447626739,0.04254873331,0.9989895109,0.04495907658,1.89873913,1,4.059362198
-0.02070177631,-0.03529240119,0.9991625908,0.04092740136,4.181896423,1,3.698358212
0.07449468374,0.01122102101,0.9971582777,0.07540648806,0.1495045416,1,4.189511494
-0.01625272496,0.01762551075,0.9997125538,0.02397748667,2.315695475,1,3.915511645
-0.005444396539,0.05515021011,0.9984632256,0.0554466983,1.669196914,1,3.892521171
-0.03288672181,0.01745768703,0.9993066059,0.03724175611,2.65357615,1,3.871454726
0.06517984757,-0.0650203985,0.9957529489,0.09219610346,5.499011788,1,4.022000916
0.06689367118,-0.0151382456,0.9976452627,0.0686390846,6.060630896,1,4.051491497
-0.04877915724,-0.000278216343,0.9988095496,0.04879931657,3.147296182,1,3.817555833
-0.07985792296,0.007280289198,0.9967796695,0.08027528145,3.050678443,1,4.033834042
-0.0848549326,-0.01688938856,0.9962501638,0.08662773278,3.338063411,1,4.059940117
0.05702555949,0.02922506396,0.9979448788,0.06412215634,0.4735900953,1,3.88114144
-0.07166523059,-0.002814053986,0.997424772,0.07178208755,3.180839147,1,4.017111331
0.00277153756,-0.003076812365,0.9999914259,0.004141049721,5.445636024,1,4.019289511
-0.00114420582,0.01509043018,0.9998854783,0.01513432447,1.646474793,1,4.01495665
-0.06248606414,-0.02212566576,0.9978005546,0.06633629718,3.481906118,1,3.985702243
0.06547667055,0.00193455774,0.9978522251,0.06555218047,0.02953716329,1,3.759907274
0.009899499193,0.01079645804,0.9998927124,0.01464851317,0.8287108682,1,3.962872036
0.02793798432,0.02014584052,0.999406631,0.03445076669,0.6247414708,1,4.017230414
0.01674202727,-0.08346416302,0.996370131,0.08522989014,4.910351217,1,3.949493354
-0.04246731662,0.06467683599,0.9970022236,0.07745031122,2.151802751,1,3.975946229
0.0009184707785,-0.05838473582,0.9982937338,0.05842519319,4.728119034,1,4.010059609
-0.0423531773,-0.005760291991,0.9990860961,0.04275612572,3.276769377,1,4.002151891
-0.02315161011,-0.007107610995,0.9997066994,0.02422044358,3.439461662,1,3.83590114
0.08623620903,-0.03319949762,0.9957214016,0.09253813215,5.915691037,1,4.201975118
-0.07327107363,-0.04644961203,0.9962297844,0.08686296196,3.706596355,1,3.980236639
0.03334803441,-0.05082710765,0.9981505466,0.06082801551,5.293045557,1,4.00751765
0.05106157676,-0.01741019872,0.9985437398,0.05397432267,5.954582257,1,3.94216475
-0.01624836139,0.02687425022,0.9995067611,0.03140953618,2.114596486,1,4.148469332
0.05990522991,0.04634207798,0.9971277627,0.07581046453,0.6584284686,1,4.115994264
-0.05915502795,0.02852638808,0.9978411336,0.0657212851,2.692261028,1,3.804283573
0.07764475644,0.0001053896694,0.9969810834,0.07772305686,0.001357330611,1,4.039236161
0.05580139131,-0.04459177431,0.9974456268,0.07149071866,5.608983735,1,4.029548963
0.01070494592,-0.01050403771,0.9998875283,0.0149982513,5.507259649,1,4.133617664
0.009821474747,0.0300125657,0.9995012679,0.03158396938,1.254534862,1,4.082372856
0.0414128645,0.08264613283,0.9957181285,0.09257354646,1.106279866,1,4.104989237
0.02266644534,-0.00387361787,0.9997355787,0.0229970843,6.113923888,1,4.125041294
-0.06014094356,0.01218464717,0.998115525,0.06140141943,2.941696879,1,4.00111639
0.04310924945,0.03209272787,0.9985547804,0.05376928229,0.6399403392,1,3.922668958
0.01205495104,-0.09007918261,0.9958616465,0.09100781241,4.845424699,1,4.142669158
0.01127887019,0.05130974444,0.9986190952,0.05255897214,1.354418422,1,4.084199173
0.0254088424,-0.0543270453,0.9981998612,0.06001131817,5.149865603,1,4.042601238
-0.0553812673,0.03133536413,0.9979734516,0.06367469213,2.626691107,1,3.829794834
-0.005108113035,0.05269543671,0.9985975657,0.05296720253,1.667430934,1,4.011591876
-0.04174081475,0.01467461502,0.9990207005,0.04425967385,2.803524189,1,3.888967866
0.03843636414,-0.02294817814,0.998997511,0.04478072171,5.744942602,1,4.130138551
-0.0592869622,0.03481144798,0.9976338102,0.06880586541,2.610661368,1,3.975831179
-0.03812388962,-0.02989193061,0.9988258314,0.04846438742,3.806546574,1,4.198539268
-0.03332526411,-0.07366009374,0.9967264506,0.0809362337,4.287524804,1,3.923409269
0.05740714984,-0.05701344238,0.9967215692,0.08099658889,5.50122801,1,4.16702271
-0.05940513069,-0.04102413041,0.9973906212,0.07225668749,3.745969994,1,4.061531007
0.02751914543,-0.04042661806,0.9988034768,0.04892365334,5.310056767,1,3.843919346
0.003335518954,-0.0619692953,0.9980724827,0.06209890215,4.766162439,1,4.035105659
-0.01311512919,-0.06044814559,0.9980851743,0.06189405696,4.498735443,1,4.097467229
0.02296074484,0.004204513692,0.999727526,0.02334465099,0.1811109305,1,3.952610976
-0.03758577971,-0.04994675484,0.9980444032,0.06254973194,4.067278967,1,3.982208519
-0.08481247298,-0.05011402906,0.9951358844,0.09867181912,3.675279589,1,4.079377893
-0.0441308145,-0.003515698185,0.9990195749,0.04428510642,3.22109014,1,3.997444776
0.04944414387,-0.04047465003,0.9979564516,0.06394129759,5.597209302,1,4.190659431
0.009505921591,0.01491663326,0.9998435535,0.01768901149,1.003422318,1,4.088408163
0.02598475393,-0.03153293517,0.9991648846,0.04087130264,5.401624227,1,3.777711783
-0.008877092907,-0.07655929188,0.9970255122,0.07714873339,4.5969539,1,4.092009434
-0.04038370041,0.04629087534,0.9981113723,0.06146905631,2.288146228,1,4.022109119
0.06773521304,0.02105341859,0.997481175,0.07099131107,0.3013530605,1,4.073208702
-0.01141999046,0.03634555705,0.9992740286,0.03810667193,1.875234619,1,3.859838588
0.02909679056,-0.0002280741219,0.9995765727,0.02910179203,6.275347005,1,3.876116687
0.04523490257,-0.07650384559,0.9960426523,0.08899393866,5.246369222,1,3.868857463
-0.01448663335,-0.09297491051,0.9955630585,0.09423615498,4.557819549,1,3.726280641
0.04143138615,0.02791197741,0.9987514014,0.04997716558,0.5928502731,1,4.098919965
-0.04936731778,-0.004184348015,0.9987719255,0.04956462334,3.226150025,1,3.958410466
-0.03641404508,0.05486147936,0.9978297627,0.06589419862,2.156773667,1,3.89251934
0.06361224822,-0.01160619515,0.9979071991,0.0647075147,6.102718138,1,3.939174675
-0.03104411335,0.03658547924,0.9988482196,0.04800003331,2.274440122,1,3.911311312
0.06990230946,-0.05778228234,0.9958789459,0.09081726358,5.592425201,1,3.836486431
0.04317457702,0.04477454331,0.9980637235,0.06223988564,0.8035881102,1,4.13208868
-0.008779127273,-0.01626915449,0.9998291062,0.01848776362,4.217551585,1,3.874076871
0.05821326505,0.04096840421,0.9974631851,0.07124448327,0.6132477196,1,4.269300873
0.01266120081,-0.05402834531,0.9984591288,0.05552057403,4.94257887,1,4.047664834
0.05372348785,0.07193824804,0.9959611816,0.08990595057,0.9293463281,1,3.853604995
0.07798837661,-0.05781549556,0.9952764348,0.09723465031,5.645253048,1,3.949454747
-0.0004062494502,-0.04333061662,0.9990607052,0.04334609342,4.70301368,1,4.055667108
-0.01416597483,-0.02505001177,0.9995858253,0.02878205447,4.197717667,1,4.145393151
0.01458180611,-0.03848408844,0.9991528141,0.04116565501,5.074578641,1,3.945399167
0.02179972563,-0.03968201592,0.998974529,0.04529119828,5.214740955,1,4.023204247
-0.01883213569,0.02904614538,0.9994006564,0.03462379045,2.146012375,1,3.99012986
-0.009433384127,0.03056132211,0.9994883775,0.03198956341,1.87018877,1,4.047099593
0.07299420471,-0.02328751228,0.9970604484,0.07669410469,5.974360381,1,4.123815227
0.08621085265,-0.003464787936,0.9962708889,0.08638785897,6.243017229,1,3.876619674
0.07337666706,0.01110651111,0.997242453,0.07428075442,0.1502226697,1,3.922661326
0.02367750237,0.02838897223,0.9993164875,0.03697540818,0.8756418949,1,3.996029891
-0.07729641696,0.04270335481,0.9960932122,0.08842323534,2.636860982,1,4.172877522
-0.05736361693,0.02494585732,0.9980416422,0.06259388602,2.731389747,1,3.974177989
-0.04850234278,0.01668972128,0.9986836215,0.05131602795,2.810182397,1,4.196683626
0.02171077141,-0.0626081156,0.9978020176,0.06631422307,5.046185614,1,4.050635019
-0.0265571408,-0.0184556927,0.999476916,0.03234592951,3.748916426,1,4.093780146
-0.05138715559,0.04011092486,0.9978729749,0.06523464742,2.478816266,1,4.14560222
-0.02396736768,-0.05800024125,0.9980288259,0.06279844013,4.320530774,1,4.007090904
0.0002965663596,-0.07168986211,0.9974269275,0.07175202714,4.716525753,1,4.20777178
-0.0662318533,0.02077774932,0.9975879043,0.06947036861,2.837603691,1,4.018741795
0.03251149076,-0.05079053285,0.9981800062,0.06034146417,5.281779684,1,3.811039068
-0.01710241883,0.09169841064,0.9956399494,0.09341544489,1.755185075,1,3.844565666
0.03040245421,0.02067522127,0.9993238844,0.03677476763,0.5972115739,1,3.885126265
-0.03115228613,0.0127226078,0.9994336748,0.03365646043,2.753865548,1,3.846652936
0.0218520862,-0.06732312974,0.997491896,0.07084000509,5.02624559,1,3.933254359
0.01555276636,-0.01318701251,0.9997920855,0.02039224066,5.579918327,1,3.92505726
-0.03345139335,-0.04771286163,0.9983007999,0.05830405669,4.100926462,1,4.078675285
-0.06038491982,0.03648824497,0.9975080298,0.07061169752,2.59804604,1,4.002125648
0.07546658682,-0.02482961848,0.9968391467,0.07953011892,5.965326521,1,4.057040168
0.003328340335,-0.06566515305,0.9978361638,0.06579691476,4.763032195,1,3.991352124
0.02389498591,-0.004072387777,0.9997061795,0.02424190181,6.114378668,1,3.942360294
0.02910042849,-0.01775595246,0.9994187767,0.03409632284,5.735327815,1,4.000395804
-0.02823216792,0.04960457136,0.9983698369,0.05710702613,2.088218893,1,4.011753947
0.05994038596,-0.005474173845,0.9981869482,0.06022623892,6.192110982,1,4.096803502
0.01414830403,-0.01204333059,0.9998273769,0.01858106699,5.577982936,1,4.103873787
0.06151801963,0.02876323948,0.9976914399,0.06796247282,0.4373588075,1,4.120077507
0.02202487175,0.06593294395,0.9975809501,0.06957048036,1.248401296,1,4.032633877
-0.08205741326,0.03495032374,0.9960145861,0.08930917011,2.738938577,1,4.037914651
0.01561181718,-0.02876671055,0.9994642302,0.03273583996,5.209613627,1,3.798037058
-0.02236316421,0.04065398685,0.9989229911,0.04641556279,2.073705094,1,4.126796336
0.005597812562,0.009664818429,0.9999376259,0.01116912746,1.045815259,1,3.851702176
0.04723574093,0.00578815135,0.9988669992,0.04760703345,0.1219296853,1,3.885219088
-0.01083868949,0.02784285683,0.9995535494,0.02988256401,1.942027995,1,4.13999688
-0.02420240001,0.001899712869,0.999705274,0.02427922766,3.063260514,1,4.121321784
0.04405022808,0.03965896573,0.9982418263,0.05930748862,0.7329876612,1,4.137851855
-0.08251537882,0.01463947978,0.9964822617,0.08390235571,2.966004551,1,3.921642017
-0.04035914996,0.04016950809,0.9983774585,0.05697333528,2.358549447,1,3.840647239
0.02839521156,0.06847215284,0.9972488537,0.07419445632,1.177684487,1,3.919463295
-0.04096030748,-0.03877668626,0.9984080437,0.05643365702,3.899612363,1,3.851411488
-0.07118076271,-0.06084744369,0.9956057893,0.09378094362,3.848884044,1,4.016649268
0.03250372909,0.04338103388,0.9985297159,0.05423365285,0.9277681647,1,4.086107778
-0.06151135227,-0.03419349335,0.9975205053,0.07043465052,3.648946039,1,4.023087961
0.0406217904,-0.01021105473,0.9991224172,0.04189776155,6.036918684,1,4.150906437
0.007635454048,0.04412475331,0.9989968498,0.04479548917,1.399450701,1,3.995764387
0.02103385313,0.0237182611,0.9994973842,0.03170671425,0.8453103124,1,4.052294895
0.01343645474,0.05076660692,0.9986201547,0.05253880051,1.312057921,1,4.025495694
-0.06011633971,0.01778361427,0.9980329497,0.06273269452,2.85397514,1,4.051353962
0.02142260648,0.007294644031,0.9997438973,0.02263244028,0.3281969398,1,4.048535623
-0.02248573322,-0.05324345225,0.9983283661,0.05782905528,4.312791167,1,4.027414424
0.006077320241,0.003745180029,0.9999745196,0.007138701593,0.5522861708,1,4.242300144
0.06649465438,0.04528269571,0.9967587162,0.08053615658,0.5978584634,1,4.041909088
-0.02742991185,0.06185570562,0.9977081094,0.06771656471,1.988189927,1,3.918951965
0.08246250485,0.04626309431,0.9955197946,0.09469482348,0.5112642904,1,3.935322839
0.0480612616,-0.06348116504,0.9968250884,0.0797068762,5.360415336,1,3.939938728
-0.03146241993,0.01174115087,0.9994359717,0.03358813299,2.784418414,1,3.998830184
-0.001312473526,-0.02159728647,0.9997658899,0.02163881807,4.651693326,1,4.194611355
0.00056084449,-0.04534895465,0.9989710495,0.04536798412,4.724755658,1,4.055871969
-0.04934628449,-0.05685436194,0.9971622364,0.0753539216,3.997570483,1,3.992691064
-0.0419539408,0.06716720684,0.9968592845,0.0792762367,2.129121909,1,3.928901314
0.01482861896,0.008348244094,0.999855199,0.01701790459,0.5127554581,1,3.845615438
-0.0001059802974,-0.0577465568,0.9983312696,0.05777879671,4.710553716,1,3.961780361
0.01862920041,-0.08011900239,0.9966112072,0.08234935947,4.940848608,1,3.917512574
0.03114147936,-0.03622614377,0.9988582856,0.04778978319,5.422453596,1,3.984250245
0.008046132673,0.02098177089,0.9997474806,0.02247353963,1.204610147,1,4.151193089
0.03128927078,-0.01427294945,0.9994084573,0.03439770536,5.855219602,1,4.017620933
0.006038783071,-0.03222074985,0.9994625338,0.03278763174,4.897658751,1,3.884568032
0.03199431617,-0.006867696644,0.9994644558,0.03272894664,6.071740221,1,4.082548014
-0.02057834406,-0.07685469998,0.9968299187,0.07964618766,4.450769403,1,3.943889852
0.06328813256,-0.03579990048,0.9973529864,0.07277612582,5.768394599,1,3.984164245
-0.08217361864,-0.05300841649,0.9952073172,0.09794402499,3.71450018,1,4.100826935
0.06534423671,0.02252514102,0.9976085148,0.06917281307,0.3319588761,1,3.935575485
-0.01526762061,-0.04812014523,0.9987248627,0.05050561125,4.405154174,1,3.997998331
0.05490494779,0.02233993124,0.9982416412,0.05931061235,0.3864265253,1,4.003970219
0.02883854827,0.04906126681,0.9983793519,0.05694007505,1.03939063,1,4.054222159
-0.02977851545,-0.03900370934,0.9987952496,0.04909159512,4.060316936,1,3.933923396
-0.06272169641,-0.04033865369,0.9972155142,0.07464286917,3.713128243,1,4.12503908
0.004883225314,-0.04990215389,0.9987421735,0.05016154436,4.809934416,1,3.983829949
-0.01041501175,0.01825080772,0.9997791934,0.02101498182,2.089363105,1,4.059137538
0.0421360359,0.05109858391,0.9978043341,0.06627925522,0.8812326625,1,4.012637373
-0.01344107462,-0.03135562682,0.9994179117,0.03412168822,4.307417745,1,4.018270698
0.05197496962,-0.08388678287,0.9951188925,0.09884415565,5.267084687,1,4.024566928
-0.04168503359,0.01829808924,0.9989632315,0.0455400415,2.727956886,1,4.01463034
0.009313551151,0.01169721944,0.9998882102,0.01495272016,0.8983649824,1,3.988952762
-0.03584061423,0.05609894051,0.9977817192,0.06661983752,2.139316121,1,4.025866512
0.08261385381,-0.02732269129,0.9962070175,0.08712499897,5.963781637,1,4.021258141
0.07679153216,-0.005109149299,0.9970340803,0.07703748469,6.216750501,1,3.948844342
0.06621634022,-0.01992814979,0.9976062676,0.06920531791,5.990852442,1,4.030898383
0.08038279441,-0.01921202701,0.9965789002,0.08274118934,6.048579733,1,3.997225653
-0.08475879187,-0.02573605988,0.9960690751,0.08869614353,3.436384466,1,3.826439741
-0.0551873551,-0.0006589724717,0.9984757992,0.05521934722,3.153532729,1,4.060390341
-0.01600550172,-0.07454543294,0.9970891647,0.07631839316,4.500891924,1,4.044620186
0.0364633439,0.07288382547,0.996673654,0.08158666256,1.106913509,1,3.881827804
0.06341271443,-0.05126932876,0.996669596,0.08163644099,5.603281463,1,4.088183683
0.06997782824,-0.001192017151,0.9975478348,0.07004524357,6.266152743,1,4.001735681
0.06498916457,0.04891586083,0.9966863333,0.08143093212,0.6452123005,1,4.008356359
0.06884602214,0.04988524384,0.9963792891,0.08512224116,0.6270403944,1,4.074799239
0.02716960923,-0.0815800796,0.9962963931,0.08609175636,5.033877492,1,4.021602193
-0.03641863542,-0.0203931926,0.9991285206,0.04175179043,3.652054987,1,4.113929956
-0.05488934739,0.0314089329,0.9979983159,0.06328273505,2.621848061,1,4.132807722
-0.08182792949,-0.01348514823,0.9965552372,0.08302701223,3.304923442,1,4.034527985
0.04032271162,0.0008372170642,0.999186358,0.04034234422,0.0207599329,1,3.922103458
0.02030959674,-0.00116476272,0.9997930604,0.02034437247,6.225897698,1,3.978516272
-0.02567402961,0.05265670583,0.998282583,0.05861584778,2.024453642,1,4.027860283
-0.05527742859,-0.01266942456,0.9983906508,0.05674118558,3.366898317,1,3.968971444
0.06182057747,-0.06907256007,0.9956943294,0.09283064072,5.442439887,1,4.094638658
-0.01748666542,0.05201537259,0.9984931735,0.054903644,1.895109064,1,4.15494216
-0.06162089136,0.05834987218,0.9963925723,0.08496586016,2.383452873,1,4.089295514
0.07211795438,0.03064961202,0.9969250734,0.07844110878,0.4018645567,1,4.11451836
-0.06386255456,-0.02267579789,0.9977010486,0.06782083506,3.482778695,1,3.920418992
0.03711604854,0.04229954739,0.998415318,0.05630454166,0.8505762504,1,4.139440466
-0.05602335654,-0.01672581172,0.9982893522,0.05850018338,3.431719276,1,3.978404737
0.0729894395,0.008536636619,0.9972961785,0.07355325782,0.1164281972,1,4.182052299
-0.04880102649,0.02684046972,0.9984478199,0.05572399559,2.638750935,1,4.127754444
0.02191568822,0.07399990136,0.9970174107,0.07725377836,1.282867704,1,4.066738896
-0.004763285954,-0.07447381937,0.9972115931,0.07469543189,4.648516781,1,3.917838992
-0.02142637064,0.06203436889,0.9978439997,0.06567762904,1.903362962,1,4.011281536
0.01933733397,0.04789833617,0.9986650174,0.05167745681,1.187090445,1,3.978237235
0.06320645789,0.03100589165,0.9975187108,0.07046014517,0.4560586069,1,4.136754511
0.08772277597,-0.01128693423,0.9960809805,0.08856163927,6.155222406,1,3.997750956
-0.05429030829,-0.05153490169,0.9971944225,0.074925167,3.900959362,1,3.978542106
-0.05818216184,-0.02293618713,0.9980424677,0.0625806883,3.51710064,1,4.177072636
-0.04485339541,-0.01437451988,0.9988901572,0.04711789849,3.451729005,1,3.942461093
0.01453180234,-0.03256285855,0.9993640413,0.03566584244,5.132136081,1,4.048213705
-0.01209518949,0.03809497479,0.9992009204,0.03997964644,1.878230683,1,4.254609768
0.09291469768,-0.005113659646,0.995660941,0.09319013401,6.228204706,1,3.837396696
0.002283636032,-0.06499357655,0.9978830693,0.06507961297,4.747510866,1,3.892756014
-0.0001488148493,0.08498168458,0.9963825024,0.08508443722,1.572547465,1,4.088806716
-0.02893018332,-0.07433856869,0.9968133334,0.07985437354,4.341255372,1,3.948523802
-0.03204333913,-0.0472682051,0.9983681391,0.05713676408,4.11664649,1,4.094672524
-0.06775341154,0.009739720993,0.997654556,0.06850345172,2.998818278,1,4.091762356
-0.07335183763,-0.02485857128,0.9969962685,0.07752723993,3.468340332,1,4.079423962
0.08043866857,-0.02543034972,0.9964351047,0.08446319173,5.976982426,1,4.112220976
-0.08161506091,0.02939941757,0.9962302224,0.08685791262,2.79584189,1,3.869249262
0.03755300923,-0.04921132138,0.9980821696,0.0619426136,5.364219579,1,4.117282912
0.007910224475,-0.03030118739,0.9995095129,0.03132178777,4.967743376,1,4.055674969
-0.009749549826,-0.01778511655,0.9997942968,0.02028350343,4.210939632,1,4.124144277
-0.07174201256,0.0009506685574,0.9974227689,0.07181001197,3.128342218,1,3.992974111
0.002662395589,0.009911134452,0.9999473391,0.01026268162,1.3083649,1,3.889978145
-0.02595044532,-0.01246271313,0.9995855417,0.02879190636,3.589316163,1,4.101182737
-0.001415352694,0.01103566977,0.9999381035,0.01112629043,1.698352531,1,4.081384004
0.0168606624,-0.07012425108,0.9973957627,0.07218543366,4.948349787,1,4.016357129
-0.02401733817,0.007179456868,0.9996857621,0.02507007772,2.851119559,1,3.996710247
0.04311314793,0.03637046849,0.9984079554,0.05643522248,0.7007697194,1,4.018673535
0.07149428348,-0.0312012588,0.996952882,0.07808542465,5.871684964,1,3.875408885
0.0380243163,0.02818472535,0.9988792583,0.04734873016,0.6378639854,1,4.079648902
-0.07354377236,-0.004796529023,0.9972804555,0.07376690425,3.206720471,1,3.927828409
-0.04042195393,-0.03690958034,0.9985007504,0.05476539764,3.881602331,1,4.128871964
-0.05097407423,0.02245158429,0.9984475801,0.05572830122,2.726707955,1,3.80382479
-0.05730342788,-0.05735824483,0.996707755,0.08116714919,3.927468893,1,3.961834193
0.01229578549,0.02760367749,0.999543321,0.03022296204,1.151740862,1,4.059422349
0.04619956757,0.009907151389,0.9988831004,0.04726748462,0.2112432437,1,3.870736096
0.01027055941,-0.09071866814,0.9958235983,0.09142551102,4.825122268,1,3.965688575
0.0367204174,0.008583454388,0.9992887147,0.03771921718,0.2296285168,1,3.98681714
-0.05401820514,0.00489926377,0.9985279319,0.05426655387,3.051143589,1,3.919072196
0.03904983172,0.02587734795,0.9989021341,0.04686292449,0.5852340612,1,3.908522372
0.0383195935,-0.01842244568,0.9990957022,0.04253079068,5.83504957,1,4.14902067
-0.04129089115,-0.0147202944,0.9990387256,0.04385039228,3.484048313,1,4.06111933
-0.05692932251,-0.02667198528,0.9980218722,0.06290914534,3.579732839,1,4.013070876
0.07288008784,-0.008547625704,0.9973040815,0.07344563628,6.166435256,1,3.871543726
0.0491883762,-0.02886400518,0.9983723618,0.05706277076,5.75252421,1,4.009238
0.05587876082,0.02216912427,0.9981914115,0.06015203929,0.3776895479,1,3.97819491
0.01016056365,0.0009925897328,0.9999478875,0.01020910912,0.09738142085,1,3.947005211
0.02174773831,0.007659263228,0.9997341504,0.02305911254,0.3386215126,1,3.949035687
-0.04364451575,-0.04850516938,0.9978689317,0.06529664113,3.97968935,1,4.084399294
-0.02472729072,-0.05179251912,0.9983516896,0.05742409696,4.266960034,1,3.952092624
-0.0616253854,0.02463343597,0.9977953226,0.06641517937,2.761320167,1,4.076761795
0.08591092406,-0.001634060594,0.996301482,0.0860325534,6.264167195,1,4.004699312
-0.02439800834,0.008083351848,0.9996696437,0.02570503657,2.821662441,1,4.044656447
0.006424942899,-0.02522540827,0.999661142,0.02603371308,4.961787427,1,4.024211851
-0.01135031837,-0.07531234565,0.9970953921,0.07623667301,4.562804797,1,4.039080702
-0.05562164388,-0.08498598849,0.9948284347,0.1017450635,4.132870703,1,4.063999354
-0.01646061916,-0.005753103129,0.9998479634,0.01743791843,3.477828289,1,4.04108537
-0.06377319499,0.0624116135,0.9960109287,0.0893501677,2.366984447,1,3.997463829
0.01542791235,-0.004479493095,0.9998709485,0.01606575687,6.000605142,1,4.058156449
-0.01050828642,0.0096819715,0.9998979125,0.01428910604,2.39709808,1,4.09684466
0.06570150055,-0.04437123833,0.996852299,0.07936439653,5.689198056,1,4.085236531
-0.04103341621,-0.03057541757,0.998689843,0.05119459237,3.781972618,1,3.967152588
-0.009301808579,0.03765258295,0.9992475966,0.03879427146,1.812990039,1,4.168281143
0.02081693823,-0.02800376899,0.9993910366,0.03490057971,5.351628227,1,3.891383558
-0.0515163458,0.01909571867,0.9984895691,0.05496928716,2.7866209,1,3.983346344
-0.01024917361,0.08254588406,0.9965345611,0.08327595448,1.69432746,1,4.107873185
-0.02392194198,-0.009071877334,0.9996726673,0.02558712825,3.504065162,1,3.939690926
0.03291234375,0.06720858687,0.9971959604,0.07490461934,1.115419033,1,3.980038563
-0.05833512681,0.03551623232,0.9976650792,0.06834954317,2.594705077,1,3.882020107
-0.001504965391,0.009625180734,0.9999525444,0.009742280416,1.725897619,1,3.881875346
0.07984896078,0.03874703689,0.9960536183,0.08887046817,0.4517814649,1,4.039602014
0.02279877982,-0.01807805988,0.9995766101,0.02910050909,5.612764217,1,4.049015405
-0.0143832883,-0.04675852238,0.998802664,0.04894027007,4.413967209,1,3.927296834
0.09296590455,-0.006963270349,0.9956449435,0.09336189043,6.208423573,1,4.138629673
-0.00608562387,-0.005282460709,0.9999675299,0.008058573992,3.856457315,1,4.086127573
-0.04304957593,0.01774626562,0.9989153138,0.04658073389,2.750589047,1,4.124966715
-0.01216816332,0.01545130956,0.9998065777,0.01966868194,2.237878976,1,4.002458887
0.006104182741,-0.01056651481,0.9999255411,0.01220326491,5.236243425,1,3.976367562
-0.006809478477,-0.07778264065,0.9969470858,0.07815969397,4.625066645,1,3.872002978
0.01663237608,-0.04620831034,0.9987933501,0.04913028978,5.057894449,1,4.063362016
-0.03385808762,0.05876732843,0.9976973644,0.06787517647,2.093485379,1,3.866998328
0.01564254914,0.028961488,0.9994581246,0.03292185673,1.075573629,1,4.035179298
0.01795324765,0.05011828413,0.9985819138,0.05326202259,1.226819613,1,3.97117305
0.004213295704,-0.01627206425,0.9998587241,0.01680947792,4.965752808,1,4.155116315
0.0360008916,-0.0439574957,0.9983845323,0.05684897226,5.398604345,1,4.129085894
-0.03111118185,0.05285890625,0.9981172428,0.06137341905,2.102769237,1,3.789610529
0.0181221056,-0.003120084149,0.9998309129,0.01838977318,6.112686795,1,4.018379108
0.05664456555,0.05516710635,0.9968690905,0.079152317,0.7721851133,1,4.115213094
0.05305141154,0.07030298357,0.9961139685,0.08818787885,0.9243506419,1,3.986357438
0.009215013304,-0.08337833958,0.9964753565,0.08398471305,4.822462726,1,4.068872585
0.01021750857,-0.02087832375,0.9997298126,0.02324648835,5.16750743,1,3.995216348
0.0005848733549,-0.04105543578,0.999156699,0.04107114737,4.726633959,1,3.884290611
0.04537169194,0.01068648837,0.9989130135,0.04663010791,0.2313161217,1,3.890323512
0.06008275153,-0.05687814998,0.9965715925,0.08282956316,5.525179204,1,3.911971446
0.02898116848,-0.06936402378,0.9971703586,0.07524595514,5.108156185,1,3.927467886
0.002930162906,-0.03287663354,0.9994551221,0.03301294833,4.801280112,1,4.188906812
0.07546461861,0.03912850191,0.9963804754,0.08510828684,0.4783388513,1,4.141860768
-0.02718423405,-0.04318858129,0.9986970331,0.05105389272,4.150609636,1,3.771856892
-0.04952408784,0.02657128399,0.9984194167,0.05623166147,2.649147915,1,4.002347562
-0.002860446792,0.01163573666,0.9999282112,0.01198246198,1.811849177,1,4.020868591
-0.02592637559,0.02899228384,0.999243349,0.03890363572,2.300426029,1,4.045457108
-0.04591710486,0.05809277736,0.9972546559,0.07411614102,2.239662215,1,3.957229386
-0.05135685967,0.04828505958,0.997512419,0.07054945874,2.387013121,1,3.967828678
0.03348394195,-0.03052799399,0.9989729061,0.04532702775,5.543932437,1,4.060355132
-0.03974494353,0.03493960321,0.9985988001,0.05294388036,2.42044775,1,4.260374379
-0.06941487156,-0.02981088028,0.9971423605,0.0756174794,3.547234518,1,4.020947716
-0.01516745048,0.0994939834,0.9949225576,0.1008141351,1.722077496,1,3.981054733
0.0222974923,-0.04692415567,0.9986495609,0.05197582465,5.155985422,1,3.940651487
0.0769440935,-0.0511929303,0.9957202872,0.09255019108,5.696111213,1,3.878533667
-0.02272041606,0.07913673718,0.9966048161,0.08242702019,1.85037967,1,4.030970831
-0.002123579491,0.01798036439,0.999836085,0.01810632259,1.688357206,1,3.957707298
-0.04826951464,-0.0494753142,0.9976082634,0.06917644961,3.939326389,1,3.915356904
-0.04015587565,0.0631795581,0.9971939877,0.0749309759,2.136969973,1,4.047789059
-0.08611790148,0.05379167845,0.9948317257,0.1017126573,2.583260672,1,4.202625892
-0.08424176029,0.02886000137,0.996027322,0.08916626229,2.811538433,1,4.046688499
-0.003312397972,-0.06919247261,0.9975978297,0.06932723401,4.66455327,1,4.042987341
-0.02359699387,0.06425550432,0.9976544552,0.0685049235,1.922743705,1,4.070595154
0.01336964754,0.02118959989,0.9996860774,0.02505749425,1.007927451,1,3.865068271
0.01691614431,0.07865256932,0.9967585552,0.08053815813,1.358949175,1,4.007980603
-0.002223737374,-0.08023515708,0.9967734821,0.08035240498,4.684680824,1,4.295660432
0.01194533312,-0.06996271795,0.9974780835,0.07103488155,4.881496857,1,3.919619944
0.05756986864,0.04085091261,0.9975053449,0.07064974138,0.6171322054,1,3.978141521
0.008533025414,0.02176778912,0.9997266381,0.02338266031,1.197203395,1,3.929505647
0.0596158736,0.01796684787,0.9980596876,0.06230473823,0.292719537,1,4.029804646
0.03667406481,-0.06339095644,0.9973146944,0.07330086356,5.23687795,1,3.980292566
0.01284093423,-0.004134606872,0.9999090036,0.01349057472,5.971681468,1,3.790798416
-0.009736385661,-0.08425606772,0.9963965666,0.08491878057,4.597342174,1,3.886834799
-0.0007682019721,-0.007655309555,0.9999704026,0.007693833028,4.612374884,1,3.925767916
-0.01995553572,-0.06071077166,0.9979559002,0.06394992639,4.394815617,1,4.092957952
-0.02791212511,0.0359269181,0.9989645488,0.04551109553,2.231301061,1,4.158391293
0.007625474823,0.0714420722,0.9974156017,0.07190983638,1.464462443,1,4.014696065
-0.01721552597,0.04051389924,0.999030655,0.04403411504,1.972606736,1,3.905090373
0.0354465298,-0.07898003903,0.9962458015,0.08667813887,5.134247576,1,4.036355713
-0.01818807744,-0.01972154843,0.9996400624,0.02683129474,3.967419478,1,3.901328734
-0.01223804966,0.07311423531,0.9972484839,0.07419944455,1.736641492,1,3.900276266
-0.04849708906,-0.0460891771,0.9977593999,0.06695427255,3.901539004,1,4.069082434
0.00112885913,-0.08241485547,0.99659747,0.08251619544,4.726085401,1,4.042216831
0.01658358339,0.0471670259,0.9987493461,0.05001828923,1.2327033,1,3.973245054
0.001691308614,-0.0007963977709,0.9999982526,0.001869432617,5.843106609,1,4.1372134
-0.0673123564,-0.03957857423,0.99694663,0.07816553046,3.673129848,1,4.204126124
0.05914646994,-0.000401445276,0.9982492344,0.05918237448,6.276398104,1,4.006285952
0.0647908026,0.03565136534,0.9972618172,0.07401936665,0.5030378092,1,3.921302024
-0.02681445674,0.0277247617,0.9992558844,0.03857999243,2.339505208,1,4.001210907
0.03604230922,-0.01257484961,0.9992711469,0.03818223714,5.947498498,1,3.857800748
0.03032869237,0.04311966377,0.9986094657,0.05274195045,0.9578181782,1,4.014778214
0.03299031837,-0.004254078851,0.9994466177,0.03326960501,6.154943668,1,3.979227543
0.03386937725,-0.05488657365,0.9979179973,0.06454030627,5.265272341,1,3.921325046
0.04745667039,0.005933385367,0.9988556749,0.04784440127,0.124381999,1,3.882839127
0.07730427501,-0.04515842595,0.99598432,0.08964787252,5.754490815,1,3.825825191
-0.05273922885,0.03082491773,0.9981324552,0.0611248942,2.612664597,1,4.070612508
0.000215275597,0.04595163069,0.9989436427,0.04596832242,1.566111531,1,4.017934034
-0.02851698231,-0.004016141504,0.9995852402,0.02880237919,3.281505809,1,4.03817529
0.03442757312,-0.05682106056,0.9977906139,0.0664860902,5.257131468,1,4.12100825
0.06380148975,0.01270440749,0.9978817405,0.06510004307,0.196553105,1,3.979650877
-0.03807528139,0.03264908669,0.998741363,0.05017770735,2.432767605,1,3.896906778
-0.03223999978,-0.07648918454,0.996549039,0.08310171741,4.313488721,1,3.919748475
-0.04121420376,-0.04401078964,0.9981805647,0.0603322014,3.959793199,1,4.284957898
-0.002048005382,0.08281170518,0.9965631075,0.08293205709,1.595522155,1,4.029778628
-0.05357860774,-0.01419351296,0.9984627569,0.05545515451,3.400554357,1,4.18316996
-0.02161813459,-0.03157899893,0.9992674432,0.03827913884,4.112091818,1,3.994041216
0.03737124867,-0.04251087262,0.9983968227,0.05663225042,5.433535602,1,3.856292039
-0.01609088672,-0.0425632377,0.9989641906,0.04551896827,4.350950009,1,3.97769884
-0.06089030894,-0.008012192031,0.9981123058,0.06145385853,3.272425042,1,4.014039709
-0.03055430356,0.03077974724,0.9990590782,0.04338362393,2.352518838,1,4.068050911
0.008222969803,-0.08948336826,0.9959543712,0.08998177114,4.804025452,1,3.984075955
0.01629530566,-0.06689501967,0.997626944,0.06890566275,4.951330571,1,4.028988217
-0.04468112601,0.02183246124,0.9987627049,0.04975038445,2.687083746,1,3.940465058
-0.003077609164,0.06419805748,0.9979324314,0.06431611645,1.618698941,1,3.999614389
0.04671457667,-0.02900824271,0.9984869905,0.05501620116,5.727490888,1,3.952638696
-0.08666774113,-0.01951492701,0.9960461185,0.08895492942,3.363068369,1,4.054396183
-0.04831557298,0.01819100164,0.9986664573,0.05164957365,2.781504148,1,4.05283322
-0.05156023695,0.01369099011,0.9985760355,0.05337232493,2.882048135,1,4.056297279
0.008683588503,0.03199868073,0.9994501887,0.03316207697,1.30580492,1,3.77381344
0.02447601514,-0.06231772796,0.9977561954,0.06700215234,5.086639889,1,3.987001789
0.02860563804,-0.0660241786,0.9974079032,0.07201690675,5.121235099,1,3.967407661
0.01607176189,-0.06388023642,0.9978281485,0.06591870978,4.958865515,1,3.841775105
-0.05187619005,-0.06145636279,0.9967607418,0.08051097464,4.011321852,1,3.820531734
0.05654209242,0.06781494612,0.9960944357,0.08840937928,0.8758001853,1,4.061523604
0.07395011911,0.01608736094,0.9971321761,0.07575217015,0.2142059188,1,4.160079685
-0.04298512276,-0.03349172414,0.998514188,0.05451935595,3.80348831,1,3.956947187
0.07309902318,0.03652665653,0.9966555755,0.08180819471,0.4633974506,1,4.165951951
0.05459392737,0.02041498009,0.9982999207,0.05831914306,0.3578430706,1,3.947509339
-0.03031993101,0.05149859112,0.9982127012,0.05979684658,2.102904652,1,3.97397
-0.02762765168,0.06776658981,0.9973186061,0.07324743029,1.957913002,1,3.91825658
0.0002729925831,0.08482349028,0.9963959559,0.08492597977,1.567577977,1,3.962072136
-0.04153242346,-0.02742038787,0.9987608223,0.04978822606,3.725116397,1,4.091680497
0.0634079377,0.03982441826,0.9971927843,0.07494704865,0.5608015899,1,3.966310511
0.0211359803,0.0535008328,0.9983440946,0.05755627861,1.19455676,1,4.076831065
-0.05474257459,0.06054588288,0.996663156,0.08171537646,2.305899653,1,3.823715697
0.00580488647,-0.03191973814,0.9994735782,0.03244897373,4.892281835,1,3.738867191
-0.02524344913,-0.09619023329,0.9950428168,0.09961208981,4.455743744,1,3.962387417
-0.04098127501,-0.02255127611,0.9989053884,0.04679340379,3.644652685,1,3.929718902
0.02125844675,0.07644228669,0.996847358,0.07942669414,1.299552221,1,4.007582153
-0.006295036658,0.001454078933,0.9999791289,0.006460836856,2.914585956,1,3.905973756
-0.008683484772,-0.06708529949,0.9977094565,0.06769665307,4.583665243,1,4.173954092
-0.08857336418,0.004753940006,0.9960583112,0.08881757776,3.08797176,1,4.055606381
0.01004084275,-0.05335537993,0.9985251048,0.05431865054,4.898401491,1,3.980913108
0.0582850113,-0.06123840708,0.9964199491,0.08464264969,5.473082404,1,4.116693283
0.03790126376,0.01361175701,0.9991887781,0.04028229403,0.3447916367,1,3.898137278
0.0548425074,0.07686552691,0.9955320136,0.09456550633,0.9510763225,1,3.992487553
0.01229909877,0.04471230379,0.9989241923,0.04638966697,1.302363264,1,3.933506197
-0.02204726672,0.01580252293,0.9996320314,0.02712899261,2.519708982,1,4.106412847
-0.04698029804,-0.02158024543,0.9986626781,0.05172272404,3.572192066,1,4.04391993
-0.008975800142,-0.02520043782,0.9996421224,0.02675439828,4.37022247,1,3.892545304
-0.007819351347,-0.0002129344409,0.9999694057,0.007822329869,3.168817652,1,3.877700831
0.08237997656,0.0421256043,0.9957102856,0.09265834897,0.4726921312,1,4.002660792
-0.0232243352,-0.0172391447,0.9995816336,0.02892734408,3.780139767,1,3.93201755
0.03476910797,0.0371680727,0.9987039819,0.05091754355,0.8187338601,1,3.95677797
0.02383978752,-0.02561575532,0.9993875613,0.03500003597,5.461892179,1,4.011767803
-0.01633161566,0.06465731011,0.9977738775,0.0667375299,1.818208614,1,4.005815097
-0.04145418448,-0.07584252935,0.9962577284,0.08654025728,4.212173506,1,4.109879515
-0.04133102244,-0.06973153748,0.996709215,0.08114914003,4.177342318,1,3.907535674
0.04690353875,-0.05664172914,0.9972922203,0.0736071008,5.404015302,1,3.922765401
-0.07026443746,-0.01893753803,0.9973486243,0.07283609156,3.404855282,1,4.007045631
-0.06398306659,0.0260500551,0.9976109271,0.06913790291,2.754946441,1,3.835876676
-0.04271734569,-0.03939737377,0.9983101098,0.05814406892,3.886581927,1,3.939169154
-0.1004393646,0.02336797101,0.9946687247,0.1033055574,2.913001758,1,3.797817445
-0.03215747282,-0.04247415842,0.9985799131,0.05329959014,4.064355034,1,3.927256823
0.006442927092,0.08176846412,0.9966305268,0.0821141537,1.492164024,1,3.970167813
-0.02664016718,0.0002198079455,0.9996450636,0.0266442264,3.133341844,1,3.920482911
0.09042364522,-0.01072483953,0.9958456418,0.09118374729,6.165130244,1,3.759960406
-0.06438609818,0.0481738603,0.9967616112,0.08050016373,2.499242732,1,3.939663736
0.06561880805,0.06176490385,0.9959313574,0.09023751501,0.7551530956,1,4.069703127
0.05982965345,0.04050178082,0.9973865942,0.0723124456,0.5950891972,1,4.11228018
0.02347849549,-0.06879182832,0.9973547236,0.07275223037,5.041290292,1,3.930217455
-0.01395987483,0.01533026678,0.9997850293,0.02073539974,2.309441786,1,4.172820531
0.07794890054,-0.03005295836,0.9965042843,0.08363915694,5.915200236,1,4.041032273
0.04871449525,-0.01495772263,0.9987007382,0.05098123659,5.985274423,1,4.110141714
-0.004913751152,-0.07366830605,0.9972706933,0.07389924376,4.645786615,1,3.976903952
-0.00260504492,0.05078897053,0.9987060099,0.05087768201,1.622042966,1,4.078911493
-0.03795810007,0.07302317813,0.996607645,0.08239265426,2.050165205,1,4.040139114
-0.007069732343,-0.08195541465,0.9966109215,0.08235283262,4.62633885,1,3.985105955
-0.0222593965,0.05587342146,0.9981897014,0.06018047906,1.949913758,1,4.137743868
-0.06278686525,-0.001961625081,0.9980250305,0.06285888783,3.172825097,1,3.961478792
-0.05994617383,0.06652918896,0.9959820898,0.08967277913,2.304191635,1,4.025465437
0.05642387249,0.006922405855,0.998382906,0.05687758893,0.1220757161,1,3.950513459
-0.06059048764,-0.02871835252,0.9977494921,0.06710219837,3.584204028,1,4.053812652
-0.03073396689,-0.03201400858,0.9990147779,0.04439333022,3.947387717,1,3.989806781
0.06254162131,0.01037459098,0.9979884335,0.06343880877,0.1643860819,1,3.72744405
0.09258869838,-0.01875697082,0.995527754,0.09461060703,6.083306558,1,4.015585152
-0.0708809767,-0.01005695585,0.9974340804,0.07165218289,3.282536996,1,4.021929156
-0.05032117612,0.02282656374,0.9984721965,0.05528458502,2.715734527,1,3.913564763
0.05029635655,0.02274131987,0.9984753922,0.05522672058,0.4246374946,1,3.94941665
0.04593919436,0.04498930146,0.9979306355,0.06434405416,0.7749519514,1,3.997256017
0.05074423117,-0.01403856811,0.9986130089,0.05267469622,6.01328252,1,4.061052896
-0.01504584232,0.02635603564,0.9995393849,0.03035293862,2.089520469,1,3.849647827
-0.02045258033,0.06117180064,0.9979176834,0.06454517355,1.893458496,1,3.869055072
0.08620509322,-0.0177317634,0.9961196045,0.08812386372,6.080321982,1,4.119531738
0.05043873337,-0.05067213689,0.9974408598,0.07155742476,5.495478756,1,4.039833883
-0.07297892397,-0.005655076562,0.9973174503,0.07326322213,3.218927288,1,3.983344384
-0.03801477638,-0.08396819875,0.9957430484,0.09230357888,4.28726855,1,4.005485571
0.04801666522,-0.02458284039,0.9985439819,0.05396983516,5.810011771,1,3.971493934
0.01795684433,-0.06275696812,0.9978672831,0.06532190146,4.99107578,1,3.996554935
-0.01271561867,-0.03754254123,0.9992141265,0.0396478608,4.385817184,1,4.070407049
-0.05602755397,-0.05964402771,0.9966461273,0.08192373375,3.958245651,1,3.95790437
0.01812355781,0.0495241655,0.9986084787,0.05276067031,1.219980039,1,3.890943413
0.03304217481,-0.04473260676,0.9984524068,0.05564157749,5.348592717,1,3.883133542
-0.03303913487,0.01334900075,0.9993649082,0.03564152165,2.757611793,1,3.969714137
0.01218102316,-0.007380515056,0.9998985702,0.01424299987,5.738436873,1,4.081548057
0.0139708103,-0.04777587215,0.9987603729,0.04979725464,4.99688088,1,4.156742873
0.04062774656,0.03448149666,0.998579197,0.05331303061,0.7037492811,1,3.91815162
0.02388265605,0.06536859451,0.9975753433,0.06965108965,1.220509413,1,4.157704336
0.03251331841,0.08148235221,0.9961443221,0.0878425658,1.191132625,1,4.170642778
-0.03754208448,0.02944137416,0.9988612503,0.04772768329,2.476546008,1,4.000771439
-0.02882863275,0.05524880988,0.9980563506,0.06235830934,2.051728659,1,4.011534995
-0.06718139383,-0.04581519819,0.9966883304,0.0814063767,3.74011013,1,3.732458531
-0.08451056774,0.001349824768,0.9964216687,0.08462230657,3.125621752,1,4.015727025
0.05383820491,-0.01127020377,0.9984860691,0.0550329546,6.07683041,1,4.186931012
0.001833799294,0.08305788855,0.9965430369,0.08317399517,1.548721345,1,3.817980336
0.05149613366,-0.0185162271,0.9985015261,0.05475122506,5.938014532,1,3.933626381
0.04686413941,-0.07087576588,0.9963836501,0.08507093085,5.296608046,1,4.158053269
0.06930777055,-0.003094785137,0.9975905248,0.06943260587,6.238562162,1,4.131562142
0.01077667933,-0.04234138856,0.9990450791,0.04370521607,4.961616087,1,4.048225849
0.01401846992,-0.02958639712,0.9994639201,0.03274531391,5.154869775,1,4.010917413
0.02083566627,0.08618019991,0.9960616689,0.08877971551,1.333579742,1,4.080497806
0.0822967021,0.03766490981,0.9958958818,0.09063033235,0.4292157534,1,4.07448495
-0.05160762189,-0.02585018243,0.998332821,0.05775192605,3.605958836,1,3.980705966
0.05954634463,-0.006554800092,0.9982040209,0.05994192021,6.173547758,1,4.075388576
0.08973450029,0.03047515504,0.9954993643,0.09491064936,0.3273930879,1,4.02020072
-0.002936628774,0.05568708989,0.9984439515,0.05579340899,1.623481988,1,4.105921533
0.02272505609,0.05865950262,0.9980193558,0.06294915976,1.201193579,1,3.985431517
0.04981416131,-0.0364605519,0.99809277,0.06177113536,5.651348703,1,3.879786397
0.001781541306,0.04009071625,0.9991944558,0.04014105962,1.526387791,1,3.85801272
0.06228046286,-0.05014193513,0.9967983398,0.08004211477,5.605342974,1,4.085756476
-0.01797215616,-0.0634816709,0.9978211659,0.06602462885,4.436500747,1,3.865809609
0.04736045944,-0.03810950564,0.9981506161,0.06082687231,5.605603736,1,4.032886862
0.01851276291,0.04195498182,0.9989479752,0.04587394324,1.155240146,1,3.980260259
-0.001428805533,-0.03020052623,0.9995428389,0.03023891433,4.665113614,1,4.072657322
0.003968326156,-0.01740555086,0.9998406369,0.0178531419,4.936549409,1,3.876715633
-0.08563433556,0.0002283009167,0.9963266073,0.08573965075,3.138926662,1,3.950952501
0.02741359726,-0.0207827277,0.9994081113,0.03440776385,5.634509211,1,4.060308204
0.08518315196,0.01508863564,0.9962510546,0.08661743732,0.1753132617,1,4.023239426
-0.04363327195,0.01670627123,0.9989079227,0.04673919353,2.775932169,1,3.975495056
-0.04923158649,-0.01061602898,0.9987309702,0.05038448779,3.353975209,1,4.050943408
-0.07408692621,-0.04229390276,0.9963545319,0.08541294052,3.660316563,1,4.033966327
0.03640898911,-0.0521178396,0.9979770119,0.06361871636,5.322167848,1,4.034570463
0.03666404481,-0.05086177899,0.9980324781,0.06274021792,5.336975896,1,3.850178769
0.002387268109,0.01493523146,0.9998856134,0.01512539698,1.412295723,1,3.900443966
-0.08963069139,0.0205584785,0.9957628674,0.09208830747,2.916123895,1,3.915725813
0.07565726945,-0.02109417159,0.996910735,0.07862387591,6.011278367,1,3.913141643
-0.03094506061,0.01630261632,0.9993881268,0.03498387171,2.656716441,1,4.021174096
-0.01417861278,-0.07719678415,0.9969150533,0.07856887647,4.530745017,1,3.966905538
-0.03005901747,-0.03500039896,0.9989351468,0.04615283793,4.002797099,1,3.996531072
-0.001874200601,-0.0125589847,0.9999193764,0.01269840114,4.564250358,1,3.884556179
0.02625307082,-0.06914372999,0.99726121,0.07402757761,5.075263662,1,4.004470701
-0.01553215654,0.03660469036,0.9992091116,0.03977417872,1.972092125,1,4.002177153
-0.01993711415,-0.05592568371,0.9982358586,0.05940808616,4.369941512,1,3.921526264
-0.03106623202,0.06757116913,0.9972306786,0.07443924422,2.001733437,1,3.973912585
0.009417851527,0.07165195566,0.9973852322,0.07233129531,1.440106634,1,4.021059253
0.05615482307,0.05713424793,0.9967859919,0.08019639971,0.7940433086,1,4.163195024
-0.03832912377,0.05075999786,0.9979751003,0.06364877697,2.217556582,1,4.162905207
-0.08596430495,0.01659021142,0.9961600791,0.08766277357,2.950946921,1,4.215264608
0.03540409374,-0.08202819251,0.9960009668,0.08946174006,5.119844038,1,3.960418462
0.06682601609,-0.07234544314,0.9951383926,0.09864635541,5.458148729,1,3.952272005
0.0106133945,0.02415966855,0.9996517725,0.02639119956,1.156874257,1,4.072934019
0.01097364433,-0.05756752865,0.9982813024,0.05863770322,4.900751302,1,4.040031097
-0.01787480222,0.03278079866,0.9993027122,0.03734618623,2.070010593,1,3.987010628
0.04993562646,-0.07851263975,0.9956616888,0.09318209726,5.278873729,1,4.007318558
0.02172194181,0.05238731514,0.9983905681,0.05674264366,1.177732246,1,4.076755637
0.01101335476,-0.02810398387,0.9995443322,0.0301894807,5.085874755,1,3.987158511
0.04292116715,-0.04618561025,0.9980103521,0.0630921243,5.461168337,1,4.088109456
-0.06364985914,0.02179520111,0.9977342655,0.06732890264,2.81168347,1,4.053372192
-0.05839351674,-0.01190598974,0.9982226428,0.05963025982,3.342728014,1,3.973436969
-0.0558591968,0.02868112279,0.9980266246,0.06283350727,2.667239941,1,3.85270211
-0.04744383838,0.04192522479,0.9979936662,0.06335621642,2.417867008,1,4.176856903
-0.03314293938,-0.08577723835,0.9957629291,0.09208763678,4.343675492,1,3.964286139
0.04616441776,-0.009895291285,0.9988848431,0.04723058839,6.072031581,1,3.92205024
0.02694268355,-0.05730151645,0.9979933006,0.06336199039,5.151906673,1,3.985783184
-0.03548569665,0.02450699683,0.9990696534,0.04313909702,2.537192347,1,4.018099012
-0.04489721596,-0.03741314848,0.9982907875,0.05847563026,3.83631518,1,4.064606577
-0.01514546096,0.04685640537,0.9987868102,0.04926327547,1.883427746,1,4.062963332
0.0829699324,0.06097569894,0.9946848518,0.1031490506,0.6337754344,1,4.029210589
-0.01087000401,-0.01291556048,0.9998575055,0.01688181752,4.012779648,1,3.759531542
0.0370250267,-0.06373094386,0.9972800581,0.07377229635,5.238689621,1,3.918595353
0.08086108999,-0.01238702703,0.9966484063,0.08189588047,6.131178032,1,3.990781335
0.009819524337,-0.06774551248,0.9976543101,0.06850704354,4.856333718,1,3.862591032
0.08870678667,0.006646903244,0.9960356041,0.08907320649,0.07479140161,1,4.130081422
-0.04927666112,0.008859077408,0.9987458773,0.0500876218,2.963710475,1,4.044266042
-0.06929836754,0.04162634106,0.9967271362,0.08092775369,2.600671207,1,4.083004549
-0.02224666161,0.06937173636,0.9973427937,0.07291616936,1.881122955,1,3.787172693
-0.09632509413,0.02948460479,0.994913129,0.1009077751,2.844553775,1,4.05577987
0.07266860593,-0.005383296276,0.9973416134,0.07293236956,6.209240295,1,4.116916764
0.05097220894,-0.006710013203,0.9986775304,0.05143464269,6.152297288,1,3.976176844
0.07662003104,0.02107669386,0.9968375714,0.07954994407,0.2684412609,1,4.004956306
-0.05600323907,-0.03610235039,0.9977776594,0.06668079582,3.714195954,1,4.017594027
-0.03975946779,0.005117874683,0.999196173,0.04009824788,3.013575692,1,4.125494814
-0.006822697018,-0.03838925745,0.9992395687,0.03900070934,4.536501369,1,4.091560529
0.05821317577,-0.01405099602,0.9982052873,0.05992077682,6.046344016,1,4.134300969
-0.04240369198,0.04551842142,0.9980631244,0.06224951736,2.320783292,1,3.872481052
0.002625602786,0.07699079001,0.9970283469,0.07711194569,1.536706722,1,4.050000943
0.001950271691,-0.07924598047,0.9968531843,0.07935322941,4.736994368,1,4.036695519
0.09052506481,0.037836661,0.9951751603,0.09827232085,0.3959001946,1,3.887752406
0.02847437013,-0.01656104547,0.9994573238,0.03294617822,5.756395866,1,4.049248971
0.07786645745,-0.02654022626,0.9966104711,0.08235830749,5.954691471,1,4.098300601
0.0505906213,0.00465221041,0.9987086392,0.05082595499,0.09170006183,1,4.085501719
-0.0651746397,-0.02924641117,0.9974451934,0.07149678612,3.563397545,1,3.88505221
0.07689385043,-0.03861145767,0.9962913686,0.0861501714,5.817827376,1,4.012384168
0.0004055683203,-0.0758373043,0.9971201225,0.07591127448,4.717736803,1,3.998115009
-0.03466630895,-0.06207599425,0.9974692065,0.07115984379,4.20308177,1,3.878112775
0.09013701104,-0.008893146111,0.9958896682,0.09069896044,6.184841051,1,3.959763636
0.04355359379,-0.03175010645,0.9985464512,0.05392404043,5.653267167,1,3.928700142
0.004549610719,-0.09569213767,0.9954005806,0.09594737643,4.759897453,1,4.091260572
0.04520153796,0.006912645408,0.9989539711,0.04574300716,0.1517536767,1,3.920009465
-0.03139265962,-0.08152817086,0.9961765196,0.08747478894,4.344834057,1,3.969575335
0.03700205667,0.05097721004,0.9980141141,0.06303242945,0.9429280149,1,3.940830472
0.01972692832,0.09273932993,0.9954949849,0.09495685005,1.361206452,1,4.012229156
0.02888138929,-0.05774979021,0.9979132363,0.06461408388,5.176126548,1,4.037895489
0.004301137699,0.05193676995,0.9986411128,0.05213818352,1.488169988,1,3.998997066
-0.03688942438,-0.05021845021,0.9980567507,0.06235188836,4.078830513,1,3.980528761
-0.04850314667,-0.001812490861,0.9988213853,0.04855607771,3.178943795,1,4.08931257
-0.03567542407,0.04589621997,0.9983089708,0.05816366644,2.231545704,1,3.986339471
0.05062866096,-0.06085363814,0.9968618628,0.07924367404,5.406324648,1,4.024291607
0.02554709218,0.07022958283,0.9972036661,0.0748015785,1.221911363,1,3.911986283
0.01181673252,0.02987859872,0.9994836838,0.03213598114,1.1941826,1,4.086025799
0.05079291583,-0.06490258445,0.9965980806,0.08250878748,5.376431215,1,3.91963115
0.01832819037,-0.08644450079,0.9960880612,0.08848154588,4.921317584,1,3.838695934
0.02237573936,-0.007247970517,0.9997233583,0.02352251754,5.969929691,1,4.022973384
-0.07026558361,0.02806610595,0.9971334121,0.07573583745,2.761578687,1,3.903152575
-0.0960535637,0.02499711768,0.9950622378,0.09941661014,2.886998457,1,3.972108069
-0.0133131803,0.04141856236,0.9990531827,0.04351934555,1.88179616,1,3.990880658
-0.01724897861,0.008220559972,0.9998174309,0.01910888044,2.696853996,1,4.015051394
0.0115519774,-0.01866405255,0.9997590735,0.02195159299,5.266620557,1,4.113399814
0.08145393415,-0.04223019994,0.9957820378,0.09187960308,5.804882932,1,4.135070017
-0.007803374803,0.009334558755,0.9999259839,0.01216692032,2.267086364,1,4.012954601
-0.05524331421,0.06365203446,0.9964419676,0.08438180327,2.285588343,1,4.0526578
-0.07362220383,-0.01358701418,0.9971936443,0.07493556339,3.324089755,1,4.0265403
-0.03239390517,0.009471154092,0.9994303038,0.03375648985,2.857146265,1,3.962772452
-0.008698959249,0.02227710324,0.9997139885,0.02391757289,1.943076597,1,3.949810338
0.06704008871,0.01941078995,0.9975614506,0.06985042769,0.2818330914,1,4.044250456
0.01896437555,-0.07130010039,0.9972746102,0.07384617338,4.972349854,1,3.962349395
-0.01199609546,-0.04073011531,0.9990981691,0.04247273318,4.425961344,1,4.076490757
-0.02705645314,0.003138285139,0.9996289809,0.02724121941,3.026118398,1,3.931644676
-0.06259424012,0.007100595218,0.9980137988,0.06303743363,3.028637041,1,4.113111473
0.03644020275,-0.0545065265,0.9978482601,0.06561268175,5.301692578,1,4.204969993
0.0836618182,-0.03657404339,0.9958227952,0.09143430619,5.871055833,1,3.938002751
-0.03268673649,0.0210929897,0.999243045,0.03891145037,2.56852342,1,3.855762968
-0.05237055596,-0.005400556805,0.9986131177,0.0526726302,3.244351436,1,3.921221552
-0.009921525865,-0.05884909784,0.998217585,0.05971506929,4.545366952,1,4.081247337
-0.08084629571,0.01133876652,0.9966620836,0.08172851428,3.002250634,1,3.930862046
-0.01672225615,-0.04780266055,0.9987168126,0.05066481837,4.375875841,1,4.006344721
-0.02891166689,-0.02664914708,0.9992266702,0.03933012775,3.886291801,1,3.890749004
-0.02681651976,0.004864330562,0.9996285373,0.02725750223,2.962150703,1,4.132613057
-0.0107941755,-0.002245054939,0.9999392209,0.01102539895,3.346656693,1,4.049476194
-0.01884075002,0.06657623863,0.9976034436,0.06924614511,1.84658023,1,4.111166495
0.08775719428,-0.02210811669,0.9958965338,0.09062312821,6.036396928,1,4.049981775
0.04833256496,-0.05005380735,0.9975763527,0.06963658392,5.480294205,1,3.980269435
0.0390459036,0.04536476714,0.9982071204,0.05989015852,0.8601173877,1,3.99515296
-0.02776714167,0.01989694007,0.9994163785,0.03416659993,2.519836056,1,4.233058299
-0.04386849513,0.02633677879,0.9986901067,0.05118943975,2.600910349,1,3.877612291
0.04512846533,0.02536824874,0.9986590377,0.05179309042,0.5121114547,1,3.933201671
-0.02303144415,-0.08208953287,0.9963588014,0.08536287772,4.438856494,1,3.911781262
0.06667191634,-0.005216223119,0.9977613174,0.06692560554,6.205107169,1,3.904870966
0.002488845573,0.05124934501,0.9986827876,0.05133228338,1.522270989,1,4.099406528
0.02125622672,-0.005681863766,0.9997579153,0.02200429257,6.021988457,1,3.98026877
-0.02597049187,-0.0189864968,0.9994823893,0.0321762451,3.772874335,1,4.123627899
0.04932688444,0.01842737048,0.9986126829,0.05268088788,0.3575221869,1,3.934620531
-0.07128710508,-0.05032910225,0.996185289,0.08737435274,3.756337925,1,4.208853768
0.008343338095,0.03580307299,0.9993240359,0.03677064849,1.341848163,1,3.839006872
0.0600281429,-0.03047357237,0.9977314185,0.06737120706,5.813432661,1,3.874554431
0.06912582101,-0.01828706597,0.9974403261,0.07156488882,6.024562394,1,3.930757258
-0.02248440651,0.05074329262,0.9984585969,0.05553015852,1.987898298,1,4.0279195
0.01811415297,0.01184870058,0.9997657154,0.02164688038,0.579261086,1,3.963895347
-0.009712414325,0.09573250303,0.9953597123,0.09637303417,1.671904054,1,3.985393255
0.07043552688,-0.06802027336,0.995194493,0.09807508065,5.515229595,1,4.100768693
-0.03379544845,-0.00449795761,0.999418649,0.03410006747,3.273908624,1,4.007852883
-0.02650669763,-0.02016730426,0.9994451835,0.03331269463,3.79199411,1,3.957031606
0.01481820349,0.0009200704397,0.9998897811,0.01484728535,0.06201094515,1,4.06847347
0.01705918206,0.0587106348,0.998129273,0.06117696522,1.288018969,1,3.928229347
0.01190995714,-0.02513540691,0.9996131073,0.02781789615,5.154883805,1,3.995711787
0.05413311422,-0.001432238085,0.9985327008,0.05417855908,6.256733771,1,3.83643891
-0.04581872023,-0.02534388135,0.9986282254,0.05238488996,3.646838644,1,4.007294796
0.02596726643,-0.04513527652,0.9986433337,0.0520955506,5.234464367,1,4.028592598
-0.01005032499,-0.06372835404,0.9979166738,0.0645608236,4.555971543,1,3.978885331
0.04721585059,-0.0048719634,0.9988728285,0.04748438398,6.180364281,1,4.000744603
0.005096080887,-0.09651441181,0.9953185411,0.09679996008,4.765141236,1,3.947508921
-0.0446023177,-0.04756490598,0.997871842,0.06525202391,3.959123374,1,4.188817286
0.07183548259,0.009556203365,0.9973707146,0.0725319014,0.1322525159,1,3.881515491
0.06389616427,-0.0673593544,0.9956806705,0.09297787416,5.471408163,1,4.021405106
0.03544971192,-0.06326970958,0.9973666637,0.07258777995,5.223101968,1,4.13110342
-0.03569122896,-2.489271355e-05,0.9993628648,0.03569881962,3.1422901,1,4.069606034
0.05816314474,0.05540173176,0.9967686275,0.0804128637,0.761087223,1,4.186359235
0.02964117295,0.06480530965,0.9974576045,0.07132283731,1.141815524,1,3.823808495
-0.06693592428,0.02012763213,0.9975542394,0.06995367393,2.849493785,1,3.912941118
-0.07495064595,-0.01682955377,0.997045218,0.07689262959,3.362470942,1,3.938227956
-0.01061850885,-0.02575411196,0.9996119112,0.02786086566,4.321321394,1,3.9224386
-0.003064284292,0.01195476964,0.9999238439,0.0123415594,1.821717285,1,3.901599873
-0.007469330528,0.04740239596,0.9988479474,0.04800570602,1.727084129,1,3.885780068
0.0186528064,-0.02118175432,0.9996016237,0.02822774368,5.434385956,1,3.961760643
0.05591114678,0.05866531662,0.9967107526,0.08113016952,0.8094313678,1,3.946830744
0.06871474355,-0.007378109124,0.9976090655,0.06916484498,6.176222095,1,4.083004339
0.00322195581,0.05228404022,0.9986270566,0.05240720742,1.509250077,1,3.793856524
-0.005048041436,0.06538683334,0.9978472224,0.0656285064,1.647846211,1,4.064842492
-0.07360676405,-0.03924788505,0.9965147504,0.08351378279,3.631454191,1,4.046309375
-0.06235339015,0.009205994894,0.9980116755,0.06307113088,2.995009366,1,4.065330724
0.05935632997,0.0001532564534,0.9982368469,0.05939143733,0.002581967465,1,4.093494463
-0.007451829789,-0.01629079776,0.9998395272,0.01791519451,4.283377015,1,4.059297477
-0.02134781773,0.05159387457,0.9984399545,0.05586503863,1.96311377,1,4.080256331
0.00988626254,0.08425990118,0.9963947666,0.08493999989,1.453999758,1,4.158386508
-0.01353133373,0.009867450972,0.9998597584,0.01674782986,2.511517566,1,4.001054705
-0.008209544794,-0.03838160077,0.9992294312,0.03925984775,4.501671423,1,4.173938286
-0.03384346714,0.0306282864,0.9989577207,0.04566093251,2.406022813,1,4.09674587
0.04375797323,-0.02985077269,0.9985961001,0.05299487721,5.684520107,1,3.948583354
-0.05182779437,0.03315764121,0.9981054306,0.06156570394,2.572445751,1,4.005924138
0.08225875704,0.04191572995,0.9957291642,0.09245408867,0.4712659189,1,3.937484862
-0.04941532643,-0.005818265256,0.9987613695,0.04977722846,3.25879516,1,3.880616217
-0.09250870019,0.01205849148,0.9956388568,0.09342715686,3.011973669,1,4.092978365
-0.03091851107,-0.003234357778,0.9995166755,0.03109223178,3.245822663,1,3.926424784
-0.01600063359,-0.01274191032,0.9997907898,0.02045568168,3.814096591,1,4.213390187
0.02638157338,-0.08013966889,0.9964344665,0.08447075638,5.030410367,1,4.057587688
-0.07171776233,-0.03952284212,0.9966416144,0.0819788643,3.645271267,1,3.997328989
0.006299229366,-0.01938154908,0.9997923161,0.0203809285,5.026631422,1,4.157535761
0.01076157496,0.006947368487,0.9999179579,0.01280962135,0.5732558942,1,4.10148865
0.06090136443,-0.04866534654,0.9969567232,0.07803616702,5.609002744,1,3.923248459
-0.005253970329,0.05423671263,0.9985142837,0.05451759927,1.667366114,1,3.904672633
0.08056932653,0.04563587877,0.9957037462,0.09272899904,0.5153604047,1,4.054391029
0.002081297347,-0.04387094571,0.9990350386,0.04393442033,4.759794797,1,3.856690632
0.04326609372,0.03977796281,0.9982713853,0.05880668156,0.7434194611,1,3.891162676
-0.0666264639,0.04875347352,0.9965861795,0.08265306593,2.509878536,1,3.808933338
0.01062985813,-0.01551764707,0.9998230887,0.01881044882,5.31298857,1,4.045128809
0.06560426596,0.06033370188,0.9960200423,0.08924797471,0.7435720935,1,3.96930113
0.03557513496,-0.02362505716,0.9990877171,0.04271818466,5.696969339,1,4.084360491
0.03726834595,-0.05407290783,0.9978412654,0.06571927707,5.31584606,1,4.047072457
0.01086060128,-0.06560550476,0.9977865328,0.06654749028,4.876445188,1,4.101520618
-0.05125483735,0.02872297731,0.9982724739,0.05878815667,2.630803344,1,3.923949534
0.05763645623,-0.03968496714,0.9975485664,0.07003478933,5.680192549,1,4.009255999
-0.006504890415,-0.07376902317,0.9972541389,0.07412312207,4.624437309,1,3.969498868
-0.06369329389,-0.05278417069,0.9965726244,0.08281709053,3.833604581,1,3.915302514
-0.0006843087263,-0.08406855539,0.9964597381,0.08417069268,4.704249271,1,4.045529615
-0.04743536161,-0.03352220501,0.9983116489,0.05811757818,3.75679599,1,3.945596781
-0.05251672391,0.0002076645304,0.9986200231,0.05254130531,3.137638419,1,3.977157429
-0.02468228214,-0.05740599606,0.9980457588,0.06252804313,4.30632468,1,4.050078949
-0.03133068868,0.05056200628,0.9982293682,0.05951730176,2.125538361,1,3.959769253
-0.04240233065,-0.007785602836,0.9990702812,0.04312453861,3.323182615,1,4.197970724
0.003229155147,-0.09161214701,0.9957895295,0.09179791382,4.747622505,1,4.011780067
-0.06862841694,0.006790012022,0.9976191839,0.06901827866,3.042974821,1,3.954047611
-0.01554988256,0.0428885756,0.9989588436,0.04563632552,1.918620479,1,4.152346693
0.03247160972,0.05133801399,0.9981532963,0.06078276701,1.006817529,1,4.176143143
-0.0075308889,-0.05182424222,0.9986278254,0.05239252889,4.56808313,1,4.13312528
-0.04720712948,0.03491219754,0.9982748246,0.05874813507,2.504810901,1,4.040096643
-0.09195842475,-0.009210788884,0.9957202466,0.09255063052,3.241422229,1,4.118689859
-0.01489947338,-0.03617840486,0.9992342712,0.03913634005,4.321723252,1,4.058102273
-0.02017663768,0.06395730285,0.9977486491,0.0671147705,1.876385057,1,4.080666812
-0.0433760559,-0.002319322383,0.9990561238,0.04345169072,3.195011891,1,4.035665804
0.06744525737,-0.04283782389,0.9968029184,0.07998483136,5.717320719,1,3.892140619
-0.06993245057,-0.03558541879,0.9969168121,0.07854646403,3.61229848,1,3.972336885
-0.03699040896,-0.04197003539,0.9984338865,0.05597360851,3.989972232,1,3.830984821
-0.03871093001,-0.02742486653,0.9988740364,0.04745892883,3.757969135,1,4.025226448
0.04095027217,0.02208737392,0.9989170251,0.04654396598,0.4946458526,1,3.848344756
-0.02830309168,0.06556851238,0.9974465926,0.07147719553,1.978291773,1,4.052729056
-0.05748559542,-0.03652893973,0.9976778252,0.06816266007,3.707667815,1,4.095094027
0.02368342303,0.004958676095,0.9997072106,0.02419932433,0.206391875,1,3.980132506
-0.02842578258,-0.07277606887,0.9969431371,0.07821024915,4.34001878,1,4.005433621
0.06683895778,0.02956925457,0.9973255301,0.07315275694,0.4165120603,1,4.115041424
-0.01595290735,-0.06841392105,0.9975294683,0.07030717761,4.483300399,1,3.958129052
-0.03746090541,0.05583810893,0.9977368321,0.06729074314,2.161713085,1,3.920872119
0.001421817757,-0.05417579548,0.9985304009,0.05422101338,4.738627478,1,3.950913741
-0.0127663742,0.06957405108,0.9974950983,0.07079474793,1.752270889,1,4.12503939
-0.05095889204,0.05453598546,0.9972106185,0.07470849026,2.322299731,1,4.04207757
-0.02882193819,-0.07571224043,0.9967130743,0.08110151544,4.348650185,1,4.032450233
-0.06641396854,0.05566619625,0.9962381539,0.08676643364,2.44400673,1,3.990166477
0.01589742784,-0.07105492475,0.9973457121,0.07287609941,4.932498439,1,4.036184083
0.05110407154,-0.009177832973,0.9986511609,0.05194501695,6.10548853,1,3.882437117
0.01428919165,-0.0002714223518,0.9998978675,0.01429225582,6.26419265,1,4.17207313
-0.01148764436,-0.09022713212,0.9958549586,0.09108137117,4.585751142,1,4.097377165
0.03071024639,0.006754314552,0.9995055077,0.03144942033,0.2164900602,1,4.015865062
-0.0470562969,0.02000527654,0.9986918913,0.05115454914,2.739607706,1,3.972831405
-0.07358332213,0.02122698402,0.9970631424,0.07665893671,2.86074206,1,3.944624167
-0.06276855655,-0.0394302897,0.997248896,0.074193886,3.702479302,1,4.01618996
0.02894945386,-0.04349906571,0.9986339472,0.05227550054,5.299596611,1,3.986318374
0.00277795547,0.01221782932,0.9999215007,0.01252998828,1.347228196,1,4.041685638
0.04705230645,0.0171595417,0.9987450278,0.05010458592,0.3497019488,1,3.8737821
0.05231268188,0.07815759855,0.9955675633,0.09418826878,0.9809569458,1,3.991685797
0.0001335658591,0.07072928877,0.9974955388,0.07078852046,1.56890792,1,4.081283024
0.01735874915,-0.04010445543,0.9990446969,0.04371396116,5.120880063,1,3.879206934
-0.04097962178,0.03782092043,0.9984439136,0.05579408838,2.396257808,1,4.030173414
0.0323304001,0.02669495323,0.9991206757,0.04193931696,0.6902116658,1,4.092418873
0.03704082803,-0.0192757647,0.9991278306,0.04176831747,5.8033572,1,3.845697513
-0.02278024066,0.0832416288,0.9962689857,0.0864099148,1.837920085,1,4.148799809
0.00366098357,0.06982238358,0.9975527214,0.06997538793,1.51841149,1,3.840869136
-0.02518835548,0.04101506057,0.9988409841,0.04815059371,2.12153684,1,3.948022185
0.02179531664,-0.006457495461,0.9997415991,0.02273376574,5.995145725,1,3.991844526
0.03032645495,-0.008272512015,0.9995058137,0.0314396877,6.01688229,1,3.987180719
-0.01595862684,0.07099618707,0.9973489177,0.07283206018,1.791902753,1,3.939816921
-0.01637844612,-0.009894381188,0.9998169071,0.01913627379,3.685028649,1,4.000914505
0.05440286887,-0.01997951231,0.9983191609,0.05798810598,5.931225457,1,3.974756311
0.03825883919,-0.04423936717,0.9982881045,0.05852151979,5.425420909,1,3.841419631
-0.04729349793,-0.05499310826,0.9973660728,0.07259592706,4.002123985,1,3.903308171
0.03415810664,-0.02287014656,0.9991547328,0.04111900463,5.693197569,1,4.165737149
0.03357627754,0.01369636994,0.9993423052,0.03627028726,0.3873135978,1,4.036902134
0.05669547783,0.05270981552,0.9969991465,0.07749007092,0.7489840158,1,4.070276765
0.01986705063,0.07507184266,0.9969801998,0.07773443661,1.312086529,1,4.075492954
0.01744428763,0.0531347819,0.9984349712,0.05595421622,1.253580235,1,4.024881257
0.0361790088,0.0222623769,0.9990973255,0.04249259461,0.5516223331,1,3.969791993
0.06060619764,-0.05916534282,0.9964067197,0.08479898976,5.50981659,1,3.941520003
0.03059563709,0.04273765299,0.9986177447,0.05258467203,0.949482585,1,4.049407091
0.05286593696,0.01380091745,0.998506248,0.0546648696,0.2553560071,1,3.988656905
-0.02960676645,0.02755820381,0.9991816575,0.0404587219,2.39201514,1,3.91414419
-0.07421546379,-0.01903132455,0.9970606168,0.07669190703,3.392617067,1,4.084835825
-0.04128656666,-0.06082179775,0.997294404,0.0735773998,4.116025129,1,3.985663895
0.03934429338,0.02506415982,0.9989113146,0.04666654003,0.5672153843,1,4.040159203
-0.04568636734,-0.07477667678,0.9961532033,0.08774127351,4.163941731,1,3.82978141
0.02538741681,0.0006061927586,0.9996775038,0.02539738327,0.02387314931,1,3.916709007
0.002772976417,0.07829934674,0.9969260368,0.07842881283,1.535396057,1,3.875782519
-0.09043258557,0.01816624263,0.9957368805,0.09237047175,2.943349544,1,3.995953335
-0.008942039966,-0.01254453193,0.9998813303,0.01540597731,4.093108239,1,3.924574556
-0.02895544551,-0.06759291068,0.9972927256,0.07360022833,4.307658999,1,4.044684946
-0.01764978238,0.0137761689,0.9997493198,0.02239154832,2.478837479,1,4.175911132
0.06310231507,-0.007900687505,0.9979757898,0.06363793683,6.158629062,1,4.09937343
-0.03896789944,-0.03127542631,0.9987508951,0.04998729841,3.817913678,1,4.050938543
-0.03175903397,-0.02562266166,0.9991670746,0.04081766897,3.820456155,1,4.098501336
-0.03384955472,0.02121878714,0.9992016667,0.03996096982,2.581659998,1,4.061778347
0.05445833591,-0.05063772877,0.997231222,0.07443193752,5.534124617,1,3.987305099
0.02884250294,0.03093754395,0.9991050888,0.04230944915,0.8204296502,1,4.045667217
-0.02552783362,0.08694599927,0.9958858985,0.09074057004,1.856376438,1,4.036927815
-0.02653484459,0.007654310074,0.999618584,0.02762028993,2.860753955,1,4.090134583
0.0005887396143,0.05193241241,0.9986504283,0.05195912576,1.559460162,1,3.938905215
-0.04807138569,-0.04043370076,0.9980251789,0.06285652596,3.84090752,1,3.921168018
-0.08849735155,0.008201274492,0.9960426486,0.08899398008,3.04918405,1,3.855954004
0.003745093613,-0.01656469728,0.9998557821,0.01698359957,4.934739578,1,3.963170305
0.02744980184,0.04319058407,0.9986896824,0.05119773058,1.004646009,1,4.002301192
0.04642529328,-0.04302583452,0.9979947243,0.06333950202,5.535772395,1,4.023770291
0.05529951947,0.001379294774,0.9984688581,0.05534496804,0.02493708565,1,4.026445492
0.02738727244,0.08167826178,0.9962823891,0.08625446783,1.247270751,1,3.946751434
-0.07553300305,0.04609303603,0.9960774054,0.08860205166,2.593679903,1,4.066743595
-0.02816228967,0.06425599369,0.9975359907,0.07021427018,1.983863525,1,3.957982017
-0.000559051078,-0.02520418567,0.9996821677,0.02521305626,4.690211735,1,4.067270901
0.005798872738,-9.312767136e-05,0.9999831821,0.005799653,6.267127071,1,3.924093654
0.06806338414,-0.00852678612,0.9976445608,0.06864931873,6.158557445,1,3.947168726
-0.07480264803,-0.02205738465,0.9969543799,0.07806621945,3.428340438,1,4.091231902
-0.0840637069,0.004970516084,0.9964479852,0.08431037451,3.082533449,1,3.916933713
-0.02170865601,0.01900720107,0.9995836436,0.02885776467,2.42244635,1,4.012859077
-0.09213335692,0.01184332382,0.9956762427,0.0930255528,3.013748291,1,3.905946139
0.05308721588,-0.03367422823,0.9980219406,0.06290805818,5.717912757,1,3.832359176
0.007859589889,-0.06040783368,0.9981428357,0.06095472778,4.841770961,1,3.928419854
0.03115263347,-0.06280322431,0.9975396075,0.07016269847,5.172860023,1,3.900363334
-0.008019057601,-0.03959090264,0.9991837945,0.04040585552,4.512544639,1,4.043877344
0.007600549386,-0.02942701433,0.9995380345,0.03039740255,4.965149739,1,4.092227622
-0.02212584642,-0.05915013248,0.9980038621,0.06319497382,4.354440481,1,3.983771336
-0.07917363169,-0.02251300943,0.9966065926,0.08240544062,3.418630389,1,3.98843127
-0.02052890043,-0.08269097767,0.9963637722,0.08530455649,4.469048197,1,4.108511595
0.01364361735,-0.07783575756,0.9968728337,0.07910496231,4.885913366,1,3.884417439
-0.07391107955,0.01258814958,0.9971853844,0.07504581216,2.97289657,1,3.870182854
0.006712057464,0.04398052689,0.9990098406,0.04450444661,1.419350589,1,3.900335284
0.06837534125,0.03994261008,0.9968597698,0.07927010917,0.528696147,1,4.026094395
-0.0113935759,-0.07619600035,0.9970277609,0.07711955211,4.563958877,1,4.00886782
-0.01877738529,0.01949164353,0.9996336757,0.02706830794,2.337532524,1,4.079287089
-0.07039501295,-0.008557794823,0.9974824842,0.07097285139,3.262567227,1,4.105561998
0.07785418842,-0.05151550038,0.9956329035,0.09349094907,5.698634555,1,3.947410484
0.06269150605,-0.01913234175,0.9978495521,0.06559297384,5.986980862,1,3.7961039
0.02781304017,-0.0263389643,0.9992660776,0.03831480743,5.5250015,1,4.129706234
-0.02342950071,-0.01542424592,0.9996064981,0.0280545064,3.723798594,1,4.1566979
-0.04154632797,-0.01285224975,0.9990539136,0.04350254252,3.441602857,1,3.946607363
0.06801299335,0.03499572258,0.997070475,0.0765631303,0.4752155179,1,4.000508335
-0.02385409404,-0.07925006955,0.9965693196,0.08285703154,4.420017054,1,4.113397695
-0.0160464988,-0.03999776422,0.9990709128,0.04310988605,4.33086156,1,3.99899753
0.07300675345,-0.01777864833,0.9971729708,0.07521119945,6.044314139,1,3.993714714
-0.01533337619,0.04806482927,0.998726519,0.05047279228,1.879605033,1,3.96591842
-0.02344937847,-0.05775971076,0.9980550799,0.06237869677,4.326736731,1,3.942625544
-0.001163272368,0.01997502104,0.9997998026,0.02001020009,1.628966977,1,4.017273663
0.01839862719,-0.0389605253,0.9990713528,0.04309967439,5.153581081,1,4.036984928
0.000512111216,0.01934554948,0.9998127262,0.0193535347,1.544330723,1,4.105362966
-0.003654601181,0.04932289823,0.998776199,0.04947829304,1.6447566,1,3.890769219
-0.06958680461,-0.03470326967,0.9969720957,0.07783872458,3.604203522,1,4.006850982
0.03126076599,0.009191181275,0.9994690024,0.03258971098,0.2859583532,1,3.921714882
0.06403517368,0.03246025973,0.9974195848,0.07185437715,0.4691626744,1,4.079268832
0.04675448749,0.03909941379,0.9981408987,0.06098651633,0.6964693748,1,4.12429419
0.0007532897979,0.004585964939,0.9999892007,0.004647437514,1.407990351,1,4.061998034
-0.0542309992,-0.06705233898,0.9962745518,0.0863453955,4.032313579,1,3.985949995
-0.05953647468,-0.02065315524,0.9980124525,0.06305880164,3.475502398,1,4.091779209
0.08836327297,0.01288838714,0.9960049304,0.08941736399,0.1448355083,1,3.97222038
-0.06841571624,0.009885688687,0.9976079204,0.06918141138,2.998091444,1,3.839279569
-0.04122121994,0.02023286051,0.9989451649,0.04593518577,2.685303049,1,4.077914773
-0.03085262264,-0.02657809553,0.9991705162,0.04073324106,3.852698519,1,3.91688727
0.0334788952,-0.08032330626,0.9962064696,0.08713129542,5.107295201,1,4.020472533
0.04764809833,0.001940862232,0.9988622987,0.04770570375,0.04071075116,1,4.045303646
0.04640803287,-0.02191189286,0.9986822134,0.05134347263,5.842058889,1,4.258840617
-0.004092672466,-0.01304881311,0.9999064849,0.01367600642,4.408462892,1,3.897747876
0.04378286079,0.04995228326,0.9977914765,0.06647310656,0.8511209727,1,3.906985855
0.05512207474,-0.003186025623,0.9984745395,0.05524216601,6.225450093,1,4.067620535
0.0580817757,-0.07887848385,0.9951907818,0.09811297515,5.347093446,1,3.991847876
0.02458716129,0.04375234623,0.9987398078,0.05020870367,1.058815557,1,3.677021882
0.06203239549,-0.06146148417,0.9961799375,0.08743565782,5.502410104,1,4.170336687
-0.0123998227,0.006575827276,0.9999014966,0.01403602667,2.653987222,1,4.12787117
0.00766156945,0.01284105875,0.9998881975,0.01495356488,1.032846474,1,4.04710844
-0.01881652587,-0.06872676519,0.9974580543,0.07131652458,4.445150415,1,4.015111064
-0.0950190999,-0.01369751328,0.9953812078,0.09614938539,3.284761737,1,4.068393301
-0.01835679088,-0.0556300449,0.9982826886,0.05861404549,4.39365964,1,4.158282475
-0.06054982087,-0.04401330171,0.9971943384,0.07492629144,3.77014119,1,4.095527359
-0.04862956502,-0.01217037202,0.9987427334,0.05015037739,3.386822531,1,3.847866264
0.0483893256,-0.04283891392,0.9979094651,0.06467246172,5.558553178,1,4.032749332
0.06484017797,-0.01803916044,0.9977325995,0.06735366236,6.011837606,1,3.967408202
0.003269732991,-0.03336627785,0.9994378422,0.03353238777,4.810072229,1,3.972343238
0.0547716117,0.004686683027,0.9984879096,0.05499948463,0.08535981492,1,4.061767992
0.06281044778,-0.02090094034,0.9978065937,0.06624513042,5.961948896,1,4.103462311
-0.04439334986,0.02534057228,0.9986926884,0.05113895839,2.622906103,1,3.96455478
-0.01981671772,0.01542833021,0.9996845824,0.02511709235,2.480067737,1,3.894657207
-0.05387901338,0.02090456012,0.9983286289,0.05782450842,2.771481733,1,4.065479475
-0.03780213056,0.005919181766,0.999267713,0.03827208924,2.986270587,1,3.893149686
0.0399568805,-0.05056956925,0.9979209219,0.06449494441,5.381086809,1,3.962589021
0.002984446767,-0.04617287929,0.9989290056,0.04628575575,4.77693555,1,4.111903795
0.06001256831,0.02419767241,0.9979042861,0.06475254857,0.3832706198,1,3.880500745
0.04231272348,0.0006429444595,0.9991042088,0.04233024843,0.01519389277,1,4.052215858
-0.04126679935,0.05766332539,0.997482828,0.07096800299,2.191949073,1,3.834963869
-0.07442524375,-0.03322993731,0.996672792,0.08159723853,3.561521704,1,4.042502913
0.06806431052,0.03512108593,0.9970625652,0.07666647244,0.4763643837,1,3.966343351
0.02717652751,0.05560798496,0.9980827563,0.06193313623,1.116216374,1,3.896320391
-0.02873959748,-0.01744521706,0.9994346902,0.03362627214,3.687150476,1,3.941358034
0.02152638481,-0.03218386959,0.9992501255,0.03872901356,5.301905971,1,3.908189717
-0.05505495869,-0.03431986353,0.9978933302,0.06492164316,3.699022297,1,4.028632483
-0.03766588856,-0.01055079933,0.9992346879,0.03912568854,3.41470846,1,3.986249884
-0.04967770336,0.01537392624,0.9986469687,0.05202569523,2.841467514,1,4.040548714
-0.02547302658,-0.01513677695,0.999560905,0.02963535354,3.677756975,1,3.963547441
-0.02645924823,-0.02108193841,0.9994275662,0.03383750682,3.814361052,1,4.068134942
0.01172897433,0.01916784572,0.9997474805,0.02247354381,1.021666309,1,4.023171415
-0.05138949502,-0.05436858427,0.9971976619,0.07488187972,3.955152275,1,4.232064991
0.03226280574,-0.06636963704,0.9972733741,0.07386292582,5.164861283,1,4.050723235
0.04654437349,-0.03310149109,0.998367624,0.05714578437,5.664994423,1,4.172913139
0.03357059605,-0.05615313711,0.9978576253,0.06546968988,5.251218792,1,4.137647806
0.02906830711,0.0856365281,0.9959023138,0.09055923802,1.243561511,1,3.823835791
-0.01668736017,-0.04815439004,0.998700499,0.0509859301,4.378801038,1,3.882660738
-0.06273103816,-0.05587802236,0.9964649836,0.08410827695,3.869276801,1,4.073071654
0.003301306064,-0.04406663563,0.9990231394,0.04420451813,4.787165523,1,3.991030556
-0.01668383442,0.05419519464,0.9983909708,0.05673554256,1.869436673,1,4.106524682
-0.009619204665,-0.006384037772,0.9999333553,0.01154517036,3.727522117,1,3.984673754
-0.01264780841,0.03007134114,0.999467732,0.03262867412,1.968928654,1,4.163410874
-0.07781434334,0.04198149398,0.9960835719,0.08853233548,2.646840061,1,3.933280269
0.03301410843,0.02121475725,0.9992297047,0.03925287838,0.5711531761,1,4.003621931
-0.07704569333,-0.02861551861,0.9966168337,0.08228092913,3.497211963,1,4.1127493
-0.05609014501,-0.05175127543,0.9970835979,0.07639137136,3.886778711,1,3.974595501
0.0645347725,0.004447852844,0.9979055465,0.0647330677,0.06881298135,1,4.053676981
-0.07046069304,0.02578746813,0.9971811757,0.07510192494,2.790749982,1,3.757313048
0.01147357077,0.02440213245,0.9996363804,0.0269681885,1.131282106,1,4.163128996
0.01738141386,0.03985515618,0.9990542793,0.0434941331,1.159549339,1,3.9528232
-0.04331397472,-0.0499548473,0.9978118123,0.06616624764,3.99807228,1,4.005688789
-0.02117520447,0.0809161796,0.9964959521,0.0837388343,1.826749608,1,4.181501366
-0.03319704368,0.04869814325,0.9982617127,0.05897102839,2.169127801,1,4.007978003
-0.06464605245,-0.02588309695,0.9975725303,0.06969149797,3.522428047,1,3.863786289
0.01976037414,0.0004462948095,0.9998046451,0.01976670054,0.02258150301,1,3.987993023
0.03080396532,0.06212725946,0.9975927623,0.06940034783,1.11049795,1,4.16075322
-0.0595708071,-0.0005918622111,0.9982239071,0.05960904181,3.151527767,1,3.998810949
0.0222734404,-0.0351146841,0.9991350523,0.04159500879,5.277651987,1,4.022783768
0.0685262071,0.005600216787,0.9976335983,0.06880894668,0.08154251099,1,4.05071398
0.01422078694,-0.06003528114,0.9980949525,0.06173577018,4.944975961,1,3.925632636
0.000890379833,-0.02300676961,0.9997349128,0.02302602703,4.751070452,1,3.912391271
0.016011108,-0.06190940991,0.9979533403,0.0639899716,4.965465446,1,3.816675441
-0.0506080073,-0.01722559786,0.9985700318,0.05348474827,3.469665447,1,3.858139443
-0.043777752,0.02721293183,0.9986705987,0.05156929172,2.585430796,1,3.904625401
0.042223572,-0.07752140809,0.9960961807,0.08838961353,5.21113072,1,4.105961166
0.08241733873,0.007704814849,0.9965681202,0.08287152239,0.0932144436,1,4.205612101
-0.01026772066,0.04395238349,0.9989808616,0.04515111354,1.800290719,1,3.911402771
-0.02958358009,-0.007463340776,0.9995344468,0.03051522017,3.388715892,1,3.979046585
-0.02215565715,0.05361839873,0.9983156786,0.05804815962,1.962638488,1,4.062898936
-0.01248261739,0.01750618799,0.9997688321,0.02150240934,2.190220655,1,3.891534899
0.02664437438,0.06707601193,0.9973920422,0.07223700044,1.192683119,1,4.018667407
-0.01970980575,0.04958139084,0.9985755901,0.05338067324,1.949166626,1,4.013076251
-0.001802678633,-0.008865948179,0.9999590718,0.009047481465,4.511797306,1,3.944750213
-0.006450332518,0.05518327951,0.9984554066,0.05558761085,1.687157549,1,3.972491075
-0.03640834287,-0.04344377109,0.9983922432,0.05671309863,4.014869619,1,4.092701429
0.01737259702,0.01906380759,0.9996673267,0.02579502767,0.8317802816,1,4.112176409
0.08675606837,-0.01159086323,0.9961621537,0.087639074,6.150368916,1,3.941543502
-0.001440973344,-0.04764652876,0.9988632198,0.04768638446,4.682155209,1,3.950756498
-0.04867894472,0.06897739478,0.9964298667,0.08452525757,2.185353017,1,3.990873433
0.02861765092,0.01157145087,0.9995234522,0.03087347124,0.3842478515,1,3.931794567
-0.01740870886,0.05497428799,0.9983359978,0.05769686097,1.877475694,1,4.017594599
-0.03244194647,-0.05410485422,0.9980081086,0.06312769613,4.172254461,1,3.928121468
-0.04389738928,-0.04053409334,0.9982134073,0.05978503074,3.887177248,1,3.983226094
0.0185336578,-0.04080674012,0.9989951519,0.04483339038,5.138714623,1,4.029852566
-0.0301050187,-0.001274507768,0.9995459286,0.03013654654,3.18390278,1,3.967349467
-0.06271239111,0.003768215875,0.998024527,0.06286690274,3.08157755,1,4.107581771
0.05830959441,0.07524183884,0.9954590182,0.09533543659,0.911509763,1,4.009804387
-0.01783957713,-0.001225506285,0.999840111,0.01788257431,3.210180824,1,4.088802112
0.02541514262,-0.07455795627,0.9968927634,0.07885235706,5.040914004,1,3.996740165
0.007098650418,0.05584569991,0.9984141761,0.05632483029,1.444362512,1,4.100422602
-0.01547508449,-0.009376307691,0.9998362899,0.01809500265,3.686336925,1,3.902645567
0.03070133569,0.05184192963,0.9981832709,0.06028730287,1.036124079,1,4.076011936
-0.04918822495,-0.04527172556,0.9977629926,0.06690055212,3.885552542,1,4.184844534
0.03269212005,-0.02298114507,0.9992012271,0.03997197149,5.670477731,1,3.890974516
0.06781774624,0.05040939657,0.9964234271,0.0846015004,0.6392037247,1,4.010849501
0.08587373704,0.02677340822,0.9959462264,0.09007236426,0.3022255484,1,3.913451664
-0.06745937954,-0.04485485369,0.9967132357,0.08109952347,3.728382616,1,3.958450692
-0.046613418,0.01956620045,0.9987213591,0.05057496436,2.744173213,1,4.061046283
0.08992462706,-0.03115192686,0.9954612594,0.09531188966,5.949700992,1,4.10369835
-0.01875342813,-0.08004803449,0.99661458,0.08230834568,4.482262117,1,3.884974462
0.0593908327,0.03348522386,0.997673027,0.06823307178,0.5133850394,1,3.98379154
-0.006776298032,-0.03607346939,0.9993261663,0.03671265229,4.526705702,1,3.939042346
-0.003031229792,-0.009463322002,0.9999506274,0.009937105594,4.402401682,1,3.994341236
-0.09241572809,-0.04203215264,0.9948329666,0.1017004355,3.568444351,1,4.115325548
0.03319717379,-0.02188715026,0.9992091374,0.03977353001,5.700294734,1,4.16390881
-0.06361249622,0.01122960671,0.9979114922,0.06464108889,2.966861424,1,4.037846911
0.04262340905,-0.03901204915,0.9983292568,0.0578136423,5.541995959,1,3.953397782
-0.06968108526,0.006594803073,0.9975475201,0.07004973895,3.047231066,1,4.019356267
-0.03935608151,-0.01910945499,0.9990425054,0.04376408224,3.593615835,1,4.035459779
-0.04428048988,0.002220043992,0.9990166713,0.04435064499,3.091498658,1,3.960355853
-0.06150948896,0.0007641561344,0.9981062062,0.06155309668,3.129169907,1,3.89812645
0.07716008446,0.02010760761,0.9968159336,0.07982177081,0.2549262176,1,3.93990652
-0.02102403084,-0.02293384208,0.9995158973,0.03111725357,3.97040991,1,3.843093818
0.00706663817,0.06579003012,0.9978084659,0.0662168418,1.463794582,1,3.96216065
0.008054195857,0.06303813194,0.9979786189,0.06359343409,1.443717791,1,4.160828857
0.001109051297,0.007791568803,0.9999690303,0.007870185388,1.429406185,1,3.743319618
-0.05389519227,0.08902989655,0.9945697491,0.1042609482,2.11514813,1,3.885386637
0.01578007972,-0.0283799493,0.9994726447,0.03247773478,5.219849327,1,4.164713821
-0.04659431928,0.05124146997,0.9975987576,0.06931383714,2.308730669,1,3.936140219
0.03479950344,0.05518645725,0.9978694551,0.06528861814,1.008194133,1,4.052851229
-0.003028198482,0.02993155967,0.9995473634,0.03008889217,1.671624008,1,4.209551417
-0.0570408721,0.04712351136,0.9972591005,0.07405609328,2.451117115,1,4.191578502
0.05243565767,-0.05225836106,0.997256018,0.07409774345,5.499480616,1,3.908131832
0.08282075314,-9.17292873e-06,0.9965644599,0.08291572885,6.283074551,1,4.020174574
-0.0004730536932,-0.08693305641,0.9962140432,0.08704421978,4.706947448,1,4.023162451
0.03854445873,0.03223516086,0.9987368117,0.05026836579,0.6964931083,1,3.913812529
-0.04461193312,-0.007675514051,0.9989749055,0.04528288065,3.311975227,1,4.04787657
0.06035542278,0.03481081657,0.997569762,0.06973124141,0.5231587321,1,4.067887306
0.01491115569,-0.07008997045,0.9974292223,0.07172001044,4.922006933,1,4.005209293
0.03438575321,-0.04173754691,0.998536728,0.05410414042,5.401508297,1,3.779226699
-0.0987623348,0.01541923698,0.9949915821,0.1001259631,2.986718257,1,4.215395896
0.02050345833,-0.0567208589,0.9981795191,0.06034954053,5.059254176,1,4.109268485
0.0360168548,0.02294284528,0.9990877899,0.04271647867,0.5671841763,1,3.940867286
-0.0604781917,0.06359659413,0.9961414867,0.08787487924,2.331066532,1,4.181387522
0.009158830555,0.09603017533,0.9953362855,0.09661618959,1.475709437,1,3.858393965
0.01178259598,0.01194498451,0.999859234,0.01677911331,0.7922419285,1,3.960305762
0.005828591564,-0.04277289378,0.9990678191,0.04318161194,4.847823144,1,3.852610419
0.0674150048,0.04176702384,0.9968504065,0.07938826436,0.5546712288,1,3.992453411
0.07437871328,-0.06668483322,0.9949979598,0.100062139,5.5522751,1,4.047749753
0.007419386737,-0.004373564692,0.9999629116,0.00861261875,5.750538553,1,4.097361451
0.03862323957,0.007311669627,0.9992270937,0.03931935529,0.1870935075,1,3.840522494
-0.09201109742,-0.01960011166,0.9955650625,0.09421485597,3.351474567,1,3.991521839
0.007731575133,-0.06768679343,0.9976766614,0.06817974462,4.826121802,1,3.940094707
0.02335416302,-0.06480121706,0.9976248721,0.06893574906,5.058295952,1,4.079343958
-0.05796701206,0.02508950253,0.9980031775,0.06320581249,2.733113883,1,3.919228625
-0.009979394518,-0.06373862248,0.9979167298,0.06455995508,4.557082355,1,4.096109576
-0.06338567155,-0.0157637845,0.9978645999,0.0653629944,3.385343966,1,4.00507304
0.004258004332,-0.06674589496,0.9977609207,0.06693153762,4.7760969,1,3.861526182
-0.02890464874,0.04833135488,0.9984130415,0.05634498075,2.109782019,1,3.922948841
-0.06444399163,-0.03147028814,0.9974249811,0.07177917229,3.595865185,1,4.000629203
0.0194078897,-0.06676325378,0.9975800729,0.06958309825,4.995289379,1,4.075433002
-0.05789252916,0.05922127193,0.9965647475,0.08291225604,2.344849237,1,4.099911942
-0.07492257831,0.003599108206,0.9971828587,0.07507949136,3.093591855,1,3.956379274
-0.06256569561,0.05591274645,0.9964734309,0.08400766417,2.412288828,1,3.887468085
-0.04444341915,-0.06411818883,0.9969521756,0.07809448001,4.106276231,1,4.09459925
-0.02777460662,0.0008276644555,0.9996138686,0.02779051283,3.111802147,1,4.259072072
-0.05276507394,0.04023863699,0.9977959205,0.06640616821,2.490076295,1,3.992183832
0.003577603405,0.07941928832,0.9968348797,0.07958380954,1.525779726,1,4.019620518
0.01023261498,0.05933746912,0.998185533,0.06024974608,1.400028107,1,4.085149603
0.07173562602,0.03106630661,0.9969397597,0.07825346483,0.4086832767,1,3.892199442
0.07296209838,0.02139756917,0.997105148,0.07610847181,0.2852707827,1,3.915398376
-0.001309600311,-0.05476018897,0.9984986763,0.05480327496,4.688478348,1,3.880403445
-0.0126940192,0.04203235321,0.9990356066,0.04392148669,1.864092391,1,4.040150846
0.006111645261,-0.07160518572,0.9974143297,0.07192753729,4.797534612,1,4.078484536
0.002433879785,0.00477247607,0.9999856497,0.005357291594,1.099194563,1,3.923663344
-0.0008790210342,0.02986287992,0.9995536182,0.02988026035,1.60022307,1,4.117973548
0.06906294854,-0.06703652385,0.9953574301,0.09639674911,5.512675335,1,4.066373733
0.01258705004,-0.03631034316,0.9992612897,0.03843959516,5.046077989,1,4.063555376
0.01332386101,0.08952993864,0.9958950069,0.09063999834,1.423060443,1,3.842107581
0.001808828091,0.03164522705,0.9994975276,0.03170219083,1.51369887,1,3.961770167
-0.07244439996,0.04289878616,0.9964494483,0.0842929978,2.606956676,1,3.929555714
0.01034730242,0.02404841016,0.9996572449,0.02618299722,1.16447067,1,4.20260414
0.01213333937,0.0715433444,0.9973636909,0.07262875819,1.402800556,1,3.970776943
0.03030180011,-0.07353647942,0.9968320757,0.07961907257,5.103252649,1,3.789977243
0.03993102576,-0.0590592672,0.9974555209,0.07135206952,5.306906213,1,4.058396729
-0.03423105143,0.04108054471,0.9985692885,0.05349864992,2.265495299,1,4.069051739
0.08632513095,-0.01066089493,0.9962099764,0.08709098765,6.16031046,1,4.010082507
0.01273209778,0.06197860387,0.9979962657,0.06331514539,1.368187689,1,4.140766771
-0.03794494553,-0.07593689637,0.9963903697,0.08499181068,4.248989004,1,4.012165259
-0.01111687733,-0.00426906935,0.9999290925,0.01190867829,3.508245068,1,3.887594336
-0.0378698291,0.05351535512,0.9978486773,0.06560631825,2.186634204,1,4.082248504
-0.0122727856,-0.01832391386,0.9997567769,0.02205597342,4.122241827,1,4.097560865
0.08015137931,0.01848572245,0.9966112755,0.08234852928,0.226671508,1,4.20447611
-0.01526435452,-0.01679353399,0.9997424552,0.0226960733,3.974655255,1,3.963266097
0.04319864414,0.02989512146,0.998619126,0.05255838462,0.6053626129,1,4.004388584
0.04859614931,-0.01358191584,0.9987261616,0.05047987621,6.010653825,1,4.076939324
-0.03577582914,0.06659296684,0.9971386397,0.07566671513,2.063783524,1,4.039001276
0.05482534736,-0.03452094935,0.9978990356,0.06483364006,5.721246945,1,4.041852532
-0.01984769777,-0.004503432094,0.9997928725,0.02035360436,3.364714301,1,4.016232494
-0.08373256092,-0.02110385885,0.9962647667,0.08645878717,3.388489317,1,3.949406403
0.07099198866,0.05252642563,0.9960929235,0.08842650516,0.6370007328,1,3.888589199
-0.03605302153,-0.06609992293,0.9971614613,0.07536421749,4.213059537,1,4.24905419
-0.05276430732,0.01453411863,0.9985012205,0.05475680917,2.872804779,1,3.929842249
0.03714627398,-0.04119431626,0.9984604061,0.05549755088,5.446160711,1,4.033164458
0.06248504099,-0.006179721813,0.9980267685,0.0628312145,6.184606654,1,3.99171994
0.02456861315,-0.02732620543,0.9993246028,0.03675522409,5.44469897,1,4.172595306
-0.03563637662,-0.004916149616,0.9993527306,0.03598164115,3.278680509,1,4.092138783
-0.07530914865,0.008636967924,0.9971228284,0.07587558694,3.027404715,1,3.986705461
0.08868404519,-0.01155979556,0.9959927265,0.08955392488,6.153568017,1,4.00979428
-0.07905280444,0.04246671889,0.9959654773,0.08985809431,2.648634176,1,4.019574021
-0.04745064523,0.06196530911,0.9969497163,0.07812599716,2.224308689,1,3.998084861
-0.03288537483,-0.02190395449,0.9992190795,0.0395227056,3.729181916,1,3.925466358
-0.0403496518,0.06333816553,0.997176104,0.07516948939,2.138014747,1,3.908590343
-0.01595149018,-0.05564823573,0.9983230058,0.05792172602,4.433225713,1,3.822315978
-0.03129552423,0.05122081857,0.9981968833,0.06006094892,2.119259198,1,4.01671842
-0.02904691956,0.03790412071,0.9988591263,0.04777218325,2.224664566,1,4.125403584
0.008458528171,0.04974422915,0.9987261712,0.05047968637,1.402366913,1,3.90775873
-0.0299110427,-0.07539722261,0.9967048652,0.08120278353,4.334719611,1,4.083571609
0.01794028486,-0.03356700793,0.9992754386,0.03806964488,5.203224491,1,3.895659505
-0.03591359071,-0.05613497244,0.9977770687,0.06668965939,4.143237464,1,4.022736678
-0.02325594461,-0.0271167872,0.9993617167,0.0357309717,4.003486746,1,3.999328451
0.03684508657,0.06927871076,0.9969166965,0.07854793732,1.08200351,1,3.990846024
0.05472003749,-0.01264532683,0.998421661,0.05619171364,6.056080657,1,3.968774602
0.008940495388,-0.06530291345,0.9978254342,0.06595990342,4.848451143,1,4.017996419
-0.001739462079,0.03586376731,0.9993551743,0.03591364585,1.619260282,1,4.043513922
0.02181498074,0.03454581834,0.9991649979,0.04086852872,1.007551062,1,4.093555875
-0.05351892958,0.07443935958,0.9957883841,0.09181040793,2.194134178,1,4.065034102
-0.01483735885,0.008366849262,0.9998549138,0.01703465442,2.628137126,1,3.860345138
-0.009537754469,-0.05532438451,0.9984228782,0.05617003693,4.541670138,1,3.913693809
0.06294892924,0.04115231285,0.9971679495,0.07527799532,0.5790007917,1,4.135099334
-0.07216817379,0.01514982275,0.9972774125,0.07380818073,2.934673369,1,4.071564635
-0.007222668486,0.06240152935,0.9980249908,0.06285952094,1.686028622,1,3.953609037
0.06984217954,-0.04629372698,0.9964832968,0.08389000341,5.697841224,1,3.907942951
0.09845841336,0.00653419334,0.995119714,0.09883583079,0.06626783337,1,3.921015493
0.01026092803,0.005092658887,0.9999343869,0.01145545978,0.4606957657,1,4.130927371
0.01566577905,-0.0454546055,0.9988435624,0.0480969964,5.044286761,1,3.929443831
0.08643535565,0.03660611673,0.9955847134,0.09400574003,0.4006067429,1,4.03104317
-0.02719297276,-0.06311195704,0.9976359171,0.06877521294,4.305557933,1,4.010762088
0.08482548524,-0.003121547662,0.9963909338,0.08498516537,6.246402261,1,4.15220867
0.02911226013,0.07185428391,0.9969901896,0.07760568821,1.185852252,1,3.999944731
0.006516228998,9.014566065e-05,0.9999787651,0.006516898636,0.0138331404,1,3.954768913
-0.02495673135,-0.04145419419,0.9988286697,0.04840576568,4.170477057,1,4.082441941
0.005988431024,-0.01450549486,0.9998768571,0.01569365816,5.103914055,1,4.123058289
0.0220796022,-0.009860961807,0.9997075835,0.02418390814,5.863154434,1,4.181841366
0.01043055633,0.0423777488,0.999047211,0.04365639225,1.329460628,1,3.982542473
0.05710170002,0.02165742924,0.9981334338,0.06110887326,0.3625161236,1,4.02173303
0.05682908439,-0.02656876336,0.9980303382,0.06277433755,5.845857216,1,3.980185502
0.01545083543,-0.03557130942,0.9992476938,0.03879176493,5.122162772,1,4.02486228
0.07001038951,0.05995996467,0.9957426113,0.0923083204,0.7082231523,1,3.801201848
0.0862856975,0.0004295026988,0.9962703418,0.08639420014,0.004977640142,1,3.929330253
-0.02040767989,-0.03134255965,0.9993003405,0.03740965347,4.135228778,1,3.859450549
-0.04631793681,-0.0376449595,0.9982171636,0.05972212954,3.824060511,1,3.985202965
0.05327211055,-0.06278512885,0.9966042895,0.08243341627,5.416001652,1,4.004782609
0.007451583118,0.08882439642,0.9960194278,0.08925486939,1.487101125,1,4.084187024
0.03287918864,0.009813187545,0.9994111568,0.03431912046,0.2900451648,1,3.982553542
0.03596072734,0.0493863477,0.998132163,0.06112967841,0.941425725,1,3.907743779
0.0788719588,0.02287191589,0.9966223405,0.08221389965,0.2822462862,1,4.078054396
-0.008366480389,-0.01818725066,0.9997995929,0.02002068011,4.281234579,1,4.035153351
0.007847997716,0.0341348266,0.999386423,0.03503254836,1.344811757,1,3.853686002
-0.06585814307,-0.0216705712,0.9975936504,0.06938753919,3.459482571,1,3.935489907
0.001796007887,0.01682076083,0.9998569079,0.01691717884,1.464426046,1,3.908131499
-0.05436365133,0.07295072267,0.9958527931,0.09110517716,2.211225162,1,3.791557651
-0.006059352526,-0.07175874023,0.9974036131,0.07207650386,4.628148199,1,3.907360357
0.04281548913,0.03323833278,0.998529943,0.0542294623,0.6601314832,1,3.865401373
-0.04846420179,0.008079622044,0.9987922411,0.04915286577,2.976398703,1,3.934067606
-0.03466767269,0.01862125078,0.9992254007,0.03936240029,2.648679545,1,4.006149007
0.05483772999,0.007513490671,0.9984670104,0.05537836132,0.1361653246,1,4.182116483
0.03313915786,0.06432358789,0.9973787005,0.07242161942,1.095067149,1,4.173546767
-0.03722872273,0.04232677262,0.9984099692,0.05639951033,2.29220031,1,4.04681957
0.04963956298,-0.05470819772,0.9972677308,0.07393935794,5.449250846,1,3.980866503
0.07351498251,-0.05129923704,0.9959738629,0.08976459894,5.673932968,1,4.122985043
-0.003422554004,-0.05106184344,0.9986896286,0.05119878282,4.645461466,1,3.879427665
0.09186104263,-0.02646013544,0.9954202178,0.09574217641,6.002731951,1,4.03359629
-0.001659996438,-0.07929326109,0.9968499502,0.07939401768,4.691457139,1,3.909638625
0.0364708205,-0.02866399234,0.998923548,0.04640355928,5.617074566,1,4.031042873
0.02181380206,0.007149825215,0.9997364843,0.02295766865,0.3167317202,1,3.932932519
-0.01600170895,-0.04467181544,0.9988735527,0.04746912424,4.368422547,1,4.056444502
0.02884583124,0.07247772987,0.9969528057,0.0780864031,1.192018912,1,3.954854641
0.002758604963,0.04184298414,0.9991203905,0.04194611901,1.504964056,1,3.890734853
-0.03029213734,0.04862293188,0.99835775,0.05731840423,2.127956899,1,4.128026664
0.00773176149,-0.06517909062,0.997843628,0.06568329165,4.83046057,1,4.230942943
0.06231606189,0.05699148245,0.9964279599,0.08454784045,0.7407987324,1,4.015040874
-0.03856091036,-0.06480853436,0.9971524006,0.07548446033,4.175655972,1,3.954453645
0.0120052907,0.01709501951,0.9997817928,0.02089091151,0.958549619,1,4.077126673
0.05270134451,-0.03911082727,0.9978441319,0.06567561524,5.644745212,1,4.245782424
0.02474133583,0.001583731432,0.9996926318,0.02479451297,0.06392434277,1,3.948877265
0.008448181986,0.08206770157,0.9965909495,0.0825952689,1.468216037,1,3.94844429
0.006753510728,-0.07425697815,0.9972162711,0.07463271954,4.803087285,1,3.795505226
0.06747614694,0.04542764603,0.9966861585,0.08143308129,0.5925396267,1,4.058723753
-0.033841772,0.04745233157,0.9983000605,0.05831674545,2.190309331,1,4.13482377
0.05920339905,0.01880502849,0.9980687995,0.0621582248,0.3075554924,1,4.056200424
-0.03896581619,-0.0454240921,0.9982075521,0.05988294676,4.003370945,1,3.938369389
0.03546240806,0.08902656478,0.9953977539,0.09597687842,1.191726008,1,3.996209713
0.0593434547,-0.01232830865,0.9981614935,0.06064767243,6.078353802,1,4.266122078
0.08529304879,-0.01079802137,0.9962973946,0.08608010806,6.157256147,1,4.11688224
-0.0145488984,0.0370510153,0.9992074619,0.03981564658,1.944969593,1,3.993816554
0.006341816453,-0.04811662428,0.9988215916,0.04855182635,4.843434588,1,4.072333716
-0.08362561022,-0.007771447407,0.9964669397,0.0840849889,3.234257933,1,3.99889866
0.01251441403,-0.01711658587,0.9997751807,0.02120508106,5.343702158,1,4.072925209
0.01823747795,-0.05814318445,0.9981416555,0.06097409829,5.016334786,1,4.040696444
0.005206135958,0.06382484871,0.9979475361,0.06408067372,1.489407408,1,4.144116203
0.02644170959,0.0006005548175,0.9996501765,0.02645161327,0.0227085008,1,4.095534222
-0.06912725875,0.004683015793,0.9975968582,0.0693412568,3.073951154,1,4.035867713
-0.03861622898,0.0844557208,0.9956786721,0.09299939569,1.999651717,1,4.005268117
-0.0653559273,0.04021628113,0.9970512793,0.07681368403,2.589968203,1,4.091164104
-0.01912225003,0.05264674805,0.9984300974,0.05604129724,1.919197836,1,4.001875868
0.02413772041,0.05261106971,0.9983233173,0.05791634463,1.140652206,1,3.975103508
-0.008989445554,0.08022662252,0.996736113,0.08081663276,1.682381537,1,3.930894825
0.04641218644,0.03871468191,0.9981718701,0.06047622894,0.6952194984,1,3.96972169
-0.04317133009,-0.0200826344,0.9988658188,0.04763183002,3.57700203,1,3.864682266
0.01939801556,0.02882671455,0.9993961865,0.03475267789,0.9784783438,1,3.954477742
0.0141079995,0.06879226252,0.9975312471,0.0702818518,1.368519809,1,4.104446198
-0.06760295506,0.001500909936,0.9977111745,0.0676712516,3.119394461,1,3.733480255
-0.02123828517,0.06084763644,0.9979210893,0.06449234768,1.90661604,1,3.998307782
0.02656630679,0.05575918804,0.9980907495,0.06180385622,1.1261679,1,3.933209219
0.03693189002,-0.02561883506,0.9989893447,0.04496277573,5.676714993,1,4.01383814
-0.08566730738,-0.02450515164,0.9960223943,0.08922158226,3.420202861,1,3.88670045
0.04084153321,-0.03385638036,0.9985918659,0.0530747526,5.591028014,1,4.033706222
0.0383648177,0.02057618648,0.9990519312,0.04354810224,0.4922871397,1,3.981927985
-0.03304657941,0.04417889654,0.9984769145,0.05519913656,2.213027307,1,4.017129889
0.006047169665,-0.006538902348,0.9999603365,0.00890660443,5.458737414,1,4.121873139
-0.002497469137,-0.0491431746,0.9987886218,0.0492264736,4.661612399,1,3.943931695
0.02973969725,0.03728002617,0.9988622278,0.04770719138,0.8974361143,1,4.016192149
0.01087825041,-0.07045846576,0.9974553966,0.07135381234,4.865571864,1,4.141700867
0.0214783016,0.0003870619159,0.9997692397,0.02148344148,0.01801911672,1,3.924276074
0.008071231777,0.05732877328,0.9983227269,0.0579265435,1.43092713,1,3.930792069
-0.04853908002,0.02212656966,0.9985761727,0.05336975432,2.713884015,1,3.959594267
-0.000305794221,0.001919323242,0.9999981113,0.001943531983,1.728792375,1,3.94735466
0.03586909207,-0.02493662268,0.9990453308,0.04369945291,5.675680009,1,4.069535311
0.001745555573,-0.01774816147,0.9998409653,0.01783473922,4.810425037,1,3.755714365
-0.07201526327,-0.02924689236,0.9969746342,0.07780607371,3.527364373,1,3.986302151
-0.04066770262,0.06158354965,0.9972730842,0.07386685446,2.154424466,1,3.879457719
0.07334863689,0.01291405323,0.9972227458,0.07454583421,0.1742778474,1,4.025935894
0.01498208831,0.05049576496,0.998611894,0.05269586896,1.282369892,1,4.026649031
-0.01039132971,-0.00353834248,0.9999397484,0.01097745148,3.469787449,1,4.013055198
-0.07006219829,-0.01603318092,0.9974137684,0.07193534724,3.366561044,1,4.250176136
-0.03227293894,0.01390523622,0.9993823602,0.03514835475,2.734765945,1,3.973498256
0.06102470503,0.05356542578,0.9966979134,0.08128844343,0.7203945725,1,3.877909838
0.02598009828,-0.04285240698,0.9987435635,0.05013381404,5.257405504,1,4.073397441
0.002532487879,0.02543151773,0.9996733589,0.02556008317,1.471542858,1,3.953308984
0.02873178324,0.007925138257,0.9995557397,0.02980916551,0.2691393243,1,3.999153219
-0.002803240655,-0.08069312925,0.9967350504,0.08082979375,4.677663424,1,3.763944983
0.02000463007,-0.05636370449,0.9982098715,0.05984417821,5.053440511,1,4.077237508
0.01070892229,0.009969332156,0.99989296,0.01463160542,0.749646838,1,3.9934107
-0.02118622843,-0.001114462003,0.9997749255,0.02121711211,3.194147348,1,3.962969185
0.032359,0.0599803329,0.9976749244,0.06820523662,1.076055292,1,3.854272001
-0.0432701292,-0.02940208746,0.9986306691,0.05233819968,3.738427877,1,3.954416046
0.06542533382,0.02805375794,0.9974630381,0.07124654841,0.4050768018,1,4.109077264
-0.02193920433,-0.002451351537,0.9997563014,0.02207752245,3.252864967,1,3.87979397
-0.07107507121,0.05311574132,0.9960557476,0.08884647445,2.499809683,1,4.013122075
0.04578870313,-0.06021174072,0.997134866,0.07571661952,5.362551818,1,4.046567099
-0.06217092012,-0.04912169082,0.9968559756,0.07931800826,3.810272216,1,3.888794268
-0.008509319803,0.04273497973,0.9990502054,0.04358772654,1.767344029,1,4.07149694
0.00184456348,-0.06205687491,0.9980709102,0.06212423542,4.742103989,1,3.879263545
0.05932936156,-0.002585781553,0.9982351129,0.05942064457,6.239629366,1,3.989285987
0.002693237619,-0.01690408749,0.9998534884,0.01711812851,4.870385669,1,3.85434264
0.01620407271,-0.01531926429,0.9997513432,0.02230099264,5.525848138,1,3.992419086
0.04485959885,0.03382789545,0.9984203974,0.05621420932,0.6461096029,1,4.223783235
0.05607185472,0.03000656442,0.9979757278,0.06363891191,0.4913666175,1,3.9384027
-0.07515875244,-0.03467244824,0.9965686044,0.08286567222,3.573822649,1,3.960724274
0.00919009508,-0.04844933286,0.998783362,0.04933324916,4.899846553,1,3.869337866
-0.004610376046,0.01418383669,0.9998887754,0.01491486793,1.885068343,1,4.117752059
0.02345558136,0.087829594,0.9958593265,0.09103333694,1.309828771,1,4.12895432
0.02536798405,-0.07952858841,0.9965097436,0.08357378353,5.021165883,1,4.178992024
-0.01100431121,0.002788237573,0.9999355634,0.01135229801,2.893438324,1,4.129745711
-0.0266436572,-0.005132169149,0.9996318204,0.02713677164,3.331884551,1,3.944408582
0.02341746981,0.005819998192,0.9997088325,0.02413220487,0.2435968446,1,4.026568514
0.02814269368,-0.04647211821,0.9985230749,0.05435602704,5.256903029,1,3.875233673
-0.08508883006,-0.02288997596,0.9961104055,0.08822832405,3.404384044,1,4.033701078
0.07533856949,-0.001615978747,0.9971567021,0.07542739959,6.261739041,1,3.905094277
0.05902044255,-0.01946979865,0.9980668887,0.06218897732,5.964543902,1,3.912421565
-0.006171829414,-0.0732508756,0.9972944489,0.07357678999,4.628331466,1,3.927963247
-0.04547042752,-0.03147680745,0.9984696544,0.05533057125,3.747096889,1,3.84687848
0.07430733268,0.03802617964,0.9965101254,0.0835692095,0.4729969867,1,3.99351817
0.02921857158,0.06056435951,0.9977365551,0.06729486243,1.121296458,1,3.980941984
-0.05309588125,-0.01812532208,0.9984249096,0.05613384125,3.470558367,1,4.101604455
0.03014608043,0.01502156474,0.9994326223,0.03368772495,0.4622806487,1,4.035615583
0.02345400298,0.0371208709,0.9990355102,0.04392368054,1.0073021,1,4.120684812
-0.03082198009,-0.04640835407,0.9984469291,0.05573998705,4.126132627,1,3.916485259
0.07019364524,-0.0335220989,0.99696997,0.07786605721,5.837645422,1,3.891074832
-0.04450068539,-0.01359598223,0.9989168325,0.0465481061,3.438108673,1,3.902892074
-0.07203153074,0.03430938103,0.9968120811,0.07987007178,2.697075535,1,3.91877948
0.04142111954,-0.02893149064,0.9987228143,0.05054617114,5.673485608,1,4.122047022
-0.08451778905,-0.0358707764,0.9957760947,0.09194435532,3.54296929,1,4.064583266
0.03926390487,-0.01963487332,0.9990359441,0.04391379921,5.819478187,1,3.942784291
-0.01661762966,0.01143188617,0.9997965625,0.02017148532,2.539008467,1,4.026911584
-0.06170850951,0.01090440033,0.9980346456,0.0627056371,2.966690017,1,3.905544943
-0.08370080918,0.04589765228,0.9954333629,0.09560457095,2.64001424,1,4.04141875
0.04747082228,-0.0338435605,0.9982991207,0.05833286649,5.663831485,1,3.846712979
0.08014406456,0.0526528972,0.9953916824,0.09604021468,0.581265125,1,3.806984601
-0.008565090773,-0.06034715877,0.9981407013,0.06098975525,4.571400343,1,4.12518168
0.01779774939,0.002230147555,0.9998391203,0.0179378915,0.1246553224,1,4.057131549
-0.01917440584,-0.08220553895,0.9964309266,0.08451270258,4.483236496,1,4.021616804
-0.04860174144,-0.08157736631,0.9954812927,0.09510115212,4.175082016,1,4.027975513
0.04161091476,0.04429265734,0.9981516379,0.06081006117,0.8166060847,1,4.060555297
-0.01344708142,0.07938565893,0.996753276,0.08060375204,1.73859288,1,4.048337406
0.04732931712,0.03697567717,0.998194738,0.06009667861,0.6631983765,1,3.969056437
-0.006080452953,-0.04377415248,0.9990229485,0.04420883686,4.574367054,1,3.842400217
-0.001267393082,0.08686030362,0.9962196953,0.08697917975,1.585386457,1,4.249563199
-0.01584731721,-0.05985219022,0.9980814485,0.06195426177,4.453554223,1,3.97372716
-0.01583634394,0.05684653303,0.9982573225,0.0590454724,1.84248838,1,3.977746277
-0.007359982792,-0.01473621699,0.9998643281,0.0164727041,4.249182597,1,3.812877221
0.01223664644,0.03712308089,0.9992357787,0.03909779282,1.25238817,1,3.842727998
0.02681540757,0.054259548,0.9981667373,0.06056109574,1.111794454,1,3.927341945
-0.01847358624,-0.08846156824,0.9959082676,0.09049337862,4.506515932,1,3.818336206
-0.02348112911,0.06199311115,0.9978003261,0.0663397439,1.932868076,1,4.078294987
0.02236478857,0.08775222752,0.9958912404,0.09068160003,1.321246065,1,4.032994959
-0.08594872029,0.02074484335,0.9960835652,0.0885324103,2.904759279,1,4.121895105
-0.02855713026,0.03022732171,0.9991350256,0.0415956524,2.327790002,1,4.044367337
0.06404623159,-0.03916801104,0.9971779917,0.07514434894,5.734310302,1,4.05278082
-0.003981869774,0.01663429172,0.9998537118,0.01710507182,1.805752321,1,4.021159157
0.01036331252,0.01299942131,0.9998617988,0.01662554261,0.8977568578,1,3.935262379
-0.04650355018,-0.04492781292,0.997907266,0.06470648151,3.909758423,1,4.100673921
-0.0386770459,0.05180378524,0.9979080388,0.06469452781,2.212122094,1,4.037220456
-0.03234653881,0.02706777592,0.9991101225,0.04219027105,2.444808465,1,4.24326891
0.0263763439,-0.06724527313,0.997387769,0.07229618382,5.086188601,1,4.069966798
-0.01631578732,-0.07146542026,0.9973096253,0.07337004677,4.487932695,1,4.263278298
-0.01623559768,-0.004885980815,0.9998562559,0.01695567724,3.433913872,1,3.974226126
0.01774812729,-0.01071713338,0.9997850504,0.02073438149,5.739942758,1,3.920464167
-0.01941527634,0.06998986441,0.9973587448,0.07269688682,1.841393593,1,3.899014261
-0.06041901647,-0.01175018072,0.9981039403,0.06158992039,3.333673183,1,3.9915178
-0.02503454844,0.05833348819,0.997983204,0.0635212443,1.9761874,1,3.919027128
0.0171038457,0.09430988858,0.9953959531,0.09599566817,1.391388392,1,3.975307778
0.01938070272,-0.04284286457,0.9988938268,0.04703992235,5.13720965,1,3.965976574
0.02486764657,0.03973296857,0.9989008416,0.04689050673,1.011572117,1,3.898937174
0.09062269968,-0.02855577925,0.9954758128,0.0951588435,5.977927825,1,3.824903426
0.03706640447,-0.02049578032,0.9991025997,0.04236825681,5.778081861,1,3.838233355
0.05497211362,-0.008651107077,0.9984504119,0.05567743611,6.127092861,1,3.89649259
0.007609849617,-0.06470551399,0.9978753863,0.06519764451,4.829458643,1,3.999936243
-0.02635501442,-0.01042065838,0.9995983309,0.028344171,3.518123483,1,3.916112288
-0.07279187771,-0.002441579708,0.9973441639,0.07289735975,3.175122008,1,4.046817515
-0.05392621272,0.002756976568,0.9985411172,0.0540229155,3.090512146,1,3.81351902
0.009091831838,0.06786885303,0.9976528241,0.06852874882,1.437627384,1,3.81241981
0.05204481871,-0.04232272196,0.9977475252,0.06713152629,5.600448691,1,4.039541937
0.0778761029,0.008891034175,0.9969233983,0.07846248225,0.1136767629,1,3.950518685
0.02367952362,-0.06032405823,0.9978979347,0.0648506302,5.086446646,1,3.996562537
0.07023294358,-0.03749703214,0.9968256147,0.07970026511,5.792790636,1,3.983097421
0.004666642052,-0.01685737194,0.999847014,0.01749227668,4.9824566,1,4.113744904
-0.05498123402,0.01187037063,0.9984168259,0.05627774042,2.928957769,1,4.09548405
-0.03825744442,-0.006407667684,0.9992473716,0.03880007168,3.307540482,1,4.02505905
-0.0658072402,-0.02989302291,0.9973844867,0.07234160965,3.567976315,1,4.070003048
0.0374284178,0.01798485924,0.9991374572,0.04153713581,0.4479372183,1,3.918176417
0.06991714249,0.03418568247,0.9969668662,0.07790594789,0.454765083,1,3.975469514
-0.04789387395,-0.02056065328,0.9986407945,0.05214429117,3.547096501,1,4.022796255
0.01425320513,-0.06252861041,0.9979413906,0.06417657087,4.936506582,1,4.120543724
-0.03596150085,-0.004693242578,0.9993421556,0.03627441394,3.271366609,1,4.05061253
0.0651773304,0.02399581542,0.9975851425,0.06951014452,0.3527622639,1,3.997974249
-0.04966549689,0.07109965546,0.9962319898,0.0868375373,2.180537439,1,4.099946069
-0.0230104489,-0.0735394851,0.9970268118,0.07713187039,4.409140434,1,3.903495339
0.0009183996869,-0.02195148424,0.9997586153,0.02197245567,4.754202299,1,3.885998712
0.03191580167,0.03401094727,0.9989117264,0.04665771281,0.8171673727,1,4.112865802
-0.05250899758,-0.02296398019,0.9983563796,0.05734231938,3.553863919,1,4.068627635
-0.03104041084,0.08506534918,0.9958917508,0.09067596442,1.920683609,1,3.97060622
-0.08375647771,-0.0527292858,0.9950901843,0.09913464277,3.70346057,1,3.888308554
-0.05830215087,-0.03581648514,0.9976562728,0.06847836611,3.692478913,1,4.042244399
0.05303020742,0.06033251939,0.9967686714,0.08041231732,0.8497247484,1,4.127667426
0.05327891961,0.0290506295,0.9981570105,0.06072159187,0.4991933847,1,4.020218264
0.04371035167,0.05555741058,0.9974982603,0.0707500321,0.9041808193,1,3.895182713
-0.04738437288,-0.04168106494,0.9980067184,0.06314972869,3.863043098,1,3.957534355
0.05566901212,-0.001715125957,0.9984478051,0.05572426143,6.252385702,1,4.152756547
-0.07194840699,0.0006419308795,0.9974081485,0.07201349748,3.13267079,1,3.971717129
0.06602483184,-0.0004787674215,0.9978178653,0.06607463591,6.275934111,1,3.996026196
-0.02303872029,0.03199410579,0.999222495,0.03943616992,2.194880393,1,4.273866199
-0.001724953509,0.05516134101,0.9984759642,0.0552163584,1.602057198,1,4.093219452
-0.001136337004,0.07009722053,0.9975395172,0.07016398564,1.587005778,1,4.077945795
-0.009359951561,-0.002875411748,0.9999520605,0.009791820577,3.439645174,1,4.029286572
-0.01675830654,0.01791632135,0.999699037,0.02453479535,2.322810294,1,4.103859097
0.03820936106,0.05396938675,0.9978112798,0.06617430196,0.954733297,1,4.161134848
-0.03008500806,-0.02745674951,0.9991701653,0.04074185835,3.881346867,1,3.956477832
-0.02121176373,0.03799430008,0.9990527985,0.0435281758,2.079980448,1,3.808536311
0.05104341,0.05119367544,0.9973834658,0.07235573259,0.7868679367,1,4.043958034
0.006970042102,0.09778012199,0.9951836344,0.09818591307,1.499633883,1,4.044427663
0.0520043627,-0.02834574816,0.9982444915,0.05926250703,5.784139003,1,3.854324349
0.02088442359,-0.02355682124,0.9995043357,0.03148667281,5.437726192,1,3.942046219
-0.04540228343,0.04326593734,0.998031408,0.06275728238,2.380283536,1,3.977946646
-0.04812875531,0.06207052191,0.9969106646,0.07862477171,2.230348931,1,4.202109596
0.06302201175,-0.008354402304,0.9979771691,0.06361624425,6.151390489,1,4.055943999
0.03814930503,-0.07631389774,0.9963537622,0.08542196152,5.175956456,1,4.135681938
-0.03208032809,-0.0619429926,0.997563992,0.06981400467,4.234523467,1,4.144439941
0.03134105796,0.06177766858,0.9975977435,0.0693284785,1.101309737,1,3.805583491
0.03603639213,-0.0874841837,0.9955138854,0.09475729853,5.103127891,1,3.911075196
0.005365309325,0.0454000798,0.9989544765,0.04573195146,1.453163516,1,3.871288664
0.03184633525,0.04471461266,0.9984920702,0.05492374497,0.9519205584,1,4.117011697
0.0450324543,0.05137630763,0.997663547,0.06837197338,0.8511050653,1,4.132441293
0.05338912112,0.05526069416,0.9970435584,0.07691423102,0.802622196,1,4.065364844
-0.06684342412,-0.002691277836,0.9977598477,0.06694757925,3.181833336,1,4.06490043
0.0414765268,-0.06853514817,0.9967861512,0.08019441084,5.256613149,1,4.152936997
-0.05232199313,0.0128659986,0.9985473825,0.05390675859,2.900476152,1,3.78767511
0.0412848664,-0.04891274566,0.9979494492,0.06405079229,5.413419362,1,4.058063888
-0.05577887936,0.04126555281,0.9975900314,0.0694397178,2.504647654,1,4.04549861
0.05024870857,-0.03922842225,0.9979660306,0.06379121112,5.620333152,1,4.152161545
-0.03114710501,0.01250030142,0.9994366415,0.03356818234,2.759939317,1,4.055887846
-0.0663746377,-0.04544746179,0.9967592165,0.08052993799,3.741983853,1,3.934688982
0.04765180566,0.01916977654,0.9986800414,0.05138577794,0.38247772,1,4.030454644
0.02965157729,-0.04987867868,0.9983150311,0.05805931916,5.248735333,1,4.106977301
0.05203831245,0.05179348706,0.9973010823,0.07348649687,0.783040264,1,3.99507071
0.02752419429,-0.05152961579,0.9982921003,0.05845316284,5.20297662,1,3.89283331
0.01586016018,0.06071451457,0.9980291594,0.06279312535,1.315281006,1,3.861927218
0.0386178102,0.00891325453,0.9992143007,0.03964346746,0.2268345502,1,4.043811053
-0.03540916997,0.07071230713,0.9968680757,0.07916515036,2.035043554,1,4.080097586
0.04109369456,-0.01830636609,0.9989875801,0.04500201687,5.864097643,1,3.951331855
-0.05321633776,0.01967159116,0.9983892277,0.05676627454,2.787517782,1,3.829735963
-0.03510846918,-0.006318552837,0.9993635331,0.03568009054,3.319658786,1,4.008409633
-0.01651952074,0.06179580468,0.997952095,0.06400944221,1.832012599,1,4.028539922
-0.07754356239,0.06842207693,0.9946383339,0.1035998473,2.418603971,1,3.977405911
-0.03592095985,0.002803338466,0.9993507022,0.0360379828,3.063708657,1,3.96761764
-0.08466990714,-0.009795342038,0.9963609076,0.0853381715,3.256769228,1,3.856473683
0.001169315873,0.08576892873,0.9963143698,0.08588243544,1.557163844,1,3.933325389
0.02234910247,0.06536069576,0.9976113958,0.06913111733,1.241324448,1,3.956504103
0.03261418909,-0.04688443742,0.99836775,0.05714357802,5.320175572,1,3.99794376
-0.04804427051,0.006420736521,0.9988245703,0.04849041257,3.008737774,1,4.083588131
0.07734520591,0.004062614077,0.9969960954,0.07752947426,0.05247751317,1,3.937673517
-0.02702447963,0.02900374791,0.9992139211,0.03965304312,2.320882905,1,4.042731349
0.02719531412,0.05078919332,0.998339057,0.05764378531,1.079188844,1,4.084532572
-0.02490796707,0.05812855502,0.9979983288,0.06328253073,1.975626041,1,3.990199582
-0.03434646051,-0.009537888982,0.9993644727,0.03565374069,3.412463969,1,3.878728969
-0.04866178408,0.04485986367,0.997807408,0.06623282783,2.396824956,1,3.898450085
0.02061537885,0.003693585322,0.9997806577,0.02094518004,0.1772854812,1,3.955414302
-0.05550887787,0.01628797412,0.9983253309,0.05788154625,2.85617416,1,4.047709123
0.04198242698,-0.07339924463,0.9964186001,0.08465860426,5.231945833,1,3.906501064
0.04755562064,-0.07971107164,0.9956829857,0.09295293419,5.250304687,1,3.935558411
-0.07830885039,-0.02209639354,0.9966842395,0.08145666899,3.416612286,1,3.982219856
0.002402763918,0.002448871021,0.9999941149,0.00343078561,0.7949012928,1,4.044405502
0.05905556321,0.02125454999,0.9980283987,0.06280524717,0.3454738387,1,4.007717134
0.03611787769,-0.03350233144,0.9987858092,0.04928359908,5.535338263,1,4.031702974
-0.0234137657,0.00300546425,0.9997213426,0.02360806588,3.013927652,1,4.050121177
-0.0001309487613,-0.02474166506,0.9996938696,0.02474453666,4.707096388,1,3.773560571
-0.05397412933,-0.03508622418,0.9979257238,0.06442039574,3.718007469,1,3.944588526
-0.05265751313,-0.03822434419,0.9978807974,0.06511453793,3.769493692,1,3.968511843
-0.005604872814,-0.09548678569,0.9954149181,0.09579759943,4.653758365,1,3.989079537
0.04392263327,-0.04256154319,0.9981279063,0.06119931565,5.513523869,1,3.879679864
-0.0594202071,-0.0340199462,0.9976531874,0.06852344325,3.661569886,1,3.910999717
0.07009599023,-0.06225306641,0.9955958557,0.09388696241,5.556977309,1,4.027111042
-0.04681566013,-0.02192530631,0.9986628935,0.05171855671,3.579587064,1,4.041641206
-0.06163618525,-0.01360394939,0.9980059685,0.06316161037,3.358823591,1,4.089836462
-0.06999322528,-0.04633356716,0.996470847,0.08403845253,3.726338175,1,4.059085895
-0.082167951,-0.004773197493,0.9966070662,0.08239968686,3.199618188,1,4.190554162
-0.003344380304,0.04964648463,0.9987612536,0.0497795588,1.638058596,1,4.00449595
0.006098079261,0.06208900113,0.9980519873,0.06242828655,1.472895184,1,3.834535832
-0.02002484679,-0.02530421588,0.9994792155,0.03227474964,4.042936088,1,3.943546001
-0.04113968004,0.04602813948,0.9980926496,0.06177308607,2.300172162,1,4.024738304
0.003115804289,-0.03524603878,0.9993738082,0.03539087919,4.800561318,1,4.005679788
0.02060054004,0.006053762076,0.9997694583,0.02147326599,0.2858181959,1,3.930933161
0.02780404305,-0.04344443363,0.9986688722,0.05160277481,5.28169573,1,3.967410181
0.0120050701,0.01127069622,0.9998644157,0.01646738632,0.753857619,1,3.818562409
-0.0391425873,0.01943118034,0.9990446872,0.04371418325,2.680812792,1,4.06974381
-0.01628448068,0.03296831598,0.9993237242,0.03677912445,2.029586893,1,3.904628791
0.02708533573,0.01731721386,0.9994831158,0.03215365524,0.5688572898,1,3.886959649
-0.01529693244,0.06458008437,0.9977952779,0.06641585247,1.803377451,1,4.184686342
0.03737818306,-0.01145856065,0.9992354942,0.03910507016,5.98572341,1,3.859895336
0.03878790105,0.06605659111,0.9970616959,0.07667782118,1.039847717,1,4.046015348
0.0109260308,-0.001951162457,0.9999384055,0.01109910998,6.106468865,1,3.849404595
-0.002937924351,-0.04017668728,0.9991882717,0.04029486549,4.639393802,1,3.91672283
0.004981459536,0.00737454026,0.9999603998,0.008899487292,0.9767071935,1,4.037752176
0.08150288676,-0.008368661021,0.9966379709,0.08202334672,6.180864572,1,3.929945125
0.02944338904,0.07027435729,0.9970930757,0.07626708059,1.174037654,1,4.118654234
-0.04499448314,-0.05664127117,0.9973801998,0.07240089675,4.041086546,1,3.924932106
0.04586585749,0.003216674889,0.9989424288,0.0459947308,0.07001758615,1,4.034435664
0.07460998468,-0.001252204828,0.9972120046,0.07468991665,6.266403542,1,4.047152462
-0.030319355,-0.01107917467,0.9994788585,0.03228581003,3.491934474,1,3.977864578
0.01479736745,-0.02865585246,0.9994798047,0.03225648432,5.189056163,1,3.963930532
-0.05241336017,0.06785038614,0.9963178031,0.08584240074,2.228532801,1,3.822254057
-0.03375183965,-0.07898303271,0.9963044183,0.08599837436,4.308546241,1,4.00836817
-0.08020439841,-0.03589314829,0.9961319874,0.08798305214,3.562383085,1,4.015047175
-0.02514281475,0.04795839568,0.9985328393,0.05417600217,2.053665436,1,4.012109551
-0.06768827177,-0.03803187028,0.9969813813,0.07771921996,3.653501849,1,3.83657828
0.02550715113,-0.009334679128,0.9996310564,0.02716491285,5.932360736,1,3.940170364
0.04105936442,0.05142678075,0.9978323581,0.06585477193,0.8970291118,1,4.141847437
0.0293735763,0.07081518596,0.9970568702,0.07674079206,1.177603574,1,3.964992908
-0.03550592635,-0.03690848679,0.9986876853,0.05123674103,3.946356921,1,4.201791697
0.04483496005,-0.04212168566,0.9981060014,0.06155642635,5.528979634,1,3.975698211
0.06916417698,0.04535848633,0.996573592,0.08280539194,0.5804480083,1,3.989434372
0.03770957081,0.08044043345,0.9960458448,0.08895801083,1.132427992,1,4.069959759
-0.02882044256,-0.02292709072,0.9993216352,0.0368358928,3.813592773,1,3.970087313
-0.003302064474,0.09019275304,0.995918854,0.09037615864,1.607391177,1,3.969900969
0.03485174982,0.0385184422,0.9986499312,0.05196869559,0.8353318531,1,4.072435425
0.03280955565,0.003749887998,0.999454587,0.03302915757,0.1137987613,1,3.928397189
0.03396194389,-0.009588668182,0.9993771279,0.03529693336,6.008012054,1,4.014675054
-0.02613494517,-0.01066767208,0.9996015033,0.02823200887,3.529127858,1,3.974642984
0.06847821433,-0.02774093733,0.9972668522,0.07395125007,5.898284948,1,3.897369102
-0.02982814503,0.01689107071,0.9994123141,0.03428537623,2.626336663,1,3.914337025
-0.03719568589,-0.003814087968,0.9993007223,0.03739944294,3.243776646,1,4.113585662
-0.03312529586,0.01286766249,0.9993683695,0.03554425311,2.771078948,1,4.087932238
-0.04833098541,-0.02980141456,0.9983866944,0.05681090717,3.694136633,1,3.989612305
0.04854725645,0.02835261392,0.9984183959,0.05624982197,0.5285873212,1,4.199594584
0.02589100532,0.03635477644,0.9990034965,0.04464681445,0.9519450977,1,3.956154957
-0.04058592468,0.03665437132,0.9985035001,0.05471513989,2.407050889,1,3.916709522
-0.01872326493,0.05349355514,0.9983926477,0.05670596296,1.907479817,1,4.082424874
-0.06373246149,0.01416886062,0.9978664323,0.06533493403,2.92283263,1,4.000925266
-0.007771612891,0.04223546335,0.9990774583,0.04295773712,1.7527676,1,3.93042148
0.02041006781,0.01304219783,0.9997066221,0.0242236363,0.5686091709,1,4.085424226
0.01308032702,-0.003600570175,0.9999079662,0.01356725301,6.014571753,1,4.070491179
-2.604124278e-05,-0.04439333757,0.9990141295,0.04440793966,4.711802378,1,4.002590938
0.02744000803,0.05354997839,0.9981880814,0.06020740946,1.097263221,1,4.002978572
0.02673365956,0.04628408303,0.9985705259,0.05347550545,1.047010708,1,4.232525895
0.04779294111,0.05046383975,0.9975816937,0.06955978154,0.8125743141,1,3.927569711
0.0818295983,0.01945313088,0.996456468,0.08420958127,0.2333949694,1,3.914367849
-0.0664101349,-0.04615779019,0.9967242108,0.08096393312,3.74898291,1,4.080481974
-0.0485082884,-0.04020679167,0.9980132063,0.06304683949,3.833687703,1,4.02107867
0.04489976312,-0.04813337394,0.997831243,0.0658717137,5.463043506,1,4.021770609
0.01420469297,-0.05446943084,0.9984143968,0.05632090852,4.967490172,1,3.885124675
-0.01267699877,-0.05698514283,0.9982945393,0.05841139761,4.493492055,1,4.087607419
-0.04685172002,-0.03260978846,0.9983694296,0.05711416086,3.74964326,1,4.03385098
0.05850465372,-0.0447534726,0.9972834763,0.07372590409,5.630181013,1,3.79617089
-0.03177294244,-0.07869877134,0.9963919829,0.08497280572,4.328672457,1,4.044494827
0.06995546105,0.005120234662,0.9975369751,0.07020023731,0.07306249603,1,4.034872546
-0.05712894915,-0.02623811955,0.9980219658,0.06290765663,3.572136048,1,4.012719853
-0.02458651154,-0.02059171465,0.9994856101,0.03207597341,3.838797134,1,4.162113093
-0.002295104712,-0.0320328308,0.9994841821,0.03212046894,4.640862693,1,4.147755279
-0.01481751131,0.02214244018,0.9996450138,0.02664609395,2.160544187,1,3.817806506
-0.06132831075,-0.02677926914,0.997758342,0.06697008286,3.553293021,1,3.977038985
-0.06343604588,-0.03015302946,0.9975302817,0.07029559816,3.585309869,1,3.903502468
0.02455597063,0.06468777363,0.9976033762,0.06924711823,1.207992247,1,3.985033073
-0.06494546141,-0.02309804407,0.997621455,0.06898533972,3.483294593,1,4.007392779
0.05719243681,-0.05893721399,0.9966220096,0.08221792917,5.482763884,1,4.059115464
0.02732947612,-0.04009292522,0.9988221349,0.04854063128,5.310695331,1,4.038617997
-0.0005389641165,-0.06040915653,0.9981735537,0.06044836716,4.703467323,1,3.858809002
0.009109922334,-0.02001583965,0.9997581585,0.02199323774,5.139505505,1,3.869470101
0.06223117135,-0.03011676599,0.9976072683,0.06919084515,5.832460066,1,4.008562139
0.006074481733,-0.06464934077,0.9978895547,0.06497981276,4.806074383,1,3.781860072
-0.007685219155,0.03045371706,0.9995066326,0.03141362818,1.817992433,1,3.961457408
0.02627048716,-0.03282115237,0.9991159259,0.04205245196,5.387381889,1,4.192583913
-0.06360545584,-0.02951554409,0.99753856,0.0701776384,3.576061594,1,3.901624854
-0.07031154657,0.002702237221,0.9975214205,0.07042164556,3.10317922,1,3.964243688
0.0658689348,0.06540165294,0.9956826338,0.09295672547,0.781838494,1,3.84987903
-0.07220038154,-0.02952240529,0.9969531245,0.07808231527,3.529743897,1,4.014600579
-0.0252336977,0.02462315293,0.9993782872,0.03526406883,2.368439834,1,3.959342394
0.02744507067,0.06908034271,0.9972335104,0.07440115696,1.192626571,1,3.931124579
0.009956167014,-0.00583728408,0.9999333982,0.01154144971,5.752901489,1,3.989692705
-0.001249905693,-0.05725195575,0.9983589792,0.05729694315,4.69056078,1,4.099168507
-0.01957438898,0.0489368955,0.9986100458,0.05273094583,1.9512962,1,3.972301891
-0.01231017145,0.01258165965,0.9998450688,0.01760313852,2.345288204,1,4.019424242
0.06716779353,0.03545963927,0.9971113787,0.07602648328,0.4857381874,1,4.034086389
0.02042735877,0.05241115161,0.9984166436,0.05628098118,1.199155404,1,3.964215499
0.06926995374,0.02619902395,0.9972538717,0.07412673034,0.3615874332,1,3.947651546
0.04370372586,0.01818538806,0.9988790097,0.04735398199,0.3943134041,1,3.868302671
0.003943044365,0.05370641225,0.9985489841,0.05387702525,1.497509315,1,4.013503206
-0.009483028828,-0.05043640844,0.9986822522,0.05134271725,4.526539211,1,4.023495368
0.02920994512,0.09486185188,0.9950618112,0.09942090743,1.272088603,1,4.045836178
-0.06608276204,0.02268186847,0.9975563149,0.06992397316,2.810957881,1,3.924526186
-0.04929277948,-0.0225455941,0.9985298784,0.05423065445,3.570567865,1,3.991930966
-0.05815550344,-0.007200284359,0.9982815702,0.0586331345,3.264776657,1,3.887435861
0.004447751942,-0.00722788883,0.9999639869,0.008486848858,5.264025935,1,3.877771437
-0.003251866549,0.009629168967,0.9999483509,0.01016361589,1.896480686,1,3.934958668
-0.008484050597,-0.03532009563,0.9993400381,0.03633275421,4.476650521,1,4.009826083
-0.001182193753,0.07919534496,0.9968584151,0.07928721468,1.585722784,1,4.037275632
0.008711348739,-0.03944680963,0.9991836976,0.04040825288,4.929738318,1,4.006654664
-0.04868122624,0.0151127033,0.9987000272,0.05099518628,2.840583673,1,4.039986694
-0.04284660858,0.04836281769,0.9979104198,0.06465768791,2.295789567,1,4.070622498
0.06249888101,0.05524759003,0.9965147233,0.08351410842,0.723891906,1,4.113579519
0.07960532919,-0.01115445713,0.9967640491,0.08046984032,6.143969723,1,4.034590402
-0.05507946508,0.02870419858,0.9980692969,0.06215021546,2.661175195,1,4.139098708
-0.0556890178,-0.03006941652,0.9979952723,0.06333084405,3.636689031,1,3.826805984
0.02253896255,-0.05672627584,0.9981353239,0.06107791584,5.090590167,1,4.065401822
0.05762277903,-0.04819896984,0.9971742449,0.07519424105,5.586606457,1,4.068059906
-0.03231190433,0.03151391012,0.9989808879,0.04515053237,2.368696526,1,3.772541666
0.02998913668,0.07830523782,0.9964782694,0.08394998068,1.205050176,1,3.949202618
0.007466607697,-0.05682455754,0.9983562588,0.05734442849,4.843038063,1,3.987047059
0.02500823786,0.08153290636,0.9963568503,0.08538575878,1.273180643,1,3.805733295
0.03397076609,0.01303480945,0.9993378212,0.03639373398,0.3663819785,1,4.064486738
0.02359203996,-0.05559422436,0.998174683,0.06042967027,5.113718559,1,3.883328209
-0.02180330627,-0.04301245259,0.9988365956,0.04824168386,4.243231181,1,4.086998004
-0.04669613949,0.04030085581,0.9980958429,0.06172133711,2.429574047,1,3.995063073
-0.01714987489,-0.03385722303,0.9992795256,0.03796211143,4.243526898,1,4.0786206
-0.04358794605,0.06764030627,0.996757182,0.08055522494,2.143230302,1,4.021234745
0.09302225378,0.02334361412,0.9953903435,0.09605417559,0.2458693398,1,3.946822903
-0.07062612472,0.06829169104,0.9951623965,0.09840232643,2.372997331,1,4.140691524
-0.04818645109,-0.02119586995,0.9986134392,0.05266652267,3.555992273,1,4.133955282
0.05237897153,-0.01591291958,0.9985004869,0.05477021107,5.988242644,1,4.050237646
0.07620720531,0.04298373007,0.9961650771,0.08760566794,0.5135567302,1,3.975446528
0.06980966028,-0.01061156355,0.9975038877,0.07067038112,6.132333012,1,3.94137838
-0.06893625497,-0.01393573787,0.997523728,0.07038884349,3.341058481,1,4.09968824
-0.006647078544,-0.02650188065,0.9996266636,0.02732616284,4.466643074,1,4.03587064
0.05151164658,0.02920060596,0.9982453981,0.05924719773,0.5157058266,1,3.941288148
0.0241813931,-0.01602335582,0.9995791676,0.02901247738,5.697981398,1,3.921512244
-0.02966850424,0.01540632054,0.9994410564,0.03343637883,2.662638696,1,4.134528801
0.009717160718,-0.05162541867,0.9986192432,0.05255615364,4.898436585,1,4.038540903
-0.003246273625,0.005620380793,0.9999789363,0.006490575035,2.094574599,1,3.827754384
-0.06077518595,-0.0001909587536,0.9981514616,0.06081296227,3.144734695,1,3.991473169
0.03154072214,0.02704347179,0.999136544,0.04155912236,0.7087828322,1,3.979689309
0.01991262405,0.06136112183,0.9979169806,0.06455606838,1.257002867,1,4.028598817
0.02427107092,0.08878456406,0.9957550986,0.09217275135,1.303945781,1,4.039589476
-0.006847626267,-0.02614190984,0.9996347886,0.02702715817,4.456204106,1,4.11525557
0.04087683197,-0.03055344113,0.9986969369,0.05105577654,5.641317364,1,4.152810039
-0.05443334919,0.03766804687,0.997806659,0.06624414332,2.536253918,1,4.003877776
-0.05447984856,-0.02792782539,0.9981242321,0.06125936057,3.615290528,1,3.859339869
0.07132709657,-0.006001321233,0.9974349249,0.07164038579,6.199244984,1,3.90058582
-0.0433628112,-0.07894119271,0.9959357182,0.09018911128,4.210079327,1,3.994036383
0.01246849026,0.02932410288,0.9994921879,0.03187020711,1.168759706,1,4.052470477
0.03479716681,-0.04752482255,0.998263767,0.05893616362,5.344393461,1,4.071828496
-0.04690829854,0.06733904312,0.9966268433,0.0821590502,2.179235976,1,4.004087175
0.008363057091,0.03201074919,0.9994525357,0.03309121371,1.315250497,1,3.818502079
0.04135347473,0.05948028023,0.9973725414,0.07250668894,0.9632675554,1,3.951852461
-0.08236860579,0.03182051607,0.9960938046,0.08841652702,2.772936027,1,3.972698705
0.0358749914,-0.02864911229,0.9989455507,0.0459267812,5.609309769,1,3.935847431
0.07365022525,0.05595102435,0.995713376,0.0926249427,0.6496712049,1,4.147065521
0.03435442805,0.001013031694,0.999409199,0.03437613086,0.02947911775,1,3.928131809
0.03419970124,-0.0649287845,0.9973036816,0.07345108492,5.197188352,1,3.862339403
0.05486544678,-0.0728346984,0.995833766,0.09131407515,5.357990586,1,3.938452239
-0.02500237819,-0.04182603382,0.9988120263,0.04874851667,4.173610272,1,4.069743901
0.03252396205,0.02620865223,0.9991272684,0.04178178031,0.6782832618,1,4.00111794
0.0795686796,0.002606854471,0.9968259776,0.07969570796,0.03275060462,1,4.10613671
0.02400574952,-0.02263054552,0.999455643,0.03299716221,5.52726645,1,3.981154631
0.04445538382,-0.008088102816,0.9989786291,0.04520054849,6.103216279,1,3.927573539
0.00304854941,-0.04878827793,0.9988044905,0.0489029194,4.774793132,1,3.956650572
-0.009622301626,-0.0709674155,0.9974322219,0.07167813872,4.577623214,1,4.082767232
-0.09492582873,0.006563815502,0.9954627082,0.09529666471,3.072555761,1,3.855469723
0.01643384753,-0.08204902818,0.9964927926,0.08377660103,4.910066273,1,3.907078604
0.01890902353,-0.06090271142,0.9979645828,0.06381391758,5.013431754,1,4.039123816
0.04720636621,0.02470027938,0.998579719,0.05330323315,0.4820666246,1,3.997418645
0.08325235085,-0.007246839524,0.9965021472,0.08366473398,6.196357502,1,4.092352711
-0.051606115,0.077396438,0.9956638993,0.09315833835,2.158874866,1,3.904709607
0.0718130577,-0.05130149898,0.9960979073,0.08837005212,5.662876279,1,4.065123072
-0.08069651567,0.04172776351,0.9958648835,0.09097218861,2.664362774,1,4.026445959
-0.01141613335,0.07401487358,0.9971917922,0.0749602981,1.723831418,1,4.062436004
-0.04015251871,0.03870931787,0.9984434706,0.05580203189,2.374492818,1,4.072277464
-0.07424074368,0.005298456163,0.9972262724,0.0744984674,3.07034488,1,3.884075526
-0.0886681555,0.01158875969,0.9959938046,0.08954186921,3.01163121,1,3.976309595
-0.01020966296,-0.0008148635183,0.999947548,0.01024230875,3.221236795,1,4.024414627
0.07316580316,-0.006155584902,0.9973007942,0.07349042121,6.199250975,1,4.131823433
0.08820350792,0.04499249248,0.9950858339,0.09917858871,0.4716938716,1,3.80172501
-0.06456603983,0.02617551723,0.9975700821,0.06972664588,2.756433875,1,3.784377775
-0.07259052123,-0.0105322227,0.997306216,0.0734165412,3.285678084,1,4.010276007
-0.007241100419,0.06296805264,0.9979892739,0.06342555167,1.685289817,1,3.954565685
-0.07899022458,0.03494891734,0.9962625746,0.08648416915,2.725038276,1,4.037037838
-0.06356056804,0.002222704634,0.9979755076,0.06364237364,3.106637031,1,3.963020609
-0.04119372867,-0.005350452451,0.9991368522,0.04155170328,3.270754687,1,3.98463614
0.0360253756,-0.03992730375,0.9985529444,0.05380343392,5.44645912,1,4.060072526
-0.01525955634,0.07789245091,0.9968449789,0.07945667356,1.764251746,1,3.868569557
-0.06328686521,0.0378101067,0.997278882,0.07378825051,2.60305761,1,4.035580255
0.01028985549,-0.06497036938,0.9978341395,0.06582769577,4.869462005,1,3.978816454
0.06509429055,0.006272195504,0.9978594054,0.06544247473,0.09605898922,1,4.00240936
-0.04396790967,-0.009224423343,0.9989903568,0.0449402529,3.348392327,1,4.019810456
0.07008853869,0.04851482138,0.9963603308,0.08534493753,0.6054673737,1,3.940717319
-0.05255429543,-0.05692057333,0.9969945308,0.0775496734,3.966853527,1,4.072307356
-0.06959933077,-0.02304773386,0.9973087461,0.07338203965,3.461375828,1,4.091821787
-0.03330674632,-0.06384860688,0.9974036375,0.07207616554,4.231570278,1,4.086090848
0.05941963097,0.052105388,0.9968722767,0.07911201087,0.7199080767,1,3.918301231
-0.03537017867,0.02190024824,0.9991342901,0.0416133361,2.587194751,1,3.944564586
0.02109700746,-0.06868425539,0.9974153545,0.07191327685,5.010400925,1,4.094240323
0.06346851704,-0.0578524417,0.9963055969,0.08598465158,5.544045178,1,3.891611962
-0.0421481617,0.07731938008,0.9961150767,0.08817529583,2.069883395,1,3.956628552
0.04600664382,-0.02749101803,0.9985627835,0.05362016163,5.744573261,1,3.958200638
-0.06403665753,0.07104148511,0.995415699,0.09578943458,2.304383306,1,4.043712037
0.04354677797,-0.02349973038,0.9987749701,0.04950313419,5.788328193,1,4.114756419
0.05607025535,0.01769107775,0.9982700798,0.0588288908,0.3056304211,1,3.917159314
0.05402077894,0.03206780591,0.9980247548,0.06286327659,0.5357149953,1,3.851110489
0.008217865545,0.05459101598,0.998474981,0.05523417027,1.421383068,1,3.863206105
0.05106978112,-0.01601352455,0.9985666951,0.05354712808,5.979333539,1,3.958230804
0.01557443684,-0.03709284842,0.9991904511,0.04024073012,5.109912478,1,3.969529164
-0.02891859132,0.04334361594,0.9986416004,0.05212882621,2.159163772,1,3.930989528
-0.04156180025,-0.05601991723,0.9975642263,0.06981064611,4.074084878,1,4.01672608
0.008456871449,0.03819451849,0.9992345371,0.03912954385,1.352895945,1,4.130632778
-0.009001210578,0.03037388728,0.9994980766,0.03168486601,1.858898391,1,3.986798519
-0.04974927284,-0.002008481693,0.9987597188,0.04981039429,3.181942822,1,3.933856811
-0.04172561872,-0.05406797208,0.9976650877,0.06834941904,4.055128084,1,4.021258072
-0.007607014205,0.02539539365,0.9996485419,0.02651334352,1.861833868,1,4.017079627
-0.0665629385,-0.01505931821,0.9976685783,0.06829828946,3.364088733,1,4.229329004
0.03979062008,0.02196143777,0.998966667,0.04546451359,0.5043199322,1,4.124184845
-0.05372295764,0.007795947764,0.9985254464,0.05431235902,2.997484682,1,4.130538154
-0.01165205939,0.0449723507,0.9989202757,0.04647405011,1.824315423,1,3.887330138
0.04469990319,0.06409727499,0.9969420535,0.07822411776,0.9618335876,1,3.890020284
-0.00756317634,0.07814746705,0.9969131215,0.07859348543,1.667276672,1,4.036158337
-0.03264212806,0.06425143968,0.9973997413,0.07213024827,2.040853084,1,4.220093184
-0.02872340222,0.02299494022,0.9993228702,0.03680234337,2.466507512,1,4.093148796
0.04365524338,0.0061184197,0.9990279199,0.04409620545,0.1392461404,1,3.94323198
-0.06174833986,0.01067432582,0.9980346694,0.06270525827,2.970416164,1,4.169535557
-0.03077817604,-0.006016591766,0.9995081313,0.03136587457,3.334640619,1,4.184899952
-0.01834498935,0.01473350439,0.9997231543,0.02353119163,2.464943002,1,4.09667127
-0.07041631458,0.007421583088,0.9974900815,0.07086563518,3.036584538,1,3.958749108
-0.05288153295,-0.07205063153,0.9959981175,0.08949362633,4.079239505,1,3.906157577
-0.04921716367,-0.04693123208,0.9976848852,0.06805892439,3.903220259,1,4.326525712
-0.01115989396,-0.01851769912,0.9997662485,0.02162224013,4.170015203,1,4.01315145
0.03918574612,-0.04477021681,0.9982284834,0.05953217507,5.431368319,1,3.84393829
-0.05215103112,-0.06159490528,0.996737848,0.0807951381,4.009826863,1,3.991441482
-0.04982760622,0.02840638982,0.9983537883,0.05738751669,2.623453626,1,4.220247424
0.005257651678,0.06795028972,0.9976748545,0.06820626287,1.493575215,1,3.91823135
-0.05221081686,0.010630001,0.9985795079,0.05330719436,2.940740195,1,3.792936588
0.03234165066,-0.08618793117,0.995753814,0.09218670614,5.071375042,1,3.971735577
-0.02803000854,0.002917361101,0.9996028249,0.02818515054,3.037886127,1,4.128000977
0.0464907793,-0.01110531357,0.9988569865,0.04781697037,6.048707813,1,4.135880453
0.08004515604,0.02244028157,0.9965386128,0.08322723033,0.2733288511,1,3.883844706
-0.06105394841,0.02760406826,0.9977526902,0.0670544859,2.716972277,1,4.118399997
-0.06787462325,-0.04945698821,0.9964672809,0.08408092666,3.771290546,1,3.799022121
0.06185453013,0.01956340346,0.9978934263,0.06492016139,0.3063256279,1,3.922899286
0.02970687121,0.05110034642,0.9982515997,0.05914237016,1.044207558,1,4.159447454
-0.03159278114,-0.04396585743,0.9985333743,0.0541661214,4.089304822,1,3.874938391
0.04210754128,0.02041011647,0.9989045911,0.04681044646,0.4513442308,1,3.898893823
-0.05673052137,-0.01990399199,0.9981911035,0.06015716322,3.479025901,1,4.003949921
-0.02037989949,0.003465356239,0.9997863027,0.02067389384,2.973165617,1,4.004407385
-0.04378900581,-0.0572619317,0.9973984129,0.07214867815,4.059537172,1,4.047270496
0.01024591623,-0.0566284872,0.9983427446,0.05757974263,4.891384707,1,3.966196444
0.01287189934,0.04316618636,0.9989849822,0.04505972939,1.280997202,1,4.012754287
-0.0418492638,-0.0554628672,0.9975833346,0.06953616903,4.065985014,1,3.912266223
0.05680656353,0.03894043912,0.9976255092,0.06892649896,0.6009224764,1,4.216350116
0.04743157387,-0.05399197667,0.997414213,0.07192916197,5.433193898,1,3.968078821
-0.04700514416,0.06870271865,0.9965292032,0.0833403429,2.170826918,1,4.001002971
0.01242092278,0.03876351949,0.9991712117,0.04071615981,1.260705052,1,4.081008679
-0.07829220642,-0.01168442071,0.9968619788,0.0792422084,3.28974039,1,3.960753361
-0.04680159929,0.03036075127,0.998442705,0.05581575769,2.566123532,1,4.122501257
-0.02970412684,-0.0438601925,0.9985959886,0.05299698307,4.117098145,1,3.915741887
-0.08715207508,-0.005772360587,0.9961782951,0.08745446363,3.207729254,1,3.986491148
0.01081261806,0.01411206607,0.999841956,0.01777910071,0.9170096773,1,4.059291334
-0.04028655797,0.04772212283,0.9980478908,0.06249391488,2.271907935,1,4.01722874
0.04616169633,-0.03467179076,0.9983320914,0.05776456458,5.638984162,1,4.101446961
-0.08773479622,0.05537228985,0.9946036975,0.1039342375,2.57859553,1,4.062997496
0.05753064174,0.03231195277,0.9978207068,0.0660315862,0.5117417822,1,3.923458207
0.05525339673,0.04068753307,0.9976430157,0.06867183942,0.6347276037,1,3.92416212
0.0104808053,-0.00242801826,0.999942127,0.01075857882,6.055537733,1,4.02149071
0.01634499717,0.06270682845,0.9978981385,0.06484748663,1.315812619,1,3.921423968
-0.07704844255,-0.03036325927,0.9965649051,0.08291035394,3.516985289,1,4.032429727
-0.06450962241,0.01831887297,0.9977489301,0.06711057983,2.864905295,1,3.928481104
-0.06026450869,-0.01542617075,0.9980632356,0.06224772933,3.392186318,1,3.920865598
0.007121134236,-0.008498515049,0.9999385305,0.0110878469,5.409832088,1,3.985496276
0.02620203749,-0.004550080623,0.9996463125,0.02659730812,6.111246238,1,3.983785211
-0.01478427738,0.01491441096,0.9997794684,0.0210018894,2.351812723,1,4.092584602
0.05529008088,0.0386414449,0.997722329,0.06750609163,0.6099776964,1,3.947817462
-0.02927452141,-0.03859904495,0.9988258688,0.04846361656,4.063516971,1,4.097764985
0.06004845965,-0.01925104306,0.9980098095,0.06310072908,5.972945637,1,4.102977708
-0.04462441587,0.01617314105,0.9988729103,0.04748265879,2.79388924,1,3.784198971
-0.06954785378,-0.02140456728,0.9973489563,0.0728315305,3.440160249,1,3.959432012
-0.02758582406,-0.008207250347,0.9995857459,0.02878481305,3.43076987,1,4.154063919
0.04363603414,0.02548115815,0.9987224875,0.05055263725,0.5285326515,1,3.986649209
-0.01553855482,-0.0562393172,0.9982963951,0.05837959933,4.44282066,1,3.943935237
0.05487150956,0.01277866863,0.9984116501,0.05636968243,0.2288052741,1,4.22559386
-0.0498884774,0.05698218836,0.9971279607,0.07580785066,2.289915119,1,4.031118748
0.05693497469,-0.01224193309,0.9983028317,0.05826917891,6.071393811,1,3.931584425
-0.01596473585,-0.0455362536,0.9988351099,0.048272483,4.375185111,1,4.050402809
-0.007014127317,0.04429482748,0.998993879,0.0448617824,1.727843273,1,3.83981482
-0.05131140713,-0.0002450330009,0.9986826721,0.05133453565,3.146368027,1,3.900951293
-0.01102930825,-0.07950399962,0.9967735291,0.08035181851,4.574542317,1,4.054538831
0.05741354535,-0.05468367046,0.9968517347,0.07937151386,5.522135076,1,3.94389856
0.002950955431,0.08376463727,0.9964811977,0.08391505089,1.535581759,1,3.908989271
0.04782791148,-0.02089085301,0.9986371028,0.0522150719,5.871369207,1,3.985852969
0.02329089222,0.03396498917,0.999151597,0.04119521721,0.9697102777,1,3.897252507
-0.04800003552,0.05442269676,0.9973636081,0.07262990004,2.293569109,1,4.049586743
0.05017169013,0.00264400592,0.9987371079,0.05026247074,0.05265045562,1,3.931212697
-0.01148114377,0.04751391171,0.9988045913,0.04890085844,1.807889067,1,4.143918233
0.01847165249,0.01102708671,0.9997685739,0.02151441375,0.5381911478,1,3.831286303
0.03715501812,0.04484218032,0.9983029017,0.0582679769,0.8788740359,1,4.081421632
0.03767440203,-0.03704206151,0.9986032872,0.05285902201,5.506250144,1,3.880778057
0.01342273974,-0.001845803488,0.9999082073,0.0135494711,6.146529219,1,4.054201236
0.0537448972,0.07573696804,0.9956783606,0.09300275037,0.9536393476,1,4.156465904
-0.0193916149,-0.02644497228,0.9994621697,0.03279873447,4.079673706,1,4.027775801
0.04298665092,-0.05215660623,0.9977133036,0.0676397573,5.401703418,1,3.989764568
-0.08718913365,0.01659737457,0.9960535036,0.08887176033,2.953482708,1,3.96677331
-0.05421998912,0.05849434495,0.9968142276,0.07984316303,2.318290627,1,4.028399547
0.001719938126,-0.08801425258,0.9961177306,0.08814515343,4.73192808,1,4.023677282
0.008557525428,-0.03156710538,0.9994650002,0.03271230702,4.977116439,1,4.030646358
0.02762185719,-0.07120077313,0.9970794767,0.07644535247,5.082458568,1,3.991903083
0.01216728346,-0.05562197245,0.9983777609,0.05696802494,4.927746285,1,3.991696912
0.0001690249863,-0.007953052079,0.9999683597,0.007954931906,4.733638627,1,4.058728453
-0.0711285264,0.06166079635,0.9955594804,0.09427417367,2.427372921,1,4.006153757
-0.06479025733,-0.01762271401,0.9977432849,0.06719470863,3.407164263,1,4.040436925
-0.05710604128,-0.02993677661,0.9979191798,0.06452196858,3.62443689,1,4.095720363
-0.08220297608,0.001931271838,0.9966137371,0.08231859801,3.118103034,1,3.797775057
-0.07275556687,0.01433831911,0.9972467298,0.07422310349,2.947010961,1,3.948365776
0.04447273111,-0.07590533401,0.9961227617,0.08808798272,5.242374314,1,4.142346814
0.01304460076,0.04852304894,0.9987368783,0.05026704058,1.308172442,1,3.91571926
0.03654253251,0.02761381735,0.9989505095,0.04581864541,0.647115198,1,4.063172034
0.008698449235,0.0008507490556,0.9999618059,0.008740065109,0.09749460054,1,4.108316728
-0.03368853631,-0.03245193042,0.9989053783,0.04679362114,3.908296334,1,3.918490424
0.006693853767,-0.05925205756,0.9982206099,0.05966436242,4.824884525,1,3.97504319
0.05455461177,0.05200543991,0.9971555689,0.07544243641,0.7614803282,1,4.0443476
-0.002637475771,0.09679920321,0.995300436,0.09698710806,1.598036462,1,4.114574802
-0.03278209972,0.04239268758,0.9985630646,0.05361491706,2.229040991,1,4.027283711
0.06364219679,0.05119053107,0.9966590191,0.08176604352,0.6773870916,1,3.96955022
0.01013493799,0.03731328716,0.9992522212,0.03867484929,1.305577605,1,4.102646198
0.04174593736,0.07179945158,0.9965450895,0.08314928389,1.044147507,1,3.991433568
-0.008453873971,-0.02528905044,0.9996444348,0.02666782013,4.389777769,1,3.917671262
0.01057697098,0.03936860843,0.9991687747,0.04077598489,1.308329111,1,3.987855845
0.01598165147,0.01327965303,0.9997840955,0.02078038792,0.693318955,1,3.952613274
-0.01873485439,-0.003966695643,0.9998166185,0.01915135197,3.350239407,1,3.94883836
0.03694721249,-0.05383509792,0.997866066,0.06534054414,5.313863349,1,3.941895173
0.05374491774,-0.04195956766,0.9976727312,0.06823741053,5.620313422,1,4.035371677
0.0209484896,0.03587500152,0.9991366999,0.04155536937,1.042276813,1,3.830152029
0.08223037787,0.03643466974,0.995947127,0.09006235155,0.4170847161,1,4.188720217
-0.0006932110692,0.02059468249,0.9997876667,0.02060780443,1.604443335,1,3.796031244
0.01097981602,0.0237075018,0.9996586407,0.02612962635,1.137071715,1,3.881029454
0.05887979978,-0.006552292191,0.9982435758,0.0592779656,6.172358776,1,4.105640193
-0.017425467,0.0372445958,0.9991542389,0.04113101772,2.0084076,1,3.897199493
-0.05673884434,-0.00745153636,0.9983612463,0.05725733951,3.272175746,1,3.878974371
0.05848216008,0.03258425432,0.9977565351,0.0669970785,0.5083280653,1,3.787812406
-0.05818610569,-0.07590786011,0.9954156789,0.0957896447,4.058388571,1,4.038769597
0.04219166799,0.07902110557,0.9959796825,0.08969965641,1.080375281,1,3.914621904
0.05263995875,0.0063419939,0.9985934177,0.05304549327,0.1199008057,1,3.826772222
-0.04337463574,-0.05107788185,0.9977523194,0.06706001894,4.008367521,1,4.027191097
-0.01875663207,0.02857714421,0.999415597,0.03418946921,2.151623149,1,3.821367643
0.01172817905,0.006170552774,0.9999121832,0.01325278038,0.4843328259,1,4.154912544
-0.04809539536,0.07101029955,0.996315397,0.08587045989,2.166125539,1,3.844270208
0.04744367513,0.03283593316,0.9983340619,0.05773042261,0.60540661,1,4.063914902
0.04708845881,-0.06279030246,0.9969152697,0.07856611905,5.355846585,1,4.193294527
0.02079979399,0.02473535576,0.9994776289,0.03232387811,0.8716130094,1,3.997184107
-0.01313238635,0.08167629193,0.9965723876,0.08281995243,1.730217662,1,4.328992574
-0.01641852864,0.07224511381,0.9972517613,0.07415522112,1.794262196,1,3.968278943
-0.009172256155,0.04370755784,0.9990022618,0.04467447025,1.777649786,1,4.095822091
-0.05536741915,-0.01037251932,0.9984121693,0.05636046687,3.326785807,1,3.947061436
-0.0815101514,-0.0001637075974,0.9966724981,0.08160084488,3.143601083,1,3.969947293
-0.05070519375,0.002325155283,0.9987109577,0.05078029852,3.095768402,1,4.111082056
0.05616037159,0.02386442632,0.9981365146,0.06105840532,0.4018143662,1,3.922093449
0.01157322545,0.04232221079,0.9990369818,0.04389015484,1.30386694,1,3.965477229
0.02649359396,-0.01025254429,0.999596406,0.02841201111,5.91395146,1,4.066513394
-0.05695531605,-0.05683689948,0.9967575727,0.08055036922,3.925950179,1,4.016366498
0.0125300904,0.04361178823,0.9989699739,0.04539169462,1.291022272,1,3.86759758
-0.04539641097,-0.0296497321,0.9985289476,0.05424782348,3.720164681,1,3.911910267
-0.02253707564,-0.009530394393,0.9997005811,0.02447177423,3.541663105,1,3.97561549
-0.02646077392,0.07374393052,0.9969261057,0.07842793421,1.915306618,1,4.011950174
0.06524844977,-0.01634268298,0.9977352136,0.06731480912,6.037765728,1,3.966658546
-0.04325864022,0.05829769844,0.9973615535,0.07265820737,2.209177081,1,3.880911604
0.0245754302,0.01838103387,0.999528982,0.03069381038,0.6421836645,1,4.125050529
-0.02096562133,0.06346959604,0.9977635256,0.06689257795,1.889837326,1,3.927463473
0.006940838754,-0.08016544582,0.9967574058,0.08055244381,4.798755028,1,4.032588005
-0.001710178661,-0.03862349721,0.9992523709,0.03867097814,4.66813969,1,4.112724729
0.0632863635,0.02558491717,0.9976674036,0.0683155004,0.3841838709,1,3.978608508
-0.07980455104,-0.03082068626,0.9963339395,0.08565398679,3.510148005,1,4.18062819
0.06256822339,0.02422987016,0.9977465263,0.06714641511,0.3694714347,1,4.069899513
-0.08085912051,-0.05135398352,0.9954017134,0.09593555112,3.707425083,1,3.977872256
0.07112083594,-0.006630502105,0.9974456693,0.07149012394,6.190225323,1,4.046653731
-0.03073253999,-0.08368796423,0.9960179896,0.08927100239,4.360449717,1,3.882185655
0.0562576838,0.008368035092,0.9983812143,0.05690733987,0.1476620934,1,3.641595466
0.08466569421,0.02370374548,0.9961274279,0.08803492629,0.2729796908,1,3.925195673
-0.06278377913,-0.04890532154,0.9968282032,0.07966774732,3.803364769,1,4.02643136
-0.02177755458,-0.0748973921,0.9969534186,0.07807854563,4.429425872,1,3.913128719
-0.06342463742,0.003025261886,0.9979820455,0.06353949238,3.093930249,1,4.213676179
-0.05755698842,-0.03438428366,0.9977499256,0.06709573264,3.680094851,1,3.958364769
-0.07609568745,-0.003902856732,0.9970928814,0.07626963077,3.192836555,1,3.909203797
0.0570967835,-0.02119380881,0.9981436669,0.06094108152,5.92775826,1,4.000219754
-0.005799863349,0.04483081649,0.9989777572,0.04521983993,1.699453959,1,3.778018615
-0.009021265847,-0.05609715853,0.998384558,0.05684852105,4.55293914,1,4.124254284
-0.03737964344,-0.01175188574,0.9992320328,0.0391935067,3.446200871,1,4.039754729
0.02277668478,0.04845855078,0.9985654668,0.05357007208,1.131415733,1,3.938735183
-0.09955943341,0.008299107478,0.994997007,0.1000716761,3.058426604,1,3.869911965
-0.003588561928,0.0256596154,0.9996642968,0.02591223465,1.709747622,1,4.109417463
0.03324382104,-0.05722764171,0.9978075192,0.0662311471,5.238649672,1,4.061171025
-0.07477336737,0.004616237451,0.9971898685,0.07498598008,3.079934523,1,3.962483303
0.04869344198,-0.06798785678,0.9964971651,0.08372433093,5.333910126,1,3.981288286
0.05320867713,-0.03472419179,0.9979794924,0.06357968874,5.704981734,1,3.973027546
0.01071974095,-0.02401693939,0.9996540771,0.02630372175,5.132195784,1,4.006580719
-0.05943002504,0.02164277353,0.9979978269,0.06329046663,2.792348318,1,4.084244131
-0.007334767419,-0.03119431675,0.999486426,0.03205052107,4.481452377,1,4.032394539
0.06685640261,-0.02794858387,0.9973710935,0.07252667367,5.88722543,1,3.943601094
0.0379515951,-0.02863709742,0.9988691571,0.04756166652,5.636766441,1,3.96494576
0.08140116357,0.006526848427,0.9966600478,0.08175344766,0.08001009734,1,3.836837793
-0.02565843992,0.0002570540017,0.999670735,0.02566254417,3.131574687,1,3.963726484
-0.009195284589,-0.04406322895,0.9989864256,0.04502767232,4.506657671,1,3.933918722
0.06042818709,0.008851416094,0.998133301,0.06111104669,0.1454439428,1,3.990393505
0.02230448982,-0.006811126335,0.9997280222,0.0233233861,5.986809042,1,3.939712661
0.01415426048,0.08511812248,0.9962703258,0.08639438509,1.406014525,1,4.064243412
0.08154500443,-0.03248389773,0.9961401551,0.08789005071,5.904097441,1,4.22574983
0.07682675924,0.02051942982,0.996833287,0.07960384114,0.2609947924,1,3.874545992
0.001278633952,-0.008909329684,0.9999594936,0.009000735964,4.854931941,1,3.877762579
-0.01539203154,-0.04219613075,0.9989907767,0.04493090494,4.362613986,1,3.940804572
0.03108803054,0.08284229243,0.9960776521,0.08859926361,1.211791045,1,3.94055037
0.02160469234,0.07124224088,0.99722504,0.07451502346,1.276354348,1,4.074267323
-0.01331944302,-0.02842041136,0.999507315,0.03139189396,4.274128142,1,3.960330023
-0.01076840891,-0.08009216983,0.9967292941,0.08090105543,4.578740243,1,4.033697201
0.0762914683,-0.01091502825,0.9970258141,0.07714481637,6.141079558,1,3.929702176
-0.05969196224,0.03727985648,0.9975204669,0.07043519615,2.583326141,1,3.890913544
-0.02565074719,0.04380954436,0.9987105502,0.05078832648,2.100490233,1,3.953690399
-0.0405894644,0.008443742496,0.9991402297,0.04147031554,2.936489976,1,4.045097528
0.01266804726,-0.01346423197,0.9998291029,0.01848793946,5.467329085,1,3.894601047
0.0730541585,0.02980066452,0.9968826462,0.07898069111,0.3873200998,1,4.018620306
0.07683495652,0.001147842409,0.9970431645,0.07691935747,0.0149379538,1,3.858533108
0.03864151998,-0.05465512572,0.9977573103,0.06698549878,5.32780172,1,4.107088192
-0.02901238379,0.02837651864,0.9991761881,0.04059372071,2.367273969,1,4.033208344
0.05942397348,-0.03935256062,0.9974568499,0.07133342553,5.69825793,1,4.224601199
0.003458829963,0.0512021031,0.9986823224,0.05134134886,1.503346303,1,4.037060145
0.01390992817,-0.03402185995,0.9993242852,0.03676386637,5.100503594,1,3.958305663
-0.06192458067,-0.01039458079,0.9980267025,0.06283226524,3.307900941,1,3.904748654
0.02142693513,0.02042322248,0.9995617932,0.02960536449,0.7614192749,1,3.887389871
0.04545426651,0.03799397664,0.9982436413,0.05927686014,0.6962349989,1,3.968511526
-0.04474477775,0.04685923889,0.9978988509,0.06483649179,2.333115964,1,3.935132301
0.01698789437,0.04975731425,0.998616854,0.05260161502,1.241789975,1,3.836691902
0.03263846125,0.05158437758,0.9981351526,0.06108072212,1.006664887,1,3.971955731
-0.02104728832,-0.09617269731,0.9951421124,0.09860857817,4.496936906,1,4.001688773
0.08823644021,-0.002493873518,0.9960964367,0.08838671368,6.254929297,1,3.982693489
0.08371071951,-0.02103166031,0.9962681289,0.08641984188,6.037037913,1,4.060142871
-0.08008802018,0.03457925836,0.9961878256,0.08734527986,2.734005401,1,4.078522552
0.029595396,0.02785482079,0.9991737694,0.04065327496,0.7551103241,1,4.187359758
0.06134636877,-0.07149037266,0.9955529869,0.09434312945,5.421570623,1,4.034693183
0.013171183,-0.001995318563,0.9999112654,0.01332185633,6.132837275,1,4.021731224
-0.05567995863,0.02855975315,0.9980401208,0.06261820394,2.667657021,1,3.806238798
-0.01832645723,0.03536409011,0.9992064462,0.03984115441,2.048915213,1,3.944715056
0.03819822584,-0.04068020089,0.9984417944,0.0558320775,5.466331694,1,3.931595248
-0.04527757372,0.06511632758,0.9968499412,0.07939413124,2.178383642,1,4.118199847
0.05728102389,0.05632488024,0.9967679731,0.0804210099,0.7769820421,1,4.153352041
-0.07080820293,-0.01353988465,0.9973980499,0.07215371443,3.330531012,1,3.873222401
-0.01401390496,0.00479459935,0.9998903051,0.0148119465,2.811944693,1,3.997292251
-0.06840695263,-0.05309291515,0.9962437609,0.08670170682,3.801610381,1,3.851109099
0.07403018917,-0.03470903475,0.9966518018,0.08185436203,5.84476698,1,4.041996066
-0.006707788485,-0.03267171354,0.9994436276,0.0333593771,4.509894109,1,3.899497675
0.08329355288,0.009381781995,0.996480891,0.08391870967,0.1121624234,1,4.169860531
0.05231844565,0.01930557341,0.9984438267,0.05579564638,0.3535011747,1,4.076842749
0.04295897786,0.00117114666,0.9990761506,0.0429881778,0.02725522603,1,3.978334327
-0.0323310291,-0.03288923233,0.9989359354,0.04613574317,3.935549348,1,3.879971252
-0.04177733359,0.04843755026,0.9979521322,0.0640088613,2.282502038,1,4.082416422
-0.01808582138,-0.102004967,0.9946194698,0.1037820998,4.536909295,1,4.006941188
-0.01527352077,-0.08451501631,0.9963051398,0.08598997362,4.533599104,1,4.020868859
0.0454631366,-0.04373001271,0.9980084114,0.06312289657,5.517215831,1,3.97063523
0.05744703338,0.02279572252,0.9980882693,0.06184399876,0.3777558403,1,3.920281557
-0.05879069337,-0.04515494469,0.9972485575,0.07419845298,3.796554087,1,4.014239071
-0.008912261947,-0.05207044994,0.998603645,0.05285224834,4.542873791,1,4.03245798
0.07473209723,0.0441569433,0.9962255156,0.0869121535,0.5336791082,1,4.080070291
0.02338378709,0.01638033246,0.9995923585,0.02855413032,0.6110611578,1,3.976790259
0.003814528493,0.05618894893,0.9984128662,0.05634809335,1.503012809,1,4.063603065
0.02830630412,0.02610787982,0.9992582908,0.03851755169,0.7450184472,1,3.871317671
0.05599933274,0.07731034668,0.9954331645,0.09560664951,0.9439178577,1,4.094658924
0.01345341883,0.04655925331,0.9988249303,0.04848298406,1.289505292,1,3.932888921
0.05508115852,0.04818502711,0.9973185395,0.07324834163,0.7187170188,1,3.9863662
-0.04253387604,0.05563544649,0.9975447692,0.07008903179,2.22351958,1,4.128480698
-0.05483861178,0.06654073824,0.9962755928,0.08633332341,2.260082005,1,4.164229012
0.03661207494,0.03314440561,0.9987797577,0.04940628642,0.7357279807,1,4.079572075
-0.06029695515,0.02299318439,0.997915623,0.06457710872,2.777281855,1,3.832852104
0.04395891888,-0.04080113136,0.9981998202,0.06001200089,5.535025533,1,3.989180686
0.02849425404,0.03989489686,0.9987975144,0.04904542206,0.950581711,1,3.814685122
-0.07726592559,-0.02047388163,0.9968002794,0.08001785395,3.400619172,1,3.922764965
0.01866044029,0.0608043208,0.9979752615,0.0636462433,1.273027439,1,4.045734933
-0.06381826497,-0.04815359248,0.9967991074,0.0800325139,3.787994622,1,4.146376948
-0.001374703894,0.07440113565,0.9972274471,0.07448268318,1.589271145,1,3.990728591
0.01885926031,0.005961045016,0.999804378,0.01978021187,0.3061435136,1,3.903931112
0.05442449343,0.03843540036,0.9977778783,0.06667750916,0.6148850204,1,3.932925743
-0.05728882621,0.05219100878,0.996992522,0.07757559748,2.402724866,1,4.273154539
0.08589761232,-0.001040136412,0.9963034268,0.0860099164,6.271076873,1,3.809557775
7.932310049e-05,0.0192496965,0.9998147043,0.01925104899,1.566675605,1,4.052987158
0.01344862221,0.07139584274,0.9973573924,0.07271550459,1.384610933,1,3.916111614
0.05484214228,-0.05915333381,0.9967413017,0.08075233352,5.459986189,1,3.92399259
0.06700737959,0.0400330855,0.9969490274,0.0781348234,0.5385371839,1,3.949250945
0.05475721313,0.03826848122,0.9977660903,0.06685419837,0.6099709475,1,4.015865474
-0.05003648593,0.02030958049,0.998540871,0.05402747452,2.756014372,1,3.878288203
0.03411366191,-0.06047219314,0.9975867741,0.06948664765,5.22600932,1,4.026385199
0.003592484146,-0.02421102945,0.9997004152,0.02447855306,4.859696286,1,4.009456955
-0.002231209682,0.09650787258,0.9953297204,0.09668422235,1.593911667,1,3.908314034
0.05203710478,-0.02058207007,0.9984330314,0.05598889246,5.906541066,1,4.047299722
0.01673978305,-0.006419257721,0.9998392735,0.01792935165,5.917006873,1,4.197319598
-0.06225105806,-0.0191573073,0.9978766474,0.06517828631,3.440137598,1,4.0042715
0.06827307221,0.06286557241,0.99568404,0.09294157531,0.7441865273,1,3.974387996
0.01626577821,-0.08641916425,0.9961260726,0.08805034024,4.898431975,1,4.052926432
0.005337413007,0.01338069031,0.9998962292,0.01440642942,1.191247893,1,3.893577493
-0.0453941718,-0.02999551268,0.9985187221,0.05443608621,3.725508054,1,3.962506035
0.02307934518,-0.05227935179,0.9983657712,0.05717821372,5.128120028,1,3.956394332
0.04586416416,-0.04961862508,0.9977146238,0.06762022254,5.458486577,1,4.099069136
-0.03535655093,-0.02259191611,0.9991193721,0.04197039951,3.710177626,1,4.078672441
0.0321669956,0.01590864049,0.9993558923,0.03589364342,0.4592894217,1,4.073025452
-0.06395402361,-0.0388628015,0.9971958511,0.07490607968,3.687631182,1,4.162858026
0.01249905583,0.02332102719,0.9996498904,0.02646242893,1.078798977,1,4.021326566
0.0756007563,-0.0166467713,0.9969992029,0.07748934204,6.066450743,1,4.130710071
0.02186878764,0.006235377581,0.9997414047,0.02274231673,0.2777564336,1,4.072380114
0.03669672514,-0.01840392728,0.9991569676,0.04106460561,5.818327104,1,4.077094658
-0.03628451178,-0.03459531505,0.9987425085,0.05015486193,3.903163487,1,4.051679407
-0.01504037724,-0.02460719922,0.9995840499,0.0288436803,4.163761338,1,3.991640348
0.01874934765,0.01283266617,0.999741859,0.02272232843,0.6002015105,1,4.017206484
-0.04016551593,-0.02749980812,0.9988145433,0.04869683776,3.741950411,1,3.987671639
0.02924707981,-0.05579152805,0.9980139847,0.06303448251,5.195224953,1,4.108920924
-0.005901075794,0.002501334611,0.9999794601,0.006409362907,2.740672963,1,4.088259808
0.007966451283,-0.07353622794,0.9972607276,0.07403409898,4.820301827,1,4.005365425
-0.017295707,0.08834220322,0.9959400151,0.09014139047,1.764131689,1,3.973174021
0.08677155146,0.002711930846,0.9962245446,0.08692333932,0.0312435161,1,3.987887156
-0.06938460101,-0.03459889647,0.9969898161,0.07761050529,3.60416274,1,4.009071357
-0.03708570626,0.03836037155,0.9985755516,0.05338139541,2.339301047,1,4.093399486
0.03311532054,-0.05907450574,0.9977041537,0.06777500011,5.223310151,1,4.110420712
-0.04360508537,0.05427245414,0.9975736049,0.06967606387,2.24763607,1,4.060487391
0.02083315586,-0.03773002048,0.9990707809,0.0431129466,5.216892029,1,4.029265962
0.07293003031,-0.01795045219,0.9971755071,0.07517743726,6.041849924,1,4.006093048
-0.07226475277,-0.00793442134,0.9973539244,0.07276322426,3.250951169,1,4.087136478
0.0005399835126,-0.01981389827,0.9998035396,0.01982255305,4.739635001,1,3.724083066
-0.02356908476,0.02367986496,0.9994417253,0.03341636332,2.353849888,1,3.952762819
-0.06217680695,0.03727978949,0.997368669,0.07256012347,2.601484168,1,3.946365732
0.008485126566,-0.04510522975,0.9989462052,0.04591252414,4.898334324,1,4.027554109
-0.004768750316,-0.04103754947,0.9991462248,0.04132545717,4.596703281,1,3.900860554
0.0871529855,-0.03263046933,0.9956603887,0.09319606924,5.924936828,1,3.997485986
0.01137507818,0.04701518345,0.9988294049,0.04839056807,1.333413299,1,3.867608747
0.05381954429,0.07794148648,0.9955041845,0.09485977314,0.9664664623,1,3.853598354
0.05868385299,-0.00191304523,0.9982747846,0.05874881523,6.250597672,1,3.883715606
-0.02494037321,-0.04972780186,0.9984513626,0.05566034969,4.247511874,1,4.092727213
-0.0510734182,-0.01511020017,0.9985805865,0.0532869474,3.429240103,1,4.028606968
0.05119162572,-0.06090540541,0.9968299499,0.07964579552,5.41134797,1,4.243719405
0.00474841125,-0.08032091551,0.9967577455,0.0805482228,4.771438245,1,3.813456075
-0.03999706275,-0.009153293331,0.9991578715,0.04104258075,3.366567727,1,3.918989338
-0.01393435347,0.06011164594,0.9980943962,0.06174478575,1.798581088,1,3.806549985
-0.02842947558,0.04909999093,0.9983891805,0.05676710505,2.095640376,1,4.053868706
0.01762893651,0.02410832623,0.9995539051,0.02987065681,0.9394110948,1,3.800701264
-0.0146082813,-0.02871381124,0.9994809229,0.03222179551,4.241762307,1,4.018803486
-0.0315749814,-0.03497775101,0.9988891718,0.04713881512,3.978075258,1,4.183734678
0.03578297544,-0.02950171846,0.9989240348,0.04639306452,5.593705217,1,3.969372724
0.0602285512,-0.007755417635,0.9981544846,0.06076320167,6.155123528,1,4.047912334
0.04113988831,-0.01706365504,0.9990076783,0.04455302186,5.890010051,1,4.191146723
-0.03271236345,-0.004789485061,0.9994533316,0.03306714934,3.286971796,1,3.888301373
-0.02382618642,0.02226827622,0.9994680769,0.03261810164,2.389979837,1,4.034115935
-0.07256053184,0.04348757142,0.9964154758,0.08469554592,2.601667286,1,3.803619398
0.03263833274,0.05324938349,0.9980477155,0.06249672115,1.020921113,1,3.92134164
-0.07894937419,-0.05335959687,0.9954495214,0.09543514966,3.735940485,1,4.000086446
-0.01829628639,-0.05615618551,0.9982543407,0.05909597991,4.397424001,1,3.917921582
0.01736205556,-0.01553510855,0.9997285729,0.02329975972,5.553265248,1,4.068600437
0.08503548511,-0.01423815201,0.9962761873,0.08632642896,6.117286461,1,3.964021661
0.01111743565,0.01652887907,0.9998015797,0.01992118756,0.9786926238,1,4.035893731
-0.0277189695,-0.007128253037,0.9995903395,0.02862476253,3.393300155,1,3.9961883
-0.0418993871,-0.02641133793,0.9987726881,0.04954922772,3.704030925,1,3.884072699
-0.04129976967,0.05356443969,0.9977099678,0.06768909493,2.227621105,1,4.072913428
-0.04064733799,-0.01136000042,0.9991089752,0.04221746469,3.414116412,1,4.03356316
-0.04146690389,0.03309351214,0.998591666,0.05307852157,2.468029352,1,3.999611285
-0.02796417742,0.02737443271,0.9992340293,0.039142523,2.366851107,1,4.056172483
0.06655671975,-0.03018138824,0.9973260685,0.07314538984,5.857450566,1,4.024187693
-0.005440606085,0.02413659198,0.9996938655,0.02474470099,1.792500067,1,4.022887957
0.05953580643,-0.002486431531,0.998223074,0.05962302444,6.241445931,1,3.983238252
-0.0271399693,-0.06510949075,0.9975089856,0.07059814892,4.317453721,1,4.101788142
0.006903244074,0.08165704189,0.9966365801,0.08204032005,1.486457384,1,3.983762903
-0.05670311387,-0.02751113599,0.998011971,0.06306644197,3.593312973,1,3.869713849
-0.08029504477,-0.02995166208,0.9963210345,0.0858047032,3.498626353,1,3.925416277
-0.02440938418,0.055434593,0.9981639083,0.06060781851,1.985577676,1,4.000063551
-0.06955135611,0.01650119613,0.9974418877,0.07154304544,2.908647654,1,4.044822957
0.04454848043,-0.02695434232,0.9986435282,0.05209181562,5.739056172,1,3.939640314
0.03502797756,0.01499194446,0.9992738776,0.03811063697,0.4044082055,1,4.066533942
0.0099863766,0.00332506596,0.9999446066,0.01052558181,0.3214146978,1,4.122084671
0.05364131085,0.006313740957,0.9985403079,0.0540379012,0.1171638802,1,3.92051545
-0.0771046262,-0.05403612131,0.9955576197,0.09429393714,3.75286576,1,4.073029622
-0.01991469345,0.07282384035,0.9971459739,0.07556963297,1.837733904,1,4.057528979
-0.04207863911,-0.03790237648,0.9983951112,0.05666247968,3.87482252,1,4.03976028
-0.05203443966,0.05315370495,0.9972297131,0.07445222498,2.345554289,1,4.056699811
0.07805111955,-0.0139361636,0.9968519479,0.07936882472,6.106495526,1,4.062065154
-0.01337416688,-0.02505394348,0.9995966344,0.02840396747,4.222056852,1,3.995152779
0.01352349524,-0.07696935929,0.9969417399,0.07822813013,4.886313498,1,4.04030141
0.03300291375,0.02654427612,0.999102702,0.04236584119,0.6773579989,1,4.008332549
0.0002749454146,-0.08098473485,0.9967153039,0.08107398883,4.715783995,1,4.064891802
0.006966951887,-0.02065900341,0.9997623053,0.02180385684,5.037647474,1,4.180278326
-0.04146753681,-0.06148005053,0.9972465326,0.07422576275,4.118991354,1,3.944469008
-0.06041527238,0.00108754022,0.9981727366,0.06046189112,3.123593516,1,3.902782747
0.0006443549398,0.06145701252,0.9981095233,0.06149914946,1.560312066,1,3.894737194
0.04223656211,-0.04374458868,0.9981495298,0.0608447404,5.480249905,1,3.89814725
0.07370891608,-0.002602912121,0.9972764013,0.07382189318,6.24788658,1,3.927916118
-0.05528263963,0.01305808728,0.9983853545,0.05683449981,2.909638183,1,4.211244029
0.004800970502,0.02754969093,0.9996089061,0.02796853111,1.398263077,1,3.996009537
-0.007392224952,-0.009945378891,0.9999232193,0.01239207051,4.073201025,1,4.064891545
-0.0009838807565,-0.06539857567,0.9978587366,0.06545270002,4.697345739,1,4.099782847
-0.02166261541,0.03115285008,0.9992798562,0.03795339884,2.178405074,1,3.965698505
-0.05170402147,0.04477044527,0.9976584092,0.06844713638,2.427940678,1,3.923299829
-0.02664807253,-0.02097379374,0.9994248247,0.03391844502,3.808397146,1,4.166096673
0.047122328,-0.05269891752,0.9974980252,0.07075335752,5.441979396,1,3.787998219
0.01090247638,0.07758272283,0.9969263048,0.07842539295,1.431183438,1,4.056379605
-0.02326993175,-0.07301985717,0.9970589806,0.07671326041,4.403884333,1,4.068625798
-0.03738559837,0.05661249953,0.9976960168,0.06789504356,2.154431967,1,3.934589119
0.03469404094,0.02578287103,0.9990653468,0.04323884546,0.6391025731,1,4.023815263
0.02558350529,-0.07339309214,0.9969748935,0.07780273692,5.047799923,1,3.936730064
0.04125001474,-0.056819191,0.9975319623,0.07027166664,5.340344056,1,4.075176593
-0.03423819007,-0.03915932424,0.9986462305,0.05203988993,3.993938314,1,4.019948609
-0.01896232104,-0.0117516478,0.9997511336,0.02231038829,3.696398227,1,4.095267569
0.01347937352,0.02958333331,0.9994714267,0.03251522186,1.143261426,1,3.962872864
0.0677378734,-0.01604798972,0.9975740787,0.06966925813,6.05056114,1,3.907226544
0.004580258194,0.008833361814,0.9999504953,0.009950392641,1.092444207,1,4.139032798
-0.02799446624,-0.04163149143,0.9987407716,0.05018949695,4.120403634,1,4.003501381
0.0281075118,-0.06314226812,0.9976086516,0.06917083337,5.131198777,1,4.122188761
-0.07533333287,0.01963415693,0.9969650891,0.07792877877,2.886634199,1,4.076558978
0.01064708218,-0.05158154083,0.9986120289,0.05269330668,4.915942871,1,4.017839463
0.04488098262,0.08067425133,0.995729563,0.09244976944,1.063111181,1,3.966878283
0.05972490373,0.03964510235,0.9974272915,0.07174695037,0.5860120056,1,3.861253687
0.03774712056,0.02246549461,0.9990347624,0.04394070873,0.536851479,1,4.05725361
0.06361986753,0.002135088889,0.9979719204,0.06369875222,0.03354750557,1,3.968002426
-0.07563654891,0.05886078531,0.9953966649,0.09598824158,2.480282979,1,4.145591193
-0.0716696447,0.004130803245,0.9974198707,0.07185039404,3.08401963,1,4.091520412
0.06742167139,0.009833395756,0.997676111,0.06818782278,0.1448280188,1,4.225013004
-0.01597825986,-0.01743439517,0.9997203294,0.02365094528,3.970543612,1,3.98857646
-0.05683915942,0.00482222759,0.9983717024,0.05707433262,3.05695545,1,4.058795008
0.02926351819,0.06294605942,0.9975878107,0.0694717162,1.135622248,1,3.82883415
-0.07301850637,0.0688784477,0.9949492737,0.1005483337,2.385362731,1,4.043379708
0.08362060309,0.02527162942,0.9961771627,0.08746742785,0.2934901715,1,4.029341528
0.04905855054,0.04934885148,0.9975760369,0.06964112233,0.7883481457,1,3.872988972
0.02815811705,0.04493377532,0.9985930484,0.05305245817,1.011005514,1,3.867148089
0.05228484399,-0.03305359466,0.998085044,0.06189616357,5.719437285,1,3.95668927
0.02524830335,-0.08813991887,0.9957880688,0.09181384749,4.991375234,1,4.148679707
-0.02640744747,0.08584270032,0.9959586726,0.08993389123,1.869234694,1,4.013610591
-0.06715068448,-0.008964568562,0.997702572,0.06779835221,3.274307238,1,4.055803023
-0.01675858862,0.04259060579,0.9989520459,0.04578508899,1.945670162,1,3.927422032
0.003353301984,0.009520980723,0.9999490518,0.01009441277,1.232161768,1,3.937473105
-0.03110118069,0.007168049302,0.999490538,0.0319219431,2.915073034,1,4.058137382
-0.005959645575,0.05039486564,0.9987115901,0.05076783807,1.688508599,1,4.019097879
0.001673902845,0.0389029226,0.9992415927,0.03894876488,1.527795162,1,4.066600823
0.02675297341,0.01111330736,0.9995802983,0.02897347165,0.3937152404,1,3.823842461
0.00341453984,0.03276079271,0.9994573885,0.03294421354,1.466944884,1,3.975443791
0.04317883018,0.04533839545,0.9980380847,0.06265073262,0.8097904434,1,4.043781036
0.05103617444,0.02349074647,0.9984204995,0.05621239232,0.4313668421,1,3.976992753
0.03285216453,-0.03824495782,0.9987282205,0.05043905491,5.422081034,1,4.031083596
0.06427063289,0.00999581638,0.9978824427,0.06508924776,0.1542908593,1,4.128084729
0.06803796461,-0.04362519326,0.9967284875,0.08091103523,5.713029082,1,3.918085567
-0.07668711358,0.02181591663,0.9968165089,0.07981455569,2.864434902,1,4.036858883
-0.005380870438,0.0861627358,0.9962665453,0.08643818803,1.633165419,1,3.953009753
-0.05448122344,-0.01868440214,0.9983399668,0.0576279904,3.471974189,1,3.939310217
-0.02237301972,0.02298197517,0.9994855061,0.03207921671,2.342768872,1,4.056878646
-0.0337236036,0.006971400523,0.9994068832,0.03444344544,2.937742358,1,3.94531787
-0.02020148218,-0.02214925216,0.9995505544,0.02998263826,3.972949841,1,3.96117095
-0.04890523033,-0.02847651149,0.9983973992,0.05662206342,3.668880438,1,3.98782573
0.07611479932,0.02393136153,0.9968118314,0.07987320065,0.3046252771,1,4.05399808
0.05311115543,0.04927442516,0.9973721653,0.07251188023,0.7479423435,1,4.053935548
-0.02125192094,-0.006526014133,0.999752853,0.02223318348,3.43953103,1,4.04773931
0.04320678411,0.01774690383,0.9989085149,0.04672651663,0.3897335311,1,3.953705952
-0.008153784385,0.001179023133,0.9999660623,0.008238678962,2.99798971,1,3.873895271
0.00630994759,-0.01051896572,0.9999247651,0.01226668763,5.252708386,1,3.964192073
0.03121354026,-0.001205323941,0.999512012,0.03124188569,6.244589065,1,3.915347093
-0.09117506295,0.0001681691588,0.9958348656,0.09130201499,3.139748191,1,3.954334561
-0.004096532256,0.03896551888,0.9992321586,0.03919029708,1.67554378,1,3.97673106
-0.02701190971,-0.003938703034,0.9996273522,0.02730094884,3.286385802,1,4.072737842
0.08948718866,-0.04494827488,0.9949732135,0.1003095564,5.817709564,1,3.853192852
0.05788730239,0.03224762577,0.9978021602,0.06631207097,0.508259589,1,4.117841017
-0.01258711592,-0.07505728085,0.9970997789,0.07617905295,4.546234938,1,3.886597629
0.007449649019,-0.02979013976,0.999528414,0.030712314,4.957434434,1,3.853875402
0.06436756275,0.01061076922,0.9978698454,0.06528263548,0.1633772104,1,3.847382491
-0.06788540931,0.04628614326,0.996618866,0.08225619764,2.543167355,1,4.038892928
-0.04926909056,-0.0578928589,0.9971063001,0.07609331914,4.007291934,1,3.847488832
0.01216226895,0.02632198361,0.9995795278,0.02900005764,1.137960777,1,3.964373717
0.02867710401,0.05658184729,0.9979860311,0.06347669303,1.101703507,1,4.066225277
-0.04699841745,0.0439591785,0.9979272215,0.06439712693,2.389595864,1,3.944317475
-0.007121880779,0.02070341291,0.999760295,0.02189586958,1.902111939,1,4.044603048
0.01097147135,-0.04754756648,0.9988087183,0.04881635602,4.939166982,1,3.928842945
0.009885448784,0.02080900597,0.9997345964,0.02303976449,1.127302079,1,4.025571839
-0.01042094944,-0.04477699067,0.9989426535,0.04598984483,4.483729296,1,3.928359378
-0.03172197487,-0.04091133448,0.9986590905,0.05179207061,4.052839345,1,3.896020908
0.005349562004,0.04102941035,0.9991436181,0.04138850367,1.441144122,1,3.877250067
-0.01094941904,0.02815658912,0.9995435542,0.03021524594,1.941676336,1,3.887869306
0.00115670161,-0.05720058773,0.9983620359,0.05724353956,4.732608073,1,4.039965216
-0.000966614205,0.04111243064,0.999154059,0.04113539236,1.594303479,1,3.784681018
0.0356854331,-0.08863264405,0.9954249365,0.09569280289,5.095153469,1,3.88043
0.008609426479,0.00831434544,0.9999283722,0.01196901855,0.7679640392,1,4.083083146
0.008546718965,-0.006663717444,0.9999412725,0.01083771811,5.620957155,1,3.848060862
0.01408217464,0.08631560978,0.996168313,0.08756867538,1.40907366,1,3.979238777
0.07923350059,-0.02460307809,0.9965524276,0.08306088362,5.982111151,1,4.196419675
0.05850527837,0.003295839243,0.9982816586,0.05863162572,0.05627457013,1,4.128374457
-0.04228630603,-0.04883224266,0.9979114592,0.06464159973,3.998707392,1,3.961024813
0.03250625759,-0.03236400419,0.9989474032,0.04588641338,5.499980031,1,3.953858058
0.04220591554,-0.04215629427,0.9982191681,0.05968853691,5.498375337,1,3.97722993
-0.05484232521,0.009965700174,0.9984452935,0.05576933714,2.961838558,1,3.984853114
0.06607828889,0.04184461886,0.9969366518,0.07829321226,0.564515774,1,3.94252823
0.01646697882,-0.07115248096,0.9973295158,0.07309820299,4.939817233,1,4.012593572
0.07024857279,-0.04406739164,0.9965556698,0.08302179535,5.72292905,1,4.004133157
-0.07592310185,-0.005950769323,0.9970959186,0.07622975893,3.219811644,1,4.136688716
-0.0194634746,0.07449889405,0.9970311369,0.07707571981,1.826342902,1,3.90764364
0.05326967534,-0.005586769702,0.9985645346,0.05358747974,6.178690199,1,4.100839084
0.08756318102,0.01630073413,0.9960255897,0.0891857132,0.1840528407,1,3.700480329
-0.05709124455,0.004731196653,0.9983577543,0.05731832849,3.058910791,1,3.992081443
0.06535300559,0.01188700257,0.997791403,0.06647421301,0.1799221951,1,4.012099459
0.08703396171,0.01576182276,0.9960806466,0.0885654147,0.1791579038,1,4.029824252
0.03916479341,-0.01491562082,0.9991214357,0.04192118814,5.919302243,1,4.146893552
-0.06501848845,0.05777362312,0.9962102211,0.08708817435,2.415127234,1,3.918462264
-0.006820104572,0.06555899715,0.9978253876,0.06596061022,1.674453497,1,4.079912909
-0.05927139993,-0.04302532294,0.9973142548,0.07330686615,3.769492877,1,3.880990989
-0.01912322593,-0.05336418379,0.9983919902,0.05671756205,4.368292027,1,4.076495476
0.05771915409,0.02755479926,0.9979525201,0.06400279713,0.4454001146,1,4.010171696
-0.009592261926,-0.01905030045,0.9997725114,0.02133059865,4.24592705,1,3.831117399
0.04133394629,0.04487325205,0.9981372131,0.06104695794,0.8264309223,1,4.023816274
-0.04317863837,-0.01687641787,0.9989248178,0.04637617661,3.514187244,1,4.018635135
0.01654502711,0.04428721983,0.998881827,0.04729442851,1.213267057,1,4.002237643
0.01183553146,-0.05349414817,0.9984980202,0.05481525261,4.930130395,1,3.98516466
-0.03128727286,-0.02282065336,0.9992498808,0.03873533192,3.77177297,1,4.069881784
-0.05222659341,-0.01623663073,0.9985032573,0.05471958077,3.443008432,1,4.06194908
0.07082340433,0.005592960049,0.9974731897,0.07110379923,0.07880695483,1,3.977170976
0.03016334504,0.03655341135,0.9988763791,0.04740952179,0.8808859163,1,3.893009595
-0.06604935062,-0.01993468652,0.9976172069,0.06904693996,3.434713777,1,3.948929071
-0.0582761261,0.02806254717,0.9979060009,0.06472604334,2.692818164,1,3.88165093
-0.03745700773,0.003855890184,0.9992908009,0.03766385491,3.039012227,1,3.969023034
-0.05312901314,-0.01976923349,0.9983919498,0.05671827543,3.497817242,1,4.094498789
-0.04967150646,0.009502286523,0.9987204053,0.05059382709,2.952573829,1,4.207927143
0.05495486331,-0.06167109063,0.9965824801,0.08269786311,5.440262919,1,4.00980612
0.01596228566,-0.06568127744,0.9977129724,0.06764465853,4.950793581,1,3.906148488
0.001980970528,0.01589386976,0.9998717221,0.01601753041,1.446798374,1,4.004627815
0.05921894971,0.03072119601,0.9977721805,0.06676297212,0.4785530202,1,3.968615049
-0.04234633037,-0.01948975104,0.998912878,0.04663301389,3.572934839,1,3.833305516
-0.02852904911,0.06786757361,0.997286361,0.07368673163,1.968733251,1,3.859400876
0.01015466509,0.02026140481,0.9997431461,0.02266560643,1.106203024,1,3.879830658
0.05336702319,-0.05829928563,0.9968716839,0.07911951135,5.453646179,1,3.923098752
-0.004104135008,0.04881081437,0.9987996098,0.04900266245,1.654681506,1,4.235229674
-0.08716236832,0.01143042574,0.9961285394,0.08802228425,3.011197292,1,4.042208916
-0.04402086759,0.06124942574,0.9971512779,0.07549934625,2.193972434,1,3.991992532
-0.03818271769,0.04194111375,0.9983902158,0.05674885488,2.309321505,1,3.996666408
0.03836439891,-0.08275377191,0.9958313041,0.09134106972,5.14649245,1,3.795741034
-0.06977603141,0.0315960864,0.997062181,0.07667148882,2.716394854,1,4.103241538
0.04387429356,0.05767263367,0.997371001,0.07252794937,0.9204524282,1,3.984662615
-0.02333041784,0.001968169265,0.9997258714,0.02341542833,3.057431275,1,4.055719307
0.05724733397,0.04226409896,0.9974650313,0.07121854285,0.6359527847,1,4.250230476
0.0418197881,-0.00659714069,0.9991033896,0.04234960314,6.126723037,1,4.025869039
-0.004659208825,0.03075498999,0.9995160941,0.0311109284,1.721147471,1,3.913852433
-0.05884441303,-0.04299463178,0.9973408628,0.07294266922,3.772593885,1,4.162457806
0.01012567647,0.02295540194,0.9996852106,0.02509206903,1.155366469,1,3.903408345
-0.01479879776,-0.0600005083,0.9980886406,0.06183799068,4.470570882,1,4.077092822
-0.05697444958,0.05791275079,0.9966945497,0.08132985814,2.34802752,1,3.981820029
0.02615788142,0.09401825909,0.9952267743,0.09774485014,1.299437781,1,3.965746855
0.00770094943,0.08114382462,0.9966726519,0.08159895731,1.476174796,1,4.005754548
0.07096189494,0.02810646864,0.9970829634,0.0763996845,0.3771210595,1,4.033991116
-0.02634489325,0.07286605114,0.9969937237,0.07756008954,1.917725489,1,3.910586949
-0.05310499566,0.06076617406,0.9967383466,0.08078896009,2.289016378,1,4.236159932
-0.04383836001,0.07651997211,0.9961038561,0.08830262239,2.091051638,1,3.924701265
-0.06782967971,-0.01857567433,0.9975239741,0.0703853447,3.408896489,1,3.923208296
-0.06125974844,-0.05159454018,0.9967874631,0.08017803209,3.84155604,1,3.95282674
0.03302670974,0.03853484679,0.9987113207,0.05077314667,0.8622173133,1,4.108716913
-0.03177445989,-0.06482287109,0.9973907855,0.07225441047,4.25663335,1,4.019319257
-0.01902015225,0.07251557221,0.9971859032,0.07503889152,1.827308737,1,3.906178907
-0.03929857876,0.05902176277,0.9974828586,0.07096757142,2.158220866,1,3.980632002
0.008151928227,0.03453385788,0.9993702811,0.03549042158,1.338983761,1,3.949694519
0.01376502357,-0.0325174775,0.9993763744,0.03531827832,5.112828621,1,3.976080681
-0.002903043607,0.03295978253,0.9994524626,0.03309342337,1.658647977,1,3.985463022
-0.005077066816,-0.01525074909,0.9998708107,0.01607433385,4.39102302,1,3.960609394
0.005294617368,-0.03942152175,0.9992086422,0.03978598234,4.845897823,1,3.841356155
-0.04385136695,-0.07246161484,0.9964067302,0.08479886549,4.168178987,1,3.844396768
0.003178470787,-0.09429611343,0.9955391204,0.09449021209,4.746083559,1,3.935153282
0.01849909025,-0.08010765638,0.9966145429,0.08230879761,4.939338439,1,4.013182111
-0.002844015612,0.07307948315,0.9973220647,0.07320015556,1.609693443,1,3.906067961
-0.06131722105,-0.04811915162,0.9969577452,0.07802305604,3.806970064,1,3.940523062
-0.04421629589,0.05047324288,0.9977461455,0.06715209032,2.290211868,1,3.947686644
-0.06391370418,0.04435086626,0.9969694274,0.07787303272,2.534960279,1,3.85152547
0.0234194938,-0.06511368599,0.9976029948,0.06925263073,5.057653131,1,4.178177649
-0.0642497917,-0.06031330753,0.9961095669,0.08823784146,3.895399001,1,4.174757031
-0.03344354407,-0.07446587465,0.9966626124,0.08172203687,4.290273469,1,4.138711213
0.05338943198,0.05978180823,0.9967826764,0.08023777519,0.8418223134,1,3.9957424
0.00654606927,-0.07803580751,0.9969290655,0.07839014631,4.796078502,1,3.981857392
-0.003715066091,0.0065766069,0.9999714729,0.007553446858,2.085000245,1,4.085282305
-0.006524039113,0.06886859877,0.9976044071,0.06923221812,1.665246161,1,3.833755792
-0.03698978857,-0.07502986896,0.9964949946,0.08375028125,4.254356359,1,3.846493342
0.07663626433,-0.03370639895,0.996489218,0.08381930751,5.868826654,1,3.911036581
0.06898377616,-0.01962364443,0.9974247597,0.07178225962,6.006038688,1,4.079041459
-0.01137234927,0.05554027646,0.9983916803,0.05672302822,1.772763249,1,3.944298491
-0.06527928542,0.05156387277,0.996533884,0.08328409451,2.473042876,1,4.020507196
0.003811780211,-0.009249981985,0.9999499528,0.0100047576,5.103269982,1,3.720535782
-0.01020317563,-0.0771097353,0.9969704027,0.07786049378,4.580833016,1,4.047405453
0.01673339983,0.06625989057,0.9976620772,0.0683934847,1.323426705,1,3.921197787
0.02283138777,0.03666690246,0.9990666975,0.04320758591,1.013874122,1,4.03748508
0.06175947121,0.0276171305,0.9977089064,0.06770478613,0.4204999989,1,3.965432449
0.02029630797,0.01084408235,0.9997351978,0.02301364236,0.4907006123,1,4.005695548
-0.008247264327,-0.02246640622,0.9997135806,0.02393462264,4.360568278,1,3.87205092
0.06546315711,-0.02779518394,0.9974677954,0.07117968845,5.881659628,1,3.957705799
0.002540486848,0.02424569371,0.999702802,0.02438084305,1.466396334,1,3.981324935
-0.0215848754,-0.09303336906,0.9954289957,0.09565031041,4.484410344,1,4.084444017
0.01551025442,-0.05025287019,0.9986160829,0.0526162791,5.0117572,1,4.01874493
0.03985338473,-0.0929241807,0.9948752708,0.1012828947,5.117541992,1,3.957581433
0.002395309024,-0.007742567561,0.999967157,0.008104708259,5.01241871,1,3.999870722
0.02179251931,-0.06669152703,0.9975356266,0.07021945971,5.028217279,1,4.031073452
-0.002007200596,-0.0110530629,0.9999368985,0.01123407152,4.532749809,1,3.926375801
0.003748442243,0.07901784446,0.9968661542,0.07918944344,1.523393942,1,3.939697008
0.001193646269,0.0467050994,0.9989080082,0.04673736348,1.545244802,1,3.881279969
-0.009279326591,0.04510562779,0.9989391255,0.04606652009,1.773689975,1,4.156018906
0.05781838296,0.03519875773,0.9977064107,0.0677416644,0.5468514252,1,3.956305171
0.06308138214,-0.008781508173,0.9979697512,0.06373281952,6.144865057,1,3.932778477
-0.008819213133,0.07473441683,0.9971644741,0.07532419188,1.688260464,1,3.912484886
-0.0512112114,-0.04429347753,0.9977051166,0.06776078059,3.854683649,1,4.08748803
0.01450064112,0.01893763695,0.9997155082,0.02385394312,0.9173196244,1,4.1011919
0.05473399604,-0.03805269697,0.997775617,0.06671143996,5.675668099,1,4.086256797
0.02356748956,-0.01050990189,0.9996670023,0.0258076046,5.863705174,1,4.101164593
-0.02630704752,0.0101053253,0.999602832,0.02818490159,2.774841752,1,4.171386406
-0.008932428963,0.05636408683,0.9983703228,0.05709851212,1.727966557,1,4.019536278
-0.05092487434,0.04674782005,0.9976077879,0.06918332864,2.398934282,1,4.003609006
-0.07014508697,0.04049975392,0.9967143205,0.08108613138,2.617978171,1,4.019405549
-0.05257890735,-0.0412947601,0.9977625977,0.06690645957,3.807359144,1,3.909816993
-0.01131808474,-0.02973322431,0.99949379,0.03181988916,4.348670206,1,3.913319965
0.03371458722,0.04738898279,0.998307373,0.05819114618,0.9524313305,1,3.963282195
0.02038315255,0.07352852059,0.9970847927,0.07637571405,1.300372727,1,3.925786287
-0.03219583835,-0.04083474177,0.9986470607,0.05202392676,4.044735246,1,3.821086108
0.001916200269,0.05172955757,0.9986592918,0.05178818233,1.533770598,1,4.029767501
0.08526983288,-0.01448661073,0.9962525753,0.08659985699,6.114900708,1,4.156408385
0.06133350072,0.01670716596,0.9979774909,0.06361118218,0.2659461998,1,3.926284313
0.02467000012,0.08796129709,0.9958183576,0.09148289482,1.297357167,1,4.117609877
-0.01247523523,-0.01425779756,0.9998205258,0.01894621951,3.993572393,1,4.028923043
-0.02814374661,0.06538088736,0.9974634174,0.07124121952,1.977281117,1,3.992852109
0.07681970254,0.02920946392,0.9966170481,0.08227832082,0.3633514811,1,4.061282838
0.03291734929,-0.07742238982,0.9964548267,0.08422909216,5.11440002,1,3.929852379
0.02008507849,0.06964159617,0.99736986,0.07254369324,1.290009553,1,4.068709074
0.06853313569,-0.02488274874,0.9973384872,0.07297525893,5.934909158,1,4.012941712
0.02677889682,0.05176297907,0.9983002978,0.05831267218,1.093375623,1,3.86331956
-0.04871552066,0.03523539597,0.9981909962,0.06015894726,2.515406938,1,3.960855053
-0.01759744933,0.07093745266,0.9973255274,0.07315279342,1.813957636,1,4.052910585
-0.05350929589,-0.02013462744,0.9983643383,0.05720328263,3.501487492,1,4.209023281
-0.05553503444,-0.04497463505,0.9974433027,0.07152324752,3.822306415,1,3.979358028
-0.009308209485,0.0797157043,0.9967741789,0.080343723,1.687037506,1,4.046619701
-0.0245449397,-0.05739156922,0.9980499756,0.06246052408,4.308254762,1,4.038545389
0.07012239855,0.02537043251,0.9972157191,0.07464012217,0.3471500254,1,4.047256413
-0.08895774388,0.01168838844,0.9959668174,0.08984315895,3.010948447,1,4.124818598
0.02229989616,0.003545722543,0.9997450387,0.02258194395,0.1576817794,1,4.013188756
0.008372820903,0.04151707243,0.9991027117,0.04236561104,1.371793827,1,3.933126801
-0.002195095997,0.03558833506,0.9993641238,0.03566352731,1.632398496,1,4.028667773
-0.0357709417,0.03540127517,0.9987327918,0.05034830507,2.361388416,1,4.037537385
0.02778674934,0.04402832154,0.9986437821,0.05208693881,1.00781479,1,4.163948201
0.00553004858,-0.01346706228,0.9998940228,0.01455878356,5.102029801,1,3.905454327
0.05616774526,0.03789905642,0.9977017821,0.06781001086,0.5935763126,1,4.018896221
0.06023889857,0.0504537295,0.9969080681,0.07865782272,0.6972278899,1,4.006731971
0.03747767452,-0.06451805751,0.9972125371,0.07468278042,5.238635937,1,3.933650441
-0.03420864228,-0.0615884345,0.9975152297,0.07050957344,4.205379251,1,3.906389056
-0.007608907691,0.05907974244,0.9982242677,0.05960298853,1.698881717,1,4.010125183
-0.003889209621,0.09437019489,0.9955295778,0.09459129886,1.611985285,1,3.918129473
0.0728484769,0.01710879439,0.9971962638,0.07490056503,0.2306740937,1,4.134471175
0.003378373608,0.08096380863,0.9967113164,0.08112321164,1.529093559,1,4.071084782
-0.0449563471,-0.05021796222,0.9977259559,0.06745230134,3.982218584,1,3.91011756
-0.04796216068,-0.05130502873,0.9975306638,0.07029015814,3.960653554,1,4.060743047
0.01456871307,-0.03416283075,0.9993100888,0.03714809647,5.115486503,1,3.906776818
-0.015278859,-0.08643948961,0.9961399355,0.08789255266,4.537438202,1,4.048238863
-0.03047376445,0.02829063424,0.9991351208,0.04159336146,2.393327971,1,4.070824671
0.07637868426,0.0125989151,0.9969992798,0.07748834904,0.1634811444,1,4.056730486
-0.01744833525,0.02620977869,0.9995041786,0.03149166077,2.158142238,1,3.922908762
0.006654831041,0.00625989636,0.9999582626,0.009136487362,0.7548275109,1,4.069464643
-0.0392063366,0.05915432238,0.997478636,0.0710270968,2.156103741,1,3.817633249
-0.01079221999,-0.06140631505,0.9980545038,0.06238793796,4.538414743,1,4.219253086
0.04529061113,-0.001057668276,0.9989732939,0.04531846992,6.259836625,1,4.106472637
0.0478616072,0.0641068949,0.9967946492,0.08008825994,0.9294807866,1,4.08421349
0.0675904577,-0.05275154977,0.9963176221,0.08584451232,5.620473987,1,3.983576859
-0.01807281316,0.006077903549,0.9998181997,0.01906860131,2.81717366,1,3.964345221
0.007318601254,-0.006401622906,0.9999527275,0.009723460276,5.564521963,1,3.973441952
-0.02093444449,0.08043967789,0.9965396165,0.08321515549,1.825398755,1,3.877956606
0.01540349499,0.06727669572,0.9976154462,0.06907245553,1.345718415,1,4.001451102
0.005423638518,0.0242760245,0.9996905815,0.02487707531,1.350990609,1,3.923111476
-0.06828443088,-0.06411321934,0.9956037021,0.09380322954,3.895496057,1,3.96705794
0.03439468252,-0.03717833244,0.9987165651,0.05066970544,5.458914286,1,4.022211709
-0.01393160572,0.09102224263,0.9957514056,0.09221286528,1.72267481,1,4.013846572
0.02205223961,0.03636077572,0.9990953872,0.04253819987,1.025622595,1,3.844681048
0.02403742627,-0.01473949171,0.9996023957,0.0282003771,5.733124222,1,3.999287286
-0.00495026203,-0.01841244996,0.9998182218,0.01906744519,4.449745526,1,3.995528825
-0.03508638177,0.03635985073,0.9987226377,0.05054966524,2.338372219,1,3.95324274
0.05532594188,0.003876692371,0.9984608212,0.05549006826,0.06995572514,1,3.966172246
-0.01885655871,-0.01756749824,0.9996678514,0.02577467557,3.891615221,1,3.92312018
0.0315773333,-0.03178274429,0.9989958604,0.044817578,5.494545193,1,4.073621956
0.04402127005,-0.01438392612,0.9989270396,0.04632822735,5.967371898,1,3.869486181
0.05295092696,0.002155029535,0.9985947903,0.05301959906,0.04067616927,1,4.009592646
0.03332633761,0.05175547956,0.9981035645,0.06159602536,0.9987078465,1,4.019362429
-0.01022587284,0.01002962736,0.9998974138,0.01432396357,2.36588269,1,3.925194131
-0.02089188261,0.01489643479,0.9996707585,0.02566162631,2.522178457,1,3.862304546
-0.05705931052,0.04417890402,0.9973928311,0.07222606982,2.482743292,1,3.820008054
0.07434002861,0.0349335394,0.9966208948,0.08223150206,0.4392917585,1,3.923334366
0.03526807316,0.04379057876,0.9984180228,0.05625645735,0.892783262,1,3.909287587
0.04905028527,0.05629468149,0.9972085932,0.07473561971,0.8540583847,1,3.926379445
0.06289285778,-0.02321738718,0.9977501899,0.06709179161,5.929546403,1,3.959503781
-0.07398564107,-0.01010083791,0.9972081518,0.07474153131,3.277278096,1,4.070622752
-0.0123868809,-0.004494867358,0.9999131769,0.01317758331,3.489689475,1,4.014894218
-0.04342459943,-0.01035883733,0.9990030023,0.0446578859,3.375763957,1,4.085449465
-0.05760695068,-0.009863578877,0.9982906135,0.05847860636,3.311170273,1,3.85719237
-0.05978137242,-0.04769196088,0.9970715443,0.07654914974,3.814974153,1,3.9862407
-0.05826272155,-0.008285983481,0.9982668971,0.05888299898,3.282862884,1,3.977619664
0.06391859635,-0.02724416498,0.9975831637,0.06953862863,5.880271425,1,3.774631587
0.01546112558,0.0307168107,0.9994085407,0.0343952804,1.104477014,1,3.906056714
-0.0604043945,0.01804271302,0.9980109066,0.06308332895,2.851330156,1,3.997085908
0.07037770782,0.02721444289,0.9971491124,0.07552805086,0.3689809205,1,3.862966516
0.0008073327052,0.0375199882,0.9992955512,0.03753748788,1.549282244,1,4.061860588
-0.04459638036,-0.04289416571,0.9980837908,0.06191641971,3.907537288,1,3.94108247
-0.0477710434,-0.003256564778,0.9988530033,0.04790023039,3.209657614,1,4.005001573
0.02333846415,0.03747984559,0.9990248131,0.04416662544,1.013857186,1,4.109017388
-0.004518672162,-0.02644321681,0.9996401042,0.02682973756,4.543141634,1,3.962699652
-0.05527989457,-0.02441408506,0.9981723727,0.06046791269,3.557476816,1,4.039922086
0.02590626024,0.007395131698,0.999637023,0.02694434944,0.2780620736,1,3.910778299
0.06780187225,0.004660111876,0.9976879219,0.06801425755,0.06862339251,1,4.044933962
0.01129991272,0.04713441084,0.9988246389,0.04848899692,1.335499025,1,3.951308873
-0.07120825655,0.003459199975,0.9974554718,0.07135275862,3.093052177,1,3.914997262
-0.0007773949764,-0.07891344221,0.9968811686,0.07899941698,4.702538063,1,4.079798761
0.04613564641,-0.04263161923,0.9980250734,0.06285820519,5.537240977,1,3.967724583
0.05196153448,-0.01135781043,0.9985844977,0.05321346356,6.06798878,1,4.211046798
0.0331862586,0.05689986783,0.9978281802,0.06591822736,1.042791785,1,4.009518773
-0.007007406108,0.02587094151,0.9996407308,0.02680636974,1.835309658,1,4.01241977
-0.05203487417,-0.04996614272,0.9973944839,0.07220316296,3.906712118,1,3.938139031
-0.06204812979,-0.05599985162,0.9965009013,0.08367964225,3.875799818,1,4.152492084
0.01816366833,0.05830903413,0.9981333266,0.06111062793,1.268816431,1,3.933231031
-0.03185516934,-0.05421636931,0.9980209584,0.06292367873,4.181169508,1,4.111566364
-0.06312970038,0.06937990235,0.9955908146,0.09394071946,2.309061506,1,3.937653913
-0.04970063138,0.0182336371,0.9985977076,0.05296452044,2.78996923,1,4.052698343
-0.07542770017,-0.01206549757,0.9970782747,0.0764610906,3.300209982,1,3.948540717
-0.02426459215,-0.05011104187,0.9984488535,0.05570543381,4.261447731,1,3.944969476
0.04848000128,-0.01704372647,0.9986787276,0.0514113511,5.945119624,1,4.069099984
0.04817472288,0.005971359313,0.9988210745,0.04856247889,0.1233231088,1,3.943259773
-0.03057591678,0.01116039793,0.999470139,0.03255480792,2.791612364,1,4.248549292
0.03344594062,0.002729820597,0.9994368,0.03356345939,0.08143837377,1,3.924369586
-0.05474783433,0.05714294856,0.996863761,0.07921969034,2.334791936,1,4.01741565
-0.03965014102,0.02707545344,0.9988467281,0.04803110846,2.542463626,1,3.987407693
-0.01017827993,0.0509105257,0.9986513511,0.05194135506,1.768119639,1,3.951673139
0.0462313756,-0.02162785435,0.9986965985,0.05106240801,5.845613399,1,4.116380376
-0.0505823181,0.0107311438,0.998662241,0.05173117722,2.932540176,1,4.056539942
-0.01613810225,0.03217590028,0.9993519265,0.03600398487,2.035690107,1,3.945241659
0.01324228709,-0.07400291622,0.9971701009,0.07524938248,4.889457683,1,4.094959395
-0.003983473515,-0.01420638396,0.9998911494,0.01475483665,4.439009171,1,3.843302502
-0.06921664907,0.02870497893,0.9971885878,0.07500307339,2.748468155,1,3.999833015
-0.04236059812,-0.02441644449,0.9988039933,0.04891309058,3.664474815,1,3.937849482
0.05830346982,0.03489650545,0.9976887988,0.06800135281,0.5393395542,1,3.878599095
-0.01106709868,-0.0108690527,0.9998796843,0.01551245568,3.91796277,1,3.784927955
0.04419006689,0.05733930769,0.9973762789,0.07245507832,0.914192942,1,3.883944525
0.08953164769,-0.03219190132,0.9954635933,0.09528736226,5.938020268,1,4.075540371
0.02674511006,0.01766526351,0.9994861868,0.03205798597,0.5837242935,1,3.874846439
0.003926258688,0.09042350784,0.9958956641,0.09063273799,1.52740281,1,3.991545374
0.0631064095,-0.01665026979,0.9978679019,0.0653124214,6.025219702,1,4.005461273
-0.0413898102,0.06515299315,0.997016535,0.07726512378,2.136747493,1,4.063287497
0.02667526173,-0.02450782797,0.999343683,0.03623227265,5.540108535,1,4.088611234
-0.04214607137,-0.01388280694,0.9990150031,0.04438825713,3.459796708,1,4.073881845
-0.003128599511,0.03635294501,0.9993341159,0.03649542401,1.65664658,1,4.119749355
-0.006922356272,-0.04623193613,0.9989067469,0.04676435239,4.563762076,1,3.903692301
-0.06102408929,0.03684176525,0.9974561368,0.07134342944,2.59843872,1,4.038692524
0.06870257175,0.001799360993,0.9976355642,0.06878034834,0.02618460553,1,3.876325355
0.0249138453,0.05797034816,0.9980073843,0.06313917706,1.164893431,1,4.122282284
0.009451411126,0.005063691791,0.9999425133,0.01072261876,0.4918450052,1,4.026677554
-0.003416013536,-0.0926317446,0.995694577,0.09282796947,4.675528331,1,4.190052835
0.005779710251,-0.01269895734,0.999902661,0.01395282055,5.139503024,1,3.874851169
-0.02879987838,0.02997582837,0.9991356348,0.04158099936,2.336189744,1,4.063417289
-0.017355374,0.0355396651,0.9992175555,0.03956125803,2.025071,1,3.934196176
-0.03613591536,0.01566833507,0.9992240484,0.03939675044,2.732464946,1,3.901828715
-0.004642050913,-0.08513937778,0.9963582376,0.08536949003,4.657919952,1,4.061737873
-0.02419755449,0.03888127766,0.9989508119,0.04581204237,2.127483886,1,3.990868553
0.0441897961,0.06874510218,0.9966550922,0.08181410856,0.9994947067,1,3.884655937
-0.02805372689,0.006346897909,0.9995862671,0.02876669855,2.919097504,1,3.882061848
0.04296846592,0.03870548293,0.9983263978,0.05786310121,0.7332503475,1,3.957828421
0.07972158763,0.05316856669,0.9953981977,0.09597224671,0.5881835716,1,4.173285802
-0.07517289197,0.004421200876,0.9971607139,0.07537414323,3.082846561,1,4.13258459
-0.04206647755,-0.06803906641,0.9967954138,0.08007870202,4.158644243,1,3.846466558
0.03970392023,0.05568200327,0.997658816,0.06844118717,0.9513671363,1,4.109691132
0.02154314137,0.03219047876,0.9992495515,0.03874383561,0.9810146141,1,3.911745414
0.04652949291,0.03924129106,0.9981458447,0.06090531222,0.7006287833,1,4.033807863
-0.01904106734,-0.07091126015,0.9973008728,0.07348934976,4.450057417,1,4.032790371
-0.009939745206,-0.003234347185,0.9999453687,0.01045291901,3.45618212,1,3.916693597
0.05124509508,-0.06860379625,0.9963269842,0.08573525005,5.353949166,1,3.934563899
0.05067924744,0.04401505337,0.9977446011,0.06717510326,0.7151381316,1,4.105549765
-0.01529510138,0.003458053073,0.9998770433,0.0156817861,2.919241996,1,3.86765104
0.09366459913,-0.01842606985,0.995433284,0.09560539831,6.088941772,1,4.239903055
-0.05417944151,0.05162606509,0.9971957368,0.0749076073,2.380322544,1,3.897107005
0.001473938248,-0.08697978434,0.9962089864,0.08710236854,4.729333115,1,3.88431277
0.03640486071,0.06862350251,0.9969781848,0.07776037932,1.083046424,1,4.003127473
0.01499061791,0.07234791751,0.9972667949,0.07395202605,1.366485658,1,3.91502783
-0.02360438733,0.06515876578,0.9975956937,0.06935806139,1.918350804,1,4.084772518
0.04801845067,-0.009544107654,0.9988008502,0.04897733179,6.086983132,1,4.14525978
-0.002803472597,0.0486456866,0.9988121634,0.04874570449,1.628363097,1,3.854814853
-0.0956858723,-0.02335588329,0.9951375365,0.09865504758,3.381000474,1,4.021948243
-0.0650513802,0.01412457692,0.9977819473,0.06661641229,2.927781926,1,4.007709205
-0.02400964133,0.06613694546,0.9975216497,0.07041838832,1.919030958,1,4.046563785
0.0428811812,-0.07812853407,0.9960206506,0.08924114955,5.214352143,1,3.962232588
0.06455108293,-0.03660748673,0.9972427235,0.07427710968,5.767301701,1,4.106604973
0.0546480806,0.01706427825,0.9983598538,0.05728166784,0.3026640149,1,3.832658643
-0.03511770817,0.05327209655,0.9979623391,0.06384909187,2.153621581,1,3.695958999
-0.0399787431,0.06135290636,0.9973151563,0.07329455588,2.148309113,1,4.090831539
-0.03319755458,0.0231422887,0.9991808429,0.0404788574,2.532810108,1,4.093320409
0.03711275266,-0.09050748929,0.9952040183,0.0979777548,5.101530497,1,4.030733873
0.02820738073,-0.06113647032,0.9977307631,0.06738094156,5.144669297,1,4.07149552
-0.04339096195,0.06326363115,0.9970531267,0.07678960628,2.171979591,1,4.021681949
0.04930122517,-0.04142629187,0.9979244719,0.06443984026,5.584367779,1,3.962540321
-0.03366878734,-0.01044607215,0.999378453,0.03525936442,3.442435353,1,4.051463345
-0.0477906508,-0.01892314639,0.9986781104,0.05142335884,3.518610709,1,3.935467397
-0.003193391377,-0.00495463068,0.9999826268,0.005894617553,4.139871105,1,3.916629367
-0.05372864823,0.03798859518,0.9978327009,0.06584956206,2.526153847,1,4.040489888
0.05135337599,-0.03742066538,0.9979792205,0.06358396724,5.653463005,1,4.081072928
-0.01846665679,0.01145338338,0.9997638734,0.02173181415,2.586438282,1,3.996855615
0.02322118136,-0.04441938207,0.9987430577,0.05014390773,5.194087294,1,3.85829574
0.05696841299,-0.00248232792,0.9983728953,0.05705341684,6.239639094,1,3.848395354
-0.03332454017,-0.05093836843,0.9981456595,0.06090835488,4.133057808,1,3.971274558
0.06341765418,-0.02317457863,0.9977179662,0.06757073763,5.932832931,1,4.026079874
0.01500969352,0.02844175712,0.999482754,0.0321649061,1.085208164,1,3.951642477
-0.03604578879,0.03421881496,0.9987641232,0.04972185512,2.382189973,1,4.011221965
0.01504438205,0.06264090872,0.997922734,0.06446682133,1.335091894,1,4.127179489
0.01622026801,-0.03927485702,0.9990967864,0.04250528533,5.104046384,1,4.249789983
0.08567711626,0.0001328849425,0.9963229467,0.08578238724,0.001550995666,1,4.093929582
-0.01300648398,-0.02385558537,0.9996308031,0.0271742401,4.213224924,1,3.996517969
0.01372161494,-0.009626809012,0.999859511,0.01676259182,5.671399805,1,3.887876626
-0.05084493556,0.0546864273,0.9972081965,0.0747409323,2.319809133,1,3.918194368
-0.01405014371,-0.07944465477,0.9967402572,0.08076528146,4.537344501,1,4.028386361
-0.03032833141,0.07161104986,0.9969714388,0.07784717206,1.971408229,1,4.057744097
0.07995046802,0.02072903902,0.9965832778,0.08268820511,0.2536874557,1,4.075568924
0.06055021549,0.06426184607,0.9960944165,0.08840959715,0.8151271575,1,3.751749325
0.01004244367,0.079931577,0.9967497641,0.0806473565,1.445813195,1,4.102881573
0.03271280332,0.01402460261,0.9993663908,0.03559989161,0.4050165109,1,3.946599604
-0.01096563768,0.0335361549,0.9993773467,0.03529073315,1.886817641,1,3.9198618
0.05661920506,0.01448650043,0.9982907427,0.05847639639,0.2504848259,1,4.065145719
-0.04050755706,-0.05171582593,0.9978399727,0.06573895865,4.047931609,1,3.885167069
-0.08691294309,0.02479305968,0.9959073474,0.09050356159,2.863710135,1,3.976704913
-0.06603347057,-0.02606511016,0.9974769124,0.07105137996,3.517543997,1,4.04282884
-0.03764408933,-0.03603168265,0.9986413973,0.05213272397,3.905109142,1,3.888259236
-0.03529264325,0.0380762817,0.9986514037,0.05194034139,2.318272387,1,4.099088068
0.02847335601,0.01105743381,0.9995333917,0.03054978153,0.3704171868,1,4.031425087
-0.03720604037,-0.05129848603,0.997990068,0.06341302127,4.084893776,1,4.033318711
0.03496211024,-0.01492261786,0.999277222,0.03802275968,5.879771937,1,4.038797223
-0.01050652468,-0.03727920865,0.9992496553,0.03874115622,4.437681013,1,3.799081264
0.01832393485,0.03046246289,0.9993679361,0.03555644709,1.029256213,1,4.104916289
0.06275802899,-0.01441706068,0.9979246355,0.06443729888,6.057378535,1,4.048261051
0.006252475117,-0.00103786667,0.9999799145,0.006338071491,6.118692228,1,3.869287067
0.03300851134,-0.02465685902,0.9991508782,0.04121266693,5.641616667,1,3.977194356
-0.02825641292,-0.01954012527,0.9994097051,0.03436140251,3.746610641,1,3.994622341
-0.03750356808,0.06940787236,0.9968831575,0.078974211,2.066189651,1,4.059866343
-0.03991195125,0.02644905933,0.998853084,0.04789854501,2.556351519,1,4.11444866
0.006322820927,-0.01830932226,0.9998123777,0.0193715328,5.044900459,1,3.74639117
0.00012262168,0.08499816318,0.9963811004,0.08510093366,1.569353689,1,3.927504432
0.03137184958,-0.06937646796,0.9970971431,0.076213679,5.137068657,1,3.998700717
-0.01714152135,-0.04941593863,0.9986311798,0.05232843585,4.378494193,1,3.815431018
-0.05507229854,0.004670301433,0.9984714469,0.05529815005,3.056991974,1,3.915908119
-0.007628395489,0.02944437169,0.9995373112,0.03042119149,1.824300781,1,3.991357299
-0.001373364229,0.06452802724,0.9979149501,0.06458753604,1.592076335,1,4.107947897
0.05969032327,-0.05457777996,0.9967237989,0.08096902625,5.542498973,1,3.978376728
0.03077110621,0.0934108731,0.9951520225,0.09850786525,1.25257483,1,3.953919398
-0.0475632242,-0.006099123324,0.9988496085,0.04797107744,3.269128565,1,3.919238394
0.01094288728,-0.05466646866,0.9984447057,0.05577988137,4.909953277,1,4.000876048
0.06852330374,-0.009434808775,0.9976049024,0.06922505797,6.146358037,1,3.867523807
0.009502884637,0.001301688596,0.9999539993,0.009591768922,0.136131067,1,4.004287762
-0.04811718176,0.02684327863,0.9984809338,0.05512623558,2.632724981,1,4.127003446
-0.02062883901,0.02958399385,0.9993494075,0.03607389744,2.179706094,1,4.063863252
-0.05190578413,-0.005239982167,0.9986382389,0.05219330023,3.24220359,1,3.982328708
0.04142170399,0.0383836006,0.9984041975,0.05650180674,0.7473475974,1,3.881584793
0.02039761941,0.05958993083,0.9980145176,0.06302602333,1.240997805,1,3.877152873
-0.05456490845,-0.03610546178,0.9978572375,0.06547561675,3.726147148,1,3.98808814
0.02999703169,-0.04032329759,0.9987363064,0.05027842128,5.351983116,1,3.826890949
0.0359063166,-0.09100714392,0.9952027111,0.09799111671,5.088183022,1,4.05750906
-0.0591976906,0.01245382294,0.9981685908,0.06053046261,2.934239566,1,3.965154619
-0.03708224886,0.05596509247,0.9977438625,0.06718610461,2.15597551,1,3.995435843
-0.03205894648,-0.009411007786,0.9994416726,0.03341794087,3.427124551,1,3.831581249
-0.03744502562,-0.03379274834,0.99872715,0.05046028303,3.875766837,1,3.929711021
-0.08236033329,-0.003029356435,0.9965980125,0.08250961376,3.178357821,1,3.904341111
0.002989485528,0.08922566466,0.9960069496,0.08939474925,1.537304084,1,3.981657421
-0.0005075973273,-0.04248535247,0.9990969608,0.04250117883,4.700441965,1,3.968683833
0.02818572795,-0.05134896854,0.99828295,0.05860958365,5.214391446,1,4.119060556
-0.05130596245,-0.04829238161,0.9975146836,0.07051732411,3.896742707,1,4.049984495
0.04375557837,0.07144978304,0.9964840078,0.08388151725,1.021311771,1,4.077560126
-0.05437498947,-0.007150242935,0.9984949847,0.05487062831,3.272341212,1,4.033548203
0.0706191225,0.04387514292,0.9965379628,0.08323504824,0.5559289245,1,4.180970337
-0.05780485044,0.05194210112,0.9969757356,0.07779190167,2.409564372,1,3.862937818
0.06321711621,-0.01109655432,0.9979381056,0.06422777144,6.109424609,1,4.032467834
-0.08792245838,0.02654602482,0.9957735435,0.09197213756,2.84837036,1,4.047200614
-0.03799290575,-0.07857646542,0.9961838576,0.0873907547,4.262016068,1,4.015014205
0.0454209161,-0.0320775934,0.9984527873,0.05563473529,5.668290657,1,4.072783565
0.005348070311,-0.04744297138,0.9988596311,0.04776161056,4.824641402,1,3.972691132
-0.04771841239,-0.03644597904,0.9981956941,0.06008075802,3.793849626,1,3.943269607
0.03548260198,-0.01694355586,0.9992266514,0.03933060632,5.837685094,1,4.102580523
-0.04045950301,0.06308294893,0.9971878309,0.07501317352,2.141080731,1,3.973053503
-0.003960527963,0.0698817343,0.9975474211,0.07005115327,1.627410487,1,4.165047258
0.06697355547,-0.002683943257,0.997751141,0.0670776032,6.243132068,1,4.087275253
0.04081111721,0.06584639065,0.9969948373,0.07754571685,1.015950299,1,3.866255272
-0.006209768976,-0.08863392376,0.9960449118,0.08896851208,4.642442415,1,3.947615938
-0.02365042728,-0.03980634621,0.9989274809,0.04631869761,4.176291585,1,4.025343978
0.03160295075,-0.0808943695,0.9962215389,0.08695795539,5.084825905,1,4.10016926
0.006680904865,0.005308849249,0.9999635902,0.008533471611,0.6714581306,1,4.03166044
0.0545876373,0.002317109865,0.9985062949,0.05466401297,0.04242205437,1,4.174027312
-0.04494710005,-0.03698819145,0.9983043784,0.05824261372,3.830158096,1,4.117350701
-0.05759103643,-0.05167878977,0.997001793,0.07745587678,3.87293667,1,3.895618882
0.05834139877,0.05182886537,0.9969503748,0.07811755823,0.7263535242,1,3.876564083
-0.02707238181,-0.01835427005,0.9994649603,0.03271352609,3.737380058,1,4.063952024
-0.0485902927,0.06032061443,0.9969956905,0.0775347018,2.24890243,1,4.120355408
0.03568659539,-0.05749898645,0.997707539,0.06772499373,5.267852198,1,4.048240527
-0.01233542721,0.04592805403,0.9988685855,0.04757368852,1.833185604,1,4.044230544
-0.05097604326,0.08912818844,0.9947148381,0.102857416,2.090328462,1,3.922292954
-0.02551921519,-0.005315852916,0.9996601979,0.02606995577,3.346963622,1,4.097594081
-0.01723169463,-0.013556611,0.9997596146,0.02192692522,3.808186722,1,3.971303098
-0.03513105075,-0.04334196743,0.9984424286,0.05582071218,4.031245085,1,3.739054365
-0.03419708746,-0.007360072442,0.999388007,0.03498729567,3.353583983,1,3.861599706
0.003367134563,-0.05459166061,0.9985030861,0.05472270981,4.773989497,1,3.992802177
0.02642600023,-0.07484655634,0.9968448523,0.07945826927,5.051795272,1,4.012328258
0.009459524693,-0.05506750192,0.9984378236,0.0559031893,4.882509145,1,3.875905739
-0.02268254848,0.06600862299,0.997561208,0.06985390383,1.901785153,1,3.871767731
0.06239368579,0.03574129848,0.9974114435,0.07196768826,0.5202058412,1,4.034357267
0.03210195955,0.06104582159,0.9976186004,0.06902673946,1.086670203,1,4.003789943
5.796213968e-05,-0.07685948223,0.9970419332,0.07693537905,4.713143112,1,3.957155728
-0.05756936234,-0.04937431308,0.9971198252,0.07591519572,3.8505107,1,4.031402154
-0.03804010137,-0.04455265465,0.998282531,0.05861673594,4.005679389,1,4.013770821
0.02518664886,0.02342339597,0.9994083136,0.03440188321,0.7491406334,1,3.794540446
-0.03127152613,0.1005265714,0.9944428089,0.105473654,1.87238447,1,4.211898656
-0.0946333203,-0.01649222541,0.995375578,0.09620801068,3.314134813,1,3.973803274
0.05573460266,0.02921831383,0.998018008,0.06297058212,0.4828511095,1,4.00618585
-0.06440977317,0.01094552209,0.997863506,0.06537973954,2.973264958,1,3.879357119
0.06665242316,-0.0004513952306,0.9977761526,0.06670340505,6.276413035,1,4.082457415
-0.08680675588,0.0480054911,0.995067867,0.09935987774,2.636437143,1,4.247129731
0.02655550578,-0.04603506108,0.9985867906,0.05317033823,5.23561542,1,3.947168055
0.07706045985,-0.01078483767,0.9969680902,0.07789021962,6.144135524,1,4.113194924
0.08100169747,-0.03225478849,0.9961919261,0.08729826186,5.904232548,1,3.861832236
0.004145793981,0.04593794694,0.9989356923,0.04614101232,1.48079245,1,3.982466879
-0.06400061296,0.01868093269,0.9977749968,0.06672074293,2.857595702,1,3.85757844
0.05329177,-0.01110855664,0.9985171943,0.05446415966,6.077680136,1,4.043934731
-0.001233954863,0.01977354185,0.9998037229,0.01981330283,1.63311985,1,4.026926092
0.009537444777,0.002636218332,0.9999510426,0.009895236014,0.2696739951,1,3.928755057
0.01318099477,0.07033504376,0.9974363353,0.07162067908,1.385542131,1,3.904729936
0.03264512744,0.01446068411,0.9993623889,0.03571215223,0.4169891413,1,4.02394101
-0.03211857303,-0.07672313228,0.9965349759,0.08327096724,4.315926481,1,4.090105523
-0.04778253332,-0.001551656071,0.9988565572,0.04782595051,3.174054536,1,4.030593267
-0.03197499268,-0.06560526472,0.9973332187,0.07304748387,4.258884567,1,4.030746402
0.01261455103,-0.04252257886,0.9990158674,0.04436877338,5.000774482,1,4.116913382
0.01179077254,-0.05730970096,0.9982868204,0.05854347018,4.915295531,1,4.018062094
0.08645924472,0.03102627265,0.9957721473,0.09198733773,0.344540967,1,3.986586911
-0.01304451223,0.07316190504,0.9972347649,0.07438427856,1.747238746,1,4.046896608
-0.01938509544,0.0651599722,0.997686522,0.06803485316,1.85995802,1,4.175736534
-0.01994034589,-0.0652766205,0.9976679535,0.06830744441,4.415917267,1,3.933126807
-0.00368148019,-0.04533832744,0.9989649057,0.04550325142,4.631366565,1,3.87248266
-0.01578643528,-0.08144409548,0.9965528826,0.08305539936,4.520931597,1,4.077553692
-0.00553702338,0.07225379044,0.9973709095,0.07252921227,1.647279823,1,3.906361682
0.08152082901,0.02236653563,0.9964206404,0.08463447277,0.2677765978,1,3.946420177
-0.01354603528,0.06569251566,0.9977479633,0.0671249948,1.774149738,1,3.870800351
0.01628505746,0.03789214544,0.9991491291,0.04125509842,1.16488905,1,3.898581728
0.06656142684,-0.01484077454,0.997671954,0.06824880697,6.063809995,1,4.13171019
0.01814389969,0.05812999804,0.998144129,0.0609334939,1.268251971,1,3.86516619
-0.007791746378,0.07974964322,0.9967844717,0.08021537276,1.668189798,1,4.050277601
-0.0317295189,0.001955225886,0.9994945796,0.03179506077,3.080048805,1,3.990424234
-0.04803791285,0.001552150929,0.9988443071,0.04808150596,3.109292934,1,3.906800838
-0.03450731681,-0.04892353142,0.9982062578,0.05990456884,4.09809366,1,4.023212558
-0.0488405867,-0.06094267879,0.9969456289,0.07817835029,4.036783733,1,3.956269354
0.0436066559,-0.03508922812,0.9984323741,0.05600063671,5.60559966,1,4.184923
0.02128418134,-0.05093692514,0.9984750439,0.05523303077,5.108191089,1,3.884446792
-0.01050531759,-0.08317194805,0.9964798369,0.08393128491,4.586745901,1,3.940015211
-0.06931118267,-0.05377405734,0.9961447238,0.0878379868,3.801424326,1,3.986756428
0.0289860666,0.002404381052,0.999576924,0.02908971931,0.08276007884,1,3.936380088
0.03765360399,0.01635468007,0.99915701,0.04106357286,0.4097598136,1,4.086591631
-0.01440780852,-0.02888467765,0.9994789095,0.03228423158,4.249698192,1,4.207828958
-0.01949881538,-0.01768605601,0.9996534398,0.02632794183,3.878279464,1,4.025266759
0.0007047043817,-0.0688233554,0.9976286128,0.06888141994,4.722627943,1,3.849533072
0.04581834534,-0.05655043855,0.9973478466,0.07284677815,5.393331161,1,4.087351917
0.04688190415,-0.07566074233,0.9960308927,0.08912615506,5.267119676,1,3.839532415
-0.02114951043,-0.0297749527,0.9993328527,0.03653002975,4.094775592,1,3.980328602
-0.01575062373,0.08568602645,0.9961976826,0.08723221305,1.752584851,1,3.984988383
-0.008601455679,0.08713014771,0.9961598026,0.08766593147,1.669197123,1,3.889862485
-0.06729901864,-0.05664978302,0.9961233077,0.08808177641,3.84128488,1,3.949937778
0.04122638315,0.02712314262,0.998781618,0.04936860305,0.5819139571,1,3.990519764
0.06040742874,0.05884062393,0.9964380179,0.08442865301,0.7722598805,1,4.181757646
-0.07865002139,-0.02441248568,0.9966033337,0.08244502369,3.442557635,1,3.778956582
0.06272728628,0.04190436803,0.9971505962,0.07550838385,0.5889531196,1,4.059029391
-0.06042413694,-0.02266381304,0.997915465,0.06457955765,3.500432411,1,4.049697011
0.01251192153,0.04632292001,0.9988481561,0.04800135651,1.306989261,1,3.968878021
-0.04810288244,-0.0826315053,0.9954185788,0.09575932029,4.185207364,1,4.004099681
0.03261023894,-0.07374466565,0.996743847,0.0807207729,5.128741468,1,3.799649957
-0.07660712316,0.02322088187,0.9967909206,0.08013485219,2.847279157,1,3.798082647
0.08665420273,-0.01175577424,0.9961690875,0.08755981919,6.148345445,1,3.885922683
-0.04796508873,-0.004449939538,0.9988391003,0.04818971628,3.234102396,1,3.937372319
0.06418029503,-0.008007578525,0.9979061922,0.06472308534,6.159059801,1,3.971099537
0.0390102789,0.05905674484,0.9974921047,0.07083705546,0.9870362216,1,4.020679004
0.01943638157,0.01261341083,0.9997315284,0.02317255199,0.5756429203,1,3.980953284
-0.05657169452,-0.01910652999,0.9982157001,0.05974664495,3.467304044,1,3.982232878
0.05770076187,-0.01371066575,0.9982397707,0.05934216014,6.049895022,1,3.900060334
0.04020650941,-0.02650842359,0.9988396969,0.04817733004,5.700295344,1,4.018979106
-0.04388557152,0.04553361472,0.99799837,0.06328187892,2.337766044,1,3.989368253
-0.05279111666,0.02701193431,0.9982401782,0.05933528777,2.668648132,1,4.008746625
-0.0004416687828,0.07605916087,0.9971032088,0.07613397218,1.576603173,1,3.908194839
-0.007793668394,0.07080517021,0.9974597168,0.07129318975,1.680427016,1,3.991685203
-0.02837463155,0.04843919184,0.9984230191,0.05616752794,2.100693121,1,4.032103014
0.08041555062,-0.0127750031,0.9966795566,0.08151420246,6.125639498,1,4.163172564
0.003952199462,0.002188291545,0.9999897957,0.004517592203,0.5056714657,1,4.010758595
-0.02803756694,-0.08338519332,0.9961228862,0.08808656818,4.388023315,1,3.98309708
-0.02017041017,0.04154802736,0.9989328886,0.04620175791,2.022754255,1,3.825276681
0.005565395927,0.03742625288,0.9992838946,0.03784682036,1.423175084,1,4.214949239
0.0261480018,-0.05280690842,0.9982623465,0.05896027443,5.172159121,1,4.004774618
-0.03770158645,-0.06202336335,0.9973623678,0.07264698888,4.166209341,1,3.91271482
0.05158049492,0.02776737367,0.9982827383,0.05861319759,0.4938400799,1,3.924839785
-0.02761504274,-0.02359090724,0.9993402216,0.03632770191,3.84856474,1,3.947527738
0.02680300767,0.02280659817,0.9993805371,0.03520019612,0.7050145745,1,3.914959054
0.03375927088,-0.04844770184,0.9982550435,0.05908407981,5.320976739,1,3.983936904
-0.03147054769,-0.07533559357,0.9966615037,0.08173561699,4.316685271,1,4.095842427
-0.08199371989,-0.02955445447,0.9961945413,0.08726826154,3.487544585,1,3.953215208
0.07505733702,0.04940205621,0.9959547344,0.0899777294,0.5821117888,1,4.029885152
0.004694592456,-0.01411011822,0.9998894266,0.01487114442,5.033579389,1,4.113162079
0.02468883744,-0.01114338839,0.9996330758,0.02709046538,5.859206541,1,4.021361666
-0.05198284962,-0.02270888974,0.9983897484,0.0567570957,3.553460329,1,3.929262756
0.06413224319,0.03416367589,0.9973564552,0.07272840424,0.4894693392,1,3.91434462
0.002760131028,-0.02379458187,0.9997130586,0.02395642361,4.827871164,1,4.025835218
0.06368261807,-0.01336840008,0.9978806592,0.06511666161,6.076267556,1,4.083742955
0.01323505294,0.05847693188,0.9982010227,0.05999194779,1.348216838,1,4.019253405
0.06578064518,0.0510384942,0.9965279619,0.08335525354,0.6598653816,1,4.009811542
-0.01293724344,-0.04370792072,0.9989605825,0.04559819316,4.424612273,1,4.042723731
-0.06808054364,-0.02936872274,0.9972474706,0.07421311234,3.548856491,1,4.227250013
0.05966541603,0.01869104735,0.9980434274,0.06256534202,0.3035810576,1,3.990926433
-0.02182144668,0.03495531233,0.9991506146,0.04121906586,2.128868341,1,3.846660665
-0.05292091998,0.0479772075,0.9974455192,0.07149222468,2.405152406,1,4.050345704
-0.03757798266,-0.07063804475,0.9967939415,0.08009710457,4.223486369,1,3.896031657
0.01187236321,0.05450784697,0.9984427583,0.05581480145,1.356335718,1,4.106518097
0.07491960429,-0.0679384901,0.9948725619,0.1013096822,5.546615774,1,3.845202436
0.03730119304,0.05487857524,0.9977960528,0.06640417522,0.9738220296,1,4.081007277
-0.02122677816,-0.05930548518,0.9980141699,0.06303154296,4.368673604,1,4.000945159
-0.0112614776,-0.02542296984,0.9996133511,0.02780912815,4.295401012,1,3.934710927
-0.03387270131,-0.09423729241,0.9949733528,0.1003081655,4.367328779,1,4.00819184
-0.0149830156,0.03736409962,0.9991893881,0.04026714376,1.952164744,1,4.070434644
0.02067080426,0.07379683579,0.9970590478,0.07671238265,1.297690994,1,3.998308238
0.006224079705,-0.008773815382,0.9999421388,0.0107574843,5.329390927,1,3.9521378
-0.02168631309,-0.04075003452,0.9989340011,0.04617766489,4.223330778,1,3.90566227
-0.04505250498,0.0432718578,0.998047002,0.06250814464,2.376352077,1,4.074801259
0.03115487058,-0.04734578232,0.9983925836,0.05670709377,5.294387397,1,3.925648395
-0.04584431976,-0.04197022579,0.9980665301,0.06219474703,3.882902636,1,4.059926762
-0.05775850497,-0.02900956022,0.9979090141,0.06467943972,3.607043496,1,3.89546356
0.07203760814,0.02427564712,0.9971064517,0.07609132461,0.3250341161,1,4.032380503
-0.05869298166,0.04739016383,0.9971505936,0.07550841855,2.462340816,1,3.943386636
0.02506620573,0.04454070528,0.9986930514,0.05113185681,1.058201223,1,4.009682375
-0.04903447505,0.06930073693,0.996389998,0.08499618946,2.186578556,1,4.018485613
-0.006620678592,0.086434064,0.9962355741,0.08679619858,1.64724507,1,4.083473994
0.01715343893,0.02145929499,0.9996225579,0.02747602161,0.8964532314,1,4.022428334
0.03602296256,0.03592364142,0.9987050807,0.05089595064,0.7840176802,1,4.08371184
1.548960224e-05,0.06802108061,0.997683884,0.06807364598,1.570568609,1,3.985633052
-0.02118649329,0.005232069501,0.9997618506,0.02182470321,2.899483741,1,4.015281645
0.09182797509,-0.0283750447,0.9953705239,0.09626061016,5.983490228,1,4.021351644
-0.04722981634,0.07894034134,0.9957598942,0.09212063372,2.109963118,1,4.068670158
-0.01857072827,0.07592941004,0.9969402453,0.07824725302,1.810666265,1,3.964029433
-0.02052889517,-0.02780162477,0.9994026386,0.03456648208,4.076349217,1,4.1705181
0.01727926195,0.0134089679,0.9997607847,0.02187349111,0.6599439362,1,4.052472654
-0.004649287411,0.01132777508,0.99992503,0.01224507475,1.960263789,1,4.035232207
0.06719555347,0.03392228024,0.9971629939,0.07534385845,0.467503534,1,3.98930782
0.05351833393,0.0184212785,0.9983969373,0.05663022469,0.3315029429,1,4.01535355
0.01440599222,-0.0001603181631,0.9998962155,0.01440738267,6.272057192,1,4.119379624
0.02332226388,0.04980027693,0.9984868574,0.05501862124,1.132815687,1,3.928683076
-0.01083206669,-0.06754847187,0.9976571908,0.06846494873,4.553382814,1,3.978613317
0.03651999288,0.06197990475,0.9974090342,0.07200118627,1.03833869,1,4.039188037
-0.04026848503,-0.03563641885,0.9985532008,0.05379866611,3.866041803,1,4.160458912
0.006760624498,-0.07534538731,0.997134578,0.07572042691,4.801877776,1,3.978861249
0.0138412337,-0.03823213108,0.9991730203,0.04067170402,5.059741772,1,4.276137878
0.03525963226,-0.0156158016,0.9992561759,0.03857243397,5.866267756,1,4.210587291
-0.01674786678,0.002190033286,0.9998573462,0.0168912528,3.011565526,1,4.064089195
0.05168314798,0.04730596331,0.9975424793,0.07012172141,0.7412081,1,3.778393658
0.01991409682,-0.03313798076,0.999252372,0.03867094932,5.253502888,1,4.018765333
0.04454160254,-0.03200634893,0.9984946867,0.05487606329,5.660103347,1,3.984025977
-0.01325867839,0.01556800067,0.9997909005,0.02045026883,2.276254618,1,4.121320231
-0.02817393568,0.04584390309,0.9985512335,0.05383523882,2.121854665,1,4.135945976
0.03449947222,-0.05163328522,0.9980700328,0.06213836762,5.301427079,1,3.999580846
0.03999091832,-0.003433377297,0.9991941445,0.04014881749,6.197541394,1,4.001698661
0.0639083384,-0.0460749646,0.9968915798,0.07886738101,5.658534324,1,4.020251994
0.003114091623,-0.07466871995,0.9972035322,0.07480337042,4.754070263,1,4.111410159
4.030372299e-05,0.05698632473,0.9983749582,0.05701722746,1.570089074,1,3.959422678
0.004611591238,-0.02382806437,0.9997054349,0.02427260017,4.90356162,1,3.999096883
-0.03892996076,-0.0305123246,0.998775979,0.0494827404,3.806361621,1,4.063391918
0.05649898111,0.05924641477,0.9966432298,0.08195913475,0.8091305789,1,3.963127713
0.03653237489,0.05130871862,0.9980144292,0.06302742556,0.9520546549,1,4.032514373
0.03615992735,0.08632643251,0.9956104694,0.09373095254,1.174125589,1,4.023419357
0.04325615831,-0.04417670948,0.9980868314,0.06186725952,5.48725887,1,4.078020925
0.02800140251,0.06135265728,0.9977232948,0.06749177232,1.142632251,1,4.047933464
-0.004769562556,-0.05979810341,0.9981990974,0.06002405144,4.632796379,1,3.951568732
0.003482490748,-0.06150865845,0.9981004745,0.06164620301,4.768946493,1,3.98763553
-0.07471719077,0.03907978786,0.9964387144,0.08442039312,2.659686457,1,4.126278341
-0.0201540177,-0.06957287624,0.9973732654,0.07249669508,4.430424811,1,3.874788574
0.0590488193,-0.04145291253,0.997394051,0.07220916299,5.671111046,1,3.997884752
0.06564766986,-0.0326756941,0.997307717,0.0733960748,5.821344611,1,3.887741563
0.008924075805,0.0269738926,0.9995963035,0.02841561738,1.25129034,1,3.970630118
0.03109702014,-0.04061792029,0.9986907228,0.05117739656,5.365798635,1,4.04333452
-0.09555042514,-0.01625828006,0.9952918088,0.09707615975,3.31013241,1,4.077282062
-0.01205746389,0.04505622146,0.998911685,0.04665859923,1.832278564,1,3.913794297
0.08962967428,-0.04887391483,0.9947752821,0.1022670409,5.783967562,1,3.932022222
-0.0008528062257,-0.02952081319,0.999563802,0.02953742353,4.683508708,1,3.97189702
0.003346192981,-0.01322920511,0.9999068912,0.01364626082,4.960132629,1,4.143632446
0.03677274553,-0.05090937183,0.9980260523,0.06284262034,5.337936832,1,4.060838023
0.06789097831,0.05736944655,0.9960419477,0.08900186565,0.7015976256,1,3.850411814
0.01635584462,-0.03607048257,0.9992153955,0.03961583288,5.138100963,1,3.912648042
0.0136459711,-0.06231572753,0.9979631945,0.06383568448,4.927967285,1,4.167193546
-0.03616638836,-0.03953924641,0.9985632881,0.05361074618,3.971513647,1,4.026954642
-0.05403792549,-0.05645232425,0.9969418427,0.0782268152,3.948839031,1,4.083802105
0.0318886865,-0.03864932202,0.9987438819,0.05012746126,5.402235145,1,4.130449531
0.0558951528,-0.08009658267,0.9952187043,0.09782750863,5.321668456,1,4.055184644
-0.02975453529,0.04722178167,0.9984411705,0.05584325656,2.133056029,1,4.032603281
0.0001142888391,-0.07967471503,0.9968209101,0.07975933563,4.713823422,1,3.865341805
0.00113639368,-0.03328109758,0.9994453848,0.03330665088,4.746521038,1,4.047095084
0.07308484879,0.03689955026,0.9966428789,0.08196342059,0.4675491278,1,4.010008244
0.01645275694,0.001719131611,0.9998631663,0.01654308282,0.1041111726,1,3.966324407
-0.04483791827,-0.05082110857,0.9977007447,0.06782531856,3.989456498,1,3.898507231
-0.03739874504,0.007282414866,0.9992738865,0.03811040171,2.949275753,1,4.038323289
-0.06368187616,-0.04892107208,0.9967704587,0.08039006297,3.79664684,1,3.884975572
-0.02895910924,0.02254090139,0.999326412,0.03670595635,2.480180601,1,4.033628188
-0.06571639725,-0.001302307154,0.9978374913,0.06577672103,3.161407141,1,4.090586866
-0.03523619449,-0.05801632489,0.9976935986,0.06793067862,4.166582846,1,3.933848101
0.02164351682,-0.001845124447,0.999764049,0.0217237321,6.19814026,1,3.922494447
0.002344763064,0.0001245458165,0.9999972433,0.002348070617,0.05306671971,1,3.830272007
0.002495455634,-0.04085674572,0.9991618983,0.04094432286,4.773391377,1,3.958993775
0.006700805448,-0.002746675702,0.9999737771,0.007241956775,5.894171702,1,3.932547717
-0.05090615927,-0.03962065062,0.9979172145,0.06455244228,3.802965857,1,3.93996641
0.02086500378,-0.03892775775,0.9990241645,0.04418131349,5.204414657,1,4.033261005
-0.001341826711,-0.0185632556,0.9998267875,0.0186127634,4.640230463,1,3.919234846
-0.07011006627,-0.00627313744,0.9975195368,0.07044841092,3.230830577,1,4.071214816
-0.02310325994,0.05754618005,0.9980754864,0.06205048291,1.952572221,1,4.002684398
0.04872741583,0.04850062045,0.9976338651,0.06880506674,0.7830655546,1,4.127153732
0.05025623724,-0.03773498382,0.998023237,0.06288743272,5.639139299,1,4.153436312
-0.009552944973,-0.07496082856,0.99714072,0.07563919156,4.585633077,1,4.09882007
0.03854919842,0.09113661182,0.9950919944,0.09911635215,1.1706357,1,4.072622044
-0.002360125525,0.01842267856,0.9998275025,0.01857430893,1.69821209,1,3.916789983
-0.05510966743,-0.01928159816,0.9982941172,0.05841862684,3.478157779,1,3.885129895
-0.0662543532,-0.01511837793,0.9976882255,0.06800978976,3.36593839,1,3.998023382
0.05443976402,0.008213631972,0.9984832739,0.05508374755,0.1497461683,1,3.949789233
0.07151625935,-0.03004062027,0.9969869537,0.07764741624,5.885512252,1,3.921131605
-0.0703228713,0.03785382748,0.9968057893,0.07994889217,2.647787263,1,4.045595906
-0.03991061,0.07759968217,0.9961854408,0.08737261329,2.045829524,1,4.098314555
-0.04455026087,0.01282173339,0.9989248607,0.0463752513,2.861362268,1,3.879708734
0.05570424434,0.03993994728,0.9976481533,0.06859692627,0.6220445254,1,3.956877313
0.02117618325,0.005376227112,0.9997613042,0.02184972594,0.2486278664,1,3.925269132
-0.007745339084,0.04333722611,0.9990304773,0.04403815192,1.74765162,1,4.024603379
0.007490952689,0.06670725093,0.9977444704,0.06717704919,1.45896889,1,3.865477793
-0.05115007673,0.003952216306,0.9986831578,0.05132506858,3.064478807,1,3.806716685
-0.06360081518,0.008671632043,0.9979377431,0.06423341974,3.006083562,1,4.084493991
-0.03191684606,0.08457810442,0.9959055473,0.09052347564,1.931639115,1,4.091796048
0.005261675405,-0.03735477455,0.9992882145,0.03773247885,4.852325189,1,4.130399895
0.0016803161,0.06928553406,0.9975954547,0.06936150983,1.546549032,1,4.149119454
-0.03701200801,0.07863658344,0.9962160403,0.08702124424,2.010707173,1,4.00101878
-0.01384745337,-0.03924179659,0.9991337896,0.04162536546,4.373155114,1,3.784280216
-0.002312380323,-0.06305125255,0.9980076114,0.0631355769,4.675730796,1,3.966805811
0.01456494707,0.02751257099,0.9995153429,0.03113506778,1.08391219,1,3.88601829
0.02823000333,0.03449576933,0.9990060604,0.04458933167,0.8849593019,1,4.054681424
0.04401483157,0.04255168428,0.9981242652,0.06125881973,0.7684977722,1,4.014875326
0.0003128124162,0.07495277652,0.9971870353,0.0750237889,1.566622891,1,3.974378116
-0.03558695028,0.03541321831,0.9987389413,0.05022596538,2.358641409,1,3.88398769
0.01790349743,0.0268699101,0.9994786004,0.03229380402,0.9830456449,1,3.774655369
0.002725291305,-0.07835122838,0.9969220921,0.0784791447,4.74715797,1,3.946217886
0.003356362214,0.0225710714,0.9997396069,0.02282123658,1.423176112,1,3.907337142
-0.02078111748,0.03347845238,0.9992233676,0.03941403138,2.12632,1,3.929043773
-0.008033870825,-0.02606980812,0.9996278418,0.02728301027,4.413455899,1,4.107302423
-0.03564011816,0.01486966805,0.9992540593,0.03862728298,2.746332586,1,3.987769452
-0.005458500441,0.07190713043,0.9973963953,0.07217666206,1.64656144,1,3.910146915
-0.06084018578,0.03951833781,0.9973649145,0.07261189359,2.565538523,1,3.696476241
-0.05197662021,-0.01124340108,0.9985850073,0.05320388119,3.354626816,1,3.976973305
0.007683340458,0.05076510958,0.9986810652,0.05136584203,1.420585556,1,3.904192939
0.02279074835,-0.00968224887,0.9996933709,0.02476468287,5.881456607,1,4.09844449
-0.001737212806,0.02653868037,0.9996462777,0.02659861451,1.636162722,1,3.962586339
-0.06629634792,-0.0003521986569,0.9977999149,0.06634594616,3.146905093,1,4.011982512
-0.01374945254,-0.04790922982,0.9987570567,0.04986383254,4.432910619,1,4.050089825
0.04300871846,0.07196483248,0.9964794594,0.08393578777,1.03211745,1,4.112392796
-0.02692171678,-0.01585414554,0.9995118145,0.03124820862,3.673808933,1,3.838154645
0.0267877696,-0.08779658707,0.9957781754,0.09192168987,5.008528823,1,4.001298732
0.02591729543,-0.05426621866,0.9981900978,0.06017388868,5.157952785,1,4.003785384
-0.001954152136,0.0220655556,0.9997546162,0.02215372971,1.659127082,1,4.081651273
0.01457657014,-0.006660213658,0.9998715743,0.0160267537,5.85459803,1,4.077388309
-0.0163670037,0.06538154354,0.9977261022,0.0674501315,1.816086157,1,3.979508248
-0.01179315546,0.09095835618,0.9957848658,0.09184877544,1.699731507,1,3.980619385
-0.06292264864,-0.01288344377,0.997935247,0.0642722949,3.343551801,1,4.032548495
-0.06827376152,0.01478752299,0.9975570273,0.06991377642,2.928295717,1,4.004963276
0.02785700725,0.05272901665,0.9982202352,0.05967064579,1.084761903,1,4.264621302
0.05548353034,-0.008565076558,0.998422865,0.05617027236,6.130022807,1,4.023198225
0.03544020633,-0.07074511738,0.9968646448,0.07920852145,5.17680127,1,3.98680994
-0.006158585943,-0.05911636339,0.998232101,0.05947134084,4.608586074,1,3.933957688
-0.04073012736,0.03047926107,0.9987051974,0.05089365554,2.499166162,1,4.076601178
0.06646668177,0.01548214623,0.9976685238,0.06829908837,0.2288502768,1,4.087889654
0.009663145007,-0.04692091891,0.9988518664,0.04792396844,4.915494631,1,3.923737971
0.04028555883,-0.00120348821,0.9991874826,0.04031445061,6.253320253,1,3.993030285
-0.07058902204,0.05576081377,0.9959457423,0.09007774599,2.473018458,1,4.087910498
-0.01440361604,0.02646151623,0.999546059,0.0301322212,2.069270672,1,4.105262939
0.06537073949,0.06005727688,0.996052102,0.08888755123,0.7430608318,1,4.049377738
0.05490294963,-0.03019063669,0.9980351655,0.06269734069,5.780425802,1,3.972651314
0.05347145039,-0.04734339571,0.9974464431,0.07147928937,5.558497686,1,3.757264528
0.01297055815,0.01321094985,0.999828603,0.01851496001,0.7945796416,1,3.884858993
-0.0293017932,-0.07059823014,0.9970743677,0.07651222023,4.318976192,1,3.853456466
-0.03434422858,0.04879541058,0.9982181534,0.0597055436,2.184095741,1,3.952411433
-0.006752650984,-0.01920358112,0.9997927906,0.02035762933,4.374258346,1,3.953141288
-0.015828678,0.007115002608,0.9998494035,0.01735513033,2.719153983,1,4.184209172
0.01405720509,0.01150855924,0.9998349604,0.01816833147,0.6860366523,1,4.014149653
0.03935395574,0.002740921258,0.9992215738,0.03945952931,0.06953563229,1,3.973023963
0.07535035422,0.007728519078,0.9971271705,0.07581828405,0.1022103641,1,3.952227897
-0.06739360927,-0.05671081117,0.99611344,0.0881938794,3.841123371,1,4.071710993
-0.07237268902,0.03259809161,0.9968448015,0.07945890882,2.718389682,1,3.987272816
-0.04741384212,-0.03945076506,0.9980959697,0.06171928125,3.835574043,1,3.851119788
0.04903010053,0.04871049927,0.9976088094,0.06916855092,0.7821282825,1,4.105942944
0.03398361354,0.008708476603,0.9993844488,0.03508886973,0.2508571604,1,3.850370414
-0.0388294707,-0.05855601484,0.997528679,0.0703184133,4.126848082,1,3.929697844
-0.06843298708,-0.01024080496,0.9976031537,0.06925033474,3.290137547,1,3.96346194
-0.04373681428,-0.008935334298,0.9990031286,0.0446550581,3.343117263,1,4.107702806
0.01354334642,0.05422648106,0.9984368115,0.05592130093,1.326048063,1,4.084325622
0.07804399114,-0.01267745345,0.9968693082,0.0791495636,6.122152015,1,4.206619358
-0.04820581329,-0.0001036032785,0.9988374186,0.04822461442,3.143741837,1,3.957638687
-0.0441214725,0.04176008064,0.9981529899,0.06078780984,2.383683479,1,4.019729751
0.03081355999,-0.01743603934,0.999373058,0.03541207483,5.7682501,1,3.945859508
0.04165790832,-0.07366713598,0.9964124506,0.08473129905,5.227045635,1,3.994778373
-0.03067135027,-0.07022966404,0.9970592071,0.07671030386,4.300625625,1,4.052860846
0.01864110219,-0.02160203176,0.9995928479,0.02853698483,5.424343462,1,4.186635684
-0.008005874676,0.03713025282,0.9992783648,0.03799268457,1.783161146,1,3.890407966
0.07838979051,0.03046165619,0.9964572887,0.08419982254,0.3706334943,1,3.904070401
0.005000787983,0.054494067,0.9985015717,0.05475039026,1.479285066,1,4.101635707
-0.06313317861,0.006138899145,0.9979862302,0.06347355414,3.0446601,1,4.162662213
-0.08374959691,0.008491083057,0.9964506543,0.08427867223,3.040551364,1,4.029510268
0.01257797697,-0.05247055382,0.9985432567,0.05398327765,4.947664433,1,4.000600435
0.03981780632,0.02799821549,0.9988146186,0.0486952916,0.6128423926,1,4.082127704
0.07474815367,-2.909163791e-05,0.9972024432,0.0748179415,6.282796112,1,4.112620486
0.01354730813,0.008631442263,0.999870976,0.01606404525,0.5672769051,1,3.979838894
-0.02329181132,0.01613100586,0.9995985605,0.02833606716,2.535876608,1,4.009631766
0.02809940324,-0.01932904406,0.9994182366,0.03411216336,5.680639328,1,3.858462997
0.04086275705,-0.03747849737,0.9984616153,0.05547574701,5.540959249,1,4.155701954
0.0659724855,0.04177609059,0.9969465329,0.07816677472,0.5644992485,1,3.930476931
-0.07715435894,0.05315169328,0.9956013773,0.09382804673,2.538354779,1,3.989698298
0.09714437152,0.0120278927,0.995197619,0.09804315104,0.1231876738,1,4.128179287
-0.06949669488,0.05097492271,0.9962789603,0.08629426079,2.508743894,1,4.114761685
0.04519768766,-0.01007961668,0.9989272097,0.04632455351,6.063764087,1,4.104204393
0.01764064783,0.05596574234,0.998276837,0.05871385085,1.26544957,1,3.994487191
0.02658050371,0.06093910129,0.9977875038,0.06653288705,1.159493164,1,3.900671978
-0.05574645137,-0.02925321275,0.9980163239,0.06299733819,3.624847343,1,4.004660862
-0.04464456845,0.03665367888,0.9983302912,0.05779573789,2.454170822,1,4.029289424
0.05703151615,-0.02641236405,0.9980229422,0.0628921233,5.849475547,1,3.903193594
-0.05224863675,0.03277860475,0.9980960089,0.06171864517,2.581299433,1,4.215002823
0.01382764642,-0.06718107094,0.9976449769,0.06864325244,4.91538064,1,4.180463893
-0.01852703828,0.04634186645,0.9987538136,0.04992885484,1.951122093,1,3.749142046
0.03938565448,-0.005357030272,0.999209724,0.03975877653,6.148000118,1,3.820576306
0.009970649821,-0.02301532482,0.999685391,0.0250848761,5.121199589,1,4.075150017
0.02032363708,0.0633611073,0.9977837039,0.06659001729,1.260405155,1,4.050129463
-0.0846364863,0.0238300686,0.996126896,0.08804097569,2.867139925,1,4.057143341
-0.0418251191,0.06794103325,0.9968122569,0.07986786845,2.122614125,1,4.121234195
-0.09496269408,-0.01076265053,0.99542265,0.09571673118,3.254446661,1,4.034677454
-0.03214539314,-0.001668000005,0.9994818115,0.03219420076,3.193435398,1,4.103261112
0.08226005561,0.02143845471,0.9963802868,0.08511050507,0.2549468801,1,3.852781787
0.05708487346,-0.01994410848,0.9981701006,0.06050549971,5.947066127,1,4.058261191
0.0200919947,-0.0299397205,0.999349751,0.03606437167,5.303441832,1,3.922568584
0.02886093666,-0.04641849815,0.9985050673,0.05468647637,5.268651461,1,3.960808092
0.06439633854,-0.05701087165,0.9962945709,0.08611294544,5.558544466,1,3.774510147
0.09089943259,-0.02034159043,0.9956523052,0.09328289087,6.063031172,1,3.889226178
-0.01195413232,0.02653889318,0.9995763032,0.02911105454,1.994014633,1,4.091567116
-0.07173819346,-0.02325281227,0.9971524148,0.07548427246,3.455041397,1,3.98241384
-0.02490846859,0.003640894598,0.9996831058,0.02517581815,2.996449582,1,4.005201364
0.01974317367,0.01149655835,0.9997389841,0.0228485142,0.5273072146,1,3.990165427
-0.05898459275,0.02719225126,0.9978884704,0.06499650984,2.709623922,1,4.078002134
-0.0868452757,-0.02343729879,0.9959460784,0.09007400951,3.405187227,1,3.960557218
-0.008474143584,0.03561194284,0.9993297646,0.0366144857,1.804409545,1,3.836842684
-0.02084082413,0.04115086393,0.9989355667,0.04614373577,2.039590014,1,3.915158796
0.02707494872,0.07970716173,0.9964505585,0.08427981078,1.243344464,1,3.900771099
0.08321377093,0.03934182387,0.9957548339,0.09217562675,0.4416356273,1,4.073955893
0.0505824583,-0.05131426152,0.9974007527,0.07211621316,5.490605454,1,4.101331926
0.05017354216,0.05776546529,0.9970685868,0.07658781321,0.8556178283,1,3.968060574
-0.02845829017,0.06265722922,0.9976292885,0.0688716018,1.997129234,1,3.987082386
0.07043203925,-0.0430984766,0.9965850938,0.08266621535,5.734050239,1,4.17791485
-0.04937599204,0.01927728983,0.9985942106,0.05303053584,2.769373573,1,4.055919329
0.006782131042,0.01281015431,0.9998949458,0.01449524302,1.083879739,1,3.988397123
0.01552715688,-0.03216880053,0.9993618342,0.03572768337,5.16208282,1,3.946960888
0.02979366622,0.05475105016,0.9980554393,0.06237293043,1.072443138,1,4.071355988
0.04275342975,-0.01467205717,0.9989779152,0.04521634648,5.952600441,1,4.076240688
0.01619515347,0.06271651719,0.9978999727,0.06481917542,1.318088891,1,4.069447061
0.05314180473,0.01313239305,0.9985006204,0.05476777316,0.2422660707,1,4.043932374
0.0591635142,0.04155285568,0.9973830953,0.07236085781,0.6122941777,1,4.010612314
-0.04771650433,0.008677487963,0.9988232258,0.04851814221,2.961703452,1,3.934252063
-0.008993011807,0.04644564994,0.9988803368,0.04732593699,1.762054068,1,3.940069283
0.07747465293,-0.01663804724,0.9968554828,0.07932422842,6.071643604,1,4.010650465
-0.06234561495,-0.01520517001,0.9979387893,0.06421711971,3.380807941,1,3.994830778
0.02746208997,-0.0008318689685,0.9996224996,0.02747814414,6.252903028,1,4.128997762
-0.04737922917,-0.004891826297,0.9988649952,0.04764912485,3.244476429,1,4.05394672
-0.0690342475,-0.05842814078,0.995901815,0.09056475354,3.84397237,1,3.879167611
0.03968898057,-0.0659119475,0.9970358068,0.07701504771,5.254388992,1,3.942537461
-0.0791189489,-0.01916803984,0.9966808808,0.0814979375,3.379281607,1,3.86108005
0.03380777823,0.05132112491,0.9981098017,0.06149461871,0.9882947103,1,3.883633989
0.03419852693,0.04355913946,0.9984653535,0.05540828803,0.9052035119,1,4.180831186
-0.02021743762,0.02464122014,0.9994919037,0.03187912705,2.257896297,1,3.925975962
-0.02164889369,0.01971370218,0.9995712558,0.02928395045,2.402946424,1,3.812697544
-0.06327198711,-0.0353975039,0.9973683735,0.07256420055,3.651662069,1,4.081116037
0.0508005161,-0.02740473226,0.9983327543,0.05775308196,5.788471965,1,3.95851745
0.06274498368,-0.02171598876,0.9977933067,0.06644554734,5.949989804,1,3.771882248
0.0009092304296,0.07387643472,0.9972669882,0.07394941015,1.558489499,1,3.877020491
0.007595789957,0.03657337271,0.9993021027,0.03736250876,1.366021097,1,3.966961362
-0.05983901798,-0.04925586273,0.9969920521,0.07758166133,3.830284692,1,4.011390597
-0.009847540527,0.08324101477,0.9964807873,0.08391994767,1.688550572,1,3.995295192
-0.05837173794,0.0002324380147,0.9982948894,0.05840540039,3.137610645,1,4.011457341
0.01200313073,-0.01553943509,0.9998072068,0.0196366685,5.370091624,1,3.924573669
-0.05271193676,0.03541938944,0.997981422,0.06354931182,2.549946453,1,3.792200474
-0.0003505848377,-0.08332754779,0.9965221507,0.08342502096,4.708181695,1,3.915938912
0.05304032706,-0.0459525526,0.997534504,0.07023545837,5.569264002,1,4.014197433
-0.02782352602,0.02331974802,0.9993408031,0.03631168766,2.444029886,1,4.089572031
0.04858936922,0.02025392741,0.9986134646,0.05266604145,0.3949376588,1,3.923658604
0.0254028856,0.04775941863,0.9985357937,0.05412141422,1.08196128,1,4.066082955
0.01922022895,-0.009391588182,0.9997711643,0.02139366616,5.828674678,1,4.025938601
0.07630285261,0.04573349115,0.9960353018,0.08907660477,0.5399546936,1,4.123947516
0.02126462542,-0.04485329683,0.9987672389,0.0496591277,5.155096869,1,4.040125894
-0.05325078723,-0.03774940072,0.9978673942,0.06532019955,3.758265802,1,3.904502452
-0.0145474467,-0.04908267684,0.9986887717,0.05121552497,4.424250539,1,4.05642937
-0.05598228213,0.03113658802,0.9979461393,0.06410248244,2.634012163,1,3.902540488
-0.04830729661,0.04743821063,0.997705378,0.0677569199,2.365271283,1,3.985864722
0.008428042077,0.04108026476,0.999120303,0.04194820531,1.368443838,1,4.098279626
-0.02245313676,0.08080508074,0.996476992,0.0839652136,1.841826826,1,3.861942729
-0.02664157184,-0.00427156696,0.9996359239,0.02698511393,3.300574191,1,3.888026
0.05130434514,-0.06095140153,0.9968213435,0.07975389549,5.412059577,1,4.02889247
0.02139272912,-0.05394715611,0.9983146075,0.0580666198,5.089917436,1,3.943902609
0.005928358249,-0.0774051623,0.9969820938,0.07771004249,4.788828421,1,3.831060371
0.04597167932,-0.04296225651,0.9980184614,0.06296337668,5.531613095,1,3.992177329
-0.0496724788,-0.005301511328,0.99875149,0.0499753911,3.247919493,1,3.870398406
-0.00324647409,0.01508384502,0.9998809619,0.01542986935,1.782790928,1,4.036377641
-0.03394213457,-0.006738800421,0.9994010807,0.03461153307,3.337581962,1,4.024464612
0.01301785487,0.05927779161,0.9981566405,0.06072768984,1.354620316,1,4.047923786
-0.005557152703,-0.0747877657,0.9971839891,0.07506441936,4.638219646,1,4.007674514
0.08081447959,-0.02108027612,0.9965062177,0.08361601103,6.028023331,1,4.076698351
-0.07913329117,0.01203180628,0.9967914315,0.08012846948,2.990703493,1,4.07171182
-0.0837224531,-0.0247986296,0.9961804951,0.08742927217,3.429560002,1,4.064907187
0.007572939816,0.05117805524,0.9986608319,0.05175842087,1.423889947,1,4.079697559
0.059111493,0.01476844801,0.9981421363,0.06096620738,0.2448285882,1,4.048110684
-0.02743820429,-0.04977633622,0.998383424,0.05686847547,4.208602007,1,3.999286285
0.02708539368,-0.02849348449,0.9992269526,0.03932294563,5.472457563,1,4.011009821
0.09913081349,0.02754077424,0.9946932128,0.1030678178,0.2709884042,1,3.965169078
-0.08152565841,0.0007367877105,0.9966709709,0.08161957914,3.132555405,1,4.200002976
0.02921615021,-0.05658211359,0.9979703808,0.06372293329,5.189030534,1,4.16071949
0.03819529635,0.01413770593,0.9991702781,0.04073908886,0.3545053335,1,4.111188253
-0.04386564978,-0.02177691071,0.9988000655,0.04899335684,3.602392736,1,4.023370673
0.08465626413,-0.001947597931,0.9964083118,0.08478019,6.260183413,1,4.043522707
0.01770756513,0.0620975115,0.9979129928,0.06461785412,1.293011597,1,3.800474298
-0.0324610264,-0.05832513607,0.9977697431,0.06679949686,4.204528641,1,4.083755048
-0.03468314882,0.0150934699,0.9992843771,0.03783406534,2.731129762,1,4.182319228
0.005045509477,-0.003905718253,0.9999796439,0.006380623281,5.624439082,1,4.035813524
0.07792870976,0.03304550462,0.9964111154,0.08474707518,0.4010639219,1,4.062862256
-0.01869826111,-0.03392686006,0.9992493899,0.03874800718,4.208675213,1,4.067538825
0.03582458719,0.04332204704,0.9984186493,0.05624531435,0.8798450551,1,4.008085268
-0.05573535531,-0.04860442881,0.9972618411,0.07401904379,3.858753613,1,4.027783524
-0.0221562374,-0.05346844513,0.9983237083,0.05790958905,4.319548113,1,4.059553172
-0.03168712807,0.05136664025,0.9981770355,0.06039070531,2.123536279,1,3.958043046
-0.02509730045,-0.07055871176,0.997191854,0.07495947246,4.370650714,1,4.082166431
-0.03923062076,-0.01828762069,0.9990628215,0.04329722647,3.577801047,1,3.987065787
0.06228594785,-0.01688698511,0.9979154726,0.06457943979,6.018429584,1,4.152678012
0.02618735707,0.0593296326,0.9978948928,0.06489755342,1.155127613,1,4.018967671
-0.04595109627,0.00127670324,0.9989428746,0.0459850339,3.113815843,1,3.891833676
0.02161252097,-0.025227685,0.9994480791,0.03322564256,5.420759062,1,3.983451718
-0.05608934134,0.04457625097,0.9974301698,0.07170678658,2.470069368,1,4.155697832
0.02066113977,-0.08127423356,0.9964776045,0.08395791001,4.961330872,1,3.983214907
0.06651657987,-0.01599852204,0.9976570512,0.06846698811,6.047149355,1,4.124775732
-0.04634191202,-0.0554369449,0.9973861701,0.07231831534,4.016114821,1,3.983152195
-0.03435110822,-0.00372488089,0.999402885,0.03455935167,3.24960616,1,3.87168513
-0.05835144351,-0.04421929632,0.9973162803,0.07327920566,3.790073333,1,4.121316598
0.05194507857,0.004650125371,0.9986391166,0.05217647378,0.08928204758,1,4.115317351
0.00123809374,0.02959753137,0.9995611303,0.02962774976,1.52898972,1,3.886848952
-0.04244055916,-0.06405447212,0.9970435414,0.07691445219,4.127228031,1,3.983527453
-0.09347503373,-0.01746270984,0.9954684685,0.0952361074,3.326280558,1,3.843657026
-0.07526527386,0.03772684175,0.9964496093,0.08429108525,2.676944236,1,3.885468257
-0.00256266128,0.05428307913,0.9985222982,0.05437031975,1.617970512,1,4.052471802
0.0040611066,-0.0259404622,0.9996552405,0.02625944874,4.867683347,1,4.196939168
0.05911912365,0.05161201293,0.9969158086,0.07855925313,0.7177059046,1,4.147332214
0.07336152694,0.01953136322,0.997114142,0.0759900925,0.260198794,1,4.011674986
-0.08084288719,-0.02415389258,0.9964341509,0.0844744972,3.431925886,1,4.035506927
0.005747580453,0.0619145668,0.9980649036,0.06222091051,1.478230788,1,3.972672519
0.01810785783,-0.02128535084,0.9996094434,0.02794931234,5.417300461,1,4.029734085
-0.06068046716,0.02329492007,0.997885378,0.06504410354,2.775046636,1,3.992760512
-0.06286939713,0.001532500182,0.9980205861,0.06292959914,3.117221547,1,3.828349054
0.07892575222,0.0251983822,0.9965619736,0.0829457442,0.3090378219,1,4.071880032
-0.08221140592,0.05003647082,0.9953580443,0.09639036734,2.59485045,1,4.163595962
0.03638243986,-0.02178874443,0.9991003797,0.04242063728,5.74358916,1,4.007590695
0.04918545956,0.03725883406,0.9980944694,0.06174360015,0.6482948148,1,3.99055246
0.0655054232,0.01639011578,0.9977175971,0.06757620319,0.2451763556,1,3.885501403
-0.03860106452,0.04303417579,0.9983276103,0.05784213056,2.301943883,1,4.152403551
-0.02760537156,-0.03387576465,0.9990447317,0.04371316465,4.028628281,1,4.057072066
0.07109253502,0.04255413328,0.9965615873,0.08295040679,0.5393702099,1,3.936870834
-0.008959162132,-0.04199371906,0.9990777052,0.04295198793,4.502194958,1,4.122027648
0.05343414891,-0.04342844453,0.9976265644,0.06891117603,5.600719986,1,3.989072133
-0.01213575226,0.01955382302,0.9997351507,0.02301569043,2.126249326,1,3.866845886
-0.002985854939,-0.0459603179,0.9989388039,0.04607350403,4.647514214,1,3.833652414
0.001540506803,-0.06501819482,0.9978828895,0.06508237759,4.736078021,1,4.071986885
-0.02317882678,0.06896048324,0.9973500858,0.0728160054,1.895050555,1,3.915071125
0.05643811003,-0.03386015444,0.9978317642,0.0658637955,5.742801135,1,3.965593029
-0.06133703681,0.04704770601,0.9970076636,0.07737997079,2.487277456,1,3.841083187
-0.03758809559,-0.01134683474,0.9992288949,0.03927350804,3.434766996,1,4.042739121
-0.06960505812,-0.002808695305,0.9975706727,0.06971816838,3.181922659,1,4.031152013
-0.05630839583,0.008156751786,0.9983801039,0.05692685807,2.997734786,1,4.002810881
-0.05882775085,-0.05834555472,0.9965616348,0.08294983293,3.922875601,1,3.950564955
0.03126296406,0.03673122803,0.9988360446,0.04825310937,0.8656479637,1,4.055622502
0.02795359526,-0.03640115826,0.9989462209,0.04591218265,5.367267811,1,4.231443576
0.01583638444,-0.0520411202,0.9985193692,0.05442419109,5.007790821,1,3.923256867
0.00563827295,-0.0195964563,0.9997920728,0.02039286315,4.992541078,1,3.997225478
-0.01573459509,-0.04136403117,0.9990202398,0.04427008637,4.348898452,1,3.885673741
0.06114006239,0.02554614608,0.9978022285,0.06631103995,0.3957818666,1,4.077092016
0.0003499169054,-0.05165386247,0.9986649869,0.05167804667,4.719163141,1,4.077251481
-0.006703388814,0.0163529469,0.9998438107,0.01767446805,1.959824483,1,3.926005293
-0.06913648105,-0.02594876591,0.9972696769,0.07391300851,3.500649698,1,4.126205832
0.04098317988,0.01157208713,0.9990928214,0.0425984929,0.2751975147,1,3.923312528
0.05524684046,0.0239120349,0.998186356,0.06023607776,0.4084770535,1,3.974785659
-0.08797032831,0.01171579412,0.9960541961,0.0888639585,3.009192832,1,4.192203483
-0.07943436161,0.02553351031,0.9965130315,0.08353438608,2.830582541,1,4.086016988
0.04760026857,0.04301319012,0.997939918,0.06419952846,0.7348188544,1,3.943380407
0.03650252214,-0.04427610355,0.9983522387,0.05741452797,5.401849422,1,3.904281476
0.02032261896,0.04119102463,0.9989445884,0.04594773822,1.112462805,1,3.955676739
-0.05022259283,0.06049084809,0.9969044831,0.07870343368,2.263712817,1,3.966952977
0.05918888111,0.007720782861,0.9982169433,0.059725821,0.129710744,1,4.003619311
0.04240687865,0.004673295757,0.999089494,0.04267655655,0.1097584764,1,4.152573649
-0.04526420603,-0.03089295506,0.9984972594,0.05482913727,3.74047887,1,4.049563809
0.09100883473,-0.02682991804,0.9954885974,0.09502419523,5.996500764,1,4.108873216
-0.04864925526,-0.006639879832,0.9987938536,0.04912003579,3.277239236,1,3.903992879
0.04849447674,-0.0233759119,0.9985498748,0.05386048292,5.834014773,1,3.925353584
-0.06162484884,-0.03082042886,0.9976234155,0.06895689157,3.605344169,1,3.909086783
-0.08152174632,-0.02461649774,0.996367519,0.08526056869,3.434848791,1,3.956783081
-0.09928952278,-0.007433241344,0.9950308224,0.0997326274,3.216317566,1,3.971584431
-0.02186142836,0.02816594484,0.9993641766,0.03566204635,2.230833998,1,3.892330984
-0.05104036554,0.042018274,0.9978122798,0.06615917691,2.452843038,1,4.098871831
0.02129205169,0.04135448528,0.9989176418,0.04653071061,1.095326134,1,4.05664836
-0.01592447695,0.06220738772,0.9979361963,0.06425751226,1.82140476,1,3.879654999
0.002638755062,0.06648384716,0.9977840122,0.06658538427,1.531126981,1,3.96469602
0.007267739337,0.04487702089,0.998966082,0.04547738397,1.410242364,1,4.176260024
-0.004779451922,-0.0827967155,0.9965549963,0.08302991608,4.65472783,1,3.84290339
-0.03621795804,-0.04129533133,0.998490338,0.05495529049,3.992400635,1,4.130191604
-0.06667349761,-0.006641508774,0.9977527425,0.06705370599,3.240877554,1,3.948032207
0.07773084567,-0.007373276235,0.9969471152,0.07815931749,6.188611776,1,4.044313063
0.03438335554,0.03145066408,0.9989137303,0.04661472763,0.7408808471,1,4.025614387
0.03218654167,-0.04150306529,0.9986198086,0.05254539021,5.372025111,1,4.106557266
-0.01096814659,0.05038669208,0.9986695555,0.05158952702,1.785132121,1,4.053357469
-0.02229264385,0.06712812621,0.9974952896,0.07079204378,1.891428328,1,4.08118785
-0.02001860077,0.05197785678,0.998447574,0.05572840993,1.938424561,1,3.835058761
-0.01380366777,0.05920207041,0.9981505766,0.06082752203,1.799865681,1,4.01509214
0.03050372515,0.01202055412,0.99946237,0.03279262688,0.375382492,1,3.789505187
0.08372529557,0.002354989482,0.9964860907,0.08385665368,0.02812016013,1,3.940032469
0.01569955713,-0.01643005943,0.9997417552,0.02272689748,5.475054957,1,3.94377449
0.03433920987,-0.06712217661,0.9971536652,0.07546768939,5.185267613,1,4.035193625
0.0364581663,-0.04562390734,0.998293174,0.05843478068,5.386582265,1,3.920271567
-0.05161037297,0.026716303,0.998309876,0.05814809167,2.663921996,1,4.174474311
0.0689442231,-0.002157448205,0.9976181832,0.06903278751,6.251902854,1,4.023458536
0.02342086026,-0.07107566388,0.9971959252,0.0749050895,5.030703713,1,3.90845917
-0.06729988592,0.01449660559,0.9976274724,0.06889798683,2.929431214,1,3.945808451
0.05686335124,0.03599957409,0.9977327247,0.06735180128,0.5643951385,1,4.005976765
0.003157181058,-0.0187316442,0.9998195626,0.0189969918,4.879367578,1,3.972887077
0.03847032775,0.0289579244,0.9988400635,0.0481697164,0.6452485855,1,4.054723368
-0.05409383705,-0.006337140559,0.9985157472,0.0544907349,3.258211964,1,4.069378265
0.03870302872,-0.0410279382,0.9984081249,0.05643221827,5.468635975,1,4.033857705
0.04860883068,-0.07598902959,0.995923114,0.09032894554,5.281476695,1,3.937952509
-0.02364800354,-0.07730339063,0.996727123,0.08092791665,4.415517567,1,3.911935625
-0.01180574013,-0.01432837429,0.9998276462,0.01856656721,4.023219174,1,3.976146827
-0.04688560645,0.06616768152,0.9967063649,0.08118429276,2.187262638,1,3.971375227
-0.02476988665,0.02041373508,0.9994847333,0.03210330008,2.452307408,1,4.067121482
0.001816883326,-0.04396267557,0.9990315221,0.04401441342,4.753693336,1,3.970799424
-0.01448385793,-0.02174694267,0.9996585859,0.0261317255,4.124835503,1,4.214390131
-0.02994814217,-0.07681378846,0.9965955803,0.08253911957,4.340637268,1,4.032318704
0.04537739949,-0.01960681242,0.998777485,0.04945228371,5.875330448,1,4.062982083
-0.06279883384,-0.03779484135,0.997310311,0.07336069246,3.683363894,1,4.138465832
-0.04676662263,0.02220989772,0.9986589025,0.05179570272,2.698218433,1,4.098730332
-0.007166211632,0.03306460006,0.999427525,0.03383872564,1.784228953,1,3.995159843
0.001366870041,0.04397038731,0.9990318997,0.04400582914,1.539720185,1,4.10020044
0.04076047728,0.03272912551,0.9986327592,0.05229822994,0.6765445983,1,3.920921288
-0.01486100957,-0.08090235963,0.9966112374,0.08234899197,4.5307235,1,3.972856451
0.00266613242,-0.05094053263,0.9986981295,0.0510324029,4.764679403,1,3.997958419
0.001802210853,0.06153215761,0.9981034744,0.06159748969,1.541515771,1,3.917755634
0.0385027049,-0.01148299639,0.9991925152,0.04018938807,5.993345173,1,4.02216818
-0.01857899209,0.01199645414,0.9997554232,0.02211726967,2.568246262,1,4.221679183
-0.06273744821,0.05988654749,0.996231707,0.08684079754,2.379439429,1,3.903941699
-0.0661956196,-0.02253685105,0.9975521191,0.06998400181,3.469741953,1,4.234519333
-0.04915366908,-0.04056977122,0.9979669386,0.06377696595,3.831610483,1,3.904311824
0.07688525965,0.004155154499,0.9970312891,0.07707374248,0.05399105447,1,4.117437277
0.04293119835,0.05248558161,0.9976984394,0.06785932553,0.8851986512,1,3.949139896
-0.005430215658,-0.04208895244,0.9990991106,0.04245055194,4.58408017,1,4.018726657
0.04136552969,-0.002667999716,0.999140518,0.04146336059,6.218776382,1,4.125850013
0.06891064264,-0.02232950483,0.9973729075,0.07250163599,5.969825877,1,4.008386604
-0.04449662403,0.01773047566,0.9988521816,0.0479173883,2.762407763,1,4.048818195
0.01466684258,0.02591177262,0.9995566336,0.02977915945,1.055729312,1,4.149468601
0.03534428649,-0.00400748039,0.9993671605,0.03557825867,6.170283373,1,4.050616553
0.003840935277,0.005362794665,0.9999782436,0.006596437034,0.9492678815,1,4.116414692
-0.007533116317,-0.03093010993,0.9994931618,0.03183963044,4.47348737,1,4.069988017
0.02389566483,0.06086362117,0.9978600187,0.0654330962,1.196676849,1,4.012863365
0.0207677347,-0.0257950374,0.9994515082,0.03312225684,5.390235482,1,4.059956893
0.0589184093,0.009109874864,0.9982212336,0.05965390142,0.1534037092,1,3.914236001
-0.01848822494,0.08317710207,0.9963632647,0.0853105123,1.789515962,1,4.192420568
0.03857485187,-0.04070443944,0.9984263265,0.05610858102,5.470931763,1,3.992495703
0.01286106094,0.07182099687,0.9973346166,0.07302832685,1.393603336,1,4.021656761
-0.04332697817,0.02172611829,0.9988246837,0.04848807299,2.676789312,1,3.947027375
-0.06016884733,-0.05785031752,0.9965104368,0.08356547897,3.907347977,1,3.962154859
-0.06784253793,0.02884157472,0.9972790751,0.07378563153,2.739615938,1,3.886939017
-0.04759394575,0.03213803711,0.9983496196,0.05746015293,2.547668009,1,3.901236106
-0.01805530698,-0.0646306152,0.9977459043,0.06715568588,4.439972437,1,4.093402203
0.04199507825,-0.08352254897,0.9956206091,0.09362255255,5.178273512,1,3.938253994
-0.0491666094,0.04652817828,0.9977062559,0.06774395135,2.383758822,1,3.881275231
-0.01709644332,-0.05494990791,0.9983427364,0.05757988528,4.410754729,1,4.012521235
-0.03935411048,0.00946684354,0.9991804806,0.04048780891,2.905522594,1,3.936577909
0.06075482488,0.01132253389,0.9980884988,0.06184028561,0.184250651,1,4.040827796
-0.04309644754,0.0426051541,0.9981620595,0.06063833385,2.361927033,1,4.018337465
0.03517968522,-0.05252405403,0.9979998064,0.06325916204,5.302545506,1,3.998785751
-0.007079369616,-0.03235661084,0.9994513156,0.03312807208,4.49699114,1,4.079382434
-0.07381673786,-0.02611317651,0.9969298828,0.07837970939,3.481610402,1,3.959362208
0.001972973346,-0.09044320757,0.9958996604,0.09058857324,4.734200021,1,4.032543243
0.06114384217,-0.02383235832,0.9978444013,0.06567150907,5.911524299,1,4.053604605
0.07456236587,-0.05791247451,0.9955333238,0.09455162947,5.62281499,1,4.128462437
-0.03519560367,0.005511560657,0.9993652446,0.0356320791,2.986256237,1,3.995443662
-0.05448523779,0.02793543843,0.9981237249,0.06126764499,2.667824286,1,4.165590357
-0.03729143966,-0.02731554668,0.9989310334,0.04624191018,3.773791811,1,3.861646996
0.0694806221,0.03109044759,0.9970987049,0.07619316442,0.4207474291,1,3.834271146
0.01633981814,-0.0644795679,0.9977852453,0.06656684974,4.960575212,1,4.0651961
-0.01707831535,0.007007136151,0.9998296011,0.01846097308,2.752243465,1,4.076951015
-0.0082337875,-0.08571902834,0.9962853271,0.0862203574,4.61662724,1,3.951077462
0.002248814708,-0.01321550797,0.9999101426,0.01340587873,4.880939336,1,3.977862628
0.06175797839,-0.008504675362,0.9980549196,0.06238126724,6.146336299,1,3.767118665
-0.01043568776,-0.01904948669,0.9997640789,0.02172235565,4.211221096,1,4.068676494
-0.09052872616,0.01695848048,0.9957494462,0.092234141,2.956411772,1,3.932091849
0.04521989789,-0.04781925536,0.9978318895,0.06586189232,5.469856091,1,4.051891471
0.04583771149,-0.07219903129,0.996336391,0.08562532529,5.278061394,1,3.889403847
-0.02314975558,-0.06159172743,0.9978329259,0.06584614332,4.352866131,1,4.045428181
0.0288217428,0.009986938206,0.9995346758,0.0305077122,0.3335597123,1,3.881116956
0.06192620507,-0.04206457895,0.9971939211,0.07493186514,5.686508378,1,4.008254086
0.05313061654,0.005580685415,0.9985719771,0.05344834629,0.1046533442,1,4.087643557
0.01552767766,-0.0384306027,0.9991406207,0.04146088234,5.096377215,1,4.024630764
-0.02540586951,0.004013027284,0.999669164,0.02572369595,2.984930322,1,3.913947161
-0.05683991227,-0.05105309695,0.9970771313,0.07647605795,3.873407402,1,4.141377083
-0.03835446792,0.001440728807,0.9992631581,0.03839094762,3.104046787,1,3.995363424
-0.04141862189,0.08140760947,0.9958199129,0.09146586863,2.041443809,1,3.968817691
-0.04467365428,-0.002227049573,0.9989991516,0.04474405907,3.191402939,1,4.151137494
0.06772050879,0.004570836414,0.9976938609,0.06792681344,0.06739338427,1,4.173068228
-0.05300264586,-0.07439306036,0.9958194576,0.09147085317,4.09334441,1,4.077000757
0.01410318828,-0.06464987046,0.9978083455,0.06621866106,4.927171336,1,4.210707753
0.04826769256,-0.06083616414,0.9969800354,0.07773655325,5.38309538,1,4.021137517
0.02921687306,0.002007348922,0.9995710805,0.02928993725,0.06859732529,1,4.131956211
-0.01335334381,0.06690023612,0.9976703096,0.06827291643,1.767808056,1,4.053142546
-0.03078791378,0.007657237962,0.9994966088,0.03173116464,2.897829213,1,4.113241681
-0.08509663447,-0.04278107082,0.9954538376,0.09538984418,3.607426002,1,3.978315539
-0.01807572236,-0.009097567451,0.9997952303,0.02023742525,3.607879265,1,4.059154901
-0.04114734177,-0.08776684728,0.9952908503,0.09708604757,4.27399047,1,4.067493756
0.07845953211,0.03526729728,0.9962932899,0.08612783852,0.4224352656,1,3.895984271
-0.001036302278,0.01025167476,0.9999469132,0.01030410187,1.671540254,1,4.068592482
0.00647052957,0.0244637044,0.9996797784,0.02530765322,1.312222439,1,4.0333893
0.06416134902,-0.02050501561,0.9977288538,0.06740929379,5.973858705,1,3.896328168
0.01518403899,0.009722082205,0.9998374498,0.01803078348,0.5695139394,1,4.01280808
-0.06789434521,-0.04909965449,0.9964836084,0.08388628452,3.767705138,1,4.035596256
-0.06448720339,0.04273770751,0.9970029533,0.07744087955,2.556319277,1,4.008824789
0.03660644337,-0.06980069464,0.9968890767,0.07889914536,5.195398757,1,4.059087124
0.02108118426,-0.01818964261,0.9996122851,0.02784743909,5.571285293,1,4.071671689
-0.08258661384,0.04534709753,0.9955516521,0.09435729759,2.639451961,1,3.740923725
-0.02911878977,0.06880703861,0.9972049376,0.07478456339,1.971137069,1,3.853951897
0.05878832667,0.02959905729,0.9978315632,0.06586685011,0.4664319465,1,4.060639724
0.07044740095,0.0008312547846,0.9975151491,0.07051071759,0.01179910398,1,3.871746829
-0.01649319813,0.01435366451,0.9997609448,0.02186617175,2.42544343,1,4.020790439
0.02002143269,-0.02024289607,0.9995946015,0.02847545864,5.492286962,1,4.050050531
-0.002663107656,0.03983688297,0.9992026474,0.03993641355,1.637547311,1,3.99644975
-0.01152974135,0.06519981761,0.9978056168,0.06625988617,1.745823867,1,3.949701221
0.009021384502,0.04337609321,0.9990180825,0.04431880497,1.365739053,1,3.856194208
-0.05096807263,0.06054286852,0.9968634895,0.07922312184,2.270540394,1,4.082679737
0.06759955226,-0.02513160813,0.9973959609,0.07218268576,5.927247827,1,4.193746967
0.03499843919,0.02581718012,0.9990538436,0.04350415183,0.6355609011,1,4.04062627
-0.07126076879,0.05159269303,0.996122531,0.08809060498,2.514941195,1,4.0142266
-0.009060598073,-0.01572357899,0.9998353238,0.01814832036,4.189621258,1,3.988802774
-0.06625325318,-0.01132623746,0.9977385543,0.06726512536,3.310909557,1,4.04466965
0.006367619532,-0.0741903477,0.9972237691,0.07453209231,4.798007297,1,3.985895419
-0.04391176728,0.01140523918,0.9989703085,0.04538432075,2.88747675,1,4.030702061
-0.01887619217,-0.01512095613,0.9997074802,0.02418817971,3.816979398,1,3.912098909
-0.05899335797,-0.01944350037,0.9980690026,0.06215495394,3.459968591,1,3.937896694
0.02219638619,-0.08239502298,0.9963525383,0.08543630566,4.975532073,1,4.009401902
0.03663580973,0.01177934694,0.9992592579,0.03849243047,0.3110861276,1,3.981173932
-0.009115545786,0.02293584579,0.9996953805,0.02468339368,1.949090971,1,3.865001066
-0.00920890992,0.006482637757,0.9999365837,0.01126205915,2.528218739,1,3.956565962
-0.009359391245,0.01509704085,0.9998422281,0.01776378441,2.125755017,1,3.947571094
0.06034097577,0.008111593643,0.9981448636,0.0609214296,0.1336281762,1,4.165269711
0.07080385061,0.03911891422,0.9967228929,0.08098022649,0.5047582629,1,3.937531303
-0.04734065772,-0.02035132323,0.9986714604,0.05155257312,3.547598727,1,3.972560208
0.04146327604,-0.06754931014,0.996853995,0.07934300091,5.262910025,1,3.775354365
-0.02905071418,-0.04215181256,0.9986887807,0.0512153482,4.108953241,1,4.072209825
0.01996592637,-0.04458515977,0.9988060499,0.04887100908,5.133424804,1,4.072703517
0.03668855982,0.02582581641,0.9989929813,0.04488179387,0.6133520929,1,3.81254474
-0.001613489293,-0.0674093414,0.9977240988,0.06747984888,4.688457857,1,3.823350378
-0.0001346337534,0.05013248468,0.9987425674,0.05015368885,1.573481879,1,3.904440565
-0.02369680397,-0.06248627335,0.9977644648,0.0668785269,4.349913102,1,4.079487167
-0.02001070154,0.0441071579,0.9988263765,0.04845313427,1.99670945,1,3.771978308
0.008981438568,0.05741216933,0.9983101605,0.05814319621,1.415616179,1,4.194681794
-0.04531917855,0.0573072198,0.9973274561,0.0731264002,2.239909038,1,3.852170949
-0.001989018405,0.02697203057,0.9996342098,0.02704856808,1.644406825,1,4.247719388
-0.04644972656,0.04211192844,0.9980325688,0.06273877063,2.405135922,1,4.09737083
-0.001970892435,0.05126271803,0.9986832578,0.05132311981,1.609224297,1,4.039096103
-0.05216201318,-0.08101705784,0.9953468545,0.09650656593,4.140356442,1,4.076911211
-0.05468209052,0.05608505003,0.9969274478,0.07841080205,2.343529322,1,4.096514519
0.03651174767,0.004363035164,0.9993236994,0.03677979968,0.1189327899,1,3.87936453
-0.01367624955,0.06422828709,0.9978415141,0.06571549011,1.780594898,1,4.065962897
0.01395408507,0.03801844023,0.9991796043,0.04050945242,1.219027194,1,4.033730276
-0.005967832174,-0.005917992284,0.9999646805,0.008404719914,3.92279762,1,3.762262235
0.02290707558,0.02986858527,0.9992913156,0.0376501816,0.9165485854,1,4.021721769
-0.06737347444,-0.001499263061,0.9977266996,0.06744126644,3.163841998,1,3.869001565
-0.009352642656,0.03070422171,0.9994847567,0.03210257209,1.866472018,1,3.875745438
0.02135380306,-0.05654993024,0.9981713883,0.0604842003,5.073445655,1,3.982020507
-0.0620606446,-0.03567379185,0.9974346379,0.07164439484,3.663292764,1,3.919937574
-0.02756009337,0.06777923302,0.9973196162,0.07323362728,1.956992764,1,3.926058364
0.0477147735,-0.07089113934,0.9963421836,0.08555756598,5.304812291,1,4.048109671
0.05237210187,-0.04220839579,0.9977352426,0.06731437883,5.604837246,1,3.772870023
0.03409449274,0.0605765714,0.9975810967,0.06956837035,1.05815395,1,4.03811983
-0.03956984021,0.03313921835,0.9986671217,0.05163670217,2.44440816,1,3.886359458
0.03703115423,0.04449007941,0.9983232575,0.05791737727,0.8766408284,1,4.085687307
0.03030692666,-0.06507503601,0.9974200368,0.07184807993,5.14824077,1,3.902224443
0.02289598262,0.03113947867,0.9992527743,0.03866054385,0.9367880496,1,4.085152318
-0.06506765892,0.05387507518,0.9964254493,0.08457756546,2.450018815,1,3.906325887
-0.101753005,-0.004080079145,0.9948013264,0.1020116097,3.181669058,1,4.019026758
0.001763852546,-0.07367083586,0.997281052,0.07375880913,4.736326752,1,3.892617773
0.002392707031,-0.009328189344,0.9999536288,0.009630318293,4.963478534,1,4.032659401
-0.03577250463,-0.06313323745,0.9973637863,0.07262744352,4.196875901,1,4.173316094
0.07620030167,-0.001746795496,0.9970910002,0.07629431499,6.260265587,1,3.929728902
-0.06269436179,0.03235633813,0.9975081375,0.07061017041,2.665150956,1,3.81612926
-0.009830854444,0.03617467061,0.9992971267,0.03749548282,1.836148516,1,3.78735466
0.0801114924,-0.04014602195,0.9959771311,0.08972813412,5.818636603,1,3.890603976
-0.00679346234,-0.02504392337,0.9996632687,0.02595188655,4.447501358,1,3.912583465
0.01439270869,-0.07758474819,0.996881867,0.07899056643,4.895813352,1,3.970336687
-0.06683370494,0.05131692514,0.9964435905,0.08436254494,2.486777646,1,3.793783689
-0.07708351618,-0.02136415578,0.9967957185,0.08007489269,3.411962135,1,3.975576325
-0.03801382566,0.004996359739,0.9992647224,0.0383501686,3.010906433,1,3.949592824
0.02086961617,0.03088085305,0.9993051746,0.03728017843,0.9764898099,1,3.849518634
-0.05007664772,-0.0018676145,0.9987436315,0.05013245878,3.178870495,1,4.064204394
0.003559127143,-0.008177570643,0.9999602292,0.008918640962,5.122892839,1,3.960437797
0.02394761152,0.05205616095,0.9983569843,0.05733176884,1.139629404,1,3.894061102
-0.04723153083,0.07104328426,0.9963543718,0.08541481641,2.157524597,1,4.046348621
0.01948378794,-0.07064112908,0.9973114924,0.07334457219,4.981511482,1,4.132607402
0.03086728254,0.04265033427,0.9986131182,0.05267262069,0.944321758,1,3.884668043
0.06970697131,0.03581556352,0.996924362,0.07845018649,0.4746279425,1,3.99045045
0.04988506272,0.001551461437,0.9987537602,0.04992992595,0.03109069976,1,4.061173415
-0.07016814872,-0.001198029713,0.9975344584,0.07023610821,3.158664692,1,4.120544789
0.007689359293,0.01642015367,0.9998356126,0.01813239433,1.132838689,1,4.177613452
-0.03988029791,0.05226765438,0.9978364867,0.06579200415,2.222566591,1,4.222239143
0.03379587886,0.05954832181,0.9976531642,0.0685237822,1.054588739,1,3.902945235
-0.01535870795,0.01088035418,0.9998228483,0.01882322664,2.525240683,1,4.05118912
0.0187228592,-0.02142270919,0.9995951791,0.0284551654,5.43063675,1,3.982074676
-0.05941174763,-0.009242935672,0.9981907695,0.06016271738,3.295929643,1,4.015656471
0.01013901105,-0.01408713963,0.9998493651,0.01735734147,5.336237654,1,4.000499742
0.01772301902,0.01716597017,0.9996955657,0.02467588927,0.7694331975,1,3.990062285
-0.06897358465,0.03060517029,0.9971489198,0.07553060375,2.723970875,1,3.970157507
-0.01967365305,-0.03468309667,0.9992046988,0.03988499972,4.196405811,1,3.957785303
0.02239375542,0.02404778732,0.999459966,0.03286586709,0.8209984682,1,3.948151719
0.06410427923,-0.06458579986,0.995851051,0.09112432287,5.494045454,1,4.018938941
-0.08104407073,-0.01664841986,0.9965714669,0.08283108106,3.344198385,1,4.063789915
0.03126667383,-0.0235863429,0.9992327454,0.03917531634,5.636899331,1,4.017776731
0.02849567512,0.02504268076,0.9992801712,0.03794509539,0.7209916569,1,3.944306244
0.02207549621,0.009835194653,0.9997079281,0.02416965722,0.4191266352,1,4.134484752
0.05596783736,0.02755786098,0.9980521857,0.06242510567,0.4575390478,1,4.023017862
0.007695465875,-0.04571402771,0.9989249258,0.04637384695,4.879164609,1,3.942229789
-0.04673291691,0.08486808394,0.995295656,0.09703645844,2.074141212,1,4.10305774
0.03971246339,0.009477239286,0.9991662035,0.040839011,0.2342647774,1,4.063373894
-0.05386409846,0.04326653678,0.9976104779,0.06914440403,2.46487089,1,3.869370422
-0.00497717425,-0.02836513321,0.9995852375,0.02880247251,4.538689221,1,3.967953904
-0.06670208164,0.06477740528,0.9956679768,0.09311449439,2.37083205,1,4.110371607
-0.02282569919,-0.03809211328,0.9990135026,0.04442205863,4.172540443,1,4.08394265
0.05465534954,-0.03958246715,0.9977204123,0.06753449997,5.656388932,1,4.214523017
-0.02636827546,-0.05239586192,0.9982782116,0.05869042079,4.24614387,1,4.200493242
-0.0193952698,-0.08850165368,0.9958871828,0.09072639679,4.496648152,1,4.063168656
0.08846601111,0.03140466987,0.9955840053,0.09401328323,0.3411145292,1,4.090578959
0.003161214384,0.064505597,0.9979123382,0.06462799114,1.52182868,1,4.009334326
0.05735162418,-0.004697339068,0.9983429903,0.05757547311,6.201463517,1,3.909947945
-0.0432434198,0.01761831381,0.9989092059,0.04671172118,2.754704555,1,3.950264753
-0.05377813564,0.06662228336,0.9963279498,0.08572397286,2.249917832,1,3.95390719
-0.08093570541,-0.0426095398,0.9958081335,0.09159474243,3.626184746,1,4.10939578
0.06466548173,0.01325961029,0.9978189005,0.0660589558,0.2022458863,1,3.910427994
-0.08086548908,0.01597929499,0.996596927,0.08252278417,2.946502582,1,4.028973671
0.02611835488,-0.03468317975,0.9990570097,0.04343129211,5.357842662,1,4.012541181
0.07705324886,0.01179813127,0.9969571711,0.07803042128,0.1519365621,1,3.874789716
0.06426205939,-0.03080569399,0.9974574662,0.07132477708,5.836172544,1,4.090674686
-0.003064908118,-0.03134230259,0.9995040102,0.03149700957,4.614910681,1,4.146755719
0.05882381632,-0.02990681129,0.9978202951,0.06603782604,5.812829724,1,4.070852564
-0.016943835,-0.03354766227,0.9992934808,0.03759261601,4.244695569,1,4.13367698
0.06056531473,-0.02128655676,0.9979372351,0.06424133373,5.945206426,1,3.978822663
0.08722699632,0.01221427476,0.9961135792,0.08819229922,0.1391239982,1,4.056322999
-0.04902237077,0.05218311257,0.9974335717,0.07165928865,2.324973704,1,4.007682712
-0.04623298505,0.0009972882109,0.998930186,0.04626023781,3.120025074,1,4.080761523
0.003624236401,0.02354916192,0.9997161106,0.0238286713,1.418093552,1,4.105403465
0.07119385338,-0.0207134783,0.9972474051,0.07421399578,6.00005664,1,3.897955016
0.06678658226,-0.03077679779,0.9972925053,0.07360322448,5.851367455,1,4.050184021
0.005553040273,0.03151358823,0.9994878976,0.03200456493,1.396375906,1,4.007503083
0.0871935453,-0.02589000224,0.9958549058,0.09108195195,5.994551376,1,4.076123005
0.03370267664,0.07493290084,0.996618879,0.08225604002,1.148132511,1,3.926183795
-0.00294551604,0.04028534719,0.9991838743,0.04040387844,1.643782763,1,3.983053182
0.04384278994,0.05368618443,0.9975949095,0.0693693771,0.8859854433,1,4.197843643
-0.07333432209,0.02241148693,0.9970555664,0.076757797,2.844999734,1,4.087431203
-0.05929532564,0.01276290682,0.9981588914,0.06069058875,2.929584193,1,3.991832701
-0.05196523805,0.02458840275,0.9983461446,0.05752063022,2.699638318,1,3.996301284
-0.03410442889,-0.02688943142,0.9990564781,0.04344353398,3.809247411,1,4.022735605
0.03294509376,-0.06396805634,0.997407995,0.07201563004,5.187983539,1,3.938574728
-0.0281899907,0.03977870447,0.9988107824,0.04877403721,2.187317685,1,3.973373329
0.03765650084,0.01642954473,0.9991556726,0.04109613811,0.4114030841,1,4.017373124
-0.03098178305,-0.07994433181,0.9963177369,0.08584317248,4.34266821,1,3.926336126
0.07311133773,0.005266352755,0.9973098805,0.07336656526,0.07190776194,1,3.680042822
-0.08341739306,-0.02005497147,0.9963128709,0.08589990901,3.377532023,1,4.126737319
0.01835900765,-0.06762059532,0.9975421805,0.07012598589,4.977498587,1,3.921839291
0.03431834571,-0.04847746732,0.9982345347,0.05943037946,5.32841306,1,3.947583653
-0.06054147236,-0.043967413,0.9971968696,0.07489246932,3.769710706,1,3.944074183
0.03626601577,0.06546764511,0.997195449,0.0749114528,1.064923047,1,3.919814943
0.08570309794,-0.02331190835,0.9960479576,0.08893422521,6.017603073,1,3.879022134
0.03793772532,-0.04060793691,0.9984546682,0.05560089872,5.463804571,1,4.104294203
-0.0001324877437,-0.05097614446,0.9986998624,0.0509984202,4.709789972,1,4.077188032
-0.06777425668,-0.01240165417,0.9976236009,0.06895420064,3.322575141,1,4.102589231
0.02399962869,0.02818448033,0.9993145916,0.03702665955,0.8654208972,1,4.065703458
-0.01768034029,0.04397465656,0.9988761861,0.04741359428,1.953075148,1,4.106053108
-0.06282908536,-0.02891434731,0.9976053661,0.0692183528,3.572901736,1,3.939461764
-0.06715111297,0.03460292626,0.9971426004,0.07561430331,2.665780595,1,4.045822356
-0.05747389338,0.06523427938,0.9962134512,0.08705102945,2.293035987,1,4.005442261
-0.0648505406,0.01945303197,0.9977053608,0.06775717405,2.850165995,1,4.110370486
0.08801481785,0.03643226606,0.995452702,0.09540176676,0.392459859,1,3.639326752
0.008796159715,-0.02903024845,0.9995398302,0.03033826134,5.006595615,1,4.071919317
-0.05760980096,-0.0005278084545,0.9983390367,0.05764413721,3.15075418,1,3.934887283
0.04863174366,-0.05440288881,0.9973340861,0.07303559829,5.441833907,1,4.11804058
-0.01597325367,0.08509466305,0.9962448261,0.08668940535,1.756348663,1,4.039499556
0.005361659187,0.03079260609,0.9995114147,0.03126100249,1.398403043,1,3.859281375
-0.09099329911,-0.0005136383775,0.9958513723,0.09112079243,3.147237387,1,4.04028132
0.009006627088,0.0482093933,0.9987966435,0.04906318217,1.386102392,1,4.15608188
-0.02768366749,-0.0209195116,0.999397813,0.03470583433,3.788707974,1,4.125601935
0.0308972352,-0.04133572511,0.9986674715,0.05162992382,5.354269244,1,3.952039394
0.02741955668,0.0008027475402,0.9996236909,0.02743474637,0.02926809939,1,4.00416217
0.01709333598,-0.01564299263,0.9997315213,0.02317286048,5.542061979,1,3.882679968
-0.09444601869,0.01140738824,0.9954646257,0.09527651031,3.021392804,1,4.007037882
-0.02188398779,0.03283571973,0.99922115,0.03947027063,2.15866204,1,3.995460593
-0.04149630859,0.001730221538,0.9991371591,0.04154431381,3.099920998,1,4.100078207
-0.05847446472,0.01624490115,0.9981567212,0.06072635861,2.870614141,1,3.965885542
0.03705295462,0.0664780023,0.9970996709,0.07618047181,1.062311113,1,4.049738467
0.04146417027,0.006705884829,0.9991174874,0.04201529253,0.1603389101,1,4.043156054
0.01183202054,0.001848618934,0.9999282904,0.01197584896,0.1549856639,1,4.106981835
-0.08341887037,0.03364655834,0.9959463847,0.0900706046,2.758206253,1,4.047667522
-0.05720991758,0.01101998101,0.99830135,0.05829461641,2.95129973,1,4.05097132
0.07540035736,0.01488005209,0.9970423111,0.07693046237,0.1948435284,1,4.115512027
0.05554311585,-0.00984126662,0.9984077883,0.05643818556,6.107822808,1,4.085787138
-0.03818969929,-0.03907781844,0.9985061196,0.05466721956,3.938484392,1,4.141986611
-0.07696329665,-0.03367628062,0.9964650315,0.0841077058,3.55405586,1,3.976393606
-0.03117465597,-0.03608983086,0.9988621852,0.04770808486,3.999933535,1,3.979359428
0.01206675574,-0.03516857572,0.9993085433,0.03718968707,5.04291425,1,4.043083007
-0.00594931989,0.01302777946,0.999897436,0.01432241148,1.999178327,1,4.115146971
0.05641903837,0.0569658456,0.9967807104,0.08026230035,0.7902207021,1,3.8157175
0.01922061704,-0.004396869265,0.9998055988,0.01971839163,6.05829687,1,4.01721509
0.03287866357,0.0327112603,0.9989239045,0.04639587433,0.7828458978,1,4.029632433
-0.00902523624,0.04776927062,0.9988176219,0.04863355093,1.757529151,1,3.954030144
-0.004109324847,-0.01417844686,0.9998910366,0.01476247733,4.430289315,1,3.987483965
-0.005154482967,-0.04658162896,0.9989011879,0.04688311871,4.602182483,1,3.759030967
0.02789366657,0.05438729995,0.9981302345,0.06116123752,1.096905051,1,4.02772676
-0.04380190035,0.05642497534,0.9974455452,0.0714918605,2.230909131,1,4.203518544
-0.02054759528,-0.02736530233,0.9994142968,0.03422748689,4.068335727,1,3.846772053
0.05578252113,-0.02130170616,0.9982156819,0.05974694896,5.918404724,1,3.996145655
0.08026265612,0.01792879708,0.9966124945,0.08233370785,0.2197687052,1,4.032240574
-0.04135242613,0.02284584149,0.9988833988,0.04726116949,2.636857539,1,3.98389053
-0.05279795264,-0.01250641559,0.9985268979,0.05428561404,3.374178959,1,3.987866379
0.03554121417,0.007577151567,0.9993394863,0.03634794163,0.2100487214,1,4.096774697
0.02727344914,0.003880288344,0.9996204791,0.02755158286,0.141325012,1,4.138990221
0.06147780434,-0.06159433582,0.9962061119,0.08713540579,5.496840289,1,3.869987913
0.04528592256,-0.04638768085,0.9978964717,0.06487320186,5.48576945,1,4.111629067
0.0207792818,-0.07510670926,0.9969589779,0.07800723845,4.982301035,1,4.103749572
0.01977223138,-0.04043621256,0.9989864722,0.04502663839,5.167176442,1,3.974546315
0.0456493464,-0.01613812685,0.9988271612,0.04843692988,5.94337477,1,4.139860969
0.05901400261,-0.01935873399,0.9980694299,0.06214807474,5.966209651,1,3.970712526
0.03890531879,-0.04875241809,0.9980528933,0.06241376228,5.385920363,1,4.240114407
-0.06365669461,0.05549911051,0.9964274554,0.08455381438,2.424549322,1,3.797799129
-0.08236604857,-0.02111985036,0.9963783348,0.08513346508,3.392599336,1,3.921481278
0.0231241347,0.07955256261,0.9965624236,0.08294031195,1.287914137,1,4.01836591
0.05457102211,0.003033099231,0.9985052848,0.05468249574,0.05552363846,1,4.059441076
-0.05625172678,0.02506204934,0.9981020173,0.06162115553,2.722458968,1,3.914968275
0.07695236291,0.02192756886,0.9967936173,0.08010115617,0.2775928291,1,3.891637176
-0.08280996224,-0.009062893629,0.9965241463,0.08340106935,3.250600887,1,4.007126285
0.06706803702,0.001164897622,0.9977477243,0.06712855766,0.01736714766,1,4.125863706
0.003088389343,0.0310678461,0.9995125066,0.03122604821,1.471713946,1,4.064100018
0.07390176738,0.003278949936,0.9972601352,0.07404210768,0.04433995195,1,4.026536798
0.07340889423,0.0006498298907,0.9973017156,0.07347787034,0.00885196439,1,3.989051216
0.07530362588,-0.0355940108,0.996525178,0.08338868384,5.841637088,1,4.011603539
0.008435490248,-0.05777592011,0.9982939375,0.05842170614,4.85736816,1,3.919232774
0.003079902354,-0.02469540613,0.9996902776,0.02488929065,4.836463939,1,4.135889309
-0.04417227847,0.01202092965,0.998951604,0.04579474369,2.875889709,1,4.116557317
-0.009076611029,-0.04373907619,0.9990017559,0.04468579637,4.507775894,1,4.033876568
-0.01327619036,-0.00168688527,0.9999104446,0.0133833294,3.267976367,1,3.987534133
-0.008347439708,-0.05756862044,0.9983066534,0.05820351769,4.568392733,1,3.93789691
-0.02742753156,-0.07580830713,0.9967451184,0.08070500392,4.365239827,1,4.05596504
0.05285812714,0.002652109761,0.9985985103,0.05294935725,0.05013207522,1,4.043568053
-0.03586609547,0.003483273787,0.9993505341,0.03604264741,3.044777435,1,4.053837179
0.01457982089,-0.03039536292,0.9994316138,0.03371765162,5.159642779,1,4.198630708
0.07337426485,0.05178608073,0.9959590449,0.08992974589,0.6145945626,1,3.990711356
0.07303145138,-0.03739174341,0.9966284486,0.08213948658,5.809987751,1,3.890340028
-0.02554921503,-0.0237463236,0.9993914897,0.03488759101,3.890433995,1,3.787909651
0.005213355692,-0.01486910454,0.9998758576,0.01575721726,5.049613052,1,4.02840617
-0.006483412121,0.08228654206,0.996587623,0.08263557907,1.649424562,1,4.005431885
0.05308492367,0.06763052408,0.9962971962,0.08608241652,0.905314973,1,4.0597434
0.04483293716,-0.05649247887,0.9973959132,0.0721833477,5.383220777,1,3.889021218
-0.04663090502,-0.02934585956,0.998481036,0.05512438139,3.703293968,1,3.951970127
0.03241137784,0.0686369241,0.9971150762,0.07597778587,1.129622838,1,4.019501858
0.06315728846,0.03094065951,0.9975238506,0.07038710063,0.4555337841,1,3.972153488
0.04175849655,0.05213400404,0.9977666429,0.06684592668,0.895455749,1,3.967809388
-0.0006955196714,-0.01292580459,0.9999162164,0.01294486506,4.658632205,1,3.971777746
-0.05289693575,-0.02160746063,0.9983661812,0.05717103905,3.529389882,1,3.971171709
-0.009826682728,-0.03046831282,0.9994874277,0.03201924575,4.400400526,1,4.0747135
-0.03402660877,-0.01543930586,0.999301665,0.03737422279,3.567554174,1,4.010152599
-0.01943160148,0.04585269627,0.9987592018,0.04982077714,1.971635866,1,3.975506462
0.06924158635,-0.02191073946,0.9973592744,0.07268959576,5.976715904,1,3.9615931
-0.003834268996,0.04303497219,0.9990662088,0.04321889799,1.659658271,1,4.005998476
-0.07807719251,-0.05034498548,0.9956753158,0.09303553055,3.714310991,1,3.868455806
0.01820608678,-0.05693603113,0.9982118146,0.05981168131,5.021877732,1,3.987957246
-0.09318645374,0.02459298718,0.9953448999,0.09652684826,2.883564169,1,3.958811727
0.0805410161,-0.03393190139,0.9961735646,0.08750860721,5.884453065,1,4.189416044
-0.04152655396,0.0323010916,0.9986151335,0.0526343289,2.480509563,1,3.906370913
0.03766555706,-0.03629717617,0.9986309733,0.0523323838,5.516285984,1,4.069801941
0.02239812104,-0.01732392346,0.9995990225,0.02831975518,5.624841635,1,4.14614294
0.025059949,0.04199670233,0.9988034221,0.04892477151,1.032797757,1,4.135808898
-0.03707345207,-0.02862359436,0.9989025223,0.04685463759,3.799074561,1,3.970876331
-0.02657521058,0.05992820568,0.9978488705,0.06560337148,1.988190604,1,3.955557417
0.01858141401,0.04979686387,0.9985865027,0.05317575401,1.213653597,1,4.128608101
-0.02198605584,-0.007644619686,0.9997290499,0.02327927724,3.47621977,1,3.99445707
-0.06486389837,-0.04174989157,0.9970203715,0.0772154045,3.713493595,1,4.031589634
-0.04324463349,-0.0172006865,0.998916432,0.04655671324,3.520160538,1,4.061486888
-0.001212761782,0.04872533711,0.9988114791,0.04875974631,1.595680946,1,4.129829615
0.006042753024,-0.01384003245,0.9998859628,0.01510227472,5.124055588,1,4.122509823
0.009645563822,-0.04966352441,0.9987194288,0.05061313297,4.904219054,1,3.892608103
-0.03218689591,-0.05143891246,0.9981573233,0.06071643778,4.153264541,1,3.915801021
0.03639190449,0.03805935138,0.9986125951,0.05268255594,0.807790911,1,4.045834601
0.05212742685,-0.05391424477,0.9971840279,0.07506390169,5.48093859,1,3.884490803
0.04843097008,0.07682974557,0.995867276,0.09094584924,1.008346586,1,4.175399258
0.08932315619,0.00683763027,0.995979227,0.08970474175,0.0764003602,1,3.96902701
-0.08077842153,0.02959421626,0.9962926422,0.08613536764,2.790415658,1,4.05536788
-0.006972577722,0.0598788414,0.9981812999,0.06032000704,1.686719028,1,3.841369465
0.01082754899,0.0281286577,0.9995456682,0.03014518921,1.203348921,1,3.865754131
0.021775534,0.0325177553,0.9992339174,0.03914538083,0.9807307746,1,3.979738433
-0.003317584914,0.08668838579,0.9962299521,0.08686102914,1.609047895,1,3.910448197
-0.03470139365,-0.02458583133,0.9990952658,0.04254105407,3.75799853,1,3.932534126
0.02053845699,0.0152908359,0.9996721273,0.02560822554,0.6399703861,1,4.022638829
-0.02416902844,-0.09782711545,0.9949099022,0.1009398021,4.470180621,1,3.972630128
-0.06747432029,0.007318066548,0.9976941726,0.06792222175,3.033557873,1,3.873415906
0.001284105127,-0.03817425251,0.9992702725,0.03820513733,4.746014292,1,4.102380108
-0.04646999598,-0.07756039442,0.995904074,0.09053977158,4.172597697,1,4.051955988
-0.0344396614,0.05318447949,0.9979906417,0.06340396848,2.145447984,1,3.972203353
0.006023438961,-0.09071137878,0.9958590081,0.09103683941,4.778693885,1,3.768419749
0.0009541201704,-0.05417276562,0.9985311218,0.05420771132,4.729999703,1,3.992764731
0.06133346099,0.0684834776,0.9957651429,0.09206355914,0.8404202571,1,3.853260252
-0.02493045414,0.003032697578,0.9996845879,0.02511687575,3.020541112,1,4.056039212
-0.04401255915,-0.01183070164,0.9989609247,0.04559068473,3.404188351,1,4.008171215
-0.01003902641,-0.05913176858,0.9981997054,0.06001391539,4.544218656,1,4.106304037
-0.0517340668,0.03332389454,0.9981047562,0.06157666348,2.56934917,1,3.936204809
-0.0346233915,0.05779244927,0.9977280459,0.06742128627,2.110552974,1,4.024447806
0.0597461502,0.03367450353,0.9976454407,0.0686364899,0.5132446602,1,4.039466221
-0.02671632368,-0.04185395489,0.9987664815,0.04967438389,4.144266706,1,4.065263345
-0.02169830872,-0.09675545242,0.9950716385,0.0993218497,4.491779672,1,4.179350092
-0.03324875355,-0.06771977115,0.9971502159,0.07551342554,4.25598694,1,4.146841682
0.06499031057,0.03742553485,0.997183829,0.07506655407,0.5224828322,1,3.940381782
-0.01708449483,-0.01634408873,0.9997204563,0.02364557875,3.904845545,1,4.011875491
0.04685264186,0.01085958659,0.9988427801,0.04811326586,0.2277599442,1,3.973963638
0.05640200476,0.01373424297,0.9983136704,0.05808276515,0.2388576606,1,4.081205401
-0.0616236477,0.03146489709,0.9976033712,0.06924719033,2.669502818,1,3.829165009
-0.02871281081,-0.02973334961,0.999145386,0.04134575503,3.94445022,1,4.06344964
0.001920312865,0.08108342862,0.996705468,0.08119535147,1.54711758,1,4.029213296
0.03422184773,0.06595926435,0.9972352985,0.07437709815,1.092196025,1,4.023097493
0.003903806056,-0.05161090129,0.9986596393,0.05178146841,4.787884399,1,4.08882601
-0.02175192563,0.09648237928,0.9950969823,0.09906593285,1.79253878,1,4.089923621
0.02907571017,-0.09553914734,0.9950009419,0.1000322823,5.007816199,1,3.926935449
0.003850504182,-0.002677124868,0.9999890032,0.004689727205,5.675643555,1,3.720656329
-0.0368869792,0.03371811399,0.9987504391,0.04999642476,2.401045929,1,3.971831254
0.0008640476337,-0.06528237694,0.9978664563,0.06533456608,4.725623749,1,4.027792795
-0.03471412006,0.0712816633,0.9968519721,0.07936851939,2.023989387,1,3.798077947
-0.0310312703,0.0606207658,0.9976783966,0.06815427025,2.04391202,1,4.075598452
-0.02493150826,-0.03544378435,0.9990606378,0.0433476477,4.099378167,1,3.92962749
-0.02304918541,-0.0297773787,0.9992907699,0.0376646776,4.053672589,1,3.851186955
0.04483245061,-0.01039439584,0.9989404426,0.04603790917,6.055360745,1,3.997963677
0.04255906498,0.01860983445,0.9989206175,0.04646669221,0.4122180094,1,4.003806331
0.06719449334,-0.01191436887,0.9976687566,0.06829567708,6.107697531,1,4.012489717
-0.04965023372,-0.02654573242,0.9984138312,0.0563309555,3.632578186,1,4.042530169
-0.009289687202,-0.06367438208,0.9979274897,0.0643929583,4.567517435,1,3.996957701
-0.05833245634,0.03763647549,0.9975875,0.06947619166,2.568594643,1,3.903709835
-0.01704752373,0.003216438691,0.9998495069,0.01734917119,2.955110013,1,3.996660339
0.01127803091,0.07682075214,0.9969811322,0.07772242794,1.425027936,1,3.891405645
0.02734460344,-0.07178879456,0.9970449547,0.07689605786,5.076325254,1,3.891282989
-0.01321976626,-0.0865202617,0.9961623774,0.08763651863,4.560767761,1,3.993441257
-0.04314916395,0.08347599559,0.9955751643,0.09410741449,2.047876335,1,4.075188784
-0.03878740179,0.0285587015,0.9988392954,0.04818566614,2.506925087,1,4.082508562
0.01065897478,-0.04816120077,0.9987827016,0.04934664038,4.930196767,1,3.956168569
0.04776267724,-0.01193346304,0.9987874244,0.04925080191,6.038348651,1,3.878381311
-0.003590154882,0.05538409989,0.9984586683,0.05552887234,1.635528604,1,4.011314714
0.04956650111,-0.07013836595,0.9963050595,0.08599090851,5.327594767,1,3.947975976
0.04747300633,-0.05328235187,0.9974504021,0.0714238342,5.440192979,1,3.985265677
0.004478503389,0.06576610585,0.9978250159,0.06596624891,1.502803858,1,4.047358984
-0.07594895479,-0.02199115905,0.9968691716,0.07915129177,3.423436626,1,3.943993115
-0.02307543179,-0.06193490152,0.9978134056,0.06614214568,4.355745522,1,3.907606136
-0.01925230029,0.03229419556,0.999292967,0.03760628528,2.108382777,1,4.190966603
-0.03453592116,-0.05138184751,0.9980817481,0.0619494228,4.120605021,1,3.974816301
-0.01470442655,-0.06526155525,0.9977598455,0.06694761243,4.490774456,1,4.133214981
-0.0740937395,0.04034640985,0.9964347871,0.08446695633,2.642957238,1,4.187648452
0.04898923003,-0.01263387233,0.9987194003,0.05061369534,6.030793896,1,4.053229082
0.03804282978,-0.04671339251,0.9981836515,0.06028098622,5.395841772,1,4.054519988
0.08290576858,0.008793248663,0.9965185961,0.08346766842,0.105668118,1,3.998675163
0.01162349509,-0.09998702251,0.9949208459,0.1008311413,4.828119553,1,4.016376971
-0.02677918533,-0.007327302683,0.9996145186,0.0277671076,3.408674812,1,3.817355841
0.02075288237,0.06454205003,0.9976991739,0.06784849175,1.259696611,1,3.924791294
-0.0242015019,-0.07031059611,0.9972315215,0.07442791012,4.380882951,1,4.115622153
-0.04526554492,-0.05479887125,0.9974708588,0.07113660118,4.021976017,1,4.011044007
-0.05216738068,0.0651097288,0.9965135662,0.08352797809,2.246282261,1,4.008267669
0.03514849182,0.06332591713,0.9973737573,0.07248990323,1.064090968,1,3.840876621
-0.02870651259,0.0595520081,0.9978123543,0.06615804957,2.019973832,1,3.86066789
0.05168909973,-0.01929731845,0.9984767651,0.05520184331,5.925875698,1,3.889665758
0.06282179067,-0.007287905512,0.9979981508,0.06328534477,6.16769237,1,3.962452542
-0.008673303534,-0.09572403445,0.9953701236,0.09626477449,4.622028344,1,3.977857316
0.01663270497,-0.04100409093,0.9990205291,0.04426354688,5.097743878,1,4.048760706
0.05641817723,0.009312887017,0.9983637911,0.05721285301,0.1635937017,1,4.126919497
0.02015853229,0.06110660847,0.9979276607,0.06439030156,1.252146886,1,4.10306603
-0.05441665551,-0.03306855202,0.99797059,0.06371964857,3.687648657,1,4.151986412
0.07195250341,-0.01450952057,0.9973025173,0.07346694879,6.08419973,1,4.028517233
-0.04466971581,-0.0352572374,0.9983794588,0.05693819647,3.809767214,1,3.823027945
-0.02852224715,0.08038995338,0.9963553266,0.08540362417,1.911739702,1,3.928824506
-0.00495563134,-0.007308131617,0.9999610157,0.008830011103,4.116513896,1,3.941247454
0.0008288374079,0.03548687127,0.9993697989,0.03550400772,1.547444402,1,4.02608314
-0.0009061077206,0.05859551641,0.9982813954,0.05863611653,1.586258867,1,3.965500654
0.009971421001,0.05308466646,0.998540229,0.05403936129,1.385119994,1,4.094014163
0.01440598902,0.0370211883,0.999210638,0.03973577401,1.199697166,1,4.035072986
0.09640235416,0.02404558634,0.9950519564,0.09952014408,0.2444416045,1,3.959714286
0.02340997174,-0.05109502651,0.9984193866,0.05623219701,5.142012446,1,4.116222102
0.07945612371,0.03677549125,0.9961597701,0.08766630223,0.4334804161,1,4.154990293
0.0250989734,0.08747214366,0.9958507246,0.09112791041,1.291366822,1,3.931262612
0.04325554993,-0.03054406883,0.9985970245,0.05297742387,5.668356664,1,4.137853951
-0.0543184021,0.03256408013,0.997992531,0.06337414365,2.601538199,1,3.963232594
-0.06512086941,-0.03478356662,0.9972709641,0.07389557585,3.632176667,1,3.972812199
-0.07720553022,0.01720234419,0.9968667842,0.07918147932,2.922361439,1,4.06275725
0.004543637817,0.002464700364,0.9999866402,0.00516910345,0.4970288776,1,3.903464178
-0.07503875178,-0.04366517806,0.9962241404,0.08692799504,3.668598283,1,4.088212008
-0.04289383031,-0.04033446589,0.9982651202,0.05891318494,3.896249371,1,4.140648095
0.08423725982,-0.02339738955,0.9961709925,0.08753803273,6.012258838,1,4.100790065
0.05135405829,-0.0427952227,0.9977631631,0.06689800174,5.58844503,1,3.696373834
-0.07099928561,0.04833648806,0.9963045144,0.08599725545,2.543867474,1,3.921071703
-0.0092222864,0.01968803297,0.9997636375,0.02174267002,2.008863049,1,4.039452631
0.06452471861,-0.01952617068,0.997725057,0.06746563709,5.989330834,1,3.844152544
0.04055551312,-0.004732962206,0.999166077,0.04084210896,6.167007539,1,4.044287056
-0.04572502948,0.04800933754,0.997799742,0.06634855391,2.331829297,1,4.032097213
0.06261825776,0.02094581383,0.9978177322,0.06607665223,0.3228002815,1,4.149041625
-0.008453788182,-0.01995580961,0.999765122,0.02167428037,4.311683192,1,3.886828905
0.09405902811,0.01107370384,0.9955050338,0.094850806,0.1171919626,1,3.986178891
-0.01596238406,0.04183583588,0.9989969795,0.04479259267,1.93529541,1,4.025579706
-0.0246473713,0.03610585836,0.9990439801,0.04373036279,2.169777309,1,4.172918388
0.03259477002,0.03542888863,0.9988405152,0.04816033493,0.8270378001,1,3.987016684
0.02574029034,-0.04037891639,0.9988528323,0.04790380181,5.279904262,1,3.931361955
0.07579838328,-0.03807105972,0.9963961057,0.08492421366,5.817725394,1,3.869242873
-0.0318649333,0.08484649537,0.99588438,0.09075732694,1.930057695,1,4.117866015
0.03509088802,0.03663064574,0.998712584,0.05074824863,0.8068634215,1,4.050175392
-0.006547233553,-0.05712198533,0.998345738,0.05752770337,4.598268537,1,4.085645637
-0.07835821268,0.03390850679,0.9963484349,0.08548438005,2.733186896,1,3.862376315
0.005692228933,-0.01704832414,0.9998384635,0.0179744713,5.034638551,1,3.912039117
-0.05023870066,-0.03730152841,0.9980404145,0.06261351054,3.780267388,1,4.034373617
-0.01126542871,-0.04733838599,0.998815382,0.04867960469,4.478758065,1,3.875591491
0.02896600818,-0.08861658517,0.9956445506,0.09336610415,5.028310331,1,3.94343485
-0.08448425014,-0.03907973808,0.995658167,0.09321993932,3.574849106,1,4.005424586
0.05949085676,0.03439590653,0.9976360857,0.06877275904,0.5242143366,1,3.958497424
0.05384897374,0.04083694817,0.9977137023,0.06763385924,0.6488305509,1,4.098404728
0.03178343394,-0.06431302012,0.9974235052,0.07179974827,5.171385076,1,3.854018863
-0.08809314291,-0.03483751341,0.9955028608,0.0948737474,3.518181076,1,3.816193419
-0.02247844214,-0.00394450283,0.9997395464,0.02282388909,3.315303406,1,4.063239723
-0.001756399343,-0.05086942101,0.9987037684,0.05092173814,4.677875085,1,4.192427601
0.03914393747,-0.05499992484,0.9977187782,0.06755870973,5.330930135,1,3.978303604
-0.04515457441,-0.04330820858,0.9980408125,0.06260714876,3.906122179,1,4.04833651
-0.01703842541,0.07217946232,0.9972461167,0.07423137079,1.802609183,1,3.93588965
-0.00954149396,0.08167703869,0.9966131753,0.08232542938,1.687089012,1,4.006419689
-0.03961082977,0.04101640375,0.9983729948,0.05705167064,2.338763263,1,3.847683767
-0.049772291,-0.01681137305,0.9986190949,0.05255897622,3.467327026,1,4.030237125
-0.04516169421,-0.008130978319,0.9989465995,0.04590393309,3.319725771,1,3.90129242
-0.02204992041,0.03622073616,0.9991005251,0.04241720786,2.117635846,1,3.981274785
-0.0636515404,0.02769502673,0.9975878242,0.06947152275,2.731195222,1,3.988608121
0.07111644643,-0.05842084816,0.9957557208,0.09216599047,5.595482422,1,4.004157823
0.02262945864,0.004389402627,0.9997342851,0.02305327297,0.1915893916,1,3.854597167
-0.03788021898,0.04485148534,0.9982752292,0.058741243,2.272129537,1,4.022422612
-0.03862762853,0.01684869049,0.9991116194,0.04215476739,2.730288694,1,4.170608507
-0.03135136715,0.01382082808,0.9994128659,0.03426927435,2.726385144,1,4.150959302
0.01870254442,0.01036899188,0.9997713233,0.02138623122,0.5062273729,1,4.086160466
-0.07365764042,0.00802211991,0.9972513212,0.07416116164,3.033109333,1,3.816118088
-0.06405172896,0.005775943694,0.9979298645,0.0643560428,3.051659664,1,3.981120782
0.07338506216,0.01895745093,0.9971234867,0.07586690221,0.252801734,1,4.047301682
0.02139592732,0.03512500465,0.9991538662,0.04114008144,1.02368578,1,3.817095365
0.05105619027,0.04897998049,0.9974939734,0.07081064901,0.764646552,1,3.925710649
0.06546323138,0.03534864552,0.9972286792,0.07446612376,0.4951155297,1,4.003056807
0.04310316594,0.0244301202,0.998771889,0.04956535948,0.5156366827,1,3.985888993
0.03602852038,-0.07553091438,0.9964923616,0.0837817513,5.15747083,1,4.074094069
-0.008748662146,-0.05500008577,0.9984480214,0.05572037665,4.554644209,1,3.937362834
0.001269487967,0.08475379656,0.9964011152,0.08486513462,1.555818909,1,4.01054276
-0.02508886819,-0.03881778385,0.9989312931,0.04623629099,4.138602233,1,4.076323479
-0.002458432457,0.0265273113,0.9996450659,0.02664413837,1.663207887,1,4.168954139
0.0363693692,-0.003192949078,0.9993333148,0.03651737383,6.195617563,1,4.028120571
-0.06302386418,-0.04920804415,0.9967981546,0.08004443186,3.804506394,1,4.08951609
-0.09658785814,-0.02616534386,0.9949804824,0.1002369438,3.406140186,1,4.008047492
-0.07398772686,-0.02866722346,0.9968470327,0.07943079473,3.511241445,1,3.976752406
0.01974499763,0.006202928895,0.9997858064,0.0206978847,0.3043891109,1,3.830314994
0.062022929,-0.0376367705,0.9973648429,0.07261288164,5.737765989,1,3.83646743
-0.07245335397,0.04437550954,0.9963841256,0.0850653354,2.592054418,1,3.990114043
-0.06515133799,0.01155623188,0.9978084769,0.06621667442,2.966043295,1,3.997177721
-0.001880195036,-0.04165180719,0.9991304178,0.04170631205,4.667278825,1,4.079855636
-0.0136044303,0.04910058836,0.9987011824,0.05097251938,1.841088444,1,4.084141379
0.01027585817,0.03050721668,0.9994817239,0.0321969205,1.245898772,1,4.097356448
-0.05013759519,-0.05114357812,0.9974319806,0.07168150741,3.936923066,1,4.094076872
0.031764299,-0.03737193786,0.9987964595,0.04906693318,5.416854334,1,3.976443288
0.04805454593,-0.023952595,0.9985574765,0.05371909305,5.820781691,1,4.179306307
0.0170324692,-0.09157241319,0.9956527448,0.09327817188,4.896287485,1,3.850862474
-0.07927186863,0.01250546519,0.9967745905,0.08033859485,2.98512796,1,3.977435985
0.003398322526,0.01474412601,0.9998855245,0.01513126963,1.344265897,1,4.082894045
-0.02608392878,-0.02669933853,0.9993031442,0.03733461566,3.938649471,1,4.066081967
-0.08732672054,-0.05671975915,0.9945636796,0.1043192517,3.71762479,1,4.149664601
0.02356304049,-0.05256565747,0.9983394387,0.05763716031,5.133794328,1,4.128268611
0.01575398188,0.02095836318,0.9996562204,0.02622209975,0.9262209015,1,4.074761842
0.06443346914,0.01296037483,0.9978378409,0.06577140262,0.1984948568,1,4.112312639
-0.02924774589,0.04654153404,0.9984880845,0.0549963016,2.131852961,1,3.845885197
0.0490571571,0.08017288311,0.9955730531,0.09412987862,1.021678462,1,4.197236131
-0.02435792247,-0.006115332799,0.9996845974,0.02511649505,3.387569981,1,4.127691082
0.005960782657,-0.0562596284,0.998398379,0.05660474658,4.817946504,1,4.034933515
-0.009366258951,0.06300354051,0.9979693518,0.06373909092,1.718377874,1,3.85457381
-0.03411528779,0.03931695117,0.9986442432,0.05207808081,2.285476379,1,4.147396065
0.06456126276,-0.02259128645,0.9976579961,0.06845317615,5.94658163,1,4.148540445
0.04220565845,0.03715724239,0.9984177591,0.05626114646,0.721871968,1,4.001445656
0.01476837316,-0.007962014876,0.9998592408,0.01677870508,5.788728922,1,3.985829695
0.04270930686,-0.02390912984,0.998801416,0.04896577382,5.772841054,1,4.098562511
0.003404168529,0.08291874446,0.9965504972,0.08308414785,1.529765098,1,4.089949696
0.01055092502,0.03337579558,0.9993871794,0.03501094832,1.264612339,1,3.920358686
0.0007176347241,0.04046728006,0.9991806064,0.04048470096,1.553064482,1,4.137857416
-0.03862034783,0.009425383747,0.999209503,0.03976433515,2.902219636,1,3.942680237
-0.0148223311,-0.0006935399396,0.9998899027,0.01483909225,3.188348759,1,4.014474161
0.00724599836,0.04355562026,0.9990247261,0.04416859567,1.405944135,1,4.056270864
0.01179660905,0.01442623222,0.9998263468,0.01863642586,0.8853439094,1,3.882194028
-0.066445244,-0.06001396062,0.9959836114,0.08965578726,3.876178008,1,4.063128638
0.05500078745,0.05943868897,0.9967155841,0.08107052918,0.8241582051,1,4.076355185
0.05877455441,-0.006271136533,0.9982515838,0.05914263961,6.17688931,1,3.931060317
-0.02376573752,0.01832885437,0.9995495199,0.03001712456,2.484642096,1,3.934378127
0.06032200469,0.0128927103,0.9980957037,0.06172359329,0.2105633545,1,4.104459441
0.03717775552,0.06977788949,0.9968695304,0.07914675325,1.081253246,1,4.149606519
0.07592359099,-0.02763817353,0.9967305251,0.08088582098,5.934070071,1,4.125621834
0.04828598714,0.03993400343,0.9980349387,0.06270096076,0.6910072604,1,4.106560495
0.02148896055,-0.02573098511,0.9994379125,0.03353028918,5.408192211,1,3.870467517
0.001413507783,-0.08854275421,0.9960713743,0.08867018396,4.728351752,1,4.070513752
0.01369596002,0.03608999633,0.9992546887,0.03861098088,1.208090988,1,4.106700902
-0.06012367265,-0.03460959249,0.9975907578,0.06942924753,3.663907797,1,4.129900151
0.03916796982,0.07854912677,0.9961405046,0.08788606962,1.108234931,1,4.028353029
0.0130144902,-0.06134891412,0.9980315295,0.06275534559,4.921428834,1,3.918894877
0.0316930856,-0.07094100614,0.9969768914,0.07777702788,5.132539165,1,3.866924349
0.05957902693,0.04661595611,0.9971345407,0.07572091994,0.6639305234,1,3.903831331
-0.04307730827,0.06137115739,0.9971850012,0.07505092309,2.182806068,1,4.165847048
-0.05183116796,0.03351287127,0.9980933912,0.06176107193,2.567627114,1,3.920430613
0.06262688464,0.002665483312,0.9980334506,0.0627247047,0.04253565536,1,3.941907717
-0.04919497397,0.0482010493,0.9976254374,0.06892754074,2.366399118,1,4.07279991
-0.04266349636,-0.06159527844,0.9971889729,0.07499793368,4.106618146,1,4.076101886
-0.02649026901,0.04720576754,0.9985338658,0.0541570419,2.0821718,1,3.685877602
0.04836399265,0.05368822198,0.9973858326,0.07232298654,0.8375225254,1,3.889162777
0.0601786184,-0.03914546166,0.9974197545,0.07185201249,5.706467192,1,4.016632656
-0.02454942836,-0.003126504312,0.9996937284,0.02475024312,3.268266217,1,4.100037028
-0.02512744189,-0.04140239464,0.9988265382,0.04844979647,4.166905591,1,3.729750237
-0.03568682617,0.08628523127,0.9956311111,0.09351014761,1.962964209,1,3.975210713
0.06891076429,0.04010503705,0.9968163786,0.07981619028,0.5270679116,1,4.051696359
0.03714282649,0.03895677923,0.9985503391,0.05385185698,0.8092302094,1,4.126463316
-0.08406125525,-0.001525063562,0.9964594219,0.08417445373,3.159732952,1,3.913537206
0.09636122709,-0.01541322314,0.9952270829,0.09774168779,6.12457632,1,3.997559152
0.007583722854,0.0223317242,0.9997218519,0.02358647738,1.243421662,1,3.887250484
-0.03432235672,0.01660821621,0.9992728071,0.03813872219,2.69091659,1,3.972178928
0.08123016464,0.03893702211,0.9959345203,0.09020241028,0.4469849777,1,4.152030363
-0.0557944363,0.01017151009,0.9983904653,0.05674445564,2.961269596,1,4.065340751
-0.01447369746,0.04004368877,0.9990930963,0.04259203713,1.917632881,1,4.129361338
-0.01023951476,0.07499021275,0.9971316966,0.0757585066,1.706501777,1,3.906200583
0.04094657584,0.00594296155,0.9991436629,0.04138742166,0.1441329509,1,3.91077703
-0.04977235692,-0.02350708386,0.9984839155,0.05507209364,3.582829152,1,3.955917441
0.02542657834,0.006732766601,0.9996540196,0.02630590502,0.2588518125,1,3.917877616
0.0696273085,0.05312759015,0.9961573656,0.08769376124,0.6517870606,1,4.096702879
-0.06698527194,-0.07364452975,0.9950323897,0.09971688524,3.974308576,1,3.866259706
-0.0670932486,-0.03001006568,0.9972952882,0.07356537069,3.562189745,1,4.013013893
-0.02857690241,0.006217522766,0.99957226,0.02924963071,2.927359804,1,4.046021112
0.03270813964,-0.05438797545,0.9979840308,0.0635082187,5.253826606,1,4.21173717
-0.02866624216,0.0628239044,0.9976128526,0.06911002516,1.998872944,1,3.828775011
-0.0156703265,-0.06735856911,0.9976057658,0.06921257349,4.483814274,1,4.006246491
-0.04414811538,-0.04390753808,0.9980596535,0.06230528523,3.924258719,1,3.986127945
0.02882432861,-0.05281056229,0.9981884605,0.06020110884,5.212006628,1,3.969735914
-0.01496234362,0.07719160301,0.9969039997,0.07870958158,1.762255902,1,4.153196146
-0.04386868609,0.01008440648,0.9989864079,0.04502806671,2.915640991,1,3.948324071
0.055124292,-0.04416468495,0.9975022772,0.07069318574,5.607723005,1,4.148480983
-0.05959919369,0.04984246216,0.9969772641,0.07777223127,2.445109502,1,4.035471002
0.02200849687,0.02630966854,0.9994115406,0.03430793383,0.8741818394,1,3.868810495
-0.01646922693,-0.03944215376,0.9990861229,0.04275549741,4.316842074,1,3.958835968
0.07812226855,0.02831969283,0.9965414724,0.08319282468,0.3477711794,1,3.860350502
0.07964077421,0.03776375909,0.9961080492,0.0882550624,0.4427759689,1,4.070018344
-0.05610183644,-0.05606061936,0.996849934,0.07939422164,3.92662334,1,3.993325382
-0.04462520674,0.02095615368,0.9987839759,0.04932079919,2.702556569,1,3.843683313
-0.04347715176,0.03191631912,0.9985444837,0.05396053307,2.508349302,1,3.928494387
0.06929619366,0.02760513866,0.9972141164,0.07466161167,0.379095608,1,3.99333994
-0.03157018043,0.07816108406,0.9964407502,0.08439624624,1.954670349,1,3.940322196
0.066438096,-0.0009846775813,0.997790063,0.06649438256,6.268365414,1,4.117099538
-0.0570520001,0.07070496034,0.9958643873,0.0909776501,2.249731883,1,3.974536778
0.0587324269,-0.07230595381,0.9956517218,0.09328915411,5.394570893,1,3.915632948
0.03598122535,0.03710709069,0.9986633143,0.05171041747,0.8008011219,1,4.114525994
-0.004574454629,0.0456668342,0.9989462521,0.0459115018,1.670633463,1,3.820734023
-0.02131331906,0.03416471636,0.9991889284,0.04027856225,2.128561101,1,4.085838273
0.01541833716,-0.05937956124,0.9981163973,0.06138720241,4.966436021,1,3.957346537
0.005864416147,0.004014128224,0.9999747474,0.007106718821,0.6002398522,1,4.144264524
-0.0549166314,-0.05462061851,0.9969958634,0.07753246996,3.924288429,1,3.934195864
-0.05023102057,0.05156798475,0.9974054279,0.07205129959,2.343061874,1,3.990937166
0.06373004127,0.009773014852,0.9979193204,0.06451978831,0.1521648099,1,4.056855284
-0.04272132767,-0.003055467476,0.9990823551,0.04284355904,3.21299197,1,4.16942515
-0.0272834328,-0.02811968161,0.9992321541,0.03919041153,3.942083566,1,3.977952245
0.03559989223,0.04559493891,0.9983254726,0.05787909745,0.907881504,1,4.1540909
0.01541369834,0.02308023215,0.9996147862,0.02775746874,0.9819879649,1,4.087537436
0.02381067396,0.01437494088,0.9996131316,0.02781702143,0.5431490993,1,4.198318595
-0.05030982886,0.03695353483,0.998049777,0.06246370494,2.508073104,1,3.845498082
0.06053267957,0.02798086219,0.9977739554,0.0667363616,0.4329891802,1,3.862178573
-0.07082378693,0.02362300704,0.9972090777,0.07472912988,2.819650506,1,4.143770274
-0.004304126729,0.02712747406,0.9996227162,0.02747025939,1.728147702,1,4.031662072
-0.03432982776,0.008385777911,0.9993753757,0.03534654968,2.902013311,1,4.067859447
0.009001010432,-0.007081834433,0.9999344126,0.0114532224,5.616556149,1,3.962467375
0.07568316113,-0.02831654286,0.9967297691,0.08089517788,5.925163665,1,4.188090066
0.02083090089,-0.01108980835,0.9997215061,0.02360113757,5.793975975,1,3.815877476
0.02177147192,-0.01237830512,0.9996863411,0.025046968,5.766207206,1,4.03297841
-0.0225259114,-0.01040840161,0.9996920768,0.02481688806,3.574433185,1,4.133527678
-0.0128741386,-0.03811911328,0.999190267,0.04024530423,4.386682645,1,4.032124373
0.01428914876,0.006752944223,0.9998751012,0.01580515194,0.4414821826,1,3.94689594
-0.03005908238,0.03575617702,0.9989083779,0.04672945106,2.269847814,1,4.004625217
-0.0145578253,0.01262393972,0.9998143357,0.01927018665,2.427221242,1,3.891874672
0.02279858908,-0.06314962797,0.9977436288,0.0671895861,5.05885159,1,4.030571876
-0.04109425254,0.08734974623,0.9953297364,0.09668405578,2.010531022,1,3.863346011
0.07360990912,0.005210584743,0.9972734986,0.0738612379,0.07066858178,1,4.07757526
0.0583326849,-0.03605753838,0.9976458048,0.06863118102,5.729537063,1,4.107042748
-0.02086077567,0.08131985915,0.9964697228,0.08405184419,1.821908969,1,3.985995791
-0.02235118741,-0.03749085011,0.9990469762,0.04366177394,4.174785155,1,4.057641208
0.05686212584,-0.01234136435,0.9983057595,0.05821888293,6.069459956,1,3.87987538
0.001742009018,-0.04112352685,0.9991525514,0.04117203746,4.75472407,1,3.935052084
-0.0146275985,-0.07700811336,0.9969231584,0.07846554249,4.524676453,1,4.0839405
0.07906136687,0.01729509384,0.9967197098,0.08101956686,0.2153627674,1,4.032340207
-0.01972847823,0.05293558971,0.9984030301,0.05652247597,1.927538817,1,4.100394015
-0.06066990073,-0.04024787018,0.9973461145,0.07287057281,3.727324105,1,3.916375954
-0.03757380919,-0.05577857716,0.9977359166,0.06730435799,4.119584957,1,3.913107578
-0.01159922876,-0.00158001009,0.9999314784,0.01170661352,3.276976231,1,4.078215108
0.01027423217,-0.08411132581,0.9964033947,0.0848382375,4.833937239,1,3.796961595
-0.02164632045,-0.07815644278,0.9967060787,0.08118782221,4.442200156,1,4.05228358
0.08530406616,0.0587308521,0.9946224929,0.1037529147,0.6029581416,1,3.983762904
0.04043844232,-0.02334022233,0.9989093885,0.04670781115,5.759714944,1,3.974611834
-0.06398563479,-0.0372307352,0.9972560909,0.07409675875,3.66856775,1,3.935522395
0.001550737125,0.05433940175,0.9985213191,0.05438833501,1.542266084,1,3.987088405
0.03575281905,0.03581382504,0.9987187321,0.05062690179,0.7862505993,1,3.856370423
-0.07362723789,0.0002682347757,0.9972857955,0.07369441247,3.137949524,1,3.960727476
-0.01788297581,-0.06132665724,0.9979575343,0.06392435132,4.42865447,1,4.161870872
-0.0218002459,0.05972566196,0.9979767505,0.06362282771,1.920776786,1,4.061154864
0.04099295872,-0.05162782826,0.9978247064,0.06597094387,5.383466165,1,4.013527769
0.032025769,0.04503307126,0.9984720189,0.05528779859,0.952618894,1,4.053367623
0.01946636557,0.01787448068,0.9996507208,0.02643102558,0.7427927667,1,3.868799019
-0.04767867514,-0.07648067868,0.9959304442,0.09024764809,4.154935216,1,4.117273325
0.07300986537,0.009440273605,0.997286539,0.07368431411,0.1285878963,1,4.049643436
-0.03385022529,0.02794298961,0.9990362113,0.04390771024,2.451501698,1,4.001487723
-0.06194660916,-0.01172483026,0.9980105941,0.06308828506,3.328652988,1,4.085114924
0.0417540634,0.05706787045,0.9974967952,0.07077075495,0.939138961,1,4.013068503
0.02922454243,0.05723104595,0.9979331308,0.06430523476,1.09867187,1,3.843172332
0.02160671571,-0.03896168487,0.9990070755,0.04456655328,5.218728838,1,3.99552436
0.04329252094,-0.02599698484,0.9987241433,0.05051985935,5.742401195,1,3.876707531
0.02913250342,-0.0231968976,0.99930636,0.03724836049,5.610732159,1,4.074846902
0.02458139056,-0.03008559623,0.9992450211,0.03886062135,5.397439231,1,4.100508967
0.04140165751,0.0369868238,0.9984577495,0.05554542364,0.729137669,1,4.055151558
0.0182306366,-0.038108099,0.9991073099,0.04225690371,5.158601818,1,4.084235531
-0.02116056504,0.0656395762,0.9976190037,0.06902089202,1.882652266,1,3.968930216
-0.08188567349,-0.04195920865,0.9957580837,0.09214031318,3.615120553,1,4.039279291
-0.03298068331,-0.03347936928,0.9988950928,0.04701299308,3.934494221,1,4.014530831
-0.0614918373,0.0362329867,0.9974497103,0.07143352731,2.609128082,1,4.123189319
-0.07971842338,0.018336986,0.9966487485,0.08189169644,2.915503433,1,3.979923836
-0.02485871462,0.02652709294,0.9993389603,0.03636241204,2.323738204,1,4.001671555
0.008671098022,-0.04313735884,0.9990315212,0.04401443344,4.910756787,1,4.113252986
0.01469709729,-0.05038055711,0.9986219479,0.0525046424,4.996233726,1,3.929929186
-0.03971586012,-0.05166981157,0.997874181,0.06521614296,4.057060036,1,3.94623936
0.0349496634,0.02414479451,0.9990973676,0.04249160466,0.6045550962,1,4.043642137
0.04023894544,-0.07523544502,0.9963535793,0.08542410517,5.20351879,1,3.949953822
-0.004527901102,-0.03558554575,0.9993563764,0.03588015208,4.585829162,1,3.855218118
0.03088310322,-0.0575781141,0.9978632144,0.06538420267,5.20470657,1,4.032124756
0.06752982448,-0.006357620029,0.9976969998,0.06788055215,6.189316619,1,3.973838767
0.05867604172,0.02666603955,0.9979208608,0.06449589209,0.4265584435,1,4.011722712
-0.002964206255,-0.08908902205,0.9960192567,0.08925678913,4.679128843,1,4.173272264
-0.007591723353,0.029882655,0.9995245833,0.03083680762,1.819584203,1,4.047391804
0.04673962708,0.04394505312,0.997939998,0.06419828156,0.7545915285,1,3.990888422
0.01368460059,0.01962648203,0.9997137255,0.02392856793,0.9619171515,1,4.024473563
0.03541505363,-0.06835822842,0.997032059,0.07706374401,5.190396011,1,4.038587011
0.03083832246,0.002059823103,0.9995222634,0.03091196084,0.0666951971,1,4.014662601
-0.05422681206,-0.001128782796,0.998528006,0.05426518775,3.162405601,1,3.994821189
0.0123076255,0.03199462384,0.9994122605,0.03428693923,1.203568013,1,3.995643362
-0.01853661165,-0.02517646746,0.9995111503,0.03126945998,4.077734837,1,4.132038408
-0.04437251854,-0.04551709037,0.997977592,0.06360959177,3.939723212,1,4.073045862
0.05736549083,-0.02673714395,0.9979951531,0.06333272722,5.847036628,1,3.894000593
0.05131121104,0.001589490459,0.9986814473,0.05135839923,0.03096754672,1,4.056034369
-0.03261957241,-0.05868939483,0.9977432127,0.06719578393,4.205103615,1,3.836826225
-0.002790107509,0.006005004494,0.9999780774,0.0066215874,2.005750048,1,3.929963892
-0.0140619344,-0.08812008292,0.9960105988,0.08935386445,4.554146232,1,4.138432945
0.06162271551,0.03703662665,0.997412116,0.07195833411,0.5411708577,1,3.7615991
0.004935360114,0.05029823664,0.9987220482,0.0505613303,1.472987492,1,3.948366818
-0.0007903966555,0.03552238269,0.9993685684,0.03553865542,1.593043321,1,4.072093724
-0.0206293168,-0.06641204625,0.9975790051,0.06959845413,4.411212179,1,3.880531404
0.04308440888,0.02151866187,0.9988396673,0.04817794515,0.4632103704,1,4.080246822
-0.05462528687,0.06629143927,0.9963039311,0.08600404611,2.260011313,1,3.868555681
-0.06340866841,-0.0628594837,0.9960060372,0.08940496953,3.922641492,1,3.98251602
-0.06506017845,0.002144712262,0.9978790375,0.06514157993,3.108639533,1,3.996858618
-0.05291373725,0.01573055992,0.9984751804,0.05523055785,2.852626814,1,4.101361017
0.000153437007,-0.02540083525,0.999677335,0.02540403107,4.718429535,1,4.086231445
0.006706600615,-0.06008737775,0.9981705909,0.060497391,4.823543062,1,3.925422976
-0.05658040118,0.006518431022,0.9983767667,0.05698548326,3.026891809,1,3.937764704
-0.06902570775,0.03461106405,0.9970143058,0.07729399899,2.676807448,1,4.113764237
-0.003485177349,-0.04456085218,0.9990005926,0.04471183121,4.634336232,1,4.023028034
-0.007139043415,-0.06064895916,0.9981336272,0.06110570538,4.595217269,1,4.066465634
0.07806048715,0.0002364551641,0.9969485967,0.07814034069,0.003029118182,1,4.121812692
0.06098136526,0.02453843144,0.9978372305,0.06578069009,0.3825669964,1,3.807844117
-0.03203071281,-0.06461563402,0.9973960363,0.07218163983,4.252178054,1,3.949762531
0.03350806972,-0.05230606936,0.9980687774,0.06215858024,5.282138575,1,3.982141413
-0.09570363414,-0.02121381894,0.9951837962,0.09818426252,3.359727279,1,4.131092837
0.08512758312,0.02555413391,0.9960423088,0.08899780397,0.2916277,1,3.962236881
0.06105103768,0.06542129571,0.9959883658,0.08960267011,0.8199394715,1,4.050124005
-0.02971817568,-0.07690814443,0.9965951873,0.08254388625,4.34365161,1,3.902697966
0.04316021683,-0.06962009445,0.9966394725,0.08200501675,5.267340697,1,4.2978781
0.02620102679,-0.04022243774,0.9988471663,0.04802197906,5.289750038,1,3.887233432
-0.03942520204,-0.04318439604,0.9982889168,0.0585076303,3.972464981,1,3.836903631
0.01136776174,0.03531838539,0.9993114558,0.03711127196,1.259402289,1,4.087359295
0.04713588015,-0.07187193245,0.9962994701,0.08605596402,5.292852784,1,3.819597742
-0.0014332383,-0.08916481448,0.9960158541,0.08929495226,4.69631633,1,3.986370766
0.05332283181,0.01218084238,0.9985030309,0.05472371972,0.2245822459,1,4.148952034
-0.05044858174,0.04662878722,0.9976375578,0.06875133367,2.395522142,1,3.93492374
0.0238812832,-0.04443107913,0.9987269715,0.05046382333,5.205577271,1,4.238604144
-0.06586156518,0.05808941306,0.9961364737,0.08793198085,2.418815941,1,3.974414609
-0.03617290188,-0.03272652763,0.9988095392,0.0487995306,3.877012112,1,3.89573934
0.01463587125,-0.001943389742,0.9998910013,0.01476486817,6.15117488,1,3.970635709
-0.08618582658,0.02034179951,0.9960713903,0.08867000361,2.909811869,1,4.021090676
0.01829101922,-0.0128779702,0.9997497669,0.02237156657,5.66973988,1,4.177693659
-0.07673648485,0.0276899208,0.9966668351,0.08167029102,2.795289869,1,4.131840066
-0.04027581378,0.0519477477,0.9978373065,0.06577953246,2.230302511,1,3.928679462
-0.07800612944,-0.02728815532,0.9965793498,0.08273575009,3.478107692,1,3.895236882
0.07275291006,-0.02047925014,0.9971397166,0.07565246846,6.008795036,1,3.979533479
0.04878254383,0.07881907592,0.9956946403,0.09282728718,1.016582553,1,3.947772713
-0.05787807209,-0.04450039399,0.997331361,0.07307293273,3.797058119,1,3.854291535
-0.01242877932,-0.01556469335,0.9998016132,0.01991950581,4.03854876,1,3.999406274
-0.06438781602,-0.03448000523,0.9973291023,0.07310386378,3.633239293,1,3.961429242
0.01260749959,0.06518055878,0.9977938393,0.06643752532,1.379731541,1,3.763448259
-0.001570858902,0.04450740397,0.9990078195,0.04454985136,1.60607601,1,4.220706718
0.05060206808,-0.03783824592,0.9980018526,0.06322678479,5.641118789,1,3.902401831
-0.05675090389,-0.06724195041,0.9961214058,0.08810339478,4.011399865,1,3.893944249
0.07430594565,-0.008644029,0.9971980281,0.07487698456,6.167375595,1,3.849830686
0.03221540236,0.0006827389267,0.999480716,0.0322282149,0.02118976294,1,3.899224776
0.05102254194,-0.00228984084,0.9986948767,0.05109612983,6.238336398,1,4.136546974
0.0255118841,-0.04203084163,0.9987905447,0.04918738062,5.2579251,1,4.117277909
-0.06732953988,0.0621508448,0.995793154,0.09175836646,2.396169165,1,3.908664457
-0.04244551132,0.07506333384,0.9962749994,0.08634020476,2.085433493,1,3.959852512
0.001531276965,0.0205440641,0.9997877758,0.02060251033,1.496397677,1,3.97590466
0.03922659954,0.06536475547,0.9970901276,0.07630576237,1.030289693,1,4.064850106
-0.03185457274,-0.02902934581,0.99907086,0.04311111066,3.88062058,1,4.089319313
0.02580101799,-0.07678787254,0.9967135647,0.08109546185,5.036541038,1,4.003714393
-0.03956123323,0.06085841533,0.9973621018,0.07265065404,2.147209241,1,3.97644691
-0.03084946003,-0.06191531407,0.9976045332,0.06923039461,4.250140348,1,4.021301904
-0.06674576714,0.00530655195,0.9977559036,0.06700651128,3.062255585,1,3.894681834
-0.08459055833,0.04269738854,0.9955005628,0.09489800263,2.674149403,1,3.909299439
-0.05515995054,0.0442043332,0.9974985498,0.07074593708,2.466008032,1,4.054836883
0.0499296397,-0.05543204781,0.9972132767,0.07467286794,5.44561055,1,4.037210484
0.07799112488,0.04770098228,0.9958122317,0.09154992633,0.5489203065,1,3.960688352
0.006843705312,0.06823189204,0.9976460157,0.06862810559,1.470829978,1,4.093232851
-0.05898857798,0.004455898812,0.9982487128,0.0591911918,3.066197506,1,3.966097722
-0.0735954172,0.06775341949,0.9949840143,0.1002016434,2.397501337,1,3.944546453
0.007120501482,0.01256178612,0.9998957446,0.01444003131,1.055117414,1,4.048806238
-0.07852901347,-0.0374422064,0.9962084497,0.08710853823,3.586504171,1,3.824723754
0.03082828357,-0.02922838304,0.9990972518,0.04249433038,5.524420694,1,4.096970582
-0.0195713076,-0.07718201409,0.9968249097,0.0797091201,4.464049933,1,3.939056537
0.01503311869,0.04003541953,0.9990851668,0.04277786151,1.211591342,1,3.966440396
0.02125454809,0.06039167422,0.9979484405,0.06406654946,1.232389815,1,3.961249637
0.01498677977,0.01994009784,0.9996888461,0.02494674651,0.926278342,1,3.993619162
-0.03557412847,-0.05193319603,0.9980167456,0.06299063865,4.111802681,1,4.043486777
0.02787648023,-0.06977329179,0.9971732997,0.07520682185,5.092489587,1,4.107509592
0.04574758693,0.04932197963,0.9977346845,0.06732267542,0.8229781169,1,4.034851507
0.02795935984,0.0123670996,0.9995325553,0.0305771533,0.4164523677,1,4.093178713
-0.01277354577,0.08006440606,0.9967078446,0.08116604471,1.729003897,1,4.027539136
0.002690539904,0.04439613502,0.9990103824,0.04449226547,1.510267335,1,4.146557993
-0.0200757527,-0.05267482127,0.9984098995,0.05640074668,4.348258271,1,4.151704058
0.0241322255,0.02801626842,0.9993161284,0.03698512142,0.85974134,1,4.061284285
-0.01932227361,-0.03830734242,0.9990791747,0.04291775121,4.245226528,1,3.864712181
-0.04034285068,0.04229966563,0.9982901345,0.05848680145,2.332520848,1,4.018579713
0.05971005133,-0.03237362728,0.9976906625,0.06797391992,5.786365344,1,4.067427747
0.04445306693,0.02847864592,0.9986054734,0.05281762597,0.5697708069,1,4.028175409
-0.06175043921,-0.002317223771,0.9980889308,0.06183329581,3.179100678,1,3.872912442
0.08056233596,-0.02738795199,0.9963732283,0.08519349798,5.955482876,1,4.039285525
-0.07132846176,-0.03509331407,0.9968353474,0.07957792619,3.598816542,1,3.976775362
-0.008719318604,0.03740779418,0.9992620429,0.03841999122,1.799795852,1,4.111422638
0.04049113576,-0.02177186752,0.9989426679,0.04598953138,5.789838634,1,4.123278318
0.05071316011,0.04382684078,0.9977511631,0.06707727347,0.7126863064,1,3.986595451
-0.0315667642,0.03146422962,0.9990062771,0.04458447131,2.357821221,1,3.878341376
-0.004519261645,0.01057117999,0.999933911,0.01149692984,1.974789164,1,3.968936067
0.004195023485,0.0619856274,0.998068226,0.06216745559,1.503222012,1,4.114621001
-0.04062188309,-0.01000004618,0.9991245476,0.04184686677,3.382967024,1,4.140196217
0.08903163136,-0.04585178055,0.9949728553,0.1003131333,5.807605481,1,4.072649215
-0.07577158695,-0.02200623407,0.9968823362,0.07898461998,3.424245359,1,3.88276616
-0.03093770235,-0.07250694139,0.9968879586,0.07891333047,4.309091078,1,3.942517148
-0.05155301321,0.009397718467,0.998626041,0.05242659184,2.961280225,1,3.896944496
0.002658304612,0.0379294787,0.9992768826,0.0380316864,1.500825292,1,4.084862591
-0.01345220016,-0.02903595697,0.9994878446,0.03200622182,4.278534483,1,4.198591226
-0.02097737075,0.01680072804,0.9996387775,0.02687914668,2.466304571,1,3.99138678
0.01528456026,0.02450422441,0.9995828756,0.02888436936,1.013094916,1,3.989491544
0.01912435159,-0.02583376351,0.9994833044,0.03214778591,5.34964354,1,4.07884952
0.0478744174,-0.05411539135,0.9973863667,0.07231559386,5.436671217,1,3.995811836
-0.03710520271,0.04841361027,0.9981379295,0.06103521423,2.224724246,1,4.053163365
-0.02246863107,-0.05816151447,0.9980543066,0.06239110059,4.343735912,1,4.123540485
-0.06481644809,-0.01190448858,0.9978261929,0.06594839109,3.323232927,1,4.013350758
-0.07750293398,0.008639827055,0.9969546873,0.07806227731,3.030573606,1,4.077113076
-0.05101105464,-0.02050216847,0.9984876231,0.05500469641,3.523749822,1,3.933616602
0.02443926266,-0.02118724765,0.9994767746,0.03235030224,5.568941499,1,3.837217739
-0.08487961726,-0.008248792402,0.9963570685,0.08538320036,3.238470686,1,4.009223216
-0.002171314733,0.07285832768,0.9973399368,0.07295537524,1.600589383,1,3.985946237
0.04794259998,0.02875411569,0.9984361311,0.05593347224,0.5402439609,1,4.198539101
0.0317811856,-0.03742886198,0.9987937908,0.04912131456,5.416365577,1,4.141435233
-0.04642138349,-0.001925930904,0.9989200899,0.04647804974,3.183056886,1,3.915117205
0.04893526618,0.007715278445,0.9987721533,0.04956002528,0.1563757205,1,3.94877105
-0.08526382646,0.014285103,0.9962559991,0.08656026224,2.97559435,1,4.040007375
0.05591316224,0.002062602254,0.998433505,0.05598042745,0.03687266682,1,3.852362715
-0.0712409529,-0.01032871654,0.9974056568,0.07204811909,3.285572281,1,4.004486471
-0.07610492855,0.06093827878,0.9952359349,0.09765093626,2.466416521,1,3.820459015
-0.06693774201,0.0189812281,0.9975765894,0.06963318283,2.865280819,1,4.111579908
0.0299419598,-0.004743729419,0.9995403824,0.03032005275,6.126060424,1,3.978054965
0.0250326638,0.07524782003,0.9968506063,0.07938574408,1.249643232,1,3.829596234
0.009761041225,0.102629257,0.9946717839,0.1032758876,1.47597183,1,4.029719613
0.03345002426,-0.05077397787,0.998149838,0.06083967166,5.294927392,1,4.191691145
-0.05036192132,0.03405178897,0.9981503657,0.06083099164,2.547059149,1,3.922129454
-0.02431045994,-0.04700844785,0.9985986218,0.05294725072,4.235115002,1,3.79518341
0.0342265557,-0.04623930835,0.9983438632,0.05756030062,5.349591599,1,3.958099954
0.08593207033,-0.02232601058,0.9960508162,0.08890203416,6.028995233,1,3.967611758
-0.04577781514,-0.008498995305,0.9989154913,0.04657692139,3.325160099,1,3.985834854
0.1005434707,-0.002291491039,0.9949300275,0.1007398872,6.260398204,1,4.178403378
-0.02157352332,-0.0521332015,0.9984070875,0.05645060785,4.320029772,1,3.975298044
0.008048305741,0.03732688596,0.9992706982,0.03819398971,1.358430641,1,4.114602528
0.001117058243,0.0177389131,0.9998420291,0.01777498609,1.507907176,1,3.957628069
0.05549169665,-0.02523164684,0.9981402885,0.06099652728,5.856436125,1,3.983672326
-0.07243740676,-0.02103178356,0.9971511852,0.07550057529,3.424167578,1,3.889631896
-0.07199090539,-0.0232561542,0.9971341238,0.07572643037,3.454053448,1,4.003572721
-0.01039778709,0.0342983104,0.9993575496,0.03584743253,1.865147308,1,3.958394301
-0.0218209926,-0.006251280401,0.9997423497,0.02270072109,3.420600197,1,3.917885632
0.0791569137,0.01171732529,0.9967933022,0.08010509459,0.1469593722,1,4.060655086
-0.03558843634,-0.07637649459,0.9964437236,0.08436096568,4.276341786,1,4.307002178
0.05339496378,0.05863639365,0.9968504157,0.0793881484,0.8321494545,1,3.980586493
0.07265454162,-0.02131951684,0.9971292774,0.07579046369,5.997760612,1,3.946098105
-0.03975019084,0.04975838591,0.9979699521,0.06372966481,2.244844296,1,3.807596775
-0.0251735152,-0.00219399834,0.9996806893,0.0252716332,3.228528002,1,3.995706102
-0.01672186862,0.07931968023,0.9967089683,0.0811521837,1.778570059,1,4.023748979
-0.01557143592,-0.02162986005,0.9996447767,0.02665499412,4.088428754,1,4.092694276
-0.03475236173,0.06922348145,0.9969956785,0.07753485693,2.03606774,1,3.863060079
0.05732476039,-0.04922162745,0.997141466,0.07562931836,5.57369365,1,4.093282532
-0.07702412786,-0.01757589725,0.9968743008,0.07908639462,3.365938359,1,3.871759044
-0.01683333181,0.05579034738,0.998300594,0.05830758954,1.863834761,1,4.042949913
-0.01640293493,-0.01913091581,0.9996824255,0.02520283096,4.003611849,1,3.990936273
0.003823408679,-0.005527978404,0.9999774112,0.006721434333,5.317486755,1,4.016094308
0.00483488402,-0.006687427222,0.9999659505,0.00825223195,5.338372628,1,3.936002057
0.05071625469,-0.04997752481,0.9974618331,0.07126347348,5.505123413,1,3.951311851
-0.0706062969,-0.01501163092,0.9973912982,0.0722473084,3.351083646,1,3.894347585
-0.01435624434,-0.06731396722,0.9976285522,0.0688823016,4.502264207,1,3.981186278
0.04738325457,-0.01348215947,0.9987857921,0.04928394598,6.005976951,1,3.969312821
-0.03977784928,0.0637126802,0.9971752188,0.07518127495,2.12891496,1,4.15374363
0.03979018456,0.01131770908,0.9991439589,0.04138026652,0.2771162433,1,3.977647841
-0.0009296604896,0.03270904382,0.9994644837,0.03272809496,1.599210801,1,3.9956191
0.04704448978,0.0508188791,0.9975992469,0.06930677126,0.8239470053,1,3.954569372
-0.00432581755,0.01974998945,0.9997955917,0.02021955716,1.78642013,1,3.921863899
0.02928750964,0.03985682821,0.9987760885,0.04948052564,0.9370827967,1,4.070313271
0.05874977512,-0.02188147496,0.9980328977,0.06273352391,5.926650314,1,3.989328846
-0.01903873645,-0.07645101082,0.9968915535,0.07886771498,4.468321727,1,3.707631073
0.004523437355,-0.03903346144,0.9992276655,0.03930480852,4.827760497,1,3.989470756
0.009009854039,-0.05004806327,0.9987061699,0.05087453484,4.890505194,1,3.916978456
-0.04520789826,0.01607454137,0.9988482643,0.04799910146,2.799964949,1,4.114352028
0.00461608951,-0.02894793196,0.9995702621,0.02931786634,4.870519438,1,3.900719344
0.05613054445,0.03753533666,0.9977176256,0.06757578131,0.5894193355,1,3.817559268
-0.07616167018,0.008284168582,0.9970610676,0.07668602313,3.033247757,1,4.05633918
-0.02106562427,0.03513466421,0.9991605451,0.04097736921,2.110898201,1,3.898794298
0.004765707249,0.08186951339,0.9966316626,0.08210030563,1.512650931,1,4.038623014
-0.01737058218,-0.0364520849,0.9991844216,0.04039032753,4.267691473,1,3.979832265
0.04927084015,0.01983984369,0.9985883861,0.05314030682,0.382805185,1,4.069435247
0.004099368835,0.0858986638,0.9962954455,0.08610277632,1.523109194,1,4.098451327
0.001789646533,0.05930250421,0.9982384536,0.05936436406,1.540627221,1,4.01928973
0.009746196506,0.03797141332,0.9992312963,0.03921230024,1.319548111,1,3.998697607
0.06355145548,0.0603656088,0.9961511962,0.08776417462,0.7596943182,1,4.030885087
-0.07486523749,0.004282103137,0.9971844663,0.07505805632,3.084457423,1,3.809252516
0.08824812871,-0.009839123292,0.9960499282,0.08891203598,6.172150034,1,4.15876476
0.03444638122,-0.05670914165,0.997796332,0.06639996798,5.258247981,1,3.966280599
0.02396345044,0.03128305724,0.99922326,0.03941676169,0.9171209482,1,4.126600523
-0.06476367288,0.01504980306,0.9977871367,0.06653840906,2.913264716,1,3.98563656
0.06409802485,-0.04124621587,0.9970908649,0.07629609029,5.711402609,1,3.740994348
0.02690328045,0.06836124041,0.9972978263,0.07353083096,1.19586625,1,3.980899083
-0.002620552545,0.0447502018,0.9989947708,0.04484189181,1.629289096,1,3.7610247
0.02480523772,-0.04120690626,0.9988426758,0.04811543354,5.254254261,1,3.98085151
0.008184840302,0.08150752685,0.996639118,0.08200934475,1.470713618,1,4.120662967
0.03912845312,0.04536132672,0.9982040444,0.05994152925,0.8590355158,1,3.943888265
-0.02100908136,-0.05627537015,0.9981942202,0.06010530007,4.355086382,1,3.988661438
-0.06779651944,-0.01830571156,0.997531219,0.07028225216,3.405313442,1,3.897736136
-0.03530691716,0.01478662249,0.9992671201,0.03828758009,2.744983098,1,4.136187345
-0.07372334475,-0.05195069771,0.9959246927,0.09031144308,3.755446594,1,3.955666122
0.0142345468,0.04374765827,0.9989411995,0.04602145996,1.256222138,1,4.052023284
0.02155018022,-0.04867195278,0.9985823105,0.05325457069,5.129209035,1,3.804862347
-0.02420627449,-0.04301249873,0.9987812479,0.04937610159,4.199792134,1,3.935018649
-0.03686704834,-0.04582513283,0.9982689407,0.05884826196,4.034900495,1,4.076594998
-0.08046024772,-0.05257582554,0.9953702483,0.096263478,3.720381318,1,4.059286271
0.011378224,0.009596521236,0.9998892153,0.01488534735,0.7006564513,1,4.142043986
0.006166921947,-0.04844220501,0.9988069492,0.04885259594,4.839012603,1,3.792686248
0.04784582554,0.06596897437,0.9966739042,0.08158359165,0.9433061394,1,3.902522709
-0.05545505196,0.01864378425,0.9982871063,0.05853858499,2.81726763,1,4.063217647
0.06209390989,-0.009236354704,0.9980275728,0.0628184039,6.135519879,1,4.156589159
-0.0003888849588,-0.0007673806312,0.9999996299,0.0008602933957,4.243340594,1,3.894674744
-0.03092884012,-0.004323649261,0.9995122375,0.03123466537,3.28048601,1,4.015225139
-0.09397888365,0.004289905976,0.9955649482,0.09421607016,3.095976767,1,3.949936462
-0.01366049971,-0.05821944097,0.9982103423,0.05983630645,4.481919996,1,4.066058985
0.05757201914,0.05605441137,0.9967664549,0.08043990624,0.7720428416,1,3.90822981
-0.01968570313,-0.01624076254,0.9996743023,0.02552314082,3.831394435,1,3.978628824
-0.05481365756,-0.003076883404,0.9984918606,0.05492756336,3.197667324,1,4.011110893
0.02297209412,-0.06395916867,0.9976880813,0.06801191137,5.057207925,1,4.125408366
0.03179401699,0.03181078529,0.9989880952,0.04499056498,0.785661796,1,3.841428951
-0.04275857475,-0.05408843142,0.9976202413,0.06900294435,4.043448627,1,3.920366519
-0.01059597105,0.09178928337,0.9957220761,0.09253083246,1.685725612,1,4.129943484
0.07393063208,-0.01183456838,0.9971931631,0.07494198943,6.124455303,1,3.908012893
-0.05104296176,-0.02935131476,0.9982650532,0.05891432318,3.663450664,1,3.96608389
0.02369422373,-0.05438880246,0.9982386698,0.05936071879,5.123241593,1,4.049128079
0.08888760855,-0.01501898916,0.9959284226,0.09027007618,6.115800218,1,4.156553149
0.05178623104,0.03658204809,0.9979879458,0.06344650115,0.6150116424,1,4.077342222
-0.01568579585,-0.02082907355,0.999659995,0.02607774219,4.066924573,1,4.080645531
0.03114619923,-0.009109765029,0.9994733245,0.03245679294,5.998638106,1,4.121171118
-0.04855800711,0.03001117783,0.9983693951,0.05711476515,2.588008176,1,3.91107228
-0.05102528694,-0.02634475303,0.9983498255,0.05745656696,3.618201217,1,4.287063949
0.06682077943,0.01586360529,0.9976388773,0.06873212428,0.2330901283,1,3.956073629
0.02613856163,-0.05634350321,0.9980692287,0.06215131456,5.146753672,1,3.993511508
0.04013921486,-0.006887966112,0.9991703555,0.04073718749,6.113238644,1,4.038256105
0.02912766432,-0.03337211179,0.999018459,0.04431030717,5.429979855,1,3.861533291
-0.06342028508,0.0676293865,0.9956927907,0.0928472383,2.324087161,1,3.910633626
0.05622248013,-0.04202282133,0.9975335158,0.07024953745,5.641325859,1,4.029312616
0.0380619981,-0.0008297126875,0.9992750352,0.0380802432,6.26138978,1,3.99573399
-0.02308391672,0.01678471077,0.9995926202,0.02854496472,2.512898158,1,4.029807533
0.03302993944,0.06347057031,0.9974369703,0.07161180434,1.090964027,1,3.895692691
0.009323849918,-0.02541454174,0.9996335163,0.02707419793,5.064013588,1,4.015816384
-0.01835183522,-0.07786021486,0.9967953637,0.08007932797,4.480911536,1,3.871196083
-0.05400627419,0.005623544551,0.9985247609,0.05432498472,3.037838945,1,3.998603178
0.04635441724,-0.00527551578,0.9989111256,0.04667059077,6.169864619,1,3.998516843
0.01136435587,0.05701912808,0.9983084045,0.05817340723,1.374066451,1,4.050746436
0.07359539223,0.0219702249,0.9970461511,0.07688048168,0.2901050362,1,4.041000452
0.02172436418,0.04496705411,0.9987522296,0.04996058481,1.120745825,1,4.134841061
-0.01913525007,-0.06230451559,0.9978737343,0.06522299687,4.414408731,1,4.044271481
-0.002939767121,0.0001649877293,0.9999956653,0.002944397515,3.085528746,1,4.153391318
0.04658797384,0.02301854782,0.9986489409,0.05198775706,0.4589066436,1,3.96736464
-0.02627862607,0.01246925131,0.9995768863,0.02909101448,2.698551008,1,4.166750617
-0.008953425581,0.02237999003,0.9997094439,0.02410685275,1.951357769,1,3.908642696
-0.03318216249,-0.0445324415,0.998456712,0.05556410919,4.072016233,1,4.084228501
-0.05006921598,-0.04709702681,0.9976346745,0.06879329318,3.896411651,1,4.066116051
0.06553040586,0.02421110903,0.9975568095,0.06991689421,0.3539081534,1,4.059681615
-0.0449340444,0.02621010744,0.9986460644,0.05204308299,2.613541759,1,4.058634869
-0.005473481449,0.02332567759,0.9997129357,0.02396155486,1.801281097,1,3.884876798
0.03342613797,0.06467899567,0.9973461389,0.07287023728,1.093798822,1,4.007646602
-0.01620089369,-0.02483566596,0.9995602637,0.0296569906,4.134381956,1,3.903319982
0.05274976649,0.0545288741,0.9971178787,0.07594085596,0.8019806306,1,4.016177442
-0.01147898197,-0.05442289534,0.9984519926,0.05564902512,4.504513963,1,3.810956588
0.07879262142,0.002804266307,0.9968870843,0.07892442023,0.0355754526,1,3.904585449
-0.008655891067,-0.03916820793,0.9991951396,0.04012401703,4.494891927,1,4.166738862
-0.05948110688,0.03640436124,0.9975653966,0.06979386746,2.592372786,1,4.033765592
-0.06043093383,0.05334162743,0.9967460926,0.08069291954,2.418425246,1,3.95436151
0.01271478591,0.03374614863,0.9993495543,0.03606982754,1.210468305,1,3.924416791
-0.02487406867,-0.06173846928,0.9977823621,0.06661017997,4.329390131,1,4.039548115
-0.0221447675,-0.03160920427,0.9992549562,0.03860405004,4.101274048,1,4.099296132
-0.05465909541,0.01716004369,0.9983576094,0.05732085833,2.837390321,1,4.00822795
-0.05249067354,0.02444840222,0.9983220947,0.05793746129,2.70570486,1,3.891633373
0.04041769445,0.02606724569,0.9988427848,0.04811316857,0.5728143796,1,4.021070026
-0.02972076678,0.06647624559,0.9973452686,0.07288219034,1.991226434,1,3.947311263
-0.02076658383,0.0517596355,0.9984436334,0.05579911208,1.952347044,1,3.959920808
0.007106756826,0.0121214592,0.9999012772,0.01405164619,1.040514623,1,3.900737893
0.04499962516,-0.04481749253,0.9979811752,0.06355319691,5.499814957,1,4.067634783
0.04227275004,-0.05516688822,0.9975818909,0.06955694463,5.366222044,1,4.194172735
-0.01902032471,-0.03849484292,0.9990777619,0.04295066686,4.253472025,1,4.045439277
0.02680121835,-0.01921620323,0.9994560682,0.03298427305,5.661147492,1,4.012477587
-0.06921398023,-0.04796606507,0.9964480325,0.08430981205,3.747612747,1,4.053948442
-0.06045419904,-0.07052856876,0.9956761576,0.09302646867,4.00375339,1,4.152058665
-0.04714072168,0.03503514396,0.9982736554,0.05876804487,2.502455587,1,3.93167248
-0.02918524527,0.02246750606,0.9993214861,0.03683994081,2.485524353,1,3.878892114
-0.05070863657,-0.04017215702,0.9979052219,0.06473808488,3.811568761,1,4.199231041
0.04457504448,-0.02909186879,0.9985823594,0.05325365038,5.704949959,1,3.99828358
0.05125660068,0.02705574574,0.9983189608,0.05799155775,0.4856778022,1,4.013663827
0.04398938965,-0.03368328523,0.9984640053,0.05543262698,5.629702949,1,3.933177866
-0.04041060138,-0.04726966689,0.9980644077,0.06222888488,4.005059978,1,3.795313857
-0.013897584,0.05126028771,0.998588624,0.05313582749,1.835549855,1,4.092009397
0.00600437732,-0.05996066385,0.9981826818,0.06029707968,4.812194865,1,3.824965911
-0.002230315103,-0.06896370926,0.9976166761,0.06905463307,4.680059831,1,4.043175317
0.07521212841,0.02282961679,0.9969061863,0.07868176753,0.2946980089,1,3.860753883
-0.06595889438,0.003227750973,0.9978171205,0.0660859163,3.092695864,1,3.955471711
-0.06070839583,0.009178556451,0.9981133427,0.06143697412,2.991538224,1,3.994280452
-0.05937165665,-0.009359557978,0.9981920682,0.06014111423,3.297949432,1,3.857170267
0.04313007176,-0.03179521416,0.9985633987,0.05360868177,5.647930782,1,3.95363387
0.04713397863,0.06870499895,0.9965229607,0.08341530016,0.9695050098,1,4.110965387
-0.009839277655,-0.01578923695,0.9998269293,0.01860514248,4.155111316,1,4.219561123
-0.03978001681,-0.03476823799,0.9986033847,0.0528571761,3.859863174,1,4.021281239
0.02237400124,-0.02139483561,0.9995207177,0.0309619317,5.520154709,1,4.076656275
0.05699022618,-0.02526184957,0.9980550852,0.06237861148,5.865945177,1,3.901084042
0.06890684171,-0.01648657675,0.997486862,0.07091108946,6.04834116,1,4.051100084
-0.02285944261,0.04042784768,0.9989209353,0.04645984938,2.085414843,1,3.906464156
0.005174902407,0.05301503967,0.9985803052,0.05329222906,1.473492616,1,3.936199278
-0.06340562689,-0.0513185725,0.9966675126,0.08166198623,3.822020575,1,3.99296793
-0.05121634782,0.06273473364,0.9967152246,0.08107496886,2.255454817,1,3.925026161
0.0008862771397,0.07071925963,0.9974958651,0.070783907,1.558264652,1,3.965659625
-0.06524647115,-0.01068303842,0.9978119917,0.06616353537,3.303886168,1,3.976947766
0.0198593048,-0.04309958197,0.9988733824,0.04747271255,5.144169,1,3.950625673
-0.0222328415,0.04089310263,0.9989161401,0.04656298458,2.068775885,1,4.087805988
0.03436073684,0.08078248804,0.9961393122,0.0878996527,1.168630254,1,3.954391211
0.07714579041,-0.02394295839,0.9967322919,0.08086395093,5.982251341,1,4.067115549
-0.07527228098,0.00123271623,0.9971622557,0.07535366589,3.125217355,1,3.977519585
0.01742908048,-0.05266358125,0.9984602017,0.05550123662,5.031994172,1,3.801380939
0.002824038259,0.09082606742,0.9958627668,0.09099548496,1.539713524,1,4.04119991
0.06172365188,0.03708870124,0.9974039398,0.0720719679,0.5410686088,1,3.832517516
0.07431485439,0.03921866714,0.9964633453,0.08412777548,0.4855898709,1,4.050405662
-0.0004147856846,-0.005342035184,0.9999856452,0.005358139773,4.634898827,1,4.023257826
-0.04079350406,0.07273578731,0.9965166307,0.08349123889,2.081927702,1,4.071714254
0.05406665331,0.01103290241,0.9984763753,0.05520890773,0.2012974261,1,4.038801671
0.03458521535,0.05590900145,0.9978366832,0.06578901416,1.016813704,1,3.900152742
-0.07870320452,-0.02364504495,0.9966176385,0.08227113602,3.433446708,1,4.073199524
0.03263158707,-0.007796162713,0.9994370412,0.03355626927,6.048666861,1,3.999192889
-0.002366215618,0.06661728944,0.9977757953,0.06670876496,1.606300943,1,3.852845238
0.02453529558,0.06245911045,0.9977458989,0.06715576561,1.196493393,1,4.049106149
0.05710965809,0.0219114279,0.9981274349,0.06120702277,0.3663525406,1,4.0154465
-0.001968871599,-0.05807979793,0.9983100023,0.05814591934,4.678502535,1,3.88110956
0.07674699914,0.0550869996,0.9955276594,0.09461160855,0.6225554798,1,4.117624788
-0.02173711794,0.03322569972,0.9992114644,0.03971496586,2.150136667,1,4.14285495
-0.01228021701,0.0920182058,0.9956815987,0.09296787554,1.703466623,1,3.914344151
-0.04354871067,-0.05945536878,0.9972805869,0.07376512146,4.080207959,1,3.864539685
-0.01273574195,0.05147255784,0.9985931988,0.05304962175,1.813352638,1,4.012736145
0.0780610475,0.05379952168,0.9954958987,0.09494721187,0.6034394845,1,3.837075965
-0.0303996057,0.0327972834,0.9989996007,0.0447340174,2.318272873,1,4.014380985
-0.07678115889,-0.04366066304,0.9960915621,0.08844191891,3.658632365,1,3.961789637
-0.01315716904,-0.07053502769,0.9974225277,0.0718133732,4.527974548,1,4.094750127
0.02761775027,-0.01026995513,0.9995657997,0.0294697046,5.927169763,1,3.983109532
0.004573109769,-0.03711824923,0.9993004164,0.03740762416,4.834975031,1,3.806493899
0.04502121462,0.05682618157,0.9973684752,0.07256279715,0.9007916233,1,3.835365286
0.06745477859,0.06399546443,0.9956678329,0.09311604278,0.7590877069,1,3.975893865
0.06155715883,0.04289680544,0.9971813177,0.07510003333,0.6086163873,1,3.988305628
-0.07162188456,-0.03133085353,0.9969396588,0.07825475619,3.553959488,1,3.914297879
-0.01680712923,0.07133936739,0.9973104908,0.07335823932,1.802171156,1,3.993829844
0.03624506726,0.066155861,0.9971507896,0.07550582033,1.069586931,1,4.04051868
-0.07453042638,0.02001536055,0.9970178538,0.07724803602,2.879230104,1,3.946967754
-0.03556809961,-0.02245770353,0.9991148892,0.04207710519,3.704781093,1,4.062798115
-0.005613662746,0.01658733936,0.9998466617,0.01751240665,1.89712736,1,3.85307503
-0.0186139749,-0.07722834978,0.9968396571,0.07952369397,4.475874904,1,3.886168863
0.02552819075,-0.003250081524,0.9996688194,0.0257370899,6.156553126,1,3.981106959
0.02679621904,0.08953426783,0.9956232106,0.09359472018,1.279996079,1,4.102359002
0.01397457027,-0.07620334433,0.9969943639,0.07755182685,4.893758994,1,4.012423013
0.03570874498,0.007631124244,0.9993331034,0.03652316461,0.2105376968,1,4.01828942
-0.0507834679,-0.04595839841,0.9976516752,0.06854552493,3.8771564,1,3.957914998
-0.04183406955,-0.005314930992,0.9991104354,0.04218285232,3.267963538,1,4.049711923
0.06144303076,0.02138370331,0.9978815016,0.06510371487,0.3349141631,1,4.050872695
0.0118113032,-0.004449885903,0.9999203426,0.01262207702,5.922882948,1,3.957897352
-0.03085897433,0.04359017896,0.9985727915,0.05343309981,2.18682737,1,3.944357173
-0.01741087282,0.07866793467,0.9967488237,0.08065902941,1.78860638,1,4.054697775
0.01136177431,0.03385443548,0.9993621902,0.03571771468,1.247001168,1,4.029908769
-0.02307202332,-0.08080283968,0.9964630364,0.08413145219,4.434255261,1,3.871070494
0.004095602875,-0.08428289392,0.9964334498,0.08448280642,4.760944311,1,4.029072815
0.02935959959,-0.008283173702,0.9995345932,0.03051042229,6.008204132,1,3.845597784
-0.005112440146,-0.02789352455,0.9995978263,0.02836197137,4.531116818,1,4.053162336
-0.04087745269,-0.03993878663,0.998365628,0.05718072023,3.915376519,1,3.943201002
-0.01478376109,-0.07920861596,0.9967484314,0.0806638979,4.527868719,1,4.042080618
-0.002815183779,-0.03469817976,0.9993938718,0.03481923051,4.631432833,1,4.10182053
0.0303683793,-0.02760058849,0.9991576297,0.04104847277,5.545496988,1,4.020043291
-0.06607137654,0.0522817019,0.9964442768,0.08435439946,2.472184531,1,3.969046415
0.07791014695,-0.02613020556,0.9966178914,0.08226805959,5.959585803,1,3.828808387
6.178386844e-05,0.0616317368,0.9980989556,0.0616708524,1.569793859,1,4.073702818
0.01402885142,0.07384590284,0.9971709853,0.07523761793,1.383058823,1,3.847084493
-0.03194026521,0.03894714173,0.9987306642,0.05039056317,2.257669382,1,3.812348817
-0.003115058786,-0.02511743737,0.9996796541,0.02531256769,4.588999252,1,3.983584674
0.005113088098,0.04756110715,0.9988552435,0.0478534221,1.463701985,1,3.933933957
0.001510234033,0.04578711615,0.9989500784,0.04582805577,1.53782446,1,3.920028185
-0.003863714956,-0.09357904235,0.9956043564,0.09379624333,4.671124167,1,4.028826914
-0.05427720434,0.0147940027,0.9984163072,0.05628696022,2.875492738,1,4.046854752
0.007012468023,0.05068781526,0.9986899272,0.05119294787,1.433322734,1,4.244462074
-0.08289686101,-0.00904892358,0.9965170482,0.08348623209,3.250320982,1,3.993883973
0.01403375973,0.08727999048,0.9960849647,0.08851658127,1.411370767,1,3.819405867
-0.04598067026,-0.03006976863,0.9984896529,0.05496776201,3.720750471,1,4.1527793
0.08850829187,0.0460262964,0.9950114885,0.09992661843,0.4795369422,1,4.00929487
0.07600117162,0.04376800276,0.9961466678,0.08781582319,0.5224997987,1,4.137708885
0.003292409698,0.07909932473,0.9968613027,0.07925074835,1.5291966,1,3.960979996
-0.02698038067,-0.08467250472,0.996043486,0.08898455772,4.403916616,1,4.109725124
-0.004113238587,-0.02637063357,0.999643772,0.02669266282,4.557657771,1,3.866361164
0.003259432106,-0.05386703678,0.9985427975,0.05399178712,4.772824138,1,3.991188985
0.0538804765,-0.04821390859,0.9973827316,0.07236588826,5.553233482,1,3.987021046
0.05252837058,-0.06463516776,0.9965254966,0.08338485828,5.394820122,1,3.970117779
0.02162679774,-0.06234799945,0.9978201284,0.06604035224,5.046274771,1,3.931230102
0.01403854344,0.02129684403,0.9996746289,0.02551033959,0.9879917858,1,4.037134304
0.07386308947,0.02328601888,0.9969964921,0.07752435199,0.3053966144,1,3.824978926
-0.00831053721,-0.0148810078,0.9998547347,0.0170451623,4.203069189,1,3.944967917
-0.07840515742,0.03334821494,0.9963636524,0.08530596185,2.739440914,1,4.03324383
-0.06422355929,-0.0077599786,0.9979053648,0.06473587606,3.261837352,1,3.941974319
0.07385053351,0.0294298021,0.9968349841,0.07958249686,0.3792168644,1,4.067402437
-0.09041359809,0.01065390644,0.9958473154,0.09116536551,3.024298318,1,4.027847624
0.03750262134,-0.02980211765,0.9988520347,0.04792045552,5.611704304,1,4.023402214
0.02059451768,-0.04667520413,0.9986977977,0.05103890683,5.127926195,1,3.929686213
-0.04802213997,-0.04573548512,0.9977986468,0.06636507176,3.902606649,1,4.19141854
0.05023266622,-0.0555072029,0.9971938777,0.07493244552,5.447946261,1,4.158936328
-0.008278677505,-0.09117130868,0.9958008114,0.09167475951,4.621833781,1,3.971790581
-0.0742927503,-0.02014787069,0.9970329235,0.0770525134,3.406418562,1,3.91320286
0.02113566186,0.03262368177,0.999244204,0.03888164721,0.9959251708,1,4.136599319
-0.0363361835,-0.001100852626,0.9993390165,0.03636086724,3.171879709,1,4.059594479
-0.006915427228,-0.02974469047,0.9995336064,0.03054275339,4.483954302,1,4.05949026
-0.02145367027,0.04093901485,0.9989312975,0.04623619628,2.053490247,1,4.09844248
0.08078815991,0.01681958018,0.9965893713,0.08261439608,0.2052614923,1,3.863529897
-0.009876132341,0.04467922305,0.998952566,0.04577372487,1.788343458,1,4.33595474
0.0326469124,-0.03581754289,0.998824951,0.04848255768,5.451509601,1,4.073737806
0.04014497761,0.01621260638,0.9990623265,0.04330866212,0.3838221545,1,3.976341835
0.02802279478,-0.05511468786,0.9980867168,0.06186911458,5.182769848,1,3.999767423
0.03600984955,0.03682204915,0.998672833,0.05152592816,0.7965494027,1,3.965879315
-0.0788591371,0.03345368355,0.9963242883,0.08576672631,2.740382209,1,4.017334959
0.04817376842,-0.02307773258,0.998572334,0.05344166543,5.836436225,1,4.094752316
0.04423917819,0.03799411372,0.9982982232,0.05834825957,0.7096003956,1,4.0227287
0.04787529176,-0.03593856974,0.9982065796,0.05989919319,5.639255209,1,3.958159656
-0.02127175184,-0.04254026028,0.998868279,0.04758013265,4.248710875,1,4.095901636
-0.04636202119,0.08857211503,0.9949902228,0.1001395606,2.053018136,1,3.969436299
-0.02367992594,0.04788892556,0.9985719363,0.05344911129,2.030015005,1,4.213736222
0.01132911348,-0.01306842971,0.9998504225,0.01729631461,5.426616921,1,4.033228661
-0.06576290051,0.02874307222,0.9974212133,0.07183168983,2.729542149,1,3.984326688
0.03762175096,-0.0611569113,0.997418887,0.07186409628,5.263886549,1,3.992080572
-0.03871412684,-0.07136730938,0.9966985119,0.08128107261,4.215350721,1,3.860135017
-0.08393369298,-0.02088972814,0.9962523548,0.08660240588,3.385520407,1,3.964676545
-0.002852732784,0.08045821281,0.9967539004,0.08059599671,1.60623756,1,4.178815043
-0.0211752369,0.05172013527,0.9984370971,0.05591618976,1.959396578,1,3.818044974
0.05718983401,0.04449143907,0.9973714628,0.07252157719,0.6611570873,1,4.041152081
0.06294910671,0.03458979937,0.9974171423,0.0718883903,0.5024502874,1,3.965937486
0.06869890153,0.04365290053,0.9966819378,0.08148495216,0.5660598189,1,3.951153827
-0.04311671604,0.001790657985,0.9990684373,0.04316728864,3.100086024,1,4.088159468
-0.0009499166578,0.03317354407,0.9994491551,0.03319323661,1.59942327,1,4.156559918
-0.002553559969,-0.05208224343,0.9986395342,0.05216846553,4.663398833,1,3.909040211
0.05184769289,-0.04896238408,0.9974540098,0.07137326205,5.526400566,1,4.127952918
-0.02847163384,-0.03986318184,0.9987994257,0.0490064199,4.092173838,1,3.958496121
0.01713516082,0.02289396738,0.9995910426,0.02860018321,0.9282831707,1,4.007504065
-0.07915909784,0.005411318964,0.9968473077,0.07942732878,3.073338802,1,3.990729415
0.04269523134,0.01313063908,0.9990018536,0.04468360936,0.2983629496,1,4.043411725
0.05005300886,0.06774031735,0.9964466597,0.08432611252,0.9344401252,1,4.095740781
0.005797507662,0.01162516026,0.9999156187,0.01299095607,1.108186486,1,4.023215266
0.0566587893,-0.04165246682,0.9975243624,0.07037982279,5.649258911,1,3.987262918
0.07228920802,-0.009894419994,0.9973346333,0.07302809779,6.147157845,1,4.049041018
-0.05545129945,-0.03750269781,0.9977568346,0.06699260416,3.736247045,1,3.916942629
-0.06805457374,0.01982736471,0.9974845616,0.07094355072,2.858094951,1,3.986209412
0.01261551634,-0.01621677988,0.9997889101,0.02054737489,5.373526864,1,3.895300603
-0.03977848678,-0.02023425184,0.9990036271,0.04464388788,3.612154757,1,3.985713654
0.01959807053,-0.04830860755,0.9986401725,0.05215622363,5.097786469,1,3.999019379
-0.007569896693,0.06031655248,0.9981505949,0.06082722089,1.695646363,1,4.120614777
0.07987167938,-0.03139978207,0.996310478,0.08592779555,5.908617194,1,3.96930664
-0.03258241492,-0.03642342227,0.9988051464,0.04888949959,3.982595503,1,3.968407344
-0.05492871479,-0.01987863016,0.9982923802,0.05844837074,3.488828071,1,3.965444221
-0.01357392837,0.08380148329,0.9963900139,0.08499600178,1.731378825,1,3.948312542
-0.05490460604,-0.03671594258,0.9978163277,0.06609792001,3.731017141,1,4.032059364
0.03254537062,0.01098472978,0.9994098932,0.03435592754,0.3255142593,1,3.989227469
0.06038305962,-0.0295105516,0.9977389506,0.06725923009,5.828600443,1,4.064149216
-0.03291938018,-0.05281796584,0.9980614094,0.06227707924,4.155041133,1,3.956790064
0.02561640981,0.01212450914,0.9995983172,0.02834465225,0.4420687434,1,3.907640218
-0.04914848246,0.03757061029,0.9980846036,0.06190328237,2.488919668,1,3.896334972
-0.01269093122,-0.04981082978,0.998678037,0.05142478798,4.462914165,1,3.966283205
-0.01534522235,-0.009653266588,0.9998356558,0.01813001427,3.703115579,1,3.847126661
-0.01954763551,0.06674466826,0.997578588,0.06960445177,1.855700787,1,3.997940591
-0.01366395211,-0.04909505373,0.9987006419,0.05098312654,4.440942284,1,4.069476685
0.03441083489,-0.001881177577,0.9994060014,0.03446904193,6.228571494,1,4.080343605
0.02464244237,0.06753581258,0.9974124844,0.07195321029,1.220927694,1,4.047075946
0.03325564938,0.08423644465,0.9958906984,0.0906875854,1.194789964,1,3.906316365
0.04821401926,0.03433064027,0.998246871,0.05922231795,0.6187654207,1,3.872659706
-0.08024384011,0.02552364286,0.9964484281,0.08430511505,2.83363593,1,3.970207047
0.02445008703,-0.009667841407,0.9996543033,0.02629511853,5.906640929,1,4.032314576
-0.02909449013,0.01762073803,0.9994213427,0.03402096766,2.597037643,1,4.076552712
0.02634825406,0.0638726136,0.9976101737,0.06914880693,1.179550031,1,4.127413535
0.05521449476,-0.05630750106,0.9968855626,0.07894371891,5.487986644,1,3.941868495
0.02657086445,0.02669810885,0.9992903483,0.03767587238,0.7877868739,1,4.160736181
-0.07535623571,-0.0006249874473,0.9971564808,0.07543033685,3.149886236,1,3.851463003
-0.005933351299,-0.05663210024,0.998377484,0.05697288735,4.607999713,1,4.195508797
0.02675495886,-0.038236466,0.9989104789,0.0466844515,5.322929439,1,3.957079135
0.05310120514,0.05969576063,0.9968032294,0.07998093849,0.8437956332,1,4.123061748
0.0260516104,-0.03755031587,0.9989550978,0.04571836052,5.31892738,1,4.109441734
-0.03723973275,-0.04833035004,0.9981369543,0.06105119921,4.055880891,1,4.050726101
-0.006320272284,-0.01019245827,0.9999280814,0.01199328744,4.15732606,1,4.068699144
0.03010989614,0.01665042552,0.9994079035,0.03441380496,0.505134729,1,4.015289108
0.02895296073,-0.02303352483,0.999315357,0.03700597534,5.611163741,1,4.090281963
-0.01796750076,-0.08238043342,0.9964389761,0.0844172895,4.497647878,1,4.116691645
-0.008063815153,-0.08727024604,0.9961520361,0.08775459227,4.6202501,1,4.067759538
-0.01934290911,0.07445750578,0.9970365749,0.07700506347,1.82496256,1,3.936904176
-0.03770231226,0.06491107308,0.9971785639,0.0751367271,2.097001126,1,3.828060031
-0.00291325948,-0.04555585833,0.998957545,0.04566478249,4.648526767,1,4.090091924
-0.04267469635,0.02003355968,0.9988881453,0.04716059413,2.702683818,1,3.978808991
-0.01287612185,-0.01917731129,0.9997331825,0.02310105422,4.121099534,1,4.109857344
-0.03087692787,0.06086330902,0.9976684183,0.06830063361,2.040279558,1,4.140257444
-0.03743644918,0.05457559605,0.997807605,0.06622985085,2.172034367,1,4.076945425
0.07557139668,0.03653650739,0.9964707962,0.0840390583,0.4503364216,1,4.256054954
-0.01374255312,-0.08276456296,0.9964743696,0.08399647596,4.547846272,1,3.905397472
0.03067102535,-0.03766461197,0.998819636,0.04859210446,5.395800499,1,3.872496909
0.02848514796,-0.05219639869,0.9982305006,0.05949826065,5.211948078,1,4.138293725
-0.02576238234,-0.06843138042,0.9973231401,0.07318544925,4.352329903,1,4.08862942
0.009831043077,-0.02397792607,0.9996641484,0.02591796182,5.101489546,1,3.887600354
0.01445046712,0.05230565515,0.9985265657,0.05429173531,1.301250079,1,3.924212433
0.04776263873,0.02676933942,0.9984999413,0.0547801764,0.5108430709,1,3.920404515
0.05053108279,0.08748335927,0.9948835467,0.1012010105,1.047004321,1,3.865499803
0.0460682825,-0.01344867896,0.9988477594,0.04800962368,5.999149222,1,3.912059948
-0.03963723057,0.02265290395,0.9989573244,0.04566961538,2.622388384,1,3.892868037
0.05630004525,0.002679641735,0.9984102986,0.05639366513,0.04755983808,1,4.154492509
-0.01441140235,0.04963479161,0.9986634563,0.05170766932,1.853375463,1,3.983329077
-0.02447831891,-0.09612239172,0.995068489,0.09935360771,4.463031312,1,3.85445682
-0.009358413803,0.04593281846,0.9989006939,0.04689365776,1.771786723,1,3.983992836
-0.05331783534,-0.0284236486,0.9981729833,0.0604578081,3.631366995,1,4.045818648
-0.06765209401,0.03840434216,0.9969695586,0.07787134623,2.625281404,1,4.077642235
0.07387745607,0.03258006271,0.9967350004,0.08083041339,0.4153455525,1,4.144574701
-0.08234905791,0.0288270952,0.9961865444,0.08735996575,2.804864556,1,4.040192043
-0.06318381009,0.04139671732,0.9971429777,0.07560930877,2.561585141,1,4.012199853
-0.009990926918,-0.04947720819,0.9987252812,0.05049732151,4.513138453,1,3.999834305
0.06633613345,0.02747840831,0.9974188962,0.07186396767,0.3927130058,1,3.979619824
-0.0220839713,0.03440699059,0.9991638791,0.04089590411,2.141417642,1,3.924508131
-0.04691448782,0.03447598301,0.9983037801,0.05825289024,2.507846196,1,4.012280614
0.01826777483,-0.04458312985,0.9988386421,0.04819922758,5.101269047,1,3.947470962
0.04504537554,0.07530718092,0.9961424309,0.08786412,1.031734463,1,4.072934885
-0.02578000939,-0.05319192367,0.9982514765,0.05914445493,4.261088332,1,3.92992565
0.009121193015,0.04408231401,0.9989862629,0.04503128779,1.36676281,1,3.996907643
0.05748378189,-0.04653732622,0.9972611955,0.07402777276,5.602634278,1,4.07181925
0.03091192049,0.01278759034,0.9994403087,0.03345873553,0.39224211,1,4.15485837
-0.005572296044,0.04061926805,0.9991591588,0.04101119552,1.707128914,1,3.893462171
0.04661510354,0.03991996779,0.9981149374,0.06141099454,0.7081829434,1,4.044716468
0.03891296745,-0.005653467035,0.9992266106,0.0393316447,6.138909852,1,3.880355888
0.05307114357,-0.02528774138,0.9982704963,0.05882180589,5.838523929,1,3.983963431
-0.04147537134,0.01142820203,0.9990741663,0.04303432572,2.872722726,1,4.191290217
-0.003355562794,-0.05022700025,0.9987321907,0.05036024879,4.645680162,1,4.044163342
-0.00324445316,0.004851670414,0.9999829673,0.005836571677,2.160225406,1,3.743790953
0.01323635679,0.006096358247,0.999893811,0.01457332357,0.4316146633,1,3.976854765
-0.01004582354,-0.009860921821,0.9999009169,0.01407726677,3.917702689,1,4.087749663
0.01282893458,-0.0280798102,0.9995233578,0.03087653202,5.140944583,1,3.912542173
-0.02552696558,0.002029397214,0.999672074,0.02561030668,3.062259374,1,3.892557703
0.01033132792,-0.09032615946,0.9958586489,0.09104079009,4.826272109,1,4.027853052
-0.0481374488,-0.02347313023,0.9985648693,0.05358123007,3.595293134,1,4.196953997
0.0729147237,-0.04726535661,0.9962175611,0.08700374403,5.708056876,1,4.196124048
-0.03182744029,0.02067657873,0.999279487,0.03796312793,2.565466122,1,3.97803804
0.03686410946,-0.07638788101,0.9963964718,0.08491989745,5.162012705,1,3.991910957
0.00968519213,0.06167545235,0.9980492651,0.0624719045,1.415033583,1,3.986739224
0.08943055028,0.001938598069,0.9959911739,0.08957128335,0.02167374013,1,4.11165958
-0.08109646144,-0.01886472626,0.9965277146,0.08335822316,3.370148767,1,4.094725519
-0.0161503467,-0.06116517267,0.9979969879,0.06330372952,4.454235969,1,4.14703799
0.05952650498,0.01080643684,0.9981682304,0.06053642093,0.1795841274,1,3.936081003
0.07828938084,-0.0410596018,0.9960847765,0.08851871004,5.800162191,1,3.963010198
0.08962376543,-0.003907985579,0.9959680258,0.08982969036,6.239608566,1,3.859766873
-0.02586770984,-0.06073997376,0.9978183789,0.06606685788,4.309776409,1,3.926224332
0.03832018767,-0.01687878843,0.9991229503,0.04188503269,5.868287021,1,4.023809874
-0.04273754293,0.03082498791,0.9986106962,0.05271860438,2.516738618,1,3.920115753
0.04705020904,0.01689437244,0.9987496473,0.05001226523,0.3447330508,1,4.162474516
0.01026345615,0.005175746044,0.9999339344,0.01149489882,0.4670727641,1,4.088576084
-0.03779899856,0.00851735528,0.9992490632,0.03875643876,2.919961442,1,4.041556482
0.01089013233,0.0225764509,0.9996858051,0.02506836143,1.121354456,1,4.021755921
-0.03796250524,0.001131678878,0.9992785235,0.03798850579,3.111791042,1,4.040848653
-0.0256503819,0.01415007257,0.9995708246,0.02929867303,2.637482353,1,3.948314119
-0.05670924548,-0.03696310464,0.9977062646,0.06774382381,3.71923244,1,4.034215796
-0.06878901345,-0.0137153211,0.9975369475,0.07020063084,3.338394332,1,3.989917018
0.01004149821,-0.0581365114,0.9982581401,0.05903161483,4.883424216,1,3.987598157
0.07460323694,0.02565561693,0.996883216,0.07897346892,0.3312249897,1,4.037668408
-0.009487282274,0.04045333558,0.9991363866,0.0415629087,1.801157249,1,4.098277726
-0.0297414831,-0.06595065911,0.997379544,0.07240996185,4.288732294,1,4.123908766
-0.04171557368,-0.04246453879,0.9982267147,0.0595618952,3.935887756,1,4.194048028
-0.01476878333,0.03136367098,0.9993989209,0.03467388881,2.010884481,1,3.964509845
-0.09242158209,-0.003432229043,0.9957140508,0.09261764692,3.178712257,1,4.08881188
-0.0001344046967,0.04278634351,0.9990842361,0.0427996202,1.573937615,1,4.023229102
0.04508028146,0.01143315305,0.9989179402,0.0465242949,0.2483805598,1,4.033667447
0.03190656687,0.0133616929,0.999401539,0.03459828618,0.3965867666,1,4.011503299
-0.02877508913,0.04563426166,0.9985436938,0.05397517612,2.133383059,1,4.13623811
-0.03870510933,0.05498751963,0.9977365821,0.06729446175,2.184127582,1,3.936632612
0.01535613311,0.04670081808,0.9987908804,0.04918055189,1.253113835,1,4.060982488
0.03163655315,-0.02736451914,0.9991247728,0.04184148451,5.570067048,1,4.039074968
-0.03786220305,-0.0662356155,0.997085401,0.07636774123,4.193091737,1,4.16732501
-0.04450378663,-0.0002668397404,0.99900918,0.0445192911,3.14758847,1,4.04739337
-0.02832931967,0.05935918814,0.9978346238,0.06582033332,2.016080879,1,4.023115529
-0.02827925235,0.03759290177,0.998892916,0.04705928897,2.215735745,1,4.005128887
0.02940250871,0.08165907557,0.9962265244,0.08690053173,1.225183924,1,3.865306918
0.03111740598,0.02589380278,0.999180273,0.04049293719,0.69402913,1,4.114621134
-0.07120293457,0.03856870813,0.9967159058,0.08106655695,2.645164993,1,4.055088392
0.05538398318,-0.06233748125,0.9965172617,0.08348367231,5.438788318,1,3.986803281
-0.03682150613,-0.004082941456,0.9993135175,0.03705566215,3.252026214,1,4.119323058
0.05320919273,0.03210016995,0.9980673128,0.06218215272,0.5428295413,1,3.872468044
0.05682892848,-0.0371400653,0.9976928828,0.06794122245,5.704324457,1,4.031675028
-0.02915953748,0.0609581965,0.9977142976,0.06762504952,2.016976871,1,4.067351874
0.003513184012,0.05511349567,0.9984739156,0.0552534653,1.507137924,1,3.986906387
0.07255772038,0.06013639626,0.9955495925,0.09437915531,0.6920614503,1,3.867758731
-0.04727419547,0.03430974599,0.9982925382,0.05844566626,2.513786126,1,3.956741883
-0.04878307405,-0.03057714908,0.9983412491,0.05760572343,3.701484101,1,3.944061258
-0.07395437023,0.0528470398,0.9958604026,0.09102149835,2.521141832,1,3.841955766
0.01631709083,-0.07274920332,0.9972167798,0.07462589614,4.933029783,1,4.098413911
-0.005152587436,0.05407020179,0.9985238425,0.05434189501,1.665803831,1,3.960731792
-0.01792721851,0.08258740928,0.9964225683,0.08461166251,1.784549833,1,4.051191027
-0.02768055325,0.04603645878,0.9985561734,0.0537433563,2.112152505,1,4.005063549
0.0623764103,-0.004807901362,0.9980411151,0.06260231188,6.206258571,1,3.81977215
0.05072699352,0.01644366033,0.9985771769,0.05335092621,0.3134719267,1,3.939196202
-0.01041276297,-0.01640627578,0.9998111864,0.0194329373,4.146857819,1,3.926567081
0.074235877,-0.001060135418,0.9972401469,0.07431182214,6.268905643,1,4.099821608
-0.008629496219,-0.08207528774,0.9965887712,0.08262166727,4.607632641,1,3.850958235
0.05239097757,0.04135755307,0.9977698824,0.06679740972,0.6682453815,1,3.943200076
0.002477863748,-0.07507067116,0.9971751373,0.07518236018,4.745384083,1,3.959676715
0.01989837769,-0.007570097777,0.9997733484,0.02129132008,5.919655674,1,4.017596771
-0.03058751777,-0.07608213533,0.9966322855,0.08209270954,4.330131375,1,4.111431511
0.004581785486,-0.02613032064,0.9996480449,0.0265320859,4.885968054,1,4.214922717
0.03666849156,0.04643151508,0.9982482337,0.0591992899,0.902347287,1,4.06898027
-0.009967645798,0.02799093808,0.9995584792,0.02971710797,1.912897381,1,3.867442131
0.01959274833,0.05742550141,0.9981575206,0.06071318525,1.241995549,1,4.198219848
-0.07876337083,-0.009163570826,0.9968512228,0.07937797001,3.257414998,1,3.863906944
-0.05492581915,0.0370646749,0.9978022671,0.06631045709,2.547971239,1,3.996784088
0.07616007247,0.008241085598,0.9970615467,0.0766797696,0.1077880428,1,4.133070112
0.0837585533,-0.00240020021,0.9964831879,0.08389130292,6.254536967,1,3.804397908
-0.0747487425,-0.03109627865,0.9967174359,0.08104765986,3.535824735,1,4.123071718
-0.02045733082,0.05668743297,0.9981823644,0.0603023469,1.917130258,1,3.913432685
-0.07081294213,0.014494128,0.9973843028,0.07234415392,2.939699341,1,3.998295543
-0.06575496937,-0.01163635511,0.9977679486,0.06682637567,3.316744689,1,3.852974115
0.04484714054,0.06014566129,0.9971816451,0.07509566838,0.9300900773,1,3.924274342
0.05400325666,0.01277611918,0.9984590222,0.05552249478,0.2323092473,1,3.846735448
-0.05098741249,0.07584379325,0.9958152453,0.09151695631,2.162667278,1,4.031186069
-0.06151516656,-0.005818301935,0.9980891902,0.06182909698,3.235895322,1,4.14244082
0.06400165583,0.01038592202,0.9978957464,0.06488438948,0.160873497,1,4.09877363
0.01416645706,0.01689699866,0.9997568719,0.02205166401,0.8730748627,1,4.060542513
-0.006145983106,-0.03469868018,0.9993789214,0.03524607573,4.537082781,1,3.840615999
0.02133001888,-0.005738562729,0.9997560198,0.02209027337,6.020371326,1,4.045246704
0.007768303318,0.08380252519,0.9964521013,0.08426148103,1.478362756,1,4.039977809
-0.03217904578,-0.05823678754,0.9977840376,0.06658500355,4.207586042,1,4.194045307
-0.01132004763,-0.008545974242,0.9998994064,0.01418416886,3.788248857,1,3.917151279
-0.02249595796,0.03777387527,0.9990330656,0.04397931871,2.107932,1,4.218596552
-0.05953097428,0.06383823491,0.996183087,0.08739958343,2.321295087,1,4.143957493
0.08140015447,-0.03432349556,0.9960903134,0.08845605508,5.884143872,1,4.033621946
-0.02449796764,0.02933106553,0.9992695023,0.03822529739,2.266648521,1,4.057966289
0.01400280878,-0.07740065738,0.9969017302,0.07873844104,4.891366421,1,3.979382485
-0.06421147778,0.0624055707,0.9959831479,0.08966096347,2.370456271,1,3.87904
0.06786927088,-0.004337939438,0.9976847921,0.06806029437,6.219356028,1,3.893320044
0.04850401385,-0.03794950096,0.9981017964,0.06162474201,5.619269088,1,3.9753948
-0.07982672658,0.01575694491,0.996684209,0.08145704467,2.946708599,1,3.996267598
0.007674079574,-0.066865481,0.9977324872,0.06735533067,4.826657945,1,3.96728562
0.04832635789,-0.01773170762,0.998674196,0.05149945829,5.931520861,1,3.919609895
0.06026675688,0.05147638102,0.9968541018,0.07934165442,0.7068939216,1,3.993804233
-0.04220743011,0.02903816278,0.9986867967,0.05125408855,2.538974695,1,4.205648363
0.02164015888,0.07625472928,0.9968535097,0.07934912426,1.2942787,1,3.958394493
-0.03871977728,-0.04838744475,0.9980778697,0.06201203678,4.037524285,1,4.180744791
-0.03888018261,0.04434205597,0.9982595421,0.05900784626,2.290658503,1,4.122632902
0.006170901726,0.002519963428,0.9999777846,0.006665650893,0.3876943783,1,3.935125715
-0.06247491784,-0.05833275808,0.9963403906,0.08557854506,3.89271702,1,4.043860519
0.03805120431,-0.06247606471,0.9973208346,0.07321697269,5.259438166,1,3.881771755
-0.02098939335,0.04389264655,0.9988157392,0.04867226281,2.016851034,1,3.902767816
-0.02588121053,0.07464408342,0.996874327,0.0790860633,1.904553456,1,3.846180338
-0.02758193518,-0.002312187976,0.9996168719,0.027682216,3.225226903,1,3.894539589
0.04370890683,-0.03671935785,0.9983692805,0.05711677359,5.584473491,1,3.991967684
-0.04322019275,-0.02977777186,0.9986216998,0.05250937002,3.744883091,1,4.032543564
0.06084111482,-0.03526558017,0.9975242842,0.07038093472,5.75787541,1,4.086738967
0.07499065148,-0.01265807043,0.997103894,0.07612496278,6.115966233,1,4.049977757
-0.03913910452,0.04286375349,0.9983139933,0.0580772025,2.310804722,1,4.096160358
-0.005698200673,-0.06743997768,0.9977070612,0.06773205477,4.628096269,1,3.94341037
-0.03271246153,0.03596617795,0.9988174653,0.04863677374,2.308853928,1,4.166193284
0.01785411926,-0.05135992633,0.9985205999,0.05440156304,5.046948591,1,4.068586282
-0.003846414232,0.04208392789,0.999106675,0.04227192912,1.66194174,1,3.84293275
0.04186845482,-0.04384070942,0.9981608211,0.06065876664,5.474780192,1,3.835145726
-0.05107040337,-0.05325573011,0.9972741053,0.07385301637,3.947934823,1,4.053538259
0.07187415509,-0.006402269615,0.9973931606,0.07222150385,6.194343682,1,3.961622956
-0.04618170981,0.06169475558,0.9970260813,0.07714134937,2.213369834,1,4.020462167
-0.03535049162,-0.04322190539,0.9984398878,0.0558662328,4.026838075,1,3.994154725
0.03541891506,0.02935638205,0.9989412912,0.04601946656,0.6920767317,1,4.35853997
0.003143958189,-0.04665970525,0.9989058952,0.04678256909,4.779667869,1,4.008227647
-0.01544189546,0.07369035656,0.9971616114,0.07536222365,1.777358545,1,3.929468824
-0.0276283934,-0.04390750365,0.998653495,0.0519000448,4.150745901,1,4.053580423
-0.02933782303,-0.05723018173,0.9979298565,0.06435616786,4.238689675,1,4.00164284
0.02403977593,0.003496732209,0.9997048875,0.02429514534,0.1444431071,1,4.080212158
0.04536061512,-0.06557526094,0.9968160812,0.07981991966,5.317545492,1,4.067810857
0.05961268079,0.0371141075,0.9975313886,0.07027983646,0.5568625735,1,4.072111776
0.03192763301,-0.06317760262,0.997491462,0.07084613593,5.180317908,1,4.029990016
-0.0004730337866,0.01708660522,0.9998539014,0.01709398429,1.598473738,1,4.018345823
0.06015432292,0.03114168807,0.9977031887,0.06778924819,0.4777044482,1,3.965344567
-0.03487791212,-0.03689075338,0.9987104703,0.05078989872,3.955029707,1,3.878425257
-0.04211062429,0.07815469223,0.9960514743,0.08889462235,2.065008732,1,4.043429444
-0.03715183606,-0.0707388625,0.9968027661,0.0799867379,4.228787583,1,4.098574023
0.0437256494,0.04975195126,0.9978039942,0.0662843868,0.8497769442,1,4.081163309
-0.03242240154,-0.07448051547,0.9966952597,0.08132111818,4.301814925,1,4.012468469
0.07837099605,0.009214669369,0.9968816765,0.07899298138,0.1170401799,1,3.946475463
0.03416334398,0.04698033222,0.9983114315,0.05812131967,0.9420581021,1,4.026712294
-0.07197863431,0.03310205655,0.9968567249,0.07930855111,2.710546971,1,3.920708066
-0.02124436728,0.02359885271,0.9994957584,0.03175795987,2.303737833,1,3.985978492
0.02861198926,-0.06519601809,0.9974621964,0.07125837089,5.125941193,1,4.059938497
0.04261038323,-0.03161975096,0.9985912811,0.05308577628,5.644780806,1,3.973873403
-0.07013659806,0.02035105413,0.9973297811,0.07309457055,2.859184772,1,4.019601598
-0.02784202534,-0.0107787271,0.999554221,0.02986007869,3.510962823,1,4.058471545
-0.01893297688,-0.01190354365,0.9997498927,0.02236594221,3.702862646,1,4.107661
-0.05671383103,0.03880284308,0.9976361465,0.06877187537,2.541558739,1,4.079811436
-0.05146031619,-0.01340876965,0.9985850193,0.05320365644,3.396490089,1,4.098895279
-0.03886835479,0.0548195327,0.9977394799,0.06725135288,2.18755291,1,4.016488556
-0.06903106294,0.01154844018,0.997547666,0.07004765537,2.975834258,1,4.000003033
0.02508886001,0.00615642378,0.9996662681,0.02583603987,0.2406302088,1,4.029658029
-0.01687388176,-0.009841163264,0.9998091936,0.01953522264,3.669581563,1,4.194855852
-0.01437905402,0.02218911599,0.9996503819,0.026443847,2.145780374,1,4.092814293
-0.04571816658,0.05158254833,0.9976217169,0.06898154018,2.295996615,1,3.986048299
-0.005297184346,-0.07563319781,0.9971216371,0.07589130072,4.642465343,1,3.987379979
-0.05798112047,-0.01674596613,0.9981772199,0.06038765013,3.422759026,1,4.146799865
0.02675857795,0.06889473659,0.9972650068,0.07397622339,1.20033151,1,4.080093593
-0.05332525677,-0.05879808221,0.9968446231,0.07946115707,3.975762869,1,4.103262918
-0.01691569885,0.06061406352,0.9980179329,0.06297177444,1.842944456,1,4.151204755
0.02495186036,-0.06200765636,0.9977637272,0.0668895632,5.094962324,1,3.921504886
0.0391456331,0.02441775822,0.9989351293,0.04615321817,0.5577122476,1,3.948791075
0.04850923913,-0.01934193954,0.9986354405,0.05224691215,5.903776894,1,4.098184848
0.07858935267,-0.006169374989,0.9968879839,0.07891300959,6.204844558,1,4.085556795
0.08926820678,0.02113749042,0.9957833066,0.09186577303,0.2325041215,1,4.297647235
-0.05440358741,-0.04607406987,0.9974554776,0.07135267687,3.844280739,1,4.022579377
0.02002260504,0.07012332415,0.9973373625,0.07299068319,1.292663199,1,3.997770935
0.006846891788,0.04466854919,0.9989783986,0.04520565084,1.418697997,1,3.914557935
0.08319947427,0.01523998161,0.996416374,0.08468492676,0.1811656309,1,3.933582113
-0.02041836096,0.02665351709,0.9994361813,0.03358188959,2.224500818,1,4.011103766
0.02637531333,0.001841297284,0.9996504151,0.02644258836,0.06969830881,1,3.955369124
0.08298768873,-0.04608116768,0.9954845903,0.09506641848,5.776299568,1,3.897294797
0.0432329642,-0.02132058681,0.998837496,0.04822300947,5.825028038,1,3.938198259
-0.01855667121,-0.05995132248,0.9980288016,0.06279882662,4.412213099,1,3.936255065
-0.01276561284,-0.0390182219,0.9991569534,0.04106495101,4.396195154,1,4.089398138
-0.02288321205,-0.01331396744,0.999649487,0.02647766869,3.6685391,1,3.976847869
0.04722931504,0.04895877528,0.997683532,0.06807881962,0.8033762093,1,4.164855439
-0.01439653038,0.05727754783,0.9982544878,0.05909348917,1.817042197,1,4.090060575
-0.05844464848,-0.06465223179,0.9961949167,0.08726395472,3.977376573,1,4.105927117
-0.06039310825,0.02099284525,0.9979538932,0.06398132469,2.80705455,1,4.05967633
0.0111649392,0.09087596375,0.9957996301,0.09168766217,1.448549847,1,4.112549639
0.06573043943,-0.003448585041,0.997831457,0.06586846301,6.230767796,1,4.07753198
0.06003559296,0.03737120739,0.9974964263,0.07077597145,0.5567881468,1,3.864499657
0.05580164684,0.05003730228,0.9971872666,0.07502070391,0.7309885607,1,3.969342698
0.05388534718,0.01210686169,0.9984737319,0.05525679189,0.2210081075,1,3.923197956
0.02033121914,0.04335750093,0.9988527262,0.04790601712,1.132320026,1,3.936861069
0.02053249426,-0.0002287467474,0.99978916,0.02053521166,6.272045049,1,3.85558765
0.07714450769,0.007773211812,0.9969896199,0.07761303693,0.1004227548,1,4.127251311
0.008773461461,-0.06136129593,0.99807706,0.06202510105,4.854406806,1,3.89962395
-0.02686500017,-0.02149554017,0.9994079315,0.03441299018,3.816413939,1,4.183486396
0.06334676437,-0.05374281975,0.9965434746,0.08316872607,5.579626138,1,4.099660423
0.005126306182,-0.0220849831,0.9997429542,0.02267407312,4.940467338,1,4.028078751
-0.04714163415,0.01492892755,0.9987766484,0.04946920419,2.834902002,1,3.894446204
-0.02449081101,-0.05920687815,0.9979452619,0.06411617799,4.320172671,1,3.837783791
0.02979069284,0.03874663888,0.9988048922,0.04889470251,0.9153344565,1,4.102385491
-0.0451316373,-0.003374392886,0.9989753494,0.04527307353,3.216221589,1,4.046721343
0.075274984,0.06697461659,0.9949110903,0.1009280117,0.7271135272,1,4.09704408
0.006652228165,0.01962248743,0.9997853299,0.02072089761,1.243945105,1,4.079776429
-0.003511217574,0.07661989351,0.9970541927,0.07677570826,1.616590736,1,3.973350177
-0.03016358649,-0.05359056422,0.9981073136,0.06153509142,4.199731737,1,3.951975357
-0.04551071206,-0.02660179925,0.9986095931,0.05273953467,3.670550033,1,3.902852214
-0.01704335519,0.02802748094,0.9994618474,0.03280856294,2.117146369,1,3.877268382
0.03989031393,0.01702418566,0.9990590273,0.04338479791,0.4033730621,1,4.10739881
-0.002793971341,-0.01338484315,0.9999065155,0.01367376885,4.506602499,1,3.867811381
-0.01013162377,-0.09030653756,0.9958624802,0.09099863877,4.600664696,1,4.01261145
0.01855438774,0.03475249373,0.9992236981,0.03940564291,1.080397226,1,3.796018263
0.04020382263,-0.07827441618,0.9961208603,0.08810959318,5.186878352,1,3.893685622
-0.05848735533,-0.01251186104,0.9982097388,0.05984639748,3.352340324,1,4.057501128
-0.02534787984,-0.07692546515,0.9967145819,0.08108290399,4.394081372,1,3.906824285
-0.01110915218,-0.05983922674,0.9981462086,0.0608993345,4.528828802,1,3.848648425
-0.05533930276,-0.05909185418,0.9967174697,0.08104724228,3.959772161,1,3.996635071
0.04767134025,-0.02219385234,0.9986164811,0.05260870806,5.847467582,1,4.019989208
-0.06836798929,-0.03841517003,0.9969203041,0.07850194827,3.653517282,1,3.916405448
0.04666722186,0.01509059605,0.9987964979,0.04906614987,0.3127533547,1,3.961430665
-0.07989609843,-0.01441080618,0.9966990228,0.08127477887,3.320043313,1,3.878685385
0.01348087502,0.05459647914,0.9984174931,0.0562658776,1.328720094,1,3.975104668
-0.01192973032,0.0798065301,0.9967389825,0.08078107933,1.719180745,1,3.919164109
-0.0796755925,0.0231282948,0.9965524983,0.08306003089,2.859076234,1,3.915623038
-0.0737072333,-0.006402115407,0.9972593728,0.07405241299,3.228233917,1,4.072318036
-0.04908142064,-0.03265743957,0.9982607404,0.05898752449,3.72869893,1,3.970062715
-0.0117552449,0.03280363955,0.9993926833,0.03485335491,1.914892085,1,3.920031844
-0.08427045292,-0.02661994822,0.9960872799,0.0884903877,3.447560288,1,4.094321692
-0.02344123929,-0.03872296383,0.9989749949,0.04528090735,4.1680394,1,3.78722927
0.02048159761,0.02992145117,0.9993423892,0.03626797084,0.97054068,1,4.077707234
-0.03027615877,0.01360561446,0.9994489689,0.03319884631,2.719251301,1,4.076561431
-0.03975308436,-0.01329616674,0.9991210659,0.04193001145,3.464364787,1,4.198866428
-0.02393328412,0.08333780079,0.9962339127,0.08681536212,1.850454263,1,3.771833219
-0.01056897899,0.09270214551,0.99563779,0.09343859118,1.684316245,1,4.042815626
0.01639823971,0.00667698742,0.9998432455,0.01770641662,0.3866781652,1,3.942391632
0.01590086237,0.0005243727659,0.9998734358,0.01591017753,0.03296568376,1,4.017347797
0.02812249231,0.05508874069,0.9980853451,0.06189129519,1.098788506,1,3.838204215
0.06411693979,0.07139909738,0.9953849441,0.09611045805,0.8390830299,1,4.041893781
0.05913360396,-0.00810713552,0.9982171564,0.05972225138,6.146936098,1,4.013695236
0.03781234065,0.05188139014,0.9979371464,0.06424271437,0.9409869485,1,3.913307841
0.006557559782,-0.005670339817,0.9999624221,0.0086692691,5.570217239,1,4.079796163
0.02738063437,-0.03301476408,0.9990797397,0.04290458049,5.404768952,1,4.098916881
0.01875196219,0.05629973484,0.9982377992,0.05937539208,1.249279441,1,4.106581787
0.03754893915,0.03635364518,0.9986333109,0.05228767568,0.7692256606,1,3.927428807
-0.03796901817,-0.05611249315,0.997702231,0.06780338461,4.117500539,1,4.134573424
-0.004530509064,-0.04315548176,0.9990580958,0.04340626803,4.607791037,1,4.106666942
0.02468319614,0.04571241329,0.9986496458,0.0519741897,1.075688589,1,4.05706331
0.07237753465,0.01173394504,0.9973082808,0.07338838595,0.1607229929,1,4.063821057
-0.0056795238,-0.01161496712,0.9999164143,0.01292956949,4.25759359,1,4.032352648
0.07240573433,0.006528875275,0.9973538908,0.07276368657,0.08992749356,1,4.110776665
-0.06068346,-0.0512954326,0.9968381495,0.07954266947,3.843348943,1,3.940173065
0.07638163946,0.0509102206,0.995778085,0.09192267508,0.5879040521,1,3.896327992
-0.02054080342,0.03871252909,0.9990392462,0.04383851415,2.05862191,1,4.149279517
-0.03768537207,0.07040985883,0.9968060315,0.07994585856,2.062228066,1,3.889830082
0.002961259072,-0.03599760204,0.9993474889,0.03612705533,4.794466845,1,4.098188352
0.07916452237,-0.004785670281,0.9968500769,0.07939242015,6.222806577,1,3.970251819
0.02711695957,-0.05059637197,0.9983509792,0.05743647312,5.204378742,1,3.988879312
-0.06230098998,0.006391126836,0.9980369433,0.06266896082,3.039365577,1,4.136734985
0.006147482807,-0.007966177801,0.999949373,0.01006255192,5.369632751,1,4.054819167
-0.0327064783,0.05581343299,0.9979053798,0.06473564516,2.100855524,1,4.025597055
-0.03435857637,0.04448977425,0.998418824,0.05624220501,2.22840501,1,3.828751966
0.01487013033,0.03884028946,0.9991347813,0.0416015271,1.20515847,1,4.16670843
-0.08540046794,0.02653641564,0.9959932624,0.08954793278,2.84032189,1,4.153847742
-0.009680528055,-0.08434761005,0.9963893657,0.08500363742,4.598119509,1,3.906426929
-0.01603378438,0.01437935574,0.999768049,0.02153879869,2.410539408,1,3.91297125
-0.01672701602,-0.007840453244,0.9998293526,0.01847443098,3.579912768,1,3.934354384
0.06902420053,-0.02768783087,0.9972306873,0.0744391267,5.901703259,1,4.06843852
-0.02470547953,-0.01988259807,0.9994970343,0.03171775111,3.819244445,1,4.035566728
0.05659814867,0.05296791111,0.9969909979,0.07759526138,0.7522774138,1,4.137531361
0.02460988951,-8.110431476e-05,0.9996971275,0.02461250802,6.279889721,1,3.984540805
-0.06473222587,0.02118437527,0.9976777842,0.06816326125,2.825316528,1,3.874460643
0.02769639861,0.05374019944,0.9981707772,0.06049430952,1.094923872,1,4.136359509
-0.02585080419,-0.01993829769,0.999466958,0.03265239119,3.798576609,1,4.137346189
0.03295418751,-0.02302274636,0.9991916606,0.04021065267,5.673380166,1,4.009659573
-0.04579626494,0.01773725777,0.9987933179,0.04913094539,2.772075348,1,3.836683993
-0.008141142261,-0.008655327538,0.9999294011,0.01188274117,3.957593959,1,4.013244392
-0.03178925785,-0.007880394785,0.9994635273,0.03275730892,3.384589064,1,4.197619981
-0.02512030118,0.03893785552,0.99892583,0.04635433841,2.143746223,1,3.903230023
0.03235714822,-0.06239128202,0.9975271139,0.07034068533,5.190818627,1,3.984325481
-0.05172677536,-0.0587949802,0.9969290301,0.07839059917,3.990856905,1,3.88370575
0.08114156389,-0.02104302645,0.9964804251,0.0839242681,6.029438175,1,3.954838117
0.03625432164,-0.01641215561,0.9992078189,0.03980667617,5.858092353,1,4.022509136
0.05403271949,0.02310545806,0.9982718082,0.05879948658,0.4040875059,1,4.056618537
-0.06791957321,-0.02097991635,0.9974701874,0.07114604715,3.441188542,1,4.126376149
-0.03136462591,0.06694861708,0.9972633268,0.07399895102,2.00891809,1,3.916960034
0.02495806399,-0.01775121082,0.9995308847,0.03063174625,5.66495449,1,3.97235407
-0.03291237732,-0.05981686817,0.9976666366,0.06832673616,4.209377648,1,4.083036085
0.03350953903,0.02558586714,0.9991108418,0.04217321428,0.6521104217,1,4.062482048
-0.08582154345,0.007326868417,0.996283584,0.0862405969,3.056425868,1,3.976240716
0.03169958295,0.05063866539,0.9982138358,0.05977785829,1.011481377,1,3.951504988
0.07312356172,0.005200487082,0.99730933,0.07337407593,0.07099962804,1,3.936723733
-0.03629960591,0.03960579391,0.998555817,0.05374999027,2.312665313,1,3.821486444
-0.09053769276,-0.01722215615,0.9957441054,0.09229210973,3.329567739,1,3.919309425
0.01914330443,0.005878082665,0.9997994709,0.02002677151,0.2979183243,1,4.098216278
0.01815686646,0.05231015512,0.9984658111,0.05540002495,1.236707161,1,3.936221505
0.009997256867,0.002898920683,0.9999458241,0.01040926507,0.2822312354,1,3.915909171
0.01561931311,0.08084710826,0.9966041251,0.08243541287,1.379951848,1,4.083673935
0.01838776299,-0.03609352109,0.9991792371,0.04051851853,5.183566189,1,4.064185827
-0.005813691865,0.05004330783,0.9987301279,0.05040120985,1.686451099,1,3.870878136
0.007642723813,-0.1005096416,0.9949067297,0.100971281,4.78828264,1,4.13292459
-0.03701586653,-0.01899993227,0.9991340392,0.04161936701,3.615816891,1,4.051330237
-0.0642255541,-0.007901699993,0.9979041243,0.06475504929,3.264007949,1,3.955622409
0.08695414632,0.02070629863,0.9959971012,0.08950499617,0.2337750738,1,3.903427592
-0.04970454115,0.01793044186,0.9986030031,0.05286439759,2.795381671,1,4.065957577
-0.01235655278,0.07326789761,0.9972357448,0.07437109141,1.737873074,1,3.883833529
-0.04894024279,0.01625928223,0.9986693589,0.05159333911,2.820837905,1,4.074803119
-0.02200813006,-0.06431861992,0.997686703,0.06803219005,4.382703448,1,3.95358982
-0.03753070811,-0.05153858261,0.9979655407,0.06379889495,4.082982516,1,4.002719669
0.002399718592,0.07692341649,0.9970341164,0.07703701445,1.539610237,1,4.134424168
0.03026905998,-0.01561002527,0.9994198873,0.0340637286,5.807049658,1,4.026096676
0.006755413575,-0.08283832898,0.9965401024,0.08320930978,4.793758293,1,3.980960317
-0.01985257922,0.05027283612,0.9985381901,0.05407709696,1.946895617,1,3.944135172
0.01434179813,0.04317279707,0.9989646753,0.04550831656,1.250070397,1,4.143224047
-0.03493087193,0.03485712348,0.9987816654,0.04936764275,2.357251239,1,3.947597333
-0.0705104524,0.01445147955,0.9974063519,0.07203846235,2.939437109,1,3.901858395
0.01660746959,0.04013242489,0.999056345,0.04344659896,1.178435994,1,3.915236128
0.02840627251,0.07940657993,0.9964374936,0.08443486965,1.22725001,1,4.020757807
-0.001484319589,-0.081011207,0.9967120854,0.08111372184,4.694068632,1,4.092162213
0.06821639196,-0.0078796871,0.9976394311,0.06872406045,6.168184798,1,3.901753667
0.01645701412,-0.03513376542,0.9992471092,0.03880683725,5.150446918,1,4.054278981
-0.05026595076,-0.02155528172,0.9985032319,0.05472004533,3.546698399,1,4.168116663
0.01248545247,-0.003836141538,0.9999146951,0.01306186081,5.985091485,1,3.935490689
0.06644077827,0.04422069719,0.9968099884,0.07989629653,0.5872399469,1,3.8707395
-0.02457362112,-0.02032831102,0.9994913191,0.03189746234,3.832724764,1,3.992734329
-0.01470019695,0.01846406166,0.9997214525,0.02360340689,2.243186431,1,4.079732099
0.05000295224,0.04108291574,0.9979037523,0.06476079851,0.6877794609,1,3.87809216
0.02702617691,0.03687851066,0.9989542338,0.04573726115,0.9383660978,1,4.040971549
-0.07142424506,0.04037373137,0.9966285863,0.0821378087,2.62710414,1,3.93725864
0.02083590945,0.03150144519,0.9992865074,0.03777770462,0.9864298948,1,3.923927613
0.079881163,-0.04197195675,0.9959203556,0.09035951931,5.799401302,1,3.771126353
0.03491275266,0.0516912318,0.9980526621,0.06241747004,0.9767653427,1,4.010815727
0.005543800184,-0.05202457979,0.9986304168,0.05234302114,4.818549534,1,3.818864587
0.01428706696,-0.007440690938,0.9998702495,0.01610920889,5.803037244,1,4.217392976
0.02296683243,0.06281539444,0.9977608686,0.06693231742,1.220270708,1,4.019669496
-0.04719057165,-0.01328567412,0.9987975475,0.04904474692,3.416021769,1,4.151055743
-0.04992260293,-0.05105274934,0.9974474174,0.07146564593,3.938182649,1,3.979421232
-0.01878348932,0.03128353639,0.9993340387,0.03649754082,2.11152996,1,3.958675251
0.05939525518,0.03680807818,0.9975556972,0.06993281355,0.5547891985,1,4.091013454
0.004501714556,0.05830139474,0.998288877,0.05850831078,1.493734707,1,3.903792958
0.03167909979,0.006216909124,0.9994787565,0.03228897018,0.1937837326,1,4.16642841
-0.07949850692,-0.04284255804,0.9959139032,0.090430996,3.63588179,1,3.977505906
0.004638587357,-0.02370890416,0.9997081431,0.02416075755,4.905595944,1,3.910471848
0.009320670148,0.02880099969,0.9995417087,0.03027627,1.257810248,1,3.778433769
0.01520391814,0.08547779617,0.9962240648,0.08692886635,1.394767504,1,4.144887638
-0.03788372884,-0.03719765914,0.998589584,0.05311775005,3.917853391,1,4.072641663
-0.08911820744,-0.03116284003,0.9955334362,0.0945504399,3.477982219,1,3.928064013
-0.0230781303,0.01701884575,0.9995887949,0.02867867967,2.506175455,1,4.082286443
0.06403620087,-0.06092423681,0.996086142,0.0885032619,5.522685592,1,4.122513341
-0.002632721242,0.08331527958,0.9965197604,0.08345370098,1.602385316,1,3.82193389
0.01433258618,-0.01304090254,0.9998122383,0.01937872989,5.544939563,1,4.055159943
0.001816974085,0.0407847221,0.999166305,0.0408365245,1.526275404,1,3.937664664
0.02704836102,-0.02074645228,0.9994188166,0.0340951536,5.628884314,1,4.023919555
-0.06174589975,0.007289676692,0.9980652807,0.06221484564,3.024077331,1,3.970828623
-0.07250316418,0.03671718453,0.9966920987,0.08136002269,2.672820794,1,3.979825198
0.03318192913,0.02760405204,0.9990680537,0.04317617646,0.6938918705,1,3.969968626
-0.02718351473,0.04891787649,0.9984328209,0.05599265299,2.078002871,1,3.899093737
0.04782269613,0.01610942408,0.9987259265,0.0504845357,0.3249187604,1,3.878409656
0.0628421492,0.03484353625,0.9974150552,0.07191744242,0.506261897,1,4.003736522
-0.03373721519,0.03454170673,0.9988336552,0.0483026205,2.344412606,1,3.947173389
0.04726044904,-0.01184801609,0.998812332,0.0487422447,6.037551482,1,4.110934663
0.006929486666,0.07636405987,0.9970559225,0.07675315294,1.480301395,1,4.115506302
0.03450632768,-0.07615203944,0.9964989615,0.08370284707,5.137837908,1,3.896811822
0.03770826216,-0.07131697664,0.9967406763,0.08076008623,5.198764722,1,4.01427751
0.03482436049,-0.0665048113,0.9971782057,0.0751414979,5.194766658,1,4.147413583
-0.001171973206,-0.07542055326,0.9971511253,0.07550137007,4.696851056,1,3.927647311
-0.01830161337,0.05721858305,0.9981939114,0.06011044083,1.880367156,1,3.966558669
-0.01522591353,-0.04460587311,0.9988886262,0.04715039077,4.38344691,1,3.990757999
0.003693593935,-0.05703807359,0.9983651714,0.05718870881,4.777055329,1,3.960824811
-0.01465139683,-0.04883913817,0.9986991915,0.05101157887,4.42093866,1,4.029432079
-0.04949424725,0.03015397428,0.998319116,0.05798888048,2.594405262,1,4.051940162
0.04017259469,-0.008743741477,0.9991544974,0.04112473221,6.068873427,1,4.011482261
0.03128691531,0.04746547949,0.9983827709,0.05687996509,0.9880149845,1,4.107875437
-0.005737813325,0.01319360695,0.9998964978,0.01438777432,1.981016888,1,3.963772302
0.003522711994,-0.04322078974,0.9990593345,0.04337771365,4.79371425,1,3.998005785
-0.06153042482,-0.04236623039,0.9972056505,0.07477502112,3.744586654,1,3.907187377
0.05955677929,0.04093551573,0.9973852183,0.07233148768,0.6021759432,1,3.873593701
-0.04022279897,0.02580116607,0.9988575606,0.04780495878,2.571247046,1,3.952928565
0.06619738251,-0.0360560909,0.9971548851,0.07545150824,5.784439211,1,4.147683346
-0.005627798442,0.04785497413,0.9988384401,0.04820342069,1.687859757,1,4.00776855
0.03614276107,-0.05376416849,0.9978993511,0.06482877023,5.304244437,1,3.957907807
-0.001644148738,-0.07892157102,0.9968794724,0.07902090794,4.691559302,1,4.027417711
0.007832755935,-0.04911099909,0.9987626133,0.04975222574,4.870547781,1,4.052742997
-0.01513641544,-0.02006728942,0.9996840465,0.02513842243,4.066152376,1,4.119216326
-0.01875142144,-0.03037299553,0.9993627296,0.03570260735,4.159294154,1,4.036890205
-0.07924867936,-0.01598034129,0.9967267808,0.08093214994,3.340572369,1,3.846300962
0.004376658605,-0.04759173466,0.9988572829,0.04781076815,4.80409362,1,3.995406785
-0.007756067137,0.07784071886,0.9969356378,0.07830617518,1.670108759,1,3.953408087
0.04001346123,0.02810396133,0.9988038297,0.04891643526,0.6123098872,1,4.057082156
0.01935293185,0.07382985916,0.9970830537,0.07639850163,1.314435306,1,3.968502387
-0.006635426372,-0.0556648536,0.9984274612,0.05608834394,4.593745658,1,3.792746053
-0.05123672735,0.01143551799,0.9986210626,0.05252150822,2.922001795,1,3.961514028
0.04190831386,-0.01584882694,0.9989957497,0.04482004984,5.921630846,1,3.985552106
-0.04675733811,0.05498255168,0.9973919342,0.07223849789,2.275524425,1,4.122334618
0.0472676267,-0.01919577423,0.998697799,0.05103888173,5.897424294,1,4.123647391
0.003767396685,0.05082953683,0.9987002378,0.05099105604,1.496813347,1,3.916779832
0.06490254967,0.0233112357,0.9976192888,0.0690167582,0.3448231641,1,4.194787999
0.0180542046,0.03148309291,0.9993412133,0.03630038753,1.050122316,1,3.899188274
-0.009489439315,0.0735729881,0.9972446871,0.07425064464,1.699068089,1,3.970423905
0.002363335083,-0.05521615311,0.9984716276,0.05529488039,4.755164388,1,4.006148455
0.01945627103,-0.01546929725,0.9996910294,0.02485906125,5.611451407,1,3.869427172
0.01233275439,-0.03331747603,0.9993687252,0.03553424272,5.066908503,1,3.853776888
-0.01115729169,0.01307461284,0.9998522738,0.01718894285,2.277235161,1,3.907218094
-0.08984378171,-0.02073287686,0.9957400478,0.09233612745,3.368388294,1,4.049005205
0.002205592249,0.04037322503,0.9991822347,0.04044445127,1.516220503,1,4.012920391
-0.05474108972,-0.04672085352,0.9974069255,0.07203049347,3.848108097,1,3.930393885
-0.03486812208,-0.03096702595,0.9989120369,0.04665105536,3.867804501,1,4.027504111
0.03725468625,0.08330941627,0.9958271082,0.09138705774,1.150286172,1,4.135111716
-0.02010040715,-0.03280250853,0.9992597105,0.03848066624,4.162632339,1,4.079930358
0.02427446877,0.07965155677,0.9965271595,0.08336489,1.274979906,1,4.078317584
0.0282632547,-0.03769509561,0.9988895175,0.04713147727,5.355753111,1,3.915001485
0.03744669641,0.0538300016,0.9978477218,0.06562089175,0.962997601,1,4.162038879
-0.007759697877,-0.02409670461,0.9996795166,0.02531799821,4.400851848,1,4.036746393
0.03521954162,-0.0364077086,0.9987162073,0.05067677026,5.481200467,1,3.82485572
0.05252477847,-0.06798762937,0.9963025795,0.08601977965,5.370175196,1,4.004503846
0.05574626562,0.03837824166,0.9977071035,0.06773142895,0.6029288073,1,3.937274407
-0.06423962176,-0.03623094202,0.9972765864,0.07381938274,3.655118432,1,4.189170755
-0.001082888442,-0.08011737784,0.996784848,0.08021067743,4.698873529,1,4.002066799
-0.03630705099,0.06539496204,0.9971987249,0.07486766875,2.077620381,1,3.841114315
0.01067036568,-0.05217551428,0.9985809226,0.0532806371,4.914116397,1,4.097095461
0.008616772792,-0.09677078125,0.9952693942,0.09730714504,4.801197887,1,4.119296273
0.02237173769,-0.08460624296,0.9961632843,0.08762615594,4.970894402,1,4.003470911
-0.02265537062,-0.03116180657,0.9992575624,0.03853646318,4.083755618,1,3.76782911
0.01243758646,0.001137784299,0.9999220029,0.01248984473,0.09122560031,1,3.901689135
-0.02439566217,-0.07640163893,0.996778632,0.08028821844,4.403313792,1,3.819948083
-0.02030038824,0.04377910389,0.9988349635,0.04827551748,2.004984921,1,3.989266343
0.0789334102,-0.06568365093,0.9947136144,0.1028693325,5.589151685,1,3.984396853
-0.03661061567,-0.04982145856,0.9980869126,0.06186594706,4.078663491,1,3.998271978
0.02154924666,0.04351873745,0.9988201787,0.04858092895,1.111018823,1,4.028038385
0.01219409361,0.007127152448,0.9999002489,0.01412464117,0.5289264244,1,4.042912999
-0.009392208061,-0.06387755842,0.9979135453,0.06460929686,4.566400482,1,3.932603899
-0.06196837117,-0.06612148724,0.9958854703,0.09074529615,3.95940292,1,3.954441123
0.006284284998,0.04341283684,0.9990374534,0.04387940345,1.427038519,1,3.96115241
-0.01298476625,0.04011589488,0.9991106599,0.04217752727,1.883835073,1,3.943607083
-0.08780127184,-0.009119795952,0.9960962634,0.08838867681,3.245090126,1,4.020339967
-0.07708822733,-0.01212179764,0.9969505841,0.07811487616,3.297561286,1,4.087869579
-0.06654908994,0.03195889458,0.9972712007,0.07389237161,2.693885457,1,3.958159586
0.04878350768,0.05477358771,0.997306384,0.07341425175,0.8431770415,1,3.948031229
-0.03064714389,0.01866110545,0.9993560505,0.0358892352,2.594653306,1,3.954100372
0.04013925216,-0.06673604417,0.9969629586,0.07795614028,5.253883421,1,4.151024745
-0.02269243459,0.05084855208,0.9984485356,0.05571114392,1.990548177,1,3.80637069
-0.03046654021,-0.02675600208,0.999177615,0.04055854441,3.86223748,1,4.10570397
0.06869930029,0.04162154701,0.9967688062,0.08041063895,0.54471068,1,3.900752539
0.04525074661,-0.003905515586,0.998968026,0.04543460333,6.197090349,1,4.173553356
0.06578278722,0.001934844969,0.9978320907,0.06585883439,0.02940415561,1,3.907897966
0.01865789757,-0.06405692145,0.9977718144,0.06676845857,4.99581803,1,4.038033049
-0.01241230477,-0.02080038138,0.9997065964,0.02422469728,4.174374057,1,4.057225609
0.01898197754,-0.02639625103,0.9994713215,0.0325184597,5.335829874,1,3.910763737
-0.04544339046,-0.01924169799,0.9987815854,0.04936926389,3.542125341,1,4.093681984
0.04656819672,0.02006241299,0.9987136239,0.05072774292,0.4067881276,1,4.011115397
0.05499795783,0.01120158598,0.9984236321,0.05615660683,0.2009245547,1,3.985880032
0.01853467482,0.0353181496,0.9992042304,0.03989674471,1.087512564,1,4.067593154
-0.0608386578,0.03733790422,0.9974490156,0.07144326103,2.591145913,1,4.059370879
0.05404211744,-0.006871242555,0.9985150152,0.05450417381,6.156717826,1,4.078680679
0.01182025414,0.06040678809,0.9981038531,0.0615913378,1.377560373,1,3.928765254
0.01243210723,0.03189749247,0.9994138245,0.03424128312,1.199155646,1,4.004672704
-0.05274636662,-0.04859636102,0.9974247914,0.0717818172,3.886063478,1,3.98557578
-0.02921708095,0.06249005325,0.9976178404,0.06903775795,2.008146722,1,3.849751945
-0.01457708254,-0.03713456094,0.9992039497,0.03990378334,4.338323555,1,3.845933099
0.03894757576,0.01274867063,0.999159926,0.04099247832,0.3163369464,1,3.974699735
-0.01172519141,-0.01624447774,0.9997992983,0.02003539068,4.08718442,1,4.054638448
0.07478289414,0.03597433215,0.9965507344,0.08308128986,0.4483732338,1,4.015528551
-0.003589146966,0.03917481765,0.9992259262,0.03934904414,1.662159989,1,3.906931009
-0.02607220784,0.03978916613,0.9988678903,0.04758830517,2.150859656,1,3.912932658
-0.02553725033,-0.008294557888,0.9996394596,0.0268537552,3.455645738,1,3.954862323
-0.04271050243,0.009092314357,0.9990461165,0.04368146595,2.931841409,1,3.945422676
0.03533928241,0.006725145675,0.9993527443,0.03598126007,0.1880536689,1,3.975327557
-0.04076232941,-0.03829335908,0.9984348007,0.05595726633,3.895770191,1,4.063820917
0.07672869897,-0.04318471048,0.9961163524,0.08816080745,5.77055018,1,4.012549447
-0.04745680702,0.001119807533,0.9988726633,0.04748786315,3.118000679,1,4.152803644
-0.0161666029,0.04822960035,0.9987054354,0.0508889784,1.894226701,1,3.914975346
0.03150649101,-0.01353346912,0.9994119202,0.03429686425,5.877470951,1,3.930271526
0.03005173249,-0.01003561308,0.9994979639,0.03168842407,5.960884735,1,3.935375108
0.04696802822,0.03072041762,0.9984238881,0.05615204585,0.5792316491,1,3.983391695
0.02556796909,-0.006840100948,0.9996496846,0.02647020317,6.021780643,1,4.121970856
0.01814399467,-0.03659684607,0.9991653849,0.04085905668,5.17265512,1,3.927319729
-0.01083563929,-0.02749740212,0.9995631455,0.0295596459,4.337013348,1,3.973627175
0.09427265164,-0.01806115828,0.9953825705,0.09613518913,6.093894724,1,3.964120493
0.06215562231,-0.03449498717,0.9974701873,0.07114604862,5.776528445,1,4.036050126
0.01467763117,-0.09635696484,0.9952386158,0.09762343389,4.86355256,1,3.93834151
0.000161181225,0.06260814603,0.9980381727,0.06264932792,1.568221888,1,4.055108112
-0.02807907356,0.04096516692,0.9987659489,0.04968510792,2.171681992,1,3.84084712
-0.04991250207,0.08166207002,0.9954094878,0.09585435422,2.119416195,1,3.829115935
-0.005273787384,-0.04820215052,0.9988236781,0.04850881642,4.60341264,1,4.184071171
0.03941634396,0.01635022486,0.9990890961,0.0426858808,0.393206577,1,3.905269149
-0.02541554929,-0.06100271739,0.9978139698,0.06613360902,4.317629283,1,4.052762478
0.02832745979,0.02553756693,0.9992724292,0.03814863234,0.7336502615,1,3.957165938
0.02253237598,-0.007603953533,0.999717196,0.02378307625,5.957718273,1,4.153684568
0.01043539252,-0.07940713995,0.9967876447,0.08017576448,4.843056494,1,4.01740127
-0.003432760798,-0.01843338748,0.9998241977,0.01875139541,4.528272844,1,4.010944434
-0.02275793132,-0.03322063685,0.999188904,0.04027916791,4.111764452,1,4.064537319
0.01734166981,-0.05676330603,0.9982370428,0.059388138,5.008891708,1,3.929643314
-0.06889887076,-0.04941498833,0.9963990689,0.08488927234,3.763776094,1,4.166471902
-0.02834109563,0.03431503414,0.9990091395,0.04452020247,2.261137002,1,3.915682089
-0.004651498857,-0.03652556066,0.9993218936,0.03682887665,4.585721656,1,3.976430297
0.00383338962,-0.07872453672,0.9968890372,0.07889964738,4.761044258,1,4.067828226
-0.01146448326,-0.04444269016,0.9989461512,0.0459137015,4.459931708,1,4.03736756
0.06689993495,0.04203223724,0.9968739588,0.07909072318,0.5609582,1,4.021817535
0.02302843291,-0.07377955039,0.9970086606,0.07736707294,5.014932061,1,4.020096509
0.01037017843,0.0001041344232,0.9999462228,0.01037088717,0.01004138202,1,3.935121622
-0.0258216249,0.03905118907,0.998903523,0.0468332661,2.155022198,1,3.91559484
-0.009902793432,0.09267822448,0.9956468658,0.09334126806,1.677243792,1,4.001315083
-0.03642954134,0.05042037478,0.9980634621,0.06224408855,2.196474591,1,4.022469726
-0.02519421484,-0.02317265459,0.9994139681,0.0342370897,3.885218746,1,4.058138459
-0.03109327691,-0.079411199,0.9963568987,0.08538519162,4.339190188,1,3.914995717
0.01664998911,0.007966783833,0.9998296396,0.01845888619,0.4462886148,1,4.16912403
0.02047018205,0.02485926883,0.9994813597,0.03220823284,0.8819236435,1,4.05450054
0.005877703623,0.02373921609,0.9997009064,0.02445847622,1.328082772,1,4.087190124
-0.02271236543,0.03660365685,0.9990717295,0.04309092972,2.126149124,1,4.035621715
0.01100763481,-0.03601754079,0.9992905327,0.0376709759,5.008992562,1,3.891957714
-0.02487894106,0.06197196317,0.9977677656,0.06682911599,1.952556198,1,4.028404042
0.02318066957,-0.02097706919,0.9995111901,0.03126818613,5.547648707,1,4.038082206
-0.07060427867,0.0194515315,0.9973147315,0.07330035599,2.872760962,1,4.066520737
0.04382194912,-0.01468693195,0.9989313944,0.04623409846,5.959800528,1,4.014466303
0.04693178412,-0.02804621655,0.9985042901,0.05470069273,5.744535799,1,4.004329114
-0.06934453964,0.02029841669,0.9973862387,0.07231736641,2.856829621,1,3.768267042
-0.03292689457,0.01348987653,0.9993667209,0.03559061535,2.752759355,1,4.002709955
0.006289907856,0.03364977419,0.9994138931,0.03423927993,1.386006094,1,4.067041913
-0.06017915175,-0.03208931342,0.9976716623,0.06825308544,3.631469324,1,4.039250461
-0.06587838055,0.01861873216,0.9976539389,0.06851246624,2.866153492,1,3.94483469
-0.06378675784,0.0189928476,0.9977828026,0.0666035609,2.852196453,1,4.144840806
0.05184691244,0.01661316079,0.9985168504,0.05447047556,0.3100904112,1,4.054822334
-0.03290203349,-0.07662637607,0.9965168612,0.08348847477,4.306812085,1,3.887311901
-0.05480972168,-0.04010007838,0.997691274,0.06796491687,3.773228672,1,3.86989714
-0.03517503168,-0.04977416097,0.9981408969,0.0609865467,4.09718544,1,4.127157203
0.09356158057,0.02081460856,0.9953958925,0.09599630054,0.2189046818,1,4.115913113
-0.003644780586,-0.04568106832,0.9989494259,0.0458422964,4.632770096,1,4.040318755
-0.01789016684,-0.01776102319,0.9996821935,0.02521203453,3.923368411,1,4.175035263
-0.06801376206,-0.05635862701,0.9960912776,0.08844514004,3.833552106,1,4.006008175
-0.02987533013,0.04145592807,0.998693582,0.05112147453,2.195249165,1,3.909607259
0.01076857731,0.07714921109,0.9969614019,0.07797612645,1.432111186,1,4.132311155
-0.03533949173,-0.003912955942,0.9993677047,0.03556295805,3.251868197,1,3.889673631
0.06021816126,0.0433001797,0.9972456405,0.07423779156,0.6234005151,1,3.962686263
-0.04551633752,-0.0711074528,0.9964296228,0.08452814719,4.143000292,1,4.021744621
0.03118187191,-0.05185818092,0.998167531,0.06054797989,5.253757409,1,4.090666964
-0.07305458698,-0.03629280755,0.9966673765,0.08166365383,3.602669178,1,4.037196259
0.06578017865,0.01347468489,0.9977431538,0.06719666061,0.2020490293,1,3.904307979
0.07882698979,0.04121926035,0.9960357816,0.08907121116,0.4818055772,1,3.695240852
0.01772109216,-0.09187617666,0.9956127415,0.09370667271,4.902929267,1,3.833159962
-0.03610884325,-0.007182875751,0.9993220491,0.03682465365,3.337952324,1,4.035774394
-0.0258782345,-0.009495127784,0.9996200076,0.02756869607,3.493256857,1,3.979747704
0.02561496904,0.01344171929,0.9995815092,0.02893164315,0.4832590892,1,3.982824067
0.06600250892,-0.003750042988,0.9978124102,0.06615720422,6.226429653,1,3.957248989
-0.08021288955,-0.01795209302,0.9966160819,0.08229007602,3.361769948,1,3.964744481
-0.04159634822,-0.04229749589,0.9982387819,0.05935882986,3.93534818,1,4.000924473
-0.04103564128,0.05094042194,0.9978582813,0.06545966134,2.248919223,1,4.119511993
0.07177823241,0.03817374545,0.9966898467,0.08138772759,0.4887853997,1,4.002955018
0.05276556735,-0.07864278723,0.995505453,0.09484637983,5.303352769,1,4.099065064
-0.05528546586,-0.01536665035,0.9983523343,0.05741286278,3.412700308,1,3.910090097
0.04397598323,-0.04967280651,0.9977969359,0.06639086594,5.437030226,1,3.930292622
0.01379643437,-0.01484868436,0.9997945664,0.0202702072,5.461069646,1,4.112325581
0.01994615766,0.0665445989,0.9975840652,0.06952565299,1.279576984,1,4.018153387
0.0009154706513,0.09341127367,0.9956271872,0.09355216139,1.560996211,1,4.08601176
-0.03990805907,0.03372488374,0.9986340566,0.05227340551,2.439970893,1,3.857586271
0.004295780707,0.04087278006,0.9991551242,0.04110948417,1.466079514,1,3.959922514
-0.01763847737,0.03841349154,0.9991062445,0.04228211613,2.001253128,1,4.037054492
0.07480370092,0.02023459598,0.9969929626,0.07756991253,0.26418023,1,3.933798773
0.04155156927,0.02339476051,0.9988624291,0.04770296933,0.5127916233,1,3.904011312
0.02094607934,-0.01419212397,0.9996798714,0.02530397733,5.687682356,1,4.00687392
-0.001823796366,-0.03111690255,0.999514088,0.03117535375,4.653844842,1,4.053456127
-0.08441372424,0.04604294505,0.9953664503,0.0963029847,2.64225419,1,3.911580247
-0.007027099544,0.006337813469,0.999955225,0.009463122141,2.407723138,1,3.959864455
0.06072252605,0.06510574054,0.9960291248,0.08914601502,0.8202189786,1,3.945725984
-0.004702358239,-0.07007380947,0.9975307259,0.07028927399,4.645383651,1,3.783771564
-0.06414591077,0.07285436246,0.9952776216,0.09722242463,2.292714682,1,4.182541574
0.07642041135,-0.03000898706,0.996623992,0.0821937867,5.909002666,1,3.967213393
-0.05918037456,0.008415483502,0.9982118327,0.05981137846,3.000339091,1,3.977120506
0.03096180091,0.01270213077,0.9994398545,0.03347231106,0.3893126712,1,4.102353526
-0.04786801647,-0.04894913692,0.9976535646,0.06851793318,3.938156974,1,4.010478905
0.007347632677,0.06522042248,0.9978438299,0.0656802167,1.458610883,1,4.181087907
0.01337766512,0.02542491799,0.9995872206,0.02873352689,1.086437621,1,3.966377554
-0.006256958536,0.08774561467,0.9961232642,0.08808227053,1.641983766,1,3.952735821
-0.03532398606,-0.06216911481,0.9974403326,0.07156479709,4.195686237,1,4.047224655
-0.0614257704,-0.04695816218,0.9970064221,0.07739602916,3.794290461,1,3.983965162
-0.01964642743,-0.05102480103,0.998504125,0.05470371332,4.344848067,1,4.096942063
0.001190127431,-0.004643215578,0.999988512,0.004793331844,4.963302614,1,3.988114595
-0.04339278959,0.0236838502,0.9987773231,0.04945555948,2.641978563,1,3.894962192
0.0731702395,-0.03012951507,0.9968642477,0.07921354026,5.892571335,1,3.998959602
0.040066367,-0.06353702573,0.9971748756,0.07518584428,5.275004214,1,3.985849432
-0.05671551414,-0.04784539578,0.9972432845,0.07426954925,3.842361371,1,4.013619104
0.05128945874,-0.06818472787,0.9963534686,0.08542540369,5.357305093,1,3.869342229
0.05353208906,0.02423575418,0.9982719788,0.05879658331,0.4251245343,1,3.920374501
-0.06019506033,0.04060371698,0.9973604629,0.07267322958,2.548162027,1,4.07488115
-0.03817042758,0.04763762875,0.9981350985,0.06108160882,2.24630894,1,4.151482149
0.06755293882,-0.03585310429,0.997071289,0.07655248741,5.795248521,1,4.028337455
-0.0542979835,-0.03814776208,0.9977958094,0.06640784334,3.754036779,1,3.984787961
0.07046766323,-0.05763053207,0.9958478951,0.09115899732,5.597666889,1,4.028067548
0.01513727611,-0.04823780204,0.998721171,0.05057868521,5.016462542,1,3.851859806
-0.07571224616,0.007307875173,0.9971029289,0.07613765242,3.045369029,1,3.949655575
-0.04512428969,0.03273633979,0.998444856,0.05577718555,2.51397615,1,3.90822861
0.07936293347,0.02021110909,0.9966408761,0.08198787998,0.2493661562,1,4.085207547
0.04287658651,-0.0321636787,0.9985625149,0.05362517425,5.639591081,1,3.926280011
-0.01623987641,0.03775170131,0.9991551809,0.04110810403,1.977042924,1,4.052523979
0.02809933453,-0.07944317019,0.9964432799,0.08436623084,5.052359395,1,3.927996092
0.03287943935,-0.07224696398,0.9968446813,0.07946042314,5.139474201,1,3.981114288
0.01757710185,0.07679984473,0.9968915835,0.07886733378,1.345802402,1,4.123045978
0.01768650411,-0.0648986169,0.9977351137,0.06731629483,4.978452873,1,4.063209731
0.03737995807,-0.003127491823,0.9992962311,0.03751936685,6.199712111,1,3.944251782
-0.03540593118,-0.03881467748,0.9986189668,0.05256141539,3.972885787,1,4.047366458
0.01204676397,0.0002244356334,0.9999274099,0.012049146,0.01862821193,1,3.965394769
0.02220262654,-0.02564437901,0.999424539,0.03392686778,5.425978374,1,3.904044248
0.08567718859,-0.01127554427,0.9962591437,0.08652388038,6.152332326,1,3.948764191
0.08188953141,0.01267204034,0.9965608481,0.08295932699,0.1535278075,1,3.935736935
-0.03416059502,0.01715066631,0.9992691872,0.03823354232,2.67629845,1,3.955357438
-0.0346848054,-0.03075026079,0.9989251152,0.04636976254,3.866934133,1,3.945769498
-0.01389236927,-0.01552946631,0.9997828953,0.0208380684,3.982575746,1,3.977592652
-0.01308393261,-0.06370471073,0.9978830195,0.06508037939,4.509821833,1,4.010456053
-0.01947412574,0.06197698266,0.9978875749,0.06501029594,1.875243264,1,4.020504727
0.01759400485,0.04720589759,0.9987302209,0.05039936251,1.214036795,1,3.849272007
0.01132920048,0.008963231401,0.9998956494,0.01444661965,0.6693285551,1,4.054219211
0.07283357127,0.005286296351,0.9973300988,0.07309021975,0.07245344256,1,4.040401791
0.04514348577,0.04897712616,0.9977791874,0.0666578591,0.8261068072,1,3.966633846
-0.01662075634,-0.03609881849,0.9992100008,0.03975181019,4.280900484,1,4.021809009
0.01297551322,0.0339924519,0.9993378554,0.03639279236,1.206149401,1,3.873308735
0.0464321271,-0.08642937536,0.9951753718,0.09827016535,5.205372205,1,4.050791736
0.03537208084,-0.03018473141,0.9989182639,0.04651733472,5.57675016,1,4.02847886
-0.008190315682,0.04513993648,0.9989470981,0.04589306458,1.750286416,1,3.955075756
0.06951357784,0.01172435222,0.9975121062,0.07055389521,0.167090196,1,4.094785433
-0.08739276981,0.01857661283,0.9960007095,0.08946461993,2.932145412,1,3.845567369
-0.008050688594,-0.03638555968,0.9993053975,0.0372741984,4.494636647,1,4.091797317
-0.006237030455,0.006530797892,0.9999592232,0.009030730148,2.333190138,1,4.15902426
-0.01272289641,-0.05897323639,0.9981784837,0.06036670553,4.499905455,1,3.943849205
0.002067577213,-0.08611530569,0.9962830317,0.08624700839,4.736393773,1,4.136197636
-0.0315453381,-0.01909985426,0.9993198123,0.03688535875,3.686026791,1,3.811540876
-0.005956509116,0.005057741064,0.9999694692,0.007814217067,2.43761457,1,3.996787814
0.03139704569,0.04334556835,0.9985666664,0.05354766378,0.9439191137,1,3.885462907
0.05574397646,-0.00624278511,0.998425579,0.05612190921,6.171659695,1,3.987111059
-0.02137016727,-0.03621094552,0.9991156507,0.04205899964,4.17923792,1,3.772099248
-0.06503394107,-0.01759686957,0.9977278871,0.06742364335,3.405844797,1,4.027481364
-0.0727008965,-0.05643809401,0.9957556534,0.09216672348,3.801717724,1,4.005372453
-0.008944879728,-0.07255989561,0.9973239447,0.07317444494,4.589732011,1,4.076172704
-0.04305205842,-0.04083656409,0.9982378951,0.05937377541,3.900587005,1,3.867950798
0.02733227966,0.001118664044,0.9996257775,0.02735857541,0.04090548064,1,3.785458501
-0.01349491278,0.003954388679,0.9999011202,0.01406281967,2.856544305,1,4.003930629
-0.0418699051,-0.02297571084,0.9988588628,0.04777770017,3.64346833,1,4.0854344
-0.04857917003,-0.04747515594,0.9976904198,0.06797749262,3.91549768,1,4.011030503
-0.06981904377,0.04343489031,0.9966136219,0.08231999818,2.585076667,1,3.96782241
0.001496711291,-0.05296267283,0.9985953711,0.05300863843,4.7406412,1,3.895869509
-0.02320182315,0.02907584516,0.9993078958,0.03720709713,2.244301831,1,3.887462112
0.03822843839,-0.03041098568,0.9988061666,0.04886862,5.611190085,1,3.912363727
-0.04225065334,-0.03169847643,0.9986040701,0.05284420042,3.785252589,1,3.979863822
0.01975678932,-0.004914019167,0.9997927394,0.02036014699,6.039406444,1,4.043020649
0.04565876846,0.04064277295,0.9981299724,0.06116552446,0.7273417417,1,3.939758328
-0.05783604794,-0.01660410931,0.9981880059,0.06020866367,3.421163071,1,3.919425853
0.005074901292,-0.04192102308,0.9991080388,0.04223964553,4.83286137,1,3.926077839
-0.03457434599,-0.03236145831,0.9988780459,0.04737433783,3.893943003,1,4.089240944
0.08854103902,0.03232551515,0.995547862,0.09439751632,0.3500549422,1,4.032892251
-0.04598502875,0.02716190552,0.9985727855,0.05343321215,2.608062845,1,3.959840629
-0.009960295736,0.07414547494,0.9971976941,0.07488144938,1.704331415,1,3.995671481
0.05148724735,-0.06029408353,0.9968518881,0.07936957899,5.419163267,1,3.93298425
-0.004132001288,-0.08509571799,0.9963642132,0.08529937979,4.663869989,1,3.93889561
-0.06042335189,-0.0488325425,0.9969776333,0.07776747853,3.821297512,1,3.990608102
0.04847662722,-0.03480645348,0.9982176754,0.05971355515,5.660477479,1,3.786499217
0.01893272251,0.03787821121,0.9991029943,0.0423589395,1.10728354,1,3.813481297
0.04608935297,0.008864708328,0.998897987,0.04695136711,0.190016978,1,4.043747973
-0.02489307664,0.0170547579,0.9995446313,0.03017957125,2.540922869,1,4.107654569
0.0532397361,0.03736306619,0.997882524,0.06508799684,0.61192569,1,3.905129467
-0.04000627875,-0.0708215395,0.9966864137,0.08142994437,4.198186903,1,4.063491143
-0.06802095411,-0.007071154274,0.9976588338,0.06844092812,3.245176118,1,4.016704037
-0.03317140479,0.05791414503,0.9977703191,0.06679086699,2.090952047,1,4.082233236
0.02442273971,0.08356032546,0.9962033938,0.08716663372,1.286440064,1,4.117083921
0.02548564058,0.06601669217,0.9974929967,0.07082445206,1.202374715,1,4.160839509
0.01794007128,0.06656881939,0.9976205422,0.06899858089,1.307553736,1,4.036581274
-0.004716290123,-0.06227982062,0.9980475843,0.06249882143,4.636805821,1,3.852639302
-0.02439905177,0.02851443563,0.9992955585,0.0375372941,2.27857504,1,3.974264399
0.00611488721,-0.001294806971,0.9999804656,0.006250510337,6.074520812,1,3.802633527
0.03362358152,0.0539142267,0.9979793139,0.0635824979,1.013168734,1,3.953878539
0.04925459217,-0.02232485548,0.9985367224,0.05410424391,5.857628405,1,4.128215259
-0.04169561095,-0.03657608849,0.9984606481,0.05549318894,3.861676782,1,4.020398615
0.04872014594,0.03304796719,0.9982655855,0.05890528112,0.5960286199,1,3.921715178
0.03883113881,0.02838052389,0.9988426746,0.04811545994,0.6311452327,1,3.972606659
-0.007782343891,0.06909552614,0.9975796928,0.06958856506,1.682955303,1,3.942192382
0.06127628621,-0.02087166594,0.9979025956,0.06477866922,5.954894992,1,3.984249358
0.07602867077,-0.02860355168,0.9966952784,0.08132088747,5.923344957,1,3.999514841
-0.03132046432,0.03982193813,0.9987157963,0.05068488272,2.237259095,1,4.075700858
-0.05832745691,0.02533855917,0.9979758841,0.06363645398,2.731771102,1,3.94661769
-0.04582273426,0.07146303263,0.9963901405,0.08499451144,2.140966683,1,4.162009149
-0.04302426665,0.001106643941,0.9990734146,0.04305179438,3.115876934,1,4.14809185
-0.05400392178,-0.05923468436,0.9967822373,0.08024325326,3.973150401,1,3.968475844
-0.03511932655,-0.04043995895,0.9985645911,0.05358642401,3.997291433,1,3.942347088
-0.02649368191,-0.03785290311,0.998932051,0.0462198902,4.101722419,1,4.05542826
-0.006356889416,-0.04243636959,0.9990789481,0.04292303218,4.563696452,1,3.770174792
0.06262141064,-0.01860193364,0.9978639822,0.06537245063,5.994433553,1,4.103419149
-0.0004106505755,0.03441044461,0.9994077009,0.03441969071,1.582729654,1,4.019087143
-0.06156127876,0.04493680165,0.9970912159,0.07629148538,2.511045965,1,3.741932377
0.02741333264,0.008408220639,0.999588821,0.02867776859,0.2976105812,1,3.935585565
0.03961281375,-0.04386223217,0.9982519369,0.05913666543,5.446924598,1,3.936708749
0.01193504761,-0.07185906618,0.9973433858,0.07290804176,4.87697619,1,3.910383752
0.003427009361,-0.0505167119,0.9987173361,0.05065448053,4.78012432,1,3.838446339
-0.04214567372,0.02663229322,0.9987564584,0.0498758347,2.578039426,1,3.915090181
-0.007034404323,0.05666084729,0.9983687022,0.05712690279,1.694313618,1,3.941128106
-0.06298831708,0.03125286967,0.9975248017,0.07037357535,2.681014292,1,4.094112934
0.005634357612,-0.02001292484,0.9997838451,0.0207924372,4.986821392,1,3.961129883
-0.01831490857,-0.01048871614,0.9997772507,0.02110723097,3.661687166,1,4.000751526
0.04412366569,0.07792361508,0.9959824358,0.08966891619,1.055568416,1,3.966974288
0.05398513918,-0.04513920948,0.9975209554,0.07042825467,5.586792102,1,4.156147959
-0.05518335554,0.01138698853,0.9984113049,0.0563758092,2.938100531,1,3.950400609
-0.07276102164,-0.006073314965,0.9973309123,0.07307907924,3.22486896,1,3.952453547
-0.05414650696,-0.01565377812,0.9984102939,0.05639374874,3.423020085,1,4.074836126
0.04445701769,0.02793917316,0.9986205366,0.05253152651,0.5610789547,1,3.819177415
-0.00738512719,0.0867893487,0.9961993118,0.08721351011,1.655684389,1,3.922628232
-0.05757225292,-0.01532700591,0.9982236816,0.05961282572,3.401779945,1,4.044935669
-0.04954269862,-0.06643333084,0.9965601505,0.08296774558,4.071613017,1,4.218719872
0.0219052577,0.03256976103,0.9992293883,0.03926094089,0.97872187,1,4.004612717
0.01167419675,-0.003015414204,0.9999273076,0.01205763817,6.030412738,1,4.052808557
-0.003227321797,-0.03968986013,0.9992068351,0.0398313879,4.631253976,1,4.03000315
-0.02835904918,-0.02979328927,0.999153704,0.04114402466,3.951649316,1,3.932350982
0.0169233311,0.06743156503,0.9975803651,0.06957889433,1.324904495,1,4.04186025
-0.01194598841,-0.08533837434,0.9962804099,0.08627743904,4.573308945,1,4.105202362
0.02789636178,0.06566149669,0.9974519341,0.07140236322,1.169051771,1,4.16184366
0.05144994526,0.02085176276,0.9984578645,0.05554335345,0.3850519504,1,3.976044939
-0.07436697039,-0.03326052548,0.9966761215,0.08155637927,3.562156182,1,3.869167852
0.06499232887,-0.02648024911,0.9975343571,0.0702375512,5.896284611,1,4.103465289
-0.02371630855,-0.06632874298,0.997515932,0.07049960467,4.368997765,1,4.102272116
-0.01811100214,0.01820055538,0.9996703113,0.02567904874,2.353728249,1,3.777120405
0.06008104985,0.00183449965,0.9981918163,0.06014530603,0.03052426457,1,3.822929496
-0.08605697831,-0.05165675856,0.9949501373,0.1005397293,3.682204989,1,4.008280999
0.0003361234633,0.06424301243,0.9979342275,0.06428816607,1.565564312,1,4.05683801
-0.01458400078,0.03596548568,0.9992466116,0.03881966085,1.956034985,1,3.882858155
0.08223937163,0.03260111704,0.9960792403,0.08858131246,0.3774141098,1,4.153714288
-0.05907729969,-0.03352517876,0.9976903002,0.06797925416,3.657756997,1,4.087735094
0.08258621421,0.01557864617,0.9964621533,0.08414195988,0.1864441262,1,3.987319812
0.06331700417,-0.03189797977,0.9974835717,0.07095751379,5.816516517,1,4.006306118
-0.01817977305,-0.02157487266,0.9996019311,0.02821684891,4.012185429,1,3.945414714
-0.03154883088,-0.02898411153,0.9990818748,0.04285477171,3.884647157,1,3.854320827
-0.07947606455,0.002352753105,0.9968339981,0.07959489849,3.111998005,1,4.026161857
-0.02901935434,-0.02509687367,0.999263741,0.03837575797,3.854634831,1,4.036599848
0.04611227293,-0.03679933549,0.9982582167,0.05903031726,5.609641992,1,3.972464164
0.03982825759,0.0631106011,0.9972114931,0.07469677167,1.007832066,1,3.98965074
-0.07228202906,-0.01084983899,0.9973252174,0.07315703464,3.290584545,1,3.988097061
-0.00368565138,-0.0140922327,0.9998939068,0.01456674488,4.456581045,1,3.897995552
0.02101770859,-0.07060983205,0.9972825615,0.07373832249,5.001697423,1,3.993228666
0.01201704786,0.05211828153,0.9985686132,0.05351127726,1.344184172,1,4.014007609
-0.007031073115,0.06308157664,0.9979836064,0.06351490497,1.681798178,1,3.958622822
-0.0009123435148,-0.05076231468,0.9987103459,0.05079234946,4.694418064,1,3.984802435
0.01409868361,0.0771148506,0.9969225281,0.07847358431,1.389966379,1,4.043881379
-0.07016998845,-0.03740670995,0.9968334418,0.07960189387,3.631358193,1,3.975297623
-0.05862539197,0.01555763484,0.9981588167,0.06069182055,2.882197814,1,4.098611145
0.05293468655,0.07139746506,0.9960423289,0.08899757743,0.9328164997,1,3.947461127
-0.0728035261,-0.001240012232,0.9973455314,0.07287858152,3.158623317,1,4.13650743
0.07750479236,0.004696237313,0.9969809188,0.07772517653,0.06051887108,1,4.057348791
-0.0472143803,-0.02544623493,0.9985606098,0.0536607054,3.635913348,1,3.947037744
0.06209057128,0.06108255702,0.9961996196,0.08720997585,0.7772146271,1,3.938959114
-0.06136629936,-0.03285245471,0.9975745052,0.06966313071,3.633118815,1,3.961621308
0.03550108784,0.05697040253,0.9977444793,0.06717691708,1.013528689,1,4.031225984
-0.00195787879,-0.05839714337,0.9982915107,0.05846325342,4.678874572,1,4.123647717
-0.07343468709,0.003804604506,0.9972927713,0.0735996071,3.08982957,1,3.863101299
0.04178519157,0.08363388715,0.9956200936,0.09362806684,1.107452488,1,4.046898363
-0.04691472052,-0.00932051177,0.9988554135,0.04784986776,3.337708308,1,4.033285511
0.07852848301,-0.006910897506,0.9968879159,0.07891387237,6.195406474,1,4.037685992
-0.04585977148,-0.03663706452,0.998275817,0.05873122964,3.815658419,1,3.812605614
0.01229718681,-0.01676657394,0.9997838072,0.02079425702,5.345203718,1,3.847854286
-0.003066488514,-0.08623516763,0.9962700901,0.08639711652,4.676844352,1,3.890670609
-0.0690178208,0.04765284827,0.9964766663,0.08396909711,2.537309848,1,4.036267792
0.06160599969,-0.02165536838,0.9978655951,0.06534775656,5.945162393,1,4.015660616
0.08883816099,-0.03706631927,0.9953561519,0.09641002829,5.887910704,1,4.029597194
0.02200604205,-0.031485621,0.9992619225,0.03842312581,5.322392131,1,3.95946836
-0.02424930887,0.04517797257,0.9986845958,0.05129703149,2.063410464,1,3.98203749
0.0632596519,0.05188514726,0.9966474542,0.08190751799,0.6869332648,1,3.954013774
0.003156301975,-0.06425907294,0.9979282586,0.06438100888,4.761467923,1,4.067766405
0.02322132527,0.06738962936,0.9974564692,0.07133876661,1.238955409,1,4.090434248
0.03221368853,-0.03395524054,0.9989040594,0.04682180746,5.471473433,1,3.87920374
0.05590500069,0.02444219024,0.9981368695,0.06105258947,0.4121664785,1,4.024712578
0.03481314551,-0.06301368334,0.9974052941,0.07205315821,5.217126273,1,3.959675218
0.0596022059,-0.02665144973,0.9978663624,0.06533600434,5.862699448,1,4.045671128
-0.06041710141,-0.0229880296,0.9979084749,0.06468778167,3.505166706,1,4.159374179
-0.06991971019,-0.02919940804,0.9971251821,0.07584453081,3.537190188,1,4.182051655
0.05083305374,0.03176523323,0.9982018687,0.05997783713,0.5585225627,1,4.067905284
0.0697632113,-0.039826014,0.9967682694,0.08041732082,5.764457241,1,4.127830989
0.06613354492,-0.01623547484,0.9976786876,0.06814999762,6.042450829,1,4.121813565
-0.009220650659,0.03122967316,0.999469703,0.03256820306,1.857892287,1,3.989637167
0.06117768145,-0.06589914968,0.9959490918,0.09004050401,5.460649788,1,4.347804747
0.01123223991,0.08177171816,0.9965877899,0.08263355781,1.434289649,1,3.84497094
-0.03202187976,0.02526872504,0.999167699,0.04080236431,2.473528483,1,3.845303393
-0.01991667319,0.03911134694,0.99903635,0.04390455069,2.041800682,1,4.073909105
-0.01881414153,-0.06782117513,0.9975200831,0.07044064919,4.441785384,1,4.175136151
0.01636585531,0.01358318626,0.9997738023,0.02126998803,0.6927506989,1,3.847343725
-0.02576556384,0.00276906932,0.9996641776,0.02591683618,3.034531867,1,4.035775715
-0.04802105385,0.02769949967,0.9984621756,0.05546564183,2.618391743,1,4.052625815
0.03054007871,0.03077244611,0.999059738,0.04336840683,0.78918803,1,4.054743111
0.01151498184,-0.05949865446,0.9981619685,0.06063983609,4.903559074,1,3.893066059
-0.03643584455,-0.06389187312,0.9972914608,0.07361742706,4.194114017,1,3.948793231
0.05196720351,-0.01322313564,0.9985612442,0.05364887553,6.034021355,1,3.755057066
-0.01148511391,-0.01587396263,0.9998080363,0.01959437841,4.086052207,1,4.115269476
0.02697162455,-0.04115375283,0.9987887164,0.04922455016,5.292541708,1,3.921909282
0.05383219129,-0.06378566745,0.9965106541,0.08356287464,5.413362744,1,4.116108552
-0.06584246808,-0.04000727892,0.9970276762,0.0771206517,3.687597135,1,3.889941942
-0.02444761162,-0.01206865493,0.9996282618,0.0272676072,3.600150378,1,4.028377636
0.01873626775,0.01088928882,0.9997651603,0.02167251426,0.5264720847,1,3.889485479
-0.05954358948,-0.06799733656,0.9959070856,0.09050645757,3.993176626,1,3.91397879
0.07794128598,0.03239783133,0.9964314008,0.08450708519,0.3939413367,1,4.084133619
0.003026574694,0.02538151397,0.9996732559,0.02556411074,1.452113456,1,3.934469909
0.0217022657,-0.06891995721,0.9973861094,0.07231915601,5.017450528,1,4.055366882
-0.05572390932,-0.008758645503,0.9984077985,0.05643800529,3.297496427,1,4.182848058
-0.05723743036,-0.009669356187,0.9983137684,0.05808107677,3.308946709,1,3.87878498
0.06813828245,0.02083242607,0.9974583623,0.07131220233,0.2967121808,1,4.099109729
0.0148129782,0.04956462274,0.9986610656,0.05175390508,1.280383971,1,3.905199511
0.009202708153,-0.008976667318,0.9999173614,0.01285610746,5.510220419,1,3.90412059
-0.06210522218,-0.04077328656,0.9972364216,0.07436198324,3.722537326,1,4.173911403
0.05342696524,0.04994506419,0.997321939,0.07320187458,0.7517276903,1,3.882506668
-0.01415195595,0.02473522532,0.9995938629,0.02850138882,2.090476883,1,3.930760787
0.01723382011,-0.08425372832,0.9962952899,0.08610458555,4.914152498,1,4.340630014
-0.02104138912,0.04879451275,0.9985871797,0.0531630153,1.977927342,1,4.055718159
0.0006108277166,-0.08408380952,0.9964584988,0.08418543259,4.719653363,1,3.975300077
-0.00576379279,-0.0235790655,0.9997053598,0.02427569546,4.472645022,1,4.064689137
0.003582167719,0.06699486503,0.9977468898,0.06714099759,1.517377907,1,3.870115199
0.0227835805,-0.06288745222,0.9977605308,0.06693736736,5.059971547,1,3.878318013
0.03635596506,-0.04314627571,0.9984070526,0.05645122648,5.412583621,1,3.962362192
-0.05056932927,0.007789829213,0.9986901729,0.05118814541,2.988751461,1,3.988915654
-0.03661620703,-0.02715649737,0.9989603486,0.0456033248,3.779729849,1,3.800226871
0.006978566071,-0.02083176039,0.9997586396,0.0219713518,5.035635605,1,3.976977773
0.004637274919,0.05887566788,0.9982545524,0.05909239525,1.492194739,1,4.145949994
0.01255062685,0.03479146661,0.9993157837,0.03699444031,1.224586992,1,3.914736479
-0.04426807274,-0.03662681314,0.9983480427,0.05748760495,3.832811142,1,3.969816408
0.02212139605,0.05246332112,0.9983778061,0.05696722996,1.171762747,1,3.975762378
-0.02642824691,-0.07078106537,0.9971417094,0.07562609753,4.355039182,1,3.919581246
-0.001488623139,0.07927387897,0.9968517624,0.07937116518,1.58957235,1,3.881566162
0.04325943665,0.04901219078,0.9978609253,0.06541922828,0.8476634335,1,4.061045294
0.01192241702,0.01710174698,0.9997826695,0.02084890297,0.9619882689,1,4.142728571
0.006928427206,-0.04348167078,0.9990302003,0.04404444225,4.870401947,1,4.006535788
-0.01387666001,0.04391263672,0.9989389965,0.04606932205,1.876872147,1,4.051512133
-0.05962077565,0.02463628187,0.997917039,0.06455516282,2.749745009,1,3.952611602
-0.03736809608,0.01910656698,0.9991188941,0.04198179007,2.66894046,1,4.187612881
-0.07030704516,0.03123514432,0.9970362507,0.07700927803,2.723515983,1,3.936529065
-0.05856789066,-0.05382395814,0.9968313718,0.07962792259,3.88480699,1,3.876521171
0.07649761029,-0.03967634322,0.9962800326,0.0862818176,5.804720425,1,4.009163868
-0.0551452007,0.01490107449,0.9983671493,0.05715409437,2.877680201,1,3.950074779
0.04531167665,0.03468483831,0.9983705795,0.05709401413,0.6533301344,1,3.888828509
0.03670510267,0.02348695384,0.9990500981,0.04359019068,0.5692298487,1,3.95410229
0.006547503753,0.07180091177,0.9973974931,0.07216143726,1.479858136,1,3.915217476
-0.07034115714,-0.0451449682,0.9965009049,0.08367959873,3.712181896,1,3.820312183
0.003207774915,-0.0578446986,0.9983204401,0.05796602993,4.76778719,1,4.042955167
-0.0504546591,0.004168180951,0.9987176546,0.05064818942,3.059167416,1,4.019435263
0.0248852488,-0.01627132843,0.9995578864,0.02973705372,5.704105289,1,3.86974659
0.01939952927,0.02802033308,0.9994190909,0.03408710547,0.9652314672,1,3.925479075
-0.04974250485,-0.02886954219,0.9983447464,0.05754494601,3.667460554,1,3.976171246
-0.02665551082,-0.06822627706,0.9973137214,0.07331414816,4.339931767,1,3.990260204
-0.03782910231,0.07297639243,0.9966159768,0.08229135495,2.049035264,1,3.878775701
0.03228351442,0.01958619825,0.9992868235,0.0377693349,0.5453266587,1,4.141102905
0.03869592465,-0.001498924856,0.999249908,0.03873463026,6.244468676,1,4.027384963
-0.02575008089,0.02217078422,0.9994225281,0.03398609992,2.430747875,1,4.04626397
-0.04077990216,-0.03613608079,0.9985144882,0.0545138457,3.86668877,1,3.8797003
-0.06548533121,0.01168786976,0.9977850796,0.06656934004,2.964971694,1,4.101219953
-0.002343310933,-0.01181660943,0.9999274357,0.01204700732,4.516622276,1,4.103043291
0.02852984656,0.002905945204,0.9995887171,0.02868139129,0.1015062541,1,3.879958723
0.05718981495,0.02449803475,0.9980627091,0.06225619179,0.4047161899,1,4.097989795
-0.02433185963,-0.003084286361,0.9996991786,0.02452902109,3.267679379,1,3.971111298
-0.03423055157,-0.06680050627,0.9971790018,0.07513089247,4.238847269,1,3.826181692
0.01089530599,0.06305687918,0.9979504608,0.06403498485,1.399700291,1,3.969062078
-0.08217039944,0.02139706165,0.9963885744,0.08501295691,2.886851217,1,3.921729757
-0.03673344234,-0.06166538663,0.9974206907,0.07183897041,4.175144766,1,4.134297782
-0.07119149925,0.01301766108,0.9973777173,0.07243520663,2.96073652,1,4.028411607
0.04141304056,0.004825141918,0.999130461,0.04170527679,0.1159896476,1,4.124171839
0.05366219105,-0.04015592647,0.9977514073,0.06707362931,5.640767007,1,3.965080094
-0.01561331993,0.02166367041,0.9996433912,0.0267069268,2.195289737,1,3.941595884
-0.007287335336,0.07420294724,0.9972165348,0.0746291819,1.668690573,1,3.867015982
-0.06141620025,-0.07725826677,0.9951176868,0.09885637279,4.040736955,1,4.182154618
-0.01487871718,-0.03694917438,0.9992063762,0.03984291081,4.329573845,1,4.048758345
-0.09727657453,0.01686035319,0.9951145645,0.09888800306,2.969973764,1,3.960734661
-0.004584414009,-0.07310970706,0.9973133679,0.07331897321,4.649765019,1,3.909273793
-0.03605664925,0.06874576919,0.9969824157,0.07770589596,2.053845503,1,4.027390321
-0.01029076989,-0.07700560987,0.9969775505,0.07776854519,4.579539465,1,4.075375419
-0.01391287794,0.008232285981,0.9998693221,0.01616667789,2.607296525,1,4.11415166
0.0272393087,-0.07580199058,0.9967507604,0.08063498937,5.057367421,1,4.029209926
0.01018112338,-0.07569538337,0.9970790107,0.07645145383,4.846087849,1,3.993272233
-0.02022092314,0.07192996905,0.99720469,0.07478787647,1.84484292,1,4.01644665
-0.04253597649,-0.03952690401,0.9983127338,0.05809889574,3.89033935,1,4.012344371
0.02112547301,0.009992466394,0.9997268952,0.02337165901,0.4418198028,1,3.911223973
0.03951217393,0.06298497452,0.9972320097,0.07442134428,1.010525426,1,3.969084691
0.01499905416,0.04049183677,0.9990672848,0.04319398669,1.216045556,1,4.078646354
-0.03685525199,0.0833594016,0.9958377883,0.09126995413,1.987081899,1,3.988801832
-0.02649500253,-0.04242543059,0.9987482654,0.05003990022,4.154143851,1,3.948999918
-0.01232667673,-0.06422677241,0.9978591959,0.06544567861,4.522770462,1,3.975878598
0.03418809658,0.03242508951,0.998889277,0.04713658282,0.7589380029,1,4.069032837
0.01536688323,0.01702612444,0.9997369504,0.02293735546,0.8365756394,1,4.073179479
0.07231976237,0.01856832023,0.9972086389,0.07473500793,0.2513243153,1,3.946718194
0.05353377124,-0.07313939656,0.9958839109,0.09076250209,5.344232224,1,3.930299447
0.08660890359,0.003203740688,0.9962372377,0.08677700569,0.036974035,1,4.084254005
0.02314311986,-0.02620930372,0.9993885473,0.03497184751,5.435738562,1,4.167139882
-0.01208302369,0.02560881566,0.9995990142,0.02832005108,2.011655569,1,4.034851201
0.02843428552,-0.05039929028,0.9983242975,0.05789940798,5.226053936,1,4.098156989
0.02541309649,-0.08473953708,0.9960790056,0.08858396533,5.003750882,1,3.986899708
-0.003328550393,0.06526680294,0.9978622977,0.06539823171,1.621751314,1,4.0343551
-0.005442426732,-0.04335918137,0.9990447244,0.04371333241,4.587522421,1,3.861002805
-0.06485266284,0.02630169736,0.9975481707,0.07004044376,2.756301701,1,4.029753991
0.0190928212,-0.05326522711,0.9983978564,0.05661398318,5.056570062,1,4.044234688
-0.01359467495,0.07210881538,0.9973041179,0.0734451398,1.757139109,1,4.006986987
0.03799000496,0.05701985295,0.9976499867,0.06857017339,0.983075828,1,4.068900582
-0.02252818389,0.04807698983,0.9985895473,0.05311844098,2.008998073,1,3.754355942
-0.04480950856,-0.03857620601,0.9982504617,0.05916162086,3.852376947,1,4.122305901
-0.04845267788,0.03610027564,0.9981728849,0.0604594374,2.50125901,1,3.948980267
0.0378121912,0.02885259744,0.9988682425,0.04758090105,0.6518010097,1,3.969765009
0.0273606503,-0.0545613279,0.99813549,0.06107519513,5.177208693,1,3.986833765
-0.01598964335,-0.02134293537,0.999644342,0.02667130004,4.069414588,1,3.979900648
-0.06887572072,0.04876111615,0.9964328822,0.08448953287,2.525545706,1,4.161219975
0.03288102799,-0.02063696872,0.9992461926,0.03883045392,5.722700283,1,3.965651508
-0.07204639536,-0.01203283439,0.997328696,0.07310942737,3.307080307,1,3.984897469
-0.02260271865,0.05996498738,0.9979445463,0.06412734644,1.931259671,1,3.853516524
-0.05789187139,0.05123520221,0.9970072644,0.07738513461,2.417118247,1,4.129048746
-0.08427546571,-0.02992664203,0.9959929929,0.08955094579,3.482808128,1,3.988442731
0.0290544446,-0.002705176742,0.99957417,0.02918425113,6.190345806,1,3.86461833
0.03793226792,0.03764001512,0.9985711654,0.05346353934,0.7815309871,1,4.016732007
0.0006410476516,-0.02661703347,0.9996454985,0.0266278985,4.736468439,1,4.015003539
-0.01787125457,0.003768015745,0.9998331962,0.01826517947,2.933793909,1,3.826425865
0.05037268168,0.01274933083,0.9986491113,0.05198447764,0.2478942704,1,4.042955107
-0.08206321308,0.008125312254,0.9965940038,0.08255823947,3.042901477,1,4.082207808
0.05945556379,0.022760831,0.9979714327,0.06370641268,0.365609637,1,4.253040985
0.02945736642,-0.07836004086,0.9964898231,0.08381207994,5.071968888,1,4.058837104
-0.06820562617,0.03986067088,0.9968746759,0.07908164626,2.61270848,1,4.098389562
-0.07685073095,0.01634175505,0.996908678,0.07865006122,2.932070629,1,3.990984247
0.01205178181,-0.03181055879,0.999421254,0.03402357578,5.074540379,1,4.011297183
0.08718300641,0.0209098391,0.995972842,0.08977598673,0.235392245,1,4.013109021
-0.03260346685,-0.08547969039,0.9958063248,0.09161451469,4.348003739,1,3.8717193
-0.02833691499,0.05751658342,0.9979423139,0.06416217206,2.028565835,1,3.957206434
0.02598625407,0.00852541711,0.999625946,0.02735241667,0.3170098067,1,4.025132333
-0.005427269718,-0.01241225141,0.9999082362,0.01354734177,4.300187529,1,3.919053409
0.02799796422,-0.05451087381,0.9981205732,0.06131909666,5.18687442,1,3.948667994
0.004924663613,-0.0275549753,0.9996081587,0.02799524424,4.889243164,1,4.061772579
0.05187334387,0.0321972304,0.9981345072,0.06109129326,0.5554934915,1,3.946840181
-0.03131723886,0.01405026448,0.9994107367,0.03433136139,2.719867663,1,4.069111317
0.02541433243,0.04873323323,0.9984884495,0.05498966268,1.090097815,1,4.018560192
-0.002234370062,0.04027602605,0.9991860934,0.04034890321,1.626215948,1,4.027453694
0.004074117769,-0.01150490138,0.9999255166,0.01220526888,5.052729614,1,3.989133152
0.01909282761,0.0775077946,0.9968089113,0.07990979025,1.329270708,1,4.164567043
-0.09899874454,-0.000393864956,0.9950874803,0.09916195963,3.145571117,1,3.976353786
0.04951609287,0.01209714806,0.9987000629,0.05099448749,0.2396137904,1,3.941958382
0.03513357906,0.06478496686,0.9972805722,0.07376532031,1.07387579,1,4.105350295
-0.03065927099,0.04694810961,0.9984267044,0.05610184119,2.149309806,1,3.980598089
-0.06641758271,-0.04406578232,0.9968183945,0.07979090266,3.727375869,1,4.048404163
0.0219358919,0.00729747535,0.999732746,0.02311994236,0.3211559882,1,4.131936164
0.007501940356,-0.05554465797,0.9984280204,0.05607836758,4.846638028,1,3.91941304
-0.04324941887,-0.01663558762,0.9989257955,0.04635508248,3.508790572,1,3.984376918
0.002073447589,-0.04525094657,0.9989734995,0.04531393146,4.75817804,1,4.073226765
0.05267730463,-0.0359057961,0.9979658688,0.06379374801,5.684903119,1,3.934727903
-0.09778622542,-0.003048042592,0.9952027751,0.09799046262,3.172753034,1,4.018340092
-0.05337321269,0.01261652117,0.9984949292,0.05487164168,2.909470458,1,3.943247475
-0.006626839467,-0.08515157383,0.9963459713,0.0855132296,4.634721488,1,3.934978239
0.0190063306,-0.05568669734,0.9982673746,0.05887488412,5.041299729,1,3.947200658
-0.01621442554,-0.05315741773,0.9984544964,0.0556039905,4.416327045,1,4.060889404
0.08248804048,0.02098260255,0.9963711425,0.08521800765,0.2490887193,1,4.082971626
0.09716840691,-0.03081512057,0.9947907966,0.1021149578,5.976086969,1,4.001294266
-0.01724802863,0.06232303331,0.9979069822,0.06471087044,1.840790695,1,4.071455149
-0.03772659955,-0.02214643818,0.9990426612,0.04376052002,3.672416708,1,4.015523887
0.02216220553,0.03061447011,0.9992855402,0.03780330369,0.9442011555,1,3.849404559
0.02699153643,0.08316153493,0.9961704754,0.08754394672,1.256955605,1,3.993963575
0.01502813254,0.06919880654,0.9974896894,0.07087117337,1.356943828,1,3.973507984
-0.0242142319,-0.01740159565,0.9995553289,0.02982294769,3.764727076,1,4.039815917
0.01438234416,0.0536963448,0.9984537299,0.05561778072,1.309093343,1,4.011571821
0.01967454301,-0.0170396089,0.9996612247,0.02603053865,5.569433196,1,4.194493096
0.03419890454,0.009129877259,0.9993733438,0.03540400188,0.2608799893,1,4.002033236
-0.06244490272,0.02002417426,0.9978475167,0.0656240192,2.831282537,1,4.041630756
-0.08298442224,0.00420148518,0.9965419877,0.08318662327,3.091006042,1,4.043420257
0.03123869487,0.05580729743,0.9979527491,0.06399921547,1.060490699,1,4.099833375
1.505517859e-05,0.06916443503,0.997605273,0.06921969959,1.570578655,1,3.944103595
0.03292497903,0.03028800609,0.99899879,0.04475214194,0.7437066515,1,3.905464254
-0.06394042627,-0.05095385422,0.996652059,0.08185121659,3.814437895,1,4.08619329
-0.004605869671,0.05597346992,0.9984216327,0.05619221812,1.65289801,1,3.862226458
-0.03523814968,-0.0801091774,0.9961630351,0.08762900352,4.297985526,1,4.014987586
-0.03812013508,0.02269413205,0.9990154311,0.04437860874,2.604612657,1,3.721756827
-0.03160941422,0.04084961998,0.9986651859,0.05167419442,2.22935592,1,4.089666574
0.05820467656,0.04007315492,0.9975000541,0.07072465257,0.602957159,1,3.906659293
-0.04667407724,0.0527989363,0.9975138109,0.07052971035,2.294699054,1,3.961938726
0.05069907533,-0.01611296147,0.9985839856,0.05322309162,5.975465033,1,3.981306714
-0.02947009145,0.05770526557,0.9978986001,0.06484036268,2.042967418,1,4.241546555
-0.01798447053,-0.0113835528,0.9997734611,0.02128602551,3.70589961,1,3.921953237
0.01480594151,0.05139637581,0.9985685738,0.05351201347,1.290316732,1,4.050332905
-0.04174463176,-0.02260954695,0.9988724614,0.04749211668,3.637975982,1,3.865483189
0.06934595905,0.04652693844,0.9965070908,0.08360555633,0.5909548419,1,4.05303439
0.05771449712,-0.01662947388,0.998194619,0.0600986603,6.002650547,1,4.079694918
0.0361976502,-0.04484490912,0.9983379509,0.05766298095,5.391489105,1,4.15193274
-0.05050050836,-0.03342705874,0.9981644806,0.06059836901,3.726298626,1,4.050614039
0.02500337593,0.02825204275,0.9992880732,0.03773622326,0.8463242856,1,4.15395271
-0.04551407389,0.05592406886,0.9973970962,0.0721669415,2.25392843,1,3.994896457
-0.02208417258,-0.03098473813,0.9992758555,0.03805869007,4.093161395,1,4.075759688
-0.027926681,0.0008517343871,0.9996096113,0.02794330282,3.111103157,1,3.978650282
0.006688998268,0.01945261238,0.9997884042,0.02057198396,1.239600822,1,4.069246251
0.0266614191,-0.01124520556,0.9995812694,0.02893993268,5.884046709,1,4.020416768
-0.0009256773673,-0.03024564835,0.9995420671,0.03026443019,4.681793223,1,3.98107075
0.02948524652,-0.05532776819,0.9980327942,0.06273517544,5.202024062,1,4.089530002
0.01158290228,-0.03719111653,0.9992410406,0.03896294187,5.014310338,1,4.131531234
-0.01903679651,0.06915687243,0.9974241462,0.07179081309,1.839413325,1,3.778270871
-0.01696486847,-0.01761322463,0.9997009391,0.02445713998,3.945739109,1,3.739531575
-0.03695205622,0.001286701441,0.9993162112,0.03698288132,3.106785882,1,3.928467349
0.0497292466,0.01131438526,0.9986986466,0.05102226479,0.2237114692,1,4.098302158
-0.0565119893,-0.06385484619,0.9963578442,0.08537410428,3.987919298,1,3.954872521
-0.08032197911,0.02962200705,0.996328719,0.08571498764,2.788276746,1,3.912971821
-0.0006233970068,0.005533268755,0.999984497,0.005568303818,1.682986668,1,3.900071656
0.03581194246,0.09677251114,0.9946620461,0.1033703021,1.216360843,1,4.052949917
0.05107592403,0.01145229077,0.9986291078,0.05236803416,0.2205727809,1,4.149718039
-0.003236125295,0.06617771887,0.9978026042,0.06630536924,1.619657931,1,3.882537978
0.03479144198,0.06717659817,0.9971343241,0.07572378316,1.092923475,1,4.071768578
0.02574506771,-0.02667932903,0.9993124661,0.03708403172,5.479967913,1,4.064139892
0.04729600078,0.06694353054,0.996635165,0.08205758658,0.9557173042,1,3.908491387
-0.04444121893,0.006312474468,0.9989920574,0.04490238259,3.000495526,1,4.03548091
-0.0019343354,-0.02402679181,0.9997094436,0.02410686508,4.632054806,1,3.774829756
-0.0478367196,0.03981596846,0.9980612892,0.06227901092,2.44744641,1,3.945314349
-0.04460073949,0.067703419,0.9967080922,0.08116299008,2.153309574,1,4.142885751
-0.02248410629,-0.01610490379,0.9996174754,0.02766040612,3.763161086,1,3.97279031
-0.05522456974,-0.004690744071,0.9984629406,0.05545184013,3.226328703,1,4.028207498
-0.01170825941,0.01027119727,0.9998787022,0.0155756364,2.421483622,1,3.854491353
-0.02043657434,0.02245392362,0.9995389776,0.03036635728,2.309194252,1,3.96276095
-0.003035473208,-0.01977284431,0.9997998902,0.02000582071,4.560060941,1,4.091934008
0.06583231585,0.02789879845,0.9974406064,0.07156096877,0.4008417315,1,4.201942326
-0.04939797023,0.03824916229,0.998046513,0.06251597149,2.482716089,1,3.888248641
-0.0003440164266,-0.06407153757,0.9979452489,0.06411638154,4.707019777,1,3.77322091
-0.08345978563,-0.007738692131,0.9964810971,0.08391625164,3.234051885,1,4.117895468
-0.007284470063,-0.01000141045,0.9999234512,0.01237333941,4.0828922,1,3.888443639
0.05992123242,-0.01018809634,0.9981511151,0.06081866324,6.114771034,1,3.75741167
0.09314591905,0.01208151865,0.9955791654,0.09406482547,0.1289851831,1,3.881210336
-0.04902411707,-0.03410411893,0.9982151797,0.05975535903,3.749399946,1,3.868609737
0.04594406739,0.05388214286,0.9974897781,0.07086992079,0.8647501406,1,3.92862965
-0.03857739372,-0.08767378208,0.9954019754,0.09593281572,4.297873223,1,3.98763609
-0.03794904877,-0.04989080076,0.9980334552,0.06272463135,4.062111579,1,4.034758641
-0.01749609825,-0.04671504324,0.9987550207,0.04990466433,4.35403206,1,4.066902472
0.0426046256,-0.01808494393,0.9989283161,0.04630065626,5.881752553,1,4.077876132
-0.09039809745,-0.01104959459,0.9958444108,0.0911972652,3.263221903,1,3.995867547
-0.06353472008,-0.006619281772,0.9979576767,0.06392212255,3.245401838,1,3.95396932
-0.05248914124,0.0745363998,0.9958359379,0.09129025407,2.184340982,1,4.245485353
-0.04209417064,-0.01208100357,0.9990406049,0.04380750141,3.421080074,1,3.932009997
-0.04038080573,-0.06266609258,0.997217304,0.07461886542,4.139974375,1,3.908405623
-0.01053551813,-0.08355730113,0.9964472792,0.08431875714,4.586963514,1,3.97587468
0.002557782326,0.07486076819,0.9971907155,0.07497467312,1.53664242,1,4.053573355
-0.009514941335,-0.07375627232,0.9972309051,0.07443619787,4.584092385,1,3.923842301
0.004540069782,0.04801283726,0.9988364006,0.04824572728,1.476517161,1,3.935611826
-0.03646721216,-0.00556841869,0.9993193359,0.03689827389,3.293118797,1,4.026304723
0.03946804698,0.04671497933,0.9981282402,0.06119385526,0.8692885112,1,3.881800209
0.0418621861,0.04350752967,0.998175662,0.06041345806,0.8046689304,1,4.006311804
0.005906843594,-0.03319552345,0.9994314216,0.03372335447,4.888486793,1,4.043406129
-0.03889958797,-0.009669116121,0.9991963422,0.04009402638,3.385221243,1,4.00890342
0.04275606106,-0.04215107446,0.9981959758,0.06007606591,5.504912297,1,3.876883695
-0.005545328898,0.04583479409,0.9989336419,0.04618544456,1.691196293,1,3.836508813
0.007084443098,-0.06498030297,0.9978613986,0.06541198768,4.820984538,1,3.972398615
-0.04771545358,0.0269072907,0.9984984893,0.05480668891,2.628131639,1,4.084237129
0.04094003635,-0.06607884254,0.9969741722,0.07781201697,5.267069319,1,4.045946204
0.02699473678,-0.0517879877,0.9982931877,0.05843454632,5.192895479,1,3.882567515
0.03529351812,0.04566942924,0.9983329459,0.05774976214,0.9128596748,1,4.112279291
-0.02064981347,0.08096289296,0.9965031837,0.08365232973,1.820524894,1,3.893188876
-0.06493085565,0.003376062114,0.9978840545,0.06506446256,3.089644706,1,3.879178536
-0.0007684834763,-0.07007442697,0.9975414699,0.07013612738,4.701422745,1,3.962657239
-0.01918135566,-0.02591920749,0.9994799999,0.0322504305,4.075290179,1,4.117795499
-0.0321607034,0.05996832545,0.9976820581,0.06810048322,2.063056487,1,4.160124934
-0.04731511716,-0.02044679842,0.9986707206,0.05156692801,3.549496146,1,3.840852091
0.06676512731,0.0430223094,0.9968407589,0.07950982251,0.57241636,1,4.08057535
0.0528461663,-0.03890114487,0.9978446691,0.06566742869,5.648626434,1,4.086841736
0.04705349598,-0.04488761739,0.9978832949,0.06507614342,5.521340024,1,4.102094726
0.02934493089,-0.05986588503,0.9977750001,0.06672069373,5.16814804,1,3.927644048
0.07732550651,0.04177756888,0.9961302128,0.08800324642,0.4953514672,1,4.050992791
0.005062382077,0.07920072791,0.9968458341,0.07944589871,1.506964783,1,4.060127112
0.05570820889,-0.05262940096,0.9970590462,0.07671240399,5.526198141,1,4.091481172
-0.03174411355,0.01316294442,0.9994093496,0.0343717475,2.748514447,1,4.204276324
-0.05468015573,-0.009970395596,0.9984541411,0.05561038381,3.32195151,1,3.993690946
0.06469134586,-0.01796646169,0.9977435723,0.06719042802,6.012286627,1,4.023695933
0.04890087516,0.01941673675,0.9986148881,0.05263899259,0.3779720704,1,3.844137495
0.007297319894,0.006565549346,0.9999518202,0.009816333884,0.7326607394,1,3.74344418
-0.02079203424,0.06321493859,0.9977833246,0.06659571796,1.888560738,1,3.925759195
0.0297315199,0.05806160615,0.9978701752,0.06527757999,1.097540593,1,3.991977209
-0.02382011258,0.02836615407,0.9993137463,0.03704948602,2.269302005,1,4.036692708
0.02880592491,0.006165119739,0.9995660108,0.02946253804,0.2108417831,1,3.987298796
0.02120623348,0.08157407062,0.9964416524,0.08438554257,1.316463002,1,3.842037128
0.03881439459,0.05072064221,0.9979583454,0.06391165258,0.9176011838,1,3.858795702
0.02138212127,0.05679425427,0.9981569103,0.06072324341,1.210725355,1,3.986648797
0.05073996357,-0.0295372364,0.9982750161,0.05874487314,5.756009427,1,4.003144812
-0.07700731086,-0.01748051025,0.9968772772,0.07904871117,3.364808064,1,4.051076931
0.02221175233,-0.07968901781,0.9965722746,0.08282131863,4.984220002,1,4.023865338
0.01506569828,-0.06757528487,0.9976004238,0.06928977491,4.931748367,1,4.005229382
0.02932765344,-0.02248646042,0.9993168906,0.0369645015,5.629061221,1,4.017660677
-0.007827027163,-0.07172161123,0.9973939784,0.07221016949,4.603688476,1,4.017467306
-0.02847532679,0.03520691127,0.9989742885,0.04529650883,2.250879741,1,4.035941666
-0.02020738303,0.08207863718,0.9964209748,0.08463051647,1.812190998,1,4.009943143
0.02427979432,0.04392464913,0.9987397643,0.05020957063,1.065836492,1,3.932513314
0.01123849937,0.01775940832,0.9997791254,0.0210182183,1.006593772,1,4.18845906
-0.02587921113,0.06979211977,0.9972258152,0.07450461005,1.925883423,1,4.146709548
0.05426193869,0.006333346141,0.9985066503,0.05465750651,0.1161922921,1,3.940190398
-0.03472241457,-0.0273578354,0.9990224736,0.04421958154,3.808912675,1,4.108377332
-0.06822387324,-0.03084450606,0.9971931205,0.0749425591,3.566197568,1,3.890563301
-0.05439912429,-0.009800685217,0.9984711723,0.05530311828,3.319843041,1,3.897798276
0.03831192983,0.009351042134,0.9992220744,0.03944683624,0.2393958908,1,3.987569932
0.07532395693,0.05039642752,0.9958847833,0.09075287658,0.5896593559,1,4.018283384
-0.02375589006,0.04078942457,0.998885319,0.04722050696,2.098176484,1,3.979022438
-0.0534816453,0.01701847977,0.9984238003,0.0561536101,2.833512831,1,4.061674094
-0.043578722,0.06811347364,0.9967253632,0.08094968245,2.13996472,1,4.119062142
0.08366529646,0.02120213521,0.9962683311,0.08641749898,0.2481912461,1,3.98266806
-0.06803740091,0.05534449358,0.9961465249,0.08781745277,2.458708819,1,3.947123604
-0.04603253553,-0.05389458591,0.9974850271,0.07093698319,4.005506917,1,3.992703109
-0.04039587923,-0.01247802224,0.9991058362,0.04229177461,3.441188468,1,3.874343048
-0.01114170422,0.01082699707,0.999879312,0.01553643651,2.370518761,1,3.870903837
-0.05926735094,-0.00304090356,0.9982375138,0.05938020107,3.192855943,1,3.910007056
-0.03948283192,-0.03606029701,0.9985693571,0.05349736706,3.88171607,1,3.960541277
0.01344851983,-0.09651277189,0.9952408865,0.09760013474,4.850841923,1,4.005656571
0.07640009177,-0.04423106627,0.9960956976,0.08839508647,5.758395082,1,4.138605925
0.01756325167,-0.0385006167,0.9991042161,0.04233007518,5.140371164,1,3.820093211
-0.009993363166,-0.03139525572,0.9994570879,0.03295333682,4.404221561,1,4.103027232
-0.05077544409,-0.0567727708,0.9970951343,0.07624005772,3.982697198,1,4.12511306
-0.05090074155,-0.007884648473,0.9986725924,0.05153059991,3.29527367,1,4.049490225
-0.02198626439,0.008131641375,0.9997252025,0.0234439779,2.787343819,1,4.234592467
0.04798815096,-0.05085013521,0.9975527059,0.06997560898,5.468839002,1,4.110875149
0.02811957325,-0.0005131794516,0.9996044349,0.02812796451,6.264937431,1,4.068684699
-0.05319649118,-0.06446353329,0.9965011722,0.08367640052,4.022459022,1,3.906124794
-0.03476032509,-0.0366086065,0.998724952,0.0505038426,3.952882593,1,3.98987603
0.02333779196,-0.04318141023,0.9987946302,0.04910421673,5.207877731,1,4.253278989
-0.05534060687,0.01615196081,0.9983368827,0.05768151317,2.857616193,1,3.98774969
0.006793912547,0.01344823027,0.9998864875,0.01506749233,1.103005278,1,4.036881118
-0.06485536289,-0.04320335912,0.996959002,0.07800692957,3.729237043,1,4.027631619
-0.08266478029,-0.01338196009,0.99648756,0.08383910936,3.302082636,1,3.95628604
-0.05786255803,-0.04374813244,0.9973655425,0.07260323797,3.788967127,1,4.029234261
0.04180002463,0.008219316704,0.9990921883,0.04261335615,0.1941571819,1,3.978261543
0.008639089015,-0.04850070809,0.9987857866,0.04928405884,4.888663179,1,3.937748297
0.05605549883,-0.02859318422,0.9980181416,0.06296845911,5.811500657,1,3.852866691
0.03444960571,0.07643910272,0.9964789452,0.08394192087,1.14737672,1,4.037132751
0.03883791096,0.008228959419,0.9992116397,0.03971055057,0.2087916828,1,3.980665719
-0.09020633499,0.01502393974,0.9958097702,0.09157684689,2.976556687,1,3.908804878
0.002649041015,-0.09797410799,0.9951854384,0.0981675092,4.739420569,1,4.167404818
-0.03898721013,-0.07070450528,0.9967351054,0.08082911253,4.208463459,1,3.886269737
-0.06494281226,-0.01025122488,0.997836331,0.06579437155,3.298150911,1,4.075016344
-0.02036108466,-0.008288707161,0.9997583326,0.02198532026,3.528192461,1,4.083784429
0.07899918581,-0.003319168548,0.9968691548,0.07915150383,6.241194779,1,4.115616065
-0.01582575127,0.09496219752,0.9953550757,0.09642120813,1.735931873,1,3.933173106
-0.08388561424,0.01101474094,0.9964145117,0.08470694106,3.011032907,1,3.919907305
0.0719830464,-0.0274440111,0.9970282179,0.07711361986,5.918940718,1,4.059523881
-0.01343304713,-0.01690807295,0.999766808,0.02159634672,4.041025819,1,3.988291674
-0.04870141472,0.04644244895,0.9977330661,0.06734672882,2.379932663,1,4.10019322
0.008310563764,-0.09184709669,0.9957384422,0.09235353825,4.802625853,1,3.986753403
-0.05670385099,0.05064930591,0.9971054714,0.07610421883,2.412533196,1,3.979810582
-0.0564967628,-0.02244570406,0.9981504426,0.06082972588,3.519762251,1,3.979722149
-0.04256652533,0.03310774861,0.9985449253,0.05395234342,2.480542881,1,4.189582318
-0.008560199296,0.06615741611,0.9977724787,0.06675850136,1.699472778,1,4.041152468
-0.03435738325,0.04454379241,0.9984164566,0.05628430561,2.227801297,1,3.980733729
0.03958259794,0.058041227,0.9975291644,0.07031150312,0.9722711868,1,4.016814305
0.07576757498,-0.008746513389,0.9970871442,0.07634488906,6.168255289,1,3.870619811
-0.04139760595,-0.02778974433,0.9987562107,0.04988080314,3.732788291,1,3.947121808
-0.003579638582,0.005578913034,0.9999780307,0.006628629312,2.141270175,1,4.052708949
0.07135876263,0.03248225571,0.996921677,0.07848443986,0.4271668877,1,3.79456667
0.05338203117,0.03514609986,0.9979554651,0.06395673416,0.5822494445,1,3.967056913
-0.000543985506,-0.05107590811,0.9986946258,0.05110104215,4.701738853,1,3.909157555
0.0566717885,-0.0126075853,0.998313256,0.05808990204,6.064283408,1,3.908769278
-0.02663244625,0.08499053333,0.9960257637,0.0891837594,1.874462484,1,3.988710966
-0.0552259244,0.02231982734,0.9982243849,0.05960102064,2.757509615,1,3.997538064
-0.003598540654,-0.0835908259,0.996493665,0.08376617467,4.669366076,1,3.776232707
0.05292831101,-0.03297988419,0.9980535663,0.06240297265,5.72595,1,4.043443896
-0.01536078548,-0.02171747842,0.9996461361,0.02660393886,4.096780072,1,4.116624672
0.01713786177,0.04130512837,0.9989995896,0.04473426486,1.177503958,1,3.908666922
0.02395580644,0.08241273628,0.9963103233,0.08592959824,1.287910962,1,4.112208122
0.01065526285,-0.05451846586,0.998455909,0.05557856627,4.905399177,1,3.829637257
0.05048706254,0.04865155316,0.9975390132,0.07017117435,0.766885703,1,4.042785436
0.06315659762,0.01520279021,0.997887829,0.06500638312,0.2362216754,1,4.149955901
-0.06644759609,-0.02856046363,0.9973810791,0.07238874017,3.547538255,1,4.178412261
0.04905724001,0.04099813102,0.9979541775,0.06397687727,0.6961453214,1,4.177896503
-0.01433673995,0.06033853797,0.9980750066,0.06205822033,1.804075544,1,4.124378869
-0.08260562992,-0.03292424433,0.9960383045,0.08904284475,3.520866901,1,4.036281829
0.03498988533,-0.02922064028,0.9989603907,0.04560240173,5.587395429,1,4.025561135
-0.007155532766,0.0229038253,0.9997120651,0.02399786255,1.873605115,1,3.980770967
-0.05677583078,0.008414363914,0.998351493,0.05742752226,2.994460358,1,3.980971096
-0.03119711983,-0.03217969189,0.9989950987,0.04483457797,3.942493227,1,4.181615332
0.01633505489,-0.0219302171,0.9996260459,0.02734876416,5.35259569,1,4.006423987
0.03375405608,0.01905319654,0.9992485374,0.03877000859,0.5138856989,1,4.05568136
0.05049998658,0.03309636589,0.9981755266,0.0604157007,0.5801436338,1,3.859998667
0.03525254258,0.01294125457,0.9992946423,0.037561699,0.3518278736,1,4.010335702
0.0690002909,0.0106363497,0.997559937,0.06987211114,0.1529454966,1,4.072783744
-0.07768755143,0.009564208423,0.9969318784,0.07835421788,3.019097821,1,3.92072677
-0.06950213383,0.01621845364,0.9974499562,0.07143008203,2.912343131,1,4.065354092
-0.01081003683,0.09041187878,0.9958457889,0.09118213126,1.689795757,1,3.891613328
0.02848897621,-0.06070385275,0.9977491771,0.06710689575,5.15118525,1,3.937907505
-0.05609477906,0.05537831667,0.9968884681,0.07890686736,2.362621624,1,4.221385833
0.02586705049,-0.0009047433799,0.9996649825,0.0258857589,6.248222886,1,4.034451326
0.01683279026,-0.009628197163,0.9998119598,0.01939309554,5.763615641,1,3.961413602
-0.03229617402,0.02750766684,0.9990997375,0.04243577838,2.436094257,1,4.046498317
0.061266609,0.02013535078,0.9979183184,0.06453532673,0.3175308237,1,4.075301677
0.04364691083,0.06537871061,0.9969054977,0.07869052795,0.9821469629,1,3.996972928
-0.01030433861,-0.0575138244,0.9982915309,0.05846290839,4.535107073,1,4.142892569
-0.05973084439,-0.01199644525,0.9981424305,0.06096137952,3.339797424,1,4.035317655
0.002117581539,-0.01748171833,0.9998449407,0.01761041412,4.8329329,1,4.070567742
0.03922041813,-0.05074438912,0.9979412637,0.06417854933,5.370386711,1,3.926959953
-0.01996823667,-0.07238746907,0.9971766763,0.07516186776,4.443230735,1,4.058184242
0.02033577743,-0.02019455986,0.9995892336,0.02866337506,5.501271373,1,4.148019448
0.01747026011,-0.06226661097,0.9979066385,0.06471618445,4.985927909,1,4.043560896
0.008120694367,-0.0229058719,0.9997046441,0.02430516324,5.053088896,1,3.884883701
-0.007488012424,-0.004796919426,0.9999604588,0.008892853913,3.711340724,1,4.173326312
0.06310363028,0.02329062287,0.9977351746,0.06731538863,0.3535751313,1,4.014947744
0.04483972278,-0.06490752739,0.9968833493,0.07897177909,5.316930442,1,3.887664107
0.01338735071,-0.04891640385,0.9987131542,0.05073700698,4.979525859,1,3.962251781
0.0858902605,0.04808455406,0.995143577,0.09859370084,0.5103643003,1,3.782629129
0.05345320425,-0.05274867166,0.9971761793,0.07516848649,5.504420946,1,4.122375231
0.02079409538,0.07464656334,0.9969932277,0.0775664907,1.299116613,1,4.026683431
0.03717150799,0.03994416982,0.9985102615,0.05459136468,0.8213372625,1,3.893164001
-0.02979708566,0.03021725887,0.9990991197,0.04245033836,2.349193391,1,3.952455923
-0.08204040114,0.0188118097,0.9964514481,0.08426924236,2.916189826,1,3.958635359
-0.03360670982,-0.07073051961,0.9969291763,0.07838873135,4.268828606,1,3.976436629
0.06249367655,0.03409554438,0.9974627984,0.07124991507,0.4994464174,1,3.943611304
0.06434656332,-0.01499868238,0.9978148923,0.06611964816,6.054182063,1,4.084973002
-0.06069321256,0.006233021706,0.9981370063,0.06105034681,3.039254246,1,4.014810863
0.03406386602,0.009775613398,0.9993718479,0.03544623686,0.2794685102,1,4.203143981
-0.04384460333,0.01994956007,0.9988391591,0.04818849513,2.714583495,1,3.883127393
0.03352713147,0.06031221618,0.9976163431,0.06905945939,1.063440094,1,4.035636499
0.0445481897,-0.02589744069,0.9986715082,0.05155164435,5.756602824,1,3.896578816
-0.02827338927,-0.02941662193,0.9991672922,0.04081233606,3.946805045,1,3.979745139
0.01376209976,-0.01903696575,0.9997240612,0.02349261543,5.338328878,1,3.899480664
-0.03097354027,-0.06584783661,0.9973488368,0.07283317236,4.272716459,1,4.028818259
-0.05323518215,0.01437529111,0.9984785258,0.05516992331,2.877849446,1,3.828275537
0.03905433781,-0.001554732479,0.9992358788,0.03909523043,6.243396847,1,3.876299013
-0.05140431918,0.07430943808,0.9959094855,0.09047990083,2.175970858,1,4.121829014
-0.02010157457,-0.02469033593,0.9994930285,0.03184381719,4.029080866,1,4.114346933
-0.08172834942,0.02742346772,0.9962772859,0.08631368609,2.817853706,1,4.018033651
0.04197513891,0.009922347875,0.9990693843,0.04314533663,0.2321253046,1,4.030988678
0.07059108411,0.008496995429,0.9974691473,0.07116067605,0.1197929125,1,4.120207888
0.02573003429,0.0736627014,0.9969512384,0.07810649158,1.234749454,1,4.103925647
0.01303626378,-0.02202931165,0.9996723289,0.02560034973,5.246734294,1,4.14785998
0.07051376817,0.03322493523,0.9969573272,0.0780284188,0.4403299418,1,3.91694168
0.05107089792,0.03590465511,0.9980494072,0.06246962955,0.6127603199,1,4.072905117
-0.04836161875,-0.003194931942,0.9988247826,0.04848603322,3.207560175,1,4.037022148
0.009619409142,0.007512678253,0.9999255105,0.0122057677,0.6630425441,1,4.084959786
-0.03722693435,-0.04772633969,0.9981664951,0.06056509729,4.049957614,1,4.035438318
0.01934212172,-0.04968335533,0.9985777118,0.0533408936,5.083644167,1,4.026310299
0.01542064173,0.01985036518,0.9996840335,0.02513894002,0.9103350911,1,3.965719869
0.01468031594,0.07136344072,0.9973423423,0.07292236655,1.367914543,1,3.892048583
-0.0220842362,-0.01170118888,0.9996876356,0.0249952277,3.628829041,1,3.916460058
0.04527893255,-0.0143757961,0.99887094,0.04752415256,5.975757102,1,3.943134296
-0.00217272047,-0.0006309917636,0.9999974406,0.002262492781,3.424233326,1,4.061818693
-0.03349027449,-0.0172413767,0.9992903164,0.03767671857,3.617023809,1,3.934239004
-0.00464154752,-0.003542707297,0.9999829525,0.005839103173,3.793526254,1,4.169525804
-0.005215757888,-0.03018911512,0.9995305964,0.03064115856,4.541308365,1,4.135288972
0.01779283648,0.01160949716,0.9997742918,0.02124696169,0.5781177278,1,3.889831509
0.02765949111,0.009440028347,0.999572828,0.02923020512,0.3288982864,1,4.11612758
-0.0625561622,-0.03941675149,0.9972627769,0.0740063876,3.703852282,1,4.04512014
0.04778501104,-0.01501801233,0.9987447382,0.05011036879,5.978676976,1,3.714006671
0.03164454524,0.02428920306,0.9992040119,0.03990222387,0.6546474181,1,4.141627505
0.03614966843,0.07939648566,0.9961874319,0.08734979276,1.14353899,1,4.046298278
0.03826017651,0.01770235353,0.9991109976,0.0421695181,0.4333513476,1,4.036162164
0.02000104641,0.01561179957,0.9996780631,0.02537534902,0.6627676229,1,4.238642768
0.0124652157,-0.007285832216,0.9998957621,0.01443881716,5.754245998,1,4.124215084
-0.00499081331,-0.05226814789,0.9986206149,0.05253003591,4.617192799,1,3.987633283
-0.08278415309,-0.008434659713,0.9965318061,0.08330906928,3.243129639,1,4.011004483
-0.004962795216,0.01144383121,0.9999222017,0.01247391996,1.979983808,1,4.145808296
0.02167142562,0.0354589211,0.999136134,0.04156898905,1.022204114,1,3.94104735
-0.02718589164,-0.04321143012,0.9986959996,0.0510741404,4.15082057,1,3.919950464
0.0189386682,0.08311542693,0.9963599513,0.08534938925,1.346761517,1,4.105264793
-0.07760004903,-0.00769222399,0.9969548947,0.07805961815,3.240396415,1,3.865819397
-0.05928273381,-0.01791973547,0.9980803778,0.06197155269,3.435136023,1,3.923282468
0.08589683754,0.03438770569,0.9957104092,0.09265701347,0.3807970957,1,4.281310078
0.02612127244,-0.02786809179,0.999270258,0.03820551635,5.465443548,1,4.049042762
-0.02334915012,0.08048814166,0.9964820501,0.08390488025,1.85314072,1,4.043542542
-0.0597939429,-0.0355110459,0.9975788941,0.06960004973,3.677507656,1,3.976514949
0.07719156081,-0.043755776,0.9960556686,0.08884736418,5.76750009,1,3.944791634
-0.002238171164,0.06495499895,0.9978856842,0.06503939254,1.605239958,1,3.931394096
-0.01420813067,-0.07241755264,0.9972731958,0.07386534139,4.518652491,1,3.986476501
0.005421515505,-0.01851449478,0.999813893,0.0192931472,4.997250703,1,4.086610182
0.04754725829,0.0009389171216,0.9988685482,0.0475744719,0.01974446355,1,3.997080804
0.04116579718,-0.03413617065,0.9985690257,0.05350356545,5.590869868,1,3.848587679
-0.04966955515,-0.01681212879,0.9986241974,0.05246176123,3.467967632,1,3.86097837
0.0171101868,0.01641958517,0.9997187798,0.02371638079,0.7648044058,1,4.272596437
0.03287327054,-0.03397350326,0.9988819496,0.04729183523,5.481329605,1,3.903530337
0.0559346071,0.04713336182,0.9973212952,0.07321067584,0.7002121849,1,4.344720097
-0.04620832642,0.02718325813,0.9985618965,0.05363671075,2.609838205,1,3.872593889
-0.07097075265,-0.0003075018931,0.9974783495,0.07103113409,3.145925424,1,3.890952175
0.04102562036,-0.03255059968,0.9986277369,0.05239421823,5.612468681,1,4.061398812
0.007849560556,-0.04447794377,0.9989795278,0.04518065584,4.887072336,1,4.045870006
-0.05318721746,0.04491853681,0.9975737792,0.06967356062,2.440279103,1,3.876309901
0.07991701767,-0.05166128524,0.9954618937,0.09530522355,5.709319193,1,4.033077476
-0.02623830399,-0.006459675187,0.9996348453,0.02702505852,3.382984644,1,3.96791273
0.05814531992,-0.02938419047,0.997875589,0.06519453372,5.815260657,1,3.970893668
0.01280310318,0.04410337734,0.9989449297,0.04594030561,1.288264443,1,3.953513835
-0.003816641945,0.05261774737,0.9986074333,0.05278048872,1.643204775,1,4.057094094
0.08271754602,0.004187018401,0.996564236,0.08291843251,0.05057509665,1,4.022190823
0.02869008062,-0.01033854524,0.9995348887,0.03050073263,5.937317613,1,4.07388133
-0.01213157577,0.03824341114,0.999194809,0.0401322578,1.877975491,1,3.880958189
0.0861830338,-0.002981576392,0.9962748591,0.08634183196,6.248603237,1,3.902244849
0.008607452409,0.09003357084,0.9959015352,0.09056784636,1.475483306,1,3.947731864
0.01896743022,-0.09162979757,0.9956124832,0.09370943283,4.91650681,1,3.971788421
-0.0955134389,0.02551671522,0.9951010402,0.09902489574,2.88053614,1,4.190702709
-0.06447440646,0.04202708159,0.9970339891,0.07703866967,2.563924103,1,4.011094586
-0.03970983118,-0.07809306988,0.9961549085,0.08772181192,4.241969552,1,3.923007523
-0.0444058097,0.04164863492,0.9981450372,0.06091857797,2.388223421,1,3.985733768
-0.06195931809,-0.02274447485,0.9978194886,0.06605004666,3.493408125,1,3.950358155
-0.01476902138,0.079197448,0.9967495374,0.08065017149,1.755162169,1,3.887588612
-0.01423255092,0.05975099116,0.9981118442,0.06146137453,1.804636506,1,4.139293685
0.03379397676,0.04434946258,0.9984443361,0.05578651108,0.9196638253,1,4.20413705
0.06964329861,0.02682685206,0.9972111767,0.07470101077,0.3676861812,1,3.810812298
0.07871673616,-0.003782128351,0.996889849,0.07888934725,6.235174907,1,4.122593684
0.02696448863,-0.09307718683,0.9952937022,0.09705662241,4.994369927,1,4.145144577
-0.01372068731,-0.04654522677,0.9988219484,0.04854447392,4.425726343,1,4.092871605
0.02183706507,0.02507068453,0.9994471489,0.03325363401,0.8542249957,1,4.028587406
-0.01584276721,-0.03716705876,0.9991834749,0.04041376658,4.309453026,1,3.890866957
0.01458071272,-0.05755319111,0.9982359606,0.05940636828,4.960511752,1,4.18612235
-0.01350006646,-0.05904648795,0.9981639447,0.06060721808,4.487617837,1,4.007351846
0.007455206209,0.0810677687,0.9966807095,0.08150004128,1.479091624,1,4.007134226
-0.01443511604,0.0196153435,0.9997033889,0.0243567564,2.205218305,1,3.9972632
0.08228282017,0.01862838609,0.9964349054,0.08446555409,0.2226414448,1,3.960693467
0.04876757704,0.05923020575,0.9970524089,0.07679896167,0.8819749599,1,3.992156428
-0.04860982791,0.04701397987,0.9977107649,0.06767730937,2.372881756,1,4.04681097
-0.01443239489,-0.04546590155,0.9988616309,0.04771970455,4.405015977,1,4.013297667
0.01799064133,0.0724817857,0.9972074647,0.07475073272,1.327503893,1,4.141589277
0.0344859603,-0.04512766828,0.9983858032,0.05682659985,5.364907873,1,3.996092395
-0.05224539853,0.01801346344,0.998471799,0.055291778,2.80957067,1,3.944895369
0.05922647309,0.0398751339,0.9974478425,0.07145969195,0.592557041,1,4.057061013
-0.02002385631,0.05556151076,0.9982544584,0.05909398723,1.916697811,1,4.005748471
0.018397017,-0.06942253036,0.9974176969,0.07188066876,4.971435336,1,3.984005906
-0.03959966331,-0.06489045761,0.997106361,0.0760925172,4.164463848,1,3.856169763
0.03493031853,-0.06484305963,0.9972839367,0.07371965353,5.206507571,1,3.990537381
-0.03524282784,0.05468174242,0.9978816814,0.06510095041,2.143301141,1,3.84367081
-0.03113699426,-0.03610478904,0.9988628193,0.0476947856,4.00073642,1,3.921211003
-0.003685912363,0.04670293469,0.9989020222,0.04686531323,1.649555573,1,3.967395985
-0.007081203759,-0.08539851221,0.9963217104,0.0857968153,4.629658721,1,3.997209764
-0.06904876028,0.0385350095,0.9968687585,0.0791565151,2.632564097,1,4.038422347
0.02975247944,0.006070089711,0.9995388657,0.03037004375,0.2012575797,1,3.939135715
-0.04741214781,-0.03292905487,0.9983324925,0.05775761654,3.748636553,1,3.973656973
0.06721104001,-0.0261537838,0.9973959373,0.07218301325,5.912085221,1,4.110061557
0.01404736226,-0.04773885811,0.998761069,0.04978326756,4.998566151,1,4.119235834
0.08210908692,0.03017092753,0.9961665589,0.08758873062,0.3521345129,1,3.967251041
0.02264648124,-0.0611897685,0.9978692044,0.06529246099,5.066858981,1,3.79470041
0.005091555502,0.03108305071,0.9995038369,0.03150251143,1.408433373,1,4.156067112
0.02045962929,0.06069607109,0.997946587,0.06409549324,1.245674647,1,3.954766103
0.05090772382,-0.03516158222,0.9980841982,0.06190983414,5.67873335,1,4.012475021
0.03560745038,-0.02764964477,0.9989832865,0.04509735854,5.622930734,1,3.646134401
0.06191669007,0.04140774245,0.9972220025,0.07455581295,0.589454193,1,4.070025706
-0.00450172843,0.08372694248,0.9964785665,0.08394643729,1.62451139,1,4.108766097
-0.0587353615,-0.03357896768,0.99770868,0.06770813117,3.660942865,1,3.898250936
-0.01161732684,0.05225604641,0.9985661437,0.05355742889,1.789554118,1,3.980349417
0.007195766962,-0.07039669852,0.9974931207,0.07082270035,4.814252586,1,3.852793169
0.004638529216,-0.04369541453,0.9990341309,0.04395508111,4.818148867,1,3.87457247
0.04420284154,-0.04254003519,0.9981164532,0.06138629097,5.516954167,1,3.950290136
0.02322546242,0.01770430315,0.9995734768,0.0292079959,0.6513140323,1,3.992512784
-0.01100217693,0.04360908798,0.9989880878,0.04499073051,1.817929985,1,3.906932747
-0.01926152545,-0.04217964352,0.9989243572,0.04638611298,4.284014941,1,3.896429412
0.07528710579,-0.03184313812,0.996653333,0.08183563193,5.883047163,1,3.970836419
-0.05417291223,0.0675652868,0.9962430565,0.08670984153,2.246625446,1,4.059397269
-0.02186930768,0.03196915234,0.9992495718,0.03874331186,2.170754432,1,3.865055002
0.05235681518,0.05246633617,0.9972492404,0.07418923967,0.7864429798,1,4.246458221
-0.09363000504,0.005009043039,0.9955944614,0.09390183346,3.088145337,1,4.038493055
-0.03896116189,0.05675409633,0.9976276863,0.06889488082,2.172398021,1,3.906947775
-0.09009646237,0.01235043689,0.9958564626,0.09106483418,3.00536157,1,4.009469405
0.01582113792,0.02362141931,0.9995957784,0.02843409435,0.9806419111,1,3.973163296
-0.06803828835,0.01595501453,0.9975551257,0.06994099192,2.911254078,1,3.886029407
-0.08568218549,0.003992930943,0.9963145184,0.08588070347,3.095024698,1,4.116257334
0.08526431202,0.01408766555,0.996258769,0.08652821677,0.1637441588,1,3.967145892
0.03976253601,0.04946114251,0.9979842364,0.06350497897,0.8936729699,1,3.947975836
-0.02448263078,0.07419960977,0.9969428362,0.07821410045,1.889504504,1,4.172141426
-0.01333288818,-0.05742861757,0.9982605812,0.05899022457,4.484265785,1,4.081392311
-0.005825685148,0.02065498589,0.99976969,0.02146247363,1.845702576,1,4.15873181
-0.06288910388,-0.01648724035,0.9978843277,0.06506025988,3.39798634,1,3.942535615
-0.04489951915,-0.03357883562,0.9984270103,0.05609638517,3.783726772,1,3.924574357
0.07111471838,0.04212364295,0.9965782937,0.08274852745,0.5347634315,1,4.091858359
0.06964980357,-0.0206168629,0.997358436,0.07270113911,5.995395387,1,4.023682996
-0.08537118109,-0.002132288529,0.996346935,0.08550194578,3.16656414,1,3.918877694
0.02833235975,0.04180196539,0.9987241226,0.05052026908,0.9751421794,1,4.096166359
-0.02485122344,-0.06107430497,0.9978238051,0.06598461475,4.32594727,1,4.057698796
0.0323627907,-0.04480669909,0.9984713363,0.05530014985,5.337909176,1,3.99541655
-0.01971813395,0.08292872347,0.9963603876,0.08534427131,1.804233651,1,3.985312259
0.01378655167,0.01183679211,0.999834897,0.01817181884,0.709451423,1,4.023904851
-0.07260392156,0.005163613109,0.9973474859,0.07285173364,3.070591896,1,3.929096686
0.02722341932,-0.04565833998,0.9985861012,0.05318330847,5.250040653,1,4.043711741
0.02677476208,-0.03836623753,0.9989049724,0.04680229656,5.321686015,1,4.088617596
-0.06809995002,0.03442714133,0.9970843338,0.07638172733,2.673524129,1,3.931570803
0.01757953745,-0.06770161051,0.9975507264,0.07000391488,4.966440441,1,3.925353271
0.03177429957,-0.01433462733,0.9993922715,0.03486517057,5.85938455,1,3.938542125
-0.04764397683,-0.03193696408,0.9983536857,0.05738930563,3.732123897,1,3.982963748
-0.05774662981,0.07839381793,0.99524858,0.09752115061,2.20568055,1,4.17952788
0.002996049213,0.04388073347,0.9990322842,0.04399708846,1.502625029,1,3.955555706
-0.08202714702,-0.03671625108,0.9959535451,0.08999096382,3.562458088,1,4.025742229
0.01121533007,0.06488881159,0.9978294737,0.06589858866,1.399648022,1,4.005747801
0.03784479397,-0.06352143181,0.9972626531,0.07400806248,5.249699707,1,3.93068515
0.02916186012,0.06405485782,0.9975202059,0.07043890562,1.143573626,1,3.860310277
-0.06767068171,0.02478042743,0.9973999244,0.07212770735,2.790566791,1,3.986968317
0.02094456545,0.07303761017,0.9971092381,0.07605466111,1.291526343,1,3.954694532
-0.04556532956,-0.01266491485,0.9988810743,0.04731034535,3.412700024,1,3.976551144
-0.04951276101,0.02002797742,0.9985726647,0.05343547532,2.757211857,1,3.92983335
0.01068223286,-0.01780062133,0.9997844907,0.02076136183,5.252885311,1,3.892728603
-0.005879187332,-0.03852086911,0.9992405005,0.0389768054,4.56093432,1,4.071830094
0.07143042536,0.002516611172,0.9974424099,0.07153574056,0.0352170755,1,4.029294041
0.07473566966,0.01318345838,0.99711623,0.07596258421,0.1746048611,1,3.727588224
-0.05007184196,0.04835511229,0.997574355,0.06966528918,2.373634384,1,3.94516706
-0.05880377814,-0.003971745315,0.9982616595,0.05897193108,3.209032574,1,4.052230821
-0.02791681474,-0.02047373174,0.9994005592,0.03462659905,3.774374121,1,3.961415183
0.02042764181,-0.08294678858,0.9963445898,0.08552940234,4.953857807,1,3.984101301
-0.03947517983,-0.02933726694,0.9987897852,0.04920282552,3.780716332,1,4.034512221
-0.02102905931,-0.02516084111,0.9994622108,0.0327974831,4.016205429,1,4.001553751
0.01459189656,-0.03720181034,0.9992012319,0.03997185123,5.086184557,1,4.01880797
0.05128223141,-0.008959259188,0.9986440129,0.05208250577,6.110225947,1,3.740830613
0.05875253133,-0.06400316615,0.9962187183,0.08699042561,5.455040156,1,4.160697297
0.0174348531,0.02424199776,0.9995540763,0.02986492419,0.9473001182,1,4.013608195
-0.003241619733,0.08239108816,0.9965948026,0.08254855246,1.610120345,1,3.835272365
-0.01392700379,0.01213557704,0.9998293686,0.01847356179,2.424822133,1,3.929749258
-0.004118116507,-0.07292403481,0.997328996,0.07310531979,4.655977575,1,4.0534356
0.04046326311,-0.07120372872,0.9966407343,0.08198961056,5.229154177,1,4.29080304
0.05845326506,-0.05447564128,0.9968026988,0.07998757973,5.532994959,1,4.148446817
-0.06217383746,-0.0272364314,0.9976936357,0.06793013155,3.55448059,1,4.028375175
-0.05768390584,-0.008335538841,0.9983000981,0.05831610006,3.285102978,1,4.14333643
-0.05092390295,0.07624715121,0.9957876923,0.09181795391,2.159638057,1,4.047620212
0.005454325613,-0.07408760562,0.9972368209,0.07435660739,4.785876354,1,3.908620798
0.005311462356,-0.06092537325,0.9981281918,0.06119464745,4.799348926,1,4.071338547
-0.01129091319,0.02045337483,0.9997270501,0.02336502942,2.075198118,1,4.005187646
-0.01397094189,0.007108909456,0.9998771305,0.01567622213,2.670901754,1,4.148837285
0.005732090825,0.08968170157,0.9959539826,0.0899860954,1.506967205,1,3.768106455
-0.003342797665,-0.08670728966,0.9962282227,0.086880962,4.673855392,1,4.175902663
-0.02762328668,-0.07098435232,0.997094868,0.07624355369,4.341274255,1,3.954087004
-0.03888849235,0.05928384652,0.9974833887,0.07096009552,2.151357739,1,4.090645705
-0.03788768234,-0.0743209609,0.9965143844,0.08351817063,4.240944355,1,3.875569505
-0.06675788808,0.06329184427,0.9957597737,0.09212194446,2.382839862,1,4.178900581
-0.05995485711,-0.03813133977,0.9974725139,0.07111331086,3.708063606,1,4.071393507
0.07518278021,-0.01711040881,0.9970229604,0.07718183657,6.059412603,1,4.217226729
0.05442002822,-0.03377851088,0.9979466282,0.06409485018,5.727684113,1,4.065547145
-0.05882632032,-0.002048371249,0.998266131,0.0588960156,3.17639925,1,4.034491083
-0.05098235408,-0.02736679545,0.9983245254,0.05789546867,3.634236952,1,3.94810999
0.05142658636,0.003792395433,0.998669577,0.0515891102,0.07361062626,1,3.950471507
-0.05176366373,0.05036201551,0.9973886858,0.07228349066,2.369918367,1,3.952916733
-0.04757483765,-0.04764924753,0.9977305167,0.06738460072,3.927772236,1,4.012600955
0.04098651811,-0.01607654418,0.9990303549,0.04404093137,5.909386596,1,4.090611275
0.02157717445,-0.02322962045,0.9994972788,0.0317100411,5.460924488,1,3.954602616
0.03789591507,-0.0289664632,0.998861774,0.04771670475,5.630551277,1,3.950226535
0.01576969913,0.06293356813,0.9978931218,0.06492485518,1.325274762,1,4.102893231
0.04708695581,-0.03045224992,0.9984265016,0.05610545851,5.70911674,1,4.151444798
-0.01575088173,-0.06992454237,0.9974279263,0.07173809425,4.490831445,1,3.886947376
-0.01155912563,-0.06688391534,0.997693805,0.06792763788,4.541255724,1,3.901342238
0.002153447115,0.06578356788,0.9978315914,0.06586642068,1.538072678,1,3.84019709
-0.041863603,-0.01759386121,0.9989684153,0.04542602993,3.539446985,1,3.880013027
0.02601233851,-0.06386735385,0.9976193259,0.06901622023,5.099161367,1,4.084947203
0.01197354648,-0.06027647219,0.9981099043,0.06149294917,4.908480146,1,4.06238224
0.06057180283,-0.05011769267,0.9969048468,0.07869880783,5.59195319,1,4.128430288
-0.03806489076,-0.02026948039,0.9990696734,0.04313863495,3.630899453,1,4.083903619
-0.05074861322,-0.01744646621,0.9985590614,0.05368956694,3.472717462,1,4.100219181
-0.03464586242,0.03096208868,0.9989199234,0.04648163349,2.412283879,1,4.026778084
0.03300514976,0.03070267417,0.9989834863,0.04509292559,0.7492727121,1,3.924730298
0.02699221474,0.08302336975,0.9961819816,0.08741224679,1.256459635,1,3.984885624
0.05253143365,0.03753617601,0.9979135654,0.06460898636,0.620422449,1,3.966322553
0.07176544344,0.008533973177,0.9973850272,0.07233413167,0.1183589917,1,4.158418112
0.0070057722,-0.03294379345,0.9994326519,0.03368684559,4.921925861,1,4.031143295
0.08157274275,0.04192717071,0.9957851174,0.0918460323,0.4747729564,1,4.034972407
0.05472361506,-0.06038238746,0.9966741159,0.08158099477,5.44866529,1,4.005229108
0.04380404827,-0.0208140119,0.9988232988,0.04851663683,5.839604937,1,4.082372484
0.02224847875,0.06249527086,0.9977972471,0.06638617424,1.228784022,1,4.024203776
0.0651122344,-0.02737175636,0.9975024731,0.07069041204,5.885235968,1,3.832558899
0.06543002338,0.06980530572,0.9954125433,0.09582242399,0.8177399838,1,3.933076165
-0.08241020909,0.04772100124,0.9954553046,0.09537444042,2.616707572,1,4.053430196
-0.05545794269,0.03834516592,0.9977244433,0.06747473909,2.53664301,1,3.99502505
-0.05307905168,0.03165511492,0.998088457,0.06184096251,2.603841531,1,3.933259187
0.006622474044,0.01677236889,0.999837402,0.01803343483,1.194742416,1,3.897221094
0.08249375262,0.0306760215,0.9961193515,0.08812673806,0.3560138338,1,4.104889485
0.03042222848,-0.02558672596,0.9992095914,0.03976211223,5.58390805,1,3.709961949
0.01584462501,-0.07018236549,0.9974083333,0.07201092809,4.93443013,1,4.084872092
0.06901630344,0.01445310576,0.9975108308,0.07057198497,0.2064326225,1,3.97288679
-0.07809165261,-0.02450041394,0.996645084,0.08193648231,3.44560609,1,3.835927298
-0.03740754137,0.05886799842,0.9975646518,0.06980454547,2.136873429,1,3.992785866
0.005972940974,0.04341509253,0.9990392654,0.04383807756,1.434077079,1,3.985241533
-0.0283359803,0.04588887498,0.9985445826,0.05395869921,2.123977885,1,3.980930186
0.0105684574,-0.0236926495,0.9996634264,0.02594580849,5.131965592,1,4.043949556
0.07282273589,-0.02097981134,0.9971242133,0.07585731559,6.002686692,1,3.980599337
-0.06141981144,-0.04242849645,0.9972098222,0.07471915821,3.746113989,1,4.074952537
-0.02804720057,0.01157354073,0.9995395979,0.03034592131,2.750233054,1,4.067209942
-0.05722171644,0.01331793074,0.9982726621,0.05878495413,2.912921031,1,4.151904708
0.002314344523,0.03196472342,0.9994863182,0.03205388543,1.498519365,1,4.062662933
0.08234118063,0.0357073842,0.995964313,0.08987106797,0.4091757438,1,4.008442051
0.005284646255,0.01356695905,0.9998939995,0.01456038617,1.199354112,1,3.830681431
-0.07666072616,0.008480322557,0.9970211719,0.0772050282,3.031419124,1,4.026360343
-0.04375515705,0.01827368643,0.9988751467,0.04743552014,2.745976701,1,4.165846743
-0.0007189022077,0.09520221273,0.9954576947,0.09534933939,1.578347502,1,4.082564109
-0.06735896153,0.006481003944,0.9977077563,0.06772178397,3.045672009,1,3.991773252
-0.05802194976,0.01822132181,0.9981490053,0.06085336498,2.837303706,1,4.042316874
0.02811241985,-0.0313461869,0.999113161,0.04211817054,5.443453811,1,3.950805367
-0.02123665167,-0.003898903585,0.9997668744,0.0215932695,3.323163776,1,3.979979612
-0.01886519365,-0.06105437098,0.9979561455,0.06394608897,4.412704969,1,4.074108505
0.04297728134,-0.01512774716,0.998961513,0.04557777403,5.94473516,1,3.910790583
-0.001139786225,0.05707302667,0.9983693558,0.05711545505,1.590764336,1,4.020352297
0.0301943301,-0.04042728237,0.9987261573,0.05047996119,5.35389032,1,3.678679903
0.009515985165,-0.05604935832,0.9983826498,0.05688209455,4.88056401,1,3.983756914
0.02969960753,0.018358908,0.999390256,0.03492294271,0.5536606302,1,3.941207186
0.09527980549,0.003732753958,0.9954435319,0.09549798467,0.03915673417,1,4.214670045
-0.03126181947,0.02734517596,0.9991370977,0.04154579236,2.42292421,1,3.867211945
0.02045046679,-0.004113041621,0.999782407,0.02086149163,6.084711001,1,3.816125791
0.002622317818,0.01673210344,0.9998565698,0.01693715638,1.415337169,1,3.964082121
-0.05862148157,0.007101345169,0.9982550239,0.0590844108,3.02104109,1,4.015362585
-0.008875941985,0.009554280972,0.9999149631,0.01304132941,2.319405303,1,3.895456321
-0.05486967394,-0.0287794365,0.9980786857,0.0619988681,3.624651791,1,4.117255995
0.0195401382,-0.001117335225,0.9998084489,0.01957330738,6.226065966,1,3.972047304
0.06615657744,-0.006113498463,0.9977905253,0.06648742437,6.191037478,1,4.18887453
0.01322112095,0.03506012649,0.9992977482,0.03747890184,1.21018715,1,3.901035553
-0.01925841423,-0.08374977614,0.9963007018,0.086041632,4.486366343,1,3.868283222
0.02438718096,-0.01918323272,0.9995185186,0.03103288774,5.616661675,1,4.073870825
0.03427907264,0.04679427986,0.9983162027,0.05803912564,0.938558147,1,3.987039535
-0.02982681383,-0.03347498975,0.9989943875,0.04485044252,3.984558607,1,4.126039618
0.06394532687,0.01253760025,0.9978746433,0.06520904812,0.1936114643,1,4.042216459
-0.01112916334,0.03193822005,0.9994278823,0.03382816309,1.906097746,1,3.894004142
-0.046426514,-0.05700912229,0.9972936071,0.07358824004,4.028947108,1,3.968405967
0.03381351669,-0.07565984144,0.9965602011,0.08296713463,5.132674444,1,3.894285874
-0.04536709672,0.03185091371,0.9984624909,0.05545995316,2.529478245,1,3.938308002
-0.006143843745,-0.06273934356,0.998011036,0.06308127601,4.614773726,1,3.997803891
0.02644608331,-0.09003990168,0.995586973,0.09398166458,4.998069932,1,4.070884298
0.0557494678,0.02921411203,0.9980173007,0.06298182005,0.4826823238,1,3.877207323
-0.09740890278,0.008120399321,0.9952113166,0.09790311701,3.05842093,1,3.959764314
0.02735290482,0.06193059724,0.9977055777,0.06775397048,1.154890943,1,3.990289835
-0.02209195994,0.04445526535,0.9987670773,0.0496623829,2.031999442,1,3.864011164
-0.01354438715,-0.01490637513,0.9997971542,0.02014212763,3.974826055,1,4.19025246
0.0244883327,-0.08859274081,0.9957668642,0.09204483418,4.982069917,1,4.064654047
-0.01418361438,-0.007732677543,0.9998695069,0.01615524447,3.640730729,1,4.076976066
0.03725154022,-0.01336152573,0.9992165893,0.03958567886,5.938795365,1,3.976861415
0.06572140594,0.003125956424,0.9978331149,0.06584327018,0.04752792914,1,4.035823403
0.05271832308,0.0535431829,0.9971729569,0.07521138387,0.7931605534,1,4.039661103
-0.005170868893,-0.001161958127,0.9999859559,0.005299839128,3.362633295,1,4.001135047
0.01101467436,-0.05673680413,0.9983284089,0.05782831514,4.904140081,1,3.989603768
0.0003245609055,0.0423270385,0.9991037566,0.04234093285,1.563128544,1,4.052486945
-0.009570786326,0.02945720397,0.9995202215,0.03097795576,1.884942099,1,3.942617138
-0.00591004133,0.08113857072,0.9966853083,0.08144353297,1.643506784,1,4.061086645
-0.01535062063,-0.05365939657,0.998441299,0.05584095387,4.433755712,1,3.938313366
-0.04849483661,0.005475350671,0.9988084258,0.04882235068,3.029162933,1,4.134857904
0.0781491277,-0.03625274,0.9962823158,0.0862553194,5.848839195,1,3.918057191
0.05217064768,0.01885922405,0.9984600909,0.0555032332,0.3468749645,1,3.805050262
0.01826640468,0.03722092655,0.9991401008,0.04147342368,1.114570975,1,4.108342011
-0.09236862084,0.0163798042,0.9955901465,0.09394784091,2.966086316,1,4.097037306
0.04574733553,-0.03311973723,0.9984038583,0.05650781322,5.656552023,1,3.865579971
0.007261761661,-0.09285023954,0.9956536043,0.09326894274,4.790439503,1,3.856829072
-0.01034108335,-0.04869187457,0.9987603133,0.049798453,4.503120311,1,4.03682412
-0.03270960934,-0.01572927042,0.9993411187,0.03630299367,3.589824456,1,4.139839137
-0.06930351699,0.005122289478,0.9975824701,0.06954861016,3.067815842,1,3.842313639
-0.02429066516,0.0659350379,0.9975282123,0.07032505452,1.923770811,1,3.892831405
0.02963807938,-0.09802184486,0.9947428322,0.10258441,5.00601132,1,3.919253783
-0.03132178967,0.03012603643,0.9990552374,0.04347209169,2.375651685,1,3.899385852
0.005562266246,-0.06410367543,0.9979277429,0.06438902443,4.798942044,1,3.934251005
-0.007127287311,0.01935283772,0.9997873121,0.02062500589,1.923663617,1,4.054992744
-0.02466889226,-0.05791354184,0.9980167671,0.06299029728,4.309704901,1,3.911263691
-0.06391336236,0.04038219533,0.9971380849,0.07567405379,2.578099009,1,3.923947843
-0.05364879103,0.05933478547,0.9967954607,0.08007811542,2.305911063,1,3.971370773
-0.0411254021,0.05067324946,0.9978681892,0.06530801834,2.252558542,1,4.001932479
-0.03688062005,0.05544627326,0.9977803018,0.06664112649,2.157754839,1,4.056751701
-0.03313788261,0.07250378838,0.9968174765,0.07980241895,1.999497843,1,4.031992529
0.02817200733,0.001931347494,0.9996012244,0.02824188618,0.06844845259,1,4.158134641
0.009218498946,-0.04347412009,0.999012022,0.04445538655,4.921339633,1,4.01490203
0.06303108487,0.03386126065,0.9974369641,0.07161189148,0.4929747148,1,4.076748115
-0.08274241783,0.0307163574,0.996097484,0.08837484815,2.786132451,1,4.078270063
0.07132415421,0.038529182,0.9967087675,0.08115466075,0.4952867286,1,3.778303764
-0.05300718293,0.02324266545,0.9983236034,0.05791140158,2.72835875,1,3.811827346
-0.02058982721,-0.08220919031,0.9964023826,0.08485018111,4.466980703,1,4.113512233
0.04724259904,0.06017925431,0.9970690017,0.07658238954,0.905249509,1,3.953704623
0.06236832218,0.02629414784,0.9977067756,0.06773627339,0.3989827108,1,4.165052516
-0.05089347011,-0.08201890613,0.9953304746,0.09667640844,4.157025663,1,4.04696145
-0.01000487139,-0.08160148572,0.9966148203,0.08230542285,4.590391367,1,4.084131202
-0.07531482322,-0.01254667638,0.9970808685,0.07642712653,3.306666477,1,4.076740751
0.0005656608854,0.01440028353,0.9998961505,0.01441188807,1.531535279,1,4.104171023
0.05476092468,0.02681616446,0.9981393362,0.06101214808,0.4553698737,1,4.061399918
0.07287269714,-0.07145014046,0.9947785922,0.1022346127,5.507643592,1,4.177950889
0.01076625992,0.02661997153,0.9995876474,0.02871866912,1.186465695,1,4.067221786
-0.01146316269,-0.07410998729,0.9971841884,0.07506176142,4.55892743,1,3.806271569
-0.01925166118,0.02472201103,0.9995089773,0.03133888589,2.232429748,1,3.959446739
0.04778479321,-0.0006066720357,0.9988574701,0.04780685249,6.270490067,1,4.084413608
0.08068800058,-0.04937298608,0.9955158235,0.09473681265,5.734061738,1,4.000122476
0.06058542689,0.001072791853,0.9981624393,0.06063206708,0.01770524378,1,4.012023959
-0.07491455469,-0.02293664941,0.9969261355,0.07842755361,3.438701077,1,4.045388753
-0.03969360946,0.01845626032,0.9990414325,0.04378859887,2.706361248,1,4.040520135
-0.01343939224,0.06565831991,0.9977516564,0.06706991363,1.772694349,1,4.144926069
-0.01188279702,-0.01951827947,0.9997388839,0.02285289936,4.165521445,1,3.956865098
0.01838040899,-0.07216698746,0.9972231879,0.07453989759,4.961779456,1,4.025622783
0.01612369457,0.03756670164,0.9991640353,0.04089208277,1.165372138,1,3.936331459
0.05781291043,-0.03976604157,0.9975351269,0.0702265819,5.680667014,1,3.999116427
0.05022287277,0.04437130902,0.997751898,0.06706630779,0.7236172289,1,3.90591039
0.03330680377,0.002468624782,0.9994421257,0.03340437496,0.07398245797,1,4.049206932
-0.07213322114,-0.003453808472,0.9973890262,0.07227877661,3.189437082,1,3.708107993
-0.06727464587,0.00257465413,0.9977311728,0.06737485656,3.103340527,1,3.891462393
-0.04335631206,-0.04473866948,0.9980574541,0.06234059919,3.9426812,1,3.973078872
0.04986068824,0.005404964955,0.9987415572,0.05017383408,0.1079796969,1,3.945618062
-0.0383077482,-0.01403696479,0.9991673934,0.04080985562,3.492825513,1,3.733188058
0.07105630403,-0.0003216134503,0.9974722544,0.07111696383,6.278659161,1,4.00641922
0.02816262993,0.04701632305,0.9984970364,0.05483320641,1.031114755,1,4.116651687
-0.04849298783,0.0124728375,0.9987456425,0.05009231082,2.889840553,1,3.892529452
-0.03608224527,0.01874327834,0.9991730386,0.04067125246,2.662498623,1,4.093317989
-0.0846012569,-0.02955954994,0.9959763352,0.08973701557,3.477731491,1,4.076331596
-0.06091510177,0.02928841282,0.9977131548,0.06764195957,2.693416928,1,4.075255735
0.001294355649,0.07656763297,0.9970635497,0.0766536171,1.5538932,1,3.686184817
0.05392388525,0.05649883487,0.9969453828,0.07818150161,0.808712958,1,4.100958328
-0.05293036154,0.02036632827,0.9983904995,0.05674385306,2.774278984,1,4.088777354
0.07952438019,0.02012629578,0.9966297232,0.08212395056,0.2478785186,1,3.984064661
0.000113098744,0.02011619421,0.9997976425,0.02011786916,1.565174113,1,4.013491517
-0.07943805584,-0.03356532927,0.9962745425,0.08634550379,3.541373256,1,3.832251239
-0.0375997655,0.08015297815,0.9960731689,0.08864991633,2.009419833,1,3.902135922
-0.01502966379,-0.05832740965,0.998184363,0.06026917476,4.460197547,1,4.06414464
0.01280858415,-0.06479807633,0.9978161902,0.06610000114,4.907542389,1,3.99591366
-0.08392609513,0.01566864517,0.9963487864,0.08548026302,2.957021754,1,3.91053885
-0.04255273426,0.04890882055,0.9978963834,0.06487456373,2.286811419,1,4.091923769
-0.05835807141,0.01069699813,0.9982384033,0.05936521191,2.960305732,1,3.983854968
0.004378705192,0.0733440017,0.9972970893,0.0735408619,1.511166173,1,3.916588271
-0.04948433942,0.07291440359,0.9961098282,0.08823487549,2.167058462,1,4.08644036
-0.0308501759,0.02624372055,0.9991794302,0.04051375137,2.4367022,1,4.120174213
-0.04701996393,-0.07669479129,0.9959452957,0.09008271082,4.162408052,1,4.023626068
-0.06984917552,-0.01472206163,0.9974489228,0.07144456049,3.349321538,1,4.053129032
-0.07681321682,-0.009539461718,0.9969998638,0.07748080472,3.265150393,1,4.033124169
0.08127161376,-0.0213853767,0.9964625384,0.08413737769,6.025883342,1,4.165253885
-0.000707210037,0.0421128678,0.9991126094,0.04213126858,1.587587954,1,4.019364938
-0.005856104296,0.03551168248,0.9993521033,0.03599907315,1.734231841,1,3.992442153
0.07312301477,-0.03354628733,0.9967585823,0.08053782195,5.853066273,1,3.980683294
0.08801308703,-0.02363524991,0.9958388783,0.09125799427,6.020832486,1,3.892982136
0.02388337787,-0.02554921319,0.9993882238,0.03498109604,5.464100761,1,3.978330579
0.05720952407,0.05580262782,0.9968014532,0.08000316721,0.7729497359,1,3.862114659
0.02739364083,-0.06518343799,0.997497222,0.07076471864,5.11023339,1,4.05687736
-0.03214454767,0.008502537863,0.9994470646,0.03325616875,2.883005304,1,3.942707249
0.0514206998,-0.014359628,0.9985738394,0.05341347634,6.010865042,1,3.945987476
-0.02025421324,0.002494325702,0.9997917509,0.02040864128,3.01905867,1,3.976266655
-0.007722833338,-0.006444467955,0.9999494121,0.01005866463,3.83700101,1,4.166969576
-0.02304980632,0.0004980870238,0.9997341938,0.02305723027,3.119986853,1,4.003198891
0.04190457848,0.07348242086,0.9964157466,0.08469234401,1.052526515,1,4.038160917
-0.01677191894,0.05075610915,0.9985702379,0.05348089161,1.889941872,1,3.986625898
0.01928426126,-0.04870300501,0.9986271249,0.05240590337,5.089404549,1,4.118682568
-0.07627235316,-0.004529539003,0.997076733,0.07648127085,3.200909368,1,4.010564309
-0.03428257183,0.01538340214,0.9992937787,0.03758468866,2.719800615,1,3.96322957
-0.004441558268,-0.03036090562,0.9995291331,0.03068888496,4.567127375,1,4.042997241
-0.07793206402,-0.04051814919,0.9961349673,0.08794913373,3.621046047,1,3.968477863
0.09064618561,-0.01974535391,0.9956873957,0.09290540986,6.068706866,1,3.969172789
-0.06202513716,-0.02253548579,0.9978201412,0.06604015742,3.490091518,1,4.086712481
0.06029346241,-0.02668438654,0.9978239534,0.0659823657,5.86652304,1,3.937317655
0.07814254039,0.03139172141,0.9964478427,0.08431206641,0.3819915623,1,3.800318477
-0.04981878001,0.06103534589,0.9968915566,0.07886767518,2.255354573,1,3.938859342
0.0438371469,0.08660996185,0.9952773579,0.09722514138,1.102245291,1,3.940074357
0.05085750172,-0.006276223557,0.9986861987,0.0512657595,6.160398107,1,3.916258641
0.07635813967,0.01402975436,0.9969817453,0.07771453165,0.1817095119,1,4.020726975
0.04949340328,-0.008050373179,0.998742006,0.05016488531,6.121941928,1,3.765705016
-0.01099600995,0.02193830432,0.9996988539,0.02454225646,2.03542285,1,3.96746299
-0.001299173951,-0.0880062534,0.996119075,0.08812988028,4.697627761,1,4.116882521
-0.0617571771,0.07170276141,0.9955123129,0.09477391735,2.281810859,1,3.914976079
-0.003491178469,-0.02962579128,0.9995549631,0.02983521277,4.595087429,1,4.068815454
0.008706109998,-0.02652997761,0.999610106,0.02792559325,5.029477439,1,4.078780139
-0.01213249965,0.0528535765,0.9985285684,0.05425481725,1.796436584,1,3.937306744
0.04026401496,-0.01396708052,0.9990914522,0.04263063356,5.949286069,1,4.018868187
-0.0609333295,0.02382797197,0.9978573832,0.06547339034,2.768825618,1,3.851920386
0.04362066764,-0.04938907999,0.9978266163,0.06594196623,5.435847039,1,4.011157476
0.05042607363,0.05252962151,0.9973454015,0.0728803647,0.8058269046,1,4.211503672
-0.06972866172,-0.03117205814,0.9970788417,0.07645366732,3.561988977,1,3.958558821
-0.04994260953,0.06470002708,0.996654224,0.08182473163,2.228173122,1,3.937820096
-0.01698016681,-0.09758695473,0.9950821374,0.0992159138,4.540113399,1,4.221615691
-0.007441241244,0.008532666538,0.9999359087,0.01132183494,2.287975013,1,3.934548267
0.03623405601,0.02977772147,0.9988995848,0.04691731216,0.6879024573,1,3.955208403
0.01058837806,0.02242704946,0.9996924095,0.02480347655,1.129696077,1,4.070948564
-0.0009344579617,0.002009271281,0.9999975448,0.002215940161,2.006114077,1,3.794340907
-0.04860882469,-0.07995903545,0.9956122412,0.09371201956,4.166165125,1,3.880014336
-0.01615766128,-0.04693721623,0.9987671539,0.04966083969,4.380854866,1,4.100373295
-0.01100207275,0.05286451493,0.9985410845,0.05402352017,1.775985615,1,4.054550741
0.05341273851,0.04351050087,0.9976241355,0.06894644171,0.6835856445,1,4.078604147
0.01047082884,0.06736169533,0.997673676,0.06822355228,1.416588539,1,4.13436802
-0.07951215365,0.0139201581,0.9967366987,0.08080937643,2.968279491,1,3.911921444
-0.03596424869,-0.0009125286647,0.9993526605,0.03598358859,3.166960427,1,4.0733063
-0.06833719098,0.04243374157,0.9967594524,0.08052700575,2.585913505,1,3.813277936
-0.04937237505,-0.05599688185,0.9972094654,0.07472393798,3.989777627,1,4.067809098
0.05518829418,-0.001312027235,0.9984751027,0.05523196503,6.259416134,1,3.97290698
-0.0395111389,0.05572395897,0.997664127,0.06836348371,2.187571114,1,3.925803024
0.007110505964,0.08836462326,0.9960628163,0.08876677264,1.490501543,1,3.769955942
0.02527005506,-0.002946548924,0.9996763187,0.02544400773,6.16710709,1,3.981537809
0.01591118426,0.06563988129,0.9977165129,0.06759225753,1.332982188,1,3.999717067
-0.08101327182,-0.01882244466,0.9965352805,0.08326730476,3.36988024,1,3.823333884
0.01248883419,0.01799287712,0.9997601139,0.02190413967,0.9640418974,1,4.073358914
-0.02831157158,-0.06337170354,0.997588333,0.06946419216,4.292237581,1,4.110899203
-0.03620363302,-0.002114438094,0.9993421967,0.03627328022,3.199930414,1,4.011750227
0.06127020626,0.07150059718,0.9955569428,0.09430112613,0.8622992287,1,4.08471034
-0.04254878466,0.006959830674,0.9990701485,0.04312761554,2.97945557,1,3.900897323
-0.03090366741,0.04363720679,0.9985693554,0.05349739926,2.187001383,1,4.102828842
0.056849965,-0.04547044153,0.9973467403,0.07286197649,5.608546594,1,4.035594152
-0.00557279753,-0.01845059433,0.9998142425,0.01927502301,4.419062671,1,3.971515796
0.01778452741,-0.03416114023,0.9992580883,0.03852280966,5.192385925,1,3.91886927
0.03062741731,-0.008939835507,0.9994908907,0.0319108908,5.999185426,1,3.982849623
0.03877766242,-0.02446847275,0.9989482403,0.04586816212,5.720287299,1,4.037504478
0.02057519481,-0.05331334524,0.998365839,0.05717702732,5.080707115,1,3.973838976
-0.04467367104,-0.04878129766,0.9978099258,0.0661947736,3.97091555,1,4.086626727
0.0520680505,-0.08117697295,0.9953387449,0.0965906909,5.28270468,1,3.959985868
-0.07995095167,0.02532674557,0.9964769949,0.08396517945,2.834814662,1,3.931058729
-0.06475791806,-0.03348571503,0.9973390191,0.07296796442,3.618819127,1,4.071420073
0.02431018561,0.05437714456,0.9982244943,0.05959918372,1.150384794,1,3.984937552
-0.006149617547,0.002278194636,0.9999784958,0.006558092966,2.786807139,1,3.888705258
-0.04954031726,-0.06471027841,0.9966736361,0.08158688235,4.058996638,1,4.130342268
0.02701323516,-0.05201923256,0.9982806642,0.05864859222,5.191351773,1,3.838490741
-0.05908299105,0.02978327512,0.9978086774,0.0662136449,2.674676644,1,3.917631512
0.04488472077,-0.005716095969,0.9989758196,0.04526268443,6.156516553,1,4.018781192
-0.06708951011,-0.01168135922,0.9976785772,0.06815161752,3.31398049,1,3.860961916
-0.007447258656,0.002294203512,0.999969637,0.007792705593,2.842757741,1,4.135634765
0.07907271989,-0.03491893139,0.9962570819,0.08654773663,5.867334314,1,4.003456595
0.04161251878,0.004938061367,0.9991216211,0.04191676231,0.11811532,1,3.933437402
-0.05353273377,0.04497981126,0.9975525365,0.06997803285,2.442797968,1,4.013288153
-0.03459562037,0.04554852376,0.9983628975,0.05722847917,2.220370878,1,4.019152581
0.0256543976,-0.02971351875,0.9992291823,0.03926618859,5.424606271,1,3.970765083
-0.0300470205,0.0002751197572,0.9995484485,0.03005280361,3.132436602,1,4.129687506
-0.0827480426,-0.02229561172,0.9963210663,0.08580433182,3.404782229,1,3.975411502
0.05328945251,-0.003770048493,0.9985719909,0.05344808902,6.212556368,1,4.057484113
-0.02137829582,0.07163933278,0.9972014714,0.07483094168,1.860798927,1,4.057543394
0.08175630321,-0.007684934085,0.9966227213,0.08220926206,6.189462631,1,3.940793614
-0.01729484018,-0.08202610179,0.9964801087,0.08392804219,4.504587069,1,3.86339749
0.007329182595,0.04452043449,0.9989815884,0.04513500838,1.407634658,1,3.949960202
-0.02215520566,-0.0708566418,0.997240434,0.07430795584,4.409343337,1,4.078622327
0.04056401001,0.04327848299,0.9982392168,0.05935149782,0.8177627204,1,3.909158533
0.05478534998,-0.02764462572,0.9981153942,0.06140355161,5.815865374,1,4.250562316
-0.01999964057,-0.004629961785,0.9997892667,0.02053001173,3.369087346,1,3.988510108
-0.02404888118,-0.005872046499,0.9996935382,0.02475792487,3.381077999,1,3.959168666
0.04687268262,-0.03191459761,0.9983909105,0.05673660645,5.685408231,1,3.947789863
-0.03385169555,-0.05410428631,0.9979613163,0.06386511946,4.153304469,1,3.94511443
0.04929866203,0.0217917048,0.9985463252,0.05392637861,0.4162100244,1,4.063249563
0.03717929744,-0.05449587758,0.9978215768,0.06601839986,5.311096147,1,3.924946801
-0.03948539458,-0.006051791556,0.9992018212,0.0399571028,3.293675764,1,3.892306512
0.0532611901,0.01136872585,0.9985158976,0.05448797423,0.2102964136,1,3.950076954
0.02767640628,0.06151554407,0.9977223333,0.06750602713,1.148017952,1,3.932645165
0.04315334808,0.0555986798,0.997520213,0.07043880413,0.9107633318,1,3.931310996
0.04508088091,-0.03778547222,0.9982684871,0.05885597432,5.585598992,1,3.823750076
-0.009590202903,-0.03707908581,0.9992663156,0.03830859375,4.459293506,1,4.014409266
0.05505631888,-0.0266102105,0.9981285982,0.06118800259,5.83296477,1,3.930575598
0.04017398028,0.06718190568,0.9969316139,0.07835759719,1.031857476,1,4.061797529
-0.04772265493,0.02251995747,0.9986067293,0.05279383288,2.700682904,1,4.21121933
0.05559199145,-0.06583630698,0.9962806388,0.08627478353,5.413621308,1,4.083155553
0.00478774156,0.06912758672,0.9975963383,0.0693487592,1.50164726,1,4.030681482
-0.03601835444,0.03567367041,0.9987142071,0.05071624156,2.361002297,1,4.031087774
-7.993334327e-05,-0.0671855903,0.9977404923,0.06723628578,4.711199242,1,3.864205604
-0.0276110811,-0.01712487006,0.9994720441,0.03249622497,3.696745326,1,3.853580803
-0.03196728651,0.06208301087,0.9975589167,0.06988672351,2.046302234,1,3.90640411
0.05591145407,0.003843903682,0.9984283318,0.05607281122,0.0686418327,1,4.088063916
-0.04857925224,-0.006126282233,0.9988005431,0.04898360438,3.267039464,1,3.86382807
0.07287845915,-0.05349294109,0.9959052342,0.09052693969,5.650001728,1,4.058975155
-0.1004709545,-0.01124479743,0.9948764455,0.1012712754,3.253049695,1,3.954719112
0.05337825319,0.03204224052,0.9980601469,0.06229736041,0.5406300767,1,4.019737195
-0.09077531761,0.02265319465,0.9956137175,0.09369624143,2.897035344,1,3.845162402
-0.01738327168,0.05108827359,0.9985428434,0.0539909361,1.898767447,1,4.076535088
-0.02230152388,-0.002358762689,0.9997485075,0.02242779663,3.246967772,1,4.127074272
0.03926117574,0.0809605124,0.9959437512,0.09009987774,1.119267293,1,3.797875397
-0.03415910936,0.03928930729,0.9986438332,0.05208595677,2.286460116,1,3.989000372
0.04101205796,-0.07791749108,0.9961158947,0.0881660057,5.196895573,1,3.94208764
-0.0003712100172,-0.04541768411,0.9989680156,0.0454348315,4.704215914,1,4.161849764
-0.03437966649,-0.02404057652,0.9991196571,0.0419636055,3.751826703,1,4.016898026
0.02076168592,-0.03464692794,0.9991839384,0.04040229212,5.252246514,1,3.990772146
0.06406676858,0.02010616011,0.9977430488,0.06719822397,0.3040973055,1,4.074671565
-0.004409401854,-0.02536539291,0.9996685221,0.02574864052,4.540273583,1,4.104339167
-0.07558520094,0.01406854853,0.9970400962,0.07695927716,2.9575701,1,4.16770575
-0.04376446756,0.05814129745,0.9973486155,0.07283621261,2.216039808,1,3.833111675
-0.06451169001,-0.0277029869,0.9975323485,0.07026616569,3.54720605,1,3.946166676
0.04434801047,-0.06588424196,0.9968412715,0.07950336846,5.304846079,1,3.883286603
0.00667652422,-0.04104205138,0.999135113,0.04159354983,4.87365158,1,3.895508
-0.02214736838,-0.04208594314,0.9988684936,0.04757562129,4.227969255,1,3.922315361
0.0243611,-0.02061077935,0.9994907366,0.03191572072,5.580987205,1,4.130279638
0.01740632792,0.05994456587,0.998049933,0.06246120585,1.28819419,1,4.059327336
-0.03286341619,-0.03545596303,0.9988307517,0.04836271742,3.964920077,1,3.999914508
-0.01625032816,0.07764731651,0.9968484444,0.07941300134,1.777102506,1,4.09751919
-0.07582878202,0.02764493642,0.9967375549,0.08079876967,2.791996864,1,3.908610553
0.0275680749,0.0428878095,0.9986994728,0.05100606155,0.9995027304,1,3.848709663
-0.06764443291,-0.04402616554,0.9967376422,0.08079768736,3.718562963,1,4.069010051
0.0465824414,0.06220230442,0.9969759022,0.07778975858,0.9280084929,1,4.136437564
-0.02487531045,-0.08966779286,0.9956610396,0.09318907404,4.441777713,1,4.08025528
0.04300079101,0.03114154125,0.9985895735,0.0531179468,0.6267892375,1,3.825522783
0.0776135703,0.03008565609,0.9965294712,0.08333712344,0.3698007601,1,3.929723558
0.0826831166,-0.02659360367,0.9962210008,0.08696415034,5.972001918,1,3.885092202
0.005272123262,-0.07964956977,0.9968089841,0.07990887883,4.77848405,1,4.171763433
-0.03763084153,0.02688921442,0.9989298724,0.0462670195,2.52116649,1,4.028482183
-0.003910317945,0.03458790467,0.9993940095,0.03481527521,1.683372816,1,3.952437445
0.03012428046,-0.01499721603,0.9994336452,0.03365733879,5.821263353,1,4.129451488
-0.02400369791,0.004743713472,0.999700615,0.02447038703,2.946482482,1,3.954367562
-0.03972630098,0.05834750919,0.9975055835,0.0706463612,2.168558668,1,3.87823899
-0.04531620248,-0.06940378372,0.9965588576,0.08298334557,4.133952823,1,3.98076457
0.007489781873,0.08665394417,0.9962103177,0.08708706356,1.484577358,1,3.917333763
0.0140033167,0.01784016192,0.9997427848,0.02268154471,0.9053108635,1,3.951835101
-0.01531354305,-0.04369831195,0.9989274012,0.04632041813,4.375324136,1,4.037850077
-0.05511480752,-0.03732249646,0.9977822354,0.06661208369,3.736836593,1,3.993223201
-0.02100315157,-0.01395046323,0.9996820756,0.02521671214,3.727891235,1,3.869834235
0.01424893915,0.0104025058,0.9998443657,0.01764303518,0.6306134768,1,4.014288473
0.003224511022,-0.04739607641,0.9988709699,0.04752352334,4.780317596,1,4.169120719
0.0490846974,-0.02765664402,0.9984116398,0.05636986504,5.770076469,1,3.859977127
0.05997590519,-0.03628577096,0.9975400912,0.07015579736,5.739093193,1,3.857762738
-0.003492497946,0.07749132226,0.9969869094,0.07764798745,1.615835384,1,4.056564126
0.05161699493,-0.06926581071,0.9962619803,0.08649105004,5.352812052,1,4.067536116
-0.01451931017,0.04001127057,0.9990937333,0.04257707481,1.918899587,1,3.974717762
-0.06426159366,-0.05529133549,0.9964001785,0.08487618416,3.852099458,1,3.9303747
0.06267512828,-0.04407416708,0.9970603272,0.076695687,5.670304063,1,4.037182615
-0.04792464527,-0.04931952352,0.9976326042,0.06882340412,3.941333915,1,4.111325238
0.07093716603,0.006061911626,0.9974623661,0.07125598828,0.08524755892,1,4.182534395
0.05659785039,-0.0391019503,0.9976310545,0.06884593601,5.678610865,1,3.904132354
-0.03628257458,0.01764501971,0.9991857826,0.04035660937,2.688947076,1,4.066470542
0.06639962753,-0.02878513215,0.9973778149,0.07243385796,5.87412584,1,3.895192123
0.0692045034,0.02009493525,0.9974000854,0.07212547413,0.2825989995,1,3.881778785
0.06518363281,-0.07728914719,0.9948756112,0.1012795276,5.413023526,1,3.853074966
0.006544989938,0.04532240922,0.9989509709,0.04580856967,1.427378219,1,3.8717552
-0.0073919052,-0.06874813239,0.997606663,0.06919959975,4.605278936,1,3.948039102
-0.01886070205,0.01011500211,0.9997709541,0.02140348803,2.649328172,1,3.932102519
-0.06151139671,-0.002147102042,0.9981040717,0.06158778534,3.176484247,1,3.936835662
-0.08732565536,-0.05245982682,0.9947975656,0.1020485333,3.682554517,1,4.077474304
-0.04435291434,-0.04655366626,0.9979306465,0.06434388294,3.951195029,1,3.853791331
-0.02864756194,0.04879470981,0.9983979134,0.05661297659,2.101679393,1,4.174866766
0.02027217072,-0.003659483035,0.9997878011,0.02060128055,6.104591085,1,4.062668949
-0.06619646152,-0.04021179136,0.9969960082,0.07753060074,3.68748038,1,4.010791331
-0.05570228677,-0.03717667095,0.9977550553,0.06701917877,3.73011476,1,3.868405156
-0.06523928637,-0.04696995772,0.9967635921,0.08047552554,3.7655922,1,3.778744035
-0.07163961619,-0.05568381399,0.9958750314,0.09086041574,3.80232362,1,4.174310077
0.04480127786,0.0004344815842,0.9989958242,0.04481838745,0.00969766901,1,3.917235566
-0.04032150917,-0.009438785264,0.9991421747,0.04142337478,3.371540258,1,4.127800617
-0.01403109622,-0.031192126,0.9994149186,0.03420930911,4.289677977,1,4.012022369
-0.01172988876,-0.01472523744,0.9998227728,0.01882723526,4.03973443,1,3.869956737
0.01031680185,0.07537803904,0.9971016572,0.0761543686,1.434774006,1,3.903379626
0.03684201583,-0.02787743994,0.998932187,0.04621694706,5.635425737,1,4.016874725
0.05271585104,-0.07542622572,0.9957569601,0.09215252462,5.322380422,1,3.9137713
-0.0007000405479,-0.009938470366,0.9999503671,0.009963259234,4.642067671,1,3.823082123
-0.05017740379,0.01403299157,0.9986417292,0.05212635411,2.868892258,1,3.963785107
0.03072083521,-0.07586955585,0.9966443903,0.08194495757,5.097126523,1,3.996777687
-0.04918035075,-0.05315051329,0.997374712,0.07247672101,3.965768681,1,3.900820394
-0.04961946865,0.05404554588,0.9973048618,0.07343500165,2.313524447,1,3.96337952
-0.02247242622,-0.07787346503,0.9967099445,0.08114013979,4.431445434,1,4.020179635
-0.02827118484,0.0001095787666,0.9996002842,0.02827516465,3.137716685,1,4.191120267
0.000643956051,-0.07081663132,0.9974891428,0.07087889129,4.721482018,1,3.932768304
0.03214876142,-0.01559358142,0.9993614448,0.0357385833,5.831573483,1,3.929746103
0.02835566539,-0.001080533863,0.9995973133,0.0283800551,6.245097282,1,3.9340453
-0.0420496193,0.07573985239,0.9962405855,0.08673836933,2.077611519,1,4.064955105
-0.02615914686,-0.004660375201,0.9996469276,0.02657416563,3.317897639,1,4.040724875
-0.02117991594,0.05070155069,0.9984892408,0.05497526334,1.966499138,1,4.152303446
-0.03432643852,-0.05713084412,0.997776409,0.06669955911,4.171352806,1,3.981833034
-0.05951076367,-0.006834423821,0.9982042675,0.0599378044,3.255935211,1,4.019402202
-0.02379704314,0.06642697507,0.9975074725,0.07061959536,1.914796211,1,4.041450994
0.08557673893,-0.03280355546,0.9957914182,0.09177730845,5.917137565,1,4.171379516
0.004276164523,0.085657305,0.9963154824,0.08586946388,1.520915963,1,3.974665174
0.02156859312,0.03750977817,0.9990634676,0.04328229658,1.048952617,1,4.052146562
0.02551945878,0.06978156383,0.997235825,0.07437001316,1.220199596,1,3.905640997
0.007214137238,-0.003182585693,0.9999689132,0.007885043837,5.867707357,1,4.221112556
0.03702338128,-0.05967585218,0.9975309829,0.07028561371,5.267679429,1,3.980175209
0.007450735234,0.07809019367,0.9969184561,0.07852550938,1.475672362,1,4.041957118
0.03698640178,0.03234111379,0.9987923,0.04915166766,0.7184932023,1,4.007580387
0.02474649226,0.04215237857,0.9988046797,0.04889905013,1.03993675,1,4.104579511
-0.02919413502,-0.00154900856,0.9995725602,0.02923936662,3.194601842,1,4.071570838
0.07137759965,-0.0217386133,0.9972124503,0.07468394436,5.987552198,1,3.718658426
0.01718029284,-0.08886657095,0.995895361,0.09063608625,4.903359878,1,3.999021509
-0.08237785685,-0.005219101044,0.9965875023,0.08263704197,3.204863719,1,3.885523673
-0.03091899532,-0.04558764323,0.9984817387,0.05511162571,4.116422335,1,4.041843169
0.08400052926,-0.006430577164,0.9964449602,0.08434628809,6.206780324,1,4.024715234
0.03825785496,-0.03845210133,0.9985278025,0.05426893833,5.495254931,1,4.046113281
0.07563340335,-0.01855980858,0.9969629491,0.07795626291,6.042548559,1,4.122016809
-0.01261040933,0.08917014978,0.9959365753,0.09017959433,1.711284333,1,3.887868052
-0.05362721956,0.02090430175,0.9983421916,0.05758935104,2.769903525,1,4.013739394
-0.04586427817,0.0458454241,0.9978951173,0.06489409162,2.356400074,1,4.254300163
-0.02279346346,-0.06258645943,0.9977792307,0.06665720974,4.363127664,1,3.948774087
-0.06709190232,0.02857285017,0.9973375902,0.07298756084,2.738980018,1,4.004594377
0.03751851182,-0.03773277802,0.9985832958,0.05323605532,5.494939809,1,3.699508626
-0.05047212804,-0.06204037159,0.9967966476,0.08006327683,4.029448197,1,4.012053107
-0.025529084,-0.05534690882,0.9981407644,0.06098872049,4.280214234,1,4.197372366
0.06734560453,-0.02983381697,0.997283567,0.07372467393,5.866171358,1,4.112864809
-0.08495159949,-0.0327343712,0.9958472206,0.09116640714,3.509388571,1,3.990437368
-0.06124975761,0.01536189431,0.9980042482,0.06318885987,2.895854201,1,3.86757282
-0.06240187594,0.02601255766,0.997712059,0.06765816956,2.746640748,1,3.803653961
-0.06449497738,-0.05553134094,0.9963717519,0.0852108469,3.852448599,1,4.018401157
0.001319671746,-0.09611279572,0.9953695741,0.09627049219,4.726118566,1,3.979063842
0.01068968805,-0.05451954678,0.998455482,0.05558625238,4.90600357,1,3.876950474
0.002363714212,-0.08213472075,0.9966184328,0.08226147094,4.741159541,1,4.027892462
-0.06228408707,-0.02084442242,0.9978407701,0.06572681879,3.464542939,1,4.210554828
-0.03856274359,0.03401529319,0.9986770622,0.05144374717,2.418768705,1,4.092503598
0.04299231478,-0.01431233832,0.9989728814,0.04532757312,5.961820684,1,3.855703979
-0.04076909761,-0.05452434239,0.9976797967,0.06813370778,4.07034683,1,4.000407526
-0.05440951393,-0.01781347749,0.9983597973,0.0572826553,3.457990461,1,3.984949387
0.0453207875,0.03431942739,0.9983827939,0.05687956041,0.6481286456,1,4.038090882
-0.03022016658,0.001493868208,0.9995421501,0.03026168569,3.092200034,1,3.82005728
0.03956162555,0.06199128509,0.9972923134,0.07360583422,1.002775037,1,3.956204301
0.005440139178,-0.09120069472,0.9958176732,0.09149038649,4.771968578,1,4.075288629
0.03355122744,0.04360595254,0.9984852708,0.05504746565,0.9149827567,1,4.128778782
0.07915587591,0.04682583725,0.9957618632,0.09209922677,0.5341941288,1,3.992307407
0.08349839443,0.007078979264,0.9964827676,0.08389631849,0.08457757477,1,4.017495237
0.05126188572,-0.05006675297,0.9974294658,0.07171661165,5.509581216,1,3.933738748
-0.07479171068,0.01149029107,0.9971329767,0.07574159119,2.989153958,1,4.12155029
-0.0695334993,0.01385683991,0.9974833735,0.07096030933,2.944886673,1,4.077036354
-0.04904241054,0.06129131107,0.996914348,0.07857786239,2.245630397,1,4.083994003
-0.05450724554,-0.006883183414,0.9984896504,0.05496780765,3.267207909,1,3.981664661
0.03325362279,-0.04041166338,0.998629608,0.05235847744,5.400921455,1,3.973583205
-0.0187552577,-0.06803374641,0.9975067166,0.0706303075,4.443394589,1,3.920822656
0.07066054502,0.06769712707,0.9952005759,0.09801293846,0.7639829078,1,4.077485719
0.04070976593,-0.05419392024,0.9977002225,0.06783302356,5.356649308,1,3.989081742
-0.03615001698,0.08061407566,0.996089628,0.08846381325,1.992346424,1,3.86436882
-0.03953854368,0.01324453665,0.9991302647,0.0417099848,2.818362758,1,4.073414758
0.008540644959,-0.03571075213,0.9993256724,0.0367261045,4.947141187,1,4.02908099
-0.07646001622,0.02629983217,0.996725732,0.08094512226,2.810301238,1,4.103529056
-0.07204642035,0.05335002435,0.9959734375,0.08976934444,2.504202457,1,3.944994135
0.0631509264,-0.02139712936,0.9977745854,0.06672691304,5.956500185,1,4.034016834
0.05544491766,-0.05237918697,0.9970868979,0.07634811855,5.526212188,1,3.978869446
-0.01978936548,0.003927069316,0.9997964589,0.02017662258,2.945694255,1,3.928332899
-0.05050055476,0.06171693698,0.9968152856,0.0798298968,2.256573191,1,4.205372839
0.02613817552,-0.04732369408,0.9985375625,0.05408870631,5.217017349,1,3.96041357
0.0001800617428,-0.07368960373,0.997281209,0.07375667884,4.714832492,1,3.961114951
0.05051775226,-0.01419531866,0.9986222758,0.05249839455,6.009252659,1,4.025665464
0.02952153447,0.06186432463,0.9976478759,0.06860097278,1.125556115,1,4.04189328
0.08084760114,0.01135196077,0.9966618275,0.08173165112,0.1394998458,1,4.018251635
0.03218033976,-0.03753062572,0.9987771913,0.04945822457,5.421187751,1,4.11314246
0.0512022169,0.01962515077,0.9984954614,0.0548619362,0.3660162314,1,3.988801148
-0.005777662722,0.05870741026,0.9982585129,0.05902529609,1.668894971,1,4.122527088
-0.04666227665,-0.04913947748,0.9977013299,0.06781668356,3.952842629,1,4.051065369
-0.0479738576,-0.06297970607,0.9968611065,0.07925322713,4.061419566,1,4.045858384
-0.07480122828,-0.06220336886,0.9952565082,0.0974396906,3.835296575,1,4.14221578
-0.03639736456,0.05300088382,0.9979309286,0.06433949562,2.172561487,1,4.069171412
0.01081940943,-0.01221262202,0.9998668873,0.01631659837,5.437370544,1,4.081338824
0.003726767014,-0.02646346091,0.9996428344,0.02672776926,4.852295828,1,3.933362067
-0.03490973147,0.003462107454,0.9993844728,0.03508818498,3.042742748,1,3.915909541
0.04047690274,0.05082839816,0.9978868144,0.06502200109,0.8982884774,1,3.971733165
0.0650447605,-0.07589937897,0.9949916901,0.100124882,5.420925242,1,4.062094927
-0.08037430536,0.007902431735,0.9967334261,0.08084990929,3.043587273,1,4.055985493
-0.00812229949,-0.0552831322,0.9984376814,0.05590573537,4.566510809,1,3.953282316
0.06252784059,-0.004876996911,0.9980313041,0.0627589381,6.205345693,1,4.129670068
-0.08253480122,-0.02405322523,0.9962978716,0.08607456019,3.425169844,1,4.079588988
0.01490460233,-0.05302688792,0.9984818486,0.05510963046,4.986395472,1,4.030102391
0.02435015955,-0.02012449967,0.9995009126,0.03159521935,5.59251553,1,3.811051623
0.01310916609,0.07338124411,0.9972178011,0.07461219726,1.394016521,1,4.095864249
-0.04198516889,-0.006400331503,0.9990977336,0.04248298673,3.292870666,1,3.948300025
0.04798988869,0.05114193999,0.9975377048,0.07018983284,0.8171840159,1,4.075321572
-0.003261334691,0.08281623083,0.9965594993,0.08297560331,1.610156369,1,3.967926593
0.04694156812,-0.04950522828,0.9976701467,0.0682753044,5.47121232,1,3.986654351
0.03488404641,-0.04000750276,0.9985902578,0.05310505674,5.429481895,1,3.91705219
0.06088079365,-0.003065541145,0.9981403365,0.06099573986,6.232874625,1,3.999332749
-0.04366880366,-0.07758079107,0.9960292448,0.08914466702,4.19970965,1,4.01954046
0.04698705925,-0.0517928405,0.9975518623,0.0699876742,5.449174066,1,3.939359671
0.07448492079,-0.0468997824,0.9961186711,0.08813446831,5.721245773,1,3.980363405
-0.05404901622,0.04521374854,0.9975141206,0.07052531488,2.444969423,1,4.003155042
0.002691125371,0.02156467189,0.9997638335,0.02173365126,1.446644912,1,4.012677309
0.03171901277,0.04538234804,0.9984659968,0.05539667102,0.9607899064,1,4.000860473
0.007806581938,-0.05549758427,0.9984283026,0.05607333208,4.85213733,1,4.050972338
-0.03272968317,0.03038777792,0.9990021776,0.04467635648,2.393281398,1,4.089771003
0.01450108919,-0.01225800779,0.9998197136,0.01898904107,5.581416635,1,4.019891901
0.02154037512,-0.06886877812,0.997393154,0.07222159509,5.01552361,1,4.172682534
-0.02161050229,0.02517545533,0.9994494398,0.03318465806,2.280144372,1,3.972352942
0.0595104529,-0.03735347054,0.9975285581,0.07032013326,5.722661731,1,3.985435303
0.06295268179,-0.02110428095,0.9977933499,0.06644489582,5.959719394,1,4.079033463
0.01616724416,-0.0530884391,0.9984589315,0.05552412988,5.008000363,1,3.805816747
0.07347159715,0.02238431923,0.9970460705,0.07688153155,0.2957322812,1,3.998043243
0.02154457175,-0.04454297893,0.9987751271,0.04949996086,5.162895987,1,3.953951579
0.003534192123,0.05932596607,0.9982324074,0.05946618451,1.511294216,1,4.122029916
0.02110910633,-0.07140140266,0.9972242703,0.07452536128,4.999840934,1,4.007428869
0.02481284805,0.06022368311,0.9978764606,0.06518115408,1.179978313,1,3.939234917
0.05881703743,-0.03569835386,0.997630284,0.06885713433,5.737679217,1,3.938824771
0.04170642173,-0.06348279279,0.9971110818,0.07603039219,5.293649876,1,3.887193506
0.06800313137,0.0691385642,0.9952866085,0.09712979805,0.7936772421,1,4.069798909
-0.02572101239,0.03177252274,0.9991641188,0.04089003948,2.251325133,1,4.11882992
-0.07992399978,-0.02185951787,0.9965612454,0.08295453328,3.40856733,1,4.06935752
-0.03763525636,0.062606514,0.9973284373,0.07311296836,2.112053365,1,4.198091115
0.004934761865,-0.05019407012,0.9987272918,0.05045747168,4.810387695,1,4.006985157
-0.04265128334,0.01309616429,0.9990041834,0.04463142143,2.843678705,1,4.18256641
0.01474297328,0.08381030754,0.9963726597,0.0852001797,1.396668971,1,4.009692938
0.01869409203,-0.07154892361,0.9972618926,0.07401834693,4.967952859,1,4.033183061
0.0442475143,-0.05392380634,0.9975642238,0.06981068236,5.399539123,1,4.112555266
-0.08045776688,0.009520405426,0.9967125512,0.08110797305,3.023812332,1,3.940582498
0.04558749612,0.02304345635,0.9986945375,0.05110277087,0.4680200498,1,4.128573401
-0.000326206619,0.06334723269,0.9979914938,0.06339051835,1.575945782,1,4.003651859
-0.03342074849,0.05621603296,0.9978591139,0.0654469316,2.10716606,1,4.176151656
-0.05981723103,-0.01966438329,0.9980156366,0.06300825388,3.459204534,1,3.952550903
0.05673175187,0.002542668188,0.9983862194,0.05681927128,0.04478916341,1,4.058012828
0.02054125252,-0.06126483665,0.9979101546,0.06466179202,5.035896058,1,4.005137918
-0.0164586561,-0.08970926005,0.9958319945,0.09133349971,4.530940242,1,3.893743433
-0.01808943564,-0.07544744261,0.9969856848,0.07766377219,4.477068976,1,3.96738326
-0.004757351692,0.04128406598,0.9991361236,0.04156923862,1.685524858,1,4.003762474
0.03770890795,-0.05947424693,0.9975173443,0.07047955202,5.277460853,1,4.059691262
0.0265435608,0.008933855636,0.9996077359,0.02801034744,0.324663745,1,3.927648982
0.03924501287,0.05466066949,0.9977334515,0.06734100175,0.9481079699,1,3.898838204
0.02337353858,0.01920407296,0.9995423359,0.03025554507,0.6877831524,1,4.089867925
-0.05959191049,-0.0173545776,0.9980719527,0.06210744147,3.424978491,1,3.930687391
0.04908850392,-0.0132157044,0.998706996,0.0508582874,6.020198767,1,3.945044887
-0.05678858021,-0.04230017815,0.9974897253,0.07087066596,3.781803245,1,3.933055449
0.009222518012,0.03970176369,0.9991690123,0.04077015637,1.342549416,1,3.951414502
0.006892280554,-0.0649367629,0.9978655788,0.06534800618,4.818131436,1,3.813889044
-0.05122287001,0.04350182924,0.9977393489,0.06725330211,2.437525012,1,3.926798189
-0.01801549354,-0.03850393898,0.9990960358,0.04252294587,4.274760168,1,3.895361992
0.04866526049,0.06707082474,0.996560684,0.08296130779,0.9431079551,1,4.051996239
0.06862594375,-0.04399200882,0.9966720539,0.08160629413,5.713134317,1,3.898194467
-0.08994715286,-0.008933051004,0.9959064767,0.09051319457,3.240582487,1,4.077409103
-0.03699001312,0.0185830128,0.9991428379,0.04140735595,2.676043505,1,4.03014172
0.08264961498,-0.01567434192,0.996455396,0.08422232545,6.095763028,1,4.130381507
0.05783358832,0.03774169163,0.9976125705,0.06911410996,0.5781946561,1,4.016467049
0.03460604494,0.03151065643,0.9989041496,0.0468198795,0.7386152796,1,4.065008339
0.02649994286,-0.04958702918,0.9984181887,0.05625350616,5.203186341,1,3.918723507
-0.08130293233,-0.02981543942,0.9962433803,0.08670610247,3.493084764,1,4.02936889
-0.03868841448,-0.02751965527,0.9988723017,0.04749547951,3.759872378,1,4.012209204
0.02927281391,-0.02391594581,0.9992853096,0.03780940589,5.598162963,1,4.029456005
0.01288336991,0.0447888268,0.9989133995,0.04662182545,1.290710769,1,4.004257856
-0.05966190243,-0.002379725173,0.9982158055,0.05974487983,3.181458368,1,4.03405552
0.008897006863,-0.02320030696,0.9996912468,0.02485031351,5.078579121,1,3.910069191
-0.007709363116,-0.02758672717,0.9995896849,0.02864762259,4.439881885,1,4.060440479
0.0306222167,-0.065068906,0.9974108067,0.07197654333,5.152251129,1,3.957057215
0.0294031748,-0.0637913794,0.9975300062,0.07029952067,5.144292629,1,4.083175982
-0.01103972518,0.05379279119,0.9984910916,0.05494156861,1.773212617,1,4.060657805
-0.03816958878,-0.04215944097,0.9983815223,0.05690192417,3.976618904,1,3.912763674
0.04853744442,0.03917439951,0.9980528458,0.06241452521,0.6790530971,1,4.098976709
-0.008016595307,0.06694017978,0.997724785,0.06746967212,1.689986287,1,4.070353315
-0.0003373887047,-0.05603065406,0.998428992,0.05606103036,4.706367551,1,3.844206702
0.02843607619,-0.08905916142,0.9956203369,0.09362546344,5.02145158,1,4.044582124
-0.05133330389,-0.03545556348,0.9980520001,0.06242808128,3.74604509,1,3.932545098
0.06337530729,0.01380990305,0.9978942113,0.06490806028,0.2145527532,1,3.920348388
-0.03682225464,-0.04789147506,0.9981735962,0.06044766356,4.056920885,1,4.119973963
0.05158421115,0.02229773018,0.9984196915,0.05622677116,0.4080028318,1,4.156814722
0.04092364948,-0.04893195379,0.9979633855,0.0638326902,5.408897849,1,4.159645183
0.01502287084,0.01359077421,0.999794781,0.02025961367,0.7353904609,1,4.191434548
0.04544449196,-0.02791503164,0.9985767618,0.05335870976,5.732341681,1,4.081347439
0.03535981784,0.02013415961,0.9991718065,0.04070154408,0.5176215127,1,3.96330144
-0.03356245925,0.03999644975,0.9986359924,0.05223634347,2.268949346,1,3.880311877
-0.0856575368,0.0264484533,0.9959735266,0.08976835051,2.842109793,1,4.01290304
0.04211552411,0.001089834537,0.9991121533,0.04214209536,0.02587149026,1,3.932497574
0.05081713734,-0.05046447367,0.9974321809,0.07167871127,5.501269141,1,3.961572312
0.0717143002,-0.03718449082,0.996731846,0.08086947153,5.804840589,1,4.23421721
0.0336202282,0.04578687176,0.9983853177,0.05683514766,0.9374343763,1,3.944135275
0.002216878103,0.06891054529,0.9976203798,0.06900093566,1.538637043,1,4.163565421
-0.03640448109,-0.05778946294,0.9976648193,0.06835334784,4.15023792,1,3.995271919
-0.0198283416,-0.08520019893,0.9961665338,0.08758901754,4.483732653,1,3.99437081
-0.07562756739,0.03281242294,0.9965961148,0.0825326368,2.73223431,1,4.101246961
-0.04793816969,-0.01037362254,0.9987964356,0.04906742031,3.354702639,1,4.010291355
-0.001200801798,0.05614676023,0.9984218043,0.05618916172,1.592179907,1,3.991662788
-0.03981985328,-0.06460323268,0.9971162428,0.07596241568,4.160015567,1,4.023174043
0.04849164823,0.001338592353,0.9988226911,0.04852916646,0.02759758739,1,3.918565704
0.01978763064,0.0531505431,0.9983904394,0.05674491322,1.214400109,1,3.948909611
-0.03137301746,0.07461901814,0.9967184838,0.081034715,1.968800531,1,4.04465465
0.07691745271,-0.004679741226,0.9970264818,0.07713615189,6.222419127,1,4.043644975
-0.02153463011,0.04476072956,0.9987656065,0.04969200145,2.019214347,1,3.899265208
0.04785538255,-0.001416726716,0.9988532701,0.0478946574,6.253589617,1,4.028130738
0.01543828386,-0.04048714608,0.9990607841,0.04334427123,5.076683004,1,3.861580401
-0.03543177956,0.05323923241,0.9979529914,0.0639954266,2.158004737,1,4.053197499
-0.06104774883,-0.01918115596,0.9979505276,0.06403394097,3.446024829,1,4.072429471
0.01380379652,-0.07489993278,0.9970955096,0.07623512966,4.894640455,1,3.942851409
0.008353735195,-0.02803921506,0.9995719171,0.02926135369,5.001946,1,4.051982347
0.05491715093,0.03599659907,0.9978418469,0.06571042285,0.5802116469,1,3.83489803
-0.06046969431,0.009386131302,0.9981259022,0.06123207465,2.987601113,1,3.914440495
-0.005342443485,0.01529506738,0.999868751,0.01620196769,1.906840203,1,4.090692305
-0.05060194626,0.03002635986,0.9982674295,0.05887395108,2.606052433,1,4.086392465
-0.09652314084,-0.002819458135,0.9953267473,0.09671501539,3.170794528,1,4.051473905
-0.07039259905,0.05854050166,0.9958001264,0.09168224209,2.447861268,1,4.020076503
-0.009821669545,-0.08599285539,0.9962473406,0.08666035816,4.598666827,1,4.018260878
-0.02157429212,-0.01712495293,0.999620571,0.02754824956,3.81252118,1,3.996504646
-0.01118793433,0.04496803244,0.9989257761,0.04635550168,1.814642911,1,3.991510988
-0.06618087346,0.05520640415,0.9962792505,0.08629089344,2.446358093,1,4.005446422
-0.07335209829,-0.03881592875,0.996550447,0.08308475304,3.628305147,1,3.997906061
-0.00631588601,-0.001212099876,0.99997932,0.006431187482,3.331200182,1,3.852170542
0.0471642505,0.02507414064,0.9985723914,0.0534405907,0.4886337378,1,3.9122829
-0.06816622185,0.03503488362,0.9970586358,0.07671775957,2.666837518,1,4.148347436
0.01513842988,-0.08341743125,0.996399699,0.08488184104,4.891913179,1,4.139966449
-0.06341279522,-0.03256577038,0.9974559078,0.07134664208,3.616023023,1,4.168564844
0.06782415021,0.06156002648,0.9957962883,0.09172415393,0.737021025,1,4.028430103
-0.07325876825,-0.023686198,0.9970316529,0.07706901804,3.454306439,1,4.160419189
-0.05052525096,0.02215078604,0.9984771113,0.05519556934,2.728418485,1,4.131770019
-0.06149358264,0.05202434053,0.9967507247,0.08063543153,2.43941809,1,4.158470434
0.05858839178,0.03370031543,0.9977132299,0.06764084859,0.5219880666,1,3.935522064
-0.07428763028,0.07016073639,0.9947657106,0.1023607547,2.384756749,1,4.062324912
0.09127536395,-0.02025898085,0.9956195968,0.09363337952,6.064771467,1,3.923940732
-0.03781783998,-0.05715116437,0.9976490141,0.06858436613,4.127821596,1,3.97274978
0.06788277119,-0.03483084226,0.9970851226,0.07637138915,5.809110462,1,4.062207528
-0.03866835509,-0.06515395991,0.9971257292,0.07583730964,4.176768504,1,4.163252282
0.002402092828,0.02916743805,0.9995716535,0.02927036283,1.488626471,1,4.03006586
-0.002576580813,-0.06340114481,0.9979847975,0.06349613674,4.671771989,1,4.01332305
-0.0006529179327,-0.06307825219,0.9980083706,0.06312354305,4.70203843,1,3.970815285
0.03296591842,-0.05949464447,0.9976841361,0.06806993881,5.218373709,1,3.952032328
-0.03114858359,0.006316093237,0.9994948087,0.03178785296,2.941532129,1,4.038861019
0.04820629073,0.009416022263,0.9987930176,0.04913705838,0.1928989211,1,4.06337388
0.0053531286,0.03112633495,0.9995011232,0.03158855112,1.400481745,1,4.007811423
0.02789152626,0.04242527563,0.9987102476,0.050794285,0.9892176471,1,4.016116605
0.0745925014,-0.00114787108,0.9972134381,0.07467070399,6.267797963,1,3.954770163
0.006723707495,-0.06939545276,0.9975665707,0.06977702936,4.80897723,1,3.870038184
-0.05091090269,0.05242815837,0.9973261093,0.07314483184,2.341513239,1,4.049717076
0.01348933636,-0.0976869968,0.9951257651,0.09877448761,4.849608527,1,4.017931013
0.03354226558,-0.05619455664,0.9978562463,0.06549076443,5.250522471,1,4.022788161
-0.04849007467,-0.02546581609,0.9984989759,0.05479780588,3.625177498,1,4.136740183
-0.05712778808,-0.03910945934,0.9976005543,0.06928788972,3.741905428,1,4.023145709
0.02211782686,0.01388242723,0.9996589818,0.02611656777,0.5605082817,1,3.819816075
-0.00345353694,0.03565769986,0.9993580947,0.0358322186,1.667347669,1,4.110820698
0.02978217487,0.01960593571,0.9993641125,0.03566384465,0.5821956378,1,3.945569691
0.03440807493,0.06264476076,0.997442589,0.07153323443,1.068523717,1,3.952819394
-0.09250243836,-0.03148160706,0.9952146539,0.09786896933,3.469629379,1,3.911312722
-0.01021708746,-0.005765872864,0.9999311805,0.01173202799,3.655375919,1,3.863942207
0.03711586962,0.02426832535,0.9990162464,0.04436022812,0.5790791152,1,4.082460043
0.02181767942,-0.01814808569,0.9995972368,0.0283827491,5.58934884,1,3.974340946
0.05390930745,0.05009413911,0.9972885058,0.07365759235,0.748731509,1,3.933709312
0.06166121884,-0.05242462093,0.9967193954,0.08102345187,5.578572766,1,4.018620533
-0.0133810395,0.07392194272,0.9971742547,0.07519411074,1.74987301,1,4.07752709
-0.02478231226,0.0942239259,0.9952425276,0.0975832919,1.827986461,1,4.078824305
0.01164082231,0.01151849321,0.9998658988,0.01637706957,0.7801161436,1,4.12413766
0.03829532748,-0.0007397444156,0.9992661911,0.03831184323,6.263870877,1,4.086823844
0.03246536434,-0.008600685876,0.999435855,0.03359160671,6.024215435,1,3.973476353
-0.006002068142,0.0684048091,0.9976395929,0.06872170397,1.658315551,1,4.007957296
0.004210273095,0.03456789033,0.9993934833,0.03483038824,1.449596068,1,3.911029487
0.08184918508,-0.05684644109,0.9950222073,0.09981911559,5.676142179,1,4.107136564
0.05582374035,0.03383924868,0.9978670329,0.0653257351,0.5449514113,1,3.973506917
-0.01456980216,0.02649710799,0.9995427075,0.03024325871,2.073535012,1,3.971443539
0.07627496597,-0.03958430901,0.9963007638,0.08604091036,5.804478262,1,3.929617948
-0.001643462651,-0.05630648584,0.9984121788,0.05636029846,4.683209461,1,3.864472958
-0.005259606628,0.07151899531,0.9974253706,0.07177374143,1.644205571,1,3.965133483
0.01255058282,-0.02443472891,0.9996226422,0.0274729499,5.18688664,1,4.048131772
-0.02453673805,0.01644902318,0.9995635938,0.02954447188,2.551021303,1,4.038223535
0.02385838621,0.001204036195,0.9997146231,0.023891021,0.05042317581,1,3.982617054
-0.04426623904,0.0192119452,0.998835022,0.04827430437,2.732116133,1,4.162346424
0.02437842044,-0.035741393,0.9990636844,0.04327728671,5.310985267,1,4.012082792
0.03872071702,-0.05699328047,0.9976234119,0.06895694333,5.309149024,1,3.958271641
0.05055790962,0.04491271153,0.9977107527,0.06767748877,0.7263367209,1,3.960110965
0.008888053986,-0.0649275492,0.9978503975,0.06558007385,4.848435254,1,3.842720766
-0.03991142541,-0.01555316675,0.9990821674,0.04284794237,3.513181439,1,3.982111916
0.02584829603,-0.01172492218,0.9995971147,0.02838705049,5.85733732,1,3.871696639
0.08368727733,-0.02960139512,0.9960523064,0.08888524907,5.943205285,1,4.016700214
-0.08543237236,-0.008082983418,0.9963111839,0.08591956987,3.235924503,1,3.874177868
-0.07602359833,0.02718757753,0.9967352949,0.0808267656,2.798145396,1,3.686405378
-0.01721409753,0.05185875251,0.9985060564,0.05466837738,1.89129415,1,4.078462437
-0.01172410483,-0.04846012068,0.9987563076,0.04987885787,4.475017032,1,4.028729319
-0.02781923029,-0.0768549234,0.9966541081,0.08182614995,4.365089898,1,4.021369294
0.01274030934,0.01515936308,0.9998039199,0.01980335919,0.8718873123,1,4.092292762
-0.005074547872,0.0472719353,0.9988691672,0.04756145578,1.677734813,1,3.942166795
-0.008974750472,0.02763060637,0.9995779126,0.02905570693,1.88485811,1,4.035492301
0.03643163804,-0.08253787552,0.9959218016,0.09034349332,5.128062288,1,4.021368637
-0.04466239785,0.02901729054,0.9985806262,0.05328620224,2.565426301,1,4.103079517
0.1010969239,-0.009685010747,0.9948294389,0.1017351759,6.187677507,1,3.973289438
-0.05130069664,0.03835452814,0.9979464759,0.06409722841,2.499602715,1,3.849134755
-0.04441174619,-0.01353650667,0.9989215984,0.04644556947,3.437443291,1,4.085123454
-0.05533949542,-0.0599833066,0.9966642078,0.08170248959,3.967237009,1,4.120438139
0.06497530921,-0.0001552571844,0.9978868599,0.06502130087,6.280795832,1,4.168269061
-0.01404748662,-0.09394291191,0.9954784766,0.09513080314,4.563956608,1,3.977498998
0.05909039506,0.01619286191,0.9981212934,0.06130734218,0.2674692383,1,3.949829359
-0.01412487376,0.07173136938,0.9973239687,0.07317411638,1.765222328,1,3.989963471
0.0394086974,0.01223461287,0.9991482717,0.0412758827,0.3010203942,1,3.922634883
-0.000744195289,0.07256385578,0.9973634909,0.07263151426,1.581051697,1,3.985456925
0.05399836445,0.0383394354,0.9978047225,0.06627339035,0.6174132378,1,3.79576076
-0.05016939223,-0.02924841254,0.9983123572,0.05810538269,3.669413257,1,4.006654919
0.05655632406,-0.05302967896,0.9969900879,0.07760700031,5.52995757,1,3.967928303
0.08007234229,-0.01281798694,0.9967066365,0.08118094373,6.124451965,1,4.074497724
0.007482073969,-0.06864333712,0.997613207,0.06910489186,4.820959639,1,4.162596176
-0.01644002578,-0.03921095317,0.9990957045,0.04253073825,4.315380615,1,4.076272537
-0.05847683303,-0.007176508497,0.9982629702,0.05894968848,3.263706,1,4.112467788
-0.0406314403,-0.006367847557,0.9991539104,0.04113900785,3.297050281,1,4.146694663
0.04852198749,-0.05760618332,0.9971595381,0.07538975592,5.412398817,1,3.955930014
0.02792874085,0.08381039287,0.9960902587,0.08845667455,1.249132293,1,4.102821436
0.007838992119,0.03582234856,0.9993274286,0.03667824447,1.355362612,1,3.971100379
0.005497142374,0.03610953004,0.999332719,0.03653368919,1.419721062,1,3.838613993
0.04859059414,-0.0355508094,0.9981859016,0.06024362502,5.65153869,1,3.996855439
-0.01197344615,-0.03771940844,0.9992166346,0.03958453541,4.405014851,1,4.221541886
-0.02466540186,-0.07407069527,0.9969479174,0.07814904192,4.390940153,1,4.137209189
0.06585869077,-0.0391942596,0.9970588964,0.07671435885,5.746356885,1,3.951080352
0.01802050911,0.003791342473,0.9998304291,0.01841606272,0.2073660941,1,3.838472748
-0.01167758538,0.06594672569,0.9977548112,0.06702282298,1.746055636,1,4.181381412
-0.04197864021,-0.06112696284,0.9972468542,0.0742214261,4.110614448,1,3.963538616
-0.06938699154,-0.006891100817,0.9975660169,0.06978497102,3.240582068,1,4.08289491
-0.05515181396,-0.03588126685,0.9978330582,0.06584413146,3.718383139,1,3.965508277
-0.01907618243,-0.03952887321,0.9990363194,0.04390524881,4.262767286,1,3.93928485
0.02666681064,0.09445959603,0.9951714756,0.09830986874,1.295647613,1,4.073506193
0.002731373224,0.005094792118,0.9999832912,0.005780802597,1.078679085,1,4.001590935
0.0181491466,0.06217354317,0.9979003252,0.06481373307,1.286776974,1,4.013423177
-0.08054936098,0.0485156485,0.9955692002,0.09417086296,2.599476693,1,3.958346027
0.02961623496,0.09787143956,0.9947582922,0.1024333289,1.276952764,1,3.960457551
-0.07228200652,-0.02506850366,0.9970691459,0.07658050529,3.475427485,1,3.871823229
-0.01254432313,0.03509523943,0.9993052407,0.03727840515,1.914080759,1,4.092192861
0.04754544262,-0.07875136161,0.9957598375,0.09212125067,5.255554833,1,4.052840547
-0.03597563244,0.01499872993,0.9992401073,0.03898689503,2.74659116,1,4.049204793
0.06251481914,-0.004088126099,0.998035663,0.06268940013,6.217883775,1,4.044581326
0.008305189051,-0.01841942636,0.9997958534,0.02020660786,5.135985216,1,3.915010215
-0.07663481398,0.02218380899,0.9968124116,0.07986592892,2.85982022,1,4.086995699
-0.03835307871,-0.02943974782,0.9988304874,0.04836818397,3.7962617,1,3.917663437
-0.08358036915,-0.01581861939,0.996375478,0.08516705512,3.328642582,1,4.055585036
0.03950359963,0.06492984135,0.9971076077,0.07607611591,1.024220044,1,4.161180096
0.03662373383,-0.01799610592,0.9991670743,0.0408176773,5.826458864,1,3.886825244
0.01847113027,0.0401952684,0.9990210997,0.04425064971,1.140041493,1,4.001730816
0.0212812173,0.05017991304,0.9985134381,0.05453311529,1.16968965,1,3.928567187
-0.01655730611,-0.09461897329,0.9953758614,0.09620505966,4.539153714,1,4.067850304
-0.063545326,-0.02254846168,0.9977241896,0.0674785031,3.482573287,1,3.729764154
0.06006198566,0.04515018744,0.9971730133,0.07521063331,0.6446051659,1,4.022809353
0.02691935132,-0.05839622297,0.9979304734,0.06434657496,5.144334297,1,4.102319884
-0.04224309693,0.06026014278,0.9972884417,0.07365846331,2.182201316,1,3.901519032
-0.005465282439,0.004139652852,0.9999764967,0.006856148658,2.493343515,1,4.082391725
-0.09290627972,0.02569875357,0.9953431555,0.09654494637,2.87173078,1,3.962468578
0.06924402294,0.0438456586,0.9966357527,0.08205041596,0.564477764,1,4.054133525
0.04580585562,0.009025757755,0.9989095851,0.04670359907,0.1945514065,1,4.141675348
0.001445514649,-0.06465902263,0.997906369,0.06472035169,4.734741219,1,4.030050948
-0.07714891023,-0.03458117012,0.9964196848,0.08464577546,3.562981379,1,4.067940802
-0.06049775001,0.006273439728,0.9981486193,0.06085971174,3.038264886,1,3.987569199
0.003209923361,-0.02025601837,0.9997896729,0.02051021385,4.869549772,1,4.134985228
0.06035941457,0.07657469504,0.9952351768,0.09765871116,0.9032659388,1,3.960660316
-0.005910850869,0.0826510622,0.9965610186,0.08295727003,1.642190505,1,3.94627114
0.05214057603,-0.002033130712,0.9986376854,0.05220390837,6.244211798,1,3.86608993
0.03720512507,0.00161475397,0.999306345,0.03724876285,0.04337416466,1,3.963550534
-0.02423526276,-0.06436075861,0.9976323696,0.06882681616,4.352257117,1,3.989589933
0.07362782949,-0.03353018771,0.9967219619,0.08099173585,5.855848989,1,3.825663522
-0.05134786426,0.05567979657,0.9971274528,0.07581455702,2.315741685,1,4.023384516
0.05452088459,-0.02918593011,0.9980859956,0.06188077688,5.79168525,1,4.080204871
0.0501164658,-0.06743016779,0.9964645063,0.08411395778,5.35154646,1,3.988167619
0.009959207096,-0.07357000248,0.9972403266,0.07430940276,4.846941547,1,3.923576978
0.05332275791,0.06213003576,0.9966426351,0.08196639812,0.8615353685,1,4.084347327
0.06807105091,0.008164695392,0.9976470667,0.06861277657,0.1193734492,1,3.966278811
0.05979152605,0.009779268224,0.9981629823,0.06062310399,0.1621206524,1,4.124059566
-0.007927117362,-0.03163918158,0.9994679199,0.03262291362,4.466895104,1,4.104681199
0.0605932993,0.0004088518412,0.9981624542,0.06063182111,0.00674737374,1,3.983791294
0.005174917174,-0.0184542897,0.9998163128,0.01916730457,4.985785361,1,3.980635962
-0.08818207389,0.02320424992,0.9958340648,0.09131079797,2.884285473,1,3.94322903
-0.0003171477076,-0.01428004667,0.9998979846,0.01428405376,4.69018348,1,3.944232878
-0.01776509171,0.04299088161,0.9989175069,0.04653361028,1.962654992,1,4.002001481
-0.005282902602,0.01358102697,0.9998938177,0.01457286473,1.941776651,1,4.04220262
0.004486235658,0.05996754194,0.9981902462,0.0601714207,1.49612436,1,4.029837724
0.005597212605,-0.0617332044,0.9980769924,0.06202619251,4.80280953,1,4.189203109
-0.06068513126,0.04011513301,0.9973505356,0.07280982253,2.557497463,1,3.931506387
0.02228033015,-0.05480224074,0.998248617,0.0591928118,5.098536628,1,3.952812704
0.01845333342,-0.0600034546,0.9980275847,0.06281821384,5.010746807,1,4.037823163
0.04250453004,-0.04727026234,0.9979773982,0.0636126408,5.444751508,1,3.909064078
-0.07673224023,0.02547249579,0.9967262991,0.08093810811,2.821073193,1,3.873557864
0.04379596864,-0.07963909397,0.9958611991,0.09101273555,5.215178849,1,3.982136853
-0.02998348071,0.05562260189,0.9980015616,0.06323138994,2.065195408,1,4.075222062
0.02737187829,-0.08027869974,0.9963965629,0.08491882317,5.040988348,1,4.134934714
0.03221738081,0.01371924051,0.9993867234,0.035023973,0.4025764303,1,3.901917001
-0.04581722908,-0.03758413023,0.998242563,0.05929505816,3.828593016,1,4.03313769
-0.01256585986,-0.07160082704,0.9973542103,0.07275929163,4.538659368,1,4.114953198
0.01998969104,-0.01331960394,0.9997114586,0.02402312651,5.695420213,1,4.024103126
-0.05362856936,0.0655091523,0.9964098191,0.08476238831,2.256801666,1,3.942319534
0.02635137136,0.06070610698,0.997807784,0.06622714611,1.161259151,1,4.017569021
0.06815953447,-0.004424323378,0.9976646246,0.06835619855,6.218364954,1,4.072634468
0.02430918469,0.08247164923,0.9962968888,0.0860859916,1.284155547,1,3.991995108
0.03052630288,-0.03736448394,0.9988353419,0.04826767593,5.397402448,1,3.977742096
-0.01255697802,-0.02069378849,0.9997070018,0.02420795417,4.16698493,1,3.938207414
0.07835308254,-0.0540223669,0.9954608874,0.09531579819,5.679559162,1,3.843707824
0.007794133411,0.07826836377,0.9969018581,0.07873681417,1.471541386,1,4.031357494
0.02808804305,0.08960980726,0.9955808075,0.09404734137,1.267047747,1,3.999654747
0.01170458873,-0.06839093389,0.9975899372,0.06944107587,4.881889242,1,4.083057465
0.00265245261,0.07974957835,0.996811401,0.07987859446,1.537548813,1,4.12426584
-0.01730961882,0.05878931986,0.9981203299,0.06132306666,1.857139601,1,4.024197977
0.02052810658,0.05116848429,0.9984790349,0.05516068984,1.189267499,1,3.997361304
-0.0563246863,-0.05674371422,0.9967987162,0.0800374075,3.930696768,1,3.987200433
-0.01320269274,0.07952252025,0.9967456334,0.0806986158,1.735320203,1,4.134818377
-0.01757428102,-0.08495473838,0.9962298114,0.08686265092,4.508399914,1,4.022506745
-0.04556227048,0.06562686547,0.9968034882,0.07997769972,2.177661219,1,4.142909211
-0.03857345765,-0.03023784158,0.9987981584,0.04903228274,3.806440872,1,4.025064174
-0.0104759964,-0.04739142801,0.9988214585,0.04855456767,4.494834931,1,4.048732547
0.04317742622,0.04337042237,0.9981256015,0.06123698842,0.7876280956,1,3.960437914
-0.0260198196,-0.07909732217,0.9965272613,0.08336366714,4.394579981,1,4.033692652
-0.05337125563,-0.002928644489,0.9985704442,0.05347703232,3.196410745,1,3.936106991
0.04712164146,-0.02717503598,0.9985194381,0.05442292453,5.760074604,1,4.101010708
0.07816070289,-0.05388784427,0.9954833021,0.09507998836,5.679575482,1,4.039111665
-0.03276913795,-0.06177778665,0.9975518476,0.06998788393,4.224690381,1,3.926968529
0.06737238161,-0.01699410899,0.9975831607,0.06953867233,6.036098135,1,3.955716694
-0.007633442807,-0.06751842862,0.9976888254,0.06800096167,4.599809841,1,3.916573064
0.04713725905,0.04767148964,0.9977502232,0.06709129443,0.7910329276,1,3.963667076
-0.00793019608,0.08026633669,0.996741906,0.08074484171,1.669275264,1,3.900471997
-0.02747619656,0.07283704516,0.9969653071,0.07792597872,1.931519165,1,3.987739146
-0.03830541191,-0.02138994746,0.9990371192,0.04388702199,3.650866207,1,3.963231928
0.05516808628,-0.01331844474,0.9983882518,0.05678347233,6.046302116,1,3.958585174
-0.005658027013,-0.09595469757,0.9953696212,0.0962700021,4.653491571,1,3.929719196
-0.03312721929,0.05268144992,0.9980617477,0.06227164337,2.132138845,1,4.083309853
0.06535113785,-0.02857394656,0.9974531359,0.07138551532,5.870995492,1,3.925263031
0.04004409268,0.0006839748662,0.9991976796,0.04006064798,0.01707888272,1,3.965483464
-0.0158391839,0.06869841533,0.9975117282,0.07055925676,1.797397582,1,4.066048083
-0.03967367987,-0.06029783745,0.9973916833,0.07224197355,4.130436987,1,3.979446805
0.02619375199,-0.06170329743,0.9977507657,0.06708320189,5.11384569,1,4.071864976
-0.07454218734,0.003798586032,0.9972106262,0.07470838656,3.09067782,1,3.94716204
-0.05212368876,0.07027072654,0.9961652203,0.08760403151,2.208999957,1,4.026248977
0.01221777041,-0.048555204,0.9987457726,0.05008971325,4.958897771,1,3.931662399
0.0191473101,-0.09511328408,0.9952822935,0.09717428319,4.911044392,1,3.870783708
0.0294198831,0.06234903645,0.9976207035,0.06899624,1.129914812,1,4.04029257
0.01849059342,0.07087446843,0.9973138461,0.07331244512,1.315592778,1,3.997463198
-0.01954013708,-0.06322228378,0.9978081609,0.06622145124,4.412631623,1,3.949444669
0.03281334777,-0.06192008999,0.9975415714,0.07013467867,5.199693344,1,3.914370077
-0.02409150283,0.04518583007,0.9986880595,0.05122943359,2.060622584,1,4.043813762
0.06901235387,0.0470924283,0.996503687,0.08364630615,0.5988001271,1,4.005011217
-0.001028205243,0.0353381609,0.9993748832,0.03536048461,1.599884293,1,4.008562341
-0.001253864236,-0.03619946799,0.9993437979,0.03622910182,4.67776518,1,4.041649676
-0.03544154283,-0.07610743353,0.9964695457,0.08405395364,4.276574147,1,3.994861762
0.05137815876,-0.08394077675,0.9951453315,0.09857587498,5.261640814,1,4.042227738
0.01797793146,-0.08086298788,0.9965630794,0.0829323962,4.931156663,1,3.79008192
-0.007881681416,-0.04984294566,0.9987259684,0.05048370555,4.55555725,1,4.044451962
-0.01835247572,0.01552792707,0.9997109933,0.02404248849,2.439370362,1,4.043166026
0.0670696925,0.0483050397,0.9965782857,0.08274862486,0.6241689656,1,4.003707859
0.02258503548,-0.03936821517,0.9989694989,0.04540216074,5.233235989,1,3.909997533
0.05191731799,0.02933448666,0.9982204566,0.0596669329,0.5143040908,1,3.893495393
0.01700285005,-0.04011653062,0.9990503326,0.0435848082,5.113273723,1,4.08788089
-0.05262456447,0.02034440794,0.9984071115,0.0564501828,2.772695215,1,3.995643641
-0.007644520612,-0.09290316934,0.9956458017,0.09335268417,4.63028912,1,4.127130331
-0.06803776223,0.01275744845,0.997601178,0.06927888041,2.956239478,1,3.875165524
-0.04221543123,0.0202373051,0.9989035533,0.04683261893,2.694575321,1,3.970358893
0.06219607012,-0.06277044921,0.9960881083,0.08848101278,5.493190912,1,3.986308731
0.009692160996,-0.07287382488,0.9972940728,0.07358190554,4.844612209,1,3.967684249
-0.01547755837,0.06667550603,0.9976546607,0.06850192128,1.79888922,1,4.081919776
0.002581228904,-0.08672734475,0.9962287413,0.08687498509,4.74214277,1,4.060237068
0.04796803229,0.03508841318,0.9982323733,0.05946675843,0.6315528465,1,3.841632534
-0.08088962271,0.02496794787,0.9964102923,0.08475679876,2.842203677,1,4.026260232
0.004363753627,-0.06407618794,0.9979354688,0.06426884192,4.780386565,1,3.838923528
0.01823989975,0.0262884909,0.9994879796,0.03200200403,0.9642193077,1,3.978015625
0.03129438934,-0.01438925141,0.9994066293,0.03445081756,5.852209245,1,3.856507163
-0.05534894165,-0.03949854109,0.9976855015,0.06804986209,3.76140633,1,3.84666211
0.0003809264196,-0.03402391526,0.9994209464,0.03403261674,4.723584356,1,4.1496723
-0.07003733069,-0.033263705,0.9969896179,0.07761306197,3.584994075,1,3.927516503
0.07636009845,-0.0197929986,0.996883831,0.07896567271,6.029561081,1,4.072055274
0.02618546565,0.01124308966,0.9995938747,0.02850097541,0.4055609672,1,3.861806746
0.02155398926,-0.06336892363,0.9977573879,0.06698433909,5.040248499,1,3.85167044
-0.03085638079,-0.02816946564,0.9991268012,0.04179296261,3.881501227,1,3.933631914
-0.007397612856,0.08448351164,0.9963974165,0.08490875918,1.658136363,1,4.086729012
0.06492200523,0.009556527895,0.9978445801,0.06566878502,0.1461505744,1,3.993196361
-0.005926057823,-0.01993442022,0.999783727,0.02079811619,4.423431612,1,3.874858565
0.04813605476,-0.01077353665,0.9987826846,0.04934698399,6.062999732,1,4.03266912
0.07770409407,0.03289416866,0.9964336643,0.0844802636,0.4004519586,1,3.943289493
-0.04867031525,-0.07864750926,0.9957136987,0.0926214544,4.158230763,1,4.070125466
0.09008515012,-0.02660151838,0.9955787387,0.0940693688,5.996052394,1,3.936724662
0.08210117864,0.01768291081,0.9964671149,0.08408290252,0.2121388645,1,4.021947288
0.01792257585,0.01861689152,0.9996660405,0.02584484636,0.8043976775,1,3.995074138
-0.1019710836,-0.006767540797,0.9947643432,0.1023741361,3.207862724,1,4.12003496
-0.02899090126,-0.02865612719,0.9991688316,0.04077458956,3.921183574,1,4.078131537
0.004639335762,-0.04994309088,0.9987412899,0.05017916308,4.805015609,1,3.979916696
0.02346113749,0.04025822174,0.9989138354,0.0466124716,1.043145007,1,4.009118471
0.03636615685,0.0598986019,0.9975418087,0.07013129212,1.025151659,1,4.10435865
0.0398087645,-0.01251541374,0.999128934,0.04174188598,5.978580973,1,4.044746888
0.05777117987,0.02150723775,0.9980981562,0.06168382114,0.3563866636,1,4.083421441
-0.007257349408,-0.0001497557992,0.9999736539,0.007258958102,3.16222478,1,4.025344543
0.0444200561,-0.04085305916,0.9981772819,0.06038662187,5.539593036,1,3.834266036
0.0173136874,0.03434202098,0.9992601572,0.03846905295,1.103830575,1,3.997550071
0.0723569718,-0.02977290792,0.9969343221,0.07832299249,5.892828088,1,4.030846522
-0.01794608968,0.05895963702,0.9980990427,0.06166943917,1.866265917,1,4.119504274
-0.02156410957,-0.0010927076,0.9997668704,0.02159345499,3.192221862,1,4.029529244
-0.009375061801,-0.06318507216,0.9979577921,0.06392031526,4.565089013,1,3.935737066
0.05474594751,-0.05063636944,0.9972155431,0.07464248254,5.53676424,1,4.166626521
0.007315116768,-0.05431711593,0.9984969404,0.05483495754,4.846257774,1,4.127563875
-0.02060203816,-0.0775032427,0.996779215,0.0802809495,4.452575691,1,3.963689015
0.04361825325,0.03814789921,0.9983196811,0.05797912797,0.7185952862,1,4.014314536
-0.01838641672,0.08576425767,0.9961457884,0.08782584987,1.781982872,1,3.885893132
0.06751290544,0.01041660715,0.9976640226,0.06836501269,0.153083476,1,4.076008599
-0.05742406914,-0.06172154904,0.996440127,0.08440363899,3.963044327,1,4.197310279
-0.02351470542,-0.07965762357,0.9965448919,0.08315166303,4.425344251,1,3.769872937
0.02923467038,-0.01055714077,0.9995168237,0.03108746472,5.936641103,1,3.903067216
-0.01000229324,0.02400098433,0.9996618963,0.02600472152,1.965654298,1,4.048152862
-0.03187131517,0.02205049456,0.9992487153,0.03876541823,2.536350557,1,3.981907238
0.01902815831,-0.07275497438,0.9971683122,0.07527317185,4.968196699,1,4.046331305
-0.04966208548,0.03024930017,0.9983078969,0.05818213595,2.594507011,1,4.059321495
0.04055053404,0.001225906522,0.9991767368,0.04058019702,0.03022237029,1,4.088921099
-0.1037661859,0.01689617084,0.9944581932,0.1053274224,2.98017998,1,4.05372491
0.03226172467,-0.008406339088,0.9994441028,0.03334512648,6.028286274,1,3.97206831
-0.03897373844,0.05109220196,0.9979331814,0.06430444639,2.222446739,1,4.16231812
0.0474561973,-0.008525274843,0.9988369382,0.04823458024,6.105436121,1,3.996784715
-0.004421345859,-0.06604870335,0.9978066048,0.06624496279,4.645548009,1,4.057625521
0.02644180215,0.02633125864,0.9993035054,0.03732493696,0.7833034707,1,3.968836404
-0.0364748361,0.09756864124,0.9945601775,0.1043528788,1.928547602,1,4.034431301
0.02025957528,-0.07964104484,0.9966177068,0.08227030489,4.961491464,1,3.878207368
-0.0625520852,-0.06005901984,0.9962329802,0.08682611686,3.906660506,1,3.855569954
0.05798496887,-0.001471868352,0.9983163712,0.05803622068,6.257807138,1,4.079627767
-0.07171123449,-0.03162510255,0.9969239448,0.07845550974,3.556942253,1,4.117990865
-0.04432299987,0.01766072279,0.9988611368,0.04773006311,2.762418846,1,3.934215634
0.02388284885,-0.04318894836,0.9987814197,0.04937262205,5.217521195,1,4.089403061
-0.02440528893,-0.02074273714,0.9994869287,0.03203482907,3.846044887,1,4.084521807
-0.04996551416,0.02941005987,0.998317833,0.05801101244,2.609592353,1,4.138911028
0.07012458888,0.01819521389,0.9973722857,0.07251021927,0.2538713777,1,4.013892128
0.05511073248,0.05488352424,0.9969707147,0.07785648314,0.783332529,1,3.908998509
-0.01902400022,0.05142602905,0.9984955939,0.05485952061,1.925114148,1,3.994760993
0.05202216353,-0.04781018223,0.9975008175,0.07071384798,5.539952684,1,3.887868988
0.006795049958,-0.01528084321,0.9998601518,0.01672432211,5.13080806,1,4.021484714
0.05259232047,-0.0294760943,0.9981809494,0.06032582175,5.772343943,1,3.901581213
0.08223370672,0.01555699937,0.9964916443,0.08379032167,0.1869707121,1,4.097389128
-0.02230591108,0.06858998668,0.9973955384,0.07218854346,1.885215008,1,3.968509869
0.04122178437,0.07248377882,0.9965173688,0.08348238787,1.05370685,1,4.079773945
-0.08773703444,-0.01635451076,0.996009409,0.08936719745,3.325881359,1,3.969600799
-0.004456931975,-0.08774447992,0.9961330443,0.0879710233,4.661638154,1,3.797604195
0.04232935492,-0.03735002175,0.9984053293,0.05648176171,5.560198104,1,4.210182565
0.001993536589,0.07613062105,0.9970958602,0.07623052669,1.54461657,1,3.88916125
0.04869425456,0.04666477047,0.9977230421,0.06749551835,0.7641188167,1,4.064869422
-0.05869796125,-0.04276910854,0.9973591894,0.07269076589,3.771276242,1,4.002068478
0.03645545961,-0.05220999673,0.9979704984,0.06372108656,5.321937286,1,4.166361526
0.03730187324,-0.05154762786,0.9979736531,0.06367152582,5.338804494,1,4.135065698
-0.009492783163,-0.004583686549,0.9999444369,0.01054169014,3.59143459,1,3.933110527
-0.05872701572,-0.04749194685,0.9971437472,0.07559912061,3.821609925,1,4.014208242
-0.0303651614,-0.02935569432,0.999107702,0.04224762092,3.910089335,1,3.943011704
-0.01847488268,-0.0114677905,0.9997635563,0.02174640317,3.69711069,1,3.916423424
-0.04382718666,0.04518102572,0.9980169601,0.0629872315,2.340985392,1,4.01306268
0.01701413466,-0.02113753939,0.999631794,0.02713774349,5.390125787,1,3.946913867
0.005040057512,0.05307072677,0.9985780369,0.05333479584,1.476111609,1,3.983511043
-0.02788772348,0.05658034591,0.9980084866,0.06312170415,2.028737454,1,4.032596151
0.003674629623,-0.08591538903,0.9962956604,0.08610027685,4.75513326,1,4.031238018
-0.02336675329,-0.08284683572,0.99628831,0.08618571085,4.437482526,1,4.064559171
0.01826415128,-0.000850744239,0.9998328345,0.01828497326,6.236638948,1,4.042157088
-0.01475847658,0.05678642518,0.9982772607,0.05870662891,1.825065514,1,4.094010058
-0.01604978627,-0.0139540466,0.9997738189,0.02126920938,3.857255016,1,3.953896381
-0.04331721674,0.06506740089,0.996940245,0.0782472573,2.15814908,1,3.870646757
0.0228455173,0.0306036356,0.9992704838,0.0381996047,0.9295410123,1,4.063162999
-0.06786780171,0.001055599373,0.9976937642,0.06792823803,3.12604015,1,4.100790909
0.06353441246,-0.06964044539,0.9955468783,0.09440795227,5.451969489,1,3.692362603
-0.008677575725,-0.07382065513,0.9972337793,0.07439754003,4.595376536,1,3.901394037
0.0263730707,0.06813710648,0.9973273263,0.07312817571,1.201495644,1,3.947168332
0.01775650963,-0.05059479639,0.9985614017,0.05364593872,5.049914552,1,4.124256343
0.07448237942,0.03890754413,0.996463034,0.0841314801,0.4813849725,1,4.026735172
-0.0411357973,-0.05182475479,0.9978086194,0.0662145213,4.041471855,1,4.123728945
0.04350217529,-0.01686203895,0.9989110233,0.0466727853,5.91340217,1,3.901128804
-0.05911750593,0.02490628086,0.9979402776,0.06419392276,2.742859023,1,4.154235892
0.004027545193,-0.07387509169,0.9972593693,0.07405246023,4.766853373,1,3.916832027
-0.002157523319,0.05289538028,0.9985977287,0.05296412207,1.611562231,1,3.991089513
-0.02394774193,-0.002624885671,0.9997097657,0.02409349882,3.250765741,1,4.060985712
-0.04739133718,0.03369193788,0.9983080259,0.05817991907,2.523568519,1,4.061034663
-0.06822859492,0.02671161778,0.9973120616,0.07333680363,2.768433709,1,4.101426259
0.08366763097,-0.0008481021195,0.9964933558,0.08376986923,6.273049092,1,3.774790267
0.06151952884,-0.03953407468,0.9973226181,0.07319258862,5.712011099,1,3.936715216
0.01541287902,-0.02199076459,0.9996393597,0.02685747543,5.323705059,1,3.880146467
0.0219282309,0.07560205652,0.9968969263,0.07879949032,1.288494561,1,3.814545097
-0.01875517942,0.07001865921,0.9973693552,0.07255065864,1.832512247,1,3.768511107
-0.003229297179,0.01931795113,0.9998081758,0.01958725756,1.736430428,1,4.220236032
0.02209631361,0.06247412064,0.9978019529,0.06631519925,1.230840241,1,4.079391094
0.04420481893,0.002179423096,0.999020112,0.04427297399,0.04926294978,1,4.070350736
-0.07882820797,0.009271267066,0.9968451019,0.07945512403,3.024516939,1,4.019877793
0.04240159984,0.01870445927,0.9989255465,0.04636045559,0.4154500675,1,4.080928657
-0.00642667979,0.0692304821,0.9975799908,0.0695842778,1.663361248,1,3.928515176
-0.01199635408,0.05776415193,0.9982581781,0.05903097058,1.775563736,1,3.892942732
-0.00532806087,0.01486957749,0.9998752459,0.01579599059,1.914863494,1,3.867336937
0.003811664838,-0.08428443666,0.9964344459,0.08447100087,4.757582015,1,4.130970202
-0.004399403877,-0.09057998267,0.9958794666,0.0908115226,4.663857845,1,4.164198057
-0.0274955003,0.002720417851,0.9996182255,0.02763326891,3.042973146,1,4.056572651
-0.05855950879,-0.04401702666,0.9973130328,0.0733235489,3.786157349,1,4.109339377
0.03923468354,-0.006161008052,0.9992110296,0.03972591626,6.127427601,1,4.12232468
0.03383379307,0.05649420379,0.9978294841,0.06589842976,1.031193672,1,3.935450866
0.03392893246,0.03794224765,0.9987037666,0.05092177435,0.8411806286,1,3.964808109
0.04444468313,0.03008688895,0.9985586859,0.05369656283,0.595089023,1,4.234555122
0.05283063086,0.01619519777,0.9984721528,0.05528537536,0.2974545276,1,3.903270185
0.06324777889,0.03404267517,0.9974170716,0.07188937446,0.4937719473,1,3.957380491
0.02114756297,0.007482365803,0.9997483657,0.02243411789,0.3400711472,1,3.943930802
-0.05559192992,-0.03718918907,0.9977607436,0.06693418519,3.731186385,1,3.957239612
0.06586105979,-0.04365309356,0.9968734765,0.0790968269,5.697860364,1,4.01161301
0.02411570579,0.05146114756,0.9983837854,0.05686211582,1.132566627,1,4.074532096
-0.02654586132,-0.02609083937,0.9993070526,0.03722975848,3.918346456,1,4.036214926
0.001526972817,-0.05924596403,0.9982422472,0.05930038766,4.738156725,1,4.148459667
0.06625487269,0.05080725018,0.9965083618,0.08359033435,0.6541953383,1,4.008918385
-0.09896703304,0.02001293977,0.9948894454,0.1011426071,2.942065078,1,4.156293882
-0.0210788819,0.05031282158,0.9985110419,0.0545770608,1.96753693,1,3.896753379
-0.03984118986,-0.0511271186,0.9978971377,0.0648629288,4.050424501,1,4.042936577
-0.06045768892,0.02008307659,0.9979687059,0.0637492306,2.820876861,1,4.038573945
-0.04606621909,0.05941094718,0.9971701173,0.07524916512,2.230345429,1,4.004544722
0.001229531182,0.04719436604,0.9988849684,0.04722793435,1.544749719,1,3.844543476
-0.02746001215,-0.03233070161,0.9990999317,0.04243120034,4.00827364,1,4.178723752
0.07625643502,-0.03783355233,0.9963702015,0.08522906235,5.822633782,1,3.98019529
0.002912683599,-0.009962348942,0.9999461325,0.01037959494,4.996830386,1,4.081231793
-0.05127869496,0.05658974839,0.9970797841,0.0764413279,2.306997823,1,4.094488749
0.028428372,-0.02658902821,0.9992421384,0.03893474797,5.531206734,1,4.093387273
0.02975688083,-0.07371278781,0.9968354694,0.07957639224,5.096069604,1,3.859781879
0.007434059144,0.02151260277,0.9997409378,0.02276283812,1.238075611,1,3.885921575
-0.05123888915,0.0372602855,0.9979911059,0.06339664212,2.512852039,1,4.090805942
-0.02893210227,-0.04585344574,0.9985291157,0.05424472304,4.149508869,1,3.860143188
-0.0007950174851,-0.05518372088,0.998475901,0.05521750256,4.697983238,1,3.996842979
0.03997203159,0.02268149287,0.998943335,0.04597501772,0.5161296992,1,3.840902099
-0.05566425994,0.02443961535,0.9981503871,0.06083063883,2.727878625,1,4.080680867
0.01887046593,0.03355635281,0.9992586636,0.03850787072,1.058519667,1,3.956666072
-0.05229179972,0.09101107527,0.9944760187,0.1051577338,2.092303807,1,4.051002035
0.09305818155,-0.02038330955,0.9954520056,0.09540907629,6.067552452,1,4.01995008
-0.0017359829,-0.03022099617,0.9995417339,0.03027543996,4.655009096,1,4.012342322
0.01459508253,0.0226856473,0.9996361063,0.0269783541,0.9991017292,1,3.879737963
0.08059456388,0.01127427968,0.9966832029,0.08146940866,0.1389869121,1,3.976744171
0.0837346271,-0.03089885802,0.996008922,0.08937265315,5.929677054,1,4.079715956
-0.04207304744,-0.07140765745,0.996559484,0.08297578776,4.179952085,1,4.114816034
0.03946470607,0.01768687303,0.9990644181,0.04326032432,0.4213305423,1,3.951965963
-0.06844693447,0.05574380722,0.9960962027,0.08838936411,2.458127213,1,4.041072645
0.08477169315,-0.01014017716,0.9963488028,0.08548007061,6.164133478,1,4.122718607
0.03174289033,0.06776229309,0.9971964002,0.07489874259,1.132710059,1,3.80491559
0.04988576282,0.06951837256,0.9963325783,0.08566989643,0.9483615842,1,4.125550386
0.03078500897,-0.05468787133,0.9980288172,0.06279857863,5.225098995,1,3.901683691
-0.01449022534,-0.01641623593,0.9997602415,0.02189831225,3.989227744,1,4.059327703
-0.04153184676,-0.05042681973,0.9978638392,0.06537464,4.023418774,1,4.018467035
-0.04488392927,-0.05694125013,0.9973681,0.07256797199,4.044853971,1,3.946312849
0.05356380772,-0.07847794239,0.9954758315,0.09515864639,5.311295877,1,3.912863625
-0.001394209201,-0.07679845514,0.9970456627,0.0768868409,4.694236844,1,4.202535095
0.02775743612,-0.01425331048,0.9995130654,0.0312081443,5.808799909,1,3.918469517
-0.04023742024,0.04486836218,0.9981822379,0.06030444532,2.301834148,1,3.877849937
0.06011785493,-0.02130211908,0.9979639589,0.06382370088,5.942649978,1,4.105874954
0.0150194119,-0.09263346319,0.9955869921,0.09398146132,4.873128256,1,4.18629465
0.06141968766,-0.04472227111,0.997109593,0.07604999004,5.653820525,1,4.151799593
-0.0438508235,-0.006625235624,0.9990161218,0.04436303914,3.291544314,1,3.99134508
-0.05640673033,-0.01964476653,0.9982145881,0.05976526455,3.476725354,1,4.040571791
-0.05130488,0.03299973927,0.9981376791,0.06103931845,2.57000654,1,3.989126622
0.06753234641,0.003484649818,0.9977109999,0.06767383314,0.0515539926,1,3.77319249
0.01337245543,-0.04912652227,0.9987030401,0.05093604574,4.978154289,1,4.001083931
-0.03394052885,0.06902000614,0.9970377522,0.07698975868,2.02782149,1,3.879123922
0.03604144107,0.05225104078,0.9979833883,0.06351834194,0.9669660603,1,4.176856031
0.01593581761,0.05724368027,0.9982330443,0.05945546693,1.299285261,1,3.985545335
-0.01764310066,-0.05598545413,0.9982756883,0.05873342205,4.407103323,1,3.921581989
0.05639531051,0.08422391911,0.9948496873,0.1015356065,0.980774111,1,4.082182845
0.07570257566,-0.04462358399,0.996131445,0.08798922464,5.750552407,1,3.957733856
-0.05063302582,-0.02549980809,0.998391735,0.05672206427,3.608132124,1,4.061735419
-0.03875666821,-0.05362045667,0.9978089834,0.06620902037,4.086526752,1,4.100876383
-0.06690897325,0.0277568612,0.9973729222,0.07250143246,2.748354622,1,4.001846954
-0.04749966951,-0.05759273615,0.9972095357,0.07472299544,4.022737084,1,3.875678804
0.007557473022,-0.01580390778,0.9998465488,0.01751885545,5.158447272,1,4.05207741
0.03279614049,-0.07464901118,0.9966704261,0.08162626049,5.126341019,1,3.877013679
-0.01993900819,0.08744373272,0.9959698939,0.08980886337,1.794984342,1,4.124727633
-0.05077801003,0.03946432159,0.9979299379,0.06435490123,2.480913856,1,3.937646412
-0.04641491261,-0.004929301838,0.998910085,0.04669289165,3.247396889,1,3.983442366
-0.0436215132,-0.01862284891,0.9988745432,0.04744824457,3.545087513,1,3.952783242
0.02657317865,0.02709170868,0.9992796933,0.03795769125,0.7950602334,1,3.922775514
-0.02822006991,-0.06646361488,0.9973897009,0.07226943277,4.310862042,1,3.978856993
0.005391678022,0.0648502557,0.9978804408,0.065120018,1.487846673,1,3.828603352
-0.005563240902,0.03552339965,0.9993533601,0.03596413658,1.726142307,1,4.092778399
-0.04356558064,0.02686021333,0.9986894258,0.05120274618,2.58909525,1,4.060933681
-0.05420647183,0.004592289277,0.9985191882,0.05442751818,3.057075998,1,4.067946019
0.05052752043,0.003053817096,0.9987180002,0.05064136325,0.06036525906,1,4.021727245
0.04000934534,-0.08603436211,0.9954884936,0.0950252893,5.14767883,1,3.983091689
-0.05362976883,0.07683059837,0.9956007769,0.09383445394,2.180196349,1,3.947099725
-0.01521506489,0.06588953958,0.9977109152,0.0676750858,1.79773619,1,3.949542163
0.03007839562,-0.06233180588,0.9976021432,0.06926493646,5.161981767,1,4.02683013
0.06265729822,0.01836370751,0.9978661419,0.06533938148,0.2850977078,1,3.850498523
0.04357801194,-0.04339775697,0.9981070041,0.06154012471,5.499859614,1,4.029755387
-0.02249535682,-0.04852476789,0.9985686285,0.05351099143,4.278295334,1,3.984754783
0.05773315215,-0.03088207171,0.9978542884,0.06552067505,5.792000855,1,4.017322489
-0.06381866324,0.06071750379,0.996112726,0.08820198488,2.381091022,1,4.083388852
-0.01685155968,-0.09028398796,0.9957734815,0.09197281235,4.527861718,1,3.9443827
-0.09391035004,0.04502738623,0.9945619039,0.1043363033,2.694501871,1,4.091593042
0.003666027311,0.03829306876,0.9992598266,0.03847764783,1.475351161,1,3.939137013
-0.01151573985,-0.00789134345,0.9999025525,0.01396059552,3.74236134,1,3.708218582
0.05404002581,0.04496898225,0.997525672,0.07036119788,0.6940348598,1,4.188984539
0.04628061876,-0.06657806771,0.9967073117,0.08117261655,5.319841097,1,4.056143341
0.07462538086,0.04331674085,0.9962704013,0.08639351055,0.5259248488,1,4.138046425
-0.02338500978,0.06487707482,0.9976192192,0.06901776735,1.916751151,1,4.00437573
0.01433438636,0.06328192043,0.9978927417,0.06493071411,1.348039119,1,4.030294042
0.05571224107,0.06467231943,0.996350158,0.08546419617,0.8596899819,1,3.838052736
-0.01005696888,-0.0003519274159,0.9999493655,0.01006329441,3.176571769,1,3.952610688
-0.01839579222,0.01648808857,0.9996948223,0.02470599961,2.410827324,1,3.893966906
0.04874882962,-0.03218836669,0.9982922722,0.05845022008,5.699610293,1,3.882548091
0.04817380138,0.000968290624,0.9988384991,0.04820219543,0.02009723603,1,3.952356272
-0.05659710652,0.04906355807,0.9971908217,0.0749732562,2.427373499,1,4.145875018
-0.04193565361,-0.03637067124,0.9984580989,0.05553913073,3.856043265,1,3.71851909
0.06829818883,0.004633308648,0.9976541935,0.06850874668,0.06773562386,1,4.105893658
-0.07672181622,-0.006759713743,0.997029623,0.07709537815,3.229472525,1,4.001856289
0.05406752205,-0.05727347896,0.9968934004,0.07884427023,5.46900106,1,3.919459227
-0.05055900431,0.0009042675292,0.9987206663,0.05058866535,3.12370917,1,3.990842856
-0.04405373857,-0.003118629493,0.9990242951,0.0441783561,3.212266235,1,3.942960449
-0.05377691221,0.05501765477,0.9970361585,0.07701047601,2.344790531,1,3.942231942
0.05974630188,0.01496297355,0.9981014422,0.0616304941,0.2453944657,1,4.054532187
0.06780062006,0.04241253669,0.9967969967,0.0800589111,0.5589932265,1,4.045647482
-0.01485003583,0.06880101182,0.9975198731,0.07044363365,1.783375588,1,3.925857638
-0.06918208349,-0.01995932432,0.9974043637,0.07206608053,3.422469798,1,3.783293709
0.01600449841,-0.008486538858,0.9998359039,0.01811632455,5.795624083,1,4.147651047
0.02136206971,0.07818050656,0.9967103242,0.08113545517,1.304066775,1,4.004151329
-0.04413361088,0.02594664792,0.9986886381,0.05121813391,2.610109336,1,4.118997107
-0.03137377545,0.06260816765,0.9975449381,0.07008661925,2.035334051,1,4.065981589
0.01741215324,0.03912131095,0.9990827493,0.04283435442,1.152040544,1,3.840867809
0.04331043407,-0.02114009392,0.9988379762,0.04821304605,5.829097884,1,4.075753789
0.01855945764,-0.03786508513,0.9991104953,0.04218143146,5.16812316,1,3.979815694
0.008716442021,-0.03519204664,0.9993425556,0.03626338159,4.955184957,1,4.019279615
-0.01785134726,-0.001312644255,0.9998397903,0.01790049879,3.214992497,1,4.150632478
-0.01471798863,-0.04161803362,0.9990251849,0.04415820438,4.372471088,1,4.112788177
-0.04930427076,0.06401612985,0.9967301661,0.08089026431,2.227091251,1,4.139335598
0.03483540371,-0.03544806542,0.9987642011,0.04972028888,5.489070354,1,4.114358349
-0.0006823306703,-0.02784495265,0.9996120213,0.02785691425,4.687889239,1,4.016659699
0.0164661743,0.07047836285,0.9973773937,0.07243967754,1.341278833,1,4.081980995
-0.05880617127,0.03960388812,0.9974835168,0.0709582887,2.548898385,1,3.955789593
0.06632265386,0.01513564668,0.9976834256,0.06808038394,0.224369863,1,3.793301564
0.007287819274,0.01688027809,0.9998309577,0.01838733801,1.163234313,1,4.017722149
-0.07479166184,0.02859050571,0.9967892407,0.08015583537,2.776464768,1,3.936790722
0.03002218954,0.05793005654,0.997869118,0.06529378521,1.092656387,1,3.862863791
0.03237120112,0.004485907204,0.9994658483,0.0326863651,0.1377001233,1,3.894056612
0.002804721812,0.08721000046,0.9961860014,0.08736618928,1.538646855,1,4.077771235
0.02308224819,0.07054670787,0.9972413809,0.07429519957,1.254584017,1,4.034494051
0.01431829407,0.01540116053,0.9997788709,0.02103032309,0.821818335,1,3.944555418
-0.06908899789,-0.01685061675,0.9974681785,0.07117430143,3.380819358,1,4.0840994
0.02641816573,-0.009388051434,0.9996068952,0.0280403466,5.941740341,1,3.910383822
0.03933394043,0.04617468233,0.9981586747,0.06069416242,0.8652287542,1,3.981133472
-0.01606264855,0.02171722165,0.9996351102,0.02701525356,2.207625745,1,3.997291879
0.03694311086,-0.07482971924,0.996511776,0.08354943272,5.170980445,1,4.086654534
-0.01915328651,0.01213921619,0.9997428625,0.02267811974,2.576695357,1,3.889461212
0.02848852231,-0.06322228244,0.9975927762,0.06940014729,5.135749142,1,4.015472017
0.0006783296155,-0.08110491107,0.9967053392,0.08119693938,4.720752393,1,3.897010943
0.01540139431,-0.04884412203,0.9986876633,0.05123717115,5.017838393,1,3.971478031
-0.01976877058,-0.08253754732,0.9963918652,0.08497419238,4.477305043,1,4.113225177
-0.006186004396,-0.04358521986,0.9990305611,0.04403624875,4.571401675,1,3.973690553
-0.00751353428,0.02851097326,0.9995652411,0.02948865581,1.828469245,1,4.097745662
0.046072924,0.07665015854,0.9959929914,0.08955096322,1.02958264,1,3.936594273
-0.07559823687,-0.02003621804,0.9969370374,0.07828828133,3.400671573,1,4.04097309
0.07029444821,0.00554733371,0.9975108609,0.07057155813,0.07875246212,1,3.903476615
-0.0343229056,-0.06069867683,0.9975658418,0.06978748217,4.197750925,1,4.028765363
-0.005671417727,-0.01435607691,0.9998808619,0.01543634829,4.33615413,1,3.804387067
-0.004145551871,0.06257339405,0.9980317554,0.0627517429,1.636950683,1,4.125707853
0.06100625321,0.02720249803,0.9977666366,0.06684601985,0.419436535,1,3.978970308
0.03518505565,0.05907831679,0.997633081,0.06881647024,1.033643264,1,3.922664605
0.05316240743,0.08117873206,0.9952807503,0.09719018751,0.990997488,1,3.840572336
-0.02511842839,-0.0005032562097,0.9996843558,0.02512611303,3.161625312,1,4.029427359
0.02248412829,-0.03989731954,0.9989507835,0.04581266245,5.225575592,1,3.936626595
0.06045283515,-0.01274140272,0.9980897311,0.06182034248,6.075459572,1,3.917923515
0.03448237625,0.03356610639,0.99884147,0.04814049747,0.7719340206,1,4.036560591
0.04974680931,-0.05362808057,0.9973210536,0.07321397939,5.460259181,1,3.823547448
-0.03139979718,-0.03529873871,0.9988834025,0.04726109106,3.985380548,1,3.767830286
-0.02007037159,-0.07296453844,0.9971325671,0.07574700442,4.443957488,1,4.132801541
-0.03911631515,-0.00544757635,0.9992198146,0.03950409886,3.279968723,1,3.884569049
-0.05159054268,-0.02651364208,0.9983163039,0.0580373803,3.616317681,1,3.964390522
0.02281984403,0.03923183464,0.998969528,0.04540152044,1.043966427,1,4.01287155
0.05512019451,-0.05056508624,0.997198544,0.07487008717,5.540861172,1,3.928528266
-0.02331310535,0.06485912599,0.9976220692,0.06897642864,1.915857995,1,3.990234211
0.03987911065,-0.007105909049,0.9991792445,0.04051833715,6.106849755,1,3.937015483
0.05600635801,0.05494785173,0.9969172591,0.07854076781,0.7758584247,1,4.099066461
-0.09075187365,0.0032724492,0.9958681582,0.09093613471,3.105548969,1,4.066393718
-0.02222349173,0.04747937909,0.9986249671,0.05244708007,2.008572108,1,4.1219841
0.05022239589,0.02700584564,0.9983728739,0.05705379202,0.4933703277,1,3.928259929
0.04006755981,-0.01529171167,0.9990799539,0.04289958637,5.918598864,1,4.037161254
0.05110707061,0.05290449188,0.9972909215,0.07362475923,0.802677419,1,4.039332094
0.01184841427,-0.04737128036,0.9988070769,0.04884998153,4.957478786,1,3.911713162
-0.08944243922,-0.03425501532,0.9954027547,0.09592467989,3.50734448,1,4.002694331
0.03091941882,-0.06282817128,0.9975452924,0.07008155964,5.169718112,1,4.239147997
0.002382351037,-0.05002866452,0.998744941,0.05010631973,4.759972755,1,3.889751121
0.03877879234,0.06458372883,0.9971585367,0.0754030505,1.030051787,1,4.119669588
-0.02358522751,-0.02683323379,0.9993616536,0.03573274031,3.991322893,1,4.102394252
-0.009975765258,-0.02745364987,0.9995732996,0.02921406433,4.363855424,1,3.964223778
-0.01087769541,-0.01838629579,0.9997717839,0.02136468055,4.178154229,1,4.136088018
-0.0007364607511,-0.07036431769,0.9975210877,0.07042637485,4.701922967,1,3.944829176
-0.05337901552,0.03338456841,0.9980161077,0.0630007712,2.582687811,1,3.893435538
0.07391190901,0.0267270059,0.9969065638,0.07867696551,0.3469767875,1,4.154564827
0.003934598158,0.04983186255,0.9987498708,0.05000779465,1.49200232,1,4.07243917
0.03076448739,-0.02642403175,0.99917732,0.04056581801,5.573539238,1,3.932848858
0.03749578984,0.03442369671,0.9987036972,0.05092313697,0.7427083886,1,3.986413199
0.009980558523,-0.02088505386,0.9997320656,0.0231493573,5.158184864,1,4.060988931
0.08146174325,0.005392093926,0.9966618833,0.08173096698,0.06609531632,1,4.19136906
-0.05603699699,-0.01657605018,0.9982910846,0.05847054619,3.429196826,1,4.021858524
0.01540974572,-0.007491170616,0.9998532003,0.01713495358,5.830693516,1,3.999338253
-0.01274737212,0.05140448666,0.9985965568,0.05298625477,1.813874516,1,3.955465471
-0.02305700263,0.06279438606,0.9977601113,0.06694363868,1.922695788,1,3.970160596
0.005447478144,-0.03242610441,0.9994592902,0.03288642733,4.878831453,1,3.826916825
0.07266727246,0.02920502552,0.9969285501,0.07839672816,0.3821438115,1,4.092808679
-0.009458385406,0.03522263924,0.999334731,0.03647856229,1.833138863,1,4.134756698
0.03439112134,-0.04443038504,0.9984203482,0.0562150848,5.371102186,1,4.026332786
0.0389294885,-0.05945116818,0.9974718309,0.07112292244,5.292141311,1,3.873532625
0.07364087265,-0.02586386898,0.996949388,0.07813020339,5.945427406,1,4.063510033
-0.07332858,-0.01190864216,0.997236734,0.07435777788,3.302588202,1,4.113867329
0.04731439742,0.003704216719,0.9988731784,0.04747701045,0.07813005402,1,4.030408819
0.01729666008,0.008371548574,0.9998153543,0.01921725096,0.450764239,1,3.883442677
0.01854200741,0.0380847739,0.9991024692,0.04237133687,1.117714713,1,4.182803016
-0.01071521158,-0.07000387672,0.9974891686,0.07087852723,4.560501882,1,4.043305023
0.0001893167342,0.05625064209,0.9984166612,0.05628066759,1.567430747,1,4.040732133
-0.06598593442,-0.01158352243,0.9977533154,0.06704515392,3.315367394,1,3.724521433
-0.02184928012,0.02664977667,0.9994060228,0.03446842132,2.257534617,1,3.997111642
-0.06081636944,0.02546311838,0.9978241322,0.06597965323,2.745079971,1,3.972853287
0.02363832749,-0.07813569078,0.996662452,0.08172400082,5.006164517,1,4.069512636
0.004570997204,-0.011278629,0.9999259465,0.01216999587,5.097438355,1,3.970763556
-0.05426301253,0.02581833185,0.9981928367,0.06012832748,2.697491934,1,3.914109335
0.04846673421,0.05121966551,0.9975106624,0.07057437378,0.8130070629,1,3.951052782
0.0975081317,0.01300226041,0.9951497905,0.09853055731,0.132563384,1,3.930604324
-0.001531399691,0.06697817129,0.9977532658,0.06704589505,1.593656505,1,4.091037254
-0.002200328895,0.02346047931,0.9997223437,0.02356561753,1.664311515,1,4.123281696
0.05012856944,0.06590925598,0.9965656509,0.08290134765,0.9205649891,1,3.927673279
0.02481893727,-0.02400378609,0.9994037415,0.03453455436,5.514481736,1,3.953678159
-0.01740950283,-0.002314908537,0.9998457633,0.01756363599,3.273785316,1,4.06380607
0.06156135122,0.0112807991,0.9980395501,0.0626273227,0.1812341439,1,4.029758869
-0.01501859814,-0.06165454773,0.9979845482,0.06350006564,4.473449743,1,4.058024499
-0.03131122264,0.06105726225,0.9976430314,0.06867161108,2.044645149,1,4.045663411
0.002045285893,0.01234848337,0.9999216628,0.01251704511,1.406655948,1,3.850817188
-0.0126039484,0.07519385872,0.9970892759,0.07631693468,1.736871831,1,4.136934447
0.0121679916,-0.01817412665,0.9997607919,0.02187316151,5.30236628,1,3.965817275
0.07365685671,0.005178090615,0.9972702015,0.0739059044,0.07018471612,1,3.954702174
0.07651442624,0.0191303313,0.9968849347,0.07895168057,0.2449998784,1,3.835112904
-0.01414704148,-0.08489404906,0.9962895471,0.0861713381,4.547262843,1,4.055938098
-0.03928157757,0.03170560541,0.9987250434,0.05050203251,2.46251515,1,4.147567003
-0.03323155145,-0.08425170923,0.9958902116,0.09069296102,4.336691992,1,4.041713927
-0.06864559441,-0.03219877623,0.9971213673,0.07589485916,3.580181831,1,4.106389432
0.01437212432,-0.05667955847,0.998288971,0.05850670256,4.960722965,1,4.019899631
-0.06080381076,-0.02339930128,0.9978754277,0.06519700888,3.508955879,1,3.888552061
-0.01049441493,0.05124543655,0.9986309491,0.05233284635,1.7727908,1,4.076500491
0.04314959884,-0.02663668635,0.998713472,0.0507307402,5.730134875,1,3.914925826
0.01310256939,-0.02568799523,0.9995841383,0.02884061403,5.184056813,1,4.003633116
-0.05751545441,-0.03191412847,0.9978343855,0.06582395595,3.64817416,1,3.922714334
0.02128907931,0.06689894741,0.997532609,0.07026245624,1.262702139,1,3.850497063
-0.08949210343,0.005287193289,0.9959734981,0.089768668,3.082581251,1,3.926596831
-0.005117582184,-0.01673558075,0.9998468536,0.01750144515,4.415628272,1,3.906260701
-0.05340310372,-0.05265901503,0.9971836023,0.0750695775,3.919975339,1,4.011796981
0.005855821984,-0.05174453409,0.9986431858,0.05209839033,4.825077479,1,4.07050085
-0.07964026964,0.02589177492,0.9964873524,0.08384158876,2.827262097,1,4.025530753
0.03076099964,0.03015176796,0.9990718852,0.04308731613,0.7753967895,1,4.009392473
-0.00742773789,0.01500171479,0.9998598788,0.01674063665,2.030537078,1,4.017601009
-0.05316144649,0.04179523838,0.9977108893,0.06767546907,2.475326553,1,4.142721548
-0.0422348852,-0.005513592187,0.9990924956,0.0426061425,3.271404473,1,3.891320299
0.005984143339,-0.03250409204,0.9994536878,0.033056375,4.894454556,1,3.988442149
0.06404152154,0.0529081536,0.9965437325,0.08316562141,0.6904862533,1,3.796485615
-0.009725588504,0.03650118964,0.9992862833,0.03778363584,1.8311925,1,4.236948538
0.03004144523,-0.06644111018,0.9973380021,0.07298191243,5.137030624,1,4.016973395
0.06432866208,-0.03643068078,0.9972635703,0.07399565631,5.767897886,1,3.834759423
-0.05097170005,0.01939005454,0.9985118485,0.05456227183,2.778088966,1,4.02612204
-0.0499913394,-0.008040316324,0.998717287,0.05065545077,3.301061173,1,3.924407636
-0.009541971625,0.06006407975,0.9981489153,0.06085484491,1.728342964,1,3.994214092
0.02203682698,-0.06347001388,0.9977404149,0.06723743797,5.04656773,1,3.991490471
-0.063448509,0.02020243568,0.9977806113,0.06663647842,2.833335602,1,3.999588826
0.03536713007,0.01609783115,0.9992447278,0.03886817049,0.4271396936,1,4.024814561
0.08503825744,-0.002931195278,0.9963733752,0.08519177144,6.248729812,1,3.901014629
-0.007594403665,-0.03440600119,0.9993790833,0.03524148062,4.495143397,1,3.965501176
-0.03392812966,-0.06915085982,0.9970291072,0.07710207521,4.256257932,1,4.137796378
0.05821795412,0.01944122035,0.998114577,0.06141686728,0.3222951686,1,4.019525377
-0.02045841918,-0.05031149675,0.9985240139,0.05433873959,4.326175831,1,3.987671541
-0.03491644644,-0.07620537503,0.9964805982,0.08392220334,4.282746181,1,4.119622597
0.0408588672,0.004988473701,0.9991524749,0.04117389567,0.1214890972,1,4.046271373
-0.07450476502,-0.008852572119,0.9971813636,0.07509942066,3.259857056,1,4.059358859
-0.04463925222,-0.05399428327,0.9975429587,0.0701148785,4.021554287,1,4.126676569
-0.07565785259,-0.04855965525,0.9959507263,0.09002232413,3.712204652,1,4.229158555
-0.09411225052,-0.008000016007,0.9955294491,0.09459266184,3.226393836,1,3.882468036
0.008207509103,-0.03294945943,0.9994233187,0.03396282548,4.956514655,1,4.008018223
-0.001972577584,-0.01645168447,0.9998627161,0.01657027802,4.593057401,1,3.880276942
0.04832157066,-0.01451522232,0.998726356,0.05047602348,5.991372543,1,4.061093477
-0.006567994633,-0.0379282306,0.9992588808,0.03850222863,4.540920434,1,3.93457299
-0.04756771797,-0.0357703949,0.9982273243,0.05955165219,3.78636543,1,4.092701417
0.05516125684,-0.02519316531,0.9981595765,0.06067929301,5.854758358,1,4.059404093
0.04558549681,-0.05139123856,0.9976376612,0.06874982874,5.437991148,1,3.948793498
-0.0247536413,-0.05328344974,0.9982725736,0.05878646019,4.277488792,1,4.007845996
-0.05807661564,-0.05401665608,0.9968496916,0.07939727823,3.890787167,1,3.923763
-0.07072620628,-0.03846703031,0.9967537767,0.08059753309,3.639730102,1,3.937678854
-0.07140069556,-0.04392285447,0.9964801672,0.08392734546,3.693084728,1,3.997858641
-0.01885421263,-0.004877264194,0.9998103475,0.01947606218,3.394726704,1,3.919056739
0.05090177864,-0.03515050807,0.9980848915,0.0618986276,5.678826032,1,3.921947641
0.03782794027,-0.03593975145,0.9986377628,0.05220242598,5.523377976,1,3.965017024
-0.02324113833,0.007677431838,0.9997004084,0.02447883057,2.822540291,1,3.99433089
-0.05226813866,-0.03574686327,0.9979930879,0.06336534963,3.741440233,1,3.945549335
-0.02128109994,-0.08070122709,0.9965111272,0.0835572061,4.454556179,1,3.954098409
0.05266034668,-0.05647030098,0.99701454,0.07729096542,5.462889454,1,4.031387001
-0.01932095628,0.08005254295,0.996603377,0.08244449771,1.807620638,1,4.149205448
0.048999181,-0.003758418467,0.9987917473,0.04916291392,6.206631506,1,3.975496948
-0.07991599974,0.04688246925,0.995698482,0.09278583278,2.611049512,1,4.094492923
0.03865380825,0.009268275477,0.9992096788,0.03975991293,0.2353336577,1,4.06206697
-0.03444484951,-0.03904319759,0.9986436707,0.05208907752,3.989482078,1,4.140266466
-0.02862850867,-0.02614668161,0.9992480971,0.03878136558,3.881712457,1,3.914521612
-0.02664103985,-0.02324509311,0.9993747649,0.03536383187,3.859021716,1,4.075075291
-0.002680210541,-0.004116336045,0.9999879361,0.004912020463,4.135229919,1,4.105928748
-0.05443483518,0.004039252515,0.9985091553,0.05461163454,3.067524948,1,3.992291634
-0.01758891255,0.07627148301,0.996931939,0.07835344408,1.797443316,1,4.039996949
-0.02076674722,0.005508733763,0.9997691714,0.02148662331,2.882297413,1,4.014207947
0.05030455759,-0.03707482572,0.9980455444,0.06253147268,5.648051521,1,4.093304968
-0.03507896423,0.07221590195,0.9967719547,0.080371431,2.022980092,1,3.821722153
0.04845748822,0.02334365811,0.998552425,0.05381309109,0.4489289637,1,4.014663096
0.04320182593,-0.07066738302,0.9965639584,0.08292178386,5.261105306,1,4.116162226
0.08754325224,0.01782292175,0.9960012663,0.08945838738,0.2008449893,1,4.060283622
-0.05950278421,0.04348066497,0.997280728,0.07376320626,2.510536699,1,3.903849511
-0.03564204655,0.01315365995,0.9992780523,0.03800091091,2.78804952,1,4.037980281
0.005616199271,-0.03462179965,0.9993847054,0.03508155511,4.873203881,1,4.010697547
0.02224961024,-0.09240112041,0.9954732482,0.0951858311,4.948684325,1,4.033757803
-0.01418733683,-0.04209676361,0.9990128037,0.04443779391,4.387326545,1,3.891721429
-0.0485149477,-0.03406253138,0.9982414757,0.05931340395,3.7537292,1,4.01497365
-0.002219484333,0.075813389,0.9971195535,0.07591877777,1.600063592,1,3.93346041
-0.02756273896,0.06308947615,0.9976271916,0.06890206621,1.982689033,1,3.98631016
0.08565082208,-0.02168900826,0.9960891143,0.0884696281,6.035172796,1,3.963676155
0.001440670224,0.02439325934,0.9997014021,0.02443819787,1.511804675,1,4.125361356
0.0001554154726,-0.03056344897,0.9995328166,0.03056860464,4.717473948,1,4.066350148
-0.01612936278,-0.05863622428,0.9981491055,0.06085171693,4.44395299,1,4.076101022
0.01848595706,0.01759684212,0.9996742572,0.02552490826,0.760762185,1,3.966987736
0.05741732814,0.007465016552,0.9983223547,0.05793297093,0.1292880872,1,4.097175062
-0.023866874,0.07339154637,0.9970175792,0.07725159475,1.885208407,1,4.095703928
0.0331612586,0.0188190132,0.9992728234,0.03813829324,0.5161795402,1,4.09451949
0.01836574778,-0.01596573964,0.9997038534,0.024337676,5.567580507,1,3.987857063
-0.04509338693,-0.0232749179,0.9987116023,0.05076759626,3.618076039,1,3.84811877
-0.006371208471,0.01501190369,0.9998670164,0.01630868264,1.972167495,1,3.939418326
0.02010920248,-0.08056147194,0.9965467722,0.08312902116,4.957003513,1,4.090704527
0.02481075553,-0.05569775246,0.9981393624,0.06101171817,5.131455559,1,4.125559881
-0.06954748594,-0.02831453748,0.9971767317,0.0751611311,3.528226355,1,4.000179091
0.0766838775,0.000793051581,0.9970551409,0.07676334541,0.01034146075,1,4.135458263
0.008829643863,-0.06080903538,0.9981103639,0.0614854695,4.856584047,1,3.878362593
0.03412851393,0.06348706573,0.9973989357,0.07214142539,1.077549148,1,4.155340508
0.01140591929,-0.03816077261,0.9992065154,0.03983941636,5.002828221,1,4.031451546
0.03502756194,-0.01217934803,0.9993121301,0.03709309275,5.94855421,1,3.941415894
-0.04727136911,-0.03108462401,0.9983982992,0.0566061582,3.723276854,1,4.109476924
-0.02184242643,-0.03552940106,0.9991299065,0.0417185739,4.161179576,1,4.095324366
0.05357054539,-0.003288548915,0.9985586523,0.05369718923,6.221874985,1,3.952730476
0.05918579906,-0.01049245025,0.9981918401,0.06014490921,6.107728385,1,3.830106001
-0.03950904369,0.04501403131,0.9982047748,0.05992933483,2.291156351,1,4.021155364
-0.04340265923,0.05246425593,0.9976791624,0.06814302464,2.261951827,1,4.007766844
-0.06546577709,-0.01163757163,0.9977869507,0.06654120621,3.3175206,1,3.815595657
0.03919630587,0.02035773246,0.99902413,0.04418209491,0.4790302311,1,3.817358424
0.004925177062,-0.02982991756,0.9995428548,0.03023838622,4.876021356,1,3.961091329
6.093327703e-05,0.02695118338,0.999636749,0.02695451609,1.568535455,1,3.984968765
-0.04740937624,0.03388157052,0.9983007514,0.0583048895,2.521095573,1,3.959553847
-0.03265857816,0.01367881114,0.9993729571,0.03541492436,2.744948726,1,4.073578059
-0.008399915411,0.06029317477,0.9981453674,0.06091315364,1.709223168,1,4.149680041
0.05285255263,0.06861907971,0.9962419533,0.08672257893,0.9144725127,1,4.086118146
-0.06191276556,-0.02816409526,0.9976841149,0.06807025051,3.568513651,1,3.926555901
0.01161866975,-0.02403118562,0.9996436908,0.02669570467,5.162735895,1,3.887797052
0.03848665239,0.0003051888625,0.9992590677,0.03849737086,0.007929566407,1,3.977514002
0.05397798906,0.01415945782,0.9984417291,0.05583324723,0.25653909,1,3.997879394
-0.01885607062,0.03723217891,0.9991287272,0.04174684132,2.039587055,1,4.128544669
0.05521211434,0.00632079066,0.998454641,0.05560138912,0.1139857112,1,4.006032793
-0.00197623335,0.03549242285,0.9993679915,0.03555488968,1.626419321,1,3.897157427
-0.0312600059,-0.03466112421,0.9989101153,0.04669224147,3.978538861,1,3.909916841
0.03499740257,-0.079574448,0.9962143791,0.08704035668,5.126734183,1,4.017746729
0.01289484851,0.01273436477,0.9998357659,0.01812393799,0.7791364946,1,4.074083888
0.03698690906,-0.04252959423,0.9984103376,0.05639297433,5.428194869,1,4.156913037
0.01086965838,0.009100411393,0.9998995115,0.0141767565,0.6970339407,1,3.911745347
-0.0006882771345,-0.005264021654,0.9999859081,0.005308852434,4.582375334,1,3.93991101
0.02906257472,-0.04554101968,0.9985396248,0.05405054666,5.280397581,1,4.151306382
0.05559546167,-0.04009953756,0.9976478195,0.06860179614,5.658323997,1,3.822583055
0.0271818132,-0.03707656568,0.9989426797,0.04598927446,5.345003307,1,4.109367998
-0.07197428805,0.007846803538,0.9973756211,0.07246416512,3.032999225,1,4.006001009
0.0032995571,0.0675308145,0.9977117329,0.06766299287,1.52197513,1,4.105438796
-0.01481209371,-0.08258623151,0.9964738412,0.08400277407,4.534922745,1,3.955216838
0.01791745185,-0.02336841702,0.999566347,0.02945112463,5.36651659,1,3.983368221
0.03849802964,0.04412073257,0.9982841593,0.0585889346,0.8533493901,1,4.216924012
0.02779802808,0.03605579498,0.998963087,0.04554321465,0.9140073447,1,3.985118023
0.07765081935,0.01620998624,0.9968488284,0.07940816097,0.2057993514,1,4.070976098
-0.02479990708,0.005112143039,0.9996793639,0.02532402964,2.938304526,1,3.801987552
0.04230707802,0.04574215728,0.9980569955,0.06234796023,0.8243915525,1,3.975939687
0.02678749019,0.03497198799,0.999029224,0.04406661091,0.9171525805,1,4.017365928
-0.02619332665,-0.04309462198,0.9987275721,0.05045191524,4.166246878,1,3.922142
-0.00689050838,-0.0008031285383,0.9999759376,0.006937210764,3.257624876,1,3.9992655
0.02264433436,0.004558089261,0.9997331934,0.02310058381,0.1986361114,1,3.947233887
0.05605672703,-0.02183498245,0.9981887982,0.06019549458,5.911749554,1,3.920533301
-0.04759198016,0.05521362507,0.9973396909,0.07295874841,2.282193395,1,3.86798718
-0.05905910987,-0.01627871855,0.9981217485,0.06129991433,3.410548506,1,4.071872788
-0.05227423966,-0.05010162032,0.9973751709,0.07247038294,3.905772013,1,4.004054072
-0.0792671897,-0.0005137526292,0.9968532734,0.07935210517,3.14807384,1,4.020703724
0.04171993221,0.05554849224,0.9975839876,0.06952677045,0.9266208275,1,4.20729888
0.02009225114,0.03291273417,0.9992562501,0.03857050965,1.022713527,1,4.055039149
-0.006175325461,-0.05827029917,0.9982817426,0.05863019193,4.606805838,1,4.078795118
0.03462528892,0.06620772253,0.9972049072,0.07478497057,1.088934485,1,4.037447627
-0.06313214769,-0.04972107286,0.9967658435,0.0804475141,3.808709092,1,4.205061794
0.07056001773,-0.005238162324,0.9974937822,0.07081335103,6.209084259,1,3.903585254
0.09067076518,0.005517909742,0.995865636,0.09096390436,0.06078158636,1,4.191543961
0.001125373404,0.0179966698,0.9998374135,0.01803279888,1.508345329,1,3.895602106
0.0475598424,0.02519558983,0.9985505714,0.05384754174,0.4871759165,1,3.951885364
0.0002409522932,0.03644164638,0.9993357536,0.03645051403,1.56418442,1,4.156147909
-0.03162609783,-0.001504245035,0.9994986379,0.03166714354,3.189120244,1,4.037418313
-0.05544047018,0.006161222645,0.9984429847,0.05581074385,3.030914579,1,3.911031373
-0.03685825476,-0.01493752677,0.9992088567,0.0397805887,3.52663344,1,3.87951025
0.004008912784,-0.001396180035,0.9999909896,0.004245092301,5.948053415,1,4.004860715
-0.002170485676,0.00383577075,0.9999902879,0.004407297481,2.085729873,1,4.021222366
-0.03408046022,0.04047202007,0.9985992879,0.05293466175,2.270671257,1,3.94914355
-0.08181786579,0.01192940188,0.9965759009,0.0827774726,2.996808522,1,3.866365583
0.0543464852,0.06900911686,0.9961346301,0.0879529718,0.903707796,1,3.943128844
-0.04381062417,0.01248050658,0.9989618943,0.04556940661,2.864070059,1,3.954578876
0.07039993455,-0.02137912108,0.9972897184,0.07364111313,5.988354898,1,4.118042578
0.03359161034,0.008488273775,0.9993995962,0.03465440438,0.247509094,1,4.008298044
-0.08263178544,0.005742900393,0.9965635991,0.08292612143,3.072204336,1,3.882187592
0.01295748273,0.003937521149,0.9999082956,0.01354295553,0.295012707,1,4.0288241
-0.0217309516,0.00719222918,0.9997379845,0.02289222479,2.821973254,1,3.964172312
-0.01494744577,-0.07460730057,0.9971009601,0.07616353138,4.51465854,1,4.062719697
-0.02299996935,0.02074807759,0.9995201442,0.03098045091,2.40762321,1,4.099555928
0.07326922254,-0.04359167391,0.9963590653,0.08535978274,5.746485805,1,3.982656864
-0.004284101771,-0.006997495834,0.9999663402,0.00820487578,4.163022744,1,4.022552567
0.01187568513,-0.08329538054,0.9964541373,0.08423728672,4.854007715,1,3.955842116
-0.002605385747,-0.08245493432,0.9965913886,0.08258994649,4.680801796,1,3.872278476
0.04219757629,-0.06239077625,0.9971593431,0.07539234413,5.307060827,1,3.743567417
0.03053341522,0.03833087408,0.9987985055,0.04902520059,0.898147304,1,4.015027884
-0.05282949163,0.01041233017,0.9985492618,0.05387186896,2.946993712,1,4.128099831
-0.09900445214,0.03559558167,0.994450136,0.1054040331,2.796448641,1,3.945557133
0.05480777761,-0.01278383104,0.9984150846,0.05630868896,6.054033844,1,3.947649722
-0.06197210871,0.02439534072,0.9977796977,0.06665019783,2.766572091,1,3.963170674
0.002970661328,0.005538476342,0.99998025,0.006284908034,1.07847937,1,4.129749606
-2.480555466e-05,-0.05495835446,0.9984886472,0.05498606396,4.711937629,1,4.144022744
0.03228574297,-0.04646019549,0.9983982577,0.05660689093,5.319691947,1,3.990961465
0.04318583468,-0.05306674276,0.9976567067,0.06847202358,5.39548945,1,3.950765357
0.06391122315,-0.05392833921,0.9964974108,0.0837213924,5.582301244,1,3.971521923
0.01116877413,-0.0006886155632,0.9999373902,0.01119021598,6.221607826,1,4.112979776
-0.02096230326,-0.06074566146,0.9979331373,0.06430513373,4.38010114,1,4.043905915
0.07163766956,0.04940225228,0.9962065357,0.08713053569,0.6037206027,1,3.973426377
-0.01944701391,-0.0258409673,0.9994768922,0.03234666612,4.067248135,1,3.971922132
0.0396432758,-0.02965725522,0.998773677,0.04952925827,5.640899357,1,4.026865891
0.02256731511,0.0560530508,0.9981727164,0.06046222549,1.188045103,1,4.11483616
-0.09679592186,0.007288377636,0.9952775638,0.09722301948,3.06643814,1,3.984518338
-0.03724346813,-0.0009172569454,0.9993058004,0.03726338496,3.166216342,1,3.819031919
-0.04143393878,-0.03228427171,0.9986195244,0.05255080082,3.803505547,1,4.053880424
0.0863264564,-0.04294245486,0.9953409911,0.09656739784,5.821585729,1,3.794629717
0.03052665645,-0.0772954827,0.9965407827,0.08320112376,5.088520975,1,4.189145517
0.0418938626,-0.003338103964,0.9991164904,0.04203902364,6.203673271,1,3.945651427
0.0366205302,-0.06325571117,0.9973252487,0.07315660592,5.237170575,1,4.048117189
0.001388682941,0.01759080748,0.9998443054,0.01764645204,1.492016039,1,3.880402717
0.04162825718,-0.008241644102,0.999099176,0.04244901102,6.087730918,1,3.893628947
0.0455852121,-0.02713035637,0.9985919748,0.05307269945,5.746334474,1,4.076833404
-0.05019743545,-0.01935024255,0.9985518442,0.05382388772,3.509521809,1,4.058921782
0.03922444149,-0.07093757588,0.9967092372,0.08114886616,5.217488943,1,4.128538381
0.07197309207,-0.02823080557,0.9970069687,0.07738895959,5.909385471,1,3.928533578
0.03177352259,-0.06235290092,0.997548274,0.07003896712,5.183667764,1,3.888323921
-0.02741905268,0.07123525326,0.9970826115,0.07640429421,1.938225456,1,4.051953961
-0.045199149,-0.03961352982,0.9981922686,0.06013777957,3.861227482,1,4.018804778
0.05700164009,-0.0152942,0.9982569311,0.05905210453,6.02104784,1,4.012572099
-0.05919591035,0.0232275052,0.9979761155,0.06363281398,2.767669322,1,4.046846112
0.06500214433,0.006854403692,0.9978615828,0.06540917054,0.1050606277,1,3.839519951
-0.02622272009,-0.0568568805,0.9980379071,0.06265356861,4.280255525,1,3.944753676
0.04756453742,0.03528514655,0.9982447461,0.0592582075,0.6382564598,1,4.127840401
-0.02897297795,-0.01017357101,0.9995284213,0.03071207454,3.479282688,1,3.907315396
0.01678451436,-0.03769278131,0.9991484046,0.04127266278,5.131325719,1,4.070983928
-0.03683980364,-0.005218842599,0.9993075565,0.03721621667,3.282319399,1,4.114709004
0.01777378254,0.04520070463,0.998819798,0.04858876783,1.196149145,1,4.022452089
-9.765912621e-05,-0.05375260737,0.9985542788,0.05377861488,4.710572157,1,3.936101149
-0.05447933038,-0.0575254264,0.9968564731,0.07931173033,3.954180246,1,4.140266456
-0.0166816419,-0.03037027078,0.9993995044,0.0346570532,4.210102273,1,4.025655257
-0.01206657378,-0.04615904995,0.9988612215,0.04772828631,4.456697888,1,3.819412448
-0.0781640997,0.032658132,0.9964054496,0.08481398425,2.745823486,1,3.958711331
-0.005226641331,0.0584369873,0.9982774167,0.05870397013,1.659999604,1,4.012669917
0.0649031558,-0.02454523264,0.9975896511,0.06944519925,5.921627492,1,3.857298051
0.02168911384,-0.002980428715,0.999760321,0.02189468453,6.146624702,1,3.914965316
-0.02202419619,-0.09374867724,0.9953522594,0.09645045687,4.481645183,1,3.907191713
-0.01236724555,-0.007243993011,0.9998972826,0.01433311778,3.671461025,1,3.964879367
0.02598606332,-0.03613329663,0.9990090637,0.0445219044,5.335866656,1,3.845029723
0.0110427744,-0.005070087952,0.9999261729,0.01215137546,5.852763446,1,4.123727698
0.05900676779,-0.04618792225,0.9971884863,0.07500442829,5.61904758,1,4.052462485
0.04475994779,-0.05933399779,0.997234187,0.07439205421,5.358682745,1,3.888139903
-0.04829489069,0.01567602165,0.998710101,0.05079717281,2.827731947,1,4.137151495
-0.07058415537,0.02963210443,0.9970656024,0.07662680842,2.744124133,1,3.769103524
-0.01445170144,0.06497337264,0.9977823456,0.066610428,1.789658485,1,4.051021569
-0.06752036204,0.0077583688,0.9976877309,0.06801706742,3.027190242,1,3.866667561
-0.07688863312,-0.009777665407,0.9969917429,0.07758565083,3.268080336,1,4.035385955
-0.04308943521,-0.05688330151,0.9974505454,0.07142182568,4.064101392,1,3.977886103
0.02288886011,-0.01377010372,0.9996431785,0.02671489172,5.741584858,1,4.167106896
-0.03388553466,-0.0280867635,0.9990309826,0.04402667166,3.833692099,1,4.050255526
0.02891655531,0.04164042042,0.9987141274,0.05071781342,0.9638151972,1,4.011106213
-0.005757422764,-0.02425998417,0.9996891043,0.02493639161,4.479377885,1,4.147324033
-0.05486795795,0.03319564609,0.9979416598,0.06417237353,2.5974977,1,3.895830785
0.02852925118,0.00649675554,0.9995718453,0.02926380759,0.2239043458,1,3.982949927
-0.02175226971,0.01464838172,0.9996560727,0.02622773423,2.548930231,1,3.877298626
-0.03458449704,0.03821165028,0.9986710081,0.05156135006,2.306409492,1,4.072731786
-0.04106418387,-0.04137189473,0.9982996039,0.05832457832,3.93072352,1,4.152971487
0.02874223947,0.03355467976,0.9990235068,0.04419620268,0.8624950989,1,4.12987326
-0.00939126673,-0.06991806557,0.9975085304,0.07060460128,4.578869937,1,3.809234334
0.06347034235,0.04932591565,0.996763999,0.08047046414,0.6606512977,1,3.924758509
-0.03374369853,-0.01042487045,0.9993761478,0.03532469473,3.441233464,1,4.021006143
0.008492708204,0.03742906202,0.9992631982,0.03838990294,1.347672802,1,4.044236903
0.04002431012,-0.0781038387,0.9961414784,0.08787497398,5.185946889,1,3.90518692
-0.04891466462,-0.00245913038,0.9987999341,0.0489960417,3.191824251,1,3.9903067
-0.02775690707,-0.0235837773,0.9993364596,0.03643113387,3.845886026,1,4.13949978
0.05583448597,-0.007315069443,0.9984132411,0.05634143672,6.152913811,1,4.106772385
-0.049485315,-0.003360592219,0.9987691976,0.04961965315,3.209399441,1,4.020759966
0.04456907003,-0.00286747732,0.99900219,0.04467607881,6.218936028,1,4.064254461
0.003169572437,-0.0474782827,0.9988672417,0.04760193801,4.779048434,1,4.192543265
-0.02602563651,-0.07679111665,0.996707475,0.08117060319,4.385623655,1,4.0696273
0.05928874355,-0.05695589939,0.9966147051,0.08230682435,5.517852852,1,3.952846076
-0.004495464537,0.004827606311,0.9999782423,0.006596636666,2.32058376,1,3.978761909
-0.05464963217,-0.03616092601,0.9978505926,0.06557709726,3.726139548,1,4.20206257
-0.03821827464,-0.06657249886,0.9970493799,0.07683843191,4.191242601,1,3.929857521
-0.04211007171,-0.05245199223,0.9977352005,0.0673150039,4.035924359,1,4.005412407
0.02773310736,-0.0248186852,0.9993072138,0.03722542606,5.553188485,1,3.876505391
-0.008515102045,-0.05513684175,0.998442498,0.05581946823,4.559163694,1,4.049822809
-0.07702328621,-0.01714557228,0.99688186,0.07899065574,3.360623906,1,3.921213818
0.05878001993,0.03811897972,0.9975429077,0.07011560749,0.5753216545,1,3.875639939
0.02677548007,0.03490175748,0.999032002,0.04400350497,0.9163985001,1,3.90924775
-0.01307700159,-0.08713944467,0.9961102897,0.08822963875,4.563430741,1,4.058563622
0.07519806802,-0.01544349187,0.9970490204,0.07684311421,6.080630834,1,4.081479431
-0.02656471129,-0.02763225125,0.9992651174,0.03833986568,3.946685683,1,3.952153685
-0.007550438155,-0.005388987973,0.9999569739,0.009276463552,3.761475276,1,4.002562309
0.02873758256,-0.06754732045,0.9973021161,0.07347241434,5.114635394,1,4.035479143
-0.02231512972,-0.04373646559,0.9987938509,0.0491200908,4.240600467,1,4.031190691
-0.06388938781,-0.01520923041,0.9978410823,0.06572206651,3.37529838,1,4.010977547
-0.01392222656,-0.07099587586,0.997379445,0.07241133056,4.518747095,1,3.851493498
0.05933218905,-0.04264294028,0.9973270632,0.07313177718,5.660008989,1,3.938256204
0.003892074517,-0.09074798885,0.9958662833,0.09095677818,4.755251536,1,4.039583152
-0.004780713345,-0.07456330848,0.9972048224,0.07478610494,4.648360458,1,3.856930848
0.002830446514,-0.05591378255,0.9984315888,0.05601466535,4.762967431,1,4.100981942
-0.01831376644,0.03729226334,0.9991365738,0.0415584048,2.027288593,1,3.914857269
-0.02596417086,0.07040103239,0.9971808043,0.07510687503,1.92412371,1,4.034806015
0.06093475076,-0.009079615378,0.9981004542,0.06164653199,6.135268079,1,4.158944461
0.01176751377,-0.08333139431,0.9964524095,0.08425781959,4.852674848,1,4.162465055
0.01021952743,0.04443801396,0.9989598712,0.04561379634,1.344753923,1,4.025838402
-0.06352178248,0.06792088242,0.9956664787,0.0931306049,2.322739154,1,4.067961558
-0.0227663959,-0.03466342592,0.999139699,0.04148311414,4.131259216,1,3.760259567
-0.01850584957,-0.01505937476,0.9997153339,0.0238612507,3.824669481,1,3.825082124
0.005734413476,-0.04589617962,0.9989297559,0.04626953793,4.836688004,1,4.050342843
-0.02748989272,-0.0006352367257,0.9996218796,0.02750069755,3.164696552,1,3.949056956
0.02672978248,0.05361698556,0.9982037555,0.05994635035,1.108323816,1,4.195910383
-0.009480345836,0.07868852933,0.9968541711,0.07934077994,1.690697809,1,4.076853276
-0.04708405482,-0.04630969546,0.9978168689,0.06608972526,3.918699667,1,3.99097396
0.05006699074,-0.05419249688,0.9972745207,0.07384738586,5.458238177,1,4.001453855
-0.07586346329,0.005829976504,0.9971011716,0.07616075191,3.064895122,1,4.032311731
0.04678458506,0.07591759486,0.9960159243,0.08929416582,1.018510399,1,3.951113327
-0.005503207371,0.07234075998,0.9973647924,0.072613577,1.646723482,1,3.926847578
0.07046289394,-0.01566137101,0.9973914487,0.07224522312,6.064476464,1,3.86034872
-0.02784228179,0.05958466647,0.9978348936,0.06581623116,2.007920941,1,3.924625104
0.01672198615,0.007280175608,0.9998336733,0.01823904231,0.4106174451,1,4.054426718
-0.0211646439,-0.02884666017,0.9993597591,0.03578573071,4.079405143,1,3.976785177
-0.06882632726,0.03862724559,0.9968805709,0.07900699069,2.630170167,1,4.074677023
0.02295198126,-0.02573671234,0.9994052372,0.03449120875,5.440654772,1,4.016657518
-0.00674468307,0.003206645788,0.9999721129,0.007468223607,2.697790981,1,3.963094695
0.05879214594,-0.00107616748,0.9982696657,0.05883593373,6.264882738,1,4.085448177
0.04006567022,0.05833168548,0.9974929356,0.0708253158,0.9689440635,1,4.04676342
0.01809499851,0.05466353007,0.9983408584,0.05761250933,1.251124652,1,3.910562603
-0.08253643708,0.02574214247,0.9962555288,0.08656570204,2.839265233,1,3.915052497
0.008004145139,0.02167671967,0.9997329911,0.02310933956,1.217075591,1,3.918728707
0.03110569296,0.05031687152,0.9982487908,0.05918987371,1.017104683,1,3.971715861
0.001264792363,-0.04129070318,0.9991463747,0.04132182827,4.743010813,1,4.039619505
-0.05904896705,0.04310212728,0.9973241329,0.07317187034,2.511054876,1,3.9923634
-0.03128818496,-0.02328460808,0.9992391488,0.03901147767,3.781370199,1,3.945246435
0.06109430971,0.03317638907,0.9975804792,0.06957725326,0.4974805931,1,4.06907987
-0.02695691163,-0.05189305432,0.9982887537,0.05851041874,4.233286565,1,3.810137456
0.01405589749,-0.04400881026,0.9989322581,0.04621540695,5.021536913,1,4.036306467
0.04104419253,0.02174818528,0.9989206128,0.04646679299,0.4872589658,1,4.179992265
-0.03351549345,-0.04565925348,0.9983946836,0.05667002869,4.079183965,1,4.267257033
-0.01222114372,0.04806560696,0.9987694134,0.04961530225,1.819780023,1,4.088332366
0.05493361081,0.007487774791,0.998461933,0.05547001795,0.1354710228,1,3.900219908
-0.0298007298,0.004246054914,0.9995468411,0.03010625004,3.000063675,1,4.067872558
-0.05723185559,-0.03995901434,0.9975609214,0.06985800993,3.751106403,1,4.168114759
-0.03677039526,0.02620190998,0.998980179,0.04516623586,2.522472425,1,4.004665252
