# Format: McCode with text headers
# URL: http://www.mccode.org
# Creator:  3.6.14, git
# Instrument: FullInstrument_v5_working.instr
# Ncount: 25000000
# Trace: no
# Gravitation: no
# Seed: 1780424096681154
# Directory: scan_h40mm_r10mm_t2.0mm
# Nodes: 8
# Param: SourceE=5
# Param: DeltaSourceE=0.5
# Param: EI=5
# Param: A3=0
# Param: A4=-45
# Param: SAMPLE=0
# Param: RV_mono_Bool=1
# Param: RH_mono_Bool=1
# Param: Lv=1.872
# Param: Lh=1.34
# Param: monoShieldingWidth=0.062
# Param: monoShieldingHeight=0.14
# Param: monoShieldingDistance=0.235
# Param: MonoShielding=1
# Param: Be_filter=1
# Param: sampleHeight=0.04
# Param: sampleRadius=0.01
# Param: sampleThickness=0.002
# Param: samplePosY=0
# Param: sampleFluxDiagnosticXWidth=0.08
# Param: sampleFluxDiagnosticYHeight=0.08
# Date: Tue Jun  2 20:21:36 2026 (1780424496)
# type: array_2d(100, 100)
# Source: PSI_CAMEA (FullInstrument_v5_working.instr)
# component: SlitMonitor
# position: 1.44281 0 37.5811
# title: PSD monitor
# Ncount: 200000000
# filename: SlitMonitor.dat
# statistics: X0=0.0276986; dX=0.833434; Y0=-9.68778e-05; dY=0.841534;
# signal: Min=0; Max=12644.6; Mean=5551.93;
# values: 5.55193e+07 27057.4 6.12686e+06
# xvar: X 
# yvar: Y 
# xlabel: X position [cm]
# ylabel: Y position [cm]
# zvar: I
# zlabel: Signal per bin
# xylimits: -2 2 -2 2
# variables: I I_err N
# Data [SlitMonitor/SlitMonitor.dat] I:
0 0 0 0 0 0 0 0 0 0 0 0 0 0 0 0 0 0 0 0 0 0 0 0 0 0 0 0 0 0 0 0 0 0 0 0 0 0 0 0 0 0 0 0 0 0 0 0 0 0 0 0 0 0 0 0 0 0 0 0 0 0 0 0 0 0 0 0 0 0 0 0 0 0 0 0 0 0 0 0 0 0 0 0 0 0 0 0 0 0 0 0 0 0 0 0 0 0 0 0 
0 0 0 0 0 0 0 0 0 0 0 0 0 0 0 0 0 0 0 0 0 0 0 0 0 0 0 0 0 0 0 0 0 0 0 0 0 0 0 0 0 0 0 0 0 0 0 0 0 0 0 0 0 0 0 0 0 0 0 0 0 0 0 0 0 0 0 0 0 0 0 0 0 0 0 0 0 0 0 0 0 0 0 0 0 0 0 0 0 0 0 0 0 0 0 0 0 0 0 0 
0 0 0 0 0 0 0 0 0 0 0 0 0 0 0 0 0 0 0 0 0 0 0 0 0 0 0 0 0 0 0 0 0 0 0 0 0 0 0 0 0 0 0 0 0 0 0 0 0 0 0 0 0 0 0 0 0 0 0 0 0 0 0 0 0 0 0 0 0 0 0 0 0 0 0 0 0 0 0 0 0 0 0 0 0 0 0 0 0 0 0 0 0 0 0 0 0 0 0 0 
0 0 0 0 0 0 0 0 0 0 0 0 0 0 0 0 0 0 0 0 0 0 0 0 0 0 0 0 0 0 0 0 0 0 0 0 0 0 0 0 0 0 0 0 0 0 0 0 0 0 0 0 0 0 0 0 0 0 0 0 0 0 0 0 0 0 0 0 0 0 0 0 0 0 0 0 0 0 0 0 0 0 0 0 0 0 0 0 0 0 0 0 0 0 0 0 0 0 0 0 
0 0 0 0 0 0 0 0 0 0 0 0 0 0 0 0 0 0 0 0 0 0 0 0 0 0 0 0 0 0 0 0 0 0 0 0 0 0 0 0 0 0 0 0 0 0 0 0 0 0 0 0 0 0 0 0 0 0 0 0 0 0 0 0 0 0 0 0 0 0 0 0 0 0 0 0 0 0 0 0 0 0 0 0 0 0 0 0 0 0 0 0 0 0 0 0 0 0 0 0 
0 0 0 0 0 0 0 0 0 0 0 0 0 0 0 0 0 0 0 0 0 0 0 0 0 0 0 0 0 0 0 0 0 0 0 0 0 0 0 0 0 0 0 0 0 0 0 0 0 0 0 0 0 0 0 0 0 0 0 0 0 0 0 0 0 0 0 0 0 0 0 0 0 0 0 0 0 0 0 0 0 0 0 0 0 0 0 0 0 0 0 0 0 0 0 0 0 0 0 0 
0 0 0 0 0 0 0 0 0 0 0 0 0 0 0 0 0 0 0 0 0 0 0 0 0 0 0 0 0 0 0 0 0 0 0 0 0 0 0 0 0 0 0 0 0 0 0 0 0 0 0 0 0 0 0 0 0 0 0 0 0 0 0 0 0 0 0 0 0 0 0 0 0 0 0 0 0 0 0 0 0 0 0 0 0 0 0 0 0 0 0 0 0 0 0 0 0 0 0 0 
0 0 0 0 0 0 0 0 0 0 0 0 0 0 0 0 0 0 0 0 0 0 0 0 0 0 0 0 0 0 0 0 0 0 0 0 0 0 0 0 0 0 0 0 0 0 0 0 0 0 0 0 0 0 0 0 0 0 0 0 0 0 0 0 0 0 0 0 0 0 0 0 0 0 0 0 0 0 0 0 0 0 0 0 0 0 0 0 0 0 0 0 0 0 0 0 0 0 0 0 
0 0 0 0 0 0 0 0 0 0 0 0 0 0 0 0 0 0 0 0 0 0 0 0 0 0 0 0 0 0 0 0 0 0 0 0 0 0 0 0 0 0 0 0 0 0 0 0 0 0 0 0 0 0 0 0 0 0 0 0 0 0 0 0 0 0 0 0 0 0 0 0 0 0 0 0 0 0 0 0 0 0 0 0 0 0 0 0 0 0 0 0 0 0 0 0 0 0 0 0 
0 0 0 0 0 0 0 0 0 0 0 0 0 0 0 0 0 0 0 0 0 0 0 0 0 0 0 0 0 0 0 0 0 0 0 0 0 0 0 0 0 0 0 0 0 0 0 0 0 0 0 0 0 0 0 0 0 0 0 0 0 0 0 0 0 0 0 0 0 0 0 0 0 0 0 0 0 0 0 0 0 0 0 0 0 0 0 0 0 0 0 0 0 0 0 0 0 0 0 0 
0 0 0 0 0 0 0 0 0 0 0 0 0 0 0 0 0 0 0 0 0 0 0 0 0 0 0 0 0 0 0 0 0 0 0 0 0 0 0 0 0 0 0 0 0 0 0 0 0 0 0 0 0 0 0 0 0 0 0 0 0 0 0 0 0 0 0 0 0 0 0 0 0 0 0 0 0 0 0 0 0 0 0 0 0 0 0 0 0 0 0 0 0 0 0 0 0 0 0 0 
0 0 0 0 0 0 0 0 0 0 0 0 0 0 0 0 0 0 0 0 0 0 0 0 0 0 0 0 0 0 0 0 0 0 0 0 0 0 0 0 0 0 0 0 0 0 0 0 0 0 0 0 0 0 0 0 0 0 0 0 0 0 0 0 0 0 0 0 0 0 0 0 0 0 0 0 0 0 0 0 0 0 0 0 0 0 0 0 0 0 0 0 0 0 0 0 0 0 0 0 
0 0 0 0 0 0 0 0 0 0 0 0 1882.623214 3530.309377 3825.450406 3456.416595 3601.220237 3541.686095 3684.151203 3657.515655 3786.210752 3923.303377 3577.180733 4156.873724 3765.549335 3895.178136 4267.15498 4163.417667 4296.510527 4527.315297 4089.145196 4375.773149 4455.57267 4393.767033 3767.232761 4624.603402 4206.562133 4826.88642 4571.53486 4722.129706 4599.93288 4645.123762 4956.585898 4889.507728 4416.361619 4559.319367 4737.936391 4774.213385 4699.312622 4908.648058 4758.258392 4152.297225 4684.177746 5299.58646 4525.779714 4282.524981 4401.49355 4761.209467 4549.133224 4840.754523 4784.928899 4896.645165 4298.948328 4704.545665 4493.365822 4345.455075 4315.047916 4811.651233 4480.238181 4401.317432 4274.903521 4403.487031 4401.169126 4447.298645 4205.735849 4286.951951 4700.50238 4091.448561 4217.255624 4091.368222 4200.835903 4524.561974 4216.512007 3899.375542 3867.440654 3362.610341 3854.298755 1910.227216 0 0 0 0 0 0 0 0 0 0 0 0 
0 0 0 0 0 0 0 0 0 0 0 0 3274.576154 7081.987558 6965.456107 7624.431644 7638.338792 7056.629235 7308.80346 7356.866678 7694.151534 7530.929335 7818.705041 7781.9752 7764.686447 8105.957784 8316.656322 8380.041165 8031.726661 8492.356155 8546.556587 8489.905016 8415.511007 8097.919376 7948.382813 8197.037884 8994.668268 8730.244862 9146.581387 9113.982707 8711.743791 9936.638708 9484.31405 9548.177952 9450.82711 9155.399276 9617.170597 9677.505668 9461.841256 9773.436703 9077.89293 9790.459193 8921.224716 9666.18955 9454.291549 9875.88451 9544.181987 9293.988248 9991.648769 10007.65139 9505.469364 9392.023933 9519.308377 9196.562628 9550.155037 9342.811197 9007.012712 9670.642621 9106.46902 8978.067901 9485.392429 9171.523864 9221.887889 8824.237527 8670.689106 8768.826678 8871.653295 8519.611956 8524.194765 7908.714608 8161.923514 8161.780674 7859.902675 8283.419361 7997.342191 7430.82356 8115.63028 3752.702159 0 0 0 0 0 0 0 0 0 0 0 0 
0 0 0 0 0 0 0 0 0 0 0 0 3665.757668 6860.114534 6895.694316 6576.989747 7201.60205 7222.694262 7232.802787 7506.716626 8110.458244 7629.118931 7907.407843 7512.17991 7676.122858 8255.048092 7814.461777 8173.428171 8037.713884 8055.492298 8305.19756 8765.083427 8923.542246 8423.629085 8542.509122 8672.098171 9396.375304 8862.511548 8907.446486 9115.282328 9541.481575 8900.138141 8280.251926 9129.705925 9632.38349 9562.689655 9869.130959 9218.446897 10104.7891 9457.674235 8972.825803 9406.034617 9606.340967 9424.303416 9271.021505 8878.377744 9958.715187 9583.921205 9997.635489 9678.012327 9633.952137 9114.527262 9398.547028 8619.151566 9733.631768 9519.75777 9125.639275 9073.564818 9575.678423 9120.424962 9243.459434 9077.646315 9019.275745 9590.424153 8748.121287 9114.180391 8665.555783 8758.293031 8742.88701 8403.81164 7565.607133 8561.154529 8078.806425 7455.809773 7824.064835 7969.495466 7971.112817 3971.645223 0 0 0 0 0 0 0 0 0 0 0 0 
0 0 0 0 0 0 0 0 0 0 0 0 3649.731208 6908.393936 6756.997717 7291.325749 7560.43013 7263.238115 7406.057213 7656.453587 7279.047514 7640.298944 8396.952561 8313.27117 7904.309254 8418.26148 7746.81381 7768.530263 8741.943791 8766.411181 8554.54742 8417.615478 9077.906574 9000.272512 8328.724481 9362.706908 9493.003661 8670.139802 9621.180708 9807.01798 9189.393488 9419.322381 10032.53991 9393.549263 9773.925595 9837.573996 9053.130545 9739.793232 9691.29145 10362.00245 9769.353894 9252.935624 9447.46717 9410.368523 9763.668996 9990.28258 9780.095705 9189.669354 10142.45448 9201.925355 9871.251737 9854.443793 9162.346822 9655.229992 9698.368794 9395.162088 8770.357784 8952.078079 8739.257361 8794.828018 8997.361211 9056.108846 8483.692667 8290.10413 9134.520555 9118.353203 8167.361625 8932.215243 8820.945938 8531.656754 8703.127442 8386.088441 8407.873043 8171.049941 8130.829039 8342.479505 7879.068838 3976.956298 0 0 0 0 0 0 0 0 0 0 0 0 
0 0 0 0 0 0 0 0 0 0 0 0 3165.737151 6778.864511 7228.138012 7577.284811 6539.008846 7025.533894 7665.372598 7411.06523 8135.850873 8322.351008 7831.098767 8504.172066 8298.56779 8524.121629 8666.062252 8791.804549 8510.47073 9024.969648 8720.208007 8914.457987 9050.521256 9376.482031 9000.05805 9139.096212 9208.074529 9446.538592 9769.538132 9691.797659 9321.158343 9111.472394 9481.190185 9643.92867 9978.449005 9302.172149 9673.50391 9196.561863 10005.65613 9449.132406 10090.89893 9962.651744 10158.75663 9104.865761 9261.749642 10104.59552 9735.787029 9752.873714 9117.856147 9552.40264 9470.408808 9631.409425 10101.91092 10195.44502 9634.053997 9614.832971 9356.651825 9236.844313 9627.582524 8540.070769 9189.913502 9438.47287 9880.360995 9289.986247 8908.856124 9172.247136 8593.214719 8631.087783 8941.561527 8240.592197 8942.03583 8119.372867 7892.669605 8191.907721 8384.553836 8079.061312 7736.100218 4213.20384 0 0 0 0 0 0 0 0 0 0 0 0 
0 0 0 0 0 0 0 0 0 0 0 0 3836.126579 6897.943965 7328.008027 7429.580076 7411.961915 7391.303199 8048.962638 7689.517287 7968.747904 8031.076 7796.119248 8717.770836 7833.741489 7975.260561 8778.398772 8284.997633 8715.176808 8812.904244 9489.728824 9035.911579 8449.193337 9217.438383 8948.678015 8718.14569 9561.902597 9383.456261 9333.421397 9328.100816 10105.48165 9783.57957 9502.018523 9953.965227 10284.40575 9586.644379 8995.19955 9958.461173 9379.442411 10419.74303 9921.014891 10474.85769 9593.012534 10396.96189 9585.68671 10097.2861 9906.389893 10750.46689 9485.058609 9855.959985 9841.559971 9523.94606 9979.845032 10182.49543 9708.16793 9823.832161 9525.449991 9176.679909 9678.158673 8963.459442 8820.927437 8756.057134 9286.867712 9062.06467 8655.010432 9451.417048 9407.141683 9262.783559 8398.080492 8362.545775 8701.004696 8344.755877 8547.112459 8635.076892 8291.036709 8064.415626 8011.126269 3984.532857 0 0 0 0 0 0 0 0 0 0 0 0 
0 0 0 0 0 0 0 0 0 0 0 0 3516.996548 7316.893763 7019.250197 7887.553562 7464.138208 7560.08164 8020.169927 7333.861016 8016.571826 8286.063162 9259.421274 8362.854405 8193.830072 8417.021686 9080.973373 8445.651312 8681.040151 9142.324194 8794.595846 8897.148911 8758.500869 9585.389638 8720.398069 9292.575186 9379.103306 9010.079224 9456.559603 9389.315226 9235.119145 9582.323315 9701.817494 9704.587105 9166.554624 9432.238668 10027.87095 10346.00237 9952.813316 9876.898594 10052.54434 9890.553352 9874.137517 10284.187 9904.377923 10436.7406 10150.09721 9621.085818 9643.831976 10676.25313 10209.18427 9885.47276 10519.71268 10803.80616 10151.48187 10208.04917 9682.322048 9188.148557 10038.52249 9464.68927 9368.424938 10028.37032 9213.838948 9154.074078 9462.508838 8999.645188 9118.016934 9272.759345 8978.919144 8646.279147 8379.561712 8491.239052 8812.792074 8124.031433 8046.656362 8487.169141 8966.447918 3848.901719 0 0 0 0 0 0 0 0 0 0 0 0 
0 0 0 0 0 0 0 0 0 0 0 0 3471.311132 7114.379603 7175.361257 7678.699971 7293.985607 8381.007529 7923.549317 7399.815506 7561.721374 8394.233399 7527.532061 8549.389065 8408.436058 8587.963614 8302.397107 8650.570463 9603.371311 9467.598927 9080.603511 9183.523111 9288.095536 9076.780411 9773.796964 9159.720777 9990.806773 9596.136529 9294.967532 9974.418831 10079.15348 9852.109388 9672.033599 9886.781656 10114.28804 9749.628179 9322.515219 9827.601699 10136.07001 9657.908512 10247.4579 9673.222567 9820.31553 10602.27334 10066.23731 9996.205085 10433.72741 10007.61279 10253.64729 10673.15153 10134.19962 9926.27015 10085.42422 9598.671458 9431.08116 9280.617333 9656.920307 9921.388709 9809.740262 9495.890195 9876.179832 9776.353102 9847.817975 9956.418506 9388.604136 9102.589751 8766.860045 9328.025464 9174.286404 8227.956782 9193.745305 8628.69833 9325.740058 8298.797893 8331.875824 8275.608282 8134.333389 3709.880957 0 0 0 0 0 0 0 0 0 0 0 0 
0 0 0 0 0 0 0 0 0 0 0 0 3506.790471 7609.814976 7425.637284 7977.080221 7644.16465 7627.397192 8483.95925 7949.025304 7607.260304 7963.020044 8683.207252 8433.117217 8958.655757 8482.969227 8537.803495 8965.206481 8957.49791 8668.633868 8511.505428 8826.854942 9013.482798 9572.916647 9385.649824 8752.410367 9987.403426 9599.488176 9586.661567 10263.24495 9956.900724 9710.002243 9506.99797 9950.478329 10115.60686 10130.06004 9649.482481 10042.91361 9412.244305 10653.56981 9659.665236 10229.7694 9982.116805 10496.84015 9908.315251 10465.76864 9758.539388 10092.30147 10180.55864 10258.14437 9800.356711 9704.876054 10116.66405 9779.80205 9080.851243 10115.44825 9820.593064 9288.151575 9593.322868 10034.22859 9828.010748 9582.058071 9749.968856 9288.455676 9667.139509 9838.957584 9055.441901 8785.876267 9349.406901 8950.685411 8629.126489 8958.521173 8742.114057 8323.541818 7993.538245 8411.144078 8656.550403 4262.002848 0 0 0 0 0 0 0 0 0 0 0 0 
0 0 0 0 0 0 0 0 0 0 0 0 3200.493087 6899.832924 7482.784288 7334.545642 7931.893528 8374.406715 7948.455488 7551.605777 8908.18945 7899.793168 7598.218691 8763.683462 9127.486002 8641.05551 8805.990349 8903.571171 8250.114578 8855.029175 8880.261102 8676.722507 9290.441306 9362.440007 9743.967638 9878.571322 9286.023365 9677.600024 9890.502195 10555.96818 10396.36177 9668.839638 9990.130918 9581.442539 10239.2192 10037.49162 10000.15835 10454.40616 10537.69371 10467.64933 9833.843859 10398.96919 10149.96733 10434.81712 10155.69136 10345.60356 10542.73156 10451.45464 9403.751391 10451.61796 10024.35564 10223.50163 9790.73348 10082.22814 9917.337886 9736.042595 9850.086777 9904.271387 9725.367775 9759.404798 10153.78902 9301.966713 10222.24607 10160.97966 9602.092182 9293.528527 9433.64337 9292.317858 8817.253173 9008.822661 9130.288205 8287.024711 9121.713335 8684.143873 8504.348734 8687.079357 8677.938359 3966.067614 0 0 0 0 0 0 0 0 0 0 0 0 
0 0 0 0 0 0 0 0 0 0 0 0 3797.604133 6931.92799 7822.645729 8024.388448 6899.116583 7590.34187 8498.497726 8271.025516 8209.646041 8954.094218 8283.476128 8804.718539 8977.185497 8910.148185 8741.313584 9003.739851 9502.828871 8792.643283 9438.950341 9094.024738 8763.772043 9247.723167 9535.467902 9171.695093 9779.764254 10121.21331 10746.04594 10108.57622 10056.13833 9468.160906 10134.82925 10601.19329 9772.377982 10484.68424 9851.585322 10753.43941 10333.24603 10747.28002 9946.279902 10120.34994 10597.28746 10639.99216 10258.28605 10448.81553 10370.97466 10657.35592 9013.115369 10625.03349 9943.65662 9761.027066 10178.31735 10466.35129 10274.52708 10100.39528 10369.54855 9246.834587 10003.29411 9206.525015 10093.63223 9724.764761 9792.174505 9257.366209 9322.187251 9280.779542 9248.887163 9260.288922 9501.982868 9750.576655 9230.605681 8248.509924 8716.962473 8965.01126 8921.030615 8480.216027 8254.101437 4111.831097 0 0 0 0 0 0 0 0 0 0 0 0 
0 0 0 0 0 0 0 0 0 0 0 0 3399.848612 7343.133009 7513.68308 7569.360553 8281.353966 7688.590889 8400.617181 8297.817903 8675.534039 8331.252969 8346.014627 8793.970407 9137.996325 8713.915838 8936.83778 8981.217178 9414.803207 8832.379189 9285.832513 9749.614918 9418.817145 10021.7723 9469.400451 10008.71754 9690.748402 9324.431124 9790.445779 9977.800155 10179.03696 10404.92188 10343.74016 9900.404003 10386.05667 10899.26523 9928.637421 10617.07264 11158.10411 10874.03906 10410.12109 10021.30284 10479.12941 10517.52046 10310.69168 10338.77942 10565.22518 10548.1394 11156.23053 10517.31148 11211.12234 10586.44599 10802.11259 9523.351262 10134.54673 10253.56219 10170.02739 9755.477436 10375.58113 9753.417961 9521.885651 9927.590955 9855.398655 9552.30117 9158.346284 9540.672224 9349.654965 9949.266722 9207.422893 9173.417514 9485.037086 9047.234677 8659.05496 9080.423832 7995.945341 8507.596947 7881.19165 4187.955653 0 0 0 0 0 0 0 0 0 0 0 0 
0 0 0 0 0 0 0 0 0 0 0 0 3380.11529 7482.347835 7353.421282 7821.235697 7790.981925 7967.902731 8285.580301 8295.286252 8449.603666 8590.509835 8280.500011 9480.065721 9103.745611 8721.162333 8779.178179 8864.892655 9464.565462 9411.23441 9147.314073 9350.70445 10002.23353 10110.77425 9533.503114 9659.219138 9962.879273 10118.41911 10168.07736 9680.23588 9850.955411 10131.65435 9964.647938 9658.51477 10968.75864 9951.081171 10522.75442 10880.53948 10132.47925 9996.053098 10670.80801 10179.3952 10852.75136 10129.70681 10151.60477 10474.95945 11084.77195 10735.89034 10767.76047 10905.12131 10717.67531 10467.57627 10418.01311 10175.90759 10010.50215 10354.9142 10593.32806 10194.86542 9676.19115 10091.84072 9041.296568 9576.692284 9638.017023 8992.494257 9759.44786 9553.951776 9677.631775 9154.685652 9662.667757 8963.372396 9236.219272 7995.436882 8689.572961 8946.573182 8753.330654 8600.676167 9050.733216 4295.827548 0 0 0 0 0 0 0 0 0 0 0 0 
0 0 0 0 0 0 0 0 0 0 0 0 3884.10819 7240.068406 7399.145651 7968.678263 8684.684531 8589.719566 7651.809129 8626.850122 8213.425573 8977.945412 8643.614846 8354.652716 8308.915184 9232.47933 8724.486805 8854.092972 9166.162506 9093.895008 9486.304731 9214.376032 10485.86754 9544.466794 9433.350791 10096.16491 9911.31666 10007.34229 9480.673443 10197.90389 10446.67939 10951.76136 10625.28671 9627.724634 10677.96061 10270.94677 10380.06848 10034.56745 10220.05522 10471.42266 11064.51652 10487.54268 10598.96287 10979.62612 10721.54614 10898.02032 10914.53515 10387.24796 10340.36709 10326.46315 10483.9478 10240.28913 10210.89746 10998.30274 9767.636237 9843.582114 10358.38393 9969.529456 9778.754607 10425.65117 10412.92007 10142.01172 10267.98508 10238.8942 9980.293859 9746.39237 10266.35054 8853.603587 9327.803751 9259.048714 8791.555095 9544.036464 8554.259886 8911.436251 8850.565271 8352.195983 8762.106979 4835.848911 0 0 0 0 0 0 0 0 0 0 0 0 
0 0 0 0 0 0 0 0 0 0 0 0 3990.747907 7597.739089 7698.41417 7819.576174 8105.004716 8127.872509 8827.51764 8521.598268 8314.256395 8525.505831 8491.679759 8278.929527 9691.993991 9183.810113 8470.122009 9350.512315 9185.221179 9478.216668 9319.006257 10147.15282 9143.792096 9646.105997 10592.28024 9531.568424 10182.65213 10329.68259 10642.43414 9855.464943 10357.912 10661.14382 10702.13421 10295.9237 10497.75597 11238.44392 10279.33999 11184.32183 10713.99971 10819.04678 10671.85003 11002.37302 11098.66253 10716.03804 10347.86325 11137.95428 10314.28448 10488.12787 10736.57873 10170.82358 10613.69772 10510.99883 10657.65724 10301.87486 10493.46685 10596.24997 10074.89934 9729.799453 10207.73419 10421.90921 9961.22263 10168.26872 9847.222781 10983.26305 9948.530858 10253.52612 9931.196773 9682.777082 9431.02699 9010.019351 9567.335066 9415.43591 8997.369561 8825.850032 8633.979009 8551.837073 8865.457244 4150.24841 0 0 0 0 0 0 0 0 0 0 0 0 
0 0 0 0 0 0 0 0 0 0 0 0 3535.710852 7843.480133 7460.985148 8181.963269 7970.045644 8449.066373 8593.140501 8347.015329 8173.911445 8385.477577 8559.660778 8623.509385 9476.921905 9600.32614 9267.083539 9216.100749 9830.673401 9478.25028 9973.549468 10005.35989 9708.436982 9599.714108 9819.346182 9912.038974 10425.29984 10100.33819 10358.07504 10540.62409 9993.925191 10292.49728 9980.754897 11008.0762 10369.25179 10651.99626 10918.2733 10582.90674 10411.87008 10217.40728 11315.65962 10023.27577 10983.14552 10629.81672 11456.03464 10244.77606 10323.09349 10876.78442 10991.41716 10635.54929 10311.90775 11505.73136 10314.03959 9364.323641 10809.17968 9861.437609 10480.18794 10899.18141 10063.82834 10104.84334 10228.92758 10615.24305 10211.11336 9712.41056 10147.97428 9164.877277 9595.914269 9776.672059 8773.268643 9453.080437 8920.706188 9802.102576 9334.701823 8867.981945 9535.0263 8054.722607 8475.132883 4531.707518 0 0 0 0 0 0 0 0 0 0 0 0 
0 0 0 0 0 0 0 0 0 0 0 0 3957.048394 7700.724242 8008.811781 8231.670616 8202.275402 7702.127357 8270.609515 8592.200202 8457.972711 8104.599871 8687.904676 8938.183221 8906.175079 8514.474237 9486.434184 8974.400028 9589.438478 9588.168783 9322.243062 9414.3649 9889.933785 10103.21754 9971.416209 9600.526454 10523.24843 9889.90467 10291.03328 10472.76196 9676.131455 10793.77226 10613.02644 10980.52818 10549.18702 10599.42494 10336.65467 11037.95176 11182.73002 11029.63533 10510.27462 10937.60621 10597.02905 10909.70099 10901.32297 10135.57473 11070.22482 11108.57487 10949.58374 11614.12386 11051.0643 10631.69385 10433.87741 10566.32293 11242.58827 10245.10203 10067.48296 10173.95738 10259.25044 10721.94183 10287.42189 9862.498155 10111.07723 9494.369262 9710.464506 9906.133071 9561.378941 9853.451247 9346.377725 9440.928278 9383.651138 9504.964206 9535.704562 9106.870489 8621.343144 8805.16706 8699.907212 4397.491412 0 0 0 0 0 0 0 0 0 0 0 0 
0 0 0 0 0 0 0 0 0 0 0 0 3915.909361 8260.397437 8092.350894 7823.871812 8108.664412 7911.413801 8442.690409 8831.207191 9057.44729 9068.173113 9277.388353 9101.306669 8478.287871 8933.774762 9150.332084 9475.284677 9970.933247 9701.041155 9796.829826 10398.95974 10029.28301 9907.109807 10386.50459 10412.52718 10205.96011 10198.52319 10228.80822 10750.80733 10371.79752 10449.02218 10364.46943 10604.8132 10895.08208 10713.23092 10280.05104 10391.38336 10194.0269 10890.99284 10665.26784 10812.07847 11092.32195 12316.13738 10149.66324 10517.05659 10331.18647 10466.76005 10901.33939 10638.04364 11021.97812 10835.26343 10707.10482 10655.80278 10459.61792 10767.31446 10510.69156 10362.39254 10560.19447 10688.47328 9790.611652 10238.926 9930.545224 10323.42138 10110.15424 9772.117978 8891.435683 9592.685033 9601.49407 9722.712673 8777.485785 9751.20294 9579.7963 9115.801149 8667.61921 8784.098708 9394.067942 4808.637439 0 0 0 0 0 0 0 0 0 0 0 0 
0 0 0 0 0 0 0 0 0 0 0 0 3771.890988 7671.624616 8133.824669 8268.727979 8503.462539 8473.363088 8780.740271 8482.826762 9110.485195 8706.883475 9194.989831 9285.798203 9215.826308 9309.32933 9894.848907 9291.226667 9867.371285 9411.567407 10167.99879 9933.333826 9505.217067 10201.01059 9698.673386 10694.37877 10217.23634 10140.59065 10253.96342 9759.205112 10745.85363 10938.37905 11034.30383 10601.95315 11327.35943 10102.42407 11117.6511 10881.72839 10279.40834 11186.20963 10923.21464 10516.1593 10694.97028 10513.67888 11075.43706 11803.05768 10432.52962 11052.20496 10993.5692 10639.42777 10627.31548 10372.82962 10587.47897 10883.33965 10707.72016 10801.966 10482.47753 10340.69502 10745.95076 10787.20398 10611.44383 10717.72694 10438.02473 10454.98283 9950.813461 9519.633257 10230.47954 9703.802508 9703.03954 9191.099027 9588.964807 9116.727848 9390.187763 9011.867189 9284.853355 8554.744611 8684.179851 4641.140397 0 0 0 0 0 0 0 0 0 0 0 0 
0 0 0 0 0 0 0 0 0 0 0 0 3505.74071 7808.965516 8241.823927 8061.710873 8505.484605 8683.682395 8877.738459 9061.084501 9221.626112 8977.841392 8870.25421 9206.806234 9750.672929 9344.028248 9802.263576 9766.500135 9477.649542 10279.37258 10062.77272 10035.89919 10072.84581 10719.03949 10538.66938 10231.70182 10274.06641 10111.88362 10810.90419 10660.86704 11394.05389 11049.22147 10346.73836 10740.20102 11222.75567 10692.32256 10571.31045 10652.67962 10164.1423 11297.09371 11323.60256 11209.53807 10764.39765 10723.52921 10845.06587 11155.30237 10800.95441 11164.18853 10511.64717 10589.96193 10978.00823 10798.37827 11214.89377 10931.78572 11115.73117 10567.43201 10384.6621 10719.58609 10609.0423 11288.41408 10161.43509 10579.8149 9879.884872 9854.132682 10220.31702 9997.610663 10038.27135 10183.03 10034.54482 9446.025798 9767.505276 9479.156607 9112.35773 8858.378198 8885.802742 8313.599419 9825.428757 4211.575684 0 0 0 0 0 0 0 0 0 0 0 0 
0 0 0 0 0 0 0 0 0 0 0 0 3543.850917 8243.562226 7445.866377 8251.287375 8566.850759 8410.089346 8761.164495 9060.052975 8923.959788 9025.438319 8503.363362 9239.67512 9788.914524 9306.102507 9443.754699 9967.095849 9362.18707 9729.315904 9390.184266 10737.72058 10011.73648 10720.65477 10775.47303 10026.90061 10637.4567 10286.23344 9645.325514 10952.15718 10143.99581 10885.30944 10506.34711 10687.70821 10717.75827 11152.57123 10584.05808 11480.45518 10456.336 10871.58181 11048.2843 11079.837 11074.04157 10795.42691 11039.10548 11527.50227 11562.71124 10762.1275 10906.18538 10928.47015 11121.08279 11371.43329 11044.07144 10731.84187 10419.47371 10790.59005 11402.74636 10116.06478 10627.57075 10767.27436 10348.69601 10333.42176 9952.633344 10059.89182 10262.18326 9951.678092 10279.44993 9143.469759 10109.58778 9643.421871 9885.098393 9596.795198 9356.702342 8940.401064 8908.017821 9413.964774 9373.985008 4532.449588 0 0 0 0 0 0 0 0 0 0 0 0 
0 0 0 0 0 0 0 0 0 0 0 0 3730.84167 7964.293056 7654.590182 7616.724417 8428.834377 8221.897352 8463.51639 9302.831655 8565.864957 8809.304547 9703.111984 9936.376037 9276.263083 9932.08756 9536.696288 9697.581391 9766.245093 9948.665808 10395.64753 10361.07538 9929.990071 10107.74673 9209.836806 10274.78661 10458.75613 9995.684622 10184.79023 10455.31553 11045.17009 10798.52183 11393.9576 10630.22618 10727.44456 11426.76278 11116.65674 10632.39923 10599.37067 10886.4979 10746.93134 11146.16323 11623.49866 10851.23047 10893.75907 11679.86851 10822.14935 11221.1436 10683.66648 11156.29323 10722.08031 10770.20307 11334.46933 11099.41711 11223.41711 10549.8661 10748.03957 11325.14567 11018.7935 10671.23484 10826.38724 10499.47766 10778.04696 10542.84753 10205.38822 9523.991226 10623.81036 10129.84981 9960.039087 9253.563484 10078.15091 10078.70686 10207.49235 9389.290489 9574.577874 9184.596513 8815.674922 4483.45736 0 0 0 0 0 0 0 0 0 0 0 0 
0 0 0 0 0 0 0 0 0 0 0 0 3941.400081 7620.466928 7919.2924 7549.365954 8939.359391 8185.832988 8639.55505 8910.233766 9358.946496 9164.438591 8757.619063 9804.368884 9743.779407 9804.703313 9983.393307 9552.996514 10192.37378 9630.391506 10317.78568 10388.5249 10458.68214 10201.3903 10163.65197 10297.70011 10028.55501 10414.89685 10826.72676 11109.59495 11930.69394 10349.80673 10982.07106 11039.64067 11302.40782 11587.3795 11115.6501 10949.61251 10297.22751 11185.03071 10262.479 10731.73104 10592.02389 10865.58709 10956.14902 11305.73476 10920.83854 11149.52275 11756.36279 11028.35475 10453.0872 11045.01601 10991.47539 11714.88533 11191.72912 10886.75115 10553.65491 11057.99128 10585.64671 10602.87314 10391.84599 10022.98105 11140.37213 11239.79986 10215.63238 10172.95743 10199.80993 9726.288485 9818.71561 9942.859261 9634.551315 10392.3324 9713.725971 9135.271262 9162.008042 9446.565637 9309.74072 4681.289658 0 0 0 0 0 0 0 0 0 0 0 0 
0 0 0 0 0 0 0 0 0 0 0 0 3810.594969 8361.647631 7743.482247 9044.962723 8239.210375 8127.455839 8351.336694 8978.732589 9442.92933 9216.44528 8823.043655 10039.83958 9099.286301 9544.787233 9397.822653 9805.411976 10088.59425 10238.6513 9972.04875 10361.154 9811.850821 9972.237194 10539.88479 10813.72383 10647.39771 10020.94723 10511.38349 11042.96251 10968.80947 11182.56562 11262.75648 11203.78044 11323.42652 11777.74742 11248.60013 11203.52602 10825.40131 11103.90317 10789.5484 10770.22497 10947.76877 11110.1326 11474.13065 11416.48411 11311.3317 11630.60883 10650.28383 11536.0584 10982.7519 10568.14994 10751.77782 11669.55003 10663.23424 10742.7053 11469.12456 10753.13364 10822.18133 11033.96647 10922.54246 10295.43849 10591.46191 11315.75147 9468.487093 9679.378524 10267.39973 9923.136111 9537.082347 9933.733289 9885.469188 9810.657648 9719.059686 9804.47809 9143.704386 9078.316988 8862.65688 4198.373519 0 0 0 0 0 0 0 0 0 0 0 0 
0 0 0 0 0 0 0 0 0 0 0 0 4045.05311 7649.32344 8370.846275 8536.803582 8811.465195 8640.755586 8753.921446 8993.449046 8732.324125 8530.314818 8851.359783 9920.212279 9111.842532 9409.828787 10171.12901 9854.890522 9596.09039 9850.948849 10111.81019 10681.54816 10385.7559 10709.88218 10719.39089 11516.04889 10332.68861 10490.10826 11224.86027 10788.96062 10872.23268 10936.83614 10651.06147 11300.14419 10668.25357 11315.47228 11154.23996 10868.1786 11222.72145 11511.26532 11197.01559 11821.38037 10882.5608 11741.30691 11479.80817 12258.63674 11172.90175 11306.09733 11344.7154 11088.51217 10615.59225 10474.28041 11516.6087 10809.51347 11558.60225 10033.5645 11396.58129 11572.43791 10779.34036 10681.41105 10519.7785 10813.74355 10847.6017 10729.46438 9527.15549 10400.34123 10889.96818 9750.385431 9876.954207 10635.30993 10378.59097 9355.226494 10079.0143 9049.626947 9424.37127 9084.865367 9038.568235 4814.831516 0 0 0 0 0 0 0 0 0 0 0 0 
0 0 0 0 0 0 0 0 0 0 0 0 4149.58587 7973.376244 7610.938447 8093.885635 8608.741776 8283.283733 8610.630771 8248.628556 9493.51656 9626.660702 8746.615664 9632.899828 9621.934927 9851.751141 9229.481335 10071.96459 9574.296512 9482.880121 9742.405632 10236.28803 10434.90635 10273.98788 10531.65663 10251.3932 11053.09451 10274.9962 10794.94155 10503.98024 11172.85876 11354.93271 10809.38543 10785.69429 11394.26881 11128.04032 10896.22692 11855.02037 11251.52323 11238.3457 11729.23897 11402.44469 11603.67705 11562.84539 11087.20349 11152.13509 10770.58889 12007.91306 11283.98816 11635.79637 11131.80844 11069.3289 10822.10322 11445.24186 11192.68614 10434.1561 11275.3849 11081.34644 11272.05272 10125.83882 10227.66311 10995.96124 10994.58598 10017.46171 10208.40274 9981.412302 10297.51095 9549.697612 9838.836216 10241.52669 9524.590486 9495.506676 10255.73632 9813.636105 8911.578248 9183.245631 8996.969806 4709.146691 0 0 0 0 0 0 0 0 0 0 0 0 
0 0 0 0 0 0 0 0 0 0 0 0 4530.152932 8978.588386 8366.968514 8470.841142 8241.508269 8549.229018 7743.129746 8788.600341 9461.745692 9365.044335 9553.917389 9150.626588 9311.480607 9910.455622 9805.610937 10207.92173 10266.87563 9899.649094 10067.60382 10799.87767 10019.2341 10151.7895 10736.58918 11456.58844 10555.00221 10892.9339 10689.46743 10727.57665 11095.67723 10534.7918 12081.88433 11646.8291 11485.33463 10705.66324 11689.59267 11270.88701 11359.2494 11154.48046 12019.73235 10884.76061 10842.36724 11494.14397 11511.77993 11175.28234 11145.69161 11282.56317 11228.89042 11386.24871 11249.36155 11828.21126 10840.88129 11687.31116 11305.80421 11314.4714 10480.7979 11262.49784 11029.41534 10431.25656 11543.47217 9867.265996 10795.87462 10363.98916 10718.24634 10673.76311 11054.06912 10896.15168 9443.500397 10518.85366 10453.94006 10162.43987 10238.1626 9269.511424 9693.035017 9156.895508 9648.490549 4702.114981 0 0 0 0 0 0 0 0 0 0 0 0 
0 0 0 0 0 0 0 0 0 0 0 0 3874.064799 8238.964291 8493.359591 8571.557834 8282.133723 8823.372133 8642.811459 9373.859911 8939.915935 9105.557872 9396.059779 9718.352315 9652.364816 9953.533856 9717.941399 10056.14598 9935.960506 9955.646236 9965.216516 10511.92866 10919.50452 10491.90854 10452.24938 10525.22438 10365.26695 10600.68356 11274.69151 11250.04984 11154.2595 10933.51991 11697.40507 11121.10441 11333.26735 11760.99866 11527.41895 11513.14568 11185.6094 11165.63876 10951.62576 11998.82949 12466.36129 11319.60147 11986.37094 11692.47844 11255.05665 11629.66669 11307.78366 10968.94787 10936.98842 11615.47154 10999.67031 11358.55948 11075.49314 10624.2785 11024.91907 10452.70689 10625.57712 10816.1616 11263.73681 10547.61838 10190.9232 10289.07249 10624.21831 11008.24865 10485.8024 9705.617444 9837.778963 10889.83977 9683.488133 9818.584163 9267.203414 9257.797414 8847.480475 9668.130419 9318.23151 4576.065772 0 0 0 0 0 0 0 0 0 0 0 0 
0 0 0 0 0 0 0 0 0 0 0 0 3960.014779 8220.633955 9024.615374 8558.088672 8467.51559 8937.064742 8743.25209 9377.042747 8703.549469 10024.40722 9822.400652 9612.323782 9283.220292 9746.51852 9851.791514 9998.617051 9819.060794 10722.68375 10161.38096 11061.37548 10475.4232 10494.89455 10121.67483 10996.83546 10394.01851 11045.17937 11338.47618 11224.85947 10430.52632 10821.39631 10832.94507 10866.51149 11163.55146 12244.95484 10804.91679 11887.7991 11138.69112 11561.02627 11222.36468 11188.43477 10952.13073 11838.97337 11613.51694 11078.06637 10876.80125 11703.41598 10825.11364 11645.69133 10784.3759 11389.15416 11303.41187 11271.72867 11228.32582 10844.30285 11526.96427 10741.6448 10909.27903 11544.87157 10901.42515 10867.44029 11007.42903 11344.12176 11038.08494 10577.44411 10779.32855 9749.333537 10277.8308 10138.00844 9799.967608 9461.173823 10004.49222 9162.649564 8866.398659 9016.713428 9293.651058 4707.17312 0 0 0 0 0 0 0 0 0 0 0 0 
0 0 0 0 0 0 0 0 0 0 0 0 4009.441501 7990.798185 8763.319938 8421.427582 8598.663041 8985.260933 8745.622266 8807.025934 9445.88424 8752.022024 9786.833274 9740.414906 9627.818475 9923.363063 9796.102595 9862.100771 9471.969662 9914.545726 9440.219251 10428.61168 10802.56437 10245.90489 10570.71128 10551.36761 10987.9269 10926.30626 10377.87067 10165.62632 11781.08991 11129.96764 11383.37128 11185.63496 11654.94218 11386.51424 11056.3811 10942.40672 11243.34211 11531.41547 10985.0765 11372.89459 11832.76082 11231.0926 11944.9701 11408.66024 11781.16299 11727.59536 11012.39468 10992.30033 11138.12417 11097.78846 11657.13537 11121.77552 11012.97701 11499.46576 11310.64305 10926.38077 10545.55895 10809.82495 10901.80601 10671.8474 10800.41819 10315.00434 10372.72421 10344.47869 10640.95157 9664.788828 10525.39192 9525.354604 9921.320509 10456.05279 9854.804807 9285.918921 9522.618982 9736.45942 9459.401625 4559.421424 0 0 0 0 0 0 0 0 0 0 0 0 
0 0 0 0 0 0 0 0 0 0 0 0 4159.166148 8623.810051 8699.439287 8217.008119 8823.300194 8345.971931 8692.30211 9562.538198 9282.340326 8873.996781 9243.660689 9214.671775 9461.220647 10019.47404 9513.275211 10431.2326 9745.85868 11069.45502 10200.8722 9708.416371 10785.64253 10265.19914 10913.56419 10818.44406 10813.4808 11363.57856 10759.80581 11065.60937 10998.55278 11676.39805 10133.99367 11578.99681 12056.40008 10833.96868 10786.12425 11375.67253 11546.26625 11115.59639 11039.73365 11438.74996 11661.75894 11961.17409 11705.96528 11436.36435 11738.63688 11480.94846 12106.33018 11653.03768 12187.1499 11606.44084 11055.74765 11211.36611 11202.61593 11276.46633 10968.23003 10515.77603 11278.08922 11264.32778 10701.17992 10780.4329 9828.365681 10929.54443 10554.26332 10368.74269 10311.05398 10555.81234 10244.14234 10074.18121 9822.420339 9572.468388 9909.314807 9128.528528 9846.641082 9602.358825 9184.128098 4578.11538 0 0 0 0 0 0 0 0 0 0 0 0 
0 0 0 0 0 0 0 0 0 0 0 0 4454.928496 8186.748934 8477.657783 8544.557264 8300.793594 8815.007822 9503.229864 8793.763324 9694.181857 8962.713059 9796.150412 9735.688381 10014.28682 9786.639586 10225.22079 9974.00068 10469.42139 9826.6427 11149.96239 10526.65429 10286.02753 9983.038332 11344.13674 10683.28963 11043.72258 10928.35925 11130.02169 11497.17127 11328.80612 11770.11772 10692.86087 11855.71912 10908.90367 11007.18167 11861.44643 10797.94454 11223.52985 11590.16886 11074.39332 11657.78989 11161.73747 11270.53829 11704.76891 11265.35249 11382.59514 10958.65601 10645.88985 11121.09651 11601.66129 11852.66118 11930.75952 10922.80025 11324.41141 11497.74116 10941.70363 11245.38314 10744.83794 10976.26182 10563.73403 10599.98023 11803.49852 9588.706018 10636.67162 10202.10503 10278.9188 9887.026609 9872.844255 9995.547781 10595.18989 10143.02826 9582.166945 9101.84948 8920.474507 9512.644091 8991.795052 4808.858811 0 0 0 0 0 0 0 0 0 0 0 0 
0 0 0 0 0 0 0 0 0 0 0 0 4484.557826 8203.45781 8673.613346 8332.922681 8444.220112 8281.63239 9207.822852 8404.666682 9823.700136 9035.095749 9973.769647 9309.856731 9973.012161 10005.1056 10371.23645 10493.6642 10059.36002 10587.87387 10110.02342 10418.59981 10224.27884 11379.24324 10843.308 11381.81148 10796.97287 10846.41623 11337.34404 10858.23344 11844.53055 11171.36002 10635.34888 11161.52367 11831.69416 11496.15113 11255.45521 11670.57363 12081.3252 11301.07928 11047.66271 11453.56868 11913.34403 11098.26328 11192.41964 11775.10789 12156.66774 11369.94171 11562.21285 11215.41671 10969.72975 11738.30496 12160.63219 11057.19454 11484.12262 11016.83721 11209.95687 10771.57737 11103.84462 10980.6735 10782.95294 10289.03127 10894.07136 11326.021 10692.35629 9876.374895 10093.35705 9702.638084 9722.568139 9938.207411 9985.098849 9890.230018 9396.525283 9750.738021 10054.35568 9372.897298 9751.641554 4861.99887 0 0 0 0 0 0 0 0 0 0 0 0 
0 0 0 0 0 0 0 0 0 0 0 0 4258.315999 8112.277068 8365.177888 8476.911613 8829.84965 9131.115165 8754.048752 9186.916406 8890.290866 8922.205989 9406.867248 9763.719197 9767.594549 9908.654898 10372.69957 10640.915 9836.216444 10472.28835 10270.17291 10650.36256 10845.007 11287.37193 11445.76583 10708.40466 11518.93246 10871.30014 11272.87169 11313.0604 11364.9125 11327.17436 11121.32761 12149.07289 11112.36821 10548.52861 11180.53741 11251.9816 11822.83663 11673.27481 11790.44927 11364.5803 11349.73048 11526.68227 11254.06896 11946.81995 12046.70299 11142.07108 11290.70121 11259.71152 11475.74912 11991.47182 11508.06098 11571.33789 11978.08865 11553.20745 11299.42691 10725.84835 10614.42351 11274.93863 10890.22184 10032.77589 10521.36442 10180.7315 9728.718446 9996.457631 10089.02627 10531.52491 10879.78165 10054.61217 9634.466487 9573.886421 9159.729943 9431.964142 9907.755066 8933.831404 9358.423841 4742.686589 0 0 0 0 0 0 0 0 0 0 0 0 
0 0 0 0 0 0 0 0 0 0 0 0 4394.305719 8229.946428 8451.032467 8537.726525 9354.395837 9034.634069 8355.322027 9203.343786 9269.912165 9342.180587 9574.225919 8949.550384 9324.875681 9882.526318 10109.29186 10105.16553 10407.9318 10589.74036 9878.552022 9956.213147 10753.81516 11426.84012 10148.92096 11979.64068 10796.76472 10997.17598 11636.54769 11123.72393 10429.60938 11103.14759 10975.48653 10785.4321 11457.31949 11422.95391 11615.58606 11206.93469 11193.08785 11538.29023 11845.42229 11567.08266 11584.36198 11901.60243 12308.115 10658.54485 10808.4957 10768.53541 11185.86605 11279.96802 11265.60473 11651.68248 10894.20953 11170.35955 11034.9074 11287.21581 10773.69094 11151.35767 10682.82351 10717.59433 11356.94001 10452.34324 11049.69662 10802.47952 10913.43908 10541.5924 10704.91724 10417.29448 10677.83672 10198.90234 9920.273131 9872.070018 10231.78352 9125.790392 9709.464452 9289.511207 9187.938611 4723.492106 0 0 0 0 0 0 0 0 0 0 0 0 
0 0 0 0 0 0 0 0 0 0 0 0 4328.368151 7978.397684 8298.388059 8613.697486 9455.809544 8602.746828 8901.210821 9427.790529 9259.520479 9841.844271 9440.935859 9718.453021 10240.66437 9820.022989 9672.939958 10271.62441 10333.35617 9947.339982 10609.46687 10870.44301 11283.58887 10391.04612 10645.15612 9859.009884 10703.31415 11410.64311 11020.9515 11452.97415 10213.09367 10887.74526 11913.94028 11141.13646 11155.90226 11151.01394 11754.43621 11787.6534 11302.37095 11697.87959 10727.85989 11533.85022 11974.70275 11419.0748 12085.34038 11022.65855 11266.95807 12088.3422 10990.8939 11333.13111 11460.27686 10870.32573 11197.94811 11450.26466 10961.96902 11094.24802 11136.34399 11247.75581 11643.25918 11139.99536 10475.21084 10557.03327 10912.29728 11099.47824 10443.43012 10857.67238 10691.86917 9915.76755 9882.42502 11183.98626 9778.289425 9827.811888 9011.920937 10128.65503 9879.866373 9859.863931 9333.223355 4497.796529 0 0 0 0 0 0 0 0 0 0 0 0 
0 0 0 0 0 0 0 0 0 0 0 0 4185.867505 8429.011938 8152.484998 9470.97991 8014.197843 8355.928714 8640.70834 9090.246926 9704.671405 9468.734909 9774.846025 9687.226831 10057.06898 9587.448801 9216.291932 9486.402175 10336.05069 10872.89345 10023.49157 10445.9259 10117.08786 10493.01407 10131.97688 10917.78044 10671.33206 11259.70273 10670.00241 11524.85103 10866.32032 11413.13297 11492.61079 12100.08516 11022.71029 11359.15882 11764.05438 11095.43803 11714.66712 11567.98265 11974.81759 11952.35137 10920.57519 11111.62597 10891.43338 11566.514 11620.52382 11280.8559 11095.69599 11644.12881 11594.52191 11390.24263 10987.20396 11514.9902 11513.87881 11201.28895 11423.473 11358.07445 11237.42641 10727.10977 10487.66745 10697.98957 11188.73134 10457.53104 10761.17767 10953.36533 10415.63157 9843.257128 9872.288207 9924.514863 10606.60847 10751.34172 9525.143045 10077.58361 9556.905864 9611.077068 9378.965871 5016.496445 0 0 0 0 0 0 0 0 0 0 0 0 
0 0 0 0 0 0 0 0 0 0 0 0 4653.576865 8142.99313 8364.832193 7978.074716 8627.245294 8555.848763 9255.953426 9273.859512 9731.643487 8763.37366 10147.09414 9290.742819 9504.65147 9907.034393 9754.738517 10038.93482 10065.18035 10272.26892 10780.58908 10807.83142 10521.72514 10452.47887 10735.18849 11073.87232 11382.57936 10487.88961 11392.32394 11230.95025 11063.40913 11236.57023 10992.00225 11591.83948 11609.62878 11477.82028 11575.90027 10938.65871 11675.00878 11748.05835 12191.57656 12163.87395 11439.65255 11414.22717 11300.39987 11575.55054 12516.4884 11898.12655 11404.07977 11560.87981 12066.71495 11165.66699 11460.49647 11391.83884 11129.20371 11547.76495 11631.81483 10995.99383 10839.17743 11537.63427 11180.02561 10811.33796 10660.11707 10871.65315 10490.80255 10369.39358 10661.51352 10108.04791 10522.82233 10089.58388 9883.774277 10043.91963 10062.26819 10058.28428 9794.474852 9460.441989 8938.041115 4996.166231 0 0 0 0 0 0 0 0 0 0 0 0 
0 0 0 0 0 0 0 0 0 0 0 0 3750.375242 7915.513111 8915.688085 8846.573151 8531.881068 8824.182841 9321.597821 9162.29286 9686.573587 9280.108886 10452.27911 9763.979603 9548.507021 10437.38461 9897.023859 9741.424193 10058.12493 10200.32608 10552.60788 10797.62929 10249.10165 10525.4338 11516.86519 11237.05676 12005.92439 10722.04723 11265.63125 11050.69633 11140.57223 10940.58443 11492.64349 11455.96751 11368.13776 11641.34301 11706.13917 11024.19717 10866.37163 12072.49864 11678.34141 10589.82328 11037.8888 11745.89704 11183.24636 11230.59565 12235.43369 11764.47607 11274.13258 11472.9295 11169.63751 11329.39811 11173.50628 11060.64201 11256.88623 11034.9397 11144.05872 11301.8282 11006.03812 11010.08006 10492.87244 10603.11953 11410.83655 10403.42814 10853.59586 10556.85759 9870.752737 9667.454345 10567.04553 9969.32711 10194.48595 9676.910571 9823.229303 9957.065563 9757.588571 9648.67326 9851.986108 4523.011508 0 0 0 0 0 0 0 0 0 0 0 0 
0 0 0 0 0 0 0 0 0 0 0 0 4237.032445 8589.965665 8582.003161 8068.403834 8656.605703 9183.413325 9081.003842 9495.42775 9076.567515 9548.328851 8070.895813 9927.210817 9921.879657 9908.478064 10051.97109 11083.69442 10038.11015 10516.96911 9600.323898 10964.58225 10633.81561 10714.02598 11165.40853 11382.40763 10383.20341 11272.96164 11392.09869 10644.90894 10709.63446 11795.99149 11291.86793 11088.56326 11639.20593 11784.4726 11425.26765 11756.99733 12592.68938 10833.49584 12024.21348 11956.39287 11466.15196 10961.05895 11522.1637 11370.9901 11552.33405 11680.63476 11193.56654 11554.66397 11527.45103 12068.87394 11725.37953 10803.94807 10704.32756 11548.49266 10849.03516 11882.33651 11315.59553 11311.78209 10553.97666 11443.21893 10952.85047 11459.05543 10301.14199 10218.92869 10570.10642 10222.91024 10315.93759 9554.081548 10082.97049 10251.86503 10589.60685 9941.035431 9583.434085 9522.409979 9930.358889 4887.294286 0 0 0 0 0 0 0 0 0 0 0 0 
0 0 0 0 0 0 0 0 0 0 0 0 3803.052162 7834.582352 9113.209271 8689.356415 8680.689063 9283.488802 9116.694007 9401.255935 9251.17222 10169.0983 9788.700275 9577.210806 9286.00429 10805.88379 10096.27776 10236.30683 10301.71679 11028.96171 10795.82878 10271.30746 10771.53068 11003.11596 11725.25991 11351.16772 10987.58349 11900.66036 11567.41909 11169.57199 10844.55009 11416.07423 11459.79637 11684.74429 10752.16613 12070.70473 11857.82253 11284.71483 11242.74422 11787.65081 11326.17569 11079.93578 11352.35733 12345.18481 11493.04519 11293.26126 11987.02144 11597.4255 11030.35564 11597.04842 10908.55187 11337.38585 11660.93811 11366.98138 11368.11233 11674.67539 11387.88385 10918.22139 11351.5556 10924.92421 10414.43723 10931.08526 11494.57416 10845.87895 10263.3872 10719.01678 10355.64271 10563.42634 10284.69084 10533.66811 10097.38747 9416.92274 10469.64099 9536.064763 9401.046229 10078.15951 9275.325561 4596.347325 0 0 0 0 0 0 0 0 0 0 0 0 
0 0 0 0 0 0 0 0 0 0 0 0 4061.932546 8740.496938 8016.104604 8610.779108 8616.943216 9208.240519 9518.88485 9232.916071 8818.193865 8878.62256 9225.394909 9562.388954 10101.42764 9927.372628 10682.71944 10802.59639 9799.22514 10579.24627 9767.855263 10159.25985 10477.41335 11405.5946 10330.63236 10059.31082 10304.4997 10368.90302 11036.87897 11457.92515 11761.12172 11087.78772 11394.03338 11736.13649 11493.78021 11572.65461 11219.0342 11685.89815 11117.86866 11745.11469 11202.1142 12210.47109 11509.12201 11708.38179 11378.6171 11387.00005 12344.94639 11624.10609 11407.09537 12122.64426 11343.81079 11261.00044 11901.01276 10935.03741 11756.43051 11351.5389 10974.52231 10886.25761 11054.31538 10886.47871 11585.61675 10685.04882 10394.35609 10281.67799 10460.49181 10608.06267 9663.192819 9993.164678 10375.95927 10609.46529 10296.48074 9640.274245 9610.226994 9241.713522 9095.910829 9479.438437 8825.179593 4386.756261 0 0 0 0 0 0 0 0 0 0 0 0 
0 0 0 0 0 0 0 0 0 0 0 0 4584.322511 8577.349038 8426.49894 8241.939058 8670.580018 8731.800065 8030.847377 9487.74057 8953.798713 9162.362403 9005.215169 10207.58408 10232.57366 9506.340923 10146.23779 9962.928386 10352.72268 10173.33584 9979.581379 10098.75297 9980.525087 10798.64729 10548.75106 10616.08109 11107.88135 11616.69987 11447.73799 10922.90823 11699.83739 11348.33588 11212.62669 11395.047 11158.47424 11239.84658 11717.54477 11326.40407 11710.54545 11364.26706 11967.58157 10664.46479 11725.72848 11227.91713 11694.3704 11686.93708 11535.08313 10898.63412 11466.52386 11165.20265 11145.72546 11217.72882 11826.72371 11177.69025 11145.71186 11071.33928 11693.39148 11044.96484 10808.35383 11905.7443 11112.17698 11013.57005 10508.18229 10706.82957 10501.71777 10404.76674 10458.75874 10829.21878 9974.557231 10281.2976 10104.89644 9650.135563 10130.19985 10170.38503 9845.426793 9399.506057 9571.621527 4600.996215 0 0 0 0 0 0 0 0 0 0 0 0 
0 0 0 0 0 0 0 0 0 0 0 0 4327.666496 8553.398623 7918.056232 8718.194556 9264.126934 8678.91024 9435.561118 8475.971864 9243.150617 9254.315765 9418.127875 9558.723712 9521.666358 10547.42782 9451.683551 10091.82405 10075.41537 10390.58722 10474.76298 10481.02975 10674.59183 10245.06068 10327.50319 10729.42739 10638.30808 10673.76573 11490.26215 11129.00923 11652.83174 11151.89414 11628.65253 11183.77769 11295.37629 11599.94135 11446.36108 11773.86314 11642.45275 11414.4006 11157.32238 11702.72436 10954.63903 11481.86956 10378.18905 11351.53044 11985.63679 11403.75061 11543.66384 10945.39965 11727.31479 12330.34089 11460.06459 11971.6121 11750.30484 10730.23592 11156.25183 11001.41155 11010.22577 10455.05103 11133.30468 10617.21698 10188.67859 10823.44512 11029.15057 10589.48147 11328.32291 10149.76999 9955.61207 10015.40551 10465.08144 10153.00558 10075.34493 9922.232904 9176.632567 9546.649774 9268.03547 4939.777081 0 0 0 0 0 0 0 0 0 0 0 0 
0 0 0 0 0 0 0 0 0 0 0 0 4500.833719 8595.292988 8661.639142 8576.719433 9091.856415 8408.567122 8078.644049 9531.921307 8971.754161 9268.635348 9065.201674 8426.400257 9984.098398 9498.023486 9849.568684 9624.154459 10294.41064 10685.41677 9502.290797 10855.05903 10728.72647 10733.70888 10931.45319 10586.78651 10856.0259 10951.28234 10630.59843 11530.08218 11174.11098 11439.2587 11673.31951 10590.12084 11561.04037 11258.31097 11547.91101 11422.20521 11438.14389 11883.44108 11729.4917 11963.15776 11639.10183 11782.04741 11488.04209 11979.61877 11377.77856 11563.58204 11344.70661 10811.91841 11172.10516 11968.49182 11371.808 10738.704 11809.71048 10852.91807 11350.8278 10121.25474 11418.76665 10523.08848 10999.05307 11154.62012 10855.51863 11129.20855 10397.03254 10129.21961 10274.27122 9993.790383 9709.156129 10577.06602 9945.769117 10401.37579 10092.10787 9771.594016 9150.451809 9274.842835 9551.527662 4705.551143 0 0 0 0 0 0 0 0 0 0 0 0 
0 0 0 0 0 0 0 0 0 0 0 0 4313.424522 7919.416622 8856.622386 8221.714077 8297.716 9247.855268 8313.368271 8822.574838 9080.502383 9320.088221 8756.190212 9166.040705 9752.919576 10423.81792 9723.97022 10149.14024 10306.74036 10412.59005 11155.86494 10769.1466 11072.41038 10845.37125 10634.77758 10959.43522 11132.17129 10681.36088 11035.83781 11165.6174 11325.4572 11413.52513 11115.7229 11332.28554 11550.51269 11232.50997 11081.07716 11553.70855 11692.86103 11638.93765 11153.51731 11688.14789 11515.86288 11040.76752 11534.60938 11711.92869 12644.58116 11601.59959 11581.22505 11718.80077 11579.19277 11483.9032 11013.71769 11901.34011 10797.46718 11523.07899 10891.18698 11767.21981 10644.88661 11535.86528 11226.74244 10530.28252 10084.07377 10654.79103 10831.4267 10188.51126 10542.93555 10599.69847 9655.225517 10469.9349 10100.41002 9808.166889 9600.662169 9324.231971 9289.581459 9475.197652 10040.42354 4523.697107 0 0 0 0 0 0 0 0 0 0 0 0 
0 0 0 0 0 0 0 0 0 0 0 0 4112.3486 7889.613081 8862.645654 8525.971472 8508.937522 8620.352234 8781.729333 8682.166152 9517.257523 9241.878965 9699.670213 8793.988393 9621.998983 8875.882875 9474.144863 9998.197285 9757.196838 10287.84724 9940.886211 10895.9838 10657.63604 10259.53297 10704.62679 10517.59278 10606.54809 11200.25667 11044.62005 11879.36743 11025.426 10848.09102 11647.6997 10860.63386 11521.49811 12258.79761 11351.35988 11254.15288 11603.02927 12137.72713 11386.57973 11832.93246 12177.97155 11425.88605 11590.12371 12000.03853 11619.232 11568.54517 10955.05227 11275.32028 11408.08301 11229.67832 11020.70789 11114.74155 10774.87279 11269.93926 11106.72958 11159.62831 10618.62123 10568.54169 11636.99684 10811.99832 11253.71314 10213.19913 10472.52836 10139.3277 10374.14814 9653.829964 9965.769815 9905.410352 9741.267423 9443.540013 9772.069586 9860.877435 9685.498123 9766.600109 8881.072664 4714.350184 0 0 0 0 0 0 0 0 0 0 0 0 
0 0 0 0 0 0 0 0 0 0 0 0 4155.590284 8753.526659 7883.660956 8416.882976 7741.55754 8536.14351 9291.256651 9477.958235 9065.651479 9741.114112 9956.979607 9257.209567 9170.819672 9818.403345 10010.87642 9364.804447 10316.07094 10476.55115 10025.63974 10311.44545 10631.86693 10753.27853 10769.46433 10839.54332 10955.61101 10945.75368 11163.16658 10858.23267 11763.13355 11453.55821 11185.6453 11042.46327 10879.57781 11737.11405 11692.46878 11379.88308 11668.05426 10984.42647 10939.99384 11148.44659 11961.07035 11808.34469 11210.42959 11851.68422 11679.15404 12021.90326 11987.09807 11434.35476 12274.33072 11270.36088 11285.13867 11015.22054 11325.51263 11496.55856 11557.39162 11119.28309 10686.96303 11035.71557 10353.0132 10704.68049 10314.3183 10710.00063 10810.50545 10553.3036 10057.2278 10181.22211 9714.887929 10634.60873 9810.900434 9853.229727 9404.897136 10133.04849 9336.908207 9012.957375 8920.362126 4707.373991 0 0 0 0 0 0 0 0 0 0 0 0 
0 0 0 0 0 0 0 0 0 0 0 0 4009.452859 7892.745564 8127.133674 8613.606718 8737.780671 8703.997304 8548.357533 9001.967636 9367.951751 9310.485178 9197.287065 9281.473567 9525.672971 10278.65372 10066.15401 10009.89042 9883.843548 10076.44997 10701.34017 10563.10813 10654.09299 10373.85451 10290.22389 10331.32166 10917.25731 11269.42104 11408.56049 11174.25173 11057.83994 11162.36937 11426.70512 11013.26894 11375.66115 11814.54773 11982.70744 11776.7647 11275.93513 11254.21969 11879.74802 11759.21538 11346.4117 10858.18911 11585.54496 11689.13132 11278.35076 12042.02234 11260.41096 12132.29732 11520.20915 11734.53457 11645.35746 12133.86159 11216.54492 11518.20877 10816.43235 11283.31649 10921.74925 10761.11773 10495.01058 9949.314088 10397.95327 10738.11857 10811.00994 11300.15076 10271.12223 10140.87336 9802.85147 10065.9402 10586.86528 9947.787589 9371.610884 8973.194744 9679.378762 9143.069431 9423.876105 4559.429001 0 0 0 0 0 0 0 0 0 0 0 0 
0 0 0 0 0 0 0 0 0 0 0 0 3697.346313 8091.510611 8195.558931 8414.423583 8681.441109 8326.095584 9116.300681 9150.410184 9385.182 9471.544872 9158.502645 9024.908762 10210.61885 9752.250313 10039.92303 9498.026443 9992.328969 10400.35095 10211.47546 10247.82077 10410.78158 10745.46188 10093.73213 10516.03626 11034.55954 11102.13528 10633.19829 11199.50722 10375.63489 10405.93473 11340.55443 11345.88735 11610.09741 11116.54746 11249.46663 11179.23156 11769.29568 11051.20775 11414.10446 11209.86648 11715.63975 10968.00746 10686.07767 11658.91557 11217.03816 11748.26886 12057.69648 10908.62857 10942.23145 10868.12174 11310.20572 11046.52979 11422.32982 11514.33122 10789.91079 10902.03149 11005.55696 11627.0272 11324.48199 10942.85341 10647.85941 10069.52339 10042.64339 10212.39068 10488.50841 10002.48192 10068.51146 9854.713077 9571.888146 10003.11109 9971.063596 9521.924006 10140.34474 9471.623872 8940.100415 4481.403334 0 0 0 0 0 0 0 0 0 0 0 0 
0 0 0 0 0 0 0 0 0 0 0 0 3711.915885 7959.042536 8132.360032 8403.838374 8937.95482 8828.170558 8594.443823 8969.190366 9295.58946 9253.723649 9739.356784 9360.906158 9770.474465 8988.80612 9461.094138 9578.751495 9288.868057 9533.352967 10008.67422 10043.00925 10158.59253 9701.21355 10564.4388 10480.91204 10267.76401 11032.61837 10780.2314 11457.71356 10930.55406 11125.73827 11252.9783 10941.54085 11453.95001 11367.35364 11059.09051 11116.41414 12218.50267 11245.6477 11346.74082 10913.86289 11248.8658 11333.03846 11683.36007 11645.29357 11201.84865 11493.84659 10714.75566 10782.34056 11608.27562 11428.0476 11506.56029 10879.6693 10461.72095 11018.61152 10785.75832 11057.46381 12132.42968 10860.7679 10463.56092 11159.50757 9877.609753 10085.82331 10489.23709 10222.57819 10021.51829 10254.74473 10288.63655 9973.010663 9421.964611 9673.139395 9644.324809 9762.90133 9051.803985 8705.307614 8711.779728 4576.486567 0 0 0 0 0 0 0 0 0 0 0 0 
0 0 0 0 0 0 0 0 0 0 0 0 3734.086692 7912.3513 8104.096525 8138.988249 8362.586892 9257.691306 7938.669625 8831.229076 9540.065371 8671.967196 8919.87366 9014.937532 9368.812104 9362.725828 9329.127931 10064.86736 9736.688431 10130.36984 10221.17046 10841.86319 10744.76665 9776.468151 10740.23334 10509.16131 10590.78032 10743.62527 10935.34061 11133.07776 10779.64311 11472.90452 11017.84465 11070.72981 11267.09409 10810.52212 10886.95025 10697.47394 12159.15956 11565.27206 11304.97569 11274.44116 11967.5105 10958.27019 12143.72753 11780.58912 11348.83124 11234.61054 12219.01153 11017.43614 10926.97881 11121.36194 11109.00591 11610.63511 11094.88393 11012.46696 10543.5226 10012.7568 10975.62714 11108.10612 10362.75286 10766.87703 10458.32244 11188.92972 11171.22051 10162.0154 9759.76734 9848.338607 10345.22999 9978.101679 9480.392675 9641.583091 9324.746459 9205.239092 9431.42405 9548.238327 9561.146254 4673.863691 0 0 0 0 0 0 0 0 0 0 0 0 
0 0 0 0 0 0 0 0 0 0 0 0 3993.93804 8682.257579 8211.383984 8337.717045 8192.332715 8629.852057 8285.708777 8502.078012 9110.906906 9171.68704 8931.364405 9495.410077 9184.387082 9262.33639 9370.189806 10334.57348 10385.84653 10164.62046 10324.71271 10214.68268 10513.7787 10080.83718 10129.87555 10038.93941 10544.66766 10241.55139 10716.41652 10563.7898 10992.57448 11044.48498 11557.37507 11243.9812 10569.40906 10820.97137 10558.24374 11496.16632 10477.06211 11092.60686 11128.74234 11053.5123 11397.47136 11625.46342 10653.7038 11235.49173 11194.4592 11541.501 11531.35035 11148.1302 11325.65183 11350.18058 11503.84343 11038.08296 11252.10413 11180.51981 11148.87254 11067.0709 10813.15388 10926.21104 11248.133 10487.96943 10399.70697 10550.92106 10152.80237 9835.265161 9776.258314 9619.366745 10156.46035 9967.200224 10023.69672 9510.568034 9908.470774 9471.741018 9569.03616 9665.710624 9869.672798 4777.269021 0 0 0 0 0 0 0 0 0 0 0 0 
0 0 0 0 0 0 0 0 0 0 0 0 4089.409832 7626.400817 7808.190192 8915.811245 8522.261431 8675.273271 8108.110133 8703.164167 9539.655408 9049.423912 8563.869784 9654.062423 9198.751966 9140.594977 9658.572761 9720.764837 9763.950698 9625.091385 9752.071326 9702.935737 10224.24289 10633.41112 10305.44584 10499.99813 10459.38111 10881.28772 10514.60755 11248.9803 11423.41066 11364.36326 10845.11224 10838.96681 10626.96304 11564.95589 10787.33418 11197.62735 11890.30056 10828.56344 10829.59475 11537.61452 11049.62852 10817.63924 10912.64814 12260.34474 11222.15204 11391.59059 10788.92378 10932.26437 10727.37686 11107.6096 11126.07048 11587.75568 11034.5838 10648.70031 10810.20173 10805.06561 10837.36527 10979.52706 10099.6023 10176.12977 11001.29737 9737.147696 10602.86617 9928.681119 9759.227588 10503.67444 9879.623576 9434.983558 9872.296211 8782.804161 9159.323783 9709.90426 9411.917983 9287.186137 8499.345931 4611.427865 0 0 0 0 0 0 0 0 0 0 0 0 
0 0 0 0 0 0 0 0 0 0 0 0 4308.194107 8429.304346 8366.772557 8279.393972 7596.513481 8416.431579 8828.783486 8612.133511 9260.423599 9049.747054 9175.329516 9156.196586 9086.27805 9430.934531 9972.055105 9753.40464 9712.8471 10351.44046 10318.33433 10328.54946 10147.64476 9857.311505 10156.64271 10269.95805 10623.6015 9943.150817 10852.21911 10558.62934 11177.3265 9811.474045 11253.6403 11218.43227 11040.84453 10283.11633 10616.66269 11047.38132 10678.35675 10863.88081 10411.47358 11329.63429 10484.38499 10761.71333 11687.2601 11490.89231 10881.08582 11713.17297 10762.67126 10927.26332 11149.69459 10647.42133 11583.1894 10950.04938 10668.10841 11185.79588 10665.75749 10193.90847 10382.5991 10408.43748 10449.26949 10620.44138 10328.44769 10568.69698 9782.418996 10155.00583 9730.589182 10258.90923 9300.282903 9457.375594 10391.47643 9182.967157 10025.25851 9263.424016 8973.44898 9113.077745 8689.454109 4683.017614 0 0 0 0 0 0 0 0 0 0 0 0 
0 0 0 0 0 0 0 0 0 0 0 0 4308.919709 7799.26807 8099.953326 8306.08769 8310.170697 8137.686603 8376.165806 8570.081968 9612.134909 8886.496859 9036.394849 9165.103146 9496.539175 10025.56502 9663.171674 10526.88036 10392.68534 9407.722399 10406.29583 10287.65763 10026.5274 10110.41463 10332.90022 10957.82756 10304.24551 10526.98015 10592.8117 10842.77507 10796.40431 10807.45329 10736.93746 11116.53936 11149.99597 10868.41129 11423.27975 11243.30137 10782.88628 10851.34818 10622.88401 10854.79365 11048.45699 10888.58386 11300.78417 10742.04057 10542.53818 11347.01994 10399.24115 11607.55766 11278.12229 10859.87176 10652.91787 11284.91111 10753.94383 11287.00362 10744.28173 10484.86339 10500.07707 10670.29488 11266.85215 10605.87492 10608.51906 10623.60689 10882.43782 10686.31492 9892.660485 10203.3656 9779.627273 9876.717267 9610.449641 10128.3769 9517.754288 9317.817899 9359.526177 8846.469773 9061.295136 4282.841511 0 0 0 0 0 0 0 0 0 0 0 0 
0 0 0 0 0 0 0 0 0 0 0 0 4099.589294 8141.258965 8087.723408 7812.694338 8601.901696 8582.617301 8809.759402 8596.483072 9017.921545 8372.467442 9494.029885 9080.475142 9005.50222 8701.632502 9501.559491 9467.560109 9915.288757 10023.46806 9960.795236 10544.37692 9948.419257 9524.097283 10424.24159 10106.41882 10316.5241 10460.19622 10293.18205 9999.61833 11392.89119 10487.18656 11110.67626 10865.01355 11368.33534 11024.07801 10342.93679 10944.72877 11666.83887 10654.19329 11346.33613 11763.09259 11480.15033 10422.70237 10643.07269 11154.47237 11239.28835 11231.61781 11537.83959 11183.59922 10957.4837 10894.86404 10596.02601 10503.65515 10926.59292 10432.23058 11328.09398 10846.42186 10255.13198 10511.84156 10263.04561 10305.67519 10439.56097 10014.85418 10085.35594 10282.57979 9629.003337 10024.05493 10088.03201 9098.900682 10121.23507 9838.601235 9443.272262 9584.841882 8824.882081 9265.605146 9034.429783 4672.910515 0 0 0 0 0 0 0 0 0 0 0 0 
0 0 0 0 0 0 0 0 0 0 0 0 3775.38016 7693.438651 7964.519978 7779.463449 8032.592071 7659.851635 8974.725166 8730.815746 8923.741914 8680.776159 9032.541086 9549.675342 9429.625573 9711.86204 9201.851212 10019.52663 9613.219903 10121.44029 10636.30638 10085.27647 9818.37288 10004.3303 10135.17415 9860.185594 9757.171077 10230.1226 10553.62655 10910.15479 10524.45766 11172.16519 11348.61337 10543.07536 10410.48727 10726.80589 10690.55992 10554.97079 10761.84205 10566.13446 10788.55039 10844.51991 11210.62553 10706.11057 10998.8026 10407.65716 10350.77817 11324.34539 11186.36086 10625.42762 11290.59468 10705.73976 11384.25236 10668.81871 11122.98978 10704.1011 10793.77008 10688.03498 10337.62787 10806.04094 10207.11597 9889.479034 10043.61513 10310.64334 10324.76457 9891.124359 10155.81964 9675.770177 9253.098083 9079.801546 9166.877147 9283.132493 9022.922559 8978.217353 8985.974516 8782.697662 8801.784871 4063.391722 0 0 0 0 0 0 0 0 0 0 0 0 
0 0 0 0 0 0 0 0 0 0 0 0 3995.470858 7878.920248 7969.818708 7645.527945 8353.831873 8091.253188 8383.957751 8166.71128 9136.657199 8487.033348 9198.382912 9007.791346 9202.04288 9000.181007 8794.558221 9943.86006 9721.093551 10175.79857 10251.03596 10158.91969 9771.542768 10315.63718 9561.763531 10524.18947 10354.7971 10274.20976 10625.31755 10475.56834 10327.71586 10399.94278 10572.63123 10232.44661 10727.24862 10575.19396 10322.51469 11319.96536 11082.94461 11370.51305 11164.13223 10580.69593 11018.2041 10439.38368 10936.27128 10430.78455 10544.67167 10432.91079 10674.30687 10598.13204 10890.24449 10824.87468 10594.8742 10337.15839 10707.57161 10132.32588 10178.69942 10401.21369 10567.84023 10121.51896 10764.52985 9994.529466 10784.03873 10651.88395 9531.826986 10040.18606 9865.461357 8654.17847 9125.809102 9972.415531 9669.297373 9362.073255 9274.373877 9227.469594 8880.721585 9084.233919 8192.331372 4024.543047 0 0 0 0 0 0 0 0 0 0 0 0 
0 0 0 0 0 0 0 0 0 0 0 0 3799.759842 7513.894501 7434.571504 7746.663488 8605.188701 8374.093967 8381.101176 7958.972098 7997.557723 8274.567603 9209.619241 9044.303367 9724.177667 9542.425545 9436.470374 9063.804763 9232.001259 9337.041812 9699.30646 9288.695813 9271.095751 10111.06294 10482.64014 9424.199013 10637.17962 10512.35054 10376.14178 10452.89877 10115.07621 10515.91401 9713.303401 10364.54879 10637.29987 10204.64971 10858.41662 10979.81029 11165.87189 11096.41779 11205.8773 10727.58025 11314.37768 11084.59334 11064.5867 10538.12701 11440.30908 11857.68612 11398.96996 10453.07393 10323.50765 11107.22308 10582.88797 10229.96523 10348.6702 10218.56574 10478.92801 10195.10722 9948.189948 10638.01786 10717.08851 9355.993357 10290.87359 9878.242863 9937.347894 9403.784256 10410.80363 9172.553641 9020.244982 9591.331867 9050.020016 9997.760404 8530.340236 9231.314203 9120.766014 8355.567571 9246.651689 4473.023973 0 0 0 0 0 0 0 0 0 0 0 0 
0 0 0 0 0 0 0 0 0 0 0 0 4015.374396 7737.086212 7889.028935 8211.530233 8446.443824 8481.418712 8656.536954 8782.511108 9318.68069 8363.60798 9009.728245 8443.360846 9382.287664 9348.488589 9273.619373 9390.185996 9293.835469 9457.378435 9937.81105 9640.201403 10223.96908 9060.574635 10301.68234 9958.743312 9972.060226 9841.723933 10541.45532 10793.91108 10819.74363 10571.64654 10450.68502 10248.76575 10436.09962 10777.93652 11030.36087 10827.00414 10588.06391 9839.497487 10634.10617 10754.72013 10874.73686 10797.0992 10850.3508 11133.77727 10735.99352 10663.26634 10356.53555 10909.67934 10290.11418 10849.90441 10787.22885 9839.244967 10882.03907 10984.7808 10613.37808 10153.10467 10495.56703 10328.6397 10814.91628 10102.18018 9344.796442 10022.54738 10173.22431 9880.350312 9227.976434 9140.636711 9956.758317 9730.415288 9120.282289 8705.081306 9089.14664 9024.465602 9385.383521 8443.922102 9137.25557 4438.098146 0 0 0 0 0 0 0 0 0 0 0 0 
0 0 0 0 0 0 0 0 0 0 0 0 4014.950087 7942.131553 8148.653262 8364.660253 7851.768375 7935.728889 8228.118325 8433.782305 8338.899109 8165.545965 8758.41624 8722.462071 9080.529256 9058.613885 9327.991026 8747.152578 9001.701593 9315.948198 9624.478455 10402.17184 9791.295194 10282.67122 9807.201491 10475.73027 9402.529601 9788.453194 10432.13278 10285.72132 10901.38127 10118.4261 10469.02892 9723.158158 10338.12373 10342.12895 10989.98542 10267.26964 10840.07402 10263.7826 10593.4414 11371.16088 10891.61692 10377.44107 10903.71978 9781.553573 10457.39459 10252.5973 10438.07125 10631.39648 9771.684114 10818.02733 10077.1692 10806.47701 10331.76468 11059.18563 10832.47731 10615.02739 10844.06943 10782.84941 10306.20091 9789.485326 10077.1482 10610.88932 9703.397383 9980.478845 9594.472169 9178.404002 10020.07359 9262.025718 8778.122738 8900.00264 9244.240083 8782.576877 8526.96682 8365.115136 8642.623321 4235.753816 0 0 0 0 0 0 0 0 0 0 0 0 
0 0 0 0 0 0 0 0 0 0 0 0 3609.024453 7915.855976 7712.234811 7638.004165 7908.639723 8287.687578 8343.37272 8693.833769 7819.308806 8349.071285 8925.538451 8827.754967 9347.363234 9017.286434 9790.909196 9589.557574 9276.048732 9890.050142 9398.489837 9675.873507 10028.13181 9160.759714 10377.14238 9752.072173 9887.993654 10420.23856 10176.26897 10464.47314 9873.815902 10216.62626 9967.716874 10261.75043 10463.71394 9952.736822 10462.29288 11141.40828 10320.28831 9824.619282 10127.45244 10122.38676 9529.474364 11056.86468 11003.08341 10512.73509 9907.294987 11085.78178 11257.0369 10956.12947 10908.28401 10217.23862 9882.814565 10419.81517 10257.04011 9861.362562 9764.233835 10211.91471 9724.443018 10103.1967 9181.076094 9861.591712 9519.626583 9624.820752 9158.759413 9631.724558 9769.233081 9455.787821 9038.465146 9184.204511 9538.467333 8985.958822 9309.930366 8655.163928 8663.816006 8873.568907 8534.131451 4032.608559 0 0 0 0 0 0 0 0 0 0 0 0 
0 0 0 0 0 0 0 0 0 0 0 0 4168.420829 7938.447478 7388.184701 7725.586526 8044.0786 7508.964153 7986.00946 8466.922929 8300.312474 8466.26633 8607.845072 8869.582018 8636.879373 8790.049943 9542.59818 9418.109754 9518.660823 9157.557941 9044.758715 9455.249395 10032.89487 9346.35936 9786.168292 9640.453635 9826.581442 10022.91477 9385.922565 9503.498089 10401.00893 10158.05836 10315.91926 10577.11633 10448.34292 10671.64294 10764.2363 10840.32987 10627.3668 11215.40352 10392.47987 10249.56026 10499.2788 10567.21296 10929.62926 10216.29643 10843.01513 10449.55776 10861.29536 10726.59496 10218.38226 10201.91709 10382.94253 10666.81405 10264.87814 10555.26787 9888.059314 9575.561474 10446.97607 9934.99404 9934.120108 9705.019133 9651.531875 9836.801343 9359.043756 9111.141786 9399.425299 9298.234031 8723.125253 9584.654413 9490.286258 9286.804495 9096.637221 8487.087309 8704.322006 8855.812402 7977.390106 4248.495199 0 0 0 0 0 0 0 0 0 0 0 0 
0 0 0 0 0 0 0 0 0 0 0 0 3866.306585 7230.535616 7776.942358 7421.062191 8417.667958 7842.688852 8389.404909 8445.187656 7940.220655 8548.7339 8863.887218 9083.925949 9028.483989 9177.699104 8972.779196 9304.925085 9258.853143 9353.348601 8864.574068 10003.83459 9576.954951 9903.575955 9811.433215 9851.489238 9871.03139 9544.819162 10343.15768 9213.53965 9544.045292 9427.48485 10364.57691 10163.27901 10430.54813 10582.47201 9690.382908 9874.328109 10245.13851 10132.30813 10224.33901 10429.65852 10243.33508 10814.95984 10721.81494 10054.28568 10822.82345 10293.67892 11052.95821 9939.110732 10433.4052 10300.4148 10690.59911 9805.790458 9802.0044 9466.739919 10024.06542 10037.48742 9762.186209 10420.90285 9903.532652 10249.11518 9682.323605 9817.226215 9472.489663 8845.711211 9012.952414 9194.816144 8887.054133 9243.144014 9769.29397 9161.584859 8919.596867 8806.022412 8886.271808 8651.22093 8691.665956 4303.129816 0 0 0 0 0 0 0 0 0 0 0 0 
0 0 0 0 0 0 0 0 0 0 0 0 3734.797355 8055.964978 8005.150723 8014.088418 7744.373459 8151.842614 7983.139849 8218.814824 7975.211121 8196.623972 7881.483 8398.683555 8917.234146 8783.866247 8463.10107 9059.210187 8709.941374 9093.049002 9096.119194 8641.489886 9418.367441 9512.75466 9411.964008 9615.422613 9665.792142 9666.601846 9950.380563 9997.655181 9870.979097 10446.05783 10386.6726 10498.20884 10361.50817 9944.920641 10042.15559 10013.66201 10273.85915 10492.75157 10696.41387 9802.832868 10589.5182 10432.48533 9685.972892 11017.76998 9797.895596 10663.25807 10450.86389 10550.29737 10451.87206 10117.13672 10068.83658 10138.95517 9930.361637 9632.382605 9871.983374 9677.298893 9935.210936 9796.179439 9782.370184 9481.817093 9467.075486 8998.537872 9635.556746 9268.473759 9353.878273 9304.142801 9550.420007 9501.288094 9017.163706 8777.824644 9426.230132 8817.726204 8411.643307 8990.31179 8533.139175 4541.743279 0 0 0 0 0 0 0 0 0 0 0 0 
0 0 0 0 0 0 0 0 0 0 0 0 3433.392764 7966.503784 7412.82479 7476.256315 7806.133993 7734.421861 8060.492739 7603.475067 8297.805062 8024.88566 8120.63913 8283.2853 8637.249139 8990.288598 8689.774347 9078.000226 9380.671712 8956.562273 9422.127505 9309.110439 8870.077452 9673.642353 9678.005833 9477.795846 9987.463463 9693.15453 10417.63228 9991.818201 9515.170362 9633.176741 10219.82834 10061.46879 9473.231293 10476.12357 9843.857168 10401.51185 9803.506819 9832.97354 9821.884485 9494.874817 10402.39006 10970.29156 10319.06442 10500.73538 9868.877729 9854.591263 10688.28962 10031.04864 9772.821211 9767.690327 9903.955795 10121.58119 9447.98071 9674.257895 10349.69672 10392.83677 9549.395339 9899.350879 10205.63711 9171.7766 8943.105063 9806.547966 9327.721309 8787.144979 8861.574255 8915.08732 8612.760575 8388.383191 8271.662575 8319.007521 8348.653767 8873.99916 8427.615901 8475.442712 8852.009605 4001.122662 0 0 0 0 0 0 0 0 0 0 0 0 
0 0 0 0 0 0 0 0 0 0 0 0 3978.052772 7286.179022 7846.328457 8014.351876 7663.535329 8158.814259 7768.394161 7793.887249 8029.871768 8281.69547 8426.501781 8397.411171 8386.732633 8705.484873 8634.915132 9038.757133 8837.115886 8792.249649 9148.922038 9026.913774 9354.929946 9298.474902 9760.491865 9201.369628 9471.594069 9042.368844 10256.92606 10230.1004 10624.02241 9939.48593 10240.40693 10269.45401 9572.992764 9708.082871 10158.32531 9858.258677 10290.73121 10279.76115 10122.14448 10774.05282 9764.342874 10917.95408 10654.41064 9664.471569 10521.99039 9738.08313 10339.8402 10461.52586 10860.25807 10351.4688 10697.23892 10504.70855 9957.09096 10086.3824 10828.37416 9599.87757 10277.8254 8880.913565 10084.83159 9738.947198 9265.250044 9847.140957 8474.011815 9755.271651 8627.549582 8851.709292 8333.914315 8830.521684 8655.470583 8642.302757 9475.692751 8295.974882 8420.973668 8707.360644 8374.295941 4237.583666 0 0 0 0 0 0 0 0 0 0 0 0 
0 0 0 0 0 0 0 0 0 0 0 0 3463.591045 7104.183227 7673.126281 7315.387348 7295.59567 7551.313911 7792.320237 7492.63124 7825.771924 8305.928487 8295.511705 8371.196795 8861.536706 8527.819627 8630.559921 8434.311046 9045.489701 8783.4268 8775.346522 9677.167824 9616.495881 9483.63478 9508.681832 9498.105292 9358.119974 9941.808458 9704.053241 9585.289012 9646.054442 9601.21375 10064.06514 9417.155431 9640.90552 10030.22469 9957.028877 9497.390859 9434.818642 9854.195743 10190.74393 10275.11448 10543.23548 10167.77442 10403.94565 9571.93045 10453.69052 9721.426843 9836.949622 11037.56842 10057.27204 9813.595017 9736.118052 9824.91402 10352.93086 9843.240312 10149.94485 9964.241988 10136.35339 9029.975491 9468.449096 9739.323378 9297.32937 9483.379223 9737.281002 9005.474337 8874.220129 9582.644423 8949.935249 9215.258544 8558.216145 9051.15953 8211.862247 8625.16512 8044.477354 8087.364813 8349.512945 3909.65691 0 0 0 0 0 0 0 0 0 0 0 0 
0 0 0 0 0 0 0 0 0 0 0 0 3687.830559 6947.761213 7608.300528 7295.328935 7388.535084 7800.107867 8142.888483 7534.23605 7554.195831 7187.55257 8002.133443 8210.101096 8072.404732 8626.272972 8548.358835 9152.340335 8658.114065 9269.422357 9371.517425 8627.761954 9149.412451 9252.266463 9225.179029 9504.957134 9345.569458 9554.299679 9303.012927 9406.448376 9570.319851 9075.509045 9485.252858 9875.172175 9385.584967 9965.024899 10640.34348 10090.81611 9505.727698 10186.4808 9834.231296 9623.713696 9353.228267 9642.694982 9662.979741 9936.304818 9931.48621 9822.597067 9576.952096 9968.087051 10821.57069 9661.379896 9436.90494 9637.258007 10381.13846 9176.773654 9169.411566 10114.76717 9437.583261 8994.845426 9509.349783 9645.32089 9531.692471 9176.935511 9353.264765 9460.467634 9142.313205 8868.694896 9166.28268 8135.744027 9140.327408 8459.335108 9104.717902 8566.702552 8092.943824 8120.159096 7642.890511 4354.565027 0 0 0 0 0 0 0 0 0 0 0 0 
0 0 0 0 0 0 0 0 0 0 0 0 3467.014582 7355.844929 7071.021395 7915.895123 7280.435016 7699.846793 8116.507115 8036.805846 7397.426333 8414.669683 8164.675381 7986.361339 8321.175071 8209.02317 7984.272331 8495.221656 8476.593633 9264.823404 9134.434975 8560.741667 8612.684495 9089.255269 9694.543614 8968.047958 9207.454077 10075.60372 9306.13406 10117.81738 9424.483917 10015.32159 9940.872711 9812.807406 9671.371601 10382.13306 9088.534893 9701.445791 9619.564587 10369.50827 9689.582517 10005.30382 9355.71709 10140.86101 10097.9569 10017.11951 10039.41565 9765.377771 9444.483862 10008.64005 9602.556174 9300.975932 9470.178495 8890.863383 9528.730146 9490.478553 9614.668002 9013.879862 10024.04064 9454.483044 9289.138197 9243.235594 8997.260239 8990.99615 8509.179978 8872.491946 9348.654424 9353.241859 8468.545615 8505.931645 8289.230821 8637.185012 8444.640358 8242.459064 8223.629159 7667.955992 7483.755099 4490.48562 0 0 0 0 0 0 0 0 0 0 0 0 
0 0 0 0 0 0 0 0 0 0 0 0 3431.926862 7002.079689 6487.943243 7257.410568 7686.475545 7584.087408 7740.861241 8164.852934 7405.384448 8075.378533 7837.221681 8522.32906 7838.971803 7944.787901 8517.202157 8220.041305 8677.687213 8910.413512 9111.104814 8364.937107 8786.916991 8856.192071 8822.24785 8914.757975 9104.530379 9295.856443 9228.256811 9293.890539 9366.125217 9159.579778 9824.17732 9550.898007 9506.185951 9350.505204 9724.543307 9062.238499 10210.64665 9599.465582 10067.06408 9113.000403 9379.954399 9726.026562 9282.086869 9443.587749 10218.28998 9793.358038 10340.61328 9400.530101 9461.656237 9394.798551 9869.046518 9542.101362 9308.429366 9549.880988 9126.860429 9337.49959 9211.001795 9505.818339 9161.117222 9219.284565 9176.794413 9052.236548 9152.714461 8606.971872 8722.4985 8808.841411 8530.395639 9066.524562 8593.197975 8772.154195 8836.309058 8063.753579 8014.071403 8372.163486 7879.663064 3644.222128 0 0 0 0 0 0 0 0 0 0 0 0 
0 0 0 0 0 0 0 0 0 0 0 0 3840.138746 6786.140801 7113.390616 7069.325532 7013.939678 7377.215518 7109.349092 7387.729405 8072.012642 7500.006263 7876.993516 7782.259287 7816.585894 8136.419951 8813.32924 8003.199078 8400.748498 8189.629477 8833.966537 8115.365558 8989.899486 9437.217355 8729.3514 9041.808335 9253.005917 9584.637909 9316.442354 9337.00424 9222.036472 9095.860506 9035.075224 9514.019486 9507.325788 8828.603943 9988.894857 9534.552378 9701.53987 9896.106169 9647.292067 9851.616407 9335.156756 9310.851334 10037.57345 9969.895347 9611.089792 10407.21553 10535.23682 9701.125257 9612.010267 9465.869823 9384.627451 9226.798195 9586.783063 9589.561751 9590.473602 9617.087957 9485.902963 9667.116051 8907.494884 9085.095107 9227.364265 9196.529873 8867.050348 8830.703544 8876.93934 8479.982659 8178.670549 8492.05519 8332.727058 8176.830781 8339.408856 7919.339138 7678.847439 8280.068322 7115.891023 4003.876006 0 0 0 0 0 0 0 0 0 0 0 0 
0 0 0 0 0 0 0 0 0 0 0 0 3486.466877 6852.379173 6724.628411 6715.368495 7070.817126 7328.924389 7529.475104 7614.809529 7749.163187 7791.514656 7886.830252 7560.682642 8400.653582 8127.293159 8496.032739 8887.797388 8475.088771 8448.148622 8231.639725 8617.164526 8883.820491 8425.694489 8612.616576 8374.903685 9572.744753 9198.940046 8880.032195 8448.966977 9356.915333 9606.537133 9482.580618 9329.085699 9381.938062 8985.512655 9101.535458 8999.423375 10116.62864 9155.630564 9023.949435 9647.196749 9080.094968 9112.533235 8842.808809 9786.237311 9660.939845 9829.404802 8904.322127 9491.957481 9394.04285 10110.45 9643.281402 9801.36823 9480.350225 9235.946375 9265.691375 9094.964894 9609.144707 9007.337228 9236.594444 8657.454262 8787.913863 8636.489782 9232.067391 8621.109389 8878.267401 8185.817855 7987.869767 8939.595777 8692.507526 8957.186764 7838.835426 7512.207977 7810.431379 7571.338892 8044.078776 3667.745405 0 0 0 0 0 0 0 0 0 0 0 0 
0 0 0 0 0 0 0 0 0 0 0 0 3018.088364 7295.823316 6649.925546 6980.983842 6802.847724 6745.32941 7209.548311 7182.159931 7574.915666 7464.447497 7694.418445 7609.755035 7708.163242 8110.506406 7765.871269 8382.66832 8764.497428 8296.941449 8490.40678 8495.99713 8549.907429 9359.686145 8982.144817 8681.736254 8198.786743 8944.570113 9265.413716 9418.549992 9387.1271 9333.099953 9055.430798 9779.58991 9044.93663 9343.880391 9693.659606 10020.95627 9948.063693 10146.22362 9403.478701 9709.831939 9680.653793 9350.229655 9725.19023 9559.436941 10592.93135 9054.676849 8975.310644 9398.511003 9852.612867 8942.063267 8932.680949 9192.765085 9786.919967 8809.314372 9645.346438 8896.707795 9122.357867 8482.974249 9134.013815 8746.092048 8929.804484 8739.530061 8676.29807 9317.214627 8112.308536 8808.161484 8906.874704 7817.88734 8365.795581 7844.365902 8197.562312 8134.264323 8290.162901 8047.739224 7821.64783 3904.753471 0 0 0 0 0 0 0 0 0 0 0 0 
0 0 0 0 0 0 0 0 0 0 0 0 1764.066006 3190.516659 3380.500758 3731.042884 3193.992042 3027.838372 3763.455564 3783.951904 3726.416252 3821.932323 3864.732825 4069.550486 3775.346874 3589.3968 3763.252654 4496.418958 3797.295717 4032.555685 4001.62408 4427.484363 4551.596256 4431.460123 4322.733886 4209.956955 4689.252522 4398.904739 4325.640335 4692.376692 4756.959627 4738.546704 4696.874357 4629.706637 4651.291347 4491.024449 4577.975131 4494.599774 4609.994692 4574.006659 4558.470119 5042.658709 4931.504937 4451.332186 4406.403028 4484.228227 4368.595638 4648.089795 4327.774287 4736.103276 4857.977902 4646.123628 4729.59857 4610.124478 4886.348906 4513.95159 5244.832865 4803.306345 4664.620831 4270.357075 4564.499124 3860.44595 4118.111435 4228.670006 4229.223331 4067.780965 4382.724054 3984.20966 4105.309515 3555.060441 4127.609257 3858.634803 4108.169811 3841.268319 3970.597125 3811.512761 3975.560391 2114.367697 0 0 0 0 0 0 0 0 0 0 0 0 
0 0 0 0 0 0 0 0 0 0 0 0 0 0 0 0 0 0 0 0 0 0 0 0 0 0 0 0 0 0 0 0 0 0 0 0 0 0 0 0 0 0 0 0 0 0 0 0 0 0 0 0 0 0 0 0 0 0 0 0 0 0 0 0 0 0 0 0 0 0 0 0 0 0 0 0 0 0 0 0 0 0 0 0 0 0 0 0 0 0 0 0 0 0 0 0 0 0 0 0 
0 0 0 0 0 0 0 0 0 0 0 0 0 0 0 0 0 0 0 0 0 0 0 0 0 0 0 0 0 0 0 0 0 0 0 0 0 0 0 0 0 0 0 0 0 0 0 0 0 0 0 0 0 0 0 0 0 0 0 0 0 0 0 0 0 0 0 0 0 0 0 0 0 0 0 0 0 0 0 0 0 0 0 0 0 0 0 0 0 0 0 0 0 0 0 0 0 0 0 0 
0 0 0 0 0 0 0 0 0 0 0 0 0 0 0 0 0 0 0 0 0 0 0 0 0 0 0 0 0 0 0 0 0 0 0 0 0 0 0 0 0 0 0 0 0 0 0 0 0 0 0 0 0 0 0 0 0 0 0 0 0 0 0 0 0 0 0 0 0 0 0 0 0 0 0 0 0 0 0 0 0 0 0 0 0 0 0 0 0 0 0 0 0 0 0 0 0 0 0 0 
0 0 0 0 0 0 0 0 0 0 0 0 0 0 0 0 0 0 0 0 0 0 0 0 0 0 0 0 0 0 0 0 0 0 0 0 0 0 0 0 0 0 0 0 0 0 0 0 0 0 0 0 0 0 0 0 0 0 0 0 0 0 0 0 0 0 0 0 0 0 0 0 0 0 0 0 0 0 0 0 0 0 0 0 0 0 0 0 0 0 0 0 0 0 0 0 0 0 0 0 
0 0 0 0 0 0 0 0 0 0 0 0 0 0 0 0 0 0 0 0 0 0 0 0 0 0 0 0 0 0 0 0 0 0 0 0 0 0 0 0 0 0 0 0 0 0 0 0 0 0 0 0 0 0 0 0 0 0 0 0 0 0 0 0 0 0 0 0 0 0 0 0 0 0 0 0 0 0 0 0 0 0 0 0 0 0 0 0 0 0 0 0 0 0 0 0 0 0 0 0 
0 0 0 0 0 0 0 0 0 0 0 0 0 0 0 0 0 0 0 0 0 0 0 0 0 0 0 0 0 0 0 0 0 0 0 0 0 0 0 0 0 0 0 0 0 0 0 0 0 0 0 0 0 0 0 0 0 0 0 0 0 0 0 0 0 0 0 0 0 0 0 0 0 0 0 0 0 0 0 0 0 0 0 0 0 0 0 0 0 0 0 0 0 0 0 0 0 0 0 0 
0 0 0 0 0 0 0 0 0 0 0 0 0 0 0 0 0 0 0 0 0 0 0 0 0 0 0 0 0 0 0 0 0 0 0 0 0 0 0 0 0 0 0 0 0 0 0 0 0 0 0 0 0 0 0 0 0 0 0 0 0 0 0 0 0 0 0 0 0 0 0 0 0 0 0 0 0 0 0 0 0 0 0 0 0 0 0 0 0 0 0 0 0 0 0 0 0 0 0 0 
0 0 0 0 0 0 0 0 0 0 0 0 0 0 0 0 0 0 0 0 0 0 0 0 0 0 0 0 0 0 0 0 0 0 0 0 0 0 0 0 0 0 0 0 0 0 0 0 0 0 0 0 0 0 0 0 0 0 0 0 0 0 0 0 0 0 0 0 0 0 0 0 0 0 0 0 0 0 0 0 0 0 0 0 0 0 0 0 0 0 0 0 0 0 0 0 0 0 0 0 
0 0 0 0 0 0 0 0 0 0 0 0 0 0 0 0 0 0 0 0 0 0 0 0 0 0 0 0 0 0 0 0 0 0 0 0 0 0 0 0 0 0 0 0 0 0 0 0 0 0 0 0 0 0 0 0 0 0 0 0 0 0 0 0 0 0 0 0 0 0 0 0 0 0 0 0 0 0 0 0 0 0 0 0 0 0 0 0 0 0 0 0 0 0 0 0 0 0 0 0 
0 0 0 0 0 0 0 0 0 0 0 0 0 0 0 0 0 0 0 0 0 0 0 0 0 0 0 0 0 0 0 0 0 0 0 0 0 0 0 0 0 0 0 0 0 0 0 0 0 0 0 0 0 0 0 0 0 0 0 0 0 0 0 0 0 0 0 0 0 0 0 0 0 0 0 0 0 0 0 0 0 0 0 0 0 0 0 0 0 0 0 0 0 0 0 0 0 0 0 0 
0 0 0 0 0 0 0 0 0 0 0 0 0 0 0 0 0 0 0 0 0 0 0 0 0 0 0 0 0 0 0 0 0 0 0 0 0 0 0 0 0 0 0 0 0 0 0 0 0 0 0 0 0 0 0 0 0 0 0 0 0 0 0 0 0 0 0 0 0 0 0 0 0 0 0 0 0 0 0 0 0 0 0 0 0 0 0 0 0 0 0 0 0 0 0 0 0 0 0 0 
0 0 0 0 0 0 0 0 0 0 0 0 0 0 0 0 0 0 0 0 0 0 0 0 0 0 0 0 0 0 0 0 0 0 0 0 0 0 0 0 0 0 0 0 0 0 0 0 0 0 0 0 0 0 0 0 0 0 0 0 0 0 0 0 0 0 0 0 0 0 0 0 0 0 0 0 0 0 0 0 0 0 0 0 0 0 0 0 0 0 0 0 0 0 0 0 0 0 0 0 
# Errors [SlitMonitor/SlitMonitor.dat] I_err:
0 0 0 0 0 0 0 0 0 0 0 0 0 0 0 0 0 0 0 0 0 0 0 0 0 0 0 0 0 0 0 0 0 0 0 0 0 0 0 0 0 0 0 0 0 0 0 0 0 0 0 0 0 0 0 0 0 0 0 0 0 0 0 0 0 0 0 0 0 0 0 0 0 0 0 0 0 0 0 0 0 0 0 0 0 0 0 0 0 0 0 0 0 0 0 0 0 0 0 0 
0 0 0 0 0 0 0 0 0 0 0 0 0 0 0 0 0 0 0 0 0 0 0 0 0 0 0 0 0 0 0 0 0 0 0 0 0 0 0 0 0 0 0 0 0 0 0 0 0 0 0 0 0 0 0 0 0 0 0 0 0 0 0 0 0 0 0 0 0 0 0 0 0 0 0 0 0 0 0 0 0 0 0 0 0 0 0 0 0 0 0 0 0 0 0 0 0 0 0 0 
0 0 0 0 0 0 0 0 0 0 0 0 0 0 0 0 0 0 0 0 0 0 0 0 0 0 0 0 0 0 0 0 0 0 0 0 0 0 0 0 0 0 0 0 0 0 0 0 0 0 0 0 0 0 0 0 0 0 0 0 0 0 0 0 0 0 0 0 0 0 0 0 0 0 0 0 0 0 0 0 0 0 0 0 0 0 0 0 0 0 0 0 0 0 0 0 0 0 0 0 
0 0 0 0 0 0 0 0 0 0 0 0 0 0 0 0 0 0 0 0 0 0 0 0 0 0 0 0 0 0 0 0 0 0 0 0 0 0 0 0 0 0 0 0 0 0 0 0 0 0 0 0 0 0 0 0 0 0 0 0 0 0 0 0 0 0 0 0 0 0 0 0 0 0 0 0 0 0 0 0 0 0 0 0 0 0 0 0 0 0 0 0 0 0 0 0 0 0 0 0 
0 0 0 0 0 0 0 0 0 0 0 0 0 0 0 0 0 0 0 0 0 0 0 0 0 0 0 0 0 0 0 0 0 0 0 0 0 0 0 0 0 0 0 0 0 0 0 0 0 0 0 0 0 0 0 0 0 0 0 0 0 0 0 0 0 0 0 0 0 0 0 0 0 0 0 0 0 0 0 0 0 0 0 0 0 0 0 0 0 0 0 0 0 0 0 0 0 0 0 0 
0 0 0 0 0 0 0 0 0 0 0 0 0 0 0 0 0 0 0 0 0 0 0 0 0 0 0 0 0 0 0 0 0 0 0 0 0 0 0 0 0 0 0 0 0 0 0 0 0 0 0 0 0 0 0 0 0 0 0 0 0 0 0 0 0 0 0 0 0 0 0 0 0 0 0 0 0 0 0 0 0 0 0 0 0 0 0 0 0 0 0 0 0 0 0 0 0 0 0 0 
0 0 0 0 0 0 0 0 0 0 0 0 0 0 0 0 0 0 0 0 0 0 0 0 0 0 0 0 0 0 0 0 0 0 0 0 0 0 0 0 0 0 0 0 0 0 0 0 0 0 0 0 0 0 0 0 0 0 0 0 0 0 0 0 0 0 0 0 0 0 0 0 0 0 0 0 0 0 0 0 0 0 0 0 0 0 0 0 0 0 0 0 0 0 0 0 0 0 0 0 
0 0 0 0 0 0 0 0 0 0 0 0 0 0 0 0 0 0 0 0 0 0 0 0 0 0 0 0 0 0 0 0 0 0 0 0 0 0 0 0 0 0 0 0 0 0 0 0 0 0 0 0 0 0 0 0 0 0 0 0 0 0 0 0 0 0 0 0 0 0 0 0 0 0 0 0 0 0 0 0 0 0 0 0 0 0 0 0 0 0 0 0 0 0 0 0 0 0 0 0 
0 0 0 0 0 0 0 0 0 0 0 0 0 0 0 0 0 0 0 0 0 0 0 0 0 0 0 0 0 0 0 0 0 0 0 0 0 0 0 0 0 0 0 0 0 0 0 0 0 0 0 0 0 0 0 0 0 0 0 0 0 0 0 0 0 0 0 0 0 0 0 0 0 0 0 0 0 0 0 0 0 0 0 0 0 0 0 0 0 0 0 0 0 0 0 0 0 0 0 0 
0 0 0 0 0 0 0 0 0 0 0 0 0 0 0 0 0 0 0 0 0 0 0 0 0 0 0 0 0 0 0 0 0 0 0 0 0 0 0 0 0 0 0 0 0 0 0 0 0 0 0 0 0 0 0 0 0 0 0 0 0 0 0 0 0 0 0 0 0 0 0 0 0 0 0 0 0 0 0 0 0 0 0 0 0 0 0 0 0 0 0 0 0 0 0 0 0 0 0 0 
0 0 0 0 0 0 0 0 0 0 0 0 0 0 0 0 0 0 0 0 0 0 0 0 0 0 0 0 0 0 0 0 0 0 0 0 0 0 0 0 0 0 0 0 0 0 0 0 0 0 0 0 0 0 0 0 0 0 0 0 0 0 0 0 0 0 0 0 0 0 0 0 0 0 0 0 0 0 0 0 0 0 0 0 0 0 0 0 0 0 0 0 0 0 0 0 0 0 0 0 
0 0 0 0 0 0 0 0 0 0 0 0 0 0 0 0 0 0 0 0 0 0 0 0 0 0 0 0 0 0 0 0 0 0 0 0 0 0 0 0 0 0 0 0 0 0 0 0 0 0 0 0 0 0 0 0 0 0 0 0 0 0 0 0 0 0 0 0 0 0 0 0 0 0 0 0 0 0 0 0 0 0 0 0 0 0 0 0 0 0 0 0 0 0 0 0 0 0 0 0 
0 0 0 0 0 0 0 0 0 0 0 0 158.3168048 218.9419464 226.3990112 217.2462021 216.9292017 216.6352537 221.0503907 218.5732611 224.2268274 228.9348531 215.9217708 235.0456243 222.5700389 225.1334827 236.1792487 234.7291001 241.0779653 248.3500301 231.2348733 240.0921422 245.4299052 239.7072405 221.4684551 246.5421969 238.6837989 253.5224032 244.83584 250.0408083 245.6706587 247.6040281 253.0723984 253.5648117 240.163489 245.9473563 249.7437064 248.0381417 246.2533137 253.598341 253.1768584 232.1956579 246.4046318 263.1205079 243.8177174 235.4114255 237.7486238 251.3611434 243.4481305 251.777877 248.0887663 252.7894315 232.4960902 250.2192271 240.1555429 239.2375086 238.7773357 253.2378687 241.9623039 239.8222065 234.2024237 236.9981175 236.639709 240.038591 233.6047585 238.2949463 246.9496336 230.0512577 233.4200119 229.5888082 232.2115436 241.584507 232.5671317 221.8356833 221.7538582 203.2178623 222.1265488 156.5750452 0 0 0 0 0 0 0 0 0 0 0 0 
0 0 0 0 0 0 0 0 0 0 0 0 206.8027736 304.3415701 304.2487875 321.4507288 318.9792849 308.2321229 311.6848086 314.0912885 320.5380074 316.8883652 321.121084 324.0943814 319.6822369 325.8679576 333.040186 330.8965208 326.6130105 334.7606368 337.7984379 335.1988248 330.726621 326.1113343 324.596749 328.0732328 344.0043192 338.9305125 345.7133213 346.6232794 337.1833897 363.9724504 354.2091264 356.3973148 351.1588662 346.6647619 355.5842666 355.9360274 350.1043175 358.6176715 343.5264782 356.5807419 341.2831226 354.4640086 350.2461554 359.4879054 352.7904187 348.3380738 360.9405211 364.1666943 352.0672471 350.3580778 352.695882 344.5515958 354.307665 349.9417133 341.4688886 354.3052438 343.998616 341.0578057 352.9782871 345.0796911 346.7192466 339.0974145 336.9063098 336.36476 339.9089084 330.2811475 332.1245411 317.3623892 324.2670021 322.6334428 318.5185776 326.5567637 322.6682612 305.9534217 323.8139761 217.9580696 0 0 0 0 0 0 0 0 0 0 0 0 
0 0 0 0 0 0 0 0 0 0 0 0 223.319909 301.7828127 303.4377248 294.0308075 310.3620423 309.1264905 307.9092321 315.3504758 328.0117336 318.4810165 323.1906757 314.79086 320.418887 330.455061 317.2347669 329.3262231 323.1769697 324.8515009 330.843764 339.158614 345.0925058 332.7077758 334.9826889 338.0815273 351.5735017 341.9610734 344.9727846 343.7510102 356.0005486 342.0024868 327.9341711 347.0083401 356.4917229 353.1377856 359.009299 346.8254213 364.3739104 352.77368 342.1679321 351.950447 353.668236 352.2068831 348.6880871 341.1809775 363.042976 353.6578377 361.2366827 356.071362 356.4425189 345.634262 351.7657645 331.6493459 355.4756916 351.8120255 343.1294438 341.8531622 353.6672143 342.9277471 349.1862756 343.4383494 346.119992 352.3933154 334.8245405 344.4501341 333.5548511 337.0816378 337.2651474 328.3975039 311.0012182 334.1159606 322.4836949 308.6953864 316.1953457 320.3810263 317.2229544 225.8341349 0 0 0 0 0 0 0 0 0 0 0 0 
0 0 0 0 0 0 0 0 0 0 0 0 221.2764402 307.2867416 298.9556151 312.6786146 317.8718551 307.7640184 311.6491759 320.5022682 310.497831 318.603238 336.6588107 332.1480322 321.4363063 335.0436758 322.0939445 321.7226508 340.3564114 340.675498 333.6192115 331.5004753 348.6022001 347.2414594 330.5295584 351.4497639 356.1419741 339.6842397 354.8945258 361.8986382 350.2142545 352.8472174 362.8452231 351.442778 356.2919466 359.9574323 343.9197907 359.7871762 356.5237188 369.421234 358.2284811 347.1860889 354.4696655 350.5276413 356.927826 365.2353198 357.7091686 349.7629769 363.0043115 345.118231 359.5742879 358.1027606 345.9812057 358.6808451 354.2223208 349.6411499 335.2144173 337.5689023 335.8154585 339.3719905 342.0140751 344.0552498 331.4636027 327.7370481 347.3436604 344.5165187 323.9353343 340.1008898 336.5997659 333.5822185 335.1372025 330.1218475 328.5897535 323.610133 324.0948612 328.7196147 318.3580831 227.2128782 0 0 0 0 0 0 0 0 0 0 0 0 
0 0 0 0 0 0 0 0 0 0 0 0 205.9425008 300.6824943 309.1170436 319.2649735 293.7769792 304.0799902 319.3604276 314.6903435 326.5021823 335.6943015 320.3279573 337.0373373 334.0517851 337.4119257 340.2020767 342.8836326 335.4776614 348.7581105 338.0652253 342.1248892 345.8749905 354.5750982 346.0394381 345.7138169 346.348117 353.1979413 356.5741781 355.1879825 350.460284 346.154394 353.9322506 356.6487756 361.3588862 348.8695623 355.9758257 348.5709788 363.5889437 349.9781492 362.8468705 359.6981161 365.7252421 343.5894277 349.5983381 364.6361097 356.7958511 357.6597417 344.4215662 355.8079061 349.3821604 355.0471506 365.861566 363.0596833 357.4120057 356.7672871 347.577001 345.5598336 354.9616846 332.5955568 341.9456586 348.5754602 360.5414502 347.6458505 338.712519 346.8689835 333.0155562 332.595786 340.1349893 323.9223512 339.2267016 322.2207223 318.5414338 324.3171144 327.3961479 324.05514 316.2265684 233.9612612 0 0 0 0 0 0 0 0 0 0 0 0 
0 0 0 0 0 0 0 0 0 0 0 0 229.3980739 300.8639461 313.5457647 315.1558509 312.0692123 313.1554517 328.3535022 316.6512786 326.9767897 326.9054371 320.5743436 342.5646382 320.6758294 323.4579929 341.0831311 330.2106308 339.9100382 345.4600663 355.2433295 344.9730906 333.6215623 349.3496448 344.9680249 338.0687052 357.0167519 353.5335278 352.585337 351.4220901 365.7451437 362.2879184 355.5751423 362.3958569 367.7152996 356.4369848 342.5142631 362.194189 349.8577048 370.7245093 360.7479078 370.1868426 357.8673929 368.8204129 353.8904438 363.5478981 359.8147026 375.496927 353.391058 359.5653492 357.3739147 352.8473159 361.0191117 365.8056848 357.7833966 360.6754815 353.9273446 344.1620739 354.6145117 342.3211731 338.1645879 334.5735217 350.061572 341.7597895 333.3964776 350.59964 348.4208989 348.7857829 324.9474936 327.9591506 334.1608848 325.6077943 334.4610387 333.0195237 325.1998568 319.7775766 322.240153 228.8074453 0 0 0 0 0 0 0 0 0 0 0 0 
0 0 0 0 0 0 0 0 0 0 0 0 218.490428 314.6059413 305.6956438 326.0623177 316.2902889 317.83754 329.2056179 315.2038862 325.0506016 333.9890589 353.2731668 333.6748743 328.4437633 333.9895186 348.4338387 333.2670318 339.780305 346.4211297 341.6007817 343.2395185 338.1186056 354.9119769 340.2611359 352.1775161 352.273102 342.3613223 353.0791983 352.2704501 349.1318375 353.9308755 360.7718717 357.38097 348.2120882 352.4270474 365.3655336 369.8467381 360.4042476 358.177529 363.1664351 360.0579474 359.3264919 366.472359 359.8321769 369.8927238 364.2206328 355.4430559 351.7542583 377.6432771 365.4874217 359.8517874 370.5002386 377.1921442 366.271435 367.120874 358.2027423 344.2718467 362.2376502 348.4155562 347.388044 365.1060614 346.0617436 344.0621024 350.3076044 344.44031 343.8226971 344.0486772 339.4439339 333.221474 327.5731715 330.4843305 335.8166358 323.4691114 321.8006932 332.6513797 340.6541207 220.9208076 0 0 0 0 0 0 0 0 0 0 0 0 
0 0 0 0 0 0 0 0 0 0 0 0 215.8713463 306.2458353 307.0728605 317.9064857 312.0277711 334.3680309 324.6411707 310.8057685 316.8028763 335.0513521 317.3314535 337.9829422 334.8957392 338.0482288 330.8674544 336.6007247 357.475338 351.5704126 349.5736736 349.2886037 350.9263368 349.0208137 360.6008097 348.8415509 364.7272376 355.8293265 350.738533 364.3349276 364.1004546 360.7326876 357.5321471 362.5665214 362.553004 359.2845151 351.9269983 359.5467935 364.9335619 356.0592604 366.5059376 356.5737397 359.4107331 376.148923 365.5890393 363.2482459 370.4093842 365.9288857 365.7954814 373.6090461 363.9123267 362.5283529 363.1391083 355.6305415 349.4448099 348.2814098 350.921573 360.2827258 358.8571455 352.5363235 358.1257821 357.3181149 354.9632064 363.384505 350.1133153 342.286576 335.9141311 348.8599129 346.9187828 323.3608085 345.6328651 332.1238723 346.9388261 327.5777832 326.9386284 325.3539915 320.6978625 218.9384072 0 0 0 0 0 0 0 0 0 0 0 0 
0 0 0 0 0 0 0 0 0 0 0 0 216.3813572 319.772701 314.1861232 328.8197775 320.0854761 318.4969206 337.9435711 325.766435 315.507843 323.5427043 341.0440912 333.3226337 346.9456433 332.8395208 336.2804881 344.0439675 343.19278 338.5134051 335.7929825 342.9646218 344.1498882 355.2759901 353.018214 339.1162702 362.5279151 356.2781898 353.4579623 368.9860324 362.7396953 360.535305 351.5868666 363.3865668 367.5541875 367.7209934 358.5632563 361.5409433 352.7068901 374.9802811 354.9689487 365.0429223 363.674349 369.7419574 360.4570579 369.5377811 356.648891 361.3294424 363.9096687 365.6530468 354.2333335 356.5732963 358.9422583 358.4840427 346.5721533 362.6960391 358.0465872 349.5592907 352.9796231 361.5809317 359.0715111 352.5292913 355.99282 347.962691 354.8613379 357.1874565 343.577589 335.2123098 349.9545786 338.5017304 333.409096 336.882909 335.025921 329.5000777 319.1680075 327.0057002 333.8229797 233.4716628 0 0 0 0 0 0 0 0 0 0 0 0 
0 0 0 0 0 0 0 0 0 0 0 0 207.1695207 303.2907561 317.8836402 312.1119066 325.5539455 334.1781379 324.9456433 319.6659262 346.645232 323.649454 316.3115298 343.441158 347.0418645 339.2266085 341.8407939 342.9444777 330.1761928 341.0873338 341.8115302 337.7446202 352.0968617 354.8523096 360.7647924 361.6500196 349.8452218 358.7447539 360.1420741 376.1907646 370.1124185 355.7503138 363.8514022 355.9384074 368.3493616 366.9470768 361.7816165 371.8859517 375.4335038 373.3901665 361.0617143 371.1721899 365.1035948 368.5520083 363.2346497 367.1298397 373.3307979 371.2227034 349.7894185 373.3090416 360.1864871 367.4721833 357.5120029 361.3121679 358.9703383 354.7185913 357.6576173 360.1787712 356.2283394 356.2183129 363.219239 346.1501332 367.3112562 364.810722 354.2994506 348.3540443 350.1574391 349.6029024 335.1721607 340.4318419 345.0475373 325.3698142 341.6957374 334.7460403 331.0106542 336.7653156 336.1539926 226.1757682 0 0 0 0 0 0 0 0 0 0 0 0 
0 0 0 0 0 0 0 0 0 0 0 0 227.3661182 301.4469518 323.0441774 327.9965559 300.2543045 319.1980567 339.4664699 329.6442198 328.1770708 345.4881451 333.2112553 343.6069766 349.6599752 346.5143984 342.0977785 345.4015025 356.6532518 343.5332077 355.3206884 348.2103088 339.1277553 348.4727768 357.4062771 345.7520592 360.1362421 366.1110507 379.3205048 367.0427801 364.4006109 353.1395028 365.0339978 373.3846427 359.4118829 371.4746785 361.5810773 378.6728724 368.4830867 375.8025561 358.5735763 366.9555961 374.327993 374.27009 365.6398176 371.784184 370.3674386 375.3506842 341.0934313 373.6279078 360.0111614 358.8702868 365.0269712 369.3896053 367.3862308 363.9013182 368.7515516 347.2794779 360.3432442 346.5396737 365.6390374 356.3127023 359.2617783 345.0779887 347.5041206 346.6363726 344.6021297 346.4571693 352.2762789 357.4625812 344.4126953 322.9954609 335.6396984 341.8520854 337.7898135 330.9496699 325.1729032 230.4007605 0 0 0 0 0 0 0 0 0 0 0 0 
0 0 0 0 0 0 0 0 0 0 0 0 211.9885585 313.5415509 317.4486262 317.1049288 334.294901 319.6299948 336.487654 332.4873183 339.9139044 334.3532425 332.8590769 340.7192899 349.5928032 341.2254344 345.1890093 345.8482482 354.7527746 341.597142 351.4772121 360.7006032 356.4276338 367.1105857 352.7336557 364.2679754 359.8852828 351.5566118 359.5605538 363.4769197 365.2054102 369.6773677 370.4797553 359.2573351 370.3273265 380.1427822 360.72663 374.9236436 385.2331913 381.3585347 370.4086171 363.0544067 369.8268201 372.4840133 366.5658598 372.6286403 374.1333432 374.7523131 383.4204444 370.9650835 384.2764069 373.14242 380.1944542 350.1238433 363.461411 364.5110093 365.0371106 357.5158952 370.1408811 355.0627451 349.9053808 360.3746317 358.7306327 352.6961445 344.5073995 349.6277462 347.8155195 360.6271297 345.9593457 345.7596118 350.6437666 344.0015424 333.9340806 345.1760473 320.7986494 331.2779887 319.7830176 231.7387972 0 0 0 0 0 0 0 0 0 0 0 0 
0 0 0 0 0 0 0 0 0 0 0 0 211.4869703 316.6166465 310.2729317 322.4671019 321.4071222 325.5209881 332.439602 331.5824658 336.7179652 337.8924444 331.468388 357.4738338 348.9965856 341.6909694 340.2544224 341.9424978 352.4090545 353.3840522 345.2494566 353.6728892 364.1559887 364.7848034 357.7729541 356.9740985 365.7821854 364.5852438 368.2870187 358.8023739 361.2513583 368.2960792 362.6257259 357.7484907 382.1356019 363.4717062 374.1044487 378.744939 366.3863193 363.6754144 376.3515397 363.0578241 377.6058439 364.0174205 363.5982614 370.76659 383.6268458 375.7753774 375.648519 381.7543292 374.9180435 369.6156043 368.7130537 365.2036474 361.0957117 367.0775339 375.1380892 364.5644188 355.9747383 362.9291268 341.0643605 354.2244355 355.7028634 342.7280625 357.2024911 353.2733762 355.1641711 344.9799055 358.5135754 341.1239998 347.048851 320.5351702 333.7610319 340.6848171 333.7965051 333.1362626 341.5783497 234.597752 0 0 0 0 0 0 0 0 0 0 0 0 
0 0 0 0 0 0 0 0 0 0 0 0 231.029519 312.1726788 315.0810535 328.819179 344.1499781 340.9606506 321.9781196 338.9124201 333.9010034 346.6757623 340.8486654 334.0987718 332.9380602 351.0070488 340.6689369 344.7464543 347.0845228 347.4104715 356.8421337 348.3506148 372.6353062 356.4042455 354.3693494 367.171243 363.0041236 364.6331447 355.7003729 365.8836841 371.4391957 380.893427 375.3731671 357.282719 376.3690738 367.6269151 371.6622085 362.6156948 367.4636223 372.0304243 383.1412964 369.8558666 373.4436156 380.9350093 375.5081999 376.6958042 379.8975044 367.8819847 368.5560476 366.8073025 369.6887791 366.6191826 368.8823454 381.9365477 354.6022439 358.7250373 366.1540738 360.7772524 357.4477115 369.9660067 366.3598644 363.6534324 366.5693584 366.8261529 361.3010509 358.2940468 366.8468689 339.7994476 347.8642658 345.6732101 337.9846321 352.8029083 330.0418369 337.3723772 338.4716066 326.0114886 335.9796527 250.2862338 0 0 0 0 0 0 0 0 0 0 0 0 
0 0 0 0 0 0 0 0 0 0 0 0 231.4439248 317.7534197 322.3618179 324.1378906 330.6853154 329.9525743 347.9257345 337.2381209 332.4166096 338.2688143 335.7332652 331.5300407 359.5921507 350.6517163 334.2583483 354.0237557 349.8852187 353.1842468 353.9675386 368.0658961 348.2587259 355.9548112 374.3796263 354.496596 368.3321185 372.3385575 376.9738986 360.7522784 370.7150721 377.3215506 377.2482366 367.4947839 374.6894089 387.2087084 366.4764387 386.4519873 376.9757434 377.1606597 375.4440132 381.4266292 384.7465955 374.6442392 367.8894862 382.7219957 366.498928 369.9562984 374.7538449 365.1831258 370.5212313 372.7802578 373.1181524 368.1374283 371.5955683 374.128216 361.024825 353.9173878 365.8765357 365.6478761 361.4492942 364.2806703 360.7263417 380.7480701 360.3330512 363.8964983 360.7372075 354.8460278 349.0582596 341.103671 353.9026926 350.0861144 340.736416 336.9339234 334.5891197 335.077123 338.3950396 229.6913186 0 0 0 0 0 0 0 0 0 0 0 0 
0 0 0 0 0 0 0 0 0 0 0 0 216.0972612 324.3746122 315.7472477 330.3256636 325.5651193 336.6958306 339.8555907 334.4209972 331.8293898 335.6790236 337.3606769 339.3218025 356.0981491 357.6490185 348.8113155 348.8855108 363.2175542 354.7084735 363.3423371 366.256296 359.6029622 355.64795 358.1915556 362.4885397 370.8943133 366.6062294 371.3550695 374.6541866 363.9153538 368.7639284 361.1964084 382.975457 367.1677938 376.1663802 378.3784257 374.5469015 371.2596392 364.562775 390.337153 363.6752104 384.1828575 373.6028965 389.4497728 367.2141676 369.0718821 378.2171607 380.0485689 370.1958737 367.9439927 387.9546714 369.815579 353.3755808 375.3701278 357.9103607 371.2859073 379.0244502 362.0067778 364.6590484 363.8702262 373.2191045 363.5600466 355.407007 367.3932862 343.842947 352.5198852 354.542792 337.1957188 349.0362134 341.8421467 354.2622744 346.4277337 338.9631993 351.353781 320.624305 331.795977 244.6095506 0 0 0 0 0 0 0 0 0 0 0 0 
0 0 0 0 0 0 0 0 0 0 0 0 230.4949309 319.3318848 327.1235194 330.1530783 330.8271009 323.1463386 331.9106446 337.361687 335.7823083 327.8702378 340.8737125 346.6834859 345.7650692 335.17221 355.9743572 345.1475283 358.4230158 357.9787201 350.784694 354.0117318 361.8052361 365.3828506 365.6698939 357.1643049 373.7945852 362.7855729 370.2115168 373.4966463 355.6950503 377.5533565 374.1812388 380.239801 373.9883657 372.5093136 370.1705607 384.0307672 384.7831952 384.3471636 370.0794984 378.6710236 373.6148463 380.7106991 379.3668493 363.3143623 383.4732977 385.9020859 379.925752 390.3107 381.8500941 375.9544582 370.5505993 374.8651907 386.1767624 361.7304519 361.7862973 366.193817 365.8527361 378.1363171 365.3149059 361.1462149 365.1416608 351.4854833 356.1267763 357.9825007 354.9206125 359.1493601 349.4894624 349.0522704 347.7819296 352.2217123 349.5929632 341.0242478 332.3464627 339.0505724 332.2849291 237.7118214 0 0 0 0 0 0 0 0 0 0 0 0 
0 0 0 0 0 0 0 0 0 0 0 0 225.1460273 334.8749792 327.7548556 321.6523054 329.4572155 325.852961 337.6068362 342.667581 348.2250114 351.997147 350.0851643 347.8298495 331.3607928 347.1081304 349.9356782 356.0639808 368.2097223 361.0297465 361.9032467 374.0482317 365.8156348 362.0866538 374.2305895 371.4952688 369.1491579 366.7271904 368.0388704 378.980537 372.5259799 369.5906314 370.9029235 374.9508856 379.2760932 375.7781609 365.8993335 369.8032239 367.9655207 377.9127929 374.9871685 379.8150077 384.2469969 404.3936566 363.5613733 373.4085062 368.6812458 368.9647966 379.8046649 371.9142097 383.3413866 378.1898015 374.4246979 374.8007104 369.1680327 374.6650869 371.6629843 368.929032 373.6510178 373.340703 357.3912812 364.0069529 364.7956687 366.4487636 364.2068456 356.2226939 335.8773417 350.3183658 353.3750004 355.0797012 335.8736748 356.1159156 354.6624224 345.3554345 336.174307 334.7199622 349.9422795 247.0105402 0 0 0 0 0 0 0 0 0 0 0 0 
0 0 0 0 0 0 0 0 0 0 0 0 226.3872858 320.7218762 333.9215233 331.5521124 338.2774645 336.2650474 341.8638132 337.1356976 348.6719489 341.9152082 353.976822 351.9492272 352.2269671 352.5519494 364.7473822 351.1302626 363.6814221 354.8249535 369.4405214 363.0378934 355.1172601 368.0099409 360.2535003 375.1383327 365.6551967 368.0241313 367.554119 359.8919352 379.1602826 381.3509767 383.434227 376.3468836 386.4126737 365.723885 381.7410273 378.5143949 367.331367 385.661214 381.3150876 373.3240749 375.4118787 374.3639928 383.294064 394.4664177 370.9669434 383.3430285 379.9132297 372.8512879 373.4080734 369.4012576 373.0329096 381.1374769 374.5766526 375.7627989 369.8745427 366.7790816 376.6581931 375.6135437 377.8541078 373.5025929 372.4587451 371.1918796 360.6636612 349.8665057 363.0782609 355.078737 354.7021022 343.9841719 351.8819274 342.6162406 347.545295 342.2098683 350.0389674 332.4681531 336.7330902 244.634549 0 0 0 0 0 0 0 0 0 0 0 0 
0 0 0 0 0 0 0 0 0 0 0 0 215.4843058 323.0368577 332.873732 327.2125136 336.1518007 342.6412423 346.5583608 347.3562362 349.9238734 349.2140014 343.1274766 349.7233731 358.8283524 350.4644164 361.3706484 358.8933245 354.3126902 366.6369403 365.1077415 366.2125577 364.0818757 377.1705213 372.9944162 366.6208091 369.1038123 369.7671893 376.5791965 377.7154019 389.566394 383.101227 368.7915777 375.7297197 385.426263 375.2667514 372.5218493 377.1735529 364.7226912 387.5173101 387.9638057 383.9017316 377.4105364 376.7597145 377.5195957 383.276342 376.8034921 386.676246 370.0496791 371.7339424 379.7934995 375.6270735 382.9692098 380.5663664 383.111397 373.6134779 368.085573 375.2977239 371.7465316 385.1467257 362.7457546 372.5734643 358.3249415 358.6814541 365.1020969 362.6176588 361.8230712 365.9180483 360.8655849 350.0169273 355.4448431 352.4283602 343.9056271 338.9979873 337.2271486 330.5518806 357.9451508 233.3244018 0 0 0 0 0 0 0 0 0 0 0 0 
0 0 0 0 0 0 0 0 0 0 0 0 215.0482394 333.7931537 312.0268853 332.9763354 338.4537904 335.7064641 342.8855574 346.8079903 346.6036021 347.6051211 335.5157772 350.4549455 362.0785051 353.9587255 354.071627 366.0894955 352.9251753 361.0197758 355.0782231 379.3984785 362.7004244 378.491321 381.7671084 367.5255581 375.7063303 370.3357456 354.0743697 381.0958469 363.8871005 380.1120492 374.0882288 377.4586133 376.8437764 386.3545612 374.526265 392.2822268 370.6327338 378.9750181 383.4769063 383.4772133 382.7359273 376.858874 381.0757347 389.0604059 390.0521455 376.3684676 378.9811075 379.4891297 382.8441771 387.3244424 381.6099294 374.4738722 367.3538184 374.6241445 385.4471811 367.6459652 371.2998621 374.7773777 367.2338306 364.7455967 360.0871609 362.0898342 366.1745691 358.0990455 367.1439401 344.518174 359.4450448 354.6619468 360.5849927 353.855521 348.7515144 338.1570225 336.9283888 351.0281868 349.6535055 240.2745273 0 0 0 0 0 0 0 0 0 0 0 0 
0 0 0 0 0 0 0 0 0 0 0 0 219.8650552 329.2180498 318.5339715 317.1826062 337.0617223 330.7851082 337.1725723 354.2446857 339.6472917 343.9923249 361.5311456 363.9681612 352.0466765 368.4970258 354.7123873 359.349724 360.3576222 366.1083661 370.6279289 369.5370509 363.3113993 364.5936586 349.2048299 369.6000753 370.0315952 366.36375 367.3472089 370.6956802 386.1452093 378.3979809 390.6658939 375.1997153 376.8414203 390.2577849 383.1864402 372.8788462 373.0725318 380.0423221 378.8221624 383.1478691 391.3918635 381.6009618 382.1007015 390.4935497 378.7171493 384.7066971 375.757836 384.9668608 376.2770075 374.433301 384.8040957 382.9630601 383.8472948 369.9827085 374.8879066 385.3271962 379.2911047 374.9669246 377.648239 369.4215932 377.1650761 372.2703415 364.2661299 352.2509682 370.8375371 361.9557442 362.8782408 345.4868324 362.4457447 363.9175529 363.7665342 349.3276535 353.3530061 344.6480605 337.0055703 239.6289004 0 0 0 0 0 0 0 0 0 0 0 0 
0 0 0 0 0 0 0 0 0 0 0 0 228.764888 318.5430394 325.2520312 314.7494613 347.5410584 330.9982237 339.4395356 347.6328019 354.1068169 353.4127491 338.4989898 362.2992794 359.6197741 363.984666 366.5408026 357.432117 370.2298844 359.116002 372.2609489 371.2759513 373.0346741 369.6221339 366.6192832 371.4236718 362.0078966 376.1080966 378.5723663 384.1994966 400.7291163 370.2631055 382.6305125 381.1913458 388.8982008 392.8239619 384.2535957 380.6283449 366.2964667 387.6194268 366.8405066 375.974935 375.763432 376.8876327 380.839079 387.5290813 378.1704159 382.3465317 396.6616683 377.4674783 366.3496114 381.5135 381.9579816 394.755078 383.673954 377.1889328 373.8467821 385.8052016 370.2371659 370.7177 368.3273852 362.2549909 385.0637843 385.0044878 364.238956 363.8193873 363.2997519 355.9680459 355.3710295 357.9786544 351.9985763 367.8863643 356.55238 342.5115185 343.4250538 353.1781563 344.9135058 245.3978052 0 0 0 0 0 0 0 0 0 0 0 0 
0 0 0 0 0 0 0 0 0 0 0 0 227.2718764 334.5965702 320.7982923 349.9422862 329.3232523 328.8287891 335.1379803 346.9270767 356.9757196 351.8148639 342.6725071 367.6158905 347.5188499 354.8527562 351.2377889 361.5665224 367.2053361 370.5622231 364.601599 371.5025001 360.6742021 361.7811807 373.0025024 381.0311875 375.1171234 364.2627761 376.0895376 384.0747261 382.687801 386.2789754 388.8731767 387.4456897 386.1440844 394.1105378 385.6195594 385.3876945 379.2843751 383.3313219 376.8301654 382.6812563 380.9387774 382.9597828 389.3804491 387.1596932 385.9427248 392.9397528 373.0937431 390.1197483 379.6760468 369.8981863 376.173409 393.0699854 378.665919 374.8656419 389.5617778 375.6666633 375.0698878 381.0805122 379.0631069 366.902255 372.3974015 383.4041323 349.354675 353.8699937 368.1594737 360.4044901 353.647728 356.669387 358.1928159 355.8726062 355.2881055 358.4182185 344.2496778 345.1347105 339.568197 232.2613218 0 0 0 0 0 0 0 0 0 0 0 0 
0 0 0 0 0 0 0 0 0 0 0 0 234.0613438 322.9589327 334.2036884 338.4265267 343.7184922 338.5528449 340.9838815 350.6941333 345.0289843 336.9226665 344.3740669 364.3932809 349.0471727 351.8044625 368.2310452 362.8656462 358.2245448 364.303682 368.0456548 381.5371865 371.8286512 378.2274835 377.3586046 392.78228 368.4686938 372.7691355 388.7384457 374.4802149 379.2099733 377.2564367 375.5721972 388.3371658 376.2665816 388.8801042 381.6417996 379.1855963 385.2720001 393.9066139 385.8613673 396.656915 377.7545158 394.2192717 390.075721 403.5667506 384.9817399 387.859738 386.5675933 380.4666387 374.6837222 371.1430344 391.5052293 376.3114924 389.2581769 362.1829671 385.8494319 391.0883695 377.5008472 374.1227383 370.6360681 376.1067424 379.0683446 377.6023921 353.9051172 367.4183285 379.1096001 356.4785732 359.4905416 370.8219818 367.1314528 345.4120528 360.921575 343.8324152 351.165926 344.0438901 344.4815574 249.7004397 0 0 0 0 0 0 0 0 0 0 0 0 
0 0 0 0 0 0 0 0 0 0 0 0 238.460399 326.867654 317.9254917 328.3925079 340.4985825 332.25346 341.0234701 332.9380436 356.6944911 358.2087929 340.8626733 360.8545337 360.6646202 363.6838872 351.7473355 365.4291758 357.1944257 357.5509714 361.8100439 367.6088595 373.5635484 372.685891 375.7216401 368.8013323 380.0503823 370.4868923 377.6124371 374.8174479 386.5036378 388.9042275 378.3891252 375.984711 386.0965173 384.4159515 378.4619636 397.5769308 386.1801342 386.1751322 395.0218224 386.7630185 391.5854632 390.1852351 380.9715394 384.1272202 375.166024 399.9540346 380.9924789 392.5634771 381.2801853 382.6035326 375.4546515 387.1098639 381.8532066 368.8216932 384.1576342 380.3542748 384.5650442 364.608057 366.1135087 380.9091066 379.4831719 360.0214599 362.9589683 361.6828446 365.3533122 352.7990653 356.735026 364.953122 350.2188442 352.3230293 367.5758741 358.4568651 341.3178372 345.8161492 339.4687604 247.8445069 0 0 0 0 0 0 0 0 0 0 0 0 
0 0 0 0 0 0 0 0 0 0 0 0 246.0192431 345.9649479 336.9904666 338.5893317 333.2972966 339.4081736 319.7229033 343.2481849 355.7131241 354.6802042 358.8237046 350.2535853 351.3790989 364.6047523 361.7689959 366.6434851 367.7808637 362.2714785 366.0855605 380.6335411 364.4012524 370.7005607 378.9578045 391.0504824 375.3718797 379.4567872 375.2916138 375.6911411 384.6409758 372.5106173 399.3439617 394.552167 391.1558385 376.1654586 395.7333852 385.7129656 390.3313569 383.0110779 398.9492001 377.679877 377.4469064 392.8167141 391.1674844 382.8359633 384.2367594 382.5720638 384.6780513 388.5249919 383.6445545 396.4244238 376.9559196 392.9709677 388.920577 388.5022568 369.5054423 383.9870232 379.5770817 369.3816713 390.860297 358.5552893 374.649849 365.8770688 375.3002686 373.8946898 378.5743607 379.1248899 350.1872516 370.4141022 369.3024879 362.8037875 365.1667704 344.5215369 354.6409778 344.4186708 355.3670829 247.245032 0 0 0 0 0 0 0 0 0 0 0 0 
0 0 0 0 0 0 0 0 0 0 0 0 228.028463 333.1716331 336.899061 338.3847743 334.2936519 343.8242206 341.1804358 355.3741775 346.2612194 348.7219363 356.4257427 359.8069683 359.4612542 365.875261 360.3238923 363.8286731 364.8778615 362.7491634 362.3348236 376.243596 384.7348807 374.7071137 374.6209139 375.3584807 373.8375675 376.628855 386.8971258 386.3818692 386.4843314 382.5843527 394.6849341 384.4000395 388.9481812 393.8522975 392.7925096 389.9709815 382.6727583 384.176254 380.8857257 399.0849443 406.3730428 383.9592055 397.4033889 394.5362535 384.7189544 391.6860845 385.8521112 378.2748216 380.7425164 392.2932901 380.342268 386.3272889 382.126049 372.7442728 377.5763483 368.9385989 375.577595 380.3941048 385.032507 371.3965146 364.9633725 366.2997196 371.0670712 381.8638016 369.0427221 356.0798675 355.6890021 378.0268572 351.2911143 358.6154308 346.2206289 348.2679881 338.8959321 355.1583725 345.2478864 243.4740356 0 0 0 0 0 0 0 0 0 0 0 0 
0 0 0 0 0 0 0 0 0 0 0 0 231.3588413 332.5749781 347.4129303 340.8299564 335.2343081 347.4830745 341.2965608 355.4621312 339.1030832 367.6772394 362.93161 359.1665174 351.5510363 358.8741176 362.6958473 364.6631204 361.6640459 379.5412883 368.1452419 385.5897068 375.6467439 372.321706 369.5177861 384.7776828 370.8736372 385.2302072 391.2690791 387.6358071 371.7870415 376.5368381 378.0931286 378.52758 386.930968 401.3945899 377.7253531 396.6463325 384.4957622 390.6086279 382.5491137 386.4227064 380.5547685 395.5289752 394.9183145 383.1242799 377.8298035 393.2172896 379.7689983 394.9577414 376.0158806 389.3584171 383.8197003 385.8563669 385.0060849 378.0119002 392.7781206 376.2003842 379.4089936 388.3588014 378.1275607 378.5285317 381.0558498 383.1853136 380.6327584 371.8193367 374.2881959 355.0895025 369.1398742 363.7557695 357.4773477 349.2740626 359.7013441 344.6708218 336.6458878 342.283307 347.1676718 244.0008365 0 0 0 0 0 0 0 0 0 0 0 0 
0 0 0 0 0 0 0 0 0 0 0 0 232.6688341 328.0629096 344.7181676 335.6407103 338.1945911 347.1966469 341.9667632 340.9395413 355.3500908 343.0709911 362.903423 362.4211207 357.4491252 365.4904542 360.9267457 363.7842467 356.345515 363.9834287 352.0385182 372.2235932 378.375667 367.810084 373.2608202 374.8398156 382.1809419 384.2410481 371.4318908 362.1385523 395.2268048 383.3862147 390.7355596 386.2982296 393.8301752 390.0798396 383.4100771 381.3020603 386.3817382 388.9798032 384.0792233 388.042245 397.7362757 384.8060354 397.0020965 388.6131335 396.234726 393.4696336 378.9263262 377.8273857 382.5201488 384.265905 392.7052749 383.5844969 376.6613732 389.2833487 385.1338833 377.9881082 371.0564164 377.6173151 378.2324895 373.7879084 376.9004706 367.6805164 368.0847494 364.0283206 371.5687154 352.7561481 369.9024139 349.7433686 356.1794104 369.359111 356.1563721 343.500153 349.5876298 355.9489795 349.5113222 244.3387276 0 0 0 0 0 0 0 0 0 0 0 0 
0 0 0 0 0 0 0 0 0 0 0 0 237.008501 341.4930984 344.6135163 332.4623059 346.9276446 334.389708 340.1397679 358.6073614 350.2735382 343.3108148 354.6069071 351.6709113 357.2906393 363.9383911 355.2128823 372.8537656 360.419606 388.5046366 366.1136133 361.3495106 379.6399634 369.13994 383.4658125 379.1986894 379.4187638 389.4758295 378.5665984 384.5033092 382.4285971 392.9305046 367.2573257 392.2165905 397.9488216 378.1341639 375.5409851 388.5604785 391.0010904 382.6250276 385.208571 391.6410552 392.9250874 399.5467732 392.2749215 388.4017422 394.5949531 390.2508698 400.2118117 393.6063144 402.0451841 391.4232174 379.6833742 383.6679265 383.6155332 384.8393032 378.4414284 369.7064314 385.7693045 384.6600555 374.4005099 374.492506 356.7890715 379.289935 371.331456 367.0855413 366.3614318 372.1563875 363.9874044 363.2646542 359.4903793 353.3191348 360.6160732 344.599245 360.060051 356.1480908 340.5013596 240.4554428 0 0 0 0 0 0 0 0 0 0 0 0 
0 0 0 0 0 0 0 0 0 0 0 0 243.9243524 332.3489812 335.4700801 338.1624213 331.4744387 347.6094549 357.0418906 343.8081797 363.1723575 347.9532482 361.1699546 361.6873621 367.1383359 364.7953611 370.6834492 363.4543102 373.7690562 362.8103242 386.0018558 372.6994307 371.9429552 364.7940214 389.6408076 377.7413855 384.0589509 382.2286051 386.9058241 389.8630742 389.6469176 395.3065382 374.7861156 399.686662 379.8327039 380.2048239 397.6372798 376.4507322 386.7398474 393.0492088 382.1747573 391.6883232 385.6543349 388.325676 394.2468739 387.396867 386.9945286 381.9031127 372.7037168 384.4026796 395.8566813 396.242422 399.4261703 378.5803449 384.492548 391.4304159 380.1334453 387.5934349 371.5221292 375.4192351 371.6788056 374.2933023 396.0652027 354.3770415 372.7461412 365.6152284 368.0636688 359.5127848 357.4921477 364.2960944 370.8345852 363.7171914 352.0331489 342.5085734 338.1890982 354.0677309 342.4994394 247.2589951 0 0 0 0 0 0 0 0 0 0 0 0 
0 0 0 0 0 0 0 0 0 0 0 0 246.4362505 333.7760124 341.6467618 335.6375954 335.451572 332.1939608 350.441982 332.398085 363.2360089 346.789413 366.2828163 352.9532298 366.4252249 366.2846758 371.0343709 373.5370026 367.4438942 377.7843499 366.4260275 375.1757944 369.4859652 388.7639676 378.2865763 388.2257475 379.2959429 378.0866135 388.6060166 381.6589757 398.846789 384.973544 374.1948868 385.7425205 397.1447225 389.1517073 384.8933382 395.0365962 400.8337483 385.7893467 383.9986449 388.1675092 397.4831961 382.0315309 386.6396307 396.2466056 400.6425611 388.0711546 395.6817431 386.0155593 381.0887414 395.5176475 401.1317721 378.0356906 386.4698812 378.2265054 383.1994757 375.4172659 382.4737756 380.2437198 374.6953215 367.1476814 377.0838492 386.0692121 373.6645039 358.899882 363.0318548 355.1630874 355.9919371 356.988268 359.3473519 358.5395712 345.8228923 357.7269855 362.9541853 347.8655537 354.7758484 252.6395049 0 0 0 0 0 0 0 0 0 0 0 0 
0 0 0 0 0 0 0 0 0 0 0 0 238.0344375 330.6729931 335.4941589 338.8924075 343.1469377 350.689671 342.9924346 354.1963817 342.3062674 346.1197056 355.0917742 362.1751788 363.0022889 362.757484 372.6303959 380.1381311 363.3108393 372.5757899 370.7842102 377.7023025 380.3060823 388.6850735 390.2466999 374.8667265 394.4544232 382.1204371 386.8397363 390.0900893 387.2156587 389.0583929 384.3002243 400.6271802 384.0544469 375.2252645 386.1938506 386.2096101 396.0539384 394.5671562 396.6588506 387.5431791 388.3358222 389.8689411 384.54074 397.0927014 400.952803 384.2683784 385.9239763 383.3895775 389.3514422 399.1691533 388.3999685 390.1158537 398.9329797 389.737726 384.7241871 372.9472907 370.0550344 381.8664669 375.5478669 360.0255658 372.7733709 362.3919023 356.5947348 359.8084451 363.0327013 372.0697704 378.2413788 362.7455674 354.6275361 350.9670126 345.3502438 347.821548 358.6202977 337.6665455 347.6422543 249.4993394 0 0 0 0 0 0 0 0 0 0 0 0 
0 0 0 0 0 0 0 0 0 0 0 0 242.4288575 332.6956194 335.5662944 335.6833914 355.8945626 347.2604927 332.2322539 350.6278805 353.5949049 352.3809312 357.2791078 347.2340708 352.9002101 365.5726093 368.9076258 366.9033559 373.0177389 375.5567883 362.0844224 362.8337639 378.4539498 392.6617436 366.6516395 400.9000902 379.3612856 384.9144457 394.6102738 384.4890665 372.1754685 384.4293864 381.033822 378.7518646 390.6879921 389.6974211 390.781025 384.1151406 381.8560993 387.4870975 393.7552338 391.2841466 391.3025701 398.4561049 404.9709184 371.777082 376.4280912 376.8769521 384.830948 385.4878308 382.5459953 389.9348284 378.6592363 382.4939969 381.0878753 385.6396309 376.932539 384.4217369 373.936301 372.6158438 388.2162451 368.0080974 381.5979765 376.8669987 380.9047113 371.0648802 372.8967465 366.6875313 375.0759135 365.7578461 360.6111269 357.1770239 365.4383594 343.0037056 354.7291275 343.166523 345.2234775 245.3972546 0 0 0 0 0 0 0 0 0 0 0 0 
0 0 0 0 0 0 0 0 0 0 0 0 240.19936 329.6381333 333.6931383 340.0088488 357.707956 342.2976997 343.0380084 355.5452307 353.4947235 363.2757776 353.7874669 357.5742901 373.5745653 363.7580488 362.0795558 370.1776509 373.0461958 364.9139818 378.5301757 380.4044731 390.5525264 373.1928306 377.7686425 361.5599677 380.0652611 390.1117737 381.0016363 391.7973362 366.5047782 380.5258451 399.9129439 386.8314725 384.9187659 384.3664535 395.0005773 397.5645165 388.6052518 391.8962255 374.9605274 390.7087949 399.7388871 388.6766854 401.6867846 380.9857821 383.3950078 400.2687009 382.0553319 385.7177527 391.6890047 378.2257503 382.6120746 388.7668623 381.0070081 382.6450384 383.2497986 385.2735904 393.5392917 382.4943911 371.6500344 371.7876709 379.3186279 382.289617 371.1848696 376.5186125 374.0922777 357.7556202 356.6116436 383.721657 354.3709934 358.1621047 342.8321123 364.7945902 359.577198 354.7025729 347.9023451 241.7467161 0 0 0 0 0 0 0 0 0 0 0 0 
0 0 0 0 0 0 0 0 0 0 0 0 238.1711118 336.3550917 326.5703673 358.1502866 328.660859 334.1445972 340.936543 349.893587 362.4321556 357.2743089 361.5995482 362.0441514 365.8313859 359.0344391 346.3597711 355.5703441 371.9404502 381.786454 366.6492488 374.5181683 365.8826063 372.2213984 367.9648784 383.0610958 378.0953287 388.2948914 376.4123051 394.5315024 378.0944182 386.9394905 390.5898785 402.4209978 380.2533379 386.367947 396.0319152 386.0649324 395.3633637 390.1230503 400.0729215 397.1360051 381.9950662 383.3520686 378.2760783 393.6216382 396.1339139 388.7100653 380.9849188 392.9835645 391.4433197 389.6117487 376.2110681 390.3411168 389.4472203 385.2329963 385.5825388 387.8796981 382.5380307 373.7813893 372.5142464 374.4122074 385.2933243 371.1304711 376.861107 376.572496 369.3372729 356.1147382 355.3150318 359.4920505 372.8255968 377.1264761 350.4175556 363.2588448 352.5051672 351.2972563 349.819203 255.1725229 0 0 0 0 0 0 0 0 0 0 0 0 
0 0 0 0 0 0 0 0 0 0 0 0 252.7629573 330.201065 337.7554846 327.488191 339.0117084 336.2015504 352.2259721 352.8753648 362.7974688 343.687802 369.3482456 353.4859987 353.3513479 361.8099691 362.5949831 364.4074667 365.0666661 369.630892 377.4709639 380.9625045 372.1993616 370.9989161 378.9563409 384.6177773 389.9003024 373.0482088 389.7224663 386.0267337 383.4960187 387.1741043 382.4537096 393.4417208 395.1843879 390.3162089 393.713028 379.0094078 393.4667461 392.9786639 401.9063411 401.0629504 386.9377022 390.6130507 382.7915012 389.169303 410.7243753 396.0336314 387.6975119 393.5104615 399.9812562 384.8691695 388.4783497 387.7830501 383.779353 389.4488924 393.2953947 381.5655526 377.1969702 391.0034777 385.0265978 376.7402582 374.3248115 376.9456293 373.0689065 369.2673313 373.0553519 365.6669017 372.9764212 363.7497645 361.0112566 360.6707782 361.9053035 364.2267753 357.656594 352.5704409 337.2183584 257.8273552 0 0 0 0 0 0 0 0 0 0 0 0 
0 0 0 0 0 0 0 0 0 0 0 0 224.6424831 325.5185327 345.5934277 345.9278635 340.5672528 346.5878437 354.6261411 349.5069704 364.846657 353.8798142 375.9619835 362.9748436 353.8779 375.9440137 363.260278 362.5026917 366.4602984 367.7034417 378.3002694 381.0234529 369.6722278 375.1309906 394.4567244 387.5016186 401.8073281 377.638281 388.4667697 383.5735693 384.9851549 384.2210526 392.7626628 387.8015383 387.7684816 393.558369 395.2739387 381.4843708 382.6002893 402.0203067 393.2026008 371.5310281 382.2360924 394.7365883 383.7143149 384.8089532 405.0334957 392.4052187 385.8740867 387.5800725 383.6344987 385.0184546 382.5727185 383.029082 385.0730225 379.2817944 383.4420518 386.6207179 379.3813805 379.1107381 370.8339284 371.7445505 386.1299941 368.7303833 376.7299843 371.4010614 358.2125534 356.0703256 370.2119123 358.3357226 363.4851784 356.0332144 358.7186404 360.9752714 356.1471574 350.141641 358.193747 242.1291175 0 0 0 0 0 0 0 0 0 0 0 0 
0 0 0 0 0 0 0 0 0 0 0 0 235.9793911 342.8345079 340.4643105 329.8530255 341.952132 353.4779145 353.4208023 356.7170536 349.0802696 357.9769172 327.3909559 363.8595712 363.8577822 365.9225143 369.4722004 387.0919315 366.2834304 376.6280745 357.532543 383.0091847 375.1053519 378.5534128 387.5249233 391.4819856 374.487904 390.5049955 389.4677106 375.8530433 378.6878779 398.6240122 387.0811799 384.591604 391.509265 397.1945883 386.5559427 395.8393724 407.5806211 380.3026566 401.4435448 400.0460252 389.1610031 380.2493252 391.5972189 390.565767 390.4433676 392.8485479 381.3717736 388.8391617 391.5512072 398.9476041 394.2452518 377.5338186 376.1067105 388.18832 377.6433761 394.592402 384.6421651 384.6703017 372.042597 386.5059613 379.6693084 387.7914905 365.2503729 364.5938041 369.8900137 365.4696356 363.5911476 351.8479148 362.6904969 365.4784629 371.4939437 360.6412666 352.4287924 351.0684296 360.0972849 251.1622024 0 0 0 0 0 0 0 0 0 0 0 0 
0 0 0 0 0 0 0 0 0 0 0 0 226.3968363 323.396143 352.3787548 340.4587711 341.2236048 351.9654053 348.6352104 353.465607 351.1345259 370.7791979 359.9882911 356.8477502 352.4572041 382.0826127 367.728768 369.4515516 372.6437288 384.7003238 380.4728588 371.8746408 379.4725274 382.2620017 397.0391865 388.8209024 382.3167334 401.3134129 392.401575 385.861488 379.1704017 390.1551831 389.4017777 392.7932905 380.4276401 401.4335134 400.3627667 387.9635859 386.1026933 396.8868841 385.3044867 383.185774 387.2579672 406.1289639 394.3519222 386.6231303 397.6746381 391.65405 381.7627737 390.3587462 379.7156837 386.0769404 390.3005123 385.7823101 386.5088833 390.4569179 387.8069182 379.576447 385.4061678 377.3118618 368.4487776 380.5354931 389.6930577 375.7662398 365.9322776 374.6905774 367.5177578 372.1436053 365.2953195 370.2719682 362.9013021 348.1668718 369.5222274 352.3757233 347.3366009 361.8020444 346.7808271 244.1390453 0 0 0 0 0 0 0 0 0 0 0 0 
0 0 0 0 0 0 0 0 0 0 0 0 233.8364193 341.7640383 326.9896302 339.161179 338.6180058 351.7063891 361.0200653 352.058792 344.9337853 346.5063496 350.8090483 358.5439775 367.5487396 364.8395854 383.2056633 380.5132644 363.3364762 377.0112956 361.137709 366.4239323 373.6606365 390.7900176 368.9583687 364.8338568 368.4806481 371.3391283 382.1945022 390.614143 394.9093653 385.3973651 387.0174003 395.8234684 392.0462472 394.2146758 387.6340398 394.7688198 382.9616244 396.8327904 386.6602956 401.4324782 389.3003409 392.8258588 386.0718031 387.4531194 404.6550276 392.1895669 388.5807862 401.4071465 386.8769665 384.3735236 398.3370962 376.4595371 394.3467678 387.3558494 380.5103693 378.0887523 382.3894798 378.491708 391.1419122 373.3017198 366.2214231 366.0605048 366.6815959 370.5197627 355.8465977 363.6493429 368.3077108 372.6463895 366.6126109 354.7359576 354.5316622 345.064971 341.9314885 350.2885995 334.5325491 237.1975908 0 0 0 0 0 0 0 0 0 0 0 0 
0 0 0 0 0 0 0 0 0 0 0 0 248.9512557 341.8052598 335.1684598 332.2781509 340.3737832 339.2881108 326.5368601 359.5131611 347.5284098 348.99014 347.5253184 369.4528383 370.6175635 356.1526426 364.0963692 361.7318125 374.4049945 366.0584606 364.6797951 368.4430211 362.7644222 379.010209 375.7809429 376.4031685 384.8668057 395.2649823 392.0870214 379.9466403 394.1936216 388.290586 385.3164741 388.4896914 383.7933488 387.8278559 395.8531615 387.1982011 393.9301974 388.9906932 397.563299 376.3899556 394.235736 383.6860207 393.0581517 392.3677577 391.8939299 377.5330931 385.1006872 386.1422168 382.6732304 383.2102192 395.6922535 383.8692548 382.5919538 381.9048738 390.951436 381.7779072 373.8755981 396.8659515 382.8985543 380.5830717 372.2511635 372.6418573 372.2402052 367.7398343 368.0055279 376.192954 360.4603065 366.6459326 359.3158245 354.2854451 362.5317223 364.243822 358.3638303 347.8013568 351.5215707 243.6869842 0 0 0 0 0 0 0 0 0 0 0 0 
0 0 0 0 0 0 0 0 0 0 0 0 242.9319162 340.3633859 323.0597655 341.8182648 353.3645312 344.1165564 355.2358292 336.1152901 352.0691729 350.0340457 355.9540786 357.4725328 353.9343371 379.2512614 355.355169 368.7593618 365.8928204 376.0376361 373.7471273 375.6512426 376.8784016 369.7264743 366.3225387 378.5105808 375.1092306 377.6692882 391.1301597 384.7025689 395.7209809 385.3343778 389.8532674 384.1119469 388.813038 393.947251 389.5269716 395.5407089 397.8263753 388.3558086 384.436329 395.6674731 380.8330586 389.9237852 367.3790914 389.4504765 397.8293067 386.0377985 390.4412097 382.7027805 394.1298907 404.8661548 389.143508 399.3310503 393.1790157 372.1096027 384.1407671 380.3499491 380.1808978 366.7772858 379.9080407 373.6703101 364.2819241 376.5216641 379.6001059 371.6806206 384.9938311 364.9012156 361.1158682 359.6670441 371.2470878 361.8403902 363.0800206 360.2709064 343.460757 352.0750289 345.4969739 254.0125536 0 0 0 0 0 0 0 0 0 0 0 0 
0 0 0 0 0 0 0 0 0 0 0 0 242.9357787 342.214769 341.9741802 340.9068691 351.5375347 334.9228954 325.8059641 358.8357729 346.2923221 352.6699545 346.3255755 331.2956986 364.0775122 358.3627074 362.1534485 356.3133397 374.6952814 379.0804292 356.3108696 380.3207278 379.8731182 379.4411677 383.1534842 376.5586308 381.6318339 383.575503 376.032043 395.8504453 384.6864654 391.2718296 396.5194249 375.8312898 393.1349491 386.5224409 390.6041415 386.9778812 388.595053 397.7106129 395.4351552 397.8917803 394.7283621 393.4608343 392.2033082 400.1309146 388.4518017 390.7704716 385.2067057 377.3125862 382.3856491 397.9685796 386.8791453 375.2657733 394.1470678 376.9172858 383.9602411 363.0899004 388.3577393 370.4687721 378.8542346 381.7793443 377.7363036 384.4676135 370.7866559 360.3388045 366.2313153 359.3700018 353.5508291 371.8820771 360.2992367 367.3609807 360.6603829 357.5839254 345.0226252 347.8345131 351.5731555 247.6716177 0 0 0 0 0 0 0 0 0 0 0 0 
0 0 0 0 0 0 0 0 0 0 0 0 240.8406694 324.404024 343.0269288 331.6720077 332.8051681 354.0973156 336.4338163 343.5990363 349.9954807 353.1272507 342.3050625 348.8080473 360.8566969 372.1351974 359.8503121 368.0030922 367.1415903 373.9734871 386.6835897 377.7650436 386.496067 383.7033583 378.8568726 384.4766065 387.487807 377.2106337 381.4023961 385.4597692 388.1368829 390.6303091 385.5846821 388.5225922 392.3849365 385.316552 384.453434 392.6138245 395.9516055 394.2325014 381.8119354 395.5433853 390.9963284 382.5624162 389.0914114 393.1151826 410.4920578 392.771924 391.8915027 395.1303907 390.851365 388.8119933 378.0698162 398.0449574 375.3486636 391.7852879 375.3050242 394.0739306 372.6829437 386.294004 382.1865945 372.933832 364.572858 376.4722544 374.749169 362.8239652 370.7279512 373.6125539 353.8483879 369.0766436 362.3310215 356.048585 352.4152932 346.9518201 346.3513817 352.9807986 361.2148098 239.5409134 0 0 0 0 0 0 0 0 0 0 0 0 
0 0 0 0 0 0 0 0 0 0 0 0 236.5237643 324.510566 348.2669194 338.9637728 336.4068398 340.599285 345.3610966 342.1445252 360.2162844 350.2062815 357.9198656 342.7370204 359.1072167 344.9963522 354.1093717 364.0597698 358.978587 372.0992936 365.0898799 381.4992201 376.7523107 372.0857613 375.9608884 375.4169855 379.1244736 387.8419519 386.4537853 400.1250026 384.3852875 380.3806599 391.258623 381.1837835 390.7404444 405.9029478 387.1127972 384.5134836 393.4247009 399.5393589 388.805775 398.2719124 399.9277861 387.9614985 390.9156136 399.5282329 389.1514385 391.7433716 381.7157914 385.6111713 389.7164941 385.051796 383.0096998 381.287781 376.6950116 389.2138135 381.3050582 381.725241 371.8369026 375.1728044 391.2012218 374.7229162 387.1911847 364.3119223 370.4635978 360.6253721 365.9902554 354.3585633 360.5282212 357.4349614 356.4494708 350.5139207 356.7465919 355.2506894 356.8731965 355.7802054 338.7266473 247.8706046 0 0 0 0 0 0 0 0 0 0 0 0 
0 0 0 0 0 0 0 0 0 0 0 0 237.5841633 344.5321607 324.0554056 335.0739926 321.4379701 338.5279281 356.1942765 354.7444997 349.3860971 361.4715168 366.8704461 350.1551361 349.6110951 362.2419256 365.6158782 355.5686513 372.3375174 375.6322832 364.8445307 369.3773493 380.4293831 381.2706698 377.4027484 380.3765144 384.4578162 379.3601584 386.2738462 379.0327923 397.6895275 393.2425847 386.7343903 380.155688 378.971444 396.8723935 395.1945195 388.5115485 392.7300999 382.4052098 377.3339719 383.3625668 399.602178 395.0387856 386.5718425 396.3265572 391.7841662 397.760932 395.6400438 388.0335859 402.8284432 387.6135176 385.9762323 381.5405543 385.4564191 388.5873276 391.7105679 382.6681213 375.8427974 379.9156499 366.9373373 376.0820286 366.9195681 373.574868 376.3007933 368.9209729 359.6694828 363.0560177 356.3960695 373.7369203 355.4726867 357.6396246 349.4403519 363.5634368 350.0597958 342.0595873 339.5922232 247.1221562 0 0 0 0 0 0 0 0 0 0 0 0 
0 0 0 0 0 0 0 0 0 0 0 0 232.2546233 327.7106181 334.3011381 342.8411947 340.6684635 340.9734998 339.535099 346.5626194 354.784507 351.648872 352.8659422 351.5835484 355.2521873 372.2784282 367.0642266 368.1429553 361.3385799 368.8568029 380.3096391 377.1890129 377.1435851 372.0716102 368.6526305 373.8957171 381.0129922 385.711108 391.0044943 385.8465892 383.6007334 384.3711928 391.2595423 380.4554231 388.9231427 398.8766656 399.7807005 392.2391136 387.85775 385.0958394 398.4191756 394.7633275 385.8633073 376.0462982 388.9182807 393.2422049 387.1221466 398.4892332 385.9106684 399.7032445 392.6562053 395.6382547 394.9454914 397.5694599 382.4270975 388.9615552 377.0216761 386.2344239 377.7038193 371.1050983 369.9114443 361.4051627 370.7112253 373.2348508 375.2816447 386.4085952 367.1302454 367.4190756 357.4588815 361.4865837 370.2463749 358.6815909 347.6612432 338.267715 355.6416861 343.547311 347.7694516 242.5555197 0 0 0 0 0 0 0 0 0 0 0 0 
0 0 0 0 0 0 0 0 0 0 0 0 222.775243 328.9675021 333.0328906 335.2092009 341.6635805 335.4149379 347.8522153 352.0189617 355.4188429 358.4642212 346.3252097 346.3609122 369.7659282 359.2740823 367.9157321 357.5917265 363.4841759 373.5496551 370.6000793 367.4455604 371.8513745 380.2384666 367.8710216 375.3983384 382.7571503 384.9880135 374.3690967 383.5492728 370.4471642 370.3624867 387.4219854 388.7039454 394.5870244 384.552481 385.3413671 388.1007968 395.6050589 381.7060723 391.3136536 384.3172287 396.99766 379.9816676 376.6084999 393.3341992 385.3694436 394.3011482 397.6029473 381.1899985 381.1798122 378.8103677 386.977863 380.8014151 389.028686 388.3736109 377.7188649 377.475733 378.5919365 392.1661959 384.7762715 379.2765431 376.4258596 361.7274798 362.0254836 363.6394716 373.4390196 358.0417826 359.5912307 355.8356013 354.7332968 360.8144832 360.6967014 351.7371006 365.0439008 350.8009992 340.5230632 239.4642687 0 0 0 0 0 0 0 0 0 0 0 0 
0 0 0 0 0 0 0 0 0 0 0 0 220.9404987 326.606306 330.3107928 333.1225084 346.1178259 343.8885745 338.7713156 345.3604393 353.8025387 352.8831634 360.493238 354.4055111 364.2870608 344.4356511 355.113652 356.9123937 350.5224555 355.1525311 364.7892523 365.5179983 369.5084453 359.5813423 375.4490369 372.4874346 369.9727201 386.4626412 375.15947 391.0656668 381.1014721 384.6339728 386.9522798 380.5259526 390.2075904 388.695279 381.511094 383.0214331 406.2631946 387.7567518 387.0384312 380.8594415 383.4722126 385.1230745 394.314945 392.3679459 387.1965275 388.503629 379.2755387 372.067366 391.7513364 390.7292813 388.7689694 377.7785026 371.2687565 380.9285119 375.365428 380.3450429 398.9182242 376.9484119 370.3670539 383.2000567 359.6943454 361.7930749 371.3030655 363.5087556 361.0930292 365.7529902 366.1479284 360.5553699 350.7983412 353.2343247 355.8801853 357.1888751 345.1368702 333.6131971 334.2234556 242.551874 0 0 0 0 0 0 0 0 0 0 0 0 
0 0 0 0 0 0 0 0 0 0 0 0 220.1145174 326.523352 331.1469131 331.3657968 333.8271949 353.244344 322.4047603 344.6672627 358.8421508 340.2765227 343.3322299 345.0260972 351.4710548 356.4889875 353.038618 366.6758965 356.4842503 368.820787 370.2000761 381.1752301 376.5734643 360.9735503 380.7007664 375.1303176 376.8371411 379.624471 381.9531939 382.8771806 379.9719991 394.7208058 382.4499215 385.9321057 387.9310788 380.5156776 379.6425547 378.0762131 399.4987285 392.7191138 384.8440641 385.252594 399.3770813 380.9921326 401.3702528 393.3558387 388.7032667 383.662738 402.4772525 381.7446619 377.008635 382.0019866 379.4825486 393.5050109 381.8142611 381.4589167 371.4735287 361.2950703 378.7123393 383.6127949 369.410566 374.21521 369.6964607 382.5735257 384.3287933 363.9509246 356.0621082 358.0080046 364.7351963 360.4931555 351.4299947 354.24914 346.3773135 345.9364319 346.5727304 352.2143825 351.8892987 245.4011958 0 0 0 0 0 0 0 0 0 0 0 0 
0 0 0 0 0 0 0 0 0 0 0 0 233.5044964 342.2154852 331.759084 335.0148535 331.4916156 338.9562711 332.0144174 335.5532168 350.0278662 350.5893224 344.5145171 358.0993014 346.4650036 351.3726533 351.4187957 371.9430355 371.8418096 368.5746739 371.4163976 373.0994429 377.1334884 365.8359818 365.7762358 364.8951345 374.6166581 368.0991214 375.4167069 376.3555622 383.8792742 382.0924757 391.0761646 386.4101654 370.1690914 377.7502566 373.2185285 389.7368835 370.8454516 382.8833303 386.6975309 382.8840382 388.733873 392.9722497 373.3418984 385.0872249 384.1005066 389.8604797 390.3480561 383.5162973 386.2270336 388.6989178 388.7904612 380.0166794 383.7505633 386.4877055 383.7550293 381.9767284 377.8214202 379.6736769 382.9405475 370.0707453 368.3922337 367.8231396 362.6255863 356.065226 354.1087341 353.8170086 361.534288 358.8777155 360.7749887 349.5888501 357.4949953 351.1022213 354.5038542 354.0732746 360.4966483 248.7367967 0 0 0 0 0 0 0 0 0 0 0 0 
0 0 0 0 0 0 0 0 0 0 0 0 234.3018469 320.1205386 323.9765858 347.5143715 338.7837836 344.3406004 328.6847516 341.3318626 358.4939874 346.5734851 337.1706368 361.087802 348.6577384 348.0969546 360.8689904 359.4302681 358.4492606 357.1637872 363.2692082 356.527644 367.5082728 379.2326392 370.2063576 371.6643611 376.6434901 381.1150859 375.2889807 386.6349987 388.8946387 384.9117366 379.4561447 379.5950058 373.457969 391.9460674 377.5745643 384.7433962 400.2295897 376.0247851 377.0243489 392.4184658 384.4687903 377.3888351 378.8144507 403.1221718 383.7710187 389.1149288 377.9754783 379.1640668 376.9771377 382.0890661 382.114284 390.887709 379.7788639 372.3841027 377.8538499 377.5616862 376.521133 380.6850577 360.6486463 364.56344 379.036139 354.3692412 374.9136604 359.2464703 356.6455356 372.2221777 360.6099075 349.4171047 355.4238189 336.0155565 343.3766357 356.5241873 349.1551773 346.8252394 331.4756912 244.0621514 0 0 0 0 0 0 0 0 0 0 0 0 
0 0 0 0 0 0 0 0 0 0 0 0 242.1490371 336.9088708 336.9854349 334.033617 321.0931759 335.5281307 347.6301101 340.2104641 355.086272 345.6358845 350.8356503 351.1866308 349.5709641 358.5810574 367.7113884 358.3771854 361.7735497 373.8636836 372.4442569 371.9913807 364.5093615 360.5700028 366.6300244 372.1087819 375.9885232 362.0699755 382.0099953 379.5149099 385.6732815 359.2818969 387.8322403 387.5558256 382.8736689 368.8708558 374.9723779 384.7790099 372.4584989 378.4927939 368.7834681 385.6187015 367.9478514 376.4981227 392.5135614 386.8874047 378.1672384 394.9177397 379.0859554 378.8832625 382.6471178 375.9321268 392.9367922 379.1584258 374.3826678 385.4261431 372.7964798 364.600148 368.0524207 366.8188442 369.9677221 371.8234376 366.2086229 372.6758995 357.6743057 363.1628548 356.7440772 365.4154676 347.9276585 349.0569752 370.1416268 342.2907963 359.8339358 347.372875 340.7539997 342.2445775 333.2354371 246.2487039 0 0 0 0 0 0 0 0 0 0 0 0 
0 0 0 0 0 0 0 0 0 0 0 0 243.4086078 322.3032729 327.4168411 335.9444472 333.4623104 329.1747493 334.8515581 338.159003 358.1682148 342.6999755 349.9309358 353.0978564 355.9090205 365.4147059 357.4218435 374.0821603 370.6673085 353.1839294 373.4948772 371.148936 367.8390577 368.5551178 371.6805776 383.2903279 369.1775719 377.1947898 376.3426151 378.8270616 378.3596663 379.6662057 379.1131547 381.3589084 380.1112218 381.9181495 389.1721779 386.8095895 378.9385978 377.6024587 373.8490081 380.8539093 382.1234518 379.1110797 389.7001594 377.0618463 371.8463063 387.8809907 370.0852649 395.1483435 385.2532263 377.9588975 374.3585192 386.3319017 377.8218304 386.213926 374.1346626 372.4528947 374.0525729 373.6062314 381.2227498 373.0299527 374.131417 373.9212327 377.5708957 375.1925998 359.1745249 365.3532951 353.6438529 357.1480717 351.5734522 362.3269411 352.6035445 348.2240758 349.5109558 337.5919502 340.0740912 234.1701721 0 0 0 0 0 0 0 0 0 0 0 0 
0 0 0 0 0 0 0 0 0 0 0 0 235.1960291 331.6119817 328.3995822 319.9520647 340.7734881 340.2156056 344.6363983 337.4781821 345.0540035 332.5961559 358.7257134 346.4973577 347.1658003 340.6415095 354.7215041 354.3111909 366.8809947 364.1069265 362.5222416 376.3103106 364.3495556 359.0982014 371.6129929 364.3121124 369.8968043 372.9705811 367.551 365.3950558 392.8708822 372.7020461 387.172222 379.0302605 387.3344626 382.4578754 368.7808339 382.9114305 393.6713459 374.2576872 387.7906028 394.6786459 390.2883442 367.3408503 372.607632 382.5294125 387.0812092 387.0566999 391.5162918 385.4952059 376.9846341 378.5141475 372.3483781 373.8943902 377.6526144 369.2551231 386.2472219 377.2897773 366.5833012 371.4671436 364.0350674 368.6158063 368.9423764 362.8293906 361.0337866 364.1753113 352.9448111 362.5400575 363.8976643 343.3127331 366.0533546 356.8912189 348.8302946 352.1923878 337.8325575 348.5525282 340.651474 245.1353304 0 0 0 0 0 0 0 0 0 0 0 0 
0 0 0 0 0 0 0 0 0 0 0 0 228.2644422 319.5384911 329.3726554 320.8231113 328.1758671 320.7147608 347.5418134 343.6712579 346.7413099 337.8227447 348.7466443 360.2992756 356.2985358 360.9542869 352.7281732 366.0233128 360.5989596 368.001694 378.8148577 364.1992976 362.4060183 366.6705963 365.7415614 360.9968972 359.2935503 367.3583608 375.8517091 380.6172936 373.4769994 385.7731094 388.3737786 374.1414805 372.827959 375.0257176 376.7750454 376.057692 378.9085754 372.5015671 378.8310849 376.2354106 384.3894353 376.2945362 381.0616522 370.32517 369.3452224 386.8499468 385.1102577 375.1153813 385.6702437 374.7985512 389.610471 373.3139882 380.037193 374.3002913 374.7995566 374.5345122 367.6817919 381.1501816 365.0952754 360.5572778 362.845925 364.8217564 365.5041833 360.5241116 366.7239351 357.1138098 346.8801834 339.8055877 339.9905933 346.4255244 344.9745613 338.6675014 340.5613525 336.4631324 334.8818332 230.8878445 0 0 0 0 0 0 0 0 0 0 0 0 
0 0 0 0 0 0 0 0 0 0 0 0 229.7688418 325.4769294 329.4533858 319.2565718 333.9450357 328.8182491 334.917845 328.0492373 350.0728013 339.1096231 351.5342864 345.0807367 350.1794587 347.3133886 340.6722924 364.4575939 358.4721034 369.0920683 371.0249604 367.8306283 359.4115089 371.0337626 356.8297005 377.0796306 369.4637851 371.0343592 379.5258565 372.4553813 374.1970468 370.0374805 375.4891446 367.6288451 379.5195357 372.792693 370.8797418 389.7024868 385.0728935 385.3639758 385.8507522 373.1658713 381.6956975 369.7219899 379.8212182 368.7680467 375.4750799 370.1735959 376.168492 375.0788831 377.2110333 378.2119797 373.7912225 366.0001772 374.1187117 364.8399194 366.3387452 367.6273345 370.7884 363.2823056 376.0653387 362.1037784 374.8247446 372.8216381 351.8059942 360.0713163 356.317775 333.7946089 344.6711164 358.7525112 353.6798331 347.0648065 347.5275455 345.0484148 337.2267361 344.8301418 325.9126854 228.2723253 0 0 0 0 0 0 0 0 0 0 0 0 
0 0 0 0 0 0 0 0 0 0 0 0 227.1122353 315.6334643 314.273387 321.4518288 341.3096549 334.3015332 335.7112047 327.049609 322.7137481 332.8257205 352.0457707 346.0510498 360.8895967 358.456672 353.9000532 347.8886007 347.2448273 351.8005549 361.0361219 350.5572918 350.2171949 368.7462132 376.3334778 351.4984668 376.753905 373.6214572 372.220544 372.589651 367.2962575 372.7783072 357.4242542 369.8890555 376.0713409 366.452856 378.0740272 380.4596546 387.9379378 385.8942747 385.1111793 377.0642082 387.6473722 381.0814476 383.6286762 374.1993597 388.8541296 395.50296 390.0751214 370.9737905 368.3422691 383.1238428 376.2174602 365.6560911 370.1109764 366.4021534 369.9362622 365.2123669 359.3633069 371.1505051 376.7211259 347.1482939 366.3734924 357.563998 360.7478082 348.4740418 367.6872625 343.0566042 341.7736569 351.2022796 343.1351999 361.9178191 332.1159606 346.7478722 342.26362 325.9380768 347.7957836 242.7824011 0 0 0 0 0 0 0 0 0 0 0 0 
0 0 0 0 0 0 0 0 0 0 0 0 233.4103219 320.4474412 326.8553408 331.3810037 334.689826 338.3265435 339.0402896 343.3789404 356.1202047 331.7516415 346.2539265 334.5388018 353.0374564 352.7852676 352.6031512 354.2093676 349.5511963 357.5259765 362.6728939 357.4451798 369.4505987 348.6847767 368.5890399 361.9097355 364.0920148 360.3914308 371.8436877 381.0744174 378.2342874 378.038225 371.2996387 364.1508652 370.0773757 377.5371957 383.6676341 379.8796324 373.3130363 359.2542533 374.4820949 376.9765258 381.4836044 378.9007803 378.7592671 383.7418039 373.6128606 375.3458253 369.5291285 380.2707503 365.7109199 378.5286878 379.5188159 358.1987092 376.6851902 379.9530691 373.2629521 364.8276276 369.8811276 366.9551416 377.7877554 362.9340255 349.2544335 362.4485505 364.6193351 360.1244189 348.5374857 345.6249783 360.2347659 354.771449 346.1444021 337.3261363 344.0368841 341.5938322 346.3201992 326.5056363 342.9968688 236.4078002 0 0 0 0 0 0 0 0 0 0 0 0 
0 0 0 0 0 0 0 0 0 0 0 0 231.2707002 329.5315071 331.5690171 338.7633051 323.8742148 323.5223448 329.9458576 334.6740812 334.1193435 328.1668704 344.7824367 339.8864193 350.8787358 346.4815764 355.2820247 341.2231977 346.8131555 352.0628254 355.1758811 372.1834703 361.1549518 368.6883632 361.593491 370.9564671 349.0000603 360.8814048 373.4772539 368.3015132 380.1816501 364.5862114 373.199993 356.8899692 369.2293215 368.5250829 383.3884276 367.2389228 380.8325412 366.925236 375.1681488 390.4008094 379.804364 371.573914 380.750091 357.0171147 371.5772276 371.3817137 368.9883334 375.0366176 357.4411497 377.1159654 364.8421526 376.3932592 369.5622564 380.4541629 376.7595487 372.7112952 375.231303 377.4036136 365.7887738 354.1981182 361.0497636 372.8549179 354.8308056 358.7100725 354.7224456 342.611679 360.638904 347.8051796 338.2338549 338.6280473 346.701352 336.3153323 329.9064271 328.3112565 333.2768981 232.8886171 0 0 0 0 0 0 0 0 0 0 0 0 
0 0 0 0 0 0 0 0 0 0 0 0 220.333765 328.8452524 322.4991709 318.1813833 326.5217713 333.4470134 334.7512311 340.5234542 320.6445747 331.6469287 342.9956992 343.3149952 351.1887692 347.6713377 359.6782395 357.8088324 351.8568887 362.7805387 353.3999045 360.6716589 366.4946077 346.7203001 373.9691815 361.951688 365.3716001 371.4973956 368.4948695 374.5794129 361.9429686 367.4579562 363.4251213 366.6276371 372.7994736 362.8891657 371.9695921 384.8816369 372.4199273 359.3004266 365.2051862 364.0331871 352.1734601 383.7157169 381.3937553 372.8486149 357.9887388 382.2686794 385.1424991 382.1908873 381.2712082 365.9501909 359.092795 368.465604 368.3292059 356.6877154 356.4228007 366.0871916 358.2989451 364.3805793 344.3577513 359.3698415 352.9161615 353.947215 344.6571479 351.0333426 357.4214865 351.7177954 342.4664135 345.1784506 351.7906397 341.3030041 345.2574529 334.2217627 334.6266801 337.8815227 333.3506171 228.1120959 0 0 0 0 0 0 0 0 0 0 0 0 
0 0 0 0 0 0 0 0 0 0 0 0 236.598218 328.6860161 313.8239246 320.9513516 327.4634372 318.6160252 328.03939 335.580748 332.6003715 335.7728901 339.0789105 343.3029571 338.0131955 342.779966 357.7803093 356.060603 358.3923103 349.5178981 345.9319069 352.0421013 366.5496644 351.3902034 362.428816 356.4375734 359.7794808 365.5437945 354.2650405 352.7628713 373.1760338 363.9449943 368.1839732 373.9586425 370.6418905 377.2072553 379.0505472 378.2914843 375.2992703 385.8251952 370.414439 367.3807701 370.6621616 374.6875318 379.1751443 366.4832641 377.9130142 371.2815819 377.5990915 376.9583325 367.7268042 366.3354503 368.8697112 372.1088308 367.185573 372.1183002 358.7618519 354.9523605 370.7914889 357.6185114 359.7073817 356.6935833 353.3078021 358.7475541 346.153067 345.3816968 351.0502606 349.7523944 340.4055931 352.1802281 350.6624104 348.3618022 344.1635733 332.0250259 335.2513023 338.7279353 322.9176991 232.4966255 0 0 0 0 0 0 0 0 0 0 0 0 
0 0 0 0 0 0 0 0 0 0 0 0 227.1222757 311.7598821 320.3480494 314.0121994 336.9402768 323.2452508 332.6117252 336.2549921 323.8963162 338.3762698 343.692738 345.0322198 345.5119484 349.7213204 346.7883223 349.9018577 351.7520892 354.1372459 343.3109718 366.1846237 356.474605 361.5167678 359.9405376 360.6033168 361.8302508 353.1015337 367.6660358 349.6930228 353.1484194 350.9173912 372.3213075 367.3543277 372.9168964 375.7837508 356.1572183 360.0031525 366.5722776 362.7007355 366.3116016 370.7081745 368.0157064 378.3221334 375.9647855 362.3798492 379.385143 369.1236789 382.2719507 362.0953996 371.9516441 366.4178081 375.0822465 355.4262963 357.1952036 351.4929899 360.781628 362.5251626 355.7445196 369.0636431 359.8606655 367.1278548 355.3767146 357.4548335 352.02458 334.3048366 341.0152795 344.5350397 341.5609598 347.2888774 353.9870137 342.8079995 340.2841472 336.6522613 338.5748127 331.6857435 334.7451841 233.2855617 0 0 0 0 0 0 0 0 0 0 0 0 
0 0 0 0 0 0 0 0 0 0 0 0 224.2410978 330.7598391 329.8003647 325.6548616 320.5191056 332.4821621 328.1485528 330.5614809 326.0434866 328.3846262 323.9389295 331.0922588 346.892604 341.2895612 336.8512076 347.3671298 338.1796277 348.0832109 346.3852093 336.165824 350.5166493 357.461604 352.6309189 355.7126514 353.924691 358.3996719 365.3223449 362.4553409 361.2377342 371.5230097 368.0988366 372.7214318 368.1365079 362.3572699 360.8572429 362.4781371 365.4756506 372.6592918 374.5216519 357.519211 374.4631565 373.5005586 357.4473579 383.2576305 358.051686 375.3665331 369.6207507 374.2434786 371.9921121 363.9001495 361.5557749 361.5377911 359.3004426 351.7899967 358.9501459 354.5533486 358.3135707 358.7339683 355.2071856 352.072794 352.8025153 342.6839716 356.2680275 345.6957938 348.7097445 348.4130036 353.3322315 351.8913308 340.0584173 337.6156032 352.5463216 338.401391 328.1197103 340.7968523 333.0407147 245.3474885 0 0 0 0 0 0 0 0 0 0 0 0 
0 0 0 0 0 0 0 0 0 0 0 0 213.2449188 327.7899873 315.4653856 316.3302872 321.8192203 320.7720705 327.7950326 316.1559925 333.9530788 326.8329306 327.6757625 332.281002 339.4443859 347.5776789 337.9700316 347.3852774 352.1211168 344.1821765 353.5330307 349.5348049 342.8037414 358.8786159 357.5724959 355.7048541 364.1381081 356.6186796 370.1190989 362.7248213 355.2836131 354.6451325 368.5012764 364.5505621 351.2218465 369.1678197 361.8138049 371.5740971 360.3557212 360.6273627 360.4824451 350.6115347 370.3747312 380.1874519 368.741158 374.2705966 358.3399464 360.8001689 374.3229808 363.4954231 356.2471491 357.9184051 360.6821406 363.9329119 351.4420488 353.1556043 371.6140897 367.9648807 354.3265295 360.8868113 367.6489245 345.384777 339.2300691 357.6299024 347.6024404 335.2888235 338.9248467 338.6689548 334.017795 329.3531253 322.5594579 326.1490089 327.4856563 340.8583577 328.2464528 331.0534911 338.9899047 228.5193707 0 0 0 0 0 0 0 0 0 0 0 0 
0 0 0 0 0 0 0 0 0 0 0 0 233.0816741 310.4124076 325.3435043 329.6922978 318.2178387 329.6386505 319.8106351 322.0608717 323.7219879 332.3765228 335.4645399 333.3543454 332.9475381 341.288637 339.045332 346.9415045 343.226816 343.8988467 346.0228348 344.7906038 354.1514975 350.5456095 362.2924937 348.2678397 353.0459025 344.9252647 371.3083823 370.164817 374.0917911 361.1333869 367.1826546 369.1762146 354.7889599 354.8860853 366.4359138 360.964413 368.7871364 368.7308434 366.0265084 377.6456059 356.1305845 380.9174852 373.9831372 351.7099848 371.4780992 355.783243 370.0873849 369.3354828 379.1413598 369.6667757 375.7457048 369.838831 358.8673968 363.6573303 376.3576503 354.5992157 366.041323 336.6620445 362.0708036 356.9193136 347.733681 359.106955 330.5180112 356.6715003 332.8313642 339.3512672 326.7733994 336.9444375 333.1638335 332.7176579 351.06672 325.6944931 326.2994112 335.6184544 327.0432049 230.8641692 0 0 0 0 0 0 0 0 0 0 0 0 
0 0 0 0 0 0 0 0 0 0 0 0 216.1604043 308.2964109 320.361661 313.7107487 310.9238395 317.4836351 321.754244 317.3441637 324.4636017 335.1864742 330.2291282 334.3096636 344.3862886 335.7162542 337.9302568 333.049887 345.5078072 340.3728171 341.7757525 360.0456033 358.8374155 355.3353742 355.2631978 354.483561 350.2792939 361.352781 358.7872355 354.1755807 355.7358662 356.7347392 366.7530431 350.6866742 357.7254323 363.9590357 362.9175723 353.4869213 349.697063 359.9449014 369.8353424 367.4141047 374.5912874 365.3949203 370.5534596 352.4398175 370.3758629 356.3340635 359.983014 380.8790925 364.1433961 355.619189 357.4173316 360.438702 368.814787 359.7687482 366.4992663 362.5441938 363.8900584 342.6727633 347.9046459 353.8481265 345.3626599 352.0350312 355.8698096 340.944514 338.9030734 354.2011511 340.7466201 345.0169245 332.7599231 342.6732226 323.4471249 331.5251772 319.3130408 322.1517326 328.0731879 223.6914822 0 0 0 0 0 0 0 0 0 0 0 0 
0 0 0 0 0 0 0 0 0 0 0 0 222.7140797 304.4828255 316.7274776 310.9541392 311.7233283 324.2509968 329.2275603 315.7859057 318.0695366 308.9009518 324.6796904 331.3899498 327.8978961 339.9222577 336.7767716 351.5998985 341.2890421 349.8875298 354.6923552 336.8277362 345.7703815 349.9266166 351.9968518 354.0291114 350.4781269 356.8547425 351.8718239 354.0358961 356.7109143 345.4539694 352.0819248 357.3255358 350.6327573 361.5394604 374.4591077 363.6169793 355.1199777 365.3759804 361.5508243 355.0340631 347.4822204 353.1710607 356.2769539 361.3141351 359.7949548 356.665947 353.0744197 358.3126416 376.8741138 356.39748 350.8664539 353.0977597 370.3559833 346.6226427 344.1807798 364.4352123 351.1574289 338.518911 351.2785083 353.9747937 352.2072585 342.949804 346.2244858 349.9231736 344.135843 337.6283741 345.7935809 321.7799623 342.9763675 327.1771709 343.2204183 329.2460441 321.2538656 324.1759238 313.1459435 236.0665777 0 0 0 0 0 0 0 0 0 0 0 0 
0 0 0 0 0 0 0 0 0 0 0 0 214.4540869 313.8837792 307.7516277 324.3386696 312.4685558 320.0813533 329.1149723 325.8742253 313.7427714 332.7034326 328.1138634 323.9992107 334.0805153 331.4457627 323.818357 335.8422809 335.2413504 347.8127021 349.2751886 334.4915145 338.1467419 345.1084908 359.7770785 346.575364 350.1471011 365.1047455 350.8655718 367.0125048 352.0248868 364.8429252 362.1802138 359.577193 358.7757735 370.3939224 344.3395837 355.4583499 357.7562133 368.8334892 355.5719089 361.7791978 348.1509898 365.018353 363.1382681 360.6324757 363.9306189 356.5866593 351.7816713 359.7099368 353.741811 347.5770551 351.2517486 339.5516099 352.6098762 350.7162869 352.0534958 342.6654287 360.2856494 350.3472737 348.1048372 344.3347763 340.6923668 342.4726442 330.4492608 337.6557452 347.7676349 349.8074921 330.0908721 330.0361063 326.3590457 333.5418841 329.0981765 324.1201692 328.595542 312.0928399 307.2163143 240.8071278 0 0 0 0 0 0 0 0 0 0 0 0 
0 0 0 0 0 0 0 0 0 0 0 0 213.2591058 306.378766 293.6883652 310.6707363 321.3027657 315.7734817 318.0372531 328.170127 312.3628452 326.25624 324.1400341 340.4143962 323.2604675 323.6011614 336.6445779 333.7149614 338.138276 342.7945232 347.9481238 331.607551 339.3091198 339.3853209 339.4895976 343.144344 348.5536447 350.7335344 347.8638828 348.8811184 348.5968822 345.5384327 362.147381 355.9158748 351.4345891 348.2848615 358.5258743 343.4606702 365.5288578 356.9625766 364.9722571 348.1500704 348.5339206 358.3378659 350.5095026 353.0393149 366.3567198 359.4821158 367.6011489 349.8972771 349.2575995 348.272035 359.8367347 353.1902232 346.806675 352.9502181 346.0392501 347.324679 345.8935297 352.4655937 345.1320463 344.5580295 346.6400782 341.7406095 343.380681 331.0716298 334.170039 340.403095 330.2979063 343.5989177 331.9082091 335.5249121 337.2421313 322.1679715 322.3696249 326.7572644 317.3598754 213.1208098 0 0 0 0 0 0 0 0 0 0 0 0 
0 0 0 0 0 0 0 0 0 0 0 0 223.6142165 299.176658 307.9287115 307.8687503 305.4387571 313.8849774 306.0006413 313.0839056 329.4068595 315.228086 323.3040343 320.6873104 320.6379309 326.7337656 344.2082256 327.8030753 335.8930523 328.9905764 340.398789 323.684508 346.0053213 354.9965136 339.769876 345.7171258 348.8547983 356.496907 351.2847321 354.2261792 347.9373173 346.0463014 344.4885258 355.0671189 355.9495947 338.5688427 362.9425512 353.8518637 357.104819 361.8631716 357.1134037 361.742694 348.6704418 347.7940633 360.7364388 362.6148261 353.7020706 372.8603827 369.3541902 356.2937973 352.0072809 352.061616 345.9753642 343.1984699 352.8408038 353.3082413 353.7092702 353.9010532 352.1101548 355.6006074 341.4812059 342.2786948 347.0981648 349.1498787 337.2764587 337.2409356 337.301987 332.0840298 323.3804038 332.4943446 327.2378015 322.3389436 327.9277692 317.7393637 312.557868 326.9808198 299.3914299 226.0283713 0 0 0 0 0 0 0 0 0 0 0 0 
0 0 0 0 0 0 0 0 0 0 0 0 214.6514693 302.6172283 298.6086572 298.6871758 307.1056049 311.2519353 314.6057086 317.4080063 320.4171632 321.9073753 324.1073656 319.576499 332.6519985 328.5290767 336.2895167 344.3354683 335.0773945 333.5759061 327.9089771 335.4852097 341.7215038 333.4842841 336.2217784 329.2266054 356.6348898 347.0796558 339.1847344 332.8262483 350.7662928 354.8685373 352.2190966 350.9832025 351.6036027 341.3090559 345.0813116 344.8116718 365.1988893 346.1240876 343.6564391 356.7927193 343.7380788 344.2075627 339.668405 358.5237791 356.6513473 358.1204834 340.1981997 352.208776 348.3651716 363.3361332 355.6234783 359.3718853 353.2706135 344.1809184 346.47136 342.5421563 354.6939906 342.9401671 346.9838649 331.3231821 338.1247105 330.8672145 348.139168 335.2975571 338.0402993 325.2897355 319.2388528 340.7913523 331.1087468 341.4445906 316.3768664 308.9156523 315.9414507 311.6567812 324.3402984 216.2571838 0 0 0 0 0 0 0 0 0 0 0 0 
0 0 0 0 0 0 0 0 0 0 0 0 199.4983868 313.3299779 296.4548397 303.4026939 301.6275645 298.9573488 308.185419 309.1446385 314.2395261 314.9440242 318.7794168 320.7564866 320.2423835 326.5576856 320.5524006 333.019228 341.7903414 332.4074934 335.7647711 336.7369428 335.7674321 352.0414238 345.410486 334.7406999 326.3351534 344.4001997 350.5915631 349.3394721 352.3033636 352.5040952 343.1077245 358.1000244 341.6885775 351.1812517 357.0814178 364.2077639 362.5932245 365.8813166 350.4179081 357.7281611 356.1300666 348.7103141 354.4454505 356.2495202 375.8051536 341.8881144 337.641464 348.5818145 360.0112172 340.3738555 340.9840716 347.0007388 357.7114073 335.4489226 354.837555 339.492302 345.3603655 332.1677712 343.8631013 338.574762 340.3911227 332.9267013 334.2588978 347.2230351 323.612369 336.3648811 341.0861346 315.0184827 328.203993 316.6670929 325.0120554 323.6882522 326.0916436 322.6795207 314.5299315 224.312012 0 0 0 0 0 0 0 0 0 0 0 0 
0 0 0 0 0 0 0 0 0 0 0 0 152.3466207 205.0309477 214.1699108 224.0071244 203.1417156 197.4762366 219.9162134 225.8867571 222.7417456 226.2891929 228.2225094 231.2409219 225.0479136 217.2663174 220.4181958 245.0921843 224.5333467 232.1323105 228.6444661 241.7183861 245.5677805 243.3771779 241.1925583 236.916126 248.3901716 240.4887619 239.1587815 247.4726384 252.8122181 248.5297851 246.8598662 246.2721031 248.1481962 241.5221348 244.5285681 244.3145016 246.4864281 243.2457903 243.7089675 259.3428071 253.8784768 243.073424 241.4695473 241.8105859 236.8632521 249.9184602 235.7524869 247.3335796 253.5236417 245.3398938 248.6733339 247.7693856 254.0600678 243.3997642 264.2427806 251.6059389 245.2610494 234.2858017 243.0566327 221.1647448 230.7521709 233.4482812 234.9882894 228.6907462 241.8140902 225.619128 233.342888 211.2909973 228.4303104 221.5804847 230.6377263 219.7719215 225.5762922 223.1957804 227.8470591 165.1179639 0 0 0 0 0 0 0 0 0 0 0 0 
0 0 0 0 0 0 0 0 0 0 0 0 0 0 0 0 0 0 0 0 0 0 0 0 0 0 0 0 0 0 0 0 0 0 0 0 0 0 0 0 0 0 0 0 0 0 0 0 0 0 0 0 0 0 0 0 0 0 0 0 0 0 0 0 0 0 0 0 0 0 0 0 0 0 0 0 0 0 0 0 0 0 0 0 0 0 0 0 0 0 0 0 0 0 0 0 0 0 0 0 
0 0 0 0 0 0 0 0 0 0 0 0 0 0 0 0 0 0 0 0 0 0 0 0 0 0 0 0 0 0 0 0 0 0 0 0 0 0 0 0 0 0 0 0 0 0 0 0 0 0 0 0 0 0 0 0 0 0 0 0 0 0 0 0 0 0 0 0 0 0 0 0 0 0 0 0 0 0 0 0 0 0 0 0 0 0 0 0 0 0 0 0 0 0 0 0 0 0 0 0 
0 0 0 0 0 0 0 0 0 0 0 0 0 0 0 0 0 0 0 0 0 0 0 0 0 0 0 0 0 0 0 0 0 0 0 0 0 0 0 0 0 0 0 0 0 0 0 0 0 0 0 0 0 0 0 0 0 0 0 0 0 0 0 0 0 0 0 0 0 0 0 0 0 0 0 0 0 0 0 0 0 0 0 0 0 0 0 0 0 0 0 0 0 0 0 0 0 0 0 0 
0 0 0 0 0 0 0 0 0 0 0 0 0 0 0 0 0 0 0 0 0 0 0 0 0 0 0 0 0 0 0 0 0 0 0 0 0 0 0 0 0 0 0 0 0 0 0 0 0 0 0 0 0 0 0 0 0 0 0 0 0 0 0 0 0 0 0 0 0 0 0 0 0 0 0 0 0 0 0 0 0 0 0 0 0 0 0 0 0 0 0 0 0 0 0 0 0 0 0 0 
0 0 0 0 0 0 0 0 0 0 0 0 0 0 0 0 0 0 0 0 0 0 0 0 0 0 0 0 0 0 0 0 0 0 0 0 0 0 0 0 0 0 0 0 0 0 0 0 0 0 0 0 0 0 0 0 0 0 0 0 0 0 0 0 0 0 0 0 0 0 0 0 0 0 0 0 0 0 0 0 0 0 0 0 0 0 0 0 0 0 0 0 0 0 0 0 0 0 0 0 
0 0 0 0 0 0 0 0 0 0 0 0 0 0 0 0 0 0 0 0 0 0 0 0 0 0 0 0 0 0 0 0 0 0 0 0 0 0 0 0 0 0 0 0 0 0 0 0 0 0 0 0 0 0 0 0 0 0 0 0 0 0 0 0 0 0 0 0 0 0 0 0 0 0 0 0 0 0 0 0 0 0 0 0 0 0 0 0 0 0 0 0 0 0 0 0 0 0 0 0 
0 0 0 0 0 0 0 0 0 0 0 0 0 0 0 0 0 0 0 0 0 0 0 0 0 0 0 0 0 0 0 0 0 0 0 0 0 0 0 0 0 0 0 0 0 0 0 0 0 0 0 0 0 0 0 0 0 0 0 0 0 0 0 0 0 0 0 0 0 0 0 0 0 0 0 0 0 0 0 0 0 0 0 0 0 0 0 0 0 0 0 0 0 0 0 0 0 0 0 0 
0 0 0 0 0 0 0 0 0 0 0 0 0 0 0 0 0 0 0 0 0 0 0 0 0 0 0 0 0 0 0 0 0 0 0 0 0 0 0 0 0 0 0 0 0 0 0 0 0 0 0 0 0 0 0 0 0 0 0 0 0 0 0 0 0 0 0 0 0 0 0 0 0 0 0 0 0 0 0 0 0 0 0 0 0 0 0 0 0 0 0 0 0 0 0 0 0 0 0 0 
0 0 0 0 0 0 0 0 0 0 0 0 0 0 0 0 0 0 0 0 0 0 0 0 0 0 0 0 0 0 0 0 0 0 0 0 0 0 0 0 0 0 0 0 0 0 0 0 0 0 0 0 0 0 0 0 0 0 0 0 0 0 0 0 0 0 0 0 0 0 0 0 0 0 0 0 0 0 0 0 0 0 0 0 0 0 0 0 0 0 0 0 0 0 0 0 0 0 0 0 
0 0 0 0 0 0 0 0 0 0 0 0 0 0 0 0 0 0 0 0 0 0 0 0 0 0 0 0 0 0 0 0 0 0 0 0 0 0 0 0 0 0 0 0 0 0 0 0 0 0 0 0 0 0 0 0 0 0 0 0 0 0 0 0 0 0 0 0 0 0 0 0 0 0 0 0 0 0 0 0 0 0 0 0 0 0 0 0 0 0 0 0 0 0 0 0 0 0 0 0 
0 0 0 0 0 0 0 0 0 0 0 0 0 0 0 0 0 0 0 0 0 0 0 0 0 0 0 0 0 0 0 0 0 0 0 0 0 0 0 0 0 0 0 0 0 0 0 0 0 0 0 0 0 0 0 0 0 0 0 0 0 0 0 0 0 0 0 0 0 0 0 0 0 0 0 0 0 0 0 0 0 0 0 0 0 0 0 0 0 0 0 0 0 0 0 0 0 0 0 0 
0 0 0 0 0 0 0 0 0 0 0 0 0 0 0 0 0 0 0 0 0 0 0 0 0 0 0 0 0 0 0 0 0 0 0 0 0 0 0 0 0 0 0 0 0 0 0 0 0 0 0 0 0 0 0 0 0 0 0 0 0 0 0 0 0 0 0 0 0 0 0 0 0 0 0 0 0 0 0 0 0 0 0 0 0 0 0 0 0 0 0 0 0 0 0 0 0 0 0 0 
# Events [SlitMonitor/SlitMonitor.dat] N:
0 0 0 0 0 0 0 0 0 0 0 0 0 0 0 0 0 0 0 0 0 0 0 0 0 0 0 0 0 0 0 0 0 0 0 0 0 0 0 0 0 0 0 0 0 0 0 0 0 0 0 0 0 0 0 0 0 0 0 0 0 0 0 0 0 0 0 0 0 0 0 0 0 0 0 0 0 0 0 0 0 0 0 0 0 0 0 0 0 0 0 0 0 0 0 0 0 0 0 0 
0 0 0 0 0 0 0 0 0 0 0 0 0 0 0 0 0 0 0 0 0 0 0 0 0 0 0 0 0 0 0 0 0 0 0 0 0 0 0 0 0 0 0 0 0 0 0 0 0 0 0 0 0 0 0 0 0 0 0 0 0 0 0 0 0 0 0 0 0 0 0 0 0 0 0 0 0 0 0 0 0 0 0 0 0 0 0 0 0 0 0 0 0 0 0 0 0 0 0 0 
0 0 0 0 0 0 0 0 0 0 0 0 0 0 0 0 0 0 0 0 0 0 0 0 0 0 0 0 0 0 0 0 0 0 0 0 0 0 0 0 0 0 0 0 0 0 0 0 0 0 0 0 0 0 0 0 0 0 0 0 0 0 0 0 0 0 0 0 0 0 0 0 0 0 0 0 0 0 0 0 0 0 0 0 0 0 0 0 0 0 0 0 0 0 0 0 0 0 0 0 
0 0 0 0 0 0 0 0 0 0 0 0 0 0 0 0 0 0 0 0 0 0 0 0 0 0 0 0 0 0 0 0 0 0 0 0 0 0 0 0 0 0 0 0 0 0 0 0 0 0 0 0 0 0 0 0 0 0 0 0 0 0 0 0 0 0 0 0 0 0 0 0 0 0 0 0 0 0 0 0 0 0 0 0 0 0 0 0 0 0 0 0 0 0 0 0 0 0 0 0 
0 0 0 0 0 0 0 0 0 0 0 0 0 0 0 0 0 0 0 0 0 0 0 0 0 0 0 0 0 0 0 0 0 0 0 0 0 0 0 0 0 0 0 0 0 0 0 0 0 0 0 0 0 0 0 0 0 0 0 0 0 0 0 0 0 0 0 0 0 0 0 0 0 0 0 0 0 0 0 0 0 0 0 0 0 0 0 0 0 0 0 0 0 0 0 0 0 0 0 0 
0 0 0 0 0 0 0 0 0 0 0 0 0 0 0 0 0 0 0 0 0 0 0 0 0 0 0 0 0 0 0 0 0 0 0 0 0 0 0 0 0 0 0 0 0 0 0 0 0 0 0 0 0 0 0 0 0 0 0 0 0 0 0 0 0 0 0 0 0 0 0 0 0 0 0 0 0 0 0 0 0 0 0 0 0 0 0 0 0 0 0 0 0 0 0 0 0 0 0 0 
0 0 0 0 0 0 0 0 0 0 0 0 0 0 0 0 0 0 0 0 0 0 0 0 0 0 0 0 0 0 0 0 0 0 0 0 0 0 0 0 0 0 0 0 0 0 0 0 0 0 0 0 0 0 0 0 0 0 0 0 0 0 0 0 0 0 0 0 0 0 0 0 0 0 0 0 0 0 0 0 0 0 0 0 0 0 0 0 0 0 0 0 0 0 0 0 0 0 0 0 
0 0 0 0 0 0 0 0 0 0 0 0 0 0 0 0 0 0 0 0 0 0 0 0 0 0 0 0 0 0 0 0 0 0 0 0 0 0 0 0 0 0 0 0 0 0 0 0 0 0 0 0 0 0 0 0 0 0 0 0 0 0 0 0 0 0 0 0 0 0 0 0 0 0 0 0 0 0 0 0 0 0 0 0 0 0 0 0 0 0 0 0 0 0 0 0 0 0 0 0 
0 0 0 0 0 0 0 0 0 0 0 0 0 0 0 0 0 0 0 0 0 0 0 0 0 0 0 0 0 0 0 0 0 0 0 0 0 0 0 0 0 0 0 0 0 0 0 0 0 0 0 0 0 0 0 0 0 0 0 0 0 0 0 0 0 0 0 0 0 0 0 0 0 0 0 0 0 0 0 0 0 0 0 0 0 0 0 0 0 0 0 0 0 0 0 0 0 0 0 0 
0 0 0 0 0 0 0 0 0 0 0 0 0 0 0 0 0 0 0 0 0 0 0 0 0 0 0 0 0 0 0 0 0 0 0 0 0 0 0 0 0 0 0 0 0 0 0 0 0 0 0 0 0 0 0 0 0 0 0 0 0 0 0 0 0 0 0 0 0 0 0 0 0 0 0 0 0 0 0 0 0 0 0 0 0 0 0 0 0 0 0 0 0 0 0 0 0 0 0 0 
0 0 0 0 0 0 0 0 0 0 0 0 0 0 0 0 0 0 0 0 0 0 0 0 0 0 0 0 0 0 0 0 0 0 0 0 0 0 0 0 0 0 0 0 0 0 0 0 0 0 0 0 0 0 0 0 0 0 0 0 0 0 0 0 0 0 0 0 0 0 0 0 0 0 0 0 0 0 0 0 0 0 0 0 0 0 0 0 0 0 0 0 0 0 0 0 0 0 0 0 
0 0 0 0 0 0 0 0 0 0 0 0 0 0 0 0 0 0 0 0 0 0 0 0 0 0 0 0 0 0 0 0 0 0 0 0 0 0 0 0 0 0 0 0 0 0 0 0 0 0 0 0 0 0 0 0 0 0 0 0 0 0 0 0 0 0 0 0 0 0 0 0 0 0 0 0 0 0 0 0 0 0 0 0 0 0 0 0 0 0 0 0 0 0 0 0 0 0 0 0 
0 0 0 0 0 0 0 0 0 0 0 0 229 430 446 411 420 431 449 451 465 470 448 487 466 484 486 499 475 511 518 512 521 496 481 536 481 544 531 538 531 533 568 537 489 535 548 534 542 530 513 481 514 579 509 485 520 538 517 530 541 530 495 496 487 489 464 477 508 476 477 504 505 470 451 477 517 457 457 447 453 487 455 443 438 394 408 213 0 0 0 0 0 0 0 0 0 0 0 0 
0 0 0 0 0 0 0 0 0 0 0 0 415 871 875 912 931 881 895 885 935 922 929 922 914 982 985 972 974 1033 997 1014 998 990 971 984 1064 997 1067 1041 1026 1086 1086 1087 1051 1072 1107 1114 1105 1097 1053 1094 1013 1096 1064 1092 1108 1058 1109 1094 1093 1004 1057 1048 1049 1041 1017 1084 1008 1008 1020 991 1011 975 917 962 930 956 931 887 889 897 866 902 857 811 866 424 0 0 0 0 0 0 0 0 0 0 0 0 
0 0 0 0 0 0 0 0 0 0 0 0 422 844 851 840 889 882 900 926 941 927 977 947 903 995 964 991 981 991 1006 1042 1035 1011 997 1038 1068 1036 1022 1065 1087 1006 982 1051 1077 1081 1112 1044 1119 1061 1028 1064 1098 1068 1032 1021 1082 1065 1101 1055 1085 1048 1024 1009 1053 1067 1013 1005 1055 987 1000 1001 942 1038 950 949 954 946 972 929 850 909 895 826 857 867 857 419 0 0 0 0 0 0 0 0 0 0 0 0 
0 0 0 0 0 0 0 0 0 0 0 0 418 839 820 865 902 919 916 899 892 885 966 995 979 1014 909 932 1045 1026 1035 1012 1034 1033 976 1092 1088 1004 1121 1101 1069 1065 1123 1069 1118 1130 1046 1098 1093 1110 1088 1054 1029 1048 1094 1065 1082 994 1109 1057 1098 1066 1039 1059 1061 1033 992 1026 988 957 980 984 929 916 968 966 911 952 974 908 944 906 907 888 871 904 853 433 0 0 0 0 0 0 0 0 0 0 0 0 
0 0 0 0 0 0 0 0 0 0 0 0 421 842 870 905 812 891 941 867 972 938 968 989 982 997 1015 1035 1001 1068 1022 1071 1057 1108 1023 1044 1077 1062 1134 1134 1068 1087 1069 1111 1126 1081 1095 1071 1111 1063 1107 1103 1122 1045 1036 1116 1105 1083 1028 1029 1058 1075 1102 1103 1033 1023 1025 1054 1056 944 1036 1046 1029 977 972 957 932 958 959 895 956 888 867 894 904 865 822 441 0 0 0 0 0 0 0 0 0 0 0 0 
0 0 0 0 0 0 0 0 0 0 0 0 450 871 914 894 924 906 959 943 961 973 979 1020 937 939 1038 1021 1050 985 1093 1045 1008 1075 1063 1033 1082 1080 1063 1037 1110 1086 1075 1155 1128 1097 1052 1087 1072 1177 1097 1134 1045 1177 1096 1130 1115 1153 1068 1060 1110 1029 1086 1095 1070 1055 1034 1011 1061 1014 958 977 1017 979 940 1025 1004 1004 957 913 961 929 926 957 890 877 855 409 0 0 0 0 0 0 0 0 0 0 0 0 
0 0 0 0 0 0 0 0 0 0 0 0 429 886 857 950 919 922 964 904 972 973 1038 990 982 985 1048 1019 1007 1071 1075 1036 1016 1090 1014 1065 1066 1074 1024 1100 1054 1105 1076 1089 1037 1115 1107 1135 1132 1130 1135 1105 1100 1115 1102 1127 1125 1059 1113 1135 1108 1107 1123 1153 1112 1106 1031 1016 1117 1021 1043 1037 1007 1016 1011 959 983 1000 963 958 948 916 950 870 880 894 942 443 0 0 0 0 0 0 0 0 0 0 0 0 
0 0 0 0 0 0 0 0 0 0 0 0 417 865 903 940 908 994 951 934 924 983 903 989 958 1007 1007 1054 1086 1108 1047 1043 1066 1026 1110 1051 1111 1111 1092 1116 1144 1093 1126 1095 1138 1104 1086 1107 1118 1107 1151 1088 1106 1121 1107 1104 1154 1095 1120 1149 1122 1058 1082 1044 1030 1033 1097 1078 1060 1027 1070 1025 1083 1055 996 1002 964 980 967 905 979 936 971 894 897 909 888 400 0 0 0 0 0 0 0 0 0 0 0 0 
0 0 0 0 0 0 0 0 0 0 0 0 416 923 884 908 932 899 956 923 931 962 1000 1032 1061 1024 1018 1072 1049 1043 1017 1027 1090 1101 1061 1048 1129 1066 1111 1130 1118 1088 1140 1116 1141 1119 1099 1122 1083 1169 1135 1152 1125 1157 1120 1138 1102 1121 1114 1099 1101 1058 1129 1041 983 1094 1070 1029 1021 1062 1058 1029 1049 1003 1020 1072 980 976 988 958 946 969 938 909 886 926 922 474 0 0 0 0 0 0 0 0 0 0 0 0 
0 0 0 0 0 0 0 0 0 0 0 0 418 867 905 907 946 994 963 940 1009 942 949 1024 1069 1004 1029 1064 966 1034 1042 1061 1081 1041 1113 1113 1060 1101 1126 1213 1160 1105 1112 1077 1139 1110 1097 1151 1162 1167 1115 1152 1141 1161 1132 1176 1153 1125 1076 1132 1126 1090 1075 1142 1091 1098 1079 1057 1047 1050 1090 1028 1088 1076 1055 998 1007 995 961 980 964 919 977 942 928 907 899 426 0 0 0 0 0 0 0 0 0 0 0 0 
0 0 0 0 0 0 0 0 0 0 0 0 442 862 914 905 866 899 969 1012 982 1046 957 1036 1016 1014 1006 1041 1073 1073 1066 1046 1018 1083 1101 1070 1105 1119 1215 1126 1146 1084 1164 1193 1108 1183 1078 1178 1165 1193 1124 1117 1144 1177 1152 1136 1144 1140 984 1145 1118 1080 1113 1121 1099 1119 1101 1014 1101 989 1078 1075 1020 1041 1021 986 1004 961 1019 1053 977 910 934 958 974 894 892 432 0 0 0 0 0 0 0 0 0 0 0 0 
0 0 0 0 0 0 0 0 0 0 0 0 425 897 943 928 969 945 968 973 1016 980 1022 1031 1051 1037 1023 1071 1088 1048 1098 1107 1053 1137 1087 1163 1111 1070 1095 1131 1145 1168 1124 1160 1162 1183 1127 1179 1185 1178 1188 1140 1172 1151 1140 1111 1129 1132 1218 1136 1208 1146 1120 1059 1118 1121 1126 1025 1091 1070 1027 1055 1024 1014 1001 1068 998 1032 971 960 1016 932 953 951 866 919 842 441 0 0 0 0 0 0 0 0 0 0 0 0 
0 0 0 0 0 0 0 0 0 0 0 0 415 914 886 939 956 985 990 990 994 1004 966 1060 1054 1014 1040 1033 1119 1047 1084 1085 1126 1145 1072 1129 1121 1147 1162 1110 1117 1155 1114 1084 1199 1102 1143 1187 1144 1111 1166 1146 1221 1107 1134 1153 1183 1174 1175 1143 1152 1131 1131 1123 1080 1122 1119 1101 1047 1092 1011 1014 1044 959 1032 1026 1028 998 992 981 979 854 922 938 941 897 950 452 0 0 0 0 0 0 0 0 0 0 0 0 
0 0 0 0 0 0 0 0 0 0 0 0 444 905 900 886 980 996 944 998 974 1029 1009 1036 1025 1104 1000 1012 1071 1069 1085 1088 1182 1122 1100 1114 1135 1122 1052 1159 1182 1229 1160 1115 1185 1191 1143 1117 1109 1139 1215 1141 1171 1189 1176 1184 1217 1156 1130 1139 1168 1108 1085 1149 1103 1056 1125 1104 1059 1110 1107 1083 1083 1059 1059 1024 1066 959 990 1000 940 1019 936 965 933 907 922 498 0 0 0 0 0 0 0 0 0 0 0 0 
0 0 0 0 0 0 0 0 0 0 0 0 479 914 875 934 964 956 1008 1009 976 989 1001 988 1125 1062 1001 1078 1076 1084 1050 1121 1039 1127 1194 1096 1138 1165 1185 1122 1180 1151 1215 1166 1162 1217 1164 1205 1186 1168 1163 1222 1208 1194 1136 1196 1139 1162 1187 1094 1145 1126 1181 1104 1121 1124 1111 1074 1106 1138 1064 1091 1049 1138 1048 1054 1030 1018 989 975 995 999 955 934 907 884 959 448 0 0 0 0 0 0 0 0 0 0 0 0 
0 0 0 0 0 0 0 0 0 0 0 0 452 946 885 970 995 990 1012 999 967 968 1008 1005 1083 1070 1095 1082 1137 1100 1182 1163 1128 1101 1154 1130 1194 1142 1175 1179 1139 1175 1146 1204 1171 1176 1199 1177 1159 1156 1212 1095 1164 1157 1247 1103 1126 1145 1164 1196 1122 1223 1113 1015 1158 1104 1100 1134 1085 1051 1135 1106 1081 1008 1031 1013 1034 1030 937 1018 938 1053 994 938 987 887 920 465 0 0 0 0 0 0 0 0 0 0 0 0 
0 0 0 0 0 0 0 0 0 0 0 0 474 925 972 1015 991 906 1006 1043 995 990 1023 1041 1040 1033 1132 1035 1071 1073 1068 1080 1135 1131 1150 1086 1156 1135 1118 1157 1142 1221 1159 1206 1171 1189 1141 1210 1222 1147 1183 1197 1160 1187 1183 1123 1183 1163 1209 1233 1173 1128 1141 1144 1183 1149 1100 1082 1077 1130 1123 1067 1043 1020 1023 1068 1018 1032 1003 1010 995 974 1014 967 936 920 960 463 0 0 0 0 0 0 0 0 0 0 0 0 
0 0 0 0 0 0 0 0 0 0 0 0 491 954 982 971 973 928 986 1016 1049 996 1097 1056 1043 1034 1057 1094 1110 1090 1144 1165 1126 1139 1129 1159 1128 1179 1147 1211 1132 1180 1158 1162 1195 1159 1150 1151 1132 1190 1174 1158 1193 1312 1120 1132 1152 1153 1172 1168 1159 1148 1152 1126 1131 1170 1121 1095 1093 1163 1075 1101 1066 1128 1057 1008 994 1024 1029 997 963 1017 989 938 914 932 968 504 0 0 0 0 0 0 0 0 0 0 0 0 
0 0 0 0 0 0 0 0 0 0 0 0 445 921 932 980 990 1015 1020 996 1072 1021 1019 1082 1069 1071 1120 1110 1092 1095 1129 1111 1088 1228 1126 1238 1154 1126 1147 1103 1166 1191 1213 1168 1232 1151 1224 1181 1145 1226 1195 1168 1170 1146 1186 1248 1109 1181 1208 1149 1137 1123 1133 1128 1163 1154 1127 1117 1127 1144 1091 1127 1068 1103 1050 1036 1084 1053 1015 990 1021 954 973 946 959 899 878 487 0 0 0 0 0 0 0 0 0 0 0 0 
0 0 0 0 0 0 0 0 0 0 0 0 448 961 950 938 1000 1033 1008 1041 1069 1028 1042 1077 1108 1098 1110 1128 1111 1196 1156 1154 1161 1244 1185 1176 1150 1113 1254 1171 1219 1230 1181 1163 1205 1184 1169 1162 1155 1222 1223 1217 1181 1155 1171 1201 1201 1203 1147 1173 1139 1181 1217 1163 1172 1116 1130 1120 1155 1165 1098 1128 1075 1037 1105 1047 1045 1069 1042 999 1045 1007 963 928 935 908 1010 441 0 0 0 0 0 0 0 0 0 0 0 0 
0 0 0 0 0 0 0 0 0 0 0 0 441 966 928 989 1006 1005 1029 1105 996 1042 997 1066 1103 1067 1084 1106 1061 1111 1056 1192 1167 1196 1194 1118 1199 1148 1116 1197 1163 1198 1148 1174 1186 1188 1150 1230 1181 1202 1223 1198 1189 1185 1223 1257 1220 1177 1157 1179 1181 1194 1170 1160 1130 1173 1211 1089 1149 1129 1098 1106 1060 1067 1091 1042 1079 992 1084 1028 1011 1003 982 974 981 968 981 481 0 0 0 0 0 0 0 0 0 0 0 0 
0 0 0 0 0 0 0 0 0 0 0 0 486 954 930 921 1014 998 1010 1056 1064 1022 1094 1114 1076 1115 1078 1121 1124 1111 1162 1151 1125 1164 1062 1161 1222 1114 1116 1189 1218 1157 1228 1178 1214 1218 1222 1206 1161 1200 1181 1205 1260 1146 1163 1256 1154 1197 1167 1182 1148 1170 1242 1174 1191 1173 1147 1183 1152 1109 1144 1130 1110 1113 1060 1020 1107 1053 1010 1009 1069 1034 1054 980 981 963 933 481 0 0 0 0 0 0 0 0 0 0 0 0 
0 0 0 0 0 0 0 0 0 0 0 0 471 927 930 946 1039 989 1024 1036 1065 1048 1074 1111 1116 1122 1120 1090 1168 1089 1183 1196 1183 1123 1160 1144 1205 1118 1196 1208 1266 1179 1175 1228 1218 1240 1210 1215 1180 1209 1155 1172 1156 1177 1203 1186 1172 1244 1278 1211 1160 1195 1152 1223 1180 1190 1116 1129 1140 1130 1122 1086 1132 1164 1095 1088 1081 1032 1046 1037 1030 1073 1025 981 933 966 987 503 0 0 0 0 0 0 0 0 0 0 0 0 
0 0 0 0 0 0 0 0 0 0 0 0 454 975 922 1030 998 993 975 1026 1052 1080 1059 1139 1046 1098 1113 1096 1143 1153 1127 1144 1137 1147 1140 1199 1211 1144 1177 1224 1183 1230 1242 1203 1243 1249 1225 1205 1187 1172 1175 1147 1182 1208 1235 1244 1202 1242 1132 1192 1190 1157 1183 1210 1108 1114 1203 1151 1178 1126 1152 1085 1116 1170 1042 1052 1069 1060 1010 1061 1043 1033 1003 1012 952 912 928 444 0 0 0 0 0 0 0 0 0 0 0 0 
0 0 0 0 0 0 0 0 0 0 0 0 482 886 998 983 989 1036 1036 1040 1025 1015 1059 1135 1044 1099 1120 1132 1074 1103 1131 1201 1132 1184 1209 1270 1177 1163 1214 1240 1225 1227 1172 1218 1173 1213 1242 1215 1224 1184 1215 1258 1207 1255 1224 1296 1168 1182 1210 1221 1114 1142 1221 1165 1217 1082 1203 1200 1121 1135 1130 1144 1118 1097 1009 1086 1109 1030 1038 1138 1084 991 1058 922 1004 972 939 501 0 0 0 0 0 0 0 0 0 0 0 0 
0 0 0 0 0 0 0 0 0 0 0 0 492 967 912 971 1009 986 1003 973 1127 1098 1033 1062 1105 1131 1077 1137 1094 1099 1106 1237 1162 1155 1179 1165 1247 1192 1213 1130 1196 1239 1186 1198 1278 1227 1216 1281 1241 1215 1261 1233 1208 1257 1220 1193 1200 1253 1248 1192 1200 1183 1163 1207 1202 1154 1200 1158 1175 1074 1079 1129 1158 1033 1091 1042 1085 1016 1082 1077 1010 987 1051 1017 936 943 977 488 0 0 0 0 0 0 0 0 0 0 0 0 
0 0 0 0 0 0 0 0 0 0 0 0 544 1031 973 1017 970 1007 935 1042 1084 1106 1074 1023 1102 1104 1152 1179 1202 1139 1125 1176 1159 1138 1174 1237 1160 1192 1196 1187 1222 1179 1276 1231 1241 1181 1227 1230 1233 1230 1283 1212 1188 1209 1227 1197 1209 1234 1192 1199 1179 1234 1172 1198 1173 1165 1139 1162 1138 1105 1199 1065 1102 1138 1101 1127 1145 1142 975 1094 1062 1075 1050 994 994 972 1007 483 0 0 0 0 0 0 0 0 0 0 0 0 
0 0 0 0 0 0 0 0 0 0 0 0 462 999 982 1028 982 1029 998 1079 1031 1047 1048 1131 1109 1110 1115 1143 1129 1137 1122 1205 1161 1201 1161 1142 1159 1189 1239 1226 1217 1199 1276 1186 1246 1279 1235 1247 1207 1251 1186 1284 1315 1234 1277 1216 1215 1226 1187 1245 1150 1203 1204 1194 1194 1172 1161 1141 1109 1117 1163 1109 1099 1097 1112 1103 1129 1040 1052 1113 1034 1018 956 948 928 990 992 489 0 0 0 0 0 0 0 0 0 0 0 0 
0 0 0 0 0 0 0 0 0 0 0 0 482 979 1055 979 976 1044 1034 1081 1033 1159 1111 1113 1067 1120 1144 1123 1122 1203 1146 1185 1178 1190 1115 1207 1201 1213 1220 1230 1154 1246 1181 1185 1193 1330 1196 1310 1215 1240 1210 1193 1185 1246 1240 1199 1194 1272 1135 1217 1167 1168 1189 1197 1180 1136 1191 1140 1134 1245 1104 1142 1173 1186 1160 1129 1133 1028 1040 1074 1013 998 1050 926 950 940 972 491 0 0 0 0 0 0 0 0 0 0 0 0 
0 0 0 0 0 0 0 0 0 0 0 0 458 934 1021 973 1026 1041 1002 1056 1076 993 1109 1096 1104 1112 1100 1101 1065 1134 1116 1202 1190 1142 1198 1187 1221 1181 1164 1196 1254 1259 1230 1260 1266 1225 1210 1199 1206 1247 1174 1234 1249 1247 1290 1225 1244 1217 1233 1182 1187 1184 1237 1137 1185 1192 1181 1142 1122 1117 1127 1122 1123 1083 1085 1099 1143 1055 1099 994 1049 1063 1049 995 1013 997 975 464 0 0 0 0 0 0 0 0 0 0 0 0 
0 0 0 0 0 0 0 0 0 0 0 0 504 992 966 945 1001 963 1004 1084 1088 1038 1076 1069 1097 1145 1106 1167 1146 1197 1150 1095 1187 1176 1196 1166 1203 1232 1166 1193 1200 1260 1134 1248 1282 1194 1222 1250 1233 1237 1169 1204 1227 1257 1255 1192 1242 1230 1265 1237 1274 1218 1182 1216 1169 1204 1167 1119 1203 1157 1121 1148 1082 1116 1111 1090 1068 1119 1068 1035 1012 994 1020 941 1008 959 1010 489 0 0 0 0 0 0 0 0 0 0 0 0 
0 0 0 0 0 0 0 0 0 0 0 0 524 945 1034 983 979 993 1059 1034 1049 1022 1125 1089 1105 1114 1152 1153 1148 1114 1228 1170 1139 1109 1248 1170 1242 1177 1191 1268 1199 1264 1227 1292 1186 1224 1258 1223 1209 1236 1197 1280 1202 1207 1250 1178 1190 1161 1161 1176 1197 1242 1247 1161 1205 1188 1127 1202 1174 1176 1126 1092 1209 1018 1123 1061 1059 1025 1027 1024 1084 1024 994 949 977 962 941 504 0 0 0 0 0 0 0 0 0 0 0 0 
0 0 0 0 0 0 0 0 0 0 0 0 520 938 988 1002 1015 998 1060 1008 1090 1063 1161 1105 1115 1121 1139 1153 1129 1190 1156 1134 1164 1267 1247 1244 1200 1224 1232 1205 1297 1202 1201 1215 1287 1284 1247 1247 1287 1227 1178 1252 1254 1206 1186 1221 1284 1192 1181 1206 1157 1255 1269 1197 1219 1189 1183 1147 1134 1127 1171 1081 1141 1186 1123 1057 1060 1021 1020 1071 1048 1032 1019 1000 1042 997 1018 482 0 0 0 0 0 0 0 0 0 0 0 0 
0 0 0 0 0 0 0 0 0 0 0 0 509 962 973 963 1010 1051 1019 1047 1060 1033 1057 1136 1066 1108 1170 1170 1076 1178 1141 1215 1181 1229 1245 1202 1250 1200 1250 1232 1237 1232 1211 1331 1203 1176 1206 1228 1239 1249 1263 1239 1220 1248 1253 1253 1268 1181 1205 1203 1221 1236 1218 1240 1225 1204 1184 1155 1149 1183 1170 1085 1100 1092 1036 1034 1049 1083 1125 1038 1023 1026 960 990 1032 955 968 483 0 0 0 0 0 0 0 0 0 0 0 0 
0 0 0 0 0 0 0 0 0 0 0 0 512 982 1008 1009 1061 1018 996 1055 1062 1091 1072 1026 1096 1123 1130 1135 1142 1205 1121 1141 1198 1212 1146 1271 1192 1203 1215 1242 1168 1214 1206 1166 1227 1237 1276 1257 1211 1262 1267 1195 1231 1239 1311 1177 1199 1134 1185 1191 1184 1242 1186 1154 1148 1208 1143 1146 1147 1130 1178 1120 1134 1138 1113 1089 1114 1093 1088 1067 1014 1033 1056 984 993 1010 954 494 0 0 0 0 0 0 0 0 0 0 0 0 
0 0 0 0 0 0 0 0 0 0 0 0 506 964 997 1012 1068 1000 1018 1063 1078 1121 1101 1093 1126 1119 1100 1141 1158 1122 1178 1218 1231 1136 1178 1113 1201 1231 1228 1257 1134 1184 1274 1173 1189 1206 1267 1279 1247 1284 1208 1235 1274 1204 1277 1201 1200 1260 1155 1189 1188 1182 1220 1210 1145 1162 1173 1173 1176 1171 1076 1110 1124 1138 1078 1135 1098 1060 1054 1164 1039 1023 957 1006 1015 1042 955 467 0 0 0 0 0 0 0 0 0 0 0 0 
0 0 0 0 0 0 0 0 0 0 0 0 494 977 1010 1068 945 978 1040 1052 1077 1137 1108 1108 1157 1081 1103 1098 1162 1239 1101 1160 1132 1185 1153 1182 1158 1234 1199 1269 1221 1282 1276 1290 1227 1253 1284 1194 1243 1269 1315 1279 1182 1208 1185 1184 1220 1193 1178 1209 1226 1184 1218 1185 1205 1168 1207 1179 1195 1123 1113 1101 1129 1086 1109 1151 1101 1052 1033 1064 1073 1094 997 1019 995 1000 949 511 0 0 0 0 0 0 0 0 0 0 0 0 
0 0 0 0 0 0 0 0 0 0 0 0 514 948 1006 945 1030 1024 1099 1053 1076 1039 1131 1086 1122 1131 1089 1156 1129 1134 1204 1218 1175 1189 1199 1207 1253 1150 1192 1248 1228 1221 1191 1264 1235 1247 1231 1180 1272 1270 1335 1280 1262 1220 1215 1236 1301 1273 1227 1233 1256 1174 1204 1196 1160 1221 1183 1127 1145 1153 1142 1149 1107 1141 1104 1056 1069 1016 1065 1046 1028 1045 1047 1014 994 973 978 499 0 0 0 0 0 0 0 0 0 0 0 0 
0 0 0 0 0 0 0 0 0 0 0 0 459 997 1065 1030 973 998 1075 1068 1067 1065 1165 1084 1090 1158 1145 1123 1144 1160 1173 1208 1141 1162 1230 1234 1254 1215 1229 1199 1222 1176 1232 1234 1272 1222 1241 1219 1183 1287 1262 1220 1221 1236 1207 1222 1273 1265 1203 1233 1209 1216 1186 1179 1190 1180 1165 1173 1174 1184 1114 1146 1170 1101 1162 1088 1034 986 1083 1031 1068 1004 1000 1013 998 1029 1000 461 0 0 0 0 0 0 0 0 0 0 0 0 
0 0 0 0 0 0 0 0 0 0 0 0 513 999 989 956 1008 1059 1020 1087 1069 1096 989 1122 1148 1102 1111 1246 1148 1168 1087 1215 1179 1201 1214 1258 1147 1237 1237 1184 1162 1253 1210 1184 1269 1270 1271 1271 1328 1173 1271 1233 1256 1174 1250 1165 1248 1242 1216 1232 1220 1278 1222 1159 1128 1217 1185 1267 1203 1179 1108 1186 1127 1189 1108 1094 1119 1066 1087 1006 1040 1061 1100 1017 1002 989 1009 492 0 0 0 0 0 0 0 0 0 0 0 0 
0 0 0 0 0 0 0 0 0 0 0 0 472 942 1031 1012 1045 1066 1057 1111 1061 1125 1136 1115 1061 1208 1155 1139 1143 1203 1193 1146 1195 1199 1261 1255 1219 1301 1240 1218 1181 1230 1237 1257 1168 1286 1259 1232 1234 1258 1232 1190 1201 1284 1199 1213 1272 1256 1165 1258 1169 1211 1235 1208 1194 1229 1213 1135 1198 1155 1100 1160 1182 1148 1043 1072 1090 1084 1060 1109 1037 994 1051 996 997 1059 947 490 0 0 0 0 0 0 0 0 0 0 0 0 
0 0 0 0 0 0 0 0 0 0 0 0 463 973 929 1011 996 1027 1083 1069 1018 1042 1081 1091 1168 1131 1147 1201 1091 1165 1116 1178 1171 1266 1208 1141 1178 1158 1220 1242 1282 1220 1262 1258 1260 1251 1221 1242 1242 1224 1225 1304 1246 1236 1241 1228 1291 1222 1214 1258 1189 1200 1233 1179 1225 1186 1183 1149 1143 1135 1213 1126 1087 1061 1130 1113 1021 1020 1066 1097 1064 993 983 956 976 988 952 470 0 0 0 0 0 0 0 0 0 0 0 0 
0 0 0 0 0 0 0 0 0 0 0 0 534 1016 983 1004 1005 1037 961 1051 1068 1069 1030 1164 1191 1120 1151 1127 1156 1167 1129 1111 1152 1189 1165 1172 1237 1258 1246 1213 1277 1256 1230 1229 1227 1218 1259 1231 1261 1245 1262 1144 1264 1238 1258 1247 1190 1181 1223 1185 1198 1196 1215 1169 1205 1152 1220 1146 1171 1214 1157 1162 1089 1153 1082 1094 1092 1106 1047 1047 1083 1011 1057 1034 1020 993 979 486 0 0 0 0 0 0 0 0 0 0 0 0 
0 0 0 0 0 0 0 0 0 0 0 0 479 1009 960 995 1043 998 1082 996 1034 1080 1066 1092 1105 1178 1094 1126 1139 1143 1195 1151 1184 1150 1183 1197 1207 1204 1273 1215 1240 1230 1302 1210 1231 1239 1255 1279 1254 1246 1185 1243 1172 1247 1146 1210 1259 1238 1224 1190 1207 1272 1207 1220 1229 1156 1158 1184 1145 1142 1188 1115 1091 1140 1136 1096 1170 1074 1039 1045 1060 1073 1030 1004 952 1001 972 512 0 0 0 0 0 0 0 0 0 0 0 0 
0 0 0 0 0 0 0 0 0 0 0 0 518 949 1015 976 1038 1012 982 1094 1051 1079 1066 1029 1139 1068 1090 1125 1119 1156 1125 1225 1200 1174 1194 1160 1215 1227 1172 1204 1222 1238 1244 1156 1222 1259 1261 1216 1242 1260 1232 1264 1189 1268 1195 1265 1197 1225 1231 1170 1231 1245 1193 1157 1229 1177 1219 1130 1191 1116 1148 1158 1172 1129 1088 1064 1061 1040 1033 1111 1036 1087 1072 989 955 967 1000 488 0 0 0 0 0 0 0 0 0 0 0 0 
0 0 0 0 0 0 0 0 0 0 0 0 529 954 1066 988 976 1066 947 999 1060 1092 1040 1083 1098 1131 1133 1173 1173 1153 1243 1182 1230 1164 1194 1216 1230 1181 1255 1238 1231 1210 1217 1240 1217 1237 1212 1234 1233 1230 1185 1240 1250 1188 1295 1276 1285 1219 1208 1231 1218 1219 1214 1241 1151 1186 1138 1217 1161 1227 1164 1095 1069 1103 1150 1075 1091 1100 1028 1107 1052 1021 983 994 998 971 1022 486 0 0 0 0 0 0 0 0 0 0 0 0 
0 0 0 0 0 0 0 0 0 0 0 0 501 995 1018 990 1012 1008 1016 991 1064 1077 1161 1007 1092 1034 1117 1145 1133 1148 1095 1239 1229 1160 1195 1175 1167 1215 1166 1279 1176 1193 1263 1167 1235 1288 1199 1238 1215 1300 1232 1231 1288 1244 1229 1258 1257 1215 1169 1216 1195 1180 1155 1171 1125 1191 1163 1201 1120 1075 1193 1147 1128 1085 1101 1075 1101 1029 1044 1041 1011 1006 1008 1038 1000 999 916 486 0 0 0 0 0 0 0 0 0 0 0 0 
0 0 0 0 0 0 0 0 0 0 0 0 482 1006 963 1004 936 977 1034 1105 1068 1097 1110 1089 1070 1078 1106 1059 1174 1147 1159 1200 1143 1168 1183 1194 1192 1255 1220 1218 1258 1235 1207 1199 1201 1257 1237 1232 1271 1210 1203 1210 1267 1258 1213 1243 1252 1285 1269 1220 1289 1172 1213 1175 1192 1220 1165 1165 1121 1165 1106 1137 1090 1139 1101 1144 1085 1070 1057 1079 1017 1037 970 1020 953 935 935 491 0 0 0 0 0 0 0 0 0 0 0 0 
0 0 0 0 0 0 0 0 0 0 0 0 462 914 916 999 1014 1001 1003 1076 1086 1063 1077 1059 1086 1112 1136 1144 1138 1136 1174 1175 1186 1162 1164 1115 1194 1256 1243 1197 1237 1219 1252 1293 1238 1237 1277 1290 1227 1252 1242 1261 1232 1184 1251 1252 1221 1249 1218 1281 1186 1200 1185 1251 1205 1233 1133 1181 1192 1140 1095 1069 1093 1124 1115 1168 1082 1020 1031 1072 1105 1052 994 956 1010 948 971 471 0 0 0 0 0 0 0 0 0 0 0 0 
0 0 0 0 0 0 0 0 0 0 0 0 438 952 955 986 1046 1005 1040 1059 1087 1063 1074 1072 1130 1149 1100 1103 1141 1138 1152 1178 1157 1216 1142 1145 1236 1228 1176 1259 1170 1174 1260 1233 1242 1226 1206 1213 1259 1230 1211 1218 1239 1156 1161 1215 1210 1235 1278 1138 1162 1175 1163 1180 1169 1194 1139 1169 1179 1212 1176 1162 1081 1051 1055 1092 1063 1074 1083 1051 972 1042 1023 986 1019 990 953 488 0 0 0 0 0 0 0 0 0 0 0 0 
0 0 0 0 0 0 0 0 0 0 0 0 449 915 951 998 1046 1014 982 1042 1054 1077 1095 1076 1106 1068 1082 1101 1105 1115 1141 1146 1148 1108 1157 1154 1139 1191 1201 1239 1251 1206 1198 1213 1222 1205 1182 1229 1290 1208 1215 1169 1223 1228 1231 1232 1173 1220 1123 1204 1207 1208 1246 1194 1112 1157 1175 1170 1256 1158 1102 1169 1063 1078 1098 1085 1075 1068 1074 1065 985 1021 965 1018 940 939 907 462 0 0 0 0 0 0 0 0 0 0 0 0 
0 0 0 0 0 0 0 0 0 0 0 0 461 931 949 973 1012 1055 991 1030 1085 1072 1036 1047 1079 1106 1087 1133 1162 1153 1122 1199 1200 1124 1182 1203 1170 1179 1224 1231 1164 1231 1220 1233 1250 1185 1201 1143 1307 1258 1227 1211 1282 1190 1259 1281 1219 1231 1277 1163 1186 1184 1203 1213 1154 1188 1108 1096 1171 1143 1094 1149 1101 1158 1122 1064 1054 1030 1095 1050 991 1011 971 980 995 986 1017 513 0 0 0 0 0 0 0 0 0 0 0 0 
0 0 0 0 0 0 0 0 0 0 0 0 482 999 947 956 971 1053 975 1024 1035 1045 1074 1085 1132 1073 1103 1154 1154 1148 1171 1160 1143 1112 1172 1126 1164 1189 1233 1154 1184 1188 1278 1223 1178 1199 1155 1244 1166 1230 1206 1190 1227 1233 1140 1195 1174 1257 1209 1170 1207 1162 1234 1190 1192 1159 1181 1158 1138 1136 1156 1105 1105 1126 1077 1049 1050 1053 1062 1029 1024 1008 1062 984 986 989 995 490 0 0 0 0 0 0 0 0 0 0 0 0 
0 0 0 0 0 0 0 0 0 0 0 0 488 909 949 1023 1007 987 972 1018 1104 1070 1027 1118 1084 1056 1091 1086 1171 1109 1092 1131 1139 1164 1169 1197 1151 1164 1208 1232 1261 1273 1187 1203 1185 1256 1199 1226 1253 1183 1180 1227 1147 1185 1148 1270 1198 1229 1136 1184 1157 1156 1178 1242 1215 1161 1113 1138 1166 1161 1088 1092 1163 1043 1075 1053 1028 1062 1038 992 1062 944 965 994 968 963 877 464 0 0 0 0 0 0 0 0 0 0 0 0 
0 0 0 0 0 0 0 0 0 0 0 0 500 1003 980 960 912 977 995 1006 1029 1066 1046 1043 1073 1062 1117 1149 1101 1111 1159 1183 1198 1116 1184 1170 1174 1125 1193 1123 1218 1166 1223 1216 1232 1144 1161 1216 1197 1197 1185 1226 1181 1206 1266 1268 1170 1223 1134 1185 1196 1138 1163 1214 1139 1158 1158 1117 1124 1108 1094 1108 1094 1115 1039 1083 1047 1074 980 992 1076 975 1062 967 944 984 932 476 0 0 0 0 0 0 0 0 0 0 0 0 
0 0 0 0 0 0 0 0 0 0 0 0 500 936 979 951 997 982 980 1031 1128 1039 1053 1053 1096 1148 1107 1176 1184 1079 1158 1135 1134 1120 1130 1227 1138 1120 1175 1188 1212 1200 1155 1217 1247 1219 1263 1194 1162 1194 1170 1196 1191 1193 1201 1147 1138 1195 1110 1224 1211 1147 1132 1172 1134 1192 1170 1112 1134 1131 1178 1114 1098 1116 1138 1088 1045 1064 1058 1067 1012 1037 981 983 976 926 963 471 0 0 0 0 0 0 0 0 0 0 0 0 
0 0 0 0 0 0 0 0 0 0 0 0 496 939 986 1000 1030 1020 1012 1029 1065 1017 1087 1079 1053 1037 1118 1089 1094 1134 1167 1185 1129 1053 1157 1147 1171 1173 1161 1123 1205 1161 1187 1177 1257 1237 1174 1201 1209 1181 1194 1242 1249 1187 1181 1224 1218 1190 1238 1157 1201 1170 1158 1100 1197 1129 1146 1137 1096 1124 1127 1084 1108 1046 1089 1090 1063 1045 1051 970 1021 1040 1012 1004 943 932 953 488 0 0 0 0 0 0 0 0 0 0 0 0 
0 0 0 0 0 0 0 0 0 0 0 0 447 931 918 937 902 934 1033 1032 1016 1017 1038 1072 1098 1092 1038 1130 1089 1122 1191 1169 1117 1106 1165 1122 1140 1156 1162 1196 1169 1215 1240 1185 1160 1202 1161 1160 1177 1172 1172 1183 1206 1175 1198 1129 1120 1220 1162 1128 1209 1149 1215 1113 1195 1149 1176 1132 1095 1099 1093 1050 1050 1104 1118 1067 1055 1010 990 997 1018 994 942 953 945 933 961 400 0 0 0 0 0 0 0 0 0 0 0 0 
0 0 0 0 0 0 0 0 0 0 0 0 475 950 922 920 994 986 978 1009 1042 1013 1046 1049 1069 1012 1023 1135 1087 1149 1148 1153 1099 1195 1071 1149 1180 1121 1157 1174 1097 1176 1168 1146 1177 1203 1138 1207 1211 1239 1147 1145 1224 1179 1192 1178 1160 1104 1123 1112 1199 1159 1143 1133 1157 1083 1065 1117 1105 1118 1126 1090 1159 1125 1020 1055 1052 968 970 1053 1000 1005 952 981 953 941 871 423 0 0 0 0 0 0 0 0 0 0 0 0 
0 0 0 0 0 0 0 0 0 0 0 0 465 891 890 970 1009 982 977 944 1026 963 1021 1073 1127 1077 1051 1066 1094 1072 1088 1075 1072 1123 1132 1122 1184 1170 1142 1152 1123 1184 1101 1163 1144 1166 1199 1201 1167 1190 1224 1182 1223 1199 1178 1166 1197 1258 1191 1142 1101 1190 1128 1103 1093 1104 1105 1073 1077 1114 1135 1036 1097 1062 1046 1044 1098 1022 965 1017 962 1044 911 971 973 907 959 457 0 0 0 0 0 0 0 0 0 0 0 0 
0 0 0 0 0 0 0 0 0 0 0 0 480 950 925 997 997 995 1009 1006 1063 1008 1032 1032 1074 1082 1033 1104 1112 1067 1141 1103 1149 1027 1140 1147 1128 1102 1191 1185 1192 1138 1172 1200 1188 1192 1192 1201 1184 1114 1167 1185 1174 1155 1155 1195 1192 1172 1119 1173 1148 1136 1153 1082 1178 1145 1127 1117 1119 1110 1123 1085 1039 1050 1079 1015 956 971 1041 1009 961 922 949 959 990 900 958 467 0 0 0 0 0 0 0 0 0 0 0 0 
0 0 0 0 0 0 0 0 0 0 0 0 497 925 948 962 961 998 1006 994 1004 980 1008 1026 1052 1039 1079 1044 1032 1077 1125 1121 1101 1164 1105 1198 1074 1074 1143 1182 1208 1127 1182 1103 1204 1160 1211 1147 1207 1152 1152 1219 1205 1121 1159 1110 1146 1111 1154 1146 1092 1158 1073 1165 1095 1150 1169 1138 1143 1143 1099 1051 1057 1088 1013 1035 1012 1012 1057 985 943 925 954 925 926 898 910 457 0 0 0 0 0 0 0 0 0 0 0 0 
0 0 0 0 0 0 0 0 0 0 0 0 452 934 896 892 928 1008 958 1035 981 978 1074 1032 1104 1033 1132 1100 1056 1136 1054 1102 1130 1081 1110 1110 1100 1192 1165 1142 1132 1149 1108 1195 1147 1108 1173 1220 1134 1090 1152 1122 1062 1180 1182 1163 1110 1196 1211 1145 1137 1110 1089 1133 1088 1077 1056 1078 1030 1085 1051 1075 1026 1032 973 1051 1031 987 962 995 1008 941 993 909 937 950 896 425 0 0 0 0 0 0 0 0 0 0 0 0 
0 0 0 0 0 0 0 0 0 0 0 0 483 926 901 953 966 907 962 988 982 1006 1026 1052 1030 992 1082 1101 1085 1066 1100 1080 1134 1086 1089 1086 1109 1110 1054 1097 1149 1179 1167 1195 1182 1179 1206 1172 1203 1197 1167 1158 1154 1133 1181 1126 1181 1139 1176 1138 1101 1126 1126 1146 1101 1128 1076 1016 1149 1075 1066 1014 1060 1043 1030 971 1001 1014 932 1024 1002 994 964 893 932 933 824 483 0 0 0 0 0 0 0 0 0 0 0 0 
0 0 0 0 0 0 0 0 0 0 0 0 483 894 918 886 967 945 1006 1016 978 972 1022 1038 1064 1094 1021 1105 1063 1052 1002 1120 1125 1118 1096 1161 1096 1084 1187 1073 1067 1077 1152 1144 1133 1127 1076 1140 1146 1150 1135 1173 1150 1189 1188 1111 1154 1133 1181 1093 1157 1113 1161 1074 1100 1029 1074 1083 1045 1126 1066 1077 1047 1030 1019 970 988 1001 926 981 1045 960 961 942 955 932 920 466 0 0 0 0 0 0 0 0 0 0 0 0 
0 0 0 0 0 0 0 0 0 0 0 0 449 947 930 983 963 964 939 972 952 999 966 1026 1008 1006 1014 1062 1034 1050 1068 1059 1097 1066 1086 1105 1089 1082 1125 1142 1145 1186 1168 1155 1174 1089 1158 1132 1135 1139 1181 1124 1116 1139 1113 1162 1106 1123 1128 1146 1124 1106 1105 1131 1097 1076 1046 1050 1060 1063 1085 1036 1026 980 988 992 991 993 975 999 978 919 964 919 938 942 910 456 0 0 0 0 0 0 0 0 0 0 0 0 
0 0 0 0 0 0 0 0 0 0 0 0 441 950 908 885 959 915 942 916 986 982 958 953 1020 1044 1058 1062 1064 1072 1078 1105 1007 1095 1143 1069 1131 1092 1162 1135 1090 1115 1133 1137 1066 1211 1104 1135 1109 1081 1086 1088 1136 1179 1141 1138 1144 1062 1166 1116 1092 1092 1068 1069 1053 1087 1070 1107 1038 1040 1051 1013 972 1076 1024 944 950 970 935 898 945 923 892 923 916 893 919 419 0 0 0 0 0 0 0 0 0 0 0 0 
0 0 0 0 0 0 0 0 0 0 0 0 454 879 909 953 900 973 923 946 991 966 1001 1000 1002 1010 1012 1053 1052 995 1069 1045 1067 1089 1078 1082 1108 1068 1136 1108 1203 1135 1178 1120 1128 1127 1120 1099 1148 1122 1113 1160 1105 1181 1155 1098 1154 1102 1118 1133 1165 1096 1148 1149 1096 1096 1148 1052 1117 985 1084 1024 981 1044 944 1039 951 978 904 958 944 912 990 915 915 936 895 464 0 0 0 0 0 0 0 0 0 0 0 0 
0 0 0 0 0 0 0 0 0 0 0 0 425 842 892 880 891 900 924 894 907 971 985 993 1029 1017 1017 1041 1058 1056 1025 1103 1080 1090 1092 1091 1080 1124 1090 1108 1107 1093 1132 1105 1094 1139 1088 1083 1081 1111 1135 1147 1158 1114 1137 1081 1147 1091 1103 1196 1109 1069 1068 1080 1111 1056 1095 1070 1093 995 1040 1064 1015 1009 1046 997 982 1042 954 974 917 964 913 939 869 877 894 427 0 0 0 0 0 0 0 0 0 0 0 0 
0 0 0 0 0 0 0 0 0 0 0 0 455 866 882 899 910 922 955 904 922 883 953 991 968 1001 1018 1058 986 1086 1072 1026 1058 1080 1044 1115 1090 1086 1064 1035 1090 1059 1099 1160 1075 1131 1185 1102 1080 1122 1094 1104 1090 1081 1098 1123 1112 1072 1077 1150 1144 1047 1025 1061 1124 1016 1012 1100 1019 992 1031 1040 1040 996 1037 1008 955 957 996 875 971 939 950 930 907 867 823 457 0 0 0 0 0 0 0 0 0 0 0 0 
0 0 0 0 0 0 0 0 0 0 0 0 437 877 882 933 873 940 981 960 945 1018 1012 941 970 942 968 1025 998 1093 1050 1020 1022 1049 1084 1019 1022 1133 1042 1142 1080 1126 1124 1097 1077 1130 1059 1097 1063 1155 1118 1118 1112 1110 1116 1131 1103 1079 1068 1129 1079 1032 1035 1016 1053 1030 1056 1011 1092 1033 985 1021 1003 983 960 976 983 1006 908 915 915 938 905 898 883 870 815 464 0 0 0 0 0 0 0 0 0 0 0 0 
0 0 0 0 0 0 0 0 0 0 0 0 426 839 804 880 931 930 912 978 923 969 934 978 937 964 997 937 1037 1061 1049 988 1049 1070 1029 1034 1073 1070 1052 1066 1068 1085 1105 1095 1106 1084 1128 1052 1130 1030 1095 1037 1066 1092 1039 1043 1134 1076 1122 1042 1066 1034 1092 1066 1044 1031 990 1042 1018 1035 1006 1020 1004 989 999 971 933 939 948 961 938 959 934 871 862 925 864 419 0 0 0 0 0 0 0 0 0 0 0 0 
0 0 0 0 0 0 0 0 0 0 0 0 473 880 901 875 853 923 904 903 934 932 951 964 944 967 1024 926 1000 1000 1056 1000 1026 1107 1000 1033 1044 1082 1065 1058 1057 1062 1034 1088 1069 1000 1129 1120 1089 1085 1046 1092 1070 1067 1119 1080 1042 1103 1160 1059 1109 1047 1070 1034 1041 1075 1033 1018 1044 1039 989 1017 987 957 1006 960 953 924 921 910 922 906 893 850 858 892 795 432 0 0 0 0 0 0 0 0 0 0 0 0 
0 0 0 0 0 0 0 0 0 0 0 0 425 849 838 833 855 899 915 937 956 908 956 886 997 952 993 1014 1012 1013 982 1025 1051 975 1018 1017 1101 1076 1061 993 1058 1114 1105 1053 1079 1019 1033 1009 1085 1060 995 1071 1043 1051 1017 1083 1066 1075 1000 1044 1045 1117 1070 1053 1031 1051 1020 991 1020 981 1000 1021 957 979 967 938 946 906 890 938 952 945 863 838 831 840 853 402 0 0 0 0 0 0 0 0 0 0 0 0 
0 0 0 0 0 0 0 0 0 0 0 0 393 883 838 870 865 852 880 890 951 918 962 920 914 978 920 991 1041 989 1000 992 1007 1072 1023 1057 987 1013 1058 1103 1059 1065 1084 1085 1068 1065 1099 1118 1126 1149 1084 1087 1124 1043 1104 1065 1129 1038 1038 1064 1062 1014 1017 1024 1039 1017 1029 983 998 964 1003 951 982 976 967 1013 906 973 951 907 908 860 889 888 891 866 839 416 0 0 0 0 0 0 0 0 0 0 0 0 
0 0 0 0 0 0 0 0 0 0 0 0 216 398 420 449 412 386 466 435 453 441 463 493 444 444 470 516 465 495 509 530 529 504 492 486 547 504 522 541 502 548 534 536 527 531 534 496 554 553 522 544 529 495 481 501 512 539 486 531 514 522 534 483 523 489 546 519 532 473 495 451 449 468 454 461 468 458 449 417 466 448 445 430 436 410 414 235 0 0 0 0 0 0 0 0 0 0 0 0 
0 0 0 0 0 0 0 0 0 0 0 0 0 0 0 0 0 0 0 0 0 0 0 0 0 0 0 0 0 0 0 0 0 0 0 0 0 0 0 0 0 0 0 0 0 0 0 0 0 0 0 0 0 0 0 0 0 0 0 0 0 0 0 0 0 0 0 0 0 0 0 0 0 0 0 0 0 0 0 0 0 0 0 0 0 0 0 0 0 0 0 0 0 0 0 0 0 0 0 0 
0 0 0 0 0 0 0 0 0 0 0 0 0 0 0 0 0 0 0 0 0 0 0 0 0 0 0 0 0 0 0 0 0 0 0 0 0 0 0 0 0 0 0 0 0 0 0 0 0 0 0 0 0 0 0 0 0 0 0 0 0 0 0 0 0 0 0 0 0 0 0 0 0 0 0 0 0 0 0 0 0 0 0 0 0 0 0 0 0 0 0 0 0 0 0 0 0 0 0 0 
0 0 0 0 0 0 0 0 0 0 0 0 0 0 0 0 0 0 0 0 0 0 0 0 0 0 0 0 0 0 0 0 0 0 0 0 0 0 0 0 0 0 0 0 0 0 0 0 0 0 0 0 0 0 0 0 0 0 0 0 0 0 0 0 0 0 0 0 0 0 0 0 0 0 0 0 0 0 0 0 0 0 0 0 0 0 0 0 0 0 0 0 0 0 0 0 0 0 0 0 
0 0 0 0 0 0 0 0 0 0 0 0 0 0 0 0 0 0 0 0 0 0 0 0 0 0 0 0 0 0 0 0 0 0 0 0 0 0 0 0 0 0 0 0 0 0 0 0 0 0 0 0 0 0 0 0 0 0 0 0 0 0 0 0 0 0 0 0 0 0 0 0 0 0 0 0 0 0 0 0 0 0 0 0 0 0 0 0 0 0 0 0 0 0 0 0 0 0 0 0 
0 0 0 0 0 0 0 0 0 0 0 0 0 0 0 0 0 0 0 0 0 0 0 0 0 0 0 0 0 0 0 0 0 0 0 0 0 0 0 0 0 0 0 0 0 0 0 0 0 0 0 0 0 0 0 0 0 0 0 0 0 0 0 0 0 0 0 0 0 0 0 0 0 0 0 0 0 0 0 0 0 0 0 0 0 0 0 0 0 0 0 0 0 0 0 0 0 0 0 0 
0 0 0 0 0 0 0 0 0 0 0 0 0 0 0 0 0 0 0 0 0 0 0 0 0 0 0 0 0 0 0 0 0 0 0 0 0 0 0 0 0 0 0 0 0 0 0 0 0 0 0 0 0 0 0 0 0 0 0 0 0 0 0 0 0 0 0 0 0 0 0 0 0 0 0 0 0 0 0 0 0 0 0 0 0 0 0 0 0 0 0 0 0 0 0 0 0 0 0 0 
0 0 0 0 0 0 0 0 0 0 0 0 0 0 0 0 0 0 0 0 0 0 0 0 0 0 0 0 0 0 0 0 0 0 0 0 0 0 0 0 0 0 0 0 0 0 0 0 0 0 0 0 0 0 0 0 0 0 0 0 0 0 0 0 0 0 0 0 0 0 0 0 0 0 0 0 0 0 0 0 0 0 0 0 0 0 0 0 0 0 0 0 0 0 0 0 0 0 0 0 
0 0 0 0 0 0 0 0 0 0 0 0 0 0 0 0 0 0 0 0 0 0 0 0 0 0 0 0 0 0 0 0 0 0 0 0 0 0 0 0 0 0 0 0 0 0 0 0 0 0 0 0 0 0 0 0 0 0 0 0 0 0 0 0 0 0 0 0 0 0 0 0 0 0 0 0 0 0 0 0 0 0 0 0 0 0 0 0 0 0 0 0 0 0 0 0 0 0 0 0 
0 0 0 0 0 0 0 0 0 0 0 0 0 0 0 0 0 0 0 0 0 0 0 0 0 0 0 0 0 0 0 0 0 0 0 0 0 0 0 0 0 0 0 0 0 0 0 0 0 0 0 0 0 0 0 0 0 0 0 0 0 0 0 0 0 0 0 0 0 0 0 0 0 0 0 0 0 0 0 0 0 0 0 0 0 0 0 0 0 0 0 0 0 0 0 0 0 0 0 0 
0 0 0 0 0 0 0 0 0 0 0 0 0 0 0 0 0 0 0 0 0 0 0 0 0 0 0 0 0 0 0 0 0 0 0 0 0 0 0 0 0 0 0 0 0 0 0 0 0 0 0 0 0 0 0 0 0 0 0 0 0 0 0 0 0 0 0 0 0 0 0 0 0 0 0 0 0 0 0 0 0 0 0 0 0 0 0 0 0 0 0 0 0 0 0 0 0 0 0 0 
0 0 0 0 0 0 0 0 0 0 0 0 0 0 0 0 0 0 0 0 0 0 0 0 0 0 0 0 0 0 0 0 0 0 0 0 0 0 0 0 0 0 0 0 0 0 0 0 0 0 0 0 0 0 0 0 0 0 0 0 0 0 0 0 0 0 0 0 0 0 0 0 0 0 0 0 0 0 0 0 0 0 0 0 0 0 0 0 0 0 0 0 0 0 0 0 0 0 0 0 
0 0 0 0 0 0 0 0 0 0 0 0 0 0 0 0 0 0 0 0 0 0 0 0 0 0 0 0 0 0 0 0 0 0 0 0 0 0 0 0 0 0 0 0 0 0 0 0 0 0 0 0 0 0 0 0 0 0 0 0 0 0 0 0 0 0 0 0 0 0 0 0 0 0 0 0 0 0 0 0 0 0 0 0 0 0 0 0 0 0 0 0 0 0 0 0 0 0 0 0 
